Before erosion ID,Initial X,Initial Y,Initial Z,Initial connectivity,Before erosion ID,Erosion state,Encoded erosion state,,Z location Half,Z location 0.22,Z location 0.23,Z location 0.24,Z location 0.25,Force X,Force Y,Force Z,Sum of contact force (vector),Sum force by connectivity,3 connectivity,,4Connectivity,5Connectivity,2Connectivity,1Connectivity,0Connectivity
7,1.62E-01,5.61E-02,2.55E-01,3,7,Not eroded,0,0,1,1,1,1,1,1.09E-07,-8.72E-07,-1.01E-06,1.34E-06,4.45E-07,1,2.40E-03,1,1,0,0,0
13,1.36E-01,8.44E-02,3.28E-01,0,13,ERODED,1,1,1,1,1,1,1,0,0.00E+00,0.00E+00,0,0,1,0.00E+00,1,1,1,1,1
15,1.31E-01,9.07E-02,2.48E-01,3,15,Not eroded,0,0,1,1,1,1,0,1.65E-07,2.63E-07,-1.75E-07,3.57E-07,1.19E-07,1,6.39E-04,1,1,0,0,0
23,2.86E-01,8.92E-02,3.09E-01,0,23,ERODED,1,1,1,1,1,1,1,0,0.00E+00,0.00E+00,0,0,1,0.00E+00,1,1,1,1,1
25,1.59E-01,1.71E-01,2.43E-01,4,25,Not eroded,0,0,1,1,1,1,0,-2.00E-08,6.53E-07,1.08E-06,1.26E-06,3.15E-07,0,2.25E-03,1,1,0,0,0
29,2.00E-01,1.64E-01,3.32E-01,0,29,ERODED,1,1,1,1,1,1,1,0,0.00E+00,0.00E+00,0,0,1,0.00E+00,1,1,1,1,1
39,2.29E-01,1.06E-01,2.78E-01,0,39,ERODED,1,1,1,1,1,1,1,0,0.00E+00,0.00E+00,0,0,1,0.00E+00,1,1,1,1,1
41,1.99E-01,3.04E-01,2.72E-01,4,41,Not eroded,0,0,1,1,1,1,1,-5.16E-08,1.57E-07,7.16E-07,7.35E-07,1.84E-07,0,1.31E-03,1,1,0,0,0
45,1.09E-01,6.70E-02,2.49E-01,3,45,Not eroded,0,0,1,1,1,1,0,2.96E-07,6.48E-08,-1.92E-08,3.03E-07,1.01E-07,1,5.42E-04,1,1,0,0,0
46,2.50E-01,2.83E-01,2.48E-01,0,46,Not eroded,0,0,1,1,1,1,0,0,0.00E+00,0.00E+00,0,0,1,0.00E+00,1,1,1,1,1
47,9.86E-02,1.99E-01,3.25E-01,0,47,ERODED,1,1,1,1,1,1,1,0,0.00E+00,0.00E+00,0,0,1,0.00E+00,1,1,1,1,1
49,1.40E-01,2.35E-01,2.90E-01,3,49,Not eroded,0,0,1,1,1,1,1,4.86E-07,2.85E-07,4.68E-07,7.32E-07,2.44E-07,1,1.31E-03,1,1,0,0,0
56,2.78E-01,2.51E-01,2.85E-01,3,56,Not eroded,0,0,1,1,1,1,1,1.83E-06,3.49E-05,-1.47E-06,3.50E-05,1.17E-05,1,6.26E-02,1,1,0,0,0
60,1.33E-01,2.90E-01,2.63E-01,0,60,Not eroded,0,0,1,1,1,1,1,0,0.00E+00,0.00E+00,0,0,1,0.00E+00,1,1,1,1,1
65,3.24E-01,8.62E-02,2.59E-01,0,65,Not eroded,0,0,1,1,1,1,1,0,0.00E+00,0.00E+00,0,0,1,0.00E+00,1,1,1,1,1
71,8.15E-02,2.10E-01,2.71E-01,0,71,ERODED,1,1,1,1,1,1,1,0,0.00E+00,0.00E+00,0,0,1,0.00E+00,1,1,1,1,1
77,5.64E-02,1.12E-01,2.76E-01,0,77,Not eroded,0,0,1,1,1,1,1,0,0.00E+00,0.00E+00,0,0,1,0.00E+00,1,1,1,1,1
80,2.48E-01,3.25E-01,2.80E-01,0,80,Not eroded,0,0,1,1,1,1,1,0,0.00E+00,0.00E+00,0,0,1,0.00E+00,1,1,1,1,1
85,1.43E-01,2.38E-01,3.04E-01,0,85,ERODED,1,1,1,1,1,1,1,0,0.00E+00,0.00E+00,0,0,1,0.00E+00,1,1,1,1,1
87,2.98E-01,1.13E-01,3.25E-01,0,87,Not eroded,0,0,1,1,1,1,1,0,0.00E+00,0.00E+00,0,0,1,0.00E+00,1,1,1,1,1
88,1.36E-01,1.31E-01,2.96E-01,0,88,ERODED,1,1,1,1,1,1,1,0,0.00E+00,0.00E+00,0,0,1,0.00E+00,1,1,1,1,1
89,8.15E-02,1.13E-01,3.20E-01,0,89,ERODED,1,1,1,1,1,1,1,0,0.00E+00,0.00E+00,0,0,1,0.00E+00,1,1,1,1,1
92,2.12E-01,2.92E-01,2.88E-01,2,92,Not eroded,0,0,1,1,1,1,1,1.48E-06,1.13E-06,1.34E-06,2.29E-06,1.15E-06,1,4.10E-03,1,1,1,0,0
93,2.57E-01,1.84E-01,3.13E-01,4,93,Not eroded,0,0,1,1,1,1,1,-3.03E-06,-5.12E-06,-2.07E-06,6.30E-06,1.57E-06,0,1.13E-02,1,1,0,0,0
107,2.09E-01,2.25E-01,2.97E-01,7,107,Not eroded,0,0,1,1,1,1,1,3.91E-06,-8.28E-07,2.55E-06,4.74E-06,6.77E-07,0,8.48E-03,0,0,0,0,0
108,2.87E-01,1.76E-01,2.59E-01,0,108,Not eroded,0,0,1,1,1,1,1,0,0.00E+00,0.00E+00,0,0,1,0.00E+00,1,1,1,1,1
109,9.27E-02,6.60E-02,2.60E-01,3,109,Not eroded,0,0,1,1,1,1,1,2.17E-07,2.65E-07,1.46E-07,3.72E-07,1.24E-07,1,6.65E-04,1,1,0,0,0
110,1.92E-01,1.01E-01,2.69E-01,3,110,Not eroded,0,0,1,1,1,1,1,3.26E-07,1.10E-07,-8.92E-08,3.55E-07,1.18E-07,1,6.35E-04,1,1,0,0,0
114,2.31E-01,1.73E-01,2.65E-01,0,114,Not eroded,0,0,1,1,1,1,1,0,0.00E+00,0.00E+00,0,0,1,0.00E+00,1,1,1,1,1
116,8.56E-02,1.69E-01,2.75E-01,0,116,ERODED,1,1,1,1,1,1,1,0,0.00E+00,0.00E+00,0,0,1,0.00E+00,1,1,1,1,1
123,1.55E-01,7.27E-02,2.76E-01,5,123,Not eroded,0,0,1,1,1,1,1,-1.39E-08,-4.46E-08,-3.63E-07,3.66E-07,7.33E-08,0,6.55E-04,0,1,0,0,0
128,2.42E-01,1.84E-01,3.03E-01,4,128,Not eroded,0,0,1,1,1,1,1,9.27E-06,5.16E-06,6.95E-08,1.06E-05,2.65E-06,0,1.90E-02,1,1,0,0,0
129,2.47E-01,2.97E-01,2.91E-01,0,129,Not eroded,0,0,1,1,1,1,1,0,0.00E+00,0.00E+00,0,0,1,0.00E+00,1,1,1,1,1
131,7.81E-02,8.22E-02,2.47E-01,4,131,Not eroded,0,0,1,1,1,1,0,1.11E-07,2.01E-07,9.09E-08,2.47E-07,6.18E-08,0,4.42E-04,1,1,0,0,0
139,5.60E-02,1.50E-01,2.92E-01,2,139,Not eroded,0,0,1,1,1,1,1,-4.53E-08,-1.76E-08,-9.01E-08,1.02E-07,5.12E-08,1,1.82E-04,1,1,1,0,0
141,2.81E-01,2.21E-01,3.25E-01,0,141,ERODED,1,1,1,1,1,1,1,0,0.00E+00,0.00E+00,0,0,1,0.00E+00,1,1,1,1,1
142,2.24E-01,5.61E-02,2.50E-01,3,142,Not eroded,0,0,1,1,1,1,0,3.83E-07,-1.43E-07,-9.97E-08,4.21E-07,1.40E-07,1,7.53E-04,1,1,0,0,0
143,5.61E-02,6.82E-02,3.18E-01,0,143,ERODED,1,1,1,1,1,1,1,0,0.00E+00,0.00E+00,0,0,1,0.00E+00,1,1,1,1,1
150,7.66E-02,2.06E-01,3.23E-01,0,150,ERODED,1,1,1,1,1,1,1,0,0.00E+00,0.00E+00,0,0,1,0.00E+00,1,1,1,1,1
158,6.65E-02,3.25E-01,2.95E-01,0,158,ERODED,1,1,1,1,1,1,1,0,0.00E+00,0.00E+00,0,0,1,0.00E+00,1,1,1,1,1
164,1.79E-01,9.78E-02,2.80E-01,5,164,Not eroded,0,0,1,1,1,1,1,1.45E-07,1.41E-06,-1.20E-08,1.42E-06,2.84E-07,0,2.54E-03,0,1,0,0,0
172,7.97E-02,3.10E-01,3.27E-01,0,172,ERODED,1,1,1,1,1,1,1,0,0.00E+00,0.00E+00,0,0,1,0.00E+00,1,1,1,1,1
174,2.40E-01,8.17E-02,2.70E-01,0,174,Not eroded,0,0,1,1,1,1,1,0,0.00E+00,0.00E+00,0,0,1,0.00E+00,1,1,1,1,1
186,1.71E-01,2.69E-01,2.81E-01,0,186,Not eroded,0,0,1,1,1,1,1,0,0.00E+00,0.00E+00,0,0,1,0.00E+00,1,1,1,1,1
187,5.65E-02,2.79E-01,2.71E-01,0,187,ERODED,1,1,1,1,1,1,1,0,0.00E+00,0.00E+00,0,0,1,0.00E+00,1,1,1,1,1
191,1.52E-01,3.16E-01,2.74E-01,4,191,Not eroded,0,0,1,1,1,1,1,9.74E-08,-1.34E-08,5.91E-08,1.15E-07,2.87E-08,0,2.06E-04,1,1,0,0,0
194,2.36E-01,2.70E-01,2.78E-01,3,194,Not eroded,0,0,1,1,1,1,1,-1.01E-06,4.79E-07,2.24E-07,1.14E-06,3.79E-07,1,2.04E-03,1,1,0,0,0
201,7.25E-02,2.68E-01,3.19E-01,0,201,ERODED,1,1,1,1,1,1,1,0,0.00E+00,0.00E+00,0,0,1,0.00E+00,1,1,1,1,1
208,2.10E-01,6.48E-02,2.90E-01,5,208,Not eroded,0,0,1,1,1,1,1,2.30E-07,-1.15E-07,2.28E-07,3.44E-07,6.88E-08,0,6.15E-04,0,1,0,0,0
214,2.98E-01,2.54E-01,2.55E-01,4,214,Not eroded,0,0,1,1,1,1,1,-5.70E-06,3.92E-06,2.03E-06,7.21E-06,1.80E-06,0,1.29E-02,1,1,0,0,0
216,2.40E-01,1.39E-01,2.86E-01,4,216,Not eroded,0,0,1,1,1,1,1,-1.59E-06,3.00E-07,-2.46E-07,1.64E-06,4.09E-07,0,2.93E-03,1,1,0,0,0
217,2.91E-01,3.16E-01,2.95E-01,3,217,Not eroded,0,0,1,1,1,1,1,2.56E-07,7.01E-07,-3.89E-07,8.41E-07,2.80E-07,1,1.50E-03,1,1,0,0,0
218,2.42E-01,1.99E-01,2.81E-01,4,218,Not eroded,0,0,1,1,1,1,1,1.79E-05,-1.12E-06,1.04E-05,2.07E-05,5.17E-06,0,3.70E-02,1,1,0,0,0
225,1.49E-01,3.25E-01,3.13E-01,3,225,Not eroded,0,0,1,1,1,1,1,-1.41E-07,-7.04E-07,-2.89E-08,7.19E-07,2.40E-07,1,1.29E-03,1,1,0,0,0
228,3.10E-01,3.24E-01,2.58E-01,0,228,Not eroded,0,0,1,1,1,1,1,0,0.00E+00,0.00E+00,0,0,1,0.00E+00,1,1,1,1,1
229,1.16E-01,2.15E-01,2.41E-01,4,229,Not eroded,0,0,1,1,1,1,0,3.15E-07,-3.72E-08,3.94E-07,5.06E-07,1.27E-07,0,9.05E-04,1,1,0,0,0
232,1.04E-01,6.13E-02,2.71E-01,6,232,Not eroded,0,0,1,1,1,1,1,2.81E-07,9.57E-08,6.17E-08,3.03E-07,5.06E-08,0,5.42E-04,0,0,0,0,0
235,1.46E-01,5.61E-02,2.66E-01,4,235,Not eroded,0,0,1,1,1,1,1,1.78E-07,-8.65E-07,7.94E-08,8.87E-07,2.22E-07,0,1.59E-03,1,1,0,0,0
237,7.26E-02,1.66E-01,2.89E-01,0,237,Not eroded,0,0,1,1,1,1,1,0,0.00E+00,0.00E+00,0,0,1,0.00E+00,1,1,1,1,1
238,1.61E-01,5.61E-02,2.90E-01,3,238,Not eroded,0,0,1,1,1,1,1,8.99E-08,-6.74E-07,-3.13E-08,6.80E-07,2.27E-07,1,1.22E-03,1,1,0,0,0
243,8.00E-02,1.76E-01,2.82E-01,0,243,ERODED,1,1,1,1,1,1,1,0,0.00E+00,0.00E+00,0,0,1,0.00E+00,1,1,1,1,1
247,8.36E-02,1.24E-01,2.61E-01,4,247,Not eroded,0,0,1,1,1,1,1,5.08E-07,2.92E-07,3.56E-07,6.86E-07,1.72E-07,0,1.23E-03,1,1,0,0,0
250,2.90E-01,1.83E-01,2.96E-01,0,250,Not eroded,0,0,1,1,1,1,1,0,0.00E+00,0.00E+00,0,0,1,0.00E+00,1,1,1,1,1
251,2.26E-01,9.49E-02,2.84E-01,0,251,ERODED,1,1,1,1,1,1,1,0,0.00E+00,0.00E+00,0,0,1,0.00E+00,1,1,1,1,1
253,2.76E-01,1.36E-01,2.85E-01,0,253,Not eroded,0,0,1,1,1,1,1,0,0.00E+00,0.00E+00,0,0,1,0.00E+00,1,1,1,1,1
263,2.50E-01,2.99E-01,2.82E-01,0,263,Not eroded,0,0,1,1,1,1,1,0,0.00E+00,0.00E+00,0,0,1,0.00E+00,1,1,1,1,1
266,5.61E-02,1.54E-01,2.83E-01,3,266,Not eroded,0,0,1,1,1,1,1,2.93E-07,1.06E-07,1.08E-07,3.30E-07,1.10E-07,1,5.90E-04,1,1,0,0,0
267,9.63E-02,1.02E-01,3.13E-01,0,267,ERODED,1,1,1,1,1,1,1,0,0.00E+00,0.00E+00,0,0,1,0.00E+00,1,1,1,1,1
273,1.96E-01,2.94E-01,2.71E-01,4,273,Not eroded,0,0,1,1,1,1,1,3.92E-07,1.62E-06,-9.77E-08,1.67E-06,4.19E-07,0,2.99E-03,1,1,0,0,0
286,6.07E-02,3.22E-01,2.71E-01,0,286,ERODED,1,1,1,1,1,1,1,0,0.00E+00,0.00E+00,0,0,1,0.00E+00,1,1,1,1,1
291,2.57E-01,3.05E-01,2.41E-01,5,291,Not eroded,0,0,1,1,1,1,0,2.29E-07,-2.59E-07,1.44E-06,1.48E-06,2.97E-07,0,2.65E-03,0,1,0,0,0
292,2.82E-01,2.84E-01,2.78E-01,0,292,Not eroded,0,0,1,1,1,1,1,0,0.00E+00,0.00E+00,0,0,1,0.00E+00,1,1,1,1,1
295,1.31E-01,2.28E-01,2.43E-01,4,295,Not eroded,0,0,1,1,1,1,0,3.14E-07,5.87E-07,-4.73E-08,6.68E-07,1.67E-07,0,1.19E-03,1,1,0,0,0
298,1.44E-01,2.37E-01,3.25E-01,0,298,ERODED,1,1,1,1,1,1,1,0,0.00E+00,0.00E+00,0,0,1,0.00E+00,1,1,1,1,1
299,2.19E-01,1.81E-01,2.52E-01,5,299,Not eroded,0,0,1,1,1,1,1,-1.05E-06,3.50E-07,-1.05E-06,1.52E-06,3.05E-07,0,2.72E-03,0,1,0,0,0
301,2.10E-01,1.33E-01,2.44E-01,4,301,Not eroded,0,0,1,1,1,1,0,2.63E-06,-7.73E-07,-5.54E-07,2.80E-06,6.99E-07,0,5.01E-03,1,1,0,0,0
306,1.48E-01,2.58E-01,2.87E-01,6,306,Not eroded,0,0,1,1,1,1,1,3.72E-07,7.65E-07,6.51E-07,1.07E-06,1.79E-07,0,1.91E-03,0,0,0,0,0
309,3.24E-01,1.53E-01,3.09E-01,0,309,Not eroded,0,0,1,1,1,1,1,0,0.00E+00,0.00E+00,0,0,1,0.00E+00,1,1,1,1,1
315,9.41E-02,1.84E-01,2.90E-01,0,315,ERODED,1,1,1,1,1,1,1,0,0.00E+00,0.00E+00,0,0,1,0.00E+00,1,1,1,1,1
321,5.60E-02,2.66E-01,2.52E-01,3,321,Not eroded,0,0,1,1,1,1,1,-2.33E-07,9.46E-09,6.00E-08,2.41E-07,8.03E-08,1,4.31E-04,1,1,0,0,0
324,9.71E-02,2.30E-01,3.01E-01,0,324,ERODED,1,1,1,1,1,1,1,0,0.00E+00,0.00E+00,0,0,1,0.00E+00,1,1,1,1,1
327,2.31E-01,6.47E-02,2.70E-01,4,327,Not eroded,0,0,1,1,1,1,1,3.92E-07,-1.88E-07,-3.04E-07,5.31E-07,1.33E-07,0,9.50E-04,1,1,0,0,0
334,1.49E-01,5.61E-02,2.56E-01,4,334,Not eroded,0,0,1,1,1,1,1,6.86E-07,-9.99E-07,6.89E-08,1.21E-06,3.04E-07,0,2.16E-03,1,1,0,0,0
339,1.27E-01,1.68E-01,2.98E-01,0,339,Not eroded,0,0,1,1,1,1,1,0,0.00E+00,0.00E+00,0,0,1,0.00E+00,1,1,1,1,1
340,5.98E-02,2.54E-01,2.44E-01,3,340,Not eroded,0,0,1,1,1,1,0,4.49E-07,-5.01E-08,1.48E-07,4.76E-07,1.59E-07,1,8.51E-04,1,1,0,0,0
341,3.23E-01,8.90E-02,2.72E-01,0,341,Not eroded,0,0,1,1,1,1,1,0,0.00E+00,0.00E+00,0,0,1,0.00E+00,1,1,1,1,1
345,1.56E-01,7.23E-02,2.86E-01,3,345,Not eroded,0,0,1,1,1,1,1,-2.01E-07,-1.93E-07,-1.88E-07,3.36E-07,1.12E-07,1,6.01E-04,1,1,0,0,0
346,1.93E-01,1.13E-01,2.78E-01,2,346,Not eroded,0,0,1,1,1,1,1,-3.04E-07,1.46E-06,-8.47E-07,1.72E-06,8.59E-07,1,3.08E-03,1,1,1,0,0
364,2.71E-01,3.25E-01,2.84E-01,0,364,ERODED,1,1,1,1,1,1,1,0,0.00E+00,0.00E+00,0,0,1,0.00E+00,1,1,1,1,1
370,3.04E-01,9.85E-02,2.83E-01,2,370,Not eroded,0,0,1,1,1,1,1,-2.43E-07,1.29E-06,6.23E-07,1.45E-06,7.26E-07,1,2.59E-03,1,1,1,0,0
372,1.58E-01,1.80E-01,2.73E-01,0,372,Not eroded,0,0,1,1,1,1,1,0,0.00E+00,0.00E+00,0,0,1,0.00E+00,1,1,1,1,1
377,3.19E-01,1.51E-01,3.00E-01,0,377,Not eroded,0,0,1,1,1,1,1,0,0.00E+00,0.00E+00,0,0,1,0.00E+00,1,1,1,1,1
379,2.77E-01,2.60E-01,2.91E-01,0,379,Not eroded,0,0,1,1,1,1,1,0,0.00E+00,0.00E+00,0,0,1,0.00E+00,1,1,1,1,1
381,5.60E-02,2.62E-01,2.85E-01,0,381,ERODED,1,1,1,1,1,1,1,0,0.00E+00,0.00E+00,0,0,1,0.00E+00,1,1,1,1,1
383,1.75E-01,3.25E-01,2.97E-01,4,383,Not eroded,0,0,1,1,1,1,1,2.94E-07,-7.83E-07,6.56E-08,8.39E-07,2.10E-07,0,1.50E-03,1,1,0,0,0
388,3.17E-01,2.54E-01,2.98E-01,5,388,Not eroded,0,0,1,1,1,1,1,1.56E-06,8.48E-06,-4.17E-06,9.58E-06,1.92E-06,0,1.71E-02,0,1,0,0,0
391,8.14E-02,1.84E-01,2.77E-01,0,391,ERODED,1,1,1,1,1,1,1,0,0.00E+00,0.00E+00,0,0,1,0.00E+00,1,1,1,1,1
393,1.84E-01,3.16E-01,2.42E-01,2,393,Not eroded,0,0,1,1,1,1,0,1.19E-07,6.20E-08,1.08E-07,1.72E-07,8.62E-08,1,3.08E-04,1,1,1,0,0
394,2.07E-01,1.04E-01,2.84E-01,3,394,Not eroded,0,0,1,1,1,1,1,2.39E-07,1.83E-06,1.40E-07,1.86E-06,6.18E-07,1,3.33E-03,1,1,0,0,0
395,9.45E-02,3.15E-01,2.66E-01,0,395,ERODED,1,1,1,1,1,1,1,0,0.00E+00,0.00E+00,0,0,1,0.00E+00,1,1,1,1,1
400,1.79E-01,3.18E-01,2.91E-01,4,400,Not eroded,0,0,1,1,1,1,1,3.15E-07,2.27E-07,9.04E-08,3.99E-07,9.97E-08,0,7.14E-04,1,1,0,0,0
401,1.58E-01,1.30E-01,3.00E-01,0,401,ERODED,1,1,1,1,1,1,1,0,0.00E+00,0.00E+00,0,0,1,0.00E+00,1,1,1,1,1
409,9.21E-02,2.32E-01,2.86E-01,0,409,ERODED,1,1,1,1,1,1,1,0,0.00E+00,0.00E+00,0,0,1,0.00E+00,1,1,1,1,1
410,2.63E-01,5.61E-02,2.63E-01,0,410,Not eroded,0,0,1,1,1,1,1,0,0.00E+00,0.00E+00,0,0,1,0.00E+00,1,1,1,1,1
414,3.24E-01,5.61E-02,2.55E-01,0,414,ERODED,1,1,1,1,1,1,1,0,0.00E+00,0.00E+00,0,0,1,0.00E+00,1,1,1,1,1
418,2.08E-01,1.46E-01,2.60E-01,3,418,Not eroded,0,0,1,1,1,1,1,-1.14E-06,9.69E-07,2.68E-07,1.52E-06,5.06E-07,1,2.72E-03,1,1,0,0,0
419,1.42E-01,5.61E-02,2.49E-01,3,419,Not eroded,0,0,1,1,1,1,0,4.34E-07,-1.00E-06,2.13E-07,1.11E-06,3.71E-07,1,1.99E-03,1,1,0,0,0
420,1.78E-01,1.95E-01,2.84E-01,3,420,Not eroded,0,0,1,1,1,1,1,-1.48E-06,1.25E-06,3.15E-07,1.96E-06,6.54E-07,1,3.51E-03,1,1,0,0,0
425,5.95E-02,2.82E-01,3.14E-01,0,425,ERODED,1,1,1,1,1,1,1,0,0.00E+00,0.00E+00,0,0,1,0.00E+00,1,1,1,1,1
431,1.01E-01,5.61E-02,2.84E-01,4,431,Not eroded,0,0,1,1,1,1,1,2.81E-07,-8.30E-07,1.42E-07,8.87E-07,2.22E-07,0,1.59E-03,1,1,0,0,0
432,1.32E-01,3.16E-01,2.49E-01,4,432,Not eroded,0,0,1,1,1,1,0,-3.46E-08,7.64E-07,4.65E-07,8.95E-07,2.24E-07,0,1.60E-03,1,1,0,0,0
433,1.51E-01,1.21E-01,2.96E-01,0,433,ERODED,1,1,1,1,1,1,1,0,0.00E+00,0.00E+00,0,0,1,0.00E+00,1,1,1,1,1
437,2.35E-01,1.11E-01,2.84E-01,0,437,ERODED,1,1,1,1,1,1,1,0,0.00E+00,0.00E+00,0,0,1,0.00E+00,1,1,1,1,1
442,6.59E-02,3.25E-01,2.63E-01,0,442,ERODED,1,1,1,1,1,1,1,0,0.00E+00,0.00E+00,0,0,1,0.00E+00,1,1,1,1,1
443,5.60E-02,2.03E-01,2.51E-01,2,443,Not eroded,0,0,1,1,1,1,1,-1.91E-07,2.35E-07,-5.86E-08,3.08E-07,1.54E-07,1,5.51E-04,1,1,1,0,0
448,9.28E-02,1.27E-01,2.51E-01,2,448,Not eroded,0,0,1,1,1,1,1,7.77E-08,8.74E-08,2.34E-07,2.61E-07,1.31E-07,1,4.67E-04,1,1,1,0,0
449,1.38E-01,5.61E-02,3.05E-01,0,449,Not eroded,0,0,1,1,1,1,1,0,0.00E+00,0.00E+00,0,0,1,0.00E+00,1,1,1,1,1
455,2.81E-01,2.17E-01,2.43E-01,6,455,Not eroded,0,0,1,1,1,1,0,4.07E-06,3.35E-06,5.18E-06,7.39E-06,1.23E-06,0,1.32E-02,0,0,0,0,0
463,2.57E-01,2.18E-01,2.99E-01,5,463,Not eroded,0,0,1,1,1,1,1,-7.69E-06,-7.24E-06,-3.62E-05,3.77E-05,7.54E-06,0,6.74E-02,0,1,0,0,0
466,2.26E-01,1.69E-01,2.83E-01,0,466,Not eroded,0,0,1,1,1,1,1,0,0.00E+00,0.00E+00,0,0,1,0.00E+00,1,1,1,1,1
472,2.33E-01,1.70E-01,2.56E-01,0,472,Not eroded,0,0,1,1,1,1,1,0,0.00E+00,0.00E+00,0,0,1,0.00E+00,1,1,1,1,1
473,1.30E-01,2.47E-01,2.98E-01,5,473,Not eroded,0,0,1,1,1,1,1,7.24E-08,2.62E-07,-8.68E-08,2.85E-07,5.71E-08,0,5.10E-04,0,1,0,0,0
474,2.21E-01,2.53E-01,2.77E-01,5,474,Not eroded,0,0,1,1,1,1,1,-2.00E-06,-7.70E-07,-1.84E-06,2.82E-06,5.64E-07,0,5.04E-03,0,1,0,0,0
481,2.65E-01,1.04E-01,2.43E-01,0,481,Not eroded,0,0,1,1,1,1,0,0,0.00E+00,0.00E+00,0,0,1,0.00E+00,1,1,1,1,1
488,1.71E-01,1.77E-01,2.68E-01,0,488,Not eroded,0,0,1,1,1,1,1,0,0.00E+00,0.00E+00,0,0,1,0.00E+00,1,1,1,1,1
492,5.60E-02,1.94E-01,2.47E-01,0,492,Not eroded,0,0,1,1,1,1,0,0,0.00E+00,0.00E+00,0,0,1,0.00E+00,1,1,1,1,1
497,2.38E-01,1.93E-01,2.75E-01,4,497,Not eroded,0,0,1,1,1,1,1,8.77E-06,2.89E-06,1.82E-05,2.04E-05,5.10E-06,0,3.65E-02,1,1,0,0,0
499,6.53E-02,2.47E-01,2.87E-01,0,499,ERODED,1,1,1,1,1,1,1,0,0.00E+00,0.00E+00,0,0,1,0.00E+00,1,1,1,1,1
500,1.63E-01,5.61E-02,2.77E-01,3,500,Not eroded,0,0,1,1,1,1,1,4.45E-08,-8.20E-07,-8.28E-09,8.21E-07,2.74E-07,1,1.47E-03,1,1,0,0,0
501,5.60E-02,2.07E-01,2.42E-01,4,501,Not eroded,0,0,1,1,1,1,0,-2.66E-07,-1.47E-08,1.27E-07,2.95E-07,7.37E-08,0,5.28E-04,1,1,0,0,0
513,1.57E-01,1.82E-01,3.26E-01,0,513,ERODED,1,1,1,1,1,1,1,0,0.00E+00,0.00E+00,0,0,1,0.00E+00,1,1,1,1,1
515,5.62E-02,2.74E-01,3.10E-01,0,515,ERODED,1,1,1,1,1,1,1,0,0.00E+00,0.00E+00,0,0,1,0.00E+00,1,1,1,1,1
518,2.08E-01,1.05E-01,2.51E-01,0,518,Not eroded,0,0,1,1,1,1,1,0,0.00E+00,0.00E+00,0,0,1,0.00E+00,1,1,1,1,1
522,1.86E-01,2.16E-01,2.67E-01,3,522,Not eroded,0,0,1,1,1,1,1,-5.11E-08,1.90E-06,1.38E-06,2.35E-06,7.83E-07,1,4.20E-03,1,1,0,0,0
523,2.74E-01,1.58E-01,2.69E-01,0,523,Not eroded,0,0,1,1,1,1,1,0,0.00E+00,0.00E+00,0,0,1,0.00E+00,1,1,1,1,1
525,2.54E-01,2.32E-01,3.26E-01,0,525,ERODED,1,1,1,1,1,1,1,0,0.00E+00,0.00E+00,0,0,1,0.00E+00,1,1,1,1,1
532,7.09E-02,3.17E-01,2.59E-01,4,532,Not eroded,0,0,1,1,1,1,1,2.60E-07,-9.48E-08,8.97E-08,2.91E-07,7.28E-08,0,5.21E-04,1,1,0,0,0
533,3.24E-01,1.56E-01,2.94E-01,0,533,Not eroded,0,0,1,1,1,1,1,0,0.00E+00,0.00E+00,0,0,1,0.00E+00,1,1,1,1,1
534,5.67E-02,1.15E-01,3.20E-01,0,534,ERODED,1,1,1,1,1,1,1,0,0.00E+00,0.00E+00,0,0,1,0.00E+00,1,1,1,1,1
535,7.58E-02,5.60E-02,2.59E-01,6,535,Not eroded,0,0,1,1,1,1,1,2.71E-07,-8.32E-07,9.49E-08,8.80E-07,1.47E-07,0,1.57E-03,0,0,0,0,0
544,2.64E-01,2.19E-01,3.26E-01,4,544,ERODED,1,1,1,1,1,1,1,4.14E-05,1.09E-05,-1.49E-05,4.53E-05,1.13E-05,0,8.10E-02,1,1,0,0,0
551,2.89E-01,1.74E-01,3.22E-01,0,551,ERODED,1,1,1,1,1,1,1,0,0.00E+00,0.00E+00,0,0,1,0.00E+00,1,1,1,1,1
552,1.70E-01,1.47E-01,3.10E-01,0,552,ERODED,1,1,1,1,1,1,1,0,0.00E+00,0.00E+00,0,0,1,0.00E+00,1,1,1,1,1
557,1.56E-01,9.53E-02,3.07E-01,0,557,ERODED,1,1,1,1,1,1,1,0,0.00E+00,0.00E+00,0,0,1,0.00E+00,1,1,1,1,1
563,1.24E-01,3.25E-01,2.56E-01,4,563,Not eroded,0,0,1,1,1,1,1,2.77E-08,-7.60E-07,4.01E-09,7.60E-07,1.90E-07,0,1.36E-03,1,1,0,0,0
565,2.77E-01,2.17E-01,2.99E-01,0,565,Not eroded,0,0,1,1,1,1,1,0,0.00E+00,0.00E+00,0,0,1,0.00E+00,1,1,1,1,1
566,2.82E-01,2.10E-01,2.88E-01,0,566,Not eroded,0,0,1,1,1,1,1,0,0.00E+00,0.00E+00,0,0,1,0.00E+00,1,1,1,1,1
570,2.67E-01,1.36E-01,2.58E-01,0,570,Not eroded,0,0,1,1,1,1,1,0,0.00E+00,0.00E+00,0,0,1,0.00E+00,1,1,1,1,1
571,2.71E-01,1.06E-01,3.11E-01,0,571,ERODED,1,1,1,1,1,1,1,0,0.00E+00,0.00E+00,0,0,1,0.00E+00,1,1,1,1,1
577,5.60E-02,2.14E-01,2.81E-01,0,577,Not eroded,0,0,1,1,1,1,1,0,0.00E+00,0.00E+00,0,0,1,0.00E+00,1,1,1,1,1
580,9.12E-02,1.95E-01,2.76E-01,0,580,ERODED,1,1,1,1,1,1,1,0,0.00E+00,0.00E+00,0,0,1,0.00E+00,1,1,1,1,1
581,2.33E-01,1.68E-01,2.74E-01,5,581,Not eroded,0,0,1,1,1,1,1,2.47E-06,-1.95E-06,6.35E-06,7.09E-06,1.42E-06,0,1.27E-02,0,1,0,0,0
582,2.76E-01,1.69E-01,2.46E-01,0,582,Not eroded,0,0,1,1,1,1,0,0,0.00E+00,0.00E+00,0,0,1,0.00E+00,1,1,1,1,1
584,2.16E-01,2.25E-01,2.89E-01,5,584,Not eroded,0,0,1,1,1,1,1,-2.54E-06,4.94E-06,-1.25E-06,5.69E-06,1.14E-06,0,1.02E-02,0,1,0,0,0
585,2.10E-01,1.38E-01,2.52E-01,3,585,Not eroded,0,0,1,1,1,1,1,-2.05E-07,-1.08E-06,-8.27E-07,1.38E-06,4.58E-07,1,2.47E-03,1,1,0,0,0
592,2.50E-01,3.05E-01,2.59E-01,0,592,Not eroded,0,0,1,1,1,1,1,0,0.00E+00,0.00E+00,0,0,1,0.00E+00,1,1,1,1,1
597,2.33E-01,5.61E-02,2.47E-01,4,597,Not eroded,0,0,1,1,1,1,0,1.00E-07,-7.61E-07,1.96E-07,7.92E-07,1.98E-07,0,1.42E-03,1,1,0,0,0
599,2.47E-01,8.32E-02,3.13E-01,0,599,ERODED,1,1,1,1,1,1,1,0,0.00E+00,0.00E+00,0,0,1,0.00E+00,1,1,1,1,1
600,1.38E-01,5.62E-02,3.18E-01,0,600,ERODED,1,1,1,1,1,1,1,0,0.00E+00,0.00E+00,0,0,1,0.00E+00,1,1,1,1,1
604,3.02E-01,1.57E-01,2.46E-01,0,604,Not eroded,0,0,1,1,1,1,0,0,0.00E+00,0.00E+00,0,0,1,0.00E+00,1,1,1,1,1
607,1.88E-01,1.79E-01,2.54E-01,0,607,Not eroded,0,0,1,1,1,1,1,0,0.00E+00,0.00E+00,0,0,1,0.00E+00,1,1,1,1,1
610,8.80E-02,2.24E-01,2.79E-01,0,610,ERODED,1,1,1,1,1,1,1,0,0.00E+00,0.00E+00,0,0,1,0.00E+00,1,1,1,1,1
611,2.11E-01,2.52E-01,2.44E-01,0,611,Not eroded,0,0,1,1,1,1,0,0,0.00E+00,0.00E+00,0,0,1,0.00E+00,1,1,1,1,1
612,1.87E-01,1.98E-01,3.02E-01,0,612,ERODED,1,1,1,1,1,1,1,0,0.00E+00,0.00E+00,0,0,1,0.00E+00,1,1,1,1,1
616,2.13E-01,2.16E-01,2.94E-01,4,616,Not eroded,0,0,1,1,1,1,1,1.16E-05,6.39E-07,1.37E-06,1.17E-05,2.93E-06,0,2.09E-02,1,1,0,0,0
619,1.49E-01,2.89E-01,2.50E-01,3,619,Not eroded,0,0,1,1,1,1,0,1.07E-06,-8.33E-07,-6.30E-07,1.49E-06,4.98E-07,1,2.67E-03,1,1,0,0,0
620,2.34E-01,1.04E-01,2.93E-01,0,620,ERODED,1,1,1,1,1,1,1,0,0.00E+00,0.00E+00,0,0,1,0.00E+00,1,1,1,1,1
626,1.81E-01,2.82E-01,2.80E-01,0,626,Not eroded,0,0,1,1,1,1,1,0,0.00E+00,0.00E+00,0,0,1,0.00E+00,1,1,1,1,1
627,1.49E-01,2.99E-01,3.09E-01,0,627,ERODED,1,1,1,1,1,1,1,0,0.00E+00,0.00E+00,0,0,1,0.00E+00,1,1,1,1,1
630,9.47E-02,2.01E-01,2.92E-01,0,630,ERODED,1,1,1,1,1,1,1,0,0.00E+00,0.00E+00,0,0,1,0.00E+00,1,1,1,1,1
639,2.43E-01,1.49E-01,2.88E-01,4,639,Not eroded,0,0,1,1,1,1,1,-6.08E-07,1.09E-06,2.60E-06,2.89E-06,7.22E-07,0,5.17E-03,1,1,0,0,0
643,2.13E-01,5.71E-02,3.27E-01,0,643,ERODED,1,1,1,1,1,1,1,0,0.00E+00,0.00E+00,0,0,1,0.00E+00,1,1,1,1,1
646,6.46E-02,2.00E-01,2.55E-01,4,646,Not eroded,0,0,1,1,1,1,1,6.98E-08,1.51E-07,4.45E-08,1.72E-07,4.30E-08,0,3.08E-04,1,1,0,0,0
654,2.69E-01,1.69E-01,2.59E-01,0,654,Not eroded,0,0,1,1,1,1,1,0,0.00E+00,0.00E+00,0,0,1,0.00E+00,1,1,1,1,1
657,2.44E-01,1.96E-01,2.90E-01,0,657,Not eroded,0,0,1,1,1,1,1,0,0.00E+00,0.00E+00,0,0,1,0.00E+00,1,1,1,1,1
660,3.24E-01,2.65E-01,2.67E-01,3,660,Not eroded,0,0,1,1,1,1,1,-2.96E-06,-1.55E-06,3.43E-07,3.36E-06,1.12E-06,1,6.01E-03,1,1,0,0,0
664,2.15E-01,2.02E-01,3.32E-01,0,664,ERODED,1,1,1,1,1,1,1,0,0.00E+00,0.00E+00,0,0,1,0.00E+00,1,1,1,1,1
670,2.13E-01,3.12E-01,2.54E-01,4,670,Not eroded,0,0,1,1,1,1,1,-5.48E-08,-2.54E-07,-1.44E-07,2.98E-07,7.44E-08,0,5.33E-04,1,1,0,0,0
677,3.05E-01,2.16E-01,3.35E-01,0,677,ERODED,1,1,1,1,1,1,1,0,0.00E+00,0.00E+00,0,0,1,0.00E+00,1,1,1,1,1
679,2.52E-01,1.64E-01,2.90E-01,3,679,Not eroded,0,0,1,1,1,1,1,3.81E-06,7.81E-06,-1.35E-06,8.79E-06,2.93E-06,1,1.57E-02,1,1,0,0,0
686,9.39E-02,5.58E-02,3.04E-01,3,686,Not eroded,0,0,1,1,1,1,1,3.46E-07,-6.92E-07,-1.81E-08,7.74E-07,2.58E-07,1,1.38E-03,1,1,0,0,0
688,3.24E-01,5.63E-02,3.02E-01,0,688,ERODED,1,1,1,1,1,1,1,0,0.00E+00,0.00E+00,0,0,1,0.00E+00,1,1,1,1,1
695,2.24E-01,2.19E-01,2.83E-01,5,695,Not eroded,0,0,1,1,1,1,1,-5.33E-06,-7.79E-07,3.46E-05,3.50E-05,7.01E-06,0,6.26E-02,0,1,0,0,0
703,1.46E-01,3.25E-01,2.41E-01,3,703,Not eroded,0,0,1,1,1,1,0,3.70E-07,-7.00E-07,-1.98E-07,8.17E-07,2.72E-07,1,1.46E-03,1,1,0,0,0
705,1.00E-01,2.97E-01,2.72E-01,0,705,ERODED,1,1,1,1,1,1,1,0,0.00E+00,0.00E+00,0,0,1,0.00E+00,1,1,1,1,1
707,3.14E-01,2.45E-01,2.96E-01,3,707,Not eroded,0,0,1,1,1,1,1,-2.54E-06,4.09E-06,8.20E-07,4.88E-06,1.63E-06,1,8.73E-03,1,1,0,0,0
712,3.23E-01,2.27E-01,2.81E-01,0,712,ERODED,1,1,1,1,1,1,1,0,0.00E+00,0.00E+00,0,0,1,0.00E+00,1,1,1,1,1
715,8.37E-02,5.60E-02,2.47E-01,6,715,Not eroded,0,0,1,1,1,1,0,3.01E-07,-8.99E-07,2.50E-07,9.80E-07,1.63E-07,0,1.75E-03,0,0,0,0,0
718,1.83E-01,2.03E-01,2.81E-01,5,718,Not eroded,0,0,1,1,1,1,1,-9.54E-07,5.10E-07,1.37E-06,1.75E-06,3.49E-07,0,3.13E-03,0,1,0,0,0
729,2.15E-01,8.66E-02,2.83E-01,4,729,Not eroded,0,0,1,1,1,1,1,1.14E-07,2.01E-06,-2.63E-07,2.03E-06,5.08E-07,0,3.63E-03,1,1,0,0,0
732,1.35E-01,2.44E-01,2.85E-01,0,732,Not eroded,0,0,1,1,1,1,1,0,0.00E+00,0.00E+00,0,0,1,0.00E+00,1,1,1,1,1
737,3.24E-01,2.03E-01,2.96E-01,0,737,ERODED,1,1,1,1,1,1,1,0,0.00E+00,0.00E+00,0,0,1,0.00E+00,1,1,1,1,1
738,1.60E-01,1.50E-01,3.25E-01,0,738,ERODED,1,1,1,1,1,1,1,0,0.00E+00,0.00E+00,0,0,1,0.00E+00,1,1,1,1,1
760,1.08E-01,3.23E-01,2.94E-01,0,760,ERODED,1,1,1,1,1,1,1,0,0.00E+00,0.00E+00,0,0,1,0.00E+00,1,1,1,1,1
762,9.82E-02,1.38E-01,2.91E-01,0,762,ERODED,1,1,1,1,1,1,1,0,0.00E+00,0.00E+00,0,0,1,0.00E+00,1,1,1,1,1
764,8.45E-02,1.90E-01,2.69E-01,0,764,ERODED,1,1,1,1,1,1,1,0,0.00E+00,0.00E+00,0,0,1,0.00E+00,1,1,1,1,1
767,2.94E-01,1.51E-01,3.25E-01,0,767,ERODED,1,1,1,1,1,1,1,0,0.00E+00,0.00E+00,0,0,1,0.00E+00,1,1,1,1,1
768,2.57E-01,2.12E-01,2.47E-01,5,768,Not eroded,0,0,1,1,1,1,0,-1.12E-05,9.87E-06,-6.99E-05,7.15E-05,1.43E-05,0,1.28E-01,0,1,0,0,0
777,1.65E-01,2.47E-01,3.31E-01,0,777,ERODED,1,1,1,1,1,1,1,0,0.00E+00,0.00E+00,0,0,1,0.00E+00,1,1,1,1,1
779,7.58E-02,2.09E-01,2.79E-01,0,779,ERODED,1,1,1,1,1,1,1,0,0.00E+00,0.00E+00,0,0,1,0.00E+00,1,1,1,1,1
782,2.88E-01,1.40E-01,2.90E-01,0,782,Not eroded,0,0,1,1,1,1,1,0,0.00E+00,0.00E+00,0,0,1,0.00E+00,1,1,1,1,1
798,2.53E-01,3.24E-01,2.49E-01,3,798,Not eroded,0,0,1,1,1,1,0,3.37E-07,-2.75E-08,4.41E-08,3.41E-07,1.14E-07,1,6.10E-04,1,1,0,0,0
802,1.42E-01,2.85E-01,3.22E-01,0,802,ERODED,1,1,1,1,1,1,1,0,0.00E+00,0.00E+00,0,0,1,0.00E+00,1,1,1,1,1
805,1.04E-01,3.06E-01,2.69E-01,0,805,ERODED,1,1,1,1,1,1,1,0,0.00E+00,0.00E+00,0,0,1,0.00E+00,1,1,1,1,1
809,1.42E-01,5.61E-02,2.86E-01,3,809,Not eroded,0,0,1,1,1,1,1,1.07E-07,-8.40E-07,-2.42E-08,8.47E-07,2.82E-07,1,1.52E-03,1,1,0,0,0
811,2.06E-01,2.98E-01,2.43E-01,2,811,Not eroded,0,0,1,1,1,1,0,-2.34E-07,1.09E-06,5.64E-07,1.25E-06,6.24E-07,1,2.24E-03,1,1,1,0,0
815,8.33E-02,5.64E-02,2.93E-01,0,815,Not eroded,0,0,1,1,1,1,1,0,0.00E+00,0.00E+00,0,0,1,0.00E+00,1,1,1,1,1
817,3.24E-01,6.51E-02,2.62E-01,0,817,ERODED,1,1,1,1,1,1,1,0,0.00E+00,0.00E+00,0,0,1,0.00E+00,1,1,1,1,1
820,6.10E-02,1.09E-01,2.67E-01,7,820,Not eroded,0,0,1,1,1,1,1,1.48E-07,1.87E-07,9.33E-08,2.57E-07,3.67E-08,0,4.60E-04,0,0,0,0,0
829,6.01E-02,6.35E-02,2.54E-01,7,829,Not eroded,0,0,1,1,1,1,1,1.45E-07,2.88E-07,-2.56E-08,3.23E-07,4.62E-08,0,5.78E-04,0,0,0,0,0
833,3.24E-01,5.85E-02,2.71E-01,0,833,ERODED,1,1,1,1,1,1,1,0,0.00E+00,0.00E+00,0,0,1,0.00E+00,1,1,1,1,1
845,1.30E-01,5.61E-02,2.43E-01,2,845,Not eroded,0,0,1,1,1,1,0,8.86E-08,-7.98E-07,-1.44E-07,8.15E-07,4.08E-07,1,1.46E-03,1,1,1,0,0
846,2.62E-01,2.91E-01,2.50E-01,4,846,Not eroded,0,0,1,1,1,1,0,2.52E-07,-5.31E-07,-1.62E-06,1.72E-06,4.31E-07,0,3.08E-03,1,1,0,0,0
849,9.67E-02,1.21E-01,2.69E-01,3,849,Not eroded,0,0,1,1,1,1,1,3.89E-07,5.01E-07,-5.61E-08,6.37E-07,2.12E-07,1,1.14E-03,1,1,0,0,0
862,1.80E-01,1.86E-01,2.70E-01,3,862,Not eroded,0,0,1,1,1,1,1,1.73E-06,1.31E-07,1.83E-06,2.53E-06,8.42E-07,1,4.53E-03,1,1,0,0,0
865,2.94E-01,1.93E-01,2.83E-01,0,865,Not eroded,0,0,1,1,1,1,1,0,0.00E+00,0.00E+00,0,0,1,0.00E+00,1,1,1,1,1
868,6.44E-02,2.74E-01,3.16E-01,0,868,ERODED,1,1,1,1,1,1,1,0,0.00E+00,0.00E+00,0,0,1,0.00E+00,1,1,1,1,1
874,7.55E-02,1.10E-01,2.70E-01,4,874,Not eroded,0,0,1,1,1,1,1,2.09E-07,1.70E-07,6.77E-08,2.78E-07,6.96E-08,0,4.97E-04,1,1,0,0,0
875,1.68E-01,1.63E-01,2.84E-01,3,875,Not eroded,0,0,1,1,1,1,1,-3.35E-07,-8.19E-08,-5.50E-07,6.49E-07,2.16E-07,1,1.16E-03,1,1,0,0,0
877,9.69E-02,7.78E-02,2.70E-01,0,877,Not eroded,0,0,1,1,1,1,1,0,0.00E+00,0.00E+00,0,0,1,0.00E+00,1,1,1,1,1
882,1.95E-01,3.14E-01,2.94E-01,0,882,Not eroded,0,0,1,1,1,1,1,0,0.00E+00,0.00E+00,0,0,1,0.00E+00,1,1,1,1,1
886,6.90E-02,9.25E-02,2.81E-01,4,886,Not eroded,0,0,1,1,1,1,1,-1.20E-07,1.62E-07,4.05E-08,2.06E-07,5.14E-08,0,3.68E-04,1,1,0,0,0
889,3.14E-01,2.06E-01,3.07E-01,0,889,ERODED,1,1,1,1,1,1,1,0,0.00E+00,0.00E+00,0,0,1,0.00E+00,1,1,1,1,1
891,2.20E-01,1.72E-01,3.09E-01,0,891,ERODED,1,1,1,1,1,1,1,0,0.00E+00,0.00E+00,0,0,1,0.00E+00,1,1,1,1,1
895,9.98E-02,7.73E-02,2.42E-01,6,895,Not eroded,0,0,1,1,1,1,0,2.92E-07,1.33E-07,5.09E-08,3.25E-07,5.41E-08,0,5.81E-04,0,0,0,0,0
902,9.48E-02,1.38E-01,2.56E-01,0,902,Not eroded,0,0,1,1,1,1,1,0,0.00E+00,0.00E+00,0,0,1,0.00E+00,1,1,1,1,1
904,2.96E-01,2.01E-01,2.73E-01,0,904,ERODED,1,1,1,1,1,1,1,0,0.00E+00,0.00E+00,0,0,1,0.00E+00,1,1,1,1,1
907,1.28E-01,6.49E-02,2.88E-01,4,907,Not eroded,0,0,1,1,1,1,1,1.89E-08,-1.38E-08,2.04E-07,2.05E-07,5.14E-08,0,3.67E-04,1,1,0,0,0
924,6.50E-02,1.64E-01,2.78E-01,0,924,Not eroded,0,0,1,1,1,1,1,0,0.00E+00,0.00E+00,0,0,1,0.00E+00,1,1,1,1,1
928,5.55E-02,7.63E-02,3.08E-01,2,928,Not eroded,0,0,1,1,1,1,1,-1.16E-07,-8.53E-08,-8.16E-08,1.66E-07,8.28E-08,1,2.97E-04,1,1,1,0,0
934,1.33E-01,7.51E-02,2.46E-01,4,934,Not eroded,0,0,1,1,1,1,0,1.72E-07,8.26E-08,-2.92E-09,1.91E-07,4.76E-08,0,3.42E-04,1,1,0,0,0
936,2.85E-01,1.48E-01,3.21E-01,0,936,ERODED,1,1,1,1,1,1,1,0,0.00E+00,0.00E+00,0,0,1,0.00E+00,1,1,1,1,1
939,2.55E-01,1.74E-01,2.96E-01,4,939,Not eroded,0,0,1,1,1,1,1,2.34E-06,2.58E-06,-9.33E-07,3.60E-06,9.01E-07,0,6.44E-03,1,1,0,0,0
941,3.19E-01,2.86E-01,2.92E-01,5,941,Not eroded,0,0,1,1,1,1,1,2.33E-07,3.29E-06,2.48E-07,3.31E-06,6.61E-07,0,5.92E-03,0,1,0,0,0
942,1.02E-01,2.01E-01,3.15E-01,0,942,ERODED,1,1,1,1,1,1,1,0,0.00E+00,0.00E+00,0,0,1,0.00E+00,1,1,1,1,1
944,1.49E-01,6.86E-02,2.69E-01,4,944,Not eroded,0,0,1,1,1,1,1,-2.37E-07,1.03E-07,-4.55E-07,5.24E-07,1.31E-07,0,9.37E-04,1,1,0,0,0
950,1.99E-01,1.91E-01,2.69E-01,4,950,Not eroded,0,0,1,1,1,1,1,-1.28E-06,3.05E-07,4.88E-06,5.06E-06,1.26E-06,0,9.05E-03,1,1,0,0,0
954,1.12E-01,1.48E-01,3.23E-01,0,954,ERODED,1,1,1,1,1,1,1,0,0.00E+00,0.00E+00,0,0,1,0.00E+00,1,1,1,1,1
955,3.00E-01,2.25E-01,2.85E-01,1,955,ERODED,1,1,1,1,1,1,1,0.000183628,1.90E-04,2.67E-05,0.000265627,0.000265627,1,4.75E-01,1,1,1,1,0
958,5.60E-02,1.61E-01,2.41E-01,3,958,Not eroded,0,0,1,1,1,1,0,-1.27E-08,1.50E-08,6.57E-07,6.57E-07,2.19E-07,1,1.18E-03,1,1,0,0,0
962,1.78E-01,3.17E-01,2.82E-01,6,962,Not eroded,0,0,1,1,1,1,1,1.46E-08,1.82E-07,-3.55E-07,3.99E-07,6.66E-08,0,7.14E-04,0,0,0,0,0
963,2.72E-01,1.34E-01,2.96E-01,3,963,Not eroded,0,0,1,1,1,1,1,7.81E-08,-1.03E-07,1.99E-07,2.37E-07,7.91E-08,1,4.24E-04,1,1,0,0,0
972,3.00E-01,2.89E-01,2.87E-01,0,972,Not eroded,0,0,1,1,1,1,1,0,0.00E+00,0.00E+00,0,0,1,0.00E+00,1,1,1,1,1
978,3.24E-01,2.52E-01,2.92E-01,3,978,Not eroded,0,0,1,1,1,1,1,4.14E-07,4.29E-06,-3.28E-06,5.42E-06,1.81E-06,1,9.69E-03,1,1,0,0,0
980,3.24E-01,1.26E-01,2.68E-01,2,980,Not eroded,0,0,1,1,1,1,1,-1.43E-06,-8.41E-07,7.65E-07,1.82E-06,9.12E-07,1,3.26E-03,1,1,1,0,0
981,1.72E-01,1.55E-01,2.87E-01,3,981,Not eroded,0,0,1,1,1,1,1,2.04E-07,1.54E-06,1.43E-06,2.11E-06,7.03E-07,1,3.77E-03,1,1,0,0,0
983,2.35E-01,2.77E-01,2.54E-01,0,983,Not eroded,0,0,1,1,1,1,1,0,0.00E+00,0.00E+00,0,0,1,0.00E+00,1,1,1,1,1
987,2.71E-01,3.25E-01,2.97E-01,0,987,ERODED,1,1,1,1,1,1,1,0,0.00E+00,0.00E+00,0,0,1,0.00E+00,1,1,1,1,1
989,3.24E-01,1.46E-01,2.41E-01,0,989,Not eroded,0,0,1,1,1,1,0,0,0.00E+00,0.00E+00,0,0,1,0.00E+00,1,1,1,1,1
993,1.95E-01,3.07E-01,2.86E-01,3,993,Not eroded,0,0,1,1,1,1,1,3.55E-07,4.87E-07,2.48E-07,6.52E-07,2.17E-07,1,1.17E-03,1,1,0,0,0
994,1.30E-01,2.55E-01,2.92E-01,6,994,Not eroded,0,0,1,1,1,1,1,-6.72E-08,2.39E-08,4.79E-07,4.85E-07,8.08E-08,0,8.68E-04,0,0,0,0,0
996,1.46E-01,3.16E-01,3.14E-01,4,996,Not eroded,0,0,1,1,1,1,1,-2.66E-07,1.10E-06,3.96E-08,1.14E-06,2.84E-07,0,2.04E-03,1,1,0,0,0
1000,2.69E-01,9.61E-02,2.75E-01,0,1000,ERODED,1,1,1,1,1,1,1,0,0.00E+00,0.00E+00,0,0,1,0.00E+00,1,1,1,1,1
1001,9.08E-02,5.82E-02,2.66E-01,3,1001,Not eroded,0,0,1,1,1,1,1,1.49E-07,1.75E-07,1.44E-07,2.71E-07,9.04E-08,1,4.85E-04,1,1,0,0,0
1006,1.78E-01,2.02E-01,2.72E-01,6,1006,Not eroded,0,0,1,1,1,1,1,-5.57E-07,3.01E-06,1.90E-06,3.61E-06,6.01E-07,0,6.46E-03,0,0,0,0,0
1007,5.60E-02,9.72E-02,2.87E-01,5,1007,Not eroded,0,0,1,1,1,1,1,-1.76E-07,2.59E-07,7.81E-08,3.23E-07,6.46E-08,0,5.78E-04,0,1,0,0,0
1019,1.78E-01,7.44E-02,2.84E-01,4,1019,Not eroded,0,0,1,1,1,1,1,1.04E-07,-5.11E-07,-4.35E-07,6.79E-07,1.70E-07,0,1.21E-03,1,1,0,0,0
1022,1.00E-01,2.53E-01,2.45E-01,0,1022,Not eroded,0,0,1,1,1,1,0,0,0.00E+00,0.00E+00,0,0,1,0.00E+00,1,1,1,1,1
1028,2.79E-01,2.36E-01,2.97E-01,0,1028,Not eroded,0,0,1,1,1,1,1,0,0.00E+00,0.00E+00,0,0,1,0.00E+00,1,1,1,1,1
1030,2.16E-01,5.61E-02,2.68E-01,3,1030,Not eroded,0,0,1,1,1,1,1,2.77E-07,-3.36E-07,-1.97E-07,4.78E-07,1.59E-07,1,8.55E-04,1,1,0,0,0
1031,2.39E-01,1.85E-01,2.83E-01,4,1031,Not eroded,0,0,1,1,1,1,1,-3.12E-06,9.91E-06,5.31E-06,1.17E-05,2.92E-06,0,2.09E-02,1,1,0,0,0
1034,1.32E-01,1.39E-01,2.49E-01,4,1034,Not eroded,0,0,1,1,1,1,0,5.58E-07,7.59E-07,1.39E-06,1.68E-06,4.20E-07,0,3.01E-03,1,1,0,0,0
1038,2.83E-01,3.23E-01,3.20E-01,0,1038,ERODED,1,1,1,1,1,1,1,0,0.00E+00,0.00E+00,0,0,1,0.00E+00,1,1,1,1,1
1041,2.38E-01,1.71E-01,2.97E-01,6,1041,Not eroded,0,0,1,1,1,1,1,-3.45E-06,-3.43E-06,-1.24E-06,5.02E-06,8.37E-07,0,8.98E-03,0,0,0,0,0
1042,3.24E-01,1.12E-01,2.81E-01,0,1042,Not eroded,0,0,1,1,1,1,1,0,0.00E+00,0.00E+00,0,0,1,0.00E+00,1,1,1,1,1
1043,1.08E-01,1.15E-01,3.25E-01,0,1043,ERODED,1,1,1,1,1,1,1,0,0.00E+00,0.00E+00,0,0,1,0.00E+00,1,1,1,1,1
1046,2.85E-01,3.15E-01,2.80E-01,0,1046,Not eroded,0,0,1,1,1,1,1,0,0.00E+00,0.00E+00,0,0,1,0.00E+00,1,1,1,1,1
1056,2.95E-01,1.54E-01,3.16E-01,0,1056,ERODED,1,1,1,1,1,1,1,0,0.00E+00,0.00E+00,0,0,1,0.00E+00,1,1,1,1,1
1058,2.47E-01,1.66E-01,2.98E-01,4,1058,Not eroded,0,0,1,1,1,1,1,3.90E-06,-2.15E-06,-2.05E-06,4.90E-06,1.22E-06,0,8.76E-03,1,1,0,0,0
1059,8.47E-02,1.19E-01,2.71E-01,0,1059,Not eroded,0,0,1,1,1,1,1,0,0.00E+00,0.00E+00,0,0,1,0.00E+00,1,1,1,1,1
1061,2.55E-01,5.61E-02,2.76E-01,0,1061,Not eroded,0,0,1,1,1,1,1,0,0.00E+00,0.00E+00,0,0,1,0.00E+00,1,1,1,1,1
1067,2.60E-01,3.25E-01,2.74E-01,0,1067,ERODED,1,1,1,1,1,1,1,0,0.00E+00,0.00E+00,0,0,1,0.00E+00,1,1,1,1,1
1069,1.82E-01,3.25E-01,2.75E-01,2,1069,Not eroded,0,0,1,1,1,1,1,1.36E-07,-3.59E-07,3.71E-07,5.34E-07,2.67E-07,1,9.55E-04,1,1,1,0,0
1070,5.61E-02,2.34E-01,2.83E-01,0,1070,ERODED,1,1,1,1,1,1,1,0,0.00E+00,0.00E+00,0,0,1,0.00E+00,1,1,1,1,1
1074,1.72E-01,2.18E-01,2.74E-01,4,1074,Not eroded,0,0,1,1,1,1,1,1.03E-06,7.21E-07,2.29E-06,2.61E-06,6.52E-07,0,4.67E-03,1,1,0,0,0
1080,3.24E-01,6.06E-02,3.18E-01,0,1080,ERODED,1,1,1,1,1,1,1,0,0.00E+00,0.00E+00,0,0,1,0.00E+00,1,1,1,1,1
1084,1.87E-01,2.06E-01,2.63E-01,0,1084,Not eroded,0,0,1,1,1,1,1,0,0.00E+00,0.00E+00,0,0,1,0.00E+00,1,1,1,1,1
1089,1.41E-01,9.32E-02,2.62E-01,4,1089,Not eroded,0,0,1,1,1,1,1,2.32E-07,3.17E-07,-5.29E-10,3.93E-07,9.83E-08,0,7.03E-04,1,1,0,0,0
1091,8.49E-02,2.13E-01,3.28E-01,0,1091,ERODED,1,1,1,1,1,1,1,0,0.00E+00,0.00E+00,0,0,1,0.00E+00,1,1,1,1,1
1098,2.68E-01,1.49E-01,2.45E-01,0,1098,Not eroded,0,0,1,1,1,1,0,0,0.00E+00,0.00E+00,0,0,1,0.00E+00,1,1,1,1,1
1104,1.21E-01,2.29E-01,3.27E-01,0,1104,ERODED,1,1,1,1,1,1,1,0,0.00E+00,0.00E+00,0,0,1,0.00E+00,1,1,1,1,1
1112,1.46E-01,2.27E-01,2.97E-01,2,1112,Not eroded,0,0,1,1,1,1,1,9.25E-07,6.08E-07,9.90E-07,1.49E-06,7.43E-07,1,2.67E-03,1,1,1,0,0
1125,1.23E-01,2.10E-01,2.46E-01,3,1125,Not eroded,0,0,1,1,1,1,0,8.40E-07,4.12E-07,5.41E-07,1.08E-06,3.60E-07,1,1.93E-03,1,1,0,0,0
1131,2.20E-01,2.52E-01,2.67E-01,4,1131,Not eroded,0,0,1,1,1,1,1,6.68E-08,-8.95E-07,8.35E-07,1.23E-06,3.06E-07,0,2.20E-03,1,1,0,0,0
1133,9.68E-02,2.87E-01,2.48E-01,3,1133,Not eroded,0,0,1,1,1,1,0,-3.88E-08,1.39E-07,1.27E-07,1.92E-07,6.41E-08,1,3.43E-04,1,1,0,0,0
1141,2.85E-01,2.68E-01,2.63E-01,5,1141,Not eroded,0,0,1,1,1,1,1,-2.48E-06,4.00E-06,3.98E-07,4.73E-06,9.46E-07,0,8.46E-03,0,1,0,0,0
1142,2.67E-01,2.20E-01,2.98E-01,4,1142,Not eroded,0,0,1,1,1,1,1,8.67E-05,-1.49E-04,-1.38E-04,0.000220934,5.52E-05,0,3.95E-01,1,1,0,0,0
1152,1.15E-01,2.82E-01,2.62E-01,4,1152,Not eroded,0,0,1,1,1,1,1,5.80E-07,5.31E-07,4.96E-07,9.29E-07,2.32E-07,0,1.66E-03,1,1,0,0,0
1153,1.52E-01,1.71E-01,2.69E-01,5,1153,Not eroded,0,0,1,1,1,1,1,-1.25E-07,2.26E-07,7.13E-07,7.58E-07,1.52E-07,0,1.36E-03,0,1,0,0,0
1163,1.89E-01,2.41E-01,2.88E-01,5,1163,Not eroded,0,0,1,1,1,1,1,-2.56E-07,-2.50E-07,1.47E-06,1.52E-06,3.03E-07,0,2.72E-03,0,1,0,0,0
1165,2.89E-01,1.52E-01,2.54E-01,0,1165,Not eroded,0,0,1,1,1,1,1,0,0.00E+00,0.00E+00,0,0,1,0.00E+00,1,1,1,1,1
1168,1.94E-01,1.95E-01,3.18E-01,0,1168,ERODED,1,1,1,1,1,1,1,0,0.00E+00,0.00E+00,0,0,1,0.00E+00,1,1,1,1,1
1171,1.52E-01,7.80E-02,2.52E-01,5,1171,Not eroded,0,0,1,1,1,1,1,1.39E-07,-3.08E-07,7.88E-08,3.47E-07,6.94E-08,0,6.21E-04,0,1,0,0,0
1173,1.78E-01,1.30E-01,3.11E-01,0,1173,ERODED,1,1,1,1,1,1,1,0,0.00E+00,0.00E+00,0,0,1,0.00E+00,1,1,1,1,1
1176,2.42E-01,1.96E-01,2.41E-01,4,1176,Not eroded,0,0,1,1,1,1,0,-5.75E-06,8.75E-07,9.06E-06,1.08E-05,2.69E-06,0,1.93E-02,1,1,0,0,0
1177,1.28E-01,2.63E-01,2.81E-01,4,1177,Not eroded,0,0,1,1,1,1,1,4.00E-07,4.13E-08,5.55E-07,6.85E-07,1.71E-07,0,1.23E-03,1,1,0,0,0
1178,5.60E-02,2.59E-01,3.10E-01,0,1178,ERODED,1,1,1,1,1,1,1,0,0.00E+00,0.00E+00,0,0,1,0.00E+00,1,1,1,1,1
1180,2.33E-01,1.76E-01,2.80E-01,5,1180,Not eroded,0,0,1,1,1,1,1,1.42E-06,3.47E-06,8.38E-07,3.84E-06,7.68E-07,0,6.87E-03,0,1,0,0,0
1181,3.24E-01,1.73E-01,2.86E-01,0,1181,Not eroded,0,0,1,1,1,1,1,0,0.00E+00,0.00E+00,0,0,1,0.00E+00,1,1,1,1,1
1182,2.85E-01,1.27E-01,2.71E-01,0,1182,Not eroded,0,0,1,1,1,1,1,0,0.00E+00,0.00E+00,0,0,1,0.00E+00,1,1,1,1,1
1184,1.28E-01,5.61E-02,2.60E-01,3,1184,Not eroded,0,0,1,1,1,1,1,3.30E-07,-8.72E-07,1.02E-07,9.38E-07,3.13E-07,1,1.68E-03,1,1,0,0,0
1188,1.84E-01,9.03E-02,2.85E-01,4,1188,Not eroded,0,0,1,1,1,1,1,-7.97E-07,1.16E-07,-1.11E-08,8.05E-07,2.01E-07,0,1.44E-03,1,1,0,0,0
1197,1.69E-01,2.70E-01,2.95E-01,3,1197,Not eroded,0,0,1,1,1,1,1,2.36E-07,7.91E-07,1.34E-07,8.37E-07,2.79E-07,1,1.50E-03,1,1,0,0,0
1199,1.64E-01,1.93E-01,2.98E-01,4,1199,Not eroded,0,0,1,1,1,1,1,-2.21E-07,5.89E-07,1.16E-06,1.32E-06,3.29E-07,0,2.36E-03,1,1,0,0,0
1200,2.61E-01,7.74E-02,2.88E-01,0,1200,ERODED,1,1,1,1,1,1,1,0,0.00E+00,0.00E+00,0,0,1,0.00E+00,1,1,1,1,1
1202,2.89E-01,3.25E-01,2.79E-01,0,1202,Not eroded,0,0,1,1,1,1,1,0,0.00E+00,0.00E+00,0,0,1,0.00E+00,1,1,1,1,1
1207,2.62E-01,2.86E-01,3.17E-01,0,1207,ERODED,1,1,1,1,1,1,1,0,0.00E+00,0.00E+00,0,0,1,0.00E+00,1,1,1,1,1
1210,8.98E-02,3.25E-01,2.52E-01,0,1210,ERODED,1,1,1,1,1,1,1,0,0.00E+00,0.00E+00,0,0,1,0.00E+00,1,1,1,1,1
1216,2.06E-01,2.99E-01,2.77E-01,5,1216,Not eroded,0,0,1,1,1,1,1,1.21E-06,3.15E-07,-1.06E-06,1.64E-06,3.28E-07,0,2.93E-03,0,1,0,0,0
1218,6.02E-02,3.10E-01,3.07E-01,0,1218,ERODED,1,1,1,1,1,1,1,0,0.00E+00,0.00E+00,0,0,1,0.00E+00,1,1,1,1,1
1225,2.25E-01,2.45E-01,2.72E-01,0,1225,Not eroded,0,0,1,1,1,1,1,0,0.00E+00,0.00E+00,0,0,1,0.00E+00,1,1,1,1,1
1231,5.59E-02,1.10E-01,2.41E-01,5,1231,Not eroded,0,0,1,1,1,1,0,-2.16E-07,9.41E-08,1.71E-07,2.91E-07,5.82E-08,0,5.21E-04,0,1,0,0,0
1232,3.15E-01,2.37E-01,2.89E-01,0,1232,Not eroded,0,0,1,1,1,1,1,0,0.00E+00,0.00E+00,0,0,1,0.00E+00,1,1,1,1,1
1235,1.81E-01,2.20E-01,3.25E-01,0,1235,ERODED,1,1,1,1,1,1,1,0,0.00E+00,0.00E+00,0,0,1,0.00E+00,1,1,1,1,1
1236,3.08E-01,3.25E-01,2.41E-01,0,1236,Not eroded,0,0,1,1,1,1,0,0,0.00E+00,0.00E+00,0,0,1,0.00E+00,1,1,1,1,1
1240,1.97E-01,1.42E-01,2.82E-01,3,1240,Not eroded,0,0,1,1,1,1,1,1.18E-06,2.52E-06,2.21E-06,3.56E-06,1.19E-06,1,6.37E-03,1,1,0,0,0
1243,2.92E-01,6.66E-02,3.00E-01,0,1243,ERODED,1,1,1,1,1,1,1,0,0.00E+00,0.00E+00,0,0,1,0.00E+00,1,1,1,1,1
1244,1.97E-01,1.87E-01,3.24E-01,0,1244,ERODED,1,1,1,1,1,1,1,0,0.00E+00,0.00E+00,0,0,1,0.00E+00,1,1,1,1,1
1249,2.58E-01,1.13E-01,2.88E-01,0,1249,ERODED,1,1,1,1,1,1,1,0,0.00E+00,0.00E+00,0,0,1,0.00E+00,1,1,1,1,1
1252,2.80E-01,1.56E-01,2.77E-01,0,1252,Not eroded,0,0,1,1,1,1,1,0,0.00E+00,0.00E+00,0,0,1,0.00E+00,1,1,1,1,1
1253,2.31E-01,2.21E-01,2.89E-01,6,1253,Not eroded,0,0,1,1,1,1,1,-5.54E-06,-8.42E-06,-2.24E-05,2.46E-05,4.10E-06,0,4.40E-02,0,0,0,0,0
1256,2.94E-01,9.74E-02,3.22E-01,0,1256,ERODED,1,1,1,1,1,1,1,0,0.00E+00,0.00E+00,0,0,1,0.00E+00,1,1,1,1,1
1268,1.62E-01,1.71E-01,2.86E-01,5,1268,Not eroded,0,0,1,1,1,1,1,1.18E-07,-2.12E-07,-4.40E-07,5.02E-07,1.00E-07,0,8.98E-04,0,1,0,0,0
1271,9.78E-02,1.60E-01,2.76E-01,0,1271,ERODED,1,1,1,1,1,1,1,0,0.00E+00,0.00E+00,0,0,1,0.00E+00,1,1,1,1,1
1277,2.39E-01,2.37E-01,2.89E-01,6,1277,Not eroded,0,0,1,1,1,1,1,3.13E-05,4.29E-07,2.97E-06,3.14E-05,5.23E-06,0,5.62E-02,0,0,0,0,0
1278,9.46E-02,3.01E-01,2.64E-01,0,1278,ERODED,1,1,1,1,1,1,1,0,0.00E+00,0.00E+00,0,0,1,0.00E+00,1,1,1,1,1
1281,2.90E-01,1.79E-01,2.84E-01,0,1281,Not eroded,0,0,1,1,1,1,1,0,0.00E+00,0.00E+00,0,0,1,0.00E+00,1,1,1,1,1
1283,8.47E-02,3.25E-01,2.85E-01,0,1283,ERODED,1,1,1,1,1,1,1,0,0.00E+00,0.00E+00,0,0,1,0.00E+00,1,1,1,1,1
1287,6.68E-02,1.03E-01,2.73E-01,5,1287,Not eroded,0,0,1,1,1,1,1,1.08E-07,4.53E-08,4.07E-07,4.23E-07,8.47E-08,0,7.57E-04,0,1,0,0,0
1290,2.92E-01,2.36E-01,2.55E-01,4,1290,Not eroded,0,0,1,1,1,1,1,3.83E-06,2.03E-06,8.26E-06,9.33E-06,2.33E-06,0,1.67E-02,1,1,0,0,0
1292,2.13E-01,2.31E-01,2.47E-01,6,1292,Not eroded,0,0,1,1,1,1,0,7.53E-07,-6.82E-07,-5.78E-07,1.17E-06,1.95E-07,0,2.09E-03,0,0,0,0,0
1293,2.13E-01,1.24E-01,2.48E-01,5,1293,Not eroded,0,0,1,1,1,1,0,1.15E-06,3.16E-06,-9.41E-07,3.49E-06,6.98E-07,0,6.24E-03,0,1,0,0,0
1305,2.84E-01,1.98E-01,2.89E-01,0,1305,Not eroded,0,0,1,1,1,1,1,0,0.00E+00,0.00E+00,0,0,1,0.00E+00,1,1,1,1,1
1309,1.65E-01,1.53E-01,2.79E-01,0,1309,Not eroded,0,0,1,1,1,1,1,0,0.00E+00,0.00E+00,0,0,1,0.00E+00,1,1,1,1,1
1310,7.92E-02,3.25E-01,2.47E-01,5,1310,Not eroded,0,0,1,1,1,1,0,3.11E-08,-7.04E-07,1.11E-08,7.05E-07,1.41E-07,0,1.26E-03,0,1,0,0,0
1312,2.74E-01,9.44E-02,2.60E-01,0,1312,ERODED,1,1,1,1,1,1,1,0,0.00E+00,0.00E+00,0,0,1,0.00E+00,1,1,1,1,1
1315,2.79E-01,3.19E-01,2.94E-01,0,1315,ERODED,1,1,1,1,1,1,1,0,0.00E+00,0.00E+00,0,0,1,0.00E+00,1,1,1,1,1
1321,1.53E-01,2.92E-01,3.26E-01,0,1321,ERODED,1,1,1,1,1,1,1,0,0.00E+00,0.00E+00,0,0,1,0.00E+00,1,1,1,1,1
1325,1.04E-01,3.16E-01,2.69E-01,0,1325,ERODED,1,1,1,1,1,1,1,0,0.00E+00,0.00E+00,0,0,1,0.00E+00,1,1,1,1,1
1326,6.53E-02,1.95E-01,2.70E-01,2,1326,Not eroded,0,0,1,1,1,1,1,2.92E-08,4.34E-08,5.11E-08,7.31E-08,3.65E-08,1,1.31E-04,1,1,1,0,0
1329,2.58E-01,2.22E-01,2.51E-01,5,1329,Not eroded,0,0,1,1,1,1,1,-1.78E-06,4.87E-05,-6.19E-06,4.91E-05,9.82E-06,0,8.78E-02,0,1,0,0,0
1332,8.89E-02,2.92E-01,2.63E-01,3,1332,Not eroded,0,0,1,1,1,1,1,4.14E-08,-1.04E-07,-9.61E-08,1.48E-07,4.92E-08,1,2.65E-04,1,1,0,0,0
1336,2.13E-01,2.49E-01,3.23E-01,0,1336,ERODED,1,1,1,1,1,1,1,0,0.00E+00,0.00E+00,0,0,1,0.00E+00,1,1,1,1,1
1349,2.00E-01,1.90E-01,2.59E-01,0,1349,Not eroded,0,0,1,1,1,1,1,0,0.00E+00,0.00E+00,0,0,1,0.00E+00,1,1,1,1,1
1350,3.24E-01,1.82E-01,2.89E-01,0,1350,ERODED,1,1,1,1,1,1,1,0,0.00E+00,0.00E+00,0,0,1,0.00E+00,1,1,1,1,1
1357,3.24E-01,2.42E-01,2.93E-01,4,1357,Not eroded,0,0,1,1,1,1,1,9.34E-07,-6.90E-07,-2.94E-06,3.16E-06,7.90E-07,0,5.65E-03,1,1,0,0,0
1361,3.24E-01,1.91E-01,2.51E-01,0,1361,Not eroded,0,0,1,1,1,1,1,0,0.00E+00,0.00E+00,0,0,1,0.00E+00,1,1,1,1,1
1368,2.71E-01,2.58E-01,2.80E-01,0,1368,Not eroded,0,0,1,1,1,1,1,0,0.00E+00,0.00E+00,0,0,1,0.00E+00,1,1,1,1,1
1371,2.50E-01,1.71E-01,2.54E-01,5,1371,Not eroded,0,0,1,1,1,1,1,3.92E-06,4.84E-06,6.62E-07,6.26E-06,1.25E-06,0,1.12E-02,0,1,0,0,0
1377,2.85E-01,3.13E-01,3.16E-01,0,1377,ERODED,1,1,1,1,1,1,1,0,0.00E+00,0.00E+00,0,0,1,0.00E+00,1,1,1,1,1
1381,1.89E-01,2.17E-01,2.86E-01,5,1381,Not eroded,0,0,1,1,1,1,1,1.07E-06,2.23E-06,-6.47E-07,2.56E-06,5.11E-07,0,4.58E-03,0,1,0,0,0
1383,2.60E-01,2.10E-01,3.25E-01,3,1383,ERODED,1,1,1,1,1,1,1,-6.71E-06,7.52E-06,1.23E-06,1.02E-05,3.39E-06,1,1.82E-02,1,1,0,0,0
1386,2.10E-01,9.76E-02,2.91E-01,3,1386,Not eroded,0,0,1,1,1,1,1,2.66E-07,2.34E-08,5.98E-08,2.73E-07,9.10E-08,1,4.88E-04,1,1,0,0,0
1390,1.19E-01,2.04E-01,2.87E-01,0,1390,ERODED,1,1,1,1,1,1,1,0,0.00E+00,0.00E+00,0,0,1,0.00E+00,1,1,1,1,1
1391,2.71E-01,5.66E-02,2.56E-01,0,1391,Not eroded,0,0,1,1,1,1,1,0,0.00E+00,0.00E+00,0,0,1,0.00E+00,1,1,1,1,1
1393,2.67E-01,2.27E-01,3.13E-01,3,1393,ERODED,1,1,1,1,1,1,1,-1.31E-05,4.28E-06,-1.07E-06,1.38E-05,4.60E-06,1,2.47E-02,1,1,0,0,0
1394,2.39E-01,1.68E-01,2.48E-01,0,1394,Not eroded,0,0,1,1,1,1,0,0,0.00E+00,0.00E+00,0,0,1,0.00E+00,1,1,1,1,1
1395,1.18E-01,1.66E-01,2.53E-01,4,1395,Not eroded,0,0,1,1,1,1,1,1.63E-07,6.32E-08,-2.28E-08,1.76E-07,4.40E-08,0,3.15E-04,1,1,0,0,0
1399,2.22E-01,2.29E-01,3.25E-01,0,1399,ERODED,1,1,1,1,1,1,1,0,0.00E+00,0.00E+00,0,0,1,0.00E+00,1,1,1,1,1
1405,2.68E-01,2.34E-01,2.94E-01,0,1405,Not eroded,0,0,1,1,1,1,1,0,0.00E+00,0.00E+00,0,0,1,0.00E+00,1,1,1,1,1
1406,6.40E-02,9.35E-02,2.72E-01,7,1406,Not eroded,0,0,1,1,1,1,1,5.52E-08,1.27E-07,9.35E-10,1.39E-07,1.98E-08,0,2.49E-04,0,0,0,0,0
1412,1.77E-01,2.23E-01,2.99E-01,5,1412,Not eroded,0,0,1,1,1,1,1,1.25E-07,5.33E-07,2.59E-06,2.65E-06,5.30E-07,0,4.74E-03,0,1,0,0,0
1416,1.05E-01,1.40E-01,3.12E-01,0,1416,ERODED,1,1,1,1,1,1,1,0,0.00E+00,0.00E+00,0,0,1,0.00E+00,1,1,1,1,1
1422,1.56E-01,2.02E-01,2.84E-01,5,1422,Not eroded,0,0,1,1,1,1,1,4.14E-07,2.44E-06,-4.83E-07,2.52E-06,5.05E-07,0,4.51E-03,0,1,0,0,0
1426,5.60E-02,1.53E-01,2.54E-01,2,1426,Not eroded,0,0,1,1,1,1,1,-2.07E-07,7.56E-08,-2.10E-07,3.05E-07,1.52E-07,1,5.46E-04,1,1,1,0,0
1429,2.95E-01,2.87E-01,2.78E-01,0,1429,Not eroded,0,0,1,1,1,1,1,0,0.00E+00,0.00E+00,0,0,1,0.00E+00,1,1,1,1,1
1431,1.29E-01,2.33E-01,2.79E-01,4,1431,Not eroded,0,0,1,1,1,1,1,7.71E-07,1.65E-07,4.82E-07,9.24E-07,2.31E-07,0,1.65E-03,1,1,0,0,0
1437,9.75E-02,2.09E-01,3.30E-01,0,1437,ERODED,1,1,1,1,1,1,1,0,0.00E+00,0.00E+00,0,0,1,0.00E+00,1,1,1,1,1
1439,1.90E-01,3.07E-01,2.74E-01,4,1439,Not eroded,0,0,1,1,1,1,1,1.91E-07,1.34E-07,6.08E-07,6.52E-07,1.63E-07,0,1.17E-03,1,1,0,0,0
1440,8.88E-02,2.42E-01,2.90E-01,0,1440,ERODED,1,1,1,1,1,1,1,0,0.00E+00,0.00E+00,0,0,1,0.00E+00,1,1,1,1,1
1446,1.46E-01,3.07E-01,3.05E-01,0,1446,ERODED,1,1,1,1,1,1,1,0,0.00E+00,0.00E+00,0,0,1,0.00E+00,1,1,1,1,1
1454,3.24E-01,2.01E-01,2.71E-01,0,1454,ERODED,1,1,1,1,1,1,1,0,0.00E+00,0.00E+00,0,0,1,0.00E+00,1,1,1,1,1
1460,3.24E-01,1.92E-01,2.85E-01,0,1460,ERODED,1,1,1,1,1,1,1,0,0.00E+00,0.00E+00,0,0,1,0.00E+00,1,1,1,1,1
1462,1.96E-01,2.58E-01,2.83E-01,0,1462,Not eroded,0,0,1,1,1,1,1,0,0.00E+00,0.00E+00,0,0,1,0.00E+00,1,1,1,1,1
1464,2.32E-01,2.38E-01,2.67E-01,5,1464,Not eroded,0,0,1,1,1,1,1,-1.81E-06,5.43E-06,4.85E-06,7.50E-06,1.50E-06,0,1.34E-02,0,1,0,0,0
1467,1.54E-01,1.71E-01,2.81E-01,3,1467,Not eroded,0,0,1,1,1,1,1,6.42E-08,1.35E-07,-9.88E-07,9.99E-07,3.33E-07,1,1.79E-03,1,1,0,0,0
1471,1.40E-01,2.90E-01,2.56E-01,3,1471,Not eroded,0,0,1,1,1,1,1,2.69E-07,-1.97E-08,1.15E-07,2.93E-07,9.78E-08,1,5.24E-04,1,1,0,0,0
1480,5.79E-02,1.91E-01,2.79E-01,3,1480,Not eroded,0,0,1,1,1,1,1,5.29E-07,-1.83E-07,3.42E-07,6.56E-07,2.19E-07,1,1.17E-03,1,1,0,0,0
1486,9.47E-02,3.08E-01,2.84E-01,0,1486,ERODED,1,1,1,1,1,1,1,0,0.00E+00,0.00E+00,0,0,1,0.00E+00,1,1,1,1,1
1488,2.29E-01,2.36E-01,2.87E-01,6,1488,Not eroded,0,0,1,1,1,1,1,1.85E-05,-8.70E-06,1.49E-06,2.05E-05,3.41E-06,0,3.67E-02,0,0,0,0,0
1489,1.42E-01,2.26E-01,2.87E-01,0,1489,Not eroded,0,0,1,1,1,1,1,0,0.00E+00,0.00E+00,0,0,1,0.00E+00,1,1,1,1,1
1490,1.41E-01,3.24E-01,3.19E-01,0,1490,ERODED,1,1,1,1,1,1,1,0,0.00E+00,0.00E+00,0,0,1,0.00E+00,1,1,1,1,1
1499,2.68E-01,8.67E-02,2.90E-01,0,1499,ERODED,1,1,1,1,1,1,1,0,0.00E+00,0.00E+00,0,0,1,0.00E+00,1,1,1,1,1
1505,1.26E-01,1.07E-01,3.12E-01,0,1505,ERODED,1,1,1,1,1,1,1,0,0.00E+00,0.00E+00,0,0,1,0.00E+00,1,1,1,1,1
1509,5.60E-02,1.72E-01,2.77E-01,3,1509,Not eroded,0,0,1,1,1,1,1,-1.55E-08,1.83E-07,4.60E-07,4.95E-07,1.65E-07,1,8.85E-04,1,1,0,0,0
1513,2.62E-01,7.47E-02,2.69E-01,0,1513,ERODED,1,1,1,1,1,1,1,0,0.00E+00,0.00E+00,0,0,1,0.00E+00,1,1,1,1,1
1515,1.05E-01,2.91E-01,3.28E-01,0,1515,ERODED,1,1,1,1,1,1,1,0,0.00E+00,0.00E+00,0,0,1,0.00E+00,1,1,1,1,1
1520,7.30E-02,7.81E-02,2.64E-01,9,1520,Not eroded,0,0,1,1,1,1,1,-4.52E-08,1.05E-07,7.06E-08,1.34E-07,1.49E-08,0,2.40E-04,0,0,0,0,0
1522,9.99E-02,1.67E-01,2.69E-01,0,1522,ERODED,1,1,1,1,1,1,1,0,0.00E+00,0.00E+00,0,0,1,0.00E+00,1,1,1,1,1
1524,7.96E-02,1.21E-01,3.26E-01,0,1524,ERODED,1,1,1,1,1,1,1,0,0.00E+00,0.00E+00,0,0,1,0.00E+00,1,1,1,1,1
1526,3.25E-01,3.25E-01,3.02E-01,3,1526,Not eroded,0,0,1,1,1,1,1,4.75E-07,-2.72E-07,2.99E-07,6.24E-07,2.08E-07,1,1.12E-03,1,1,0,0,0
1527,2.14E-01,2.50E-01,3.06E-01,5,1527,Not eroded,0,0,1,1,1,1,1,3.08E-06,1.96E-06,5.20E-06,6.35E-06,1.27E-06,0,1.14E-02,0,1,0,0,0
1537,2.81E-01,1.70E-01,2.70E-01,0,1537,Not eroded,0,0,1,1,1,1,1,0,0.00E+00,0.00E+00,0,0,1,0.00E+00,1,1,1,1,1
1548,9.50E-02,5.85E-02,3.24E-01,0,1548,ERODED,1,1,1,1,1,1,1,0,0.00E+00,0.00E+00,0,0,1,0.00E+00,1,1,1,1,1
1555,5.60E-02,9.18E-02,2.67E-01,3,1555,Not eroded,0,0,1,1,1,1,1,-1.13E-07,9.93E-09,2.85E-08,1.17E-07,3.90E-08,1,2.09E-04,1,1,0,0,0
1559,2.58E-01,2.33E-01,2.88E-01,3,1559,Not eroded,0,0,1,1,1,1,1,1.17E-05,-5.04E-06,-1.49E-05,1.96E-05,6.52E-06,1,3.51E-02,1,1,0,0,0
1561,2.68E-01,8.05E-02,2.63E-01,0,1561,ERODED,1,1,1,1,1,1,1,0,0.00E+00,0.00E+00,0,0,1,0.00E+00,1,1,1,1,1
1565,2.72E-01,7.08E-02,2.61E-01,2,1565,Not eroded,0,0,1,1,1,1,1,4.47E-08,4.97E-07,-2.84E-07,5.74E-07,2.87E-07,1,1.03E-03,1,1,1,0,0
1572,2.35E-01,6.90E-02,3.21E-01,0,1572,ERODED,1,1,1,1,1,1,1,0,0.00E+00,0.00E+00,0,0,1,0.00E+00,1,1,1,1,1
1576,3.08E-01,2.00E-01,2.99E-01,0,1576,ERODED,1,1,1,1,1,1,1,0,0.00E+00,0.00E+00,0,0,1,0.00E+00,1,1,1,1,1
1581,1.35E-01,5.75E-02,2.68E-01,4,1581,Not eroded,0,0,1,1,1,1,1,9.77E-08,2.58E-07,-6.18E-08,2.82E-07,7.06E-08,0,5.04E-04,1,1,0,0,0
1583,1.31E-01,2.41E-01,2.74E-01,5,1583,Not eroded,0,0,1,1,1,1,1,8.96E-07,-1.56E-07,9.49E-07,1.31E-06,2.63E-07,0,2.34E-03,0,1,0,0,0
1617,1.39E-01,1.26E-01,2.75E-01,0,1617,ERODED,1,1,1,1,1,1,1,0,0.00E+00,0.00E+00,0,0,1,0.00E+00,1,1,1,1,1
1621,5.60E-02,1.82E-01,2.76E-01,3,1621,Not eroded,0,0,1,1,1,1,1,1.52E-07,5.69E-07,1.91E-07,6.19E-07,2.06E-07,1,1.11E-03,1,1,0,0,0
1624,2.59E-01,2.81E-01,3.00E-01,2,1624,Not eroded,0,0,1,1,1,1,1,9.61E-07,7.37E-07,1.08E-06,1.62E-06,8.12E-07,1,2.90E-03,1,1,1,0,0
1633,1.16E-01,1.02E-01,3.12E-01,0,1633,ERODED,1,1,1,1,1,1,1,0,0.00E+00,0.00E+00,0,0,1,0.00E+00,1,1,1,1,1
1634,1.08E-01,2.84E-01,3.21E-01,0,1634,ERODED,1,1,1,1,1,1,1,0,0.00E+00,0.00E+00,0,0,1,0.00E+00,1,1,1,1,1
1639,1.22E-01,9.51E-02,3.15E-01,0,1639,ERODED,1,1,1,1,1,1,1,0,0.00E+00,0.00E+00,0,0,1,0.00E+00,1,1,1,1,1
1641,2.15E-01,1.12E-01,2.47E-01,5,1641,Not eroded,0,0,1,1,1,1,0,1.12E-07,3.25E-07,2.36E-06,2.38E-06,4.76E-07,0,4.26E-03,0,1,0,0,0
1648,2.65E-01,8.80E-02,3.29E-01,0,1648,ERODED,1,1,1,1,1,1,1,0,0.00E+00,0.00E+00,0,0,1,0.00E+00,1,1,1,1,1
1653,2.08E-01,8.82E-02,2.89E-01,4,1653,Not eroded,0,0,1,1,1,1,1,-9.74E-07,2.26E-06,7.82E-08,2.46E-06,6.14E-07,0,4.40E-03,1,1,0,0,0
1660,2.91E-01,1.58E-01,2.46E-01,0,1660,Not eroded,0,0,1,1,1,1,0,0,0.00E+00,0.00E+00,0,0,1,0.00E+00,1,1,1,1,1
1669,1.68E-01,2.01E-01,2.74E-01,4,1669,Not eroded,0,0,1,1,1,1,1,-1.11E-06,3.89E-07,-1.31E-07,1.18E-06,2.95E-07,0,2.11E-03,1,1,0,0,0
1679,3.23E-01,3.13E-01,2.48E-01,0,1679,Not eroded,0,0,1,1,1,1,0,0,0.00E+00,0.00E+00,0,0,1,0.00E+00,1,1,1,1,1
1687,1.75E-01,2.51E-01,2.65E-01,4,1687,Not eroded,0,0,1,1,1,1,1,-8.24E-08,-1.20E-07,1.04E-06,1.05E-06,2.62E-07,0,1.88E-03,1,1,0,0,0
1691,2.19E-01,2.35E-01,2.53E-01,4,1691,Not eroded,0,0,1,1,1,1,1,2.06E-06,2.34E-06,6.59E-07,3.19E-06,7.97E-07,0,5.71E-03,1,1,0,0,0
1717,5.60E-02,8.14E-02,2.43E-01,3,1717,Not eroded,0,0,1,1,1,1,0,-9.45E-08,2.45E-07,5.65E-08,2.69E-07,8.95E-08,1,4.81E-04,1,1,0,0,0
1718,1.36E-01,2.79E-01,2.89E-01,0,1718,Not eroded,0,0,1,1,1,1,1,0,0.00E+00,0.00E+00,0,0,1,0.00E+00,1,1,1,1,1
1720,5.60E-02,3.16E-01,2.65E-01,3,1720,Not eroded,0,0,1,1,1,1,1,-1.08E-07,3.51E-07,3.35E-07,4.97E-07,1.66E-07,1,8.89E-04,1,1,0,0,0
1722,3.04E-01,2.79E-01,2.91E-01,5,1722,Not eroded,0,0,1,1,1,1,1,2.53E-06,3.69E-06,1.89E-06,4.86E-06,9.71E-07,0,8.69E-03,0,1,0,0,0
1724,2.79E-01,1.06E-01,3.18E-01,0,1724,ERODED,1,1,1,1,1,1,1,0,0.00E+00,0.00E+00,0,0,1,0.00E+00,1,1,1,1,1
1732,2.13E-01,5.61E-02,2.85E-01,3,1732,Not eroded,0,0,1,1,1,1,1,-4.50E-09,-2.78E-07,4.28E-08,2.81E-07,9.37E-08,1,5.03E-04,1,1,0,0,0
1738,2.39E-01,1.11E-01,2.97E-01,0,1738,ERODED,1,1,1,1,1,1,1,0,0.00E+00,0.00E+00,0,0,1,0.00E+00,1,1,1,1,1
1739,3.24E-01,2.56E-01,2.44E-01,5,1739,Not eroded,0,0,1,1,1,1,0,2.54E-06,-3.18E-06,5.80E-06,7.09E-06,1.42E-06,0,1.27E-02,0,1,0,0,0
1742,2.63E-01,1.21E-01,2.88E-01,0,1742,ERODED,1,1,1,1,1,1,1,0,0.00E+00,0.00E+00,0,0,1,0.00E+00,1,1,1,1,1
1746,6.45E-02,9.61E-02,2.41E-01,4,1746,Not eroded,0,0,1,1,1,1,0,3.17E-07,2.34E-07,1.23E-07,4.13E-07,1.03E-07,0,7.39E-04,1,1,0,0,0
1748,2.00E-01,5.61E-02,2.73E-01,3,1748,Not eroded,0,0,1,1,1,1,1,2.04E-09,-8.09E-07,-7.54E-08,8.13E-07,2.71E-07,1,1.45E-03,1,1,0,0,0
1753,5.62E-02,2.28E-01,2.41E-01,0,1753,Not eroded,0,0,1,1,1,1,0,0,0.00E+00,0.00E+00,0,0,1,0.00E+00,1,1,1,1,1
1758,2.21E-01,3.16E-01,2.58E-01,4,1758,Not eroded,0,0,1,1,1,1,1,6.24E-08,-6.98E-08,-3.09E-07,3.23E-07,8.06E-08,0,5.78E-04,1,1,0,0,0
1766,1.54E-01,1.81E-01,2.83E-01,4,1766,Not eroded,0,0,1,1,1,1,1,-1.86E-07,4.31E-09,-3.08E-07,3.60E-07,9.01E-08,0,6.44E-04,1,1,0,0,0
1770,2.51E-01,6.50E-02,2.78E-01,0,1770,Not eroded,0,0,1,1,1,1,1,0,0.00E+00,0.00E+00,0,0,1,0.00E+00,1,1,1,1,1
1775,2.14E-01,3.25E-01,2.96E-01,4,1775,Not eroded,0,0,1,1,1,1,1,6.73E-08,-5.89E-07,-3.30E-08,5.94E-07,1.48E-07,0,1.06E-03,1,1,0,0,0
1780,1.87E-01,3.11E-01,2.57E-01,3,1780,Not eroded,0,0,1,1,1,1,1,4.21E-07,-2.20E-07,6.84E-07,8.32E-07,2.77E-07,1,1.49E-03,1,1,0,0,0
1784,5.60E-02,7.87E-02,2.54E-01,4,1784,Not eroded,0,0,1,1,1,1,1,-3.89E-07,3.85E-07,6.58E-08,5.51E-07,1.38E-07,0,9.86E-04,1,1,0,0,0
1787,5.58E-02,5.66E-02,3.19E-01,2,1787,Not eroded,0,0,1,1,1,1,1,-3.76E-07,5.72E-09,6.12E-08,3.81E-07,1.90E-07,1,6.81E-04,1,1,1,0,0
1804,1.16E-01,1.91E-01,2.60E-01,2,1804,Not eroded,0,0,1,1,1,1,1,7.30E-08,1.00E-06,1.04E-06,1.44E-06,7.22E-07,1,2.58E-03,1,1,1,0,0
1820,1.60E-01,6.53E-02,2.80E-01,4,1820,Not eroded,0,0,1,1,1,1,1,4.36E-08,1.85E-07,-1.29E-07,2.30E-07,5.74E-08,0,4.11E-04,1,1,0,0,0
1821,5.60E-02,1.07E-01,2.89E-01,2,1821,Not eroded,0,0,1,1,1,1,1,2.45E-07,9.97E-08,-1.51E-07,3.05E-07,1.52E-07,1,5.46E-04,1,1,1,0,0
1825,3.02E-01,2.06E-01,3.22E-01,0,1825,ERODED,1,1,1,1,1,1,1,0,0.00E+00,0.00E+00,0,0,1,0.00E+00,1,1,1,1,1
1839,1.45E-01,3.04E-01,3.25E-01,0,1839,ERODED,1,1,1,1,1,1,1,0,0.00E+00,0.00E+00,0,0,1,0.00E+00,1,1,1,1,1
1840,2.49E-01,2.45E-01,2.94E-01,6,1840,Not eroded,0,0,1,1,1,1,1,9.99E-06,-2.26E-07,-4.40E-06,1.09E-05,1.82E-06,0,1.95E-02,0,0,0,0,0
1841,1.34E-01,1.70E-01,3.30E-01,0,1841,ERODED,1,1,1,1,1,1,1,0,0.00E+00,0.00E+00,0,0,1,0.00E+00,1,1,1,1,1
1844,1.86E-01,1.36E-01,3.15E-01,0,1844,ERODED,1,1,1,1,1,1,1,0,0.00E+00,0.00E+00,0,0,1,0.00E+00,1,1,1,1,1
1860,1.25E-01,5.60E-02,2.92E-01,5,1860,Not eroded,0,0,1,1,1,1,1,3.55E-08,-1.05E-06,1.14E-07,1.05E-06,2.11E-07,0,1.88E-03,0,1,0,0,0
1866,2.79E-01,2.52E-01,2.41E-01,5,1866,Not eroded,0,0,1,1,1,1,0,-5.37E-06,1.40E-05,3.06E-07,1.50E-05,3.00E-06,0,2.68E-02,0,1,0,0,0
1870,6.69E-02,5.65E-02,2.70E-01,0,1870,Not eroded,0,0,1,1,1,1,1,0,0.00E+00,0.00E+00,0,0,1,0.00E+00,1,1,1,1,1
1877,7.62E-02,5.60E-02,2.75E-01,4,1877,Not eroded,0,0,1,1,1,1,1,2.69E-08,-8.00E-07,4.57E-08,8.02E-07,2.01E-07,0,1.43E-03,1,1,0,0,0
1878,1.92E-01,1.96E-01,2.92E-01,6,1878,Not eroded,0,0,1,1,1,1,1,7.04E-06,3.12E-07,4.05E-07,7.06E-06,1.18E-06,0,1.26E-02,0,0,0,0,0
1879,2.55E-01,3.02E-01,2.51E-01,3,1879,Not eroded,0,0,1,1,1,1,1,-2.94E-08,-7.76E-08,5.53E-07,5.59E-07,1.86E-07,1,1.00E-03,1,1,0,0,0
1880,2.82E-01,2.37E-01,3.30E-01,0,1880,ERODED,1,1,1,1,1,1,1,0,0.00E+00,0.00E+00,0,0,1,0.00E+00,1,1,1,1,1
1884,5.60E-02,2.88E-01,2.61E-01,2,1884,Not eroded,0,0,1,1,1,1,1,1.06E-08,3.40E-07,-4.44E-07,5.59E-07,2.79E-07,1,1.00E-03,1,1,1,0,0
1885,1.97E-01,1.20E-01,2.47E-01,2,1885,Not eroded,0,0,1,1,1,1,0,1.87E-06,1.70E-07,1.49E-06,2.40E-06,1.20E-06,1,4.29E-03,1,1,1,0,0
1887,1.60E-01,2.68E-01,3.31E-01,0,1887,ERODED,1,1,1,1,1,1,1,0,0.00E+00,0.00E+00,0,0,1,0.00E+00,1,1,1,1,1
1888,1.11E-01,2.54E-01,2.91E-01,0,1888,Not eroded,0,0,1,1,1,1,1,0,0.00E+00,0.00E+00,0,0,1,0.00E+00,1,1,1,1,1
1889,3.08E-01,1.58E-01,2.56E-01,0,1889,Not eroded,0,0,1,1,1,1,1,0,0.00E+00,0.00E+00,0,0,1,0.00E+00,1,1,1,1,1
1891,1.47E-01,1.29E-01,2.69E-01,0,1891,ERODED,1,1,1,1,1,1,1,0,0.00E+00,0.00E+00,0,0,1,0.00E+00,1,1,1,1,1
1899,2.93E-01,5.62E-02,2.90E-01,0,1899,ERODED,1,1,1,1,1,1,1,0,0.00E+00,0.00E+00,0,0,1,0.00E+00,1,1,1,1,1
1901,2.17E-01,5.61E-02,2.43E-01,4,1901,Not eroded,0,0,1,1,1,1,0,-2.52E-07,-9.44E-07,-8.44E-08,9.80E-07,2.45E-07,0,1.75E-03,1,1,0,0,0
1905,1.22E-01,2.45E-01,2.49E-01,4,1905,Not eroded,0,0,1,1,1,1,0,2.60E-07,-1.67E-07,4.28E-07,5.28E-07,1.32E-07,0,9.44E-04,1,1,0,0,0
1908,1.41E-01,3.25E-01,3.08E-01,0,1908,Not eroded,0,0,1,1,1,1,1,0,0.00E+00,0.00E+00,0,0,1,0.00E+00,1,1,1,1,1
1913,6.37E-02,2.59E-01,2.75E-01,0,1913,ERODED,1,1,1,1,1,1,1,0,0.00E+00,0.00E+00,0,0,1,0.00E+00,1,1,1,1,1
1916,2.49E-01,2.35E-01,3.06E-01,3,1916,Not eroded,0,0,1,1,1,1,1,2.49E-06,1.12E-06,1.75E-06,3.24E-06,1.08E-06,1,5.80E-03,1,1,0,0,0
1919,9.38E-02,2.14E-01,3.15E-01,0,1919,ERODED,1,1,1,1,1,1,1,0,0.00E+00,0.00E+00,0,0,1,0.00E+00,1,1,1,1,1
1921,2.70E-01,2.05E-01,2.59E-01,0,1921,Not eroded,0,0,1,1,1,1,1,0,0.00E+00,0.00E+00,0,0,1,0.00E+00,1,1,1,1,1
1930,5.62E-02,8.64E-02,3.18E-01,0,1930,ERODED,1,1,1,1,1,1,1,0,0.00E+00,0.00E+00,0,0,1,0.00E+00,1,1,1,1,1
1935,1.06E-01,1.96E-01,3.33E-01,0,1935,ERODED,1,1,1,1,1,1,1,0,0.00E+00,0.00E+00,0,0,1,0.00E+00,1,1,1,1,1
1938,5.65E-02,3.18E-01,2.88E-01,0,1938,ERODED,1,1,1,1,1,1,1,0,0.00E+00,0.00E+00,0,0,1,0.00E+00,1,1,1,1,1
1939,2.44E-01,1.93E-01,3.00E-01,0,1939,Not eroded,0,0,1,1,1,1,1,0,0.00E+00,0.00E+00,0,0,1,0.00E+00,1,1,1,1,1
1941,9.08E-02,3.02E-01,2.92E-01,0,1941,ERODED,1,1,1,1,1,1,1,0,0.00E+00,0.00E+00,0,0,1,0.00E+00,1,1,1,1,1
1942,6.25E-02,1.66E-01,2.90E-01,2,1942,Not eroded,0,0,1,1,1,1,1,2.08E-07,3.30E-07,1.01E-07,4.03E-07,2.02E-07,1,7.21E-04,1,1,1,0,0
1945,1.47E-01,1.10E-01,3.25E-01,0,1945,ERODED,1,1,1,1,1,1,1,0,0.00E+00,0.00E+00,0,0,1,0.00E+00,1,1,1,1,1
1949,2.85E-01,2.59E-01,2.97E-01,2,1949,Not eroded,0,0,1,1,1,1,1,-1.92E-07,9.72E-06,1.25E-06,9.80E-06,4.90E-06,1,1.75E-02,1,1,1,0,0
1956,2.44E-01,2.33E-01,2.98E-01,5,1956,Not eroded,0,0,1,1,1,1,1,-2.74E-05,-1.16E-05,-1.77E-06,2.98E-05,5.96E-06,0,5.33E-02,0,1,0,0,0
1957,2.11E-01,2.60E-01,2.98E-01,4,1957,Not eroded,0,0,1,1,1,1,1,-2.01E-06,1.72E-06,2.51E-06,3.65E-06,9.11E-07,0,6.53E-03,1,1,0,0,0
1961,5.64E-02,2.76E-01,2.95E-01,0,1961,ERODED,1,1,1,1,1,1,1,0,0.00E+00,0.00E+00,0,0,1,0.00E+00,1,1,1,1,1
1962,9.70E-02,2.56E-01,2.87E-01,0,1962,ERODED,1,1,1,1,1,1,1,0,0.00E+00,0.00E+00,0,0,1,0.00E+00,1,1,1,1,1
1965,2.72E-01,8.67E-02,2.48E-01,4,1965,Not eroded,0,0,1,1,1,1,0,-3.73E-07,5.13E-07,4.47E-07,7.76E-07,1.94E-07,0,1.39E-03,1,1,0,0,0
1966,3.05E-01,1.99E-01,3.09E-01,0,1966,ERODED,1,1,1,1,1,1,1,0,0.00E+00,0.00E+00,0,0,1,0.00E+00,1,1,1,1,1
1972,1.26E-01,1.36E-01,2.93E-01,0,1972,ERODED,1,1,1,1,1,1,1,0,0.00E+00,0.00E+00,0,0,1,0.00E+00,1,1,1,1,1
1974,6.53E-02,2.05E-01,2.63E-01,4,1974,Not eroded,0,0,1,1,1,1,1,6.95E-08,-1.04E-08,-7.38E-10,7.03E-08,1.76E-08,0,1.26E-04,1,1,0,0,0
1978,3.04E-01,2.86E-01,2.74E-01,0,1978,Not eroded,0,0,1,1,1,1,1,0,0.00E+00,0.00E+00,0,0,1,0.00E+00,1,1,1,1,1
1989,1.57E-01,1.19E-01,2.67E-01,0,1989,Not eroded,0,0,1,1,1,1,1,0,0.00E+00,0.00E+00,0,0,1,0.00E+00,1,1,1,1,1
1993,2.17E-01,2.28E-01,3.07E-01,5,1993,Not eroded,0,0,1,1,1,1,1,1.21E-05,1.75E-06,4.98E-06,1.32E-05,2.64E-06,0,2.36E-02,0,1,0,0,0
2007,2.30E-01,2.89E-01,3.31E-01,0,2007,ERODED,1,1,1,1,1,1,1,0,0.00E+00,0.00E+00,0,0,1,0.00E+00,1,1,1,1,1
2011,2.68E-01,3.16E-01,2.92E-01,0,2011,ERODED,1,1,1,1,1,1,1,0,0.00E+00,0.00E+00,0,0,1,0.00E+00,1,1,1,1,1
2020,2.07E-01,1.71E-01,2.95E-01,4,2020,Not eroded,0,0,1,1,1,1,1,5.17E-07,9.78E-07,-3.49E-06,3.66E-06,9.16E-07,0,6.55E-03,1,1,0,0,0
2021,2.03E-01,3.07E-01,2.81E-01,4,2021,Not eroded,0,0,1,1,1,1,1,2.04E-07,3.67E-07,2.94E-07,5.13E-07,1.28E-07,0,9.18E-04,1,1,0,0,0
2028,2.03E-01,7.13E-02,2.86E-01,4,2028,Not eroded,0,0,1,1,1,1,1,-1.95E-07,5.36E-07,1.39E-07,5.87E-07,1.47E-07,0,1.05E-03,1,1,0,0,0
2031,2.52E-01,3.08E-01,2.88E-01,0,2031,Not eroded,0,0,1,1,1,1,1,0,0.00E+00,0.00E+00,0,0,1,0.00E+00,1,1,1,1,1
2036,1.04E-01,6.51E-02,2.58E-01,4,2036,Not eroded,0,0,1,1,1,1,1,3.44E-07,2.42E-07,-1.35E-08,4.21E-07,1.05E-07,0,7.53E-04,1,1,0,0,0
2043,2.97E-01,2.51E-01,3.20E-01,0,2043,ERODED,1,1,1,1,1,1,1,0,0.00E+00,0.00E+00,0,0,1,0.00E+00,1,1,1,1,1
2050,1.76E-01,5.61E-02,2.69E-01,2,2050,Not eroded,0,0,1,1,1,1,1,2.27E-07,-1.17E-06,-5.41E-08,1.19E-06,5.96E-07,1,2.13E-03,1,1,1,0,0
2051,7.54E-02,3.24E-01,3.01E-01,0,2051,ERODED,1,1,1,1,1,1,1,0,0.00E+00,0.00E+00,0,0,1,0.00E+00,1,1,1,1,1
2052,1.90E-01,1.82E-01,2.45E-01,0,2052,Not eroded,0,0,1,1,1,1,0,0,0.00E+00,0.00E+00,0,0,1,0.00E+00,1,1,1,1,1
2057,1.56E-01,5.61E-02,2.63E-01,3,2057,Not eroded,0,0,1,1,1,1,1,9.95E-07,-8.33E-07,-3.06E-09,1.30E-06,4.33E-07,1,2.33E-03,1,1,0,0,0
2059,5.96E-02,1.09E-01,2.50E-01,4,2059,Not eroded,0,0,1,1,1,1,0,-4.15E-10,4.36E-08,3.08E-07,3.11E-07,7.78E-08,0,5.56E-04,1,1,0,0,0
2061,2.82E-01,1.60E-01,2.49E-01,0,2061,Not eroded,0,0,1,1,1,1,0,0,0.00E+00,0.00E+00,0,0,1,0.00E+00,1,1,1,1,1
2066,2.58E-01,2.56E-01,2.58E-01,4,2066,Not eroded,0,0,1,1,1,1,1,-4.48E-06,5.91E-06,-7.48E-06,1.05E-05,2.63E-06,0,1.88E-02,1,1,0,0,0
2068,2.25E-01,2.89E-01,2.97E-01,0,2068,Not eroded,0,0,1,1,1,1,1,0,0.00E+00,0.00E+00,0,0,1,0.00E+00,1,1,1,1,1
2074,1.05E-01,1.87E-01,3.04E-01,0,2074,ERODED,1,1,1,1,1,1,1,0,0.00E+00,0.00E+00,0,0,1,0.00E+00,1,1,1,1,1
2079,2.46E-01,3.18E-01,2.52E-01,0,2079,Not eroded,0,0,1,1,1,1,1,0,0.00E+00,0.00E+00,0,0,1,0.00E+00,1,1,1,1,1
2081,1.15E-01,2.63E-01,3.26E-01,0,2081,ERODED,1,1,1,1,1,1,1,0,0.00E+00,0.00E+00,0,0,1,0.00E+00,1,1,1,1,1
2091,2.80E-01,9.86E-02,2.50E-01,0,2091,Not eroded,0,0,1,1,1,1,0,0,0.00E+00,0.00E+00,0,0,1,0.00E+00,1,1,1,1,1
2094,2.94E-01,1.97E-01,2.92E-01,0,2094,Not eroded,0,0,1,1,1,1,1,0,0.00E+00,0.00E+00,0,0,1,0.00E+00,1,1,1,1,1
2098,9.34E-02,2.04E-01,3.05E-01,0,2098,ERODED,1,1,1,1,1,1,1,0,0.00E+00,0.00E+00,0,0,1,0.00E+00,1,1,1,1,1
2100,2.08E-01,3.08E-01,2.44E-01,3,2100,Not eroded,0,0,1,1,1,1,0,4.10E-08,2.82E-07,2.09E-07,3.53E-07,1.18E-07,1,6.31E-04,1,1,0,0,0
2101,6.72E-02,1.63E-01,2.98E-01,4,2101,Not eroded,0,0,1,1,1,1,1,5.06E-09,2.07E-07,6.61E-08,2.18E-07,5.44E-08,0,3.90E-04,1,1,0,0,0
2103,2.04E-01,3.25E-01,2.96E-01,4,2103,Not eroded,0,0,1,1,1,1,1,-2.84E-08,-7.92E-07,3.19E-07,8.54E-07,2.13E-07,0,1.53E-03,1,1,0,0,0
2106,2.88E-01,2.92E-01,2.41E-01,0,2106,Not eroded,0,0,1,1,1,1,0,0,0.00E+00,0.00E+00,0,0,1,0.00E+00,1,1,1,1,1
2110,1.78E-01,6.08E-02,2.97E-01,5,2110,Not eroded,0,0,1,1,1,1,1,-1.28E-08,6.42E-07,6.64E-08,6.46E-07,1.29E-07,0,1.16E-03,0,1,0,0,0
2113,1.54E-01,1.78E-01,2.92E-01,4,2113,Not eroded,0,0,1,1,1,1,1,5.98E-08,4.18E-07,-1.14E-06,1.22E-06,3.05E-07,0,2.18E-03,1,1,0,0,0
2114,2.91E-01,2.21E-01,2.90E-01,2,2114,Not eroded,0,0,1,1,1,1,1,-0.000154424,1.31E-04,1.56E-04,0.000255621,0.000127811,1,4.57E-01,1,1,1,0,0
2115,2.30E-01,1.36E-01,2.89E-01,5,2115,Not eroded,0,0,1,1,1,1,1,1.82E-06,-2.78E-07,8.35E-07,2.02E-06,4.04E-07,0,3.61E-03,0,1,0,0,0
2121,3.15E-01,9.92E-02,2.85E-01,0,2121,Not eroded,0,0,1,1,1,1,1,0,0.00E+00,0.00E+00,0,0,1,0.00E+00,1,1,1,1,1
2124,1.37E-01,2.36E-01,2.49E-01,0,2124,Not eroded,0,0,1,1,1,1,0,0,0.00E+00,0.00E+00,0,0,1,0.00E+00,1,1,1,1,1
2125,1.78E-01,2.14E-01,2.96E-01,5,2125,Not eroded,0,0,1,1,1,1,1,3.38E-07,-8.53E-07,1.17E-06,1.49E-06,2.98E-07,0,2.67E-03,0,1,0,0,0
2144,1.85E-01,3.06E-01,2.44E-01,0,2144,Not eroded,0,0,1,1,1,1,0,0,0.00E+00,0.00E+00,0,0,1,0.00E+00,1,1,1,1,1
2146,2.67E-01,1.40E-01,2.85E-01,0,2146,Not eroded,0,0,1,1,1,1,1,0,0.00E+00,0.00E+00,0,0,1,0.00E+00,1,1,1,1,1
2152,1.89E-01,3.01E-01,2.96E-01,4,2152,Not eroded,0,0,1,1,1,1,1,4.04E-07,5.26E-08,1.81E-07,4.46E-07,1.12E-07,0,7.98E-04,1,1,0,0,0
2153,2.56E-01,1.78E-01,3.05E-01,3,2153,Not eroded,0,0,1,1,1,1,1,1.53E-05,-4.10E-06,-5.32E-08,1.59E-05,5.29E-06,1,2.84E-02,1,1,0,0,0
2157,1.35E-01,3.07E-01,2.53E-01,4,2157,Not eroded,0,0,1,1,1,1,1,-1.77E-07,1.24E-07,6.47E-07,6.82E-07,1.70E-07,0,1.22E-03,1,1,0,0,0
2162,2.61E-01,6.46E-02,2.71E-01,0,2162,Not eroded,0,0,1,1,1,1,1,0,0.00E+00,0.00E+00,0,0,1,0.00E+00,1,1,1,1,1
2166,2.20E-01,2.27E-01,2.79E-01,5,2166,Not eroded,0,0,1,1,1,1,1,-9.90E-07,6.12E-06,8.36E-07,6.25E-06,1.25E-06,0,1.12E-02,0,1,0,0,0
2172,1.86E-01,7.33E-02,2.73E-01,0,2172,Not eroded,0,0,1,1,1,1,1,0,0.00E+00,0.00E+00,0,0,1,0.00E+00,1,1,1,1,1
2181,2.75E-01,1.10E-01,2.66E-01,0,2181,Not eroded,0,0,1,1,1,1,1,0,0.00E+00,0.00E+00,0,0,1,0.00E+00,1,1,1,1,1
2191,2.47E-01,2.44E-01,2.68E-01,4,2191,Not eroded,0,0,1,1,1,1,1,-1.34E-06,-2.15E-06,-6.42E-06,6.90E-06,1.72E-06,0,1.23E-02,1,1,0,0,0
2195,1.77E-01,1.80E-01,2.87E-01,0,2195,Not eroded,0,0,1,1,1,1,1,0,0.00E+00,0.00E+00,0,0,1,0.00E+00,1,1,1,1,1
2196,2.72E-01,1.06E-01,2.75E-01,0,2196,Not eroded,0,0,1,1,1,1,1,0,0.00E+00,0.00E+00,0,0,1,0.00E+00,1,1,1,1,1
2202,2.25E-01,1.96E-01,2.43E-01,4,2202,Not eroded,0,0,1,1,1,1,0,-5.53E-06,2.54E-06,-1.51E-06,6.27E-06,1.57E-06,0,1.12E-02,1,1,0,0,0
2225,2.06E-01,6.48E-02,2.45E-01,4,2225,Not eroded,0,0,1,1,1,1,0,-3.46E-09,-1.55E-07,-2.36E-07,2.83E-07,7.07E-08,0,5.06E-04,1,1,0,0,0
2226,1.56E-01,5.61E-02,2.47E-01,3,2226,Not eroded,0,0,1,1,1,1,0,-3.14E-07,-1.06E-06,-1.60E-07,1.11E-06,3.72E-07,1,1.99E-03,1,1,0,0,0
2229,1.19E-01,2.56E-01,2.79E-01,3,2229,Not eroded,0,0,1,1,1,1,1,6.00E-07,1.03E-06,5.52E-07,1.31E-06,4.37E-07,1,2.34E-03,1,1,0,0,0
2233,8.94E-02,1.57E-01,2.58E-01,2,2233,Not eroded,0,0,1,1,1,1,1,7.23E-07,3.24E-07,2.10E-08,7.92E-07,3.96E-07,1,1.42E-03,1,1,1,0,0
2234,1.08E-01,1.95E-01,2.87E-01,0,2234,ERODED,1,1,1,1,1,1,1,0,0.00E+00,0.00E+00,0,0,1,0.00E+00,1,1,1,1,1
2244,3.12E-01,7.12E-02,2.87E-01,0,2244,ERODED,1,1,1,1,1,1,1,0,0.00E+00,0.00E+00,0,0,1,0.00E+00,1,1,1,1,1
2250,3.04E-01,1.93E-01,2.90E-01,0,2250,ERODED,1,1,1,1,1,1,1,0,0.00E+00,0.00E+00,0,0,1,0.00E+00,1,1,1,1,1
2263,2.81E-01,8.82E-02,3.25E-01,0,2263,ERODED,1,1,1,1,1,1,1,0,0.00E+00,0.00E+00,0,0,1,0.00E+00,1,1,1,1,1
2265,2.11E-01,2.00E-01,2.64E-01,3,2265,Not eroded,0,0,1,1,1,1,1,5.87E-07,-6.03E-07,9.73E-07,1.29E-06,4.29E-07,1,2.31E-03,1,1,0,0,0
2271,1.92E-01,2.08E-01,2.82E-01,2,2271,Not eroded,0,0,1,1,1,1,1,-2.58E-06,2.95E-06,-3.57E-07,3.93E-06,1.97E-06,1,7.03E-03,1,1,1,0,0
2278,2.67E-01,1.29E-01,2.79E-01,0,2278,Not eroded,0,0,1,1,1,1,1,0,0.00E+00,0.00E+00,0,0,1,0.00E+00,1,1,1,1,1
2279,2.74E-01,1.04E-01,2.57E-01,0,2279,Not eroded,0,0,1,1,1,1,1,0,0.00E+00,0.00E+00,0,0,1,0.00E+00,1,1,1,1,1
2286,2.82E-01,2.26E-01,2.95E-01,0,2286,Not eroded,0,0,1,1,1,1,1,0,0.00E+00,0.00E+00,0,0,1,0.00E+00,1,1,1,1,1
2288,1.47E-01,2.70E-01,2.78E-01,0,2288,Not eroded,0,0,1,1,1,1,1,0,0.00E+00,0.00E+00,0,0,1,0.00E+00,1,1,1,1,1
2291,2.06E-01,1.76E-01,3.18E-01,0,2291,ERODED,1,1,1,1,1,1,1,0,0.00E+00,0.00E+00,0,0,1,0.00E+00,1,1,1,1,1
2292,1.70E-01,2.60E-01,3.21E-01,0,2292,ERODED,1,1,1,1,1,1,1,0,0.00E+00,0.00E+00,0,0,1,0.00E+00,1,1,1,1,1
2298,2.53E-01,3.12E-01,2.49E-01,0,2298,Not eroded,0,0,1,1,1,1,0,0,0.00E+00,0.00E+00,0,0,1,0.00E+00,1,1,1,1,1
2308,2.70E-01,2.51E-01,2.44E-01,3,2308,Not eroded,0,0,1,1,1,1,0,-1.12E-06,-2.98E-06,-1.47E-06,3.50E-06,1.17E-06,1,6.26E-03,1,1,0,0,0
2311,8.36E-02,2.47E-01,2.82E-01,0,2311,ERODED,1,1,1,1,1,1,1,0,0.00E+00,0.00E+00,0,0,1,0.00E+00,1,1,1,1,1
2315,2.61E-01,1.82E-01,3.24E-01,0,2315,ERODED,1,1,1,1,1,1,1,0,0.00E+00,0.00E+00,0,0,1,0.00E+00,1,1,1,1,1
2324,5.97E-02,5.61E-02,2.88E-01,3,2324,Not eroded,0,0,1,1,1,1,1,3.88E-07,-8.86E-07,4.11E-08,9.68E-07,3.23E-07,1,1.73E-03,1,1,0,0,0
2325,1.41E-01,2.29E-01,2.43E-01,3,2325,Not eroded,0,0,1,1,1,1,0,6.85E-07,9.90E-08,8.15E-07,1.07E-06,3.56E-07,1,1.91E-03,1,1,0,0,0
2333,2.29E-01,1.38E-01,2.45E-01,0,2333,Not eroded,0,0,1,1,1,1,0,0,0.00E+00,0.00E+00,0,0,1,0.00E+00,1,1,1,1,1
2335,2.55E-01,2.91E-01,2.43E-01,3,2335,Not eroded,0,0,1,1,1,1,0,2.99E-07,3.43E-07,6.84E-07,8.22E-07,2.74E-07,1,1.47E-03,1,1,0,0,0
2346,3.17E-01,2.49E-01,3.08E-01,3,2346,Not eroded,0,0,1,1,1,1,1,2.31E-06,-2.65E-06,1.71E-06,3.91E-06,1.30E-06,1,6.99E-03,1,1,0,0,0
2352,2.16E-01,1.07E-01,2.56E-01,3,2352,Not eroded,0,0,1,1,1,1,1,5.27E-07,1.12E-06,-3.69E-07,1.29E-06,4.30E-07,1,2.31E-03,1,1,0,0,0
2353,1.52E-01,8.36E-02,2.61E-01,4,2353,Not eroded,0,0,1,1,1,1,1,-1.01E-07,1.21E-07,-2.58E-07,3.03E-07,7.57E-08,0,5.42E-04,1,1,0,0,0
2356,1.63E-01,2.11E-01,2.71E-01,0,2356,Not eroded,0,0,1,1,1,1,1,0,0.00E+00,0.00E+00,0,0,1,0.00E+00,1,1,1,1,1
2358,1.92E-01,1.46E-01,2.91E-01,3,2358,Not eroded,0,0,1,1,1,1,1,7.39E-07,-1.15E-07,3.65E-06,3.72E-06,1.24E-06,1,6.65E-03,1,1,0,0,0
2359,2.95E-01,2.37E-01,2.68E-01,4,2359,Not eroded,0,0,1,1,1,1,1,8.76E-07,1.11E-05,7.14E-07,1.11E-05,2.78E-06,0,1.99E-02,1,1,0,0,0
2373,1.45E-01,1.72E-01,2.51E-01,5,2373,Not eroded,0,0,1,1,1,1,1,1.01E-06,3.67E-08,1.54E-06,1.84E-06,3.67E-07,0,3.29E-03,0,1,0,0,0
2376,1.28E-01,2.38E-01,2.46E-01,4,2376,Not eroded,0,0,1,1,1,1,0,5.21E-07,-1.66E-08,2.91E-07,5.97E-07,1.49E-07,0,1.07E-03,1,1,0,0,0
2377,1.80E-01,2.24E-01,2.70E-01,0,2377,Not eroded,0,0,1,1,1,1,1,0,0.00E+00,0.00E+00,0,0,1,0.00E+00,1,1,1,1,1
2378,1.52E-01,2.00E-01,2.93E-01,3,2378,Not eroded,0,0,1,1,1,1,1,-4.37E-08,-7.17E-07,3.81E-07,8.13E-07,2.71E-07,1,1.45E-03,1,1,0,0,0
2380,1.88E-01,1.09E-01,2.89E-01,4,2380,Not eroded,0,0,1,1,1,1,1,4.84E-07,1.34E-06,-6.70E-08,1.43E-06,3.57E-07,0,2.56E-03,1,1,0,0,0
2381,1.44E-01,1.21E-01,2.88E-01,0,2381,ERODED,1,1,1,1,1,1,1,0,0.00E+00,0.00E+00,0,0,1,0.00E+00,1,1,1,1,1
2384,2.07E-01,3.25E-01,2.54E-01,4,2384,Not eroded,0,0,1,1,1,1,1,1.09E-08,-7.96E-07,2.30E-07,8.28E-07,2.07E-07,0,1.48E-03,1,1,0,0,0
2385,7.71E-02,3.16E-01,2.51E-01,4,2385,Not eroded,0,0,1,1,1,1,1,-1.04E-07,-9.03E-08,2.00E-07,2.43E-07,6.07E-08,0,4.35E-04,1,1,0,0,0
2387,3.13E-01,1.41E-01,2.54E-01,0,2387,Not eroded,0,0,1,1,1,1,1,0,0.00E+00,0.00E+00,0,0,1,0.00E+00,1,1,1,1,1
2388,5.85E-02,1.03E-01,3.14E-01,0,2388,ERODED,1,1,1,1,1,1,1,0,0.00E+00,0.00E+00,0,0,1,0.00E+00,1,1,1,1,1
2391,3.21E-01,1.99E-01,3.35E-01,0,2391,ERODED,1,1,1,1,1,1,1,0,0.00E+00,0.00E+00,0,0,1,0.00E+00,1,1,1,1,1
2393,2.23E-01,2.39E-01,2.64E-01,3,2393,Not eroded,0,0,1,1,1,1,1,-3.74E-06,8.90E-06,-1.75E-07,9.65E-06,3.22E-06,1,1.73E-02,1,1,0,0,0
2407,2.60E-01,2.29E-01,2.97E-01,4,2407,Not eroded,0,0,1,1,1,1,1,4.27E-06,-4.72E-05,-1.22E-04,0.000130763,3.27E-05,0,2.34E-01,1,1,0,0,0
2413,2.21E-01,7.88E-02,3.15E-01,0,2413,ERODED,1,1,1,1,1,1,1,0,0.00E+00,0.00E+00,0,0,1,0.00E+00,1,1,1,1,1
2423,2.51E-01,1.50E-01,3.07E-01,4,2423,Not eroded,0,0,1,1,1,1,1,4.86E-07,2.59E-06,1.45E-07,2.64E-06,6.61E-07,0,4.72E-03,1,1,0,0,0
2424,2.00E-01,2.01E-01,2.66E-01,4,2424,Not eroded,0,0,1,1,1,1,1,3.45E-07,4.63E-06,2.88E-06,5.46E-06,1.37E-06,0,9.77E-03,1,1,0,0,0
2428,1.58E-01,2.60E-01,2.60E-01,4,2428,Not eroded,0,0,1,1,1,1,1,1.85E-07,3.62E-07,7.20E-07,8.26E-07,2.07E-07,0,1.48E-03,1,1,0,0,0
2440,1.41E-01,2.41E-01,2.58E-01,0,2440,Not eroded,0,0,1,1,1,1,1,0,0.00E+00,0.00E+00,0,0,1,0.00E+00,1,1,1,1,1
2453,3.24E-01,1.02E-01,2.41E-01,0,2453,Not eroded,0,0,1,1,1,1,0,0,0.00E+00,0.00E+00,0,0,1,0.00E+00,1,1,1,1,1
2458,9.28E-02,1.31E-01,2.95E-01,0,2458,ERODED,1,1,1,1,1,1,1,0,0.00E+00,0.00E+00,0,0,1,0.00E+00,1,1,1,1,1
2463,1.11E-01,8.89E-02,2.88E-01,3,2463,Not eroded,0,0,1,1,1,1,1,1.70E-07,2.50E-07,-2.42E-07,3.87E-07,1.29E-07,1,6.92E-04,1,1,0,0,0
2464,3.00E-01,1.95E-01,3.00E-01,0,2464,Not eroded,0,0,1,1,1,1,1,0,0.00E+00,0.00E+00,0,0,1,0.00E+00,1,1,1,1,1
2470,2.29E-01,6.52E-02,2.44E-01,0,2470,Not eroded,0,0,1,1,1,1,0,0,0.00E+00,0.00E+00,0,0,1,0.00E+00,1,1,1,1,1
2474,1.22E-01,9.57E-02,2.44E-01,0,2474,Not eroded,0,0,1,1,1,1,0,0,0.00E+00,0.00E+00,0,0,1,0.00E+00,1,1,1,1,1
2475,2.02E-01,3.25E-01,2.63E-01,3,2475,Not eroded,0,0,1,1,1,1,1,-2.43E-07,-4.53E-07,2.79E-08,5.15E-07,1.72E-07,1,9.21E-04,1,1,0,0,0
2480,1.82E-01,2.57E-01,2.89E-01,0,2480,Not eroded,0,0,1,1,1,1,1,0,0.00E+00,0.00E+00,0,0,1,0.00E+00,1,1,1,1,1
2482,2.98E-01,2.11E-01,2.93E-01,0,2482,ERODED,1,1,1,1,1,1,1,0,0.00E+00,0.00E+00,0,0,1,0.00E+00,1,1,1,1,1
2485,2.90E-01,5.62E-02,2.49E-01,0,2485,ERODED,1,1,1,1,1,1,0,0,0.00E+00,0.00E+00,0,0,1,0.00E+00,1,1,1,1,1
2491,3.24E-01,1.49E-01,2.59E-01,0,2491,Not eroded,0,0,1,1,1,1,1,0,0.00E+00,0.00E+00,0,0,1,0.00E+00,1,1,1,1,1
2497,9.43E-02,2.28E-01,2.48E-01,5,2497,Not eroded,0,0,1,1,1,1,0,2.20E-08,1.39E-07,-1.32E-07,1.93E-07,3.87E-08,0,3.45E-04,0,1,0,0,0
2500,7.00E-02,6.40E-02,2.54E-01,5,2500,Not eroded,0,0,1,1,1,1,1,2.57E-07,1.98E-07,7.54E-08,3.33E-07,6.66E-08,0,5.96E-04,0,1,0,0,0
2503,1.53E-01,1.25E-01,3.13E-01,0,2503,ERODED,1,1,1,1,1,1,1,0,0.00E+00,0.00E+00,0,0,1,0.00E+00,1,1,1,1,1
2504,9.75E-02,1.36E-01,3.21E-01,0,2504,ERODED,1,1,1,1,1,1,1,0,0.00E+00,0.00E+00,0,0,1,0.00E+00,1,1,1,1,1
2506,2.17E-01,2.15E-01,2.77E-01,6,2506,Not eroded,0,0,1,1,1,1,1,4.11E-07,1.27E-05,1.21E-05,1.76E-05,2.94E-06,0,3.15E-02,0,0,0,0,0
2509,2.07E-01,3.00E-01,2.67E-01,4,2509,Not eroded,0,0,1,1,1,1,1,4.31E-07,7.23E-07,1.27E-08,8.42E-07,2.10E-07,0,1.51E-03,1,1,0,0,0
2510,2.59E-01,2.11E-01,2.92E-01,3,2510,Not eroded,0,0,1,1,1,1,1,1.51E-05,2.94E-05,-8.13E-06,3.40E-05,1.13E-05,1,6.08E-02,1,1,0,0,0
2511,2.69E-01,2.25E-01,2.89E-01,3,2511,Not eroded,0,0,1,1,1,1,1,7.79E-05,-7.01E-05,-6.69E-05,0.000124377,4.15E-05,1,2.22E-01,1,1,0,0,0
2517,1.72E-01,1.72E-01,2.88E-01,0,2517,Not eroded,0,0,1,1,1,1,1,0,0.00E+00,0.00E+00,0,0,1,0.00E+00,1,1,1,1,1
2520,1.36E-01,1.08E-01,3.10E-01,0,2520,ERODED,1,1,1,1,1,1,1,0,0.00E+00,0.00E+00,0,0,1,0.00E+00,1,1,1,1,1
2522,1.88E-01,1.96E-01,3.25E-01,0,2522,ERODED,1,1,1,1,1,1,1,0,0.00E+00,0.00E+00,0,0,1,0.00E+00,1,1,1,1,1
2524,1.54E-01,2.68E-01,2.72E-01,3,2524,Not eroded,0,0,1,1,1,1,1,1.05E-06,2.90E-07,5.35E-07,1.21E-06,4.04E-07,1,2.16E-03,1,1,0,0,0
2528,9.09E-02,1.18E-01,3.31E-01,0,2528,ERODED,1,1,1,1,1,1,1,0,0.00E+00,0.00E+00,0,0,1,0.00E+00,1,1,1,1,1
2533,1.56E-01,3.25E-01,2.71E-01,4,2533,Not eroded,0,0,1,1,1,1,1,1.19E-07,-3.71E-07,8.66E-08,3.99E-07,9.97E-08,0,7.14E-04,1,1,0,0,0
2534,2.75E-01,1.65E-01,2.77E-01,0,2534,Not eroded,0,0,1,1,1,1,1,0,0.00E+00,0.00E+00,0,0,1,0.00E+00,1,1,1,1,1
2543,2.32E-01,1.86E-01,2.42E-01,4,2543,Not eroded,0,0,1,1,1,1,0,2.51E-06,-1.37E-06,-3.15E-07,2.87E-06,7.18E-07,0,5.13E-03,1,1,0,0,0
2548,7.63E-02,2.31E-01,3.25E-01,0,2548,ERODED,1,1,1,1,1,1,1,0,0.00E+00,0.00E+00,0,0,1,0.00E+00,1,1,1,1,1
2552,2.31E-01,2.50E-01,3.33E-01,0,2552,ERODED,1,1,1,1,1,1,1,0,0.00E+00,0.00E+00,0,0,1,0.00E+00,1,1,1,1,1
2553,3.24E-01,2.74E-01,2.67E-01,4,2553,Not eroded,0,0,1,1,1,1,1,-3.23E-07,-1.31E-06,6.62E-07,1.50E-06,3.76E-07,0,2.68E-03,1,1,0,0,0
2560,1.85E-01,2.15E-01,3.03E-01,0,2560,ERODED,1,1,1,1,1,1,1,0,0.00E+00,0.00E+00,0,0,1,0.00E+00,1,1,1,1,1
2565,2.03E-01,6.81E-02,2.73E-01,5,2565,Not eroded,0,0,1,1,1,1,1,-2.13E-07,-1.11E-07,-1.24E-08,2.41E-07,4.81E-08,0,4.31E-04,0,1,0,0,0
2566,1.40E-01,2.95E-01,3.25E-01,0,2566,ERODED,1,1,1,1,1,1,1,0,0.00E+00,0.00E+00,0,0,1,0.00E+00,1,1,1,1,1
2569,8.26E-02,7.63E-02,2.86E-01,6,2569,Not eroded,0,0,1,1,1,1,1,1.29E-07,2.73E-07,7.90E-08,3.12E-07,5.20E-08,0,5.58E-04,0,0,0,0,0
2579,2.36E-01,2.40E-01,3.14E-01,0,2579,ERODED,1,1,1,1,1,1,1,0,0.00E+00,0.00E+00,0,0,1,0.00E+00,1,1,1,1,1
2584,2.17E-01,6.36E-02,2.75E-01,4,2584,Not eroded,0,0,1,1,1,1,1,7.09E-08,-1.25E-07,1.71E-07,2.23E-07,5.58E-08,0,3.99E-04,1,1,0,0,0
2588,1.40E-01,2.87E-01,2.69E-01,0,2588,Not eroded,0,0,1,1,1,1,1,0,0.00E+00,0.00E+00,0,0,1,0.00E+00,1,1,1,1,1
2594,1.93E-01,2.93E-01,2.54E-01,5,2594,Not eroded,0,0,1,1,1,1,1,4.02E-08,-1.90E-07,-1.58E-07,2.50E-07,5.01E-08,0,4.47E-04,0,1,0,0,0
2598,1.39E-01,5.61E-02,2.59E-01,4,2598,Not eroded,0,0,1,1,1,1,1,1.36E-07,-7.30E-07,1.70E-07,7.61E-07,1.90E-07,0,1.36E-03,1,1,0,0,0
2601,3.21E-01,1.16E-01,2.90E-01,0,2601,Not eroded,0,0,1,1,1,1,1,0,0.00E+00,0.00E+00,0,0,1,0.00E+00,1,1,1,1,1
2602,2.16E-01,3.20E-01,2.46E-01,4,2602,Not eroded,0,0,1,1,1,1,0,1.56E-07,-2.29E-07,3.53E-08,2.80E-07,6.99E-08,0,5.01E-04,1,1,0,0,0
2607,2.06E-01,1.85E-01,3.11E-01,0,2607,ERODED,1,1,1,1,1,1,1,0,0.00E+00,0.00E+00,0,0,1,0.00E+00,1,1,1,1,1
2609,7.14E-02,3.25E-01,2.53E-01,3,2609,Not eroded,0,0,1,1,1,1,1,-4.53E-08,-6.27E-07,1.30E-07,6.42E-07,2.14E-07,1,1.15E-03,1,1,0,0,0
2616,6.72E-02,6.24E-02,2.89E-01,4,2616,Not eroded,0,0,1,1,1,1,1,1.09E-07,4.41E-07,3.93E-08,4.56E-07,1.14E-07,0,8.16E-04,1,1,0,0,0
2623,2.54E-01,5.62E-02,3.25E-01,0,2623,ERODED,1,1,1,1,1,1,1,0,0.00E+00,0.00E+00,0,0,1,0.00E+00,1,1,1,1,1
2625,1.12E-01,1.15E-01,2.46E-01,4,2625,Not eroded,0,0,1,1,1,1,0,6.71E-08,2.07E-07,3.87E-07,4.44E-07,1.11E-07,0,7.94E-04,1,1,0,0,0
2629,1.44E-01,5.61E-02,2.96E-01,3,2629,Not eroded,0,0,1,1,1,1,1,4.35E-08,-9.86E-07,1.65E-08,9.87E-07,3.29E-07,1,1.77E-03,1,1,0,0,0
2630,2.86E-01,2.38E-01,2.88E-01,0,2630,ERODED,1,1,1,1,1,1,1,0,0.00E+00,0.00E+00,0,0,1,0.00E+00,1,1,1,1,1
2637,1.00E-01,8.59E-02,3.03E-01,0,2637,ERODED,1,1,1,1,1,1,1,0,0.00E+00,0.00E+00,0,0,1,0.00E+00,1,1,1,1,1
2639,9.19E-02,1.83E-01,2.70E-01,0,2639,ERODED,1,1,1,1,1,1,1,0,0.00E+00,0.00E+00,0,0,1,0.00E+00,1,1,1,1,1
2644,1.65E-01,7.45E-02,2.78E-01,4,2644,Not eroded,0,0,1,1,1,1,1,-9.45E-08,2.74E-07,-2.84E-07,4.06E-07,1.02E-07,0,7.26E-04,1,1,0,0,0
2646,2.55E-01,1.23E-01,2.82E-01,0,2646,ERODED,1,1,1,1,1,1,1,0,0.00E+00,0.00E+00,0,0,1,0.00E+00,1,1,1,1,1
2650,2.67E-01,1.25E-01,2.57E-01,0,2650,Not eroded,0,0,1,1,1,1,1,0,0.00E+00,0.00E+00,0,0,1,0.00E+00,1,1,1,1,1
2654,3.03E-01,5.62E-02,2.88E-01,0,2654,ERODED,1,1,1,1,1,1,1,0,0.00E+00,0.00E+00,0,0,1,0.00E+00,1,1,1,1,1
2658,2.42E-01,1.72E-01,2.81E-01,4,2658,Not eroded,0,0,1,1,1,1,1,1.11E-06,9.07E-06,1.47E-06,9.25E-06,2.31E-06,0,1.65E-02,1,1,0,0,0
2659,6.62E-02,1.15E-01,2.62E-01,4,2659,Not eroded,0,0,1,1,1,1,1,9.84E-08,3.11E-07,4.22E-07,5.33E-07,1.33E-07,0,9.53E-04,1,1,0,0,0
2664,2.51E-01,2.86E-01,3.21E-01,0,2664,ERODED,1,1,1,1,1,1,1,0,0.00E+00,0.00E+00,0,0,1,0.00E+00,1,1,1,1,1
2667,1.64E-01,1.79E-01,2.91E-01,4,2667,Not eroded,0,0,1,1,1,1,1,-5.67E-07,-3.94E-07,-2.14E-07,7.23E-07,1.81E-07,0,1.29E-03,1,1,0,0,0
2669,1.83E-01,9.74E-02,2.71E-01,5,2669,Not eroded,0,0,1,1,1,1,1,7.52E-07,-1.27E-06,-1.69E-08,1.48E-06,2.95E-07,0,2.65E-03,0,1,0,0,0
2670,1.39E-01,1.58E-01,2.76E-01,0,2670,Not eroded,0,0,1,1,1,1,1,0,0.00E+00,0.00E+00,0,0,1,0.00E+00,1,1,1,1,1
2672,3.24E-01,1.22E-01,2.99E-01,0,2672,Not eroded,0,0,1,1,1,1,1,0,0.00E+00,0.00E+00,0,0,1,0.00E+00,1,1,1,1,1
2674,9.21E-02,7.66E-02,2.51E-01,4,2674,Not eroded,0,0,1,1,1,1,1,2.41E-07,2.23E-07,7.25E-08,3.36E-07,8.40E-08,0,6.01E-04,1,1,0,0,0
2678,2.25E-01,1.52E-01,2.89E-01,0,2678,Not eroded,0,0,1,1,1,1,1,0,0.00E+00,0.00E+00,0,0,1,0.00E+00,1,1,1,1,1
2681,2.03E-01,2.14E-01,2.92E-01,0,2681,ERODED,1,1,1,1,1,1,1,0,0.00E+00,0.00E+00,0,0,1,0.00E+00,1,1,1,1,1
2687,9.96E-02,1.29E-01,2.75E-01,2,2687,Not eroded,0,0,1,1,1,1,1,-1.43E-07,6.68E-09,1.04E-07,1.76E-07,8.82E-08,1,3.15E-04,1,1,1,0,0
2693,2.55E-01,2.63E-01,2.91E-01,0,2693,Not eroded,0,0,1,1,1,1,1,0,0.00E+00,0.00E+00,0,0,1,0.00E+00,1,1,1,1,1
2697,2.85E-01,2.87E-01,2.50E-01,3,2697,Not eroded,0,0,1,1,1,1,0,1.42E-07,-5.45E-07,4.63E-07,7.29E-07,2.43E-07,1,1.30E-03,1,1,0,0,0
2711,5.85E-02,7.19E-02,2.97E-01,3,2711,Not eroded,0,0,1,1,1,1,1,-9.29E-08,2.95E-08,2.47E-07,2.66E-07,8.86E-08,1,4.76E-04,1,1,0,0,0
2712,2.15E-01,2.33E-01,2.98E-01,5,2712,Not eroded,0,0,1,1,1,1,1,3.03E-06,6.88E-06,-2.27E-06,7.85E-06,1.57E-06,0,1.40E-02,0,1,0,0,0
2713,3.13E-01,5.74E-02,2.95E-01,0,2713,ERODED,1,1,1,1,1,1,1,0,0.00E+00,0.00E+00,0,0,1,0.00E+00,1,1,1,1,1
2719,1.38E-01,1.06E-01,3.21E-01,0,2719,ERODED,1,1,1,1,1,1,1,0,0.00E+00,0.00E+00,0,0,1,0.00E+00,1,1,1,1,1
2731,2.25E-01,2.36E-01,3.18E-01,0,2731,ERODED,1,1,1,1,1,1,1,0,0.00E+00,0.00E+00,0,0,1,0.00E+00,1,1,1,1,1
2736,2.87E-01,1.67E-01,2.44E-01,0,2736,Not eroded,0,0,1,1,1,1,0,0,0.00E+00,0.00E+00,0,0,1,0.00E+00,1,1,1,1,1
2738,9.52E-02,2.99E-01,2.80E-01,0,2738,ERODED,1,1,1,1,1,1,1,0,0.00E+00,0.00E+00,0,0,1,0.00E+00,1,1,1,1,1
2740,1.19E-01,2.01E-01,2.63E-01,0,2740,ERODED,1,1,1,1,1,1,1,0,0.00E+00,0.00E+00,0,0,1,0.00E+00,1,1,1,1,1
2756,2.62E-01,2.14E-01,2.56E-01,3,2756,Not eroded,0,0,1,1,1,1,1,-3.99E-05,-1.23E-05,-3.25E-05,5.30E-05,1.77E-05,1,9.48E-02,1,1,0,0,0
2757,1.89E-01,8.86E-02,2.95E-01,0,2757,Not eroded,0,0,1,1,1,1,1,0,0.00E+00,0.00E+00,0,0,1,0.00E+00,1,1,1,1,1
2763,5.61E-02,2.00E-01,2.63E-01,0,2763,Not eroded,0,0,1,1,1,1,1,0,0.00E+00,0.00E+00,0,0,1,0.00E+00,1,1,1,1,1
2773,1.58E-01,2.88E-01,3.17E-01,0,2773,ERODED,1,1,1,1,1,1,1,0,0.00E+00,0.00E+00,0,0,1,0.00E+00,1,1,1,1,1
2774,3.24E-01,1.17E-01,2.42E-01,0,2774,Not eroded,0,0,1,1,1,1,0,0,0.00E+00,0.00E+00,0,0,1,0.00E+00,1,1,1,1,1
2775,2.79E-01,2.31E-01,3.06E-01,3,2775,Not eroded,0,0,1,1,1,1,1,3.06E-05,2.10E-05,-6.29E-06,3.77E-05,1.26E-05,1,6.74E-02,1,1,0,0,0
2776,8.96E-02,3.24E-01,3.16E-01,0,2776,ERODED,1,1,1,1,1,1,1,0,0.00E+00,0.00E+00,0,0,1,0.00E+00,1,1,1,1,1
2779,1.55E-01,1.11E-01,3.05E-01,0,2779,ERODED,1,1,1,1,1,1,1,0,0.00E+00,0.00E+00,0,0,1,0.00E+00,1,1,1,1,1
2780,1.97E-01,3.15E-01,2.57E-01,5,2780,Not eroded,0,0,1,1,1,1,1,1.40E-07,1.73E-07,3.75E-08,2.26E-07,4.51E-08,0,4.04E-04,0,1,0,0,0
2793,2.03E-01,3.25E-01,2.78E-01,2,2793,Not eroded,0,0,1,1,1,1,1,-4.81E-07,-2.59E-07,1.05E-08,5.47E-07,2.73E-07,1,9.78E-04,1,1,1,0,0
2794,2.03E-01,3.15E-01,2.41E-01,5,2794,Not eroded,0,0,1,1,1,1,0,3.33E-08,2.03E-07,1.51E-07,2.55E-07,5.10E-08,0,4.56E-04,0,1,0,0,0
2806,7.33E-02,3.24E-01,3.11E-01,0,2806,ERODED,1,1,1,1,1,1,1,0,0.00E+00,0.00E+00,0,0,1,0.00E+00,1,1,1,1,1
2809,2.76E-01,3.15E-01,2.85E-01,0,2809,ERODED,1,1,1,1,1,1,1,0,0.00E+00,0.00E+00,0,0,1,0.00E+00,1,1,1,1,1
2816,1.22E-01,1.36E-01,2.46E-01,0,2816,Not eroded,0,0,1,1,1,1,0,0,0.00E+00,0.00E+00,0,0,1,0.00E+00,1,1,1,1,1
2818,9.77E-02,1.03E-01,2.79E-01,0,2818,Not eroded,0,0,1,1,1,1,1,0,0.00E+00,0.00E+00,0,0,1,0.00E+00,1,1,1,1,1
2824,2.12E-01,1.75E-01,2.55E-01,4,2824,Not eroded,0,0,1,1,1,1,1,-7.07E-07,-2.88E-06,7.44E-07,3.06E-06,7.64E-07,0,5.47E-03,1,1,0,0,0
2825,2.56E-01,2.51E-01,2.89E-01,6,2825,Not eroded,0,0,1,1,1,1,1,8.70E-06,1.24E-05,9.24E-06,1.77E-05,2.95E-06,0,3.17E-02,0,0,0,0,0
2826,3.14E-01,7.75E-02,2.80E-01,0,2826,Not eroded,0,0,1,1,1,1,1,0,0.00E+00,0.00E+00,0,0,1,0.00E+00,1,1,1,1,1
2830,1.78E-01,2.10E-01,2.87E-01,5,2830,Not eroded,0,0,1,1,1,1,1,-8.13E-07,7.03E-07,2.84E-06,3.03E-06,6.07E-07,0,5.42E-03,0,1,0,0,0
2835,7.43E-02,1.68E-01,2.79E-01,0,2835,Not eroded,0,0,1,1,1,1,1,0,0.00E+00,0.00E+00,0,0,1,0.00E+00,1,1,1,1,1
2837,2.37E-01,2.57E-01,2.90E-01,0,2837,Not eroded,0,0,1,1,1,1,1,0,0.00E+00,0.00E+00,0,0,1,0.00E+00,1,1,1,1,1
2842,8.23E-02,2.97E-01,2.56E-01,0,2842,ERODED,1,1,1,1,1,1,1,0,0.00E+00,0.00E+00,0,0,1,0.00E+00,1,1,1,1,1
2845,2.06E-01,2.03E-01,3.26E-01,0,2845,ERODED,1,1,1,1,1,1,1,0,0.00E+00,0.00E+00,0,0,1,0.00E+00,1,1,1,1,1
2850,2.80E-01,1.40E-01,2.73E-01,0,2850,Not eroded,0,0,1,1,1,1,1,0,0.00E+00,0.00E+00,0,0,1,0.00E+00,1,1,1,1,1
2851,2.48E-01,2.73E-01,2.94E-01,4,2851,Not eroded,0,0,1,1,1,1,1,-5.28E-08,2.80E-06,7.96E-06,8.44E-06,2.11E-06,0,1.51E-02,1,1,0,0,0
2863,2.63E-01,8.02E-02,2.77E-01,0,2863,ERODED,1,1,1,1,1,1,1,0,0.00E+00,0.00E+00,0,0,1,0.00E+00,1,1,1,1,1
2869,1.37E-01,2.39E-01,3.15E-01,0,2869,ERODED,1,1,1,1,1,1,1,0,0.00E+00,0.00E+00,0,0,1,0.00E+00,1,1,1,1,1
2870,2.99E-01,2.05E-01,3.01E-01,0,2870,Not eroded,0,0,1,1,1,1,1,0,0.00E+00,0.00E+00,0,0,1,0.00E+00,1,1,1,1,1
2881,1.76E-01,1.71E-01,2.56E-01,0,2881,Not eroded,0,0,1,1,1,1,1,0,0.00E+00,0.00E+00,0,0,1,0.00E+00,1,1,1,1,1
2886,3.24E-01,3.24E-01,2.63E-01,0,2886,Not eroded,0,0,1,1,1,1,1,0,0.00E+00,0.00E+00,0,0,1,0.00E+00,1,1,1,1,1
2890,2.96E-01,2.35E-01,2.88E-01,0,2890,Not eroded,0,0,1,1,1,1,1,0,0.00E+00,0.00E+00,0,0,1,0.00E+00,1,1,1,1,1
2892,3.21E-01,1.74E-01,2.42E-01,4,2892,Not eroded,0,0,1,1,1,1,0,1.56E-06,-3.06E-07,1.56E-06,2.23E-06,5.57E-07,0,3.99E-03,1,1,0,0,0
2893,2.32E-01,2.12E-01,2.86E-01,3,2893,Not eroded,0,0,1,1,1,1,1,-1.75E-05,1.97E-05,-5.43E-06,2.69E-05,8.96E-06,1,4.81E-02,1,1,0,0,0
2895,1.44E-01,9.14E-02,2.50E-01,4,2895,Not eroded,0,0,1,1,1,1,0,3.88E-07,-1.12E-07,2.28E-08,4.04E-07,1.01E-07,0,7.23E-04,1,1,0,0,0
2896,1.37E-01,8.37E-02,2.49E-01,5,2896,Not eroded,0,0,1,1,1,1,0,1.27E-07,1.34E-07,-4.60E-08,1.91E-07,3.81E-08,0,3.42E-04,0,1,0,0,0
2908,1.69E-01,1.70E-01,2.42E-01,5,2908,Not eroded,0,0,1,1,1,1,0,1.68E-06,-4.69E-07,1.05E-06,2.03E-06,4.07E-07,0,3.63E-03,0,1,0,0,0
2909,5.83E-02,1.27E-01,2.64E-01,3,2909,Not eroded,0,0,1,1,1,1,1,-9.70E-08,2.30E-07,3.94E-08,2.53E-07,8.43E-08,1,4.53E-04,1,1,0,0,0
2910,2.68E-01,1.74E-01,2.51E-01,0,2910,Not eroded,0,0,1,1,1,1,1,0,0.00E+00,0.00E+00,0,0,1,0.00E+00,1,1,1,1,1
2915,1.45E-01,1.10E-01,3.05E-01,0,2915,ERODED,1,1,1,1,1,1,1,0,0.00E+00,0.00E+00,0,0,1,0.00E+00,1,1,1,1,1
2918,2.77E-01,2.12E-01,2.62E-01,0,2918,Not eroded,0,0,1,1,1,1,1,0,0.00E+00,0.00E+00,0,0,1,0.00E+00,1,1,1,1,1
2925,1.16E-01,1.07E-01,3.27E-01,0,2925,ERODED,1,1,1,1,1,1,1,0,0.00E+00,0.00E+00,0,0,1,0.00E+00,1,1,1,1,1
2927,1.14E-01,9.03E-02,2.48E-01,0,2927,Not eroded,0,0,1,1,1,1,0,0,0.00E+00,0.00E+00,0,0,1,0.00E+00,1,1,1,1,1
2932,1.57E-01,2.16E-01,2.46E-01,0,2932,Not eroded,0,0,1,1,1,1,0,0,0.00E+00,0.00E+00,0,0,1,0.00E+00,1,1,1,1,1
2936,1.92E-01,1.24E-01,3.01E-01,0,2936,ERODED,1,1,1,1,1,1,1,0,0.00E+00,0.00E+00,0,0,1,0.00E+00,1,1,1,1,1
2943,5.59E-02,9.03E-02,2.95E-01,5,2943,Not eroded,0,0,1,1,1,1,1,-8.54E-08,2.46E-07,-5.32E-08,2.66E-07,5.31E-08,0,4.76E-04,0,1,0,0,0
2947,2.53E-01,2.36E-01,2.96E-01,3,2947,Not eroded,0,0,1,1,1,1,1,3.66E-06,-5.87E-05,-4.01E-05,7.12E-05,2.37E-05,1,1.27E-01,1,1,0,0,0
2954,1.89E-01,2.08E-01,2.72E-01,6,2954,Not eroded,0,0,1,1,1,1,1,1.96E-07,4.77E-09,3.86E-06,3.86E-06,6.44E-07,0,6.90E-03,0,0,0,0,0
2956,2.44E-01,1.77E-01,2.49E-01,5,2956,Not eroded,0,0,1,1,1,1,0,2.97E-06,6.06E-06,8.41E-06,1.08E-05,2.16E-06,0,1.93E-02,0,1,0,0,0
2960,1.04E-01,1.31E-01,2.52E-01,2,2960,Not eroded,0,0,1,1,1,1,1,5.14E-07,3.16E-07,2.29E-07,6.45E-07,3.23E-07,1,1.15E-03,1,1,1,0,0
2983,1.26E-01,1.52E-01,3.11E-01,0,2983,ERODED,1,1,1,1,1,1,1,0,0.00E+00,0.00E+00,0,0,1,0.00E+00,1,1,1,1,1
2985,2.45E-01,2.79E-01,3.36E-01,0,2985,ERODED,1,1,1,1,1,1,1,0,0.00E+00,0.00E+00,0,0,1,0.00E+00,1,1,1,1,1
2989,5.59E-02,3.17E-01,2.46E-01,4,2989,Not eroded,0,0,1,1,1,1,0,2.82E-07,3.45E-07,8.91E-08,4.54E-07,1.14E-07,0,8.12E-04,1,1,0,0,0
2992,3.15E-01,2.02E-01,2.79E-01,0,2992,ERODED,1,1,1,1,1,1,1,0,0.00E+00,0.00E+00,0,0,1,0.00E+00,1,1,1,1,1
2998,6.53E-02,2.49E-01,2.97E-01,0,2998,ERODED,1,1,1,1,1,1,1,0,0.00E+00,0.00E+00,0,0,1,0.00E+00,1,1,1,1,1
3000,1.53E-01,1.91E-01,3.27E-01,0,3000,ERODED,1,1,1,1,1,1,1,0,0.00E+00,0.00E+00,0,0,1,0.00E+00,1,1,1,1,1
3003,2.59E-01,1.76E-01,2.53E-01,3,3003,Not eroded,0,0,1,1,1,1,1,-4.85E-07,-9.17E-07,3.56E-06,3.71E-06,1.24E-06,1,6.64E-03,1,1,0,0,0
3004,2.36E-01,2.89E-01,2.93E-01,0,3004,Not eroded,0,0,1,1,1,1,1,0,0.00E+00,0.00E+00,0,0,1,0.00E+00,1,1,1,1,1
3006,2.57E-01,2.65E-01,2.51E-01,3,3006,Not eroded,0,0,1,1,1,1,1,-2.86E-06,-8.94E-07,-7.40E-07,3.09E-06,1.03E-06,1,5.53E-03,1,1,0,0,0
3010,1.12E-01,2.78E-01,2.53E-01,2,3010,Not eroded,0,0,1,1,1,1,1,5.57E-07,1.56E-07,7.43E-07,9.42E-07,4.71E-07,1,1.68E-03,1,1,1,0,0
3019,1.13E-01,1.06E-01,2.41E-01,0,3019,Not eroded,0,0,1,1,1,1,0,0,0.00E+00,0.00E+00,0,0,1,0.00E+00,1,1,1,1,1
3026,3.15E-01,2.36E-01,2.79E-01,0,3026,Not eroded,0,0,1,1,1,1,1,0,0.00E+00,0.00E+00,0,0,1,0.00E+00,1,1,1,1,1
3029,2.20E-01,8.37E-02,3.25E-01,0,3029,ERODED,1,1,1,1,1,1,1,0,0.00E+00,0.00E+00,0,0,1,0.00E+00,1,1,1,1,1
3030,1.15E-01,2.13E-01,2.65E-01,3,3030,Not eroded,0,0,1,1,1,1,1,-1.12E-07,6.84E-08,5.99E-07,6.13E-07,2.04E-07,1,1.10E-03,1,1,0,0,0
3033,2.12E-01,1.90E-01,2.63E-01,4,3033,Not eroded,0,0,1,1,1,1,1,1.60E-06,3.29E-06,1.29E-08,3.66E-06,9.14E-07,0,6.55E-03,1,1,0,0,0
3035,1.89E-01,1.86E-01,2.62E-01,0,3035,Not eroded,0,0,1,1,1,1,1,0,0.00E+00,0.00E+00,0,0,1,0.00E+00,1,1,1,1,1
3042,2.40E-01,2.25E-01,2.86E-01,3,3042,Not eroded,0,0,1,1,1,1,1,-5.80E-06,-3.86E-06,2.37E-05,2.47E-05,8.24E-06,1,4.42E-02,1,1,0,0,0
3047,1.96E-01,2.02E-01,2.75E-01,6,3047,Not eroded,0,0,1,1,1,1,1,1.64E-06,5.78E-07,2.48E-06,3.03E-06,5.05E-07,0,5.42E-03,0,0,0,0,0
3050,2.58E-01,1.00E-01,3.10E-01,0,3050,ERODED,1,1,1,1,1,1,1,0,0.00E+00,0.00E+00,0,0,1,0.00E+00,1,1,1,1,1
3053,7.86E-02,7.17E-02,2.78E-01,7,3053,Not eroded,0,0,1,1,1,1,1,2.99E-07,1.29E-07,-5.67E-09,3.26E-07,4.66E-08,0,5.83E-04,0,0,0,0,0
3061,1.87E-01,1.59E-01,2.98E-01,4,3061,Not eroded,0,0,1,1,1,1,1,4.93E-07,3.22E-06,-8.36E-07,3.37E-06,8.42E-07,0,6.03E-03,1,1,0,0,0
3062,1.84E-01,3.24E-01,3.02E-01,4,3062,Not eroded,0,0,1,1,1,1,1,-5.52E-08,-2.69E-07,-1.65E-07,3.20E-07,8.01E-08,0,5.72E-04,1,1,0,0,0
3066,2.25E-01,2.21E-01,2.42E-01,4,3066,Not eroded,0,0,1,1,1,1,0,5.37E-06,-1.64E-06,3.90E-06,6.83E-06,1.71E-06,0,1.22E-02,1,1,0,0,0
3067,1.48E-01,6.12E-02,2.43E-01,3,3067,Not eroded,0,0,1,1,1,1,0,3.89E-08,-7.04E-08,-1.49E-07,1.69E-07,5.64E-08,1,3.02E-04,1,1,0,0,0
3076,1.54E-01,6.27E-02,2.87E-01,5,3076,Not eroded,0,0,1,1,1,1,1,-8.04E-08,2.63E-08,1.15E-08,8.54E-08,1.71E-08,0,1.53E-04,0,1,0,0,0
3077,1.39E-01,3.16E-01,2.56E-01,4,3077,Not eroded,0,0,1,1,1,1,1,1.74E-07,4.49E-07,1.04E-07,4.93E-07,1.23E-07,0,8.82E-04,1,1,0,0,0
3083,2.67E-01,3.25E-01,3.11E-01,0,3083,ERODED,1,1,1,1,1,1,1,0,0.00E+00,0.00E+00,0,0,1,0.00E+00,1,1,1,1,1
3088,8.32E-02,9.94E-02,3.21E-01,0,3088,ERODED,1,1,1,1,1,1,1,0,0.00E+00,0.00E+00,0,0,1,0.00E+00,1,1,1,1,1
3093,1.87E-01,6.55E-02,2.80E-01,3,3093,Not eroded,0,0,1,1,1,1,1,-2.24E-07,1.15E-06,3.31E-07,1.21E-06,4.04E-07,1,2.16E-03,1,1,0,0,0
3095,2.66E-01,1.38E-01,2.67E-01,0,3095,Not eroded,0,0,1,1,1,1,1,0,0.00E+00,0.00E+00,0,0,1,0.00E+00,1,1,1,1,1
3098,7.14E-02,1.64E-01,3.25E-01,0,3098,ERODED,1,1,1,1,1,1,1,0,0.00E+00,0.00E+00,0,0,1,0.00E+00,1,1,1,1,1
3099,3.14E-01,3.16E-01,2.44E-01,0,3099,Not eroded,0,0,1,1,1,1,0,0,0.00E+00,0.00E+00,0,0,1,0.00E+00,1,1,1,1,1
3115,1.94E-01,8.12E-02,2.78E-01,6,3115,Not eroded,0,0,1,1,1,1,1,8.02E-07,1.53E-06,3.15E-07,1.75E-06,2.92E-07,0,3.13E-03,0,0,0,0,0
3119,1.24E-01,2.51E-01,2.85E-01,4,3119,Not eroded,0,0,1,1,1,1,1,1.39E-07,5.67E-07,4.94E-07,7.65E-07,1.91E-07,0,1.37E-03,1,1,0,0,0
3125,2.60E-01,1.30E-01,2.63E-01,0,3125,Not eroded,0,0,1,1,1,1,1,0,0.00E+00,0.00E+00,0,0,1,0.00E+00,1,1,1,1,1
3131,5.62E-02,2.03E-01,3.01E-01,0,3131,Not eroded,0,0,1,1,1,1,1,0,0.00E+00,0.00E+00,0,0,1,0.00E+00,1,1,1,1,1
3146,2.85E-01,1.07E-01,3.27E-01,0,3146,ERODED,1,1,1,1,1,1,1,0,0.00E+00,0.00E+00,0,0,1,0.00E+00,1,1,1,1,1
3154,6.58E-02,5.61E-02,2.59E-01,4,3154,Not eroded,0,0,1,1,1,1,1,2.22E-07,-8.44E-07,2.58E-07,9.10E-07,2.28E-07,0,1.63E-03,1,1,0,0,0
3163,2.08E-01,1.53E-01,2.53E-01,4,3163,Not eroded,0,0,1,1,1,1,1,1.39E-06,3.84E-06,-8.56E-08,4.09E-06,1.02E-06,0,7.32E-03,1,1,0,0,0
3166,2.41E-01,2.90E-01,2.85E-01,3,3166,Not eroded,0,0,1,1,1,1,1,-4.75E-07,6.12E-07,-1.39E-06,1.59E-06,5.29E-07,1,2.84E-03,1,1,0,0,0
3170,2.38E-01,1.79E-01,2.41E-01,5,3170,Not eroded,0,0,1,1,1,1,0,-1.62E-07,1.47E-06,1.27E-06,1.95E-06,3.90E-07,0,3.49E-03,0,1,0,0,0
3171,6.11E-02,6.44E-02,2.81E-01,5,3171,Not eroded,0,0,1,1,1,1,1,1.16E-07,-1.61E-07,2.77E-07,3.41E-07,6.81E-08,0,6.10E-04,0,1,0,0,0
3177,1.45E-01,1.63E-01,3.26E-01,0,3177,ERODED,1,1,1,1,1,1,1,0,0.00E+00,0.00E+00,0,0,1,0.00E+00,1,1,1,1,1
3183,6.02E-02,2.53E-01,2.62E-01,0,3183,ERODED,1,1,1,1,1,1,1,0,0.00E+00,0.00E+00,0,0,1,0.00E+00,1,1,1,1,1
3192,2.51E-01,1.95E-01,2.55E-01,5,3192,Not eroded,0,0,1,1,1,1,1,7.80E-06,1.49E-06,3.88E-07,7.95E-06,1.59E-06,0,1.42E-02,0,1,0,0,0
3194,6.54E-02,5.60E-02,3.20E-01,4,3194,Not eroded,0,0,1,1,1,1,1,1.82E-07,-7.01E-07,2.74E-07,7.74E-07,1.93E-07,0,1.38E-03,1,1,0,0,0
3197,9.22E-02,6.38E-02,2.78E-01,8,3197,Not eroded,0,0,1,1,1,1,1,2.67E-07,4.27E-08,-1.03E-08,2.70E-07,3.38E-08,0,4.83E-04,0,0,0,0,0
3203,2.01E-01,3.11E-01,2.65E-01,6,3203,Not eroded,0,0,1,1,1,1,1,2.78E-07,4.71E-07,-7.55E-08,5.52E-07,9.20E-08,0,9.87E-04,0,0,0,0,0
3206,2.79E-01,2.73E-01,2.57E-01,5,3206,Not eroded,0,0,1,1,1,1,1,-2.56E-06,7.24E-07,7.84E-07,2.78E-06,5.55E-07,0,4.97E-03,0,1,0,0,0
3208,1.06E-01,9.78E-02,3.07E-01,0,3208,ERODED,1,1,1,1,1,1,1,0,0.00E+00,0.00E+00,0,0,1,0.00E+00,1,1,1,1,1
3210,3.25E-01,1.99E-01,2.61E-01,3,3210,Not eroded,0,0,1,1,1,1,1,-2.95E-06,-1.46E-05,-1.48E-06,1.50E-05,4.99E-06,1,2.68E-02,1,1,0,0,0
3211,1.63E-01,1.24E-01,3.21E-01,0,3211,ERODED,1,1,1,1,1,1,1,0,0.00E+00,0.00E+00,0,0,1,0.00E+00,1,1,1,1,1
3216,1.08E-01,2.69E-01,2.54E-01,0,3216,Not eroded,0,0,1,1,1,1,1,0,0.00E+00,0.00E+00,0,0,1,0.00E+00,1,1,1,1,1
3219,9.29E-02,8.97E-02,2.87E-01,6,3219,Not eroded,0,0,1,1,1,1,1,2.68E-07,7.80E-08,7.16E-08,2.88E-07,4.80E-08,0,5.15E-04,0,0,0,0,0
3220,8.65E-02,3.15E-01,3.22E-01,0,3220,ERODED,1,1,1,1,1,1,1,0,0.00E+00,0.00E+00,0,0,1,0.00E+00,1,1,1,1,1
3225,2.81E-01,1.11E-01,2.57E-01,0,3225,Not eroded,0,0,1,1,1,1,1,0,0.00E+00,0.00E+00,0,0,1,0.00E+00,1,1,1,1,1
3237,2.93E-01,2.56E-01,3.04E-01,0,3237,ERODED,1,1,1,1,1,1,1,0,0.00E+00,0.00E+00,0,0,1,0.00E+00,1,1,1,1,1
3238,2.03E-01,2.94E-01,2.54E-01,4,3238,Not eroded,0,0,1,1,1,1,1,3.38E-07,4.72E-07,1.04E-06,1.19E-06,2.98E-07,0,2.13E-03,1,1,0,0,0
3239,2.58E-01,3.25E-01,2.58E-01,3,3239,Not eroded,0,0,1,1,1,1,1,7.64E-08,-3.69E-07,1.78E-07,4.16E-07,1.39E-07,1,7.44E-04,1,1,0,0,0
3253,2.52E-01,2.20E-01,2.43E-01,5,3253,Not eroded,0,0,1,1,1,1,0,-3.92E-06,-2.67E-06,1.10E-05,1.19E-05,2.39E-06,0,2.13E-02,0,1,0,0,0
3256,1.83E-01,3.04E-01,2.66E-01,0,3256,Not eroded,0,0,1,1,1,1,1,0,0.00E+00,0.00E+00,0,0,1,0.00E+00,1,1,1,1,1
3257,1.19E-01,6.10E-02,2.85E-01,4,3257,Not eroded,0,0,1,1,1,1,1,3.94E-07,-4.80E-08,4.35E-08,3.99E-07,9.98E-08,0,7.14E-04,1,1,0,0,0
3263,2.67E-01,8.90E-02,2.68E-01,0,3263,ERODED,1,1,1,1,1,1,1,0,0.00E+00,0.00E+00,0,0,1,0.00E+00,1,1,1,1,1
3269,2.19E-01,2.36E-01,2.77E-01,4,3269,Not eroded,0,0,1,1,1,1,1,-4.17E-06,6.23E-06,-1.79E-06,7.71E-06,1.93E-06,0,1.38E-02,1,1,0,0,0
3271,1.08E-01,1.35E-01,2.89E-01,0,3271,ERODED,1,1,1,1,1,1,1,0,0.00E+00,0.00E+00,0,0,1,0.00E+00,1,1,1,1,1
3277,9.00E-02,1.08E-01,3.19E-01,0,3277,ERODED,1,1,1,1,1,1,1,0,0.00E+00,0.00E+00,0,0,1,0.00E+00,1,1,1,1,1
3278,3.24E-01,1.87E-01,3.25E-01,0,3278,ERODED,1,1,1,1,1,1,1,0,0.00E+00,0.00E+00,0,0,1,0.00E+00,1,1,1,1,1
3280,3.15E-01,5.62E-02,2.73E-01,0,3280,ERODED,1,1,1,1,1,1,1,0,0.00E+00,0.00E+00,0,0,1,0.00E+00,1,1,1,1,1
3283,1.95E-01,2.06E-01,2.91E-01,3,3283,Not eroded,0,0,1,1,1,1,1,7.34E-06,9.50E-07,5.39E-06,9.16E-06,3.05E-06,1,1.64E-02,1,1,0,0,0
3286,2.28E-01,2.53E-01,2.92E-01,4,3286,Not eroded,0,0,1,1,1,1,1,-6.16E-06,6.44E-06,7.93E-08,8.91E-06,2.23E-06,0,1.59E-02,1,1,0,0,0
3288,2.70E-01,9.79E-02,2.50E-01,0,3288,Not eroded,0,0,1,1,1,1,0,0,0.00E+00,0.00E+00,0,0,1,0.00E+00,1,1,1,1,1
3289,5.87E-02,1.17E-01,2.85E-01,0,3289,Not eroded,0,0,1,1,1,1,1,0,0.00E+00,0.00E+00,0,0,1,0.00E+00,1,1,1,1,1
3290,3.18E-01,2.51E-01,2.50E-01,6,3290,Not eroded,0,0,1,1,1,1,0,4.15E-07,-4.36E-07,4.94E-06,4.98E-06,8.30E-07,0,8.91E-03,0,0,0,0,0
3296,2.90E-01,2.24E-01,2.76E-01,0,3296,ERODED,1,1,1,1,1,1,1,0,0.00E+00,0.00E+00,0,0,1,0.00E+00,1,1,1,1,1
3298,1.32E-01,2.42E-01,2.64E-01,4,3298,Not eroded,0,0,1,1,1,1,1,4.35E-07,2.89E-07,6.28E-08,5.26E-07,1.32E-07,0,9.41E-04,1,1,0,0,0
3302,3.16E-01,3.25E-01,2.97E-01,4,3302,Not eroded,0,0,1,1,1,1,1,-7.15E-07,-8.54E-07,1.84E-07,1.13E-06,2.82E-07,0,2.02E-03,1,1,0,0,0
3308,2.40E-01,2.77E-01,2.89E-01,5,3308,Not eroded,0,0,1,1,1,1,1,-2.94E-06,6.75E-06,5.10E-06,8.96E-06,1.79E-06,0,1.60E-02,0,1,0,0,0
3309,3.24E-01,2.35E-01,2.99E-01,2,3309,Not eroded,0,0,1,1,1,1,1,2.63E-06,-1.98E-07,1.27E-06,2.93E-06,1.46E-06,1,5.24E-03,1,1,1,0,0
3313,3.04E-01,2.93E-01,2.96E-01,0,3313,Not eroded,0,0,1,1,1,1,1,0,0.00E+00,0.00E+00,0,0,1,0.00E+00,1,1,1,1,1
3315,9.74E-02,1.94E-01,3.07E-01,0,3315,ERODED,1,1,1,1,1,1,1,0,0.00E+00,0.00E+00,0,0,1,0.00E+00,1,1,1,1,1
3318,6.54E-02,1.09E-01,3.19E-01,0,3318,ERODED,1,1,1,1,1,1,1,0,0.00E+00,0.00E+00,0,0,1,0.00E+00,1,1,1,1,1
3319,2.90E-01,2.48E-01,2.56E-01,0,3319,Not eroded,0,0,1,1,1,1,1,0,0.00E+00,0.00E+00,0,0,1,0.00E+00,1,1,1,1,1
3325,9.32E-02,6.93E-02,2.44E-01,4,3325,Not eroded,0,0,1,1,1,1,0,4.30E-07,1.61E-07,1.67E-07,4.89E-07,1.22E-07,0,8.75E-04,1,1,0,0,0
3332,3.06E-01,1.07E-01,3.19E-01,0,3332,ERODED,1,1,1,1,1,1,1,0,0.00E+00,0.00E+00,0,0,1,0.00E+00,1,1,1,1,1
3338,1.33E-01,9.44E-02,2.98E-01,0,3338,ERODED,1,1,1,1,1,1,1,0,0.00E+00,0.00E+00,0,0,1,0.00E+00,1,1,1,1,1
3347,2.90E-01,1.62E-01,2.56E-01,0,3347,Not eroded,0,0,1,1,1,1,1,0,0.00E+00,0.00E+00,0,0,1,0.00E+00,1,1,1,1,1
3351,1.39E-01,2.06E-01,2.98E-01,0,3351,Not eroded,0,0,1,1,1,1,1,0,0.00E+00,0.00E+00,0,0,1,0.00E+00,1,1,1,1,1
3354,2.44E-01,5.61E-02,2.64E-01,0,3354,Not eroded,0,0,1,1,1,1,1,0,0.00E+00,0.00E+00,0,0,1,0.00E+00,1,1,1,1,1
3361,1.98E-01,2.33E-01,2.88E-01,5,3361,Not eroded,0,0,1,1,1,1,1,-1.48E-06,-2.42E-06,2.26E-06,3.63E-06,7.26E-07,0,6.49E-03,0,1,0,0,0
3363,2.34E-01,1.80E-01,2.99E-01,4,3363,Not eroded,0,0,1,1,1,1,1,4.36E-06,7.04E-06,3.54E-06,9.01E-06,2.25E-06,0,1.61E-02,1,1,0,0,0
3369,9.55E-02,2.21E-01,2.96E-01,0,3369,ERODED,1,1,1,1,1,1,1,0,0.00E+00,0.00E+00,0,0,1,0.00E+00,1,1,1,1,1
3370,2.94E-01,2.00E-01,2.62E-01,4,3370,Not eroded,0,0,1,1,1,1,1,4.84E-05,-1.24E-05,5.55E-05,7.47E-05,1.87E-05,0,1.34E-01,1,1,0,0,0
3372,5.68E-02,2.61E-01,3.25E-01,0,3372,ERODED,1,1,1,1,1,1,1,0,0.00E+00,0.00E+00,0,0,1,0.00E+00,1,1,1,1,1
3373,3.24E-01,2.44E-01,3.03E-01,0,3373,Not eroded,0,0,1,1,1,1,1,0,0.00E+00,0.00E+00,0,0,1,0.00E+00,1,1,1,1,1
3376,2.91E-01,2.69E-01,2.55E-01,4,3376,Not eroded,0,0,1,1,1,1,1,-5.43E-06,1.99E-07,8.46E-08,5.43E-06,1.36E-06,0,9.71E-03,1,1,0,0,0
3377,1.98E-01,2.18E-01,2.73E-01,4,3377,Not eroded,0,0,1,1,1,1,1,-3.55E-06,4.24E-06,-8.44E-07,5.59E-06,1.40E-06,0,1.00E-02,1,1,0,0,0
3382,1.52E-01,1.85E-01,2.66E-01,3,3382,Not eroded,0,0,1,1,1,1,1,3.34E-07,1.56E-06,8.67E-07,1.82E-06,6.05E-07,1,3.26E-03,1,1,0,0,0
3383,1.02E-01,2.03E-01,2.99E-01,0,3383,ERODED,1,1,1,1,1,1,1,0,0.00E+00,0.00E+00,0,0,1,0.00E+00,1,1,1,1,1
3387,2.58E-01,2.06E-01,3.02E-01,3,3387,Not eroded,0,0,1,1,1,1,1,3.13E-05,-1.61E-06,-9.00E-07,3.13E-05,1.04E-05,1,5.60E-02,1,1,0,0,0
3392,7.47E-02,7.01E-02,2.69E-01,6,3392,Not eroded,0,0,1,1,1,1,1,-2.70E-08,4.63E-07,-2.26E-08,4.64E-07,7.73E-08,0,8.30E-04,0,0,0,0,0
3399,1.67E-01,1.94E-01,2.81E-01,6,3399,Not eroded,0,0,1,1,1,1,1,-5.16E-07,2.05E-06,-1.38E-07,2.12E-06,3.53E-07,0,3.79E-03,0,0,0,0,0
3401,7.08E-02,6.32E-02,2.64E-01,5,3401,Not eroded,0,0,1,1,1,1,1,-3.60E-08,1.46E-07,6.09E-08,1.62E-07,3.24E-08,0,2.90E-04,0,1,0,0,0
3402,2.35E-01,1.55E-01,2.87E-01,6,3402,Not eroded,0,0,1,1,1,1,1,-4.11E-07,-2.76E-06,1.02E-06,2.97E-06,4.95E-07,0,5.31E-03,0,0,0,0,0
3403,9.13E-02,1.86E-01,2.80E-01,0,3403,ERODED,1,1,1,1,1,1,1,0,0.00E+00,0.00E+00,0,0,1,0.00E+00,1,1,1,1,1
3404,2.14E-01,1.42E-01,2.44E-01,3,3404,Not eroded,0,0,1,1,1,1,0,-3.12E-07,1.09E-06,3.93E-06,4.09E-06,1.36E-06,1,7.32E-03,1,1,0,0,0
3405,1.20E-01,2.58E-01,2.92E-01,3,3405,Not eroded,0,0,1,1,1,1,1,4.28E-07,6.62E-09,6.57E-07,7.84E-07,2.61E-07,1,1.40E-03,1,1,0,0,0
3406,5.59E-02,1.02E-01,2.72E-01,4,3406,Not eroded,0,0,1,1,1,1,1,-2.89E-07,2.29E-07,9.15E-08,3.80E-07,9.50E-08,0,6.80E-04,1,1,0,0,0
3409,5.59E-02,5.61E-02,3.02E-01,2,3409,Not eroded,0,0,1,1,1,1,1,8.99E-09,-7.95E-07,-2.29E-07,8.27E-07,4.14E-07,1,1.48E-03,1,1,1,0,0
3413,7.41E-02,2.44E-01,2.83E-01,0,3413,ERODED,1,1,1,1,1,1,1,0,0.00E+00,0.00E+00,0,0,1,0.00E+00,1,1,1,1,1
3421,6.62E-02,2.79E-01,2.97E-01,0,3421,ERODED,1,1,1,1,1,1,1,0,0.00E+00,0.00E+00,0,0,1,0.00E+00,1,1,1,1,1
3425,5.82E-02,2.54E-01,2.91E-01,0,3425,ERODED,1,1,1,1,1,1,1,0,0.00E+00,0.00E+00,0,0,1,0.00E+00,1,1,1,1,1
3427,8.42E-02,2.01E-01,2.96E-01,0,3427,ERODED,1,1,1,1,1,1,1,0,0.00E+00,0.00E+00,0,0,1,0.00E+00,1,1,1,1,1
3431,3.24E-01,8.81E-02,2.82E-01,0,3431,Not eroded,0,0,1,1,1,1,1,0,0.00E+00,0.00E+00,0,0,1,0.00E+00,1,1,1,1,1
3432,2.36E-01,8.95E-02,2.75E-01,0,3432,ERODED,1,1,1,1,1,1,1,0,0.00E+00,0.00E+00,0,0,1,0.00E+00,1,1,1,1,1
3434,2.48E-01,2.33E-01,2.89E-01,4,3434,Not eroded,0,0,1,1,1,1,1,6.22E-06,2.19E-05,1.26E-05,2.60E-05,6.50E-06,0,4.65E-02,1,1,0,0,0
3435,1.84E-01,1.51E-01,2.94E-01,2,3435,Not eroded,0,0,1,1,1,1,1,6.29E-07,8.07E-07,8.07E-08,1.03E-06,5.13E-07,1,1.84E-03,1,1,1,0,0
3436,1.29E-01,9.91E-02,3.07E-01,0,3436,ERODED,1,1,1,1,1,1,1,0,0.00E+00,0.00E+00,0,0,1,0.00E+00,1,1,1,1,1
3441,1.98E-01,1.99E-01,3.03E-01,0,3441,ERODED,1,1,1,1,1,1,1,0,0.00E+00,0.00E+00,0,0,1,0.00E+00,1,1,1,1,1
3446,2.13E-01,1.87E-01,3.20E-01,0,3446,ERODED,1,1,1,1,1,1,1,0,0.00E+00,0.00E+00,0,0,1,0.00E+00,1,1,1,1,1
3447,2.23E-01,3.24E-01,3.01E-01,3,3447,Not eroded,0,0,1,1,1,1,1,-2.49E-07,7.77E-07,2.66E-08,8.16E-07,2.72E-07,1,1.46E-03,1,1,0,0,0
3451,1.85E-01,3.02E-01,2.87E-01,3,3451,Not eroded,0,0,1,1,1,1,1,-1.30E-07,9.72E-08,3.21E-08,1.65E-07,5.51E-08,1,2.95E-04,1,1,0,0,0
3453,2.23E-01,1.62E-01,2.59E-01,4,3453,Not eroded,0,0,1,1,1,1,1,3.45E-07,6.47E-07,5.38E-08,7.36E-07,1.84E-07,0,1.32E-03,1,1,0,0,0
3456,9.93E-02,8.74E-02,2.74E-01,0,3456,Not eroded,0,0,1,1,1,1,1,0,0.00E+00,0.00E+00,0,0,1,0.00E+00,1,1,1,1,1
3457,2.91E-01,5.54E-02,2.80E-01,1,3457,Not eroded,0,0,1,1,1,1,1,-1.33E-07,-1.04E-06,6.35E-08,1.05E-06,1.05E-06,1,1.88E-03,1,1,1,1,0
3466,2.00E-01,2.63E-01,2.53E-01,4,3466,Not eroded,0,0,1,1,1,1,1,4.07E-07,2.56E-06,1.32E-06,2.91E-06,7.26E-07,0,5.21E-03,1,1,0,0,0
3469,2.05E-01,1.80E-01,2.47E-01,3,3469,Not eroded,0,0,1,1,1,1,0,2.71E-07,-6.16E-07,1.50E-07,6.89E-07,2.30E-07,1,1.23E-03,1,1,0,0,0
3472,2.19E-01,1.79E-01,2.62E-01,4,3472,Not eroded,0,0,1,1,1,1,1,-9.97E-07,-7.21E-07,5.83E-06,5.96E-06,1.49E-06,0,1.07E-02,1,1,0,0,0
3473,7.99E-02,8.15E-02,2.77E-01,4,3473,Not eroded,0,0,1,1,1,1,1,6.70E-08,-5.44E-08,1.85E-07,2.04E-07,5.10E-08,0,3.65E-04,1,1,0,0,0
3475,1.28E-01,2.88E-01,3.02E-01,2,3475,Not eroded,0,0,1,1,1,1,1,7.44E-07,8.35E-10,-1.70E-07,7.63E-07,3.81E-07,1,1.36E-03,1,1,1,0,0
3476,1.74E-01,1.93E-01,2.74E-01,3,3476,Not eroded,0,0,1,1,1,1,1,-4.39E-07,3.13E-07,-5.50E-07,7.70E-07,2.57E-07,1,1.38E-03,1,1,0,0,0
3485,2.34E-01,2.30E-01,2.94E-01,4,3485,Not eroded,0,0,1,1,1,1,1,-4.46E-06,-1.78E-05,-8.35E-06,2.02E-05,5.04E-06,0,3.61E-02,1,1,0,0,0
3487,1.77E-01,3.07E-01,2.84E-01,6,3487,Not eroded,0,0,1,1,1,1,1,-6.58E-08,6.51E-07,1.07E-06,1.26E-06,2.10E-07,0,2.25E-03,0,0,0,0,0
3490,1.94E-01,1.01E-01,2.93E-01,4,3490,Not eroded,0,0,1,1,1,1,1,-5.12E-07,-7.44E-08,4.81E-07,7.07E-07,1.77E-07,0,1.26E-03,1,1,0,0,0
3494,1.75E-01,2.61E-01,2.77E-01,0,3494,Not eroded,0,0,1,1,1,1,1,0,0.00E+00,0.00E+00,0,0,1,0.00E+00,1,1,1,1,1
3497,1.59E-01,1.93E-01,2.74E-01,2,3497,Not eroded,0,0,1,1,1,1,1,-9.16E-07,1.83E-06,5.86E-07,2.13E-06,1.07E-06,1,3.81E-03,1,1,1,0,0
3500,3.16E-01,2.26E-01,2.88E-01,0,3500,ERODED,1,1,1,1,1,1,1,0,0.00E+00,0.00E+00,0,0,1,0.00E+00,1,1,1,1,1
3501,2.51E-01,3.18E-01,2.88E-01,0,3501,Not eroded,0,0,1,1,1,1,1,0,0.00E+00,0.00E+00,0,0,1,0.00E+00,1,1,1,1,1
3510,2.08E-01,3.25E-01,2.87E-01,3,3510,Not eroded,0,0,1,1,1,1,1,-4.61E-07,-8.49E-08,5.65E-08,4.73E-07,1.58E-07,1,8.46E-04,1,1,0,0,0
3515,1.77E-01,9.00E-02,2.91E-01,4,3515,Not eroded,0,0,1,1,1,1,1,3.48E-08,-4.66E-07,-2.25E-07,5.18E-07,1.30E-07,0,9.27E-04,1,1,0,0,0
3516,1.77E-01,5.61E-02,2.88E-01,4,3516,Not eroded,0,0,1,1,1,1,1,1.75E-08,-8.37E-07,-7.68E-08,8.41E-07,2.10E-07,0,1.50E-03,1,1,0,0,0
3518,5.60E-02,1.71E-01,2.96E-01,0,3518,Not eroded,0,0,1,1,1,1,1,0,0.00E+00,0.00E+00,0,0,1,0.00E+00,1,1,1,1,1
3520,3.24E-01,2.06E-01,3.14E-01,0,3520,ERODED,1,1,1,1,1,1,1,0,0.00E+00,0.00E+00,0,0,1,0.00E+00,1,1,1,1,1
3522,3.24E-01,2.17E-01,2.82E-01,0,3522,ERODED,1,1,1,1,1,1,1,0,0.00E+00,0.00E+00,0,0,1,0.00E+00,1,1,1,1,1
3525,1.57E-01,1.75E-01,2.61E-01,2,3525,Not eroded,0,0,1,1,1,1,1,1.36E-06,-2.92E-07,7.38E-07,1.58E-06,7.88E-07,1,2.83E-03,1,1,1,0,0
3529,1.55E-01,8.65E-02,2.41E-01,7,3529,Not eroded,0,0,1,1,1,1,0,-3.67E-07,-3.87E-08,-1.45E-07,3.97E-07,5.67E-08,0,7.10E-04,0,0,0,0,0
3535,2.90E-01,2.68E-01,3.00E-01,3,3535,Not eroded,0,0,1,1,1,1,1,3.47E-06,7.32E-07,-2.82E-06,4.53E-06,1.51E-06,1,8.10E-03,1,1,0,0,0
3536,2.23E-01,2.46E-01,3.05E-01,2,3536,ERODED,1,1,1,1,1,1,1,-8.42E-06,-1.63E-07,-2.22E-06,8.70E-06,4.35E-06,1,1.56E-02,1,1,1,0,0
3547,3.15E-01,1.24E-01,2.94E-01,0,3547,Not eroded,0,0,1,1,1,1,1,0,0.00E+00,0.00E+00,0,0,1,0.00E+00,1,1,1,1,1
3552,5.60E-02,7.51E-02,2.72E-01,4,3552,Not eroded,0,0,1,1,1,1,1,-2.65E-07,2.46E-07,2.26E-08,3.62E-07,9.05E-08,0,6.48E-04,1,1,0,0,0
3563,1.98E-01,5.62E-02,2.63E-01,0,3563,Not eroded,0,0,1,1,1,1,1,0,0.00E+00,0.00E+00,0,0,1,0.00E+00,1,1,1,1,1
3569,1.27E-01,2.50E-01,2.76E-01,0,3569,Not eroded,0,0,1,1,1,1,1,0,0.00E+00,0.00E+00,0,0,1,0.00E+00,1,1,1,1,1
3570,8.99E-02,2.08E-01,2.76E-01,0,3570,ERODED,1,1,1,1,1,1,1,0,0.00E+00,0.00E+00,0,0,1,0.00E+00,1,1,1,1,1
3573,3.24E-01,2.25E-01,2.97E-01,0,3573,ERODED,1,1,1,1,1,1,1,0,0.00E+00,0.00E+00,0,0,1,0.00E+00,1,1,1,1,1
3578,1.38E-01,1.57E-01,3.21E-01,0,3578,ERODED,1,1,1,1,1,1,1,0,0.00E+00,0.00E+00,0,0,1,0.00E+00,1,1,1,1,1
3581,2.40E-01,2.42E-01,2.97E-01,5,3581,Not eroded,0,0,1,1,1,1,1,-1.02E-05,2.21E-06,3.66E-06,1.10E-05,2.20E-06,0,1.97E-02,0,1,0,0,0
3584,1.24E-01,8.91E-02,2.95E-01,3,3584,Not eroded,0,0,1,1,1,1,1,2.41E-07,3.42E-07,8.99E-08,4.28E-07,1.43E-07,1,7.66E-04,1,1,0,0,0
3585,3.01E-01,1.96E-01,3.27E-01,0,3585,ERODED,1,1,1,1,1,1,1,0,0.00E+00,0.00E+00,0,0,1,0.00E+00,1,1,1,1,1
3587,1.73E-01,2.18E-01,2.52E-01,5,3587,Not eroded,0,0,1,1,1,1,1,7.86E-07,9.59E-07,-3.99E-07,1.30E-06,2.60E-07,0,2.33E-03,0,1,0,0,0
3593,9.08E-02,2.10E-01,2.97E-01,0,3593,ERODED,1,1,1,1,1,1,1,0,0.00E+00,0.00E+00,0,0,1,0.00E+00,1,1,1,1,1
3594,8.75E-02,2.34E-01,2.45E-01,4,3594,Not eroded,0,0,1,1,1,1,0,-2.35E-07,-1.05E-07,-2.65E-08,2.58E-07,6.46E-08,0,4.61E-04,1,1,0,0,0
3595,7.37E-02,1.02E-01,3.19E-01,0,3595,ERODED,1,1,1,1,1,1,1,0,0.00E+00,0.00E+00,0,0,1,0.00E+00,1,1,1,1,1
3599,1.97E-01,1.75E-01,2.48E-01,4,3599,Not eroded,0,0,1,1,1,1,0,-7.65E-07,-6.06E-07,3.19E-08,9.76E-07,2.44E-07,0,1.75E-03,1,1,0,0,0
3603,1.95E-01,5.61E-02,2.89E-01,4,3603,Not eroded,0,0,1,1,1,1,1,-4.43E-07,-1.77E-07,5.75E-07,7.47E-07,1.87E-07,0,1.34E-03,1,1,0,0,0
3604,1.34E-01,5.61E-02,2.96E-01,2,3604,Not eroded,0,0,1,1,1,1,1,4.43E-08,5.40E-08,1.01E-07,1.23E-07,6.14E-08,1,2.20E-04,1,1,1,0,0
3610,1.91E-01,2.49E-01,2.41E-01,4,3610,Not eroded,0,0,1,1,1,1,0,-3.89E-07,9.94E-07,4.86E-07,1.17E-06,2.93E-07,0,2.09E-03,1,1,0,0,0
3612,2.50E-01,1.66E-01,2.80E-01,4,3612,Not eroded,0,0,1,1,1,1,1,4.84E-06,-1.76E-06,-1.56E-06,5.38E-06,1.34E-06,0,9.62E-03,1,1,0,0,0
3616,5.59E-02,1.37E-01,2.83E-01,3,3616,Not eroded,0,0,1,1,1,1,1,-2.86E-07,-1.18E-07,-1.16E-08,3.10E-07,1.03E-07,1,5.54E-04,1,1,0,0,0
3619,2.04E-01,2.17E-01,2.66E-01,6,3619,Not eroded,0,0,1,1,1,1,1,-1.35E-06,2.94E-06,3.26E-06,4.60E-06,7.66E-07,0,8.23E-03,0,0,0,0,0
3621,3.24E-01,1.82E-01,2.48E-01,3,3621,Not eroded,0,0,1,1,1,1,0,7.93E-06,-1.34E-05,-1.97E-06,1.57E-05,5.23E-06,1,2.81E-02,1,1,0,0,0
3622,1.28E-01,3.25E-01,2.47E-01,4,3622,Not eroded,0,0,1,1,1,1,0,3.41E-07,-6.67E-07,-1.90E-07,7.74E-07,1.93E-07,0,1.38E-03,1,1,0,0,0
3624,5.60E-02,5.61E-02,2.79E-01,3,3624,Not eroded,0,0,1,1,1,1,1,-1.81E-07,-8.88E-07,5.43E-08,9.08E-07,3.03E-07,1,1.62E-03,1,1,0,0,0
3629,1.69E-01,1.46E-01,3.22E-01,0,3629,ERODED,1,1,1,1,1,1,1,0,0.00E+00,0.00E+00,0,0,1,0.00E+00,1,1,1,1,1
3631,2.21E-01,1.19E-01,2.50E-01,3,3631,Not eroded,0,0,1,1,1,1,0,-2.61E-07,8.99E-07,1.21E-06,1.53E-06,5.09E-07,1,2.74E-03,1,1,0,0,0
3638,2.54E-01,5.62E-02,2.66E-01,0,3638,Not eroded,0,0,1,1,1,1,1,0,0.00E+00,0.00E+00,0,0,1,0.00E+00,1,1,1,1,1
3643,2.33E-01,1.89E-01,3.06E-01,0,3643,ERODED,1,1,1,1,1,1,1,0,0.00E+00,0.00E+00,0,0,1,0.00E+00,1,1,1,1,1
3646,3.09E-01,2.19E-01,2.86E-01,0,3646,ERODED,1,1,1,1,1,1,1,0,0.00E+00,0.00E+00,0,0,1,0.00E+00,1,1,1,1,1
3658,3.15E-01,1.10E-01,3.25E-01,0,3658,ERODED,1,1,1,1,1,1,1,0,0.00E+00,0.00E+00,0,0,1,0.00E+00,1,1,1,1,1
3667,2.64E-01,1.82E-01,3.00E-01,0,3667,Not eroded,0,0,1,1,1,1,1,0,0.00E+00,0.00E+00,0,0,1,0.00E+00,1,1,1,1,1
3670,8.68E-02,2.54E-01,2.89E-01,0,3670,ERODED,1,1,1,1,1,1,1,0,0.00E+00,0.00E+00,0,0,1,0.00E+00,1,1,1,1,1
3671,1.39E-01,2.44E-01,2.95E-01,4,3671,Not eroded,0,0,1,1,1,1,1,-9.07E-08,-1.58E-07,6.23E-08,1.92E-07,4.81E-08,0,3.43E-04,1,1,0,0,0
3672,2.18E-01,2.42E-01,3.14E-01,0,3672,ERODED,1,1,1,1,1,1,1,0,0.00E+00,0.00E+00,0,0,1,0.00E+00,1,1,1,1,1
3679,2.57E-01,1.89E-01,3.04E-01,4,3679,Not eroded,0,0,1,1,1,1,1,-8.22E-06,-1.65E-06,2.38E-05,2.52E-05,6.31E-06,0,4.51E-02,1,1,0,0,0
3690,1.63E-01,8.65E-02,2.48E-01,4,3690,Not eroded,0,0,1,1,1,1,0,3.88E-07,-3.93E-07,-2.08E-07,5.90E-07,1.48E-07,0,1.06E-03,1,1,0,0,0
3691,1.51E-01,5.61E-02,2.81E-01,4,3691,Not eroded,0,0,1,1,1,1,1,3.00E-07,-8.84E-07,-8.62E-08,9.38E-07,2.34E-07,0,1.68E-03,1,1,0,0,0
3693,8.60E-02,2.24E-01,2.44E-01,6,3693,Not eroded,0,0,1,1,1,1,0,-5.88E-08,4.33E-08,9.64E-08,1.21E-07,2.02E-08,0,2.16E-04,0,0,0,0,0
3699,3.24E-01,2.85E-01,3.00E-01,4,3699,Not eroded,0,0,1,1,1,1,1,7.11E-07,9.83E-07,-3.96E-07,1.28E-06,3.19E-07,0,2.29E-03,1,1,0,0,0
3700,7.65E-02,3.14E-01,3.16E-01,0,3700,ERODED,1,1,1,1,1,1,1,0,0.00E+00,0.00E+00,0,0,1,0.00E+00,1,1,1,1,1
3704,2.22E-01,1.96E-01,2.53E-01,3,3704,Not eroded,0,0,1,1,1,1,1,3.72E-06,8.77E-07,7.22E-07,3.89E-06,1.30E-06,1,6.96E-03,1,1,0,0,0
3706,1.96E-01,7.39E-02,2.68E-01,4,3706,Not eroded,0,0,1,1,1,1,1,5.52E-07,5.46E-07,8.18E-07,1.13E-06,2.82E-07,0,2.02E-03,1,1,0,0,0
3708,9.88E-02,7.80E-02,2.82E-01,4,3708,Not eroded,0,0,1,1,1,1,1,4.06E-07,6.03E-08,2.85E-07,5.00E-07,1.25E-07,0,8.94E-04,1,1,0,0,0
3710,2.29E-01,1.27E-01,2.94E-01,0,3710,Not eroded,0,0,1,1,1,1,1,0,0.00E+00,0.00E+00,0,0,1,0.00E+00,1,1,1,1,1
3712,2.64E-01,2.32E-01,3.26E-01,0,3712,ERODED,1,1,1,1,1,1,1,0,0.00E+00,0.00E+00,0,0,1,0.00E+00,1,1,1,1,1
3726,6.00E-02,1.12E-01,3.11E-01,0,3726,ERODED,1,1,1,1,1,1,1,0,0.00E+00,0.00E+00,0,0,1,0.00E+00,1,1,1,1,1
3728,2.18E-01,3.25E-01,2.54E-01,4,3728,Not eroded,0,0,1,1,1,1,1,-1.58E-07,-5.28E-07,-1.27E-08,5.51E-07,1.38E-07,0,9.86E-04,1,1,0,0,0
3732,2.94E-01,1.71E-01,2.50E-01,0,3732,Not eroded,0,0,1,1,1,1,0,0,0.00E+00,0.00E+00,0,0,1,0.00E+00,1,1,1,1,1
3733,3.15E-01,1.09E-01,2.95E-01,0,3733,ERODED,1,1,1,1,1,1,1,0,0.00E+00,0.00E+00,0,0,1,0.00E+00,1,1,1,1,1
3738,2.81E-01,2.03E-01,2.80E-01,0,3738,Not eroded,0,0,1,1,1,1,1,0,0.00E+00,0.00E+00,0,0,1,0.00E+00,1,1,1,1,1
3742,3.24E-01,1.32E-01,2.96E-01,0,3742,Not eroded,0,0,1,1,1,1,1,0,0.00E+00,0.00E+00,0,0,1,0.00E+00,1,1,1,1,1
3746,2.76E-01,5.96E-02,2.47E-01,0,3746,Not eroded,0,0,1,1,1,1,0,0,0.00E+00,0.00E+00,0,0,1,0.00E+00,1,1,1,1,1
3752,2.40E-01,1.55E-01,2.96E-01,4,3752,Not eroded,0,0,1,1,1,1,1,-3.57E-07,1.16E-06,-2.09E-06,2.42E-06,6.04E-07,0,4.33E-03,1,1,0,0,0
3755,9.27E-02,1.45E-01,3.22E-01,0,3755,ERODED,1,1,1,1,1,1,1,0,0.00E+00,0.00E+00,0,0,1,0.00E+00,1,1,1,1,1
3757,2.33E-01,8.36E-02,3.19E-01,0,3757,ERODED,1,1,1,1,1,1,1,0,0.00E+00,0.00E+00,0,0,1,0.00E+00,1,1,1,1,1
3759,1.64E-01,3.14E-01,2.93E-01,3,3759,Not eroded,0,0,1,1,1,1,1,5.78E-07,-1.67E-07,-1.52E-08,6.02E-07,2.01E-07,1,1.08E-03,1,1,0,0,0
3763,8.31E-02,6.48E-02,2.63E-01,4,3763,Not eroded,0,0,1,1,1,1,1,2.49E-07,1.17E-07,1.48E-07,3.12E-07,7.80E-08,0,5.58E-04,1,1,0,0,0
3770,2.91E-01,2.03E-01,2.83E-01,0,3770,ERODED,1,1,1,1,1,1,1,0,0.00E+00,0.00E+00,0,0,1,0.00E+00,1,1,1,1,1
3776,8.70E-02,5.60E-02,2.75E-01,5,3776,Not eroded,0,0,1,1,1,1,1,4.37E-07,-7.79E-07,8.42E-08,8.98E-07,1.80E-07,0,1.61E-03,0,1,0,0,0
3785,1.07E-01,3.25E-01,2.74E-01,0,3785,ERODED,1,1,1,1,1,1,1,0,0.00E+00,0.00E+00,0,0,1,0.00E+00,1,1,1,1,1
3789,2.13E-01,1.67E-01,2.60E-01,4,3789,Not eroded,0,0,1,1,1,1,1,-4.47E-07,1.35E-06,1.58E-06,2.12E-06,5.31E-07,0,3.79E-03,1,1,0,0,0
3791,6.25E-02,2.70E-01,2.76E-01,0,3791,ERODED,1,1,1,1,1,1,1,0,0.00E+00,0.00E+00,0,0,1,0.00E+00,1,1,1,1,1
3794,1.93E-01,3.25E-01,2.58E-01,4,3794,Not eroded,0,0,1,1,1,1,1,-2.19E-08,-1.29E-08,1.21E-07,1.24E-07,3.10E-08,0,2.22E-04,1,1,0,0,0
3796,1.39E-01,6.76E-02,2.53E-01,4,3796,Not eroded,0,0,1,1,1,1,1,3.41E-07,7.86E-07,-5.34E-07,1.01E-06,2.52E-07,0,1.81E-03,1,1,0,0,0
3811,3.11E-01,3.11E-01,2.52E-01,0,3811,Not eroded,0,0,1,1,1,1,1,0,0.00E+00,0.00E+00,0,0,1,0.00E+00,1,1,1,1,1
3815,2.07E-01,2.61E-01,2.87E-01,0,3815,Not eroded,0,0,1,1,1,1,1,0,0.00E+00,0.00E+00,0,0,1,0.00E+00,1,1,1,1,1
3816,7.60E-02,9.94E-02,2.73E-01,4,3816,Not eroded,0,0,1,1,1,1,1,4.53E-08,2.27E-07,-3.72E-08,2.34E-07,5.86E-08,0,4.19E-04,1,1,0,0,0
3821,1.63E-01,2.08E-01,2.89E-01,4,3821,Not eroded,0,0,1,1,1,1,1,-1.53E-07,-7.10E-07,-7.73E-07,1.06E-06,2.65E-07,0,1.90E-03,1,1,0,0,0
3826,1.12E-01,9.36E-02,3.22E-01,0,3826,ERODED,1,1,1,1,1,1,1,0,0.00E+00,0.00E+00,0,0,1,0.00E+00,1,1,1,1,1
3831,2.11E-01,1.01E-01,2.74E-01,0,3831,Not eroded,0,0,1,1,1,1,1,0,0.00E+00,0.00E+00,0,0,1,0.00E+00,1,1,1,1,1
3835,1.11E-01,5.61E-02,2.66E-01,3,3835,Not eroded,0,0,1,1,1,1,1,2.36E-07,-7.78E-07,-1.55E-07,8.28E-07,2.76E-07,1,1.48E-03,1,1,0,0,0
3839,6.73E-02,8.54E-02,2.67E-01,5,3839,Not eroded,0,0,1,1,1,1,1,6.56E-08,1.18E-07,-5.14E-08,1.44E-07,2.89E-08,0,2.58E-04,0,1,0,0,0
3842,2.28E-01,1.61E-01,2.89E-01,4,3842,Not eroded,0,0,1,1,1,1,1,1.71E-06,-2.00E-06,-7.48E-07,2.73E-06,6.83E-07,0,4.88E-03,1,1,0,0,0
3844,2.27E-01,1.88E-01,2.50E-01,4,3844,Not eroded,0,0,1,1,1,1,0,7.38E-06,2.27E-06,-8.30E-07,7.77E-06,1.94E-06,0,1.39E-02,1,1,0,0,0
3847,1.90E-01,2.50E-01,2.90E-01,0,3847,Not eroded,0,0,1,1,1,1,1,0,0.00E+00,0.00E+00,0,0,1,0.00E+00,1,1,1,1,1
3852,1.49E-01,2.40E-01,2.66E-01,4,3852,Not eroded,0,0,1,1,1,1,1,-8.66E-08,-1.40E-07,4.42E-07,4.71E-07,1.18E-07,0,8.42E-04,1,1,0,0,0
3854,5.63E-02,1.63E-01,3.25E-01,0,3854,ERODED,1,1,1,1,1,1,1,0,0.00E+00,0.00E+00,0,0,1,0.00E+00,1,1,1,1,1
3855,7.72E-02,1.64E-01,2.98E-01,2,3855,Not eroded,0,0,1,1,1,1,1,-1.55E-07,1.70E-08,2.57E-08,1.58E-07,7.91E-08,1,2.83E-04,1,1,1,0,0
3858,2.67E-01,1.16E-01,2.78E-01,2,3858,Not eroded,0,0,1,1,1,1,1,3.59E-07,7.40E-07,6.70E-07,1.06E-06,5.31E-07,1,1.90E-03,1,1,1,0,0
3862,1.49E-01,2.09E-01,2.87E-01,3,3862,Not eroded,0,0,1,1,1,1,1,-5.40E-08,1.76E-06,1.10E-07,1.77E-06,5.89E-07,1,3.17E-03,1,1,0,0,0
3864,2.49E-01,5.63E-02,3.14E-01,0,3864,ERODED,1,1,1,1,1,1,1,0,0.00E+00,0.00E+00,0,0,1,0.00E+00,1,1,1,1,1
3867,5.60E-02,1.34E-01,2.93E-01,3,3867,Not eroded,0,0,1,1,1,1,1,-1.93E-07,-6.28E-08,1.90E-09,2.03E-07,6.76E-08,1,3.63E-04,1,1,0,0,0
3872,5.60E-02,3.25E-01,2.61E-01,2,3872,Not eroded,0,0,1,1,1,1,1,1.42E-07,-5.25E-07,4.00E-07,6.76E-07,3.38E-07,1,1.21E-03,1,1,1,0,0
3876,2.51E-01,1.85E-01,2.97E-01,4,3876,Not eroded,0,0,1,1,1,1,1,2.00E-06,-2.48E-06,-4.32E-06,5.37E-06,1.34E-06,0,9.61E-03,1,1,0,0,0
3881,3.24E-01,2.39E-01,2.83E-01,3,3881,Not eroded,0,0,1,1,1,1,1,2.03E-06,6.25E-06,5.80E-06,8.76E-06,2.92E-06,1,1.57E-02,1,1,0,0,0
3885,3.20E-01,2.17E-01,3.30E-01,0,3885,ERODED,1,1,1,1,1,1,1,0,0.00E+00,0.00E+00,0,0,1,0.00E+00,1,1,1,1,1
3886,1.48E-01,1.73E-01,2.60E-01,5,3886,Not eroded,0,0,1,1,1,1,1,1.53E-09,1.49E-06,1.24E-06,1.94E-06,3.87E-07,0,3.47E-03,0,1,0,0,0
3887,2.24E-01,3.24E-01,2.42E-01,2,3887,Not eroded,0,0,1,1,1,1,0,-3.42E-07,1.61E-08,1.69E-07,3.82E-07,1.91E-07,1,6.83E-04,1,1,1,0,0
3890,2.85E-01,2.54E-01,3.29E-01,0,3890,ERODED,1,1,1,1,1,1,1,0,0.00E+00,0.00E+00,0,0,1,0.00E+00,1,1,1,1,1
3893,1.15E-01,1.82E-01,2.57E-01,2,3893,Not eroded,0,0,1,1,1,1,1,-2.95E-08,-2.68E-07,3.80E-07,4.66E-07,2.33E-07,1,8.34E-04,1,1,1,0,0
3903,7.90E-02,2.22E-01,3.25E-01,0,3903,ERODED,1,1,1,1,1,1,1,0,0.00E+00,0.00E+00,0,0,1,0.00E+00,1,1,1,1,1
3916,6.49E-02,1.73E-01,2.83E-01,0,3916,Not eroded,0,0,1,1,1,1,1,0,0.00E+00,0.00E+00,0,0,1,0.00E+00,1,1,1,1,1
3918,1.21E-01,2.11E-01,2.80E-01,0,3918,ERODED,1,1,1,1,1,1,1,0,0.00E+00,0.00E+00,0,0,1,0.00E+00,1,1,1,1,1
3919,3.17E-01,2.46E-01,2.63E-01,2,3919,Not eroded,0,0,1,1,1,1,1,-8.02E-06,-6.41E-06,3.29E-06,1.08E-05,5.39E-06,1,1.93E-02,1,1,1,0,0
3920,2.32E-01,2.37E-01,3.30E-01,0,3920,ERODED,1,1,1,1,1,1,1,0,0.00E+00,0.00E+00,0,0,1,0.00E+00,1,1,1,1,1
3921,2.35E-01,1.83E-01,2.74E-01,5,3921,Not eroded,0,0,1,1,1,1,1,-1.79E-06,5.93E-06,1.47E-07,6.19E-06,1.24E-06,0,1.11E-02,0,1,0,0,0
3922,1.66E-01,7.15E-02,2.68E-01,3,3922,Not eroded,0,0,1,1,1,1,1,2.46E-07,4.14E-07,2.79E-08,4.82E-07,1.61E-07,1,8.62E-04,1,1,0,0,0
3923,1.86E-01,2.93E-01,3.24E-01,0,3923,ERODED,1,1,1,1,1,1,1,0,0.00E+00,0.00E+00,0,0,1,0.00E+00,1,1,1,1,1
3927,2.27E-01,7.62E-02,3.25E-01,0,3927,ERODED,1,1,1,1,1,1,1,0,0.00E+00,0.00E+00,0,0,1,0.00E+00,1,1,1,1,1
3929,2.45E-01,9.22E-02,3.18E-01,0,3929,ERODED,1,1,1,1,1,1,1,0,0.00E+00,0.00E+00,0,0,1,0.00E+00,1,1,1,1,1
3932,3.24E-01,9.96E-02,2.80E-01,0,3932,Not eroded,0,0,1,1,1,1,1,0,0.00E+00,0.00E+00,0,0,1,0.00E+00,1,1,1,1,1
3933,1.31E-01,2.98E-01,2.56E-01,0,3933,Not eroded,0,0,1,1,1,1,1,0,0.00E+00,0.00E+00,0,0,1,0.00E+00,1,1,1,1,1
3935,2.17E-01,1.45E-01,2.88E-01,4,3935,Not eroded,0,0,1,1,1,1,1,-6.07E-07,1.40E-06,1.09E-06,1.87E-06,4.69E-07,0,3.34E-03,1,1,0,0,0
3944,5.59E-02,6.52E-02,2.73E-01,5,3944,Not eroded,0,0,1,1,1,1,1,-1.66E-07,6.20E-08,1.33E-07,2.21E-07,4.43E-08,0,3.95E-04,0,1,0,0,0
3950,3.04E-01,3.25E-01,2.97E-01,3,3950,Not eroded,0,0,1,1,1,1,1,4.74E-07,1.23E-07,3.32E-07,5.92E-07,1.97E-07,1,1.06E-03,1,1,0,0,0
3964,8.11E-02,1.59E-01,3.31E-01,0,3964,ERODED,1,1,1,1,1,1,1,0,0.00E+00,0.00E+00,0,0,1,0.00E+00,1,1,1,1,1
3965,6.50E-02,3.17E-01,2.51E-01,5,3965,Not eroded,0,0,1,1,1,1,1,-1.85E-07,1.03E-07,2.83E-07,3.53E-07,7.07E-08,0,6.31E-04,0,1,0,0,0
3967,3.24E-01,2.94E-01,3.05E-01,3,3967,Not eroded,0,0,1,1,1,1,1,5.34E-07,7.16E-07,4.40E-07,9.95E-07,3.32E-07,1,1.78E-03,1,1,0,0,0
3968,8.13E-02,7.93E-02,2.58E-01,4,3968,Not eroded,0,0,1,1,1,1,1,4.96E-08,1.33E-07,8.54E-08,1.66E-07,4.15E-08,0,2.97E-04,1,1,0,0,0
3971,2.24E-01,1.74E-01,2.74E-01,0,3971,Not eroded,0,0,1,1,1,1,1,0,0.00E+00,0.00E+00,0,0,1,0.00E+00,1,1,1,1,1
3972,2.66E-01,1.03E-01,3.03E-01,0,3972,ERODED,1,1,1,1,1,1,1,0,0.00E+00,0.00E+00,0,0,1,0.00E+00,1,1,1,1,1
3973,6.89E-02,1.09E-01,2.54E-01,6,3973,Not eroded,0,0,1,1,1,1,1,1.88E-07,3.54E-07,4.40E-08,4.03E-07,6.72E-08,0,7.21E-04,0,0,0,0,0
3977,2.27E-01,3.25E-01,2.61E-01,4,3977,Not eroded,0,0,1,1,1,1,1,5.31E-07,-8.01E-07,1.26E-07,9.69E-07,2.42E-07,0,1.73E-03,1,1,0,0,0
3981,1.76E-01,2.85E-01,3.27E-01,0,3981,ERODED,1,1,1,1,1,1,1,0,0.00E+00,0.00E+00,0,0,1,0.00E+00,1,1,1,1,1
3982,1.86E-01,2.21E-01,2.55E-01,4,3982,Not eroded,0,0,1,1,1,1,1,-3.89E-07,-6.86E-07,-1.37E-06,1.58E-06,3.95E-07,0,2.83E-03,1,1,0,0,0
3987,8.15E-02,6.40E-02,2.73E-01,7,3987,Not eroded,0,0,1,1,1,1,1,4.07E-08,2.39E-07,7.36E-08,2.53E-07,3.62E-08,0,4.53E-04,0,0,0,0,0
3989,2.87E-01,1.98E-01,2.74E-01,0,3989,Not eroded,0,0,1,1,1,1,1,0,0.00E+00,0.00E+00,0,0,1,0.00E+00,1,1,1,1,1
3991,5.60E-02,1.63E-01,2.73E-01,4,3991,Not eroded,0,0,1,1,1,1,1,-3.83E-07,1.44E-07,1.35E-07,4.31E-07,1.08E-07,0,7.71E-04,1,1,0,0,0
3994,1.60E-01,2.15E-01,2.79E-01,3,3994,Not eroded,0,0,1,1,1,1,1,3.29E-07,5.19E-07,1.50E-06,1.62E-06,5.40E-07,1,2.90E-03,1,1,0,0,0
4005,1.35E-01,2.45E-01,2.44E-01,0,4005,Not eroded,0,0,1,1,1,1,0,0,0.00E+00,0.00E+00,0,0,1,0.00E+00,1,1,1,1,1
4006,7.60E-02,2.50E-01,2.93E-01,0,4006,ERODED,1,1,1,1,1,1,1,0,0.00E+00,0.00E+00,0,0,1,0.00E+00,1,1,1,1,1
4010,3.16E-01,2.11E-01,2.84E-01,0,4010,ERODED,1,1,1,1,1,1,1,0,0.00E+00,0.00E+00,0,0,1,0.00E+00,1,1,1,1,1
4011,1.53E-01,1.83E-01,3.13E-01,2,4011,Not eroded,0,0,1,1,1,1,1,-1.73E-07,9.27E-07,-2.47E-07,9.75E-07,4.88E-07,1,1.74E-03,1,1,1,0,0
4016,7.40E-02,5.60E-02,2.49E-01,5,4016,Not eroded,0,0,1,1,1,1,0,2.71E-07,-8.67E-07,1.61E-07,9.22E-07,1.84E-07,0,1.65E-03,0,1,0,0,0
4018,3.24E-01,9.67E-02,2.99E-01,0,4018,ERODED,1,1,1,1,1,1,1,0,0.00E+00,0.00E+00,0,0,1,0.00E+00,1,1,1,1,1
4020,2.16E-01,2.39E-01,3.24E-01,0,4020,ERODED,1,1,1,1,1,1,1,0,0.00E+00,0.00E+00,0,0,1,0.00E+00,1,1,1,1,1
4026,9.69E-02,2.17E-01,2.78E-01,0,4026,ERODED,1,1,1,1,1,1,1,0,0.00E+00,0.00E+00,0,0,1,0.00E+00,1,1,1,1,1
4027,2.34E-01,1.43E-01,3.18E-01,0,4027,ERODED,1,1,1,1,1,1,1,0,0.00E+00,0.00E+00,0,0,1,0.00E+00,1,1,1,1,1
4029,7.28E-02,7.70E-02,2.85E-01,5,4029,Not eroded,0,0,1,1,1,1,1,2.89E-07,2.44E-07,1.06E-07,3.93E-07,7.86E-08,0,7.03E-04,0,1,0,0,0
4030,2.12E-01,5.90E-02,2.51E-01,4,4030,Not eroded,0,0,1,1,1,1,1,2.31E-07,-3.79E-07,1.76E-07,4.77E-07,1.19E-07,0,8.53E-04,1,1,0,0,0
4036,2.45E-01,3.25E-01,2.45E-01,4,4036,Not eroded,0,0,1,1,1,1,0,8.30E-08,-4.91E-07,-3.42E-08,4.99E-07,1.25E-07,0,8.93E-04,1,1,0,0,0
4038,2.62E-01,1.23E-01,2.49E-01,4,4038,Not eroded,0,0,1,1,1,1,0,-2.97E-07,7.79E-07,2.67E-07,8.75E-07,2.19E-07,0,1.57E-03,1,1,0,0,0
4042,2.62E-01,3.10E-01,2.74E-01,0,4042,Not eroded,0,0,1,1,1,1,1,0,0.00E+00,0.00E+00,0,0,1,0.00E+00,1,1,1,1,1
4048,3.09E-01,2.88E-01,2.89E-01,3,4048,Not eroded,0,0,1,1,1,1,1,-6.62E-07,4.59E-06,7.15E-07,4.69E-06,1.56E-06,1,8.39E-03,1,1,0,0,0
4051,3.24E-01,2.45E-01,2.44E-01,3,4051,Not eroded,0,0,1,1,1,1,0,-1.20E-06,-1.98E-06,4.48E-06,5.05E-06,1.68E-06,1,9.03E-03,1,1,0,0,0
4052,6.48E-02,7.35E-02,2.80E-01,6,4052,Not eroded,0,0,1,1,1,1,1,-3.68E-08,-7.76E-08,5.02E-07,5.09E-07,8.49E-08,0,9.10E-04,0,0,0,0,0
4054,1.28E-01,2.50E-01,3.28E-01,0,4054,ERODED,1,1,1,1,1,1,1,0,0.00E+00,0.00E+00,0,0,1,0.00E+00,1,1,1,1,1
4055,2.78E-01,2.02E-01,2.64E-01,0,4055,Not eroded,0,0,1,1,1,1,1,0,0.00E+00,0.00E+00,0,0,1,0.00E+00,1,1,1,1,1
4057,9.96E-02,1.91E-01,2.83E-01,0,4057,ERODED,1,1,1,1,1,1,1,0,0.00E+00,0.00E+00,0,0,1,0.00E+00,1,1,1,1,1
4058,2.89E-01,2.06E-01,2.93E-01,0,4058,Not eroded,0,0,1,1,1,1,1,0,0.00E+00,0.00E+00,0,0,1,0.00E+00,1,1,1,1,1
4074,2.24E-01,2.40E-01,2.96E-01,0,4074,Not eroded,0,0,1,1,1,1,1,0,0.00E+00,0.00E+00,0,0,1,0.00E+00,1,1,1,1,1
4077,2.56E-01,2.89E-01,3.05E-01,3,4077,Not eroded,0,0,1,1,1,1,1,2.85E-07,-2.10E-07,9.88E-07,1.05E-06,3.50E-07,1,1.88E-03,1,1,0,0,0
4079,8.92E-02,2.64E-01,2.91E-01,0,4079,ERODED,1,1,1,1,1,1,1,0,0.00E+00,0.00E+00,0,0,1,0.00E+00,1,1,1,1,1
4080,1.69E-01,3.15E-01,2.84E-01,0,4080,Not eroded,0,0,1,1,1,1,1,0,0.00E+00,0.00E+00,0,0,1,0.00E+00,1,1,1,1,1
4083,8.30E-02,2.00E-01,2.73E-01,0,4083,ERODED,1,1,1,1,1,1,1,0,0.00E+00,0.00E+00,0,0,1,0.00E+00,1,1,1,1,1
4092,1.47E-01,1.20E-01,3.07E-01,0,4092,ERODED,1,1,1,1,1,1,1,0,0.00E+00,0.00E+00,0,0,1,0.00E+00,1,1,1,1,1
4095,3.24E-01,1.00E-01,3.15E-01,0,4095,ERODED,1,1,1,1,1,1,1,0,0.00E+00,0.00E+00,0,0,1,0.00E+00,1,1,1,1,1
4099,5.60E-02,1.92E-01,2.69E-01,2,4099,Not eroded,0,0,1,1,1,1,1,-3.28E-07,5.57E-07,5.35E-07,8.39E-07,4.19E-07,1,1.50E-03,1,1,1,0,0
4107,2.01E-01,9.70E-02,2.99E-01,3,4107,Not eroded,0,0,1,1,1,1,1,3.41E-07,2.40E-06,6.78E-07,2.52E-06,8.40E-07,1,4.51E-03,1,1,0,0,0
4120,5.60E-02,2.73E-01,2.44E-01,4,4120,Not eroded,0,0,1,1,1,1,0,-1.64E-07,2.96E-08,4.77E-07,5.05E-07,1.26E-07,0,9.03E-04,1,1,0,0,0
4121,2.87E-01,2.11E-01,2.58E-01,2,4121,Not eroded,0,0,1,1,1,1,1,-1.42E-06,-8.31E-05,-5.16E-05,9.78E-05,4.89E-05,1,1.75E-01,1,1,1,0,0
4122,2.29E-01,1.03E-01,2.48E-01,0,4122,Not eroded,0,0,1,1,1,1,0,0,0.00E+00,0.00E+00,0,0,1,0.00E+00,1,1,1,1,1
4133,2.20E-01,5.69E-02,3.11E-01,0,4133,ERODED,1,1,1,1,1,1,1,0,0.00E+00,0.00E+00,0,0,1,0.00E+00,1,1,1,1,1
4134,1.99E-01,2.97E-01,2.62E-01,5,4134,Not eroded,0,0,1,1,1,1,1,-4.18E-08,1.38E-06,3.82E-07,1.43E-06,2.86E-07,0,2.56E-03,0,1,0,0,0
4137,2.82E-01,5.61E-02,2.55E-01,0,4137,Not eroded,0,0,1,1,1,1,1,0,0.00E+00,0.00E+00,0,0,1,0.00E+00,1,1,1,1,1
4141,1.54E-01,3.15E-01,2.98E-01,2,4141,Not eroded,0,0,1,1,1,1,1,2.67E-07,8.61E-07,1.74E-07,9.18E-07,4.59E-07,1,1.64E-03,1,1,1,0,0
4150,1.02E-01,1.32E-01,2.42E-01,0,4150,Not eroded,0,0,1,1,1,1,0,0,0.00E+00,0.00E+00,0,0,1,0.00E+00,1,1,1,1,1
4153,6.45E-02,7.22E-02,2.56E-01,5,4153,Not eroded,0,0,1,1,1,1,1,5.30E-08,1.17E-07,-8.46E-11,1.29E-07,2.58E-08,0,2.31E-04,0,1,0,0,0
4155,2.87E-01,1.88E-01,2.76E-01,2,4155,Not eroded,0,0,1,1,1,1,1,3.16E-06,-9.40E-06,-8.76E-06,1.32E-05,6.62E-06,1,2.36E-02,1,1,1,0,0
4157,1.90E-01,1.89E-01,2.72E-01,3,4157,Not eroded,0,0,1,1,1,1,1,-5.81E-07,-3.13E-06,2.29E-06,3.92E-06,1.31E-06,1,7.01E-03,1,1,0,0,0
4159,2.68E-01,3.03E-01,2.77E-01,0,4159,Not eroded,0,0,1,1,1,1,1,0,0.00E+00,0.00E+00,0,0,1,0.00E+00,1,1,1,1,1
4165,1.78E-01,1.40E-01,3.07E-01,0,4165,ERODED,1,1,1,1,1,1,1,0,0.00E+00,0.00E+00,0,0,1,0.00E+00,1,1,1,1,1
4172,2.14E-01,2.87E-01,3.05E-01,0,4172,Not eroded,0,0,1,1,1,1,1,0,0.00E+00,0.00E+00,0,0,1,0.00E+00,1,1,1,1,1
4173,1.19E-01,9.45E-02,3.05E-01,2,4173,Not eroded,0,0,1,1,1,1,1,4.32E-07,7.67E-07,-2.02E-07,9.03E-07,4.52E-07,1,1.62E-03,1,1,1,0,0
4174,2.08E-01,2.51E-01,2.97E-01,4,4174,Not eroded,0,0,1,1,1,1,1,-1.27E-06,-1.90E-06,3.20E-06,3.93E-06,9.83E-07,0,7.03E-03,1,1,0,0,0
4178,1.42E-01,6.47E-02,2.63E-01,5,4178,Not eroded,0,0,1,1,1,1,1,2.11E-07,1.81E-07,-2.17E-07,3.52E-07,7.05E-08,0,6.30E-04,0,1,0,0,0
4179,2.89E-01,5.63E-02,3.14E-01,0,4179,ERODED,1,1,1,1,1,1,1,0,0.00E+00,0.00E+00,0,0,1,0.00E+00,1,1,1,1,1
4181,2.86E-01,1.34E-01,2.78E-01,0,4181,Not eroded,0,0,1,1,1,1,1,0,0.00E+00,0.00E+00,0,0,1,0.00E+00,1,1,1,1,1
4184,1.47E-01,3.23E-01,2.67E-01,4,4184,Not eroded,0,0,1,1,1,1,1,1.04E-07,-1.09E-07,-1.93E-07,2.45E-07,6.12E-08,0,4.38E-04,1,1,0,0,0
4186,2.04E-01,2.24E-01,2.81E-01,3,4186,Not eroded,0,0,1,1,1,1,1,-2.82E-06,3.33E-06,1.16E-06,4.51E-06,1.50E-06,1,8.07E-03,1,1,0,0,0
4189,7.42E-02,3.24E-01,2.88E-01,0,4189,ERODED,1,1,1,1,1,1,1,0,0.00E+00,0.00E+00,0,0,1,0.00E+00,1,1,1,1,1
4197,9.57E-02,1.66E-01,3.27E-01,0,4197,ERODED,1,1,1,1,1,1,1,0,0.00E+00,0.00E+00,0,0,1,0.00E+00,1,1,1,1,1
4205,1.68E-01,2.55E-01,3.04E-01,0,4205,ERODED,1,1,1,1,1,1,1,0,0.00E+00,0.00E+00,0,0,1,0.00E+00,1,1,1,1,1
4210,5.60E-02,1.00E-01,2.48E-01,3,4210,Not eroded,0,0,1,1,1,1,0,4.28E-08,9.38E-08,-7.38E-08,1.27E-07,4.23E-08,1,2.27E-04,1,1,0,0,0
4211,2.02E-01,9.69E-02,2.71E-01,3,4211,Not eroded,0,0,1,1,1,1,1,8.52E-07,-5.18E-07,2.98E-07,1.04E-06,3.47E-07,1,1.86E-03,1,1,0,0,0
4228,5.60E-02,3.00E-01,3.20E-01,0,4228,ERODED,1,1,1,1,1,1,1,0,0.00E+00,0.00E+00,0,0,1,0.00E+00,1,1,1,1,1
4231,1.40E-01,2.99E-01,2.48E-01,0,4231,Not eroded,0,0,1,1,1,1,0,0,0.00E+00,0.00E+00,0,0,1,0.00E+00,1,1,1,1,1
4232,2.46E-01,2.59E-01,2.81E-01,3,4232,Not eroded,0,0,1,1,1,1,1,5.94E-06,1.32E-05,1.37E-06,1.45E-05,4.83E-06,1,2.59E-02,1,1,0,0,0
4234,2.74E-01,2.26E-01,2.41E-01,0,4234,Not eroded,0,0,1,1,1,1,0,0,0.00E+00,0.00E+00,0,0,1,0.00E+00,1,1,1,1,1
4235,7.41E-02,2.76E-01,2.90E-01,0,4235,ERODED,1,1,1,1,1,1,1,0,0.00E+00,0.00E+00,0,0,1,0.00E+00,1,1,1,1,1
4238,6.44E-02,8.36E-02,2.80E-01,0,4238,Not eroded,0,0,1,1,1,1,1,0,0.00E+00,0.00E+00,0,0,1,0.00E+00,1,1,1,1,1
4243,1.43E-01,2.94E-01,3.15E-01,0,4243,ERODED,1,1,1,1,1,1,1,0,0.00E+00,0.00E+00,0,0,1,0.00E+00,1,1,1,1,1
4244,6.55E-02,6.72E-02,2.72E-01,6,4244,Not eroded,0,0,1,1,1,1,1,1.92E-07,1.23E-07,2.07E-07,3.08E-07,5.13E-08,0,5.51E-04,0,0,0,0,0
4245,1.95E-01,2.04E-01,3.22E-01,0,4245,ERODED,1,1,1,1,1,1,1,0,0.00E+00,0.00E+00,0,0,1,0.00E+00,1,1,1,1,1
4254,1.59E-01,3.22E-01,2.89E-01,6,4254,Not eroded,0,0,1,1,1,1,1,-4.97E-07,7.24E-07,-7.39E-08,8.81E-07,1.47E-07,0,1.58E-03,0,0,0,0,0
4260,2.95E-01,3.25E-01,3.03E-01,0,4260,ERODED,1,1,1,1,1,1,1,0,0.00E+00,0.00E+00,0,0,1,0.00E+00,1,1,1,1,1
4262,1.49E-01,2.82E-01,2.43E-01,0,4262,Not eroded,0,0,1,1,1,1,0,0,0.00E+00,0.00E+00,0,0,1,0.00E+00,1,1,1,1,1
4263,1.09E-01,2.00E-01,3.22E-01,0,4263,ERODED,1,1,1,1,1,1,1,0,0.00E+00,0.00E+00,0,0,1,0.00E+00,1,1,1,1,1
4264,3.24E-01,6.75E-02,2.76E-01,0,4264,ERODED,1,1,1,1,1,1,1,0,0.00E+00,0.00E+00,0,0,1,0.00E+00,1,1,1,1,1
4273,2.76E-01,3.24E-01,3.06E-01,0,4273,ERODED,1,1,1,1,1,1,1,0,0.00E+00,0.00E+00,0,0,1,0.00E+00,1,1,1,1,1
4278,5.64E-02,8.24E-02,3.01E-01,3,4278,Not eroded,0,0,1,1,1,1,1,8.87E-08,2.25E-07,1.29E-07,2.74E-07,9.12E-08,1,4.90E-04,1,1,0,0,0
4280,9.21E-02,1.98E-01,3.17E-01,0,4280,ERODED,1,1,1,1,1,1,1,0,0.00E+00,0.00E+00,0,0,1,0.00E+00,1,1,1,1,1
4282,2.54E-01,9.61E-02,2.93E-01,0,4282,ERODED,1,1,1,1,1,1,1,0,0.00E+00,0.00E+00,0,0,1,0.00E+00,1,1,1,1,1
4285,2.81E-01,2.59E-01,2.64E-01,3,4285,Not eroded,0,0,1,1,1,1,1,-2.23E-07,3.81E-06,2.61E-06,4.62E-06,1.54E-06,1,8.26E-03,1,1,0,0,0
4291,3.24E-01,3.25E-01,2.91E-01,2,4291,Not eroded,0,0,1,1,1,1,1,2.59E-07,-2.65E-07,1.71E-07,4.09E-07,2.04E-07,1,7.32E-04,1,1,1,0,0
4295,1.73E-01,3.10E-01,2.93E-01,4,4295,Not eroded,0,0,1,1,1,1,1,-4.16E-07,3.59E-07,-1.72E-07,5.76E-07,1.44E-07,0,1.03E-03,1,1,0,0,0
4300,2.32E-01,2.46E-01,3.01E-01,4,4300,Not eroded,0,0,1,1,1,1,1,3.50E-06,-2.28E-06,-2.10E-06,4.68E-06,1.17E-06,0,8.37E-03,1,1,0,0,0
4302,1.00E-01,9.59E-02,2.89E-01,2,4302,Not eroded,0,0,1,1,1,1,1,4.31E-07,2.71E-07,-5.49E-08,5.12E-07,2.56E-07,1,9.16E-04,1,1,1,0,0
4306,1.23E-01,1.47E-01,2.99E-01,0,4306,ERODED,1,1,1,1,1,1,1,0,0.00E+00,0.00E+00,0,0,1,0.00E+00,1,1,1,1,1
4308,9.34E-02,5.61E-02,2.44E-01,3,4308,Not eroded,0,0,1,1,1,1,0,4.27E-07,-9.92E-07,1.35E-07,1.09E-06,3.63E-07,1,1.95E-03,1,1,0,0,0
4310,2.48E-01,2.32E-01,2.76E-01,3,4310,Not eroded,0,0,1,1,1,1,1,3.43E-06,9.31E-06,-1.73E-06,1.01E-05,3.36E-06,1,1.81E-02,1,1,0,0,0
4318,1.84E-01,2.02E-01,2.91E-01,2,4318,Not eroded,0,0,1,1,1,1,1,-8.28E-07,-1.74E-06,3.48E-06,3.98E-06,1.99E-06,1,7.12E-03,1,1,1,0,0
4320,3.06E-01,1.96E-01,3.19E-01,0,4320,ERODED,1,1,1,1,1,1,1,0,0.00E+00,0.00E+00,0,0,1,0.00E+00,1,1,1,1,1
4323,2.59E-01,2.22E-01,2.90E-01,6,4323,Not eroded,0,0,1,1,1,1,1,3.42E-05,-1.11E-05,-4.98E-05,6.14E-05,1.02E-05,0,1.10E-01,0,0,0,0,0
4332,5.95E-02,1.54E-01,2.64E-01,4,4332,Not eroded,0,0,1,1,1,1,1,-1.55E-07,7.05E-08,2.24E-07,2.82E-07,7.04E-08,0,5.04E-04,1,1,0,0,0
4333,5.61E-02,1.33E-01,2.72E-01,0,4333,Not eroded,0,0,1,1,1,1,1,0,0.00E+00,0.00E+00,0,0,1,0.00E+00,1,1,1,1,1
4334,5.60E-02,1.53E-01,2.73E-01,4,4334,Not eroded,0,0,1,1,1,1,1,-2.18E-07,1.28E-07,3.75E-07,4.52E-07,1.13E-07,0,8.08E-04,1,1,0,0,0
4335,2.86E-01,2.21E-01,2.56E-01,4,4335,Not eroded,0,0,1,1,1,1,1,1.66E-05,2.78E-06,2.19E-06,1.70E-05,4.25E-06,0,3.04E-02,1,1,0,0,0
4338,1.02E-01,1.23E-01,2.47E-01,5,4338,Not eroded,0,0,1,1,1,1,0,9.66E-08,2.39E-07,2.52E-07,3.61E-07,7.21E-08,0,6.46E-04,0,1,0,0,0
4342,2.38E-01,1.06E-01,2.41E-01,0,4342,Not eroded,0,0,1,1,1,1,0,0,0.00E+00,0.00E+00,0,0,1,0.00E+00,1,1,1,1,1
4345,2.99E-01,1.02E-01,3.14E-01,0,4345,ERODED,1,1,1,1,1,1,1,0,0.00E+00,0.00E+00,0,0,1,0.00E+00,1,1,1,1,1
4357,1.27E-01,2.01E-01,2.91E-01,0,4357,ERODED,1,1,1,1,1,1,1,0,0.00E+00,0.00E+00,0,0,1,0.00E+00,1,1,1,1,1
4358,5.63E-02,3.06E-01,2.57E-01,0,4358,Not eroded,0,0,1,1,1,1,1,0,0.00E+00,0.00E+00,0,0,1,0.00E+00,1,1,1,1,1
4360,2.61E-01,3.25E-01,2.43E-01,4,4360,Not eroded,0,0,1,1,1,1,0,2.87E-07,-7.76E-08,3.27E-07,4.42E-07,1.10E-07,0,7.91E-04,1,1,0,0,0
4366,1.50E-01,1.91E-01,2.89E-01,4,4366,Not eroded,0,0,1,1,1,1,1,1.98E-07,8.30E-08,-6.03E-07,6.40E-07,1.60E-07,0,1.14E-03,1,1,0,0,0
4372,2.36E-01,2.46E-01,2.72E-01,0,4372,Not eroded,0,0,1,1,1,1,1,0,0.00E+00,0.00E+00,0,0,1,0.00E+00,1,1,1,1,1
4374,1.00E-01,1.40E-01,2.48E-01,0,4374,Not eroded,0,0,1,1,1,1,0,0,0.00E+00,0.00E+00,0,0,1,0.00E+00,1,1,1,1,1
4380,2.04E-01,6.16E-02,2.57E-01,0,4380,Not eroded,0,0,1,1,1,1,1,0,0.00E+00,0.00E+00,0,0,1,0.00E+00,1,1,1,1,1
4385,1.82E-01,3.01E-01,2.77E-01,5,4385,Not eroded,0,0,1,1,1,1,1,-4.33E-07,2.14E-07,5.28E-08,4.86E-07,9.73E-08,0,8.69E-04,0,1,0,0,0
4386,1.16E-01,2.81E-01,3.15E-01,0,4386,ERODED,1,1,1,1,1,1,1,0,0.00E+00,0.00E+00,0,0,1,0.00E+00,1,1,1,1,1
4387,2.79E-01,2.56E-01,2.50E-01,3,4387,Not eroded,0,0,1,1,1,1,0,-4.02E-06,2.32E-06,-1.59E-07,4.64E-06,1.55E-06,1,8.30E-03,1,1,0,0,0
4389,1.63E-01,1.98E-01,2.89E-01,4,4389,Not eroded,0,0,1,1,1,1,1,-1.14E-06,-1.09E-09,-8.97E-07,1.45E-06,3.62E-07,0,2.59E-03,1,1,0,0,0
4396,2.45E-01,8.64E-02,2.77E-01,2,4396,Not eroded,0,0,1,1,1,1,1,-3.23E-08,8.92E-07,4.90E-07,1.02E-06,5.09E-07,1,1.82E-03,1,1,1,0,0
4398,1.83E-01,3.16E-01,2.65E-01,3,4398,Not eroded,0,0,1,1,1,1,1,1.23E-07,8.43E-07,2.51E-07,8.88E-07,2.96E-07,1,1.59E-03,1,1,0,0,0
4403,3.24E-01,7.65E-02,2.64E-01,0,4403,ERODED,1,1,1,1,1,1,1,0,0.00E+00,0.00E+00,0,0,1,0.00E+00,1,1,1,1,1
4404,1.06E-01,2.94E-01,2.64E-01,0,4404,ERODED,1,1,1,1,1,1,1,0,0.00E+00,0.00E+00,0,0,1,0.00E+00,1,1,1,1,1
4409,1.96E-01,1.80E-01,2.95E-01,0,4409,Not eroded,0,0,1,1,1,1,1,0,0.00E+00,0.00E+00,0,0,1,0.00E+00,1,1,1,1,1
4410,2.89E-01,1.80E-01,3.34E-01,0,4410,ERODED,1,1,1,1,1,1,1,0,0.00E+00,0.00E+00,0,0,1,0.00E+00,1,1,1,1,1
4412,1.57E-01,1.27E-01,2.46E-01,0,4412,Not eroded,0,0,1,1,1,1,0,0,0.00E+00,0.00E+00,0,0,1,0.00E+00,1,1,1,1,1
4416,1.99E-01,1.05E-01,2.56E-01,4,4416,Not eroded,0,0,1,1,1,1,1,1.35E-06,-8.70E-07,6.25E-07,1.72E-06,4.30E-07,0,3.08E-03,1,1,0,0,0
4421,2.25E-01,1.38E-01,3.21E-01,4,4421,Not eroded,0,0,1,1,1,1,1,5.96E-07,2.83E-08,-3.64E-07,6.99E-07,1.75E-07,0,1.25E-03,1,1,0,0,0
4427,2.68E-01,3.16E-01,2.79E-01,0,4427,ERODED,1,1,1,1,1,1,1,0,0.00E+00,0.00E+00,0,0,1,0.00E+00,1,1,1,1,1
4437,2.12E-01,2.55E-01,2.80E-01,5,4437,Not eroded,0,0,1,1,1,1,1,-3.05E-07,2.66E-06,1.82E-06,3.24E-06,6.48E-07,0,5.80E-03,0,1,0,0,0
4439,1.80E-01,2.14E-01,2.59E-01,4,4439,Not eroded,0,0,1,1,1,1,1,3.23E-06,3.41E-06,-6.97E-07,4.75E-06,1.19E-06,0,8.50E-03,1,1,0,0,0
4441,8.81E-02,3.25E-01,2.95E-01,0,4441,ERODED,1,1,1,1,1,1,1,0,0.00E+00,0.00E+00,0,0,1,0.00E+00,1,1,1,1,1
4442,1.96E-01,3.23E-01,2.71E-01,6,4442,Not eroded,0,0,1,1,1,1,1,1.54E-07,1.24E-07,2.90E-07,3.51E-07,5.85E-08,0,6.28E-04,0,0,0,0,0
4446,1.43E-01,3.25E-01,2.58E-01,3,4446,Not eroded,0,0,1,1,1,1,1,2.66E-07,-7.18E-07,-7.18E-08,7.69E-07,2.56E-07,1,1.38E-03,1,1,0,0,0
4448,2.41E-01,2.47E-01,2.89E-01,6,4448,Not eroded,0,0,1,1,1,1,1,-6.85E-06,-7.73E-06,2.97E-05,3.15E-05,5.25E-06,0,5.63E-02,0,0,0,0,0
4452,1.06E-01,1.81E-01,2.59E-01,0,4452,ERODED,1,1,1,1,1,1,1,0,0.00E+00,0.00E+00,0,0,1,0.00E+00,1,1,1,1,1
4454,1.58E-01,6.47E-02,2.42E-01,5,4454,Not eroded,0,0,1,1,1,1,0,4.04E-07,6.58E-08,2.51E-08,4.10E-07,8.20E-08,0,7.33E-04,0,1,0,0,0
4457,2.99E-01,5.92E-02,2.66E-01,0,4457,ERODED,1,1,1,1,1,1,1,0,0.00E+00,0.00E+00,0,0,1,0.00E+00,1,1,1,1,1
4460,1.40E-01,2.40E-01,2.71E-01,5,4460,Not eroded,0,0,1,1,1,1,1,1.08E-06,-2.36E-07,7.26E-07,1.32E-06,2.64E-07,0,2.36E-03,0,1,0,0,0
4462,1.08E-01,2.25E-01,3.25E-01,0,4462,ERODED,1,1,1,1,1,1,1,0,0.00E+00,0.00E+00,0,0,1,0.00E+00,1,1,1,1,1
4467,2.01E-01,2.12E-01,2.82E-01,0,4467,ERODED,1,1,1,1,1,1,1,0,0.00E+00,0.00E+00,0,0,1,0.00E+00,1,1,1,1,1
4468,2.42E-01,1.73E-01,2.71E-01,3,4468,Not eroded,0,0,1,1,1,1,1,1.94E-06,9.95E-07,-2.18E-06,3.08E-06,1.03E-06,1,5.51E-03,1,1,0,0,0
4478,6.78E-02,1.24E-01,2.65E-01,4,4478,Not eroded,0,0,1,1,1,1,1,-2.72E-08,4.07E-08,-1.08E-07,1.19E-07,2.97E-08,0,2.13E-04,1,1,0,0,0
4479,1.58E-01,1.07E-01,3.27E-01,0,4479,ERODED,1,1,1,1,1,1,1,0,0.00E+00,0.00E+00,0,0,1,0.00E+00,1,1,1,1,1
4482,9.89E-02,3.19E-01,3.20E-01,0,4482,ERODED,1,1,1,1,1,1,1,0,0.00E+00,0.00E+00,0,0,1,0.00E+00,1,1,1,1,1
4483,2.13E-01,1.86E-01,2.44E-01,4,4483,Not eroded,0,0,1,1,1,1,0,-1.92E-06,-1.06E-06,4.93E-07,2.25E-06,5.62E-07,0,4.02E-03,1,1,0,0,0
4484,2.28E-01,1.51E-01,2.98E-01,4,4484,Not eroded,0,0,1,1,1,1,1,8.61E-07,1.67E-06,-2.04E-07,1.89E-06,4.72E-07,0,3.38E-03,1,1,0,0,0
4487,2.52E-01,2.68E-01,3.29E-01,0,4487,ERODED,1,1,1,1,1,1,1,0,0.00E+00,0.00E+00,0,0,1,0.00E+00,1,1,1,1,1
4490,1.95E-01,6.56E-02,2.86E-01,6,4490,Not eroded,0,0,1,1,1,1,1,4.28E-07,8.77E-07,2.58E-07,1.01E-06,1.68E-07,0,1.81E-03,0,0,0,0,0
4492,2.54E-01,9.11E-02,3.12E-01,0,4492,ERODED,1,1,1,1,1,1,1,0,0.00E+00,0.00E+00,0,0,1,0.00E+00,1,1,1,1,1
4493,7.29E-02,2.48E-01,2.46E-01,3,4493,Not eroded,0,0,1,1,1,1,0,1.69E-07,-5.75E-08,-1.25E-07,2.18E-07,7.27E-08,1,3.90E-04,1,1,0,0,0
4507,1.10E-01,2.44E-01,2.92E-01,0,4507,Not eroded,0,0,1,1,1,1,1,0,0.00E+00,0.00E+00,0,0,1,0.00E+00,1,1,1,1,1
4509,3.22E-01,1.45E-01,2.50E-01,0,4509,Not eroded,0,0,1,1,1,1,0,0,0.00E+00,0.00E+00,0,0,1,0.00E+00,1,1,1,1,1
4513,2.14E-01,2.43E-01,2.96E-01,3,4513,Not eroded,0,0,1,1,1,1,1,-2.65E-06,4.13E-06,-2.14E-06,5.35E-06,1.78E-06,1,9.57E-03,1,1,0,0,0
4516,5.60E-02,9.41E-02,2.78E-01,4,4516,Not eroded,0,0,1,1,1,1,1,-3.29E-07,-1.80E-08,-6.41E-10,3.30E-07,8.24E-08,0,5.90E-04,1,1,0,0,0
4519,2.67E-01,2.11E-01,2.48E-01,5,4519,Not eroded,0,0,1,1,1,1,0,-1.32E-05,2.46E-07,-4.70E-05,4.88E-05,9.76E-06,0,8.73E-02,0,1,0,0,0
4520,1.22E-01,2.05E-01,3.34E-01,0,4520,ERODED,1,1,1,1,1,1,1,0,0.00E+00,0.00E+00,0,0,1,0.00E+00,1,1,1,1,1
4521,2.97E-01,1.84E-01,3.25E-01,2,4521,Not eroded,0,0,1,1,1,1,1,1.28E-06,3.67E-06,-5.55E-06,6.77E-06,3.39E-06,1,1.21E-02,1,1,1,0,0
4523,1.47E-01,1.83E-01,2.56E-01,3,4523,Not eroded,0,0,1,1,1,1,1,5.39E-07,-1.91E-07,8.47E-07,1.02E-06,3.41E-07,1,1.82E-03,1,1,0,0,0
4525,3.24E-01,1.07E-01,2.99E-01,0,4525,ERODED,1,1,1,1,1,1,1,0,0.00E+00,0.00E+00,0,0,1,0.00E+00,1,1,1,1,1
4527,6.25E-02,2.95E-01,3.25E-01,0,4527,ERODED,1,1,1,1,1,1,1,0,0.00E+00,0.00E+00,0,0,1,0.00E+00,1,1,1,1,1
4535,2.49E-01,1.28E-01,2.77E-01,0,4535,ERODED,1,1,1,1,1,1,1,0,0.00E+00,0.00E+00,0,0,1,0.00E+00,1,1,1,1,1
4536,6.54E-02,2.74E-01,2.85E-01,0,4536,ERODED,1,1,1,1,1,1,1,0,0.00E+00,0.00E+00,0,0,1,0.00E+00,1,1,1,1,1
4546,1.31E-01,1.58E-01,2.52E-01,4,4546,Not eroded,0,0,1,1,1,1,1,5.10E-08,4.03E-07,7.10E-07,8.18E-07,2.05E-07,0,1.46E-03,1,1,0,0,0
4548,9.18E-02,1.29E-01,2.60E-01,4,4548,Not eroded,0,0,1,1,1,1,1,1.87E-07,-1.08E-07,1.59E-07,2.69E-07,6.72E-08,0,4.81E-04,1,1,0,0,0
4555,2.47E-01,1.73E-01,2.90E-01,3,4555,Not eroded,0,0,1,1,1,1,1,7.91E-07,1.58E-06,-2.49E-07,1.79E-06,5.96E-07,1,3.20E-03,1,1,0,0,0
4563,2.20E-01,1.96E-01,2.63E-01,5,4563,Not eroded,0,0,1,1,1,1,1,-8.93E-07,-1.83E-06,-2.34E-06,3.10E-06,6.20E-07,0,5.54E-03,0,1,0,0,0
4573,1.95E-01,6.39E-02,2.69E-01,4,4573,Not eroded,0,0,1,1,1,1,1,4.02E-08,-8.02E-08,-5.11E-08,1.03E-07,2.58E-08,0,1.84E-04,1,1,0,0,0
4575,2.65E-01,1.31E-01,2.89E-01,0,4575,Not eroded,0,0,1,1,1,1,1,0,0.00E+00,0.00E+00,0,0,1,0.00E+00,1,1,1,1,1
4580,2.52E-01,1.54E-01,2.91E-01,4,4580,Not eroded,0,0,1,1,1,1,1,1.04E-06,1.76E-06,1.47E-06,2.52E-06,6.29E-07,0,4.51E-03,1,1,0,0,0
4583,2.56E-01,3.04E-01,2.68E-01,0,4583,Not eroded,0,0,1,1,1,1,1,0,0.00E+00,0.00E+00,0,0,1,0.00E+00,1,1,1,1,1
4585,2.32E-01,1.82E-01,2.60E-01,4,4585,Not eroded,0,0,1,1,1,1,1,1.58E-06,5.07E-06,2.94E-06,6.07E-06,1.52E-06,0,1.09E-02,1,1,0,0,0
4587,2.01E-01,1.08E-01,2.91E-01,0,4587,Not eroded,0,0,1,1,1,1,1,0,0.00E+00,0.00E+00,0,0,1,0.00E+00,1,1,1,1,1
4593,2.77E-01,5.61E-02,2.78E-01,0,4593,ERODED,1,1,1,1,1,1,1,0,0.00E+00,0.00E+00,0,0,1,0.00E+00,1,1,1,1,1
4595,2.12E-01,2.11E-01,2.68E-01,0,4595,Not eroded,0,0,1,1,1,1,1,0,0.00E+00,0.00E+00,0,0,1,0.00E+00,1,1,1,1,1
4597,6.51E-02,1.29E-01,2.91E-01,4,4597,Not eroded,0,0,1,1,1,1,1,6.74E-08,2.32E-07,1.65E-07,2.93E-07,7.32E-08,0,5.24E-04,1,1,0,0,0
4609,2.11E-01,3.09E-01,2.63E-01,6,4609,Not eroded,0,0,1,1,1,1,1,-5.87E-07,6.72E-07,-7.20E-07,1.15E-06,1.91E-07,0,2.06E-03,0,0,0,0,0
4613,3.24E-01,3.24E-01,2.45E-01,0,4613,Not eroded,0,0,1,1,1,1,0,0,0.00E+00,0.00E+00,0,0,1,0.00E+00,1,1,1,1,1
4614,1.10E-01,2.15E-01,3.25E-01,0,4614,ERODED,1,1,1,1,1,1,1,0,0.00E+00,0.00E+00,0,0,1,0.00E+00,1,1,1,1,1
4616,2.35E-01,2.60E-01,2.81E-01,4,4616,Not eroded,0,0,1,1,1,1,1,2.44E-07,-2.36E-06,-1.39E-06,2.75E-06,6.87E-07,0,4.92E-03,1,1,0,0,0
4620,3.17E-01,9.41E-02,3.31E-01,0,4620,ERODED,1,1,1,1,1,1,1,0,0.00E+00,0.00E+00,0,0,1,0.00E+00,1,1,1,1,1
4622,1.46E-01,2.88E-01,3.08E-01,0,4622,ERODED,1,1,1,1,1,1,1,0,0.00E+00,0.00E+00,0,0,1,0.00E+00,1,1,1,1,1
4625,5.60E-02,1.97E-01,2.94E-01,3,4625,Not eroded,0,0,1,1,1,1,1,-2.08E-07,1.54E-08,-2.87E-07,3.55E-07,1.18E-07,1,6.35E-04,1,1,0,0,0
4626,1.41E-01,9.69E-02,3.15E-01,0,4626,ERODED,1,1,1,1,1,1,1,0,0.00E+00,0.00E+00,0,0,1,0.00E+00,1,1,1,1,1
4627,2.72E-01,1.16E-01,2.58E-01,0,4627,Not eroded,0,0,1,1,1,1,1,0,0.00E+00,0.00E+00,0,0,1,0.00E+00,1,1,1,1,1
4628,2.26E-01,1.10E-01,2.55E-01,0,4628,Not eroded,0,0,1,1,1,1,1,0,0.00E+00,0.00E+00,0,0,1,0.00E+00,1,1,1,1,1
4630,1.61E-01,1.16E-01,2.97E-01,0,4630,ERODED,1,1,1,1,1,1,1,0,0.00E+00,0.00E+00,0,0,1,0.00E+00,1,1,1,1,1
4638,2.69E-01,1.50E-01,2.69E-01,0,4638,Not eroded,0,0,1,1,1,1,1,0,0.00E+00,0.00E+00,0,0,1,0.00E+00,1,1,1,1,1
4645,1.65E-01,1.27E-01,3.12E-01,0,4645,ERODED,1,1,1,1,1,1,1,0,0.00E+00,0.00E+00,0,0,1,0.00E+00,1,1,1,1,1
4648,2.47E-01,6.46E-02,2.69E-01,0,4648,Not eroded,0,0,1,1,1,1,1,0,0.00E+00,0.00E+00,0,0,1,0.00E+00,1,1,1,1,1
4653,5.60E-02,2.42E-01,2.45E-01,4,4653,Not eroded,0,0,1,1,1,1,0,-4.22E-07,3.04E-07,9.48E-08,5.29E-07,1.32E-07,0,9.46E-04,1,1,0,0,0
4657,1.64E-01,2.21E-01,2.68E-01,3,4657,Not eroded,0,0,1,1,1,1,1,8.49E-07,-3.34E-07,1.79E-06,2.01E-06,6.69E-07,1,3.60E-03,1,1,0,0,0
4661,1.05E-01,1.81E-01,3.17E-01,0,4661,ERODED,1,1,1,1,1,1,1,0,0.00E+00,0.00E+00,0,0,1,0.00E+00,1,1,1,1,1
4662,2.47E-01,2.42E-01,3.26E-01,0,4662,ERODED,1,1,1,1,1,1,1,0,0.00E+00,0.00E+00,0,0,1,0.00E+00,1,1,1,1,1
4666,1.37E-01,2.48E-01,2.76E-01,4,4666,Not eroded,0,0,1,1,1,1,1,5.58E-07,7.89E-08,-8.37E-08,5.69E-07,1.42E-07,0,1.02E-03,1,1,0,0,0
4670,3.24E-01,2.35E-01,2.74E-01,3,4670,Not eroded,0,0,1,1,1,1,1,4.93E-06,-1.01E-05,7.24E-06,1.34E-05,4.45E-06,1,2.40E-02,1,1,0,0,0
4673,1.17E-01,8.36E-02,2.41E-01,0,4673,Not eroded,0,0,1,1,1,1,0,0,0.00E+00,0.00E+00,0,0,1,0.00E+00,1,1,1,1,1
4679,1.69E-01,2.12E-01,2.81E-01,4,4679,Not eroded,0,0,1,1,1,1,1,8.39E-07,-9.43E-07,2.15E-06,2.49E-06,6.23E-07,0,4.45E-03,1,1,0,0,0
4680,1.79E-01,3.02E-01,2.96E-01,0,4680,Not eroded,0,0,1,1,1,1,1,0,0.00E+00,0.00E+00,0,0,1,0.00E+00,1,1,1,1,1
4682,5.62E-02,6.60E-02,3.05E-01,0,4682,ERODED,1,1,1,1,1,1,1,0,0.00E+00,0.00E+00,0,0,1,0.00E+00,1,1,1,1,1
4688,1.86E-01,5.61E-02,2.92E-01,3,4688,Not eroded,0,0,1,1,1,1,1,-9.31E-08,-3.29E-07,-5.60E-07,6.56E-07,2.19E-07,1,1.17E-03,1,1,0,0,0
4689,2.85E-01,1.34E-01,3.26E-01,0,4689,ERODED,1,1,1,1,1,1,1,0,0.00E+00,0.00E+00,0,0,1,0.00E+00,1,1,1,1,1
4690,1.14E-01,1.72E-01,2.59E-01,0,4690,ERODED,1,1,1,1,1,1,1,0,0.00E+00,0.00E+00,0,0,1,0.00E+00,1,1,1,1,1
4694,9.56E-02,1.71E-01,2.78E-01,0,4694,ERODED,1,1,1,1,1,1,1,0,0.00E+00,0.00E+00,0,0,1,0.00E+00,1,1,1,1,1
4700,3.00E-01,2.07E-01,2.81E-01,0,4700,ERODED,1,1,1,1,1,1,1,0,0.00E+00,0.00E+00,0,0,1,0.00E+00,1,1,1,1,1
4701,2.19E-01,2.24E-01,2.98E-01,6,4701,Not eroded,0,0,1,1,1,1,1,4.76E-06,6.51E-06,7.44E-06,1.10E-05,1.83E-06,0,1.97E-02,0,0,0,0,0
4706,2.72E-01,1.62E-01,2.52E-01,0,4706,Not eroded,0,0,1,1,1,1,1,0,0.00E+00,0.00E+00,0,0,1,0.00E+00,1,1,1,1,1
4708,5.68E-02,9.67E-02,3.06E-01,0,4708,ERODED,1,1,1,1,1,1,1,0,0.00E+00,0.00E+00,0,0,1,0.00E+00,1,1,1,1,1
4710,1.06E-01,2.86E-01,2.54E-01,0,4710,Not eroded,0,0,1,1,1,1,1,0,0.00E+00,0.00E+00,0,0,1,0.00E+00,1,1,1,1,1
4720,5.60E-02,9.14E-02,2.43E-01,4,4720,Not eroded,0,0,1,1,1,1,0,5.46E-08,-7.29E-08,1.07E-07,1.40E-07,3.50E-08,0,2.50E-04,1,1,0,0,0
4721,9.94E-02,6.85E-02,2.67E-01,5,4721,Not eroded,0,0,1,1,1,1,1,3.05E-07,4.04E-07,-6.89E-08,5.11E-07,1.02E-07,0,9.14E-04,0,1,0,0,0
4722,6.61E-02,1.89E-01,2.85E-01,0,4722,Not eroded,0,0,1,1,1,1,1,0,0.00E+00,0.00E+00,0,0,1,0.00E+00,1,1,1,1,1
4728,2.43E-01,2.41E-01,2.80E-01,4,4728,Not eroded,0,0,1,1,1,1,1,-1.72E-06,9.62E-06,-6.49E-06,1.17E-05,2.93E-06,0,2.09E-02,1,1,0,0,0
4734,3.24E-01,2.49E-01,2.83E-01,4,4734,Not eroded,0,0,1,1,1,1,1,-9.82E-07,3.20E-06,-1.02E-06,3.50E-06,8.74E-07,0,6.26E-03,1,1,0,0,0
4742,8.90E-02,3.13E-01,2.95E-01,0,4742,ERODED,1,1,1,1,1,1,1,0,0.00E+00,0.00E+00,0,0,1,0.00E+00,1,1,1,1,1
4744,2.95E-01,1.25E-01,2.72E-01,3,4744,Not eroded,0,0,1,1,1,1,1,-1.27E-06,-1.48E-06,1.41E-06,2.41E-06,8.03E-07,1,4.31E-03,1,1,0,0,0
4746,5.64E-02,2.43E-01,2.91E-01,0,4746,ERODED,1,1,1,1,1,1,1,0,0.00E+00,0.00E+00,0,0,1,0.00E+00,1,1,1,1,1
4748,3.24E-01,2.39E-01,2.64E-01,0,4748,Not eroded,0,0,1,1,1,1,1,0,0.00E+00,0.00E+00,0,0,1,0.00E+00,1,1,1,1,1
4752,1.48E-01,1.20E-01,2.74E-01,0,4752,ERODED,1,1,1,1,1,1,1,0,0.00E+00,0.00E+00,0,0,1,0.00E+00,1,1,1,1,1
4755,2.04E-01,3.10E-01,2.91E-01,0,4755,Not eroded,0,0,1,1,1,1,1,0,0.00E+00,0.00E+00,0,0,1,0.00E+00,1,1,1,1,1
4756,1.14E-01,2.71E-01,3.11E-01,0,4756,ERODED,1,1,1,1,1,1,1,0,0.00E+00,0.00E+00,0,0,1,0.00E+00,1,1,1,1,1
4757,1.99E-01,2.43E-01,2.89E-01,4,4757,Not eroded,0,0,1,1,1,1,1,-2.42E-06,1.21E-06,-2.41E-06,3.62E-06,9.06E-07,0,6.48E-03,1,1,0,0,0
4758,9.80E-02,1.13E-01,3.14E-01,0,4758,ERODED,1,1,1,1,1,1,1,0,0.00E+00,0.00E+00,0,0,1,0.00E+00,1,1,1,1,1
4759,2.06E-01,9.07E-02,2.79E-01,0,4759,Not eroded,0,0,1,1,1,1,1,0,0.00E+00,0.00E+00,0,0,1,0.00E+00,1,1,1,1,1
4761,3.24E-01,2.93E-01,2.68E-01,3,4761,Not eroded,0,0,1,1,1,1,1,-6.19E-07,2.96E-08,1.11E-06,1.27E-06,4.25E-07,1,2.27E-03,1,1,0,0,0
4762,3.08E-01,1.89E-01,2.44E-01,5,4762,Not eroded,0,0,1,1,1,1,0,4.64E-06,1.86E-06,-1.11E-05,1.22E-05,2.44E-06,0,2.18E-02,0,1,0,0,0
4765,2.00E-01,3.17E-01,2.84E-01,0,4765,Not eroded,0,0,1,1,1,1,1,0,0.00E+00,0.00E+00,0,0,1,0.00E+00,1,1,1,1,1
4771,2.97E-01,1.85E-01,2.89E-01,0,4771,Not eroded,0,0,1,1,1,1,1,0,0.00E+00,0.00E+00,0,0,1,0.00E+00,1,1,1,1,1
4773,2.83E-01,1.44E-01,2.82E-01,0,4773,Not eroded,0,0,1,1,1,1,1,0,0.00E+00,0.00E+00,0,0,1,0.00E+00,1,1,1,1,1
4784,1.14E-01,2.49E-01,2.47E-01,4,4784,Not eroded,0,0,1,1,1,1,0,1.12E-07,5.80E-07,3.07E-07,6.66E-07,1.66E-07,0,1.19E-03,1,1,0,0,0
4785,1.78E-01,8.32E-02,2.98E-01,3,4785,Not eroded,0,0,1,1,1,1,1,4.88E-07,-3.74E-07,-3.67E-07,7.16E-07,2.39E-07,1,1.28E-03,1,1,0,0,0
4787,2.25E-01,9.00E-02,3.19E-01,0,4787,ERODED,1,1,1,1,1,1,1,0,0.00E+00,0.00E+00,0,0,1,0.00E+00,1,1,1,1,1
4789,3.24E-01,8.32E-02,2.91E-01,0,4789,Not eroded,0,0,1,1,1,1,1,0,0.00E+00,0.00E+00,0,0,1,0.00E+00,1,1,1,1,1
4790,2.99E-01,2.62E-01,2.50E-01,5,4790,Not eroded,0,0,1,1,1,1,0,6.21E-07,1.03E-06,2.49E-06,2.77E-06,5.54E-07,0,4.95E-03,0,1,0,0,0
4791,9.15E-02,2.32E-01,3.28E-01,0,4791,ERODED,1,1,1,1,1,1,1,0,0.00E+00,0.00E+00,0,0,1,0.00E+00,1,1,1,1,1
4797,1.49E-01,1.30E-01,3.06E-01,0,4797,ERODED,1,1,1,1,1,1,1,0,0.00E+00,0.00E+00,0,0,1,0.00E+00,1,1,1,1,1
4798,7.32E-02,5.58E-02,3.25E-01,2,4798,Not eroded,0,0,1,1,1,1,1,-9.33E-08,-8.14E-07,-5.49E-08,8.21E-07,4.11E-07,1,1.47E-03,1,1,1,0,0
4800,1.58E-01,2.86E-01,2.46E-01,0,4800,Not eroded,0,0,1,1,1,1,0,0,0.00E+00,0.00E+00,0,0,1,0.00E+00,1,1,1,1,1
4804,3.20E-01,2.69E-01,2.92E-01,4,4804,Not eroded,0,0,1,1,1,1,1,-1.30E-06,2.60E-06,-1.69E-07,2.91E-06,7.29E-07,0,5.21E-03,1,1,0,0,0
4805,1.58E-01,1.87E-01,2.95E-01,4,4805,Not eroded,0,0,1,1,1,1,1,9.65E-07,1.93E-08,-4.01E-07,1.04E-06,2.61E-07,0,1.86E-03,1,1,0,0,0
4806,9.80E-02,1.61E-01,2.61E-01,0,4806,ERODED,1,1,1,1,1,1,1,0,0.00E+00,0.00E+00,0,0,1,0.00E+00,1,1,1,1,1
4815,3.24E-01,1.29E-01,2.59E-01,0,4815,Not eroded,0,0,1,1,1,1,1,0,0.00E+00,0.00E+00,0,0,1,0.00E+00,1,1,1,1,1
4816,2.79E-01,9.79E-02,3.31E-01,0,4816,ERODED,1,1,1,1,1,1,1,0,0.00E+00,0.00E+00,0,0,1,0.00E+00,1,1,1,1,1
4817,1.21E-01,2.48E-01,2.94E-01,5,4817,Not eroded,0,0,1,1,1,1,1,-1.04E-07,5.83E-07,5.71E-08,5.95E-07,1.19E-07,0,1.06E-03,0,1,0,0,0
4819,8.87E-02,2.17E-01,2.72E-01,0,4819,ERODED,1,1,1,1,1,1,1,0,0.00E+00,0.00E+00,0,0,1,0.00E+00,1,1,1,1,1
4829,1.93E-01,2.96E-01,2.88E-01,5,4829,Not eroded,0,0,1,1,1,1,1,1.43E-08,4.66E-07,4.87E-07,6.74E-07,1.35E-07,0,1.21E-03,0,1,0,0,0
4834,2.36E-01,1.29E-01,2.84E-01,5,4834,Not eroded,0,0,1,1,1,1,1,-1.21E-06,-1.43E-07,-8.51E-07,1.48E-06,2.97E-07,0,2.65E-03,0,1,0,0,0
4836,2.89E-01,5.61E-02,2.67E-01,0,4836,Not eroded,0,0,1,1,1,1,1,0,0.00E+00,0.00E+00,0,0,1,0.00E+00,1,1,1,1,1
4843,3.24E-01,1.56E-01,2.41E-01,0,4843,Not eroded,0,0,1,1,1,1,0,0,0.00E+00,0.00E+00,0,0,1,0.00E+00,1,1,1,1,1
4847,3.24E-01,1.90E-01,2.95E-01,0,4847,ERODED,1,1,1,1,1,1,1,0,0.00E+00,0.00E+00,0,0,1,0.00E+00,1,1,1,1,1
4852,7.30E-02,2.53E-01,3.24E-01,0,4852,ERODED,1,1,1,1,1,1,1,0,0.00E+00,0.00E+00,0,0,1,0.00E+00,1,1,1,1,1
4854,1.70E-01,2.17E-01,2.42E-01,4,4854,Not eroded,0,0,1,1,1,1,0,1.08E-06,2.17E-07,1.25E-06,1.67E-06,4.16E-07,0,2.99E-03,1,1,0,0,0
4855,2.76E-01,1.51E-01,2.50E-01,0,4855,Not eroded,0,0,1,1,1,1,0,0,0.00E+00,0.00E+00,0,0,1,0.00E+00,1,1,1,1,1
4863,7.11E-02,1.81E-01,2.80E-01,0,4863,ERODED,1,1,1,1,1,1,1,0,0.00E+00,0.00E+00,0,0,1,0.00E+00,1,1,1,1,1
4870,1.99E-01,1.05E-01,2.75E-01,5,4870,Not eroded,0,0,1,1,1,1,1,9.09E-07,5.47E-07,7.99E-07,1.33E-06,2.66E-07,0,2.38E-03,0,1,0,0,0
4871,1.98E-01,1.91E-01,3.08E-01,0,4871,ERODED,1,1,1,1,1,1,1,0,0.00E+00,0.00E+00,0,0,1,0.00E+00,1,1,1,1,1
4874,1.86E-01,9.98E-02,2.88E-01,5,4874,Not eroded,0,0,1,1,1,1,1,-6.35E-07,9.13E-07,1.46E-07,1.12E-06,2.24E-07,0,2.00E-03,0,1,0,0,0
4877,5.60E-02,8.20E-02,2.64E-01,3,4877,Not eroded,0,0,1,1,1,1,1,-1.84E-07,1.42E-07,-4.79E-08,2.38E-07,7.92E-08,1,4.26E-04,1,1,0,0,0
4879,2.39E-01,2.51E-01,2.80E-01,4,4879,Not eroded,0,0,1,1,1,1,1,-6.78E-06,4.51E-06,-8.30E-06,1.16E-05,2.91E-06,0,2.07E-02,1,1,0,0,0
4899,2.21E-01,1.35E-01,2.51E-01,0,4899,Not eroded,0,0,1,1,1,1,1,0,0.00E+00,0.00E+00,0,0,1,0.00E+00,1,1,1,1,1
4900,2.34E-01,1.94E-01,2.47E-01,3,4900,Not eroded,0,0,1,1,1,1,0,4.20E-06,-1.29E-06,7.85E-07,4.46E-06,1.49E-06,1,7.98E-03,1,1,0,0,0
4902,6.51E-02,9.18E-02,2.50E-01,4,4902,Not eroded,0,0,1,1,1,1,0,1.68E-07,-1.59E-07,-5.14E-08,2.37E-07,5.93E-08,0,4.24E-04,1,1,0,0,0
4907,1.16E-01,1.03E-01,2.64E-01,0,4907,Not eroded,0,0,1,1,1,1,1,0,0.00E+00,0.00E+00,0,0,1,0.00E+00,1,1,1,1,1
4909,9.10E-02,1.40E-01,2.98E-01,0,4909,ERODED,1,1,1,1,1,1,1,0,0.00E+00,0.00E+00,0,0,1,0.00E+00,1,1,1,1,1
4913,1.99E-01,3.05E-01,2.43E-01,5,4913,Not eroded,0,0,1,1,1,1,0,5.90E-08,2.54E-07,1.11E-06,1.14E-06,2.29E-07,0,2.04E-03,0,1,0,0,0
4914,6.90E-02,3.25E-01,2.76E-01,1,4914,Not eroded,0,0,1,1,1,1,1,-6.36E-08,-4.63E-07,-1.03E-07,4.79E-07,4.79E-07,1,8.57E-04,1,1,1,1,0
4915,2.65E-01,1.74E-01,3.18E-01,0,4915,ERODED,1,1,1,1,1,1,1,0,0.00E+00,0.00E+00,0,0,1,0.00E+00,1,1,1,1,1
4923,1.10E-01,5.61E-02,2.47E-01,2,4923,Not eroded,0,0,1,1,1,1,0,1.69E-07,-9.31E-07,3.41E-08,9.46E-07,4.73E-07,1,1.69E-03,1,1,1,0,0
4925,1.09E-01,1.96E-01,2.99E-01,0,4925,ERODED,1,1,1,1,1,1,1,0,0.00E+00,0.00E+00,0,0,1,0.00E+00,1,1,1,1,1
4927,1.36E-01,7.05E-02,2.87E-01,0,4927,Not eroded,0,0,1,1,1,1,1,0,0.00E+00,0.00E+00,0,0,1,0.00E+00,1,1,1,1,1
4928,1.13E-01,2.34E-01,3.25E-01,0,4928,ERODED,1,1,1,1,1,1,1,0,0.00E+00,0.00E+00,0,0,1,0.00E+00,1,1,1,1,1
4930,2.04E-01,1.25E-01,2.43E-01,5,4930,Not eroded,0,0,1,1,1,1,0,1.45E-06,9.05E-07,1.83E-06,2.51E-06,5.02E-07,0,4.49E-03,0,1,0,0,0
4931,2.92E-01,1.06E-01,2.43E-01,3,4931,Not eroded,0,0,1,1,1,1,0,-8.65E-08,1.49E-06,-1.83E-08,1.49E-06,4.98E-07,1,2.67E-03,1,1,0,0,0
4933,3.24E-01,5.66E-02,2.91E-01,0,4933,Not eroded,0,0,1,1,1,1,1,0,0.00E+00,0.00E+00,0,0,1,0.00E+00,1,1,1,1,1
4935,2.43E-01,3.25E-01,2.95E-01,0,4935,Not eroded,0,0,1,1,1,1,1,0,0.00E+00,0.00E+00,0,0,1,0.00E+00,1,1,1,1,1
4936,1.00E-01,1.93E-01,2.93E-01,0,4936,ERODED,1,1,1,1,1,1,1,0,0.00E+00,0.00E+00,0,0,1,0.00E+00,1,1,1,1,1
4937,2.21E-01,1.68E-01,2.91E-01,3,4937,Not eroded,0,0,1,1,1,1,1,1.40E-06,-9.76E-07,3.14E-06,3.58E-06,1.19E-06,1,6.40E-03,1,1,0,0,0
4940,1.38E-01,3.24E-01,2.47E-01,0,4940,Not eroded,0,0,1,1,1,1,0,0,0.00E+00,0.00E+00,0,0,1,0.00E+00,1,1,1,1,1
4941,2.17E-01,1.74E-01,3.19E-01,0,4941,ERODED,1,1,1,1,1,1,1,0,0.00E+00,0.00E+00,0,0,1,0.00E+00,1,1,1,1,1
4942,2.58E-01,1.50E-01,2.84E-01,3,4942,Not eroded,0,0,1,1,1,1,1,-8.64E-07,-2.99E-06,2.00E-06,3.70E-06,1.23E-06,1,6.62E-03,1,1,0,0,0
4949,1.51E-01,3.24E-01,2.95E-01,3,4949,Not eroded,0,0,1,1,1,1,1,-1.76E-07,1.93E-07,2.53E-07,3.64E-07,1.21E-07,1,6.51E-04,1,1,0,0,0
4952,1.00E-01,5.61E-02,2.64E-01,3,4952,Not eroded,0,0,1,1,1,1,1,2.97E-07,-8.07E-07,2.42E-07,8.94E-07,2.98E-07,1,1.60E-03,1,1,0,0,0
4957,2.08E-01,2.57E-01,3.10E-01,3,4957,Not eroded,0,0,1,1,1,1,1,4.49E-07,1.36E-06,-2.59E-06,2.96E-06,9.86E-07,1,5.29E-03,1,1,0,0,0
4971,2.91E-01,2.44E-01,3.27E-01,0,4971,ERODED,1,1,1,1,1,1,1,0,0.00E+00,0.00E+00,0,0,1,0.00E+00,1,1,1,1,1
4990,1.01E-01,1.28E-01,3.11E-01,0,4990,ERODED,1,1,1,1,1,1,1,0,0.00E+00,0.00E+00,0,0,1,0.00E+00,1,1,1,1,1
4995,3.24E-01,1.59E-01,2.66E-01,0,4995,Not eroded,0,0,1,1,1,1,1,0,0.00E+00,0.00E+00,0,0,1,0.00E+00,1,1,1,1,1
5006,1.70E-01,8.12E-02,2.70E-01,3,5006,Not eroded,0,0,1,1,1,1,1,-2.01E-07,7.05E-07,2.97E-07,7.91E-07,2.64E-07,1,1.41E-03,1,1,0,0,0
5008,2.91E-01,3.23E-01,3.26E-01,0,5008,ERODED,1,1,1,1,1,1,1,0,0.00E+00,0.00E+00,0,0,1,0.00E+00,1,1,1,1,1
5013,2.32E-01,1.60E-01,2.99E-01,5,5013,Not eroded,0,0,1,1,1,1,1,1.14E-06,4.56E-07,-2.38E-07,1.25E-06,2.50E-07,0,2.24E-03,0,1,0,0,0
5016,1.75E-01,9.17E-02,2.69E-01,4,5016,Not eroded,0,0,1,1,1,1,1,5.04E-07,-5.83E-07,3.09E-07,8.30E-07,2.08E-07,0,1.48E-03,1,1,0,0,0
5024,2.62E-01,2.29E-01,2.45E-01,5,5024,Not eroded,0,0,1,1,1,1,0,-1.86E-05,3.57E-05,5.96E-07,4.03E-05,8.05E-06,0,7.21E-02,0,1,0,0,0
5032,9.37E-02,1.35E-01,3.08E-01,0,5032,ERODED,1,1,1,1,1,1,1,0,0.00E+00,0.00E+00,0,0,1,0.00E+00,1,1,1,1,1
5034,2.52E-01,8.82E-02,3.00E-01,0,5034,ERODED,1,1,1,1,1,1,1,0,0.00E+00,0.00E+00,0,0,1,0.00E+00,1,1,1,1,1
5036,9.54E-02,5.61E-02,2.55E-01,4,5036,Not eroded,0,0,1,1,1,1,1,1.12E-07,-7.98E-07,1.06E-07,8.13E-07,2.03E-07,0,1.45E-03,1,1,0,0,0
5037,1.69E-01,2.63E-01,3.10E-01,0,5037,ERODED,1,1,1,1,1,1,1,0,0.00E+00,0.00E+00,0,0,1,0.00E+00,1,1,1,1,1
5042,2.77E-01,6.77E-02,2.53E-01,0,5042,Not eroded,0,0,1,1,1,1,1,0,0.00E+00,0.00E+00,0,0,1,0.00E+00,1,1,1,1,1
5045,2.45E-01,1.91E-01,3.10E-01,4,5045,Not eroded,0,0,1,1,1,1,1,-1.43E-05,-1.11E-05,1.87E-05,2.60E-05,6.51E-06,0,4.65E-02,1,1,0,0,0
5049,6.55E-02,8.20E-02,2.91E-01,5,5049,Not eroded,0,0,1,1,1,1,1,7.12E-09,-5.25E-08,-9.74E-08,1.11E-07,2.22E-08,0,1.99E-04,0,1,0,0,0
5063,1.93E-01,5.73E-02,2.80E-01,3,5063,Not eroded,0,0,1,1,1,1,1,-1.60E-07,-4.73E-07,-3.36E-07,6.02E-07,2.01E-07,1,1.08E-03,1,1,0,0,0
5073,1.04E-01,9.58E-02,2.76E-01,0,5073,Not eroded,0,0,1,1,1,1,1,0,0.00E+00,0.00E+00,0,0,1,0.00E+00,1,1,1,1,1
5078,1.95E-01,2.69E-01,3.33E-01,0,5078,ERODED,1,1,1,1,1,1,1,0,0.00E+00,0.00E+00,0,0,1,0.00E+00,1,1,1,1,1
5080,2.81E-01,1.20E-01,2.63E-01,0,5080,Not eroded,0,0,1,1,1,1,1,0,0.00E+00,0.00E+00,0,0,1,0.00E+00,1,1,1,1,1
5081,1.53E-01,2.81E-01,2.54E-01,3,5081,Not eroded,0,0,1,1,1,1,1,8.47E-07,-3.49E-07,8.18E-07,1.23E-06,4.09E-07,1,2.20E-03,1,1,0,0,0
5084,5.60E-02,2.10E-01,2.70E-01,0,5084,Not eroded,0,0,1,1,1,1,1,0,0.00E+00,0.00E+00,0,0,1,0.00E+00,1,1,1,1,1
5094,1.06E-01,1.22E-01,2.56E-01,3,5094,Not eroded,0,0,1,1,1,1,1,2.99E-07,3.25E-07,-1.22E-07,4.58E-07,1.53E-07,1,8.19E-04,1,1,0,0,0
5095,2.74E-01,3.10E-01,3.24E-01,0,5095,ERODED,1,1,1,1,1,1,1,0,0.00E+00,0.00E+00,0,0,1,0.00E+00,1,1,1,1,1
5099,2.63E-01,1.63E-01,2.54E-01,0,5099,Not eroded,0,0,1,1,1,1,1,0,0.00E+00,0.00E+00,0,0,1,0.00E+00,1,1,1,1,1
5102,1.88E-01,3.17E-01,2.75E-01,4,5102,Not eroded,0,0,1,1,1,1,1,-2.86E-07,-1.37E-08,-6.11E-08,2.93E-07,7.33E-08,0,5.24E-04,1,1,0,0,0
5125,9.98E-02,1.80E-01,2.79E-01,0,5125,ERODED,1,1,1,1,1,1,1,0,0.00E+00,0.00E+00,0,0,1,0.00E+00,1,1,1,1,1
5127,1.31E-01,1.49E-01,2.48E-01,5,5127,Not eroded,0,0,1,1,1,1,0,2.39E-07,-1.35E-07,8.68E-07,9.10E-07,1.82E-07,0,1.63E-03,0,1,0,0,0
5132,2.65E-01,1.07E-01,2.83E-01,2,5132,ERODED,1,1,1,1,1,1,1,-2.45E-07,4.33E-08,-4.89E-08,2.54E-07,1.27E-07,1,4.54E-04,1,1,1,0,0
5133,3.16E-01,1.91E-01,2.90E-01,0,5133,ERODED,1,1,1,1,1,1,1,0,0.00E+00,0.00E+00,0,0,1,0.00E+00,1,1,1,1,1
5137,1.01E-01,3.16E-01,3.02E-01,0,5137,ERODED,1,1,1,1,1,1,1,0,0.00E+00,0.00E+00,0,0,1,0.00E+00,1,1,1,1,1
5139,3.01E-01,1.40E-01,2.56E-01,2,5139,Not eroded,0,0,1,1,1,1,1,2.31E-06,2.22E-06,-8.37E-07,3.31E-06,1.66E-06,1,5.92E-03,1,1,1,0,0
5140,5.64E-02,1.59E-01,2.97E-01,0,5140,Not eroded,0,0,1,1,1,1,1,0,0.00E+00,0.00E+00,0,0,1,0.00E+00,1,1,1,1,1
5143,2.85E-01,2.73E-01,3.12E-01,0,5143,ERODED,1,1,1,1,1,1,1,0,0.00E+00,0.00E+00,0,0,1,0.00E+00,1,1,1,1,1
5151,2.21E-01,1.82E-01,3.16E-01,0,5151,ERODED,1,1,1,1,1,1,1,0,0.00E+00,0.00E+00,0,0,1,0.00E+00,1,1,1,1,1
5152,1.26E-01,1.66E-01,2.48E-01,5,5152,Not eroded,0,0,1,1,1,1,0,9.62E-08,9.08E-08,1.83E-07,2.26E-07,4.52E-08,0,4.04E-04,0,1,0,0,0
5160,9.79E-02,6.46E-02,2.97E-01,4,5160,Not eroded,0,0,1,1,1,1,1,9.68E-09,7.56E-08,1.40E-07,1.59E-07,3.98E-08,0,2.84E-04,1,1,0,0,0
5161,2.49E-01,2.49E-01,2.82E-01,5,5161,Not eroded,0,0,1,1,1,1,1,-1.37E-06,7.24E-06,8.92E-06,1.16E-05,2.31E-06,0,2.07E-02,0,1,0,0,0
5171,2.02E-01,2.09E-01,2.71E-01,5,5171,Not eroded,0,0,1,1,1,1,1,-5.80E-07,3.66E-06,3.10E-06,4.83E-06,9.65E-07,0,8.64E-03,0,1,0,0,0
5173,6.24E-02,3.18E-01,3.02E-01,0,5173,ERODED,1,1,1,1,1,1,1,0,0.00E+00,0.00E+00,0,0,1,0.00E+00,1,1,1,1,1
5174,2.21E-01,5.60E-02,2.80E-01,3,5174,Not eroded,0,0,1,1,1,1,1,4.81E-07,-1.04E-06,4.40E-07,1.23E-06,4.09E-07,1,2.20E-03,1,1,0,0,0
5177,1.57E-01,6.95E-02,2.50E-01,5,5177,Not eroded,0,0,1,1,1,1,0,4.26E-07,3.80E-07,1.37E-08,5.71E-07,1.14E-07,0,1.02E-03,0,1,0,0,0
5178,5.60E-02,1.21E-01,3.10E-01,0,5178,ERODED,1,1,1,1,1,1,1,0,0.00E+00,0.00E+00,0,0,1,0.00E+00,1,1,1,1,1
5179,6.97E-02,1.06E-01,2.63E-01,4,5179,Not eroded,0,0,1,1,1,1,1,4.53E-07,1.00E-07,4.49E-08,4.66E-07,1.16E-07,0,8.34E-04,1,1,0,0,0
5183,2.38E-01,2.32E-01,2.80E-01,4,5183,Not eroded,0,0,1,1,1,1,1,1.38E-05,2.16E-06,1.60E-06,1.40E-05,3.51E-06,0,2.50E-02,1,1,0,0,0
5190,2.75E-01,1.54E-01,2.59E-01,0,5190,Not eroded,0,0,1,1,1,1,1,0,0.00E+00,0.00E+00,0,0,1,0.00E+00,1,1,1,1,1
5192,1.34E-01,3.07E-01,2.44E-01,3,5192,Not eroded,0,0,1,1,1,1,0,-7.10E-07,5.03E-08,-7.16E-08,7.16E-07,2.39E-07,1,1.28E-03,1,1,0,0,0
5195,2.59E-01,8.89E-02,2.80E-01,0,5195,ERODED,1,1,1,1,1,1,1,0,0.00E+00,0.00E+00,0,0,1,0.00E+00,1,1,1,1,1
5196,1.52E-01,1.95E-01,2.68E-01,4,5196,Not eroded,0,0,1,1,1,1,1,-2.42E-07,7.17E-07,-4.52E-07,8.81E-07,2.20E-07,0,1.58E-03,1,1,0,0,0
5205,3.24E-01,2.83E-01,2.85E-01,4,5205,Not eroded,0,0,1,1,1,1,1,1.02E-06,2.31E-06,1.48E-06,2.93E-06,7.32E-07,0,5.24E-03,1,1,0,0,0
5209,2.64E-01,1.14E-01,2.42E-01,0,5209,Not eroded,0,0,1,1,1,1,0,0,0.00E+00,0.00E+00,0,0,1,0.00E+00,1,1,1,1,1
5210,1.99E-01,1.36E-01,2.91E-01,0,5210,Not eroded,0,0,1,1,1,1,1,0,0.00E+00,0.00E+00,0,0,1,0.00E+00,1,1,1,1,1
5212,7.16E-02,2.07E-01,2.52E-01,0,5212,Not eroded,0,0,1,1,1,1,1,0,0.00E+00,0.00E+00,0,0,1,0.00E+00,1,1,1,1,1
5214,1.40E-01,2.87E-01,2.46E-01,4,5214,Not eroded,0,0,1,1,1,1,0,1.26E-06,-1.50E-07,-6.76E-07,1.44E-06,3.59E-07,0,2.58E-03,1,1,0,0,0
5217,6.70E-02,1.13E-01,2.74E-01,5,5217,Not eroded,0,0,1,1,1,1,1,1.88E-07,4.95E-08,1.18E-07,2.27E-07,4.55E-08,0,4.06E-04,0,1,0,0,0
5219,1.55E-01,2.64E-01,2.45E-01,0,5219,Not eroded,0,0,1,1,1,1,0,0,0.00E+00,0.00E+00,0,0,1,0.00E+00,1,1,1,1,1
5220,2.35E-01,9.85E-02,2.83E-01,0,5220,ERODED,1,1,1,1,1,1,1,0,0.00E+00,0.00E+00,0,0,1,0.00E+00,1,1,1,1,1
5224,2.88E-01,2.68E-01,3.30E-01,0,5224,ERODED,1,1,1,1,1,1,1,0,0.00E+00,0.00E+00,0,0,1,0.00E+00,1,1,1,1,1
5225,5.76E-02,3.11E-01,2.96E-01,0,5225,ERODED,1,1,1,1,1,1,1,0,0.00E+00,0.00E+00,0,0,1,0.00E+00,1,1,1,1,1
5228,2.77E-01,1.56E-01,3.27E-01,0,5228,ERODED,1,1,1,1,1,1,1,0,0.00E+00,0.00E+00,0,0,1,0.00E+00,1,1,1,1,1
5239,3.24E-01,2.51E-01,3.17E-01,0,5239,ERODED,1,1,1,1,1,1,1,0,0.00E+00,0.00E+00,0,0,1,0.00E+00,1,1,1,1,1
5243,2.62E-01,1.05E-01,2.94E-01,0,5243,ERODED,1,1,1,1,1,1,1,0,0.00E+00,0.00E+00,0,0,1,0.00E+00,1,1,1,1,1
5252,1.04E-01,1.24E-01,3.22E-01,0,5252,ERODED,1,1,1,1,1,1,1,0,0.00E+00,0.00E+00,0,0,1,0.00E+00,1,1,1,1,1
5254,2.80E-01,2.70E-01,3.01E-01,4,5254,Not eroded,0,0,1,1,1,1,1,-7.25E-07,6.59E-06,-5.31E-07,6.65E-06,1.66E-06,0,1.19E-02,1,1,0,0,0
5255,1.51E-01,1.30E-01,2.90E-01,0,5255,ERODED,1,1,1,1,1,1,1,0,0.00E+00,0.00E+00,0,0,1,0.00E+00,1,1,1,1,1
5259,1.75E-01,2.55E-01,3.13E-01,0,5259,ERODED,1,1,1,1,1,1,1,0,0.00E+00,0.00E+00,0,0,1,0.00E+00,1,1,1,1,1
5264,8.97E-02,1.64E-01,2.66E-01,0,5264,ERODED,1,1,1,1,1,1,1,0,0.00E+00,0.00E+00,0,0,1,0.00E+00,1,1,1,1,1
5273,1.33E-01,5.99E-02,2.52E-01,6,5273,Not eroded,0,0,1,1,1,1,1,3.41E-07,1.97E-07,2.86E-07,4.86E-07,8.11E-08,0,8.69E-04,0,0,0,0,0
5282,2.70E-01,1.05E-01,3.25E-01,0,5282,ERODED,1,1,1,1,1,1,1,0,0.00E+00,0.00E+00,0,0,1,0.00E+00,1,1,1,1,1
5290,1.44E-01,2.01E-01,2.84E-01,0,5290,Not eroded,0,0,1,1,1,1,1,0,0.00E+00,0.00E+00,0,0,1,0.00E+00,1,1,1,1,1
5291,5.60E-02,5.60E-02,2.69E-01,4,5291,Not eroded,0,0,1,1,1,1,1,-3.11E-07,-7.85E-07,2.37E-07,8.77E-07,2.19E-07,0,1.57E-03,1,1,0,0,0
5293,1.53E-01,9.75E-02,2.56E-01,3,5293,Not eroded,0,0,1,1,1,1,1,-6.17E-08,4.34E-08,-5.66E-08,9.43E-08,3.14E-08,1,1.69E-04,1,1,0,0,0
5294,2.93E-01,2.24E-01,2.44E-01,0,5294,Not eroded,0,0,1,1,1,1,0,0,0.00E+00,0.00E+00,0,0,1,0.00E+00,1,1,1,1,1
5296,1.91E-01,1.20E-01,2.66E-01,2,5296,Not eroded,0,0,1,1,1,1,1,-1.92E-07,-1.09E-06,1.37E-07,1.12E-06,5.58E-07,1,2.00E-03,1,1,1,0,0
5298,1.92E-01,3.25E-01,2.80E-01,4,5298,Not eroded,0,0,1,1,1,1,1,-5.65E-08,-6.17E-07,1.19E-07,6.31E-07,1.58E-07,0,1.13E-03,1,1,0,0,0
5300,2.56E-01,3.00E-01,2.94E-01,0,5300,Not eroded,0,0,1,1,1,1,1,0,0.00E+00,0.00E+00,0,0,1,0.00E+00,1,1,1,1,1
5308,5.61E-02,2.54E-01,2.79E-01,0,5308,ERODED,1,1,1,1,1,1,1,0,0.00E+00,0.00E+00,0,0,1,0.00E+00,1,1,1,1,1
5309,6.59E-02,9.99E-02,2.56E-01,4,5309,Not eroded,0,0,1,1,1,1,1,2.20E-07,4.32E-08,3.38E-07,4.06E-07,1.01E-07,0,7.26E-04,1,1,0,0,0
5316,2.68E-01,3.17E-01,3.03E-01,0,5316,ERODED,1,1,1,1,1,1,1,0,0.00E+00,0.00E+00,0,0,1,0.00E+00,1,1,1,1,1
5320,2.84E-01,6.47E-02,2.46E-01,0,5320,Not eroded,0,0,1,1,1,1,0,0,0.00E+00,0.00E+00,0,0,1,0.00E+00,1,1,1,1,1
5322,9.00E-02,1.43E-01,2.49E-01,0,5322,Not eroded,0,0,1,1,1,1,0,0,0.00E+00,0.00E+00,0,0,1,0.00E+00,1,1,1,1,1
5324,2.46E-01,1.76E-01,2.99E-01,7,5324,Not eroded,0,0,1,1,1,1,1,4.86E-07,-5.70E-06,3.90E-06,6.92E-06,9.89E-07,0,1.24E-02,0,0,0,0,0
5329,2.02E-01,2.16E-01,3.24E-01,0,5329,ERODED,1,1,1,1,1,1,1,0,0.00E+00,0.00E+00,0,0,1,0.00E+00,1,1,1,1,1
5331,8.06E-02,1.91E-01,2.86E-01,0,5331,ERODED,1,1,1,1,1,1,1,0,0.00E+00,0.00E+00,0,0,1,0.00E+00,1,1,1,1,1
5332,1.82E-01,1.87E-01,2.81E-01,3,5332,Not eroded,0,0,1,1,1,1,1,1.73E-06,5.57E-07,1.80E-06,2.56E-06,8.52E-07,1,4.58E-03,1,1,0,0,0
5335,1.59E-01,1.21E-01,3.07E-01,0,5335,ERODED,1,1,1,1,1,1,1,0,0.00E+00,0.00E+00,0,0,1,0.00E+00,1,1,1,1,1
5337,2.24E-01,1.88E-01,3.25E-01,0,5337,ERODED,1,1,1,1,1,1,1,0,0.00E+00,0.00E+00,0,0,1,0.00E+00,1,1,1,1,1
5340,5.60E-02,1.36E-01,2.61E-01,3,5340,Not eroded,0,0,1,1,1,1,1,-2.90E-07,-1.48E-08,1.22E-07,3.15E-07,1.05E-07,1,5.63E-04,1,1,0,0,0
5350,3.24E-01,1.15E-01,3.09E-01,0,5350,Not eroded,0,0,1,1,1,1,1,0,0.00E+00,0.00E+00,0,0,1,0.00E+00,1,1,1,1,1
5352,3.22E-01,2.54E-01,2.66E-01,4,5352,Not eroded,0,0,1,1,1,1,1,-4.94E-06,3.20E-06,1.94E-06,6.19E-06,1.55E-06,0,1.11E-02,1,1,0,0,0
5353,1.09E-01,9.02E-02,2.98E-01,0,5353,ERODED,1,1,1,1,1,1,1,0,0.00E+00,0.00E+00,0,0,1,0.00E+00,1,1,1,1,1
5355,1.97E-01,3.24E-01,2.89E-01,3,5355,Not eroded,0,0,1,1,1,1,1,6.90E-07,9.01E-08,2.42E-07,7.37E-07,2.46E-07,1,1.32E-03,1,1,0,0,0
5362,1.01E-01,1.27E-01,2.63E-01,4,5362,Not eroded,0,0,1,1,1,1,1,5.67E-07,3.39E-07,1.17E-07,6.71E-07,1.68E-07,0,1.20E-03,1,1,0,0,0
5363,1.58E-01,2.03E-01,2.74E-01,3,5363,Not eroded,0,0,1,1,1,1,1,9.33E-07,-7.29E-07,3.02E-07,1.22E-06,4.07E-07,1,2.18E-03,1,1,0,0,0
5365,6.47E-02,2.05E-01,2.73E-01,4,5365,Not eroded,0,0,1,1,1,1,1,-1.09E-07,1.31E-07,5.59E-08,1.79E-07,4.48E-08,0,3.20E-04,1,1,0,0,0
5370,5.60E-02,2.06E-01,2.91E-01,3,5370,Not eroded,0,0,1,1,1,1,1,-2.75E-07,6.45E-09,1.71E-07,3.23E-07,1.08E-07,1,5.78E-04,1,1,0,0,0
5374,2.11E-01,1.99E-01,3.13E-01,0,5374,ERODED,1,1,1,1,1,1,1,0,0.00E+00,0.00E+00,0,0,1,0.00E+00,1,1,1,1,1
5376,3.19E-01,2.17E-01,2.95E-01,0,5376,ERODED,1,1,1,1,1,1,1,0,0.00E+00,0.00E+00,0,0,1,0.00E+00,1,1,1,1,1
5382,1.34E-01,9.07E-02,3.08E-01,0,5382,ERODED,1,1,1,1,1,1,1,0,0.00E+00,0.00E+00,0,0,1,0.00E+00,1,1,1,1,1
5383,8.33E-02,7.50E-02,2.70E-01,6,5383,Not eroded,0,0,1,1,1,1,1,7.72E-08,3.41E-07,9.70E-08,3.63E-07,6.05E-08,0,6.49E-04,0,0,0,0,0
5386,1.85E-01,2.96E-01,2.47E-01,0,5386,Not eroded,0,0,1,1,1,1,0,0,0.00E+00,0.00E+00,0,0,1,0.00E+00,1,1,1,1,1
5393,2.15E-01,1.91E-01,3.35E-01,0,5393,ERODED,1,1,1,1,1,1,1,0,0.00E+00,0.00E+00,0,0,1,0.00E+00,1,1,1,1,1
5395,3.24E-01,2.69E-01,2.76E-01,3,5395,Not eroded,0,0,1,1,1,1,1,-1.35E-07,1.13E-06,2.00E-07,1.15E-06,3.84E-07,1,2.06E-03,1,1,0,0,0
5398,5.66E-02,1.00E-01,2.97E-01,0,5398,ERODED,1,1,1,1,1,1,1,0,0.00E+00,0.00E+00,0,0,1,0.00E+00,1,1,1,1,1
5399,2.17E-01,2.83E-01,2.94E-01,0,5399,Not eroded,0,0,1,1,1,1,1,0,0.00E+00,0.00E+00,0,0,1,0.00E+00,1,1,1,1,1
5406,1.85E-01,8.10E-02,2.80E-01,3,5406,Not eroded,0,0,1,1,1,1,1,-8.72E-09,-1.08E-07,-3.39E-07,3.56E-07,1.19E-07,1,6.37E-04,1,1,0,0,0
5409,9.87E-02,2.11E-01,2.86E-01,0,5409,ERODED,1,1,1,1,1,1,1,0,0.00E+00,0.00E+00,0,0,1,0.00E+00,1,1,1,1,1
5411,1.93E-01,1.37E-01,3.27E-01,0,5411,ERODED,1,1,1,1,1,1,1,0,0.00E+00,0.00E+00,0,0,1,0.00E+00,1,1,1,1,1
5412,2.13E-01,2.18E-01,3.05E-01,0,5412,ERODED,1,1,1,1,1,1,1,0,0.00E+00,0.00E+00,0,0,1,0.00E+00,1,1,1,1,1
5416,5.60E-02,7.05E-02,2.49E-01,4,5416,Not eroded,0,0,1,1,1,1,0,-2.07E-07,-3.24E-08,1.28E-07,2.46E-07,6.14E-08,0,4.40E-04,1,1,0,0,0
5417,1.99E-01,2.86E-01,2.50E-01,0,5417,Not eroded,0,0,1,1,1,1,0,0,0.00E+00,0.00E+00,0,0,1,0.00E+00,1,1,1,1,1
5419,1.34E-01,3.24E-01,2.56E-01,2,5419,Not eroded,0,0,1,1,1,1,1,1.63E-07,-3.53E-07,4.38E-08,3.91E-07,1.96E-07,1,6.99E-04,1,1,1,0,0
5423,1.94E-01,3.25E-01,3.01E-01,3,5423,Not eroded,0,0,1,1,1,1,1,-8.09E-08,-5.22E-07,3.05E-07,6.10E-07,2.03E-07,1,1.09E-03,1,1,0,0,0
5425,1.13E-01,1.14E-01,2.59E-01,3,5425,Not eroded,0,0,1,1,1,1,1,3.97E-07,-1.50E-08,-3.87E-08,3.99E-07,1.33E-07,1,7.14E-04,1,1,0,0,0
5426,1.87E-01,2.12E-01,3.14E-01,0,5426,ERODED,1,1,1,1,1,1,1,0,0.00E+00,0.00E+00,0,0,1,0.00E+00,1,1,1,1,1
5446,2.10E-01,3.02E-01,2.53E-01,3,5446,Not eroded,0,0,1,1,1,1,1,3.38E-07,2.81E-07,-6.41E-08,4.44E-07,1.48E-07,1,7.94E-04,1,1,0,0,0
5448,1.43E-01,2.56E-01,2.78E-01,4,5448,Not eroded,0,0,1,1,1,1,1,7.08E-07,-3.16E-08,7.71E-07,1.05E-06,2.62E-07,0,1.88E-03,1,1,0,0,0
5450,3.17E-01,2.41E-01,2.71E-01,5,5450,Not eroded,0,0,1,1,1,1,1,4.10E-06,-7.13E-06,-1.56E-06,8.37E-06,1.67E-06,0,1.50E-02,0,1,0,0,0
5451,5.61E-02,2.66E-01,2.95E-01,0,5451,ERODED,1,1,1,1,1,1,1,0,0.00E+00,0.00E+00,0,0,1,0.00E+00,1,1,1,1,1
5454,1.17E-01,7.41E-02,2.45E-01,3,5454,Not eroded,0,0,1,1,1,1,0,1.25E-07,3.85E-07,1.24E-08,4.05E-07,1.35E-07,1,7.24E-04,1,1,0,0,0
5455,2.54E-01,1.98E-01,2.97E-01,0,5455,Not eroded,0,0,1,1,1,1,1,0,0.00E+00,0.00E+00,0,0,1,0.00E+00,1,1,1,1,1
5457,3.24E-01,2.26E-01,2.42E-01,4,5457,Not eroded,0,0,1,1,1,1,0,6.07E-06,-1.22E-06,2.07E-05,2.16E-05,5.40E-06,0,3.86E-02,1,1,0,0,0
5459,1.86E-01,1.55E-01,3.25E-01,0,5459,ERODED,1,1,1,1,1,1,1,0,0.00E+00,0.00E+00,0,0,1,0.00E+00,1,1,1,1,1
5464,2.90E-01,2.11E-01,2.76E-01,2,5464,ERODED,1,1,1,1,1,1,1,0.00008312,-1.34E-04,1.32E-04,0.000205429,0.000102714,1,3.67E-01,1,1,1,0,0
5472,8.30E-02,6.55E-02,2.44E-01,6,5472,Not eroded,0,0,1,1,1,1,0,1.41E-07,1.78E-07,1.41E-07,2.68E-07,4.46E-08,0,4.79E-04,0,0,0,0,0
5486,2.69E-01,2.82E-01,3.25E-01,0,5486,ERODED,1,1,1,1,1,1,1,0,0.00E+00,0.00E+00,0,0,1,0.00E+00,1,1,1,1,1
5490,1.83E-01,2.25E-01,2.45E-01,0,5490,Not eroded,0,0,1,1,1,1,0,0,0.00E+00,0.00E+00,0,0,1,0.00E+00,1,1,1,1,1
5496,7.41E-02,8.61E-02,2.88E-01,3,5496,Not eroded,0,0,1,1,1,1,1,2.41E-07,2.15E-08,1.67E-07,2.94E-07,9.80E-08,1,5.26E-04,1,1,0,0,0
5503,2.75E-01,2.03E-01,2.89E-01,0,5503,Not eroded,0,0,1,1,1,1,1,0,0.00E+00,0.00E+00,0,0,1,0.00E+00,1,1,1,1,1
5507,2.51E-01,2.73E-01,2.48E-01,0,5507,Not eroded,0,0,1,1,1,1,0,0,0.00E+00,0.00E+00,0,0,1,0.00E+00,1,1,1,1,1
5508,5.93E-02,2.58E-01,3.01E-01,0,5508,ERODED,1,1,1,1,1,1,1,0,0.00E+00,0.00E+00,0,0,1,0.00E+00,1,1,1,1,1
5509,3.24E-01,1.25E-01,2.49E-01,0,5509,Not eroded,0,0,1,1,1,1,0,0,0.00E+00,0.00E+00,0,0,1,0.00E+00,1,1,1,1,1
5517,3.22E-01,2.38E-01,3.31E-01,0,5517,ERODED,1,1,1,1,1,1,1,0,0.00E+00,0.00E+00,0,0,1,0.00E+00,1,1,1,1,1
5519,2.12E-01,1.50E-01,2.78E-01,0,5519,Not eroded,0,0,1,1,1,1,1,0,0.00E+00,0.00E+00,0,0,1,0.00E+00,1,1,1,1,1
5521,1.02E-01,5.60E-02,2.99E-01,4,5521,Not eroded,0,0,1,1,1,1,1,1.56E-07,-8.27E-07,3.83E-08,8.42E-07,2.11E-07,0,1.51E-03,1,1,0,0,0
5522,1.92E-01,3.15E-01,2.66E-01,6,5522,Not eroded,0,0,1,1,1,1,1,-7.87E-08,6.56E-07,-8.73E-08,6.67E-07,1.11E-07,0,1.19E-03,0,0,0,0,0
5523,6.09E-02,2.68E-01,3.03E-01,0,5523,ERODED,1,1,1,1,1,1,1,0,0.00E+00,0.00E+00,0,0,1,0.00E+00,1,1,1,1,1
5525,2.01E-01,9.78E-02,2.48E-01,0,5525,Not eroded,0,0,1,1,1,1,0,0,0.00E+00,0.00E+00,0,0,1,0.00E+00,1,1,1,1,1
5528,5.61E-02,2.33E-01,3.23E-01,0,5528,ERODED,1,1,1,1,1,1,1,0,0.00E+00,0.00E+00,0,0,1,0.00E+00,1,1,1,1,1
5529,1.46E-01,1.79E-01,2.96E-01,3,5529,Not eroded,0,0,1,1,1,1,1,5.81E-07,5.97E-07,9.85E-07,1.29E-06,4.30E-07,1,2.31E-03,1,1,0,0,0
5531,5.60E-02,1.17E-01,2.57E-01,3,5531,Not eroded,0,0,1,1,1,1,1,4.42E-08,-1.52E-07,3.23E-08,1.62E-07,5.39E-08,1,2.90E-04,1,1,0,0,0
5564,1.87E-01,1.84E-01,2.90E-01,3,5564,Not eroded,0,0,1,1,1,1,1,-1.74E-06,-2.63E-08,3.79E-07,1.78E-06,5.93E-07,1,3.18E-03,1,1,0,0,0
5566,2.87E-01,2.87E-01,2.60E-01,0,5566,Not eroded,0,0,1,1,1,1,1,0,0.00E+00,0.00E+00,0,0,1,0.00E+00,1,1,1,1,1
5569,2.43E-01,2.99E-01,2.64E-01,0,5569,Not eroded,0,0,1,1,1,1,1,0,0.00E+00,0.00E+00,0,0,1,0.00E+00,1,1,1,1,1
5571,5.59E-02,5.60E-02,2.59E-01,3,5571,Not eroded,0,0,1,1,1,1,1,-1.05E-07,-7.21E-07,1.37E-07,7.41E-07,2.47E-07,1,1.33E-03,1,1,0,0,0
5573,1.43E-01,5.63E-02,3.27E-01,0,5573,ERODED,1,1,1,1,1,1,1,0,0.00E+00,0.00E+00,0,0,1,0.00E+00,1,1,1,1,1
5576,6.66E-02,5.61E-02,2.80E-01,3,5576,Not eroded,0,0,1,1,1,1,1,5.81E-08,-7.26E-07,-8.25E-08,7.33E-07,2.44E-07,1,1.31E-03,1,1,0,0,0
5583,2.70E-01,5.75E-02,2.90E-01,0,5583,Not eroded,0,0,1,1,1,1,1,0,0.00E+00,0.00E+00,0,0,1,0.00E+00,1,1,1,1,1
5587,1.38E-01,6.40E-02,2.44E-01,3,5587,Not eroded,0,0,1,1,1,1,0,3.05E-07,-1.34E-07,1.95E-07,3.86E-07,1.29E-07,1,6.90E-04,1,1,0,0,0
5592,7.10E-02,6.37E-02,2.44E-01,8,5592,Not eroded,0,0,1,1,1,1,0,-3.36E-08,2.13E-07,-3.24E-08,2.18E-07,2.73E-08,0,3.90E-04,0,0,0,0,0
5604,1.88E-01,3.15E-01,3.02E-01,0,5604,Not eroded,0,0,1,1,1,1,1,0,0.00E+00,0.00E+00,0,0,1,0.00E+00,1,1,1,1,1
5607,2.07E-01,2.58E-01,3.24E-01,0,5607,ERODED,1,1,1,1,1,1,1,0,0.00E+00,0.00E+00,0,0,1,0.00E+00,1,1,1,1,1
5612,1.21E-01,2.87E-01,2.45E-01,4,5612,Not eroded,0,0,1,1,1,1,0,6.20E-07,7.66E-07,-2.19E-08,9.86E-07,2.46E-07,0,1.76E-03,1,1,0,0,0
5615,1.84E-01,5.61E-02,2.76E-01,4,5615,Not eroded,0,0,1,1,1,1,1,3.16E-08,-8.14E-07,-2.10E-07,8.41E-07,2.10E-07,0,1.50E-03,1,1,0,0,0
5619,1.28E-01,1.05E-01,3.26E-01,0,5619,ERODED,1,1,1,1,1,1,1,0,0.00E+00,0.00E+00,0,0,1,0.00E+00,1,1,1,1,1
5622,1.92E-01,2.31E-01,2.41E-01,2,5622,Not eroded,0,0,1,1,1,1,0,-7.71E-07,2.49E-06,-3.52E-07,2.63E-06,1.31E-06,1,4.70E-03,1,1,1,0,0
5623,3.24E-01,2.00E-01,3.05E-01,0,5623,ERODED,1,1,1,1,1,1,1,0,0.00E+00,0.00E+00,0,0,1,0.00E+00,1,1,1,1,1
5624,2.56E-01,2.54E-01,2.77E-01,4,5624,Not eroded,0,0,1,1,1,1,1,-8.19E-06,5.03E-07,-9.68E-07,8.26E-06,2.07E-06,0,1.48E-02,1,1,0,0,0
5625,6.44E-02,8.19E-02,2.49E-01,5,5625,Not eroded,0,0,1,1,1,1,0,2.22E-07,9.14E-08,2.71E-07,3.62E-07,7.24E-08,0,6.48E-04,0,1,0,0,0
5627,1.84E-01,8.19E-02,2.90E-01,3,5627,Not eroded,0,0,1,1,1,1,1,-3.92E-07,1.96E-07,2.40E-07,5.00E-07,1.67E-07,1,8.94E-04,1,1,0,0,0
5641,1.70E-01,6.51E-02,2.75E-01,4,5641,Not eroded,0,0,1,1,1,1,1,1.16E-07,3.60E-07,-7.85E-08,3.86E-07,9.65E-08,0,6.90E-04,1,1,0,0,0
5644,8.34E-02,2.16E-01,2.81E-01,0,5644,ERODED,1,1,1,1,1,1,1,0,0.00E+00,0.00E+00,0,0,1,0.00E+00,1,1,1,1,1
5645,2.98E-01,1.53E-01,2.59E-01,0,5645,Not eroded,0,0,1,1,1,1,1,0,0.00E+00,0.00E+00,0,0,1,0.00E+00,1,1,1,1,1
5647,2.90E-01,1.34E-01,2.66E-01,0,5647,Not eroded,0,0,1,1,1,1,1,0,0.00E+00,0.00E+00,0,0,1,0.00E+00,1,1,1,1,1
5649,9.92E-02,1.90E-01,2.73E-01,0,5649,ERODED,1,1,1,1,1,1,1,0,0.00E+00,0.00E+00,0,0,1,0.00E+00,1,1,1,1,1
5652,2.86E-01,2.82E-01,3.27E-01,0,5652,ERODED,1,1,1,1,1,1,1,0,0.00E+00,0.00E+00,0,0,1,0.00E+00,1,1,1,1,1
5654,2.31E-01,1.33E-01,3.09E-01,0,5654,Not eroded,0,0,1,1,1,1,1,0,0.00E+00,0.00E+00,0,0,1,0.00E+00,1,1,1,1,1
5656,1.80E-01,2.16E-01,2.45E-01,3,5656,Not eroded,0,0,1,1,1,1,0,8.81E-07,5.72E-07,8.59E-07,1.36E-06,4.52E-07,1,2.43E-03,1,1,0,0,0
5658,2.06E-01,3.00E-01,2.87E-01,2,5658,Not eroded,0,0,1,1,1,1,1,7.35E-07,2.96E-07,-6.27E-09,7.93E-07,3.96E-07,1,1.42E-03,1,1,1,0,0
5661,2.55E-01,1.04E-01,3.35E-01,0,5661,ERODED,1,1,1,1,1,1,1,0,0.00E+00,0.00E+00,0,0,1,0.00E+00,1,1,1,1,1
5663,9.07E-02,2.53E-01,2.79E-01,0,5663,ERODED,1,1,1,1,1,1,1,0,0.00E+00,0.00E+00,0,0,1,0.00E+00,1,1,1,1,1
5665,1.90E-01,2.85E-01,2.77E-01,0,5665,Not eroded,0,0,1,1,1,1,1,0,0.00E+00,0.00E+00,0,0,1,0.00E+00,1,1,1,1,1
5667,1.23E-01,2.20E-01,2.45E-01,5,5667,Not eroded,0,0,1,1,1,1,0,6.22E-07,-2.00E-08,3.21E-07,7.00E-07,1.40E-07,0,1.25E-03,0,1,0,0,0
5671,2.32E-01,2.44E-01,2.92E-01,6,5671,Not eroded,0,0,1,1,1,1,1,1.61E-05,4.99E-06,3.12E-06,1.71E-05,2.85E-06,0,3.06E-02,0,0,0,0,0
5674,1.52E-01,3.18E-01,2.84E-01,3,5674,Not eroded,0,0,1,1,1,1,1,4.60E-08,4.82E-07,5.11E-08,4.87E-07,1.62E-07,1,8.71E-04,1,1,0,0,0
5678,2.53E-01,3.15E-01,2.58E-01,0,5678,Not eroded,0,0,1,1,1,1,1,0,0.00E+00,0.00E+00,0,0,1,0.00E+00,1,1,1,1,1
5681,2.10E-01,3.18E-01,2.62E-01,4,5681,Not eroded,0,0,1,1,1,1,1,2.86E-08,8.97E-08,1.03E-07,1.40E-07,3.49E-08,0,2.50E-04,1,1,0,0,0
5683,7.20E-02,6.43E-02,2.79E-01,5,5683,Not eroded,0,0,1,1,1,1,1,8.53E-08,-4.47E-08,6.18E-08,1.14E-07,2.29E-08,0,2.04E-04,0,1,0,0,0
5684,2.04E-01,3.14E-01,2.51E-01,3,5684,Not eroded,0,0,1,1,1,1,1,-5.03E-07,-1.18E-07,-9.60E-08,5.26E-07,1.75E-07,1,9.41E-04,1,1,0,0,0
5688,2.37E-01,2.67E-01,2.68E-01,4,5688,Not eroded,0,0,1,1,1,1,1,2.27E-06,6.32E-06,1.08E-06,6.80E-06,1.70E-06,0,1.22E-02,1,1,0,0,0
5690,1.87E-01,3.25E-01,2.67E-01,3,5690,Not eroded,0,0,1,1,1,1,1,-1.15E-08,1.74E-07,2.88E-07,3.37E-07,1.12E-07,1,6.03E-04,1,1,0,0,0
5698,2.86E-01,1.12E-01,2.68E-01,0,5698,Not eroded,0,0,1,1,1,1,1,0,0.00E+00,0.00E+00,0,0,1,0.00E+00,1,1,1,1,1
5700,1.32E-01,1.01E-01,2.71E-01,4,5700,Not eroded,0,0,1,1,1,1,1,2.16E-07,6.49E-07,-8.56E-08,6.89E-07,1.72E-07,0,1.23E-03,1,1,0,0,0
5706,1.78E-01,2.25E-01,2.58E-01,4,5706,Not eroded,0,0,1,1,1,1,1,6.15E-07,2.09E-07,-1.94E-07,6.78E-07,1.69E-07,0,1.21E-03,1,1,0,0,0
5715,2.38E-01,9.80E-02,3.00E-01,0,5715,ERODED,1,1,1,1,1,1,1,0,0.00E+00,0.00E+00,0,0,1,0.00E+00,1,1,1,1,1
5718,2.24E-01,1.88E-01,2.60E-01,3,5718,Not eroded,0,0,1,1,1,1,1,1.62E-06,3.41E-06,-1.82E-06,4.19E-06,1.40E-06,1,7.49E-03,1,1,0,0,0
5720,3.15E-01,2.42E-01,2.53E-01,4,5720,Not eroded,0,0,1,1,1,1,1,3.47E-06,-3.12E-06,5.84E-06,7.47E-06,1.87E-06,0,1.34E-02,1,1,0,0,0
5740,3.24E-01,2.01E-01,2.51E-01,3,5740,Not eroded,0,0,1,1,1,1,1,5.68E-06,-1.85E-06,2.65E-06,6.53E-06,2.18E-06,1,1.17E-02,1,1,0,0,0
5747,1.24E-01,2.29E-01,2.50E-01,4,5747,Not eroded,0,0,1,1,1,1,0,3.83E-07,7.77E-08,1.15E-07,4.07E-07,1.02E-07,0,7.28E-04,1,1,0,0,0
5748,9.29E-02,2.19E-01,3.26E-01,0,5748,ERODED,1,1,1,1,1,1,1,0,0.00E+00,0.00E+00,0,0,1,0.00E+00,1,1,1,1,1
5751,1.68E-01,2.85E-01,3.18E-01,0,5751,ERODED,1,1,1,1,1,1,1,0,0.00E+00,0.00E+00,0,0,1,0.00E+00,1,1,1,1,1
5758,2.84E-01,1.56E-01,2.62E-01,0,5758,Not eroded,0,0,1,1,1,1,1,0,0.00E+00,0.00E+00,0,0,1,0.00E+00,1,1,1,1,1
5761,1.93E-01,3.03E-01,2.52E-01,4,5761,Not eroded,0,0,1,1,1,1,1,8.22E-07,1.19E-07,-1.65E-08,8.30E-07,2.08E-07,0,1.48E-03,1,1,0,0,0
5765,2.14E-01,9.66E-02,2.82E-01,0,5765,Not eroded,0,0,1,1,1,1,1,0,0.00E+00,0.00E+00,0,0,1,0.00E+00,1,1,1,1,1
5766,2.54E-01,1.84E-01,2.50E-01,0,5766,Not eroded,0,0,1,1,1,1,0,0,0.00E+00,0.00E+00,0,0,1,0.00E+00,1,1,1,1,1
5772,1.53E-01,9.37E-02,3.26E-01,0,5772,ERODED,1,1,1,1,1,1,1,0,0.00E+00,0.00E+00,0,0,1,0.00E+00,1,1,1,1,1
5777,1.17E-01,5.61E-02,2.58E-01,4,5777,Not eroded,0,0,1,1,1,1,1,5.53E-07,-8.02E-07,-1.75E-08,9.75E-07,2.44E-07,0,1.74E-03,1,1,0,0,0
5786,3.16E-01,6.48E-02,2.67E-01,0,5786,ERODED,1,1,1,1,1,1,1,0,0.00E+00,0.00E+00,0,0,1,0.00E+00,1,1,1,1,1
5787,1.97E-01,1.09E-01,2.65E-01,0,5787,Not eroded,0,0,1,1,1,1,1,0,0.00E+00,0.00E+00,0,0,1,0.00E+00,1,1,1,1,1
5789,3.03E-01,5.64E-02,2.75E-01,0,5789,ERODED,1,1,1,1,1,1,1,0,0.00E+00,0.00E+00,0,0,1,0.00E+00,1,1,1,1,1
5794,1.77E-01,6.46E-02,2.83E-01,6,5794,Not eroded,0,0,1,1,1,1,1,-7.13E-08,7.70E-07,-1.11E-07,7.82E-07,1.30E-07,0,1.40E-03,0,0,0,0,0
5796,2.46E-01,2.84E-01,2.92E-01,5,5796,Not eroded,0,0,1,1,1,1,1,-2.08E-06,1.18E-05,9.13E-07,1.20E-05,2.41E-06,0,2.15E-02,0,1,0,0,0
5797,2.35E-01,2.92E-01,3.03E-01,0,5797,Not eroded,0,0,1,1,1,1,1,0,0.00E+00,0.00E+00,0,0,1,0.00E+00,1,1,1,1,1
5802,2.58E-01,1.29E-01,2.73E-01,0,5802,ERODED,1,1,1,1,1,1,1,0,0.00E+00,0.00E+00,0,0,1,0.00E+00,1,1,1,1,1
5811,2.25E-01,6.40E-02,3.24E-01,0,5811,ERODED,1,1,1,1,1,1,1,0,0.00E+00,0.00E+00,0,0,1,0.00E+00,1,1,1,1,1
5823,1.78E-01,2.54E-01,3.00E-01,0,5823,ERODED,1,1,1,1,1,1,1,0,0.00E+00,0.00E+00,0,0,1,0.00E+00,1,1,1,1,1
5831,2.50E-01,7.55E-02,2.75E-01,0,5831,ERODED,1,1,1,1,1,1,1,0,0.00E+00,0.00E+00,0,0,1,0.00E+00,1,1,1,1,1
5835,1.95E-01,7.13E-02,2.78E-01,5,5835,Not eroded,0,0,1,1,1,1,1,2.97E-07,1.42E-07,9.34E-07,9.90E-07,1.98E-07,0,1.77E-03,0,1,0,0,0
5838,2.95E-01,3.25E-01,2.93E-01,3,5838,Not eroded,0,0,1,1,1,1,1,3.48E-07,7.99E-07,2.27E-07,9.00E-07,3.00E-07,1,1.61E-03,1,1,0,0,0
5841,2.41E-01,1.92E-01,3.23E-01,2,5841,Not eroded,0,0,1,1,1,1,1,-2.17E-06,3.87E-06,-1.44E-05,1.51E-05,7.53E-06,1,2.70E-02,1,1,1,0,0
5842,2.76E-01,2.63E-01,2.56E-01,4,5842,Not eroded,0,0,1,1,1,1,1,-1.59E-06,6.80E-06,8.20E-08,6.98E-06,1.75E-06,0,1.25E-02,1,1,0,0,0
5844,2.57E-01,1.91E-01,3.25E-01,3,5844,Not eroded,0,0,1,1,1,1,1,3.09E-07,8.47E-06,1.67E-05,1.87E-05,6.24E-06,1,3.34E-02,1,1,0,0,0
5846,8.79E-02,2.85E-01,2.44E-01,3,5846,Not eroded,0,0,1,1,1,1,0,-2.00E-07,6.62E-08,9.64E-08,2.32E-07,7.72E-08,1,4.15E-04,1,1,0,0,0
5847,6.09E-02,6.32E-02,2.64E-01,6,5847,Not eroded,0,0,1,1,1,1,1,1.27E-07,3.91E-08,1.89E-08,1.34E-07,2.23E-08,0,2.40E-04,0,0,0,0,0
5855,2.15E-01,1.57E-01,2.59E-01,4,5855,Not eroded,0,0,1,1,1,1,1,-3.03E-07,3.36E-06,1.80E-06,3.83E-06,9.56E-07,0,6.85E-03,1,1,0,0,0
5859,2.40E-01,1.81E-01,2.66E-01,5,5859,Not eroded,0,0,1,1,1,1,1,-3.96E-07,6.44E-09,-1.56E-06,1.61E-06,3.21E-07,0,2.88E-03,0,1,0,0,0
5862,1.48E-01,2.92E-01,2.62E-01,0,5862,Not eroded,0,0,1,1,1,1,1,0,0.00E+00,0.00E+00,0,0,1,0.00E+00,1,1,1,1,1
5865,1.26E-01,2.46E-01,3.14E-01,0,5865,ERODED,1,1,1,1,1,1,1,0,0.00E+00,0.00E+00,0,0,1,0.00E+00,1,1,1,1,1
5878,2.81E-01,2.25E-01,2.48E-01,4,5878,Not eroded,0,0,1,1,1,1,0,-1.54E-06,-1.95E-06,3.44E-06,4.25E-06,1.06E-06,0,7.60E-03,1,1,0,0,0
5879,1.86E-01,3.10E-01,2.93E-01,0,5879,Not eroded,0,0,1,1,1,1,1,0,0.00E+00,0.00E+00,0,0,1,0.00E+00,1,1,1,1,1
5884,2.49E-01,2.25E-01,2.83E-01,6,5884,Not eroded,0,0,1,1,1,1,1,1.35E-05,2.49E-05,5.68E-05,6.35E-05,1.06E-05,0,1.14E-01,0,0,0,0,0
5885,6.89E-02,3.15E-01,3.09E-01,0,5885,ERODED,1,1,1,1,1,1,1,0,0.00E+00,0.00E+00,0,0,1,0.00E+00,1,1,1,1,1
5886,3.10E-01,2.81E-01,2.81E-01,0,5886,Not eroded,0,0,1,1,1,1,1,0,0.00E+00,0.00E+00,0,0,1,0.00E+00,1,1,1,1,1
5892,3.24E-01,2.37E-01,2.51E-01,0,5892,Not eroded,0,0,1,1,1,1,1,0,0.00E+00,0.00E+00,0,0,1,0.00E+00,1,1,1,1,1
5893,1.12E-01,1.95E-01,2.68E-01,2,5893,Not eroded,0,0,1,1,1,1,1,5.83E-07,4.24E-07,5.02E-07,8.79E-07,4.39E-07,1,1.57E-03,1,1,1,0,0
5896,2.62E-01,9.13E-02,2.98E-01,0,5896,ERODED,1,1,1,1,1,1,1,0,0.00E+00,0.00E+00,0,0,1,0.00E+00,1,1,1,1,1
5897,7.79E-02,2.41E-01,3.26E-01,0,5897,ERODED,1,1,1,1,1,1,1,0,0.00E+00,0.00E+00,0,0,1,0.00E+00,1,1,1,1,1
5898,1.05E-01,8.21E-02,2.93E-01,3,5898,Not eroded,0,0,1,1,1,1,1,3.00E-07,-2.35E-08,9.11E-08,3.15E-07,1.05E-07,1,5.63E-04,1,1,0,0,0
5902,1.98E-01,3.14E-01,2.74E-01,3,5902,Not eroded,0,0,1,1,1,1,1,1.24E-07,5.56E-07,-2.84E-07,6.37E-07,2.12E-07,1,1.14E-03,1,1,0,0,0
5907,3.24E-01,2.64E-01,2.85E-01,3,5907,Not eroded,0,0,1,1,1,1,1,8.50E-08,1.06E-06,7.62E-08,1.06E-06,3.54E-07,1,1.90E-03,1,1,0,0,0
5910,2.43E-01,9.82E-02,2.89E-01,0,5910,ERODED,1,1,1,1,1,1,1,0,0.00E+00,0.00E+00,0,0,1,0.00E+00,1,1,1,1,1
5914,7.99E-02,6.29E-02,2.53E-01,9,5914,Not eroded,0,0,1,1,1,1,1,7.08E-08,1.89E-07,9.05E-08,2.21E-07,2.46E-08,0,3.95E-04,0,0,0,0,0
5915,3.16E-01,2.78E-01,2.73E-01,3,5915,Not eroded,0,0,1,1,1,1,1,-5.90E-07,-5.25E-07,3.49E-07,8.63E-07,2.88E-07,1,1.54E-03,1,1,0,0,0
5922,2.70E-01,3.25E-01,2.73E-01,0,5922,ERODED,1,1,1,1,1,1,1,0,0.00E+00,0.00E+00,0,0,1,0.00E+00,1,1,1,1,1
5930,2.74E-01,1.07E-01,2.47E-01,0,5930,Not eroded,0,0,1,1,1,1,0,0,0.00E+00,0.00E+00,0,0,1,0.00E+00,1,1,1,1,1
5932,2.39E-01,3.25E-01,2.64E-01,3,5932,Not eroded,0,0,1,1,1,1,1,6.80E-07,-6.45E-07,7.63E-08,9.41E-07,3.14E-07,1,1.68E-03,1,1,0,0,0
5934,2.19E-01,2.58E-01,2.85E-01,2,5934,Not eroded,0,0,1,1,1,1,1,4.98E-07,1.87E-06,-1.05E-08,1.93E-06,9.65E-07,1,3.45E-03,1,1,1,0,0
5935,1.92E-01,1.96E-01,2.62E-01,0,5935,Not eroded,0,0,1,1,1,1,1,0,0.00E+00,0.00E+00,0,0,1,0.00E+00,1,1,1,1,1
5940,1.43E-01,8.48E-02,2.57E-01,5,5940,Not eroded,0,0,1,1,1,1,1,-9.85E-08,2.34E-07,-1.83E-07,3.13E-07,6.25E-08,0,5.60E-04,0,1,0,0,0
5946,6.54E-02,1.98E-01,2.80E-01,0,5946,ERODED,1,1,1,1,1,1,1,0,0.00E+00,0.00E+00,0,0,1,0.00E+00,1,1,1,1,1
5953,1.07E-01,2.66E-01,2.65E-01,2,5953,Not eroded,0,0,1,1,1,1,1,-5.83E-08,7.14E-09,5.01E-08,7.72E-08,3.86E-08,1,1.38E-04,1,1,1,0,0
5960,2.74E-01,1.47E-01,2.76E-01,0,5960,Not eroded,0,0,1,1,1,1,1,0,0.00E+00,0.00E+00,0,0,1,0.00E+00,1,1,1,1,1
5967,1.40E-01,2.13E-01,2.89E-01,3,5967,Not eroded,0,0,1,1,1,1,1,6.54E-07,4.75E-07,2.75E-08,8.08E-07,2.69E-07,1,1.45E-03,1,1,0,0,0
5973,2.50E-01,1.92E-01,2.45E-01,5,5973,Not eroded,0,0,1,1,1,1,0,3.02E-06,8.43E-07,1.97E-06,3.70E-06,7.40E-07,0,6.62E-03,0,1,0,0,0
5977,1.49E-01,1.71E-01,2.42E-01,3,5977,Not eroded,0,0,1,1,1,1,0,3.47E-07,-1.66E-07,1.55E-06,1.59E-06,5.31E-07,1,2.84E-03,1,1,0,0,0
5979,2.32E-01,1.18E-01,2.49E-01,0,5979,Not eroded,0,0,1,1,1,1,0,0,0.00E+00,0.00E+00,0,0,1,0.00E+00,1,1,1,1,1
5982,1.76E-01,1.61E-01,2.55E-01,3,5982,Not eroded,0,0,1,1,1,1,1,8.08E-07,7.12E-07,7.16E-07,1.29E-06,4.31E-07,1,2.31E-03,1,1,0,0,0
5984,5.99E-02,2.75E-01,2.53E-01,3,5984,Not eroded,0,0,1,1,1,1,1,8.43E-07,-5.49E-07,3.82E-08,1.01E-06,3.36E-07,1,1.81E-03,1,1,0,0,0
5990,3.16E-01,1.94E-01,3.21E-01,0,5990,ERODED,1,1,1,1,1,1,1,0,0.00E+00,0.00E+00,0,0,1,0.00E+00,1,1,1,1,1
5992,2.11E-01,1.77E-01,3.07E-01,0,5992,ERODED,1,1,1,1,1,1,1,0,0.00E+00,0.00E+00,0,0,1,0.00E+00,1,1,1,1,1
5994,2.63E-01,5.62E-02,2.83E-01,0,5994,Not eroded,0,0,1,1,1,1,1,0,0.00E+00,0.00E+00,0,0,1,0.00E+00,1,1,1,1,1
5997,3.25E-01,2.59E-01,2.75E-01,3,5997,Not eroded,0,0,1,1,1,1,1,2.64E-07,-2.11E-06,-6.25E-07,2.21E-06,7.38E-07,1,3.95E-03,1,1,0,0,0
5999,3.16E-01,8.39E-02,2.66E-01,0,5999,Not eroded,0,0,1,1,1,1,1,0,0.00E+00,0.00E+00,0,0,1,0.00E+00,1,1,1,1,1
6002,2.34E-01,3.18E-01,2.59E-01,5,6002,Not eroded,0,0,1,1,1,1,1,2.15E-08,-1.27E-07,-2.10E-07,2.47E-07,4.93E-08,0,4.42E-04,0,1,0,0,0
6010,1.01E-01,7.15E-02,2.51E-01,5,6010,Not eroded,0,0,1,1,1,1,1,3.50E-07,2.42E-07,1.33E-07,4.46E-07,8.91E-08,0,7.98E-04,0,1,0,0,0
6011,6.82E-02,3.07E-01,3.02E-01,0,6011,ERODED,1,1,1,1,1,1,1,0,0.00E+00,0.00E+00,0,0,1,0.00E+00,1,1,1,1,1
6013,2.56E-01,2.39E-01,2.47E-01,3,6013,Not eroded,0,0,1,1,1,1,0,5.35E-06,1.94E-06,3.42E-08,5.69E-06,1.90E-06,1,1.02E-02,1,1,0,0,0
6014,8.88E-02,3.14E-01,3.12E-01,0,6014,ERODED,1,1,1,1,1,1,1,0,0.00E+00,0.00E+00,0,0,1,0.00E+00,1,1,1,1,1
6019,6.19E-02,2.22E-01,3.25E-01,0,6019,ERODED,1,1,1,1,1,1,1,0,0.00E+00,0.00E+00,0,0,1,0.00E+00,1,1,1,1,1
6021,1.91E-01,1.98E-01,2.83E-01,5,6021,Not eroded,0,0,1,1,1,1,1,1.02E-06,1.80E-06,1.72E-06,2.69E-06,5.39E-07,0,4.81E-03,0,1,0,0,0
6022,9.89E-02,2.58E-01,2.76E-01,0,6022,ERODED,1,1,1,1,1,1,1,0,0.00E+00,0.00E+00,0,0,1,0.00E+00,1,1,1,1,1
6028,1.45E-01,2.09E-01,2.41E-01,0,6028,Not eroded,0,0,1,1,1,1,0,0,0.00E+00,0.00E+00,0,0,1,0.00E+00,1,1,1,1,1
6035,2.67E-01,1.53E-01,2.54E-01,0,6035,Not eroded,0,0,1,1,1,1,1,0,0.00E+00,0.00E+00,0,0,1,0.00E+00,1,1,1,1,1
6041,2.38E-01,2.91E-01,2.65E-01,0,6041,Not eroded,0,0,1,1,1,1,1,0,0.00E+00,0.00E+00,0,0,1,0.00E+00,1,1,1,1,1
6043,6.45E-02,2.11E-01,2.46E-01,4,6043,Not eroded,0,0,1,1,1,1,0,8.18E-08,2.65E-07,9.29E-09,2.78E-07,6.95E-08,0,4.97E-04,1,1,0,0,0
6045,9.36E-02,5.61E-02,2.94E-01,3,6045,Not eroded,0,0,1,1,1,1,1,8.34E-08,-7.64E-07,3.67E-08,7.70E-07,2.57E-07,1,1.38E-03,1,1,0,0,0
6056,2.19E-01,1.47E-01,2.56E-01,0,6056,Not eroded,0,0,1,1,1,1,1,0,0.00E+00,0.00E+00,0,0,1,0.00E+00,1,1,1,1,1
6057,6.03E-02,2.57E-01,2.53E-01,4,6057,Not eroded,0,0,1,1,1,1,1,1.68E-07,2.73E-07,7.21E-09,3.21E-07,8.02E-08,0,5.74E-04,1,1,0,0,0
6059,3.15E-01,5.61E-02,3.05E-01,0,6059,Not eroded,0,0,1,1,1,1,1,0,0.00E+00,0.00E+00,0,0,1,0.00E+00,1,1,1,1,1
6061,2.38E-01,1.63E-01,2.92E-01,7,6061,Not eroded,0,0,1,1,1,1,1,-2.99E-06,-4.74E-06,-6.00E-07,5.64E-06,8.06E-07,0,1.01E-02,0,0,0,0,0
6062,6.54E-02,7.17E-02,2.46E-01,5,6062,Not eroded,0,0,1,1,1,1,0,4.29E-08,2.00E-07,-7.22E-08,2.17E-07,4.33E-08,0,3.88E-04,0,1,0,0,0
6064,2.37E-01,1.34E-01,2.95E-01,3,6064,Not eroded,0,0,1,1,1,1,1,-5.57E-07,7.00E-07,2.22E-06,2.39E-06,7.98E-07,1,4.28E-03,1,1,0,0,0
6071,2.90E-01,2.65E-01,2.46E-01,4,6071,Not eroded,0,0,1,1,1,1,0,-1.91E-06,2.30E-06,-2.65E-06,3.99E-06,9.98E-07,0,7.14E-03,1,1,0,0,0
6076,7.54E-02,5.64E-02,2.85E-01,4,6076,Not eroded,0,0,1,1,1,1,1,1.53E-07,1.32E-07,-2.76E-08,2.04E-07,5.10E-08,0,3.65E-04,1,1,0,0,0
6078,6.24E-02,2.51E-01,3.07E-01,0,6078,ERODED,1,1,1,1,1,1,1,0,0.00E+00,0.00E+00,0,0,1,0.00E+00,1,1,1,1,1
6081,9.78E-02,3.10E-01,3.10E-01,0,6081,ERODED,1,1,1,1,1,1,1,0,0.00E+00,0.00E+00,0,0,1,0.00E+00,1,1,1,1,1
6082,1.62E-01,1.39E-01,3.20E-01,0,6082,ERODED,1,1,1,1,1,1,1,0,0.00E+00,0.00E+00,0,0,1,0.00E+00,1,1,1,1,1
6086,2.80E-01,3.23E-01,2.76E-01,0,6086,ERODED,1,1,1,1,1,1,1,0,0.00E+00,0.00E+00,0,0,1,0.00E+00,1,1,1,1,1
6095,2.36E-01,2.80E-01,2.81E-01,5,6095,Not eroded,0,0,1,1,1,1,1,8.07E-07,3.18E-06,-1.57E-06,3.64E-06,7.27E-07,0,6.51E-03,0,1,0,0,0
6097,2.59E-01,1.88E-01,2.42E-01,5,6097,Not eroded,0,0,1,1,1,1,0,5.72E-06,1.20E-06,5.06E-06,7.73E-06,1.55E-06,0,1.38E-02,0,1,0,0,0
6098,1.79E-01,7.42E-02,2.94E-01,5,6098,Not eroded,0,0,1,1,1,1,1,1.02E-07,-5.39E-07,-6.55E-07,8.54E-07,1.71E-07,0,1.53E-03,0,1,0,0,0
6105,2.73E-01,2.28E-01,3.28E-01,0,6105,ERODED,1,1,1,1,1,1,1,0,0.00E+00,0.00E+00,0,0,1,0.00E+00,1,1,1,1,1
6108,2.61E-01,2.24E-01,3.06E-01,6,6108,Not eroded,0,0,1,1,1,1,1,3.27E-07,2.65E-05,1.45E-05,3.02E-05,5.03E-06,0,5.40E-02,0,0,0,0,0
6112,2.01E-01,1.65E-01,2.51E-01,0,6112,Not eroded,0,0,1,1,1,1,1,0,0.00E+00,0.00E+00,0,0,1,0.00E+00,1,1,1,1,1
6117,1.47E-01,3.17E-01,3.04E-01,3,6117,Not eroded,0,0,1,1,1,1,1,2.88E-08,4.43E-07,6.62E-07,7.97E-07,2.66E-07,1,1.43E-03,1,1,0,0,0
6118,2.16E-01,1.60E-01,2.68E-01,6,6118,Not eroded,0,0,1,1,1,1,1,1.41E-06,1.65E-06,1.25E-06,2.50E-06,4.17E-07,0,4.47E-03,0,0,0,0,0
6124,1.99E-01,2.53E-01,2.94E-01,4,6124,Not eroded,0,0,1,1,1,1,1,-2.75E-06,3.70E-06,1.13E-06,4.75E-06,1.19E-06,0,8.50E-03,1,1,0,0,0
6125,3.07E-01,2.09E-01,2.88E-01,0,6125,ERODED,1,1,1,1,1,1,1,0,0.00E+00,0.00E+00,0,0,1,0.00E+00,1,1,1,1,1
6129,2.42E-01,2.15E-01,2.87E-01,0,6129,Not eroded,0,0,1,1,1,1,1,0,0.00E+00,0.00E+00,0,0,1,0.00E+00,1,1,1,1,1
6130,1.82E-01,2.68E-01,3.25E-01,0,6130,ERODED,1,1,1,1,1,1,1,0,0.00E+00,0.00E+00,0,0,1,0.00E+00,1,1,1,1,1
6131,1.87E-01,1.99E-01,2.73E-01,5,6131,Not eroded,0,0,1,1,1,1,1,3.07E-06,2.76E-06,-1.31E-06,4.33E-06,8.67E-07,0,7.75E-03,0,1,0,0,0
6136,1.89E-01,7.38E-02,2.86E-01,0,6136,Not eroded,0,0,1,1,1,1,1,0,0.00E+00,0.00E+00,0,0,1,0.00E+00,1,1,1,1,1
6138,8.84E-02,2.08E-01,2.87E-01,0,6138,ERODED,1,1,1,1,1,1,1,0,0.00E+00,0.00E+00,0,0,1,0.00E+00,1,1,1,1,1
6143,1.77E-01,1.05E-01,2.87E-01,4,6143,Not eroded,0,0,1,1,1,1,1,-2.06E-07,1.28E-06,4.92E-08,1.29E-06,3.24E-07,0,2.31E-03,1,1,0,0,0
6146,1.84E-01,1.44E-01,3.25E-01,0,6146,ERODED,1,1,1,1,1,1,1,0,0.00E+00,0.00E+00,0,0,1,0.00E+00,1,1,1,1,1
6149,6.66E-02,2.64E-01,2.96E-01,0,6149,ERODED,1,1,1,1,1,1,1,0,0.00E+00,0.00E+00,0,0,1,0.00E+00,1,1,1,1,1
6154,1.71E-01,1.59E-01,3.34E-01,0,6154,ERODED,1,1,1,1,1,1,1,0,0.00E+00,0.00E+00,0,0,1,0.00E+00,1,1,1,1,1
6157,1.99E-01,8.86E-02,2.94E-01,4,6157,Not eroded,0,0,1,1,1,1,1,-1.29E-06,8.58E-07,2.14E-07,1.57E-06,3.92E-07,0,2.81E-03,1,1,0,0,0
6159,8.28E-02,3.21E-01,3.07E-01,0,6159,ERODED,1,1,1,1,1,1,1,0,0.00E+00,0.00E+00,0,0,1,0.00E+00,1,1,1,1,1
6160,2.78E-01,2.84E-01,2.56E-01,0,6160,Not eroded,0,0,1,1,1,1,1,0,0.00E+00,0.00E+00,0,0,1,0.00E+00,1,1,1,1,1
6161,9.68E-02,2.91E-01,2.57E-01,4,6161,Not eroded,0,0,1,1,1,1,1,-1.09E-07,-1.98E-07,1.25E-07,2.58E-07,6.46E-08,0,4.61E-04,1,1,0,0,0
6169,1.30E-01,2.35E-01,3.33E-01,0,6169,ERODED,1,1,1,1,1,1,1,0,0.00E+00,0.00E+00,0,0,1,0.00E+00,1,1,1,1,1
6170,1.01E-01,2.46E-01,2.89E-01,2,6170,Not eroded,0,0,1,1,1,1,1,4.22E-08,5.27E-07,1.25E-07,5.44E-07,2.72E-07,1,9.73E-04,1,1,1,0,0
6171,2.57E-01,8.32E-02,2.69E-01,0,6171,ERODED,1,1,1,1,1,1,1,0,0.00E+00,0.00E+00,0,0,1,0.00E+00,1,1,1,1,1
6173,1.64E-01,1.80E-01,2.81E-01,4,6173,Not eroded,0,0,1,1,1,1,1,-1.35E-06,-4.39E-07,-8.39E-07,1.65E-06,4.13E-07,0,2.95E-03,1,1,0,0,0
6174,2.04E-01,1.92E-01,3.18E-01,0,6174,ERODED,1,1,1,1,1,1,1,0,0.00E+00,0.00E+00,0,0,1,0.00E+00,1,1,1,1,1
6177,1.98E-01,2.90E-01,2.82E-01,3,6177,Not eroded,0,0,1,1,1,1,1,1.15E-06,1.11E-06,-5.39E-07,1.69E-06,5.63E-07,1,3.02E-03,1,1,0,0,0
6187,2.88E-01,1.67E-01,2.65E-01,0,6187,Not eroded,0,0,1,1,1,1,1,0,0.00E+00,0.00E+00,0,0,1,0.00E+00,1,1,1,1,1
6191,1.03E-01,1.41E-01,3.28E-01,0,6191,ERODED,1,1,1,1,1,1,1,0,0.00E+00,0.00E+00,0,0,1,0.00E+00,1,1,1,1,1
6192,2.33E-01,3.25E-01,3.01E-01,3,6192,Not eroded,0,0,1,1,1,1,1,-1.68E-07,5.96E-07,3.12E-07,6.93E-07,2.31E-07,1,1.24E-03,1,1,0,0,0
6193,1.46E-01,6.86E-02,2.89E-01,0,6193,Not eroded,0,0,1,1,1,1,1,0,0.00E+00,0.00E+00,0,0,1,0.00E+00,1,1,1,1,1
6200,9.67E-02,3.25E-01,2.73E-01,0,6200,ERODED,1,1,1,1,1,1,1,0,0.00E+00,0.00E+00,0,0,1,0.00E+00,1,1,1,1,1
6201,1.20E-01,2.57E-01,3.10E-01,4,6201,Not eroded,0,0,1,1,1,1,1,2.62E-08,8.72E-07,4.25E-07,9.71E-07,2.43E-07,0,1.74E-03,1,1,0,0,0
6202,1.88E-01,2.40E-01,2.42E-01,5,6202,Not eroded,0,0,1,1,1,1,0,1.20E-06,2.48E-07,-2.52E-07,1.25E-06,2.49E-07,0,2.24E-03,0,1,0,0,0
6214,2.53E-01,1.46E-01,2.97E-01,3,6214,Not eroded,0,0,1,1,1,1,1,1.12E-06,-2.46E-06,4.51E-08,2.70E-06,9.00E-07,1,4.83E-03,1,1,0,0,0
6218,2.39E-01,5.69E-02,3.14E-01,0,6218,ERODED,1,1,1,1,1,1,1,0,0.00E+00,0.00E+00,0,0,1,0.00E+00,1,1,1,1,1
6227,3.07E-01,1.66E-01,2.48E-01,0,6227,Not eroded,0,0,1,1,1,1,0,0,0.00E+00,0.00E+00,0,0,1,0.00E+00,1,1,1,1,1
6231,1.99E-01,3.02E-01,2.94E-01,5,6231,Not eroded,0,0,1,1,1,1,1,9.11E-09,-2.77E-07,-2.15E-07,3.51E-07,7.01E-08,0,6.28E-04,0,1,0,0,0
6233,9.00E-02,6.78E-02,2.69E-01,7,6233,Not eroded,0,0,1,1,1,1,1,1.81E-07,6.63E-08,3.51E-08,1.96E-07,2.80E-08,0,3.51E-04,0,0,0,0,0
6246,2.19E-01,2.51E-01,2.98E-01,4,6246,Not eroded,0,0,1,1,1,1,1,8.66E-06,-2.12E-06,3.36E-06,9.53E-06,2.38E-06,0,1.70E-02,1,1,0,0,0
6250,1.95E-01,1.68E-01,2.41E-01,5,6250,Not eroded,0,0,1,1,1,1,0,3.58E-06,5.27E-07,-5.79E-07,3.67E-06,7.33E-07,0,6.56E-03,0,1,0,0,0
6255,2.75E-01,1.43E-01,2.64E-01,0,6255,Not eroded,0,0,1,1,1,1,1,0,0.00E+00,0.00E+00,0,0,1,0.00E+00,1,1,1,1,1
6263,1.78E-01,2.18E-01,2.82E-01,4,6263,Not eroded,0,0,1,1,1,1,1,2.41E-06,1.32E-06,5.78E-06,6.40E-06,1.60E-06,0,1.14E-02,1,1,0,0,0
6264,1.63E-01,2.18E-01,2.56E-01,4,6264,Not eroded,0,0,1,1,1,1,1,-3.04E-07,8.20E-08,7.89E-07,8.49E-07,2.12E-07,0,1.52E-03,1,1,0,0,0
6265,8.93E-02,3.16E-01,2.81E-01,0,6265,ERODED,1,1,1,1,1,1,1,0,0.00E+00,0.00E+00,0,0,1,0.00E+00,1,1,1,1,1
6268,3.24E-01,2.78E-01,2.94E-01,3,6268,Not eroded,0,0,1,1,1,1,1,3.09E-07,1.42E-06,-2.44E-07,1.47E-06,4.91E-07,1,2.63E-03,1,1,0,0,0
6282,8.04E-02,1.06E-01,3.32E-01,0,6282,ERODED,1,1,1,1,1,1,1,0,0.00E+00,0.00E+00,0,0,1,0.00E+00,1,1,1,1,1
6287,2.16E-01,2.26E-01,2.55E-01,5,6287,Not eroded,0,0,1,1,1,1,1,-8.65E-07,3.17E-06,6.28E-06,7.08E-06,1.42E-06,0,1.27E-02,0,1,0,0,0
6290,1.00E-01,6.18E-02,2.49E-01,4,6290,Not eroded,0,0,1,1,1,1,0,1.97E-07,2.01E-07,1.81E-07,3.34E-07,8.36E-08,0,5.97E-04,1,1,0,0,0
6291,2.71E-01,2.09E-01,2.69E-01,4,6291,Not eroded,0,0,1,1,1,1,1,0.000227033,-2.20E-04,-4.61E-04,0.000559064,0.000139766,0,1.00E+00,1,1,0,0,0
6293,2.87E-01,6.57E-02,2.56E-01,0,6293,Not eroded,0,0,1,1,1,1,1,0,0.00E+00,0.00E+00,0,0,1,0.00E+00,1,1,1,1,1
6297,1.54E-01,9.90E-02,3.17E-01,0,6297,ERODED,1,1,1,1,1,1,1,0,0.00E+00,0.00E+00,0,0,1,0.00E+00,1,1,1,1,1
6309,8.41E-02,8.56E-02,2.89E-01,5,6309,Not eroded,0,0,1,1,1,1,1,6.07E-08,3.76E-07,1.49E-07,4.09E-07,8.17E-08,0,7.32E-04,0,1,0,0,0
6324,1.95E-01,3.12E-01,2.48E-01,5,6324,Not eroded,0,0,1,1,1,1,0,-2.32E-07,5.80E-07,-6.15E-08,6.27E-07,1.25E-07,0,1.12E-03,0,1,0,0,0
6326,1.52E-01,2.60E-01,2.78E-01,5,6326,Not eroded,0,0,1,1,1,1,1,7.20E-08,1.32E-06,1.28E-06,1.84E-06,3.68E-07,0,3.29E-03,0,1,0,0,0
6328,1.69E-01,1.67E-01,2.66E-01,5,6328,Not eroded,0,0,1,1,1,1,1,3.40E-07,1.36E-07,2.60E-07,4.49E-07,8.98E-08,0,8.03E-04,0,1,0,0,0
6329,1.78E-01,1.51E-01,3.16E-01,0,6329,ERODED,1,1,1,1,1,1,1,0,0.00E+00,0.00E+00,0,0,1,0.00E+00,1,1,1,1,1
6334,3.09E-01,5.62E-02,2.65E-01,0,6334,ERODED,1,1,1,1,1,1,1,0,0.00E+00,0.00E+00,0,0,1,0.00E+00,1,1,1,1,1
6342,2.89E-01,2.07E-01,2.67E-01,3,6342,Not eroded,0,0,1,1,1,1,1,0.000160875,3.31E-06,6.80E-05,0.000174675,5.82E-05,1,3.12E-01,1,1,0,0,0
6343,2.33E-01,1.90E-01,3.16E-01,2,6343,Not eroded,0,0,1,1,1,1,1,-1.76E-06,2.26E-06,-8.85E-06,9.30E-06,4.65E-06,1,1.66E-02,1,1,1,0,0
6357,3.18E-01,2.87E-01,2.78E-01,0,6357,Not eroded,0,0,1,1,1,1,1,0,0.00E+00,0.00E+00,0,0,1,0.00E+00,1,1,1,1,1
6366,2.90E-01,1.06E-01,3.18E-01,0,6366,ERODED,1,1,1,1,1,1,1,0,0.00E+00,0.00E+00,0,0,1,0.00E+00,1,1,1,1,1
6367,2.13E-01,8.85E-02,3.08E-01,2,6367,ERODED,1,1,1,1,1,1,1,2.30E-07,5.81E-07,2.81E-07,6.85E-07,3.42E-07,1,1.23E-03,1,1,1,0,0
6369,2.65E-01,1.63E-01,2.67E-01,0,6369,Not eroded,0,0,1,1,1,1,1,0,0.00E+00,0.00E+00,0,0,1,0.00E+00,1,1,1,1,1
6370,2.77E-01,1.75E-01,2.58E-01,0,6370,Not eroded,0,0,1,1,1,1,1,0,0.00E+00,0.00E+00,0,0,1,0.00E+00,1,1,1,1,1
6376,3.13E-01,8.91E-02,2.78E-01,0,6376,Not eroded,0,0,1,1,1,1,1,0,0.00E+00,0.00E+00,0,0,1,0.00E+00,1,1,1,1,1
6378,5.60E-02,3.01E-01,3.10E-01,0,6378,ERODED,1,1,1,1,1,1,1,0,0.00E+00,0.00E+00,0,0,1,0.00E+00,1,1,1,1,1
6383,9.35E-02,3.07E-01,2.71E-01,0,6383,ERODED,1,1,1,1,1,1,1,0,0.00E+00,0.00E+00,0,0,1,0.00E+00,1,1,1,1,1
6395,1.97E-01,2.95E-01,2.45E-01,3,6395,Not eroded,0,0,1,1,1,1,0,-3.90E-07,-3.71E-07,5.83E-07,7.94E-07,2.65E-07,1,1.42E-03,1,1,0,0,0
6396,7.21E-02,7.82E-02,2.54E-01,8,6396,Not eroded,0,0,1,1,1,1,1,1.46E-07,1.53E-07,-4.09E-08,2.16E-07,2.70E-08,0,3.86E-04,0,0,0,0,0
6397,1.54E-01,1.17E-01,3.27E-01,0,6397,ERODED,1,1,1,1,1,1,1,0,0.00E+00,0.00E+00,0,0,1,0.00E+00,1,1,1,1,1
6401,3.16E-01,1.63E-01,2.52E-01,4,6401,Not eroded,0,0,1,1,1,1,1,-2.50E-06,-1.41E-05,-9.53E-06,1.72E-05,4.31E-06,0,3.08E-02,1,1,0,0,0
6407,1.06E-01,2.76E-01,2.61E-01,0,6407,Not eroded,0,0,1,1,1,1,1,0,0.00E+00,0.00E+00,0,0,1,0.00E+00,1,1,1,1,1
6409,2.53E-01,3.25E-01,2.95E-01,0,6409,Not eroded,0,0,1,1,1,1,1,0,0.00E+00,0.00E+00,0,0,1,0.00E+00,1,1,1,1,1
6413,1.42E-01,1.98E-01,2.93E-01,0,6413,Not eroded,0,0,1,1,1,1,1,0,0.00E+00,0.00E+00,0,0,1,0.00E+00,1,1,1,1,1
6414,6.87E-02,2.38E-01,3.22E-01,0,6414,ERODED,1,1,1,1,1,1,1,0,0.00E+00,0.00E+00,0,0,1,0.00E+00,1,1,1,1,1
6422,1.02E-01,2.21E-01,2.86E-01,0,6422,ERODED,1,1,1,1,1,1,1,0,0.00E+00,0.00E+00,0,0,1,0.00E+00,1,1,1,1,1
6426,1.69E-01,1.36E-01,3.11E-01,0,6426,ERODED,1,1,1,1,1,1,1,0,0.00E+00,0.00E+00,0,0,1,0.00E+00,1,1,1,1,1
6427,2.71E-01,1.45E-01,2.55E-01,0,6427,Not eroded,0,0,1,1,1,1,1,0,0.00E+00,0.00E+00,0,0,1,0.00E+00,1,1,1,1,1
6430,7.63E-02,6.62E-02,2.87E-01,4,6430,Not eroded,0,0,1,1,1,1,1,8.32E-08,3.76E-07,4.44E-09,3.85E-07,9.63E-08,0,6.89E-04,1,1,0,0,0
6434,2.42E-01,2.76E-01,2.41E-01,0,6434,Not eroded,0,0,1,1,1,1,0,0,0.00E+00,0.00E+00,0,0,1,0.00E+00,1,1,1,1,1
6443,1.89E-01,5.61E-02,2.68E-01,3,6443,Not eroded,0,0,1,1,1,1,1,2.47E-07,-1.15E-06,1.68E-07,1.19E-06,3.95E-07,1,2.13E-03,1,1,0,0,0
6445,2.84E-01,9.33E-02,2.58E-01,0,6445,Not eroded,0,0,1,1,1,1,1,0,0.00E+00,0.00E+00,0,0,1,0.00E+00,1,1,1,1,1
6449,1.40E-01,2.36E-01,2.80E-01,0,6449,Not eroded,0,0,1,1,1,1,1,0,0.00E+00,0.00E+00,0,0,1,0.00E+00,1,1,1,1,1
6451,2.43E-01,5.65E-02,2.78E-01,0,6451,Not eroded,0,0,1,1,1,1,1,0,0.00E+00,0.00E+00,0,0,1,0.00E+00,1,1,1,1,1
6456,2.26E-01,1.47E-01,3.25E-01,3,6456,Not eroded,0,0,1,1,1,1,1,7.21E-07,3.26E-07,9.53E-07,1.24E-06,4.13E-07,1,2.22E-03,1,1,0,0,0
6465,3.15E-01,8.97E-02,2.88E-01,0,6465,Not eroded,0,0,1,1,1,1,1,0,0.00E+00,0.00E+00,0,0,1,0.00E+00,1,1,1,1,1
6466,1.72E-01,8.11E-02,2.91E-01,0,6466,Not eroded,0,0,1,1,1,1,1,0,0.00E+00,0.00E+00,0,0,1,0.00E+00,1,1,1,1,1
6467,1.00E-01,3.25E-01,3.10E-01,0,6467,ERODED,1,1,1,1,1,1,1,0,0.00E+00,0.00E+00,0,0,1,0.00E+00,1,1,1,1,1
6473,1.21E-01,2.16E-01,3.26E-01,0,6473,ERODED,1,1,1,1,1,1,1,0,0.00E+00,0.00E+00,0,0,1,0.00E+00,1,1,1,1,1
6474,1.80E-01,8.12E-02,2.71E-01,3,6474,Not eroded,0,0,1,1,1,1,1,7.11E-07,8.41E-07,-9.13E-07,1.43E-06,4.77E-07,1,2.56E-03,1,1,0,0,0
6478,2.80E-01,2.35E-01,2.41E-01,0,6478,Not eroded,0,0,1,1,1,1,0,0,0.00E+00,0.00E+00,0,0,1,0.00E+00,1,1,1,1,1
6485,1.42E-01,2.30E-01,3.18E-01,0,6485,ERODED,1,1,1,1,1,1,1,0,0.00E+00,0.00E+00,0,0,1,0.00E+00,1,1,1,1,1
6489,1.16E-01,2.87E-01,2.54E-01,3,6489,Not eroded,0,0,1,1,1,1,1,-2.16E-07,4.17E-07,5.92E-08,4.74E-07,1.58E-07,1,8.48E-04,1,1,0,0,0
6500,3.24E-01,1.55E-01,2.51E-01,0,6500,Not eroded,0,0,1,1,1,1,1,0,0.00E+00,0.00E+00,0,0,1,0.00E+00,1,1,1,1,1
6501,9.63E-02,9.38E-02,3.08E-01,0,6501,ERODED,1,1,1,1,1,1,1,0,0.00E+00,0.00E+00,0,0,1,0.00E+00,1,1,1,1,1
6512,3.02E-01,9.42E-02,2.92E-01,4,6512,Not eroded,0,0,1,1,1,1,1,-4.40E-07,4.98E-07,1.02E-06,1.22E-06,3.04E-07,0,2.18E-03,1,1,0,0,0
6515,1.64E-01,2.61E-01,2.73E-01,3,6515,Not eroded,0,0,1,1,1,1,1,2.61E-07,-6.30E-08,1.22E-06,1.25E-06,4.18E-07,1,2.24E-03,1,1,0,0,0
6516,2.15E-01,5.62E-02,3.00E-01,0,6516,ERODED,1,1,1,1,1,1,1,0,0.00E+00,0.00E+00,0,0,1,0.00E+00,1,1,1,1,1
6525,2.47E-01,2.86E-01,3.08E-01,4,6525,Not eroded,0,0,1,1,1,1,1,7.00E-07,3.39E-06,2.26E-06,4.14E-06,1.03E-06,0,7.41E-03,1,1,0,0,0
6532,2.63E-01,2.02E-01,2.94E-01,4,6532,Not eroded,0,0,1,1,1,1,1,5.91E-06,6.83E-06,-5.95E-05,6.01E-05,1.50E-05,0,1.08E-01,1,1,0,0,0
6537,2.16E-01,3.00E-01,2.61E-01,4,6537,Not eroded,0,0,1,1,1,1,1,5.31E-07,2.08E-07,-2.55E-09,5.70E-07,1.43E-07,0,1.02E-03,1,1,0,0,0
6540,2.78E-01,1.64E-01,2.61E-01,0,6540,Not eroded,0,0,1,1,1,1,1,0,0.00E+00,0.00E+00,0,0,1,0.00E+00,1,1,1,1,1
6541,1.85E-01,3.00E-01,2.56E-01,3,6541,Not eroded,0,0,1,1,1,1,1,3.85E-07,7.76E-07,5.71E-07,1.04E-06,3.46E-07,1,1.86E-03,1,1,0,0,0
6544,2.01E-01,3.07E-01,2.56E-01,4,6544,Not eroded,0,0,1,1,1,1,1,1.51E-07,3.09E-07,-2.21E-07,4.09E-07,1.02E-07,0,7.32E-04,1,1,0,0,0
6553,3.19E-01,2.61E-01,2.50E-01,4,6553,Not eroded,0,0,1,1,1,1,0,-9.71E-07,-5.18E-06,-2.45E-07,5.28E-06,1.32E-06,0,9.44E-03,1,1,0,0,0
6556,1.18E-01,2.43E-01,3.20E-01,0,6556,ERODED,1,1,1,1,1,1,1,0,0.00E+00,0.00E+00,0,0,1,0.00E+00,1,1,1,1,1
6558,1.39E-01,1.35E-01,2.72E-01,0,6558,ERODED,1,1,1,1,1,1,1,0,0.00E+00,0.00E+00,0,0,1,0.00E+00,1,1,1,1,1
6565,1.74E-01,7.41E-02,2.75E-01,4,6565,Not eroded,0,0,1,1,1,1,1,3.87E-07,9.52E-07,-4.63E-07,1.13E-06,2.82E-07,0,2.02E-03,1,1,0,0,0
6566,5.60E-02,7.01E-02,2.87E-01,4,6566,Not eroded,0,0,1,1,1,1,1,4.30E-08,-3.29E-08,2.15E-07,2.22E-07,5.54E-08,0,3.97E-04,1,1,0,0,0
6569,2.35E-01,3.25E-01,2.42E-01,3,6569,Not eroded,0,0,1,1,1,1,0,-3.00E-07,-8.79E-07,2.45E-07,9.60E-07,3.20E-07,1,1.72E-03,1,1,0,0,0
6572,2.40E-01,9.96E-02,3.12E-01,0,6572,ERODED,1,1,1,1,1,1,1,0,0.00E+00,0.00E+00,0,0,1,0.00E+00,1,1,1,1,1
6574,2.56E-01,2.19E-01,2.78E-01,5,6574,Not eroded,0,0,1,1,1,1,1,2.38E-06,5.75E-06,2.88E-06,6.85E-06,1.37E-06,0,1.23E-02,0,1,0,0,0
6576,3.16E-01,7.48E-02,2.70E-01,0,6576,ERODED,1,1,1,1,1,1,1,0,0.00E+00,0.00E+00,0,0,1,0.00E+00,1,1,1,1,1
6578,1.60E-01,9.02E-02,2.58E-01,6,6578,Not eroded,0,0,1,1,1,1,1,1.03E-07,2.85E-08,-2.50E-07,2.72E-07,4.53E-08,0,4.87E-04,0,0,0,0,0
6584,1.04E-01,3.15E-01,2.84E-01,0,6584,ERODED,1,1,1,1,1,1,1,0,0.00E+00,0.00E+00,0,0,1,0.00E+00,1,1,1,1,1
6586,1.06E-01,2.04E-01,2.84E-01,0,6586,ERODED,1,1,1,1,1,1,1,0,0.00E+00,0.00E+00,0,0,1,0.00E+00,1,1,1,1,1
6587,1.47E-01,1.53E-01,3.24E-01,0,6587,ERODED,1,1,1,1,1,1,1,0,0.00E+00,0.00E+00,0,0,1,0.00E+00,1,1,1,1,1
6589,1.87E-01,2.11E-01,2.94E-01,4,6589,Not eroded,0,0,1,1,1,1,1,1.01E-06,3.95E-06,-2.10E-06,4.59E-06,1.15E-06,0,8.21E-03,1,1,0,0,0
6590,3.23E-01,1.63E-01,2.86E-01,0,6590,Not eroded,0,0,1,1,1,1,1,0,0.00E+00,0.00E+00,0,0,1,0.00E+00,1,1,1,1,1
6595,2.17E-01,7.23E-02,3.25E-01,0,6595,ERODED,1,1,1,1,1,1,1,0,0.00E+00,0.00E+00,0,0,1,0.00E+00,1,1,1,1,1
6600,2.35E-01,1.44E-01,2.95E-01,4,6600,Not eroded,0,0,1,1,1,1,1,1.42E-07,-5.39E-07,-1.26E-06,1.38E-06,3.44E-07,0,2.47E-03,1,1,0,0,0
6606,1.66E-01,1.31E-01,2.42E-01,0,6606,Not eroded,0,0,1,1,1,1,0,0,0.00E+00,0.00E+00,0,0,1,0.00E+00,1,1,1,1,1
6613,2.32E-01,1.90E-01,2.66E-01,0,6613,Not eroded,0,0,1,1,1,1,1,0,0.00E+00,0.00E+00,0,0,1,0.00E+00,1,1,1,1,1
6616,7.94E-02,2.61E-01,2.91E-01,0,6616,ERODED,1,1,1,1,1,1,1,0,0.00E+00,0.00E+00,0,0,1,0.00E+00,1,1,1,1,1
6621,2.70E-01,2.29E-01,3.03E-01,0,6621,Not eroded,0,0,1,1,1,1,1,0,0.00E+00,0.00E+00,0,0,1,0.00E+00,1,1,1,1,1
6622,1.09E-01,5.61E-02,2.78E-01,4,6622,Not eroded,0,0,1,1,1,1,1,2.66E-07,-8.90E-07,-3.39E-08,9.30E-07,2.32E-07,0,1.66E-03,1,1,0,0,0
6623,2.18E-01,5.73E-02,2.58E-01,4,6623,Not eroded,0,0,1,1,1,1,1,-7.05E-08,-4.97E-08,3.86E-07,3.95E-07,9.88E-08,0,7.07E-04,1,1,0,0,0
6624,7.32E-02,2.00E-01,2.60E-01,3,6624,Not eroded,0,0,1,1,1,1,1,1.76E-07,1.80E-07,-1.03E-07,2.72E-07,9.06E-08,1,4.87E-04,1,1,0,0,0
6629,8.98E-02,8.45E-02,2.72E-01,2,6629,Not eroded,0,0,1,1,1,1,1,-6.55E-08,3.64E-07,-4.33E-08,3.72E-07,1.86E-07,1,6.65E-04,1,1,1,0,0
6631,2.38E-01,3.25E-01,2.52E-01,4,6631,Not eroded,0,0,1,1,1,1,1,-1.73E-07,-7.22E-07,6.36E-09,7.43E-07,1.86E-07,0,1.33E-03,1,1,0,0,0
6641,2.78E-01,2.15E-01,2.53E-01,0,6641,Not eroded,0,0,1,1,1,1,1,0,0.00E+00,0.00E+00,0,0,1,0.00E+00,1,1,1,1,1
6647,2.87E-01,1.44E-01,2.67E-01,0,6647,Not eroded,0,0,1,1,1,1,1,0,0.00E+00,0.00E+00,0,0,1,0.00E+00,1,1,1,1,1
6650,2.23E-01,2.16E-01,2.92E-01,4,6650,Not eroded,0,0,1,1,1,1,1,-4.73E-06,2.07E-06,4.75E-06,7.01E-06,1.75E-06,0,1.25E-02,1,1,0,0,0
6653,2.26E-01,2.65E-01,2.87E-01,4,6653,Not eroded,0,0,1,1,1,1,1,1.79E-07,4.15E-06,-6.16E-07,4.20E-06,1.05E-06,0,7.51E-03,1,1,0,0,0
6660,2.62E-01,7.03E-02,2.81E-01,0,6660,ERODED,1,1,1,1,1,1,1,0,0.00E+00,0.00E+00,0,0,1,0.00E+00,1,1,1,1,1
6662,2.42E-01,1.92E-01,2.51E-01,5,6662,Not eroded,0,0,1,1,1,1,1,2.21E-06,4.27E-06,-1.57E-06,5.06E-06,1.01E-06,0,9.05E-03,0,1,0,0,0
6664,3.13E-01,2.54E-01,2.58E-01,6,6664,Not eroded,0,0,1,1,1,1,1,1.79E-08,1.40E-06,1.84E-06,2.31E-06,3.86E-07,0,4.13E-03,0,0,0,0,0
6668,2.49E-01,3.12E-01,2.68E-01,0,6668,Not eroded,0,0,1,1,1,1,1,0,0.00E+00,0.00E+00,0,0,1,0.00E+00,1,1,1,1,1
6676,2.48E-01,3.25E-01,2.60E-01,2,6676,Not eroded,0,0,1,1,1,1,1,-9.75E-08,2.79E-07,2.49E-07,3.87E-07,1.93E-07,1,6.92E-04,1,1,1,0,0
6680,1.66E-01,1.86E-01,2.73E-01,2,6680,Not eroded,0,0,1,1,1,1,1,-5.61E-07,5.84E-07,-8.85E-08,8.14E-07,4.07E-07,1,1.46E-03,1,1,1,0,0
6683,3.12E-01,2.01E-01,2.90E-01,0,6683,ERODED,1,1,1,1,1,1,1,0,0.00E+00,0.00E+00,0,0,1,0.00E+00,1,1,1,1,1
6685,1.02E-01,8.75E-02,2.83E-01,0,6685,Not eroded,0,0,1,1,1,1,1,0,0.00E+00,0.00E+00,0,0,1,0.00E+00,1,1,1,1,1
6687,1.70E-01,5.61E-02,2.95E-01,4,6687,Not eroded,0,0,1,1,1,1,1,1.29E-07,-9.06E-07,-5.92E-07,1.09E-06,2.72E-07,0,1.95E-03,1,1,0,0,0
6690,3.24E-01,2.07E-01,2.79E-01,0,6690,ERODED,1,1,1,1,1,1,1,0,0.00E+00,0.00E+00,0,0,1,0.00E+00,1,1,1,1,1
6691,3.24E-01,1.66E-01,2.47E-01,2,6691,Not eroded,0,0,1,1,1,1,0,-6.74E-06,-6.36E-06,2.06E-06,9.49E-06,4.75E-06,1,1.70E-02,1,1,1,0,0
6692,9.58E-02,2.02E-01,2.82E-01,0,6692,ERODED,1,1,1,1,1,1,1,0,0.00E+00,0.00E+00,0,0,1,0.00E+00,1,1,1,1,1
6696,1.09E-01,2.13E-01,2.83E-01,0,6696,ERODED,1,1,1,1,1,1,1,0,0.00E+00,0.00E+00,0,0,1,0.00E+00,1,1,1,1,1
6699,7.42E-02,2.12E-01,2.45E-01,4,6699,Not eroded,0,0,1,1,1,1,0,-1.34E-07,7.47E-08,8.85E-08,1.77E-07,4.43E-08,0,3.17E-04,1,1,0,0,0
6705,2.95E-01,2.77E-01,2.93E-01,4,6705,Not eroded,0,0,1,1,1,1,1,1.98E-06,3.54E-06,4.54E-07,4.08E-06,1.02E-06,0,7.30E-03,1,1,0,0,0
6712,2.12E-01,7.75E-02,2.82E-01,5,6712,Not eroded,0,0,1,1,1,1,1,-8.62E-07,-1.51E-07,-1.79E-07,8.93E-07,1.79E-07,0,1.60E-03,0,1,0,0,0
6714,2.05E-01,5.61E-02,2.92E-01,4,6714,Not eroded,0,0,1,1,1,1,1,-4.94E-07,-5.34E-07,1.64E-07,7.46E-07,1.86E-07,0,1.33E-03,1,1,0,0,0
6719,5.60E-02,2.09E-01,2.59E-01,0,6719,Not eroded,0,0,1,1,1,1,1,0,0.00E+00,0.00E+00,0,0,1,0.00E+00,1,1,1,1,1
6720,8.49E-02,3.10E-01,2.51E-01,4,6720,Not eroded,0,0,1,1,1,1,1,3.75E-08,6.50E-08,2.42E-07,2.54E-07,6.34E-08,0,4.54E-04,1,1,0,0,0
6721,1.12E-01,1.64E-01,3.24E-01,0,6721,ERODED,1,1,1,1,1,1,1,0,0.00E+00,0.00E+00,0,0,1,0.00E+00,1,1,1,1,1
6722,3.24E-01,1.25E-01,2.88E-01,0,6722,Not eroded,0,0,1,1,1,1,1,0,0.00E+00,0.00E+00,0,0,1,0.00E+00,1,1,1,1,1
6723,5.60E-02,1.64E-01,2.83E-01,4,6723,Not eroded,0,0,1,1,1,1,1,-1.60E-07,1.50E-07,1.12E-07,2.46E-07,6.16E-08,0,4.40E-04,1,1,0,0,0
6726,2.24E-01,1.42E-01,2.95E-01,4,6726,Not eroded,0,0,1,1,1,1,1,-7.29E-07,5.18E-07,2.29E-07,9.23E-07,2.31E-07,0,1.65E-03,1,1,0,0,0
6730,1.73E-01,2.10E-01,2.68E-01,5,6730,Not eroded,0,0,1,1,1,1,1,1.56E-06,7.05E-07,1.89E-06,2.55E-06,5.10E-07,0,4.56E-03,0,1,0,0,0
6737,1.50E-01,6.60E-02,2.57E-01,3,6737,Not eroded,0,0,1,1,1,1,1,1.42E-07,-1.98E-08,1.99E-07,2.45E-07,8.17E-08,1,4.38E-04,1,1,0,0,0
6738,1.55E-01,2.40E-01,3.09E-01,0,6738,ERODED,1,1,1,1,1,1,1,0,0.00E+00,0.00E+00,0,0,1,0.00E+00,1,1,1,1,1
6748,2.94E-01,2.34E-01,2.77E-01,0,6748,ERODED,1,1,1,1,1,1,1,0,0.00E+00,0.00E+00,0,0,1,0.00E+00,1,1,1,1,1
6749,1.77E-01,5.61E-02,3.05E-01,3,6749,Not eroded,0,0,1,1,1,1,1,3.21E-09,-1.17E-06,-2.04E-07,1.19E-06,3.95E-07,1,2.13E-03,1,1,0,0,0
6758,1.73E-01,1.51E-01,2.98E-01,0,6758,ERODED,1,1,1,1,1,1,1,0,0.00E+00,0.00E+00,0,0,1,0.00E+00,1,1,1,1,1
6760,3.09E-01,2.50E-01,3.01E-01,5,6760,Not eroded,0,0,1,1,1,1,1,-5.17E-07,9.18E-07,6.72E-06,6.80E-06,1.36E-06,0,1.22E-02,0,1,0,0,0
6768,1.33E-01,2.55E-01,2.82E-01,4,6768,Not eroded,0,0,1,1,1,1,1,7.49E-07,8.04E-08,7.86E-07,1.09E-06,2.72E-07,0,1.95E-03,1,1,0,0,0
6772,2.40E-01,2.05E-01,2.89E-01,2,6772,Not eroded,0,0,1,1,1,1,1,-1.60E-05,-9.46E-06,-1.57E-06,1.87E-05,9.34E-06,1,3.34E-02,1,1,1,0,0
6773,2.16E-01,1.55E-01,2.87E-01,3,6773,Not eroded,0,0,1,1,1,1,1,-1.88E-06,1.65E-06,3.10E-07,2.52E-06,8.41E-07,1,4.51E-03,1,1,0,0,0
6776,1.11E-01,1.25E-01,2.43E-01,5,6776,Not eroded,0,0,1,1,1,1,0,1.35E-07,2.13E-07,3.70E-08,2.55E-07,5.09E-08,0,4.56E-04,0,1,0,0,0
6778,2.86E-01,2.73E-01,2.92E-01,5,6778,Not eroded,0,0,1,1,1,1,1,8.76E-07,3.64E-06,-2.04E-06,4.26E-06,8.53E-07,0,7.62E-03,0,1,0,0,0
6779,5.81E-02,1.02E-01,3.31E-01,0,6779,ERODED,1,1,1,1,1,1,1,0,0.00E+00,0.00E+00,0,0,1,0.00E+00,1,1,1,1,1
6780,1.43E-01,7.45E-02,2.81E-01,0,6780,Not eroded,0,0,1,1,1,1,1,0,0.00E+00,0.00E+00,0,0,1,0.00E+00,1,1,1,1,1
6790,2.62E-01,2.13E-01,2.66E-01,3,6790,Not eroded,0,0,1,1,1,1,1,1.65E-05,3.11E-05,1.53E-05,3.83E-05,1.28E-05,1,6.85E-02,1,1,0,0,0
6795,7.00E-02,6.27E-02,3.36E-01,0,6795,ERODED,1,1,1,1,1,1,1,0,0.00E+00,0.00E+00,0,0,1,0.00E+00,1,1,1,1,1
6796,1.80E-01,2.11E-01,2.75E-01,5,6796,Not eroded,0,0,1,1,1,1,1,1.56E-06,-3.14E-07,2.26E-06,2.77E-06,5.53E-07,0,4.95E-03,0,1,0,0,0
6799,2.01E-01,2.51E-01,2.42E-01,3,6799,Not eroded,0,0,1,1,1,1,0,-1.45E-07,4.65E-07,-3.58E-07,6.05E-07,2.02E-07,1,1.08E-03,1,1,0,0,0
6804,3.24E-01,2.55E-01,2.56E-01,3,6804,Not eroded,0,0,1,1,1,1,1,1.15E-06,-2.60E-06,5.83E-07,2.90E-06,9.66E-07,1,5.19E-03,1,1,0,0,0
6807,2.29E-01,2.36E-01,2.77E-01,5,6807,Not eroded,0,0,1,1,1,1,1,1.63E-06,5.05E-06,5.74E-07,5.34E-06,1.07E-06,0,9.55E-03,0,1,0,0,0
6813,1.13E-01,2.12E-01,2.74E-01,0,6813,ERODED,1,1,1,1,1,1,1,0,0.00E+00,0.00E+00,0,0,1,0.00E+00,1,1,1,1,1
6814,2.69E-01,2.11E-01,2.95E-01,3,6814,Not eroded,0,0,1,1,1,1,1,0.000165557,-2.41E-05,-1.62E-04,0.000232591,7.75E-05,1,4.16E-01,1,1,0,0,0
6815,2.71E-01,1.38E-01,2.76E-01,0,6815,Not eroded,0,0,1,1,1,1,1,0,0.00E+00,0.00E+00,0,0,1,0.00E+00,1,1,1,1,1
6817,2.94E-01,2.91E-01,2.69E-01,0,6817,Not eroded,0,0,1,1,1,1,1,0,0.00E+00,0.00E+00,0,0,1,0.00E+00,1,1,1,1,1
6820,3.15E-01,1.12E-01,3.05E-01,0,6820,ERODED,1,1,1,1,1,1,1,0,0.00E+00,0.00E+00,0,0,1,0.00E+00,1,1,1,1,1
6824,7.27E-02,8.68E-02,2.59E-01,5,6824,Not eroded,0,0,1,1,1,1,1,2.02E-07,8.55E-08,1.98E-07,2.96E-07,5.92E-08,0,5.29E-04,0,1,0,0,0
6828,2.95E-01,2.17E-01,2.82E-01,3,6828,ERODED,1,1,1,1,1,1,1,0.000262074,2.44E-04,3.10E-04,0.000473611,0.00015787,1,8.47E-01,1,1,0,0,0
6831,1.68E-01,6.09E-02,2.85E-01,5,6831,Not eroded,0,0,1,1,1,1,1,1.97E-07,3.03E-07,2.14E-08,3.62E-07,7.24E-08,0,6.48E-04,0,1,0,0,0
6837,2.98E-01,1.31E-01,2.61E-01,2,6837,Not eroded,0,0,1,1,1,1,1,2.29E-07,2.49E-06,7.53E-07,2.61E-06,1.31E-06,1,4.67E-03,1,1,1,0,0
6842,2.26E-01,5.61E-02,2.71E-01,2,6842,Not eroded,0,0,1,1,1,1,1,-2.41E-08,-5.59E-07,4.38E-07,7.11E-07,3.55E-07,1,1.27E-03,1,1,1,0,0
6846,1.09E-01,1.71E-01,2.68E-01,0,6846,ERODED,1,1,1,1,1,1,1,0,0.00E+00,0.00E+00,0,0,1,0.00E+00,1,1,1,1,1
6847,9.81E-02,6.63E-02,2.86E-01,5,6847,Not eroded,0,0,1,1,1,1,1,3.42E-07,2.55E-07,9.29E-08,4.37E-07,8.74E-08,0,7.82E-04,0,1,0,0,0
6850,2.68E-01,2.21E-01,2.48E-01,3,6850,Not eroded,0,0,1,1,1,1,0,8.66E-06,-5.80E-06,-6.52E-06,1.23E-05,4.10E-06,1,2.20E-02,1,1,0,0,0
6851,3.24E-01,1.37E-01,2.45E-01,0,6851,Not eroded,0,0,1,1,1,1,0,0,0.00E+00,0.00E+00,0,0,1,0.00E+00,1,1,1,1,1
6860,2.37E-01,1.84E-01,2.51E-01,3,6860,Not eroded,0,0,1,1,1,1,1,-1.11E-06,5.90E-07,-7.67E-07,1.48E-06,4.92E-07,1,2.65E-03,1,1,0,0,0
6865,3.23E-01,1.06E-01,2.89E-01,0,6865,ERODED,1,1,1,1,1,1,1,0,0.00E+00,0.00E+00,0,0,1,0.00E+00,1,1,1,1,1
6870,9.37E-02,2.15E-01,3.05E-01,0,6870,ERODED,1,1,1,1,1,1,1,0,0.00E+00,0.00E+00,0,0,1,0.00E+00,1,1,1,1,1
6873,8.36E-02,2.79E-01,2.83E-01,0,6873,ERODED,1,1,1,1,1,1,1,0,0.00E+00,0.00E+00,0,0,1,0.00E+00,1,1,1,1,1
6874,2.39E-01,1.27E-01,2.74E-01,4,6874,ERODED,1,1,1,1,1,1,1,-2.22E-07,3.67E-06,1.35E-06,3.91E-06,9.78E-07,0,6.99E-03,1,1,0,0,0
6884,3.19E-01,1.33E-01,2.52E-01,0,6884,Not eroded,0,0,1,1,1,1,1,0,0.00E+00,0.00E+00,0,0,1,0.00E+00,1,1,1,1,1
6894,7.54E-02,1.99E-01,2.80E-01,0,6894,ERODED,1,1,1,1,1,1,1,0,0.00E+00,0.00E+00,0,0,1,0.00E+00,1,1,1,1,1
6901,2.12E-01,2.27E-01,3.27E-01,0,6901,ERODED,1,1,1,1,1,1,1,0,0.00E+00,0.00E+00,0,0,1,0.00E+00,1,1,1,1,1
6907,2.85E-01,1.83E-01,2.66E-01,2,6907,Not eroded,0,0,1,1,1,1,1,7.93E-06,-7.94E-06,-9.40E-06,1.46E-05,7.32E-06,1,2.61E-02,1,1,1,0,0
6910,2.59E-01,1.45E-01,2.43E-01,0,6910,Not eroded,0,0,1,1,1,1,0,0,0.00E+00,0.00E+00,0,0,1,0.00E+00,1,1,1,1,1
6914,2.61E-01,3.12E-01,2.86E-01,0,6914,Not eroded,0,0,1,1,1,1,1,0,0.00E+00,0.00E+00,0,0,1,0.00E+00,1,1,1,1,1
6915,1.98E-01,9.98E-02,2.83E-01,4,6915,Not eroded,0,0,1,1,1,1,1,1.03E-06,1.98E-06,-1.51E-07,2.24E-06,5.59E-07,0,4.01E-03,1,1,0,0,0
6917,1.88E-01,2.17E-01,2.76E-01,5,6917,Not eroded,0,0,1,1,1,1,1,-2.83E-06,-3.32E-06,-3.51E-07,4.38E-06,8.75E-07,0,7.83E-03,0,1,0,0,0
6927,1.94E-01,9.07E-02,2.82E-01,3,6927,Not eroded,0,0,1,1,1,1,1,-1.67E-07,-3.64E-07,1.75E-07,4.37E-07,1.46E-07,1,7.82E-04,1,1,0,0,0
6934,1.03E-01,1.91E-01,3.19E-01,0,6934,ERODED,1,1,1,1,1,1,1,0,0.00E+00,0.00E+00,0,0,1,0.00E+00,1,1,1,1,1
6941,1.33E-01,2.88E-01,2.85E-01,0,6941,Not eroded,0,0,1,1,1,1,1,0,0.00E+00,0.00E+00,0,0,1,0.00E+00,1,1,1,1,1
6944,1.94E-01,9.14E-02,2.52E-01,0,6944,Not eroded,0,0,1,1,1,1,1,0,0.00E+00,0.00E+00,0,0,1,0.00E+00,1,1,1,1,1
6946,2.08E-01,9.03E-02,3.28E-01,0,6946,ERODED,1,1,1,1,1,1,1,0,0.00E+00,0.00E+00,0,0,1,0.00E+00,1,1,1,1,1
6949,1.24E-01,2.87E-01,2.68E-01,0,6949,Not eroded,0,0,1,1,1,1,1,0,0.00E+00,0.00E+00,0,0,1,0.00E+00,1,1,1,1,1
6951,1.89E-01,3.25E-01,3.11E-01,3,6951,Not eroded,0,0,1,1,1,1,1,2.28E-08,-7.73E-07,3.99E-07,8.71E-07,2.90E-07,1,1.56E-03,1,1,0,0,0
6952,1.14E-01,2.00E-01,2.79E-01,0,6952,ERODED,1,1,1,1,1,1,1,0,0.00E+00,0.00E+00,0,0,1,0.00E+00,1,1,1,1,1
6959,6.83E-02,2.46E-01,3.15E-01,0,6959,ERODED,1,1,1,1,1,1,1,0,0.00E+00,0.00E+00,0,0,1,0.00E+00,1,1,1,1,1
6970,1.49E-01,1.72E-01,3.16E-01,0,6970,ERODED,1,1,1,1,1,1,1,0,0.00E+00,0.00E+00,0,0,1,0.00E+00,1,1,1,1,1
6977,2.85E-01,3.05E-01,2.78E-01,3,6977,Not eroded,0,0,1,1,1,1,1,-6.99E-07,9.56E-07,-4.65E-07,1.27E-06,4.24E-07,1,2.27E-03,1,1,0,0,0
6979,2.59E-01,2.77E-01,3.24E-01,0,6979,ERODED,1,1,1,1,1,1,1,0,0.00E+00,0.00E+00,0,0,1,0.00E+00,1,1,1,1,1
6980,1.54E-01,2.77E-01,2.66E-01,0,6980,Not eroded,0,0,1,1,1,1,1,0,0.00E+00,0.00E+00,0,0,1,0.00E+00,1,1,1,1,1
6982,1.80E-01,6.47E-02,2.73E-01,5,6982,Not eroded,0,0,1,1,1,1,1,-1.38E-08,-6.69E-08,7.48E-08,1.01E-07,2.03E-08,0,1.81E-04,0,1,0,0,0
6987,2.29E-01,2.53E-01,2.82E-01,4,6987,Not eroded,0,0,1,1,1,1,1,-4.95E-06,5.28E-07,6.95E-06,8.55E-06,2.14E-06,0,1.53E-02,1,1,0,0,0
6988,2.83E-01,1.69E-01,2.53E-01,0,6988,Not eroded,0,0,1,1,1,1,1,0,0.00E+00,0.00E+00,0,0,1,0.00E+00,1,1,1,1,1
6993,6.39E-02,7.46E-02,2.66E-01,5,6993,Not eroded,0,0,1,1,1,1,1,-3.04E-09,1.15E-07,2.63E-07,2.87E-07,5.74E-08,0,5.13E-04,0,1,0,0,0
6997,5.60E-02,1.22E-01,2.76E-01,3,6997,Not eroded,0,0,1,1,1,1,1,-1.40E-07,-8.59E-08,2.90E-07,3.33E-07,1.11E-07,1,5.96E-04,1,1,0,0,0
6999,7.60E-02,7.09E-02,2.48E-01,5,6999,Not eroded,0,0,1,1,1,1,0,1.55E-07,-1.16E-09,1.78E-07,2.36E-07,4.72E-08,0,4.22E-04,0,1,0,0,0
7007,2.62E-01,2.78E-01,3.09E-01,0,7007,ERODED,1,1,1,1,1,1,1,0,0.00E+00,0.00E+00,0,0,1,0.00E+00,1,1,1,1,1
7010,1.83E-01,2.03E-01,3.18E-01,0,7010,ERODED,1,1,1,1,1,1,1,0,0.00E+00,0.00E+00,0,0,1,0.00E+00,1,1,1,1,1
7011,7.22E-02,2.89E-01,2.56E-01,4,7011,Not eroded,0,0,1,1,1,1,1,-2.66E-08,1.68E-07,1.19E-08,1.71E-07,4.27E-08,0,3.06E-04,1,1,0,0,0
7018,1.78E-01,3.25E-01,2.65E-01,4,7018,Not eroded,0,0,1,1,1,1,1,2.29E-07,-6.93E-07,1.81E-07,7.52E-07,1.88E-07,0,1.35E-03,1,1,0,0,0
7019,2.61E-01,2.11E-01,2.76E-01,2,7019,Not eroded,0,0,1,1,1,1,1,-1.79E-06,-1.15E-05,-2.99E-06,1.20E-05,6.00E-06,1,2.15E-02,1,1,1,0,0
7029,1.96E-01,2.59E-01,3.23E-01,0,7029,Not eroded,0,0,1,1,1,1,1,0,0.00E+00,0.00E+00,0,0,1,0.00E+00,1,1,1,1,1
7030,1.71E-01,3.10E-01,2.76E-01,4,7030,Not eroded,0,0,1,1,1,1,1,2.39E-07,5.90E-07,-3.24E-07,7.15E-07,1.79E-07,0,1.28E-03,1,1,0,0,0
7031,2.60E-01,3.22E-01,2.89E-01,0,7031,ERODED,1,1,1,1,1,1,1,0,0.00E+00,0.00E+00,0,0,1,0.00E+00,1,1,1,1,1
7033,3.17E-01,1.25E-01,2.42E-01,0,7033,Not eroded,0,0,1,1,1,1,0,0,0.00E+00,0.00E+00,0,0,1,0.00E+00,1,1,1,1,1
7035,8.11E-02,5.60E-02,2.67E-01,6,7035,Not eroded,0,0,1,1,1,1,1,2.71E-07,-9.32E-07,1.99E-07,9.90E-07,1.65E-07,0,1.77E-03,0,0,0,0,0
7043,2.84E-01,3.19E-01,3.06E-01,0,7043,ERODED,1,1,1,1,1,1,1,0,0.00E+00,0.00E+00,0,0,1,0.00E+00,1,1,1,1,1
7045,2.41E-01,1.89E-01,2.61E-01,4,7045,Not eroded,0,0,1,1,1,1,1,-1.23E-06,1.81E-06,-1.06E-06,2.43E-06,6.08E-07,0,4.35E-03,1,1,0,0,0
7051,1.67E-01,3.25E-01,2.72E-01,4,7051,Not eroded,0,0,1,1,1,1,1,1.94E-07,-7.15E-07,2.32E-07,7.76E-07,1.94E-07,0,1.39E-03,1,1,0,0,0
7054,1.57E-01,2.16E-01,2.89E-01,5,7054,Not eroded,0,0,1,1,1,1,1,5.92E-07,-4.99E-07,-6.13E-08,7.77E-07,1.55E-07,0,1.39E-03,0,1,0,0,0
7057,1.87E-01,8.91E-02,2.75E-01,4,7057,Not eroded,0,0,1,1,1,1,1,-6.55E-07,2.68E-06,5.58E-07,2.81E-06,7.04E-07,0,5.03E-03,1,1,0,0,0
7058,1.08E-01,6.47E-02,2.83E-01,3,7058,Not eroded,0,0,1,1,1,1,1,4.87E-07,1.57E-07,5.75E-08,5.15E-07,1.72E-07,1,9.21E-04,1,1,0,0,0
7070,5.61E-02,2.77E-01,2.82E-01,0,7070,ERODED,1,1,1,1,1,1,1,0,0.00E+00,0.00E+00,0,0,1,0.00E+00,1,1,1,1,1
7076,2.01E-01,2.09E-01,3.00E-01,0,7076,ERODED,1,1,1,1,1,1,1,0,0.00E+00,0.00E+00,0,0,1,0.00E+00,1,1,1,1,1
7080,1.35E-01,2.04E-01,2.86E-01,0,7080,Not eroded,0,0,1,1,1,1,1,0,0.00E+00,0.00E+00,0,0,1,0.00E+00,1,1,1,1,1
7082,2.77E-01,1.34E-01,3.05E-01,0,7082,Not eroded,0,0,1,1,1,1,1,0,0.00E+00,0.00E+00,0,0,1,0.00E+00,1,1,1,1,1
7093,2.14E-01,8.73E-02,3.18E-01,0,7093,ERODED,1,1,1,1,1,1,1,0,0.00E+00,0.00E+00,0,0,1,0.00E+00,1,1,1,1,1
7097,2.97E-01,1.48E-01,2.50E-01,0,7097,Not eroded,0,0,1,1,1,1,0,0,0.00E+00,0.00E+00,0,0,1,0.00E+00,1,1,1,1,1
7117,1.54E-01,1.78E-01,3.04E-01,0,7117,Not eroded,0,0,1,1,1,1,1,0,0.00E+00,0.00E+00,0,0,1,0.00E+00,1,1,1,1,1
7122,1.06E-01,2.10E-01,3.17E-01,0,7122,ERODED,1,1,1,1,1,1,1,0,0.00E+00,0.00E+00,0,0,1,0.00E+00,1,1,1,1,1
7125,2.67E-01,2.09E-01,2.86E-01,4,7125,Not eroded,0,0,1,1,1,1,1,0.000166863,-2.96E-05,-4.48E-06,0.000169531,4.24E-05,0,3.03E-01,1,1,0,0,0
7126,5.63E-02,2.91E-01,3.10E-01,0,7126,ERODED,1,1,1,1,1,1,1,0,0.00E+00,0.00E+00,0,0,1,0.00E+00,1,1,1,1,1
7133,1.93E-01,3.06E-01,2.62E-01,4,7133,Not eroded,0,0,1,1,1,1,1,3.90E-07,6.56E-07,-3.75E-08,7.64E-07,1.91E-07,0,1.37E-03,1,1,0,0,0
7136,3.00E-01,6.22E-02,2.96E-01,0,7136,ERODED,1,1,1,1,1,1,1,0,0.00E+00,0.00E+00,0,0,1,0.00E+00,1,1,1,1,1
7142,1.40E-01,1.47E-01,2.77E-01,3,7142,Not eroded,0,0,1,1,1,1,1,-4.85E-07,7.48E-07,1.02E-06,1.35E-06,4.51E-07,1,2.41E-03,1,1,0,0,0
7147,3.23E-01,1.22E-01,2.78E-01,0,7147,Not eroded,0,0,1,1,1,1,1,0,0.00E+00,0.00E+00,0,0,1,0.00E+00,1,1,1,1,1
7150,2.86E-01,2.77E-01,2.54E-01,3,7150,Not eroded,0,0,1,1,1,1,1,-2.68E-06,-1.04E-06,-3.82E-07,2.90E-06,9.67E-07,1,5.19E-03,1,1,0,0,0
7157,1.20E-01,1.54E-01,3.18E-01,0,7157,ERODED,1,1,1,1,1,1,1,0,0.00E+00,0.00E+00,0,0,1,0.00E+00,1,1,1,1,1
7158,3.24E-01,2.62E-01,2.97E-01,0,7158,Not eroded,0,0,1,1,1,1,1,0,0.00E+00,0.00E+00,0,0,1,0.00E+00,1,1,1,1,1
7161,2.06E-01,1.92E-01,3.28E-01,0,7161,ERODED,1,1,1,1,1,1,1,0,0.00E+00,0.00E+00,0,0,1,0.00E+00,1,1,1,1,1
7163,2.67E-01,2.63E-01,2.89E-01,4,7163,Not eroded,0,0,1,1,1,1,1,-1.30E-06,-5.71E-06,7.00E-06,9.13E-06,2.28E-06,0,1.63E-02,1,1,0,0,0
7164,2.61E-01,9.77E-02,2.86E-01,0,7164,ERODED,1,1,1,1,1,1,1,0,0.00E+00,0.00E+00,0,0,1,0.00E+00,1,1,1,1,1
7166,8.33E-02,6.16E-02,2.82E-01,7,7166,Not eroded,0,0,1,1,1,1,1,2.55E-07,-1.84E-09,7.90E-08,2.67E-07,3.81E-08,0,4.78E-04,0,0,0,0,0
7167,2.51E-01,2.07E-01,2.82E-01,4,7167,Not eroded,0,0,1,1,1,1,1,-6.30E-06,-3.42E-06,-1.66E-07,7.17E-06,1.79E-06,0,1.28E-02,1,1,0,0,0
7170,3.24E-01,2.54E-01,3.04E-01,3,7170,Not eroded,0,0,1,1,1,1,1,1.71E-06,3.13E-06,-7.95E-06,8.71E-06,2.90E-06,1,1.56E-02,1,1,0,0,0
7171,2.02E-01,8.10E-02,2.84E-01,5,7171,Not eroded,0,0,1,1,1,1,1,-3.44E-07,1.43E-06,-2.42E-07,1.49E-06,2.98E-07,0,2.67E-03,0,1,0,0,0
7172,1.82E-01,3.25E-01,2.46E-01,3,7172,Not eroded,0,0,1,1,1,1,0,-1.65E-08,-4.84E-07,1.44E-07,5.05E-07,1.68E-07,1,9.03E-04,1,1,0,0,0
7174,1.88E-01,2.31E-01,2.89E-01,3,7174,Not eroded,0,0,1,1,1,1,1,1.13E-06,7.20E-07,7.82E-07,1.55E-06,5.16E-07,1,2.77E-03,1,1,0,0,0
7176,1.97E-01,1.70E-01,2.98E-01,3,7176,Not eroded,0,0,1,1,1,1,1,1.79E-06,-4.10E-07,-2.89E-07,1.86E-06,6.20E-07,1,3.33E-03,1,1,0,0,0
7180,2.77E-01,9.54E-02,3.15E-01,0,7180,ERODED,1,1,1,1,1,1,1,0,0.00E+00,0.00E+00,0,0,1,0.00E+00,1,1,1,1,1
7191,1.89E-01,1.33E-01,3.04E-01,0,7191,ERODED,1,1,1,1,1,1,1,0,0.00E+00,0.00E+00,0,0,1,0.00E+00,1,1,1,1,1
7198,7.71E-02,3.08E-01,2.56E-01,4,7198,Not eroded,0,0,1,1,1,1,1,-9.50E-08,1.42E-07,3.34E-08,1.74E-07,4.36E-08,0,3.11E-04,1,1,0,0,0
7200,3.18E-01,1.03E-01,3.05E-01,0,7200,ERODED,1,1,1,1,1,1,1,0,0.00E+00,0.00E+00,0,0,1,0.00E+00,1,1,1,1,1
7202,2.35E-01,6.48E-02,2.61E-01,3,7202,Not eroded,0,0,1,1,1,1,1,1.00E-07,5.76E-08,8.16E-08,1.41E-07,4.71E-08,1,2.52E-04,1,1,0,0,0
7204,6.71E-02,1.04E-01,2.46E-01,4,7204,Not eroded,0,0,1,1,1,1,0,8.71E-09,-2.18E-08,2.07E-07,2.08E-07,5.20E-08,0,3.72E-04,1,1,0,0,0
7208,2.70E-01,2.19E-01,3.07E-01,5,7208,Not eroded,0,0,1,1,1,1,1,2.86E-05,1.01E-05,-5.29E-05,6.10E-05,1.22E-05,0,1.09E-01,0,1,0,0,0
7212,1.98E-01,1.15E-01,2.56E-01,0,7212,Not eroded,0,0,1,1,1,1,1,0,0.00E+00,0.00E+00,0,0,1,0.00E+00,1,1,1,1,1
7213,8.25E-02,2.69E-01,2.98E-01,0,7213,ERODED,1,1,1,1,1,1,1,0,0.00E+00,0.00E+00,0,0,1,0.00E+00,1,1,1,1,1
7214,1.72E-01,3.24E-01,2.80E-01,3,7214,Not eroded,0,0,1,1,1,1,1,1.95E-07,1.99E-08,3.10E-07,3.67E-07,1.22E-07,1,6.56E-04,1,1,0,0,0
7223,2.16E-01,2.45E-01,2.80E-01,6,7223,Not eroded,0,0,1,1,1,1,1,-2.01E-06,1.08E-06,-9.94E-07,2.49E-06,4.15E-07,0,4.45E-03,0,0,0,0,0
7237,2.29E-01,5.99E-02,3.16E-01,0,7237,ERODED,1,1,1,1,1,1,1,0,0.00E+00,0.00E+00,0,0,1,0.00E+00,1,1,1,1,1
7239,8.99E-02,1.76E-01,2.83E-01,0,7239,ERODED,1,1,1,1,1,1,1,0,0.00E+00,0.00E+00,0,0,1,0.00E+00,1,1,1,1,1
7243,1.67E-01,5.61E-02,2.64E-01,2,7243,Not eroded,0,0,1,1,1,1,1,2.18E-08,-9.87E-07,-2.35E-07,1.01E-06,5.07E-07,1,1.81E-03,1,1,1,0,0
7247,2.18E-01,2.37E-01,2.87E-01,4,7247,Not eroded,0,0,1,1,1,1,1,6.81E-06,1.13E-06,1.01E-07,6.91E-06,1.73E-06,0,1.24E-02,1,1,0,0,0
7248,2.36E-01,1.63E-01,2.82E-01,4,7248,Not eroded,0,0,1,1,1,1,1,-4.55E-07,4.90E-06,3.08E-07,4.93E-06,1.23E-06,0,8.82E-03,1,1,0,0,0
7249,3.14E-01,2.78E-01,2.91E-01,5,7249,Not eroded,0,0,1,1,1,1,1,-1.23E-07,1.76E-06,9.27E-07,1.99E-06,3.99E-07,0,3.56E-03,0,1,0,0,0
7250,6.36E-02,2.01E-01,2.45E-01,4,7250,Not eroded,0,0,1,1,1,1,0,1.97E-07,3.66E-07,3.00E-07,5.12E-07,1.28E-07,0,9.16E-04,1,1,0,0,0
7251,6.40E-02,9.09E-02,3.00E-01,3,7251,Not eroded,0,0,1,1,1,1,1,-5.33E-08,2.29E-07,-1.20E-07,2.64E-07,8.81E-08,1,4.72E-04,1,1,0,0,0
7255,2.87E-01,1.34E-01,3.08E-01,0,7255,Not eroded,0,0,1,1,1,1,1,0,0.00E+00,0.00E+00,0,0,1,0.00E+00,1,1,1,1,1
7258,1.29E-01,5.61E-02,2.76E-01,3,7258,Not eroded,0,0,1,1,1,1,1,2.26E-07,-9.79E-07,2.81E-07,1.04E-06,3.48E-07,1,1.86E-03,1,1,0,0,0
7259,2.80E-01,1.34E-01,2.65E-01,0,7259,Not eroded,0,0,1,1,1,1,1,0,0.00E+00,0.00E+00,0,0,1,0.00E+00,1,1,1,1,1
7265,2.32E-01,1.45E-01,2.85E-01,6,7265,Not eroded,0,0,1,1,1,1,1,2.02E-06,-2.67E-07,-1.25E-06,2.39E-06,3.99E-07,0,4.28E-03,0,0,0,0,0
7267,2.62E-01,9.42E-02,2.44E-01,0,7267,Not eroded,0,0,1,1,1,1,0,0,0.00E+00,0.00E+00,0,0,1,0.00E+00,1,1,1,1,1
7269,5.60E-02,1.08E-01,3.03E-01,0,7269,ERODED,1,1,1,1,1,1,1,0,0.00E+00,0.00E+00,0,0,1,0.00E+00,1,1,1,1,1
7274,8.93E-02,3.25E-01,2.42E-01,3,7274,Not eroded,0,0,1,1,1,1,0,-4.09E-07,-4.39E-07,2.13E-07,6.37E-07,2.12E-07,1,1.14E-03,1,1,0,0,0
7295,8.19E-02,7.51E-02,2.42E-01,7,7295,Not eroded,0,0,1,1,1,1,0,1.21E-07,1.61E-07,5.65E-08,2.09E-07,2.99E-08,0,3.74E-04,0,0,0,0,0
7300,5.60E-02,8.49E-02,2.74E-01,0,7300,Not eroded,0,0,1,1,1,1,1,0,0.00E+00,0.00E+00,0,0,1,0.00E+00,1,1,1,1,1
7301,6.01E-02,3.22E-01,3.22E-01,0,7301,ERODED,1,1,1,1,1,1,1,0,0.00E+00,0.00E+00,0,0,1,0.00E+00,1,1,1,1,1
7310,2.12E-01,1.64E-01,2.90E-01,4,7310,Not eroded,0,0,1,1,1,1,1,1.44E-06,3.16E-06,5.14E-06,6.20E-06,1.55E-06,0,1.11E-02,1,1,0,0,0
7315,3.21E-01,5.70E-02,2.81E-01,0,7315,ERODED,1,1,1,1,1,1,1,0,0.00E+00,0.00E+00,0,0,1,0.00E+00,1,1,1,1,1
7320,2.54E-01,2.73E-01,3.05E-01,4,7320,Not eroded,0,0,1,1,1,1,1,6.78E-07,6.42E-06,4.84E-07,6.48E-06,1.62E-06,0,1.16E-02,1,1,0,0,0
7322,7.48E-02,1.19E-01,2.73E-01,4,7322,Not eroded,0,0,1,1,1,1,1,-2.66E-07,8.42E-08,-4.32E-08,2.83E-07,7.06E-08,0,5.06E-04,1,1,0,0,0
7325,5.60E-02,7.12E-02,2.61E-01,4,7325,Not eroded,0,0,1,1,1,1,1,-1.68E-07,2.32E-08,-3.53E-08,1.73E-07,4.33E-08,0,3.09E-04,1,1,0,0,0
7329,9.66E-02,1.28E-01,2.86E-01,0,7329,ERODED,1,1,1,1,1,1,1,0,0.00E+00,0.00E+00,0,0,1,0.00E+00,1,1,1,1,1
7331,2.31E-01,1.43E-01,3.04E-01,0,7331,Not eroded,0,0,1,1,1,1,1,0,0.00E+00,0.00E+00,0,0,1,0.00E+00,1,1,1,1,1
7334,3.24E-01,2.93E-01,2.87E-01,3,7334,Not eroded,0,0,1,1,1,1,1,1.16E-06,8.77E-07,-4.51E-08,1.45E-06,4.84E-07,1,2.59E-03,1,1,0,0,0
7343,2.51E-01,1.90E-01,3.18E-01,3,7343,Not eroded,0,0,1,1,1,1,1,-3.31E-07,-1.16E-06,3.03E-07,1.25E-06,4.16E-07,1,2.24E-03,1,1,0,0,0
7347,2.89E-01,2.15E-01,2.49E-01,5,7347,Not eroded,0,0,1,1,1,1,0,7.00E-06,1.21E-06,1.81E-05,1.94E-05,3.88E-06,0,3.47E-02,0,1,0,0,0
7354,7.41E-02,2.03E-01,2.70E-01,0,7354,ERODED,1,1,1,1,1,1,1,0,0.00E+00,0.00E+00,0,0,1,0.00E+00,1,1,1,1,1
7356,1.71E-01,2.17E-01,2.62E-01,5,7356,Not eroded,0,0,1,1,1,1,1,1.20E-06,1.98E-06,1.87E-06,2.98E-06,5.96E-07,0,5.33E-03,0,1,0,0,0
7362,2.52E-01,1.04E-01,2.88E-01,0,7362,ERODED,1,1,1,1,1,1,1,0,0.00E+00,0.00E+00,0,0,1,0.00E+00,1,1,1,1,1
7365,1.58E-01,7.76E-02,2.45E-01,5,7365,Not eroded,0,0,1,1,1,1,0,5.00E-07,-1.56E-07,1.85E-07,5.55E-07,1.11E-07,0,9.93E-04,0,1,0,0,0
7367,1.95E-01,2.12E-01,2.65E-01,5,7367,Not eroded,0,0,1,1,1,1,1,4.60E-06,-5.09E-07,3.28E-06,5.67E-06,1.13E-06,0,1.01E-02,0,1,0,0,0
7368,2.65E-01,2.18E-01,2.82E-01,3,7368,Not eroded,0,0,1,1,1,1,1,-3.67E-05,-1.01E-04,3.61E-06,0.000107071,3.57E-05,1,1.92E-01,1,1,0,0,0
7369,2.77E-01,2.72E-01,3.23E-01,0,7369,ERODED,1,1,1,1,1,1,1,0,0.00E+00,0.00E+00,0,0,1,0.00E+00,1,1,1,1,1
7372,6.87E-02,2.57E-01,2.88E-01,0,7372,ERODED,1,1,1,1,1,1,1,0,0.00E+00,0.00E+00,0,0,1,0.00E+00,1,1,1,1,1
7378,2.54E-01,2.91E-01,2.94E-01,0,7378,Not eroded,0,0,1,1,1,1,1,0,0.00E+00,0.00E+00,0,0,1,0.00E+00,1,1,1,1,1
7381,1.01E-01,3.02E-01,2.90E-01,0,7381,ERODED,1,1,1,1,1,1,1,0,0.00E+00,0.00E+00,0,0,1,0.00E+00,1,1,1,1,1
7383,1.94E-01,2.13E-01,3.06E-01,0,7383,ERODED,1,1,1,1,1,1,1,0,0.00E+00,0.00E+00,0,0,1,0.00E+00,1,1,1,1,1
7396,2.07E-01,1.84E-01,2.56E-01,4,7396,Not eroded,0,0,1,1,1,1,1,-5.76E-07,-2.62E-07,-1.76E-06,1.87E-06,4.68E-07,0,3.34E-03,1,1,0,0,0
7399,2.38E-01,1.43E-01,3.32E-01,0,7399,ERODED,1,1,1,1,1,1,1,0,0.00E+00,0.00E+00,0,0,1,0.00E+00,1,1,1,1,1
7403,2.17E-01,3.25E-01,2.64E-01,4,7403,Not eroded,0,0,1,1,1,1,1,-1.46E-07,-4.67E-07,-2.78E-07,5.63E-07,1.41E-07,0,1.01E-03,1,1,0,0,0
7407,3.24E-01,3.12E-01,2.58E-01,0,7407,Not eroded,0,0,1,1,1,1,1,0,0.00E+00,0.00E+00,0,0,1,0.00E+00,1,1,1,1,1
7409,1.50E-01,3.24E-01,3.25E-01,0,7409,ERODED,1,1,1,1,1,1,1,0,0.00E+00,0.00E+00,0,0,1,0.00E+00,1,1,1,1,1
7415,5.76E-02,2.12E-01,3.21E-01,0,7415,ERODED,1,1,1,1,1,1,1,0,0.00E+00,0.00E+00,0,0,1,0.00E+00,1,1,1,1,1
7425,2.56E-01,2.01E-01,3.23E-01,3,7425,ERODED,1,1,1,1,1,1,1,2.34E-05,9.93E-06,-2.31E-05,3.44E-05,1.15E-05,1,6.15E-02,1,1,0,0,0
7430,6.17E-02,5.65E-02,3.10E-01,4,7430,Not eroded,0,0,1,1,1,1,1,-2.17E-07,1.61E-07,7.74E-08,2.81E-07,7.03E-08,0,5.03E-04,1,1,0,0,0
7437,2.43E-01,2.86E-01,3.27E-01,0,7437,ERODED,1,1,1,1,1,1,1,0,0.00E+00,0.00E+00,0,0,1,0.00E+00,1,1,1,1,1
7439,2.92E-01,6.22E-02,3.25E-01,0,7439,ERODED,1,1,1,1,1,1,1,0,0.00E+00,0.00E+00,0,0,1,0.00E+00,1,1,1,1,1
7440,3.06E-01,1.97E-01,2.50E-01,5,7440,Not eroded,0,0,1,1,1,1,0,-5.65E-06,-1.14E-05,-1.12E-05,1.70E-05,3.40E-06,0,3.04E-02,0,1,0,0,0
7441,5.61E-02,2.62E-01,2.69E-01,0,7441,ERODED,1,1,1,1,1,1,1,0,0.00E+00,0.00E+00,0,0,1,0.00E+00,1,1,1,1,1
7442,5.60E-02,8.72E-02,2.85E-01,5,7442,Not eroded,0,0,1,1,1,1,1,-1.96E-07,1.22E-07,9.57E-08,2.50E-07,5.00E-08,0,4.47E-04,0,1,0,0,0
7443,2.78E-01,2.28E-01,3.17E-01,0,7443,ERODED,1,1,1,1,1,1,1,0,0.00E+00,0.00E+00,0,0,1,0.00E+00,1,1,1,1,1
7452,2.48E-01,1.17E-01,2.88E-01,0,7452,ERODED,1,1,1,1,1,1,1,0,0.00E+00,0.00E+00,0,0,1,0.00E+00,1,1,1,1,1
7453,1.08E-01,5.61E-02,2.57E-01,3,7453,Not eroded,0,0,1,1,1,1,1,5.63E-07,-7.75E-07,1.12E-07,9.64E-07,3.21E-07,1,1.72E-03,1,1,0,0,0
7470,2.83E-01,2.73E-01,2.71E-01,3,7470,Not eroded,0,0,1,1,1,1,1,2.35E-07,4.88E-06,1.84E-06,5.22E-06,1.74E-06,1,9.34E-03,1,1,0,0,0
7473,1.95E-01,1.24E-01,2.56E-01,0,7473,Not eroded,0,0,1,1,1,1,1,0,0.00E+00,0.00E+00,0,0,1,0.00E+00,1,1,1,1,1
7479,2.39E-01,9.81E-02,3.30E-01,0,7479,ERODED,1,1,1,1,1,1,1,0,0.00E+00,0.00E+00,0,0,1,0.00E+00,1,1,1,1,1
7483,2.91E-01,1.68E-01,2.82E-01,0,7483,Not eroded,0,0,1,1,1,1,1,0,0.00E+00,0.00E+00,0,0,1,0.00E+00,1,1,1,1,1
7487,1.07E-01,1.85E-01,2.85E-01,0,7487,ERODED,1,1,1,1,1,1,1,0,0.00E+00,0.00E+00,0,0,1,0.00E+00,1,1,1,1,1
7491,2.29E-01,2.29E-01,2.43E-01,3,7491,Not eroded,0,0,1,1,1,1,0,-2.49E-06,1.77E-06,-8.70E-07,3.18E-06,1.06E-06,1,5.69E-03,1,1,0,0,0
7496,1.42E-01,3.24E-01,2.98E-01,0,7496,Not eroded,0,0,1,1,1,1,1,0,0.00E+00,0.00E+00,0,0,1,0.00E+00,1,1,1,1,1
7498,3.14E-01,1.46E-01,2.42E-01,0,7498,Not eroded,0,0,1,1,1,1,0,0,0.00E+00,0.00E+00,0,0,1,0.00E+00,1,1,1,1,1
7501,1.13E-01,1.11E-01,3.17E-01,0,7501,ERODED,1,1,1,1,1,1,1,0,0.00E+00,0.00E+00,0,0,1,0.00E+00,1,1,1,1,1
7505,1.83E-01,2.06E-01,3.06E-01,0,7505,ERODED,1,1,1,1,1,1,1,0,0.00E+00,0.00E+00,0,0,1,0.00E+00,1,1,1,1,1
7507,2.47E-01,9.64E-02,3.06E-01,0,7507,ERODED,1,1,1,1,1,1,1,0,0.00E+00,0.00E+00,0,0,1,0.00E+00,1,1,1,1,1
7516,6.67E-02,2.02E-01,2.89E-01,0,7516,Not eroded,0,0,1,1,1,1,1,0,0.00E+00,0.00E+00,0,0,1,0.00E+00,1,1,1,1,1
7528,1.73E-01,6.68E-02,2.91E-01,6,7528,Not eroded,0,0,1,1,1,1,1,7.82E-08,6.36E-07,4.81E-08,6.43E-07,1.07E-07,0,1.15E-03,0,0,0,0,0
7529,2.74E-01,2.70E-01,2.93E-01,4,7529,Not eroded,0,0,1,1,1,1,1,2.33E-06,6.47E-06,2.34E-06,7.27E-06,1.82E-06,0,1.30E-02,1,1,0,0,0
7530,1.42E-01,5.61E-02,2.75E-01,2,7530,Not eroded,0,0,1,1,1,1,1,1.68E-07,9.34E-08,-1.11E-07,2.22E-07,1.11E-07,1,3.97E-04,1,1,1,0,0
7534,5.60E-02,2.88E-01,3.22E-01,0,7534,ERODED,1,1,1,1,1,1,1,0,0.00E+00,0.00E+00,0,0,1,0.00E+00,1,1,1,1,1
7539,1.83E-01,2.67E-01,2.80E-01,0,7539,Not eroded,0,0,1,1,1,1,1,0,0.00E+00,0.00E+00,0,0,1,0.00E+00,1,1,1,1,1
7543,1.16E-01,1.43E-01,2.43E-01,0,7543,Not eroded,0,0,1,1,1,1,0,0,0.00E+00,0.00E+00,0,0,1,0.00E+00,1,1,1,1,1
7546,1.02E-01,2.18E-01,3.21E-01,0,7546,ERODED,1,1,1,1,1,1,1,0,0.00E+00,0.00E+00,0,0,1,0.00E+00,1,1,1,1,1
7548,1.54E-01,1.74E-01,2.51E-01,4,7548,Not eroded,0,0,1,1,1,1,1,3.51E-08,2.18E-07,2.88E-06,2.89E-06,7.22E-07,0,5.17E-03,1,1,0,0,0
7552,1.62E-01,6.24E-02,2.70E-01,5,7552,Not eroded,0,0,1,1,1,1,1,2.94E-07,1.44E-07,-2.97E-07,4.42E-07,8.84E-08,0,7.91E-04,0,1,0,0,0
7557,1.34E-01,1.62E-01,2.61E-01,4,7557,Not eroded,0,0,1,1,1,1,1,1.18E-07,-2.29E-07,8.69E-07,9.06E-07,2.27E-07,0,1.62E-03,1,1,0,0,0
7560,3.24E-01,7.85E-02,2.75E-01,0,7560,Not eroded,0,0,1,1,1,1,1,0,0.00E+00,0.00E+00,0,0,1,0.00E+00,1,1,1,1,1
7569,2.98E-01,1.12E-01,3.15E-01,0,7569,ERODED,1,1,1,1,1,1,1,0,0.00E+00,0.00E+00,0,0,1,0.00E+00,1,1,1,1,1
7571,2.27E-01,2.98E-01,3.05E-01,0,7571,Not eroded,0,0,1,1,1,1,1,0,0.00E+00,0.00E+00,0,0,1,0.00E+00,1,1,1,1,1
7572,1.48E-01,1.28E-01,2.80E-01,0,7572,ERODED,1,1,1,1,1,1,1,0,0.00E+00,0.00E+00,0,0,1,0.00E+00,1,1,1,1,1
7574,1.52E-01,1.42E-01,3.20E-01,0,7574,ERODED,1,1,1,1,1,1,1,0,0.00E+00,0.00E+00,0,0,1,0.00E+00,1,1,1,1,1
7576,9.12E-02,2.46E-01,2.45E-01,0,7576,Not eroded,0,0,1,1,1,1,0,0,0.00E+00,0.00E+00,0,0,1,0.00E+00,1,1,1,1,1
7577,1.53E-01,6.00E-02,2.72E-01,5,7577,Not eroded,0,0,1,1,1,1,1,5.36E-09,1.12E-07,1.76E-08,1.14E-07,2.27E-08,0,2.04E-04,0,1,0,0,0
7589,1.88E-01,2.95E-01,2.64E-01,3,7589,Not eroded,0,0,1,1,1,1,1,1.61E-06,8.37E-07,-7.40E-07,1.96E-06,6.53E-07,1,3.51E-03,1,1,0,0,0
7595,2.83E-01,8.64E-02,2.50E-01,0,7595,Not eroded,0,0,1,1,1,1,0,0,0.00E+00,0.00E+00,0,0,1,0.00E+00,1,1,1,1,1
7602,8.14E-02,3.18E-01,2.65E-01,0,7602,ERODED,1,1,1,1,1,1,1,0,0.00E+00,0.00E+00,0,0,1,0.00E+00,1,1,1,1,1
7606,2.03E-01,2.34E-01,2.41E-01,3,7606,Not eroded,0,0,1,1,1,1,0,2.61E-07,1.92E-06,-3.39E-09,1.94E-06,6.45E-07,1,3.47E-03,1,1,0,0,0
7607,1.06E-01,2.60E-01,2.57E-01,4,7607,Not eroded,0,0,1,1,1,1,1,2.93E-07,3.25E-07,-1.05E-07,4.50E-07,1.12E-07,0,8.05E-04,1,1,0,0,0
7609,1.02E-01,2.10E-01,3.08E-01,0,7609,ERODED,1,1,1,1,1,1,1,0,0.00E+00,0.00E+00,0,0,1,0.00E+00,1,1,1,1,1
7611,5.62E-02,2.87E-01,2.94E-01,0,7611,ERODED,1,1,1,1,1,1,1,0,0.00E+00,0.00E+00,0,0,1,0.00E+00,1,1,1,1,1
7613,5.60E-02,1.51E-01,2.45E-01,3,7613,Not eroded,0,0,1,1,1,1,0,-2.60E-07,1.48E-08,3.22E-07,4.14E-07,1.38E-07,1,7.41E-04,1,1,0,0,0
7614,2.60E-01,1.92E-01,2.51E-01,4,7614,Not eroded,0,0,1,1,1,1,1,1.01E-06,1.14E-07,3.64E-07,1.08E-06,2.70E-07,0,1.93E-03,1,1,0,0,0
7624,2.28E-01,5.61E-02,2.61E-01,0,7624,Not eroded,0,0,1,1,1,1,1,0,0.00E+00,0.00E+00,0,0,1,0.00E+00,1,1,1,1,1
7628,7.09E-02,3.25E-01,2.42E-01,3,7628,Not eroded,0,0,1,1,1,1,0,-1.26E-07,-5.69E-07,8.59E-08,5.89E-07,1.96E-07,1,1.05E-03,1,1,0,0,0
7630,6.60E-02,2.10E-01,2.81E-01,2,7630,Not eroded,0,0,1,1,1,1,1,2.18E-07,2.24E-07,1.00E-07,3.28E-07,1.64E-07,1,5.87E-04,1,1,1,0,0
7634,2.26E-01,1.29E-01,3.26E-01,3,7634,Not eroded,0,0,1,1,1,1,1,-6.95E-07,-1.82E-06,2.75E-07,1.97E-06,6.56E-07,1,3.52E-03,1,1,0,0,0
7636,1.86E-01,2.59E-01,3.25E-01,0,7636,ERODED,1,1,1,1,1,1,1,0,0.00E+00,0.00E+00,0,0,1,0.00E+00,1,1,1,1,1
7639,1.38E-01,2.63E-01,2.84E-01,0,7639,Not eroded,0,0,1,1,1,1,1,0,0.00E+00,0.00E+00,0,0,1,0.00E+00,1,1,1,1,1
7643,9.52E-02,1.82E-01,3.15E-01,0,7643,ERODED,1,1,1,1,1,1,1,0,0.00E+00,0.00E+00,0,0,1,0.00E+00,1,1,1,1,1
7646,1.98E-01,3.22E-01,2.50E-01,4,7646,Not eroded,0,0,1,1,1,1,0,2.29E-09,1.85E-07,7.96E-08,2.01E-07,5.03E-08,0,3.60E-04,1,1,0,0,0
7655,3.25E-01,1.63E-01,2.75E-01,2,7655,Not eroded,0,0,1,1,1,1,1,1.06E-06,7.54E-07,7.14E-06,7.26E-06,3.63E-06,1,1.30E-02,1,1,1,0,0
7657,9.44E-02,3.25E-01,2.82E-01,0,7657,ERODED,1,1,1,1,1,1,1,0,0.00E+00,0.00E+00,0,0,1,0.00E+00,1,1,1,1,1
7670,2.78E-01,6.02E-02,2.63E-01,0,7670,Not eroded,0,0,1,1,1,1,1,0,0.00E+00,0.00E+00,0,0,1,0.00E+00,1,1,1,1,1
7671,2.80E-01,8.99E-02,2.99E-01,0,7671,ERODED,1,1,1,1,1,1,1,0,0.00E+00,0.00E+00,0,0,1,0.00E+00,1,1,1,1,1
7672,1.84E-01,8.85E-02,2.65E-01,4,7672,Not eroded,0,0,1,1,1,1,1,-6.85E-08,4.56E-07,1.62E-07,4.88E-07,1.22E-07,0,8.73E-04,1,1,0,0,0
7674,7.30E-02,1.11E-01,3.25E-01,0,7674,ERODED,1,1,1,1,1,1,1,0,0.00E+00,0.00E+00,0,0,1,0.00E+00,1,1,1,1,1
7675,2.15E-01,1.71E-01,2.99E-01,3,7675,Not eroded,0,0,1,1,1,1,1,1.41E-06,-1.92E-07,-2.46E-06,2.85E-06,9.49E-07,1,5.10E-03,1,1,0,0,0
7676,2.26E-01,2.46E-01,3.25E-01,0,7676,ERODED,1,1,1,1,1,1,1,0,0.00E+00,0.00E+00,0,0,1,0.00E+00,1,1,1,1,1
7687,2.71E-01,9.52E-02,2.98E-01,0,7687,ERODED,1,1,1,1,1,1,1,0,0.00E+00,0.00E+00,0,0,1,0.00E+00,1,1,1,1,1
7690,1.43E-01,2.71E-01,2.87E-01,0,7690,Not eroded,0,0,1,1,1,1,1,0,0.00E+00,0.00E+00,0,0,1,0.00E+00,1,1,1,1,1
7697,8.08E-02,3.18E-01,2.92E-01,0,7697,ERODED,1,1,1,1,1,1,1,0,0.00E+00,0.00E+00,0,0,1,0.00E+00,1,1,1,1,1
7699,2.66E-01,1.24E-01,2.71E-01,0,7699,Not eroded,0,0,1,1,1,1,1,0,0.00E+00,0.00E+00,0,0,1,0.00E+00,1,1,1,1,1
7701,1.39E-01,2.85E-01,3.01E-01,4,7701,Not eroded,0,0,1,1,1,1,1,3.41E-07,-1.61E-07,6.28E-09,3.77E-07,9.42E-08,0,6.74E-04,1,1,0,0,0
7702,2.60E-01,1.37E-01,2.79E-01,0,7702,Not eroded,0,0,1,1,1,1,1,0,0.00E+00,0.00E+00,0,0,1,0.00E+00,1,1,1,1,1
7707,1.07E-01,1.32E-01,2.99E-01,0,7707,ERODED,1,1,1,1,1,1,1,0,0.00E+00,0.00E+00,0,0,1,0.00E+00,1,1,1,1,1
7712,3.11E-01,1.56E-01,2.42E-01,0,7712,Not eroded,0,0,1,1,1,1,0,0,0.00E+00,0.00E+00,0,0,1,0.00E+00,1,1,1,1,1
7719,2.50E-01,2.23E-01,2.93E-01,3,7719,Not eroded,0,0,1,1,1,1,1,1.06E-05,1.44E-05,3.11E-05,3.59E-05,1.20E-05,1,6.42E-02,1,1,0,0,0
7737,2.99E-01,2.42E-01,2.60E-01,4,7737,Not eroded,0,0,1,1,1,1,1,-4.73E-07,4.37E-06,4.55E-06,6.33E-06,1.58E-06,0,1.13E-02,1,1,0,0,0
7738,3.24E-01,2.31E-01,2.90E-01,0,7738,ERODED,1,1,1,1,1,1,1,0,0.00E+00,0.00E+00,0,0,1,0.00E+00,1,1,1,1,1
7740,2.49E-01,1.57E-01,3.00E-01,4,7740,Not eroded,0,0,1,1,1,1,1,-2.23E-06,5.63E-07,1.77E-06,2.90E-06,7.25E-07,0,5.19E-03,1,1,0,0,0
7742,1.07E-01,1.86E-01,2.67E-01,0,7742,ERODED,1,1,1,1,1,1,1,0,0.00E+00,0.00E+00,0,0,1,0.00E+00,1,1,1,1,1
7745,6.07E-02,2.92E-01,3.01E-01,0,7745,ERODED,1,1,1,1,1,1,1,0,0.00E+00,0.00E+00,0,0,1,0.00E+00,1,1,1,1,1
7751,1.20E-01,2.64E-01,3.17E-01,0,7751,ERODED,1,1,1,1,1,1,1,0,0.00E+00,0.00E+00,0,0,1,0.00E+00,1,1,1,1,1
7753,5.60E-02,1.45E-01,2.66E-01,3,7753,Not eroded,0,0,1,1,1,1,1,-1.53E-07,1.34E-07,1.80E-07,2.72E-07,9.05E-08,1,4.87E-04,1,1,0,0,0
7755,1.95E-01,1.89E-01,2.99E-01,3,7755,Not eroded,0,0,1,1,1,1,1,3.06E-06,3.61E-08,6.68E-06,7.34E-06,2.45E-06,1,1.31E-02,1,1,0,0,0
7765,1.85E-01,2.25E-01,2.81E-01,3,7765,Not eroded,0,0,1,1,1,1,1,-1.73E-06,2.49E-07,1.35E-06,2.21E-06,7.38E-07,1,3.95E-03,1,1,0,0,0
7771,2.58E-01,1.42E-01,2.90E-01,0,7771,Not eroded,0,0,1,1,1,1,1,0,0.00E+00,0.00E+00,0,0,1,0.00E+00,1,1,1,1,1
7773,8.09E-02,3.24E-01,2.57E-01,0,7773,ERODED,1,1,1,1,1,1,1,0,0.00E+00,0.00E+00,0,0,1,0.00E+00,1,1,1,1,1
7774,2.92E-01,8.80E-02,2.54E-01,0,7774,Not eroded,0,0,1,1,1,1,1,0,0.00E+00,0.00E+00,0,0,1,0.00E+00,1,1,1,1,1
7779,3.24E-01,2.10E-01,2.89E-01,0,7779,ERODED,1,1,1,1,1,1,1,0,0.00E+00,0.00E+00,0,0,1,0.00E+00,1,1,1,1,1
7784,5.60E-02,2.96E-01,2.55E-01,0,7784,Not eroded,0,0,1,1,1,1,1,0,0.00E+00,0.00E+00,0,0,1,0.00E+00,1,1,1,1,1
7788,9.63E-02,3.07E-01,3.00E-01,0,7788,ERODED,1,1,1,1,1,1,1,0,0.00E+00,0.00E+00,0,0,1,0.00E+00,1,1,1,1,1
7808,2.10E-01,5.73E-02,2.75E-01,5,7808,Not eroded,0,0,1,1,1,1,1,7.77E-08,3.41E-07,2.17E-07,4.12E-07,8.24E-08,0,7.37E-04,0,1,0,0,0
7815,3.06E-01,2.33E-01,2.83E-01,0,7815,Not eroded,0,0,1,1,1,1,1,0,0.00E+00,0.00E+00,0,0,1,0.00E+00,1,1,1,1,1
7822,2.17E-01,1.59E-01,2.78E-01,3,7822,Not eroded,0,0,1,1,1,1,1,1.19E-07,2.22E-06,1.21E-07,2.23E-06,7.43E-07,1,3.99E-03,1,1,0,0,0
7828,3.15E-01,1.66E-01,2.42E-01,3,7828,Not eroded,0,0,1,1,1,1,0,2.79E-06,3.59E-06,-6.97E-06,8.32E-06,2.77E-06,1,1.49E-02,1,1,0,0,0
7829,2.05E-01,2.51E-01,2.86E-01,6,7829,Not eroded,0,0,1,1,1,1,1,-1.51E-06,4.39E-06,1.21E-06,4.80E-06,8.00E-07,0,8.59E-03,0,0,0,0,0
7831,2.27E-01,1.57E-01,2.80E-01,4,7831,Not eroded,0,0,1,1,1,1,1,1.28E-07,1.62E-06,4.42E-07,1.69E-06,4.22E-07,0,3.02E-03,1,1,0,0,0
7833,3.25E-01,1.42E-01,2.98E-01,2,7833,Not eroded,0,0,1,1,1,1,1,-1.42E-06,-2.10E-06,1.07E-06,2.75E-06,1.37E-06,1,4.92E-03,1,1,1,0,0
7834,2.51E-01,5.63E-02,2.86E-01,0,7834,Not eroded,0,0,1,1,1,1,1,0,0.00E+00,0.00E+00,0,0,1,0.00E+00,1,1,1,1,1
7841,7.36E-02,5.60E-02,2.95E-01,3,7841,Not eroded,0,0,1,1,1,1,1,-1.22E-07,-8.36E-07,-4.44E-08,8.46E-07,2.82E-07,1,1.51E-03,1,1,0,0,0
7843,2.02E-01,6.13E-02,2.81E-01,2,7843,Not eroded,0,0,1,1,1,1,1,1.37E-08,4.94E-07,7.93E-08,5.01E-07,2.50E-07,1,8.96E-04,1,1,1,0,0
7844,1.90E-01,1.26E-01,3.19E-01,0,7844,ERODED,1,1,1,1,1,1,1,0,0.00E+00,0.00E+00,0,0,1,0.00E+00,1,1,1,1,1
7845,1.90E-01,2.96E-01,2.79E-01,4,7845,Not eroded,0,0,1,1,1,1,1,-3.92E-08,4.97E-07,-8.21E-07,9.61E-07,2.40E-07,0,1.72E-03,1,1,0,0,0
7848,6.56E-02,7.22E-02,2.89E-01,4,7848,Not eroded,0,0,1,1,1,1,1,2.92E-08,1.09E-07,-8.37E-09,1.13E-07,2.82E-08,0,2.02E-04,1,1,0,0,0
7850,8.91E-02,2.94E-01,2.49E-01,0,7850,Not eroded,0,0,1,1,1,1,0,0,0.00E+00,0.00E+00,0,0,1,0.00E+00,1,1,1,1,1
7855,1.89E-01,3.19E-01,2.51E-01,6,7855,Not eroded,0,0,1,1,1,1,1,-5.35E-07,2.02E-07,2.46E-07,6.23E-07,1.04E-07,0,1.11E-03,0,0,0,0,0
7864,2.91E-01,1.40E-01,3.00E-01,0,7864,Not eroded,0,0,1,1,1,1,1,0,0.00E+00,0.00E+00,0,0,1,0.00E+00,1,1,1,1,1
7866,1.77E-01,1.06E-01,2.75E-01,0,7866,Not eroded,0,0,1,1,1,1,1,0,0.00E+00,0.00E+00,0,0,1,0.00E+00,1,1,1,1,1
7871,1.19E-01,2.04E-01,2.72E-01,0,7871,ERODED,1,1,1,1,1,1,1,0,0.00E+00,0.00E+00,0,0,1,0.00E+00,1,1,1,1,1
7872,2.13E-01,2.20E-01,2.62E-01,4,7872,Not eroded,0,0,1,1,1,1,1,1.76E-06,2.78E-06,1.07E-05,1.12E-05,2.81E-06,0,2.00E-02,1,1,0,0,0
7876,2.94E-01,5.62E-02,3.04E-01,0,7876,ERODED,1,1,1,1,1,1,1,0,0.00E+00,0.00E+00,0,0,1,0.00E+00,1,1,1,1,1
7878,2.36E-01,5.62E-02,2.70E-01,0,7878,Not eroded,0,0,1,1,1,1,1,0,0.00E+00,0.00E+00,0,0,1,0.00E+00,1,1,1,1,1
7887,2.90E-01,2.47E-01,2.98E-01,0,7887,ERODED,1,1,1,1,1,1,1,0,0.00E+00,0.00E+00,0,0,1,0.00E+00,1,1,1,1,1
7888,3.24E-01,1.39E-01,2.58E-01,0,7888,Not eroded,0,0,1,1,1,1,1,0,0.00E+00,0.00E+00,0,0,1,0.00E+00,1,1,1,1,1
7890,1.28E-01,6.69E-02,2.47E-01,5,7890,Not eroded,0,0,1,1,1,1,0,-3.49E-08,1.71E-07,-4.01E-08,1.79E-07,3.58E-08,0,3.20E-04,0,1,0,0,0
7896,9.04E-02,8.02E-02,2.41E-01,5,7896,Not eroded,0,0,1,1,1,1,0,4.98E-08,2.83E-07,3.33E-07,4.40E-07,8.80E-08,0,7.87E-04,0,1,0,0,0
7902,2.52E-01,2.29E-01,2.48E-01,0,7902,Not eroded,0,0,1,1,1,1,0,0,0.00E+00,0.00E+00,0,0,1,0.00E+00,1,1,1,1,1
7906,1.34E-01,2.72E-01,2.82E-01,0,7906,Not eroded,0,0,1,1,1,1,1,0,0.00E+00,0.00E+00,0,0,1,0.00E+00,1,1,1,1,1
7909,2.79E-01,2.21E-01,3.08E-01,4,7909,Not eroded,0,0,1,1,1,1,1,2.90E-05,4.18E-05,2.75E-05,5.79E-05,1.45E-05,0,1.04E-01,1,1,0,0,0
7916,1.08E-01,2.89E-01,3.09E-01,0,7916,ERODED,1,1,1,1,1,1,1,0,0.00E+00,0.00E+00,0,0,1,0.00E+00,1,1,1,1,1
7918,2.39E-01,7.16E-02,2.68E-01,0,7918,ERODED,1,1,1,1,1,1,1,0,0.00E+00,0.00E+00,0,0,1,0.00E+00,1,1,1,1,1
7929,8.47E-02,3.17E-01,2.45E-01,6,7929,Not eroded,0,0,1,1,1,1,0,-5.46E-08,3.74E-07,4.51E-07,5.88E-07,9.81E-08,0,1.05E-03,0,0,0,0,0
7941,2.28E-01,1.73E-01,2.96E-01,5,7941,Not eroded,0,0,1,1,1,1,1,2.70E-06,1.15E-06,-7.33E-07,3.03E-06,6.05E-07,0,5.42E-03,0,1,0,0,0
7948,3.15E-01,1.52E-01,2.50E-01,0,7948,Not eroded,0,0,1,1,1,1,0,0,0.00E+00,0.00E+00,0,0,1,0.00E+00,1,1,1,1,1
7953,1.32E-01,3.25E-01,2.97E-01,0,7953,Not eroded,0,0,1,1,1,1,1,0,0.00E+00,0.00E+00,0,0,1,0.00E+00,1,1,1,1,1
7958,1.73E-01,1.95E-01,2.93E-01,0,7958,Not eroded,0,0,1,1,1,1,1,0,0.00E+00,0.00E+00,0,0,1,0.00E+00,1,1,1,1,1
7961,8.24E-02,1.52E-01,2.51E-01,0,7961,Not eroded,0,0,1,1,1,1,1,0,0.00E+00,0.00E+00,0,0,1,0.00E+00,1,1,1,1,1
7965,9.57E-02,1.78E-01,2.59E-01,0,7965,ERODED,1,1,1,1,1,1,1,0,0.00E+00,0.00E+00,0,0,1,0.00E+00,1,1,1,1,1
7970,2.90E-01,2.80E-01,2.72E-01,0,7970,Not eroded,0,0,1,1,1,1,1,0,0.00E+00,0.00E+00,0,0,1,0.00E+00,1,1,1,1,1
7971,2.90E-01,2.77E-01,2.63E-01,0,7971,Not eroded,0,0,1,1,1,1,1,0,0.00E+00,0.00E+00,0,0,1,0.00E+00,1,1,1,1,1
7973,2.37E-01,5.61E-02,2.57E-01,3,7973,Not eroded,0,0,1,1,1,1,1,-4.15E-07,-9.15E-07,4.56E-07,1.10E-06,3.68E-07,1,1.97E-03,1,1,0,0,0
7974,1.63E-01,2.70E-01,2.75E-01,5,7974,Not eroded,0,0,1,1,1,1,1,1.24E-07,3.77E-07,-1.69E-08,3.97E-07,7.94E-08,0,7.10E-04,0,1,0,0,0
7979,1.38E-01,7.56E-02,2.96E-01,0,7979,Not eroded,0,0,1,1,1,1,1,0,0.00E+00,0.00E+00,0,0,1,0.00E+00,1,1,1,1,1
7986,1.75E-01,3.18E-01,2.72E-01,6,7986,Not eroded,0,0,1,1,1,1,1,1.70E-07,4.51E-07,-3.85E-07,6.17E-07,1.03E-07,0,1.10E-03,0,0,0,0,0
7988,8.46E-02,1.70E-01,3.30E-01,0,7988,ERODED,1,1,1,1,1,1,1,0,0.00E+00,0.00E+00,0,0,1,0.00E+00,1,1,1,1,1
7997,8.57E-02,5.61E-02,2.57E-01,4,7997,Not eroded,0,0,1,1,1,1,1,-4.39E-08,2.71E-07,1.60E-08,2.75E-07,6.87E-08,0,4.92E-04,1,1,0,0,0
7998,1.27E-01,8.24E-02,2.44E-01,4,7998,Not eroded,0,0,1,1,1,1,0,3.19E-07,4.43E-07,-2.81E-07,6.14E-07,1.54E-07,0,1.10E-03,1,1,0,0,0
8000,9.12E-02,5.61E-02,2.84E-01,5,8000,Not eroded,0,0,1,1,1,1,1,2.26E-07,-8.84E-07,1.57E-08,9.12E-07,1.82E-07,0,1.63E-03,0,1,0,0,0
8009,1.89E-01,2.14E-01,3.24E-01,0,8009,ERODED,1,1,1,1,1,1,1,0,0.00E+00,0.00E+00,0,0,1,0.00E+00,1,1,1,1,1
8014,7.62E-02,2.55E-01,2.82E-01,0,8014,ERODED,1,1,1,1,1,1,1,0,0.00E+00,0.00E+00,0,0,1,0.00E+00,1,1,1,1,1
8017,3.10E-01,6.58E-02,2.78E-01,0,8017,ERODED,1,1,1,1,1,1,1,0,0.00E+00,0.00E+00,0,0,1,0.00E+00,1,1,1,1,1
8018,2.60E-01,2.04E-01,2.58E-01,0,8018,Not eroded,0,0,1,1,1,1,1,0,0.00E+00,0.00E+00,0,0,1,0.00E+00,1,1,1,1,1
8024,2.62E-01,2.15E-01,3.17E-01,3,8024,ERODED,1,1,1,1,1,1,1,3.34E-05,4.09E-05,4.07E-06,5.30E-05,1.77E-05,1,9.48E-02,1,1,0,0,0
8030,2.57E-01,1.49E-01,3.17E-01,3,8030,Not eroded,0,0,1,1,1,1,1,1.95E-06,1.72E-06,-2.23E-06,3.42E-06,1.14E-06,1,6.12E-03,1,1,0,0,0
8033,2.73E-01,2.41E-01,2.91E-01,2,8033,Not eroded,0,0,1,1,1,1,1,1.95E-06,2.13E-05,3.67E-06,2.17E-05,1.09E-05,1,3.88E-02,1,1,1,0,0
8040,2.61E-01,2.49E-01,2.47E-01,3,8040,Not eroded,0,0,1,1,1,1,0,-5.73E-07,-1.69E-06,-2.90E-06,3.40E-06,1.13E-06,1,6.08E-03,1,1,0,0,0
8044,1.01E-01,3.25E-01,2.63E-01,0,8044,ERODED,1,1,1,1,1,1,1,0,0.00E+00,0.00E+00,0,0,1,0.00E+00,1,1,1,1,1
8052,9.52E-02,8.26E-02,2.93E-01,3,8052,Not eroded,0,0,1,1,1,1,1,4.05E-07,5.90E-07,-4.66E-08,7.17E-07,2.39E-07,1,1.28E-03,1,1,0,0,0
8053,1.93E-01,8.76E-02,2.62E-01,4,8053,Not eroded,0,0,1,1,1,1,1,-1.68E-07,4.74E-07,1.13E-06,1.23E-06,3.08E-07,0,2.20E-03,1,1,0,0,0
8059,1.18E-01,5.61E-02,2.41E-01,3,8059,Not eroded,0,0,1,1,1,1,0,2.36E-07,-8.39E-07,1.43E-07,8.83E-07,2.94E-07,1,1.58E-03,1,1,0,0,0
8065,2.82E-01,1.47E-01,2.58E-01,0,8065,Not eroded,0,0,1,1,1,1,1,0,0.00E+00,0.00E+00,0,0,1,0.00E+00,1,1,1,1,1
8077,2.38E-01,2.58E-01,2.72E-01,5,8077,Not eroded,0,0,1,1,1,1,1,-3.10E-06,-2.58E-06,-7.24E-07,4.10E-06,8.20E-07,0,7.33E-03,0,1,0,0,0
8078,1.98E-01,9.66E-02,2.62E-01,4,8078,Not eroded,0,0,1,1,1,1,1,4.03E-07,1.80E-06,-3.66E-07,1.88E-06,4.69E-07,0,3.36E-03,1,1,0,0,0
8080,6.36E-02,2.64E-01,3.13E-01,0,8080,ERODED,1,1,1,1,1,1,1,0,0.00E+00,0.00E+00,0,0,1,0.00E+00,1,1,1,1,1
8091,1.48E-01,1.77E-01,3.25E-01,0,8091,ERODED,1,1,1,1,1,1,1,0,0.00E+00,0.00E+00,0,0,1,0.00E+00,1,1,1,1,1
8092,1.40E-01,3.04E-01,2.97E-01,4,8092,Not eroded,0,0,1,1,1,1,1,-7.14E-08,3.42E-07,-3.10E-07,4.67E-07,1.17E-07,0,8.35E-04,1,1,0,0,0
8100,1.30E-01,2.65E-01,2.91E-01,4,8100,Not eroded,0,0,1,1,1,1,1,7.53E-08,-9.00E-08,-5.45E-08,1.29E-07,3.23E-08,0,2.31E-04,1,1,0,0,0
8102,7.10E-02,9.46E-02,2.65E-01,5,8102,Not eroded,0,0,1,1,1,1,1,-1.26E-07,2.76E-07,4.65E-08,3.07E-07,6.13E-08,0,5.49E-04,0,1,0,0,0
8110,2.09E-01,2.42E-01,2.87E-01,5,8110,Not eroded,0,0,1,1,1,1,1,7.27E-06,6.13E-07,-2.06E-06,7.58E-06,1.52E-06,0,1.36E-02,0,1,0,0,0
8112,1.77E-01,8.75E-02,2.78E-01,0,8112,Not eroded,0,0,1,1,1,1,1,0,0.00E+00,0.00E+00,0,0,1,0.00E+00,1,1,1,1,1
8115,1.21E-01,2.04E-01,2.53E-01,4,8115,Not eroded,0,0,1,1,1,1,1,3.32E-07,2.37E-07,-7.90E-08,4.16E-07,1.04E-07,0,7.44E-04,1,1,0,0,0
8117,2.33E-01,9.61E-02,3.22E-01,0,8117,ERODED,1,1,1,1,1,1,1,0,0.00E+00,0.00E+00,0,0,1,0.00E+00,1,1,1,1,1
8119,9.76E-02,3.15E-01,2.76E-01,0,8119,ERODED,1,1,1,1,1,1,1,0,0.00E+00,0.00E+00,0,0,1,0.00E+00,1,1,1,1,1
8120,1.60E-01,2.63E-01,2.82E-01,4,8120,Not eroded,0,0,1,1,1,1,1,7.32E-07,1.19E-06,2.81E-07,1.43E-06,3.57E-07,0,2.56E-03,1,1,0,0,0
8121,1.14E-01,2.60E-01,2.71E-01,4,8121,Not eroded,0,0,1,1,1,1,1,6.17E-07,1.12E-07,1.68E-07,6.49E-07,1.62E-07,0,1.16E-03,1,1,0,0,0
8126,2.12E-01,2.58E-01,2.52E-01,0,8126,Not eroded,0,0,1,1,1,1,1,0,0.00E+00,0.00E+00,0,0,1,0.00E+00,1,1,1,1,1
8127,5.60E-02,9.74E-02,2.57E-01,5,8127,Not eroded,0,0,1,1,1,1,1,-7.80E-08,9.71E-08,1.19E-07,1.72E-07,3.44E-08,0,3.08E-04,0,1,0,0,0
8141,5.59E-02,6.06E-02,2.46E-01,4,8141,Not eroded,0,0,1,1,1,1,0,-1.67E-07,-4.88E-08,5.78E-10,1.74E-07,4.36E-08,0,3.11E-04,1,1,0,0,0
8143,7.57E-02,1.18E-01,2.63E-01,3,8143,Not eroded,0,0,1,1,1,1,1,-6.77E-08,-2.89E-07,-1.27E-07,3.23E-07,1.08E-07,1,5.78E-04,1,1,0,0,0
8145,2.08E-01,2.34E-01,2.92E-01,5,8145,Not eroded,0,0,1,1,1,1,1,3.43E-06,-7.69E-07,-2.10E-06,4.09E-06,8.19E-07,0,7.32E-03,0,1,0,0,0
8146,2.49E-01,2.34E-01,2.57E-01,3,8146,Not eroded,0,0,1,1,1,1,1,8.72E-07,-1.54E-06,-3.90E-06,4.29E-06,1.43E-06,1,7.67E-03,1,1,0,0,0
8150,2.50E-01,9.13E-02,2.86E-01,0,8150,ERODED,1,1,1,1,1,1,1,0,0.00E+00,0.00E+00,0,0,1,0.00E+00,1,1,1,1,1
8155,7.71E-02,2.62E-01,3.25E-01,0,8155,ERODED,1,1,1,1,1,1,1,0,0.00E+00,0.00E+00,0,0,1,0.00E+00,1,1,1,1,1
8156,3.14E-01,1.09E-01,2.86E-01,0,8156,Not eroded,0,0,1,1,1,1,1,0,0.00E+00,0.00E+00,0,0,1,0.00E+00,1,1,1,1,1
8157,2.86E-01,1.78E-01,2.74E-01,2,8157,Not eroded,0,0,1,1,1,1,1,4.69E-06,-1.18E-05,-3.56E-06,1.32E-05,6.60E-06,1,2.36E-02,1,1,1,0,0
8158,1.54E-01,3.25E-01,3.04E-01,4,8158,Not eroded,0,0,1,1,1,1,1,-1.66E-07,-7.62E-07,2.65E-07,8.24E-07,2.06E-07,0,1.47E-03,1,1,0,0,0
8164,5.68E-02,3.24E-01,3.08E-01,0,8164,ERODED,1,1,1,1,1,1,1,0,0.00E+00,0.00E+00,0,0,1,0.00E+00,1,1,1,1,1
8167,2.04E-01,2.14E-01,3.14E-01,0,8167,ERODED,1,1,1,1,1,1,1,0,0.00E+00,0.00E+00,0,0,1,0.00E+00,1,1,1,1,1
8168,9.06E-02,3.25E-01,2.64E-01,0,8168,ERODED,1,1,1,1,1,1,1,0,0.00E+00,0.00E+00,0,0,1,0.00E+00,1,1,1,1,1
8179,9.20E-02,2.18E-01,2.87E-01,0,8179,ERODED,1,1,1,1,1,1,1,0,0.00E+00,0.00E+00,0,0,1,0.00E+00,1,1,1,1,1
8180,1.92E-01,1.88E-01,2.82E-01,5,8180,Not eroded,0,0,1,1,1,1,1,4.79E-06,3.79E-06,-6.42E-07,6.14E-06,1.23E-06,0,1.10E-02,0,1,0,0,0
8184,2.24E-01,1.47E-01,2.80E-01,4,8184,Not eroded,0,0,1,1,1,1,1,-1.30E-06,4.14E-07,-1.14E-06,1.78E-06,4.46E-07,0,3.18E-03,1,1,0,0,0
8191,1.29E-01,2.41E-01,2.55E-01,2,8191,Not eroded,0,0,1,1,1,1,1,1.48E-07,-1.81E-07,9.72E-07,1.00E-06,5.00E-07,1,1.79E-03,1,1,1,0,0
8192,2.62E-01,2.57E-01,2.84E-01,5,8192,Not eroded,0,0,1,1,1,1,1,-1.41E-06,-3.48E-06,-6.01E-06,7.08E-06,1.42E-06,0,1.27E-02,0,1,0,0,0
8196,1.15E-01,2.07E-01,3.20E-01,0,8196,ERODED,1,1,1,1,1,1,1,0,0.00E+00,0.00E+00,0,0,1,0.00E+00,1,1,1,1,1
8199,8.04E-02,8.39E-02,2.67E-01,5,8199,Not eroded,0,0,1,1,1,1,1,1.41E-07,3.35E-07,6.65E-09,3.63E-07,7.26E-08,0,6.49E-04,0,1,0,0,0
8202,2.47E-01,2.55E-01,2.90E-01,3,8202,Not eroded,0,0,1,1,1,1,1,-1.82E-05,4.52E-06,1.23E-05,2.24E-05,7.47E-06,1,4.01E-02,1,1,0,0,0
8209,2.93E-01,3.25E-01,2.66E-01,2,8209,Not eroded,0,0,1,1,1,1,1,1.18E-07,3.90E-07,-2.19E-07,4.63E-07,2.31E-07,1,8.28E-04,1,1,1,0,0
8210,2.23E-01,2.30E-01,2.92E-01,4,8210,Not eroded,0,0,1,1,1,1,1,-3.15E-06,-2.37E-06,1.88E-06,4.37E-06,1.09E-06,0,7.82E-03,1,1,0,0,0
8217,2.77E-01,1.31E-01,2.76E-01,0,8217,Not eroded,0,0,1,1,1,1,1,0,0.00E+00,0.00E+00,0,0,1,0.00E+00,1,1,1,1,1
8218,1.70E-01,1.87E-01,2.88E-01,0,8218,Not eroded,0,0,1,1,1,1,1,0,0.00E+00,0.00E+00,0,0,1,0.00E+00,1,1,1,1,1
8219,2.15E-01,2.67E-01,2.92E-01,3,8219,Not eroded,0,0,1,1,1,1,1,3.66E-07,-9.02E-07,-1.31E-06,1.63E-06,5.43E-07,1,2.92E-03,1,1,0,0,0
8226,2.52E-01,3.08E-01,2.77E-01,0,8226,Not eroded,0,0,1,1,1,1,1,0,0.00E+00,0.00E+00,0,0,1,0.00E+00,1,1,1,1,1
8229,6.86E-02,3.24E-01,3.30E-01,0,8229,ERODED,1,1,1,1,1,1,1,0,0.00E+00,0.00E+00,0,0,1,0.00E+00,1,1,1,1,1
8231,9.56E-02,3.18E-01,2.89E-01,0,8231,ERODED,1,1,1,1,1,1,1,0,0.00E+00,0.00E+00,0,0,1,0.00E+00,1,1,1,1,1
8235,1.02E-01,2.37E-01,2.92E-01,0,8235,ERODED,1,1,1,1,1,1,1,0,0.00E+00,0.00E+00,0,0,1,0.00E+00,1,1,1,1,1
8242,2.61E-01,2.14E-01,3.07E-01,6,8242,Not eroded,0,0,1,1,1,1,1,-9.67E-06,5.60E-05,7.21E-06,5.73E-05,9.54E-06,0,1.02E-01,0,0,0,0,0
8254,2.60E-01,3.00E-01,2.85E-01,0,8254,Not eroded,0,0,1,1,1,1,1,0,0.00E+00,0.00E+00,0,0,1,0.00E+00,1,1,1,1,1
8264,2.22E-01,1.92E-01,3.12E-01,0,8264,ERODED,1,1,1,1,1,1,1,0,0.00E+00,0.00E+00,0,0,1,0.00E+00,1,1,1,1,1
8266,2.99E-01,1.62E-01,2.54E-01,0,8266,Not eroded,0,0,1,1,1,1,1,0,0.00E+00,0.00E+00,0,0,1,0.00E+00,1,1,1,1,1
8269,1.22E-01,2.94E-01,2.59E-01,0,8269,Not eroded,0,0,1,1,1,1,1,0,0.00E+00,0.00E+00,0,0,1,0.00E+00,1,1,1,1,1
8272,1.13E-01,5.60E-02,2.92E-01,3,8272,Not eroded,0,0,1,1,1,1,1,1.85E-07,-1.05E-06,5.08E-08,1.07E-06,3.57E-07,1,1.91E-03,1,1,0,0,0
8277,2.89E-01,7.60E-02,3.25E-01,0,8277,ERODED,1,1,1,1,1,1,1,0,0.00E+00,0.00E+00,0,0,1,0.00E+00,1,1,1,1,1
8281,5.60E-02,2.48E-01,2.53E-01,3,8281,Not eroded,0,0,1,1,1,1,1,-1.94E-07,3.43E-07,1.14E-06,1.21E-06,4.03E-07,1,2.16E-03,1,1,0,0,0
8282,2.59E-01,2.25E-01,3.19E-01,2,8282,ERODED,1,1,1,1,1,1,1,-1.91E-05,-2.68E-06,8.10E-07,1.93E-05,9.66E-06,1,3.45E-02,1,1,1,0,0
8283,3.17E-01,1.96E-01,2.99E-01,0,8283,ERODED,1,1,1,1,1,1,1,0,0.00E+00,0.00E+00,0,0,1,0.00E+00,1,1,1,1,1
8284,2.07E-01,2.16E-01,2.75E-01,5,8284,Not eroded,0,0,1,1,1,1,1,-3.56E-06,-2.33E-07,5.40E-06,6.47E-06,1.29E-06,0,1.16E-02,0,1,0,0,0
8285,1.78E-01,2.00E-01,3.01E-01,0,8285,ERODED,1,1,1,1,1,1,1,0,0.00E+00,0.00E+00,0,0,1,0.00E+00,1,1,1,1,1
8287,2.12E-01,2.31E-01,2.83E-01,4,8287,Not eroded,0,0,1,1,1,1,1,1.01E-06,-9.62E-08,9.51E-06,9.57E-06,2.39E-06,0,1.71E-02,1,1,0,0,0
8291,2.71E-01,5.70E-02,2.70E-01,0,8291,Not eroded,0,0,1,1,1,1,1,0,0.00E+00,0.00E+00,0,0,1,0.00E+00,1,1,1,1,1
8293,1.56E-01,2.87E-01,2.61E-01,0,8293,Not eroded,0,0,1,1,1,1,1,0,0.00E+00,0.00E+00,0,0,1,0.00E+00,1,1,1,1,1
8297,2.98E-01,9.50E-02,2.43E-01,2,8297,Not eroded,0,0,1,1,1,1,0,-2.52E-07,-9.43E-07,-5.34E-08,9.77E-07,4.89E-07,1,1.75E-03,1,1,1,0,0
8299,1.51E-01,1.95E-01,2.79E-01,2,8299,Not eroded,0,0,1,1,1,1,1,7.14E-09,6.54E-07,7.83E-07,1.02E-06,5.10E-07,1,1.82E-03,1,1,1,0,0
8304,9.70E-02,5.60E-02,2.75E-01,4,8304,Not eroded,0,0,1,1,1,1,1,2.84E-07,-9.66E-07,6.17E-08,1.01E-06,2.52E-07,0,1.81E-03,1,1,0,0,0
8310,7.29E-02,2.66E-01,2.83E-01,0,8310,ERODED,1,1,1,1,1,1,1,0,0.00E+00,0.00E+00,0,0,1,0.00E+00,1,1,1,1,1
8319,1.04E-01,3.04E-01,2.81E-01,0,8319,ERODED,1,1,1,1,1,1,1,0,0.00E+00,0.00E+00,0,0,1,0.00E+00,1,1,1,1,1
8320,2.59E-01,2.01E-01,2.48E-01,0,8320,Not eroded,0,0,1,1,1,1,0,0,0.00E+00,0.00E+00,0,0,1,0.00E+00,1,1,1,1,1
8323,1.58E-01,1.63E-01,2.77E-01,5,8323,Not eroded,0,0,1,1,1,1,1,3.67E-07,2.40E-07,1.12E-06,1.20E-06,2.41E-07,0,2.15E-03,0,1,0,0,0
8335,1.29E-01,2.90E-01,2.51E-01,0,8335,Not eroded,0,0,1,1,1,1,1,0,0.00E+00,0.00E+00,0,0,1,0.00E+00,1,1,1,1,1
8339,1.06E-01,1.18E-01,3.13E-01,0,8339,ERODED,1,1,1,1,1,1,1,0,0.00E+00,0.00E+00,0,0,1,0.00E+00,1,1,1,1,1
8341,2.45E-01,2.65E-01,2.89E-01,4,8341,Not eroded,0,0,1,1,1,1,1,-8.29E-06,-2.55E-06,1.35E-06,8.78E-06,2.20E-06,0,1.57E-02,1,1,0,0,0
8345,7.74E-02,2.04E-01,2.88E-01,0,8345,ERODED,1,1,1,1,1,1,1,0,0.00E+00,0.00E+00,0,0,1,0.00E+00,1,1,1,1,1
8348,3.12E-01,9.95E-02,2.95E-01,0,8348,ERODED,1,1,1,1,1,1,1,0,0.00E+00,0.00E+00,0,0,1,0.00E+00,1,1,1,1,1
8349,1.04E-01,1.03E-01,3.21E-01,0,8349,ERODED,1,1,1,1,1,1,1,0,0.00E+00,0.00E+00,0,0,1,0.00E+00,1,1,1,1,1
8351,2.68E-01,2.50E-01,2.87E-01,4,8351,Not eroded,0,0,1,1,1,1,1,-3.16E-06,1.06E-05,1.01E-05,1.50E-05,3.75E-06,0,2.68E-02,1,1,0,0,0
8356,6.40E-02,9.15E-02,2.89E-01,6,8356,Not eroded,0,0,1,1,1,1,1,3.09E-08,1.33E-07,5.56E-09,1.37E-07,2.28E-08,0,2.45E-04,0,0,0,0,0
8359,3.16E-01,1.97E-01,2.47E-01,0,8359,Not eroded,0,0,1,1,1,1,0,0,0.00E+00,0.00E+00,0,0,1,0.00E+00,1,1,1,1,1
8361,2.76E-01,8.32E-02,2.56E-01,2,8361,Not eroded,0,0,1,1,1,1,1,-1.67E-06,-4.31E-07,2.30E-06,2.87E-06,1.44E-06,1,5.13E-03,1,1,1,0,0
8363,2.82E-01,2.89E-01,2.68E-01,0,8363,Not eroded,0,0,1,1,1,1,1,0,0.00E+00,0.00E+00,0,0,1,0.00E+00,1,1,1,1,1
8379,2.68E-01,1.46E-01,3.22E-01,0,8379,ERODED,1,1,1,1,1,1,1,0,0.00E+00,0.00E+00,0,0,1,0.00E+00,1,1,1,1,1
8380,5.61E-02,1.65E-01,3.05E-01,0,8380,ERODED,1,1,1,1,1,1,1,0,0.00E+00,0.00E+00,0,0,1,0.00E+00,1,1,1,1,1
8389,5.62E-02,2.85E-01,2.49E-01,0,8389,Not eroded,0,0,1,1,1,1,0,0,0.00E+00,0.00E+00,0,0,1,0.00E+00,1,1,1,1,1
8390,1.44E-01,9.10E-02,3.05E-01,0,8390,ERODED,1,1,1,1,1,1,1,0,0.00E+00,0.00E+00,0,0,1,0.00E+00,1,1,1,1,1
8391,3.24E-01,1.17E-01,3.28E-01,0,8391,ERODED,1,1,1,1,1,1,1,0,0.00E+00,0.00E+00,0,0,1,0.00E+00,1,1,1,1,1
8393,1.74E-01,5.61E-02,2.78E-01,4,8393,Not eroded,0,0,1,1,1,1,1,-1.60E-07,-1.05E-06,-1.58E-07,1.08E-06,2.69E-07,0,1.93E-03,1,1,0,0,0
8398,3.19E-01,2.75E-01,2.82E-01,5,8398,Not eroded,0,0,1,1,1,1,1,4.92E-07,7.91E-07,-7.32E-07,1.18E-06,2.37E-07,0,2.11E-03,0,1,0,0,0
8403,5.62E-02,2.82E-01,3.03E-01,0,8403,ERODED,1,1,1,1,1,1,1,0,0.00E+00,0.00E+00,0,0,1,0.00E+00,1,1,1,1,1
8419,5.60E-02,1.15E-01,2.95E-01,4,8419,Not eroded,0,0,1,1,1,1,1,-1.13E-07,-1.15E-07,-8.00E-08,1.80E-07,4.50E-08,0,3.22E-04,1,1,0,0,0
8421,1.43E-01,7.51E-02,2.48E-01,3,8421,Not eroded,0,0,1,1,1,1,0,1.39E-07,-6.70E-08,-2.60E-07,3.02E-07,1.01E-07,1,5.40E-04,1,1,0,0,0
8422,2.77E-01,2.65E-01,2.82E-01,0,8422,Not eroded,0,0,1,1,1,1,1,0,0.00E+00,0.00E+00,0,0,1,0.00E+00,1,1,1,1,1
8431,6.70E-02,2.62E-01,3.25E-01,0,8431,ERODED,1,1,1,1,1,1,1,0,0.00E+00,0.00E+00,0,0,1,0.00E+00,1,1,1,1,1
8436,1.18E-01,6.37E-02,2.47E-01,5,8436,Not eroded,0,0,1,1,1,1,0,9.74E-09,-1.37E-08,2.54E-08,3.05E-08,6.10E-09,0,5.46E-05,0,1,0,0,0
8437,1.66E-01,7.33E-02,2.87E-01,3,8437,Not eroded,0,0,1,1,1,1,1,1.53E-07,5.72E-07,1.11E-07,6.02E-07,2.01E-07,1,1.08E-03,1,1,0,0,0
8441,3.17E-01,2.63E-01,2.60E-01,3,8441,Not eroded,0,0,1,1,1,1,1,-2.37E-06,-3.65E-06,1.90E-06,4.74E-06,1.58E-06,1,8.48E-03,1,1,0,0,0
8443,7.44E-02,3.25E-01,2.68E-01,0,8443,ERODED,1,1,1,1,1,1,1,0,0.00E+00,0.00E+00,0,0,1,0.00E+00,1,1,1,1,1
8448,1.84E-01,2.56E-01,2.79E-01,0,8448,Not eroded,0,0,1,1,1,1,1,0,0.00E+00,0.00E+00,0,0,1,0.00E+00,1,1,1,1,1
8451,3.24E-01,2.06E-01,2.43E-01,4,8451,Not eroded,0,0,1,1,1,1,0,8.24E-07,3.22E-06,-8.84E-07,3.44E-06,8.59E-07,0,6.15E-03,1,1,0,0,0
8454,1.16E-01,1.21E-01,2.65E-01,3,8454,Not eroded,0,0,1,1,1,1,1,4.90E-07,9.66E-07,5.40E-07,1.21E-06,4.04E-07,1,2.16E-03,1,1,0,0,0
8460,1.55E-01,2.74E-01,2.46E-01,0,8460,Not eroded,0,0,1,1,1,1,0,0,0.00E+00,0.00E+00,0,0,1,0.00E+00,1,1,1,1,1
8461,2.06E-01,1.04E-01,2.63E-01,3,8461,Not eroded,0,0,1,1,1,1,1,1.26E-06,3.84E-07,6.70E-07,1.48E-06,4.94E-07,1,2.65E-03,1,1,0,0,0
8466,2.24E-01,1.35E-01,3.01E-01,0,8466,Not eroded,0,0,1,1,1,1,1,0,0.00E+00,0.00E+00,0,0,1,0.00E+00,1,1,1,1,1
8469,2.57E-01,2.72E-01,2.95E-01,4,8469,Not eroded,0,0,1,1,1,1,1,1.84E-06,8.80E-07,-1.21E-06,2.37E-06,5.94E-07,0,4.24E-03,1,1,0,0,0
8470,6.93E-02,2.14E-01,3.26E-01,0,8470,ERODED,1,1,1,1,1,1,1,0,0.00E+00,0.00E+00,0,0,1,0.00E+00,1,1,1,1,1
8476,1.19E-01,5.58E-02,2.77E-01,3,8476,Not eroded,0,0,1,1,1,1,1,1.72E-07,-9.60E-07,1.02E-07,9.81E-07,3.27E-07,1,1.75E-03,1,1,0,0,0
8479,3.24E-01,2.16E-01,2.41E-01,3,8479,Not eroded,0,0,1,1,1,1,0,2.19E-06,-3.71E-06,1.32E-05,1.39E-05,4.63E-06,1,2.49E-02,1,1,0,0,0
8482,1.10E-01,3.03E-01,2.93E-01,0,8482,ERODED,1,1,1,1,1,1,1,0,0.00E+00,0.00E+00,0,0,1,0.00E+00,1,1,1,1,1
8491,2.90E-01,9.04E-02,3.00E-01,0,8491,ERODED,1,1,1,1,1,1,1,0,0.00E+00,0.00E+00,0,0,1,0.00E+00,1,1,1,1,1
8497,2.48E-01,3.22E-01,2.70E-01,0,8497,Not eroded,0,0,1,1,1,1,1,0,0.00E+00,0.00E+00,0,0,1,0.00E+00,1,1,1,1,1
8500,2.72E-01,9.53E-02,2.86E-01,0,8500,ERODED,1,1,1,1,1,1,1,0,0.00E+00,0.00E+00,0,0,1,0.00E+00,1,1,1,1,1
8508,2.86E-01,3.25E-01,2.98E-01,0,8508,ERODED,1,1,1,1,1,1,1,0,0.00E+00,0.00E+00,0,0,1,0.00E+00,1,1,1,1,1
8520,3.24E-01,2.45E-01,2.56E-01,0,8520,Not eroded,0,0,1,1,1,1,1,0,0.00E+00,0.00E+00,0,0,1,0.00E+00,1,1,1,1,1
8525,6.04E-02,1.28E-01,2.83E-01,5,8525,Not eroded,0,0,1,1,1,1,1,7.02E-08,-2.12E-08,-1.02E-07,1.26E-07,2.51E-08,0,2.25E-04,0,1,0,0,0
8534,1.57E-01,1.34E-01,3.10E-01,0,8534,ERODED,1,1,1,1,1,1,1,0,0.00E+00,0.00E+00,0,0,1,0.00E+00,1,1,1,1,1
8542,1.54E-01,9.57E-02,2.45E-01,4,8542,Not eroded,0,0,1,1,1,1,0,-1.36E-07,-1.61E-07,8.69E-08,2.28E-07,5.70E-08,0,4.08E-04,1,1,0,0,0
8549,3.15E-01,2.06E-01,2.41E-01,4,8549,Not eroded,0,0,1,1,1,1,0,-5.94E-06,-2.54E-06,1.82E-06,6.72E-06,1.68E-06,0,1.20E-02,1,1,0,0,0
8555,1.66E-01,1.71E-01,2.58E-01,3,8555,Not eroded,0,0,1,1,1,1,1,5.43E-07,5.53E-07,1.43E-06,1.62E-06,5.42E-07,1,2.90E-03,1,1,0,0,0
8556,9.53E-02,1.87E-01,3.00E-01,0,8556,ERODED,1,1,1,1,1,1,1,0,0.00E+00,0.00E+00,0,0,1,0.00E+00,1,1,1,1,1
8559,1.81E-01,2.94E-01,2.71E-01,2,8559,Not eroded,0,0,1,1,1,1,1,-3.00E-07,7.91E-07,6.29E-07,1.05E-06,5.27E-07,1,1.88E-03,1,1,1,0,0
8560,1.24E-01,5.61E-02,2.51E-01,4,8560,Not eroded,0,0,1,1,1,1,1,5.29E-07,-9.14E-07,1.54E-07,1.07E-06,2.67E-07,0,1.91E-03,1,1,0,0,0
8562,2.46E-01,1.74E-01,2.62E-01,6,8562,Not eroded,0,0,1,1,1,1,1,5.02E-06,5.92E-06,-8.37E-07,7.81E-06,1.30E-06,0,1.40E-02,0,0,0,0,0
8569,5.60E-02,2.48E-01,2.71E-01,0,8569,ERODED,1,1,1,1,1,1,1,0,0.00E+00,0.00E+00,0,0,1,0.00E+00,1,1,1,1,1
8570,1.48E-01,3.25E-01,2.77E-01,5,8570,Not eroded,0,0,1,1,1,1,1,3.43E-08,-5.64E-07,-9.76E-08,5.74E-07,1.15E-07,0,1.03E-03,0,1,0,0,0
8572,1.45E-01,7.44E-02,2.58E-01,4,8572,Not eroded,0,0,1,1,1,1,1,-2.39E-08,5.05E-07,-5.16E-07,7.22E-07,1.81E-07,0,1.29E-03,1,1,0,0,0
8577,1.69E-01,1.72E-01,2.78E-01,4,8577,Not eroded,0,0,1,1,1,1,1,3.80E-07,-5.01E-07,-3.48E-07,7.19E-07,1.80E-07,0,1.29E-03,1,1,0,0,0
8585,1.69E-01,8.70E-02,2.62E-01,4,8585,Not eroded,0,0,1,1,1,1,1,3.60E-08,-3.27E-07,-1.52E-07,3.62E-07,9.05E-08,0,6.48E-04,1,1,0,0,0
8587,2.44E-01,1.41E-01,2.94E-01,4,8587,Not eroded,0,0,1,1,1,1,1,-1.74E-06,-7.55E-07,-1.57E-06,2.46E-06,6.16E-07,0,4.40E-03,1,1,0,0,0
8591,3.24E-01,3.16E-01,2.97E-01,3,8591,Not eroded,0,0,1,1,1,1,1,1.37E-07,7.24E-07,1.17E-06,1.38E-06,4.61E-07,1,2.47E-03,1,1,0,0,0
8596,1.49E-01,1.91E-01,2.99E-01,3,8596,Not eroded,0,0,1,1,1,1,1,-3.37E-08,7.47E-07,-2.64E-07,7.93E-07,2.64E-07,1,1.42E-03,1,1,0,0,0
8600,1.84E-01,6.59E-02,2.90E-01,2,8600,Not eroded,0,0,1,1,1,1,1,-1.16E-07,8.29E-07,1.43E-07,8.49E-07,4.25E-07,1,1.52E-03,1,1,1,0,0
8601,1.06E-01,8.04E-02,2.50E-01,3,8601,Not eroded,0,0,1,1,1,1,0,3.96E-07,-2.01E-08,4.07E-08,3.99E-07,1.33E-07,1,7.14E-04,1,1,0,0,0
8607,2.43E-01,1.84E-01,2.92E-01,3,8607,Not eroded,0,0,1,1,1,1,1,-1.57E-06,4.75E-06,-2.71E-06,5.69E-06,1.90E-06,1,1.02E-02,1,1,0,0,0
8613,2.47E-01,1.04E-01,2.98E-01,0,8613,ERODED,1,1,1,1,1,1,1,0,0.00E+00,0.00E+00,0,0,1,0.00E+00,1,1,1,1,1
8615,2.57E-01,3.19E-01,2.67E-01,0,8615,Not eroded,0,0,1,1,1,1,1,0,0.00E+00,0.00E+00,0,0,1,0.00E+00,1,1,1,1,1
8616,1.77E-01,1.41E-01,3.17E-01,0,8616,ERODED,1,1,1,1,1,1,1,0,0.00E+00,0.00E+00,0,0,1,0.00E+00,1,1,1,1,1
8617,2.67E-01,2.73E-01,2.98E-01,4,8617,Not eroded,0,0,1,1,1,1,1,1.70E-06,-3.62E-07,-7.41E-07,1.89E-06,4.72E-07,0,3.38E-03,1,1,0,0,0
8618,5.60E-02,8.85E-02,2.53E-01,4,8618,Not eroded,0,0,1,1,1,1,1,1.90E-07,1.49E-07,-6.17E-08,2.49E-07,6.22E-08,0,4.45E-04,1,1,0,0,0
8626,1.10E-01,3.25E-01,2.64E-01,0,8626,ERODED,1,1,1,1,1,1,1,0,0.00E+00,0.00E+00,0,0,1,0.00E+00,1,1,1,1,1
8632,2.61E-01,1.36E-01,2.48E-01,0,8632,Not eroded,0,0,1,1,1,1,0,0,0.00E+00,0.00E+00,0,0,1,0.00E+00,1,1,1,1,1
8633,1.73E-01,2.05E-01,2.93E-01,3,8633,Not eroded,0,0,1,1,1,1,1,1.12E-06,-2.83E-07,1.82E-06,2.15E-06,7.18E-07,1,3.85E-03,1,1,0,0,0
8638,3.09E-01,2.60E-01,2.51E-01,5,8638,Not eroded,0,0,1,1,1,1,1,-3.49E-06,-2.86E-06,4.61E-06,6.45E-06,1.29E-06,0,1.15E-02,0,1,0,0,0
8644,9.28E-02,9.44E-02,3.34E-01,0,8644,ERODED,1,1,1,1,1,1,1,0,0.00E+00,0.00E+00,0,0,1,0.00E+00,1,1,1,1,1
8652,3.14E-01,1.82E-01,2.43E-01,4,8652,Not eroded,0,0,1,1,1,1,0,-2.91E-06,-3.39E-06,3.81E-06,5.87E-06,1.47E-06,0,1.05E-02,1,1,0,0,0
8663,2.43E-01,3.13E-01,2.61E-01,0,8663,Not eroded,0,0,1,1,1,1,1,0,0.00E+00,0.00E+00,0,0,1,0.00E+00,1,1,1,1,1
8668,2.61E-01,2.43E-01,2.89E-01,4,8668,Not eroded,0,0,1,1,1,1,1,1.74E-06,1.49E-05,4.61E-06,1.57E-05,3.93E-06,0,2.81E-02,1,1,0,0,0
8672,3.25E-01,2.91E-01,3.16E-01,2,8672,Not eroded,0,0,1,1,1,1,1,7.37E-07,5.15E-07,7.58E-07,1.18E-06,5.88E-07,1,2.11E-03,1,1,1,0,0
8673,6.48E-02,9.49E-02,3.12E-01,0,8673,ERODED,1,1,1,1,1,1,1,0,0.00E+00,0.00E+00,0,0,1,0.00E+00,1,1,1,1,1
8677,1.31E-01,1.00E-01,3.18E-01,0,8677,ERODED,1,1,1,1,1,1,1,0,0.00E+00,0.00E+00,0,0,1,0.00E+00,1,1,1,1,1
8682,1.47E-01,1.00E-01,3.06E-01,0,8682,ERODED,1,1,1,1,1,1,1,0,0.00E+00,0.00E+00,0,0,1,0.00E+00,1,1,1,1,1
8689,1.45E-01,1.92E-01,2.59E-01,0,8689,Not eroded,0,0,1,1,1,1,1,0,0.00E+00,0.00E+00,0,0,1,0.00E+00,1,1,1,1,1
8690,2.29E-01,2.55E-01,2.72E-01,3,8690,Not eroded,0,0,1,1,1,1,1,-5.39E-06,4.21E-06,-5.95E-06,9.07E-06,3.02E-06,1,1.62E-02,1,1,0,0,0
8693,2.00E-01,1.10E-01,2.48E-01,4,8693,Not eroded,0,0,1,1,1,1,0,2.39E-07,1.36E-06,1.09E-06,1.76E-06,4.39E-07,0,3.15E-03,1,1,0,0,0
8697,3.12E-01,1.19E-01,2.85E-01,0,8697,Not eroded,0,0,1,1,1,1,1,0,0.00E+00,0.00E+00,0,0,1,0.00E+00,1,1,1,1,1
8699,2.90E-01,9.66E-02,2.49E-01,0,8699,Not eroded,0,0,1,1,1,1,0,0,0.00E+00,0.00E+00,0,0,1,0.00E+00,1,1,1,1,1
8701,9.22E-02,3.19E-01,3.03E-01,0,8701,ERODED,1,1,1,1,1,1,1,0,0.00E+00,0.00E+00,0,0,1,0.00E+00,1,1,1,1,1
8703,2.89E-01,9.84E-02,3.12E-01,0,8703,ERODED,1,1,1,1,1,1,1,0,0.00E+00,0.00E+00,0,0,1,0.00E+00,1,1,1,1,1
8708,1.53E-01,2.67E-01,2.88E-01,4,8708,Not eroded,0,0,1,1,1,1,1,1.02E-06,-9.06E-08,5.87E-07,1.18E-06,2.95E-07,0,2.11E-03,1,1,0,0,0
8709,2.91E-01,1.24E-01,2.63E-01,3,8709,Not eroded,0,0,1,1,1,1,1,-2.35E-06,-7.39E-08,3.19E-06,3.96E-06,1.32E-06,1,7.08E-03,1,1,0,0,0
8710,1.07E-01,1.72E-01,2.78E-01,0,8710,ERODED,1,1,1,1,1,1,1,0,0.00E+00,0.00E+00,0,0,1,0.00E+00,1,1,1,1,1
8713,1.73E-01,2.73E-01,3.27E-01,0,8713,ERODED,1,1,1,1,1,1,1,0,0.00E+00,0.00E+00,0,0,1,0.00E+00,1,1,1,1,1
8716,2.85E-01,6.03E-02,2.95E-01,0,8716,ERODED,1,1,1,1,1,1,1,0,0.00E+00,0.00E+00,0,0,1,0.00E+00,1,1,1,1,1
8718,1.33E-01,5.65E-02,2.86E-01,4,8718,Not eroded,0,0,1,1,1,1,1,-5.02E-08,3.53E-08,2.11E-08,6.49E-08,1.62E-08,0,1.16E-04,1,1,0,0,0
8737,1.31E-01,8.11E-02,2.92E-01,0,8737,Not eroded,0,0,1,1,1,1,1,0,0.00E+00,0.00E+00,0,0,1,0.00E+00,1,1,1,1,1
8740,7.13E-02,1.18E-01,3.17E-01,0,8740,ERODED,1,1,1,1,1,1,1,0,0.00E+00,0.00E+00,0,0,1,0.00E+00,1,1,1,1,1
8741,1.02E-01,2.85E-01,2.63E-01,2,8741,Not eroded,0,0,1,1,1,1,1,1.71E-07,8.75E-08,3.49E-07,3.98E-07,1.99E-07,1,7.12E-04,1,1,1,0,0
8745,2.55E-01,1.32E-01,2.87E-01,0,8745,Not eroded,0,0,1,1,1,1,1,0,0.00E+00,0.00E+00,0,0,1,0.00E+00,1,1,1,1,1
8746,8.96E-02,8.20E-02,2.82E-01,6,8746,Not eroded,0,0,1,1,1,1,1,5.41E-07,4.36E-07,2.84E-07,7.50E-07,1.25E-07,0,1.34E-03,0,0,0,0,0
8752,2.29E-01,2.27E-01,2.82E-01,4,8752,Not eroded,0,0,1,1,1,1,1,9.02E-06,-5.78E-07,-9.53E-06,1.31E-05,3.28E-06,0,2.34E-02,1,1,0,0,0
8754,7.21E-02,1.90E-01,2.76E-01,0,8754,ERODED,1,1,1,1,1,1,1,0,0.00E+00,0.00E+00,0,0,1,0.00E+00,1,1,1,1,1
8756,6.42E-02,8.16E-02,2.59E-01,9,8756,Not eroded,0,0,1,1,1,1,1,-8.82E-08,3.01E-07,-1.52E-09,3.13E-07,3.48E-08,0,5.60E-04,0,0,0,0,0
8759,3.24E-01,2.84E-01,2.72E-01,3,8759,Not eroded,0,0,1,1,1,1,1,7.44E-07,-6.36E-07,2.70E-07,1.02E-06,3.38E-07,1,1.82E-03,1,1,0,0,0
8768,2.26E-01,1.81E-01,3.07E-01,0,8768,ERODED,1,1,1,1,1,1,1,0,0.00E+00,0.00E+00,0,0,1,0.00E+00,1,1,1,1,1
8770,2.22E-01,1.05E-01,2.86E-01,0,8770,ERODED,1,1,1,1,1,1,1,0,0.00E+00,0.00E+00,0,0,1,0.00E+00,1,1,1,1,1
8772,2.13E-01,2.64E-01,2.43E-01,0,8772,Not eroded,0,0,1,1,1,1,0,0,0.00E+00,0.00E+00,0,0,1,0.00E+00,1,1,1,1,1
8786,1.80E-01,3.10E-01,2.73E-01,5,8786,Not eroded,0,0,1,1,1,1,1,4.56E-07,3.15E-07,7.93E-08,5.60E-07,1.12E-07,0,1.00E-03,0,1,0,0,0
8791,1.01E-01,9.51E-02,2.99E-01,0,8791,ERODED,1,1,1,1,1,1,1,0,0.00E+00,0.00E+00,0,0,1,0.00E+00,1,1,1,1,1
8792,5.60E-02,2.00E-01,2.74E-01,4,8792,Not eroded,0,0,1,1,1,1,1,-2.48E-07,3.57E-07,-5.34E-08,4.38E-07,1.09E-07,0,7.83E-04,1,1,0,0,0
8795,2.06E-01,1.46E-01,2.85E-01,0,8795,Not eroded,0,0,1,1,1,1,1,0,0.00E+00,0.00E+00,0,0,1,0.00E+00,1,1,1,1,1
8798,2.50E-01,3.17E-01,2.41E-01,4,8798,Not eroded,0,0,1,1,1,1,0,-3.40E-07,-2.73E-07,1.03E-06,1.12E-06,2.79E-07,0,2.00E-03,1,1,0,0,0
8799,1.03E-01,1.70E-01,2.60E-01,0,8799,ERODED,1,1,1,1,1,1,1,0,0.00E+00,0.00E+00,0,0,1,0.00E+00,1,1,1,1,1
8801,2.18E-01,1.03E-01,2.43E-01,0,8801,Not eroded,0,0,1,1,1,1,0,0,0.00E+00,0.00E+00,0,0,1,0.00E+00,1,1,1,1,1
8811,6.39E-02,2.84E-01,2.57E-01,3,8811,Not eroded,0,0,1,1,1,1,1,4.06E-07,2.59E-08,1.31E-07,4.27E-07,1.42E-07,1,7.64E-04,1,1,0,0,0
8813,9.10E-02,2.87E-01,2.71E-01,3,8813,Not eroded,0,0,1,1,1,1,1,2.24E-07,-1.89E-08,-1.62E-07,2.77E-07,9.23E-08,1,4.95E-04,1,1,0,0,0
8815,5.59E-02,6.28E-02,2.94E-01,4,8815,Not eroded,0,0,1,1,1,1,1,-2.85E-07,-2.39E-08,-8.24E-08,2.98E-07,7.44E-08,0,5.33E-04,1,1,0,0,0
8819,9.20E-02,7.37E-02,2.88E-01,4,8819,Not eroded,0,0,1,1,1,1,1,3.16E-07,1.11E-07,6.18E-08,3.40E-07,8.51E-08,0,6.08E-04,1,1,0,0,0
8820,7.19E-02,2.51E-01,3.04E-01,0,8820,ERODED,1,1,1,1,1,1,1,0,0.00E+00,0.00E+00,0,0,1,0.00E+00,1,1,1,1,1
8826,1.08E-01,1.92E-01,2.77E-01,0,8826,ERODED,1,1,1,1,1,1,1,0,0.00E+00,0.00E+00,0,0,1,0.00E+00,1,1,1,1,1
8829,1.05E-01,6.14E-02,2.91E-01,6,8829,Not eroded,0,0,1,1,1,1,1,3.94E-08,1.39E-07,3.55E-08,1.49E-07,2.48E-08,0,2.67E-04,0,0,0,0,0
8835,5.60E-02,2.68E-01,3.19E-01,0,8835,ERODED,1,1,1,1,1,1,1,0,0.00E+00,0.00E+00,0,0,1,0.00E+00,1,1,1,1,1
8838,3.24E-01,1.92E-01,3.16E-01,0,8838,ERODED,1,1,1,1,1,1,1,0,0.00E+00,0.00E+00,0,0,1,0.00E+00,1,1,1,1,1
8840,1.38E-01,2.22E-01,3.25E-01,0,8840,ERODED,1,1,1,1,1,1,1,0,0.00E+00,0.00E+00,0,0,1,0.00E+00,1,1,1,1,1
8844,3.24E-01,2.48E-01,2.73E-01,3,8844,Not eroded,0,0,1,1,1,1,1,-8.85E-06,-8.86E-07,2.05E-06,9.13E-06,3.04E-06,1,1.63E-02,1,1,0,0,0
8853,2.64E-01,1.46E-01,2.78E-01,0,8853,Not eroded,0,0,1,1,1,1,1,0,0.00E+00,0.00E+00,0,0,1,0.00E+00,1,1,1,1,1
8861,1.92E-01,2.03E-01,3.10E-01,0,8861,ERODED,1,1,1,1,1,1,1,0,0.00E+00,0.00E+00,0,0,1,0.00E+00,1,1,1,1,1
8873,1.23E-01,2.76E-01,3.07E-01,0,8873,ERODED,1,1,1,1,1,1,1,0,0.00E+00,0.00E+00,0,0,1,0.00E+00,1,1,1,1,1
8881,6.09E-02,1.03E-01,2.81E-01,3,8881,Not eroded,0,0,1,1,1,1,1,1.03E-07,3.76E-07,1.99E-07,4.38E-07,1.46E-07,1,7.83E-04,1,1,0,0,0
8882,1.32E-01,2.93E-01,2.94E-01,0,8882,Not eroded,0,0,1,1,1,1,1,0,0.00E+00,0.00E+00,0,0,1,0.00E+00,1,1,1,1,1
8884,1.48E-01,1.38E-01,2.80E-01,0,8884,Not eroded,0,0,1,1,1,1,1,0,0.00E+00,0.00E+00,0,0,1,0.00E+00,1,1,1,1,1
8885,2.66E-01,9.05E-02,2.55E-01,2,8885,Not eroded,0,0,1,1,1,1,1,3.21E-08,2.57E-06,-7.47E-07,2.67E-06,1.34E-06,1,4.78E-03,1,1,1,0,0
8886,2.90E-01,3.25E-01,3.12E-01,0,8886,ERODED,1,1,1,1,1,1,1,0,0.00E+00,0.00E+00,0,0,1,0.00E+00,1,1,1,1,1
8887,1.06E-01,7.39E-02,2.87E-01,3,8887,Not eroded,0,0,1,1,1,1,1,1.88E-07,1.33E-07,4.94E-09,2.30E-07,7.67E-08,1,4.11E-04,1,1,0,0,0
8889,1.31E-01,2.98E-01,2.44E-01,3,8889,Not eroded,0,0,1,1,1,1,0,1.75E-07,-2.08E-07,4.18E-07,4.98E-07,1.66E-07,1,8.91E-04,1,1,0,0,0
8894,2.76E-01,1.22E-01,2.71E-01,0,8894,Not eroded,0,0,1,1,1,1,1,0,0.00E+00,0.00E+00,0,0,1,0.00E+00,1,1,1,1,1
8897,9.15E-02,7.35E-02,2.77E-01,5,8897,Not eroded,0,0,1,1,1,1,1,3.78E-07,2.30E-07,-5.23E-08,4.46E-07,8.91E-08,0,7.98E-04,0,1,0,0,0
8903,1.90E-01,8.15E-02,2.69E-01,6,8903,Not eroded,0,0,1,1,1,1,1,5.85E-07,-5.58E-07,-1.79E-07,8.28E-07,1.38E-07,0,1.48E-03,0,0,0,0,0
8909,2.11E-01,2.17E-01,2.84E-01,6,8909,Not eroded,0,0,1,1,1,1,1,3.36E-06,6.23E-06,-3.46E-06,7.88E-06,1.31E-06,0,1.41E-02,0,0,0,0,0
8911,2.87E-01,1.06E-01,2.51E-01,0,8911,Not eroded,0,0,1,1,1,1,1,0,0.00E+00,0.00E+00,0,0,1,0.00E+00,1,1,1,1,1
8917,1.26E-01,2.41E-01,2.84E-01,4,8917,Not eroded,0,0,1,1,1,1,1,-3.48E-07,-1.20E-07,1.59E-07,4.01E-07,1.00E-07,0,7.17E-04,1,1,0,0,0
8918,1.03E-01,2.99E-01,3.00E-01,0,8918,ERODED,1,1,1,1,1,1,1,0,0.00E+00,0.00E+00,0,0,1,0.00E+00,1,1,1,1,1
8919,2.07E-01,6.10E-02,2.67E-01,0,8919,Not eroded,0,0,1,1,1,1,1,0,0.00E+00,0.00E+00,0,0,1,0.00E+00,1,1,1,1,1
8923,8.53E-02,1.96E-01,3.29E-01,0,8923,ERODED,1,1,1,1,1,1,1,0,0.00E+00,0.00E+00,0,0,1,0.00E+00,1,1,1,1,1
8924,1.83E-01,2.92E-01,2.85E-01,3,8924,Not eroded,0,0,1,1,1,1,1,2.98E-07,-3.34E-07,2.06E-07,4.92E-07,1.64E-07,1,8.80E-04,1,1,0,0,0
8939,2.41E-01,2.37E-01,2.72E-01,6,8939,Not eroded,0,0,1,1,1,1,1,-7.54E-06,9.86E-06,1.06E-06,1.25E-05,2.08E-06,0,2.24E-02,0,0,0,0,0
8945,2.05E-01,1.29E-01,2.97E-01,0,8945,Not eroded,0,0,1,1,1,1,1,0,0.00E+00,0.00E+00,0,0,1,0.00E+00,1,1,1,1,1
8953,1.48E-01,6.57E-02,2.79E-01,0,8953,Not eroded,0,0,1,1,1,1,1,0,0.00E+00,0.00E+00,0,0,1,0.00E+00,1,1,1,1,1
8960,1.86E-01,3.11E-01,2.83E-01,5,8960,Not eroded,0,0,1,1,1,1,1,1.21E-07,4.42E-07,-7.17E-08,4.64E-07,9.28E-08,0,8.30E-04,0,1,0,0,0
8965,1.18E-01,3.25E-01,2.95E-01,0,8965,ERODED,1,1,1,1,1,1,1,0,0.00E+00,0.00E+00,0,0,1,0.00E+00,1,1,1,1,1
8972,2.14E-01,1.75E-01,2.70E-01,4,8972,Not eroded,0,0,1,1,1,1,1,3.41E-07,3.72E-07,-1.11E-06,1.22E-06,3.04E-07,0,2.18E-03,1,1,0,0,0
8976,2.49E-01,2.80E-01,3.01E-01,6,8976,Not eroded,0,0,1,1,1,1,1,9.88E-07,2.75E-06,1.56E-06,3.31E-06,5.52E-07,0,5.92E-03,0,0,0,0,0
8980,2.88E-01,1.54E-01,2.71E-01,0,8980,Not eroded,0,0,1,1,1,1,1,0,0.00E+00,0.00E+00,0,0,1,0.00E+00,1,1,1,1,1
8984,1.54E-01,8.77E-02,2.51E-01,5,8984,Not eroded,0,0,1,1,1,1,1,-1.12E-07,-1.80E-07,-4.83E-07,5.27E-07,1.05E-07,0,9.43E-04,0,1,0,0,0
8985,1.19E-01,9.60E-02,3.29E-01,0,8985,ERODED,1,1,1,1,1,1,1,0,0.00E+00,0.00E+00,0,0,1,0.00E+00,1,1,1,1,1
8986,6.45E-02,3.24E-01,2.85E-01,0,8986,ERODED,1,1,1,1,1,1,1,0,0.00E+00,0.00E+00,0,0,1,0.00E+00,1,1,1,1,1
8991,1.92E-01,9.18E-02,2.42E-01,4,8991,Not eroded,0,0,1,1,1,1,0,1.49E-06,6.01E-07,-5.86E-07,1.71E-06,4.27E-07,0,3.06E-03,1,1,0,0,0
8998,2.88E-01,2.58E-01,2.53E-01,3,8998,Not eroded,0,0,1,1,1,1,1,-3.31E-06,6.35E-06,1.38E-06,7.29E-06,2.43E-06,1,1.30E-02,1,1,0,0,0
9008,2.69E-01,6.26E-02,2.79E-01,0,9008,Not eroded,0,0,1,1,1,1,1,0,0.00E+00,0.00E+00,0,0,1,0.00E+00,1,1,1,1,1
9012,2.31E-01,1.18E-01,2.90E-01,3,9012,ERODED,1,1,1,1,1,1,1,1.32E-06,-1.02E-07,4.17E-06,4.38E-06,1.46E-06,1,7.83E-03,1,1,0,0,0
9016,2.43E-01,2.52E-01,2.99E-01,3,9016,Not eroded,0,0,1,1,1,1,1,2.59E-06,-1.46E-05,3.23E-06,1.52E-05,5.06E-06,1,2.72E-02,1,1,0,0,0
9032,2.80E-01,2.10E-01,2.71E-01,4,9032,Not eroded,0,0,1,1,1,1,1,9.28E-07,1.77E-05,-1.93E-04,0.000193718,4.84E-05,0,3.47E-01,1,1,0,0,0
9034,3.25E-01,2.66E-01,2.44E-01,5,9034,Not eroded,0,0,1,1,1,1,0,-1.46E-06,-7.73E-07,3.20E-06,3.60E-06,7.19E-07,0,6.44E-03,0,1,0,0,0
9040,2.02E-01,2.61E-01,2.44E-01,4,9040,Not eroded,0,0,1,1,1,1,0,4.95E-07,9.12E-07,-2.76E-07,1.07E-06,2.68E-07,0,1.91E-03,1,1,0,0,0
9043,2.87E-01,1.03E-01,2.70E-01,0,9043,Not eroded,0,0,1,1,1,1,1,0,0.00E+00,0.00E+00,0,0,1,0.00E+00,1,1,1,1,1
9048,2.74E-01,3.19E-01,3.16E-01,0,9048,ERODED,1,1,1,1,1,1,1,0,0.00E+00,0.00E+00,0,0,1,0.00E+00,1,1,1,1,1
9057,5.65E-02,3.25E-01,2.97E-01,0,9057,ERODED,1,1,1,1,1,1,1,0,0.00E+00,0.00E+00,0,0,1,0.00E+00,1,1,1,1,1
9063,2.58E-01,1.60E-01,2.81E-01,0,9063,Not eroded,0,0,1,1,1,1,1,0,0.00E+00,0.00E+00,0,0,1,0.00E+00,1,1,1,1,1
9066,1.91E-01,2.64E-01,2.75E-01,0,9066,Not eroded,0,0,1,1,1,1,1,0,0.00E+00,0.00E+00,0,0,1,0.00E+00,1,1,1,1,1
9071,8.41E-02,9.02E-02,2.80E-01,3,9071,Not eroded,0,0,1,1,1,1,1,4.54E-07,-5.29E-08,8.56E-09,4.58E-07,1.53E-07,1,8.19E-04,1,1,0,0,0
9072,1.04E-01,2.10E-01,2.75E-01,0,9072,ERODED,1,1,1,1,1,1,1,0,0.00E+00,0.00E+00,0,0,1,0.00E+00,1,1,1,1,1
9085,1.17E-01,9.81E-02,2.53E-01,0,9085,Not eroded,0,0,1,1,1,1,1,0,0.00E+00,0.00E+00,0,0,1,0.00E+00,1,1,1,1,1
9087,6.32E-02,9.13E-02,2.60E-01,6,9087,Not eroded,0,0,1,1,1,1,1,2.60E-08,-5.98E-09,-1.12E-07,1.15E-07,1.92E-08,0,2.06E-04,0,0,0,0,0
9089,9.10E-02,1.93E-01,2.88E-01,0,9089,ERODED,1,1,1,1,1,1,1,0,0.00E+00,0.00E+00,0,0,1,0.00E+00,1,1,1,1,1
9090,5.61E-02,1.24E-01,2.91E-01,4,9090,Not eroded,0,0,1,1,1,1,1,2.21E-07,9.37E-08,-4.88E-08,2.45E-07,6.12E-08,0,4.38E-04,1,1,0,0,0
9093,2.85E-01,1.03E-01,2.61E-01,0,9093,Not eroded,0,0,1,1,1,1,1,0,0.00E+00,0.00E+00,0,0,1,0.00E+00,1,1,1,1,1
9095,2.94E-01,5.61E-02,2.58E-01,0,9095,ERODED,1,1,1,1,1,1,1,0,0.00E+00,0.00E+00,0,0,1,0.00E+00,1,1,1,1,1
9097,2.80E-01,5.62E-02,2.87E-01,0,9097,ERODED,1,1,1,1,1,1,1,0,0.00E+00,0.00E+00,0,0,1,0.00E+00,1,1,1,1,1
9099,5.60E-02,2.16E-01,2.46E-01,4,9099,Not eroded,0,0,1,1,1,1,0,-2.69E-07,5.34E-08,1.21E-07,3.00E-07,7.49E-08,0,5.37E-04,1,1,0,0,0
9102,1.09E-01,2.56E-01,2.81E-01,3,9102,Not eroded,0,0,1,1,1,1,1,-3.47E-08,6.55E-07,6.43E-08,6.60E-07,2.20E-07,1,1.18E-03,1,1,0,0,0
9103,1.03E-01,2.29E-01,3.18E-01,0,9103,ERODED,1,1,1,1,1,1,1,0,0.00E+00,0.00E+00,0,0,1,0.00E+00,1,1,1,1,1
9104,2.02E-01,5.61E-02,2.49E-01,2,9104,Not eroded,0,0,1,1,1,1,0,-1.31E-07,-1.11E-06,6.99E-08,1.11E-06,5.57E-07,1,1.99E-03,1,1,1,0,0
9106,1.63E-01,3.25E-01,2.98E-01,2,9106,Not eroded,0,0,1,1,1,1,1,1.95E-07,-6.14E-07,2.83E-07,7.04E-07,3.52E-07,1,1.26E-03,1,1,1,0,0
9118,2.43E-01,1.08E-01,2.88E-01,0,9118,ERODED,1,1,1,1,1,1,1,0,0.00E+00,0.00E+00,0,0,1,0.00E+00,1,1,1,1,1
9122,8.53E-02,2.07E-01,3.17E-01,0,9122,ERODED,1,1,1,1,1,1,1,0,0.00E+00,0.00E+00,0,0,1,0.00E+00,1,1,1,1,1
9131,3.04E-01,5.62E-02,3.03E-01,0,9131,ERODED,1,1,1,1,1,1,1,0,0.00E+00,0.00E+00,0,0,1,0.00E+00,1,1,1,1,1
9136,5.60E-02,3.24E-01,2.80E-01,0,9136,ERODED,1,1,1,1,1,1,1,0,0.00E+00,0.00E+00,0,0,1,0.00E+00,1,1,1,1,1
9142,2.93E-01,1.44E-01,2.59E-01,0,9142,Not eroded,0,0,1,1,1,1,1,0,0.00E+00,0.00E+00,0,0,1,0.00E+00,1,1,1,1,1
9144,7.77E-02,3.24E-01,3.23E-01,0,9144,ERODED,1,1,1,1,1,1,1,0,0.00E+00,0.00E+00,0,0,1,0.00E+00,1,1,1,1,1
9150,1.09E-01,2.03E-01,3.07E-01,0,9150,ERODED,1,1,1,1,1,1,1,0,0.00E+00,0.00E+00,0,0,1,0.00E+00,1,1,1,1,1
9152,3.22E-01,2.98E-01,2.96E-01,2,9152,Not eroded,0,0,1,1,1,1,1,-7.28E-07,3.98E-08,3.05E-07,7.90E-07,3.95E-07,1,1.41E-03,1,1,1,0,0
9153,1.26E-01,2.84E-01,3.16E-01,0,9153,ERODED,1,1,1,1,1,1,1,0,0.00E+00,0.00E+00,0,0,1,0.00E+00,1,1,1,1,1
9154,5.59E-02,7.93E-02,2.91E-01,5,9154,Not eroded,0,0,1,1,1,1,1,-1.66E-07,8.03E-08,3.63E-08,1.88E-07,3.76E-08,0,3.36E-04,0,1,0,0,0
9155,2.85E-01,2.27E-01,2.85E-01,0,9155,Not eroded,0,0,1,1,1,1,1,0,0.00E+00,0.00E+00,0,0,1,0.00E+00,1,1,1,1,1
9157,2.98E-01,1.60E-01,3.25E-01,0,9157,ERODED,1,1,1,1,1,1,1,0,0.00E+00,0.00E+00,0,0,1,0.00E+00,1,1,1,1,1
9159,5.60E-02,1.18E-01,2.67E-01,4,9159,Not eroded,0,0,1,1,1,1,1,-1.20E-07,-1.22E-07,2.71E-07,3.20E-07,8.01E-08,0,5.72E-04,1,1,0,0,0
9163,2.70E-01,2.20E-01,3.19E-01,3,9163,ERODED,1,1,1,1,1,1,1,-4.47E-06,-2.16E-06,-1.50E-05,1.58E-05,5.27E-06,1,2.83E-02,1,1,0,0,0
9175,2.21E-01,1.69E-01,2.66E-01,5,9175,Not eroded,0,0,1,1,1,1,1,-1.21E-06,1.09E-07,-2.41E-07,1.24E-06,2.47E-07,0,2.22E-03,0,1,0,0,0
9178,2.46E-01,1.82E-01,2.57E-01,4,9178,Not eroded,0,0,1,1,1,1,1,6.72E-06,4.48E-06,2.03E-06,8.33E-06,2.08E-06,0,1.49E-02,1,1,0,0,0
9181,1.99E-01,1.22E-01,2.94E-01,0,9181,ERODED,1,1,1,1,1,1,1,0,0.00E+00,0.00E+00,0,0,1,0.00E+00,1,1,1,1,1
9183,2.50E-01,2.08E-01,2.92E-01,2,9183,Not eroded,0,0,1,1,1,1,1,-2.56E-06,-2.73E-06,-1.23E-06,3.94E-06,1.97E-06,1,7.05E-03,1,1,1,0,0
9187,1.03E-01,8.91E-02,3.20E-01,0,9187,ERODED,1,1,1,1,1,1,1,0,0.00E+00,0.00E+00,0,0,1,0.00E+00,1,1,1,1,1
9193,6.10E-02,3.25E-01,2.42E-01,4,9193,Not eroded,0,0,1,1,1,1,0,-1.76E-07,-3.77E-07,9.99E-08,4.27E-07,1.07E-07,0,7.64E-04,1,1,0,0,0
9200,1.36E-01,2.87E-01,3.14E-01,0,9200,ERODED,1,1,1,1,1,1,1,0,0.00E+00,0.00E+00,0,0,1,0.00E+00,1,1,1,1,1
9203,2.28E-01,3.25E-01,2.51E-01,4,9203,Not eroded,0,0,1,1,1,1,1,-7.46E-08,-5.56E-07,3.86E-07,6.82E-07,1.70E-07,0,1.22E-03,1,1,0,0,0
9216,1.64E-01,2.81E-01,3.09E-01,0,9216,ERODED,1,1,1,1,1,1,1,0,0.00E+00,0.00E+00,0,0,1,0.00E+00,1,1,1,1,1
9217,6.40E-02,5.77E-02,2.97E-01,4,9217,Not eroded,0,0,1,1,1,1,1,3.36E-07,1.76E-07,1.94E-07,4.26E-07,1.06E-07,0,7.62E-04,1,1,0,0,0
9225,9.86E-02,3.24E-01,2.96E-01,0,9225,ERODED,1,1,1,1,1,1,1,0,0.00E+00,0.00E+00,0,0,1,0.00E+00,1,1,1,1,1
9227,2.87E-01,2.15E-01,2.97E-01,0,9227,Not eroded,0,0,1,1,1,1,1,0,0.00E+00,0.00E+00,0,0,1,0.00E+00,1,1,1,1,1
9231,3.24E-01,9.24E-02,2.47E-01,0,9231,Not eroded,0,0,1,1,1,1,0,0,0.00E+00,0.00E+00,0,0,1,0.00E+00,1,1,1,1,1
9234,9.43E-02,1.48E-01,2.57E-01,0,9234,Not eroded,0,0,1,1,1,1,1,0,0.00E+00,0.00E+00,0,0,1,0.00E+00,1,1,1,1,1
9239,3.21E-01,6.61E-02,2.91E-01,0,9239,Not eroded,0,0,1,1,1,1,1,0,0.00E+00,0.00E+00,0,0,1,0.00E+00,1,1,1,1,1
9241,9.37E-02,1.90E-01,3.26E-01,0,9241,ERODED,1,1,1,1,1,1,1,0,0.00E+00,0.00E+00,0,0,1,0.00E+00,1,1,1,1,1
9250,1.77E-01,1.60E-01,2.94E-01,3,9250,Not eroded,0,0,1,1,1,1,1,2.88E-06,-6.45E-07,6.02E-07,3.01E-06,1.00E-06,1,5.38E-03,1,1,0,0,0
9253,1.31E-01,2.79E-01,2.97E-01,4,9253,Not eroded,0,0,1,1,1,1,1,2.74E-07,-3.73E-07,1.13E-07,4.76E-07,1.19E-07,0,8.51E-04,1,1,0,0,0
9257,6.51E-02,2.44E-01,2.42E-01,4,9257,Not eroded,0,0,1,1,1,1,0,2.69E-07,3.06E-07,1.14E-07,4.23E-07,1.06E-07,0,7.57E-04,1,1,0,0,0
9260,3.24E-01,2.14E-01,3.03E-01,0,9260,ERODED,1,1,1,1,1,1,1,0,0.00E+00,0.00E+00,0,0,1,0.00E+00,1,1,1,1,1
9264,2.36E-01,1.78E-01,2.90E-01,4,9264,Not eroded,0,0,1,1,1,1,1,-1.13E-06,3.65E-06,-3.54E-06,5.21E-06,1.30E-06,0,9.32E-03,1,1,0,0,0
9265,2.98E-01,1.51E-01,2.99E-01,0,9265,Not eroded,0,0,1,1,1,1,1,0,0.00E+00,0.00E+00,0,0,1,0.00E+00,1,1,1,1,1
9272,2.14E-01,2.23E-01,2.72E-01,4,9272,Not eroded,0,0,1,1,1,1,1,-1.85E-06,2.05E-06,1.53E-05,1.55E-05,3.88E-06,0,2.77E-02,1,1,0,0,0
9279,1.89E-01,1.03E-01,2.78E-01,0,9279,Not eroded,0,0,1,1,1,1,1,0,0.00E+00,0.00E+00,0,0,1,0.00E+00,1,1,1,1,1
9285,1.55E-01,2.56E-01,2.69E-01,3,9285,Not eroded,0,0,1,1,1,1,1,2.41E-07,1.83E-07,6.10E-07,6.81E-07,2.27E-07,1,1.22E-03,1,1,0,0,0
9286,2.93E-01,1.63E-01,2.73E-01,0,9286,Not eroded,0,0,1,1,1,1,1,0,0.00E+00,0.00E+00,0,0,1,0.00E+00,1,1,1,1,1
9288,3.24E-01,1.64E-01,2.57E-01,4,9288,Not eroded,0,0,1,1,1,1,1,3.18E-06,-1.41E-06,-6.46E-06,7.34E-06,1.83E-06,0,1.31E-02,1,1,0,0,0
9289,2.02E-01,1.76E-01,3.05E-01,0,9289,ERODED,1,1,1,1,1,1,1,0,0.00E+00,0.00E+00,0,0,1,0.00E+00,1,1,1,1,1
9294,2.45E-01,6.74E-02,3.34E-01,0,9294,ERODED,1,1,1,1,1,1,1,0,0.00E+00,0.00E+00,0,0,1,0.00E+00,1,1,1,1,1
9301,2.08E-01,1.02E-01,2.41E-01,0,9301,Not eroded,0,0,1,1,1,1,0,0,0.00E+00,0.00E+00,0,0,1,0.00E+00,1,1,1,1,1
9302,1.16E-01,2.19E-01,2.51E-01,0,9302,Not eroded,0,0,1,1,1,1,1,0,0.00E+00,0.00E+00,0,0,1,0.00E+00,1,1,1,1,1
9310,2.87E-01,2.32E-01,2.47E-01,3,9310,Not eroded,0,0,1,1,1,1,0,-2.16E-06,3.41E-06,9.16E-06,1.00E-05,3.34E-06,1,1.79E-02,1,1,0,0,0
9322,1.10E-01,2.03E-01,2.92E-01,0,9322,ERODED,1,1,1,1,1,1,1,0,0.00E+00,0.00E+00,0,0,1,0.00E+00,1,1,1,1,1
9330,1.95E-01,2.25E-01,2.83E-01,3,9330,Not eroded,0,0,1,1,1,1,1,5.62E-06,2.44E-06,-2.06E-07,6.13E-06,2.04E-06,1,1.10E-02,1,1,0,0,0
9332,1.37E-01,1.31E-01,2.85E-01,0,9332,ERODED,1,1,1,1,1,1,1,0,0.00E+00,0.00E+00,0,0,1,0.00E+00,1,1,1,1,1
9336,2.23E-01,1.72E-01,2.57E-01,5,9336,Not eroded,0,0,1,1,1,1,1,7.68E-09,9.23E-07,-4.16E-07,1.01E-06,2.02E-07,0,1.81E-03,0,1,0,0,0
9338,1.69E-01,2.36E-01,3.18E-01,0,9338,ERODED,1,1,1,1,1,1,1,0,0.00E+00,0.00E+00,0,0,1,0.00E+00,1,1,1,1,1
9348,8.53E-02,7.09E-02,2.55E-01,7,9348,Not eroded,0,0,1,1,1,1,1,2.34E-07,1.98E-07,1.11E-08,3.07E-07,4.38E-08,0,5.49E-04,0,0,0,0,0
9349,2.65E-01,1.57E-01,2.75E-01,0,9349,Not eroded,0,0,1,1,1,1,1,0,0.00E+00,0.00E+00,0,0,1,0.00E+00,1,1,1,1,1
9351,1.26E-01,1.67E-01,2.57E-01,4,9351,Not eroded,0,0,1,1,1,1,1,1.94E-08,-8.79E-08,2.34E-07,2.51E-07,6.26E-08,0,4.49E-04,1,1,0,0,0
9352,2.75E-01,3.23E-01,3.30E-01,0,9352,ERODED,1,1,1,1,1,1,1,0,0.00E+00,0.00E+00,0,0,1,0.00E+00,1,1,1,1,1
9364,1.41E-01,3.14E-01,2.98E-01,5,9364,Not eroded,0,0,1,1,1,1,1,-4.90E-07,-2.96E-08,2.54E-07,5.53E-07,1.11E-07,0,9.89E-04,0,1,0,0,0
9365,1.69E-01,3.25E-01,2.90E-01,3,9365,Not eroded,0,0,1,1,1,1,1,1.17E-07,-8.39E-07,3.66E-07,9.23E-07,3.08E-07,1,1.65E-03,1,1,0,0,0
9381,1.96E-01,1.16E-01,2.88E-01,2,9381,Not eroded,0,0,1,1,1,1,1,2.45E-07,2.89E-07,6.51E-07,7.53E-07,3.77E-07,1,1.35E-03,1,1,1,0,0
9382,2.16E-01,2.95E-01,2.97E-01,0,9382,Not eroded,0,0,1,1,1,1,1,0,0.00E+00,0.00E+00,0,0,1,0.00E+00,1,1,1,1,1
9389,1.12E-01,1.35E-01,2.46E-01,0,9389,Not eroded,0,0,1,1,1,1,0,0,0.00E+00,0.00E+00,0,0,1,0.00E+00,1,1,1,1,1
9396,5.61E-02,2.47E-01,3.00E-01,0,9396,ERODED,1,1,1,1,1,1,1,0,0.00E+00,0.00E+00,0,0,1,0.00E+00,1,1,1,1,1
9397,1.94E-01,2.19E-01,2.95E-01,3,9397,Not eroded,0,0,1,1,1,1,1,1.37E-06,5.91E-06,-5.94E-06,8.49E-06,2.83E-06,1,1.52E-02,1,1,0,0,0
9398,1.59E-01,1.90E-01,2.85E-01,4,9398,Not eroded,0,0,1,1,1,1,1,-9.49E-07,-4.84E-07,-3.05E-07,1.11E-06,2.77E-07,0,1.99E-03,1,1,0,0,0
9400,7.60E-02,7.03E-02,2.59E-01,5,9400,Not eroded,0,0,1,1,1,1,1,4.05E-08,2.41E-07,6.56E-08,2.53E-07,5.07E-08,0,4.53E-04,0,1,0,0,0
9402,2.55E-01,2.30E-01,3.12E-01,4,9402,Not eroded,0,0,1,1,1,1,1,-1.43E-05,-9.22E-06,-1.29E-05,2.13E-05,5.33E-06,0,3.81E-02,1,1,0,0,0
9403,2.89E-01,2.79E-01,2.84E-01,2,9403,Not eroded,0,0,1,1,1,1,1,2.26E-06,2.58E-06,-7.49E-07,3.51E-06,1.75E-06,1,6.28E-03,1,1,1,0,0
9407,7.53E-02,2.61E-01,3.00E-01,0,9407,ERODED,1,1,1,1,1,1,1,0,0.00E+00,0.00E+00,0,0,1,0.00E+00,1,1,1,1,1
9410,5.81E-02,3.25E-01,2.51E-01,5,9410,Not eroded,0,0,1,1,1,1,1,-2.97E-08,-3.07E-07,1.92E-07,3.64E-07,7.27E-08,0,6.51E-04,0,1,0,0,0
9415,2.20E-01,2.30E-01,2.69E-01,2,9415,Not eroded,0,0,1,1,1,1,1,1.34E-07,-3.60E-06,-3.92E-06,5.32E-06,2.66E-06,1,9.52E-03,1,1,1,0,0
9419,3.10E-01,1.32E-01,2.46E-01,0,9419,Not eroded,0,0,1,1,1,1,0,0,0.00E+00,0.00E+00,0,0,1,0.00E+00,1,1,1,1,1
9421,3.17E-01,1.97E-01,3.11E-01,0,9421,ERODED,1,1,1,1,1,1,1,0,0.00E+00,0.00E+00,0,0,1,0.00E+00,1,1,1,1,1
9425,1.14E-01,1.27E-01,2.52E-01,4,9425,Not eroded,0,0,1,1,1,1,1,2.12E-07,2.28E-07,4.47E-08,3.15E-07,7.87E-08,0,5.63E-04,1,1,0,0,0
9430,1.20E-01,2.49E-01,3.04E-01,3,9430,Not eroded,0,0,1,1,1,1,1,-5.06E-08,1.20E-07,3.91E-08,1.36E-07,4.54E-08,1,2.43E-04,1,1,0,0,0
9442,2.55E-01,3.17E-01,2.80E-01,0,9442,Not eroded,0,0,1,1,1,1,1,0,0.00E+00,0.00E+00,0,0,1,0.00E+00,1,1,1,1,1
9443,3.00E-01,5.63E-02,3.22E-01,0,9443,ERODED,1,1,1,1,1,1,1,0,0.00E+00,0.00E+00,0,0,1,0.00E+00,1,1,1,1,1
9444,1.17E-01,1.96E-01,2.92E-01,0,9444,ERODED,1,1,1,1,1,1,1,0,0.00E+00,0.00E+00,0,0,1,0.00E+00,1,1,1,1,1
9445,8.99E-02,7.53E-02,2.63E-01,4,9445,Not eroded,0,0,1,1,1,1,1,3.16E-07,8.43E-08,4.83E-08,3.31E-07,8.27E-08,0,5.92E-04,1,1,0,0,0
9448,2.21E-01,1.52E-01,2.72E-01,4,9448,Not eroded,0,0,1,1,1,1,1,1.05E-06,2.22E-06,-7.37E-08,2.45E-06,6.13E-07,0,4.38E-03,1,1,0,0,0
9451,5.60E-02,1.07E-01,2.59E-01,4,9451,Not eroded,0,0,1,1,1,1,1,-2.68E-07,-1.97E-08,-1.10E-07,2.90E-07,7.26E-08,0,5.19E-04,1,1,0,0,0
9457,1.97E-01,8.81E-02,2.71E-01,3,9457,Not eroded,0,0,1,1,1,1,1,5.53E-07,3.48E-07,1.89E-07,6.80E-07,2.27E-07,1,1.22E-03,1,1,0,0,0
9458,2.23E-01,2.46E-01,2.88E-01,4,9458,Not eroded,0,0,1,1,1,1,1,-3.62E-06,-4.18E-07,2.94E-06,4.68E-06,1.17E-06,0,8.37E-03,1,1,0,0,0
9459,9.89E-02,7.75E-02,2.59E-01,4,9459,Not eroded,0,0,1,1,1,1,1,8.12E-08,1.24E-07,1.25E-07,1.94E-07,4.86E-08,0,3.47E-04,1,1,0,0,0
9469,7.46E-02,8.96E-02,2.73E-01,5,9469,Not eroded,0,0,1,1,1,1,1,-1.17E-08,3.55E-07,-6.58E-08,3.61E-07,7.22E-08,0,6.46E-04,0,1,0,0,0
9471,9.41E-02,1.25E-01,2.41E-01,4,9471,Not eroded,0,0,1,1,1,1,0,4.73E-08,9.20E-08,1.98E-07,2.23E-07,5.58E-08,0,3.99E-04,1,1,0,0,0
9478,1.93E-01,8.26E-02,2.88E-01,5,9478,Not eroded,0,0,1,1,1,1,1,-4.62E-07,-4.45E-07,5.33E-08,6.43E-07,1.29E-07,0,1.15E-03,0,1,0,0,0
9481,9.98E-02,7.39E-02,2.95E-01,6,9481,Not eroded,0,0,1,1,1,1,1,2.25E-07,2.10E-07,2.26E-08,3.08E-07,5.14E-08,0,5.51E-04,0,0,0,0,0
9485,2.24E-01,1.63E-01,2.73E-01,5,9485,Not eroded,0,0,1,1,1,1,1,9.19E-07,3.64E-06,1.35E-06,3.99E-06,7.97E-07,0,7.14E-03,0,1,0,0,0
9488,1.48E-01,3.13E-01,2.91E-01,5,9488,Not eroded,0,0,1,1,1,1,1,7.83E-08,4.38E-07,1.26E-07,4.62E-07,9.24E-08,0,8.26E-04,0,1,0,0,0
9497,6.18E-02,9.97E-02,2.65E-01,8,9497,Not eroded,0,0,1,1,1,1,1,6.58E-08,1.15E-08,1.77E-08,6.91E-08,8.64E-09,0,1.24E-04,0,0,0,0,0
9498,1.93E-01,1.89E-01,2.53E-01,3,9498,Not eroded,0,0,1,1,1,1,1,1.62E-07,-1.96E-06,-2.31E-06,3.04E-06,1.01E-06,1,5.44E-03,1,1,0,0,0
9510,2.34E-01,2.36E-01,3.01E-01,5,9510,Not eroded,0,0,1,1,1,1,1,-6.12E-06,1.16E-05,4.74E-06,1.39E-05,2.79E-06,0,2.49E-02,0,1,0,0,0
9515,3.17E-01,3.19E-01,2.54E-01,0,9515,Not eroded,0,0,1,1,1,1,1,0,0.00E+00,0.00E+00,0,0,1,0.00E+00,1,1,1,1,1
9516,2.36E-01,2.68E-01,2.87E-01,6,9516,Not eroded,0,0,1,1,1,1,1,2.99E-06,5.10E-06,3.56E-06,6.91E-06,1.15E-06,0,1.24E-02,0,0,0,0,0
9517,3.22E-01,2.01E-01,2.86E-01,0,9517,ERODED,1,1,1,1,1,1,1,0,0.00E+00,0.00E+00,0,0,1,0.00E+00,1,1,1,1,1
9524,2.21E-01,1.00E-01,2.75E-01,0,9524,ERODED,1,1,1,1,1,1,1,0,0.00E+00,0.00E+00,0,0,1,0.00E+00,1,1,1,1,1
9530,1.70E-01,1.26E-01,3.35E-01,0,9530,ERODED,1,1,1,1,1,1,1,0,0.00E+00,0.00E+00,0,0,1,0.00E+00,1,1,1,1,1
9532,2.55E-01,1.45E-01,3.26E-01,0,9532,ERODED,1,1,1,1,1,1,1,0,0.00E+00,0.00E+00,0,0,1,0.00E+00,1,1,1,1,1
9534,7.24E-02,9.03E-02,2.43E-01,0,9534,Not eroded,0,0,1,1,1,1,0,0,0.00E+00,0.00E+00,0,0,1,0.00E+00,1,1,1,1,1
9536,9.24E-02,1.23E-01,2.78E-01,4,9536,Not eroded,0,0,1,1,1,1,1,1.76E-07,1.05E-07,-2.12E-07,2.95E-07,7.37E-08,0,5.28E-04,1,1,0,0,0
9539,5.60E-02,1.87E-01,2.90E-01,0,9539,Not eroded,0,0,1,1,1,1,1,0,0.00E+00,0.00E+00,0,0,1,0.00E+00,1,1,1,1,1
9550,1.46E-01,2.94E-01,2.41E-01,0,9550,Not eroded,0,0,1,1,1,1,0,0,0.00E+00,0.00E+00,0,0,1,0.00E+00,1,1,1,1,1
9551,2.41E-01,1.47E-01,3.05E-01,0,9551,Not eroded,0,0,1,1,1,1,1,0,0.00E+00,0.00E+00,0,0,1,0.00E+00,1,1,1,1,1
9567,8.93E-02,6.41E-02,2.90E-01,5,9567,Not eroded,0,0,1,1,1,1,1,7.75E-08,2.66E-08,8.42E-08,1.17E-07,2.35E-08,0,2.09E-04,0,1,0,0,0
9574,5.60E-02,7.80E-02,2.81E-01,4,9574,Not eroded,0,0,1,1,1,1,1,-2.01E-07,3.27E-07,1.82E-07,4.25E-07,1.06E-07,0,7.60E-04,1,1,0,0,0
9576,9.82E-02,1.12E-01,3.25E-01,0,9576,ERODED,1,1,1,1,1,1,1,0,0.00E+00,0.00E+00,0,0,1,0.00E+00,1,1,1,1,1
9578,1.61E-01,8.04E-02,2.58E-01,3,9578,Not eroded,0,0,1,1,1,1,1,8.09E-07,-2.38E-07,1.93E-07,8.65E-07,2.88E-07,1,1.55E-03,1,1,0,0,0
9588,2.76E-01,2.18E-01,2.86E-01,0,9588,Not eroded,0,0,1,1,1,1,1,0,0.00E+00,0.00E+00,0,0,1,0.00E+00,1,1,1,1,1
9589,3.13E-01,5.64E-02,3.27E-01,0,9589,ERODED,1,1,1,1,1,1,1,0,0.00E+00,0.00E+00,0,0,1,0.00E+00,1,1,1,1,1
9594,1.38E-01,6.34E-02,2.80E-01,0,9594,Not eroded,0,0,1,1,1,1,1,0,0.00E+00,0.00E+00,0,0,1,0.00E+00,1,1,1,1,1
9595,2.14E-01,2.23E-01,3.15E-01,3,9595,Not eroded,0,0,1,1,1,1,1,-1.25E-05,2.22E-06,4.71E-06,1.35E-05,4.50E-06,1,2.41E-02,1,1,0,0,0
9597,2.07E-01,1.17E-01,2.51E-01,4,9597,Not eroded,0,0,1,1,1,1,1,1.19E-06,9.53E-07,2.02E-06,2.53E-06,6.33E-07,0,4.53E-03,1,1,0,0,0
9599,1.15E-01,2.92E-01,2.66E-01,0,9599,ERODED,1,1,1,1,1,1,1,0,0.00E+00,0.00E+00,0,0,1,0.00E+00,1,1,1,1,1
9600,5.71E-02,2.43E-01,3.11E-01,0,9600,ERODED,1,1,1,1,1,1,1,0,0.00E+00,0.00E+00,0,0,1,0.00E+00,1,1,1,1,1
9602,1.06E-01,3.25E-01,2.84E-01,0,9602,ERODED,1,1,1,1,1,1,1,0,0.00E+00,0.00E+00,0,0,1,0.00E+00,1,1,1,1,1
9606,2.44E-01,2.91E-01,2.99E-01,2,9606,Not eroded,0,0,1,1,1,1,1,-3.21E-06,-1.33E-06,-7.35E-07,3.55E-06,1.77E-06,1,6.35E-03,1,1,1,0,0
9607,1.47E-01,1.06E-01,3.15E-01,0,9607,ERODED,1,1,1,1,1,1,1,0,0.00E+00,0.00E+00,0,0,1,0.00E+00,1,1,1,1,1
9610,1.88E-01,3.22E-01,2.94E-01,5,9610,Not eroded,0,0,1,1,1,1,1,6.12E-07,5.52E-07,-1.39E-07,8.36E-07,1.67E-07,0,1.50E-03,0,1,0,0,0
9614,5.60E-02,3.16E-01,2.55E-01,4,9614,Not eroded,0,0,1,1,1,1,1,-9.73E-08,3.36E-08,-1.52E-07,1.83E-07,4.58E-08,0,3.27E-04,1,1,0,0,0
9621,2.24E-01,2.34E-01,3.04E-01,3,9621,Not eroded,0,0,1,1,1,1,1,1.47E-05,4.03E-06,-4.93E-06,1.60E-05,5.34E-06,1,2.86E-02,1,1,0,0,0
9622,7.95E-02,3.23E-01,2.77E-01,0,9622,ERODED,1,1,1,1,1,1,1,0,0.00E+00,0.00E+00,0,0,1,0.00E+00,1,1,1,1,1
9623,6.41E-02,5.61E-02,2.49E-01,5,9623,Not eroded,0,0,1,1,1,1,0,1.11E-07,-9.33E-07,2.58E-07,9.75E-07,1.95E-07,0,1.74E-03,0,1,0,0,0
9624,2.26E-01,1.22E-01,2.42E-01,3,9624,Not eroded,0,0,1,1,1,1,0,8.19E-07,1.17E-06,3.22E-06,3.53E-06,1.18E-06,1,6.31E-03,1,1,0,0,0
9627,2.44E-01,6.58E-02,3.17E-01,0,9627,ERODED,1,1,1,1,1,1,1,0,0.00E+00,0.00E+00,0,0,1,0.00E+00,1,1,1,1,1
9629,2.79E-01,2.75E-01,2.85E-01,4,9629,Not eroded,0,0,1,1,1,1,1,1.18E-06,1.43E-06,-1.99E-06,2.72E-06,6.80E-07,0,4.87E-03,1,1,0,0,0
9630,1.37E-01,8.48E-02,3.00E-01,0,9630,ERODED,1,1,1,1,1,1,1,0,0.00E+00,0.00E+00,0,0,1,0.00E+00,1,1,1,1,1
9635,8.84E-02,3.17E-01,2.58E-01,0,9635,ERODED,1,1,1,1,1,1,1,0,0.00E+00,0.00E+00,0,0,1,0.00E+00,1,1,1,1,1
9641,5.87E-02,2.44E-01,2.80E-01,0,9641,ERODED,1,1,1,1,1,1,1,0,0.00E+00,0.00E+00,0,0,1,0.00E+00,1,1,1,1,1
9643,1.09E-01,1.82E-01,2.49E-01,4,9643,Not eroded,0,0,1,1,1,1,0,3.29E-07,4.50E-07,9.51E-08,5.66E-07,1.41E-07,0,1.01E-03,1,1,0,0,0
9644,2.88E-01,2.97E-01,2.73E-01,0,9644,Not eroded,0,0,1,1,1,1,1,0,0.00E+00,0.00E+00,0,0,1,0.00E+00,1,1,1,1,1
9645,2.46E-01,1.28E-01,2.86E-01,0,9645,Not eroded,0,0,1,1,1,1,1,0,0.00E+00,0.00E+00,0,0,1,0.00E+00,1,1,1,1,1
9648,1.47E-01,7.82E-02,2.67E-01,5,9648,Not eroded,0,0,1,1,1,1,1,-6.09E-08,-1.15E-07,-1.42E-07,1.93E-07,3.86E-08,0,3.45E-04,0,1,0,0,0
9649,2.30E-01,2.76E-01,2.88E-01,5,9649,Not eroded,0,0,1,1,1,1,1,6.29E-06,8.69E-06,-2.67E-06,1.11E-05,2.21E-06,0,1.99E-02,0,1,0,0,0
9652,3.23E-01,1.09E-01,3.19E-01,0,9652,ERODED,1,1,1,1,1,1,1,0,0.00E+00,0.00E+00,0,0,1,0.00E+00,1,1,1,1,1
9655,2.90E-01,2.58E-01,3.16E-01,2,9655,Not eroded,0,0,1,1,1,1,1,1.09E-06,1.41E-06,-6.88E-07,1.91E-06,9.54E-07,1,3.42E-03,1,1,1,0,0
9663,1.73E-01,2.62E-01,2.91E-01,0,9663,Not eroded,0,0,1,1,1,1,1,0,0.00E+00,0.00E+00,0,0,1,0.00E+00,1,1,1,1,1
9664,1.71E-01,2.02E-01,2.84E-01,4,9664,Not eroded,0,0,1,1,1,1,1,2.78E-07,-3.32E-07,4.28E-08,4.35E-07,1.09E-07,0,7.78E-04,1,1,0,0,0
9667,2.12E-01,1.51E-01,2.67E-01,4,9667,Not eroded,0,0,1,1,1,1,1,2.42E-06,-5.75E-07,-5.21E-07,2.54E-06,6.36E-07,0,4.54E-03,1,1,0,0,0
9669,2.64E-01,2.91E-01,3.26E-01,0,9669,ERODED,1,1,1,1,1,1,1,0,0.00E+00,0.00E+00,0,0,1,0.00E+00,1,1,1,1,1
9671,8.51E-02,2.00E-01,2.83E-01,0,9671,ERODED,1,1,1,1,1,1,1,0,0.00E+00,0.00E+00,0,0,1,0.00E+00,1,1,1,1,1
9673,1.62E-01,3.14E-01,2.77E-01,0,9673,Not eroded,0,0,1,1,1,1,1,0,0.00E+00,0.00E+00,0,0,1,0.00E+00,1,1,1,1,1
9696,1.74E-01,1.81E-01,2.78E-01,0,9696,Not eroded,0,0,1,1,1,1,1,0,0.00E+00,0.00E+00,0,0,1,0.00E+00,1,1,1,1,1
9697,2.07E-01,3.24E-01,2.45E-01,5,9697,Not eroded,0,0,1,1,1,1,0,2.41E-08,-1.07E-07,6.14E-08,1.25E-07,2.51E-08,0,2.24E-04,0,1,0,0,0
9700,2.39E-01,1.20E-01,2.82E-01,4,9700,ERODED,1,1,1,1,1,1,1,-1.69E-07,2.39E-06,7.62E-07,2.51E-06,6.29E-07,0,4.49E-03,1,1,0,0,0
9711,7.10E-02,7.85E-02,2.74E-01,4,9711,Not eroded,0,0,1,1,1,1,1,-5.16E-08,2.57E-07,1.01E-07,2.81E-07,7.02E-08,0,5.03E-04,1,1,0,0,0
9715,2.54E-01,2.77E-01,3.15E-01,0,9715,ERODED,1,1,1,1,1,1,1,0,0.00E+00,0.00E+00,0,0,1,0.00E+00,1,1,1,1,1
9718,1.70E-01,2.15E-01,2.90E-01,4,9718,Not eroded,0,0,1,1,1,1,1,1.33E-07,1.28E-06,8.06E-07,1.52E-06,3.80E-07,0,2.72E-03,1,1,0,0,0
9721,1.03E-01,6.79E-02,2.41E-01,6,9721,Not eroded,0,0,1,1,1,1,0,1.29E-07,-2.39E-08,2.70E-07,3.00E-07,5.00E-08,0,5.37E-04,0,0,0,0,0
9725,2.53E-01,2.16E-01,2.87E-01,5,9725,Not eroded,0,0,1,1,1,1,1,-2.08E-05,-1.78E-05,-1.73E-05,3.24E-05,6.47E-06,0,5.80E-02,0,1,0,0,0
9728,5.60E-02,1.77E-01,2.87E-01,0,9728,Not eroded,0,0,1,1,1,1,1,0,0.00E+00,0.00E+00,0,0,1,0.00E+00,1,1,1,1,1
9731,6.22E-02,2.54E-01,3.17E-01,0,9731,ERODED,1,1,1,1,1,1,1,0,0.00E+00,0.00E+00,0,0,1,0.00E+00,1,1,1,1,1
9734,1.77E-01,1.65E-01,2.47E-01,3,9734,Not eroded,0,0,1,1,1,1,0,7.34E-07,2.18E-06,1.54E-06,2.76E-06,9.22E-07,1,4.94E-03,1,1,0,0,0
9740,1.50E-01,1.16E-01,3.17E-01,0,9740,ERODED,1,1,1,1,1,1,1,0,0.00E+00,0.00E+00,0,0,1,0.00E+00,1,1,1,1,1
9757,3.18E-01,1.56E-01,2.59E-01,3,9757,Not eroded,0,0,1,1,1,1,1,-5.20E-06,-6.37E-06,-6.75E-06,1.06E-05,3.55E-06,1,1.90E-02,1,1,0,0,0
9763,2.81E-01,7.74E-02,2.46E-01,0,9763,Not eroded,0,0,1,1,1,1,0,0,0.00E+00,0.00E+00,0,0,1,0.00E+00,1,1,1,1,1
9766,8.25E-02,1.67E-01,2.85E-01,0,9766,Not eroded,0,0,1,1,1,1,1,0,0.00E+00,0.00E+00,0,0,1,0.00E+00,1,1,1,1,1
9767,9.63E-02,2.23E-01,3.10E-01,0,9767,ERODED,1,1,1,1,1,1,1,0,0.00E+00,0.00E+00,0,0,1,0.00E+00,1,1,1,1,1
9770,1.40E-01,2.52E-01,2.89E-01,3,9770,Not eroded,0,0,1,1,1,1,1,6.18E-07,2.77E-07,6.34E-08,6.80E-07,2.27E-07,1,1.22E-03,1,1,0,0,0
9773,6.57E-02,2.32E-01,3.29E-01,0,9773,ERODED,1,1,1,1,1,1,1,0,0.00E+00,0.00E+00,0,0,1,0.00E+00,1,1,1,1,1
9777,3.06E-01,1.42E-01,2.47E-01,0,9777,Not eroded,0,0,1,1,1,1,0,0,0.00E+00,0.00E+00,0,0,1,0.00E+00,1,1,1,1,1
9783,1.56E-01,7.46E-02,2.64E-01,0,9783,Not eroded,0,0,1,1,1,1,1,0,0.00E+00,0.00E+00,0,0,1,0.00E+00,1,1,1,1,1
9785,2.65E-01,1.55E-01,3.28E-01,0,9785,ERODED,1,1,1,1,1,1,1,0,0.00E+00,0.00E+00,0,0,1,0.00E+00,1,1,1,1,1
9789,8.77E-02,3.07E-01,2.61E-01,0,9789,ERODED,1,1,1,1,1,1,1,0,0.00E+00,0.00E+00,0,0,1,0.00E+00,1,1,1,1,1
9791,1.82E-01,3.25E-01,2.56E-01,4,9791,Not eroded,0,0,1,1,1,1,1,1.97E-07,-6.42E-07,-1.43E-07,6.86E-07,1.72E-07,0,1.23E-03,1,1,0,0,0
9792,1.42E-01,1.16E-01,2.97E-01,0,9792,ERODED,1,1,1,1,1,1,1,0,0.00E+00,0.00E+00,0,0,1,0.00E+00,1,1,1,1,1
9800,5.76E-02,2.71E-01,2.62E-01,0,9800,ERODED,1,1,1,1,1,1,1,0,0.00E+00,0.00E+00,0,0,1,0.00E+00,1,1,1,1,1
9801,1.61E-01,1.71E-01,2.72E-01,4,9801,Not eroded,0,0,1,1,1,1,1,-5.23E-08,9.40E-08,1.35E-07,1.73E-07,4.32E-08,0,3.09E-04,1,1,0,0,0
9805,2.25E-01,1.05E-01,2.66E-01,3,9805,Not eroded,0,0,1,1,1,1,1,-3.13E-09,2.60E-06,-2.06E-06,3.32E-06,1.11E-06,1,5.94E-03,1,1,0,0,0
9807,1.38E-01,6.50E-02,2.96E-01,0,9807,Not eroded,0,0,1,1,1,1,1,0,0.00E+00,0.00E+00,0,0,1,0.00E+00,1,1,1,1,1
9816,1.83E-01,1.92E-01,2.92E-01,3,9816,Not eroded,0,0,1,1,1,1,1,4.00E-06,1.35E-06,2.70E-07,4.23E-06,1.41E-06,1,7.57E-03,1,1,0,0,0
9819,2.81E-01,1.80E-01,2.90E-01,0,9819,Not eroded,0,0,1,1,1,1,1,0,0.00E+00,0.00E+00,0,0,1,0.00E+00,1,1,1,1,1
9827,2.06E-01,2.95E-01,2.96E-01,5,9827,Not eroded,0,0,1,1,1,1,1,-3.63E-07,1.20E-06,5.14E-07,1.36E-06,2.71E-07,0,2.43E-03,0,1,0,0,0
9831,1.11E-01,2.59E-01,2.49E-01,4,9831,Not eroded,0,0,1,1,1,1,0,5.95E-07,1.37E-07,1.30E-07,6.24E-07,1.56E-07,0,1.12E-03,1,1,0,0,0
9834,2.77E-01,2.61E-01,2.72E-01,0,9834,Not eroded,0,0,1,1,1,1,1,0,0.00E+00,0.00E+00,0,0,1,0.00E+00,1,1,1,1,1
9835,1.59E-01,6.56E-02,2.60E-01,0,9835,Not eroded,0,0,1,1,1,1,1,0,0.00E+00,0.00E+00,0,0,1,0.00E+00,1,1,1,1,1
9836,2.14E-01,2.50E-01,2.89E-01,4,9836,Not eroded,0,0,1,1,1,1,1,6.35E-06,3.01E-07,2.33E-06,6.77E-06,1.69E-06,0,1.21E-02,1,1,0,0,0
9837,3.08E-01,1.32E-01,2.56E-01,0,9837,Not eroded,0,0,1,1,1,1,1,0,0.00E+00,0.00E+00,0,0,1,0.00E+00,1,1,1,1,1
9843,1.67E-01,1.61E-01,2.74E-01,5,9843,Not eroded,0,0,1,1,1,1,1,2.01E-06,-4.89E-07,6.25E-07,2.16E-06,4.32E-07,0,3.86E-03,0,1,0,0,0
9846,2.85E-01,2.16E-01,2.66E-01,4,9846,Not eroded,0,0,1,1,1,1,1,4.44E-05,5.64E-05,-4.92E-05,8.70E-05,2.17E-05,0,1.56E-01,1,1,0,0,0
9852,2.81E-01,3.25E-01,2.86E-01,0,9852,ERODED,1,1,1,1,1,1,1,0,0.00E+00,0.00E+00,0,0,1,0.00E+00,1,1,1,1,1
9853,3.19E-01,5.63E-02,2.63E-01,0,9853,ERODED,1,1,1,1,1,1,1,0,0.00E+00,0.00E+00,0,0,1,0.00E+00,1,1,1,1,1
9854,8.18E-02,2.42E-01,2.44E-01,3,9854,Not eroded,0,0,1,1,1,1,0,6.00E-08,2.82E-07,7.52E-08,2.98E-07,9.94E-08,1,5.33E-04,1,1,0,0,0
9855,2.35E-01,1.27E-01,2.53E-01,0,9855,Not eroded,0,0,1,1,1,1,1,0,0.00E+00,0.00E+00,0,0,1,0.00E+00,1,1,1,1,1
9856,2.20E-01,2.77E-01,2.44E-01,0,9856,Not eroded,0,0,1,1,1,1,0,0,0.00E+00,0.00E+00,0,0,1,0.00E+00,1,1,1,1,1
9862,1.21E-01,2.63E-01,3.02E-01,3,9862,Not eroded,0,0,1,1,1,1,1,-2.43E-07,-3.59E-08,2.65E-07,3.61E-07,1.20E-07,1,6.46E-04,1,1,0,0,0
9864,2.83E-01,2.18E-01,2.79E-01,0,9864,Not eroded,0,0,1,1,1,1,1,0,0.00E+00,0.00E+00,0,0,1,0.00E+00,1,1,1,1,1
9865,7.12E-02,3.16E-01,2.98E-01,0,9865,ERODED,1,1,1,1,1,1,1,0,0.00E+00,0.00E+00,0,0,1,0.00E+00,1,1,1,1,1
9872,9.31E-02,9.42E-02,2.78E-01,3,9872,Not eroded,0,0,1,1,1,1,1,1.43E-07,2.15E-07,1.12E-07,2.82E-07,9.39E-08,1,5.04E-04,1,1,0,0,0
9873,5.60E-02,1.99E-01,2.84E-01,4,9873,Not eroded,0,0,1,1,1,1,1,-5.22E-09,3.11E-07,1.12E-07,3.31E-07,8.27E-08,0,5.92E-04,1,1,0,0,0
9882,2.77E-01,1.00E-01,2.69E-01,0,9882,Not eroded,0,0,1,1,1,1,1,0,0.00E+00,0.00E+00,0,0,1,0.00E+00,1,1,1,1,1
9883,8.78E-02,3.20E-01,2.72E-01,0,9883,ERODED,1,1,1,1,1,1,1,0,0.00E+00,0.00E+00,0,0,1,0.00E+00,1,1,1,1,1
9889,2.29E-01,2.86E-01,2.86E-01,2,9889,Not eroded,0,0,1,1,1,1,1,4.97E-07,-3.13E-07,8.14E-07,1.00E-06,5.02E-07,1,1.79E-03,1,1,1,0,0
9895,2.05E-01,1.84E-01,2.65E-01,4,9895,Not eroded,0,0,1,1,1,1,1,-5.83E-07,-1.14E-07,2.90E-07,6.61E-07,1.65E-07,0,1.18E-03,1,1,0,0,0
9898,2.15E-01,1.90E-01,2.53E-01,6,9898,Not eroded,0,0,1,1,1,1,1,7.00E-08,5.71E-06,3.11E-06,6.50E-06,1.08E-06,0,1.16E-02,0,0,0,0,0
9906,1.34E-01,2.83E-01,2.76E-01,0,9906,Not eroded,0,0,1,1,1,1,1,0,0.00E+00,0.00E+00,0,0,1,0.00E+00,1,1,1,1,1
9913,2.67E-01,2.61E-01,2.55E-01,3,9913,Not eroded,0,0,1,1,1,1,1,-3.43E-06,5.23E-06,1.56E-06,6.44E-06,2.15E-06,1,1.15E-02,1,1,0,0,0
9914,5.60E-02,2.63E-01,2.41E-01,3,9914,Not eroded,0,0,1,1,1,1,0,-2.92E-07,-1.24E-07,4.76E-07,5.72E-07,1.91E-07,1,1.02E-03,1,1,0,0,0
9923,2.01E-01,2.24E-01,2.91E-01,4,9923,Not eroded,0,0,1,1,1,1,1,-1.53E-06,-1.24E-06,-2.39E-06,3.10E-06,7.75E-07,0,5.54E-03,1,1,0,0,0
9925,1.31E-01,9.05E-02,2.88E-01,3,9925,Not eroded,0,0,1,1,1,1,1,1.25E-07,7.42E-08,1.20E-08,1.45E-07,4.85E-08,1,2.59E-04,1,1,0,0,0
9927,2.33E-01,1.32E-01,3.20E-01,3,9927,Not eroded,0,0,1,1,1,1,1,8.32E-07,1.93E-06,1.70E-06,2.70E-06,9.01E-07,1,4.83E-03,1,1,0,0,0
9928,1.05E-01,3.12E-01,2.94E-01,0,9928,ERODED,1,1,1,1,1,1,1,0,0.00E+00,0.00E+00,0,0,1,0.00E+00,1,1,1,1,1
9929,1.48E-01,1.64E-01,2.76E-01,5,9929,Not eroded,0,0,1,1,1,1,1,-2.65E-07,6.35E-07,-3.01E-07,7.51E-07,1.50E-07,0,1.34E-03,0,1,0,0,0
9938,1.48E-01,2.19E-01,2.92E-01,0,9938,Not eroded,0,0,1,1,1,1,1,0,0.00E+00,0.00E+00,0,0,1,0.00E+00,1,1,1,1,1
9939,3.03E-01,1.76E-01,2.43E-01,0,9939,Not eroded,0,0,1,1,1,1,0,0,0.00E+00,0.00E+00,0,0,1,0.00E+00,1,1,1,1,1
9941,1.01E-01,1.77E-01,2.69E-01,0,9941,ERODED,1,1,1,1,1,1,1,0,0.00E+00,0.00E+00,0,0,1,0.00E+00,1,1,1,1,1
9951,7.06E-02,7.90E-02,2.42E-01,5,9951,Not eroded,0,0,1,1,1,1,0,1.35E-07,4.60E-07,-7.85E-08,4.86E-07,9.71E-08,0,8.69E-04,0,1,0,0,0
9953,1.37E-01,1.66E-01,2.48E-01,0,9953,Not eroded,0,0,1,1,1,1,0,0,0.00E+00,0.00E+00,0,0,1,0.00E+00,1,1,1,1,1
9954,1.83E-01,1.74E-01,2.48E-01,3,9954,Not eroded,0,0,1,1,1,1,0,1.37E-06,-4.06E-08,1.45E-06,2.00E-06,6.66E-07,1,3.58E-03,1,1,0,0,0
9955,1.10E-01,1.86E-01,2.94E-01,0,9955,ERODED,1,1,1,1,1,1,1,0,0.00E+00,0.00E+00,0,0,1,0.00E+00,1,1,1,1,1
9957,1.38E-01,1.03E-01,3.02E-01,0,9957,ERODED,1,1,1,1,1,1,1,0,0.00E+00,0.00E+00,0,0,1,0.00E+00,1,1,1,1,1
9961,1.88E-01,3.00E-01,3.06E-01,4,9961,Not eroded,0,0,1,1,1,1,1,1.45E-07,8.48E-07,4.19E-07,9.57E-07,2.39E-07,0,1.71E-03,1,1,0,0,0
9964,1.71E-01,2.27E-01,2.65E-01,5,9964,Not eroded,0,0,1,1,1,1,1,8.44E-07,7.69E-07,-4.25E-07,1.22E-06,2.44E-07,0,2.18E-03,0,1,0,0,0
9966,2.10E-01,2.90E-01,2.48E-01,5,9966,Not eroded,0,0,1,1,1,1,0,1.36E-06,9.91E-08,-2.94E-07,1.39E-06,2.79E-07,0,2.49E-03,0,1,0,0,0
9969,1.00E-01,2.12E-01,2.96E-01,0,9969,ERODED,1,1,1,1,1,1,1,0,0.00E+00,0.00E+00,0,0,1,0.00E+00,1,1,1,1,1
9970,2.88E-01,1.93E-01,2.66E-01,0,9970,Not eroded,0,0,1,1,1,1,1,0,0.00E+00,0.00E+00,0,0,1,0.00E+00,1,1,1,1,1
9972,6.85E-02,2.50E-01,2.77E-01,0,9972,ERODED,1,1,1,1,1,1,1,0,0.00E+00,0.00E+00,0,0,1,0.00E+00,1,1,1,1,1
9976,3.07E-01,2.47E-01,2.57E-01,4,9976,Not eroded,0,0,1,1,1,1,1,-3.47E-06,-9.15E-07,6.33E-06,7.28E-06,1.82E-06,0,1.30E-02,1,1,0,0,0
9980,5.61E-02,3.01E-01,2.99E-01,0,9980,ERODED,1,1,1,1,1,1,1,0,0.00E+00,0.00E+00,0,0,1,0.00E+00,1,1,1,1,1
9982,1.61E-01,3.24E-01,2.80E-01,3,9982,Not eroded,0,0,1,1,1,1,1,1.30E-10,-1.42E-07,7.46E-08,1.60E-07,5.34E-08,1,2.86E-04,1,1,0,0,0
9983,3.23E-01,2.36E-01,2.41E-01,4,9983,Not eroded,0,0,1,1,1,1,0,-9.77E-07,-9.76E-07,1.57E-05,1.57E-05,3.94E-06,0,2.81E-02,1,1,0,0,0
9985,1.45E-01,3.25E-01,2.87E-01,3,9985,Not eroded,0,0,1,1,1,1,1,1.06E-07,-9.38E-07,4.18E-07,1.03E-06,3.44E-07,1,1.84E-03,1,1,0,0,0
9995,1.87E-01,1.28E-01,2.61E-01,0,9995,Not eroded,0,0,1,1,1,1,1,0,0.00E+00,0.00E+00,0,0,1,0.00E+00,1,1,1,1,1
10003,1.26E-01,1.63E-01,3.17E-01,0,10003,ERODED,1,1,1,1,1,1,1,0,0.00E+00,0.00E+00,0,0,1,0.00E+00,1,1,1,1,1
10014,7.98E-02,3.11E-01,2.99E-01,0,10014,ERODED,1,1,1,1,1,1,1,0,0.00E+00,0.00E+00,0,0,1,0.00E+00,1,1,1,1,1
10017,2.47E-01,2.53E-01,2.73E-01,7,10017,Not eroded,0,0,1,1,1,1,1,2.31E-06,3.67E-06,-3.27E-06,5.43E-06,7.76E-07,0,9.71E-03,0,0,0,0,0
10025,2.71E-01,1.29E-01,2.65E-01,0,10025,Not eroded,0,0,1,1,1,1,1,0,0.00E+00,0.00E+00,0,0,1,0.00E+00,1,1,1,1,1
10026,5.93E-02,1.23E-01,3.00E-01,2,10026,Not eroded,0,0,1,1,1,1,1,3.89E-07,-1.06E-07,3.00E-07,5.02E-07,2.51E-07,1,8.98E-04,1,1,1,0,0
10035,1.82E-01,2.22E-01,2.90E-01,4,10035,Not eroded,0,0,1,1,1,1,1,-1.04E-06,7.45E-07,2.33E-06,2.66E-06,6.64E-07,0,4.76E-03,1,1,0,0,0
10037,3.24E-01,9.57E-02,2.89E-01,0,10037,ERODED,1,1,1,1,1,1,1,0,0.00E+00,0.00E+00,0,0,1,0.00E+00,1,1,1,1,1
10048,2.59E-01,5.64E-02,2.93E-01,0,10048,Not eroded,0,0,1,1,1,1,1,0,0.00E+00,0.00E+00,0,0,1,0.00E+00,1,1,1,1,1
10053,2.33E-01,2.44E-01,2.82E-01,4,10053,Not eroded,0,0,1,1,1,1,1,-7.65E-07,3.55E-06,-1.43E-07,3.64E-06,9.09E-07,0,6.51E-03,1,1,0,0,0
10055,2.69E-01,2.35E-01,2.42E-01,4,10055,Not eroded,0,0,1,1,1,1,0,1.07E-05,-5.90E-07,-1.49E-06,1.08E-05,2.70E-06,0,1.93E-02,1,1,0,0,0
10060,1.40E-01,3.00E-01,2.59E-01,4,10060,Not eroded,0,0,1,1,1,1,1,1.61E-07,-8.85E-08,3.97E-07,4.37E-07,1.09E-07,0,7.82E-04,1,1,0,0,0
10064,6.58E-02,1.22E-01,2.76E-01,4,10064,Not eroded,0,0,1,1,1,1,1,6.39E-08,1.06E-07,-3.31E-07,3.54E-07,8.84E-08,0,6.33E-04,1,1,0,0,0
10074,3.24E-01,7.48E-02,2.85E-01,0,10074,Not eroded,0,0,1,1,1,1,1,0,0.00E+00,0.00E+00,0,0,1,0.00E+00,1,1,1,1,1
10083,7.08E-02,2.69E-01,3.05E-01,0,10083,ERODED,1,1,1,1,1,1,1,0,0.00E+00,0.00E+00,0,0,1,0.00E+00,1,1,1,1,1
10086,2.29E-01,1.78E-01,2.51E-01,5,10086,Not eroded,0,0,1,1,1,1,1,-5.05E-07,-1.06E-06,2.74E-06,2.98E-06,5.96E-07,0,5.33E-03,0,1,0,0,0
10089,2.10E-01,6.78E-02,2.80E-01,5,10089,Not eroded,0,0,1,1,1,1,1,7.11E-08,1.30E-06,2.17E-07,1.32E-06,2.64E-07,0,2.36E-03,0,1,0,0,0
10099,2.91E-01,8.58E-02,3.28E-01,0,10099,ERODED,1,1,1,1,1,1,1,0,0.00E+00,0.00E+00,0,0,1,0.00E+00,1,1,1,1,1
10101,1.80E-01,1.53E-01,3.06E-01,0,10101,ERODED,1,1,1,1,1,1,1,0,0.00E+00,0.00E+00,0,0,1,0.00E+00,1,1,1,1,1
10104,1.00E-01,6.92E-02,2.77E-01,4,10104,Not eroded,0,0,1,1,1,1,1,3.01E-07,1.93E-07,1.16E-07,3.76E-07,9.39E-08,0,6.73E-04,1,1,0,0,0
10107,1.08E-01,1.74E-01,3.24E-01,0,10107,ERODED,1,1,1,1,1,1,1,0,0.00E+00,0.00E+00,0,0,1,0.00E+00,1,1,1,1,1
10110,2.06E-01,3.19E-01,2.71E-01,0,10110,Not eroded,0,0,1,1,1,1,1,0,0.00E+00,0.00E+00,0,0,1,0.00E+00,1,1,1,1,1
10117,2.86E-01,1.88E-01,2.87E-01,0,10117,Not eroded,0,0,1,1,1,1,1,0,0.00E+00,0.00E+00,0,0,1,0.00E+00,1,1,1,1,1
10121,2.90E-01,1.63E-01,3.20E-01,0,10121,ERODED,1,1,1,1,1,1,1,0,0.00E+00,0.00E+00,0,0,1,0.00E+00,1,1,1,1,1
10124,1.90E-01,1.67E-01,2.50E-01,5,10124,Not eroded,0,0,1,1,1,1,0,2.03E-07,1.17E-06,-1.21E-06,1.69E-06,3.38E-07,0,3.02E-03,0,1,0,0,0
10128,2.08E-01,1.15E-01,2.41E-01,3,10128,Not eroded,0,0,1,1,1,1,0,2.79E-07,-3.35E-07,4.31E-07,6.13E-07,2.04E-07,1,1.10E-03,1,1,0,0,0
10137,3.06E-01,1.49E-01,2.54E-01,0,10137,Not eroded,0,0,1,1,1,1,1,0,0.00E+00,0.00E+00,0,0,1,0.00E+00,1,1,1,1,1
10139,3.15E-01,2.92E-01,3.00E-01,0,10139,Not eroded,0,0,1,1,1,1,1,0,0.00E+00,0.00E+00,0,0,1,0.00E+00,1,1,1,1,1
10142,2.74E-01,2.11E-01,2.79E-01,3,10142,Not eroded,0,0,1,1,1,1,1,-0.000296499,-1.99E-05,-4.05E-04,0.000502526,0.000167509,1,8.99E-01,1,1,0,0,0
10146,2.54E-01,1.96E-01,3.11E-01,4,10146,Not eroded,0,0,1,1,1,1,1,1.41E-06,-6.97E-06,2.49E-06,7.54E-06,1.88E-06,0,1.35E-02,1,1,0,0,0
10153,2.55E-01,1.29E-01,2.53E-01,4,10153,Not eroded,0,0,1,1,1,1,1,1.39E-06,1.49E-06,1.39E-07,2.04E-06,5.10E-07,0,3.65E-03,1,1,0,0,0
10165,2.44E-01,1.59E-01,2.86E-01,4,10165,Not eroded,0,0,1,1,1,1,1,-2.42E-06,-4.16E-07,4.98E-07,2.50E-06,6.26E-07,0,4.47E-03,1,1,0,0,0
10170,9.07E-02,1.26E-01,3.11E-01,0,10170,ERODED,1,1,1,1,1,1,1,0,0.00E+00,0.00E+00,0,0,1,0.00E+00,1,1,1,1,1
10172,2.25E-01,1.65E-01,3.03E-01,4,10172,Not eroded,0,0,1,1,1,1,1,-1.67E-06,1.06E-06,6.51E-07,2.08E-06,5.20E-07,0,3.72E-03,1,1,0,0,0
10174,1.83E-01,3.25E-01,2.85E-01,3,10174,Not eroded,0,0,1,1,1,1,1,2.15E-07,-1.08E-06,3.87E-07,1.16E-06,3.88E-07,1,2.07E-03,1,1,0,0,0
10177,2.53E-01,2.40E-01,2.84E-01,5,10177,Not eroded,0,0,1,1,1,1,1,1.18E-05,4.30E-06,1.79E-05,2.18E-05,4.36E-06,0,3.90E-02,0,1,0,0,0
10178,2.27E-01,1.81E-01,2.68E-01,2,10178,Not eroded,0,0,1,1,1,1,1,9.94E-07,8.35E-07,-2.23E-06,2.58E-06,1.29E-06,1,4.61E-03,1,1,1,0,0
10181,3.11E-01,5.62E-02,2.82E-01,0,10181,ERODED,1,1,1,1,1,1,1,0,0.00E+00,0.00E+00,0,0,1,0.00E+00,1,1,1,1,1
10184,2.53E-01,2.54E-01,2.66E-01,3,10184,Not eroded,0,0,1,1,1,1,1,3.21E-07,-6.18E-06,-5.65E-06,8.38E-06,2.79E-06,1,1.50E-02,1,1,0,0,0
10185,1.64E-01,2.61E-01,2.95E-01,3,10185,Not eroded,0,0,1,1,1,1,1,9.88E-07,-3.68E-07,9.11E-07,1.39E-06,4.64E-07,1,2.49E-03,1,1,0,0,0
10187,1.39E-01,2.95E-01,3.02E-01,4,10187,Not eroded,0,0,1,1,1,1,1,-5.65E-08,6.80E-08,-1.64E-07,1.87E-07,4.66E-08,0,3.34E-04,1,1,0,0,0
10189,2.89E-01,1.20E-01,3.19E-01,0,10189,ERODED,1,1,1,1,1,1,1,0,0.00E+00,0.00E+00,0,0,1,0.00E+00,1,1,1,1,1
10194,2.61E-01,3.25E-01,3.00E-01,0,10194,ERODED,1,1,1,1,1,1,1,0,0.00E+00,0.00E+00,0,0,1,0.00E+00,1,1,1,1,1
10197,7.24E-02,2.60E-01,3.10E-01,0,10197,ERODED,1,1,1,1,1,1,1,0,0.00E+00,0.00E+00,0,0,1,0.00E+00,1,1,1,1,1
10198,2.36E-01,2.88E-01,2.74E-01,4,10198,Not eroded,0,0,1,1,1,1,1,-6.20E-07,1.43E-06,7.21E-07,1.72E-06,4.30E-07,0,3.08E-03,1,1,0,0,0
10199,2.01E-01,2.00E-01,3.12E-01,0,10199,ERODED,1,1,1,1,1,1,1,0,0.00E+00,0.00E+00,0,0,1,0.00E+00,1,1,1,1,1
10202,1.98E-01,1.81E-01,2.56E-01,4,10202,Not eroded,0,0,1,1,1,1,1,-3.00E-06,-1.04E-06,-2.08E-07,3.18E-06,7.95E-07,0,5.69E-03,1,1,0,0,0
10206,3.15E-01,2.08E-01,2.97E-01,0,10206,ERODED,1,1,1,1,1,1,1,0,0.00E+00,0.00E+00,0,0,1,0.00E+00,1,1,1,1,1
10207,2.36E-01,9.28E-02,2.42E-01,0,10207,Not eroded,0,0,1,1,1,1,0,0,0.00E+00,0.00E+00,0,0,1,0.00E+00,1,1,1,1,1
10216,2.14E-01,2.41E-01,2.45E-01,4,10216,Not eroded,0,0,1,1,1,1,0,-1.10E-06,6.06E-07,-6.51E-07,1.41E-06,3.53E-07,0,2.52E-03,1,1,0,0,0
10228,8.97E-02,6.29E-02,2.51E-01,6,10228,Not eroded,0,0,1,1,1,1,1,1.84E-07,1.47E-07,2.61E-07,3.52E-07,5.86E-08,0,6.30E-04,0,0,0,0,0
10238,9.19E-02,1.73E-01,2.68E-01,0,10238,ERODED,1,1,1,1,1,1,1,0,0.00E+00,0.00E+00,0,0,1,0.00E+00,1,1,1,1,1
10241,2.17E-01,1.69E-01,2.78E-01,0,10241,Not eroded,0,0,1,1,1,1,1,0,0.00E+00,0.00E+00,0,0,1,0.00E+00,1,1,1,1,1
10243,3.02E-01,3.23E-01,2.50E-01,0,10243,Not eroded,0,0,1,1,1,1,0,0,0.00E+00,0.00E+00,0,0,1,0.00E+00,1,1,1,1,1
10255,3.09E-01,1.89E-01,3.26E-01,0,10255,ERODED,1,1,1,1,1,1,1,0,0.00E+00,0.00E+00,0,0,1,0.00E+00,1,1,1,1,1
10260,2.39E-01,1.23E-01,2.91E-01,4,10260,Not eroded,0,0,1,1,1,1,1,-2.10E-06,-7.18E-07,1.43E-06,2.64E-06,6.61E-07,0,4.72E-03,1,1,0,0,0
10263,7.30E-02,1.97E-01,2.45E-01,4,10263,Not eroded,0,0,1,1,1,1,0,-3.52E-08,5.44E-10,4.65E-07,4.66E-07,1.16E-07,0,8.34E-04,1,1,0,0,0
10264,2.09E-01,2.07E-01,3.08E-01,0,10264,ERODED,1,1,1,1,1,1,1,0,0.00E+00,0.00E+00,0,0,1,0.00E+00,1,1,1,1,1
10268,1.66E-01,2.54E-01,2.66E-01,5,10268,Not eroded,0,0,1,1,1,1,1,1.10E-07,2.35E-06,4.12E-07,2.39E-06,4.77E-07,0,4.28E-03,0,1,0,0,0
