Before erosion ID,Initial X,Initial Y,Initial Z,Initial connectivity,Before erosion ID,Erosion state,Encoded erosion state,Z location half,Z location 0.21,Z location 0.22,Z location 0.23,Z location 0.24,Z location 0.25,3 connectivity,1 Connectivity,2 Connectivity,4 Connectivity,5 Connectivity
2,5.74E-02,6.69E-02,0.3180699,0,2,ERODED,1,1,1,1,1,1,1,1,1,1,1,1
3,1.22E-01,7.32E-02,0.2571037,5,3,Not eroded,0,1,1,1,1,1,1,0,0,0,0,1
8,2.17E-01,5.60E-02,0.2169149,4,8,Not eroded,0,1,1,0,0,0,0,0,0,0,1,1
10,1.72E-01,1.47E-01,0.2819585,0,10,Not eroded,0,1,1,1,1,1,1,1,1,1,1,1
16,2.78E-01,1.37E-01,0.29518,0,16,ERODED,1,1,1,1,1,1,1,1,1,1,1,1
18,3.18E-01,2.00E-01,0.2757708,5,18,Not eroded,0,1,1,1,1,1,1,0,0,0,0,1
19,1.03E-01,1.38E-01,0.3237126,0,19,ERODED,1,1,1,1,1,1,1,1,1,1,1,1
20,1.23E-01,2.65E-01,0.3052567,0,20,ERODED,1,1,1,1,1,1,1,1,1,1,1,1
30,1.25E-01,1.45E-01,0.2675918,0,30,Not eroded,0,1,1,1,1,1,1,1,1,1,1,1
34,1.26E-01,1.53E-01,0.2269813,4,34,Not eroded,0,1,1,1,0,0,0,0,0,0,1,1
35,1.83E-01,5.62E-02,0.2918192,0,35,ERODED,1,1,1,1,1,1,1,1,1,1,1,1
36,1.75E-01,1.42E-01,0.2729344,0,36,Not eroded,0,1,1,1,1,1,1,1,1,1,1,1
37,2.15E-01,1.86E-01,0.2503775,3,37,Not eroded,0,1,1,1,1,1,1,1,0,0,1,1
40,1.23E-01,1.36E-01,0.2584334,6,40,Not eroded,0,1,1,1,1,1,1,0,0,0,0,0
41,1.35E-01,1.55E-01,0.3125369,0,41,ERODED,1,1,1,1,1,1,1,1,1,1,1,1
43,2.89E-01,2.95E-01,0.2323914,5,43,Not eroded,0,1,1,1,1,0,0,0,0,0,0,1
45,3.24E-01,1.04E-01,0.2115298,0,45,Not eroded,0,1,1,0,0,0,0,1,1,1,1,1
49,1.77E-01,1.48E-01,0.2365456,3,49,Not eroded,0,1,1,1,1,0,0,1,0,0,1,1
51,6.48E-02,3.06E-01,0.2107259,3,51,Not eroded,0,1,1,0,0,0,0,1,0,0,1,1
53,6.16E-02,6.40E-02,0.2409885,5,53,Not eroded,0,1,1,1,1,1,0,0,0,0,0,1
61,1.25E-01,1.29E-01,0.3095942,0,61,ERODED,1,1,1,1,1,1,1,1,1,1,1,1
62,1.80E-01,1.28E-01,0.2775718,0,62,ERODED,1,1,1,1,1,1,1,1,1,1,1,1
64,1.56E-01,3.16E-01,0.2468384,0,64,ERODED,1,1,1,1,1,1,0,1,1,1,1,1
68,9.97E-02,2.34E-01,0.225604,5,68,Not eroded,0,1,1,1,0,0,0,0,0,0,0,1
70,1.06E-01,1.66E-01,0.2550653,4,70,Not eroded,0,1,1,1,1,1,1,0,0,0,1,1
72,3.24E-01,6.81E-02,0.2718823,0,72,Not eroded,0,1,1,1,1,1,1,1,1,1,1,1
73,1.31E-01,1.74E-01,0.2523884,4,73,Not eroded,0,1,1,1,1,1,1,0,0,0,1,1
75,2.52E-01,2.88E-01,0.2324878,0,75,Not eroded,0,1,1,1,1,0,0,1,1,1,1,1
77,2.48E-01,2.22E-01,0.2251985,0,77,Not eroded,0,1,1,1,0,0,0,1,1,1,1,1
84,3.06E-01,1.79E-01,0.2481434,0,84,Not eroded,0,1,1,1,1,1,0,1,1,1,1,1
85,2.25E-01,2.38E-01,0.2668286,0,85,Not eroded,0,1,1,1,1,1,1,1,1,1,1,1
86,8.15E-02,1.26E-01,0.2134475,4,86,Not eroded,0,1,1,0,0,0,0,0,0,0,1,1
90,5.65E-02,2.54E-01,0.2577799,0,90,ERODED,1,1,1,1,1,1,1,1,1,1,1,1
92,1.02E-01,3.17E-01,0.2906882,0,92,ERODED,1,1,1,1,1,1,1,1,1,1,1,1
100,2.58E-01,2.30E-01,0.2456985,5,100,Not eroded,0,1,1,1,1,1,0,0,0,0,0,1
111,2.53E-01,2.27E-01,0.2535425,4,111,Not eroded,0,1,1,1,1,1,1,0,0,0,1,1
113,1.77E-01,1.37E-01,0.2822054,0,113,Not eroded,0,1,1,1,1,1,1,1,1,1,1,1
118,1.16E-01,5.59E-02,0.2758187,0,118,Not eroded,0,1,1,1,1,1,1,1,1,1,1,1
122,1.76E-01,2.22E-01,0.2307607,5,122,Not eroded,0,1,1,1,1,0,0,0,0,0,0,1
125,1.76E-01,2.57E-01,0.2683822,0,125,Not eroded,0,1,1,1,1,1,1,1,1,1,1,1
133,2.67E-01,1.16E-01,0.3151198,0,133,ERODED,1,1,1,1,1,1,1,1,1,1,1,1
134,5.65E-02,1.19E-01,0.2604809,4,134,Not eroded,0,1,1,1,1,1,1,0,0,0,1,1
136,2.19E-01,1.24E-01,0.2369694,4,136,Not eroded,0,1,1,1,1,0,0,0,0,0,1,1
140,9.07E-02,3.24E-01,0.2556761,3,140,Not eroded,0,1,1,1,1,1,1,1,0,0,1,1
144,2.26E-01,1.47E-01,0.2711096,0,144,Not eroded,0,1,1,1,1,1,1,1,1,1,1,1
150,2.64E-01,1.42E-01,0.2302506,4,150,Not eroded,0,1,1,1,1,0,0,0,0,0,1,1
155,5.77E-02,2.41E-01,0.2614585,0,155,ERODED,1,1,1,1,1,1,1,1,1,1,1,1
157,9.21E-02,2.23E-01,0.2771613,0,157,ERODED,1,1,1,1,1,1,1,1,1,1,1,1
158,2.87E-01,2.90E-01,0.2435469,5,158,Not eroded,0,1,1,1,1,1,0,0,0,0,0,1
160,1.83E-01,1.88E-01,0.3253551,0,160,ERODED,1,1,1,1,1,1,1,1,1,1,1,1
161,5.65E-02,9.74E-02,0.229806,4,161,Not eroded,0,1,1,1,0,0,0,0,0,0,1,1
162,2.65E-01,1.01E-01,0.3031245,0,162,ERODED,1,1,1,1,1,1,1,1,1,1,1,1
164,1.49E-01,7.59E-02,0.257349,5,164,Not eroded,0,1,1,1,1,1,1,0,0,0,0,1
167,8.33E-02,1.56E-01,0.2885213,0,167,Not eroded,0,1,1,1,1,1,1,1,1,1,1,1
169,2.54E-01,7.45E-02,0.2721059,2,169,Not eroded,0,1,1,1,1,1,1,1,0,1,1,1
170,5.65E-02,2.15E-01,0.2151406,2,170,Not eroded,0,1,1,0,0,0,0,1,0,1,1,1
171,9.83E-02,3.24E-01,0.3197057,0,171,ERODED,1,1,1,1,1,1,1,1,1,1,1,1
173,1.77E-01,7.29E-02,0.2808742,3,173,Not eroded,0,1,1,1,1,1,1,1,0,0,1,1
174,2.19E-01,2.26E-01,0.3190343,0,174,ERODED,1,1,1,1,1,1,1,1,1,1,1,1
178,1.70E-01,3.01E-01,0.292454,0,178,ERODED,1,1,1,1,1,1,1,1,1,1,1,1
180,7.04E-02,6.51E-02,0.2456635,3,180,Not eroded,0,1,1,1,1,1,0,1,0,0,1,1
183,2.65E-01,3.24E-01,0.2155894,3,183,Not eroded,0,1,1,0,0,0,0,1,0,0,1,1
187,2.23E-01,1.00E-01,0.236571,0,187,Not eroded,0,1,1,1,1,0,0,1,1,1,1,1
191,2.51E-01,5.65E-02,0.2161297,4,191,Not eroded,0,1,1,0,0,0,0,0,0,0,1,1
198,2.93E-01,2.03E-01,0.2526133,5,198,Not eroded,0,1,1,1,1,1,1,0,0,0,0,1
199,2.69E-01,1.55E-01,0.2162117,4,199,Not eroded,0,1,1,0,0,0,0,0,0,0,1,1
200,1.73E-01,2.17E-01,0.3052491,0,200,ERODED,1,1,1,1,1,1,1,1,1,1,1,1
202,2.79E-01,2.55E-01,0.2324863,0,202,Not eroded,0,1,1,1,1,0,0,1,1,1,1,1
211,9.01E-02,2.14E-01,0.2170289,3,211,Not eroded,0,1,1,0,0,0,0,1,0,0,1,1
224,2.88E-01,2.83E-01,0.2363797,0,224,Not eroded,0,1,1,1,1,0,0,1,1,1,1,1
226,2.08E-01,5.59E-02,0.2139487,3,226,Not eroded,0,1,1,0,0,0,0,1,0,0,1,1
232,2.87E-01,1.49E-01,0.3249976,0,232,ERODED,1,1,1,1,1,1,1,1,1,1,1,1
238,1.81E-01,2.51E-01,0.2508298,4,238,Not eroded,0,1,1,1,1,1,1,0,0,0,1,1
239,2.76E-01,8.10E-02,0.3164421,0,239,ERODED,1,1,1,1,1,1,1,1,1,1,1,1
241,1.01E-01,2.37E-01,0.2373363,0,241,Not eroded,0,1,1,1,1,0,0,1,1,1,1,1
242,3.10E-01,1.53E-01,0.2625158,5,242,Not eroded,0,1,1,1,1,1,1,0,0,0,0,1
245,2.03E-01,2.92E-01,0.3115631,2,245,Not eroded,0,1,1,1,1,1,1,1,0,1,1,1
262,2.80E-01,2.42E-01,0.2351331,2,262,Not eroded,0,1,1,1,1,0,0,1,0,1,1,1
263,3.24E-01,1.88E-01,0.2156817,2,263,Not eroded,0,1,1,0,0,0,0,1,0,1,1,1
264,1.68E-01,2.57E-01,0.3017845,0,264,ERODED,1,1,1,1,1,1,1,1,1,1,1,1
267,1.04E-01,9.03E-02,0.2256755,5,267,Not eroded,0,1,1,1,0,0,0,0,0,0,0,1
270,1.03E-01,1.39E-01,0.2829213,0,270,Not eroded,0,1,1,1,1,1,1,1,1,1,1,1
272,3.16E-01,2.03E-01,0.3182721,0,272,ERODED,1,1,1,1,1,1,1,1,1,1,1,1
275,2.60E-01,6.37E-02,0.2896594,7,275,Not eroded,0,1,1,1,1,1,1,0,0,0,0,0
276,1.07E-01,1.20E-01,0.2311621,4,276,Not eroded,0,1,1,1,1,0,0,0,0,0,1,1
278,3.01E-01,2.03E-01,0.2585711,6,278,Not eroded,0,1,1,1,1,1,1,0,0,0,0,0
281,2.79E-01,1.19E-01,0.2897707,0,281,ERODED,1,1,1,1,1,1,1,1,1,1,1,1
282,9.07E-02,2.65E-01,0.2754852,0,282,ERODED,1,1,1,1,1,1,1,1,1,1,1,1
288,2.26E-01,1.99E-01,0.2590152,5,288,Not eroded,0,1,1,1,1,1,1,0,0,0,0,1
289,1.25E-01,1.46E-01,0.2835149,3,289,Not eroded,0,1,1,1,1,1,1,1,0,0,1,1
292,1.56E-01,2.12E-01,0.2729162,0,292,ERODED,1,1,1,1,1,1,1,1,1,1,1,1
294,1.16E-01,2.19E-01,0.3247422,0,294,ERODED,1,1,1,1,1,1,1,1,1,1,1,1
297,9.01E-02,2.90E-01,0.2589399,0,297,ERODED,1,1,1,1,1,1,1,1,1,1,1,1
299,6.47E-02,2.10E-01,0.3208476,0,299,ERODED,1,1,1,1,1,1,1,1,1,1,1,1
304,1.12E-01,2.76E-01,0.2591875,0,304,ERODED,1,1,1,1,1,1,1,1,1,1,1,1
307,1.99E-01,6.91E-02,0.287583,3,307,Not eroded,0,1,1,1,1,1,1,1,0,0,1,1
311,1.83E-01,1.02E-01,0.2205902,0,311,Not eroded,0,1,1,1,0,0,0,1,1,1,1,1
314,2.67E-01,3.01E-01,0.2476576,4,314,Not eroded,0,1,1,1,1,1,0,0,0,0,1,1
324,5.65E-02,1.18E-01,0.2792132,3,324,Not eroded,0,1,1,1,1,1,1,1,0,0,1,1
326,2.06E-01,3.24E-01,0.2120198,3,326,Not eroded,0,1,1,0,0,0,0,1,0,0,1,1
329,2.03E-01,9.16E-02,0.2489263,3,329,Not eroded,0,1,1,1,1,1,0,1,0,0,1,1
331,8.98E-02,3.08E-01,0.2191062,4,331,Not eroded,0,1,1,0,0,0,0,0,0,0,1,1
333,2.62E-01,6.45E-02,0.2560103,0,333,Not eroded,0,1,1,1,1,1,1,1,1,1,1,1
338,2.51E-01,5.59E-02,0.2651377,2,338,Not eroded,0,1,1,1,1,1,1,1,0,1,1,1
347,1.88E-01,3.24E-01,0.2398509,0,347,ERODED,1,1,1,1,1,0,0,1,1,1,1,1
348,3.24E-01,1.81E-01,0.2925694,0,348,Not eroded,0,1,1,1,1,1,1,1,1,1,1,1
349,2.26E-01,1.63E-01,0.2352175,0,349,Not eroded,0,1,1,1,1,0,0,1,1,1,1,1
357,2.95E-01,1.15E-01,0.2359694,0,357,Not eroded,0,1,1,1,1,0,0,1,1,1,1,1
360,1.98E-01,1.71E-01,0.2885415,5,360,Not eroded,0,1,1,1,1,1,1,0,0,0,0,1
361,1.63E-01,3.08E-01,0.2468447,0,361,ERODED,1,1,1,1,1,1,0,1,1,1,1,1
362,2.82E-01,1.94E-01,0.2708963,4,362,Not eroded,0,1,1,1,1,1,1,0,0,0,1,1
364,1.19E-01,2.97E-01,0.2100955,3,364,Not eroded,0,1,1,0,0,0,0,1,0,0,1,1
366,2.88E-01,8.88E-02,0.2360663,0,366,Not eroded,0,1,1,1,1,0,0,1,1,1,1,1
367,2.56E-01,9.17E-02,0.3247861,0,367,ERODED,1,1,1,1,1,1,1,1,1,1,1,1
368,2.33E-01,2.16E-01,0.3065402,0,368,ERODED,1,1,1,1,1,1,1,1,1,1,1,1
370,9.00E-02,2.20E-01,0.2545188,4,370,Not eroded,0,1,1,1,1,1,1,0,0,0,1,1
372,2.45E-01,2.43E-01,0.2232408,4,372,Not eroded,0,1,1,1,0,0,0,0,0,0,1,1
373,2.57E-01,1.86E-01,0.3196926,0,373,ERODED,1,1,1,1,1,1,1,1,1,1,1,1
375,1.94E-01,2.40E-01,0.3196384,0,375,ERODED,1,1,1,1,1,1,1,1,1,1,1,1
376,5.66E-02,2.28E-01,0.2132786,0,376,Not eroded,0,1,1,0,0,0,0,1,1,1,1,1
380,1.15E-01,1.60E-01,0.2218547,0,380,Not eroded,0,1,1,1,0,0,0,1,1,1,1,1
381,1.85E-01,1.70E-01,0.2347691,0,381,Not eroded,0,1,1,1,1,0,0,1,1,1,1,1
385,2.24E-01,2.17E-01,0.3164975,0,385,ERODED,1,1,1,1,1,1,1,1,1,1,1,1
389,1.87E-01,7.85E-02,0.3247787,0,389,ERODED,1,1,1,1,1,1,1,1,1,1,1,1
392,3.02E-01,2.64E-01,0.268439,5,392,Not eroded,0,1,1,1,1,1,1,0,0,0,0,1
397,1.45E-01,2.85E-01,0.2993505,0,397,ERODED,1,1,1,1,1,1,1,1,1,1,1,1
399,2.15E-01,2.28E-01,0.328734,0,399,ERODED,1,1,1,1,1,1,1,1,1,1,1,1
400,1.01E-01,2.51E-01,0.227265,3,400,Not eroded,0,1,1,1,0,0,0,1,0,0,1,1
407,1.78E-01,3.24E-01,0.281359,0,407,ERODED,1,1,1,1,1,1,1,1,1,1,1,1
410,2.51E-01,2.02E-01,0.3135068,0,410,ERODED,1,1,1,1,1,1,1,1,1,1,1,1
411,5.72E-02,2.83E-01,0.2833709,0,411,ERODED,1,1,1,1,1,1,1,1,1,1,1,1
413,2.67E-01,2.27E-01,0.2299171,5,413,Not eroded,0,1,1,1,0,0,0,0,0,0,0,1
414,2.59E-01,1.88E-01,0.3024129,0,414,ERODED,1,1,1,1,1,1,1,1,1,1,1,1
415,1.44E-01,2.77E-01,0.2124091,4,415,Not eroded,0,1,1,0,0,0,0,0,0,0,1,1
416,7.16E-02,1.19E-01,0.2495547,4,416,Not eroded,0,1,1,1,1,1,0,0,0,0,1,1
418,1.10E-01,8.87E-02,0.2390715,3,418,Not eroded,0,1,1,1,1,0,0,1,0,0,1,1
420,1.86E-01,7.77E-02,0.2996442,0,420,ERODED,1,1,1,1,1,1,1,1,1,1,1,1
422,7.68E-02,9.53E-02,0.2211389,5,422,Not eroded,0,1,1,1,0,0,0,0,0,0,0,1
427,1.45E-01,2.02E-01,0.2344438,5,427,Not eroded,0,1,1,1,1,0,0,0,0,0,0,1
432,1.24E-01,1.39E-01,0.2236097,4,432,Not eroded,0,1,1,1,0,0,0,0,0,0,1,1
433,2.81E-01,1.64E-01,0.2494957,3,433,Not eroded,0,1,1,1,1,1,0,1,0,0,1,1
434,2.38E-01,2.34E-01,0.2627282,6,434,Not eroded,0,1,1,1,1,1,1,0,0,0,0,0
436,1.63E-01,2.57E-01,0.2812489,0,436,ERODED,1,1,1,1,1,1,1,1,1,1,1,1
439,2.05E-01,1.62E-01,0.2266252,4,439,Not eroded,0,1,1,1,0,0,0,0,0,0,1,1
445,2.46E-01,2.69E-01,0.3113561,0,445,ERODED,1,1,1,1,1,1,1,1,1,1,1,1
448,1.50E-01,2.57E-01,0.3250069,0,448,Not eroded,0,1,1,1,1,1,1,1,1,1,1,1
449,5.89E-02,1.45E-01,0.2824346,0,449,Not eroded,0,1,1,1,1,1,1,1,1,1,1,1
450,7.31E-02,2.62E-01,0.3250721,0,450,ERODED,1,1,1,1,1,1,1,1,1,1,1,1
452,2.48E-01,1.17E-01,0.2374066,4,452,Not eroded,0,1,1,1,1,0,0,0,0,0,1,1
454,2.58E-01,3.20E-01,0.2443058,4,454,Not eroded,0,1,1,1,1,1,0,0,0,0,1,1
456,1.24E-01,1.51E-01,0.2579831,3,456,Not eroded,0,1,1,1,1,1,1,1,0,0,1,1
459,2.12E-01,1.29E-01,0.2325981,4,459,Not eroded,0,1,1,1,1,0,0,0,0,0,1,1
460,1.24E-01,2.53E-01,0.2584174,0,460,ERODED,1,1,1,1,1,1,1,1,1,1,1,1
465,1.55E-01,3.24E-01,0.2852486,0,465,ERODED,1,1,1,1,1,1,1,1,1,1,1,1
467,2.19E-01,1.08E-01,0.3241594,0,467,ERODED,1,1,1,1,1,1,1,1,1,1,1,1
469,2.74E-01,7.31E-02,0.2700513,0,469,Not eroded,0,1,1,1,1,1,1,1,1,1,1,1
471,1.11E-01,1.22E-01,0.2159702,0,471,Not eroded,0,1,1,0,0,0,0,1,1,1,1,1
474,2.46E-01,1.16E-01,0.2807302,4,474,Not eroded,0,1,1,1,1,1,1,0,0,0,1,1
479,1.06E-01,5.58E-02,0.2373633,4,479,Not eroded,0,1,1,1,1,0,0,0,0,0,1,1
482,1.20E-01,2.82E-01,0.2278409,0,482,ERODED,1,1,1,1,0,0,0,1,1,1,1,1
484,2.95E-01,7.63E-02,0.2796219,4,484,Not eroded,0,1,1,1,1,1,1,0,0,0,1,1
486,1.49E-01,2.72E-01,0.256124,0,486,Not eroded,0,1,1,1,1,1,1,1,1,1,1,1
489,1.26E-01,2.91E-01,0.2811184,0,489,ERODED,1,1,1,1,1,1,1,1,1,1,1,1
490,3.14E-01,5.60E-02,0.2830394,3,490,Not eroded,0,1,1,1,1,1,1,1,0,0,1,1
493,2.64E-01,7.69E-02,0.2720094,4,493,Not eroded,0,1,1,1,1,1,1,0,0,0,1,1
494,8.58E-02,2.36E-01,0.2899744,0,494,ERODED,1,1,1,1,1,1,1,1,1,1,1,1
499,3.06E-01,2.02E-01,0.290434,3,499,Not eroded,0,1,1,1,1,1,1,1,0,0,1,1
505,7.52E-02,2.86E-01,0.2177929,0,505,Not eroded,0,1,1,0,0,0,0,1,1,1,1,1
507,2.05E-01,1.71E-01,0.2211216,3,507,Not eroded,0,1,1,1,0,0,0,1,0,0,1,1
509,2.04E-01,2.29E-01,0.2395646,4,509,Not eroded,0,1,1,1,1,0,0,0,0,0,1,1
511,2.93E-01,2.42E-01,0.2888909,0,511,Not eroded,0,1,1,1,1,1,1,1,1,1,1,1
513,5.80E-02,1.67E-01,0.284077,4,513,Not eroded,0,1,1,1,1,1,1,0,0,0,1,1
515,1.81E-01,2.00E-01,0.2987962,0,515,ERODED,1,1,1,1,1,1,1,1,1,1,1,1
523,7.71E-02,5.59E-02,0.2425983,4,523,Not eroded,0,1,1,1,1,1,0,0,0,0,1,1
524,7.61E-02,2.76E-01,0.2878653,0,524,ERODED,1,1,1,1,1,1,1,1,1,1,1,1
528,2.99E-01,3.18E-01,0.2727158,0,528,Not eroded,0,1,1,1,1,1,1,1,1,1,1,1
531,3.02E-01,2.21E-01,0.2326777,5,531,Not eroded,0,1,1,1,1,0,0,0,0,0,0,1
532,2.94E-01,1.07E-01,0.2200128,0,532,Not eroded,0,1,1,1,0,0,0,1,1,1,1,1
533,8.53E-02,2.27E-01,0.2949918,0,533,ERODED,1,1,1,1,1,1,1,1,1,1,1,1
535,8.70E-02,1.70E-01,0.3216912,0,535,ERODED,1,1,1,1,1,1,1,1,1,1,1,1
542,2.41E-01,1.24E-01,0.2708357,4,542,Not eroded,0,1,1,1,1,1,1,0,0,0,1,1
543,3.17E-01,1.87E-01,0.2293525,5,543,Not eroded,0,1,1,1,0,0,0,0,0,0,0,1
546,1.89E-01,1.46E-01,0.2941189,0,546,Not eroded,0,1,1,1,1,1,1,1,1,1,1,1
547,2.15E-01,9.65E-02,0.2761988,0,547,Not eroded,0,1,1,1,1,1,1,1,1,1,1,1
552,3.24E-01,2.06E-01,0.2826474,2,552,Not eroded,0,1,1,1,1,1,1,1,0,1,1,1
556,2.39E-01,1.55E-01,0.2643263,0,556,Not eroded,0,1,1,1,1,1,1,1,1,1,1,1
564,1.94E-01,2.89E-01,0.2981891,0,564,ERODED,1,1,1,1,1,1,1,1,1,1,1,1
566,1.35E-01,2.78E-01,0.3189226,0,566,ERODED,1,1,1,1,1,1,1,1,1,1,1,1
568,1.35E-01,2.49E-01,0.2997314,0,568,ERODED,1,1,1,1,1,1,1,1,1,1,1,1
574,1.38E-01,2.60E-01,0.324885,0,574,ERODED,1,1,1,1,1,1,1,1,1,1,1,1
576,1.77E-01,1.66E-01,0.2470097,3,576,Not eroded,0,1,1,1,1,1,0,1,0,0,1,1
577,1.94E-01,1.40E-01,0.2872673,0,577,Not eroded,0,1,1,1,1,1,1,1,1,1,1,1
578,2.14E-01,2.57E-01,0.2981252,4,578,Not eroded,0,1,1,1,1,1,1,0,0,0,1,1
582,2.12E-01,3.08E-01,0.3067566,0,582,ERODED,1,1,1,1,1,1,1,1,1,1,1,1
583,1.10E-01,3.07E-01,0.3099924,0,583,ERODED,1,1,1,1,1,1,1,1,1,1,1,1
592,1.35E-01,9.47E-02,0.2724159,0,592,ERODED,1,1,1,1,1,1,1,1,1,1,1,1
596,2.26E-01,1.11E-01,0.2344559,3,596,Not eroded,0,1,1,1,1,0,0,1,0,0,1,1
600,3.23E-01,2.47E-01,0.3101775,0,600,ERODED,1,1,1,1,1,1,1,1,1,1,1,1
602,2.08E-01,2.13E-01,0.2576176,0,602,Not eroded,0,1,1,1,1,1,1,1,1,1,1,1
603,3.05E-01,9.81E-02,0.3339594,0,603,ERODED,1,1,1,1,1,1,1,1,1,1,1,1
606,2.39E-01,1.74E-01,0.2224905,4,606,Not eroded,0,1,1,1,0,0,0,0,0,0,1,1
610,1.30E-01,1.36E-01,0.2344228,5,610,Not eroded,0,1,1,1,1,0,0,0,0,0,0,1
612,2.34E-01,2.93E-01,0.3259417,0,612,ERODED,1,1,1,1,1,1,1,1,1,1,1,1
616,1.87E-01,2.82E-01,0.2724619,0,616,Not eroded,0,1,1,1,1,1,1,1,1,1,1,1
617,3.24E-01,2.73E-01,0.2360226,3,617,Not eroded,0,1,1,1,1,0,0,1,0,0,1,1
618,2.71E-01,2.90E-01,0.2138522,5,618,Not eroded,0,1,1,0,0,0,0,0,0,0,0,1
619,2.11E-01,1.27E-01,0.24263,3,619,Not eroded,0,1,1,1,1,1,0,1,0,0,1,1
628,3.17E-01,2.49E-01,0.2167238,4,628,Not eroded,0,1,1,0,0,0,0,0,0,0,1,1
630,1.71E-01,2.01E-01,0.288057,0,630,ERODED,1,1,1,1,1,1,1,1,1,1,1,1
638,2.19E-01,6.52E-02,0.256549,5,638,Not eroded,0,1,1,1,1,1,1,0,0,0,0,1
639,2.08E-01,2.41E-01,0.2745797,0,639,Not eroded,0,1,1,1,1,1,1,1,1,1,1,1
642,1.48E-01,1.71E-01,0.264004,0,642,Not eroded,0,1,1,1,1,1,1,1,1,1,1,1
644,1.66E-01,2.85E-01,0.2403031,2,644,Not eroded,0,1,1,1,1,1,0,1,0,1,1,1
645,2.62E-01,7.11E-02,0.2261572,2,645,Not eroded,0,1,1,1,0,0,0,1,0,1,1,1
650,2.27E-01,2.22E-01,0.3249892,0,650,ERODED,1,1,1,1,1,1,1,1,1,1,1,1
651,3.10E-01,2.05E-01,0.2215354,5,651,Not eroded,0,1,1,1,0,0,0,0,0,0,0,1
652,7.20E-02,2.47E-01,0.2668591,0,652,ERODED,1,1,1,1,1,1,1,1,1,1,1,1
655,2.64E-01,2.89E-01,0.2513654,3,655,Not eroded,0,1,1,1,1,1,1,1,0,0,1,1
656,5.65E-02,3.24E-01,0.230855,3,656,Not eroded,0,1,1,1,1,0,0,1,0,0,1,1
660,1.45E-01,5.59E-02,0.2270139,5,660,Not eroded,0,1,1,1,0,0,0,0,0,0,0,1
661,1.47E-01,2.15E-01,0.3198314,0,661,ERODED,1,1,1,1,1,1,1,1,1,1,1,1
662,2.21E-01,8.65E-02,0.2486973,0,662,Not eroded,0,1,1,1,1,1,0,1,1,1,1,1
664,1.91E-01,9.61E-02,0.2201256,0,664,Not eroded,0,1,1,1,0,0,0,1,1,1,1,1
665,1.44E-01,2.66E-01,0.3042449,0,665,ERODED,1,1,1,1,1,1,1,1,1,1,1,1
670,1.33E-01,2.98E-01,0.2813942,0,670,ERODED,1,1,1,1,1,1,1,1,1,1,1,1
671,5.65E-02,3.15E-01,0.2522759,0,671,ERODED,1,1,1,1,1,1,1,1,1,1,1,1
673,3.16E-01,1.38E-01,0.2852682,4,673,Not eroded,0,1,1,1,1,1,1,0,0,0,1,1
675,3.03E-01,2.58E-01,0.2115238,3,675,Not eroded,0,1,1,0,0,0,0,1,0,0,1,1
676,2.63E-01,2.16E-01,0.3148338,0,676,ERODED,1,1,1,1,1,1,1,1,1,1,1,1
678,2.62E-01,3.24E-01,0.2964501,0,678,Not eroded,0,1,1,1,1,1,1,1,1,1,1,1
687,1.29E-01,2.72E-01,0.2379253,0,687,ERODED,1,1,1,1,1,0,0,1,1,1,1,1
690,1.19E-01,6.46E-02,0.2613448,7,690,Not eroded,0,1,1,1,1,1,1,0,0,0,0,0
691,2.73E-01,3.10E-01,0.3022959,0,691,ERODED,1,1,1,1,1,1,1,1,1,1,1,1
692,2.58E-01,7.08E-02,0.2631311,3,692,Not eroded,0,1,1,1,1,1,1,1,0,0,1,1
693,5.74E-02,1.75E-01,0.277899,5,693,Not eroded,0,1,1,1,1,1,1,0,0,0,0,1
695,1.55E-01,3.08E-01,0.2815208,0,695,ERODED,1,1,1,1,1,1,1,1,1,1,1,1
701,2.00E-01,5.59E-02,0.2230894,3,701,Not eroded,0,1,1,1,0,0,0,1,0,0,1,1
705,3.24E-01,2.24E-01,0.2415383,5,705,Not eroded,0,1,1,1,1,1,0,0,0,0,0,1
708,9.69E-02,8.15E-02,0.2510095,0,708,Not eroded,0,1,1,1,1,1,1,1,1,1,1,1
709,2.51E-01,1.63E-01,0.2895734,0,709,ERODED,1,1,1,1,1,1,1,1,1,1,1,1
712,1.61E-01,3.24E-01,0.2774414,0,712,ERODED,1,1,1,1,1,1,1,1,1,1,1,1
713,2.10E-01,5.59E-02,0.2715761,3,713,Not eroded,0,1,1,1,1,1,1,1,0,0,1,1
716,6.20E-02,1.19E-01,0.2521109,4,716,Not eroded,0,1,1,1,1,1,1,0,0,0,1,1
724,3.18E-01,2.79E-01,0.2318078,5,724,Not eroded,0,1,1,1,1,0,0,0,0,0,0,1
726,9.42E-02,9.90E-02,0.2870809,0,726,Not eroded,0,1,1,1,1,1,1,1,1,1,1,1
733,1.71E-01,2.20E-01,0.2402819,4,733,Not eroded,0,1,1,1,1,1,0,0,0,0,1,1
735,1.29E-01,1.30E-01,0.2266641,5,735,Not eroded,0,1,1,1,0,0,0,0,0,0,0,1
739,1.71E-01,1.88E-01,0.2910113,0,739,ERODED,1,1,1,1,1,1,1,1,1,1,1,1
740,2.55E-01,1.98E-01,0.2192215,0,740,Not eroded,0,1,1,0,0,0,0,1,1,1,1,1
743,1.27E-01,1.69E-01,0.2230383,0,743,Not eroded,0,1,1,1,0,0,0,1,1,1,1,1
745,1.93E-01,2.65E-01,0.3085709,0,745,ERODED,1,1,1,1,1,1,1,1,1,1,1,1
747,5.66E-02,1.38E-01,0.253709,0,747,Not eroded,0,1,1,1,1,1,1,1,1,1,1,1
748,8.04E-02,8.05E-02,0.2451565,0,748,Not eroded,0,1,1,1,1,1,0,1,1,1,1,1
750,2.29E-01,1.98E-01,0.2927799,4,750,Not eroded,0,1,1,1,1,1,1,0,0,0,1,1
753,3.25E-01,1.27E-01,0.2558038,3,753,Not eroded,0,1,1,1,1,1,1,1,0,0,1,1
754,3.24E-01,2.66E-01,0.2764897,5,754,Not eroded,0,1,1,1,1,1,1,0,0,0,0,1
756,1.98E-01,6.25E-02,0.2402011,5,756,Not eroded,0,1,1,1,1,1,0,0,0,0,0,1
758,6.17E-02,8.89E-02,0.2292126,4,758,Not eroded,0,1,1,1,0,0,0,0,0,0,1,1
760,2.72E-01,1.49E-01,0.2563013,4,760,Not eroded,0,1,1,1,1,1,1,0,0,0,1,1
766,3.24E-01,1.40E-01,0.2224952,4,766,Not eroded,0,1,1,1,0,0,0,0,0,0,1,1
767,1.63E-01,2.36E-01,0.2292328,1,767,Not eroded,0,1,1,1,0,0,0,1,1,1,1,1
772,2.70E-01,6.62E-02,0.2624024,0,772,Not eroded,0,1,1,1,1,1,1,1,1,1,1,1
773,2.26E-01,3.23E-01,0.2444863,3,773,Not eroded,0,1,1,1,1,1,0,1,0,0,1,1
775,1.53E-01,5.85E-02,0.2308017,6,775,Not eroded,0,1,1,1,1,0,0,0,0,0,0,0
778,7.69E-02,2.84E-01,0.2946224,0,778,ERODED,1,1,1,1,1,1,1,1,1,1,1,1
779,3.15E-01,2.22E-01,0.2384595,4,779,Not eroded,0,1,1,1,1,0,0,0,0,0,1,1
780,2.91E-01,1.16E-01,0.2830687,4,780,Not eroded,0,1,1,1,1,1,1,0,0,0,1,1
786,2.88E-01,1.87E-01,0.2780432,4,786,Not eroded,0,1,1,1,1,1,1,0,0,0,1,1
790,5.72E-02,2.26E-01,0.2878031,0,790,ERODED,1,1,1,1,1,1,1,1,1,1,1,1
791,2.28E-01,8.84E-02,0.3201914,0,791,ERODED,1,1,1,1,1,1,1,1,1,1,1,1
793,5.65E-02,3.24E-01,0.2115781,2,793,Not eroded,0,1,1,0,0,0,0,1,0,1,1,1
796,5.67E-02,2.67E-01,0.2914831,0,796,ERODED,1,1,1,1,1,1,1,1,1,1,1,1
799,2.63E-01,1.00E-01,0.3255137,0,799,ERODED,1,1,1,1,1,1,1,1,1,1,1,1
801,5.68E-02,7.57E-02,0.2970391,0,801,ERODED,1,1,1,1,1,1,1,1,1,1,1,1
803,2.60E-01,5.59E-02,0.2607896,2,803,Not eroded,0,1,1,1,1,1,1,1,0,1,1,1
810,3.24E-01,6.60E-02,0.2281604,0,810,Not eroded,0,1,1,1,0,0,0,1,1,1,1,1
811,2.14E-01,1.27E-01,0.3154037,0,811,ERODED,1,1,1,1,1,1,1,1,1,1,1,1
812,1.37E-01,1.02E-01,0.3077273,0,812,ERODED,1,1,1,1,1,1,1,1,1,1,1,1
814,5.65E-02,1.96E-01,0.2483788,0,814,Not eroded,0,1,1,1,1,1,0,1,1,1,1,1
815,2.92E-01,2.60E-01,0.3250086,0,815,Not eroded,0,1,1,1,1,1,1,1,1,1,1,1
816,2.82E-01,3.24E-01,0.2434741,4,816,Not eroded,0,1,1,1,1,1,0,0,0,0,1,1
817,2.47E-01,2.27E-01,0.2454833,0,817,Not eroded,0,1,1,1,1,1,0,1,1,1,1,1
819,1.03E-01,2.18E-01,0.3255008,0,819,ERODED,1,1,1,1,1,1,1,1,1,1,1,1
821,1.77E-01,9.96E-02,0.2123852,3,821,Not eroded,0,1,1,0,0,0,0,1,0,0,1,1
824,2.38E-01,2.25E-01,0.2581097,4,824,Not eroded,0,1,1,1,1,1,1,0,0,0,1,1
826,3.00E-01,2.48E-01,0.2852729,5,826,Not eroded,0,1,1,1,1,1,1,0,0,0,0,1
827,2.17E-01,1.10E-01,0.3030085,0,827,ERODED,1,1,1,1,1,1,1,1,1,1,1,1
836,2.32E-01,1.06E-01,0.2282966,4,836,Not eroded,0,1,1,1,0,0,0,0,0,0,1,1
838,1.55E-01,3.16E-01,0.2296472,4,838,ERODED,1,1,1,1,0,0,0,0,0,0,1,1
839,5.70E-02,7.97E-02,0.3230258,0,839,ERODED,1,1,1,1,1,1,1,1,1,1,1,1
840,1.32E-01,1.99E-01,0.2117832,4,840,Not eroded,0,1,1,0,0,0,0,0,0,0,1,1
848,3.16E-01,2.54E-01,0.2269979,4,848,Not eroded,0,1,1,1,0,0,0,0,0,0,1,1
849,3.24E-01,2.62E-01,0.2924536,0,849,ERODED,1,1,1,1,1,1,1,1,1,1,1,1
852,2.19E-01,2.12E-01,0.2418435,3,852,Not eroded,0,1,1,1,1,1,0,1,0,0,1,1
854,1.96E-01,2.39E-01,0.2555624,3,854,Not eroded,0,1,1,1,1,1,1,1,0,0,1,1
857,3.09E-01,7.64E-02,0.2817588,5,857,Not eroded,0,1,1,1,1,1,1,0,0,0,0,1
860,7.40E-02,5.59E-02,0.2901391,0,860,Not eroded,0,1,1,1,1,1,1,1,1,1,1,1
863,1.09E-01,2.53E-01,0.2419993,0,863,ERODED,1,1,1,1,1,1,0,1,1,1,1,1
867,6.10E-02,2.91E-01,0.2879164,3,867,ERODED,1,1,1,1,1,1,1,1,0,0,1,1
868,2.78E-01,7.15E-02,0.2241496,0,868,Not eroded,0,1,1,1,0,0,0,1,1,1,1,1
869,2.65E-01,1.52E-01,0.2377393,3,869,Not eroded,0,1,1,1,1,0,0,1,0,0,1,1
871,1.13E-01,1.08E-01,0.2326539,5,871,Not eroded,0,1,1,1,1,0,0,0,0,0,0,1
874,1.31E-01,3.24E-01,0.2187244,4,874,Not eroded,0,1,1,0,0,0,0,0,0,0,1,1
877,1.64E-01,6.28E-02,0.2548486,4,877,Not eroded,0,1,1,1,1,1,1,0,0,0,1,1
882,3.05E-01,1.92E-01,0.2232618,0,882,Not eroded,0,1,1,1,0,0,0,1,1,1,1,1
884,3.19E-01,1.32E-01,0.2925369,7,884,Not eroded,0,1,1,1,1,1,1,0,0,0,0,0
885,3.10E-01,6.49E-02,0.2866728,5,885,Not eroded,0,1,1,1,1,1,1,0,0,0,0,1
886,2.16E-01,5.58E-02,0.2442324,3,886,Not eroded,0,1,1,1,1,1,0,1,0,0,1,1
888,1.10E-01,2.38E-01,0.2274569,0,888,Not eroded,0,1,1,1,0,0,0,1,1,1,1,1
893,2.18E-01,1.82E-01,0.2315844,2,893,Not eroded,0,1,1,1,1,0,0,1,0,1,1,1
895,1.28E-01,7.11E-02,0.2650453,4,895,Not eroded,0,1,1,1,1,1,1,0,0,0,1,1
896,9.73E-02,1.66E-01,0.333845,0,896,ERODED,1,1,1,1,1,1,1,1,1,1,1,1
899,2.70E-01,2.74E-01,0.2210264,4,899,Not eroded,0,1,1,1,0,0,0,0,0,0,1,1
907,1.91E-01,2.60E-01,0.2187645,0,907,Not eroded,0,1,1,0,0,0,0,1,1,1,1,1
908,8.82E-02,2.30E-01,0.2147476,5,908,Not eroded,0,1,1,0,0,0,0,0,0,0,0,1
911,2.60E-01,1.05E-01,0.2228653,0,911,Not eroded,0,1,1,1,0,0,0,1,1,1,1,1
913,3.15E-01,1.57E-01,0.244634,4,913,Not eroded,0,1,1,1,1,1,0,0,0,0,1,1
921,1.91E-01,6.92E-02,0.3282406,0,921,ERODED,1,1,1,1,1,1,1,1,1,1,1,1
922,3.24E-01,1.32E-01,0.2643485,5,922,Not eroded,0,1,1,1,1,1,1,0,0,0,0,1
924,1.60E-01,5.62E-02,0.3173741,0,924,ERODED,1,1,1,1,1,1,1,1,1,1,1,1
929,6.33E-02,2.43E-01,0.2695445,0,929,ERODED,1,1,1,1,1,1,1,1,1,1,1,1
932,1.02E-01,7.12E-02,0.2263597,4,932,Not eroded,0,1,1,1,0,0,0,0,0,0,1,1
934,3.09E-01,1.18E-01,0.3277497,0,934,ERODED,1,1,1,1,1,1,1,1,1,1,1,1
936,5.65E-02,3.24E-01,0.2568311,0,936,Not eroded,0,1,1,1,1,1,1,1,1,1,1,1
942,2.78E-01,1.30E-01,0.2565636,4,942,Not eroded,0,1,1,1,1,1,1,0,0,0,1,1
943,2.45E-01,9.92E-02,0.2744939,4,943,Not eroded,0,1,1,1,1,1,1,0,0,0,1,1
945,2.17E-01,1.15E-01,0.3123157,0,945,ERODED,1,1,1,1,1,1,1,1,1,1,1,1
949,1.25E-01,2.21E-01,0.2731264,3,949,Not eroded,0,1,1,1,1,1,1,1,0,0,1,1
954,2.11E-01,1.17E-01,0.2375868,4,954,Not eroded,0,1,1,1,1,0,0,0,0,0,1,1
955,2.85E-01,2.87E-01,0.2993557,4,955,Not eroded,0,1,1,1,1,1,1,0,0,0,1,1
961,2.14E-01,2.89E-01,0.25481,0,961,Not eroded,0,1,1,1,1,1,1,1,1,1,1,1
962,1.32E-01,3.24E-01,0.2288109,4,962,ERODED,1,1,1,1,0,0,0,0,0,0,1,1
966,3.13E-01,1.43E-01,0.2337599,4,966,Not eroded,0,1,1,1,1,0,0,0,0,0,1,1
972,1.93E-01,2.31E-01,0.31633,0,972,ERODED,1,1,1,1,1,1,1,1,1,1,1,1
976,2.06E-01,2.89E-01,0.2981745,0,976,ERODED,1,1,1,1,1,1,1,1,1,1,1,1
978,3.09E-01,2.63E-01,0.2257327,3,978,Not eroded,0,1,1,1,0,0,0,1,0,0,1,1
985,1.23E-01,3.21E-01,0.2289631,4,985,ERODED,1,1,1,1,0,0,0,0,0,0,1,1
992,3.24E-01,1.07E-01,0.2248284,0,992,Not eroded,0,1,1,1,0,0,0,1,1,1,1,1
997,2.58E-01,1.06E-01,0.2913416,5,997,Not eroded,0,1,1,1,1,1,1,0,0,0,0,1
1000,1.11E-01,1.14E-01,0.2246423,0,1000,Not eroded,0,1,1,1,0,0,0,1,1,1,1,1
1001,1.01E-01,2.28E-01,0.2406105,3,1001,Not eroded,0,1,1,1,1,1,0,1,0,0,1,1
1002,2.34E-01,2.17E-01,0.2415002,4,1002,Not eroded,0,1,1,1,1,1,0,0,0,0,1,1
1005,3.16E-01,1.72E-01,0.2478628,5,1005,Not eroded,0,1,1,1,1,1,0,0,0,0,0,1
1006,2.44E-01,2.51E-01,0.2800955,4,1006,Not eroded,0,1,1,1,1,1,1,0,0,0,1,1
1008,2.25E-01,2.24E-01,0.3086306,0,1008,ERODED,1,1,1,1,1,1,1,1,1,1,1,1
1010,2.20E-01,3.23E-01,0.303011,0,1010,Not eroded,0,1,1,1,1,1,1,1,1,1,1,1
1012,2.92E-01,2.75E-01,0.2431989,6,1012,Not eroded,0,1,1,1,1,1,0,0,0,0,0,0
1015,3.17E-01,1.97E-01,0.2388452,3,1015,Not eroded,0,1,1,1,1,0,0,1,0,0,1,1
1018,2.84E-01,2.90E-01,0.2665405,4,1018,Not eroded,0,1,1,1,1,1,1,0,0,0,1,1
1022,1.38E-01,2.69E-01,0.2572293,0,1022,Not eroded,0,1,1,1,1,1,1,1,1,1,1,1
1024,2.66E-01,3.24E-01,0.3256055,0,1024,ERODED,1,1,1,1,1,1,1,1,1,1,1,1
1025,2.46E-01,5.63E-02,0.2248621,4,1025,Not eroded,0,1,1,1,0,0,0,0,0,0,1,1
1026,1.77E-01,8.90E-02,0.2733413,2,1026,Not eroded,0,1,1,1,1,1,1,1,0,1,1,1
1027,1.82E-01,1.72E-01,0.2978287,4,1027,Not eroded,0,1,1,1,1,1,1,0,0,0,1,1
1029,1.72E-01,5.69E-02,0.2222139,4,1029,Not eroded,0,1,1,1,0,0,0,0,0,0,1,1
1031,8.29E-02,2.18E-01,0.2113896,4,1031,Not eroded,0,1,1,0,0,0,0,0,0,0,1,1
1039,2.55E-01,1.75E-01,0.291391,0,1039,ERODED,1,1,1,1,1,1,1,1,1,1,1,1
1045,1.85E-01,2.44E-01,0.2566649,4,1045,Not eroded,0,1,1,1,1,1,1,0,0,0,1,1
1050,2.27E-01,2.06E-01,0.2438687,4,1050,Not eroded,0,1,1,1,1,1,0,0,0,0,1,1
1056,2.00E-01,1.64E-01,0.2819909,6,1056,Not eroded,0,1,1,1,1,1,1,0,0,0,0,0
1058,1.34E-01,1.37E-01,0.3146672,0,1058,ERODED,1,1,1,1,1,1,1,1,1,1,1,1
1064,1.72E-01,1.92E-01,0.2541785,4,1064,Not eroded,0,1,1,1,1,1,1,0,0,0,1,1
1069,5.65E-02,9.29E-02,0.2513506,4,1069,Not eroded,0,1,1,1,1,1,1,0,0,0,1,1
1070,1.85E-01,2.85E-01,0.2180547,0,1070,Not eroded,0,1,1,0,0,0,0,1,1,1,1,1
1073,1.21E-01,3.24E-01,0.2195312,4,1073,Not eroded,0,1,1,0,0,0,0,0,0,0,1,1
1077,1.63E-01,6.52E-02,0.2134792,4,1077,Not eroded,0,1,1,0,0,0,0,0,0,0,1,1
1078,3.16E-01,8.20E-02,0.2566555,0,1078,Not eroded,0,1,1,1,1,1,1,1,1,1,1,1
1079,3.00E-01,6.65E-02,0.2868592,4,1079,Not eroded,0,1,1,1,1,1,1,0,0,0,1,1
1083,1.32E-01,1.33E-01,0.2168771,0,1083,Not eroded,0,1,1,0,0,0,0,1,1,1,1,1
1084,1.83E-01,7.77E-02,0.2275096,5,1084,Not eroded,0,1,1,1,0,0,0,0,0,0,0,1
1086,1.99E-01,1.27E-01,0.2726498,0,1086,Not eroded,0,1,1,1,1,1,1,1,1,1,1,1
1095,1.90E-01,1.33E-01,0.2717573,0,1095,Not eroded,0,1,1,1,1,1,1,1,1,1,1,1
1096,3.18E-01,2.04E-01,0.2577744,7,1096,Not eroded,0,1,1,1,1,1,1,0,0,0,0,0
1100,2.96E-01,2.71E-01,0.2303592,5,1100,Not eroded,0,1,1,1,1,0,0,0,0,0,0,1
1101,2.76E-01,1.14E-01,0.2982985,0,1101,ERODED,1,1,1,1,1,1,1,1,1,1,1,1
1105,2.62E-01,2.20E-01,0.3253654,0,1105,ERODED,1,1,1,1,1,1,1,1,1,1,1,1
1107,2.85E-01,2.50E-01,0.2257843,0,1107,Not eroded,0,1,1,1,0,0,0,1,1,1,1,1
1109,1.37E-01,1.26E-01,0.225625,4,1109,Not eroded,0,1,1,1,0,0,0,0,0,0,1,1
1111,2.73E-01,7.30E-02,0.3249792,0,1111,ERODED,1,1,1,1,1,1,1,1,1,1,1,1
1115,2.43E-01,2.77E-01,0.2584461,0,1115,Not eroded,0,1,1,1,1,1,1,1,1,1,1,1
1118,1.64E-01,2.08E-01,0.2474074,0,1118,Not eroded,0,1,1,1,1,1,0,1,1,1,1,1
1124,2.30E-01,2.44E-01,0.2171034,0,1124,Not eroded,0,1,1,0,0,0,0,1,1,1,1,1
1130,2.88E-01,1.32E-01,0.3119251,0,1130,ERODED,1,1,1,1,1,1,1,1,1,1,1,1
1131,1.49E-01,1.23E-01,0.2895668,0,1131,ERODED,1,1,1,1,1,1,1,1,1,1,1,1
1133,3.06E-01,3.24E-01,0.2188326,5,1133,Not eroded,0,1,1,0,0,0,0,0,0,0,0,1
1138,6.55E-02,1.52E-01,0.2800087,0,1138,Not eroded,0,1,1,1,1,1,1,1,1,1,1,1
1142,2.81E-01,5.60E-02,0.226931,3,1142,Not eroded,0,1,1,1,0,0,0,1,0,0,1,1
1143,3.24E-01,1.34E-01,0.2462944,4,1143,Not eroded,0,1,1,1,1,1,0,0,0,0,1,1
1147,1.64E-01,1.36E-01,0.2719991,0,1147,ERODED,1,1,1,1,1,1,1,1,1,1,1,1
1154,1.76E-01,2.55E-01,0.2583683,0,1154,Not eroded,0,1,1,1,1,1,1,1,1,1,1,1
1164,9.31E-02,1.37E-01,0.3133637,0,1164,ERODED,1,1,1,1,1,1,1,1,1,1,1,1
1165,1.12E-01,2.20E-01,0.2234833,4,1165,Not eroded,0,1,1,1,0,0,0,0,0,0,1,1
1168,1.25E-01,1.51E-01,0.2920513,4,1168,Not eroded,0,1,1,1,1,1,1,0,0,0,1,1
1175,1.65E-01,2.19E-01,0.2887967,0,1175,ERODED,1,1,1,1,1,1,1,1,1,1,1,1
1176,1.57E-01,9.93E-02,0.2211346,4,1176,Not eroded,0,1,1,1,0,0,0,0,0,0,1,1
1178,1.41E-01,5.59E-02,0.2629647,5,1178,Not eroded,0,1,1,1,1,1,1,0,0,0,0,1
1180,1.87E-01,6.90E-02,0.2302943,7,1180,Not eroded,0,1,1,1,1,0,0,0,0,0,0,0
1181,3.15E-01,8.40E-02,0.2759775,2,1181,Not eroded,0,1,1,1,1,1,1,1,0,1,1,1
1188,2.97E-01,9.30E-02,0.3175158,0,1188,ERODED,1,1,1,1,1,1,1,1,1,1,1,1
1191,2.43E-01,2.73E-01,0.2984428,4,1191,Not eroded,0,1,1,1,1,1,1,0,0,0,1,1
1193,2.49E-01,3.24E-01,0.2418269,0,1193,Not eroded,0,1,1,1,1,1,0,1,1,1,1,1
1195,2.79E-01,1.37E-01,0.3122929,0,1195,ERODED,1,1,1,1,1,1,1,1,1,1,1,1
1196,1.80E-01,6.52E-02,0.2865585,0,1196,ERODED,1,1,1,1,1,1,1,1,1,1,1,1
1198,3.00E-01,1.88E-01,0.2486588,5,1198,Not eroded,0,1,1,1,1,1,0,0,0,0,0,1
1201,6.58E-02,6.97E-02,0.2898351,0,1201,ERODED,1,1,1,1,1,1,1,1,1,1,1,1
1216,3.24E-01,2.03E-01,0.2408343,3,1216,Not eroded,0,1,1,1,1,1,0,1,0,0,1,1
1220,2.62E-01,2.38E-01,0.2972067,0,1220,Not eroded,0,1,1,1,1,1,1,1,1,1,1,1
1225,3.00E-01,2.21E-01,0.221842,5,1225,Not eroded,0,1,1,1,0,0,0,0,0,0,0,1
1227,5.75E-02,2.75E-01,0.2332437,0,1227,Not eroded,0,1,1,1,1,0,0,1,1,1,1,1
1228,1.07E-01,3.20E-01,0.3209991,0,1228,ERODED,1,1,1,1,1,1,1,1,1,1,1,1
1232,2.01E-01,2.19E-01,0.2542356,0,1232,Not eroded,0,1,1,1,1,1,1,1,1,1,1,1
1233,8.75E-02,2.22E-01,0.2301285,6,1233,Not eroded,0,1,1,1,1,0,0,0,0,0,0,0
1234,2.65E-01,3.09E-01,0.2429494,3,1234,Not eroded,0,1,1,1,1,1,0,1,0,0,1,1
1235,2.85E-01,8.41E-02,0.3140433,0,1235,ERODED,1,1,1,1,1,1,1,1,1,1,1,1
1238,1.37E-01,2.17E-01,0.2671002,3,1238,Not eroded,0,1,1,1,1,1,1,1,0,0,1,1
1242,1.58E-01,3.12E-01,0.2640005,3,1242,ERODED,1,1,1,1,1,1,1,1,0,0,1,1
1248,3.15E-01,3.04E-01,0.2940088,0,1248,Not eroded,0,1,1,1,1,1,1,1,1,1,1,1
1250,3.15E-01,2.12E-01,0.2393686,5,1250,Not eroded,0,1,1,1,1,0,0,0,0,0,0,1
1251,2.76E-01,2.90E-01,0.2264811,0,1251,Not eroded,0,1,1,1,0,0,0,1,1,1,1,1
1252,1.24E-01,2.76E-01,0.2484573,0,1252,ERODED,1,1,1,1,1,1,0,1,1,1,1,1
1254,2.23E-01,2.88E-01,0.2448834,0,1254,Not eroded,0,1,1,1,1,1,0,1,1,1,1,1
1256,2.01E-01,2.36E-01,0.2637064,0,1256,Not eroded,0,1,1,1,1,1,1,1,1,1,1,1
1259,1.39E-01,2.88E-01,0.2672572,0,1259,ERODED,1,1,1,1,1,1,1,1,1,1,1,1
1263,1.01E-01,2.05E-01,0.2492743,4,1263,Not eroded,0,1,1,1,1,1,0,0,0,0,1,1
1269,2.25E-01,9.21E-02,0.3033068,0,1269,ERODED,1,1,1,1,1,1,1,1,1,1,1,1
1274,1.87E-01,8.55E-02,0.2327785,4,1274,Not eroded,0,1,1,1,1,0,0,0,0,0,1,1
1275,2.62E-01,2.49E-01,0.3035057,3,1275,Not eroded,0,1,1,1,1,1,1,1,0,0,1,1
1277,1.17E-01,3.24E-01,0.2897957,0,1277,ERODED,1,1,1,1,1,1,1,1,1,1,1,1
1281,2.28E-01,6.46E-02,0.2339982,3,1281,Not eroded,0,1,1,1,1,0,0,1,0,0,1,1
1284,2.68E-01,1.50E-01,0.2245571,3,1284,Not eroded,0,1,1,1,0,0,0,1,0,0,1,1
1288,2.81E-01,2.84E-01,0.2591477,7,1288,Not eroded,0,1,1,1,1,1,1,0,0,0,0,0
1291,2.02E-01,1.09E-01,0.2724439,0,1291,Not eroded,0,1,1,1,1,1,1,1,1,1,1,1
1293,2.73E-01,3.24E-01,0.2389188,4,1293,Not eroded,0,1,1,1,1,0,0,0,0,0,1,1
1294,3.20E-01,2.24E-01,0.2123878,5,1294,Not eroded,0,1,1,0,0,0,0,0,0,0,0,1
1300,1.89E-01,1.02E-01,0.2612089,0,1300,Not eroded,0,1,1,1,1,1,1,1,1,1,1,1
1306,1.81E-01,2.16E-01,0.2203032,0,1306,Not eroded,0,1,1,1,0,0,0,1,1,1,1,1
1309,2.14E-01,1.66E-01,0.2336475,0,1309,Not eroded,0,1,1,1,1,0,0,1,1,1,1,1
1315,3.24E-01,1.49E-01,0.2274909,3,1315,Not eroded,0,1,1,1,0,0,0,1,0,0,1,1
1316,1.16E-01,2.14E-01,0.2416165,5,1316,Not eroded,0,1,1,1,1,1,0,0,0,0,0,1
1323,1.37E-01,2.61E-01,0.2390801,0,1323,Not eroded,0,1,1,1,1,0,0,1,1,1,1,1
1324,3.16E-01,7.26E-02,0.288117,6,1324,Not eroded,0,1,1,1,1,1,1,0,0,0,0,0
1326,5.96E-02,1.84E-01,0.273108,0,1326,Not eroded,0,1,1,1,1,1,1,1,1,1,1,1
1327,2.52E-01,1.07E-01,0.2732446,3,1327,Not eroded,0,1,1,1,1,1,1,1,0,0,1,1
1328,2.61E-01,2.88E-01,0.2289899,0,1328,Not eroded,0,1,1,1,0,0,0,1,1,1,1,1
1333,2.24E-01,1.97E-01,0.2740214,3,1333,Not eroded,0,1,1,1,1,1,1,1,0,0,1,1
1335,2.05E-01,3.24E-01,0.2761731,2,1335,Not eroded,0,1,1,1,1,1,1,1,0,1,1,1
1336,1.87E-01,3.15E-01,0.2338657,4,1336,ERODED,1,1,1,1,1,0,0,0,0,0,1,1
1337,3.02E-01,7.01E-02,0.2780128,4,1337,Not eroded,0,1,1,1,1,1,1,0,0,0,1,1
1339,9.66E-02,2.19E-01,0.3055222,2,1339,ERODED,1,1,1,1,1,1,1,1,0,1,1,1
1341,1.75E-01,8.11E-02,0.2119487,4,1341,Not eroded,0,1,1,0,0,0,0,0,0,0,1,1
1346,2.72E-01,1.00E-01,0.333828,0,1346,ERODED,1,1,1,1,1,1,1,1,1,1,1,1
1347,2.72E-01,3.09E-01,0.2342735,0,1347,Not eroded,0,1,1,1,1,0,0,1,1,1,1,1
1351,1.79E-01,3.16E-01,0.2867987,0,1351,ERODED,1,1,1,1,1,1,1,1,1,1,1,1
1354,2.14E-01,2.85E-01,0.2664644,0,1354,Not eroded,0,1,1,1,1,1,1,1,1,1,1,1
1355,2.38E-01,1.40E-01,0.2665526,0,1355,Not eroded,0,1,1,1,1,1,1,1,1,1,1,1
1356,2.59E-01,7.92E-02,0.2863007,2,1356,Not eroded,0,1,1,1,1,1,1,1,0,1,1,1
1357,7.25E-02,1.09E-01,0.2581259,4,1357,Not eroded,0,1,1,1,1,1,1,0,0,0,1,1
1368,2.38E-01,2.08E-01,0.3083955,0,1368,ERODED,1,1,1,1,1,1,1,1,1,1,1,1
1369,3.05E-01,5.58E-02,0.2712141,5,1369,Not eroded,0,1,1,1,1,1,1,0,0,0,0,1
1373,5.65E-02,2.35E-01,0.2918525,1,1373,ERODED,1,1,1,1,1,1,1,1,1,1,1,1
1378,7.74E-02,5.61E-02,0.271871,0,1378,Not eroded,0,1,1,1,1,1,1,1,1,1,1,1
1380,2.70E-01,8.78E-02,0.3113198,0,1380,ERODED,1,1,1,1,1,1,1,1,1,1,1,1
1383,3.24E-01,1.67E-01,0.248238,5,1383,Not eroded,0,1,1,1,1,1,0,0,0,0,0,1
1384,1.62E-01,8.53E-02,0.266148,0,1384,Not eroded,0,1,1,1,1,1,1,1,1,1,1,1
1386,1.21E-01,2.40E-01,0.2854479,0,1386,ERODED,1,1,1,1,1,1,1,1,1,1,1,1
1392,2.70E-01,7.45E-02,0.2482423,3,1392,Not eroded,0,1,1,1,1,1,0,1,0,0,1,1
1393,5.65E-02,5.59E-02,0.2591291,0,1393,Not eroded,0,1,1,1,1,1,1,1,1,1,1,1
1394,1.11E-01,1.12E-01,0.2640587,3,1394,Not eroded,0,1,1,1,1,1,1,1,0,0,1,1
1396,2.77E-01,7.18E-02,0.2922082,4,1396,Not eroded,0,1,1,1,1,1,1,0,0,0,1,1
1397,2.68E-01,1.30E-01,0.2549163,4,1397,Not eroded,0,1,1,1,1,1,1,0,0,0,1,1
1399,2.68E-01,7.89E-02,0.2311778,0,1399,Not eroded,0,1,1,1,1,0,0,1,1,1,1,1
1400,5.65E-02,1.73E-01,0.2947224,3,1400,Not eroded,0,1,1,1,1,1,1,1,0,0,1,1
1402,1.45E-01,1.14E-01,0.2903478,0,1402,ERODED,1,1,1,1,1,1,1,1,1,1,1,1
1408,2.75E-01,9.77E-02,0.2142716,0,1408,Not eroded,0,1,1,0,0,0,0,1,1,1,1,1
1410,2.18E-01,2.31E-01,0.2646697,0,1410,Not eroded,0,1,1,1,1,1,1,1,1,1,1,1
1420,1.44E-01,3.09E-01,0.2243404,5,1420,Not eroded,0,1,1,1,0,0,0,0,0,0,0,1
1421,1.70E-01,5.60E-02,0.3004368,0,1421,ERODED,1,1,1,1,1,1,1,1,1,1,1,1
1424,1.41E-01,1.08E-01,0.2277077,4,1424,Not eroded,0,1,1,1,0,0,0,0,0,0,1,1
1426,3.16E-01,3.24E-01,0.300352,0,1426,Not eroded,0,1,1,1,1,1,1,1,1,1,1,1
1427,3.17E-01,2.32E-01,0.2937982,2,1427,Not eroded,0,1,1,1,1,1,1,1,0,1,1,1
1436,2.86E-01,1.19E-01,0.2169063,0,1436,Not eroded,0,1,1,0,0,0,0,1,1,1,1,1
1437,2.29E-01,2.12E-01,0.326183,0,1437,ERODED,1,1,1,1,1,1,1,1,1,1,1,1
1451,6.37E-02,7.35E-02,0.2425446,5,1451,Not eroded,0,1,1,1,1,1,0,0,0,0,0,1
1453,3.24E-01,1.28E-01,0.3004159,3,1453,Not eroded,0,1,1,1,1,1,1,1,0,0,1,1
1455,2.55E-01,2.48E-01,0.2241768,4,1455,Not eroded,0,1,1,1,0,0,0,0,0,0,1,1
1456,9.92E-02,3.04E-01,0.3177964,0,1456,ERODED,1,1,1,1,1,1,1,1,1,1,1,1
1457,1.49E-01,2.95E-01,0.217556,2,1457,Not eroded,0,1,1,0,0,0,0,1,0,1,1,1
1460,1.23E-01,3.24E-01,0.2979134,0,1460,ERODED,1,1,1,1,1,1,1,1,1,1,1,1
1466,5.65E-02,2.98E-01,0.292865,0,1466,ERODED,1,1,1,1,1,1,1,1,1,1,1,1
1474,5.85E-02,2.82E-01,0.2401665,0,1474,Not eroded,0,1,1,1,1,1,0,1,1,1,1,1
1476,6.51E-02,8.66E-02,0.3206402,0,1476,ERODED,1,1,1,1,1,1,1,1,1,1,1,1
1477,2.33E-01,2.93E-01,0.2291512,0,1477,Not eroded,0,1,1,1,0,0,0,1,1,1,1,1
1478,3.24E-01,3.01E-01,0.2412048,5,1478,Not eroded,0,1,1,1,1,1,0,0,0,0,0,1
1481,1.17E-01,8.50E-02,0.2450292,5,1481,Not eroded,0,1,1,1,1,1,0,0,0,0,0,1
1483,5.65E-02,1.63E-01,0.2932431,2,1483,Not eroded,0,1,1,1,1,1,1,1,0,1,1,1
1488,3.24E-01,1.73E-01,0.2985741,0,1488,Not eroded,0,1,1,1,1,1,1,1,1,1,1,1
1493,2.39E-01,3.24E-01,0.2619738,4,1493,Not eroded,0,1,1,1,1,1,1,0,0,0,1,1
1495,1.18E-01,2.20E-01,0.3019975,4,1495,Not eroded,0,1,1,1,1,1,1,0,0,0,1,1
1497,8.36E-02,6.22E-02,0.2467549,5,1497,Not eroded,0,1,1,1,1,1,0,0,0,0,0,1
1498,3.09E-01,6.45E-02,0.2731551,5,1498,Not eroded,0,1,1,1,1,1,1,0,0,0,0,1
1504,2.26E-01,3.20E-01,0.2339728,3,1504,Not eroded,0,1,1,1,1,0,0,1,0,0,1,1
1505,9.20E-02,2.78E-01,0.2781695,0,1505,ERODED,1,1,1,1,1,1,1,1,1,1,1,1
1506,1.21E-01,1.49E-01,0.2200537,4,1506,Not eroded,0,1,1,1,0,0,0,0,0,0,1,1
1508,2.22E-01,3.15E-01,0.2482104,3,1508,Not eroded,0,1,1,1,1,1,0,1,0,0,1,1
1509,2.91E-01,2.31E-01,0.2576688,5,1509,Not eroded,0,1,1,1,1,1,1,0,0,0,0,1
1511,1.89E-01,2.46E-01,0.269621,0,1511,Not eroded,0,1,1,1,1,1,1,1,1,1,1,1
1513,2.19E-01,8.87E-02,0.2638794,3,1513,Not eroded,0,1,1,1,1,1,1,1,0,0,1,1
1514,3.21E-01,2.49E-01,0.2328009,6,1514,Not eroded,0,1,1,1,1,0,0,0,0,0,0,0
1516,3.01E-01,2.30E-01,0.2356619,5,1516,Not eroded,0,1,1,1,1,0,0,0,0,0,0,1
1519,7.38E-02,8.90E-02,0.3249929,0,1519,ERODED,1,1,1,1,1,1,1,1,1,1,1,1
1528,2.36E-01,2.77E-01,0.2507745,0,1528,Not eroded,0,1,1,1,1,1,1,1,1,1,1,1
1534,1.94E-01,1.25E-01,0.2638551,0,1534,Not eroded,0,1,1,1,1,1,1,1,1,1,1,1
1536,3.19E-01,2.69E-01,0.2449316,4,1536,Not eroded,0,1,1,1,1,1,0,0,0,0,1,1
1544,9.78E-02,3.24E-01,0.2845204,0,1544,ERODED,1,1,1,1,1,1,1,1,1,1,1,1
1549,3.17E-01,3.15E-01,0.2960142,0,1549,Not eroded,0,1,1,1,1,1,1,1,1,1,1,1
1558,5.65E-02,3.24E-01,0.2408467,2,1558,Not eroded,0,1,1,1,1,1,0,1,0,1,1,1
1559,1.58E-01,7.70E-02,0.213194,5,1559,Not eroded,0,1,1,0,0,0,0,0,0,0,0,1
1560,2.06E-01,2.90E-01,0.264751,0,1560,Not eroded,0,1,1,1,1,1,1,1,1,1,1,1
1562,2.02E-01,1.74E-01,0.2101916,0,1562,Not eroded,0,1,1,0,0,0,0,1,1,1,1,1
1563,3.10E-01,2.45E-01,0.2874549,0,1563,ERODED,1,1,1,1,1,1,1,1,1,1,1,1
1565,2.81E-01,2.92E-01,0.2913162,4,1565,Not eroded,0,1,1,1,1,1,1,0,0,0,1,1
1571,1.96E-01,1.06E-01,0.2409723,3,1571,Not eroded,0,1,1,1,1,1,0,1,0,0,1,1
1575,2.18E-01,3.24E-01,0.2385145,3,1575,Not eroded,0,1,1,1,1,0,0,1,0,0,1,1
1576,3.23E-01,1.96E-01,0.327983,0,1576,ERODED,1,1,1,1,1,1,1,1,1,1,1,1
1577,2.21E-01,3.25E-01,0.2866295,1,1577,Not eroded,0,1,1,1,1,1,1,1,1,1,1,1
1578,3.19E-01,5.59E-02,0.2122853,0,1578,Not eroded,0,1,1,0,0,0,0,1,1,1,1,1
1586,2.52E-01,1.94E-01,0.2105908,0,1586,Not eroded,0,1,1,0,0,0,0,1,1,1,1,1
1591,1.42E-01,2.85E-01,0.3307432,0,1591,ERODED,1,1,1,1,1,1,1,1,1,1,1,1
1595,1.92E-01,2.92E-01,0.2159224,3,1595,Not eroded,0,1,1,0,0,0,0,1,0,0,1,1
1597,3.22E-01,1.06E-01,0.2798744,3,1597,Not eroded,0,1,1,1,1,1,1,1,0,0,1,1
1598,1.53E-01,5.59E-02,0.2212115,6,1598,Not eroded,0,1,1,1,0,0,0,0,0,0,0,0
1599,3.06E-01,1.86E-01,0.2408986,5,1599,Not eroded,0,1,1,1,1,1,0,0,0,0,0,1
1600,8.72E-02,1.79E-01,0.2381726,0,1600,Not eroded,0,1,1,1,1,0,0,1,1,1,1,1
1601,1.38E-01,2.54E-01,0.2463632,0,1601,Not eroded,0,1,1,1,1,1,0,1,1,1,1,1
1608,1.30E-01,2.41E-01,0.2913031,0,1608,ERODED,1,1,1,1,1,1,1,1,1,1,1,1
1614,2.94E-01,2.42E-01,0.2684739,4,1614,Not eroded,0,1,1,1,1,1,1,0,0,0,1,1
1615,2.91E-01,2.09E-01,0.2613373,4,1615,Not eroded,0,1,1,1,1,1,1,0,0,0,1,1
1616,2.99E-01,3.10E-01,0.2821897,0,1616,Not eroded,0,1,1,1,1,1,1,1,1,1,1,1
1617,5.75E-02,1.24E-01,0.2872598,4,1617,Not eroded,0,1,1,1,1,1,1,0,0,0,1,1
1618,1.11E-01,3.13E-01,0.2935774,0,1618,ERODED,1,1,1,1,1,1,1,1,1,1,1,1
1625,2.75E-01,8.82E-02,0.331322,0,1625,ERODED,1,1,1,1,1,1,1,1,1,1,1,1
1627,2.04E-01,2.12E-01,0.2217813,0,1627,Not eroded,0,1,1,1,0,0,0,1,1,1,1,1
1630,8.74E-02,1.56E-01,0.2287578,0,1630,Not eroded,0,1,1,1,0,0,0,1,1,1,1,1
1635,1.01E-01,3.05E-01,0.2882589,0,1635,ERODED,1,1,1,1,1,1,1,1,1,1,1,1
1636,1.86E-01,1.91E-01,0.3063345,0,1636,ERODED,1,1,1,1,1,1,1,1,1,1,1,1
1637,1.26E-01,1.63E-01,0.2408741,0,1637,Not eroded,0,1,1,1,1,1,0,1,1,1,1,1
1639,3.24E-01,2.96E-01,0.3163942,0,1639,Not eroded,0,1,1,1,1,1,1,1,1,1,1,1
1640,3.04E-01,2.51E-01,0.2219145,4,1640,Not eroded,0,1,1,1,0,0,0,0,0,0,1,1
1643,1.62E-01,1.92E-01,0.2886295,0,1643,ERODED,1,1,1,1,1,1,1,1,1,1,1,1
1644,6.55E-02,2.65E-01,0.237038,0,1644,Not eroded,0,1,1,1,1,0,0,1,1,1,1,1
1646,1.76E-01,1.73E-01,0.3072275,0,1646,Not eroded,0,1,1,1,1,1,1,1,1,1,1,1
1647,3.24E-01,2.18E-01,0.2182177,4,1647,Not eroded,0,1,1,0,0,0,0,0,0,0,1,1
1650,5.66E-02,3.07E-01,0.2875492,2,1650,ERODED,1,1,1,1,1,1,1,1,0,1,1,1
1651,1.65E-01,2.59E-01,0.2712992,2,1651,Not eroded,0,1,1,1,1,1,1,1,0,1,1,1
1652,2.18E-01,1.35E-01,0.2147767,4,1652,Not eroded,0,1,1,0,0,0,0,0,0,0,1,1
1653,2.07E-01,7.55E-02,0.2851723,0,1653,Not eroded,0,1,1,1,1,1,1,1,1,1,1,1
1655,2.81E-01,2.91E-01,0.2352793,3,1655,Not eroded,0,1,1,1,1,0,0,1,0,0,1,1
1658,2.16E-01,2.19E-01,0.2355956,4,1658,Not eroded,0,1,1,1,1,0,0,0,0,0,1,1
1663,5.65E-02,2.92E-01,0.3269661,0,1663,ERODED,1,1,1,1,1,1,1,1,1,1,1,1
1667,9.87E-02,2.91E-01,0.2743293,0,1667,Not eroded,0,1,1,1,1,1,1,1,1,1,1,1
1668,2.15E-01,1.16E-01,0.2139684,0,1668,Not eroded,0,1,1,0,0,0,0,1,1,1,1,1
1673,3.24E-01,2.46E-01,0.2237088,3,1673,Not eroded,0,1,1,1,0,0,0,1,0,0,1,1
1677,2.34E-01,9.07E-02,0.2621391,5,1677,Not eroded,0,1,1,1,1,1,1,0,0,0,0,1
1682,1.08E-01,2.19E-01,0.2377279,0,1682,Not eroded,0,1,1,1,1,0,0,1,1,1,1,1
1683,2.07E-01,1.72E-01,0.2554045,5,1683,Not eroded,0,1,1,1,1,1,1,0,0,0,0,1
1685,2.51E-01,2.36E-01,0.2476878,3,1685,Not eroded,0,1,1,1,1,1,0,1,0,0,1,1
1687,7.47E-02,2.53E-01,0.2745002,0,1687,ERODED,1,1,1,1,1,1,1,1,1,1,1,1
1688,3.15E-01,1.31E-01,0.2662135,4,1688,Not eroded,0,1,1,1,1,1,1,0,0,0,1,1
1696,7.61E-02,3.03E-01,0.2106086,0,1696,Not eroded,0,1,1,0,0,0,0,1,1,1,1,1
1704,1.79E-01,1.03E-01,0.2540574,0,1704,Not eroded,0,1,1,1,1,1,1,1,1,1,1,1
1707,2.27E-01,3.15E-01,0.3058348,0,1707,ERODED,1,1,1,1,1,1,1,1,1,1,1,1
1709,1.46E-01,2.19E-01,0.2644414,3,1709,Not eroded,0,1,1,1,1,1,1,1,0,0,1,1
1710,1.04E-01,1.26E-01,0.3020819,0,1710,ERODED,1,1,1,1,1,1,1,1,1,1,1,1
1717,2.81E-01,1.19E-01,0.225369,0,1717,Not eroded,0,1,1,1,0,0,0,1,1,1,1,1
1719,1.85E-01,2.72E-01,0.2770754,0,1719,Not eroded,0,1,1,1,1,1,1,1,1,1,1,1
1728,2.13E-01,9.33E-02,0.2939095,0,1728,ERODED,1,1,1,1,1,1,1,1,1,1,1,1
1729,2.65E-01,5.59E-02,0.2143,2,1729,Not eroded,0,1,1,0,0,0,0,1,0,1,1,1
1731,3.08E-01,2.51E-01,0.2794773,6,1731,Not eroded,0,1,1,1,1,1,1,0,0,0,0,0
1732,2.14E-01,1.46E-01,0.3253733,0,1732,ERODED,1,1,1,1,1,1,1,1,1,1,1,1
1746,2.46E-01,2.57E-01,0.2720686,5,1746,Not eroded,0,1,1,1,1,1,1,0,0,0,0,1
1747,1.69E-01,1.06E-01,0.2141716,4,1747,Not eroded,0,1,1,0,0,0,0,0,0,0,1,1
1756,1.68E-01,5.59E-02,0.2605837,4,1756,Not eroded,0,1,1,1,1,1,1,0,0,0,1,1
1760,2.89E-01,2.34E-01,0.2197842,4,1760,Not eroded,0,1,1,0,0,0,0,0,0,0,1,1
1761,9.16E-02,2.04E-01,0.2948167,0,1761,ERODED,1,1,1,1,1,1,1,1,1,1,1,1
1765,1.08E-01,2.65E-01,0.2616708,0,1765,ERODED,1,1,1,1,1,1,1,1,1,1,1,1
1768,2.10E-01,5.58E-02,0.2237926,4,1768,Not eroded,0,1,1,1,0,0,0,0,0,0,1,1
1771,9.93E-02,2.58E-01,0.3251071,0,1771,ERODED,1,1,1,1,1,1,1,1,1,1,1,1
1774,6.69E-02,2.49E-01,0.2866133,0,1774,ERODED,1,1,1,1,1,1,1,1,1,1,1,1
1775,9.17E-02,2.23E-01,0.2871501,0,1775,ERODED,1,1,1,1,1,1,1,1,1,1,1,1
1778,6.72E-02,9.87E-02,0.2506296,4,1778,Not eroded,0,1,1,1,1,1,1,0,0,0,1,1
1786,3.15E-01,2.33E-01,0.2505845,3,1786,Not eroded,0,1,1,1,1,1,1,1,0,0,1,1
1787,5.65E-02,7.84E-02,0.2116847,4,1787,Not eroded,0,1,1,0,0,0,0,0,0,0,1,1
1790,1.60E-01,2.25E-01,0.245631,4,1790,Not eroded,0,1,1,1,1,1,0,0,0,0,1,1
1791,2.30E-01,2.80E-01,0.2432659,0,1791,Not eroded,0,1,1,1,1,1,0,1,1,1,1,1
1794,1.38E-01,2.34E-01,0.3099183,0,1794,ERODED,1,1,1,1,1,1,1,1,1,1,1,1
1803,3.24E-01,2.52E-01,0.2107994,5,1803,Not eroded,0,1,1,0,0,0,0,0,0,0,0,1
1806,2.89E-01,2.74E-01,0.2526614,4,1806,Not eroded,0,1,1,1,1,1,1,0,0,0,1,1
1811,2.87E-01,2.67E-01,0.2288028,6,1811,Not eroded,0,1,1,1,0,0,0,0,0,0,0,0
1817,5.93E-02,2.51E-01,0.2804553,0,1817,ERODED,1,1,1,1,1,1,1,1,1,1,1,1
1818,2.66E-01,1.29E-01,0.2351584,4,1818,Not eroded,0,1,1,1,1,0,0,0,0,0,1,1
1826,9.29E-02,2.65E-01,0.3222365,0,1826,ERODED,1,1,1,1,1,1,1,1,1,1,1,1
1829,2.12E-01,1.80E-01,0.2579208,5,1829,Not eroded,0,1,1,1,1,1,1,0,0,0,0,1
1831,2.92E-01,2.21E-01,0.2346809,4,1831,Not eroded,0,1,1,1,1,0,0,0,0,0,1,1
1834,3.24E-01,2.63E-01,0.2385875,6,1834,Not eroded,0,1,1,1,1,0,0,0,0,0,0,0
1835,2.19E-01,9.32E-02,0.2859207,0,1835,ERODED,1,1,1,1,1,1,1,1,1,1,1,1
1838,1.87E-01,1.22E-01,0.2721963,0,1838,Not eroded,0,1,1,1,1,1,1,1,1,1,1,1
1841,2.12E-01,2.80E-01,0.2894358,3,1841,Not eroded,0,1,1,1,1,1,1,1,0,0,1,1
1846,6.21E-02,1.64E-01,0.2498816,4,1846,Not eroded,0,1,1,1,1,1,0,0,0,0,1,1
1848,2.20E-01,9.71E-02,0.3243524,0,1848,ERODED,1,1,1,1,1,1,1,1,1,1,1,1
1850,1.16E-01,3.01E-01,0.3155768,0,1850,ERODED,1,1,1,1,1,1,1,1,1,1,1,1
1853,1.04E-01,1.04E-01,0.2870406,0,1853,Not eroded,0,1,1,1,1,1,1,1,1,1,1,1
1854,2.10E-01,2.58E-01,0.325005,0,1854,ERODED,1,1,1,1,1,1,1,1,1,1,1,1
1855,2.26E-01,1.49E-01,0.3248805,0,1855,ERODED,1,1,1,1,1,1,1,1,1,1,1,1
1856,2.29E-01,5.59E-02,0.2167196,5,1856,Not eroded,0,1,1,0,0,0,0,0,0,0,0,1
1858,2.47E-01,2.52E-01,0.258367,5,1858,Not eroded,0,1,1,1,1,1,1,0,0,0,0,1
1860,1.55E-01,1.61E-01,0.2303887,4,1860,Not eroded,0,1,1,1,1,0,0,0,0,0,1,1
1861,6.34E-02,1.06E-01,0.2411625,3,1861,Not eroded,0,1,1,1,1,1,0,1,0,0,1,1
1866,5.65E-02,2.16E-01,0.2898447,0,1866,ERODED,1,1,1,1,1,1,1,1,1,1,1,1
1867,8.06E-02,2.85E-01,0.3155225,0,1867,ERODED,1,1,1,1,1,1,1,1,1,1,1,1
1869,2.30E-01,9.51E-02,0.2306308,0,1869,Not eroded,0,1,1,1,1,0,0,1,1,1,1,1
1871,3.17E-01,2.82E-01,0.2573127,4,1871,Not eroded,0,1,1,1,1,1,1,0,0,0,1,1
1881,5.66E-02,1.89E-01,0.2826077,0,1881,Not eroded,0,1,1,1,1,1,1,1,1,1,1,1
1884,2.01E-01,1.78E-01,0.2715391,4,1884,Not eroded,0,1,1,1,1,1,1,0,0,0,1,1
1885,2.67E-01,1.10E-01,0.2990596,0,1885,ERODED,1,1,1,1,1,1,1,1,1,1,1,1
1886,1.41E-01,2.50E-01,0.3090264,0,1886,ERODED,1,1,1,1,1,1,1,1,1,1,1,1
1889,3.23E-01,1.41E-01,0.2326829,0,1889,Not eroded,0,1,1,1,1,0,0,1,1,1,1,1
1894,8.56E-02,3.18E-01,0.2502292,5,1894,Not eroded,0,1,1,1,1,1,1,0,0,0,0,1
1895,1.07E-01,3.24E-01,0.2962847,0,1895,ERODED,1,1,1,1,1,1,1,1,1,1,1,1
1897,1.43E-01,6.37E-02,0.2440652,4,1897,Not eroded,0,1,1,1,1,1,0,0,0,0,1,1
1898,8.54E-02,2.46E-01,0.28919,0,1898,ERODED,1,1,1,1,1,1,1,1,1,1,1,1
1901,1.74E-01,1.84E-01,0.2428583,5,1901,Not eroded,0,1,1,1,1,1,0,0,0,0,0,1
1902,1.78E-01,2.95E-01,0.2476337,0,1902,Not eroded,0,1,1,1,1,1,0,1,1,1,1,1
1903,2.27E-01,2.16E-01,0.2481862,3,1903,Not eroded,0,1,1,1,1,1,0,1,0,0,1,1
1905,1.30E-01,6.07E-02,0.2450343,4,1905,Not eroded,0,1,1,1,1,1,0,0,0,0,1,1
1909,2.68E-01,2.26E-01,0.3188949,0,1909,ERODED,1,1,1,1,1,1,1,1,1,1,1,1
1910,1.32E-01,1.00E-01,0.2171629,6,1910,Not eroded,0,1,1,0,0,0,0,0,0,0,0,0
1911,7.47E-02,2.23E-01,0.2465283,2,1911,Not eroded,0,1,1,1,1,1,0,1,0,1,1,1
1921,3.04E-01,2.06E-01,0.2382403,4,1921,Not eroded,0,1,1,1,1,0,0,0,0,0,1,1
1922,2.72E-01,2.88E-01,0.2618887,4,1922,Not eroded,0,1,1,1,1,1,1,0,0,0,1,1
1925,1.89E-01,5.65E-02,0.3144258,0,1925,ERODED,1,1,1,1,1,1,1,1,1,1,1,1
1931,9.84E-02,1.13E-01,0.2902778,0,1931,ERODED,1,1,1,1,1,1,1,1,1,1,1,1
1932,1.94E-01,2.54E-01,0.2334811,2,1932,Not eroded,0,1,1,1,1,0,0,1,0,1,1,1
1934,3.05E-01,3.11E-01,0.2738451,0,1934,Not eroded,0,1,1,1,1,1,1,1,1,1,1,1
1936,3.07E-01,1.25E-01,0.2391045,0,1936,Not eroded,0,1,1,1,1,0,0,1,1,1,1,1
1939,1.01E-01,3.24E-01,0.274665,0,1939,ERODED,1,1,1,1,1,1,1,1,1,1,1,1
1941,3.24E-01,2.06E-01,0.3091903,0,1941,ERODED,1,1,1,1,1,1,1,1,1,1,1,1
1944,2.80E-01,3.15E-01,0.236976,2,1944,Not eroded,0,1,1,1,1,0,0,1,0,1,1,1
1945,2.08E-01,2.26E-01,0.2526139,0,1945,Not eroded,0,1,1,1,1,1,1,1,1,1,1,1
1946,1.38E-01,2.88E-01,0.2803476,0,1946,ERODED,1,1,1,1,1,1,1,1,1,1,1,1
1947,5.65E-02,5.59E-02,0.2997512,0,1947,ERODED,1,1,1,1,1,1,1,1,1,1,1,1
1949,3.24E-01,7.17E-02,0.2829587,2,1949,Not eroded,0,1,1,1,1,1,1,1,0,1,1,1
1950,1.34E-01,9.47E-02,0.2983599,0,1950,ERODED,1,1,1,1,1,1,1,1,1,1,1,1
1952,3.16E-01,5.97E-02,0.2553841,4,1952,Not eroded,0,1,1,1,1,1,1,0,0,0,1,1
1954,5.68E-02,1.13E-01,0.2373269,3,1954,Not eroded,0,1,1,1,1,0,0,1,0,0,1,1
1964,1.57E-01,5.58E-02,0.2396238,4,1964,Not eroded,0,1,1,1,1,0,0,0,0,0,1,1
1965,2.38E-01,5.58E-02,0.2421395,4,1965,Not eroded,0,1,1,1,1,1,0,0,0,0,1,1
1967,2.46E-01,1.22E-01,0.2544779,4,1967,Not eroded,0,1,1,1,1,1,1,0,0,0,1,1
1970,2.72E-01,2.86E-01,0.235658,5,1970,Not eroded,0,1,1,1,1,0,0,0,0,0,0,1
1973,2.61E-01,1.84E-01,0.2903749,0,1973,ERODED,1,1,1,1,1,1,1,1,1,1,1,1
1974,2.77E-01,2.76E-01,0.2561816,4,1974,Not eroded,0,1,1,1,1,1,1,0,0,0,1,1
1975,1.60E-01,1.55E-01,0.2378968,3,1975,Not eroded,0,1,1,1,1,0,0,1,0,0,1,1
1977,1.62E-01,5.59E-02,0.2690911,0,1977,Not eroded,0,1,1,1,1,1,1,1,1,1,1,1
1984,1.14E-01,1.12E-01,0.2140547,5,1984,Not eroded,0,1,1,0,0,0,0,0,0,0,0,1
1986,3.24E-01,1.92E-01,0.2245514,4,1986,Not eroded,0,1,1,1,0,0,0,0,0,0,1,1
1993,8.98E-02,3.21E-01,0.2211026,4,1993,Not eroded,0,1,1,1,0,0,0,0,0,0,1,1
1994,1.14E-01,3.24E-01,0.2266619,4,1994,Not eroded,0,1,1,1,0,0,0,0,0,0,1,1
2000,1.24E-01,3.24E-01,0.3105366,0,2000,ERODED,1,1,1,1,1,1,1,1,1,1,1,1
2005,1.03E-01,7.79E-02,0.2120752,3,2005,Not eroded,0,1,1,0,0,0,0,1,0,0,1,1
2009,7.25E-02,2.33E-01,0.2531013,4,2009,Not eroded,0,1,1,1,1,1,1,0,0,0,1,1
2011,1.94E-01,1.70E-01,0.2588561,4,2011,Not eroded,0,1,1,1,1,1,1,0,0,0,1,1
2012,2.11E-01,2.28E-01,0.2718785,0,2012,Not eroded,0,1,1,1,1,1,1,1,1,1,1,1
2014,1.34E-01,3.24E-01,0.2450043,3,2014,ERODED,1,1,1,1,1,1,0,1,0,0,1,1
2015,7.71E-02,2.75E-01,0.3160569,0,2015,ERODED,1,1,1,1,1,1,1,1,1,1,1,1
2020,2.85E-01,2.39E-01,0.2948225,4,2020,Not eroded,0,1,1,1,1,1,1,0,0,0,1,1
2021,2.40E-01,2.14E-01,0.2587031,4,2021,Not eroded,0,1,1,1,1,1,1,0,0,0,1,1
2024,2.95E-01,1.69E-01,0.2508585,4,2024,Not eroded,0,1,1,1,1,1,1,0,0,0,1,1
2025,1.14E-01,2.76E-01,0.249111,0,2025,ERODED,1,1,1,1,1,1,0,1,1,1,1,1
2026,1.19E-01,2.73E-01,0.2220184,0,2026,ERODED,1,1,1,1,0,0,0,1,1,1,1,1
2027,1.76E-01,2.23E-01,0.2484626,0,2027,Not eroded,0,1,1,1,1,1,0,1,1,1,1,1
2031,3.24E-01,5.60E-02,0.28252,0,2031,Not eroded,0,1,1,1,1,1,1,1,1,1,1,1
2032,1.21E-01,1.63E-01,0.2291007,0,2032,Not eroded,0,1,1,1,0,0,0,1,1,1,1,1
2036,1.00E-01,3.06E-01,0.307142,0,2036,ERODED,1,1,1,1,1,1,1,1,1,1,1,1
2038,9.51E-02,7.82E-02,0.2383405,3,2038,Not eroded,0,1,1,1,1,0,0,1,0,0,1,1
2041,5.65E-02,1.96E-01,0.2583625,0,2041,Not eroded,0,1,1,1,1,1,1,1,1,1,1,1
2042,2.29E-01,6.47E-02,0.2539476,4,2042,Not eroded,0,1,1,1,1,1,1,0,0,0,1,1
2044,2.38E-01,2.38E-01,0.2175702,4,2044,Not eroded,0,1,1,0,0,0,0,0,0,0,1,1
2046,3.24E-01,1.27E-01,0.3326133,0,2046,ERODED,1,1,1,1,1,1,1,1,1,1,1,1
2047,1.25E-01,1.66E-01,0.2501861,4,2047,Not eroded,0,1,1,1,1,1,1,0,0,0,1,1
2053,2.93E-01,2.61E-01,0.3055877,4,2053,Not eroded,0,1,1,1,1,1,1,0,0,0,1,1
2055,2.08E-01,2.24E-01,0.2977871,0,2055,ERODED,1,1,1,1,1,1,1,1,1,1,1,1
2057,1.33E-01,8.49E-02,0.2719387,0,2057,ERODED,1,1,1,1,1,1,1,1,1,1,1,1
2058,5.65E-02,2.23E-01,0.2216625,3,2058,Not eroded,0,1,1,1,0,0,0,1,0,0,1,1
2061,1.11E-01,3.05E-01,0.2994854,0,2061,ERODED,1,1,1,1,1,1,1,1,1,1,1,1
2064,1.99E-01,1.93E-01,0.2190138,5,2064,Not eroded,0,1,1,0,0,0,0,0,0,0,0,1
2069,2.95E-01,2.37E-01,0.2280253,4,2069,Not eroded,0,1,1,1,0,0,0,0,0,0,1,1
2071,9.96E-02,1.35E-01,0.3049264,0,2071,ERODED,1,1,1,1,1,1,1,1,1,1,1,1
2072,3.08E-01,2.80E-01,0.2330827,5,2072,Not eroded,0,1,1,1,1,0,0,0,0,0,0,1
2078,2.21E-01,9.57E-02,0.3141787,0,2078,ERODED,1,1,1,1,1,1,1,1,1,1,1,1
2080,5.65E-02,1.48E-01,0.2585284,0,2080,Not eroded,0,1,1,1,1,1,1,1,1,1,1,1
2081,3.08E-01,2.51E-01,0.2963338,0,2081,ERODED,1,1,1,1,1,1,1,1,1,1,1,1
2082,1.35E-01,5.59E-02,0.2942338,3,2082,Not eroded,0,1,1,1,1,1,1,1,0,0,1,1
2095,2.70E-01,1.23E-01,0.2643554,4,2095,Not eroded,0,1,1,1,1,1,1,0,0,0,1,1
2096,2.14E-01,3.24E-01,0.2949366,0,2096,ERODED,1,1,1,1,1,1,1,1,1,1,1,1
2105,1.00E-01,2.53E-01,0.291073,0,2105,ERODED,1,1,1,1,1,1,1,1,1,1,1,1
2110,2.95E-01,2.53E-01,0.2798546,5,2110,Not eroded,0,1,1,1,1,1,1,0,0,0,0,1
2114,1.94E-01,3.24E-01,0.2208611,0,2114,Not eroded,0,1,1,1,0,0,0,1,1,1,1,1
2116,3.24E-01,3.24E-01,0.2842966,0,2116,Not eroded,0,1,1,1,1,1,1,1,1,1,1,1
2118,2.68E-01,3.20E-01,0.2463792,5,2118,Not eroded,0,1,1,1,1,1,0,0,0,0,0,1
2119,1.32E-01,2.65E-01,0.3093537,0,2119,ERODED,1,1,1,1,1,1,1,1,1,1,1,1
2122,3.24E-01,2.76E-01,0.2485019,3,2122,Not eroded,0,1,1,1,1,1,0,1,0,0,1,1
2123,1.76E-01,2.98E-01,0.238292,4,2123,ERODED,1,1,1,1,1,0,0,0,0,0,1,1
2124,1.98E-01,2.73E-01,0.3061458,0,2124,ERODED,1,1,1,1,1,1,1,1,1,1,1,1
2126,1.46E-01,6.41E-02,0.2217034,5,2126,Not eroded,0,1,1,1,0,0,0,0,0,0,0,1
2128,5.76E-02,6.52E-02,0.2936804,0,2128,ERODED,1,1,1,1,1,1,1,1,1,1,1,1
2130,3.24E-01,2.54E-01,0.2408777,4,2130,Not eroded,0,1,1,1,1,1,0,0,0,0,1,1
2131,7.58E-02,2.13E-01,0.3206415,0,2131,ERODED,1,1,1,1,1,1,1,1,1,1,1,1
2136,1.75E-01,2.40E-01,0.2297619,4,2136,Not eroded,0,1,1,1,0,0,0,0,0,0,1,1
2139,1.99E-01,3.22E-01,0.3289468,0,2139,ERODED,1,1,1,1,1,1,1,1,1,1,1,1
2143,1.68E-01,2.02E-01,0.25376,3,2143,Not eroded,0,1,1,1,1,1,1,1,0,0,1,1
2144,1.75E-01,2.15E-01,0.2914309,0,2144,ERODED,1,1,1,1,1,1,1,1,1,1,1,1
2156,2.89E-01,1.20E-01,0.310106,0,2156,ERODED,1,1,1,1,1,1,1,1,1,1,1,1
2157,7.68E-02,2.72E-01,0.3253284,0,2157,ERODED,1,1,1,1,1,1,1,1,1,1,1,1
2158,1.19E-01,3.12E-01,0.3092189,0,2158,ERODED,1,1,1,1,1,1,1,1,1,1,1,1
2159,2.16E-01,2.48E-01,0.3020465,4,2159,Not eroded,0,1,1,1,1,1,1,0,0,0,1,1
2160,1.08E-01,3.18E-01,0.2779299,0,2160,ERODED,1,1,1,1,1,1,1,1,1,1,1,1
2161,9.72E-02,2.04E-01,0.2371341,3,2161,Not eroded,0,1,1,1,1,0,0,1,0,0,1,1
2163,2.43E-01,6.46E-02,0.2112223,2,2163,Not eroded,0,1,1,0,0,0,0,1,0,1,1,1
2166,2.86E-01,1.01E-01,0.3054447,0,2166,ERODED,1,1,1,1,1,1,1,1,1,1,1,1
2173,3.25E-01,3.10E-01,0.2450751,3,2173,Not eroded,0,1,1,1,1,1,0,1,0,0,1,1
2174,2.74E-01,5.59E-02,0.2590796,3,2174,Not eroded,0,1,1,1,1,1,1,1,0,0,1,1
2178,2.62E-01,2.43E-01,0.2131531,0,2178,Not eroded,0,1,1,0,0,0,0,1,1,1,1,1
2179,1.75E-01,1.94E-01,0.2832986,0,2179,ERODED,1,1,1,1,1,1,1,1,1,1,1,1
2181,2.11E-01,2.11E-01,0.2338094,4,2181,Not eroded,0,1,1,1,1,0,0,0,0,0,1,1
2182,1.21E-01,2.91E-01,0.3221581,0,2182,ERODED,1,1,1,1,1,1,1,1,1,1,1,1
2184,2.09E-01,2.83E-01,0.2114268,0,2184,Not eroded,0,1,1,0,0,0,0,1,1,1,1,1
2185,1.81E-01,7.98E-02,0.2881258,0,2185,ERODED,1,1,1,1,1,1,1,1,1,1,1,1
2186,1.51E-01,1.35E-01,0.2207072,4,2186,Not eroded,0,1,1,1,0,0,0,0,0,0,1,1
2193,1.03E-01,8.19E-02,0.2428994,3,2193,Not eroded,0,1,1,1,1,1,0,1,0,0,1,1
2196,2.06E-01,1.05E-01,0.3296751,0,2196,ERODED,1,1,1,1,1,1,1,1,1,1,1,1
2198,2.54E-01,2.38E-01,0.2304522,4,2198,Not eroded,0,1,1,1,1,0,0,0,0,0,1,1
2199,2.13E-01,8.74E-02,0.2722503,0,2199,Not eroded,0,1,1,1,1,1,1,1,1,1,1,1
2201,1.13E-01,7.61E-02,0.2528093,6,2201,Not eroded,0,1,1,1,1,1,1,0,0,0,0,0
2203,2.87E-01,9.28E-02,0.3206835,0,2203,ERODED,1,1,1,1,1,1,1,1,1,1,1,1
2208,3.01E-01,1.62E-01,0.2404779,3,2208,Not eroded,0,1,1,1,1,1,0,1,0,0,1,1
2209,3.00E-01,5.65E-02,0.2345383,4,2209,Not eroded,0,1,1,1,1,0,0,0,0,0,1,1
2212,2.47E-01,1.51E-01,0.3249613,0,2212,ERODED,1,1,1,1,1,1,1,1,1,1,1,1
2215,2.58E-01,9.32E-02,0.2603662,0,2215,Not eroded,0,1,1,1,1,1,1,1,1,1,1,1
2217,2.95E-01,2.57E-01,0.2964857,4,2217,Not eroded,0,1,1,1,1,1,1,0,0,0,1,1
2220,1.80E-01,2.66E-01,0.2697881,0,2220,Not eroded,0,1,1,1,1,1,1,1,1,1,1,1
2229,1.04E-01,7.44E-02,0.2361426,6,2229,Not eroded,0,1,1,1,1,0,0,0,0,0,0,0
2232,2.30E-01,2.33E-01,0.2139156,0,2232,Not eroded,0,1,1,0,0,0,0,1,1,1,1,1
2235,2.48E-01,1.86E-01,0.2688086,0,2235,Not eroded,0,1,1,1,1,1,1,1,1,1,1,1
2238,8.33E-02,2.29E-01,0.2523824,0,2238,Not eroded,0,1,1,1,1,1,1,1,1,1,1,1
2239,2.83E-01,2.33E-01,0.2870423,0,2239,Not eroded,0,1,1,1,1,1,1,1,1,1,1,1
2243,8.63E-02,1.26E-01,0.3183672,0,2243,ERODED,1,1,1,1,1,1,1,1,1,1,1,1
2244,1.65E-01,3.20E-01,0.2621939,0,2244,ERODED,1,1,1,1,1,1,1,1,1,1,1,1
2246,2.18E-01,8.05E-02,0.2583609,4,2246,Not eroded,0,1,1,1,1,1,1,0,0,0,1,1
2249,1.91E-01,8.82E-02,0.2434139,0,2249,Not eroded,0,1,1,1,1,1,0,1,1,1,1,1
2251,2.82E-01,2.77E-01,0.2829269,6,2251,Not eroded,0,1,1,1,1,1,1,0,0,0,0,0
2259,3.25E-01,1.81E-01,0.2315848,5,2259,Not eroded,0,1,1,1,1,0,0,0,0,0,0,1
2261,2.09E-01,2.44E-01,0.3141412,0,2261,ERODED,1,1,1,1,1,1,1,1,1,1,1,1
2262,2.52E-01,2.19E-01,0.2979883,0,2262,ERODED,1,1,1,1,1,1,1,1,1,1,1,1
2263,3.19E-01,1.65E-01,0.2405218,4,2263,Not eroded,0,1,1,1,1,1,0,0,0,0,1,1
2266,1.21E-01,3.07E-01,0.2186976,2,2266,Not eroded,0,1,1,0,0,0,0,1,0,1,1,1
2271,2.82E-01,9.11E-02,0.2285635,0,2271,Not eroded,0,1,1,1,0,0,0,1,1,1,1,1
2274,2.20E-01,1.99E-01,0.2445504,4,2274,Not eroded,0,1,1,1,1,1,0,0,0,0,1,1
2275,3.16E-01,2.68E-01,0.2930617,5,2275,Not eroded,0,1,1,1,1,1,1,0,0,0,0,1
2276,5.64E-02,3.24E-01,0.3058909,2,2276,Not eroded,0,1,1,1,1,1,1,1,0,1,1,1
2279,2.93E-01,1.27E-01,0.3042953,0,2279,ERODED,1,1,1,1,1,1,1,1,1,1,1,1
2281,3.19E-01,1.98E-01,0.2863848,4,2281,Not eroded,0,1,1,1,1,1,1,0,0,0,1,1
2282,1.22E-01,2.28E-01,0.2803322,4,2282,Not eroded,0,1,1,1,1,1,1,0,0,0,1,1
2294,2.90E-01,1.10E-01,0.325078,0,2294,ERODED,1,1,1,1,1,1,1,1,1,1,1,1
2295,2.11E-01,3.15E-01,0.2536238,0,2295,Not eroded,0,1,1,1,1,1,1,1,1,1,1,1
2300,1.69E-01,1.63E-01,0.241634,4,2300,Not eroded,0,1,1,1,1,1,0,0,0,0,1,1
2302,8.50E-02,2.65E-01,0.2867436,0,2302,ERODED,1,1,1,1,1,1,1,1,1,1,1,1
2303,8.29E-02,3.24E-01,0.2131092,3,2303,Not eroded,0,1,1,0,0,0,0,1,0,0,1,1
2306,5.67E-02,3.16E-01,0.2815851,0,2306,Not eroded,0,1,1,1,1,1,1,1,1,1,1,1
2310,2.52E-01,8.26E-02,0.2799296,0,2310,Not eroded,0,1,1,1,1,1,1,1,1,1,1,1
2311,5.67E-02,2.63E-01,0.2303609,0,2311,Not eroded,0,1,1,1,1,0,0,1,1,1,1,1
2312,2.69E-01,8.32E-02,0.2531442,0,2312,Not eroded,0,1,1,1,1,1,1,1,1,1,1,1
2313,2.48E-01,2.33E-01,0.2239875,4,2313,Not eroded,0,1,1,1,0,0,0,0,0,0,1,1
2320,2.46E-01,1.63E-01,0.2611939,0,2320,Not eroded,0,1,1,1,1,1,1,1,1,1,1,1
2324,2.20E-01,1.10E-01,0.2262455,5,2324,Not eroded,0,1,1,1,0,0,0,0,0,0,0,1
2325,2.02E-01,2.64E-01,0.3048723,3,2325,Not eroded,0,1,1,1,1,1,1,1,0,0,1,1
2326,1.75E-01,5.59E-02,0.2318493,3,2326,Not eroded,0,1,1,1,1,0,0,1,0,0,1,1
2327,1.95E-01,2.31E-01,0.2499225,6,2327,Not eroded,0,1,1,1,1,1,0,0,0,0,0,0
2329,5.65E-02,2.72E-01,0.3014442,0,2329,ERODED,1,1,1,1,1,1,1,1,1,1,1,1
2332,2.18E-01,2.64E-01,0.2389649,0,2332,Not eroded,0,1,1,1,1,0,0,1,1,1,1,1
2335,2.31E-01,1.59E-01,0.2574659,2,2335,Not eroded,0,1,1,1,1,1,1,1,0,1,1,1
2338,3.24E-01,1.53E-01,0.2438333,4,2338,Not eroded,0,1,1,1,1,1,0,0,0,0,1,1
2342,2.32E-01,3.11E-01,0.2305992,4,2342,Not eroded,0,1,1,1,1,0,0,0,0,0,1,1
2344,1.86E-01,1.81E-01,0.3049015,0,2344,ERODED,1,1,1,1,1,1,1,1,1,1,1,1
2345,1.20E-01,1.18E-01,0.2201766,5,2345,Not eroded,0,1,1,1,0,0,0,0,0,0,0,1
2346,1.63E-01,2.88E-01,0.2166054,4,2346,Not eroded,0,1,1,0,0,0,0,0,0,0,1,1
2347,1.52E-01,6.53E-02,0.2379945,4,2347,Not eroded,0,1,1,1,1,0,0,0,0,0,1,1
2350,1.77E-01,5.59E-02,0.2659628,3,2350,Not eroded,0,1,1,1,1,1,1,1,0,0,1,1
2356,1.43E-01,6.34E-02,0.2334044,5,2356,Not eroded,0,1,1,1,1,0,0,0,0,0,0,1
2363,5.80E-02,1.78E-01,0.2498401,3,2363,Not eroded,0,1,1,1,1,1,0,1,0,0,1,1
2364,1.41E-01,2.59E-01,0.2544144,0,2364,Not eroded,0,1,1,1,1,1,1,1,1,1,1,1
2367,1.06E-01,2.30E-01,0.2321834,3,2367,Not eroded,0,1,1,1,1,0,0,1,0,0,1,1
2372,9.72E-02,1.26E-01,0.2526619,0,2372,Not eroded,0,1,1,1,1,1,1,1,1,1,1,1
2374,2.39E-01,1.17E-01,0.2180996,3,2374,Not eroded,0,1,1,0,0,0,0,1,0,0,1,1
2379,2.98E-01,2.75E-01,0.2572231,5,2379,Not eroded,0,1,1,1,1,1,1,0,0,0,0,1
2380,3.24E-01,2.11E-01,0.2561859,3,2380,Not eroded,0,1,1,1,1,1,1,1,0,0,1,1
2383,1.67E-01,1.90E-01,0.2460687,3,2383,Not eroded,0,1,1,1,1,1,0,1,0,0,1,1
2384,1.46E-01,2.51E-01,0.2678821,0,2384,Not eroded,0,1,1,1,1,1,1,1,1,1,1,1
2385,2.82E-01,9.49E-02,0.312619,0,2385,ERODED,1,1,1,1,1,1,1,1,1,1,1,1
2386,5.66E-02,2.69E-01,0.3115187,0,2386,ERODED,1,1,1,1,1,1,1,1,1,1,1,1
2389,2.88E-01,2.73E-01,0.2908801,4,2389,Not eroded,0,1,1,1,1,1,1,0,0,0,1,1
2390,2.73E-01,7.97E-02,0.3051235,0,2390,ERODED,1,1,1,1,1,1,1,1,1,1,1,1
2393,1.24E-01,3.24E-01,0.262219,0,2393,ERODED,1,1,1,1,1,1,1,1,1,1,1,1
2395,1.65E-01,3.07E-01,0.2690038,3,2395,ERODED,1,1,1,1,1,1,1,1,0,0,1,1
2399,2.21E-01,3.14E-01,0.3228777,0,2399,ERODED,1,1,1,1,1,1,1,1,1,1,1,1
2401,1.18E-01,1.77E-01,0.216075,0,2401,Not eroded,0,1,1,0,0,0,0,1,1,1,1,1
2407,6.38E-02,6.15E-02,0.2551154,4,2407,Not eroded,0,1,1,1,1,1,1,0,0,0,1,1
2408,8.32E-02,9.31E-02,0.2937249,0,2408,Not eroded,0,1,1,1,1,1,1,1,1,1,1,1
2410,8.95E-02,2.13E-01,0.2881819,0,2410,ERODED,1,1,1,1,1,1,1,1,1,1,1,1
2413,6.88E-02,1.70E-01,0.2835466,2,2413,Not eroded,0,1,1,1,1,1,1,1,0,1,1,1
2414,9.92E-02,5.59E-02,0.2968497,3,2414,Not eroded,0,1,1,1,1,1,1,1,0,0,1,1
2415,1.74E-01,2.57E-01,0.3253883,0,2415,Not eroded,0,1,1,1,1,1,1,1,1,1,1,1
2416,1.34E-01,1.73E-01,0.239265,5,2416,Not eroded,0,1,1,1,1,0,0,0,0,0,0,1
2417,1.28E-01,1.13E-01,0.2205145,5,2417,Not eroded,0,1,1,1,0,0,0,0,0,0,0,1
2420,2.27E-01,1.95E-01,0.2834741,5,2420,Not eroded,0,1,1,1,1,1,1,0,0,0,0,1
2428,1.40E-01,1.05E-01,0.2837058,0,2428,ERODED,1,1,1,1,1,1,1,1,1,1,1,1
2430,3.14E-01,6.65E-02,0.2378417,0,2430,Not eroded,0,1,1,1,1,0,0,1,1,1,1,1
2432,5.66E-02,2.23E-01,0.3135984,0,2432,ERODED,1,1,1,1,1,1,1,1,1,1,1,1
2436,3.18E-01,2.40E-01,0.2323024,5,2436,Not eroded,0,1,1,1,1,0,0,0,0,0,0,1
2437,1.45E-01,1.65E-01,0.2451513,5,2437,Not eroded,0,1,1,1,1,1,0,0,0,0,0,1
2439,1.09E-01,5.59E-02,0.2470828,3,2439,Not eroded,0,1,1,1,1,1,0,1,0,0,1,1
2440,3.17E-01,1.88E-01,0.2933314,3,2440,Not eroded,0,1,1,1,1,1,1,1,0,0,1,1
2442,3.24E-01,3.20E-01,0.2184813,3,2442,Not eroded,0,1,1,0,0,0,0,1,0,0,1,1
2444,2.85E-01,8.31E-02,0.3039439,0,2444,ERODED,1,1,1,1,1,1,1,1,1,1,1,1
2445,1.73E-01,1.72E-01,0.2390776,0,2445,Not eroded,0,1,1,1,1,0,0,1,1,1,1,1
2447,1.98E-01,3.06E-01,0.2884912,4,2447,Not eroded,0,1,1,1,1,1,1,0,0,0,1,1
2448,6.50E-02,2.21E-01,0.2440931,3,2448,Not eroded,0,1,1,1,1,1,0,1,0,0,1,1
2450,2.24E-01,1.63E-01,0.3244715,0,2450,ERODED,1,1,1,1,1,1,1,1,1,1,1,1
2451,1.31E-01,5.59E-02,0.2686029,2,2451,Not eroded,0,1,1,1,1,1,1,1,0,1,1,1
2452,1.62E-01,2.17E-01,0.2402845,5,2452,Not eroded,0,1,1,1,1,1,0,0,0,0,0,1
2453,9.48E-02,6.78E-02,0.2521907,3,2453,Not eroded,0,1,1,1,1,1,1,1,0,0,1,1
2454,2.44E-01,6.05E-02,0.2594697,5,2454,Not eroded,0,1,1,1,1,1,1,0,0,0,0,1
2459,1.65E-01,2.96E-01,0.2328954,4,2459,ERODED,1,1,1,1,1,0,0,0,0,0,1,1
2460,2.51E-01,1.85E-01,0.2237585,3,2460,Not eroded,0,1,1,1,0,0,0,1,0,0,1,1
2461,2.60E-01,2.20E-01,0.2312988,0,2461,Not eroded,0,1,1,1,1,0,0,1,1,1,1,1
2465,1.63E-01,3.17E-01,0.2361898,0,2465,ERODED,1,1,1,1,1,0,0,1,1,1,1,1
2467,2.59E-01,1.43E-01,0.3249613,0,2467,ERODED,1,1,1,1,1,1,1,1,1,1,1,1
2469,1.40E-01,7.15E-02,0.2601252,6,2469,Not eroded,0,1,1,1,1,1,1,0,0,0,0,0
2472,2.95E-01,6.40E-02,0.2302414,4,2472,Not eroded,0,1,1,1,1,0,0,0,0,0,1,1
2476,1.61E-01,1.27E-01,0.2225982,3,2476,Not eroded,0,1,1,1,0,0,0,1,0,0,1,1
2480,2.60E-01,5.74E-02,0.2731401,3,2480,Not eroded,0,1,1,1,1,1,1,1,0,0,1,1
2484,1.16E-01,2.38E-01,0.2191162,0,2484,Not eroded,0,1,1,0,0,0,0,1,1,1,1,1
2489,1.43E-01,2.61E-01,0.3145586,0,2489,ERODED,1,1,1,1,1,1,1,1,1,1,1,1
2490,1.68E-01,3.24E-01,0.2442605,3,2490,ERODED,1,1,1,1,1,1,0,1,0,0,1,1
2492,1.38E-01,2.70E-01,0.2330069,0,2492,ERODED,1,1,1,1,1,0,0,1,1,1,1,1
2496,1.18E-01,3.16E-01,0.2138854,4,2496,Not eroded,0,1,1,0,0,0,0,0,0,0,1,1
2500,2.02E-01,5.61E-02,0.3335667,0,2500,ERODED,1,1,1,1,1,1,1,1,1,1,1,1
2507,1.38E-01,1.04E-01,0.2739507,0,2507,ERODED,1,1,1,1,1,1,1,1,1,1,1,1
2509,2.58E-01,1.97E-01,0.3085263,0,2509,ERODED,1,1,1,1,1,1,1,1,1,1,1,1
2510,2.86E-01,2.40E-01,0.2268151,4,2510,Not eroded,0,1,1,1,0,0,0,0,0,0,1,1
2514,1.63E-01,1.26E-01,0.2922876,0,2514,ERODED,1,1,1,1,1,1,1,1,1,1,1,1
2515,2.81E-01,1.66E-01,0.2913951,0,2515,Not eroded,0,1,1,1,1,1,1,1,1,1,1,1
2519,1.86E-01,1.17E-01,0.2632282,0,2519,Not eroded,0,1,1,1,1,1,1,1,1,1,1,1
2526,2.13E-01,1.39E-01,0.2341959,3,2526,Not eroded,0,1,1,1,1,0,0,1,0,0,1,1
2527,5.65E-02,1.59E-01,0.2564729,0,2527,Not eroded,0,1,1,1,1,1,1,1,1,1,1,1
2528,1.66E-01,1.46E-01,0.2728698,0,2528,Not eroded,0,1,1,1,1,1,1,1,1,1,1,1
2529,9.37E-02,2.42E-01,0.2926455,0,2529,ERODED,1,1,1,1,1,1,1,1,1,1,1,1
2531,8.56E-02,2.15E-01,0.2470816,3,2531,Not eroded,0,1,1,1,1,1,0,1,0,0,1,1
2533,1.10E-01,2.97E-01,0.214891,3,2533,Not eroded,0,1,1,0,0,0,0,1,0,0,1,1
2534,1.22E-01,2.94E-01,0.2198729,3,2534,Not eroded,0,1,1,0,0,0,0,1,0,0,1,1
2536,2.89E-01,2.90E-01,0.2579498,4,2536,Not eroded,0,1,1,1,1,1,1,0,0,0,1,1
2538,9.76E-02,1.83E-01,0.288849,0,2538,Not eroded,0,1,1,1,1,1,1,1,1,1,1,1
2540,3.24E-01,1.47E-01,0.214599,3,2540,Not eroded,0,1,1,0,0,0,0,1,0,0,1,1
2541,9.30E-02,3.04E-01,0.2107373,5,2541,Not eroded,0,1,1,0,0,0,0,0,0,0,0,1
2542,5.65E-02,7.15E-02,0.2356813,0,2542,Not eroded,0,1,1,1,1,0,0,1,1,1,1,1
2544,3.24E-01,2.09E-01,0.2296109,5,2544,Not eroded,0,1,1,1,0,0,0,0,0,0,0,1
2546,5.65E-02,2.98E-01,0.2726677,1,2546,ERODED,1,1,1,1,1,1,1,1,1,1,1,1
2552,2.49E-01,2.85E-01,0.3017412,0,2552,ERODED,1,1,1,1,1,1,1,1,1,1,1,1
2553,1.69E-01,2.47E-01,0.2899911,0,2553,ERODED,1,1,1,1,1,1,1,1,1,1,1,1
2560,8.35E-02,2.92E-01,0.295004,0,2560,ERODED,1,1,1,1,1,1,1,1,1,1,1,1
2563,6.51E-02,2.49E-01,0.2597693,0,2563,ERODED,1,1,1,1,1,1,1,1,1,1,1,1
2565,3.10E-01,1.99E-01,0.2816396,6,2565,Not eroded,0,1,1,1,1,1,1,0,0,0,0,0
2566,3.21E-01,9.68E-02,0.2770641,4,2566,Not eroded,0,1,1,1,1,1,1,0,0,0,1,1
2568,3.19E-01,2.20E-01,0.2962177,3,2568,Not eroded,0,1,1,1,1,1,1,1,0,0,1,1
2570,6.75E-02,5.59E-02,0.2398531,4,2570,Not eroded,0,1,1,1,1,0,0,0,0,0,1,1
2571,2.49E-01,2.56E-01,0.2115389,5,2571,Not eroded,0,1,1,0,0,0,0,0,0,0,0,1
2576,1.32E-01,2.58E-01,0.2528718,0,2576,Not eroded,0,1,1,1,1,1,1,1,1,1,1,1
2579,1.59E-01,2.03E-01,0.2785357,0,2579,ERODED,1,1,1,1,1,1,1,1,1,1,1,1
2581,2.08E-01,1.35E-01,0.2156153,0,2581,Not eroded,0,1,1,0,0,0,0,1,1,1,1,1
2582,1.20E-01,1.28E-01,0.2188377,4,2582,Not eroded,0,1,1,0,0,0,0,0,0,0,1,1
2585,1.37E-01,5.71E-02,0.2394443,5,2585,Not eroded,0,1,1,1,1,0,0,0,0,0,0,1
2590,2.53E-01,1.17E-01,0.2719355,4,2590,Not eroded,0,1,1,1,1,1,1,0,0,0,1,1
2591,1.70E-01,3.19E-01,0.2786759,0,2591,ERODED,1,1,1,1,1,1,1,1,1,1,1,1
2593,3.24E-01,1.03E-01,0.2349646,0,2593,Not eroded,0,1,1,1,1,0,0,1,1,1,1,1
2601,3.24E-01,2.91E-01,0.3031102,0,2601,Not eroded,0,1,1,1,1,1,1,1,1,1,1,1
2602,2.24E-01,1.11E-01,0.2927675,0,2602,Not eroded,0,1,1,1,1,1,1,1,1,1,1,1
2603,2.72E-01,1.13E-01,0.3238667,0,2603,ERODED,1,1,1,1,1,1,1,1,1,1,1,1
2604,3.09E-01,2.63E-01,0.288051,6,2604,Not eroded,0,1,1,1,1,1,1,0,0,0,0,0
2609,1.14E-01,3.21E-01,0.3124591,0,2609,ERODED,1,1,1,1,1,1,1,1,1,1,1,1
2610,1.64E-01,1.94E-01,0.2740824,0,2610,ERODED,1,1,1,1,1,1,1,1,1,1,1,1
2611,6.99E-02,5.59E-02,0.2495473,5,2611,Not eroded,0,1,1,1,1,1,0,0,0,0,0,1
2613,6.58E-02,5.68E-02,0.2960771,0,2613,ERODED,1,1,1,1,1,1,1,1,1,1,1,1
2615,2.61E-01,2.54E-01,0.2200441,2,2615,Not eroded,0,1,1,1,0,0,0,1,0,1,1,1
2618,3.24E-01,2.03E-01,0.2961379,0,2618,ERODED,1,1,1,1,1,1,1,1,1,1,1,1
2624,9.65E-02,1.47E-01,0.2679335,0,2624,Not eroded,0,1,1,1,1,1,1,1,1,1,1,1
2630,1.70E-01,1.97E-01,0.2970771,0,2630,ERODED,1,1,1,1,1,1,1,1,1,1,1,1
2631,2.61E-01,1.18E-01,0.2669618,2,2631,Not eroded,0,1,1,1,1,1,1,1,0,1,1,1
2632,2.94E-01,6.51E-02,0.279129,5,2632,Not eroded,0,1,1,1,1,1,1,0,0,0,0,1
2635,2.82E-01,2.92E-01,0.3171992,2,2635,Not eroded,0,1,1,1,1,1,1,1,0,1,1,1
2639,2.72E-01,2.52E-01,0.2259474,4,2639,Not eroded,0,1,1,1,0,0,0,0,0,0,1,1
2643,1.95E-01,3.15E-01,0.2876637,3,2643,Not eroded,0,1,1,1,1,1,1,1,0,0,1,1
2645,1.06E-01,9.67E-02,0.2182008,4,2645,Not eroded,0,1,1,0,0,0,0,0,0,0,1,1
2648,2.78E-01,1.17E-01,0.3108758,0,2648,ERODED,1,1,1,1,1,1,1,1,1,1,1,1
2649,1.19E-01,2.44E-01,0.2306232,2,2649,Not eroded,0,1,1,1,1,0,0,1,0,1,1,1
2650,2.91E-01,2.30E-01,0.2406413,4,2650,Not eroded,0,1,1,1,1,1,0,0,0,0,1,1
2651,1.73E-01,6.37E-02,0.238239,5,2651,Not eroded,0,1,1,1,1,0,0,0,0,0,0,1
2657,6.78E-02,1.61E-01,0.2785117,3,2657,Not eroded,0,1,1,1,1,1,1,1,0,0,1,1
2662,2.92E-01,5.72E-02,0.3268449,0,2662,ERODED,1,1,1,1,1,1,1,1,1,1,1,1
2667,3.04E-01,1.97E-01,0.2510052,4,2667,Not eroded,0,1,1,1,1,1,1,0,0,0,1,1
2669,2.48E-01,2.02E-01,0.2910217,0,2669,Not eroded,0,1,1,1,1,1,1,1,1,1,1,1
2671,1.44E-01,1.21E-01,0.3264633,0,2671,ERODED,1,1,1,1,1,1,1,1,1,1,1,1
2674,3.24E-01,2.93E-01,0.3259859,0,2674,Not eroded,0,1,1,1,1,1,1,1,1,1,1,1
2676,1.81E-01,3.17E-01,0.2415898,3,2676,ERODED,1,1,1,1,1,1,0,1,0,0,1,1
2679,1.19E-01,3.22E-01,0.2705385,0,2679,ERODED,1,1,1,1,1,1,1,1,1,1,1,1
2685,1.37E-01,9.90E-02,0.2267294,5,2685,Not eroded,0,1,1,1,0,0,0,0,0,0,0,1
2688,1.24E-01,1.14E-01,0.211707,4,2688,Not eroded,0,1,1,0,0,0,0,0,0,0,1,1
2689,2.51E-01,5.59E-02,0.2551351,3,2689,Not eroded,0,1,1,1,1,1,1,1,0,0,1,1
2692,1.78E-01,2.42E-01,0.2470397,3,2692,Not eroded,0,1,1,1,1,1,0,1,0,0,1,1
2693,6.64E-02,1.13E-01,0.2680957,4,2693,Not eroded,0,1,1,1,1,1,1,0,0,0,1,1
2697,2.58E-01,1.46E-01,0.2606742,4,2697,Not eroded,0,1,1,1,1,1,1,0,0,0,1,1
2710,5.65E-02,1.40E-01,0.2739772,3,2710,Not eroded,0,1,1,1,1,1,1,1,0,0,1,1
2712,6.51E-02,1.15E-01,0.2429107,4,2712,Not eroded,0,1,1,1,1,1,0,0,0,0,1,1
2717,2.64E-01,3.14E-01,0.2539251,4,2717,Not eroded,0,1,1,1,1,1,1,0,0,0,1,1
2721,2.16E-01,9.83E-02,0.3050733,0,2721,ERODED,1,1,1,1,1,1,1,1,1,1,1,1
2723,1.91E-01,9.49E-02,0.2770476,0,2723,Not eroded,0,1,1,1,1,1,1,1,1,1,1,1
2724,3.10E-01,1.93E-01,0.2324795,4,2724,Not eroded,0,1,1,1,1,0,0,0,0,0,1,1
2728,2.50E-01,6.51E-02,0.2231282,4,2728,Not eroded,0,1,1,1,0,0,0,0,0,0,1,1
2729,2.73E-01,3.24E-01,0.2289522,3,2729,Not eroded,0,1,1,1,0,0,0,1,0,0,1,1
2738,2.40E-01,1.90E-01,0.2720124,0,2738,Not eroded,0,1,1,1,1,1,1,1,1,1,1,1
2741,1.72E-01,2.21E-01,0.2215943,4,2741,Not eroded,0,1,1,1,0,0,0,0,0,0,1,1
2745,2.36E-01,1.92E-01,0.2862573,0,2745,Not eroded,0,1,1,1,1,1,1,1,1,1,1,1
2746,1.03E-01,5.59E-02,0.2555344,4,2746,Not eroded,0,1,1,1,1,1,1,0,0,0,1,1
2747,3.24E-01,3.02E-01,0.2827298,0,2747,Not eroded,0,1,1,1,1,1,1,1,1,1,1,1
2749,1.42E-01,1.80E-01,0.2821843,0,2749,Not eroded,0,1,1,1,1,1,1,1,1,1,1,1
2750,3.08E-01,1.59E-01,0.2547804,6,2750,Not eroded,0,1,1,1,1,1,1,0,0,0,0,0
2754,2.83E-01,6.48E-02,0.2997094,0,2754,ERODED,1,1,1,1,1,1,1,1,1,1,1,1
2755,2.18E-01,2.31E-01,0.3106482,0,2755,ERODED,1,1,1,1,1,1,1,1,1,1,1,1
2756,1.76E-01,7.69E-02,0.2210345,4,2756,Not eroded,0,1,1,1,0,0,0,0,0,0,1,1
2761,1.04E-01,8.74E-02,0.2151367,3,2761,Not eroded,0,1,1,0,0,0,0,1,0,0,1,1
2763,2.16E-01,1.80E-01,0.2201451,4,2763,Not eroded,0,1,1,1,0,0,0,0,0,0,1,1
2769,6.84E-02,2.38E-01,0.2625717,0,2769,ERODED,1,1,1,1,1,1,1,1,1,1,1,1
2771,3.24E-01,3.09E-01,0.2351728,4,2771,Not eroded,0,1,1,1,1,0,0,0,0,0,1,1
2774,9.37E-02,2.61E-01,0.2894971,0,2774,ERODED,1,1,1,1,1,1,1,1,1,1,1,1
2776,2.92E-01,2.06E-01,0.3259134,0,2776,ERODED,1,1,1,1,1,1,1,1,1,1,1,1
2778,6.46E-02,9.05E-02,0.2455832,3,2778,Not eroded,0,1,1,1,1,1,0,1,0,0,1,1
2779,2.51E-01,1.54E-01,0.2635537,0,2779,Not eroded,0,1,1,1,1,1,1,1,1,1,1,1
2784,2.99E-01,1.58E-01,0.2593856,6,2784,Not eroded,0,1,1,1,1,1,1,0,0,0,0,0
2790,3.18E-01,2.36E-01,0.2413317,5,2790,Not eroded,0,1,1,1,1,1,0,0,0,0,0,1
2791,1.57E-01,1.24E-01,0.3001947,0,2791,ERODED,1,1,1,1,1,1,1,1,1,1,1,1
2795,3.16E-01,2.23E-01,0.248301,4,2795,Not eroded,0,1,1,1,1,1,0,0,0,0,1,1
2796,2.47E-01,1.18E-01,0.2636158,3,2796,Not eroded,0,1,1,1,1,1,1,1,0,0,1,1
2797,1.21E-01,1.24E-01,0.2280535,4,2797,Not eroded,0,1,1,1,0,0,0,0,0,0,1,1
2800,1.34E-01,9.92E-02,0.2893729,0,2800,ERODED,1,1,1,1,1,1,1,1,1,1,1,1
2801,9.54E-02,1.81E-01,0.2988588,0,2801,ERODED,1,1,1,1,1,1,1,1,1,1,1,1
2802,2.16E-01,2.39E-01,0.2834845,0,2802,ERODED,1,1,1,1,1,1,1,1,1,1,1,1
2806,2.23E-01,2.70E-01,0.2441631,0,2806,Not eroded,0,1,1,1,1,1,0,1,1,1,1,1
2807,2.62E-01,2.31E-01,0.2165526,3,2807,Not eroded,0,1,1,0,0,0,0,1,0,0,1,1
2809,2.72E-01,1.78E-01,0.2931664,4,2809,Not eroded,0,1,1,1,1,1,1,0,0,0,1,1
2811,2.74E-01,6.11E-02,0.2888569,5,2811,Not eroded,0,1,1,1,1,1,1,0,0,0,0,1
2816,2.99E-01,8.70E-02,0.2932082,4,2816,Not eroded,0,1,1,1,1,1,1,0,0,0,1,1
2822,2.05E-01,2.26E-01,0.2640222,0,2822,Not eroded,0,1,1,1,1,1,1,1,1,1,1,1
2828,6.55E-02,2.90E-01,0.32311,0,2828,ERODED,1,1,1,1,1,1,1,1,1,1,1,1
2829,3.18E-01,1.41E-01,0.2757353,3,2829,Not eroded,0,1,1,1,1,1,1,1,0,0,1,1
2831,2.02E-01,2.32E-01,0.2734247,0,2831,Not eroded,0,1,1,1,1,1,1,1,1,1,1,1
2839,2.90E-01,1.59E-01,0.3083546,2,2839,Not eroded,0,1,1,1,1,1,1,1,0,1,1,1
2840,1.31E-01,2.39E-01,0.2680221,0,2840,Not eroded,0,1,1,1,1,1,1,1,1,1,1,1
2842,9.74E-02,2.13E-01,0.2945461,0,2842,ERODED,1,1,1,1,1,1,1,1,1,1,1,1
2845,7.21E-02,5.69E-02,0.28036,0,2845,Not eroded,0,1,1,1,1,1,1,1,1,1,1,1
2846,1.72E-01,2.27E-01,0.2953552,0,2846,ERODED,1,1,1,1,1,1,1,1,1,1,1,1
2849,1.43E-01,2.49E-01,0.2577955,0,2849,Not eroded,0,1,1,1,1,1,1,1,1,1,1,1
2851,7.41E-02,1.06E-01,0.2694209,0,2851,Not eroded,0,1,1,1,1,1,1,1,1,1,1,1
2855,1.29E-01,1.04E-01,0.2254157,5,2855,Not eroded,0,1,1,1,0,0,0,0,0,0,0,1
2856,1.40E-01,2.68E-01,0.2472025,0,2856,Not eroded,0,1,1,1,1,1,0,1,1,1,1,1
2858,9.32E-02,1.39E-01,0.2218068,4,2858,Not eroded,0,1,1,1,0,0,0,0,0,0,1,1
2859,2.18E-01,2.98E-01,0.2536631,2,2859,Not eroded,0,1,1,1,1,1,1,1,0,1,1,1
2862,1.96E-01,2.81E-01,0.2922043,4,2862,Not eroded,0,1,1,1,1,1,1,0,0,0,1,1
2865,2.34E-01,2.83E-01,0.277771,4,2865,Not eroded,0,1,1,1,1,1,1,0,0,0,1,1
2868,1.03E-01,2.20E-01,0.2912033,0,2868,ERODED,1,1,1,1,1,1,1,1,1,1,1,1
2870,3.24E-01,3.24E-01,0.2742502,0,2870,Not eroded,0,1,1,1,1,1,1,1,1,1,1,1
2872,9.22E-02,2.07E-01,0.2456954,3,2872,Not eroded,0,1,1,1,1,1,0,1,0,0,1,1
2874,2.05E-01,1.64E-01,0.2908449,5,2874,Not eroded,0,1,1,1,1,1,1,0,0,0,0,1
2875,1.11E-01,2.35E-01,0.2865898,3,2875,Not eroded,0,1,1,1,1,1,1,1,0,0,1,1
2879,1.67E-01,2.04E-01,0.3054127,0,2879,ERODED,1,1,1,1,1,1,1,1,1,1,1,1
2883,3.14E-01,2.85E-01,0.2391051,5,2883,Not eroded,0,1,1,1,1,0,0,0,0,0,0,1
2887,1.21E-01,1.25E-01,0.2379874,5,2887,Not eroded,0,1,1,1,1,0,0,0,0,0,0,1
2888,9.43E-02,1.92E-01,0.2919943,0,2888,Not eroded,0,1,1,1,1,1,1,1,1,1,1,1
2889,1.08E-01,1.41E-01,0.2931501,0,2889,Not eroded,0,1,1,1,1,1,1,1,1,1,1,1
2890,2.71E-01,8.08E-02,0.2405698,0,2890,Not eroded,0,1,1,1,1,1,0,1,1,1,1,1
2900,5.81E-02,1.76E-01,0.240058,3,2900,Not eroded,0,1,1,1,1,1,0,1,0,0,1,1
2901,2.66E-01,3.15E-01,0.2272394,4,2901,Not eroded,0,1,1,1,0,0,0,0,0,0,1,1
2904,1.80E-01,7.19E-02,0.2941832,0,2904,ERODED,1,1,1,1,1,1,1,1,1,1,1,1
2905,2.55E-01,6.49E-02,0.2790002,4,2905,Not eroded,0,1,1,1,1,1,1,0,0,0,1,1
2906,3.01E-01,3.20E-01,0.2866486,0,2906,Not eroded,0,1,1,1,1,1,1,1,1,1,1,1
2909,9.51E-02,1.42E-01,0.3301992,0,2909,ERODED,1,1,1,1,1,1,1,1,1,1,1,1
2913,2.09E-01,3.24E-01,0.261532,4,2913,Not eroded,0,1,1,1,1,1,1,0,0,0,1,1
2914,1.36E-01,3.14E-01,0.2696178,0,2914,ERODED,1,1,1,1,1,1,1,1,1,1,1,1
2919,1.25E-01,2.31E-01,0.2712822,5,2919,Not eroded,0,1,1,1,1,1,1,0,0,0,0,1
2920,3.24E-01,2.50E-01,0.2779488,4,2920,Not eroded,0,1,1,1,1,1,1,0,0,0,1,1
2921,3.11E-01,2.04E-01,0.2442718,5,2921,Not eroded,0,1,1,1,1,1,0,0,0,0,0,1
2926,2.76E-01,5.59E-02,0.2454922,4,2926,Not eroded,0,1,1,1,1,1,0,0,0,0,1,1
2927,1.64E-01,2.26E-01,0.2368676,5,2927,Not eroded,0,1,1,1,1,0,0,0,0,0,0,1
2928,3.24E-01,1.98E-01,0.213014,3,2928,Not eroded,0,1,1,0,0,0,0,1,0,0,1,1
2930,1.95E-01,1.69E-01,0.2326364,0,2930,Not eroded,0,1,1,1,1,0,0,1,1,1,1,1
2941,1.15E-01,3.24E-01,0.3031188,0,2941,ERODED,1,1,1,1,1,1,1,1,1,1,1,1
2945,3.24E-01,3.14E-01,0.2269259,4,2945,Not eroded,0,1,1,1,0,0,0,0,0,0,1,1
2947,6.52E-02,9.02E-02,0.2926018,0,2947,Not eroded,0,1,1,1,1,1,1,1,1,1,1,1
2949,1.70E-01,5.59E-02,0.2751318,0,2949,Not eroded,0,1,1,1,1,1,1,1,1,1,1,1
2951,9.94E-02,1.63E-01,0.2867718,0,2951,Not eroded,0,1,1,1,1,1,1,1,1,1,1,1
2960,3.18E-01,2.26E-01,0.2279461,5,2960,Not eroded,0,1,1,1,0,0,0,0,0,0,0,1
2963,1.35E-01,7.89E-02,0.2642411,4,2963,Not eroded,0,1,1,1,1,1,1,0,0,0,1,1
2967,6.45E-02,2.67E-01,0.2843908,0,2967,ERODED,1,1,1,1,1,1,1,1,1,1,1,1
2970,1.66E-01,7.09E-02,0.2600814,5,2970,Not eroded,0,1,1,1,1,1,1,0,0,0,0,1
2976,3.24E-01,1.23E-01,0.2688567,3,2976,Not eroded,0,1,1,1,1,1,1,1,0,0,1,1
2978,2.61E-01,1.28E-01,0.3068189,0,2978,ERODED,1,1,1,1,1,1,1,1,1,1,1,1
2981,1.02E-01,3.14E-01,0.313669,0,2981,ERODED,1,1,1,1,1,1,1,1,1,1,1,1
2986,8.66E-02,5.59E-02,0.2572145,4,2986,Not eroded,0,1,1,1,1,1,1,0,0,0,1,1
2987,1.15E-01,5.60E-02,0.2314051,0,2987,Not eroded,0,1,1,1,1,0,0,1,1,1,1,1
2988,1.55E-01,9.54E-02,0.2936849,0,2988,ERODED,1,1,1,1,1,1,1,1,1,1,1,1
2997,1.51E-01,2.44E-01,0.2864898,0,2997,ERODED,1,1,1,1,1,1,1,1,1,1,1,1
2999,6.26E-02,2.61E-01,0.2973579,0,2999,ERODED,1,1,1,1,1,1,1,1,1,1,1,1
3001,3.17E-01,3.05E-01,0.2121709,7,3001,Not eroded,0,1,1,0,0,0,0,0,0,0,0,0
3005,2.64E-01,5.61E-02,0.2308271,4,3005,Not eroded,0,1,1,1,1,0,0,0,0,0,1,1
3007,2.43E-01,1.83E-01,0.2890485,0,3007,ERODED,1,1,1,1,1,1,1,1,1,1,1,1
3008,9.84E-02,2.58E-01,0.2116104,4,3008,Not eroded,0,1,1,0,0,0,0,0,0,0,1,1
3011,2.27E-01,1.37E-01,0.2225177,4,3011,Not eroded,0,1,1,1,0,0,0,0,0,0,1,1
3012,2.06E-01,1.47E-01,0.2238458,0,3012,Not eroded,0,1,1,1,0,0,0,1,1,1,1,1
3013,3.01E-01,2.57E-01,0.2880007,4,3013,Not eroded,0,1,1,1,1,1,1,0,0,0,1,1
3014,1.55E-01,2.43E-01,0.2157684,3,3014,Not eroded,0,1,1,0,0,0,0,1,0,0,1,1
3015,1.28E-01,2.74E-01,0.3126734,0,3015,ERODED,1,1,1,1,1,1,1,1,1,1,1,1
3018,7.17E-02,1.56E-01,0.2491651,2,3018,Not eroded,0,1,1,1,1,1,0,1,0,1,1,1
3024,1.07E-01,2.70E-01,0.2528549,0,3024,ERODED,1,1,1,1,1,1,1,1,1,1,1,1
3033,1.73E-01,3.14E-01,0.2374029,2,3033,ERODED,1,1,1,1,1,0,0,1,0,1,1,1
3035,2.70E-01,5.59E-02,0.2784998,3,3035,Not eroded,0,1,1,1,1,1,1,1,0,0,1,1
3038,8.25E-02,1.51E-01,0.259152,5,3038,Not eroded,0,1,1,1,1,1,1,0,0,0,0,1
3044,2.12E-01,1.78E-01,0.2995702,0,3044,Not eroded,0,1,1,1,1,1,1,1,1,1,1,1
3045,5.66E-02,1.12E-01,0.2706761,0,3045,Not eroded,0,1,1,1,1,1,1,1,1,1,1,1
3046,1.21E-01,2.71E-01,0.2564912,0,3046,ERODED,1,1,1,1,1,1,1,1,1,1,1,1
3049,1.82E-01,2.73E-01,0.2876988,0,3049,Not eroded,0,1,1,1,1,1,1,1,1,1,1,1
3050,1.84E-01,2.98E-01,0.2323894,3,3050,ERODED,1,1,1,1,1,0,0,1,0,0,1,1
3053,2.64E-01,2.78E-01,0.2145285,5,3053,Not eroded,0,1,1,0,0,0,0,0,0,0,0,1
3054,1.97E-01,1.50E-01,0.2908976,0,3054,Not eroded,0,1,1,1,1,1,1,1,1,1,1,1
3056,2.99E-01,1.60E-01,0.289219,0,3056,Not eroded,0,1,1,1,1,1,1,1,1,1,1,1
3057,2.87E-01,2.47E-01,0.2782734,5,3057,Not eroded,0,1,1,1,1,1,1,0,0,0,0,1
3061,5.65E-02,1.86E-01,0.220876,2,3061,Not eroded,0,1,1,1,0,0,0,1,0,1,1,1
3070,2.88E-01,1.62E-01,0.2857287,0,3070,ERODED,1,1,1,1,1,1,1,1,1,1,1,1
3072,1.64E-01,3.12E-01,0.2778734,0,3072,ERODED,1,1,1,1,1,1,1,1,1,1,1,1
3073,2.48E-01,2.11E-01,0.2644547,3,3073,Not eroded,0,1,1,1,1,1,1,1,0,0,1,1
3076,1.09E-01,5.59E-02,0.2951241,0,3076,Not eroded,0,1,1,1,1,1,1,1,1,1,1,1
3079,1.36E-01,1.64E-01,0.2483178,4,3079,Not eroded,0,1,1,1,1,1,0,0,0,0,1,1
3080,1.03E-01,1.59E-01,0.2612773,4,3080,Not eroded,0,1,1,1,1,1,1,0,0,0,1,1
3081,1.09E-01,2.87E-01,0.2124385,0,3081,Not eroded,0,1,1,0,0,0,0,1,1,1,1,1
3086,3.17E-01,1.37E-01,0.2408955,5,3086,Not eroded,0,1,1,1,1,1,0,0,0,0,0,1
3088,3.01E-01,8.07E-02,0.2857122,4,3088,Not eroded,0,1,1,1,1,1,1,0,0,0,1,1
3089,1.03E-01,2.66E-01,0.2700747,0,3089,ERODED,1,1,1,1,1,1,1,1,1,1,1,1
3092,6.46E-02,5.61E-02,0.3179278,0,3092,ERODED,1,1,1,1,1,1,1,1,1,1,1,1
3096,1.33E-01,3.15E-01,0.248557,0,3096,ERODED,1,1,1,1,1,1,0,1,1,1,1,1
3099,1.65E-01,3.23E-01,0.309051,0,3099,ERODED,1,1,1,1,1,1,1,1,1,1,1,1
3100,3.00E-01,1.16E-01,0.2800159,5,3100,Not eroded,0,1,1,1,1,1,1,0,0,0,0,1
3103,1.22E-01,2.86E-01,0.2903429,0,3103,ERODED,1,1,1,1,1,1,1,1,1,1,1,1
3107,1.86E-01,2.81E-01,0.2828192,3,3107,Not eroded,0,1,1,1,1,1,1,1,0,0,1,1
3109,1.64E-01,2.09E-01,0.2970564,0,3109,ERODED,1,1,1,1,1,1,1,1,1,1,1,1
3115,1.83E-01,1.79E-01,0.2446727,3,3115,Not eroded,0,1,1,1,1,1,0,1,0,0,1,1
3116,2.27E-01,3.23E-01,0.3260377,0,3116,ERODED,1,1,1,1,1,1,1,1,1,1,1,1
3119,2.22E-01,2.93E-01,0.2613393,4,3119,Not eroded,0,1,1,1,1,1,1,0,0,0,1,1
3121,2.50E-01,2.67E-01,0.3016946,4,3121,Not eroded,0,1,1,1,1,1,1,0,0,0,1,1
3126,1.47E-01,6.36E-02,0.311948,0,3126,ERODED,1,1,1,1,1,1,1,1,1,1,1,1
3127,2.13E-01,1.74E-01,0.226921,3,3127,Not eroded,0,1,1,1,0,0,0,1,0,0,1,1
3133,2.14E-01,1.18E-01,0.3339625,0,3133,ERODED,1,1,1,1,1,1,1,1,1,1,1,1
3144,2.60E-01,3.24E-01,0.2352827,3,3144,Not eroded,0,1,1,1,1,0,0,1,0,0,1,1
3145,1.04E-01,1.55E-01,0.2864491,0,3145,Not eroded,0,1,1,1,1,1,1,1,1,1,1,1
3150,2.16E-01,1.04E-01,0.3143551,0,3150,ERODED,1,1,1,1,1,1,1,1,1,1,1,1
3152,1.65E-01,3.02E-01,0.2602778,3,3152,ERODED,1,1,1,1,1,1,1,1,0,0,1,1
3153,1.10E-01,2.56E-01,0.2207528,4,3153,Not eroded,0,1,1,1,0,0,0,0,0,0,1,1
3154,2.45E-01,1.07E-01,0.2854962,0,3154,Not eroded,0,1,1,1,1,1,1,1,1,1,1,1
3155,1.87E-01,1.79E-01,0.2285677,0,3155,Not eroded,0,1,1,1,0,0,0,1,1,1,1,1
3159,2.80E-01,2.97E-01,0.244758,5,3159,Not eroded,0,1,1,1,1,1,0,0,0,0,0,1
3160,2.72E-01,2.47E-01,0.3047244,4,3160,Not eroded,0,1,1,1,1,1,1,0,0,0,1,1
3164,7.41E-02,2.93E-01,0.2909736,0,3164,ERODED,1,1,1,1,1,1,1,1,1,1,1,1
3166,1.55E-01,2.15E-01,0.2471081,5,3166,Not eroded,0,1,1,1,1,1,0,0,0,0,0,1
3169,2.24E-01,1.60E-01,0.244661,0,3169,Not eroded,0,1,1,1,1,1,0,1,1,1,1,1
3170,3.24E-01,2.58E-01,0.2302209,3,3170,Not eroded,0,1,1,1,1,0,0,1,0,0,1,1
3171,2.80E-01,1.06E-01,0.3126379,0,3171,ERODED,1,1,1,1,1,1,1,1,1,1,1,1
3172,2.73E-01,9.90E-02,0.3091289,0,3172,ERODED,1,1,1,1,1,1,1,1,1,1,1,1
3173,2.74E-01,6.26E-02,0.2319739,4,3173,Not eroded,0,1,1,1,1,0,0,0,0,0,1,1
3175,2.60E-01,1.28E-01,0.249244,4,3175,Not eroded,0,1,1,1,1,1,0,0,0,0,1,1
3177,1.05E-01,6.46E-02,0.2509438,5,3177,Not eroded,0,1,1,1,1,1,1,0,0,0,0,1
3179,7.43E-02,2.23E-01,0.212092,2,3179,Not eroded,0,1,1,0,0,0,0,1,0,1,1,1
3183,1.88E-01,1.35E-01,0.3085436,0,3183,ERODED,1,1,1,1,1,1,1,1,1,1,1,1
3185,9.15E-02,2.55E-01,0.3194933,0,3185,ERODED,1,1,1,1,1,1,1,1,1,1,1,1
3190,3.19E-01,3.24E-01,0.2117358,5,3190,Not eroded,0,1,1,0,0,0,0,0,0,0,0,1
3191,2.18E-01,2.27E-01,0.2106638,3,3191,Not eroded,0,1,1,0,0,0,0,1,0,0,1,1
3192,2.06E-01,1.85E-01,0.2450367,5,3192,Not eroded,0,1,1,1,1,1,0,0,0,0,0,1
3193,5.86E-02,1.40E-01,0.2641386,0,3193,Not eroded,0,1,1,1,1,1,1,1,1,1,1,1
3194,5.69E-02,2.28E-01,0.3253772,0,3194,ERODED,1,1,1,1,1,1,1,1,1,1,1,1
3198,2.12E-01,1.02E-01,0.2841153,0,3198,ERODED,1,1,1,1,1,1,1,1,1,1,1,1
3199,8.21E-02,2.96E-01,0.2144278,5,3199,Not eroded,0,1,1,0,0,0,0,0,0,0,0,1
3200,5.65E-02,6.09E-02,0.2685355,0,3200,Not eroded,0,1,1,1,1,1,1,1,1,1,1,1
3201,1.91E-01,1.07E-01,0.2259774,0,3201,Not eroded,0,1,1,1,0,0,0,1,1,1,1,1
3204,1.28E-01,2.13E-01,0.2636421,0,3204,Not eroded,0,1,1,1,1,1,1,1,1,1,1,1
3205,1.87E-01,1.86E-01,0.2866024,4,3205,Not eroded,0,1,1,1,1,1,1,0,0,0,1,1
3210,2.82E-01,6.15E-02,0.3094613,0,3210,ERODED,1,1,1,1,1,1,1,1,1,1,1,1
3212,1.66E-01,2.09E-01,0.2748928,0,3212,ERODED,1,1,1,1,1,1,1,1,1,1,1,1
3216,1.87E-01,1.63E-01,0.2914582,2,3216,Not eroded,0,1,1,1,1,1,1,1,0,1,1,1
3217,1.52E-01,1.74E-01,0.2872756,0,3217,Not eroded,0,1,1,1,1,1,1,1,1,1,1,1
3223,2.34E-01,1.40E-01,0.3110004,0,3223,ERODED,1,1,1,1,1,1,1,1,1,1,1,1
3227,1.83E-01,1.83E-01,0.2201687,2,3227,Not eroded,0,1,1,1,0,0,0,1,0,1,1,1
3239,3.24E-01,9.29E-02,0.2420588,3,3239,Not eroded,0,1,1,1,1,1,0,1,0,0,1,1
3240,3.24E-01,6.59E-02,0.2584033,4,3240,Not eroded,0,1,1,1,1,1,1,0,0,0,1,1
3242,1.78E-01,1.85E-01,0.3100047,0,3242,ERODED,1,1,1,1,1,1,1,1,1,1,1,1
3247,3.24E-01,2.68E-01,0.2544226,5,3247,Not eroded,0,1,1,1,1,1,1,0,0,0,0,1
3250,5.65E-02,1.70E-01,0.2558861,3,3250,Not eroded,0,1,1,1,1,1,1,1,0,0,1,1
3252,9.26E-02,5.82E-02,0.2495711,2,3252,Not eroded,0,1,1,1,1,1,0,1,0,1,1,1
3253,1.68E-01,2.90E-01,0.2528568,3,3253,Not eroded,0,1,1,1,1,1,1,1,0,0,1,1
3254,3.14E-01,5.61E-02,0.2730481,5,3254,Not eroded,0,1,1,1,1,1,1,0,0,0,0,1
3255,2.81E-01,6.38E-02,0.2753133,3,3255,Not eroded,0,1,1,1,1,1,1,1,0,0,1,1
3256,1.07E-01,2.11E-01,0.2447516,4,3256,Not eroded,0,1,1,1,1,1,0,0,0,0,1,1
3258,2.57E-01,3.14E-01,0.2344004,0,3258,Not eroded,0,1,1,1,1,0,0,1,1,1,1,1
3259,2.93E-01,2.68E-01,0.2211689,4,3259,Not eroded,0,1,1,1,0,0,0,0,0,0,1,1
3264,8.66E-02,2.56E-01,0.2153046,0,3264,Not eroded,0,1,1,0,0,0,0,1,1,1,1,1
3267,2.32E-01,1.13E-01,0.2872801,0,3267,Not eroded,0,1,1,1,1,1,1,1,1,1,1,1
3268,9.93E-02,6.37E-02,0.2601478,6,3268,Not eroded,0,1,1,1,1,1,1,0,0,0,0,0
3272,3.24E-01,3.23E-01,0.2951787,0,3272,Not eroded,0,1,1,1,1,1,1,1,1,1,1,1
3274,2.08E-01,2.82E-01,0.2804767,5,3274,Not eroded,0,1,1,1,1,1,1,0,0,0,0,1
3277,1.35E-01,2.82E-01,0.2133073,0,3277,ERODED,1,1,1,0,0,0,0,1,1,1,1,1
3278,2.84E-01,8.11E-02,0.2312273,0,3278,Not eroded,0,1,1,1,1,0,0,1,1,1,1,1
3282,1.70E-01,1.23E-01,0.2166294,0,3282,Not eroded,0,1,1,0,0,0,0,1,1,1,1,1
3286,2.31E-01,3.24E-01,0.3063512,0,3286,Not eroded,0,1,1,1,1,1,1,1,1,1,1,1
3289,3.05E-01,2.61E-01,0.2965509,4,3289,Not eroded,0,1,1,1,1,1,1,0,0,0,1,1
3290,2.34E-01,2.79E-01,0.2892678,0,3290,ERODED,1,1,1,1,1,1,1,1,1,1,1,1
3293,1.59E-01,2.63E-01,0.2911591,0,3293,ERODED,1,1,1,1,1,1,1,1,1,1,1,1
3297,1.40E-01,1.25E-01,0.3015896,0,3297,ERODED,1,1,1,1,1,1,1,1,1,1,1,1
3298,2.93E-01,3.25E-01,0.2313889,3,3298,Not eroded,0,1,1,1,1,0,0,1,0,0,1,1
3299,1.83E-01,2.85E-01,0.3039586,0,3299,ERODED,1,1,1,1,1,1,1,1,1,1,1,1
3302,1.40E-01,1.65E-01,0.2574917,3,3302,Not eroded,0,1,1,1,1,1,1,1,0,0,1,1
3305,1.86E-01,3.24E-01,0.2299209,3,3305,ERODED,1,1,1,1,0,0,0,1,0,0,1,1
3306,1.48E-01,1.92E-01,0.2845369,0,3306,Not eroded,0,1,1,1,1,1,1,1,1,1,1,1
3313,2.97E-01,1.92E-01,0.2583666,0,3313,Not eroded,0,1,1,1,1,1,1,1,1,1,1,1
3325,1.78E-01,2.25E-01,0.2876799,0,3325,ERODED,1,1,1,1,1,1,1,1,1,1,1,1
3331,2.48E-01,3.19E-01,0.2335073,4,3331,Not eroded,0,1,1,1,1,0,0,0,0,0,1,1
3335,1.12E-01,2.38E-01,0.2373363,0,3335,Not eroded,0,1,1,1,1,0,0,1,1,1,1,1
3337,1.83E-01,2.64E-01,0.3082258,0,3337,ERODED,1,1,1,1,1,1,1,1,1,1,1,1
3345,1.37E-01,2.85E-01,0.3070191,0,3345,ERODED,1,1,1,1,1,1,1,1,1,1,1,1
3349,1.23E-01,2.22E-01,0.2632036,0,3349,Not eroded,0,1,1,1,1,1,1,1,1,1,1,1
3350,1.58E-01,5.58E-02,0.2593818,4,3350,Not eroded,0,1,1,1,1,1,1,0,0,0,1,1
3354,6.54E-02,1.12E-01,0.2845775,0,3354,Not eroded,0,1,1,1,1,1,1,1,1,1,1,1
3356,8.51E-02,3.24E-01,0.2931755,0,3356,ERODED,1,1,1,1,1,1,1,1,1,1,1,1
3360,7.90E-02,1.70E-01,0.2927336,0,3360,ERODED,1,1,1,1,1,1,1,1,1,1,1,1
3361,3.07E-01,2.09E-01,0.2119347,4,3361,Not eroded,0,1,1,0,0,0,0,0,0,0,1,1
3368,5.65E-02,1.75E-01,0.2679464,2,3368,Not eroded,0,1,1,1,1,1,1,1,0,1,1,1
3369,2.85E-01,1.92E-01,0.2615543,4,3369,Not eroded,0,1,1,1,1,1,1,0,0,0,1,1
3372,1.40E-01,2.00E-01,0.2175626,5,3372,Not eroded,0,1,1,0,0,0,0,0,0,0,0,1
3374,6.48E-02,2.68E-01,0.3178424,0,3374,ERODED,1,1,1,1,1,1,1,1,1,1,1,1
3376,2.92E-01,5.59E-02,0.2956982,4,3376,Not eroded,0,1,1,1,1,1,1,0,0,0,1,1
3380,1.38E-01,8.58E-02,0.2998655,0,3380,ERODED,1,1,1,1,1,1,1,1,1,1,1,1
3382,2.17E-01,2.79E-01,0.2578564,3,3382,Not eroded,0,1,1,1,1,1,1,1,0,0,1,1
3385,2.95E-01,3.24E-01,0.2796893,0,3385,Not eroded,0,1,1,1,1,1,1,1,1,1,1,1
3390,9.31E-02,1.08E-01,0.2828294,0,3390,Not eroded,0,1,1,1,1,1,1,1,1,1,1,1
3392,1.15E-01,3.24E-01,0.2796897,0,3392,ERODED,1,1,1,1,1,1,1,1,1,1,1,1
3393,1.15E-01,3.13E-01,0.222682,4,3393,Not eroded,0,1,1,1,0,0,0,0,0,0,1,1
3395,1.71E-01,6.41E-02,0.2652666,5,3395,Not eroded,0,1,1,1,1,1,1,0,0,0,0,1
3397,1.22E-01,3.06E-01,0.2810982,0,3397,ERODED,1,1,1,1,1,1,1,1,1,1,1,1
3399,2.23E-01,1.10E-01,0.2166451,4,3399,Not eroded,0,1,1,0,0,0,0,0,0,0,1,1
3401,2.86E-01,2.56E-01,0.2997622,4,3401,Not eroded,0,1,1,1,1,1,1,0,0,0,1,1
3403,2.27E-01,3.18E-01,0.2240001,2,3403,Not eroded,0,1,1,1,0,0,0,1,0,1,1,1
3405,2.42E-01,2.52E-01,0.226776,3,3405,Not eroded,0,1,1,1,0,0,0,1,0,0,1,1
3410,1.71E-01,3.24E-01,0.255374,0,3410,ERODED,1,1,1,1,1,1,1,1,1,1,1,1
3415,9.93E-02,3.24E-01,0.2646277,0,3415,ERODED,1,1,1,1,1,1,1,1,1,1,1,1
3419,3.24E-01,1.15E-01,0.2755161,3,3419,Not eroded,0,1,1,1,1,1,1,1,0,0,1,1
3421,5.63E-02,2.98E-01,0.2539694,2,3421,Not eroded,0,1,1,1,1,1,1,1,0,1,1,1
3422,1.44E-01,7.20E-02,0.2384844,5,3422,Not eroded,0,1,1,1,1,0,0,0,0,0,0,1
3425,1.80E-01,2.55E-01,0.3175063,0,3425,ERODED,1,1,1,1,1,1,1,1,1,1,1,1
3427,1.36E-01,3.16E-01,0.2390145,0,3427,ERODED,1,1,1,1,1,0,0,1,1,1,1,1
3431,1.18E-01,1.28E-01,0.260789,3,3431,Not eroded,0,1,1,1,1,1,1,1,0,0,1,1
3432,1.29E-01,1.82E-01,0.3034239,0,3432,ERODED,1,1,1,1,1,1,1,1,1,1,1,1
3433,1.74E-01,1.75E-01,0.2483393,4,3433,Not eroded,0,1,1,1,1,1,0,0,0,0,1,1
3434,2.03E-01,5.61E-02,0.2921381,0,3434,ERODED,1,1,1,1,1,1,1,1,1,1,1,1
3435,1.94E-01,3.24E-01,0.2920754,3,3435,Not eroded,0,1,1,1,1,1,1,1,0,0,1,1
3439,1.38E-01,1.64E-01,0.2385363,4,3439,Not eroded,0,1,1,1,1,0,0,0,0,0,1,1
3440,2.99E-01,2.32E-01,0.2170338,5,3440,Not eroded,0,1,1,0,0,0,0,0,0,0,0,1
3441,2.79E-01,2.78E-01,0.2658967,5,3441,Not eroded,0,1,1,1,1,1,1,0,0,0,0,1
3443,9.22E-02,2.58E-01,0.3098596,0,3443,ERODED,1,1,1,1,1,1,1,1,1,1,1,1
3450,2.47E-01,2.99E-01,0.2849415,0,3450,Not eroded,0,1,1,1,1,1,1,1,1,1,1,1
3455,1.60E-01,3.16E-01,0.2864702,0,3455,ERODED,1,1,1,1,1,1,1,1,1,1,1,1
3456,1.30E-01,1.19E-01,0.229285,0,3456,Not eroded,0,1,1,1,0,0,0,1,1,1,1,1
3460,1.97E-01,2.59E-01,0.3352018,0,3460,ERODED,1,1,1,1,1,1,1,1,1,1,1,1
3465,2.83E-01,6.65E-02,0.2324402,3,3465,Not eroded,0,1,1,1,1,0,0,1,0,0,1,1
3467,1.16E-01,2.68E-01,0.3343965,0,3467,ERODED,1,1,1,1,1,1,1,1,1,1,1,1
3468,9.71E-02,5.91E-02,0.2787747,4,3468,Not eroded,0,1,1,1,1,1,1,0,0,0,1,1
3474,2.88E-01,2.12E-01,0.236436,5,3474,Not eroded,0,1,1,1,1,0,0,0,0,0,0,1
3477,3.08E-01,3.24E-01,0.2821672,0,3477,Not eroded,0,1,1,1,1,1,1,1,1,1,1,1
3481,3.22E-01,2.13E-01,0.3168387,0,3481,ERODED,1,1,1,1,1,1,1,1,1,1,1,1
3483,1.68E-01,2.94E-01,0.2424355,0,3483,Not eroded,0,1,1,1,1,1,0,1,1,1,1,1
3489,1.09E-01,3.15E-01,0.3042988,0,3489,ERODED,1,1,1,1,1,1,1,1,1,1,1,1
3490,9.93E-02,1.17E-01,0.26115,0,3490,Not eroded,0,1,1,1,1,1,1,1,1,1,1,1
3491,9.45E-02,2.30E-01,0.232957,5,3491,Not eroded,0,1,1,1,1,0,0,0,0,0,0,1
3492,3.15E-01,1.33E-01,0.2318242,2,3492,Not eroded,0,1,1,1,1,0,0,1,0,1,1,1
3493,3.10E-01,3.06E-01,0.2190878,4,3493,Not eroded,0,1,1,0,0,0,0,0,0,0,1,1
3494,2.22E-01,2.30E-01,0.219464,0,3494,Not eroded,0,1,1,0,0,0,0,1,1,1,1,1
3495,3.24E-01,3.03E-01,0.257937,0,3495,Not eroded,0,1,1,1,1,1,1,1,1,1,1,1
3496,3.24E-01,3.13E-01,0.2586907,0,3496,Not eroded,0,1,1,1,1,1,1,1,1,1,1,1
3498,8.43E-02,2.56E-01,0.2728594,0,3498,ERODED,1,1,1,1,1,1,1,1,1,1,1,1
3500,1.06E-01,5.59E-02,0.2763967,3,3500,Not eroded,0,1,1,1,1,1,1,1,0,0,1,1
3504,2.39E-01,2.30E-01,0.2230856,4,3504,Not eroded,0,1,1,1,0,0,0,0,0,0,1,1
3506,1.06E-01,2.38E-01,0.218386,0,3506,Not eroded,0,1,1,0,0,0,0,1,1,1,1,1
3512,9.42E-02,5.59E-02,0.2637823,3,3512,Not eroded,0,1,1,1,1,1,1,1,0,0,1,1
3513,2.85E-01,1.34E-01,0.302762,0,3513,ERODED,1,1,1,1,1,1,1,1,1,1,1,1
3514,5.65E-02,3.03E-01,0.2148667,5,3514,Not eroded,0,1,1,0,0,0,0,0,0,0,0,1
3515,1.75E-01,1.32E-01,0.2164989,2,3515,Not eroded,0,1,1,0,0,0,0,1,0,1,1,1
3516,3.24E-01,1.82E-01,0.241533,4,3516,Not eroded,0,1,1,1,1,1,0,0,0,0,1,1
3517,9.28E-02,2.51E-01,0.2215796,3,3517,Not eroded,0,1,1,1,0,0,0,1,0,0,1,1
3520,2.79E-01,2.40E-01,0.3078863,2,3520,Not eroded,0,1,1,1,1,1,1,1,0,1,1,1
3522,6.63E-02,1.90E-01,0.2780951,0,3522,Not eroded,0,1,1,1,1,1,1,1,1,1,1,1
3523,2.42E-01,1.96E-01,0.2795953,0,3523,Not eroded,0,1,1,1,1,1,1,1,1,1,1,1
3524,2.74E-01,2.38E-01,0.2423107,4,3524,Not eroded,0,1,1,1,1,1,0,0,0,0,1,1
3525,1.99E-01,1.48E-01,0.2322143,2,3525,Not eroded,0,1,1,1,1,0,0,1,0,1,1,1
3526,2.83E-01,1.18E-01,0.3225134,0,3526,ERODED,1,1,1,1,1,1,1,1,1,1,1,1
3527,5.65E-02,2.11E-01,0.2985003,0,3527,ERODED,1,1,1,1,1,1,1,1,1,1,1,1
3529,1.16E-01,1.25E-01,0.2517269,5,3529,Not eroded,0,1,1,1,1,1,1,0,0,0,0,1
3530,1.26E-01,1.98E-01,0.2201676,3,3530,Not eroded,0,1,1,1,0,0,0,1,0,0,1,1
3536,1.55E-01,6.78E-02,0.3176974,0,3536,ERODED,1,1,1,1,1,1,1,1,1,1,1,1
3538,2.20E-01,1.22E-01,0.220174,0,3538,Not eroded,0,1,1,1,0,0,0,1,1,1,1,1
3539,2.00E-01,5.61E-02,0.2815438,0,3539,ERODED,1,1,1,1,1,1,1,1,1,1,1,1
3541,2.79E-01,3.00E-01,0.3256235,0,3541,ERODED,1,1,1,1,1,1,1,1,1,1,1,1
3545,1.21E-01,1.12E-01,0.2278164,4,3545,Not eroded,0,1,1,1,0,0,0,0,0,0,1,1
3550,1.44E-01,1.37E-01,0.3161298,0,3550,ERODED,1,1,1,1,1,1,1,1,1,1,1,1
3551,1.43E-01,5.59E-02,0.30566,0,3551,ERODED,1,1,1,1,1,1,1,1,1,1,1,1
3558,5.65E-02,8.46E-02,0.2457324,4,3558,Not eroded,0,1,1,1,1,1,0,0,0,0,1,1
3560,2.07E-01,1.38E-01,0.2264991,0,3560,Not eroded,0,1,1,1,0,0,0,1,1,1,1,1
3565,1.58E-01,1.10E-01,0.2461493,4,3565,Not eroded,0,1,1,1,1,1,0,0,0,0,1,1
3566,1.87E-01,1.81E-01,0.2541761,3,3566,Not eroded,0,1,1,1,1,1,1,1,0,0,1,1
3571,2.13E-01,3.24E-01,0.2198831,3,3571,Not eroded,0,1,1,0,0,0,0,1,0,0,1,1
3574,2.17E-01,2.20E-01,0.3026523,0,3574,ERODED,1,1,1,1,1,1,1,1,1,1,1,1
3577,9.16E-02,6.65E-02,0.2425896,4,3577,Not eroded,0,1,1,1,1,1,0,0,0,0,1,1
3580,8.35E-02,1.95E-01,0.2792537,0,3580,ERODED,1,1,1,1,1,1,1,1,1,1,1,1
3582,1.86E-01,2.91E-01,0.2812325,0,3582,Not eroded,0,1,1,1,1,1,1,1,1,1,1,1
3588,1.91E-01,8.82E-02,0.2124202,4,3588,Not eroded,0,1,1,0,0,0,0,0,0,0,1,1
3593,5.65E-02,2.20E-01,0.2312131,3,3593,Not eroded,0,1,1,1,1,0,0,1,0,0,1,1
3598,2.55E-01,2.15E-01,0.2246699,0,3598,Not eroded,0,1,1,1,0,0,0,1,1,1,1,1
3602,2.03E-01,2.47E-01,0.247714,0,3602,Not eroded,0,1,1,1,1,1,0,1,1,1,1,1
3605,1.01E-01,2.21E-01,0.316191,0,3605,ERODED,1,1,1,1,1,1,1,1,1,1,1,1
3606,1.76E-01,2.87E-01,0.2212401,3,3606,Not eroded,0,1,1,1,0,0,0,1,0,0,1,1
3608,3.16E-01,2.91E-01,0.230351,4,3608,Not eroded,0,1,1,1,1,0,0,0,0,0,1,1
3614,2.68E-01,2.94E-01,0.2321436,6,3614,Not eroded,0,1,1,1,1,0,0,0,0,0,0,0
3617,1.54E-01,3.06E-01,0.2716274,0,3617,ERODED,1,1,1,1,1,1,1,1,1,1,1,1
3618,3.22E-01,1.48E-01,0.2622996,6,3618,Not eroded,0,1,1,1,1,1,1,0,0,0,0,0
3623,1.87E-01,7.65E-02,0.236861,6,3623,Not eroded,0,1,1,1,1,0,0,0,0,0,0,0
3624,2.90E-01,1.24E-01,0.294569,0,3624,ERODED,1,1,1,1,1,1,1,1,1,1,1,1
3625,2.25E-01,9.52E-02,0.2780044,0,3625,Not eroded,0,1,1,1,1,1,1,1,1,1,1,1
3631,2.27E-01,7.29E-02,0.2102567,0,3631,Not eroded,0,1,1,0,0,0,0,1,1,1,1,1
3632,2.78E-01,3.01E-01,0.2537512,6,3632,Not eroded,0,1,1,1,1,1,1,0,0,0,0,0
3634,2.87E-01,1.26E-01,0.255763,4,3634,Not eroded,0,1,1,1,1,1,1,0,0,0,1,1
3641,9.25E-02,2.16E-01,0.3252104,0,3641,ERODED,1,1,1,1,1,1,1,1,1,1,1,1
3645,1.05E-01,1.15E-01,0.2131232,6,3645,Not eroded,0,1,1,0,0,0,0,0,0,0,0,0
3646,2.30E-01,1.31E-01,0.3141708,0,3646,ERODED,1,1,1,1,1,1,1,1,1,1,1,1
3647,3.24E-01,2.95E-01,0.2252772,2,3647,Not eroded,0,1,1,1,0,0,0,1,0,1,1,1
3650,6.76E-02,2.15E-01,0.2934459,0,3650,ERODED,1,1,1,1,1,1,1,1,1,1,1,1
3651,9.02E-02,2.60E-01,0.2660852,2,3651,Not eroded,0,1,1,1,1,1,1,1,0,1,1,1
3652,1.24E-01,2.95E-01,0.3125159,0,3652,ERODED,1,1,1,1,1,1,1,1,1,1,1,1
3654,2.92E-01,2.05E-01,0.2428917,5,3654,Not eroded,0,1,1,1,1,1,0,0,0,0,0,1
3656,9.40E-02,2.90E-01,0.2496793,0,3656,ERODED,1,1,1,1,1,1,0,1,1,1,1,1
3658,2.23E-01,2.48E-01,0.3152305,0,3658,ERODED,1,1,1,1,1,1,1,1,1,1,1,1
3660,7.44E-02,2.46E-01,0.257043,0,3660,ERODED,1,1,1,1,1,1,1,1,1,1,1,1
3661,5.70E-02,6.88E-02,0.3287376,0,3661,ERODED,1,1,1,1,1,1,1,1,1,1,1,1
3662,3.20E-01,2.43E-01,0.3255336,0,3662,ERODED,1,1,1,1,1,1,1,1,1,1,1,1
3664,3.01E-01,1.99E-01,0.2772538,4,3664,Not eroded,0,1,1,1,1,1,1,0,0,0,1,1
3666,2.29E-01,3.24E-01,0.2654675,0,3666,Not eroded,0,1,1,1,1,1,1,1,1,1,1,1
3668,5.64E-02,3.24E-01,0.2675287,2,3668,Not eroded,0,1,1,1,1,1,1,1,0,1,1,1
3669,2.04E-01,2.75E-01,0.2942554,4,3669,Not eroded,0,1,1,1,1,1,1,0,0,0,1,1
3670,5.65E-02,1.31E-01,0.2685446,3,3670,Not eroded,0,1,1,1,1,1,1,1,0,0,1,1
3672,1.81E-01,1.91E-01,0.2930913,0,3672,ERODED,1,1,1,1,1,1,1,1,1,1,1,1
3673,2.67E-01,1.17E-01,0.2754888,0,3673,Not eroded,0,1,1,1,1,1,1,1,1,1,1,1
3677,3.25E-01,2.74E-01,0.2705837,3,3677,Not eroded,0,1,1,1,1,1,1,1,0,0,1,1
3680,1.29E-01,9.43E-02,0.3146407,0,3680,ERODED,1,1,1,1,1,1,1,1,1,1,1,1
3681,9.50E-02,2.71E-01,0.254692,0,3681,ERODED,1,1,1,1,1,1,1,1,1,1,1,1
3685,1.64E-01,1.06E-01,0.2247552,3,3685,Not eroded,0,1,1,1,0,0,0,1,0,0,1,1
3686,3.01E-01,2.07E-01,0.2478253,0,3686,Not eroded,0,1,1,1,1,1,0,1,1,1,1,1
3689,1.95E-01,2.27E-01,0.2407266,5,3689,Not eroded,0,1,1,1,1,1,0,0,0,0,0,1
3691,3.11E-01,2.47E-01,0.2682721,0,3691,Not eroded,0,1,1,1,1,1,1,1,1,1,1,1
3692,5.65E-02,1.98E-01,0.2124741,4,3692,Not eroded,0,1,1,0,0,0,0,0,0,0,1,1
3700,2.20E-01,5.92E-02,0.2358339,6,3700,Not eroded,0,1,1,1,1,0,0,0,0,0,0,0
3701,5.65E-02,3.07E-01,0.2775531,1,3701,ERODED,1,1,1,1,1,1,1,1,1,1,1,1
3708,1.32E-01,5.60E-02,0.2576695,4,3708,Not eroded,0,1,1,1,1,1,1,0,0,0,1,1
3712,2.19E-01,1.87E-01,0.2597562,5,3712,Not eroded,0,1,1,1,1,1,1,0,0,0,0,1
3714,2.83E-01,2.35E-01,0.2433286,4,3714,Not eroded,0,1,1,1,1,1,0,0,0,0,1,1
3716,2.78E-01,2.68E-01,0.2685301,5,3716,Not eroded,0,1,1,1,1,1,1,0,0,0,0,1
3718,1.41E-01,2.96E-01,0.2750113,0,3718,ERODED,1,1,1,1,1,1,1,1,1,1,1,1
3719,1.25E-01,1.04E-01,0.2110578,5,3719,Not eroded,0,1,1,0,0,0,0,0,0,0,0,1
3721,1.80E-01,2.50E-01,0.3295366,0,3721,ERODED,1,1,1,1,1,1,1,1,1,1,1,1
3725,3.01E-01,1.98E-01,0.2673066,4,3725,Not eroded,0,1,1,1,1,1,1,0,0,0,1,1
3727,2.08E-01,1.89E-01,0.2684728,0,3727,Not eroded,0,1,1,1,1,1,1,1,1,1,1,1
3730,2.47E-01,2.62E-01,0.3191685,0,3730,ERODED,1,1,1,1,1,1,1,1,1,1,1,1
3731,2.93E-01,1.13E-01,0.2740088,5,3731,Not eroded,0,1,1,1,1,1,1,0,0,0,0,1
3737,1.47E-01,1.70E-01,0.2536176,4,3737,Not eroded,0,1,1,1,1,1,1,0,0,0,1,1
3738,3.24E-01,3.23E-01,0.3119616,0,3738,ERODED,1,1,1,1,1,1,1,1,1,1,1,1
3744,2.68E-01,6.60E-02,0.2949383,3,3744,Not eroded,0,1,1,1,1,1,1,1,0,0,1,1
3746,2.46E-01,1.12E-01,0.2239696,5,3746,Not eroded,0,1,1,1,0,0,0,0,0,0,0,1
3749,2.12E-01,1.05E-01,0.227384,0,3749,Not eroded,0,1,1,1,0,0,0,1,1,1,1,1
3750,1.94E-01,1.85E-01,0.2696031,0,3750,Not eroded,0,1,1,1,1,1,1,1,1,1,1,1
3752,3.11E-01,2.17E-01,0.3308319,0,3752,ERODED,1,1,1,1,1,1,1,1,1,1,1,1
3755,1.86E-01,6.06E-02,0.3249439,0,3755,ERODED,1,1,1,1,1,1,1,1,1,1,1,1
3756,2.48E-01,1.66E-01,0.2187516,3,3756,Not eroded,0,1,1,0,0,0,0,1,0,0,1,1
3757,3.00E-01,1.95E-01,0.2347176,5,3757,Not eroded,0,1,1,1,1,0,0,0,0,0,0,1
3759,1.68E-01,8.95E-02,0.2132173,5,3759,Not eroded,0,1,1,0,0,0,0,0,0,0,0,1
3760,1.36E-01,2.83E-01,0.297344,0,3760,ERODED,1,1,1,1,1,1,1,1,1,1,1,1
3762,6.09E-02,1.28E-01,0.2603693,3,3762,Not eroded,0,1,1,1,1,1,1,1,0,0,1,1
3767,1.64E-01,2.80E-01,0.2114419,4,3767,Not eroded,0,1,1,0,0,0,0,0,0,0,1,1
3770,1.16E-01,1.36E-01,0.2191134,4,3770,Not eroded,0,1,1,0,0,0,0,0,0,0,1,1
3782,2.25E-01,2.32E-01,0.3016581,0,3782,ERODED,1,1,1,1,1,1,1,1,1,1,1,1
3783,2.83E-01,1.21E-01,0.3024831,0,3783,ERODED,1,1,1,1,1,1,1,1,1,1,1,1
3785,1.73E-01,1.55E-01,0.3083534,0,3785,ERODED,1,1,1,1,1,1,1,1,1,1,1,1
3786,2.96E-01,2.57E-01,0.2706626,4,3786,Not eroded,0,1,1,1,1,1,1,0,0,0,1,1
3797,9.27E-02,2.22E-01,0.2386361,5,3797,Not eroded,0,1,1,1,1,0,0,0,0,0,0,1
3798,3.25E-01,1.91E-01,0.2885602,3,3798,Not eroded,0,1,1,1,1,1,1,1,0,0,1,1
3800,3.16E-01,1.10E-01,0.2306436,0,3800,Not eroded,0,1,1,1,1,0,0,1,1,1,1,1
3802,1.61E-01,2.01E-01,0.2934174,0,3802,ERODED,1,1,1,1,1,1,1,1,1,1,1,1
3804,1.84E-01,2.91E-01,0.2933019,3,3804,Not eroded,0,1,1,1,1,1,1,1,0,0,1,1
3806,1.20E-01,5.59E-02,0.2111786,3,3806,Not eroded,0,1,1,0,0,0,0,1,0,0,1,1
3810,5.64E-02,7.51E-02,0.2490001,4,3810,Not eroded,0,1,1,1,1,1,0,0,0,0,1,1
3811,5.66E-02,2.06E-01,0.2489172,0,3811,Not eroded,0,1,1,1,1,1,0,1,1,1,1,1
3812,1.34E-01,1.39E-01,0.2255486,6,3812,Not eroded,0,1,1,1,0,0,0,0,0,0,0,0
3814,3.11E-01,3.16E-01,0.2171629,3,3814,Not eroded,0,1,1,0,0,0,0,1,0,0,1,1
3828,1.27E-01,1.33E-01,0.3288511,0,3828,ERODED,1,1,1,1,1,1,1,1,1,1,1,1
3830,1.51E-01,3.23E-01,0.3252792,0,3830,ERODED,1,1,1,1,1,1,1,1,1,1,1,1
3836,1.44E-01,1.25E-01,0.2763597,3,3836,Not eroded,0,1,1,1,1,1,1,1,0,0,1,1
3837,2.80E-01,1.27E-01,0.2949398,0,3837,ERODED,1,1,1,1,1,1,1,1,1,1,1,1
3838,6.46E-02,1.49E-01,0.2681697,0,3838,Not eroded,0,1,1,1,1,1,1,1,1,1,1,1
3845,5.69E-02,1.11E-01,0.2471355,3,3845,Not eroded,0,1,1,1,1,1,0,1,0,0,1,1
3846,1.90E-01,7.40E-02,0.2884828,0,3846,ERODED,1,1,1,1,1,1,1,1,1,1,1,1
3851,1.52E-01,2.55E-01,0.2774981,0,3851,ERODED,1,1,1,1,1,1,1,1,1,1,1,1
3852,1.87E-01,2.77E-01,0.2234728,0,3852,Not eroded,0,1,1,1,0,0,0,1,1,1,1,1
3853,3.18E-01,2.11E-01,0.2220806,4,3853,Not eroded,0,1,1,1,0,0,0,0,0,0,1,1
3855,1.77E-01,2.53E-01,0.2182122,2,3855,Not eroded,0,1,1,0,0,0,0,1,0,1,1,1
3857,2.15E-01,2.51E-01,0.2212745,0,3857,Not eroded,0,1,1,1,0,0,0,1,1,1,1,1
3858,2.10E-01,1.87E-01,0.3034097,0,3858,Not eroded,0,1,1,1,1,1,1,1,1,1,1,1
3860,7.97E-02,1.77E-01,0.230008,0,3860,Not eroded,0,1,1,1,1,0,0,1,1,1,1,1
3861,5.65E-02,1.72E-01,0.3046252,2,3861,Not eroded,0,1,1,1,1,1,1,1,0,1,1,1
3862,3.02E-01,2.97E-01,0.2271192,3,3862,Not eroded,0,1,1,1,0,0,0,1,0,0,1,1
3865,2.07E-01,1.76E-01,0.2352026,3,3865,Not eroded,0,1,1,1,1,0,0,1,0,0,1,1
3876,1.19E-01,3.16E-01,0.2995618,0,3876,ERODED,1,1,1,1,1,1,1,1,1,1,1,1
3878,2.03E-01,1.82E-01,0.2626339,4,3878,Not eroded,0,1,1,1,1,1,1,0,0,0,1,1
3882,3.04E-01,6.28E-02,0.2210235,3,3882,Not eroded,0,1,1,1,0,0,0,1,0,0,1,1
3885,2.97E-01,2.28E-01,0.2506991,3,3885,Not eroded,0,1,1,1,1,1,1,1,0,0,1,1
3886,2.02E-01,2.68E-01,0.3330581,0,3886,ERODED,1,1,1,1,1,1,1,1,1,1,1,1
3890,2.66E-01,5.71E-02,0.3350619,0,3890,ERODED,1,1,1,1,1,1,1,1,1,1,1,1
3891,2.66E-01,1.85E-01,0.3249986,0,3891,Not eroded,0,1,1,1,1,1,1,1,1,1,1,1
3894,2.78E-01,2.86E-01,0.2440358,3,3894,Not eroded,0,1,1,1,1,1,0,1,0,0,1,1
3901,2.91E-01,2.77E-01,0.2993182,0,3901,Not eroded,0,1,1,1,1,1,1,1,1,1,1,1
3903,1.75E-01,7.72E-02,0.3009292,0,3903,ERODED,1,1,1,1,1,1,1,1,1,1,1,1
3908,2.33E-01,8.45E-02,0.2995195,0,3908,ERODED,1,1,1,1,1,1,1,1,1,1,1,1
3909,3.25E-01,1.41E-01,0.2689148,4,3909,Not eroded,0,1,1,1,1,1,1,0,0,0,1,1
3912,1.07E-01,1.14E-01,0.2553537,3,3912,Not eroded,0,1,1,1,1,1,1,1,0,0,1,1
3913,1.92E-01,2.80E-01,0.3015297,0,3913,ERODED,1,1,1,1,1,1,1,1,1,1,1,1
3914,1.82E-01,2.43E-01,0.2367689,0,3914,Not eroded,0,1,1,1,1,0,0,1,1,1,1,1
3923,1.11E-01,1.04E-01,0.2238336,4,3923,Not eroded,0,1,1,1,0,0,0,0,0,0,1,1
3926,2.67E-01,2.45E-01,0.2216943,0,3926,Not eroded,0,1,1,1,0,0,0,1,1,1,1,1
3929,1.05E-01,2.83E-01,0.264341,0,3929,Not eroded,0,1,1,1,1,1,1,1,1,1,1,1
3931,5.65E-02,1.08E-01,0.2803926,4,3931,Not eroded,0,1,1,1,1,1,1,0,0,0,1,1
3933,2.13E-01,1.59E-01,0.2953819,3,3933,Not eroded,0,1,1,1,1,1,1,1,0,0,1,1
3934,9.69E-02,5.59E-02,0.2155288,3,3934,Not eroded,0,1,1,0,0,0,0,1,0,0,1,1
3936,1.95E-01,2.71E-01,0.2193441,0,3936,Not eroded,0,1,1,0,0,0,0,1,1,1,1,1
3939,3.10E-01,2.77E-01,0.2459739,0,3939,Not eroded,0,1,1,1,1,1,0,1,1,1,1,1
3941,2.48E-01,3.24E-01,0.2926878,4,3941,Not eroded,0,1,1,1,1,1,1,0,0,0,1,1
3943,1.49E-01,1.26E-01,0.3062078,0,3943,ERODED,1,1,1,1,1,1,1,1,1,1,1,1
3948,2.12E-01,1.91E-01,0.2853546,3,3948,Not eroded,0,1,1,1,1,1,1,1,0,0,1,1
3957,1.33E-01,1.59E-01,0.2310016,5,3957,Not eroded,0,1,1,1,1,0,0,0,0,0,0,1
3961,1.87E-01,1.72E-01,0.2517991,0,3961,Not eroded,0,1,1,1,1,1,1,1,1,1,1,1
3962,1.01E-01,3.15E-01,0.215379,5,3962,Not eroded,0,1,1,0,0,0,0,0,0,0,0,1
3965,2.54E-01,1.91E-01,0.2755345,0,3965,Not eroded,0,1,1,1,1,1,1,1,1,1,1,1
3966,2.54E-01,8.65E-02,0.2927048,4,3966,Not eroded,0,1,1,1,1,1,1,0,0,0,1,1
3969,2.60E-01,1.55E-01,0.2299281,4,3969,Not eroded,0,1,1,1,0,0,0,0,0,0,1,1
3971,5.81E-02,6.69E-02,0.3035337,0,3971,ERODED,1,1,1,1,1,1,1,1,1,1,1,1
3972,1.00E-01,5.68E-02,0.32168,0,3972,ERODED,1,1,1,1,1,1,1,1,1,1,1,1
3975,6.57E-02,2.91E-01,0.2790697,2,3975,ERODED,1,1,1,1,1,1,1,1,0,1,1,1
3981,3.16E-01,3.20E-01,0.2871169,0,3981,Not eroded,0,1,1,1,1,1,1,1,1,1,1,1
3986,1.11E-01,2.61E-01,0.2491788,0,3986,ERODED,1,1,1,1,1,1,0,1,1,1,1,1
3991,2.81E-01,3.12E-01,0.3305182,0,3991,ERODED,1,1,1,1,1,1,1,1,1,1,1,1
3996,2.75E-01,2.23E-01,0.3113666,0,3996,ERODED,1,1,1,1,1,1,1,1,1,1,1,1
4000,2.36E-01,2.19E-01,0.250913,4,4000,Not eroded,0,1,1,1,1,1,1,0,0,0,1,1
4001,2.10E-01,5.59E-02,0.2815556,3,4001,Not eroded,0,1,1,1,1,1,1,1,0,0,1,1
4007,1.51E-01,2.51E-01,0.2984375,0,4007,ERODED,1,1,1,1,1,1,1,1,1,1,1,1
4009,1.58E-01,3.24E-01,0.2257418,0,4009,ERODED,1,1,1,1,0,0,0,1,1,1,1,1
4010,2.05E-01,1.81E-01,0.2231743,0,4010,Not eroded,0,1,1,1,0,0,0,1,1,1,1,1
4014,1.52E-01,1.12E-01,0.2391349,6,4014,Not eroded,0,1,1,1,1,0,0,0,0,0,0,0
4020,2.49E-01,8.33E-02,0.2676796,4,4020,Not eroded,0,1,1,1,1,1,1,0,0,0,1,1
4022,1.27E-01,3.10E-01,0.2667819,0,4022,ERODED,1,1,1,1,1,1,1,1,1,1,1,1
4024,1.28E-01,1.28E-01,0.2609552,4,4024,Not eroded,0,1,1,1,1,1,1,0,0,0,1,1
4034,2.57E-01,3.20E-01,0.2604521,5,4034,Not eroded,0,1,1,1,1,1,1,0,0,0,0,1
4036,1.30E-01,3.11E-01,0.2330029,2,4036,Not eroded,0,1,1,1,1,0,0,1,0,1,1,1
4037,2.67E-01,2.31E-01,0.2415407,5,4037,Not eroded,0,1,1,1,1,1,0,0,0,0,0,1
4039,3.08E-01,1.97E-01,0.2600924,4,4039,Not eroded,0,1,1,1,1,1,1,0,0,0,1,1
4040,3.24E-01,2.08E-01,0.2146606,3,4040,Not eroded,0,1,1,0,0,0,0,1,0,0,1,1
4047,1.17E-01,2.86E-01,0.281625,0,4047,ERODED,1,1,1,1,1,1,1,1,1,1,1,1
4050,1.02E-01,2.73E-01,0.2622431,0,4050,ERODED,1,1,1,1,1,1,1,1,1,1,1,1
4055,1.05E-01,2.17E-01,0.2524219,4,4055,Not eroded,0,1,1,1,1,1,1,0,0,0,1,1
4058,2.95E-01,6.71E-02,0.2194614,0,4058,Not eroded,0,1,1,0,0,0,0,1,1,1,1,1
4064,1.28E-01,3.24E-01,0.2532681,0,4064,ERODED,1,1,1,1,1,1,1,1,1,1,1,1
4065,2.79E-01,1.11E-01,0.2194523,0,4065,Not eroded,0,1,1,0,0,0,0,1,1,1,1,1
4069,6.22E-02,1.12E-01,0.2114928,5,4069,Not eroded,0,1,1,0,0,0,0,0,0,0,0,1
4071,2.54E-01,3.24E-01,0.2522086,3,4071,Not eroded,0,1,1,1,1,1,1,1,0,0,1,1
4072,2.19E-01,2.79E-01,0.2478562,0,4072,Not eroded,0,1,1,1,1,1,0,1,1,1,1,1
4073,1.13E-01,2.21E-01,0.2470848,3,4073,Not eroded,0,1,1,1,1,1,0,1,0,0,1,1
4081,3.24E-01,2.83E-01,0.2966819,0,4081,Not eroded,0,1,1,1,1,1,1,1,1,1,1,1
4083,2.56E-01,2.23E-01,0.2182663,4,4083,Not eroded,0,1,1,0,0,0,0,0,0,0,1,1
4084,2.39E-01,2.51E-01,0.2919687,5,4084,Not eroded,0,1,1,1,1,1,1,0,0,0,0,1
4094,3.08E-01,2.61E-01,0.2783207,4,4094,Not eroded,0,1,1,1,1,1,1,0,0,0,1,1
4095,9.07E-02,1.60E-01,0.3298131,0,4095,ERODED,1,1,1,1,1,1,1,1,1,1,1,1
4099,1.42E-01,2.25E-01,0.3252301,0,4099,ERODED,1,1,1,1,1,1,1,1,1,1,1,1
4103,3.24E-01,2.60E-01,0.2481016,5,4103,Not eroded,0,1,1,1,1,1,0,0,0,0,0,1
4105,5.66E-02,9.28E-02,0.2881009,0,4105,Not eroded,0,1,1,1,1,1,1,1,1,1,1,1
4107,3.23E-01,3.24E-01,0.2273047,3,4107,Not eroded,0,1,1,1,0,0,0,1,0,0,1,1
4111,9.26E-02,2.28E-01,0.308408,1,4111,ERODED,1,1,1,1,1,1,1,1,1,1,1,1
4113,1.00E-01,2.80E-01,0.272723,0,4113,ERODED,1,1,1,1,1,1,1,1,1,1,1,1
4116,1.47E-01,3.03E-01,0.2783272,0,4116,ERODED,1,1,1,1,1,1,1,1,1,1,1,1
4120,2.86E-01,2.30E-01,0.2675577,3,4120,Not eroded,0,1,1,1,1,1,1,1,0,0,1,1
4122,1.01E-01,2.88E-01,0.2567218,0,4122,ERODED,1,1,1,1,1,1,1,1,1,1,1,1
4123,2.84E-01,2.19E-01,0.2711718,0,4123,Not eroded,0,1,1,1,1,1,1,1,1,1,1,1
4124,2.20E-01,3.24E-01,0.2263966,0,4124,Not eroded,0,1,1,1,0,0,0,1,1,1,1,1
4132,2.47E-01,3.24E-01,0.2827604,3,4132,Not eroded,0,1,1,1,1,1,1,1,0,0,1,1
4136,2.34E-01,2.43E-01,0.265384,4,4136,Not eroded,0,1,1,1,1,1,1,0,0,0,1,1
4138,2.62E-01,1.21E-01,0.3253229,0,4138,ERODED,1,1,1,1,1,1,1,1,1,1,1,1
4139,2.55E-01,2.05E-01,0.2261495,0,4139,Not eroded,0,1,1,1,0,0,0,1,1,1,1,1
4148,2.64E-01,2.93E-01,0.2607873,4,4148,Not eroded,0,1,1,1,1,1,1,0,0,0,1,1
4149,2.05E-01,8.73E-02,0.2897587,0,4149,Not eroded,0,1,1,1,1,1,1,1,1,1,1,1
4151,1.35E-01,2.26E-01,0.3167918,0,4151,ERODED,1,1,1,1,1,1,1,1,1,1,1,1
4152,5.65E-02,2.58E-01,0.2739834,0,4152,ERODED,1,1,1,1,1,1,1,1,1,1,1,1
4153,2.11E-01,2.12E-01,0.2474123,5,4153,Not eroded,0,1,1,1,1,1,0,0,0,0,0,1
4158,1.04E-01,1.40E-01,0.2652398,0,4158,Not eroded,0,1,1,1,1,1,1,1,1,1,1,1
4159,2.09E-01,2.30E-01,0.2815011,0,4159,Not eroded,0,1,1,1,1,1,1,1,1,1,1,1
4164,9.34E-02,9.76E-02,0.265143,0,4164,Not eroded,0,1,1,1,1,1,1,1,1,1,1,1
4168,2.33E-01,2.05E-01,0.2613319,3,4168,Not eroded,0,1,1,1,1,1,1,1,0,0,1,1
4170,1.24E-01,5.59E-02,0.2513453,3,4170,Not eroded,0,1,1,1,1,1,1,1,0,0,1,1
4178,9.87E-02,2.20E-01,0.2177223,0,4178,Not eroded,0,1,1,0,0,0,0,1,1,1,1,1
4183,3.04E-01,2.50E-01,0.3173395,2,4183,Not eroded,0,1,1,1,1,1,1,1,0,1,1,1
4185,2.57E-01,2.29E-01,0.226222,4,4185,Not eroded,0,1,1,1,0,0,0,0,0,0,1,1
4188,5.85E-02,9.34E-02,0.2208629,3,4188,Not eroded,0,1,1,1,0,0,0,1,0,0,1,1
4189,3.06E-01,3.24E-01,0.2288181,2,4189,Not eroded,0,1,1,1,0,0,0,1,0,1,1,1
4190,2.94E-01,8.64E-02,0.3256577,0,4190,ERODED,1,1,1,1,1,1,1,1,1,1,1,1
4193,2.22E-01,2.41E-01,0.294102,0,4193,ERODED,1,1,1,1,1,1,1,1,1,1,1,1
4197,1.77E-01,2.89E-01,0.2565652,0,4197,Not eroded,0,1,1,1,1,1,1,1,1,1,1,1
4198,2.66E-01,8.84E-02,0.2612254,0,4198,Not eroded,0,1,1,1,1,1,1,1,1,1,1,1
4201,1.29E-01,7.01E-02,0.2869078,0,4201,Not eroded,0,1,1,1,1,1,1,1,1,1,1,1
4205,2.97E-01,1.63E-01,0.2982964,0,4205,Not eroded,0,1,1,1,1,1,1,1,1,1,1,1
4207,1.30E-01,3.16E-01,0.2590832,0,4207,ERODED,1,1,1,1,1,1,1,1,1,1,1,1
4208,2.25E-01,5.60E-02,0.2501673,0,4208,Not eroded,0,1,1,1,1,1,1,1,1,1,1,1
4212,3.03E-01,8.07E-02,0.275742,4,4212,Not eroded,0,1,1,1,1,1,1,0,0,0,1,1
4214,1.96E-01,2.25E-01,0.2598926,0,4214,Not eroded,0,1,1,1,1,1,1,1,1,1,1,1
4216,3.00E-01,2.77E-01,0.2377048,4,4216,Not eroded,0,1,1,1,1,0,0,0,0,0,1,1
4217,1.25E-01,2.63E-01,0.2400981,0,4217,ERODED,1,1,1,1,1,1,0,1,1,1,1,1
4218,2.31E-01,5.59E-02,0.2577529,4,4218,Not eroded,0,1,1,1,1,1,1,0,0,0,1,1
4220,1.65E-01,1.53E-01,0.3132171,0,4220,ERODED,1,1,1,1,1,1,1,1,1,1,1,1
4221,6.53E-02,2.66E-01,0.3059765,2,4221,ERODED,1,1,1,1,1,1,1,1,0,1,1,1
4225,2.09E-01,1.95E-01,0.2942041,0,4225,Not eroded,0,1,1,1,1,1,1,1,1,1,1,1
4226,1.19E-01,3.00E-01,0.2957182,0,4226,ERODED,1,1,1,1,1,1,1,1,1,1,1,1
4227,1.42E-01,8.57E-02,0.2608931,4,4227,Not eroded,0,1,1,1,1,1,1,0,0,0,1,1
4236,3.24E-01,2.46E-01,0.2879722,0,4236,ERODED,1,1,1,1,1,1,1,1,1,1,1,1
4237,3.24E-01,5.59E-02,0.2725068,2,4237,Not eroded,0,1,1,1,1,1,1,1,0,1,1,1
4239,2.14E-01,3.22E-01,0.2474409,2,4239,Not eroded,0,1,1,1,1,1,0,1,0,1,1,1
4240,8.25E-02,2.58E-01,0.2939888,0,4240,ERODED,1,1,1,1,1,1,1,1,1,1,1,1
4242,1.94E-01,2.48E-01,0.2597723,3,4242,Not eroded,0,1,1,1,1,1,1,1,0,0,1,1
4251,2.73E-01,1.25E-01,0.3061849,0,4251,ERODED,1,1,1,1,1,1,1,1,1,1,1,1
4253,1.83E-01,1.78E-01,0.3252047,0,4253,ERODED,1,1,1,1,1,1,1,1,1,1,1,1
4267,7.71E-02,1.65E-01,0.2324149,0,4267,Not eroded,0,1,1,1,1,0,0,1,1,1,1,1
4269,1.23E-01,1.37E-01,0.2118881,0,4269,Not eroded,0,1,1,0,0,0,0,1,1,1,1,1
4271,2.61E-01,2.05E-01,0.3147002,0,4271,ERODED,1,1,1,1,1,1,1,1,1,1,1,1
4277,2.77E-01,2.44E-01,0.2256967,5,4277,Not eroded,0,1,1,1,0,0,0,0,0,0,0,1
4279,1.92E-01,1.75E-01,0.2433645,4,4279,Not eroded,0,1,1,1,1,1,0,0,0,0,1,1
4280,3.23E-01,1.32E-01,0.2742161,5,4280,Not eroded,0,1,1,1,1,1,1,0,0,0,0,1
4284,1.81E-01,5.59E-02,0.2170148,4,4284,Not eroded,0,1,1,0,0,0,0,0,0,0,1,1
4289,2.73E-01,6.08E-02,0.3067152,0,4289,ERODED,1,1,1,1,1,1,1,1,1,1,1,1
4295,3.00E-01,1.29E-01,0.2540134,4,4295,Not eroded,0,1,1,1,1,1,1,0,0,0,1,1
4296,2.98E-01,1.59E-01,0.2495549,5,4296,Not eroded,0,1,1,1,1,1,0,0,0,0,0,1
4300,2.77E-01,2.43E-01,0.2503297,4,4300,Not eroded,0,1,1,1,1,1,1,0,0,0,1,1
4301,2.17E-01,2.37E-01,0.27315,0,4301,Not eroded,0,1,1,1,1,1,1,1,1,1,1,1
4304,2.66E-01,7.46E-02,0.2574487,4,4304,Not eroded,0,1,1,1,1,1,1,0,0,0,1,1
4306,2.71E-01,2.95E-01,0.2545859,5,4306,Not eroded,0,1,1,1,1,1,1,0,0,0,0,1
4308,1.99E-01,2.58E-01,0.3233038,0,4308,ERODED,1,1,1,1,1,1,1,1,1,1,1,1
4309,2.67E-01,1.41E-01,0.250179,3,4309,Not eroded,0,1,1,1,1,1,1,1,0,0,1,1
4310,1.24E-01,6.07E-02,0.2793608,2,4310,Not eroded,0,1,1,1,1,1,1,1,0,1,1,1
4312,1.27E-01,1.02E-01,0.2991934,0,4312,ERODED,1,1,1,1,1,1,1,1,1,1,1,1
4319,5.70E-02,2.79E-01,0.3120021,0,4319,ERODED,1,1,1,1,1,1,1,1,1,1,1,1
4326,1.50E-01,3.16E-01,0.2390738,2,4326,ERODED,1,1,1,1,1,0,0,1,0,1,1,1
4328,1.15E-01,2.15E-01,0.2936782,4,4328,Not eroded,0,1,1,1,1,1,1,0,0,0,1,1
4329,1.54E-01,6.50E-02,0.2476629,5,4329,Not eroded,0,1,1,1,1,1,0,0,0,0,0,1
4335,7.23E-02,3.13E-01,0.2114721,5,4335,Not eroded,0,1,1,0,0,0,0,0,0,0,0,1
4336,1.55E-01,1.24E-01,0.2308613,5,4336,Not eroded,0,1,1,1,1,0,0,0,0,0,0,1
4340,1.47E-01,1.19E-01,0.2986057,0,4340,ERODED,1,1,1,1,1,1,1,1,1,1,1,1
4341,1.46E-01,2.47E-01,0.2780574,0,4341,ERODED,1,1,1,1,1,1,1,1,1,1,1,1
4343,5.65E-02,1.57E-01,0.2366698,4,4343,Not eroded,0,1,1,1,1,0,0,0,0,0,1,1
4344,3.12E-01,2.30E-01,0.2204949,5,4344,Not eroded,0,1,1,1,0,0,0,0,0,0,0,1
4346,2.44E-01,1.42E-01,0.3188262,0,4346,ERODED,1,1,1,1,1,1,1,1,1,1,1,1
4347,1.41E-01,2.41E-01,0.2847172,0,4347,ERODED,1,1,1,1,1,1,1,1,1,1,1,1
4350,1.05E-01,6.88E-02,0.3350816,0,4350,ERODED,1,1,1,1,1,1,1,1,1,1,1,1
4353,1.12E-01,1.26E-01,0.2252695,4,4353,Not eroded,0,1,1,1,0,0,0,0,0,0,1,1
4355,2.49E-01,5.55E-02,0.2451231,1,4355,Not eroded,0,1,1,1,1,1,0,1,1,1,1,1
4358,2.92E-01,2.02E-01,0.2327601,0,4358,Not eroded,0,1,1,1,1,0,0,1,1,1,1,1
4360,2.36E-01,5.89E-02,0.232839,3,4360,Not eroded,0,1,1,1,1,0,0,1,0,0,1,1
4361,2.44E-01,1.45E-01,0.2171426,3,4361,Not eroded,0,1,1,0,0,0,0,1,0,0,1,1
4362,2.60E-01,1.97E-01,0.2297218,0,4362,Not eroded,0,1,1,1,0,0,0,1,1,1,1,1
4364,7.03E-02,9.37E-02,0.2285565,5,4364,Not eroded,0,1,1,1,0,0,0,0,0,0,0,1
4365,3.06E-01,2.71E-01,0.2306342,5,4365,Not eroded,0,1,1,1,1,0,0,0,0,0,0,1
4366,1.89E-01,1.16E-01,0.3231525,0,4366,ERODED,1,1,1,1,1,1,1,1,1,1,1,1
4370,1.40E-01,5.59E-02,0.2729249,4,4370,Not eroded,0,1,1,1,1,1,1,0,0,0,1,1
4373,1.42E-01,9.26E-02,0.2324631,4,4373,Not eroded,0,1,1,1,1,0,0,0,0,0,1,1
4374,9.13E-02,1.73E-01,0.2241862,0,4374,Not eroded,0,1,1,1,0,0,0,1,1,1,1,1
4376,1.73E-01,8.55E-02,0.2923702,0,4376,Not eroded,0,1,1,1,1,1,1,1,1,1,1,1
4377,2.09E-01,1.80E-01,0.213621,0,4377,Not eroded,0,1,1,0,0,0,0,1,1,1,1,1
4379,1.67E-01,2.18E-01,0.2489092,4,4379,Not eroded,0,1,1,1,1,1,0,0,0,0,1,1
4382,1.95E-01,1.83E-01,0.2796789,0,4382,Not eroded,0,1,1,1,1,1,1,1,1,1,1,1
4383,1.51E-01,1.41E-01,0.2292335,5,4383,Not eroded,0,1,1,1,0,0,0,0,0,0,0,1
4387,2.40E-01,6.48E-02,0.2237382,4,4387,Not eroded,0,1,1,1,0,0,0,0,0,0,1,1
4393,2.35E-01,3.18E-01,0.2695757,0,4393,Not eroded,0,1,1,1,1,1,1,1,1,1,1,1
4395,2.24E-01,6.44E-02,0.2446376,0,4395,Not eroded,0,1,1,1,1,1,0,1,1,1,1,1
4400,9.09E-02,1.25E-01,0.2234187,0,4400,Not eroded,0,1,1,1,0,0,0,1,1,1,1,1
4402,2.80E-01,1.02E-01,0.2219735,0,4402,Not eroded,0,1,1,1,0,0,0,1,1,1,1,1
4404,2.72E-01,5.59E-02,0.2248232,3,4404,Not eroded,0,1,1,1,0,0,0,1,0,0,1,1
4406,1.84E-01,8.83E-02,0.2816384,0,4406,Not eroded,0,1,1,1,1,1,1,1,1,1,1,1
4409,1.41E-01,2.78E-01,0.2636994,0,4409,ERODED,1,1,1,1,1,1,1,1,1,1,1,1
4410,2.97E-01,2.08E-01,0.2884809,4,4410,Not eroded,0,1,1,1,1,1,1,0,0,0,1,1
4413,1.06E-01,1.22E-01,0.2500681,4,4413,Not eroded,0,1,1,1,1,1,1,0,0,0,1,1
4422,1.72E-01,1.46E-01,0.3039557,0,4422,ERODED,1,1,1,1,1,1,1,1,1,1,1,1
4424,2.00E-01,2.96E-01,0.2938617,0,4424,ERODED,1,1,1,1,1,1,1,1,1,1,1,1
4425,1.65E-01,5.59E-02,0.2284167,5,4425,Not eroded,0,1,1,1,0,0,0,0,0,0,0,1
4428,2.45E-01,1.21E-01,0.2291142,4,4428,Not eroded,0,1,1,1,0,0,0,0,0,0,1,1
4433,2.03E-01,1.25E-01,0.2361973,4,4433,Not eroded,0,1,1,1,1,0,0,0,0,0,1,1
4434,1.99E-01,1.46E-01,0.280642,0,4434,Not eroded,0,1,1,1,1,1,1,1,1,1,1,1
4438,1.75E-01,2.93E-01,0.2954561,4,4438,Not eroded,0,1,1,1,1,1,1,0,0,0,1,1
4439,2.20E-01,1.95E-01,0.2906057,4,4439,Not eroded,0,1,1,1,1,1,1,0,0,0,1,1
4446,2.64E-01,1.88E-01,0.3134054,0,4446,ERODED,1,1,1,1,1,1,1,1,1,1,1,1
4448,1.06E-01,1.32E-01,0.2195977,2,4448,Not eroded,0,1,1,0,0,0,0,1,0,1,1,1
4449,3.16E-01,2.65E-01,0.2722935,4,4449,Not eroded,0,1,1,1,1,1,1,0,0,0,1,1
4451,2.38E-01,5.62E-02,0.2135612,4,4451,Not eroded,0,1,1,0,0,0,0,0,0,0,1,1
4456,3.08E-01,1.55E-01,0.2875504,3,4456,Not eroded,0,1,1,1,1,1,1,1,0,0,1,1
4463,3.02E-01,2.19E-01,0.2123754,4,4463,Not eroded,0,1,1,0,0,0,0,0,0,0,1,1
4465,5.65E-02,8.28E-02,0.2889804,0,4465,Not eroded,0,1,1,1,1,1,1,1,1,1,1,1
4466,3.15E-01,6.51E-02,0.2116444,0,4466,Not eroded,0,1,1,0,0,0,0,1,1,1,1,1
4469,1.32E-01,3.11E-01,0.2789548,0,4469,ERODED,1,1,1,1,1,1,1,1,1,1,1,1
4470,1.16E-01,2.10E-01,0.2510092,2,4470,Not eroded,0,1,1,1,1,1,1,1,0,1,1,1
4471,1.69E-01,1.93E-01,0.2634345,4,4471,Not eroded,0,1,1,1,1,1,1,0,0,0,1,1
4475,1.48E-01,3.24E-01,0.2726086,0,4475,ERODED,1,1,1,1,1,1,1,1,1,1,1,1
4479,1.14E-01,2.11E-01,0.2194415,0,4479,Not eroded,0,1,1,0,0,0,0,1,1,1,1,1
4480,2.47E-01,1.40E-01,0.3090156,0,4480,ERODED,1,1,1,1,1,1,1,1,1,1,1,1
4482,2.96E-01,1.98E-01,0.2233858,4,4482,Not eroded,0,1,1,1,0,0,0,0,0,0,1,1
4486,2.55E-01,2.38E-01,0.2187961,0,4486,Not eroded,0,1,1,0,0,0,0,1,1,1,1,1
4488,2.38E-01,2.59E-01,0.323509,0,4488,ERODED,1,1,1,1,1,1,1,1,1,1,1,1
4501,6.54E-02,8.01E-02,0.2926601,0,4501,Not eroded,0,1,1,1,1,1,1,1,1,1,1,1
4502,2.97E-01,2.41E-01,0.219409,5,4502,Not eroded,0,1,1,0,0,0,0,0,0,0,0,1
4505,1.86E-01,2.74E-01,0.30807,0,4505,ERODED,1,1,1,1,1,1,1,1,1,1,1,1
4510,1.09E-01,2.83E-01,0.2764787,0,4510,ERODED,1,1,1,1,1,1,1,1,1,1,1,1
4511,3.15E-01,2.54E-01,0.2740379,5,4511,Not eroded,0,1,1,1,1,1,1,0,0,0,0,1
4512,1.88E-01,2.84E-01,0.3139736,0,4512,ERODED,1,1,1,1,1,1,1,1,1,1,1,1
4513,2.87E-01,1.52E-01,0.3154347,2,4513,Not eroded,0,1,1,1,1,1,1,1,0,1,1,1
4516,2.93E-01,1.95E-01,0.280658,5,4516,Not eroded,0,1,1,1,1,1,1,0,0,0,0,1
4521,1.97E-01,1.86E-01,0.2893713,5,4521,Not eroded,0,1,1,1,1,1,1,0,0,0,0,1
4524,2.35E-01,1.58E-01,0.3095151,0,4524,ERODED,1,1,1,1,1,1,1,1,1,1,1,1
4527,2.22E-01,3.23E-01,0.2536197,5,4527,Not eroded,0,1,1,1,1,1,1,0,0,0,0,1
4532,1.23E-01,1.93E-01,0.2118329,3,4532,Not eroded,0,1,1,0,0,0,0,1,0,0,1,1
4533,2.63E-01,1.15E-01,0.2912299,0,4533,ERODED,1,1,1,1,1,1,1,1,1,1,1,1
4537,3.19E-01,2.93E-01,0.2430333,6,4537,Not eroded,0,1,1,1,1,1,0,0,0,0,0,0
4538,2.92E-01,2.49E-01,0.3218283,0,4538,ERODED,1,1,1,1,1,1,1,1,1,1,1,1
4540,1.03E-01,5.59E-02,0.3062466,3,4540,Not eroded,0,1,1,1,1,1,1,1,0,0,1,1
4543,2.33E-01,2.70E-01,0.2420152,0,4543,Not eroded,0,1,1,1,1,1,0,1,1,1,1,1
4549,2.48E-01,1.76E-01,0.2840075,0,4549,ERODED,1,1,1,1,1,1,1,1,1,1,1,1
4551,1.24E-01,1.30E-01,0.2511626,5,4551,Not eroded,0,1,1,1,1,1,1,0,0,0,0,1
4553,1.86E-01,2.80E-01,0.2927929,4,4553,Not eroded,0,1,1,1,1,1,1,0,0,0,1,1
4557,2.15E-01,1.10E-01,0.2880969,0,4557,Not eroded,0,1,1,1,1,1,1,1,1,1,1,1
4558,1.99E-01,1.37E-01,0.2198386,0,4558,Not eroded,0,1,1,0,0,0,0,1,1,1,1,1
4560,2.79E-01,1.27E-01,0.3144603,0,4560,ERODED,1,1,1,1,1,1,1,1,1,1,1,1
4565,2.08E-01,1.25E-01,0.2242455,0,4565,Not eroded,0,1,1,1,0,0,0,1,1,1,1,1
4573,1.87E-01,8.46E-02,0.3073374,0,4573,Not eroded,0,1,1,1,1,1,1,1,1,1,1,1
4574,5.65E-02,6.52E-02,0.2494411,4,4574,Not eroded,0,1,1,1,1,1,0,0,0,0,1,1
4580,3.24E-01,1.93E-01,0.2601307,4,4580,Not eroded,0,1,1,1,1,1,1,0,0,0,1,1
4581,3.24E-01,3.19E-01,0.2359256,0,4581,Not eroded,0,1,1,1,1,0,0,1,1,1,1,1
4582,2.15E-01,1.33E-01,0.2242158,2,4582,Not eroded,0,1,1,1,0,0,0,1,0,1,1,1
4585,3.24E-01,1.93E-01,0.3002697,0,4585,ERODED,1,1,1,1,1,1,1,1,1,1,1,1
4587,1.38E-01,3.24E-01,0.2538939,2,4587,ERODED,1,1,1,1,1,1,1,1,0,1,1,1
4589,8.05E-02,1.03E-01,0.2856932,0,4589,Not eroded,0,1,1,1,1,1,1,1,1,1,1,1
4595,8.02E-02,2.39E-01,0.2529483,3,4595,ERODED,1,1,1,1,1,1,1,1,0,0,1,1
4597,7.19E-02,1.54E-01,0.2727089,4,4597,Not eroded,0,1,1,1,1,1,1,0,0,0,1,1
4598,1.32E-01,1.48E-01,0.3198108,0,4598,ERODED,1,1,1,1,1,1,1,1,1,1,1,1
4602,3.24E-01,2.83E-01,0.2378567,4,4602,Not eroded,0,1,1,1,1,0,0,0,0,0,1,1
4603,1.11E-01,9.33E-02,0.2102392,3,4603,Not eroded,0,1,1,0,0,0,0,1,0,0,1,1
4605,1.33E-01,2.10E-01,0.2272642,0,4605,Not eroded,0,1,1,1,0,0,0,1,1,1,1,1
4606,1.57E-01,2.59E-01,0.2997974,0,4606,ERODED,1,1,1,1,1,1,1,1,1,1,1,1
4611,2.75E-01,1.39E-01,0.2581776,3,4611,Not eroded,0,1,1,1,1,1,1,1,0,0,1,1
4618,1.80E-01,8.59E-02,0.299949,0,4618,Not eroded,0,1,1,1,1,1,1,1,1,1,1,1
4620,1.37E-01,1.72E-01,0.2254346,3,4620,Not eroded,0,1,1,1,0,0,0,1,0,0,1,1
4622,1.13E-01,2.97E-01,0.324589,0,4622,ERODED,1,1,1,1,1,1,1,1,1,1,1,1
4625,9.88E-02,1.24E-01,0.3265311,0,4625,ERODED,1,1,1,1,1,1,1,1,1,1,1,1
4633,2.72E-01,2.58E-01,0.2867601,3,4633,Not eroded,0,1,1,1,1,1,1,1,0,0,1,1
4635,1.73E-01,2.10E-01,0.2670487,4,4635,Not eroded,0,1,1,1,1,1,1,0,0,0,1,1
4637,1.60E-01,1.65E-01,0.2384525,5,4637,Not eroded,0,1,1,1,1,0,0,0,0,0,0,1
4638,3.24E-01,3.24E-01,0.2623844,0,4638,Not eroded,0,1,1,1,1,1,1,1,1,1,1,1
4641,3.16E-01,7.10E-02,0.2649135,3,4641,Not eroded,0,1,1,1,1,1,1,1,0,0,1,1
4643,1.67E-01,1.54E-01,0.245974,6,4643,Not eroded,0,1,1,1,1,1,0,0,0,0,0,0
4649,3.09E-01,1.32E-01,0.2580284,5,4649,Not eroded,0,1,1,1,1,1,1,0,0,0,0,1
4651,3.24E-01,2.15E-01,0.2900809,3,4651,Not eroded,0,1,1,1,1,1,1,1,0,0,1,1
4652,2.06E-01,1.08E-01,0.2420053,5,4652,Not eroded,0,1,1,1,1,1,0,0,0,0,0,1
4653,3.05E-01,2.01E-01,0.2296096,7,4653,Not eroded,0,1,1,1,0,0,0,0,0,0,0,0
4654,3.23E-01,2.43E-01,0.2703614,3,4654,Not eroded,0,1,1,1,1,1,1,1,0,0,1,1
4656,1.92E-01,2.72E-01,0.2879812,0,4656,Not eroded,0,1,1,1,1,1,1,1,1,1,1,1
4663,2.14E-01,1.42E-01,0.3159064,0,4663,ERODED,1,1,1,1,1,1,1,1,1,1,1,1
4664,3.15E-01,2.95E-01,0.3018328,0,4664,Not eroded,0,1,1,1,1,1,1,1,1,1,1,1
4668,1.15E-01,1.47E-01,0.2645841,3,4668,Not eroded,0,1,1,1,1,1,1,1,0,0,1,1
4671,3.20E-01,8.08E-02,0.284254,4,4671,Not eroded,0,1,1,1,1,1,1,0,0,0,1,1
4674,1.49E-01,1.05E-01,0.233177,4,4674,Not eroded,0,1,1,1,1,0,0,0,0,0,1,1
4679,1.55E-01,1.14E-01,0.2970393,0,4679,ERODED,1,1,1,1,1,1,1,1,1,1,1,1
4680,1.70E-01,5.59E-02,0.2490222,2,4680,Not eroded,0,1,1,1,1,1,0,1,0,1,1,1
4681,1.89E-01,5.59E-02,0.2803645,0,4681,ERODED,1,1,1,1,1,1,1,1,1,1,1,1
4683,2.23E-01,1.19E-01,0.2291714,6,4683,Not eroded,0,1,1,1,0,0,0,0,0,0,0,0
4684,1.69E-01,2.14E-01,0.2294691,3,4684,Not eroded,0,1,1,1,0,0,0,1,0,0,1,1
4687,2.30E-01,1.24E-01,0.2191274,4,4687,Not eroded,0,1,1,0,0,0,0,0,0,0,1,1
4688,7.34E-02,2.86E-01,0.2842999,0,4688,ERODED,1,1,1,1,1,1,1,1,1,1,1,1
4689,1.29E-01,3.21E-01,0.2702902,1,4689,ERODED,1,1,1,1,1,1,1,1,1,1,1,1
4690,1.97E-01,1.19E-01,0.2565943,0,4690,Not eroded,0,1,1,1,1,1,1,1,1,1,1,1
4691,1.54E-01,1.51E-01,0.2287647,3,4691,Not eroded,0,1,1,1,0,0,0,1,0,0,1,1
4695,8.69E-02,2.40E-01,0.281171,0,4695,ERODED,1,1,1,1,1,1,1,1,1,1,1,1
4698,3.09E-01,2.22E-01,0.2261066,7,4698,Not eroded,0,1,1,1,0,0,0,0,0,0,0,0
4699,2.53E-01,2.31E-01,0.2924241,0,4699,Not eroded,0,1,1,1,1,1,1,1,1,1,1,1
4701,1.40E-01,1.30E-01,0.3107166,0,4701,ERODED,1,1,1,1,1,1,1,1,1,1,1,1
4703,1.04E-01,1.05E-01,0.2686394,0,4703,Not eroded,0,1,1,1,1,1,1,1,1,1,1,1
4706,9.85E-02,6.63E-02,0.235313,5,4706,Not eroded,0,1,1,1,1,0,0,0,0,0,0,1
4708,2.30E-01,9.31E-02,0.2945004,0,4708,ERODED,1,1,1,1,1,1,1,1,1,1,1,1
4712,2.41E-01,1.84E-01,0.221094,5,4712,Not eroded,0,1,1,1,0,0,0,0,0,0,0,1
4713,1.53E-01,2.10E-01,0.3134336,0,4713,ERODED,1,1,1,1,1,1,1,1,1,1,1,1
4715,1.25E-01,2.93E-01,0.2644276,0,4715,ERODED,1,1,1,1,1,1,1,1,1,1,1,1
4721,1.25E-01,3.00E-01,0.3256882,0,4721,ERODED,1,1,1,1,1,1,1,1,1,1,1,1
4722,1.97E-01,2.97E-01,0.2841907,4,4722,Not eroded,0,1,1,1,1,1,1,0,0,0,1,1
4725,2.54E-01,1.42E-01,0.3161916,0,4725,ERODED,1,1,1,1,1,1,1,1,1,1,1,1
4729,3.24E-01,1.14E-01,0.2373285,0,4729,Not eroded,0,1,1,1,1,0,0,1,1,1,1,1
4730,1.56E-01,6.91E-02,0.2564569,4,4730,Not eroded,0,1,1,1,1,1,1,0,0,0,1,1
4736,2.21E-01,5.59E-02,0.2971586,0,4736,Not eroded,0,1,1,1,1,1,1,1,1,1,1,1
4740,1.92E-01,6.70E-02,0.2154157,3,4740,Not eroded,0,1,1,0,0,0,0,1,0,0,1,1
4745,1.18E-01,2.63E-01,0.2304397,0,4745,ERODED,1,1,1,1,1,0,0,1,1,1,1,1
4746,1.89E-01,2.67E-01,0.2264756,0,4746,Not eroded,0,1,1,1,0,0,0,1,1,1,1,1
4752,3.09E-01,1.41E-01,0.2551088,4,4752,Not eroded,0,1,1,1,1,1,1,0,0,0,1,1
4753,2.48E-01,2.50E-01,0.2955573,4,4753,Not eroded,0,1,1,1,1,1,1,0,0,0,1,1
4755,1.99E-01,1.36E-01,0.310334,0,4755,ERODED,1,1,1,1,1,1,1,1,1,1,1,1
4757,1.52E-01,3.04E-01,0.2207719,0,4757,Not eroded,0,1,1,1,0,0,0,1,1,1,1,1
4760,5.65E-02,9.95E-02,0.2587964,4,4760,Not eroded,0,1,1,1,1,1,1,0,0,0,1,1
4761,1.71E-01,1.20E-01,0.2981172,0,4761,Not eroded,0,1,1,1,1,1,1,1,1,1,1,1
4762,2.70E-01,2.44E-01,0.2955511,3,4762,Not eroded,0,1,1,1,1,1,1,1,0,0,1,1
4764,3.24E-01,8.77E-02,0.2786109,3,4764,Not eroded,0,1,1,1,1,1,1,1,0,0,1,1
4767,2.44E-01,5.57E-02,0.292708,3,4767,Not eroded,0,1,1,1,1,1,1,1,0,0,1,1
4768,1.09E-01,2.85E-01,0.2485491,0,4768,ERODED,1,1,1,1,1,1,0,1,1,1,1,1
4769,3.19E-01,6.16E-02,0.2659631,5,4769,Not eroded,0,1,1,1,1,1,1,0,0,0,0,1
4771,7.75E-02,1.17E-01,0.2574854,5,4771,Not eroded,0,1,1,1,1,1,1,0,0,0,0,1
4772,1.59E-01,9.51E-02,0.2125193,5,4772,Not eroded,0,1,1,0,0,0,0,0,0,0,0,1
4778,1.95E-01,1.58E-01,0.275892,3,4778,Not eroded,0,1,1,1,1,1,1,1,0,0,1,1
4779,2.70E-01,3.19E-01,0.2998194,0,4779,Not eroded,0,1,1,1,1,1,1,1,1,1,1,1
4782,2.04E-01,1.62E-01,0.2365597,3,4782,Not eroded,0,1,1,1,1,0,0,1,0,0,1,1
4785,2.23E-01,2.22E-01,0.2585709,0,4785,Not eroded,0,1,1,1,1,1,1,1,1,1,1,1
4786,2.62E-01,9.51E-02,0.3153712,0,4786,ERODED,1,1,1,1,1,1,1,1,1,1,1,1
4793,1.17E-01,2.61E-01,0.2585314,0,4793,ERODED,1,1,1,1,1,1,1,1,1,1,1,1
4794,1.44E-01,5.60E-02,0.2164055,5,4794,Not eroded,0,1,1,0,0,0,0,0,0,0,0,1
4796,2.42E-01,3.17E-01,0.2900906,2,4796,Not eroded,0,1,1,1,1,1,1,1,0,1,1,1
4799,1.61E-01,2.09E-01,0.2281046,4,4799,Not eroded,0,1,1,1,0,0,0,0,0,0,1,1
4803,1.00E-01,6.06E-02,0.2433698,5,4803,Not eroded,0,1,1,1,1,1,0,0,0,0,0,1
4805,1.94E-01,5.58E-02,0.2462674,3,4805,Not eroded,0,1,1,1,1,1,0,1,0,0,1,1
4813,3.24E-01,1.53E-01,0.2912578,4,4813,Not eroded,0,1,1,1,1,1,1,0,0,0,1,1
4815,2.49E-01,3.16E-01,0.2707833,3,4815,Not eroded,0,1,1,1,1,1,1,1,0,0,1,1
4816,7.79E-02,2.15E-01,0.2931688,0,4816,ERODED,1,1,1,1,1,1,1,1,1,1,1,1
4817,1.55E-01,3.18E-01,0.25643,2,4817,ERODED,1,1,1,1,1,1,1,1,0,1,1,1
4819,1.40E-01,8.33E-02,0.2425408,5,4819,Not eroded,0,1,1,1,1,1,0,0,0,0,0,1
4821,2.64E-01,3.24E-01,0.254403,4,4821,Not eroded,0,1,1,1,1,1,1,0,0,0,1,1
4826,1.28E-01,1.76E-01,0.2160123,0,4826,Not eroded,0,1,1,0,0,0,0,1,1,1,1,1
4827,1.02E-01,1.74E-01,0.2895552,0,4827,Not eroded,0,1,1,1,1,1,1,1,1,1,1,1
4833,3.24E-01,1.93E-01,0.2451547,3,4833,Not eroded,0,1,1,1,1,1,0,1,0,0,1,1
4836,2.52E-01,2.81E-01,0.2144085,3,4836,Not eroded,0,1,1,0,0,0,0,1,0,0,1,1
4839,1.71E-01,2.14E-01,0.2822064,0,4839,ERODED,1,1,1,1,1,1,1,1,1,1,1,1
4845,1.43E-01,5.64E-02,0.320706,0,4845,ERODED,1,1,1,1,1,1,1,1,1,1,1,1
4851,1.93E-01,2.49E-01,0.3282749,0,4851,ERODED,1,1,1,1,1,1,1,1,1,1,1,1
4855,2.54E-01,7.69E-02,0.2197491,0,4855,Not eroded,0,1,1,0,0,0,0,1,1,1,1,1
4862,1.58E-01,6.40E-02,0.2238518,4,4862,Not eroded,0,1,1,1,0,0,0,0,0,0,1,1
4863,5.66E-02,5.60E-02,0.2897172,0,4863,ERODED,1,1,1,1,1,1,1,1,1,1,1,1
4873,2.78E-01,2.69E-01,0.2256686,4,4873,Not eroded,0,1,1,1,0,0,0,0,0,0,1,1
4877,2.44E-01,1.70E-01,0.2935133,0,4877,ERODED,1,1,1,1,1,1,1,1,1,1,1,1
4878,2.91E-01,3.24E-01,0.2895766,0,4878,Not eroded,0,1,1,1,1,1,1,1,1,1,1,1
4881,1.60E-01,1.40E-01,0.2251278,5,4881,Not eroded,0,1,1,1,0,0,0,0,0,0,0,1
4886,1.08E-01,1.22E-01,0.2615316,0,4886,Not eroded,0,1,1,1,1,1,1,1,1,1,1,1
4887,2.82E-01,2.56E-01,0.2629632,6,4887,Not eroded,0,1,1,1,1,1,1,0,0,0,0,0
4892,2.02E-01,1.79E-01,0.2848208,4,4892,Not eroded,0,1,1,1,1,1,1,0,0,0,1,1
4893,9.26E-02,3.17E-01,0.2941471,0,4893,ERODED,1,1,1,1,1,1,1,1,1,1,1,1
4898,2.88E-01,1.95E-01,0.2391788,0,4898,Not eroded,0,1,1,1,1,0,0,1,1,1,1,1
4902,2.50E-01,1.34E-01,0.3276012,0,4902,ERODED,1,1,1,1,1,1,1,1,1,1,1,1
4907,2.86E-01,2.56E-01,0.274125,4,4907,Not eroded,0,1,1,1,1,1,1,0,0,0,1,1
4908,2.21E-01,1.72E-01,0.2314333,4,4908,Not eroded,0,1,1,1,1,0,0,0,0,0,1,1
4911,2.28E-01,2.87E-01,0.2361613,0,4911,Not eroded,0,1,1,1,1,0,0,1,1,1,1,1
4913,3.24E-01,2.55E-01,0.2206748,4,4913,Not eroded,0,1,1,1,0,0,0,0,0,0,1,1
4914,2.89E-01,1.11E-01,0.3149903,0,4914,ERODED,1,1,1,1,1,1,1,1,1,1,1,1
4916,5.65E-02,2.07E-01,0.2889327,0,4916,ERODED,1,1,1,1,1,1,1,1,1,1,1,1
4917,2.15E-01,1.87E-01,0.2948119,3,4917,Not eroded,0,1,1,1,1,1,1,1,0,0,1,1
4922,2.79E-01,2.79E-01,0.2337175,3,4922,Not eroded,0,1,1,1,1,0,0,1,0,0,1,1
4923,2.80E-01,2.87E-01,0.2826376,4,4923,Not eroded,0,1,1,1,1,1,1,0,0,0,1,1
4924,1.18E-01,1.38E-01,0.266678,4,4924,Not eroded,0,1,1,1,1,1,1,0,0,0,1,1
4929,9.26E-02,2.33E-01,0.2988909,0,4929,ERODED,1,1,1,1,1,1,1,1,1,1,1,1
4931,1.05E-01,2.48E-01,0.2178251,4,4931,Not eroded,0,1,1,0,0,0,0,0,0,0,1,1
4932,2.00E-01,1.13E-01,0.2488468,0,4932,Not eroded,0,1,1,1,1,1,0,1,1,1,1,1
4933,2.46E-01,2.33E-01,0.2559193,4,4933,Not eroded,0,1,1,1,1,1,1,0,0,0,1,1
4939,5.66E-02,2.95E-01,0.317279,0,4939,ERODED,1,1,1,1,1,1,1,1,1,1,1,1
4940,1.55E-01,3.24E-01,0.2644542,0,4940,ERODED,1,1,1,1,1,1,1,1,1,1,1,1
4951,1.94E-01,1.79E-01,0.2609123,4,4951,Not eroded,0,1,1,1,1,1,1,0,0,0,1,1
4960,2.36E-01,3.20E-01,0.2337568,4,4960,Not eroded,0,1,1,1,1,0,0,0,0,0,1,1
4962,1.07E-01,2.03E-01,0.2230679,3,4962,Not eroded,0,1,1,1,0,0,0,1,0,0,1,1
4968,1.69E-01,1.31E-01,0.2623403,0,4968,Not eroded,0,1,1,1,1,1,1,1,1,1,1,1
4972,2.23E-01,1.24E-01,0.317805,0,4972,ERODED,1,1,1,1,1,1,1,1,1,1,1,1
4974,2.45E-01,7.24E-02,0.2192818,5,4974,Not eroded,0,1,1,0,0,0,0,0,0,0,0,1
4976,1.13E-01,1.02E-01,0.2143178,7,4976,Not eroded,0,1,1,0,0,0,0,0,0,0,0,0
4978,2.29E-01,2.13E-01,0.2576126,0,4978,Not eroded,0,1,1,1,1,1,1,1,1,1,1,1
4980,1.22E-01,2.20E-01,0.2235038,3,4980,Not eroded,0,1,1,1,0,0,0,1,0,0,1,1
4983,2.11E-01,9.63E-02,0.3196893,0,4983,ERODED,1,1,1,1,1,1,1,1,1,1,1,1
4987,1.63E-01,2.08E-01,0.285723,0,4987,ERODED,1,1,1,1,1,1,1,1,1,1,1,1
4990,1.29E-01,2.77E-01,0.2290638,0,4990,ERODED,1,1,1,1,0,0,0,1,1,1,1,1
4992,2.70E-01,1.04E-01,0.3182545,0,4992,ERODED,1,1,1,1,1,1,1,1,1,1,1,1
4998,8.41E-02,1.56E-01,0.2780569,0,4998,Not eroded,0,1,1,1,1,1,1,1,1,1,1,1
5001,1.38E-01,2.74E-01,0.309392,0,5001,ERODED,1,1,1,1,1,1,1,1,1,1,1,1
5005,1.75E-01,3.07E-01,0.2853587,0,5005,ERODED,1,1,1,1,1,1,1,1,1,1,1,1
5007,1.78E-01,7.09E-02,0.326012,0,5007,ERODED,1,1,1,1,1,1,1,1,1,1,1,1
5011,2.38E-01,1.56E-01,0.3261706,0,5011,ERODED,1,1,1,1,1,1,1,1,1,1,1,1
5016,2.28E-01,1.28E-01,0.227709,5,5016,Not eroded,0,1,1,1,0,0,0,0,0,0,0,1
5018,6.65E-02,1.45E-01,0.2591215,3,5018,Not eroded,0,1,1,1,1,1,1,1,0,0,1,1
5022,2.86E-01,5.59E-02,0.2103744,3,5022,Not eroded,0,1,1,0,0,0,0,1,0,0,1,1
5024,9.91E-02,6.45E-02,0.2109238,6,5024,Not eroded,0,1,1,0,0,0,0,0,0,0,0,0
5026,1.60E-01,3.07E-01,0.232889,4,5026,ERODED,1,1,1,1,1,0,0,0,0,0,1,1
5027,7.54E-02,2.64E-01,0.2390762,4,5027,Not eroded,0,1,1,1,1,0,0,0,0,0,1,1
5028,1.54E-01,1.22E-01,0.2404264,5,5028,Not eroded,0,1,1,1,1,1,0,0,0,0,0,1
5030,2.71E-01,6.35E-02,0.2720899,4,5030,Not eroded,0,1,1,1,1,1,1,0,0,0,1,1
5031,1.64E-01,6.53E-02,0.3155509,0,5031,ERODED,1,1,1,1,1,1,1,1,1,1,1,1
5034,6.40E-02,2.29E-01,0.2499464,5,5034,Not eroded,0,1,1,1,1,1,0,0,0,0,0,1
5036,2.82E-01,2.12E-01,0.3198403,0,5036,ERODED,1,1,1,1,1,1,1,1,1,1,1,1
5037,3.24E-01,3.06E-01,0.3136479,0,5037,ERODED,1,1,1,1,1,1,1,1,1,1,1,1
5039,2.52E-01,1.97E-01,0.3005003,0,5039,ERODED,1,1,1,1,1,1,1,1,1,1,1,1
5044,1.07E-01,5.59E-02,0.213245,2,5044,Not eroded,0,1,1,0,0,0,0,1,0,1,1,1
5045,1.71E-01,3.15E-01,0.247314,3,5045,ERODED,1,1,1,1,1,1,0,1,0,0,1,1
5046,6.46E-02,2.52E-01,0.2721288,0,5046,ERODED,1,1,1,1,1,1,1,1,1,1,1,1
5047,2.97E-01,1.98E-01,0.2891796,3,5047,Not eroded,0,1,1,1,1,1,1,1,0,0,1,1
5048,2.43E-01,2.66E-01,0.2615303,0,5048,Not eroded,0,1,1,1,1,1,1,1,1,1,1,1
5052,1.55E-01,6.35E-02,0.2643564,5,5052,Not eroded,0,1,1,1,1,1,1,0,0,0,0,1
5053,8.57E-02,3.24E-01,0.2327024,2,5053,Not eroded,0,1,1,1,1,0,0,1,0,1,1,1
5054,6.11E-02,2.15E-01,0.3071666,0,5054,ERODED,1,1,1,1,1,1,1,1,1,1,1,1
5056,3.16E-01,8.46E-02,0.2469689,4,5056,Not eroded,0,1,1,1,1,1,0,0,0,0,1,1
5060,6.54E-02,2.87E-01,0.313587,1,5060,ERODED,1,1,1,1,1,1,1,1,1,1,1,1
5061,2.62E-01,1.60E-01,0.2118285,3,5061,Not eroded,0,1,1,0,0,0,0,1,0,0,1,1
5064,1.75E-01,2.81E-01,0.2377587,5,5064,Not eroded,0,1,1,1,1,0,0,0,0,0,0,1
5065,3.24E-01,3.01E-01,0.3035663,0,5065,Not eroded,0,1,1,1,1,1,1,1,1,1,1,1
5067,1.96E-01,2.78E-01,0.3177517,0,5067,ERODED,1,1,1,1,1,1,1,1,1,1,1,1
5069,9.10E-02,2.32E-01,0.2420703,3,5069,Not eroded,0,1,1,1,1,1,0,1,0,0,1,1
5070,1.92E-01,2.47E-01,0.2498433,0,5070,Not eroded,0,1,1,1,1,1,0,1,1,1,1,1
5076,1.77E-01,6.26E-02,0.295994,0,5076,ERODED,1,1,1,1,1,1,1,1,1,1,1,1
5077,1.42E-01,1.48E-01,0.3186883,0,5077,ERODED,1,1,1,1,1,1,1,1,1,1,1,1
5078,2.18E-01,2.79E-01,0.2378908,0,5078,Not eroded,0,1,1,1,1,0,0,1,1,1,1,1
5082,1.73E-01,3.05E-01,0.2459085,3,5082,ERODED,1,1,1,1,1,1,0,1,0,0,1,1
5092,3.24E-01,2.61E-01,0.2129846,4,5092,Not eroded,0,1,1,0,0,0,0,0,0,0,1,1
5099,5.65E-02,2.96E-01,0.3025945,0,5099,ERODED,1,1,1,1,1,1,1,1,1,1,1,1
5104,1.39E-01,9.34E-02,0.312867,0,5104,ERODED,1,1,1,1,1,1,1,1,1,1,1,1
5108,1.31E-01,2.03E-01,0.2389438,0,5108,Not eroded,0,1,1,1,1,0,0,1,1,1,1,1
5117,1.80E-01,2.27E-01,0.238551,3,5117,Not eroded,0,1,1,1,1,0,0,1,0,0,1,1
5118,3.12E-01,2.14E-01,0.248504,0,5118,Not eroded,0,1,1,1,1,1,0,1,1,1,1,1
5121,1.28E-01,3.02E-01,0.2606823,0,5121,ERODED,1,1,1,1,1,1,1,1,1,1,1,1
5122,3.24E-01,2.57E-01,0.2715325,5,5122,Not eroded,0,1,1,1,1,1,1,0,0,0,0,1
5123,2.79E-01,2.69E-01,0.2903112,5,5123,Not eroded,0,1,1,1,1,1,1,0,0,0,0,1
5126,1.35E-01,1.39E-01,0.2745982,3,5126,Not eroded,0,1,1,1,1,1,1,1,0,0,1,1
5127,1.85E-01,2.52E-01,0.2388157,0,5127,Not eroded,0,1,1,1,1,0,0,1,1,1,1,1
5128,1.75E-01,2.61E-01,0.2777175,0,5128,Not eroded,0,1,1,1,1,1,1,1,1,1,1,1
5130,1.77E-01,2.17E-01,0.3171446,0,5130,ERODED,1,1,1,1,1,1,1,1,1,1,1,1
5131,1.72E-01,1.90E-01,0.3262285,0,5131,ERODED,1,1,1,1,1,1,1,1,1,1,1,1
5139,6.51E-02,1.56E-01,0.2606488,3,5139,Not eroded,0,1,1,1,1,1,1,1,0,0,1,1
5147,3.15E-01,1.91E-01,0.2177866,3,5147,Not eroded,0,1,1,0,0,0,0,1,0,0,1,1
5148,2.16E-01,1.67E-01,0.2464695,3,5148,Not eroded,0,1,1,1,1,1,0,1,0,0,1,1
5149,7.83E-02,2.39E-01,0.2628764,0,5149,ERODED,1,1,1,1,1,1,1,1,1,1,1,1
5150,8.41E-02,2.74E-01,0.2823853,0,5150,ERODED,1,1,1,1,1,1,1,1,1,1,1,1
5153,8.51E-02,2.81E-01,0.2892924,0,5153,ERODED,1,1,1,1,1,1,1,1,1,1,1,1
5154,1.38E-01,1.90E-01,0.2913403,0,5154,Not eroded,0,1,1,1,1,1,1,1,1,1,1,1
5159,6.63E-02,3.18E-01,0.2553022,5,5159,Not eroded,0,1,1,1,1,1,1,0,0,0,0,1
5161,2.88E-01,2.60E-01,0.2828664,6,5161,Not eroded,0,1,1,1,1,1,1,0,0,0,0,0
5165,2.29E-01,3.21E-01,0.2142444,4,5165,Not eroded,0,1,1,0,0,0,0,0,0,0,1,1
5167,2.62E-01,2.44E-01,0.2302008,5,5167,Not eroded,0,1,1,1,1,0,0,0,0,0,0,1
5168,7.35E-02,2.62E-01,0.2956913,0,5168,ERODED,1,1,1,1,1,1,1,1,1,1,1,1
5169,9.33E-02,1.61E-01,0.279085,0,5169,Not eroded,0,1,1,1,1,1,1,1,1,1,1,1
5171,2.04E-01,1.27E-01,0.3113476,0,5171,ERODED,1,1,1,1,1,1,1,1,1,1,1,1
5179,1.64E-01,1.99E-01,0.2429429,0,5179,Not eroded,0,1,1,1,1,1,0,1,1,1,1,1
5180,1.86E-01,2.26E-01,0.2474483,4,5180,Not eroded,0,1,1,1,1,1,0,0,0,0,1,1
5182,2.77E-01,7.51E-02,0.2335394,0,5182,Not eroded,0,1,1,1,1,0,0,1,1,1,1,1
5184,1.61E-01,2.73E-01,0.2170565,6,5184,Not eroded,0,1,1,0,0,0,0,0,0,0,0,0
5188,3.24E-01,1.66E-01,0.2904993,4,5188,Not eroded,0,1,1,1,1,1,1,0,0,0,1,1
5194,8.72E-02,7.02E-02,0.2836014,3,5194,Not eroded,0,1,1,1,1,1,1,1,0,0,1,1
5195,2.62E-01,2.69E-01,0.2173636,5,5195,Not eroded,0,1,1,0,0,0,0,0,0,0,0,1
5196,2.12E-01,1.01E-01,0.240471,5,5196,Not eroded,0,1,1,1,1,1,0,0,0,0,0,1
5199,1.62E-01,3.08E-01,0.3273816,0,5199,ERODED,1,1,1,1,1,1,1,1,1,1,1,1
5204,5.66E-02,2.34E-01,0.2695446,0,5204,ERODED,1,1,1,1,1,1,1,1,1,1,1,1
5205,2.30E-01,8.52E-02,0.309468,0,5205,ERODED,1,1,1,1,1,1,1,1,1,1,1,1
5207,2.31E-01,1.40E-01,0.320524,0,5207,ERODED,1,1,1,1,1,1,1,1,1,1,1,1
5210,1.59E-01,1.17E-01,0.2265663,4,5210,Not eroded,0,1,1,1,0,0,0,0,0,0,1,1
5211,1.19E-01,3.04E-01,0.26859,0,5211,ERODED,1,1,1,1,1,1,1,1,1,1,1,1
5213,6.04E-02,8.18E-02,0.3041623,0,5213,ERODED,1,1,1,1,1,1,1,1,1,1,1,1
5215,2.40E-01,8.99E-02,0.2927274,0,5215,ERODED,1,1,1,1,1,1,1,1,1,1,1,1
5220,2.87E-01,2.77E-01,0.2280639,5,5220,Not eroded,0,1,1,1,0,0,0,0,0,0,0,1
5221,3.08E-01,3.24E-01,0.2922058,0,5221,Not eroded,0,1,1,1,1,1,1,1,1,1,1,1
5225,3.24E-01,1.51E-01,0.2754827,3,5225,Not eroded,0,1,1,1,1,1,1,1,0,0,1,1
5227,1.98E-01,3.24E-01,0.2825951,3,5227,Not eroded,0,1,1,1,1,1,1,1,0,0,1,1
5229,2.63E-01,1.20E-01,0.3002197,0,5229,ERODED,1,1,1,1,1,1,1,1,1,1,1,1
5239,2.11E-01,5.59E-02,0.2337437,4,5239,Not eroded,0,1,1,1,1,0,0,0,0,0,1,1
5242,2.49E-01,1.59E-01,0.211986,6,5242,Not eroded,0,1,1,0,0,0,0,0,0,0,0,0
5248,7.00E-02,8.10E-02,0.2434488,5,5248,Not eroded,0,1,1,1,1,1,0,0,0,0,0,1
5253,1.21E-01,2.31E-01,0.2897535,2,5253,Not eroded,0,1,1,1,1,1,1,1,0,1,1,1
5254,9.90E-02,3.24E-01,0.2189764,4,5254,Not eroded,0,1,1,0,0,0,0,0,0,0,1,1
5256,2.32E-01,7.09E-02,0.2240175,5,5256,Not eroded,0,1,1,1,0,0,0,0,0,0,0,1
5259,1.85E-01,8.90E-02,0.2236707,0,5259,Not eroded,0,1,1,1,0,0,0,1,1,1,1,1
5260,2.42E-01,1.09E-01,0.2753792,3,5260,Not eroded,0,1,1,1,1,1,1,1,0,0,1,1
5262,1.83E-01,1.54E-01,0.2947045,0,5262,Not eroded,0,1,1,1,1,1,1,1,1,1,1,1
5266,2.16E-01,1.69E-01,0.3009671,3,5266,Not eroded,0,1,1,1,1,1,1,1,0,0,1,1
5268,1.53E-01,2.61E-01,0.2694539,0,5268,ERODED,1,1,1,1,1,1,1,1,1,1,1,1
5270,3.24E-01,5.59E-02,0.2925212,2,5270,Not eroded,0,1,1,1,1,1,1,1,0,1,1,1
5276,2.18E-01,2.03E-01,0.2699101,5,5276,Not eroded,0,1,1,1,1,1,1,0,0,0,0,1
5277,1.53E-01,6.95E-02,0.3274948,0,5277,ERODED,1,1,1,1,1,1,1,1,1,1,1,1
5279,3.14E-01,5.59E-02,0.2285921,2,5279,Not eroded,0,1,1,1,0,0,0,1,0,1,1,1
5280,1.50E-01,1.16E-01,0.2299865,4,5280,Not eroded,0,1,1,1,0,0,0,0,0,0,1,1
5282,1.27E-01,3.24E-01,0.2375095,3,5282,ERODED,1,1,1,1,1,0,0,1,0,0,1,1
5286,2.78E-01,7.03E-02,0.3097232,0,5286,ERODED,1,1,1,1,1,1,1,1,1,1,1,1
5288,2.67E-01,2.30E-01,0.2944103,4,5288,Not eroded,0,1,1,1,1,1,1,0,0,0,1,1
5289,2.46E-01,2.02E-01,0.2610702,0,5289,Not eroded,0,1,1,1,1,1,1,1,1,1,1,1
5290,3.20E-01,6.32E-02,0.287742,4,5290,Not eroded,0,1,1,1,1,1,1,0,0,0,1,1
5292,6.01E-02,3.07E-01,0.2574207,0,5292,ERODED,1,1,1,1,1,1,1,1,1,1,1,1
5295,2.15E-01,2.24E-01,0.2270275,3,5295,Not eroded,0,1,1,1,0,0,0,1,0,0,1,1
5303,1.87E-01,9.53E-02,0.252304,0,5303,Not eroded,0,1,1,1,1,1,1,1,1,1,1,1
5306,1.89E-01,6.74E-02,0.2400054,6,5306,Not eroded,0,1,1,1,1,1,0,0,0,0,0,0
5309,5.65E-02,2.35E-01,0.2487081,0,5309,ERODED,1,1,1,1,1,1,0,1,1,1,1,1
5312,1.72E-01,1.45E-01,0.251286,3,5312,Not eroded,0,1,1,1,1,1,1,1,0,0,1,1
5324,1.59E-01,7.60E-02,0.2642862,3,5324,Not eroded,0,1,1,1,1,1,1,1,0,0,1,1
5325,3.07E-01,2.14E-01,0.2206022,6,5325,Not eroded,0,1,1,1,0,0,0,0,0,0,0,0
5326,1.85E-01,1.57E-01,0.2388495,0,5326,Not eroded,0,1,1,1,1,0,0,1,1,1,1,1
5327,2.13E-01,9.32E-02,0.2481691,4,5327,Not eroded,0,1,1,1,1,1,0,0,0,0,1,1
5329,9.98E-02,1.80E-01,0.2790555,0,5329,Not eroded,0,1,1,1,1,1,1,1,1,1,1,1
5330,1.68E-01,1.46E-01,0.2401511,4,5330,Not eroded,0,1,1,1,1,1,0,0,0,0,1,1
5332,2.40E-01,2.07E-01,0.2420442,2,5332,Not eroded,0,1,1,1,1,1,0,1,0,1,1,1
5334,3.02E-01,2.54E-01,0.3043793,0,5334,Not eroded,0,1,1,1,1,1,1,1,1,1,1,1
5335,1.41E-01,1.34E-01,0.2212381,6,5335,Not eroded,0,1,1,1,0,0,0,0,0,0,0,0
5336,1.06E-01,2.54E-01,0.2827666,0,5336,ERODED,1,1,1,1,1,1,1,1,1,1,1,1
5339,1.96E-01,2.82E-01,0.2820041,4,5339,Not eroded,0,1,1,1,1,1,1,0,0,0,1,1
5340,2.89E-01,1.01E-01,0.3149542,0,5340,ERODED,1,1,1,1,1,1,1,1,1,1,1,1
5341,9.77E-02,2.33E-01,0.2151446,0,5341,Not eroded,0,1,1,0,0,0,0,1,1,1,1,1
5342,3.10E-01,1.89E-01,0.2490843,5,5342,Not eroded,0,1,1,1,1,1,0,0,0,0,0,1
5345,2.20E-01,5.59E-02,0.2264261,3,5345,Not eroded,0,1,1,1,0,0,0,1,0,0,1,1
5349,3.24E-01,2.02E-01,0.2223023,6,5349,Not eroded,0,1,1,1,0,0,0,0,0,0,0,0
5354,7.55E-02,2.43E-01,0.285239,0,5354,ERODED,1,1,1,1,1,1,1,1,1,1,1,1
5361,6.20E-02,5.67E-02,0.3080975,0,5361,ERODED,1,1,1,1,1,1,1,1,1,1,1,1
5365,2.60E-01,8.06E-02,0.2635441,3,5365,Not eroded,0,1,1,1,1,1,1,1,0,0,1,1
5366,2.63E-01,2.41E-01,0.245266,0,5366,Not eroded,0,1,1,1,1,1,0,1,1,1,1,1
5367,2.10E-01,3.24E-01,0.3092234,0,5367,ERODED,1,1,1,1,1,1,1,1,1,1,1,1
5369,2.49E-01,2.02E-01,0.2741569,0,5369,Not eroded,0,1,1,1,1,1,1,1,1,1,1,1
5371,2.94E-01,9.43E-02,0.242342,0,5371,Not eroded,0,1,1,1,1,1,0,1,1,1,1,1
5377,2.06E-01,5.57E-02,0.2506211,3,5377,Not eroded,0,1,1,1,1,1,1,1,0,0,1,1
5379,6.40E-02,2.96E-01,0.2124833,3,5379,Not eroded,0,1,1,0,0,0,0,1,0,0,1,1
5380,2.41E-01,2.49E-01,0.267892,5,5380,Not eroded,0,1,1,1,1,1,1,0,0,0,0,1
5381,1.49E-01,5.59E-02,0.2681225,0,5381,Not eroded,0,1,1,1,1,1,1,1,1,1,1,1
5383,2.08E-01,1.83E-01,0.3141484,3,5383,Not eroded,0,1,1,1,1,1,1,1,0,0,1,1
5385,1.81E-01,2.21E-01,0.2970224,0,5385,ERODED,1,1,1,1,1,1,1,1,1,1,1,1
5390,2.76E-01,2.30E-01,0.3017305,0,5390,ERODED,1,1,1,1,1,1,1,1,1,1,1,1
5393,2.38E-01,2.53E-01,0.2594036,4,5393,Not eroded,0,1,1,1,1,1,1,0,0,0,1,1
5395,1.24E-01,3.07E-01,0.3192691,0,5395,ERODED,1,1,1,1,1,1,1,1,1,1,1,1
5399,6.45E-02,2.39E-01,0.25348,0,5399,ERODED,1,1,1,1,1,1,1,1,1,1,1,1
5401,6.61E-02,1.09E-01,0.2504294,3,5401,Not eroded,0,1,1,1,1,1,1,1,0,0,1,1
5405,1.05E-01,2.97E-01,0.2251731,0,5405,Not eroded,0,1,1,1,0,0,0,1,1,1,1,1
5412,3.24E-01,1.33E-01,0.2840844,4,5412,Not eroded,0,1,1,1,1,1,1,0,0,0,1,1
5417,1.63E-01,7.18E-02,0.2208901,5,5417,Not eroded,0,1,1,1,0,0,0,0,0,0,0,1
5429,5.65E-02,2.45E-01,0.2521247,0,5429,ERODED,1,1,1,1,1,1,1,1,1,1,1,1
5430,2.57E-01,2.56E-01,0.2987519,4,5430,Not eroded,0,1,1,1,1,1,1,0,0,0,1,1
5432,5.65E-02,9.84E-02,0.2796546,3,5432,Not eroded,0,1,1,1,1,1,1,1,0,0,1,1
5433,2.53E-01,9.20E-02,0.2843792,4,5433,Not eroded,0,1,1,1,1,1,1,0,0,0,1,1
5434,2.21E-01,8.70E-02,0.29415,0,5434,ERODED,1,1,1,1,1,1,1,1,1,1,1,1
5438,1.50E-01,2.59E-01,0.2922836,0,5438,ERODED,1,1,1,1,1,1,1,1,1,1,1,1
5441,5.65E-02,3.21E-01,0.221349,3,5441,Not eroded,0,1,1,1,0,0,0,1,0,0,1,1
5444,2.65E-01,8.82E-02,0.2279828,0,5444,Not eroded,0,1,1,1,0,0,0,1,1,1,1,1
5449,2.89E-01,5.59E-02,0.2199935,3,5449,Not eroded,0,1,1,0,0,0,0,1,0,0,1,1
5450,1.68E-01,2.67E-01,0.2151046,2,5450,Not eroded,0,1,1,0,0,0,0,1,0,1,1,1
5451,3.18E-01,1.56E-01,0.2581739,7,5451,Not eroded,0,1,1,1,1,1,1,0,0,0,0,0
5454,2.52E-01,2.54E-01,0.2876398,5,5454,Not eroded,0,1,1,1,1,1,1,0,0,0,0,1
5464,8.13E-02,1.69E-01,0.3298762,0,5464,ERODED,1,1,1,1,1,1,1,1,1,1,1,1
5466,3.16E-01,1.94E-01,0.254874,4,5466,Not eroded,0,1,1,1,1,1,1,0,0,0,1,1
5473,2.40E-01,1.01E-01,0.2318654,3,5473,Not eroded,0,1,1,1,1,0,0,1,0,0,1,1
5474,3.24E-01,2.26E-01,0.3024804,0,5474,Not eroded,0,1,1,1,1,1,1,1,1,1,1,1
5479,1.27E-01,1.89E-01,0.2948128,0,5479,ERODED,1,1,1,1,1,1,1,1,1,1,1,1
5482,1.82E-01,1.34E-01,0.2911588,0,5482,ERODED,1,1,1,1,1,1,1,1,1,1,1,1
5490,1.76E-01,2.80E-01,0.2141104,3,5490,Not eroded,0,1,1,0,0,0,0,1,0,0,1,1
5492,1.69E-01,2.31E-01,0.2223013,4,5492,Not eroded,0,1,1,1,0,0,0,0,0,0,1,1
5493,3.24E-01,1.57E-01,0.265776,3,5493,Not eroded,0,1,1,1,1,1,1,1,0,0,1,1
5494,1.09E-01,2.63E-01,0.3246981,0,5494,ERODED,1,1,1,1,1,1,1,1,1,1,1,1
5495,1.45E-01,3.24E-01,0.2831344,0,5495,ERODED,1,1,1,1,1,1,1,1,1,1,1,1
5501,1.36E-01,1.36E-01,0.3320939,0,5501,ERODED,1,1,1,1,1,1,1,1,1,1,1,1
5502,2.20E-01,2.40E-01,0.2175701,2,5502,Not eroded,0,1,1,0,0,0,0,1,0,1,1,1
5505,8.20E-02,2.49E-01,0.280231,0,5505,ERODED,1,1,1,1,1,1,1,1,1,1,1,1
5507,1.29E-01,1.23E-01,0.2199685,4,5507,Not eroded,0,1,1,0,0,0,0,0,0,0,1,1
5509,2.17E-01,1.58E-01,0.2367021,0,5509,Not eroded,0,1,1,1,1,0,0,1,1,1,1,1
5510,1.97E-01,1.73E-01,0.2787931,5,5510,Not eroded,0,1,1,1,1,1,1,0,0,0,0,1
5512,1.88E-01,1.47E-01,0.2812019,0,5512,Not eroded,0,1,1,1,1,1,1,1,1,1,1,1
5513,6.48E-02,2.87E-01,0.2159062,0,5513,Not eroded,0,1,1,0,0,0,0,1,1,1,1,1
5515,1.94E-01,1.58E-01,0.2364754,3,5515,Not eroded,0,1,1,1,1,0,0,1,0,0,1,1
5518,1.82E-01,2.52E-01,0.2735383,0,5518,Not eroded,0,1,1,1,1,1,1,1,1,1,1,1
5519,3.18E-01,3.07E-01,0.2761541,0,5519,Not eroded,0,1,1,1,1,1,1,1,1,1,1,1
5522,3.24E-01,2.36E-01,0.2884026,3,5522,Not eroded,0,1,1,1,1,1,1,1,0,0,1,1
5523,3.14E-01,3.15E-01,0.2274242,0,5523,Not eroded,0,1,1,1,0,0,0,1,1,1,1,1
5524,6.46E-02,2.92E-01,0.2972049,3,5524,ERODED,1,1,1,1,1,1,1,1,0,0,1,1
5526,9.29E-02,1.78E-01,0.3153712,0,5526,ERODED,1,1,1,1,1,1,1,1,1,1,1,1
5534,2.89E-01,2.25E-01,0.2877873,0,5534,Not eroded,0,1,1,1,1,1,1,1,1,1,1,1
5535,7.58E-02,1.17E-01,0.2127658,0,5535,Not eroded,0,1,1,0,0,0,0,1,1,1,1,1
5537,2.90E-01,7.29E-02,0.2299408,3,5537,Not eroded,0,1,1,1,0,0,0,1,0,0,1,1
5542,3.24E-01,2.96E-01,0.2933537,0,5542,Not eroded,0,1,1,1,1,1,1,1,1,1,1,1
5545,1.08E-01,2.56E-01,0.2108674,5,5545,Not eroded,0,1,1,0,0,0,0,0,0,0,0,1
5552,3.15E-01,3.14E-01,0.2693535,0,5552,Not eroded,0,1,1,1,1,1,1,1,1,1,1,1
5554,2.98E-01,5.59E-02,0.2876859,4,5554,Not eroded,0,1,1,1,1,1,1,0,0,0,1,1
5556,3.06E-01,2.90E-01,0.232455,5,5556,Not eroded,0,1,1,1,1,0,0,0,0,0,0,1
5557,2.04E-01,2.94E-01,0.3225259,0,5557,ERODED,1,1,1,1,1,1,1,1,1,1,1,1
5558,2.58E-01,5.84E-02,0.2485003,4,5558,Not eroded,0,1,1,1,1,1,0,0,0,0,1,1
5559,3.24E-01,2.40E-01,0.2796469,4,5559,Not eroded,0,1,1,1,1,1,1,0,0,0,1,1
5560,1.14E-01,5.60E-02,0.2658955,0,5560,Not eroded,0,1,1,1,1,1,1,1,1,1,1,1
5561,8.83E-02,2.11E-01,0.3058592,0,5561,ERODED,1,1,1,1,1,1,1,1,1,1,1,1
5562,2.20E-01,1.51E-01,0.3120617,0,5562,ERODED,1,1,1,1,1,1,1,1,1,1,1,1
5563,3.24E-01,5.61E-02,0.2493919,0,5563,Not eroded,0,1,1,1,1,1,0,1,1,1,1,1
5564,2.26E-01,2.74E-01,0.2534735,0,5564,Not eroded,0,1,1,1,1,1,1,1,1,1,1,1
5568,3.25E-01,2.23E-01,0.2532227,4,5568,Not eroded,0,1,1,1,1,1,1,0,0,0,1,1
5569,5.65E-02,2.31E-01,0.2791665,0,5569,ERODED,1,1,1,1,1,1,1,1,1,1,1,1
5574,2.10E-01,2.04E-01,0.253343,4,5574,Not eroded,0,1,1,1,1,1,1,0,0,0,1,1
5576,6.60E-02,1.62E-01,0.2329414,0,5576,Not eroded,0,1,1,1,1,0,0,1,1,1,1,1
5577,3.00E-01,2.07E-01,0.2233741,7,5577,Not eroded,0,1,1,1,0,0,0,0,0,0,0,0
5578,3.24E-01,9.04E-02,0.2690139,3,5578,Not eroded,0,1,1,1,1,1,1,1,0,0,1,1
5583,2.66E-01,6.35E-02,0.2212011,4,5583,Not eroded,0,1,1,1,0,0,0,0,0,0,1,1
5587,2.54E-01,5.97E-02,0.2303774,6,5587,Not eroded,0,1,1,1,1,0,0,0,0,0,0,0
5596,1.97E-01,8.90E-02,0.2830619,2,5596,Not eroded,0,1,1,1,1,1,1,1,0,1,1,1
5597,2.59E-01,1.12E-01,0.280658,0,5597,Not eroded,0,1,1,1,1,1,1,1,1,1,1,1
5599,1.84E-01,5.59E-02,0.24944,4,5599,Not eroded,0,1,1,1,1,1,0,0,0,0,1,1
5603,3.06E-01,1.65E-01,0.2954916,2,5603,Not eroded,0,1,1,1,1,1,1,1,0,1,1,1
5614,1.82E-01,2.60E-01,0.2135396,3,5614,Not eroded,0,1,1,0,0,0,0,1,0,0,1,1
5618,1.08E-01,3.01E-01,0.2697895,0,5618,ERODED,1,1,1,1,1,1,1,1,1,1,1,1
5624,1.01E-01,1.24E-01,0.2148942,4,5624,Not eroded,0,1,1,0,0,0,0,0,0,0,1,1
5629,8.69E-02,2.73E-01,0.3235191,0,5629,ERODED,1,1,1,1,1,1,1,1,1,1,1,1
5631,3.25E-01,2.58E-01,0.2829687,4,5631,Not eroded,0,1,1,1,1,1,1,0,0,0,1,1
5639,2.28E-01,5.62E-02,0.315139,0,5639,ERODED,1,1,1,1,1,1,1,1,1,1,1,1
5641,1.35E-01,1.48E-01,0.2743342,4,5641,Not eroded,0,1,1,1,1,1,1,0,0,0,1,1
5644,2.63E-01,2.56E-01,0.2909604,3,5644,Not eroded,0,1,1,1,1,1,1,1,0,0,1,1
5645,1.70E-01,2.35E-01,0.2414649,0,5645,Not eroded,0,1,1,1,1,1,0,1,1,1,1,1
5646,2.30E-01,1.14E-01,0.2227803,2,5646,Not eroded,0,1,1,1,0,0,0,1,0,1,1,1
5647,5.73E-02,2.78E-01,0.2920262,0,5647,ERODED,1,1,1,1,1,1,1,1,1,1,1,1
5648,1.23E-01,2.10E-01,0.2346404,4,5648,Not eroded,0,1,1,1,1,0,0,0,0,0,1,1
5649,1.50E-01,9.26E-02,0.2603036,3,5649,Not eroded,0,1,1,1,1,1,1,1,0,0,1,1
5651,1.73E-01,5.95E-02,0.2125743,4,5651,Not eroded,0,1,1,0,0,0,0,0,0,0,1,1
5652,3.15E-01,1.19E-01,0.2347657,0,5652,Not eroded,0,1,1,1,1,0,0,1,1,1,1,1
5653,2.42E-01,2.23E-01,0.2330531,2,5653,Not eroded,0,1,1,1,1,0,0,1,0,1,1,1
5655,1.47E-01,1.29E-01,0.2274483,4,5655,Not eroded,0,1,1,1,0,0,0,0,0,0,1,1
5656,3.09E-01,2.06E-01,0.2537104,5,5656,Not eroded,0,1,1,1,1,1,1,0,0,0,0,1
5660,1.83E-01,2.12E-01,0.3011451,0,5660,ERODED,1,1,1,1,1,1,1,1,1,1,1,1
5664,2.82E-01,3.01E-01,0.2358993,4,5664,Not eroded,0,1,1,1,1,0,0,0,0,0,1,1
5666,1.24E-01,2.31E-01,0.2203108,0,5666,Not eroded,0,1,1,1,0,0,0,1,1,1,1,1
5670,1.16E-01,2.94E-01,0.2884182,0,5670,ERODED,1,1,1,1,1,1,1,1,1,1,1,1
5671,3.18E-01,3.14E-01,0.2102145,6,5671,Not eroded,0,1,1,0,0,0,0,0,0,0,0,0
5672,8.74E-02,1.67E-01,0.2306995,0,5672,Not eroded,0,1,1,1,1,0,0,1,1,1,1,1
5674,2.48E-01,2.05E-01,0.2366616,0,5674,Not eroded,0,1,1,1,1,0,0,1,1,1,1,1
5678,1.23E-01,2.51E-01,0.2486405,0,5678,ERODED,1,1,1,1,1,1,0,1,1,1,1,1
5679,1.05E-01,2.27E-01,0.2216049,4,5679,Not eroded,0,1,1,1,0,0,0,0,0,0,1,1
5680,7.11E-02,2.02E-01,0.3256522,0,5680,ERODED,1,1,1,1,1,1,1,1,1,1,1,1
5683,1.08E-01,1.83E-01,0.289882,0,5683,Not eroded,0,1,1,1,1,1,1,1,1,1,1,1
5686,9.24E-02,1.59E-01,0.2926665,0,5686,ERODED,1,1,1,1,1,1,1,1,1,1,1,1
5689,1.09E-01,1.20E-01,0.2407957,4,5689,Not eroded,0,1,1,1,1,1,0,0,0,0,1,1
5695,1.92E-01,1.84E-01,0.323521,0,5695,ERODED,1,1,1,1,1,1,1,1,1,1,1,1
5698,1.31E-01,2.47E-01,0.2617364,0,5698,Not eroded,0,1,1,1,1,1,1,1,1,1,1,1
5700,1.90E-01,5.80E-02,0.3008919,0,5700,ERODED,1,1,1,1,1,1,1,1,1,1,1,1
5701,2.18E-01,1.91E-01,0.2348738,4,5701,Not eroded,0,1,1,1,1,0,0,0,0,0,1,1
5705,1.77E-01,5.75E-02,0.2561003,5,5705,Not eroded,0,1,1,1,1,1,1,0,0,0,0,1
5706,8.68E-02,2.30E-01,0.2817035,0,5706,ERODED,1,1,1,1,1,1,1,1,1,1,1,1
5707,2.54E-01,2.72E-01,0.2112592,4,5707,Not eroded,0,1,1,0,0,0,0,0,0,0,1,1
5712,2.89E-01,2.21E-01,0.2564896,3,5712,Not eroded,0,1,1,1,1,1,1,1,0,0,1,1
5715,1.67E-01,8.03E-02,0.2169627,6,5715,Not eroded,0,1,1,0,0,0,0,0,0,0,0,0
5718,9.21E-02,1.52E-01,0.2849275,0,5718,Not eroded,0,1,1,1,1,1,1,1,1,1,1,1
5720,3.25E-01,2.93E-01,0.2349828,5,5720,Not eroded,0,1,1,1,1,0,0,0,0,0,0,1
5724,2.58E-01,2.47E-01,0.2946734,0,5724,Not eroded,0,1,1,1,1,1,1,1,1,1,1,1
5727,2.09E-01,2.52E-01,0.2559216,4,5727,Not eroded,0,1,1,1,1,1,1,0,0,0,1,1
5730,2.80E-01,2.47E-01,0.2977833,0,5730,Not eroded,0,1,1,1,1,1,1,1,1,1,1,1
5736,1.89E-01,9.89E-02,0.3234921,0,5736,ERODED,1,1,1,1,1,1,1,1,1,1,1,1
5738,1.46E-01,3.18E-01,0.2283314,4,5738,ERODED,1,1,1,1,0,0,0,0,0,0,1,1
5740,3.18E-01,3.05E-01,0.3249362,0,5740,ERODED,1,1,1,1,1,1,1,1,1,1,1,1
5741,1.44E-01,3.18E-01,0.265695,0,5741,ERODED,1,1,1,1,1,1,1,1,1,1,1,1
5744,9.01E-02,2.86E-01,0.2719396,0,5744,ERODED,1,1,1,1,1,1,1,1,1,1,1,1
5746,3.15E-01,2.71E-01,0.2539974,4,5746,Not eroded,0,1,1,1,1,1,1,0,0,0,1,1
5747,2.32E-01,2.47E-01,0.2972452,3,5747,Not eroded,0,1,1,1,1,1,1,1,0,0,1,1
5757,7.79E-02,1.64E-01,0.284518,0,5757,Not eroded,0,1,1,1,1,1,1,1,1,1,1,1
5760,2.52E-01,1.30E-01,0.261091,3,5760,Not eroded,0,1,1,1,1,1,1,1,0,0,1,1
5763,2.53E-01,1.84E-01,0.2142236,4,5763,Not eroded,0,1,1,0,0,0,0,0,0,0,1,1
5765,5.71E-02,2.18E-01,0.3238871,0,5765,ERODED,1,1,1,1,1,1,1,1,1,1,1,1
5770,2.49E-01,1.16E-01,0.2472515,5,5770,Not eroded,0,1,1,1,1,1,0,0,0,0,0,1
5773,9.12E-02,2.94E-01,0.2110062,6,5773,Not eroded,0,1,1,0,0,0,0,0,0,0,0,0
5774,2.36E-01,1.52E-01,0.2962544,0,5774,ERODED,1,1,1,1,1,1,1,1,1,1,1,1
5775,9.59E-02,2.09E-01,0.2233675,5,5775,Not eroded,0,1,1,1,0,0,0,0,0,0,0,1
5777,1.97E-01,1.36E-01,0.2784677,0,5777,Not eroded,0,1,1,1,1,1,1,1,1,1,1,1
5778,1.73E-01,2.70E-01,0.2942227,0,5778,Not eroded,0,1,1,1,1,1,1,1,1,1,1,1
5784,2.83E-01,2.45E-01,0.2871547,5,5784,Not eroded,0,1,1,1,1,1,1,0,0,0,0,1
5787,2.91E-01,1.64E-01,0.2613279,4,5787,Not eroded,0,1,1,1,1,1,1,0,0,0,1,1
5790,3.24E-01,2.71E-01,0.2262501,0,5790,Not eroded,0,1,1,1,0,0,0,1,1,1,1,1
5795,2.79E-01,3.24E-01,0.2976076,0,5795,Not eroded,0,1,1,1,1,1,1,1,1,1,1,1
5797,1.86E-01,2.37E-01,0.3242534,0,5797,Not eroded,0,1,1,1,1,1,1,1,1,1,1,1
5802,1.16E-01,1.17E-01,0.2338318,5,5802,Not eroded,0,1,1,1,1,0,0,0,0,0,0,1
5806,1.72E-01,2.31E-01,0.2318797,4,5806,Not eroded,0,1,1,1,1,0,0,0,0,0,1,1
5808,5.65E-02,7.29E-02,0.287416,0,5808,ERODED,1,1,1,1,1,1,1,1,1,1,1,1
5811,2.79E-01,5.59E-02,0.2819084,3,5811,Not eroded,0,1,1,1,1,1,1,1,0,0,1,1
5813,2.72E-01,2.14E-01,0.3248855,0,5813,ERODED,1,1,1,1,1,1,1,1,1,1,1,1
5817,1.20E-01,3.24E-01,0.3298271,0,5817,ERODED,1,1,1,1,1,1,1,1,1,1,1,1
5824,6.40E-02,2.85E-01,0.3039498,3,5824,ERODED,1,1,1,1,1,1,1,1,0,0,1,1
5825,9.42E-02,1.54E-01,0.2599405,3,5825,Not eroded,0,1,1,1,1,1,1,1,0,0,1,1
5830,1.74E-01,1.05E-01,0.2244951,3,5830,Not eroded,0,1,1,1,0,0,0,1,0,0,1,1
5834,1.40E-01,3.24E-01,0.2223219,4,5834,Not eroded,0,1,1,1,0,0,0,0,0,0,1,1
5838,1.68E-01,9.41E-02,0.292936,0,5838,Not eroded,0,1,1,1,1,1,1,1,1,1,1,1
5841,2.16E-01,1.74E-01,0.2396552,4,5841,Not eroded,0,1,1,1,1,0,0,0,0,0,1,1
5845,2.96E-01,1.02E-01,0.3226521,0,5845,ERODED,1,1,1,1,1,1,1,1,1,1,1,1
5851,1.27E-01,1.77E-01,0.3120029,0,5851,ERODED,1,1,1,1,1,1,1,1,1,1,1,1
5853,1.91E-01,1.94E-01,0.2982382,0,5853,Not eroded,0,1,1,1,1,1,1,1,1,1,1,1
5857,3.24E-01,5.60E-02,0.2314296,0,5857,Not eroded,0,1,1,1,1,0,0,1,1,1,1,1
5858,1.89E-01,2.95E-01,0.2436903,0,5858,Not eroded,0,1,1,1,1,1,0,1,1,1,1,1
5860,1.11E-01,2.48E-01,0.225762,4,5860,Not eroded,0,1,1,1,0,0,0,0,0,0,1,1
5863,1.66E-01,1.40E-01,0.2102512,4,5863,Not eroded,0,1,1,0,0,0,0,0,0,0,1,1
5866,3.13E-01,2.72E-01,0.2377118,4,5866,Not eroded,0,1,1,1,1,0,0,0,0,0,1,1
5868,1.55E-01,6.03E-02,0.2125204,5,5868,Not eroded,0,1,1,0,0,0,0,0,0,0,0,1
5869,2.22E-01,1.22E-01,0.2103804,0,5869,Not eroded,0,1,1,0,0,0,0,1,1,1,1,1
5870,7.55E-02,1.15E-01,0.2237994,6,5870,Not eroded,0,1,1,1,0,0,0,0,0,0,0,0
5876,5.65E-02,1.83E-01,0.2334045,3,5876,Not eroded,0,1,1,1,1,0,0,1,0,0,1,1
5879,1.65E-01,3.19E-01,0.3221858,0,5879,ERODED,1,1,1,1,1,1,1,1,1,1,1,1
5881,5.66E-02,2.46E-01,0.288827,0,5881,ERODED,1,1,1,1,1,1,1,1,1,1,1,1
5883,1.05E-01,2.73E-01,0.2793024,0,5883,ERODED,1,1,1,1,1,1,1,1,1,1,1,1
5888,2.65E-01,1.35E-01,0.2429833,4,5888,Not eroded,0,1,1,1,1,1,0,0,0,0,1,1
5889,1.67E-01,1.34E-01,0.2813369,0,5889,ERODED,1,1,1,1,1,1,1,1,1,1,1,1
5891,2.85E-01,1.11E-01,0.3055685,0,5891,ERODED,1,1,1,1,1,1,1,1,1,1,1,1
5893,9.36E-02,2.71E-01,0.2848646,0,5893,ERODED,1,1,1,1,1,1,1,1,1,1,1,1
5894,2.71E-01,1.05E-01,0.2193136,0,5894,Not eroded,0,1,1,0,0,0,0,1,1,1,1,1
5897,2.43E-01,1.58E-01,0.3044692,0,5897,ERODED,1,1,1,1,1,1,1,1,1,1,1,1
5903,2.35E-01,3.24E-01,0.221564,4,5903,Not eroded,0,1,1,1,0,0,0,0,0,0,1,1
5904,1.57E-01,2.36E-01,0.2914633,0,5904,ERODED,1,1,1,1,1,1,1,1,1,1,1,1
5909,2.82E-01,1.41E-01,0.2117285,2,5909,Not eroded,0,1,1,0,0,0,0,1,0,1,1,1
5911,2.99E-01,2.47E-01,0.2951352,0,5911,Not eroded,0,1,1,1,1,1,1,1,1,1,1,1
5916,1.28E-01,9.13E-02,0.2888885,0,5916,ERODED,1,1,1,1,1,1,1,1,1,1,1,1
5918,1.84E-01,9.94E-02,0.230986,0,5918,Not eroded,0,1,1,1,1,0,0,1,1,1,1,1
5919,3.01E-01,1.77E-01,0.2380645,5,5919,Not eroded,0,1,1,1,1,0,0,0,0,0,0,1
5920,2.59E-01,5.63E-02,0.2830097,4,5920,Not eroded,0,1,1,1,1,1,1,0,0,0,1,1
5922,6.98E-02,8.88E-02,0.2372253,6,5922,Not eroded,0,1,1,1,1,0,0,0,0,0,0,0
5923,1.04E-01,5.79E-02,0.2669397,3,5923,Not eroded,0,1,1,1,1,1,1,1,0,0,1,1
5925,5.67E-02,2.60E-01,0.3170943,0,5925,ERODED,1,1,1,1,1,1,1,1,1,1,1,1
5926,1.69E-01,1.53E-01,0.2556847,4,5926,Not eroded,0,1,1,1,1,1,1,0,0,0,1,1
5927,1.79E-01,2.05E-01,0.3072955,0,5927,ERODED,1,1,1,1,1,1,1,1,1,1,1,1
5928,3.10E-01,1.31E-01,0.2913524,4,5928,Not eroded,0,1,1,1,1,1,1,0,0,0,1,1
5933,2.25E-01,2.43E-01,0.3034892,4,5933,Not eroded,0,1,1,1,1,1,1,0,0,0,1,1
5935,1.57E-01,3.24E-01,0.3172783,0,5935,ERODED,1,1,1,1,1,1,1,1,1,1,1,1
5939,9.79E-02,3.12E-01,0.2242477,4,5939,Not eroded,0,1,1,1,0,0,0,0,0,0,1,1
5941,9.46E-02,1.34E-01,0.2587294,2,5941,Not eroded,0,1,1,1,1,1,1,1,0,1,1,1
5942,1.84E-01,1.82E-01,0.2950732,5,5942,Not eroded,0,1,1,1,1,1,1,0,0,0,0,1
5946,1.16E-01,2.60E-01,0.2399689,0,5946,ERODED,1,1,1,1,1,0,0,1,1,1,1,1
5947,1.25E-01,3.24E-01,0.2790959,0,5947,ERODED,1,1,1,1,1,1,1,1,1,1,1,1
5948,1.36E-01,3.15E-01,0.2261773,5,5948,Not eroded,0,1,1,1,0,0,0,0,0,0,0,1
5950,1.78E-01,2.32E-01,0.246589,4,5950,Not eroded,0,1,1,1,1,1,0,0,0,0,1,1
5951,2.79E-01,2.25E-01,0.325128,0,5951,ERODED,1,1,1,1,1,1,1,1,1,1,1,1
5957,1.51E-01,2.69E-01,0.2954867,0,5957,ERODED,1,1,1,1,1,1,1,1,1,1,1,1
5958,9.70E-02,1.23E-01,0.2960679,0,5958,ERODED,1,1,1,1,1,1,1,1,1,1,1,1
5960,2.23E-01,3.24E-01,0.3166745,0,5960,ERODED,1,1,1,1,1,1,1,1,1,1,1,1
5961,1.78E-01,3.24E-01,0.2917358,0,5961,ERODED,1,1,1,1,1,1,1,1,1,1,1,1
5963,5.65E-02,1.17E-01,0.2284924,3,5963,Not eroded,0,1,1,1,0,0,0,1,0,0,1,1
5966,6.32E-02,3.16E-01,0.2892245,3,5966,Not eroded,0,1,1,1,1,1,1,1,0,0,1,1
5967,2.61E-01,2.91E-01,0.2387809,3,5967,Not eroded,0,1,1,1,1,0,0,1,0,0,1,1
5969,2.17E-01,1.98E-01,0.2997021,2,5969,Not eroded,0,1,1,1,1,1,1,1,0,1,1,1
5970,9.46E-02,1.67E-01,0.2427041,0,5970,Not eroded,0,1,1,1,1,1,0,1,1,1,1,1
5974,1.99E-01,2.84E-01,0.3054453,0,5974,ERODED,1,1,1,1,1,1,1,1,1,1,1,1
5975,3.16E-01,1.27E-01,0.2840565,0,5975,Not eroded,0,1,1,1,1,1,1,1,1,1,1,1
5979,2.04E-01,2.35E-01,0.2509393,2,5979,Not eroded,0,1,1,1,1,1,1,1,0,1,1,1
5980,1.23E-01,2.10E-01,0.2236719,0,5980,Not eroded,0,1,1,1,0,0,0,1,1,1,1,1
5982,3.04E-01,6.54E-02,0.2113576,0,5982,Not eroded,0,1,1,0,0,0,0,1,1,1,1,1
5984,2.19E-01,3.09E-01,0.2554819,0,5984,Not eroded,0,1,1,1,1,1,1,1,1,1,1,1
5986,1.08E-01,9.33E-02,0.2547132,0,5986,Not eroded,0,1,1,1,1,1,1,1,1,1,1,1
5991,2.34E-01,1.06E-01,0.2379535,5,5991,Not eroded,0,1,1,1,1,0,0,0,0,0,0,1
5993,1.44E-01,1.73E-01,0.2392149,3,5993,Not eroded,0,1,1,1,1,0,0,1,0,0,1,1
5995,8.13E-02,2.04E-01,0.3271327,0,5995,ERODED,1,1,1,1,1,1,1,1,1,1,1,1
6000,1.87E-01,2.76E-01,0.325109,0,6000,ERODED,1,1,1,1,1,1,1,1,1,1,1,1
6003,2.03E-01,2.87E-01,0.2884887,2,6003,Not eroded,0,1,1,1,1,1,1,1,0,1,1,1
6006,3.24E-01,2.86E-01,0.2472173,4,6006,Not eroded,0,1,1,1,1,1,0,0,0,0,1,1
6008,3.16E-01,7.51E-02,0.24383,3,6008,Not eroded,0,1,1,1,1,1,0,1,0,0,1,1
6010,1.29E-01,1.84E-01,0.2210645,0,6010,Not eroded,0,1,1,1,0,0,0,1,1,1,1,1
6011,1.52E-01,1.74E-01,0.2448689,0,6011,Not eroded,0,1,1,1,1,1,0,1,1,1,1,1
6013,1.97E-01,3.22E-01,0.211441,2,6013,Not eroded,0,1,1,0,0,0,0,1,0,1,1,1
6018,2.05E-01,1.70E-01,0.2429065,5,6018,Not eroded,0,1,1,1,1,1,0,0,0,0,0,1
6021,2.34E-01,2.59E-01,0.296399,4,6021,Not eroded,0,1,1,1,1,1,1,0,0,0,1,1
6024,3.24E-01,1.86E-01,0.252831,4,6024,Not eroded,0,1,1,1,1,1,1,0,0,0,1,1
6027,2.73E-01,1.88E-01,0.319398,0,6027,ERODED,1,1,1,1,1,1,1,1,1,1,1,1
6028,3.06E-01,2.25E-01,0.2476262,5,6028,Not eroded,0,1,1,1,1,1,0,0,0,0,0,1
6032,6.67E-02,1.21E-01,0.2143161,3,6032,Not eroded,0,1,1,0,0,0,0,1,0,0,1,1
6034,1.15E-01,2.07E-01,0.2290892,0,6034,Not eroded,0,1,1,1,0,0,0,1,1,1,1,1
6040,3.05E-01,2.85E-01,0.2517608,5,6040,Not eroded,0,1,1,1,1,1,1,0,0,0,0,1
6046,1.77E-01,1.84E-01,0.2521151,4,6046,Not eroded,0,1,1,1,1,1,1,0,0,0,1,1
6052,9.91E-02,2.14E-01,0.2401007,4,6052,Not eroded,0,1,1,1,1,1,0,0,0,0,1,1
6054,2.54E-01,5.59E-02,0.2917172,4,6054,Not eroded,0,1,1,1,1,1,1,0,0,0,1,1
6055,3.11E-01,9.29E-02,0.2776516,2,6055,Not eroded,0,1,1,1,1,1,1,1,0,1,1,1
6061,2.34E-01,2.44E-01,0.2847967,4,6061,Not eroded,0,1,1,1,1,1,1,0,0,0,1,1
6063,1.01E-01,2.30E-01,0.2915229,0,6063,ERODED,1,1,1,1,1,1,1,1,1,1,1,1
6064,2.39E-01,5.59E-02,0.2519755,3,6064,Not eroded,0,1,1,1,1,1,1,1,0,0,1,1
6069,3.24E-01,3.01E-01,0.2727022,0,6069,Not eroded,0,1,1,1,1,1,1,1,1,1,1,1
6070,2.49E-01,2.16E-01,0.232741,0,6070,Not eroded,0,1,1,1,1,0,0,1,1,1,1,1
6075,2.19E-01,3.24E-01,0.2127714,3,6075,Not eroded,0,1,1,0,0,0,0,1,0,0,1,1
6076,1.20E-01,3.09E-01,0.2917206,0,6076,ERODED,1,1,1,1,1,1,1,1,1,1,1,1
6090,9.49E-02,2.35E-01,0.2853344,0,6090,ERODED,1,1,1,1,1,1,1,1,1,1,1,1
6092,2.51E-01,2.59E-01,0.2639753,5,6092,Not eroded,0,1,1,1,1,1,1,0,0,0,0,1
6093,2.05E-01,2.65E-01,0.2195222,0,6093,Not eroded,0,1,1,0,0,0,0,1,1,1,1,1
6098,2.49E-01,2.46E-01,0.2320835,0,6098,Not eroded,0,1,1,1,1,0,0,1,1,1,1,1
6100,2.01E-01,1.86E-01,0.2120585,3,6100,Not eroded,0,1,1,0,0,0,0,1,0,0,1,1
6103,2.83E-01,2.81E-01,0.2922708,3,6103,Not eroded,0,1,1,1,1,1,1,1,0,0,1,1
6110,1.03E-01,8.38E-02,0.2331053,5,6110,Not eroded,0,1,1,1,1,0,0,0,0,0,0,1
6111,8.06E-02,2.51E-01,0.2635665,0,6111,ERODED,1,1,1,1,1,1,1,1,1,1,1,1
6113,9.09E-02,1.22E-01,0.2126101,4,6113,Not eroded,0,1,1,0,0,0,0,0,0,0,1,1
6115,1.97E-01,1.77E-01,0.2197739,4,6115,Not eroded,0,1,1,0,0,0,0,0,0,0,1,1
6117,1.36E-01,1.90E-01,0.2329043,3,6117,Not eroded,0,1,1,1,1,0,0,1,0,0,1,1
6119,2.04E-01,2.53E-01,0.3157574,0,6119,ERODED,1,1,1,1,1,1,1,1,1,1,1,1
6126,2.59E-01,9.56E-02,0.22733,0,6126,Not eroded,0,1,1,1,0,0,0,1,1,1,1,1
6127,2.63E-01,8.93E-02,0.2178156,0,6127,Not eroded,0,1,1,0,0,0,0,1,1,1,1,1
6132,1.51E-01,3.17E-01,0.2805402,0,6132,ERODED,1,1,1,1,1,1,1,1,1,1,1,1
6133,3.15E-01,2.01E-01,0.2138269,3,6133,Not eroded,0,1,1,0,0,0,0,1,0,0,1,1
6134,2.36E-01,1.49E-01,0.2713213,0,6134,Not eroded,0,1,1,1,1,1,1,1,1,1,1,1
6135,7.97E-02,2.53E-01,0.2512654,0,6135,ERODED,1,1,1,1,1,1,1,1,1,1,1,1
6136,2.64E-01,6.55E-02,0.2340685,3,6136,Not eroded,0,1,1,1,1,0,0,1,0,0,1,1
6139,3.17E-01,2.38E-01,0.2191306,4,6139,Not eroded,0,1,1,0,0,0,0,0,0,0,1,1
6142,3.25E-01,1.94E-01,0.2794764,4,6142,Not eroded,0,1,1,1,1,1,1,0,0,0,1,1
6149,2.11E-01,1.77E-01,0.2475203,5,6149,Not eroded,0,1,1,1,1,1,0,0,0,0,0,1
6151,1.08E-01,2.90E-01,0.2702296,0,6151,ERODED,1,1,1,1,1,1,1,1,1,1,1,1
6153,2.03E-01,2.36E-01,0.3162565,0,6153,ERODED,1,1,1,1,1,1,1,1,1,1,1,1
6156,1.77E-01,1.64E-01,0.3000593,0,6156,ERODED,1,1,1,1,1,1,1,1,1,1,1,1
6157,2.17E-01,3.16E-01,0.3102915,0,6157,ERODED,1,1,1,1,1,1,1,1,1,1,1,1
6163,2.27E-01,8.51E-02,0.2585222,2,6163,Not eroded,0,1,1,1,1,1,1,1,0,1,1,1
6164,2.01E-01,9.72E-02,0.2571724,0,6164,Not eroded,0,1,1,1,1,1,1,1,1,1,1,1
6167,5.65E-02,2.98E-01,0.2826639,3,6167,ERODED,1,1,1,1,1,1,1,1,0,0,1,1
6168,1.72E-01,7.63E-02,0.2729854,5,6168,Not eroded,0,1,1,1,1,1,1,0,0,0,0,1
6169,5.65E-02,1.99E-01,0.2828878,0,6169,Not eroded,0,1,1,1,1,1,1,1,1,1,1,1
6172,2.99E-01,2.62E-01,0.278484,6,6172,Not eroded,0,1,1,1,1,1,1,0,0,0,0,0
6174,2.81E-01,2.84E-01,0.2733498,6,6174,Not eroded,0,1,1,1,1,1,1,0,0,0,0,0
6176,2.87E-01,1.10E-01,0.265197,5,6176,Not eroded,0,1,1,1,1,1,1,0,0,0,0,1
6179,2.86E-01,2.28E-01,0.2497447,4,6179,Not eroded,0,1,1,1,1,1,0,0,0,0,1,1
6180,1.01E-01,1.16E-01,0.2713344,0,6180,Not eroded,0,1,1,1,1,1,1,1,1,1,1,1
6181,1.26E-01,2.02E-01,0.2289602,4,6181,Not eroded,0,1,1,1,0,0,0,0,0,0,1,1
6183,5.65E-02,2.31E-01,0.2578724,0,6183,ERODED,1,1,1,1,1,1,1,1,1,1,1,1
6188,1.16E-01,2.83E-01,0.2182681,0,6188,Not eroded,0,1,1,0,0,0,0,1,1,1,1,1
6197,2.71E-01,1.22E-01,0.2947211,0,6197,ERODED,1,1,1,1,1,1,1,1,1,1,1,1
6201,2.55E-01,1.12E-01,0.2626391,0,6201,Not eroded,0,1,1,1,1,1,1,1,1,1,1,1
6205,1.79E-01,1.48E-01,0.2644998,0,6205,Not eroded,0,1,1,1,1,1,1,1,1,1,1,1
6216,1.80E-01,1.80E-01,0.2108317,4,6216,Not eroded,0,1,1,0,0,0,0,0,0,0,1,1
6222,1.12E-01,9.63E-02,0.2313386,3,6222,Not eroded,0,1,1,1,1,0,0,1,0,0,1,1
6224,3.15E-01,1.43E-01,0.224167,4,6224,Not eroded,0,1,1,1,0,0,0,0,0,0,1,1
6233,5.68E-02,5.72E-02,0.3280151,0,6233,ERODED,1,1,1,1,1,1,1,1,1,1,1,1
6234,1.03E-01,2.79E-01,0.2540978,0,6234,ERODED,1,1,1,1,1,1,1,1,1,1,1,1
6237,1.87E-01,2.34E-01,0.2404856,5,6237,Not eroded,0,1,1,1,1,1,0,0,0,0,0,1
6238,3.24E-01,2.43E-01,0.2404182,3,6238,Not eroded,0,1,1,1,1,1,0,1,0,0,1,1
6240,2.86E-01,7.43E-02,0.2962216,3,6240,Not eroded,0,1,1,1,1,1,1,1,0,0,1,1
6241,1.26E-01,1.27E-01,0.2110117,2,6241,Not eroded,0,1,1,0,0,0,0,1,0,1,1,1
6242,1.90E-01,6.40E-02,0.2862916,0,6242,ERODED,1,1,1,1,1,1,1,1,1,1,1,1
6243,3.24E-01,1.99E-01,0.2317873,6,6243,Not eroded,0,1,1,1,1,0,0,0,0,0,0,0
6249,2.39E-01,1.33E-01,0.3190122,0,6249,ERODED,1,1,1,1,1,1,1,1,1,1,1,1
6252,2.32E-01,3.24E-01,0.2547299,3,6252,Not eroded,0,1,1,1,1,1,1,1,0,0,1,1
6256,1.92E-01,1.10E-01,0.2563382,0,6256,Not eroded,0,1,1,1,1,1,1,1,1,1,1,1
6259,3.19E-01,3.10E-01,0.2860249,0,6259,Not eroded,0,1,1,1,1,1,1,1,1,1,1,1
6261,1.84E-01,9.62E-02,0.2702015,0,6261,Not eroded,0,1,1,1,1,1,1,1,1,1,1,1
6262,2.85E-01,2.71E-01,0.2613672,5,6262,Not eroded,0,1,1,1,1,1,1,0,0,0,0,1
6264,2.81E-01,2.54E-01,0.2834267,5,6264,Not eroded,0,1,1,1,1,1,1,0,0,0,0,1
6266,1.08E-01,3.07E-01,0.2218762,5,6266,Not eroded,0,1,1,1,0,0,0,0,0,0,0,1
6267,5.65E-02,1.94E-01,0.2739438,0,6267,Not eroded,0,1,1,1,1,1,1,1,1,1,1,1
6269,8.16E-02,3.15E-01,0.214831,6,6269,Not eroded,0,1,1,0,0,0,0,0,0,0,0,0
6272,2.90E-01,1.88E-01,0.2878073,2,6272,Not eroded,0,1,1,1,1,1,1,1,0,1,1,1
6275,3.25E-01,2.04E-01,0.2649933,3,6275,Not eroded,0,1,1,1,1,1,1,1,0,0,1,1
6276,2.90E-01,2.19E-01,0.2458176,4,6276,Not eroded,0,1,1,1,1,1,0,0,0,0,1,1
6280,2.12E-01,1.93E-01,0.2434024,0,6280,Not eroded,0,1,1,1,1,1,0,1,1,1,1,1
6285,3.16E-01,1.63E-01,0.2520885,6,6285,Not eroded,0,1,1,1,1,1,1,0,0,0,0,0
6286,9.42E-02,1.32E-01,0.3227427,0,6286,ERODED,1,1,1,1,1,1,1,1,1,1,1,1
6288,2.18E-01,1.55E-01,0.3268115,0,6288,ERODED,1,1,1,1,1,1,1,1,1,1,1,1
6292,2.17E-01,2.04E-01,0.2600462,4,6292,Not eroded,0,1,1,1,1,1,1,0,0,0,1,1
6293,1.58E-01,1.74E-01,0.2532755,0,6293,Not eroded,0,1,1,1,1,1,1,1,1,1,1,1
6296,9.44E-02,1.31E-01,0.2157384,5,6296,Not eroded,0,1,1,0,0,0,0,0,0,0,0,1
6298,2.89E-01,2.65E-01,0.2972032,6,6298,Not eroded,0,1,1,1,1,1,1,0,0,0,0,0
6302,2.05E-01,1.86E-01,0.277305,3,6302,Not eroded,0,1,1,1,1,1,1,1,0,0,1,1
6303,8.79E-02,5.59E-02,0.2888506,0,6303,Not eroded,0,1,1,1,1,1,1,1,1,1,1,1
6307,2.81E-01,2.39E-01,0.2180119,4,6307,Not eroded,0,1,1,0,0,0,0,0,0,0,1,1
6308,2.51E-01,1.96E-01,0.2842096,0,6308,Not eroded,0,1,1,1,1,1,1,1,1,1,1,1
6316,7.22E-02,1.62E-01,0.2409857,0,6316,Not eroded,0,1,1,1,1,1,0,1,1,1,1,1
6318,5.71E-02,2.60E-01,0.2409804,0,6318,ERODED,1,1,1,1,1,1,0,1,1,1,1,1
6321,2.49E-01,1.74E-01,0.2246944,4,6321,Not eroded,0,1,1,1,0,0,0,0,0,0,1,1
6322,1.77E-01,6.82E-02,0.2303596,5,6322,Not eroded,0,1,1,1,1,0,0,0,0,0,0,1
6324,1.81E-01,2.64E-01,0.2225483,0,6324,Not eroded,0,1,1,1,0,0,0,1,1,1,1,1
6325,3.15E-01,1.41E-01,0.2630674,4,6325,Not eroded,0,1,1,1,1,1,1,0,0,0,1,1
6326,1.37E-01,3.06E-01,0.2631284,0,6326,ERODED,1,1,1,1,1,1,1,1,1,1,1,1
6328,5.80E-02,1.22E-01,0.2699229,4,6328,Not eroded,0,1,1,1,1,1,1,0,0,0,1,1
6334,2.00E-01,2.80E-01,0.2171436,0,6334,Not eroded,0,1,1,0,0,0,0,1,1,1,1,1
6337,2.34E-01,2.06E-01,0.2514614,4,6337,Not eroded,0,1,1,1,1,1,1,0,0,0,1,1
6338,3.25E-01,2.72E-01,0.2860943,3,6338,Not eroded,0,1,1,1,1,1,1,1,0,0,1,1
6339,1.70E-01,1.42E-01,0.2640222,0,6339,Not eroded,0,1,1,1,1,1,1,1,1,1,1,1
6340,3.18E-01,2.07E-01,0.2904016,4,6340,Not eroded,0,1,1,1,1,1,1,0,0,0,1,1
6346,2.40E-01,2.66E-01,0.2921484,5,6346,Not eroded,0,1,1,1,1,1,1,0,0,0,0,1
6348,2.11E-01,1.84E-01,0.3238405,0,6348,Not eroded,0,1,1,1,1,1,1,1,1,1,1,1
6350,2.32E-01,1.49E-01,0.3072047,0,6350,ERODED,1,1,1,1,1,1,1,1,1,1,1,1
6353,5.64E-02,3.23E-01,0.2886451,2,6353,Not eroded,0,1,1,1,1,1,1,1,0,1,1,1
6360,8.98E-02,5.59E-02,0.2727626,4,6360,Not eroded,0,1,1,1,1,1,1,0,0,0,1,1
6361,2.07E-01,1.86E-01,0.2338097,0,6361,Not eroded,0,1,1,1,1,0,0,1,1,1,1,1
6362,8.91E-02,1.22E-01,0.2571478,2,6362,Not eroded,0,1,1,1,1,1,1,1,0,1,1,1
6363,7.87E-02,2.60E-01,0.2804491,0,6363,ERODED,1,1,1,1,1,1,1,1,1,1,1,1
6364,8.06E-02,2.45E-01,0.2714075,0,6364,ERODED,1,1,1,1,1,1,1,1,1,1,1,1
6366,1.40E-01,7.30E-02,0.2473075,3,6366,Not eroded,0,1,1,1,1,1,0,1,0,0,1,1
6371,2.86E-01,1.41E-01,0.3178378,0,6371,ERODED,1,1,1,1,1,1,1,1,1,1,1,1
6372,2.36E-01,3.24E-01,0.2857503,0,6372,ERODED,1,1,1,1,1,1,1,1,1,1,1,1
6375,2.25E-01,3.12E-01,0.2148926,4,6375,Not eroded,0,1,1,0,0,0,0,0,0,0,1,1
6376,3.24E-01,7.84E-02,0.2740865,0,6376,Not eroded,0,1,1,1,1,1,1,1,1,1,1,1
6379,3.18E-01,8.08E-02,0.2666093,0,6379,Not eroded,0,1,1,1,1,1,1,1,1,1,1,1
6381,5.65E-02,1.55E-01,0.2657341,3,6381,Not eroded,0,1,1,1,1,1,1,1,0,0,1,1
6382,3.01E-01,2.02E-01,0.2151781,4,6382,Not eroded,0,1,1,0,0,0,0,0,0,0,1,1
6383,2.77E-01,3.17E-01,0.2479668,5,6383,Not eroded,0,1,1,1,1,1,0,0,0,0,0,1
6386,1.21E-01,1.06E-01,0.2194531,4,6386,Not eroded,0,1,1,0,0,0,0,0,0,0,1,1
6389,1.26E-01,3.16E-01,0.2211373,4,6389,ERODED,1,1,1,1,0,0,0,0,0,0,1,1
6390,1.99E-01,1.06E-01,0.2622002,0,6390,Not eroded,0,1,1,1,1,1,1,1,1,1,1,1
6391,3.25E-01,1.58E-01,0.2354987,2,6391,Not eroded,0,1,1,1,1,0,0,1,0,1,1,1
6396,3.24E-01,8.56E-02,0.2602721,3,6396,Not eroded,0,1,1,1,1,1,1,1,0,0,1,1
6401,1.86E-01,1.32E-01,0.2625595,0,6401,Not eroded,0,1,1,1,1,1,1,1,1,1,1,1
6405,1.12E-01,3.04E-01,0.2888754,0,6405,ERODED,1,1,1,1,1,1,1,1,1,1,1,1
6407,9.62E-02,1.71E-01,0.281644,0,6407,Not eroded,0,1,1,1,1,1,1,1,1,1,1,1
6408,1.42E-01,2.56E-01,0.3000754,0,6408,ERODED,1,1,1,1,1,1,1,1,1,1,1,1
6409,1.36E-01,2.00E-01,0.2308272,4,6409,Not eroded,0,1,1,1,1,0,0,0,0,0,1,1
6411,1.55E-01,2.88E-01,0.221287,6,6411,Not eroded,0,1,1,1,0,0,0,0,0,0,0,0
6412,2.74E-01,6.96E-02,0.2806648,0,6412,Not eroded,0,1,1,1,1,1,1,1,1,1,1,1
6413,2.11E-01,1.96E-01,0.230715,5,6413,Not eroded,0,1,1,1,1,0,0,0,0,0,0,1
6414,1.06E-01,3.18E-01,0.2232601,4,6414,Not eroded,0,1,1,1,0,0,0,0,0,0,1,1
6415,5.65E-02,9.87E-02,0.2432202,3,6415,Not eroded,0,1,1,1,1,1,0,1,0,0,1,1
6416,1.34E-01,1.93E-01,0.2234928,0,6416,Not eroded,0,1,1,1,0,0,0,1,1,1,1,1
6417,2.96E-01,1.17E-01,0.32201,0,6417,ERODED,1,1,1,1,1,1,1,1,1,1,1,1
6421,3.08E-01,2.43E-01,0.2171291,5,6421,Not eroded,0,1,1,0,0,0,0,0,0,0,0,1
6431,1.78E-01,1.63E-01,0.2368024,0,6431,Not eroded,0,1,1,1,1,0,0,1,1,1,1,1
6432,2.24E-01,1.59E-01,0.3003007,0,6432,ERODED,1,1,1,1,1,1,1,1,1,1,1,1
6434,2.83E-01,3.24E-01,0.257636,3,6434,Not eroded,0,1,1,1,1,1,1,1,0,0,1,1
6436,5.65E-02,1.02E-01,0.2685188,3,6436,Not eroded,0,1,1,1,1,1,1,1,0,0,1,1
6446,1.53E-01,3.24E-01,0.2339366,3,6446,ERODED,1,1,1,1,1,0,0,1,0,0,1,1
6450,2.99E-01,8.88E-02,0.2708698,3,6450,Not eroded,0,1,1,1,1,1,1,1,0,0,1,1
6452,2.71E-01,2.46E-01,0.2334653,6,6452,Not eroded,0,1,1,1,1,0,0,0,0,0,0,0
6457,5.67E-02,1.59E-01,0.278902,3,6457,Not eroded,0,1,1,1,1,1,1,1,0,0,1,1
6458,1.37E-01,2.78E-01,0.2228215,0,6458,ERODED,1,1,1,1,0,0,0,1,1,1,1,1
6461,2.58E-01,5.59E-02,0.2389228,3,6461,Not eroded,0,1,1,1,1,0,0,1,0,0,1,1
6463,2.92E-01,1.91E-01,0.2139059,0,6463,Not eroded,0,1,1,0,0,0,0,1,1,1,1,1
6465,2.42E-01,1.48E-01,0.3042214,0,6465,ERODED,1,1,1,1,1,1,1,1,1,1,1,1
6466,2.90E-01,1.84E-01,0.2595672,3,6466,Not eroded,0,1,1,1,1,1,1,1,0,0,1,1
6467,2.75E-01,2.27E-01,0.2359161,3,6467,Not eroded,0,1,1,1,1,0,0,1,0,0,1,1
6470,6.30E-02,2.62E-01,0.3251272,0,6470,ERODED,1,1,1,1,1,1,1,1,1,1,1,1
6477,1.59E-01,1.10E-01,0.2334126,4,6477,Not eroded,0,1,1,1,1,0,0,0,0,0,1,1
6481,2.77E-01,8.95E-02,0.2196003,0,6481,Not eroded,0,1,1,0,0,0,0,1,1,1,1,1
6484,2.15E-01,1.84E-01,0.2407162,5,6484,Not eroded,0,1,1,1,1,1,0,0,0,0,0,1
6486,2.47E-01,1.61E-01,0.2729553,0,6486,ERODED,1,1,1,1,1,1,1,1,1,1,1,1
6487,1.05E-01,3.06E-01,0.2121725,5,6487,Not eroded,0,1,1,0,0,0,0,0,0,0,0,1
6489,1.21E-01,9.13E-02,0.2960489,0,6489,ERODED,1,1,1,1,1,1,1,1,1,1,1,1
6491,1.18E-01,2.97E-01,0.2760657,0,6491,ERODED,1,1,1,1,1,1,1,1,1,1,1,1
6493,1.68E-01,1.38E-01,0.2200185,5,6493,Not eroded,0,1,1,1,0,0,0,0,0,0,0,1
6494,2.91E-01,1.38E-01,0.3275633,0,6494,ERODED,1,1,1,1,1,1,1,1,1,1,1,1
6495,1.43E-01,2.48E-01,0.2921232,0,6495,ERODED,1,1,1,1,1,1,1,1,1,1,1,1
6499,2.53E-01,1.95E-01,0.2664488,0,6499,Not eroded,0,1,1,1,1,1,1,1,1,1,1,1
6501,9.33E-02,1.15E-01,0.219407,5,6501,Not eroded,0,1,1,0,0,0,0,0,0,0,0,1
6506,1.73E-01,6.44E-02,0.319821,0,6506,ERODED,1,1,1,1,1,1,1,1,1,1,1,1
6509,1.36E-01,6.52E-02,0.2526492,5,6509,Not eroded,0,1,1,1,1,1,1,0,0,0,0,1
6510,2.67E-01,2.28E-01,0.3055911,0,6510,ERODED,1,1,1,1,1,1,1,1,1,1,1,1
6512,3.24E-01,1.99E-01,0.2524118,5,6512,Not eroded,0,1,1,1,1,1,1,0,0,0,0,1
6514,2.81E-01,1.83E-01,0.2942625,3,6514,Not eroded,0,1,1,1,1,1,1,1,0,0,1,1
6518,1.30E-01,2.76E-01,0.2563604,0,6518,ERODED,1,1,1,1,1,1,1,1,1,1,1,1
6519,9.58E-02,3.24E-01,0.3090598,0,6519,ERODED,1,1,1,1,1,1,1,1,1,1,1,1
6522,1.77E-01,2.62E-01,0.3001223,0,6522,ERODED,1,1,1,1,1,1,1,1,1,1,1,1
6524,7.54E-02,1.05E-01,0.2202861,3,6524,Not eroded,0,1,1,1,0,0,0,1,0,0,1,1
6525,1.43E-01,9.30E-02,0.2881053,0,6525,ERODED,1,1,1,1,1,1,1,1,1,1,1,1
6527,2.43E-01,2.43E-01,0.2599191,4,6527,Not eroded,0,1,1,1,1,1,1,0,0,0,1,1
6529,1.78E-01,3.23E-01,0.2345922,0,6529,ERODED,1,1,1,1,1,0,0,1,1,1,1,1
6530,3.19E-01,3.06E-01,0.2659948,0,6530,Not eroded,0,1,1,1,1,1,1,1,1,1,1,1
6531,3.24E-01,2.86E-01,0.2282572,3,6531,Not eroded,0,1,1,1,0,0,0,1,0,0,1,1
6532,1.33E-01,8.04E-02,0.2808953,2,6532,Not eroded,0,1,1,1,1,1,1,1,0,1,1,1
6537,2.25E-01,2.96E-01,0.2116237,0,6537,Not eroded,0,1,1,0,0,0,0,1,1,1,1,1
6538,7.64E-02,2.25E-01,0.2907628,0,6538,ERODED,1,1,1,1,1,1,1,1,1,1,1,1
6540,2.63E-01,8.02E-02,0.2220702,0,6540,Not eroded,0,1,1,1,0,0,0,1,1,1,1,1
6541,2.62E-01,6.72E-02,0.2723728,5,6541,Not eroded,0,1,1,1,1,1,1,0,0,0,0,1
6542,3.24E-01,2.36E-01,0.2259758,5,6542,Not eroded,0,1,1,1,0,0,0,0,0,0,0,1
6543,2.16E-01,2.04E-01,0.2917755,0,6543,ERODED,1,1,1,1,1,1,1,1,1,1,1,1
6548,2.19E-01,3.24E-01,0.2630346,3,6548,Not eroded,0,1,1,1,1,1,1,1,0,0,1,1
6549,1.94E-01,1.02E-01,0.2704186,0,6549,Not eroded,0,1,1,1,1,1,1,1,1,1,1,1
6550,1.94E-01,9.98E-02,0.233186,0,6550,Not eroded,0,1,1,1,1,0,0,1,1,1,1,1
6553,6.46E-02,6.06E-02,0.2858961,0,6553,ERODED,1,1,1,1,1,1,1,1,1,1,1,1
6555,2.53E-01,3.24E-01,0.2751594,3,6555,Not eroded,0,1,1,1,1,1,1,1,0,0,1,1
6557,2.98E-01,5.71E-02,0.2149376,0,6557,Not eroded,0,1,1,0,0,0,0,1,1,1,1,1
6561,1.63E-01,2.40E-01,0.2202639,3,6561,Not eroded,0,1,1,1,0,0,0,1,0,0,1,1
6562,1.02E-01,2.11E-01,0.215386,3,6562,Not eroded,0,1,1,0,0,0,0,1,0,0,1,1
6563,1.27E-01,8.26E-02,0.259912,4,6563,Not eroded,0,1,1,1,1,1,1,0,0,0,1,1
6564,1.43E-01,9.42E-02,0.2777623,0,6564,ERODED,1,1,1,1,1,1,1,1,1,1,1,1
6570,2.39E-01,2.01E-01,0.2958685,2,6570,Not eroded,0,1,1,1,1,1,1,1,0,1,1,1
6571,1.40E-01,1.18E-01,0.2306532,5,6571,Not eroded,0,1,1,1,1,0,0,0,0,0,0,1
6575,3.24E-01,2.59E-01,0.2578868,5,6575,Not eroded,0,1,1,1,1,1,1,0,0,0,0,1
6577,2.67E-01,5.72E-02,0.2399717,3,6577,Not eroded,0,1,1,1,1,0,0,1,0,0,1,1
6580,1.50E-01,1.50E-01,0.3243129,0,6580,ERODED,1,1,1,1,1,1,1,1,1,1,1,1
6583,5.66E-02,1.31E-01,0.3124048,0,6583,ERODED,1,1,1,1,1,1,1,1,1,1,1,1
6584,1.51E-01,1.04E-01,0.3017656,0,6584,ERODED,1,1,1,1,1,1,1,1,1,1,1,1
6587,2.57E-01,2.61E-01,0.2142295,3,6587,Not eroded,0,1,1,0,0,0,0,1,0,0,1,1
6590,3.19E-01,2.63E-01,0.2228189,4,6590,Not eroded,0,1,1,1,0,0,0,0,0,0,1,1
6591,8.29E-02,2.63E-01,0.3229102,0,6591,ERODED,1,1,1,1,1,1,1,1,1,1,1,1
6592,3.00E-01,2.77E-01,0.2476623,4,6592,Not eroded,0,1,1,1,1,1,0,0,0,0,1,1
6596,2.61E-01,1.37E-01,0.2567124,5,6596,Not eroded,0,1,1,1,1,1,1,0,0,0,0,1
6602,1.82E-01,1.09E-01,0.3247516,0,6602,Not eroded,0,1,1,1,1,1,1,1,1,1,1,1
6605,1.16E-01,2.95E-01,0.2657822,0,6605,ERODED,1,1,1,1,1,1,1,1,1,1,1,1
6606,3.16E-01,1.98E-01,0.2254029,5,6606,Not eroded,0,1,1,1,0,0,0,0,0,0,0,1
6607,5.65E-02,1.79E-01,0.2867734,3,6607,Not eroded,0,1,1,1,1,1,1,1,0,0,1,1
6608,1.62E-01,5.68E-02,0.2187809,5,6608,Not eroded,0,1,1,0,0,0,0,0,0,0,0,1
6612,1.28E-01,2.26E-01,0.3243444,0,6612,ERODED,1,1,1,1,1,1,1,1,1,1,1,1
6619,1.93E-01,1.84E-01,0.298551,4,6619,Not eroded,0,1,1,1,1,1,1,0,0,0,1,1
6620,5.65E-02,2.49E-01,0.2113712,3,6620,Not eroded,0,1,1,0,0,0,0,1,0,0,1,1
6627,1.24E-01,6.31E-02,0.269665,4,6627,Not eroded,0,1,1,1,1,1,1,0,0,0,1,1
6629,3.12E-01,2.67E-01,0.2633243,0,6629,Not eroded,0,1,1,1,1,1,1,1,1,1,1,1
6630,1.34E-01,3.02E-01,0.3312327,0,6630,ERODED,1,1,1,1,1,1,1,1,1,1,1,1
6636,3.16E-01,6.29E-02,0.2217248,4,6636,Not eroded,0,1,1,1,0,0,0,0,0,0,1,1
6639,1.73E-01,1.57E-01,0.2937143,0,6639,ERODED,1,1,1,1,1,1,1,1,1,1,1,1
6641,2.70E-01,2.92E-01,0.243788,0,6641,Not eroded,0,1,1,1,1,1,0,1,1,1,1,1
6644,1.26E-01,3.17E-01,0.3247829,0,6644,ERODED,1,1,1,1,1,1,1,1,1,1,1,1
6647,2.75E-01,2.32E-01,0.2498011,0,6647,Not eroded,0,1,1,1,1,1,0,1,1,1,1,1
6649,1.02E-01,2.65E-01,0.2860101,0,6649,ERODED,1,1,1,1,1,1,1,1,1,1,1,1
6650,8.42E-02,2.72E-01,0.2937207,0,6650,ERODED,1,1,1,1,1,1,1,1,1,1,1,1
6657,1.31E-01,1.97E-01,0.3349813,0,6657,ERODED,1,1,1,1,1,1,1,1,1,1,1,1
6661,1.86E-01,2.47E-01,0.3207093,0,6661,ERODED,1,1,1,1,1,1,1,1,1,1,1,1
6667,3.18E-01,6.85E-02,0.2510425,4,6667,Not eroded,0,1,1,1,1,1,1,0,0,0,1,1
6668,2.71E-01,2.36E-01,0.2182999,0,6668,Not eroded,0,1,1,0,0,0,0,1,1,1,1,1
6671,6.79E-02,1.18E-01,0.2601286,4,6671,Not eroded,0,1,1,1,1,1,1,0,0,0,1,1
6672,2.92E-01,1.92E-01,0.229566,3,6672,Not eroded,0,1,1,1,0,0,0,1,0,0,1,1
6673,1.55E-01,3.00E-01,0.3250991,0,6673,ERODED,1,1,1,1,1,1,1,1,1,1,1,1
6676,1.91E-01,2.36E-01,0.2636355,3,6676,Not eroded,0,1,1,1,1,1,1,1,0,0,1,1
6679,1.45E-01,2.73E-01,0.2257565,0,6679,ERODED,1,1,1,1,0,0,0,1,1,1,1,1
6680,3.17E-01,2.57E-01,0.2646374,4,6680,Not eroded,0,1,1,1,1,1,1,0,0,0,1,1
6683,1.57E-01,2.28E-01,0.2305503,3,6683,Not eroded,0,1,1,1,1,0,0,1,0,0,1,1
6685,5.65E-02,2.54E-01,0.2944195,0,6685,ERODED,1,1,1,1,1,1,1,1,1,1,1,1
6690,1.06E-01,2.08E-01,0.2350973,3,6690,Not eroded,0,1,1,1,1,0,0,1,0,0,1,1
6693,2.29E-01,1.22E-01,0.2367169,4,6693,Not eroded,0,1,1,1,1,0,0,0,0,0,1,1
6696,1.85E-01,1.45E-01,0.2717264,0,6696,Not eroded,0,1,1,1,1,1,1,1,1,1,1,1
6700,2.90E-01,2.47E-01,0.2992069,4,6700,Not eroded,0,1,1,1,1,1,1,0,0,0,1,1
6701,1.28E-01,3.00E-01,0.2729468,0,6701,ERODED,1,1,1,1,1,1,1,1,1,1,1,1
6702,2.51E-01,1.63E-01,0.2312835,0,6702,Not eroded,0,1,1,1,1,0,0,1,1,1,1,1
6706,3.08E-01,5.59E-02,0.290459,4,6706,Not eroded,0,1,1,1,1,1,1,0,0,0,1,1
6709,1.72E-01,2.44E-01,0.220978,4,6709,Not eroded,0,1,1,1,0,0,0,0,0,0,1,1
6711,6.57E-02,1.73E-01,0.2328484,0,6711,Not eroded,0,1,1,1,1,0,0,1,1,1,1,1
6713,2.81E-01,1.59E-01,0.2126239,4,6713,Not eroded,0,1,1,0,0,0,0,0,0,0,1,1
6716,5.65E-02,1.64E-01,0.2292017,3,6716,Not eroded,0,1,1,1,0,0,0,1,0,0,1,1
6723,3.24E-01,2.28E-01,0.2207897,3,6723,Not eroded,0,1,1,1,0,0,0,1,0,0,1,1
6726,3.18E-01,2.44E-01,0.2615389,4,6726,Not eroded,0,1,1,1,1,1,1,0,0,0,1,1
6728,3.20E-01,2.07E-01,0.2484879,5,6728,Not eroded,0,1,1,1,1,1,0,0,0,0,0,1
6730,1.88E-01,2.69E-01,0.3172301,0,6730,ERODED,1,1,1,1,1,1,1,1,1,1,1,1
6734,7.89E-02,2.77E-01,0.3064066,0,6734,ERODED,1,1,1,1,1,1,1,1,1,1,1,1
6736,2.57E-01,2.01E-01,0.3247908,0,6736,ERODED,1,1,1,1,1,1,1,1,1,1,1,1
6744,2.85E-01,2.86E-01,0.2243461,2,6744,Not eroded,0,1,1,1,0,0,0,1,0,1,1,1
6747,1.74E-01,8.44E-02,0.2822372,0,6747,Not eroded,0,1,1,1,1,1,1,1,1,1,1,1
6749,5.65E-02,9.04E-02,0.2375727,4,6749,Not eroded,0,1,1,1,1,0,0,0,0,0,1,1
6754,3.12E-01,5.59E-02,0.2470614,2,6754,Not eroded,0,1,1,1,1,1,0,1,0,1,1,1
6755,8.91E-02,1.36E-01,0.3032598,0,6755,ERODED,1,1,1,1,1,1,1,1,1,1,1,1
6761,1.48E-01,1.60E-01,0.2368712,5,6761,Not eroded,0,1,1,1,1,0,0,0,0,0,0,1
6762,2.72E-01,3.09E-01,0.251417,4,6762,Not eroded,0,1,1,1,1,1,1,0,0,0,1,1
6763,8.63E-02,2.17E-01,0.2979239,0,6763,ERODED,1,1,1,1,1,1,1,1,1,1,1,1
6767,2.29E-01,5.59E-02,0.2389739,2,6767,Not eroded,0,1,1,1,1,0,0,1,0,1,1,1
6768,2.38E-01,2.57E-01,0.3056775,4,6768,Not eroded,0,1,1,1,1,1,1,0,0,0,1,1
6769,1.03E-01,8.61E-02,0.3314499,0,6769,ERODED,1,1,1,1,1,1,1,1,1,1,1,1
6770,8.79E-02,2.98E-01,0.2521997,0,6770,Not eroded,0,1,1,1,1,1,1,1,1,1,1,1
6773,6.66E-02,7.86E-02,0.3264793,0,6773,ERODED,1,1,1,1,1,1,1,1,1,1,1,1
6781,2.63E-01,8.56E-02,0.2980352,3,6781,Not eroded,0,1,1,1,1,1,1,1,0,0,1,1
6782,1.02E-01,3.12E-01,0.3299939,0,6782,ERODED,1,1,1,1,1,1,1,1,1,1,1,1
6787,2.46E-01,5.59E-02,0.2348273,3,6787,Not eroded,0,1,1,1,1,0,0,1,0,0,1,1
6789,2.49E-01,3.24E-01,0.262711,3,6789,Not eroded,0,1,1,1,1,1,1,1,0,0,1,1
6791,1.81E-01,2.90E-01,0.2392951,2,6791,Not eroded,0,1,1,1,1,0,0,1,0,1,1,1
6792,1.25E-01,2.10E-01,0.2544091,0,6792,Not eroded,0,1,1,1,1,1,1,1,1,1,1,1
6793,1.65E-01,1.54E-01,0.2289609,4,6793,Not eroded,0,1,1,1,0,0,0,0,0,0,1,1
6795,3.05E-01,1.67E-01,0.2501547,4,6795,Not eroded,0,1,1,1,1,1,1,0,0,0,1,1
6799,8.43E-02,6.05E-02,0.2657721,4,6799,Not eroded,0,1,1,1,1,1,1,0,0,0,1,1
6800,2.83E-01,2.60E-01,0.2912137,4,6800,Not eroded,0,1,1,1,1,1,1,0,0,0,1,1
6803,1.19E-01,2.86E-01,0.2466883,0,6803,ERODED,1,1,1,1,1,1,0,1,1,1,1,1
6804,2.23E-01,1.17E-01,0.3249783,0,6804,ERODED,1,1,1,1,1,1,1,1,1,1,1,1
6805,1.25E-01,2.99E-01,0.287398,0,6805,ERODED,1,1,1,1,1,1,1,1,1,1,1,1
6808,1.04E-01,6.43E-02,0.2195607,4,6808,Not eroded,0,1,1,0,0,0,0,0,0,0,1,1
6812,3.15E-01,1.87E-01,0.2393792,3,6812,Not eroded,0,1,1,1,1,0,0,1,0,0,1,1
6814,8.91E-02,6.57E-02,0.2749245,4,6814,Not eroded,0,1,1,1,1,1,1,0,0,0,1,1
6816,1.47E-01,8.94E-02,0.2229079,3,6816,Not eroded,0,1,1,1,0,0,0,1,0,0,1,1
6818,2.53E-01,6.48E-02,0.2689382,4,6818,Not eroded,0,1,1,1,1,1,1,0,0,0,1,1
6821,2.74E-01,8.09E-02,0.223932,0,6821,Not eroded,0,1,1,1,0,0,0,1,1,1,1,1
6823,7.26E-02,9.66E-02,0.2876752,3,6823,Not eroded,0,1,1,1,1,1,1,1,0,0,1,1
6828,9.55E-02,3.00E-01,0.2282469,3,6828,Not eroded,0,1,1,1,0,0,0,1,0,0,1,1
6830,1.22E-01,2.07E-01,0.2144984,0,6830,Not eroded,0,1,1,0,0,0,0,1,1,1,1,1
6832,1.96E-01,3.24E-01,0.2306617,2,6832,Not eroded,0,1,1,1,1,0,0,1,0,1,1,1
6834,5.65E-02,1.57E-01,0.2466421,3,6834,Not eroded,0,1,1,1,1,1,0,1,0,0,1,1
6838,2.53E-01,1.32E-01,0.3112413,0,6838,ERODED,1,1,1,1,1,1,1,1,1,1,1,1
6841,2.06E-01,1.21E-01,0.3191167,0,6841,ERODED,1,1,1,1,1,1,1,1,1,1,1,1
6842,2.06E-01,1.20E-01,0.2753449,0,6842,Not eroded,0,1,1,1,1,1,1,1,1,1,1,1
6844,2.96E-01,1.26E-01,0.3147578,0,6844,ERODED,1,1,1,1,1,1,1,1,1,1,1,1
6847,2.85E-01,6.51E-02,0.2215179,0,6847,Not eroded,0,1,1,1,0,0,0,1,1,1,1,1
6851,9.56E-02,8.91E-02,0.2212083,4,6851,Not eroded,0,1,1,1,0,0,0,0,0,0,1,1
6852,6.58E-02,3.24E-01,0.2209978,4,6852,Not eroded,0,1,1,1,0,0,0,0,0,0,1,1
6853,1.62E-01,2.83E-01,0.2292283,0,6853,Not eroded,0,1,1,1,0,0,0,1,1,1,1,1
6857,2.86E-01,2.83E-01,0.2503089,5,6857,Not eroded,0,1,1,1,1,1,1,0,0,0,0,1
6858,2.54E-01,3.24E-01,0.2274061,4,6858,Not eroded,0,1,1,1,0,0,0,0,0,0,1,1
6863,9.01E-02,1.07E-01,0.273052,0,6863,Not eroded,0,1,1,1,1,1,1,1,1,1,1,1
6864,3.09E-01,1.35E-01,0.247549,4,6864,Not eroded,0,1,1,1,1,1,0,0,0,0,1,1
6866,5.65E-02,1.26E-01,0.2970097,3,6866,Not eroded,0,1,1,1,1,1,1,1,0,0,1,1
6875,2.41E-01,2.86E-01,0.2951118,0,6875,ERODED,1,1,1,1,1,1,1,1,1,1,1,1
6876,5.79E-02,1.21E-01,0.2192267,4,6876,Not eroded,0,1,1,0,0,0,0,0,0,0,1,1
6879,6.59E-02,2.77E-01,0.2854902,0,6879,ERODED,1,1,1,1,1,1,1,1,1,1,1,1
6886,2.44E-01,1.87E-01,0.2120155,3,6886,Not eroded,0,1,1,0,0,0,0,1,0,0,1,1
6890,3.24E-01,1.73E-01,0.2371591,3,6890,Not eroded,0,1,1,1,1,0,0,1,0,0,1,1
6891,5.86E-02,1.02E-01,0.2156155,0,6891,Not eroded,0,1,1,0,0,0,0,1,1,1,1,1
6892,1.40E-01,2.40E-01,0.300777,0,6892,ERODED,1,1,1,1,1,1,1,1,1,1,1,1
6894,3.19E-01,3.01E-01,0.233107,5,6894,Not eroded,0,1,1,1,1,0,0,0,0,0,0,1
6895,2.55E-01,9.64E-02,0.2930815,3,6895,Not eroded,0,1,1,1,1,1,1,1,0,0,1,1
6896,1.20E-01,1.37E-01,0.3042269,0,6896,ERODED,1,1,1,1,1,1,1,1,1,1,1,1
6897,3.10E-01,5.59E-02,0.2179945,3,6897,Not eroded,0,1,1,0,0,0,0,1,0,0,1,1
6900,2.47E-01,1.07E-01,0.2647915,4,6900,Not eroded,0,1,1,1,1,1,1,0,0,0,1,1
6901,1.11E-01,7.10E-02,0.2444588,3,6901,Not eroded,0,1,1,1,1,1,0,1,0,0,1,1
6904,1.72E-01,2.08E-01,0.2210047,0,6904,Not eroded,0,1,1,1,0,0,0,1,1,1,1,1
6906,1.48E-01,5.59E-02,0.2485259,5,6906,Not eroded,0,1,1,1,1,1,0,0,0,0,0,1
6908,2.43E-01,9.78E-02,0.2616661,4,6908,Not eroded,0,1,1,1,1,1,1,0,0,0,1,1
6913,3.11E-01,7.57E-02,0.2719023,5,6913,Not eroded,0,1,1,1,1,1,1,0,0,0,0,1
6917,2.02E-01,1.77E-01,0.2956473,0,6917,Not eroded,0,1,1,1,1,1,1,1,1,1,1,1
6918,3.25E-01,1.63E-01,0.3000625,3,6918,Not eroded,0,1,1,1,1,1,1,1,0,0,1,1
6924,6.72E-02,2.77E-01,0.3132907,0,6924,ERODED,1,1,1,1,1,1,1,1,1,1,1,1
6926,2.04E-01,3.18E-01,0.291413,0,6926,ERODED,1,1,1,1,1,1,1,1,1,1,1,1
6930,2.56E-01,1.23E-01,0.2352986,0,6930,Not eroded,0,1,1,1,1,0,0,1,1,1,1,1
6931,2.66E-01,6.52E-02,0.2468673,0,6931,Not eroded,0,1,1,1,1,1,0,1,1,1,1,1
6932,1.97E-01,3.21E-01,0.2433262,0,6932,Not eroded,0,1,1,1,1,1,0,1,1,1,1,1
6935,2.05E-01,3.24E-01,0.2522758,3,6935,Not eroded,0,1,1,1,1,1,1,1,0,0,1,1
6936,1.47E-01,5.59E-02,0.2385639,4,6936,Not eroded,0,1,1,1,1,0,0,0,0,0,1,1
6938,3.24E-01,5.59E-02,0.3025191,2,6938,Not eroded,0,1,1,1,1,1,1,1,0,1,1,1
6939,8.07E-02,3.24E-01,0.2236489,3,6939,Not eroded,0,1,1,1,0,0,0,1,0,0,1,1
6942,2.91E-01,1.74E-01,0.2580862,6,6942,Not eroded,0,1,1,1,1,1,1,0,0,0,0,0
6945,2.53E-01,2.42E-01,0.2400115,0,6945,Not eroded,0,1,1,1,1,1,0,1,1,1,1,1
6946,5.65E-02,1.53E-01,0.2890554,0,6946,Not eroded,0,1,1,1,1,1,1,1,1,1,1,1
6950,1.60E-01,2.14E-01,0.2553018,6,6950,Not eroded,0,1,1,1,1,1,1,0,0,0,0,0
6951,9.29E-02,2.95E-01,0.3244065,0,6951,ERODED,1,1,1,1,1,1,1,1,1,1,1,1
6953,2.62E-01,1.93E-01,0.2142087,0,6953,Not eroded,0,1,1,0,0,0,0,1,1,1,1,1
6955,3.15E-01,1.98E-01,0.2957403,0,6955,ERODED,1,1,1,1,1,1,1,1,1,1,1,1
6959,2.31E-01,3.24E-01,0.2757707,0,6959,ERODED,1,1,1,1,1,1,1,1,1,1,1,1
6960,7.97E-02,3.24E-01,0.2464388,3,6960,Not eroded,0,1,1,1,1,1,0,1,0,0,1,1
6962,2.42E-01,1.11E-01,0.2425036,6,6962,Not eroded,0,1,1,1,1,1,0,0,0,0,0,0
6965,7.32E-02,2.67E-01,0.3121344,0,6965,ERODED,1,1,1,1,1,1,1,1,1,1,1,1
6974,2.75E-01,1.90E-01,0.3091794,0,6974,ERODED,1,1,1,1,1,1,1,1,1,1,1,1
6976,2.48E-01,2.05E-01,0.3043882,0,6976,ERODED,1,1,1,1,1,1,1,1,1,1,1,1
6980,2.07E-01,6.37E-02,0.287025,3,6980,Not eroded,0,1,1,1,1,1,1,1,0,0,1,1
6990,1.55E-01,1.65E-01,0.2571369,4,6990,Not eroded,0,1,1,1,1,1,1,0,0,0,1,1
6995,5.65E-02,2.24E-01,0.240197,5,6995,Not eroded,0,1,1,1,1,1,0,0,0,0,0,1
6997,2.13E-01,2.22E-01,0.2607922,0,6997,Not eroded,0,1,1,1,1,1,1,1,1,1,1,1
6998,1.33E-01,1.20E-01,0.318055,0,6998,ERODED,1,1,1,1,1,1,1,1,1,1,1,1
7000,1.88E-01,2.60E-01,0.2713816,0,7000,Not eroded,0,1,1,1,1,1,1,1,1,1,1,1
7002,2.39E-01,2.41E-01,0.2928406,6,7002,Not eroded,0,1,1,1,1,1,1,0,0,0,0,0
7004,2.53E-01,2.23E-01,0.2385137,2,7004,Not eroded,0,1,1,1,1,0,0,1,0,1,1,1
7005,1.03E-01,7.41E-02,0.2534568,4,7005,Not eroded,0,1,1,1,1,1,1,0,0,0,1,1
7007,2.37E-01,1.19E-01,0.278564,4,7007,Not eroded,0,1,1,1,1,1,1,0,0,0,1,1
7012,1.76E-01,2.21E-01,0.2123522,4,7012,Not eroded,0,1,1,0,0,0,0,0,0,0,1,1
7021,2.44E-01,2.08E-01,0.2510749,4,7021,Not eroded,0,1,1,1,1,1,1,0,0,0,1,1
7023,3.24E-01,2.26E-01,0.291331,3,7023,Not eroded,0,1,1,1,1,1,1,1,0,0,1,1
7024,2.91E-01,9.26E-02,0.3091811,0,7024,ERODED,1,1,1,1,1,1,1,1,1,1,1,1
7026,3.24E-01,6.95E-02,0.2938546,0,7026,Not eroded,0,1,1,1,1,1,1,1,1,1,1,1
7027,1.54E-01,1.16E-01,0.3065838,0,7027,ERODED,1,1,1,1,1,1,1,1,1,1,1,1
7029,7.42E-02,3.21E-01,0.2168473,7,7029,Not eroded,0,1,1,0,0,0,0,0,0,0,0,0
7034,1.18E-01,1.44E-01,0.2748006,3,7034,Not eroded,0,1,1,1,1,1,1,1,0,0,1,1
7040,2.20E-01,2.08E-01,0.3002266,0,7040,ERODED,1,1,1,1,1,1,1,1,1,1,1,1
7044,1.50E-01,7.14E-02,0.2162561,5,7044,Not eroded,0,1,1,0,0,0,0,0,0,0,0,1
7045,2.03E-01,2.75E-01,0.2844483,5,7045,Not eroded,0,1,1,1,1,1,1,0,0,0,0,1
7048,3.16E-01,6.97E-02,0.2776159,3,7048,Not eroded,0,1,1,1,1,1,1,1,0,0,1,1
7049,6.88E-02,2.19E-01,0.3260307,0,7049,ERODED,1,1,1,1,1,1,1,1,1,1,1,1
7052,1.32E-01,2.25E-01,0.2668305,4,7052,Not eroded,0,1,1,1,1,1,1,0,0,0,1,1
7053,9.00E-02,1.28E-01,0.2458679,0,7053,Not eroded,0,1,1,1,1,1,0,1,1,1,1,1
7055,1.96E-01,1.66E-01,0.242403,5,7055,Not eroded,0,1,1,1,1,1,0,0,0,0,0,1
7059,2.04E-01,2.52E-01,0.2372878,0,7059,Not eroded,0,1,1,1,1,0,0,1,1,1,1,1
7064,1.12E-01,2.45E-01,0.2850368,0,7064,Not eroded,0,1,1,1,1,1,1,1,1,1,1,1
7069,2.41E-01,1.11E-01,0.2325461,4,7069,Not eroded,0,1,1,1,1,0,0,0,0,0,1,1
7070,1.76E-01,1.72E-01,0.3186778,0,7070,ERODED,1,1,1,1,1,1,1,1,1,1,1,1
7071,1.35E-01,3.22E-01,0.2824223,0,7071,ERODED,1,1,1,1,1,1,1,1,1,1,1,1
7072,1.69E-01,3.05E-01,0.2365918,5,7072,ERODED,1,1,1,1,1,0,0,0,0,0,0,1
7073,1.33E-01,2.09E-01,0.3154243,0,7073,ERODED,1,1,1,1,1,1,1,1,1,1,1,1
7074,2.54E-01,7.10E-02,0.2868611,5,7074,Not eroded,0,1,1,1,1,1,1,0,0,0,0,1
7077,1.46E-01,3.00E-01,0.2671002,0,7077,ERODED,1,1,1,1,1,1,1,1,1,1,1,1
7080,1.61E-01,6.25E-02,0.3264908,0,7080,ERODED,1,1,1,1,1,1,1,1,1,1,1,1
7082,1.48E-01,1.70E-01,0.2747688,0,7082,Not eroded,0,1,1,1,1,1,1,1,1,1,1,1
7085,2.36E-01,5.59E-02,0.2233291,5,7085,Not eroded,0,1,1,1,0,0,0,0,0,0,0,1
7086,6.49E-02,2.36E-01,0.2770965,0,7086,ERODED,1,1,1,1,1,1,1,1,1,1,1,1
7088,2.84E-01,1.17E-01,0.2717645,4,7088,Not eroded,0,1,1,1,1,1,1,0,0,0,1,1
7096,2.19E-01,1.95E-01,0.253375,5,7096,Not eroded,0,1,1,1,1,1,1,0,0,0,0,1
7098,1.84E-01,2.52E-01,0.2636439,0,7098,Not eroded,0,1,1,1,1,1,1,1,1,1,1,1
7104,6.41E-02,3.18E-01,0.2134432,4,7104,Not eroded,0,1,1,0,0,0,0,0,0,0,1,1
7106,7.87E-02,6.40E-02,0.2844771,0,7106,Not eroded,0,1,1,1,1,1,1,1,1,1,1,1
7108,1.16E-01,2.46E-01,0.2416519,0,7108,ERODED,1,1,1,1,1,1,0,1,1,1,1,1
7110,1.87E-01,1.85E-01,0.3147064,0,7110,ERODED,1,1,1,1,1,1,1,1,1,1,1,1
7111,2.42E-01,9.70E-02,0.2847854,0,7111,Not eroded,0,1,1,1,1,1,1,1,1,1,1,1
7112,3.24E-01,2.18E-01,0.2281068,5,7112,Not eroded,0,1,1,1,0,0,0,0,0,0,0,1
7113,1.74E-01,6.51E-02,0.274775,3,7113,Not eroded,0,1,1,1,1,1,1,1,0,0,1,1
7115,3.01E-01,1.86E-01,0.2303593,0,7115,Not eroded,0,1,1,1,1,0,0,1,1,1,1,1
7116,2.15E-01,2.41E-01,0.2640592,0,7116,Not eroded,0,1,1,1,1,1,1,1,1,1,1,1
7122,3.17E-01,2.65E-01,0.2324163,4,7122,Not eroded,0,1,1,1,1,0,0,0,0,0,1,1
7124,2.95E-01,2.42E-01,0.278551,4,7124,Not eroded,0,1,1,1,1,1,1,0,0,0,1,1
7125,5.65E-02,1.74E-01,0.2288896,3,7125,Not eroded,0,1,1,1,0,0,0,1,0,0,1,1
7126,1.06E-01,3.05E-01,0.2790497,0,7126,ERODED,1,1,1,1,1,1,1,1,1,1,1,1
7127,2.15E-01,2.34E-01,0.3015722,0,7127,ERODED,1,1,1,1,1,1,1,1,1,1,1,1
7132,7.39E-02,2.86E-01,0.3039726,0,7132,ERODED,1,1,1,1,1,1,1,1,1,1,1,1
7137,1.11E-01,2.29E-01,0.241055,5,7137,Not eroded,0,1,1,1,1,1,0,0,0,0,0,1
7140,1.68E-01,1.14E-01,0.2200123,4,7140,Not eroded,0,1,1,1,0,0,0,0,0,0,1,1
7141,1.44E-01,9.63E-02,0.3021191,0,7141,ERODED,1,1,1,1,1,1,1,1,1,1,1,1
7143,2.90E-01,1.64E-01,0.2438295,5,7143,Not eroded,0,1,1,1,1,1,0,0,0,0,0,1
7146,1.30E-01,1.10E-01,0.3152135,0,7146,ERODED,1,1,1,1,1,1,1,1,1,1,1,1
7149,1.13E-01,2.91E-01,0.2223427,4,7149,Not eroded,0,1,1,1,0,0,0,0,0,0,1,1
7151,1.40E-01,9.26E-02,0.3266028,0,7151,ERODED,1,1,1,1,1,1,1,1,1,1,1,1
7153,3.24E-01,1.63E-01,0.2573997,4,7153,Not eroded,0,1,1,1,1,1,1,0,0,0,1,1
7155,2.17E-01,3.03E-01,0.319978,0,7155,ERODED,1,1,1,1,1,1,1,1,1,1,1,1
7156,8.80E-02,1.52E-01,0.2673473,4,7156,Not eroded,0,1,1,1,1,1,1,0,0,0,1,1
7158,1.41E-01,2.86E-01,0.2896246,0,7158,ERODED,1,1,1,1,1,1,1,1,1,1,1,1
7164,1.03E-01,1.18E-01,0.2224747,4,7164,Not eroded,0,1,1,1,0,0,0,0,0,0,1,1
7165,5.65E-02,1.83E-01,0.2616503,0,7165,Not eroded,0,1,1,1,1,1,1,1,1,1,1,1
7167,9.97E-02,1.52E-01,0.2780173,0,7167,Not eroded,0,1,1,1,1,1,1,1,1,1,1,1
7170,3.15E-01,2.04E-01,0.2324051,4,7170,Not eroded,0,1,1,1,1,0,0,0,0,0,1,1
7174,8.39E-02,1.19E-01,0.2203091,3,7174,Not eroded,0,1,1,1,0,0,0,1,0,0,1,1
7175,1.69E-01,3.24E-01,0.2991895,0,7175,ERODED,1,1,1,1,1,1,1,1,1,1,1,1
7177,2.87E-01,2.49E-01,0.2677216,5,7177,Not eroded,0,1,1,1,1,1,1,0,0,0,0,1
7181,3.17E-01,1.47E-01,0.2869905,5,7181,Not eroded,0,1,1,1,1,1,1,0,0,0,0,1
7185,2.90E-01,2.52E-01,0.2905972,3,7185,Not eroded,0,1,1,1,1,1,1,1,0,0,1,1
7187,1.42E-01,2.27E-01,0.2664674,5,7187,Not eroded,0,1,1,1,1,1,1,0,0,0,0,1
7188,2.11E-01,2.53E-01,0.30885,0,7188,ERODED,1,1,1,1,1,1,1,1,1,1,1,1
7192,5.65E-02,3.15E-01,0.2716311,1,7192,Not eroded,0,1,1,1,1,1,1,1,1,1,1,1
7193,2.82E-01,2.76E-01,0.2442299,4,7193,Not eroded,0,1,1,1,1,1,0,0,0,0,1,1
7196,1.25E-01,2.92E-01,0.2987529,0,7196,ERODED,1,1,1,1,1,1,1,1,1,1,1,1
7200,2.02E-01,1.87E-01,0.2541398,5,7200,Not eroded,0,1,1,1,1,1,1,0,0,0,0,1
7207,1.32E-01,2.95E-01,0.3204445,0,7207,ERODED,1,1,1,1,1,1,1,1,1,1,1,1
7208,2.01E-01,1.66E-01,0.2722914,5,7208,Not eroded,0,1,1,1,1,1,1,0,0,0,0,1
7213,2.68E-01,1.29E-01,0.3214543,0,7213,ERODED,1,1,1,1,1,1,1,1,1,1,1,1
7217,1.55E-01,1.64E-01,0.2472324,4,7217,Not eroded,0,1,1,1,1,1,0,0,0,0,1,1
7218,1.84E-01,5.59E-02,0.2266734,4,7218,Not eroded,0,1,1,1,0,0,0,0,0,0,1,1
7219,1.44E-01,1.14E-01,0.3067391,0,7219,ERODED,1,1,1,1,1,1,1,1,1,1,1,1
7221,8.87E-02,7.52E-02,0.2482206,0,7221,Not eroded,0,1,1,1,1,1,0,1,1,1,1,1
7227,2.54E-01,2.14E-01,0.3087827,0,7227,ERODED,1,1,1,1,1,1,1,1,1,1,1,1
7231,2.35E-01,1.04E-01,0.2819364,0,7231,Not eroded,0,1,1,1,1,1,1,1,1,1,1,1
7236,1.73E-01,1.29E-01,0.2892326,0,7236,ERODED,1,1,1,1,1,1,1,1,1,1,1,1
7237,9.56E-02,1.08E-01,0.2647572,0,7237,Not eroded,0,1,1,1,1,1,1,1,1,1,1,1
7238,2.36E-01,1.29E-01,0.2139219,6,7238,Not eroded,0,1,1,0,0,0,0,0,0,0,0,0
7242,1.03E-01,2.21E-01,0.2293463,4,7242,Not eroded,0,1,1,1,0,0,0,0,0,0,1,1
7243,2.75E-01,3.00E-01,0.305371,0,7243,ERODED,1,1,1,1,1,1,1,1,1,1,1,1
7246,2.18E-01,1.48E-01,0.2351268,0,7246,Not eroded,0,1,1,1,1,0,0,1,1,1,1,1
7250,5.89E-02,2.83E-01,0.2279339,0,7250,Not eroded,0,1,1,1,0,0,0,1,1,1,1,1
7251,6.50E-02,1.82E-01,0.2440131,2,7251,Not eroded,0,1,1,1,1,1,0,1,0,1,1,1
7257,2.90E-01,1.93E-01,0.2508804,3,7257,Not eroded,0,1,1,1,1,1,1,1,0,0,1,1
7258,1.42E-01,1.53E-01,0.2325231,4,7258,Not eroded,0,1,1,1,1,0,0,0,0,0,1,1
7261,1.31E-01,3.07E-01,0.2239271,5,7261,Not eroded,0,1,1,1,0,0,0,0,0,0,0,1
7262,2.81E-01,2.92E-01,0.2529513,4,7262,Not eroded,0,1,1,1,1,1,1,0,0,0,1,1
7269,2.37E-01,2.62E-01,0.2550667,0,7269,Not eroded,0,1,1,1,1,1,1,1,1,1,1,1
7270,1.07E-01,1.03E-01,0.2591365,0,7270,Not eroded,0,1,1,1,1,1,1,1,1,1,1,1
7277,1.31E-01,2.37E-01,0.2822442,0,7277,ERODED,1,1,1,1,1,1,1,1,1,1,1,1
7279,1.56E-01,3.18E-01,0.2720969,1,7279,ERODED,1,1,1,1,1,1,1,1,1,1,1,1
7283,9.19E-02,3.17E-01,0.229962,6,7283,Not eroded,0,1,1,1,0,0,0,0,0,0,0,0
7284,5.65E-02,3.06E-01,0.2667458,0,7284,ERODED,1,1,1,1,1,1,1,1,1,1,1,1
7290,8.82E-02,1.25E-01,0.3012344,0,7290,ERODED,1,1,1,1,1,1,1,1,1,1,1,1
7292,1.15E-01,3.07E-01,0.2100666,3,7292,Not eroded,0,1,1,0,0,0,0,1,0,0,1,1
7294,2.49E-01,2.60E-01,0.2950057,7,7294,Not eroded,0,1,1,1,1,1,1,0,0,0,0,0
7298,2.78E-01,1.49E-01,0.2150044,5,7298,Not eroded,0,1,1,0,0,0,0,0,0,0,0,1
7304,1.86E-01,2.69E-01,0.2155616,0,7304,Not eroded,0,1,1,0,0,0,0,1,1,1,1,1
7305,1.72E-01,2.81E-01,0.228288,3,7305,Not eroded,0,1,1,1,0,0,0,1,0,0,1,1
7306,2.71E-01,1.09E-01,0.308122,0,7306,ERODED,1,1,1,1,1,1,1,1,1,1,1,1
7307,9.64E-02,2.42E-01,0.2299556,5,7307,Not eroded,0,1,1,1,0,0,0,0,0,0,0,1
7315,1.33E-01,1.11E-01,0.304393,0,7315,ERODED,1,1,1,1,1,1,1,1,1,1,1,1
7318,3.05E-01,1.24E-01,0.3206013,0,7318,ERODED,1,1,1,1,1,1,1,1,1,1,1,1
7320,6.51E-02,1.02E-01,0.2836952,3,7320,Not eroded,0,1,1,1,1,1,1,1,0,0,1,1
7322,1.15E-01,1.34E-01,0.3140653,0,7322,ERODED,1,1,1,1,1,1,1,1,1,1,1,1
7325,1.68E-01,8.51E-02,0.2741325,3,7325,Not eroded,0,1,1,1,1,1,1,1,0,0,1,1
7327,3.10E-01,8.27E-02,0.2894379,4,7327,Not eroded,0,1,1,1,1,1,1,0,0,0,1,1
7330,5.65E-02,1.39E-01,0.2124816,4,7330,Not eroded,0,1,1,0,0,0,0,0,0,0,1,1
7331,3.02E-01,2.39E-01,0.2892939,3,7331,Not eroded,0,1,1,1,1,1,1,1,0,0,1,1
7335,3.24E-01,2.41E-01,0.2502038,4,7335,Not eroded,0,1,1,1,1,1,1,0,0,0,1,1
7337,1.39E-01,3.13E-01,0.2566744,0,7337,ERODED,1,1,1,1,1,1,1,1,1,1,1,1
7347,2.06E-01,3.24E-01,0.2423532,3,7347,Not eroded,0,1,1,1,1,1,0,1,0,0,1,1
7348,1.02E-01,1.08E-01,0.27791,0,7348,Not eroded,0,1,1,1,1,1,1,1,1,1,1,1
7350,1.52E-01,1.31E-01,0.2756147,4,7350,Not eroded,0,1,1,1,1,1,1,0,0,0,1,1
7352,1.65E-01,2.99E-01,0.2506555,4,7352,ERODED,1,1,1,1,1,1,1,0,0,0,1,1
7354,3.25E-01,2.88E-01,0.2568978,4,7354,Not eroded,0,1,1,1,1,1,1,0,0,0,1,1
7359,2.48E-01,2.31E-01,0.2350996,4,7359,Not eroded,0,1,1,1,1,0,0,0,0,0,1,1
7362,3.18E-01,1.43E-01,0.2503539,5,7362,Not eroded,0,1,1,1,1,1,1,0,0,0,0,1
7363,2.28E-01,1.34E-01,0.213043,5,7363,Not eroded,0,1,1,0,0,0,0,0,0,0,0,1
7364,1.45E-01,7.80E-02,0.2662392,5,7364,Not eroded,0,1,1,1,1,1,1,0,0,0,0,1
7371,1.35E-01,5.59E-02,0.2811887,3,7371,Not eroded,0,1,1,1,1,1,1,1,0,0,1,1
7372,1.66E-01,1.66E-01,0.296338,2,7372,Not eroded,0,1,1,1,1,1,1,1,0,1,1,1
7374,2.17E-01,1.01E-01,0.2150611,2,7374,Not eroded,0,1,1,0,0,0,0,1,0,1,1,1
7377,6.56E-02,2.21E-01,0.2166179,3,7377,Not eroded,0,1,1,0,0,0,0,1,0,0,1,1
7380,2.03E-01,9.89E-02,0.2423692,5,7380,Not eroded,0,1,1,1,1,1,0,0,0,0,0,1
7381,7.31E-02,3.24E-01,0.2913852,3,7381,Not eroded,0,1,1,1,1,1,1,1,0,0,1,1
7382,1.60E-01,3.24E-01,0.2937934,0,7382,ERODED,1,1,1,1,1,1,1,1,1,1,1,1
7383,3.07E-01,6.32E-02,0.2306768,0,7383,Not eroded,0,1,1,1,1,0,0,1,1,1,1,1
7386,2.20E-01,1.41E-01,0.2280573,4,7386,Not eroded,0,1,1,1,0,0,0,0,0,0,1,1
7387,2.75E-01,8.52E-02,0.23288,0,7387,Not eroded,0,1,1,1,1,0,0,1,1,1,1,1
7388,1.38E-01,5.59E-02,0.249337,4,7388,Not eroded,0,1,1,1,1,1,0,0,0,0,1,1
7390,2.57E-01,3.24E-01,0.2880337,2,7390,Not eroded,0,1,1,1,1,1,1,1,0,1,1,1
7398,1.10E-01,1.70E-01,0.2177913,0,7398,Not eroded,0,1,1,0,0,0,0,1,1,1,1,1
7406,2.21E-01,2.35E-01,0.3246634,0,7406,ERODED,1,1,1,1,1,1,1,1,1,1,1,1
7408,1.69E-01,1.64E-01,0.2316788,3,7408,Not eroded,0,1,1,1,1,0,0,1,0,0,1,1
7409,2.64E-01,2.36E-01,0.2252892,3,7409,Not eroded,0,1,1,1,0,0,0,1,0,0,1,1
7411,2.36E-01,3.24E-01,0.2426549,3,7411,Not eroded,0,1,1,1,1,1,0,1,0,0,1,1
7414,2.91E-01,1.56E-01,0.2943551,0,7414,ERODED,1,1,1,1,1,1,1,1,1,1,1,1
7415,1.76E-01,7.01E-02,0.3109315,0,7415,ERODED,1,1,1,1,1,1,1,1,1,1,1,1
7416,1.99E-01,1.72E-01,0.2502454,5,7416,Not eroded,0,1,1,1,1,1,1,0,0,0,0,1
7418,1.26E-01,9.91E-02,0.2738883,0,7418,ERODED,1,1,1,1,1,1,1,1,1,1,1,1
7420,8.64E-02,1.34E-01,0.2528839,0,7420,Not eroded,0,1,1,1,1,1,1,1,1,1,1,1
7424,2.84E-01,2.69E-01,0.237988,4,7424,Not eroded,0,1,1,1,1,0,0,0,0,0,1,1
7425,2.30E-01,1.02E-01,0.2899401,0,7425,Not eroded,0,1,1,1,1,1,1,1,1,1,1,1
7426,3.24E-01,3.22E-01,0.2526179,0,7426,Not eroded,0,1,1,1,1,1,1,1,1,1,1,1
7428,7.26E-02,1.77E-01,0.2386963,0,7428,Not eroded,0,1,1,1,1,0,0,1,1,1,1,1
7431,2.17E-01,7.12E-02,0.2489192,4,7431,Not eroded,0,1,1,1,1,1,0,0,0,0,1,1
7432,3.24E-01,1.80E-01,0.3130012,0,7432,ERODED,1,1,1,1,1,1,1,1,1,1,1,1
7436,3.08E-01,8.49E-02,0.2687649,5,7436,Not eroded,0,1,1,1,1,1,1,0,0,0,0,1
7438,1.44E-01,6.49E-02,0.2119136,3,7438,Not eroded,0,1,1,0,0,0,0,1,0,0,1,1
7439,5.69E-02,2.80E-01,0.2180464,0,7439,Not eroded,0,1,1,0,0,0,0,1,1,1,1,1
7443,1.94E-01,1.16E-01,0.2755055,0,7443,Not eroded,0,1,1,1,1,1,1,1,1,1,1,1
7447,9.47E-02,2.23E-01,0.296683,0,7447,ERODED,1,1,1,1,1,1,1,1,1,1,1,1
7449,1.84E-01,2.63E-01,0.3243422,0,7449,Not eroded,0,1,1,1,1,1,1,1,1,1,1,1
7452,6.55E-02,1.70E-01,0.2929173,4,7452,Not eroded,0,1,1,1,1,1,1,0,0,0,1,1
7455,1.47E-01,3.10E-01,0.2609444,0,7455,ERODED,1,1,1,1,1,1,1,1,1,1,1,1
7456,2.89E-01,1.85E-01,0.246393,4,7456,Not eroded,0,1,1,1,1,1,0,0,0,0,1,1
7459,1.92E-01,2.28E-01,0.3265092,0,7459,ERODED,1,1,1,1,1,1,1,1,1,1,1,1
7461,2.92E-01,1.02E-01,0.2304099,2,7461,Not eroded,0,1,1,1,1,0,0,1,0,1,1,1
7462,2.18E-01,3.00E-01,0.3092784,0,7462,ERODED,1,1,1,1,1,1,1,1,1,1,1,1
7463,2.53E-01,2.14E-01,0.2147649,3,7463,Not eroded,0,1,1,0,0,0,0,1,0,0,1,1
7465,3.17E-01,1.33E-01,0.2530695,5,7465,Not eroded,0,1,1,1,1,1,1,0,0,0,0,1
7467,6.54E-02,5.74E-02,0.2730345,0,7467,Not eroded,0,1,1,1,1,1,1,1,1,1,1,1
7468,1.91E-01,1.34E-01,0.2968507,0,7468,ERODED,1,1,1,1,1,1,1,1,1,1,1,1
7469,1.93E-01,1.89E-01,0.2606853,0,7469,Not eroded,0,1,1,1,1,1,1,1,1,1,1,1
7472,1.78E-01,1.92E-01,0.3176079,0,7472,ERODED,1,1,1,1,1,1,1,1,1,1,1,1
7473,3.14E-01,2.59E-01,0.2969412,0,7473,ERODED,1,1,1,1,1,1,1,1,1,1,1,1
7474,2.02E-01,1.82E-01,0.3259061,0,7474,Not eroded,0,1,1,1,1,1,1,1,1,1,1,1
7476,3.24E-01,8.75E-02,0.2504591,4,7476,Not eroded,0,1,1,1,1,1,1,0,0,0,1,1
7477,1.97E-01,1.78E-01,0.2296327,2,7477,Not eroded,0,1,1,1,0,0,0,1,0,1,1,1
7480,3.12E-01,3.16E-01,0.2789049,0,7480,Not eroded,0,1,1,1,1,1,1,1,1,1,1,1
7484,2.79E-01,6.47E-02,0.319038,0,7484,ERODED,1,1,1,1,1,1,1,1,1,1,1,1
7485,6.47E-02,6.39E-02,0.3246149,0,7485,ERODED,1,1,1,1,1,1,1,1,1,1,1,1
7488,8.21E-02,2.87E-01,0.2103381,3,7488,Not eroded,0,1,1,0,0,0,0,1,0,0,1,1
7495,2.12E-01,6.29E-02,0.2500805,6,7495,Not eroded,0,1,1,1,1,1,1,0,0,0,0,0
7498,1.68E-01,6.53E-02,0.2270849,4,7498,Not eroded,0,1,1,1,0,0,0,0,0,0,1,1
7500,1.38E-01,2.42E-01,0.2739717,2,7500,Not eroded,0,1,1,1,1,1,1,1,0,1,1,1
7506,3.15E-01,2.56E-01,0.2839079,3,7506,Not eroded,0,1,1,1,1,1,1,1,0,0,1,1
7507,1.78E-01,5.59E-02,0.2416789,4,7507,Not eroded,0,1,1,1,1,1,0,0,0,0,1,1
7511,1.57E-01,1.93E-01,0.2803903,0,7511,ERODED,1,1,1,1,1,1,1,1,1,1,1,1
7512,5.67E-02,2.92E-01,0.2184565,0,7512,Not eroded,0,1,1,0,0,0,0,1,1,1,1,1
7513,2.70E-01,5.63E-02,0.31686,0,7513,ERODED,1,1,1,1,1,1,1,1,1,1,1,1
7514,2.17E-01,1.73E-01,0.2541004,5,7514,Not eroded,0,1,1,1,1,1,1,0,0,0,0,1
7515,2.96E-01,1.46E-01,0.2133687,4,7515,Not eroded,0,1,1,0,0,0,0,0,0,0,1,1
7519,2.06E-01,3.16E-01,0.3236884,0,7519,ERODED,1,1,1,1,1,1,1,1,1,1,1,1
7523,1.75E-01,6.66E-02,0.2207248,4,7523,Not eroded,0,1,1,1,0,0,0,0,0,0,1,1
7525,2.95E-01,2.85E-01,0.2436904,4,7525,Not eroded,0,1,1,1,1,1,0,0,0,0,1,1
7528,2.14E-01,2.02E-01,0.2377528,4,7528,Not eroded,0,1,1,1,1,0,0,0,0,0,1,1
7529,1.84E-01,3.05E-01,0.2397789,0,7529,ERODED,1,1,1,1,1,0,0,1,1,1,1,1
7534,3.15E-01,2.91E-01,0.2574196,4,7534,Not eroded,0,1,1,1,1,1,1,0,0,0,1,1
7536,2.63E-01,2.87E-01,0.2192436,4,7536,Not eroded,0,1,1,0,0,0,0,0,0,0,1,1
7539,3.24E-01,2.42E-01,0.2131084,3,7539,Not eroded,0,1,1,0,0,0,0,1,0,0,1,1
7541,1.22E-01,2.61E-01,0.2494242,0,7541,ERODED,1,1,1,1,1,1,0,1,1,1,1,1
7545,5.65E-02,1.44E-01,0.2920804,0,7545,Not eroded,0,1,1,1,1,1,1,1,1,1,1,1
7548,1.58E-01,5.59E-02,0.2495295,5,7548,Not eroded,0,1,1,1,1,1,0,0,0,0,0,1
7558,3.05E-01,2.39E-01,0.2258191,4,7558,Not eroded,0,1,1,1,0,0,0,0,0,0,1,1
7562,7.35E-02,2.93E-01,0.2100106,0,7562,Not eroded,0,1,1,0,0,0,0,1,1,1,1,1
7572,2.46E-01,9.00E-02,0.2781918,3,7572,Not eroded,0,1,1,1,1,1,1,1,0,0,1,1
7578,1.50E-01,2.57E-01,0.3072312,0,7578,ERODED,1,1,1,1,1,1,1,1,1,1,1,1
7587,3.11E-01,1.45E-01,0.2439636,4,7587,Not eroded,0,1,1,1,1,1,0,0,0,0,1,1
7591,1.61E-01,2.07E-01,0.3223581,0,7591,ERODED,1,1,1,1,1,1,1,1,1,1,1,1
7592,1.88E-01,3.24E-01,0.2846098,0,7592,ERODED,1,1,1,1,1,1,1,1,1,1,1,1
7593,1.25E-01,1.42E-01,0.2976413,0,7593,ERODED,1,1,1,1,1,1,1,1,1,1,1,1
7594,2.34E-01,9.72E-02,0.2751214,0,7594,Not eroded,0,1,1,1,1,1,1,1,1,1,1,1
7597,9.78E-02,2.00E-01,0.2258115,4,7597,Not eroded,0,1,1,1,0,0,0,0,0,0,1,1
7599,7.73E-02,2.33E-01,0.2831791,0,7599,ERODED,1,1,1,1,1,1,1,1,1,1,1,1
7600,3.11E-01,2.33E-01,0.230018,6,7600,Not eroded,0,1,1,1,1,0,0,0,0,0,0,0
7601,9.93E-02,2.60E-01,0.2769426,0,7601,ERODED,1,1,1,1,1,1,1,1,1,1,1,1
7602,2.83E-01,5.76E-02,0.2914653,4,7602,Not eroded,0,1,1,1,1,1,1,0,0,0,1,1
7606,2.90E-01,2.67E-01,0.2754726,6,7606,Not eroded,0,1,1,1,1,1,1,0,0,0,0,0
7607,2.44E-01,3.09E-01,0.2753032,5,7607,Not eroded,0,1,1,1,1,1,1,0,0,0,0,1
7608,6.12E-02,1.91E-01,0.2656177,0,7608,Not eroded,0,1,1,1,1,1,1,1,1,1,1,1
7609,2.66E-01,3.17E-01,0.2369212,5,7609,Not eroded,0,1,1,1,1,0,0,0,0,0,0,1
7612,2.03E-01,3.24E-01,0.299578,0,7612,ERODED,1,1,1,1,1,1,1,1,1,1,1,1
7615,1.73E-01,2.53E-01,0.2833598,0,7615,ERODED,1,1,1,1,1,1,1,1,1,1,1,1
7619,2.06E-01,1.85E-01,0.2914554,4,7619,Not eroded,0,1,1,1,1,1,1,0,0,0,1,1
7622,1.30E-01,2.68E-01,0.2499673,0,7622,ERODED,1,1,1,1,1,1,0,1,1,1,1,1
7625,2.11E-01,2.67E-01,0.2323917,2,7625,Not eroded,0,1,1,1,1,0,0,1,0,1,1,1
7630,1.57E-01,1.34E-01,0.232569,5,7630,Not eroded,0,1,1,1,1,0,0,0,0,0,0,1
7632,1.64E-01,6.22E-02,0.2448861,5,7632,Not eroded,0,1,1,1,1,1,0,0,0,0,0,1
7635,2.63E-01,1.61E-01,0.2458986,0,7635,Not eroded,0,1,1,1,1,1,0,1,1,1,1,1
7642,1.20E-01,2.73E-01,0.2329118,0,7642,ERODED,1,1,1,1,1,0,0,1,1,1,1,1
7643,1.51E-01,6.96E-02,0.2286938,2,7643,Not eroded,0,1,1,1,0,0,0,1,0,1,1,1
7644,2.08E-01,8.97E-02,0.2801851,0,7644,Not eroded,0,1,1,1,1,1,1,1,1,1,1,1
7645,2.74E-01,3.24E-01,0.2534302,3,7645,Not eroded,0,1,1,1,1,1,1,1,0,0,1,1
7647,9.89E-02,1.59E-01,0.2705362,0,7647,Not eroded,0,1,1,1,1,1,1,1,1,1,1,1
7648,1.62E-01,1.47E-01,0.2193222,3,7648,Not eroded,0,1,1,0,0,0,0,1,0,0,1,1
7652,2.88E-01,1.76E-01,0.2857457,0,7652,Not eroded,0,1,1,1,1,1,1,1,1,1,1,1
7653,2.24E-01,2.54E-01,0.2984817,3,7653,Not eroded,0,1,1,1,1,1,1,1,0,0,1,1
7655,1.09E-01,2.95E-01,0.279178,0,7655,ERODED,1,1,1,1,1,1,1,1,1,1,1,1
7656,5.65E-02,1.27E-01,0.2507545,0,7656,Not eroded,0,1,1,1,1,1,1,1,1,1,1,1
7658,2.22E-01,3.24E-01,0.2726086,2,7658,Not eroded,0,1,1,1,1,1,1,1,0,1,1,1
7663,3.24E-01,1.22E-01,0.2435206,2,7663,Not eroded,0,1,1,1,1,1,0,1,0,1,1,1
7664,1.79E-01,5.60E-02,0.3196663,0,7664,ERODED,1,1,1,1,1,1,1,1,1,1,1,1
7667,1.60E-01,2.34E-01,0.239431,3,7667,Not eroded,0,1,1,1,1,0,0,1,0,0,1,1
7671,2.39E-01,1.50E-01,0.3144844,0,7671,ERODED,1,1,1,1,1,1,1,1,1,1,1,1
7674,1.15E-01,5.59E-02,0.2551516,3,7674,Not eroded,0,1,1,1,1,1,1,1,0,0,1,1
7675,1.18E-01,1.87E-01,0.2910334,2,7675,Not eroded,0,1,1,1,1,1,1,1,0,1,1,1
7678,2.88E-01,1.48E-01,0.2992191,0,7678,ERODED,1,1,1,1,1,1,1,1,1,1,1,1
7683,2.08E-01,2.30E-01,0.3099108,0,7683,ERODED,1,1,1,1,1,1,1,1,1,1,1,1
7685,2.24E-01,3.15E-01,0.2619337,0,7685,Not eroded,0,1,1,1,1,1,1,1,1,1,1,1
7687,1.32E-01,1.22E-01,0.308089,0,7687,ERODED,1,1,1,1,1,1,1,1,1,1,1,1
7688,1.33E-01,8.05E-02,0.2491602,4,7688,Not eroded,0,1,1,1,1,1,0,0,0,0,1,1
7694,1.32E-01,2.91E-01,0.2902396,0,7694,ERODED,1,1,1,1,1,1,1,1,1,1,1,1
7695,5.65E-02,2.88E-01,0.3092953,0,7695,ERODED,1,1,1,1,1,1,1,1,1,1,1,1
7697,6.96E-02,2.75E-01,0.2362397,0,7697,Not eroded,0,1,1,1,1,0,0,1,1,1,1,1
7699,5.72E-02,7.42E-02,0.3105003,0,7699,ERODED,1,1,1,1,1,1,1,1,1,1,1,1
7705,9.94E-02,1.27E-01,0.2628083,0,7705,Not eroded,0,1,1,1,1,1,1,1,1,1,1,1
7709,9.00E-02,2.97E-01,0.2202605,3,7709,Not eroded,0,1,1,1,0,0,0,1,0,0,1,1
7710,3.24E-01,2.96E-01,0.2508537,0,7710,Not eroded,0,1,1,1,1,1,1,1,1,1,1,1
7711,1.64E-01,3.06E-01,0.2864169,0,7711,ERODED,1,1,1,1,1,1,1,1,1,1,1,1
7712,1.28E-01,2.87E-01,0.2235343,0,7712,Not eroded,0,1,1,1,0,0,0,1,1,1,1,1
7715,2.97E-01,2.13E-01,0.2408383,5,7715,Not eroded,0,1,1,1,1,1,0,0,0,0,0,1
7721,1.89E-01,9.83E-02,0.2425632,0,7721,Not eroded,0,1,1,1,1,1,0,1,1,1,1,1
7722,2.51E-01,1.00E-01,0.2560803,4,7722,Not eroded,0,1,1,1,1,1,1,0,0,0,1,1
7726,3.24E-01,3.08E-01,0.2944492,0,7726,Not eroded,0,1,1,1,1,1,1,1,1,1,1,1
7727,2.79E-01,2.79E-01,0.2224241,4,7727,Not eroded,0,1,1,1,0,0,0,0,0,0,1,1
7732,1.77E-01,1.95E-01,0.2681408,3,7732,Not eroded,0,1,1,1,1,1,1,1,0,0,1,1
7735,1.31E-01,2.83E-01,0.262962,0,7735,ERODED,1,1,1,1,1,1,1,1,1,1,1,1
7736,3.09E-01,1.20E-01,0.278191,3,7736,Not eroded,0,1,1,1,1,1,1,1,0,0,1,1
7737,1.79E-01,2.14E-01,0.2599106,5,7737,Not eroded,0,1,1,1,1,1,1,0,0,0,0,1
7740,2.70E-01,1.19E-01,0.2850346,0,7740,ERODED,1,1,1,1,1,1,1,1,1,1,1,1
7741,3.15E-01,2.16E-01,0.2304083,6,7741,Not eroded,0,1,1,1,1,0,0,0,0,0,0,0
7749,2.01E-01,1.90E-01,0.2986653,0,7749,Not eroded,0,1,1,1,1,1,1,1,1,1,1,1
7751,1.97E-01,2.64E-01,0.2741426,0,7751,Not eroded,0,1,1,1,1,1,1,1,1,1,1,1
7759,2.77E-01,2.54E-01,0.2545485,3,7759,Not eroded,0,1,1,1,1,1,1,1,0,0,1,1
7761,1.86E-01,2.57E-01,0.22774,0,7761,Not eroded,0,1,1,1,0,0,0,1,1,1,1,1
7763,2.02E-01,1.08E-01,0.228143,0,7763,Not eroded,0,1,1,1,0,0,0,1,1,1,1,1
7766,2.14E-01,1.89E-01,0.2249225,4,7766,Not eroded,0,1,1,1,0,0,0,0,0,0,1,1
7767,3.24E-01,1.50E-01,0.2531329,4,7767,Not eroded,0,1,1,1,1,1,1,0,0,0,1,1
7770,8.75E-02,1.68E-01,0.2978091,0,7770,ERODED,1,1,1,1,1,1,1,1,1,1,1,1
7773,3.18E-01,2.65E-01,0.2838474,7,7773,Not eroded,0,1,1,1,1,1,1,0,0,0,0,0
7774,3.19E-01,5.61E-02,0.2401291,0,7774,Not eroded,0,1,1,1,1,1,0,1,1,1,1,1
7776,1.83E-01,2.24E-01,0.3077143,0,7776,Not eroded,0,1,1,1,1,1,1,1,1,1,1,1
7780,2.18E-01,2.41E-01,0.3102169,0,7780,ERODED,1,1,1,1,1,1,1,1,1,1,1,1
7784,1.70E-01,5.61E-02,0.313862,0,7784,ERODED,1,1,1,1,1,1,1,1,1,1,1,1
7785,1.32E-01,2.07E-01,0.2174932,2,7785,Not eroded,0,1,1,0,0,0,0,1,0,1,1,1
7788,1.09E-01,3.06E-01,0.3204149,0,7788,ERODED,1,1,1,1,1,1,1,1,1,1,1,1
7791,9.45E-02,2.73E-01,0.2693258,0,7791,ERODED,1,1,1,1,1,1,1,1,1,1,1,1
7795,6.73E-02,2.59E-01,0.2889208,0,7795,ERODED,1,1,1,1,1,1,1,1,1,1,1,1
7797,2.54E-01,9.75E-02,0.274623,5,7797,Not eroded,0,1,1,1,1,1,1,0,0,0,0,1
7798,1.22E-01,2.81E-01,0.258828,0,7798,ERODED,1,1,1,1,1,1,1,1,1,1,1,1
7801,2.81E-01,2.92E-01,0.3071721,3,7801,Not eroded,0,1,1,1,1,1,1,1,0,0,1,1
7804,6.63E-02,1.12E-01,0.2206205,3,7804,Not eroded,0,1,1,1,0,0,0,1,0,0,1,1
7805,1.50E-01,1.11E-01,0.3249924,0,7805,Not eroded,0,1,1,1,1,1,1,1,1,1,1,1
7807,2.93E-01,2.27E-01,0.2270483,4,7807,Not eroded,0,1,1,1,0,0,0,0,0,0,1,1
7809,7.20E-02,2.83E-01,0.320039,0,7809,ERODED,1,1,1,1,1,1,1,1,1,1,1,1
7816,1.42E-01,1.28E-01,0.3202386,0,7816,ERODED,1,1,1,1,1,1,1,1,1,1,1,1
7819,2.16E-01,2.20E-01,0.2513414,0,7819,Not eroded,0,1,1,1,1,1,1,1,1,1,1,1
7820,2.69E-01,9.60E-02,0.2228215,0,7820,Not eroded,0,1,1,1,0,0,0,1,1,1,1,1
7822,1.45E-01,3.10E-01,0.2709253,0,7822,ERODED,1,1,1,1,1,1,1,1,1,1,1,1
7827,2.78E-01,2.34E-01,0.2264396,4,7827,Not eroded,0,1,1,1,0,0,0,0,0,0,1,1
7830,3.24E-01,1.58E-01,0.2826874,3,7830,Not eroded,0,1,1,1,1,1,1,1,0,0,1,1
7831,1.23E-01,2.07E-01,0.2445098,0,7831,Not eroded,0,1,1,1,1,1,0,1,1,1,1,1
7833,1.23E-01,7.78E-02,0.2481273,3,7833,Not eroded,0,1,1,1,1,1,0,1,0,0,1,1
7834,7.64E-02,2.53E-01,0.2877169,0,7834,ERODED,1,1,1,1,1,1,1,1,1,1,1,1
7837,1.80E-01,5.60E-02,0.3024964,0,7837,ERODED,1,1,1,1,1,1,1,1,1,1,1,1
7843,2.39E-01,2.43E-01,0.2759279,0,7843,Not eroded,0,1,1,1,1,1,1,1,1,1,1,1
7845,6.61E-02,1.70E-01,0.2427079,0,7845,Not eroded,0,1,1,1,1,1,0,1,1,1,1,1
7846,1.36E-01,1.16E-01,0.3268623,0,7846,ERODED,1,1,1,1,1,1,1,1,1,1,1,1
7848,1.82E-01,1.90E-01,0.2596512,2,7848,Not eroded,0,1,1,1,1,1,1,1,0,1,1,1
7852,1.91E-01,1.75E-01,0.2944842,5,7852,Not eroded,0,1,1,1,1,1,1,0,0,0,0,1
7855,1.00E-01,1.32E-01,0.2927058,0,7855,ERODED,1,1,1,1,1,1,1,1,1,1,1,1
7859,9.10E-02,2.51E-01,0.2959891,0,7859,ERODED,1,1,1,1,1,1,1,1,1,1,1,1
7862,1.00E-01,1.27E-01,0.2258402,0,7862,Not eroded,0,1,1,1,0,0,0,1,1,1,1,1
7866,2.54E-01,1.04E-01,0.2823292,3,7866,Not eroded,0,1,1,1,1,1,1,1,0,0,1,1
7870,1.51E-01,2.08E-01,0.2295281,4,7870,Not eroded,0,1,1,1,0,0,0,0,0,0,1,1
7871,2.95E-01,2.83E-01,0.2535243,6,7871,Not eroded,0,1,1,1,1,1,1,0,0,0,0,0
7872,1.27E-01,1.74E-01,0.2985473,0,7872,ERODED,1,1,1,1,1,1,1,1,1,1,1,1
7879,1.81E-01,2.74E-01,0.2986228,4,7879,Not eroded,0,1,1,1,1,1,1,0,0,0,1,1
7880,3.05E-01,5.86E-02,0.280769,3,7880,Not eroded,0,1,1,1,1,1,1,1,0,0,1,1
7881,1.75E-01,1.83E-01,0.298619,3,7881,Not eroded,0,1,1,1,1,1,1,1,0,0,1,1
7882,3.16E-01,1.99E-01,0.2661123,5,7882,Not eroded,0,1,1,1,1,1,1,0,0,0,0,1
7885,6.78E-02,1.04E-01,0.2123371,4,7885,Not eroded,0,1,1,0,0,0,0,0,0,0,1,1
7887,2.56E-01,1.60E-01,0.2533586,3,7887,Not eroded,0,1,1,1,1,1,1,1,0,0,1,1
7888,2.30E-01,2.06E-01,0.3028081,0,7888,ERODED,1,1,1,1,1,1,1,1,1,1,1,1
7891,7.97E-02,1.26E-01,0.2534126,0,7891,Not eroded,0,1,1,1,1,1,1,1,1,1,1,1
7893,9.40E-02,2.50E-01,0.2362024,3,7893,Not eroded,0,1,1,1,1,0,0,1,0,0,1,1
7900,2.29E-01,2.64E-01,0.2493527,0,7900,Not eroded,0,1,1,1,1,1,0,1,1,1,1,1
7904,2.13E-01,2.95E-01,0.3251667,0,7904,ERODED,1,1,1,1,1,1,1,1,1,1,1,1
7906,2.89E-01,2.87E-01,0.310628,2,7906,Not eroded,0,1,1,1,1,1,1,1,0,1,1,1
7907,1.28E-01,1.30E-01,0.2420532,5,7907,Not eroded,0,1,1,1,1,1,0,0,0,0,0,1
7913,2.73E-01,6.89E-02,0.2405201,0,7913,Not eroded,0,1,1,1,1,1,0,1,1,1,1,1
7914,6.57E-02,1.93E-01,0.253403,0,7914,Not eroded,0,1,1,1,1,1,1,1,1,1,1,1
7920,6.72E-02,9.45E-02,0.2105385,3,7920,Not eroded,0,1,1,0,0,0,0,1,0,0,1,1
7922,7.29E-02,2.38E-01,0.2714909,0,7922,ERODED,1,1,1,1,1,1,1,1,1,1,1,1
7927,1.52E-01,3.24E-01,0.2492302,3,7927,ERODED,1,1,1,1,1,1,0,1,0,0,1,1
7930,3.15E-01,3.24E-01,0.2696155,0,7930,Not eroded,0,1,1,1,1,1,1,1,1,1,1,1
7932,8.57E-02,6.57E-02,0.2558652,4,7932,Not eroded,0,1,1,1,1,1,1,0,0,0,1,1
7933,9.13E-02,3.16E-01,0.2129786,6,7933,Not eroded,0,1,1,0,0,0,0,0,0,0,0,0
7938,2.04E-01,1.55E-01,0.2857109,3,7938,Not eroded,0,1,1,1,1,1,1,1,0,0,1,1
7944,6.72E-02,9.83E-02,0.2202986,4,7944,Not eroded,0,1,1,1,0,0,0,0,0,0,1,1
7946,2.97E-01,1.96E-01,0.2439048,5,7946,Not eroded,0,1,1,1,1,1,0,0,0,0,0,1
7954,2.85E-01,2.33E-01,0.2336942,5,7954,Not eroded,0,1,1,1,1,0,0,0,0,0,0,1
7955,1.29E-01,1.67E-01,0.2326944,3,7955,Not eroded,0,1,1,1,1,0,0,1,0,0,1,1
7957,1.17E-01,2.01E-01,0.2214308,0,7957,Not eroded,0,1,1,1,0,0,0,1,1,1,1,1
7958,8.97E-02,1.87E-01,0.2832008,0,7958,ERODED,1,1,1,1,1,1,1,1,1,1,1,1
7959,6.40E-02,9.68E-02,0.2363682,5,7959,Not eroded,0,1,1,1,1,0,0,0,0,0,0,1
7961,1.00E-01,2.26E-01,0.2827392,0,7961,ERODED,1,1,1,1,1,1,1,1,1,1,1,1
7962,5.65E-02,1.07E-01,0.2288139,5,7962,Not eroded,0,1,1,1,0,0,0,0,0,0,0,1
7964,1.65E-01,2.08E-01,0.2374193,0,7964,Not eroded,0,1,1,1,1,0,0,1,1,1,1,1
7966,2.48E-01,1.10E-01,0.2555341,3,7966,Not eroded,0,1,1,1,1,1,1,1,0,0,1,1
7969,2.51E-01,3.11E-01,0.2871971,0,7969,Not eroded,0,1,1,1,1,1,1,1,1,1,1,1
7970,1.63E-01,5.60E-02,0.3068134,0,7970,ERODED,1,1,1,1,1,1,1,1,1,1,1,1
7973,3.12E-01,5.59E-02,0.2634782,4,7973,Not eroded,0,1,1,1,1,1,1,0,0,0,1,1
7976,3.24E-01,3.16E-01,0.2682846,0,7976,Not eroded,0,1,1,1,1,1,1,1,1,1,1,1
7977,2.21E-01,1.01E-01,0.2967366,0,7977,ERODED,1,1,1,1,1,1,1,1,1,1,1,1
7982,2.08E-01,1.91E-01,0.2168262,4,7982,Not eroded,0,1,1,0,0,0,0,0,0,0,1,1
7984,2.41E-01,3.18E-01,0.2780952,4,7984,Not eroded,0,1,1,1,1,1,1,0,0,0,1,1
7986,2.90E-01,2.59E-01,0.2248991,4,7986,Not eroded,0,1,1,1,0,0,0,0,0,0,1,1
7992,1.39E-01,2.88E-01,0.3185101,0,7992,ERODED,1,1,1,1,1,1,1,1,1,1,1,1
7993,3.25E-01,2.82E-01,0.26478,3,7993,Not eroded,0,1,1,1,1,1,1,1,0,0,1,1
8002,1.56E-01,2.65E-01,0.2127935,4,8002,Not eroded,0,1,1,0,0,0,0,0,0,0,1,1
8004,2.81E-01,1.91E-01,0.3259945,0,8004,ERODED,1,1,1,1,1,1,1,1,1,1,1,1
8007,1.65E-01,2.19E-01,0.2988341,0,8007,ERODED,1,1,1,1,1,1,1,1,1,1,1,1
8012,2.43E-01,1.28E-01,0.2617028,5,8012,Not eroded,0,1,1,1,1,1,1,0,0,0,0,1
8017,6.69E-02,2.70E-01,0.2935128,0,8017,ERODED,1,1,1,1,1,1,1,1,1,1,1,1
8026,1.35E-01,1.89E-01,0.2142763,0,8026,Not eroded,0,1,1,0,0,0,0,1,1,1,1,1
8027,2.98E-01,2.23E-01,0.2422039,7,8027,Not eroded,0,1,1,1,1,1,0,0,0,0,0,0
8031,2.34E-01,1.32E-01,0.2729317,0,8031,Not eroded,0,1,1,1,1,1,1,1,1,1,1,1
8034,2.45E-01,1.77E-01,0.2156151,6,8034,Not eroded,0,1,1,0,0,0,0,0,0,0,0,0
8045,7.67E-02,6.18E-02,0.2539368,3,8045,Not eroded,0,1,1,1,1,1,1,1,0,0,1,1
8046,2.72E-01,8.03E-02,0.2630197,3,8046,Not eroded,0,1,1,1,1,1,1,1,0,0,1,1
8048,1.50E-01,7.99E-02,0.2214874,4,8048,Not eroded,0,1,1,1,0,0,0,0,0,0,1,1
8050,1.68E-01,2.90E-01,0.2255757,3,8050,Not eroded,0,1,1,1,0,0,0,1,0,0,1,1
8052,2.81E-01,1.55E-01,0.2937565,0,8052,ERODED,1,1,1,1,1,1,1,1,1,1,1,1
8056,8.53E-02,1.44E-01,0.2518856,3,8056,Not eroded,0,1,1,1,1,1,1,1,0,0,1,1
8057,1.30E-01,1.84E-01,0.3222276,0,8057,ERODED,1,1,1,1,1,1,1,1,1,1,1,1
8062,1.06E-01,1.51E-01,0.2669705,0,8062,Not eroded,0,1,1,1,1,1,1,1,1,1,1,1
8067,3.18E-01,2.15E-01,0.2112021,0,8067,Not eroded,0,1,1,0,0,0,0,1,1,1,1,1
8068,3.24E-01,1.43E-01,0.2423487,3,8068,Not eroded,0,1,1,1,1,1,0,1,0,0,1,1
8070,8.26E-02,2.58E-01,0.2436407,5,8070,Not eroded,0,1,1,1,1,1,0,0,0,0,0,1
8071,1.24E-01,3.15E-01,0.2751329,0,8071,ERODED,1,1,1,1,1,1,1,1,1,1,1,1
8073,3.21E-01,3.24E-01,0.243552,0,8073,Not eroded,0,1,1,1,1,1,0,1,1,1,1,1
8078,3.24E-01,1.22E-01,0.2303731,0,8078,Not eroded,0,1,1,1,1,0,0,1,1,1,1,1
8079,2.43E-01,2.58E-01,0.2869142,7,8079,Not eroded,0,1,1,1,1,1,1,0,0,0,0,0
8081,9.79E-02,2.64E-01,0.2611073,0,8081,ERODED,1,1,1,1,1,1,1,1,1,1,1,1
8082,3.24E-01,5.59E-02,0.2594005,3,8082,Not eroded,0,1,1,1,1,1,1,1,0,0,1,1
8088,5.66E-02,1.29E-01,0.2134267,2,8088,Not eroded,0,1,1,0,0,0,0,1,0,1,1,1
8096,1.61E-01,1.60E-01,0.221853,4,8096,Not eroded,0,1,1,1,0,0,0,0,0,0,1,1
8098,2.07E-01,1.10E-01,0.3197019,0,8098,ERODED,1,1,1,1,1,1,1,1,1,1,1,1
8099,2.82E-01,2.27E-01,0.2587941,6,8099,Not eroded,0,1,1,1,1,1,1,0,0,0,0,0
8106,1.79E-01,1.78E-01,0.2352657,0,8106,Not eroded,0,1,1,1,1,0,0,1,1,1,1,1
8107,5.67E-02,5.59E-02,0.2214074,0,8107,Not eroded,0,1,1,1,0,0,0,1,1,1,1,1
8108,9.45E-02,2.81E-01,0.2640871,0,8108,ERODED,1,1,1,1,1,1,1,1,1,1,1,1
8116,2.39E-01,2.48E-01,0.2150663,2,8116,Not eroded,0,1,1,0,0,0,0,1,0,1,1,1
8118,5.65E-02,5.59E-02,0.2774065,0,8118,ERODED,1,1,1,1,1,1,1,1,1,1,1,1
8126,2.23E-01,3.09E-01,0.3139882,0,8126,ERODED,1,1,1,1,1,1,1,1,1,1,1,1
8127,3.24E-01,7.63E-02,0.2506773,3,8127,Not eroded,0,1,1,1,1,1,1,1,0,0,1,1
8128,8.30E-02,5.60E-02,0.2801578,0,8128,Not eroded,0,1,1,1,1,1,1,1,1,1,1,1
8132,1.03E-01,1.31E-01,0.313318,0,8132,ERODED,1,1,1,1,1,1,1,1,1,1,1,1
8134,3.09E-01,2.10E-01,0.2943639,3,8134,Not eroded,0,1,1,1,1,1,1,1,0,0,1,1
8135,2.59E-01,5.59E-02,0.2222015,5,8135,Not eroded,0,1,1,1,0,0,0,0,0,0,0,1
8138,2.91E-01,6.48E-02,0.2913344,4,8138,Not eroded,0,1,1,1,1,1,1,0,0,0,1,1
8139,2.02E-01,1.71E-01,0.2640854,3,8139,Not eroded,0,1,1,1,1,1,1,1,0,0,1,1
8141,8.20E-02,2.35E-01,0.274412,0,8141,ERODED,1,1,1,1,1,1,1,1,1,1,1,1
8143,6.64E-02,2.75E-01,0.302382,2,8143,ERODED,1,1,1,1,1,1,1,1,0,1,1,1
8153,8.58E-02,2.04E-01,0.2860646,3,8153,Not eroded,0,1,1,1,1,1,1,1,0,0,1,1
8154,2.12E-01,2.97E-01,0.2620869,0,8154,Not eroded,0,1,1,1,1,1,1,1,1,1,1,1
8156,1.17E-01,5.59E-02,0.2412264,0,8156,Not eroded,0,1,1,1,1,1,0,1,1,1,1,1
8157,2.49E-01,2.22E-01,0.2623289,0,8157,Not eroded,0,1,1,1,1,1,1,1,1,1,1,1
8158,3.17E-01,1.82E-01,0.2479665,4,8158,Not eroded,0,1,1,1,1,1,0,0,0,0,1,1
8159,6.43E-02,1.05E-01,0.2622669,4,8159,Not eroded,0,1,1,1,1,1,1,0,0,0,1,1
8161,2.02E-01,1.35E-01,0.2347533,0,8161,Not eroded,0,1,1,1,1,0,0,1,1,1,1,1
8163,1.98E-01,2.87E-01,0.2700818,3,8163,Not eroded,0,1,1,1,1,1,1,1,0,0,1,1
8166,9.00E-02,1.49E-01,0.2941529,0,8166,Not eroded,0,1,1,1,1,1,1,1,1,1,1,1
8171,2.08E-01,1.13E-01,0.2207606,3,8171,Not eroded,0,1,1,1,0,0,0,1,0,0,1,1
8172,2.30E-01,2.80E-01,0.2604789,0,8172,Not eroded,0,1,1,1,1,1,1,1,1,1,1,1
8173,9.82E-02,2.55E-01,0.2436937,3,8173,Not eroded,0,1,1,1,1,1,0,1,0,0,1,1
8181,3.05E-01,2.54E-01,0.3303684,0,8181,ERODED,1,1,1,1,1,1,1,1,1,1,1,1
8182,2.93E-01,2.57E-01,0.3155835,0,8182,Not eroded,0,1,1,1,1,1,1,1,1,1,1,1
8189,2.80E-01,1.23E-01,0.263107,3,8189,Not eroded,0,1,1,1,1,1,1,1,0,0,1,1
8192,2.02E-01,1.22E-01,0.2482824,0,8192,Not eroded,0,1,1,1,1,1,0,1,1,1,1,1
8193,3.04E-01,9.03E-02,0.2848603,0,8193,Not eroded,0,1,1,1,1,1,1,1,1,1,1,1
8195,1.15E-01,3.14E-01,0.283907,0,8195,ERODED,1,1,1,1,1,1,1,1,1,1,1,1
8197,3.01E-01,2.06E-01,0.2975285,4,8197,Not eroded,0,1,1,1,1,1,1,0,0,0,1,1
8198,2.84E-01,7.84E-02,0.3246398,0,8198,ERODED,1,1,1,1,1,1,1,1,1,1,1,1
8199,3.17E-01,1.59E-01,0.2905135,6,8199,Not eroded,0,1,1,1,1,1,1,0,0,0,0,0
8200,8.78E-02,2.62E-01,0.3016891,0,8200,ERODED,1,1,1,1,1,1,1,1,1,1,1,1
8203,1.54E-01,3.24E-01,0.2116965,3,8203,Not eroded,0,1,1,0,0,0,0,1,0,0,1,1
8206,1.08E-01,6.55E-02,0.2368803,6,8206,Not eroded,0,1,1,1,1,0,0,0,0,0,0,0
8213,2.98E-01,2.69E-01,0.2961014,4,8213,Not eroded,0,1,1,1,1,1,1,0,0,0,1,1
8214,1.54E-01,2.55E-01,0.2613938,0,8214,Not eroded,0,1,1,1,1,1,1,1,1,1,1,1
8217,7.52E-02,2.74E-01,0.2976568,0,8217,ERODED,1,1,1,1,1,1,1,1,1,1,1,1
8219,2.87E-01,2.63E-01,0.2668533,6,8219,Not eroded,0,1,1,1,1,1,1,0,0,0,0,0
8220,3.05E-01,2.85E-01,0.2410658,4,8220,Not eroded,0,1,1,1,1,1,0,0,0,0,1,1
8221,2.93E-01,7.63E-02,0.2898961,4,8221,Not eroded,0,1,1,1,1,1,1,0,0,0,1,1
8222,1.15E-01,1.38E-01,0.3236139,0,8222,ERODED,1,1,1,1,1,1,1,1,1,1,1,1
8224,1.08E-01,2.21E-01,0.2993975,0,8224,ERODED,1,1,1,1,1,1,1,1,1,1,1,1
8226,8.56E-02,9.44E-02,0.2838907,0,8226,Not eroded,0,1,1,1,1,1,1,1,1,1,1,1
8229,1.60E-01,1.35E-01,0.2162632,5,8229,Not eroded,0,1,1,0,0,0,0,0,0,0,0,1
8230,3.24E-01,8.17E-02,0.2422923,3,8230,Not eroded,0,1,1,1,1,1,0,1,0,0,1,1
8233,6.88E-02,2.30E-01,0.2879437,0,8233,ERODED,1,1,1,1,1,1,1,1,1,1,1,1
8234,3.24E-01,1.76E-01,0.2516339,2,8234,Not eroded,0,1,1,1,1,1,1,1,0,1,1,1
8237,1.49E-01,2.06E-01,0.3240828,0,8237,ERODED,1,1,1,1,1,1,1,1,1,1,1,1
8240,1.16E-01,1.25E-01,0.3200842,0,8240,ERODED,1,1,1,1,1,1,1,1,1,1,1,1
8241,1.51E-01,3.14E-01,0.2204621,4,8241,Not eroded,0,1,1,1,0,0,0,0,0,0,1,1
8245,8.94E-02,3.19E-01,0.3314993,0,8245,ERODED,1,1,1,1,1,1,1,1,1,1,1,1
8259,1.41E-01,2.51E-01,0.3191917,0,8259,ERODED,1,1,1,1,1,1,1,1,1,1,1,1
8263,8.83E-02,1.66E-01,0.2860986,0,8263,ERODED,1,1,1,1,1,1,1,1,1,1,1,1
8264,2.14E-01,2.52E-01,0.3184653,0,8264,ERODED,1,1,1,1,1,1,1,1,1,1,1,1
8267,6.05E-02,1.66E-01,0.2737684,4,8267,Not eroded,0,1,1,1,1,1,1,0,0,0,1,1
8271,2.23E-01,2.97E-01,0.3249838,0,8271,ERODED,1,1,1,1,1,1,1,1,1,1,1,1
8277,3.10E-01,1.52E-01,0.2374706,5,8277,Not eroded,0,1,1,1,1,0,0,0,0,0,0,1
8283,1.86E-01,2.37E-01,0.2498175,4,8283,Not eroded,0,1,1,1,1,1,0,0,0,0,1,1
8284,1.07E-01,6.04E-02,0.2284523,4,8284,Not eroded,0,1,1,1,0,0,0,0,0,0,1,1
8285,1.62E-01,3.24E-01,0.2515743,0,8285,ERODED,1,1,1,1,1,1,1,1,1,1,1,1
8288,1.77E-01,2.83E-01,0.2962083,5,8288,Not eroded,0,1,1,1,1,1,1,0,0,0,0,1
8293,2.07E-01,2.04E-01,0.210995,2,8293,Not eroded,0,1,1,0,0,0,0,1,0,1,1,1
8294,2.93E-01,2.13E-01,0.2525443,5,8294,Not eroded,0,1,1,1,1,1,1,0,0,0,0,1
8295,1.55E-01,3.03E-01,0.2619388,0,8295,ERODED,1,1,1,1,1,1,1,1,1,1,1,1
8296,2.09E-01,1.94E-01,0.256321,4,8296,Not eroded,0,1,1,1,1,1,1,0,0,0,1,1
8298,1.15E-01,2.82E-01,0.2670005,0,8298,ERODED,1,1,1,1,1,1,1,1,1,1,1,1
8302,7.34E-02,1.51E-01,0.2633802,3,8302,Not eroded,0,1,1,1,1,1,1,1,0,0,1,1
8321,2.28E-01,1.39E-01,0.2639863,0,8321,Not eroded,0,1,1,1,1,1,1,1,1,1,1,1
8324,5.65E-02,1.34E-01,0.2868399,3,8324,Not eroded,0,1,1,1,1,1,1,1,0,0,1,1
8325,9.45E-02,2.48E-01,0.2843624,0,8325,ERODED,1,1,1,1,1,1,1,1,1,1,1,1
8332,1.32E-01,7.34E-02,0.2560592,7,8332,Not eroded,0,1,1,1,1,1,1,0,0,0,0,0
8333,1.93E-01,2.89E-01,0.2882241,4,8333,Not eroded,0,1,1,1,1,1,1,0,0,0,1,1
8334,1.99E-01,1.84E-01,0.3068904,3,8334,Not eroded,0,1,1,1,1,1,1,1,0,0,1,1
8335,2.41E-01,9.14E-02,0.2697538,4,8335,Not eroded,0,1,1,1,1,1,1,0,0,0,1,1
8339,2.18E-01,1.99E-01,0.2817569,5,8339,Not eroded,0,1,1,1,1,1,1,0,0,0,0,1
8342,3.24E-01,6.48E-02,0.2436453,0,8342,Not eroded,0,1,1,1,1,1,0,1,1,1,1,1
8343,3.12E-01,1.50E-01,0.2524943,4,8343,Not eroded,0,1,1,1,1,1,1,0,0,0,1,1
8348,5.65E-02,1.20E-01,0.2438297,4,8348,Not eroded,0,1,1,1,1,1,0,0,0,0,1,1
8349,3.19E-01,1.49E-01,0.2361553,5,8349,Not eroded,0,1,1,1,1,0,0,0,0,0,0,1
8352,1.78E-01,2.73E-01,0.2255537,0,8352,Not eroded,0,1,1,1,0,0,0,1,1,1,1,1
8357,2.27E-01,3.00E-01,0.3162278,0,8357,ERODED,1,1,1,1,1,1,1,1,1,1,1,1
8359,7.64E-02,1.43E-01,0.2563921,3,8359,Not eroded,0,1,1,1,1,1,1,1,0,0,1,1
8360,2.60E-01,2.26E-01,0.2987299,3,8360,Not eroded,0,1,1,1,1,1,1,1,0,0,1,1
8361,2.88E-01,9.10E-02,0.2105692,0,8361,Not eroded,0,1,1,0,0,0,0,1,1,1,1,1
8362,2.60E-01,9.29E-02,0.3057561,0,8362,ERODED,1,1,1,1,1,1,1,1,1,1,1,1
8369,3.24E-01,5.61E-02,0.2207602,0,8369,Not eroded,0,1,1,1,0,0,0,1,1,1,1,1
8371,2.54E-01,1.74E-01,0.2130437,6,8371,Not eroded,0,1,1,0,0,0,0,0,0,0,0,0
8373,1.40E-01,1.73E-01,0.2477626,6,8373,Not eroded,0,1,1,1,1,1,0,0,0,0,0,0
8375,3.24E-01,3.10E-01,0.2161741,3,8375,Not eroded,0,1,1,0,0,0,0,1,0,0,1,1
8383,2.27E-01,2.07E-01,0.3164391,0,8383,ERODED,1,1,1,1,1,1,1,1,1,1,1,1
8384,1.89E-01,8.39E-02,0.2917654,0,8384,Not eroded,0,1,1,1,1,1,1,1,1,1,1,1
8391,6.58E-02,5.59E-02,0.263161,0,8391,Not eroded,0,1,1,1,1,1,1,1,1,1,1,1
8394,1.03E-01,1.66E-01,0.2243627,0,8394,Not eroded,0,1,1,1,0,0,0,1,1,1,1,1
8398,1.93E-01,5.60E-02,0.2914865,0,8398,ERODED,1,1,1,1,1,1,1,1,1,1,1,1
8401,5.65E-02,2.15E-01,0.2433742,3,8401,Not eroded,0,1,1,1,1,1,0,1,0,0,1,1
8402,2.23E-01,1.60E-01,0.3137942,0,8402,ERODED,1,1,1,1,1,1,1,1,1,1,1,1
8406,5.65E-02,1.09E-01,0.2570542,3,8406,Not eroded,0,1,1,1,1,1,1,1,0,0,1,1
8407,3.17E-01,2.51E-01,0.2922715,0,8407,ERODED,1,1,1,1,1,1,1,1,1,1,1,1
8410,5.69E-02,2.59E-01,0.2202476,0,8410,Not eroded,0,1,1,1,0,0,0,1,1,1,1,1
8420,2.63E-01,3.01E-01,0.2363579,4,8420,Not eroded,0,1,1,1,1,0,0,0,0,0,1,1
8423,1.37E-01,1.79E-01,0.2119749,0,8423,Not eroded,0,1,1,0,0,0,0,1,1,1,1,1
8424,5.64E-02,6.34E-02,0.2114931,3,8424,Not eroded,0,1,1,0,0,0,0,1,0,0,1,1
8428,6.55E-02,1.80E-01,0.2815985,3,8428,Not eroded,0,1,1,1,1,1,1,1,0,0,1,1
8429,2.53E-01,1.13E-01,0.230127,4,8429,Not eroded,0,1,1,1,1,0,0,0,0,0,1,1
8431,1.77E-01,1.56E-01,0.2457739,4,8431,Not eroded,0,1,1,1,1,1,0,0,0,0,1,1
8434,2.15E-01,1.94E-01,0.2740717,4,8434,Not eroded,0,1,1,1,1,1,1,0,0,0,1,1
8436,2.10E-01,3.17E-01,0.3017449,0,8436,ERODED,1,1,1,1,1,1,1,1,1,1,1,1
8438,1.70E-01,7.94E-02,0.2639044,4,8438,Not eroded,0,1,1,1,1,1,1,0,0,0,1,1
8441,5.64E-02,3.13E-01,0.2956926,3,8441,Not eroded,0,1,1,1,1,1,1,1,0,0,1,1
8443,5.65E-02,2.89E-01,0.2753393,0,8443,ERODED,1,1,1,1,1,1,1,1,1,1,1,1
8445,2.49E-01,2.45E-01,0.2510409,4,8445,Not eroded,0,1,1,1,1,1,1,0,0,0,1,1
8452,2.82E-01,1.87E-01,0.2535172,0,8452,Not eroded,0,1,1,1,1,1,1,1,1,1,1,1
8456,1.58E-01,8.63E-02,0.2167919,3,8456,Not eroded,0,1,1,0,0,0,0,1,0,0,1,1
8458,2.77E-01,5.61E-02,0.2164361,0,8458,Not eroded,0,1,1,0,0,0,0,1,1,1,1,1
8459,2.53E-01,1.14E-01,0.2881197,4,8459,Not eroded,0,1,1,1,1,1,1,0,0,0,1,1
8460,3.24E-01,2.16E-01,0.2472306,5,8460,Not eroded,0,1,1,1,1,1,0,0,0,0,0,1
8461,3.25E-01,1.43E-01,0.2817132,4,8461,Not eroded,0,1,1,1,1,1,1,0,0,0,1,1
8462,1.18E-01,2.91E-01,0.2331384,0,8462,ERODED,1,1,1,1,1,0,0,1,1,1,1,1
8463,1.00E-01,7.06E-02,0.2445535,5,8463,Not eroded,0,1,1,1,1,1,0,0,0,0,0,1
8467,3.00E-01,2.61E-01,0.2221684,0,8467,Not eroded,0,1,1,1,0,0,0,1,1,1,1,1
8470,2.15E-01,2.13E-01,0.2647025,0,8470,Not eroded,0,1,1,1,1,1,1,1,1,1,1,1
8475,8.76E-02,5.59E-02,0.2400484,3,8475,Not eroded,0,1,1,1,1,1,0,1,0,0,1,1
8477,2.85E-01,1.09E-01,0.2118157,0,8477,Not eroded,0,1,1,0,0,0,0,1,1,1,1,1
8481,1.54E-01,2.79E-01,0.2242554,3,8481,Not eroded,0,1,1,1,0,0,0,1,0,0,1,1
8484,2.90E-01,2.80E-01,0.2609975,5,8484,Not eroded,0,1,1,1,1,1,1,0,0,0,0,1
8485,9.47E-02,1.60E-01,0.2227453,0,8485,Not eroded,0,1,1,1,0,0,0,1,1,1,1,1
8486,2.02E-01,1.15E-01,0.2357515,5,8486,Not eroded,0,1,1,1,1,0,0,0,0,0,0,1
8487,1.64E-01,1.62E-01,0.2516864,3,8487,Not eroded,0,1,1,1,1,1,1,1,0,0,1,1
8489,2.86E-01,5.59E-02,0.2736482,3,8489,Not eroded,0,1,1,1,1,1,1,1,0,0,1,1
8491,2.73E-01,1.59E-01,0.2476772,3,8491,Not eroded,0,1,1,1,1,1,0,1,0,0,1,1
8503,2.10E-01,2.34E-01,0.2592852,0,8503,Not eroded,0,1,1,1,1,1,1,1,1,1,1,1
8505,2.86E-01,2.85E-01,0.2138481,3,8505,Not eroded,0,1,1,0,0,0,0,1,0,0,1,1
8510,2.71E-01,2.36E-01,0.2330473,4,8510,Not eroded,0,1,1,1,1,0,0,0,0,0,1,1
8512,2.23E-01,1.01E-01,0.2250528,4,8512,Not eroded,0,1,1,1,0,0,0,0,0,0,1,1
8513,1.64E-01,1.71E-01,0.2453995,0,8513,Not eroded,0,1,1,1,1,1,0,1,1,1,1,1
8516,1.75E-01,5.59E-02,0.2850941,0,8516,ERODED,1,1,1,1,1,1,1,1,1,1,1,1
8520,2.12E-01,5.59E-02,0.261741,3,8520,Not eroded,0,1,1,1,1,1,1,1,0,0,1,1
8522,9.64E-02,5.59E-02,0.2353261,3,8522,Not eroded,0,1,1,1,1,0,0,1,0,0,1,1
8525,9.77E-02,3.24E-01,0.2991455,0,8525,ERODED,1,1,1,1,1,1,1,1,1,1,1,1
8530,1.41E-01,9.58E-02,0.2182496,6,8530,Not eroded,0,1,1,0,0,0,0,0,0,0,0,0
8532,1.36E-01,3.24E-01,0.2635557,2,8532,ERODED,1,1,1,1,1,1,1,1,0,1,1,1
8533,1.98E-01,7.99E-02,0.2886539,0,8533,Not eroded,0,1,1,1,1,1,1,1,1,1,1,1
8534,6.13E-02,3.24E-01,0.2971985,3,8534,Not eroded,0,1,1,1,1,1,1,1,0,0,1,1
8535,1.12E-01,5.59E-02,0.221542,3,8535,Not eroded,0,1,1,1,0,0,0,1,0,0,1,1
8537,1.81E-01,9.53E-02,0.2603823,0,8537,Not eroded,0,1,1,1,1,1,1,1,1,1,1,1
8545,2.56E-01,3.00E-01,0.2898198,3,8545,Not eroded,0,1,1,1,1,1,1,1,0,0,1,1
8546,2.24E-01,2.86E-01,0.2547858,3,8546,Not eroded,0,1,1,1,1,1,1,1,0,0,1,1
8548,3.24E-01,1.24E-01,0.279392,5,8548,Not eroded,0,1,1,1,1,1,1,0,0,0,0,1
8550,2.48E-01,2.58E-01,0.3046575,4,8550,Not eroded,0,1,1,1,1,1,1,0,0,0,1,1
8555,6.94E-02,2.15E-01,0.3129037,0,8555,ERODED,1,1,1,1,1,1,1,1,1,1,1,1
8556,9.66E-02,1.68E-01,0.2170916,0,8556,Not eroded,0,1,1,0,0,0,0,1,1,1,1,1
8558,9.33E-02,2.29E-01,0.3244093,0,8558,ERODED,1,1,1,1,1,1,1,1,1,1,1,1
8559,2.24E-01,2.45E-01,0.325019,0,8559,ERODED,1,1,1,1,1,1,1,1,1,1,1,1
8560,1.69E-01,2.62E-01,0.288564,0,8560,ERODED,1,1,1,1,1,1,1,1,1,1,1,1
8562,5.67E-02,2.85E-01,0.3201047,0,8562,ERODED,1,1,1,1,1,1,1,1,1,1,1,1
8564,2.86E-01,1.76E-01,0.2502896,4,8564,Not eroded,0,1,1,1,1,1,1,0,0,0,1,1
8569,6.38E-02,1.05E-01,0.2743825,4,8569,Not eroded,0,1,1,1,1,1,1,0,0,0,1,1
8570,2.13E-01,5.62E-02,0.2912378,0,8570,Not eroded,0,1,1,1,1,1,1,1,1,1,1,1
8572,1.13E-01,2.25E-01,0.2914153,0,8572,ERODED,1,1,1,1,1,1,1,1,1,1,1,1
8574,8.99E-02,1.82E-01,0.2284858,0,8574,Not eroded,0,1,1,1,0,0,0,1,1,1,1,1
8575,9.77E-02,2.21E-01,0.2471908,6,8575,Not eroded,0,1,1,1,1,1,0,0,0,0,0,0
8577,1.87E-01,1.64E-01,0.2449729,0,8577,Not eroded,0,1,1,1,1,1,0,1,1,1,1,1
8578,2.27E-01,9.16E-02,0.2689105,4,8578,Not eroded,0,1,1,1,1,1,1,0,0,0,1,1
8581,2.70E-01,1.97E-01,0.314012,0,8581,ERODED,1,1,1,1,1,1,1,1,1,1,1,1
8584,1.16E-01,2.17E-01,0.232307,3,8584,Not eroded,0,1,1,1,1,0,0,1,0,0,1,1
8585,3.24E-01,8.92E-02,0.294381,0,8585,Not eroded,0,1,1,1,1,1,1,1,1,1,1,1
8586,2.51E-01,3.01E-01,0.2749948,2,8586,Not eroded,0,1,1,1,1,1,1,1,0,1,1,1
8590,5.63E-02,8.05E-02,0.2296658,4,8590,Not eroded,0,1,1,1,0,0,0,0,0,0,1,1
8597,3.24E-01,9.50E-02,0.2861374,3,8597,Not eroded,0,1,1,1,1,1,1,1,0,0,1,1
8599,3.11E-01,2.21E-01,0.215286,4,8599,Not eroded,0,1,1,0,0,0,0,0,0,0,1,1
8601,2.91E-01,2.04E-01,0.2725062,0,8601,Not eroded,0,1,1,1,1,1,1,1,1,1,1,1
8604,2.28E-01,2.54E-01,0.3217144,0,8604,ERODED,1,1,1,1,1,1,1,1,1,1,1,1
8609,1.99E-01,2.66E-01,0.2838425,3,8609,Not eroded,0,1,1,1,1,1,1,1,0,0,1,1
8611,2.14E-01,3.23E-01,0.323857,0,8611,ERODED,1,1,1,1,1,1,1,1,1,1,1,1
8612,9.61E-02,2.48E-01,0.2126496,5,8612,Not eroded,0,1,1,0,0,0,0,0,0,0,0,1
8618,2.50E-01,9.32E-02,0.2668231,4,8618,Not eroded,0,1,1,1,1,1,1,0,0,0,1,1
8620,3.24E-01,2.30E-01,0.2339846,3,8620,Not eroded,0,1,1,1,1,0,0,1,0,0,1,1
8621,2.64E-01,9.92E-02,0.214654,0,8621,Not eroded,0,1,1,0,0,0,0,1,1,1,1,1
8625,1.29E-01,2.16E-01,0.2170976,4,8625,Not eroded,0,1,1,0,0,0,0,0,0,0,1,1
8627,3.07E-01,2.16E-01,0.2401514,3,8627,Not eroded,0,1,1,1,1,1,0,1,0,0,1,1
8628,1.00E-01,2.62E-01,0.2513538,0,8628,ERODED,1,1,1,1,1,1,1,1,1,1,1,1
8629,1.88E-01,2.68E-01,0.3003012,3,8629,Not eroded,0,1,1,1,1,1,1,1,0,0,1,1
8630,1.62E-01,2.28E-01,0.2928042,0,8630,ERODED,1,1,1,1,1,1,1,1,1,1,1,1
8631,1.88E-01,2.60E-01,0.3155707,0,8631,ERODED,1,1,1,1,1,1,1,1,1,1,1,1
8633,1.21E-01,2.53E-01,0.2337934,0,8633,ERODED,1,1,1,1,1,0,0,1,1,1,1,1
8635,1.80E-01,1.50E-01,0.254604,0,8635,Not eroded,0,1,1,1,1,1,1,1,1,1,1,1
8636,3.17E-01,2.41E-01,0.2985495,0,8636,ERODED,1,1,1,1,1,1,1,1,1,1,1,1
8637,1.37E-01,7.09E-02,0.2700115,3,8637,Not eroded,0,1,1,1,1,1,1,1,0,0,1,1
8638,6.63E-02,1.36E-01,0.2573124,4,8638,Not eroded,0,1,1,1,1,1,1,0,0,0,1,1
8639,2.72E-01,2.53E-01,0.2955785,0,8639,Not eroded,0,1,1,1,1,1,1,1,1,1,1,1
8641,1.11E-01,3.24E-01,0.217051,4,8641,Not eroded,0,1,1,0,0,0,0,0,0,0,1,1
8645,3.02E-01,2.16E-01,0.2489386,6,8645,Not eroded,0,1,1,1,1,1,0,0,0,0,0,0
8650,1.10E-01,1.47E-01,0.2833881,0,8650,Not eroded,0,1,1,1,1,1,1,1,1,1,1,1
8653,2.06E-01,9.62E-02,0.2665225,0,8653,Not eroded,0,1,1,1,1,1,1,1,1,1,1,1
8657,1.42E-01,8.14E-02,0.2519224,4,8657,Not eroded,0,1,1,1,1,1,1,0,0,0,1,1
8659,1.16E-01,3.13E-01,0.3187393,0,8659,ERODED,1,1,1,1,1,1,1,1,1,1,1,1
8660,3.15E-01,3.24E-01,0.2211974,3,8660,Not eroded,0,1,1,1,0,0,0,1,0,0,1,1
8664,2.51E-01,5.59E-02,0.2770207,3,8664,Not eroded,0,1,1,1,1,1,1,1,0,0,1,1
8667,1.72E-01,2.65E-01,0.2611661,0,8667,Not eroded,0,1,1,1,1,1,1,1,1,1,1,1
8672,7.40E-02,3.24E-01,0.254624,3,8672,Not eroded,0,1,1,1,1,1,1,1,0,0,1,1
8676,1.81E-01,1.40E-01,0.2591429,0,8676,Not eroded,0,1,1,1,1,1,1,1,1,1,1,1
8677,1.30E-01,6.85E-02,0.277183,0,8677,Not eroded,0,1,1,1,1,1,1,1,1,1,1,1
8678,9.29E-02,7.56E-02,0.2581081,0,8678,Not eroded,0,1,1,1,1,1,1,1,1,1,1,1
8680,2.67E-01,7.28E-02,0.2865247,3,8680,Not eroded,0,1,1,1,1,1,1,1,0,0,1,1
8681,2.89E-01,5.73E-02,0.2833816,5,8681,Not eroded,0,1,1,1,1,1,1,0,0,0,0,1
8683,2.03E-01,2.51E-01,0.263331,3,8683,Not eroded,0,1,1,1,1,1,1,1,0,0,1,1
8690,6.48E-02,3.24E-01,0.262543,3,8690,Not eroded,0,1,1,1,1,1,1,1,0,0,1,1
8692,3.24E-01,7.56E-02,0.2606477,4,8692,Not eroded,0,1,1,1,1,1,1,0,0,0,1,1
8693,1.35E-01,1.26E-01,0.2365984,4,8693,Not eroded,0,1,1,1,1,0,0,0,0,0,1,1
8694,1.66E-01,1.62E-01,0.3071978,0,8694,ERODED,1,1,1,1,1,1,1,1,1,1,1,1
8695,1.19E-01,1.02E-01,0.228164,6,8695,Not eroded,0,1,1,1,0,0,0,0,0,0,0,0
8697,2.74E-01,2.87E-01,0.2955806,3,8697,Not eroded,0,1,1,1,1,1,1,1,0,0,1,1
8698,1.01E-01,2.97E-01,0.2115611,7,8698,Not eroded,0,1,1,0,0,0,0,0,0,0,0,0
8700,1.35E-01,5.57E-02,0.2298441,3,8700,Not eroded,0,1,1,1,0,0,0,1,0,0,1,1
8711,2.52E-01,1.50E-01,0.2145396,4,8711,Not eroded,0,1,1,0,0,0,0,0,0,0,1,1
8712,6.39E-02,1.60E-01,0.2875491,3,8712,Not eroded,0,1,1,1,1,1,1,1,0,0,1,1
8713,1.68E-01,1.57E-01,0.3241141,0,8713,ERODED,1,1,1,1,1,1,1,1,1,1,1,1
8714,2.93E-01,1.76E-01,0.2439792,5,8714,Not eroded,0,1,1,1,1,1,0,0,0,0,0,1
8727,1.73E-01,1.74E-01,0.2975642,5,8727,Not eroded,0,1,1,1,1,1,1,0,0,0,0,1
8731,3.19E-01,3.07E-01,0.2237862,3,8731,Not eroded,0,1,1,1,0,0,0,1,0,0,1,1
8732,1.47E-01,9.91E-02,0.2251629,3,8732,Not eroded,0,1,1,1,0,0,0,1,0,0,1,1
8735,8.46E-02,2.22E-01,0.2205343,5,8735,Not eroded,0,1,1,1,0,0,0,0,0,0,0,1
8736,9.12E-02,2.01E-01,0.330609,0,8736,ERODED,1,1,1,1,1,1,1,1,1,1,1,1
8739,1.91E-01,1.26E-01,0.2808448,0,8739,Not eroded,0,1,1,1,1,1,1,1,1,1,1,1
8744,1.00E-01,2.96E-01,0.2841248,0,8744,ERODED,1,1,1,1,1,1,1,1,1,1,1,1
8745,2.21E-01,1.33E-01,0.2333548,6,8745,Not eroded,0,1,1,1,1,0,0,0,0,0,0,0
8747,9.36E-02,2.81E-01,0.2540662,0,8747,ERODED,1,1,1,1,1,1,1,1,1,1,1,1
8756,6.33E-02,1.52E-01,0.2519069,4,8756,Not eroded,0,1,1,1,1,1,1,0,0,0,1,1
8762,3.16E-01,1.77E-01,0.2391752,5,8762,Not eroded,0,1,1,1,1,0,0,0,0,0,0,1
8772,5.91E-02,3.16E-01,0.2620218,0,8772,Not eroded,0,1,1,1,1,1,1,1,1,1,1,1
8776,8.81E-02,2.50E-01,0.2456402,3,8776,Not eroded,0,1,1,1,1,1,0,1,0,0,1,1
8778,1.95E-01,2.73E-01,0.2774717,0,8778,Not eroded,0,1,1,1,1,1,1,1,1,1,1,1
8779,1.74E-01,2.08E-01,0.2986041,0,8779,ERODED,1,1,1,1,1,1,1,1,1,1,1,1
8782,1.48E-01,2.63E-01,0.2611836,0,8782,Not eroded,0,1,1,1,1,1,1,1,1,1,1,1
8784,2.07E-01,6.02E-02,0.2420124,6,8784,Not eroded,0,1,1,1,1,1,0,0,0,0,0,0
8785,5.65E-02,1.03E-01,0.2886593,4,8785,Not eroded,0,1,1,1,1,1,1,0,0,0,1,1
8786,3.25E-01,1.24E-01,0.2893053,3,8786,Not eroded,0,1,1,1,1,1,1,1,0,0,1,1
8787,5.65E-02,2.22E-01,0.2499839,4,8787,Not eroded,0,1,1,1,1,1,0,0,0,0,1,1
8788,1.41E-01,3.16E-01,0.2779861,0,8788,ERODED,1,1,1,1,1,1,1,1,1,1,1,1
8789,2.78E-01,1.46E-01,0.2981013,0,8789,ERODED,1,1,1,1,1,1,1,1,1,1,1,1
8791,1.83E-01,1.59E-01,0.2530553,3,8791,Not eroded,0,1,1,1,1,1,1,1,0,0,1,1
8793,1.39E-01,2.92E-01,0.2181252,4,8793,Not eroded,0,1,1,0,0,0,0,0,0,0,1,1
8796,2.17E-01,1.08E-01,0.2354202,3,8796,Not eroded,0,1,1,1,1,0,0,1,0,0,1,1
8797,1.79E-01,2.63E-01,0.2880075,0,8797,ERODED,1,1,1,1,1,1,1,1,1,1,1,1
8799,2.56E-01,1.59E-01,0.2201712,0,8799,Not eroded,0,1,1,1,0,0,0,1,1,1,1,1
8800,1.99E-01,2.37E-01,0.242086,0,8800,Not eroded,0,1,1,1,1,1,0,1,1,1,1,1
8804,2.51E-01,1.96E-01,0.2280228,0,8804,Not eroded,0,1,1,1,0,0,0,1,1,1,1,1
8809,3.23E-01,2.65E-01,0.2655473,5,8809,Not eroded,0,1,1,1,1,1,1,0,0,0,0,1
8813,1.77E-01,1.29E-01,0.2675646,0,8813,Not eroded,0,1,1,1,1,1,1,1,1,1,1,1
8818,2.35E-01,1.19E-01,0.2293897,4,8818,Not eroded,0,1,1,1,0,0,0,0,0,0,1,1
8820,1.87E-01,2.20E-01,0.2578929,4,8820,Not eroded,0,1,1,1,1,1,1,0,0,0,1,1
8822,1.93E-01,6.13E-02,0.228115,4,8822,Not eroded,0,1,1,1,0,0,0,0,0,0,1,1
8827,2.74E-01,1.55E-01,0.2865401,0,8827,ERODED,1,1,1,1,1,1,1,1,1,1,1,1
8828,2.77E-01,5.61E-02,0.2989833,0,8828,ERODED,1,1,1,1,1,1,1,1,1,1,1,1
8829,8.81E-02,1.07E-01,0.2915376,0,8829,Not eroded,0,1,1,1,1,1,1,1,1,1,1,1
8832,6.44E-02,2.24E-01,0.2944033,0,8832,ERODED,1,1,1,1,1,1,1,1,1,1,1,1
8840,2.17E-01,1.86E-01,0.2121193,3,8840,Not eroded,0,1,1,0,0,0,0,1,0,0,1,1
8841,2.31E-01,1.17E-01,0.2119793,5,8841,Not eroded,0,1,1,0,0,0,0,0,0,0,0,1
8843,5.77E-02,1.87E-01,0.2528386,0,8843,Not eroded,0,1,1,1,1,1,1,1,1,1,1,1
8850,9.08E-02,1.75E-01,0.2897642,0,8850,ERODED,1,1,1,1,1,1,1,1,1,1,1,1
8853,2.86E-01,2.36E-01,0.2101419,6,8853,Not eroded,0,1,1,0,0,0,0,0,0,0,0,0
8859,2.73E-01,1.25E-01,0.2735508,0,8859,Not eroded,0,1,1,1,1,1,1,1,1,1,1,1
8860,1.69E-01,3.22E-01,0.2883102,0,8860,ERODED,1,1,1,1,1,1,1,1,1,1,1,1
8863,1.69E-01,2.37E-01,0.2924648,3,8863,Not eroded,0,1,1,1,1,1,1,1,0,0,1,1
8864,3.15E-01,3.24E-01,0.2333371,0,8864,Not eroded,0,1,1,1,1,0,0,1,1,1,1,1
8868,2.64E-01,2.97E-01,0.2946736,0,8868,ERODED,1,1,1,1,1,1,1,1,1,1,1,1
8870,1.80E-01,1.43E-01,0.2978151,0,8870,Not eroded,0,1,1,1,1,1,1,1,1,1,1,1
8872,5.65E-02,2.42E-01,0.2768223,0,8872,ERODED,1,1,1,1,1,1,1,1,1,1,1,1
8879,2.54E-01,2.57E-01,0.3258499,2,8879,Not eroded,0,1,1,1,1,1,1,1,0,1,1,1
8880,1.12E-01,5.59E-02,0.2847982,3,8880,Not eroded,0,1,1,1,1,1,1,1,0,0,1,1
8883,9.80E-02,5.59E-02,0.2254626,2,8883,Not eroded,0,1,1,1,0,0,0,1,0,1,1,1
8885,1.98E-01,2.68E-01,0.2974439,4,8885,Not eroded,0,1,1,1,1,1,1,0,0,0,1,1
8888,1.59E-01,3.24E-01,0.2419592,3,8888,ERODED,1,1,1,1,1,1,0,1,0,0,1,1
8890,1.27E-01,5.59E-02,0.2364014,0,8890,Not eroded,0,1,1,1,1,0,0,1,1,1,1,1
8891,1.45E-01,1.24E-01,0.2360683,4,8891,Not eroded,0,1,1,1,1,0,0,0,0,0,1,1
8892,1.06E-01,2.12E-01,0.2258564,4,8892,Not eroded,0,1,1,1,0,0,0,0,0,0,1,1
8893,3.03E-01,1.09E-01,0.325408,0,8893,ERODED,1,1,1,1,1,1,1,1,1,1,1,1
8895,1.20E-01,1.73E-01,0.3295514,0,8895,ERODED,1,1,1,1,1,1,1,1,1,1,1,1
8898,5.65E-02,2.50E-01,0.2669171,0,8898,ERODED,1,1,1,1,1,1,1,1,1,1,1,1
8905,1.81E-01,7.19E-02,0.2144939,3,8905,Not eroded,0,1,1,0,0,0,0,1,0,0,1,1
8908,1.49E-01,5.88E-02,0.2579861,3,8908,Not eroded,0,1,1,1,1,1,1,1,0,0,1,1
8909,3.09E-01,5.64E-02,0.2374029,3,8909,Not eroded,0,1,1,1,1,0,0,1,0,0,1,1
8912,8.26E-02,2.85E-01,0.2802643,0,8912,ERODED,1,1,1,1,1,1,1,1,1,1,1,1
8913,3.17E-01,1.52E-01,0.2694204,6,8913,Not eroded,0,1,1,1,1,1,1,0,0,0,0,0
8914,1.64E-01,2.81E-01,0.250678,0,8914,Not eroded,0,1,1,1,1,1,1,1,1,1,1,1
8918,2.83E-01,1.45E-01,0.3079678,0,8918,ERODED,1,1,1,1,1,1,1,1,1,1,1,1
8919,2.38E-01,3.24E-01,0.2962122,0,8919,ERODED,1,1,1,1,1,1,1,1,1,1,1,1
8921,2.08E-01,1.03E-01,0.2181073,4,8921,Not eroded,0,1,1,0,0,0,0,0,0,0,1,1
8923,1.89E-01,2.87E-01,0.3243093,0,8923,ERODED,1,1,1,1,1,1,1,1,1,1,1,1
8925,2.47E-01,1.04E-01,0.2477569,4,8925,Not eroded,0,1,1,1,1,1,0,0,0,0,1,1
8926,5.65E-02,2.73E-01,0.2828123,0,8926,ERODED,1,1,1,1,1,1,1,1,1,1,1,1
8927,3.23E-01,1.07E-01,0.3251051,0,8927,ERODED,1,1,1,1,1,1,1,1,1,1,1,1
8929,2.00E-01,1.19E-01,0.2269097,2,8929,Not eroded,0,1,1,1,0,0,0,1,0,1,1,1
8930,1.02E-01,1.08E-01,0.2197858,4,8930,Not eroded,0,1,1,0,0,0,0,0,0,0,1,1
8935,1.35E-01,1.81E-01,0.2289688,4,8935,Not eroded,0,1,1,1,0,0,0,0,0,0,1,1
8938,2.85E-01,8.39E-02,0.2216499,0,8938,Not eroded,0,1,1,1,0,0,0,1,1,1,1,1
8939,1.71E-01,2.01E-01,0.2780439,0,8939,ERODED,1,1,1,1,1,1,1,1,1,1,1,1
8940,3.11E-01,2.57E-01,0.2180273,4,8940,Not eroded,0,1,1,0,0,0,0,0,0,0,1,1
8941,2.76E-01,2.36E-01,0.2934272,4,8941,Not eroded,0,1,1,1,1,1,1,0,0,0,1,1
8942,9.63E-02,2.13E-01,0.253059,5,8942,Not eroded,0,1,1,1,1,1,1,0,0,0,0,1
8944,2.02E-01,2.78E-01,0.273251,2,8944,Not eroded,0,1,1,1,1,1,1,1,0,1,1,1
8945,2.12E-01,3.20E-01,0.2700772,3,8945,Not eroded,0,1,1,1,1,1,1,1,0,0,1,1
8946,1.06E-01,2.46E-01,0.2358404,0,8946,ERODED,1,1,1,1,1,0,0,1,1,1,1,1
8948,1.82E-01,1.48E-01,0.2450045,4,8948,Not eroded,0,1,1,1,1,1,0,0,0,0,1,1
8950,2.36E-01,1.38E-01,0.2179844,3,8950,Not eroded,0,1,1,0,0,0,0,1,0,0,1,1
8951,5.66E-02,2.08E-01,0.3149652,0,8951,ERODED,1,1,1,1,1,1,1,1,1,1,1,1
8952,1.56E-01,2.53E-01,0.2865126,0,8952,ERODED,1,1,1,1,1,1,1,1,1,1,1,1
8953,2.83E-01,2.24E-01,0.239166,4,8953,Not eroded,0,1,1,1,1,0,0,0,0,0,1,1
8960,9.93E-02,1.47E-01,0.2898038,0,8960,Not eroded,0,1,1,1,1,1,1,1,1,1,1,1
8961,2.86E-01,7.14E-02,0.2786294,6,8961,Not eroded,0,1,1,1,1,1,1,0,0,0,0,0
8963,1.97E-01,2.78E-01,0.2261901,0,8963,Not eroded,0,1,1,1,0,0,0,1,1,1,1,1
8965,1.81E-01,5.64E-02,0.2754166,0,8965,ERODED,1,1,1,1,1,1,1,1,1,1,1,1
8969,7.85E-02,2.66E-01,0.303736,0,8969,ERODED,1,1,1,1,1,1,1,1,1,1,1,1
8972,1.30E-01,7.05E-02,0.2467026,4,8972,Not eroded,0,1,1,1,1,1,0,0,0,0,1,1
8975,3.24E-01,6.74E-02,0.2178543,3,8975,Not eroded,0,1,1,0,0,0,0,1,0,0,1,1
8976,1.44E-01,1.66E-01,0.2298495,3,8976,Not eroded,0,1,1,1,0,0,0,1,0,0,1,1
8978,2.36E-01,7.03E-02,0.2146548,4,8978,Not eroded,0,1,1,0,0,0,0,0,0,0,1,1
8979,1.61E-01,1.46E-01,0.2336281,5,8979,Not eroded,0,1,1,1,1,0,0,0,0,0,0,1
8980,1.12E-01,2.66E-01,0.2147827,3,8980,Not eroded,0,1,1,0,0,0,0,1,0,0,1,1
8985,2.19E-01,2.55E-01,0.3257592,0,8985,ERODED,1,1,1,1,1,1,1,1,1,1,1,1
8988,3.02E-01,1.50E-01,0.2544728,3,8988,Not eroded,0,1,1,1,1,1,1,1,0,0,1,1
8989,2.52E-01,1.03E-01,0.2286074,0,8989,Not eroded,0,1,1,1,0,0,0,1,1,1,1,1
8991,1.51E-01,2.10E-01,0.2393115,3,8991,Not eroded,0,1,1,1,1,0,0,1,0,0,1,1
8993,2.10E-01,9.21E-02,0.2574202,3,8993,Not eroded,0,1,1,1,1,1,1,1,0,0,1,1
8998,9.98E-02,2.95E-01,0.2650008,0,8998,ERODED,1,1,1,1,1,1,1,1,1,1,1,1
9000,1.35E-01,2.00E-01,0.3106986,0,9000,ERODED,1,1,1,1,1,1,1,1,1,1,1,1
9001,3.05E-01,3.24E-01,0.2686692,0,9001,Not eroded,0,1,1,1,1,1,1,1,1,1,1,1
9004,1.43E-01,2.75E-01,0.2986218,0,9004,ERODED,1,1,1,1,1,1,1,1,1,1,1,1
9009,3.24E-01,2.32E-01,0.2475903,5,9009,Not eroded,0,1,1,1,1,1,0,0,0,0,0,1
9010,1.96E-01,1.81E-01,0.2500976,5,9010,Not eroded,0,1,1,1,1,1,1,0,0,0,0,1
9011,2.10E-01,3.24E-01,0.2851823,0,9011,ERODED,1,1,1,1,1,1,1,1,1,1,1,1
9013,1.56E-01,1.57E-01,0.3163981,0,9013,ERODED,1,1,1,1,1,1,1,1,1,1,1,1
9015,3.06E-01,1.55E-01,0.2461142,7,9015,Not eroded,0,1,1,1,1,1,0,0,0,0,0,0
9022,9.44E-02,1.28E-01,0.3095705,0,9022,ERODED,1,1,1,1,1,1,1,1,1,1,1,1
9027,2.88E-01,1.27E-01,0.3220848,0,9027,ERODED,1,1,1,1,1,1,1,1,1,1,1,1
9028,1.32E-01,1.46E-01,0.2336912,0,9028,Not eroded,0,1,1,1,1,0,0,1,1,1,1,1
9029,3.24E-01,3.00E-01,0.2164351,3,9029,Not eroded,0,1,1,0,0,0,0,1,0,0,1,1
9035,1.06E-01,3.24E-01,0.307262,0,9035,ERODED,1,1,1,1,1,1,1,1,1,1,1,1
9036,2.94E-01,1.87E-01,0.238412,0,9036,Not eroded,0,1,1,1,1,0,0,1,1,1,1,1
9037,2.13E-01,2.42E-01,0.3235214,0,9037,ERODED,1,1,1,1,1,1,1,1,1,1,1,1
9044,1.12E-01,2.88E-01,0.2581536,0,9044,ERODED,1,1,1,1,1,1,1,1,1,1,1,1
9045,2.20E-01,1.34E-01,0.3169191,0,9045,ERODED,1,1,1,1,1,1,1,1,1,1,1,1
9046,2.06E-01,2.74E-01,0.223872,0,9046,Not eroded,0,1,1,1,0,0,0,1,1,1,1,1
9060,1.90E-01,2.32E-01,0.2727265,4,9060,Not eroded,0,1,1,1,1,1,1,0,0,0,1,1
9061,1.28E-01,2.79E-01,0.3035118,0,9061,ERODED,1,1,1,1,1,1,1,1,1,1,1,1
9062,6.62E-02,2.99E-01,0.2904152,0,9062,ERODED,1,1,1,1,1,1,1,1,1,1,1,1
9064,1.77E-01,2.68E-01,0.2111197,2,9064,Not eroded,0,1,1,0,0,0,0,1,0,1,1,1
9065,1.24E-01,1.38E-01,0.3157447,0,9065,ERODED,1,1,1,1,1,1,1,1,1,1,1,1
9069,1.70E-01,9.71E-02,0.2190251,5,9069,Not eroded,0,1,1,0,0,0,0,0,0,0,0,1
9070,1.19E-01,6.17E-02,0.2879102,4,9070,Not eroded,0,1,1,1,1,1,1,0,0,0,1,1
9072,2.96E-01,2.12E-01,0.2309337,5,9072,Not eroded,0,1,1,1,1,0,0,0,0,0,0,1
9073,2.92E-01,1.99E-01,0.2631354,4,9073,Not eroded,0,1,1,1,1,1,1,0,0,0,1,1
9075,1.53E-01,5.59E-02,0.308579,0,9075,ERODED,1,1,1,1,1,1,1,1,1,1,1,1
9076,1.10E-01,1.35E-01,0.3021097,0,9076,ERODED,1,1,1,1,1,1,1,1,1,1,1,1
9082,1.76E-01,8.87E-02,0.2187679,0,9082,Not eroded,0,1,1,0,0,0,0,1,1,1,1,1
9084,6.11E-02,2.53E-01,0.2487357,0,9084,ERODED,1,1,1,1,1,1,0,1,1,1,1,1
9085,2.46E-01,1.56E-01,0.2212614,3,9085,Not eroded,0,1,1,1,0,0,0,1,0,0,1,1
9086,8.53E-02,2.09E-01,0.31679,0,9086,ERODED,1,1,1,1,1,1,1,1,1,1,1,1
9089,1.14E-01,3.11E-01,0.2736518,0,9089,ERODED,1,1,1,1,1,1,1,1,1,1,1,1
9091,5.65E-02,3.12E-01,0.2165474,5,9091,Not eroded,0,1,1,0,0,0,0,0,0,0,0,1
9092,7.11E-02,5.60E-02,0.3255696,0,9092,ERODED,1,1,1,1,1,1,1,1,1,1,1,1
9095,1.08E-01,3.24E-01,0.2861901,0,9095,ERODED,1,1,1,1,1,1,1,1,1,1,1,1
9104,6.93E-02,2.45E-01,0.2775655,0,9104,ERODED,1,1,1,1,1,1,1,1,1,1,1,1
9105,1.70E-01,2.75E-01,0.2205238,4,9105,Not eroded,0,1,1,1,0,0,0,0,0,0,1,1
9107,2.56E-01,1.22E-01,0.2561934,0,9107,Not eroded,0,1,1,1,1,1,1,1,1,1,1,1
9108,1.30E-01,2.90E-01,0.214511,4,9108,Not eroded,0,1,1,0,0,0,0,0,0,0,1,1
9113,2.94E-01,2.50E-01,0.2214479,4,9113,Not eroded,0,1,1,1,0,0,0,0,0,0,1,1
9114,1.27E-01,2.79E-01,0.2176013,0,9114,Not eroded,0,1,1,0,0,0,0,1,1,1,1,1
9115,1.69E-01,1.43E-01,0.2284048,5,9115,Not eroded,0,1,1,1,0,0,0,0,0,0,0,1
9119,1.52E-01,2.85E-01,0.2114636,0,9119,Not eroded,0,1,1,0,0,0,0,1,1,1,1,1
9123,2.68E-01,2.45E-01,0.3207295,0,9123,ERODED,1,1,1,1,1,1,1,1,1,1,1,1
9124,1.47E-01,7.44E-02,0.3134015,2,9124,Not eroded,0,1,1,1,1,1,1,1,0,1,1,1
9126,1.91E-01,2.43E-01,0.2406483,0,9126,Not eroded,0,1,1,1,1,1,0,1,1,1,1,1
9131,9.62E-02,1.82E-01,0.3249086,0,9131,ERODED,1,1,1,1,1,1,1,1,1,1,1,1
9132,2.96E-01,5.59E-02,0.276275,4,9132,Not eroded,0,1,1,1,1,1,1,0,0,0,1,1
9135,6.04E-02,1.35E-01,0.2959523,3,9135,Not eroded,0,1,1,1,1,1,1,1,0,0,1,1
9139,1.82E-01,2.21E-01,0.3250258,0,9139,ERODED,1,1,1,1,1,1,1,1,1,1,1,1
9140,1.93E-01,1.86E-01,0.2175506,5,9140,Not eroded,0,1,1,0,0,0,0,0,0,0,0,1
9146,1.27E-01,5.59E-02,0.287659,4,9146,Not eroded,0,1,1,1,1,1,1,0,0,0,1,1
9147,8.92E-02,2.41E-01,0.2120177,5,9147,Not eroded,0,1,1,0,0,0,0,0,0,0,0,1
9151,8.31E-02,2.68E-01,0.3122102,0,9151,ERODED,1,1,1,1,1,1,1,1,1,1,1,1
9152,1.24E-01,2.40E-01,0.2756402,3,9152,Not eroded,0,1,1,1,1,1,1,1,0,0,1,1
9155,3.24E-01,2.51E-01,0.2638653,4,9155,Not eroded,0,1,1,1,1,1,1,0,0,0,1,1
9159,2.83E-01,2.36E-01,0.2547744,4,9159,Not eroded,0,1,1,1,1,1,1,0,0,0,1,1
9161,2.70E-01,1.46E-01,0.2658159,2,9161,Not eroded,0,1,1,1,1,1,1,1,0,1,1,1
9162,1.68E-01,2.02E-01,0.2684553,0,9162,ERODED,1,1,1,1,1,1,1,1,1,1,1,1
9166,1.00E-01,8.08E-02,0.2240697,4,9166,Not eroded,0,1,1,1,0,0,0,0,0,0,1,1
9171,2.23E-01,1.64E-01,0.2537989,0,9171,Not eroded,0,1,1,1,1,1,1,1,1,1,1,1
9172,2.62E-01,1.37E-01,0.3123306,0,9172,ERODED,1,1,1,1,1,1,1,1,1,1,1,1
9173,6.20E-02,8.21E-02,0.237739,6,9173,Not eroded,0,1,1,1,1,0,0,0,0,0,0,0
9174,2.77E-01,2.61E-01,0.2758621,3,9174,Not eroded,0,1,1,1,1,1,1,1,0,0,1,1
9177,1.97E-01,9.60E-02,0.2126692,4,9177,Not eroded,0,1,1,0,0,0,0,0,0,0,1,1
9178,2.68E-01,1.51E-01,0.2473672,6,9178,Not eroded,0,1,1,1,1,1,0,0,0,0,0,0
9179,2.21E-01,5.59E-02,0.2596607,3,9179,Not eroded,0,1,1,1,1,1,1,1,0,0,1,1
9182,1.63E-01,1.81E-01,0.2480062,0,9182,Not eroded,0,1,1,1,1,1,0,1,1,1,1,1
9183,1.07E-01,8.38E-02,0.2520216,3,9183,Not eroded,0,1,1,1,1,1,1,1,0,0,1,1
9185,2.68E-01,5.59E-02,0.2667879,4,9185,Not eroded,0,1,1,1,1,1,1,0,0,0,1,1
9186,3.13E-01,2.45E-01,0.2251125,5,9186,Not eroded,0,1,1,1,0,0,0,0,0,0,0,1
9198,2.94E-01,2.69E-01,0.2647343,4,9198,Not eroded,0,1,1,1,1,1,1,0,0,0,1,1
9201,8.88E-02,3.24E-01,0.2422445,0,9201,Not eroded,0,1,1,1,1,1,0,1,1,1,1,1
9202,1.20E-01,1.65E-01,0.2152262,0,9202,Not eroded,0,1,1,0,0,0,0,1,1,1,1,1
9205,2.72E-01,1.84E-01,0.3009609,3,9205,Not eroded,0,1,1,1,1,1,1,1,0,0,1,1
9207,3.24E-01,1.90E-01,0.2357277,5,9207,Not eroded,0,1,1,1,1,0,0,0,0,0,0,1
9212,1.12E-01,2.27E-01,0.281513,4,9212,Not eroded,0,1,1,1,1,1,1,0,0,0,1,1
9213,2.90E-01,5.59E-02,0.2337218,3,9213,Not eroded,0,1,1,1,1,0,0,1,0,0,1,1
9215,1.59E-01,2.96E-01,0.2250758,4,9215,Not eroded,0,1,1,1,0,0,0,0,0,0,1,1
9216,1.63E-01,2.55E-01,0.2931744,0,9216,ERODED,1,1,1,1,1,1,1,1,1,1,1,1
9217,1.91E-01,5.59E-02,0.2363046,4,9217,Not eroded,0,1,1,1,1,0,0,0,0,0,1,1
9218,5.67E-02,8.98E-02,0.2986682,0,9218,ERODED,1,1,1,1,1,1,1,1,1,1,1,1
9220,3.16E-01,1.68E-01,0.2958587,4,9220,Not eroded,0,1,1,1,1,1,1,0,0,0,1,1
9221,2.84E-01,5.61E-02,0.3205653,0,9221,ERODED,1,1,1,1,1,1,1,1,1,1,1,1
9222,9.88E-02,3.24E-01,0.2289186,3,9222,Not eroded,0,1,1,1,0,0,0,1,0,0,1,1
9223,2.33E-01,9.42E-02,0.2848485,0,9223,Not eroded,0,1,1,1,1,1,1,1,1,1,1,1
9234,5.65E-02,1.65E-01,0.2646733,3,9234,Not eroded,0,1,1,1,1,1,1,1,0,0,1,1
9235,2.68E-01,5.59E-02,0.2513787,3,9235,Not eroded,0,1,1,1,1,1,1,1,0,0,1,1
9240,1.78E-01,3.24E-01,0.2473682,3,9240,ERODED,1,1,1,1,1,1,0,1,0,0,1,1
9244,1.64E-01,2.10E-01,0.2638946,4,9244,Not eroded,0,1,1,1,1,1,1,0,0,0,1,1
9245,1.87E-01,1.37E-01,0.2807844,0,9245,Not eroded,0,1,1,1,1,1,1,1,1,1,1,1
9247,2.96E-01,1.80E-01,0.2525154,4,9247,Not eroded,0,1,1,1,1,1,1,0,0,0,1,1
9254,1.15E-01,6.60E-02,0.2522959,4,9254,Not eroded,0,1,1,1,1,1,1,0,0,0,1,1
9256,5.65E-02,5.58E-02,0.2386789,3,9256,Not eroded,0,1,1,1,1,0,0,1,0,0,1,1
9259,1.35E-01,1.66E-01,0.3077841,0,9259,ERODED,1,1,1,1,1,1,1,1,1,1,1,1
9262,2.76E-01,2.63E-01,0.2600799,4,9262,Not eroded,0,1,1,1,1,1,1,0,0,0,1,1
9263,6.51E-02,2.98E-01,0.2583124,4,9263,Not eroded,0,1,1,1,1,1,1,0,0,0,1,1
9265,9.02E-02,1.15E-01,0.2960473,0,9265,ERODED,1,1,1,1,1,1,1,1,1,1,1,1
9269,1.29E-01,1.29E-01,0.3194716,0,9269,ERODED,1,1,1,1,1,1,1,1,1,1,1,1
9270,5.77E-02,8.52E-02,0.3137516,0,9270,ERODED,1,1,1,1,1,1,1,1,1,1,1,1
9272,5.99E-02,5.59E-02,0.2479993,3,9272,Not eroded,0,1,1,1,1,1,0,1,0,0,1,1
9277,1.99E-01,1.02E-01,0.221172,0,9277,Not eroded,0,1,1,1,0,0,0,1,1,1,1,1
9279,1.29E-01,1.43E-01,0.3077789,0,9279,ERODED,1,1,1,1,1,1,1,1,1,1,1,1
9289,3.07E-01,1.95E-01,0.2417663,5,9289,Not eroded,0,1,1,1,1,1,0,0,0,0,0,1
9290,3.24E-01,2.94E-01,0.2646017,0,9290,Not eroded,0,1,1,1,1,1,1,1,1,1,1,1
9291,2.88E-01,2.77E-01,0.2181297,4,9291,Not eroded,0,1,1,0,0,0,0,0,0,0,1,1
9297,3.06E-01,2.55E-01,0.2705921,6,9297,Not eroded,0,1,1,1,1,1,1,0,0,0,0,0
9298,2.19E-01,2.63E-01,0.2498951,0,9298,Not eroded,0,1,1,1,1,1,0,1,1,1,1,1
9299,1.69E-01,6.35E-02,0.3070417,0,9299,ERODED,1,1,1,1,1,1,1,1,1,1,1,1
9304,2.90E-01,1.00E-01,0.2134286,0,9304,Not eroded,0,1,1,0,0,0,0,1,1,1,1,1
9305,1.85E-01,6.80E-02,0.3178362,0,9305,ERODED,1,1,1,1,1,1,1,1,1,1,1,1
9307,1.83E-01,6.13E-02,0.235003,6,9307,Not eroded,0,1,1,1,1,0,0,0,0,0,0,0
9308,1.03E-01,5.90E-02,0.2880241,3,9308,Not eroded,0,1,1,1,1,1,1,1,0,0,1,1
9315,2.09E-01,1.54E-01,0.2306419,0,9315,Not eroded,0,1,1,1,1,0,0,1,1,1,1,1
9320,2.39E-01,1.99E-01,0.2680107,0,9320,Not eroded,0,1,1,1,1,1,1,1,1,1,1,1
9325,2.55E-01,2.15E-01,0.2719783,0,9325,Not eroded,0,1,1,1,1,1,1,1,1,1,1,1
9333,3.09E-01,2.50E-01,0.2103288,6,9333,Not eroded,0,1,1,0,0,0,0,0,0,0,0,0
9338,6.58E-02,2.83E-01,0.2938444,0,9338,ERODED,1,1,1,1,1,1,1,1,1,1,1,1
9344,1.99E-01,1.29E-01,0.2264676,0,9344,Not eroded,0,1,1,1,0,0,0,1,1,1,1,1
9345,2.88E-01,1.12E-01,0.2262331,0,9345,Not eroded,0,1,1,1,0,0,0,1,1,1,1,1
9347,7.31E-02,1.07E-01,0.279653,0,9347,Not eroded,0,1,1,1,1,1,1,1,1,1,1,1
9352,2.73E-01,2.84E-01,0.2526345,4,9352,Not eroded,0,1,1,1,1,1,1,0,0,0,1,1
9354,2.90E-01,1.69E-01,0.2931077,0,9354,Not eroded,0,1,1,1,1,1,1,1,1,1,1,1
9357,1.57E-01,1.19E-01,0.2512599,3,9357,Not eroded,0,1,1,1,1,1,1,1,0,0,1,1
9358,3.25E-01,2.73E-01,0.2959743,3,9358,Not eroded,0,1,1,1,1,1,1,1,0,0,1,1
9361,1.91E-01,5.66E-02,0.2194911,3,9361,Not eroded,0,1,1,0,0,0,0,1,0,0,1,1
9362,1.99E-01,1.15E-01,0.3242407,0,9362,ERODED,1,1,1,1,1,1,1,1,1,1,1,1
9366,9.68E-02,2.59E-01,0.2987818,0,9366,ERODED,1,1,1,1,1,1,1,1,1,1,1,1
9372,2.97E-01,2.89E-01,0.2348551,5,9372,Not eroded,0,1,1,1,1,0,0,0,0,0,0,1
9373,3.20E-01,2.74E-01,0.2616729,6,9373,Not eroded,0,1,1,1,1,1,1,0,0,0,0,0
9376,1.73E-01,1.40E-01,0.2910244,0,9376,Not eroded,0,1,1,1,1,1,1,1,1,1,1,1
9380,1.17E-01,2.19E-01,0.2557662,0,9380,Not eroded,0,1,1,1,1,1,1,1,1,1,1,1
9384,7.39E-02,2.18E-01,0.3020505,0,9384,ERODED,1,1,1,1,1,1,1,1,1,1,1,1
9386,2.62E-01,1.08E-01,0.2691604,0,9386,Not eroded,0,1,1,1,1,1,1,1,1,1,1,1
9387,1.27E-01,2.18E-01,0.3173808,0,9387,ERODED,1,1,1,1,1,1,1,1,1,1,1,1
9389,8.59E-02,1.34E-01,0.2116029,2,9389,Not eroded,0,1,1,0,0,0,0,1,0,1,1,1
9390,5.65E-02,2.61E-01,0.3053917,0,9390,ERODED,1,1,1,1,1,1,1,1,1,1,1,1
9393,5.65E-02,8.36E-02,0.2201643,3,9393,Not eroded,0,1,1,1,0,0,0,1,0,0,1,1
9394,1.81E-01,6.14E-02,0.31095,0,9394,ERODED,1,1,1,1,1,1,1,1,1,1,1,1
9398,2.57E-01,6.39E-02,0.2163118,6,9398,Not eroded,0,1,1,0,0,0,0,0,0,0,0,0
9399,1.14E-01,1.27E-01,0.3075012,0,9399,ERODED,1,1,1,1,1,1,1,1,1,1,1,1
9400,1.87E-01,2.30E-01,0.256775,5,9400,Not eroded,0,1,1,1,1,1,1,0,0,0,0,1
9405,3.16E-01,2.45E-01,0.2788339,4,9405,Not eroded,0,1,1,1,1,1,1,0,0,0,1,1
9409,2.44E-01,1.93E-01,0.2915782,0,9409,Not eroded,0,1,1,1,1,1,1,1,1,1,1,1
9410,5.65E-02,1.49E-01,0.215959,4,9410,Not eroded,0,1,1,0,0,0,0,0,0,0,1,1
9412,1.61E-01,2.13E-01,0.3062905,0,9412,ERODED,1,1,1,1,1,1,1,1,1,1,1,1
9413,1.18E-01,2.70E-01,0.2428477,0,9413,ERODED,1,1,1,1,1,1,0,1,1,1,1,1
9415,2.75E-01,1.15E-01,0.268935,3,9415,Not eroded,0,1,1,1,1,1,1,1,0,0,1,1
9416,2.09E-01,3.00E-01,0.3149491,0,9416,ERODED,1,1,1,1,1,1,1,1,1,1,1,1
9417,2.93E-01,3.24E-01,0.2672044,0,9417,Not eroded,0,1,1,1,1,1,1,1,1,1,1,1
9418,1.29E-01,2.54E-01,0.2387323,0,9418,ERODED,1,1,1,1,1,0,0,1,1,1,1,1
9421,1.66E-01,3.13E-01,0.2940978,0,9421,ERODED,1,1,1,1,1,1,1,1,1,1,1,1
9428,2.89E-01,1.57E-01,0.2553884,3,9428,Not eroded,0,1,1,1,1,1,1,1,0,0,1,1
9429,1.06E-01,1.44E-01,0.2744339,0,9429,Not eroded,0,1,1,1,1,1,1,1,1,1,1,1
9431,2.88E-01,7.46E-02,0.2196659,0,9431,Not eroded,0,1,1,0,0,0,0,1,1,1,1,1
9435,1.21E-01,2.90E-01,0.2556339,1,9435,ERODED,1,1,1,1,1,1,1,1,1,1,1,1
9436,9.40E-02,6.37E-02,0.2870722,3,9436,Not eroded,0,1,1,1,1,1,1,1,0,0,1,1
9437,2.74E-01,2.81E-01,0.2139283,4,9437,Not eroded,0,1,1,0,0,0,0,0,0,0,1,1
9438,8.94E-02,9.70E-02,0.2743607,0,9438,Not eroded,0,1,1,1,1,1,1,1,1,1,1,1
9439,3.24E-01,1.32E-01,0.2277553,3,9439,Not eroded,0,1,1,1,0,0,0,1,0,0,1,1
9440,1.09E-01,2.75E-01,0.2700318,0,9440,ERODED,1,1,1,1,1,1,1,1,1,1,1,1
9445,1.27E-01,6.48E-02,0.2549543,5,9445,Not eroded,0,1,1,1,1,1,1,0,0,0,0,1
9447,3.14E-01,1.52E-01,0.2790518,4,9447,Not eroded,0,1,1,1,1,1,1,0,0,0,1,1
9448,2.89E-01,1.19E-01,0.2625445,5,9448,Not eroded,0,1,1,1,1,1,1,0,0,0,0,1
9450,2.01E-01,5.60E-02,0.2331002,2,9450,Not eroded,0,1,1,1,1,0,0,1,0,1,1,1
9451,2.22E-01,1.04E-01,0.2829314,0,9451,Not eroded,0,1,1,1,1,1,1,1,1,1,1,1
9456,3.24E-01,3.15E-01,0.2790474,0,9456,Not eroded,0,1,1,1,1,1,1,1,1,1,1,1
9458,3.24E-01,1.40E-01,0.2911097,3,9458,Not eroded,0,1,1,1,1,1,1,1,0,0,1,1
9459,2.72E-01,3.00E-01,0.2388632,6,9459,Not eroded,0,1,1,1,1,0,0,0,0,0,0,0
9462,9.52E-02,2.42E-01,0.2200556,3,9462,Not eroded,0,1,1,1,0,0,0,1,0,0,1,1
9463,1.21E-01,2.88E-01,0.272128,0,9463,ERODED,1,1,1,1,1,1,1,1,1,1,1,1
9466,1.50E-01,1.13E-01,0.3151467,0,9466,ERODED,1,1,1,1,1,1,1,1,1,1,1,1
9467,2.52E-01,2.82E-01,0.2243152,0,9467,Not eroded,0,1,1,1,0,0,0,1,1,1,1,1
9473,1.50E-01,1.61E-01,0.2702218,0,9473,Not eroded,0,1,1,1,1,1,1,1,1,1,1,1
9474,3.23E-01,3.12E-01,0.3038452,0,9474,ERODED,1,1,1,1,1,1,1,1,1,1,1,1
9476,7.91E-02,2.15E-01,0.3103225,0,9476,ERODED,1,1,1,1,1,1,1,1,1,1,1,1
9477,1.31E-01,1.64E-01,0.2975528,0,9477,ERODED,1,1,1,1,1,1,1,1,1,1,1,1
9478,1.31E-01,1.94E-01,0.2827737,0,9478,Not eroded,0,1,1,1,1,1,1,1,1,1,1,1
9479,1.62E-01,3.03E-01,0.3167936,0,9479,ERODED,1,1,1,1,1,1,1,1,1,1,1,1
9480,1.35E-01,2.97E-01,0.2666038,0,9480,ERODED,1,1,1,1,1,1,1,1,1,1,1,1
9483,1.74E-01,2.85E-01,0.2466382,3,9483,Not eroded,0,1,1,1,1,1,0,1,0,0,1,1
9484,2.06E-01,2.20E-01,0.2335414,0,9484,Not eroded,0,1,1,1,1,0,0,1,1,1,1,1
9486,2.14E-01,3.13E-01,0.2632347,0,9486,Not eroded,0,1,1,1,1,1,1,1,1,1,1,1
9492,1.88E-01,1.10E-01,0.2701163,0,9492,Not eroded,0,1,1,1,1,1,1,1,1,1,1,1
9494,9.32E-02,1.27E-01,0.2336918,3,9494,Not eroded,0,1,1,1,1,0,0,1,0,0,1,1
9496,1.24E-01,1.43E-01,0.3266222,0,9496,ERODED,1,1,1,1,1,1,1,1,1,1,1,1
9500,2.28E-01,3.24E-01,0.2967723,0,9500,ERODED,1,1,1,1,1,1,1,1,1,1,1,1
9502,1.67E-01,5.58E-02,0.238073,5,9502,Not eroded,0,1,1,1,1,0,0,0,0,0,0,1
9504,1.84E-01,7.63E-02,0.3120026,2,9504,Not eroded,0,1,1,1,1,1,1,1,0,1,1,1
9506,3.24E-01,1.39E-01,0.2575017,3,9506,Not eroded,0,1,1,1,1,1,1,1,0,0,1,1
9507,2.46E-01,1.86E-01,0.2789811,0,9507,ERODED,1,1,1,1,1,1,1,1,1,1,1,1
9516,1.98E-01,5.66E-02,0.2123063,2,9516,Not eroded,0,1,1,0,0,0,0,1,0,1,1,1
9517,2.20E-01,2.11E-01,0.2524882,3,9517,Not eroded,0,1,1,1,1,1,1,1,0,0,1,1
9519,6.56E-02,1.03E-01,0.228868,4,9519,Not eroded,0,1,1,1,0,0,0,0,0,0,1,1
9521,2.31E-01,1.80E-01,0.2223756,0,9521,Not eroded,0,1,1,1,0,0,0,1,1,1,1,1
9523,1.90E-01,1.48E-01,0.2365855,2,9523,Not eroded,0,1,1,1,1,0,0,1,0,1,1,1
9524,1.42E-01,1.55E-01,0.3279491,0,9524,ERODED,1,1,1,1,1,1,1,1,1,1,1,1
9525,1.45E-01,6.45E-02,0.2655682,4,9525,Not eroded,0,1,1,1,1,1,1,0,0,0,1,1
9527,1.38E-01,3.15E-01,0.3274526,0,9527,ERODED,1,1,1,1,1,1,1,1,1,1,1,1
9528,1.35E-01,6.38E-02,0.2633328,4,9528,Not eroded,0,1,1,1,1,1,1,0,0,0,1,1
9531,3.24E-01,1.30E-01,0.2373681,3,9531,Not eroded,0,1,1,1,1,0,0,1,0,0,1,1
9534,1.93E-01,1.28E-01,0.3256312,0,9534,ERODED,1,1,1,1,1,1,1,1,1,1,1,1
9540,1.42E-01,2.40E-01,0.2646664,0,9540,Not eroded,0,1,1,1,1,1,1,1,1,1,1,1
9541,3.24E-01,7.28E-02,0.2374812,0,9541,Not eroded,0,1,1,1,1,0,0,1,1,1,1,1
9553,1.45E-01,2.93E-01,0.3251493,0,9553,ERODED,1,1,1,1,1,1,1,1,1,1,1,1
9558,9.14E-02,6.76E-02,0.2649158,4,9558,Not eroded,0,1,1,1,1,1,1,0,0,0,1,1
9559,1.31E-01,2.98E-01,0.2212452,5,9559,Not eroded,0,1,1,1,0,0,0,0,0,0,0,1
9561,2.28E-01,2.52E-01,0.307527,4,9561,Not eroded,0,1,1,1,1,1,1,0,0,0,1,1
9562,2.81E-01,2.67E-01,0.2528785,6,9562,Not eroded,0,1,1,1,1,1,1,0,0,0,0,0
9564,9.53E-02,1.40E-01,0.296185,0,9564,ERODED,1,1,1,1,1,1,1,1,1,1,1,1
9568,1.27E-01,3.24E-01,0.2888482,0,9568,ERODED,1,1,1,1,1,1,1,1,1,1,1,1
9578,1.15E-01,3.01E-01,0.2239456,4,9578,Not eroded,0,1,1,1,0,0,0,0,0,0,1,1
9582,2.19E-01,1.32E-01,0.2431679,3,9582,Not eroded,0,1,1,1,1,1,0,1,0,0,1,1
9586,1.68E-01,3.24E-01,0.2324367,0,9586,ERODED,1,1,1,1,1,0,0,1,1,1,1,1
9593,1.21E-01,6.47E-02,0.2443068,3,9593,Not eroded,0,1,1,1,1,1,0,1,0,0,1,1
9595,2.07E-01,2.65E-01,0.2949426,0,9595,Not eroded,0,1,1,1,1,1,1,1,1,1,1,1
9596,8.13E-02,1.03E-01,0.27562,0,9596,Not eroded,0,1,1,1,1,1,1,1,1,1,1,1
9597,2.53E-01,1.89E-01,0.2936952,0,9597,ERODED,1,1,1,1,1,1,1,1,1,1,1,1
9598,2.96E-01,2.81E-01,0.2288502,3,9598,Not eroded,0,1,1,1,0,0,0,1,0,0,1,1
9603,3.22E-01,7.94E-02,0.2943399,0,9603,Not eroded,0,1,1,1,1,1,1,1,1,1,1,1
9610,1.08E-01,1.32E-01,0.2621352,0,9610,Not eroded,0,1,1,1,1,1,1,1,1,1,1,1
9611,1.19E-01,3.02E-01,0.3058189,0,9611,ERODED,1,1,1,1,1,1,1,1,1,1,1,1
9612,2.86E-01,1.29E-01,0.2126726,3,9612,Not eroded,0,1,1,0,0,0,0,1,0,0,1,1
9617,6.88E-02,1.12E-01,0.2309369,4,9617,Not eroded,0,1,1,1,1,0,0,0,0,0,1,1
9618,2.96E-01,1.69E-01,0.237371,6,9618,Not eroded,0,1,1,1,1,0,0,0,0,0,0,0
9624,1.52E-01,1.63E-01,0.3254416,0,9624,ERODED,1,1,1,1,1,1,1,1,1,1,1,1
9627,8.37E-02,1.07E-01,0.264971,0,9627,Not eroded,0,1,1,1,1,1,1,1,1,1,1,1
9628,1.39E-01,1.33E-01,0.2317159,5,9628,Not eroded,0,1,1,1,1,0,0,0,0,0,0,1
9629,1.65E-01,2.96E-01,0.2988323,0,9629,ERODED,1,1,1,1,1,1,1,1,1,1,1,1
9630,3.16E-01,2.09E-01,0.3019095,0,9630,ERODED,1,1,1,1,1,1,1,1,1,1,1,1
9631,2.38E-01,1.21E-01,0.2883451,4,9631,Not eroded,0,1,1,1,1,1,1,0,0,0,1,1
9632,1.38E-01,3.24E-01,0.2732457,0,9632,ERODED,1,1,1,1,1,1,1,1,1,1,1,1
9640,1.11E-01,2.55E-01,0.2323771,0,9640,ERODED,1,1,1,1,1,0,0,1,1,1,1,1
9641,1.45E-01,1.41E-01,0.3260575,0,9641,ERODED,1,1,1,1,1,1,1,1,1,1,1,1
9644,1.82E-01,2.89E-01,0.2293056,0,9644,ERODED,1,1,1,1,0,0,0,1,1,1,1,1
9647,2.35E-01,1.81E-01,0.2127392,0,9647,Not eroded,0,1,1,0,0,0,0,1,1,1,1,1
9648,2.44E-01,2.14E-01,0.3033924,0,9648,ERODED,1,1,1,1,1,1,1,1,1,1,1,1
9651,2.68E-01,2.93E-01,0.3252859,0,9651,ERODED,1,1,1,1,1,1,1,1,1,1,1,1
9652,2.27E-01,6.22E-02,0.2243249,4,9652,Not eroded,0,1,1,1,0,0,0,0,0,0,1,1
9653,2.05E-01,2.43E-01,0.2584343,0,9653,Not eroded,0,1,1,1,1,1,1,1,1,1,1,1
9655,1.43E-01,7.77E-02,0.3254619,0,9655,ERODED,1,1,1,1,1,1,1,1,1,1,1,1
9657,2.44E-01,2.42E-01,0.2848674,5,9657,Not eroded,0,1,1,1,1,1,1,0,0,0,0,1
9663,1.76E-01,1.94E-01,0.3054722,0,9663,ERODED,1,1,1,1,1,1,1,1,1,1,1,1
9664,2.29E-01,6.15E-02,0.3015301,3,9664,Not eroded,0,1,1,1,1,1,1,1,0,0,1,1
9666,2.02E-01,2.60E-01,0.2277288,0,9666,Not eroded,0,1,1,1,0,0,0,1,1,1,1,1
9667,2.15E-01,1.95E-01,0.264238,4,9667,Not eroded,0,1,1,1,1,1,1,0,0,0,1,1
9668,3.16E-01,1.28E-01,0.2444255,3,9668,Not eroded,0,1,1,1,1,1,0,1,0,0,1,1
9669,1.34E-01,5.55E-02,0.2170617,3,9669,Not eroded,0,1,1,0,0,0,0,1,0,0,1,1
9670,5.65E-02,6.53E-02,0.2809533,0,9670,ERODED,1,1,1,1,1,1,1,1,1,1,1,1
9678,7.84E-02,7.08E-02,0.2470941,3,9678,Not eroded,0,1,1,1,1,1,0,1,0,0,1,1
9680,1.77E-01,9.30E-02,0.2865588,0,9680,Not eroded,0,1,1,1,1,1,1,1,1,1,1,1
9687,1.09E-01,3.24E-01,0.2671222,0,9687,ERODED,1,1,1,1,1,1,1,1,1,1,1,1
9688,2.00E-01,2.84E-01,0.3272265,0,9688,ERODED,1,1,1,1,1,1,1,1,1,1,1,1
9693,1.52E-01,5.60E-02,0.3255981,0,9693,ERODED,1,1,1,1,1,1,1,1,1,1,1,1
9701,1.47E-01,3.24E-01,0.2582988,0,9701,ERODED,1,1,1,1,1,1,1,1,1,1,1,1
9705,2.69E-01,7.59E-02,0.2958338,4,9705,Not eroded,0,1,1,1,1,1,1,0,0,0,1,1
9708,3.10E-01,3.12E-01,0.2880192,0,9708,Not eroded,0,1,1,1,1,1,1,1,1,1,1,1
9710,2.98E-01,1.30E-01,0.3250561,0,9710,ERODED,1,1,1,1,1,1,1,1,1,1,1,1
9712,2.48E-01,1.04E-01,0.2378296,0,9712,Not eroded,0,1,1,1,1,0,0,1,1,1,1,1
9713,2.71E-01,1.38E-01,0.3052441,0,9713,ERODED,1,1,1,1,1,1,1,1,1,1,1,1
9715,1.53E-01,8.35E-02,0.2627709,4,9715,Not eroded,0,1,1,1,1,1,1,0,0,0,1,1
9716,6.85E-02,2.81E-01,0.223757,0,9716,Not eroded,0,1,1,1,0,0,0,1,1,1,1,1
9723,2.82E-01,2.68E-01,0.2811516,6,9723,Not eroded,0,1,1,1,1,1,1,0,0,0,0,0
9729,3.13E-01,2.99E-01,0.2253791,4,9729,Not eroded,0,1,1,1,0,0,0,0,0,0,1,1
9730,1.89E-01,6.70E-02,0.2957182,0,9730,ERODED,1,1,1,1,1,1,1,1,1,1,1,1
9738,2.62E-01,1.29E-01,0.2625276,5,9738,Not eroded,0,1,1,1,1,1,1,0,0,0,0,1
9739,1.47E-01,1.01E-01,0.2929379,0,9739,ERODED,1,1,1,1,1,1,1,1,1,1,1,1
9741,2.06E-01,1.99E-01,0.2220448,2,9741,Not eroded,0,1,1,1,0,0,0,1,0,1,1,1
9745,1.73E-01,6.55E-02,0.2509488,0,9745,Not eroded,0,1,1,1,1,1,1,1,1,1,1,1
9746,1.28E-01,1.57E-01,0.2487651,5,9746,Not eroded,0,1,1,1,1,1,0,0,0,0,0,1
9747,3.03E-01,9.85E-02,0.2794325,0,9747,Not eroded,0,1,1,1,1,1,1,1,1,1,1,1
9749,1.99E-01,1.80E-01,0.2392214,5,9749,Not eroded,0,1,1,1,1,0,0,0,0,0,0,1
9752,2.22E-01,1.40E-01,0.3249127,0,9752,ERODED,1,1,1,1,1,1,1,1,1,1,1,1
9756,2.94E-01,2.87E-01,0.302002,4,9756,Not eroded,0,1,1,1,1,1,1,0,0,0,1,1
9759,1.71E-01,7.21E-02,0.2135438,5,9759,Not eroded,0,1,1,0,0,0,0,0,0,0,0,1
9762,1.03E-01,2.99E-01,0.3256238,0,9762,ERODED,1,1,1,1,1,1,1,1,1,1,1,1
9765,5.65E-02,1.87E-01,0.2426039,0,9765,Not eroded,0,1,1,1,1,1,0,1,1,1,1,1
9768,2.76E-01,2.48E-01,0.2416091,6,9768,Not eroded,0,1,1,1,1,1,0,0,0,0,0,0
9771,1.31E-01,1.54E-01,0.2396153,4,9771,Not eroded,0,1,1,1,1,0,0,0,0,0,1,1
9774,1.51E-01,2.72E-01,0.217898,4,9774,Not eroded,0,1,1,0,0,0,0,0,0,0,1,1
9778,3.02E-01,1.91E-01,0.2129278,0,9778,Not eroded,0,1,1,0,0,0,0,1,1,1,1,1
9779,3.06E-01,2.11E-01,0.2302741,5,9779,Not eroded,0,1,1,1,1,0,0,0,0,0,0,1
9780,1.07E-01,2.60E-01,0.2931678,0,9780,ERODED,1,1,1,1,1,1,1,1,1,1,1,1
9785,1.42E-01,2.33E-01,0.2745026,4,9785,Not eroded,0,1,1,1,1,1,1,0,0,0,1,1
9788,2.79E-01,1.55E-01,0.2545573,4,9788,Not eroded,0,1,1,1,1,1,1,0,0,0,1,1
9796,1.03E-01,2.41E-01,0.2871844,3,9796,Not eroded,0,1,1,1,1,1,1,1,0,0,1,1
9797,1.35E-01,9.02E-02,0.2817271,0,9797,ERODED,1,1,1,1,1,1,1,1,1,1,1,1
9798,1.46E-01,2.84E-01,0.2193294,4,9798,Not eroded,0,1,1,0,0,0,0,0,0,0,1,1
9799,9.04E-02,1.94E-01,0.2479534,0,9799,Not eroded,0,1,1,1,1,1,0,1,1,1,1,1
9803,1.09E-01,1.30E-01,0.3252962,0,9803,ERODED,1,1,1,1,1,1,1,1,1,1,1,1
9805,2.00E-01,1.18E-01,0.2669808,0,9805,Not eroded,0,1,1,1,1,1,1,1,1,1,1,1
9811,2.76E-01,2.03E-01,0.3287009,0,9811,ERODED,1,1,1,1,1,1,1,1,1,1,1,1
9812,2.42E-01,3.24E-01,0.227629,4,9812,Not eroded,0,1,1,1,0,0,0,0,0,0,1,1
9815,2.32E-01,5.66E-02,0.3245664,0,9815,ERODED,1,1,1,1,1,1,1,1,1,1,1,1
9816,6.14E-02,3.24E-01,0.2760254,3,9816,Not eroded,0,1,1,1,1,1,1,1,0,0,1,1
9818,3.24E-01,2.51E-01,0.2518602,3,9818,Not eroded,0,1,1,1,1,1,1,1,0,0,1,1
9827,2.59E-01,2.31E-01,0.235783,4,9827,Not eroded,0,1,1,1,1,0,0,0,0,0,1,1
9830,1.39E-01,1.82E-01,0.2379973,5,9830,Not eroded,0,1,1,1,1,0,0,0,0,0,0,1
9831,1.31E-01,2.90E-01,0.2723197,0,9831,ERODED,1,1,1,1,1,1,1,1,1,1,1,1
9832,2.46E-01,2.19E-01,0.2522276,2,9832,Not eroded,0,1,1,1,1,1,1,1,0,1,1,1
9833,2.35E-01,2.85E-01,0.2681626,2,9833,Not eroded,0,1,1,1,1,1,1,1,0,1,1,1
9836,8.63E-02,8.53E-02,0.2879507,0,9836,Not eroded,0,1,1,1,1,1,1,1,1,1,1,1
9840,1.15E-01,2.29E-01,0.2268631,0,9840,Not eroded,0,1,1,1,0,0,0,1,1,1,1,1
9845,5.65E-02,1.66E-01,0.2418059,3,9845,Not eroded,0,1,1,1,1,1,0,1,0,0,1,1
9846,5.67E-02,2.24E-01,0.3023105,0,9846,ERODED,1,1,1,1,1,1,1,1,1,1,1,1
9847,2.93E-01,2.51E-01,0.3077167,2,9847,Not eroded,0,1,1,1,1,1,1,1,0,1,1,1
9848,6.41E-02,2.39E-01,0.286617,0,9848,ERODED,1,1,1,1,1,1,1,1,1,1,1,1
9855,1.25E-01,3.15E-01,0.2850121,0,9855,ERODED,1,1,1,1,1,1,1,1,1,1,1,1
9856,2.57E-01,1.48E-01,0.2230527,4,9856,Not eroded,0,1,1,1,0,0,0,0,0,0,1,1
9859,5.64E-02,2.89E-01,0.2478482,2,9859,Not eroded,0,1,1,1,1,1,0,1,0,1,1,1
9860,8.66E-02,2.56E-01,0.2575509,3,9860,Not eroded,0,1,1,1,1,1,1,1,0,0,1,1
9864,3.24E-01,1.96E-01,0.2696483,6,9864,Not eroded,0,1,1,1,1,1,1,0,0,0,0,0
9865,2.29E-01,1.93E-01,0.266128,4,9865,Not eroded,0,1,1,1,1,1,1,0,0,0,1,1
9867,1.30E-01,8.16E-02,0.2903334,0,9867,ERODED,1,1,1,1,1,1,1,1,1,1,1,1
9869,2.66E-01,5.59E-02,0.2900831,3,9869,Not eroded,0,1,1,1,1,1,1,1,0,0,1,1
9874,1.04E-01,1.32E-01,0.2710671,0,9874,Not eroded,0,1,1,1,1,1,1,1,1,1,1,1
9875,2.83E-01,3.24E-01,0.2335461,4,9875,Not eroded,0,1,1,1,1,0,0,0,0,0,1,1
9876,7.43E-02,2.67E-01,0.2865965,0,9876,ERODED,1,1,1,1,1,1,1,1,1,1,1,1
9885,2.85E-01,2.26E-01,0.2786517,0,9885,Not eroded,0,1,1,1,1,1,1,1,1,1,1,1
9888,2.25E-01,7.42E-02,0.2547233,4,9888,Not eroded,0,1,1,1,1,1,1,0,0,0,1,1
9890,1.71E-01,2.37E-01,0.2143977,2,9890,Not eroded,0,1,1,0,0,0,0,1,0,1,1,1
9891,2.76E-01,3.24E-01,0.3095752,0,9891,ERODED,1,1,1,1,1,1,1,1,1,1,1,1
9892,1.96E-01,2.53E-01,0.2708769,0,9892,Not eroded,0,1,1,1,1,1,1,1,1,1,1,1
9894,1.46E-01,6.74E-02,0.2529537,4,9894,Not eroded,0,1,1,1,1,1,1,0,0,0,1,1
9895,1.70E-01,2.12E-01,0.2561799,3,9895,Not eroded,0,1,1,1,1,1,1,1,0,0,1,1
9900,2.67E-01,3.03E-01,0.2279371,4,9900,Not eroded,0,1,1,1,0,0,0,0,0,0,1,1
9902,2.94E-01,2.90E-01,0.2252396,5,9902,Not eroded,0,1,1,1,0,0,0,0,0,0,0,1
9908,3.08E-01,1.71E-01,0.2416822,4,9908,Not eroded,0,1,1,1,1,1,0,0,0,0,1,1
9910,1.47E-01,3.16E-01,0.2511496,0,9910,ERODED,1,1,1,1,1,1,1,1,1,1,1,1
9912,2.88E-01,1.52E-01,0.2132764,2,9912,Not eroded,0,1,1,0,0,0,0,1,0,1,1,1
9917,2.70E-01,2.83E-01,0.2265121,0,9917,Not eroded,0,1,1,1,0,0,0,1,1,1,1,1
9918,6.58E-02,2.72E-01,0.2273121,0,9918,Not eroded,0,1,1,1,0,0,0,1,1,1,1,1
9921,2.30E-01,1.53E-01,0.3165561,0,9921,ERODED,1,1,1,1,1,1,1,1,1,1,1,1
9922,2.68E-01,2.93E-01,0.3032788,0,9922,ERODED,1,1,1,1,1,1,1,1,1,1,1,1
9925,1.72E-01,2.00E-01,0.3133504,0,9925,ERODED,1,1,1,1,1,1,1,1,1,1,1,1
9931,2.81E-01,5.70E-02,0.2368428,4,9931,Not eroded,0,1,1,1,1,0,0,0,0,0,1,1
9932,8.42E-02,2.24E-01,0.2431541,3,9932,Not eroded,0,1,1,1,1,1,0,1,0,0,1,1
9933,1.65E-01,3.12E-01,0.2559427,0,9933,ERODED,1,1,1,1,1,1,1,1,1,1,1,1
9934,1.14E-01,1.04E-01,0.2688014,3,9934,Not eroded,0,1,1,1,1,1,1,1,0,0,1,1
9936,1.24E-01,1.20E-01,0.3143485,0,9936,ERODED,1,1,1,1,1,1,1,1,1,1,1,1
9939,2.06E-01,2.94E-01,0.2542008,0,9939,Not eroded,0,1,1,1,1,1,1,1,1,1,1,1
9944,8.79E-02,9.54E-02,0.3330256,0,9944,ERODED,1,1,1,1,1,1,1,1,1,1,1,1
9945,1.35E-01,2.67E-01,0.3187657,0,9945,ERODED,1,1,1,1,1,1,1,1,1,1,1,1
9946,3.14E-01,2.86E-01,0.2489413,4,9946,Not eroded,0,1,1,1,1,1,0,0,0,0,1,1
9949,2.67E-01,5.59E-02,0.3000813,0,9949,ERODED,1,1,1,1,1,1,1,1,1,1,1,1
9950,1.43E-01,8.35E-02,0.3081483,0,9950,ERODED,1,1,1,1,1,1,1,1,1,1,1,1
9952,2.07E-01,2.20E-01,0.2441392,2,9952,Not eroded,0,1,1,1,1,1,0,1,0,1,1,1
9955,1.91E-01,1.56E-01,0.2850396,0,9955,Not eroded,0,1,1,1,1,1,1,1,1,1,1,1
9960,2.79E-01,1.20E-01,0.279824,0,9960,ERODED,1,1,1,1,1,1,1,1,1,1,1,1
9965,3.07E-01,2.34E-01,0.2127582,4,9965,Not eroded,0,1,1,0,0,0,0,0,0,0,1,1
9967,1.76E-01,2.57E-01,0.3084831,0,9967,ERODED,1,1,1,1,1,1,1,1,1,1,1,1
9973,9.04E-02,2.60E-01,0.2495274,3,9973,Not eroded,0,1,1,1,1,1,0,1,0,0,1,1
9977,1.48E-01,2.39E-01,0.2950522,0,9977,ERODED,1,1,1,1,1,1,1,1,1,1,1,1
9978,1.50E-01,9.24E-02,0.2136264,0,9978,Not eroded,0,1,1,0,0,0,0,1,1,1,1,1
9980,1.59E-01,2.46E-01,0.2928547,0,9980,ERODED,1,1,1,1,1,1,1,1,1,1,1,1
9981,2.92E-01,1.93E-01,0.2709427,4,9981,Not eroded,0,1,1,1,1,1,1,0,0,0,1,1
9982,1.91E-01,2.86E-01,0.2264258,0,9982,Not eroded,0,1,1,1,0,0,0,1,1,1,1,1
9985,3.16E-01,8.99E-02,0.2855671,5,9985,Not eroded,0,1,1,1,1,1,1,0,0,0,0,1
9986,1.41E-01,1.44E-01,0.2299139,5,9986,Not eroded,0,1,1,1,0,0,0,0,0,0,0,1
9988,3.19E-01,1.69E-01,0.305487,4,9988,Not eroded,0,1,1,1,1,1,1,0,0,0,1,1
9990,3.02E-01,2.30E-01,0.2259488,7,9990,Not eroded,0,1,1,1,0,0,0,0,0,0,0,0
9995,1.81E-01,6.50E-02,0.2447238,4,9995,Not eroded,0,1,1,1,1,1,0,0,0,0,1,1
9996,1.17E-01,1.45E-01,0.2903851,0,9996,Not eroded,0,1,1,1,1,1,1,1,1,1,1,1
9997,1.23E-01,5.59E-02,0.2625063,3,9997,Not eroded,0,1,1,1,1,1,1,1,0,0,1,1
10002,5.65E-02,2.86E-01,0.2974414,0,10002,ERODED,1,1,1,1,1,1,1,1,1,1,1,1
10005,1.41E-01,2.06E-01,0.2256965,4,10005,Not eroded,0,1,1,1,0,0,0,0,0,0,1,1
10007,2.42E-01,1.65E-01,0.2284294,0,10007,Not eroded,0,1,1,1,0,0,0,1,1,1,1,1
10010,3.02E-01,2.46E-01,0.2725294,5,10010,Not eroded,0,1,1,1,1,1,1,0,0,0,0,1
10011,1.89E-01,8.54E-02,0.317376,2,10011,Not eroded,0,1,1,1,1,1,1,1,0,1,1,1
10012,5.65E-02,1.14E-01,0.2885379,0,10012,Not eroded,0,1,1,1,1,1,1,1,1,1,1,1
10018,2.83E-01,6.61E-02,0.2862188,5,10018,Not eroded,0,1,1,1,1,1,1,0,0,0,0,1
10020,2.01E-01,2.90E-01,0.2787305,5,10020,Not eroded,0,1,1,1,1,1,1,0,0,0,0,1
10022,8.97E-02,1.73E-01,0.3059156,0,10022,ERODED,1,1,1,1,1,1,1,1,1,1,1,1
10023,3.08E-01,2.77E-01,0.256386,4,10023,Not eroded,0,1,1,1,1,1,1,0,0,0,1,1
10026,8.87E-02,2.57E-01,0.2818068,0,10026,ERODED,1,1,1,1,1,1,1,1,1,1,1,1
10029,1.99E-01,2.44E-01,0.2702148,0,10029,Not eroded,0,1,1,1,1,1,1,1,1,1,1,1
10030,1.70E-01,3.24E-01,0.269886,0,10030,ERODED,1,1,1,1,1,1,1,1,1,1,1,1
10032,5.66E-02,2.59E-01,0.2855919,0,10032,ERODED,1,1,1,1,1,1,1,1,1,1,1,1
10035,5.63E-02,6.22E-02,0.2311892,2,10035,Not eroded,0,1,1,1,1,0,0,1,0,1,1,1
10038,2.86E-01,1.14E-01,0.2956492,0,10038,ERODED,1,1,1,1,1,1,1,1,1,1,1,1
10040,2.71E-01,1.33E-01,0.2653178,0,10040,Not eroded,0,1,1,1,1,1,1,1,1,1,1,1
10041,3.24E-01,2.36E-01,0.2589804,3,10041,Not eroded,0,1,1,1,1,1,1,1,0,0,1,1
10042,2.02E-01,9.94E-02,0.2768449,0,10042,Not eroded,0,1,1,1,1,1,1,1,1,1,1,1
10044,3.10E-01,2.30E-01,0.239563,5,10044,Not eroded,0,1,1,1,1,0,0,0,0,0,0,1
10046,1.24E-01,3.01E-01,0.2286675,4,10046,Not eroded,0,1,1,1,0,0,0,0,0,0,1,1
10049,2.39E-01,1.27E-01,0.2233393,4,10049,Not eroded,0,1,1,1,0,0,0,0,0,0,1,1
10063,1.09E-01,6.27E-02,0.2600514,6,10063,Not eroded,0,1,1,1,1,1,1,0,0,0,0,0
10067,2.96E-01,2.65E-01,0.287586,5,10067,Not eroded,0,1,1,1,1,1,1,0,0,0,0,1
10068,2.52E-01,7.08E-02,0.2121533,4,10068,Not eroded,0,1,1,0,0,0,0,0,0,0,1,1
10069,1.50E-01,3.24E-01,0.2206821,3,10069,Not eroded,0,1,1,1,0,0,0,1,0,0,1,1
10073,1.32E-01,1.34E-01,0.3039072,0,10073,ERODED,1,1,1,1,1,1,1,1,1,1,1,1
10076,2.77E-01,3.08E-01,0.2428565,4,10076,Not eroded,0,1,1,1,1,1,0,0,0,0,1,1
10077,1.47E-01,7.86E-02,0.2102287,0,10077,Not eroded,0,1,1,0,0,0,0,1,1,1,1,1
10079,1.74E-01,8.88E-02,0.2638855,0,10079,Not eroded,0,1,1,1,1,1,1,1,1,1,1,1
10082,1.56E-01,2.17E-01,0.2320149,3,10082,Not eroded,0,1,1,1,1,0,0,1,0,0,1,1
10084,2.55E-01,1.02E-01,0.2652697,0,10084,Not eroded,0,1,1,1,1,1,1,1,1,1,1,1
10086,2.43E-01,3.24E-01,0.270976,3,10086,Not eroded,0,1,1,1,1,1,1,1,0,0,1,1
10089,2.84E-01,2.74E-01,0.2737113,6,10089,Not eroded,0,1,1,1,1,1,1,0,0,0,0,0
10091,2.68E-01,2.95E-01,0.2222323,5,10091,Not eroded,0,1,1,1,0,0,0,0,0,0,0,1
10095,5.65E-02,1.11E-01,0.2194863,4,10095,Not eroded,0,1,1,0,0,0,0,0,0,0,1,1
10100,2.23E-01,2.14E-01,0.3071881,0,10100,ERODED,1,1,1,1,1,1,1,1,1,1,1,1
10102,1.42E-01,1.20E-01,0.3138339,0,10102,ERODED,1,1,1,1,1,1,1,1,1,1,1,1
10107,1.44E-01,3.22E-01,0.2437444,3,10107,ERODED,1,1,1,1,1,1,0,1,0,0,1,1
10117,1.85E-01,6.44E-02,0.2217227,5,10117,Not eroded,0,1,1,1,0,0,0,0,0,0,0,1
10122,2.56E-01,8.79E-02,0.2725246,4,10122,Not eroded,0,1,1,1,1,1,1,0,0,0,1,1
10123,1.19E-01,8.41E-02,0.2545703,5,10123,Not eroded,0,1,1,1,1,1,1,0,0,0,0,1
10125,2.30E-01,2.02E-01,0.3316281,0,10125,ERODED,1,1,1,1,1,1,1,1,1,1,1,1
10127,1.02E-01,3.09E-01,0.2976214,0,10127,ERODED,1,1,1,1,1,1,1,1,1,1,1,1
10128,1.81E-01,1.45E-01,0.2875724,0,10128,Not eroded,0,1,1,1,1,1,1,1,1,1,1,1
10131,2.12E-01,1.26E-01,0.2152522,0,10131,Not eroded,0,1,1,0,0,0,0,1,1,1,1,1
10132,1.95E-01,1.02E-01,0.2504511,0,10132,Not eroded,0,1,1,1,1,1,1,1,1,1,1,1
10134,3.24E-01,2.15E-01,0.2373476,5,10134,Not eroded,0,1,1,1,1,0,0,0,0,0,0,1
10138,1.95E-01,1.39E-01,0.2287354,0,10138,Not eroded,0,1,1,1,0,0,0,1,1,1,1,1
10139,2.69E-01,2.38E-01,0.3070566,0,10139,ERODED,1,1,1,1,1,1,1,1,1,1,1,1
10141,1.42E-01,1.08E-01,0.298276,0,10141,ERODED,1,1,1,1,1,1,1,1,1,1,1,1
10143,1.43E-01,1.03E-01,0.3163774,0,10143,ERODED,1,1,1,1,1,1,1,1,1,1,1,1
10144,9.25E-02,2.27E-01,0.2234208,5,10144,Not eroded,0,1,1,1,0,0,0,0,0,0,0,1
10147,1.19E-01,2.81E-01,0.238044,0,10147,ERODED,1,1,1,1,1,0,0,1,1,1,1,1
10155,1.31E-01,1.70E-01,0.3241622,0,10155,ERODED,1,1,1,1,1,1,1,1,1,1,1,1
10156,2.14E-01,1.18E-01,0.2279128,4,10156,Not eroded,0,1,1,1,0,0,0,0,0,0,1,1
10157,2.36E-01,1.62E-01,0.2986334,0,10157,ERODED,1,1,1,1,1,1,1,1,1,1,1,1
10161,2.10E-01,2.97E-01,0.3055235,0,10161,ERODED,1,1,1,1,1,1,1,1,1,1,1,1
10163,2.51E-01,2.41E-01,0.2920786,3,10163,Not eroded,0,1,1,1,1,1,1,1,0,0,1,1
10164,7.58E-02,5.59E-02,0.2620024,0,10164,Not eroded,0,1,1,1,1,1,1,1,1,1,1,1
10165,2.86E-01,9.41E-02,0.2197815,0,10165,Not eroded,0,1,1,0,0,0,0,1,1,1,1,1
10168,1.73E-01,2.90E-01,0.2340426,3,10168,Not eroded,0,1,1,1,1,0,0,1,0,0,1,1
10175,1.75E-01,2.03E-01,0.2609648,0,10175,Not eroded,0,1,1,1,1,1,1,1,1,1,1,1
10176,2.63E-01,3.24E-01,0.2254423,4,10176,Not eroded,0,1,1,1,0,0,0,0,0,0,1,1
10177,2.40E-01,1.34E-01,0.3042258,0,10177,ERODED,1,1,1,1,1,1,1,1,1,1,1,1
10178,2.63E-01,1.53E-01,0.2556369,4,10178,Not eroded,0,1,1,1,1,1,1,0,0,0,1,1
10180,1.84E-01,8.07E-02,0.218062,4,10180,Not eroded,0,1,1,0,0,0,0,0,0,0,1,1
10182,8.81E-02,2.19E-01,0.3134438,0,10182,ERODED,1,1,1,1,1,1,1,1,1,1,1,1
10184,6.55E-02,3.24E-01,0.2850294,5,10184,Not eroded,0,1,1,1,1,1,1,0,0,0,0,1
10187,5.65E-02,1.50E-01,0.2741628,3,10187,Not eroded,0,1,1,1,1,1,1,1,0,0,1,1
10188,5.66E-02,2.94E-01,0.2634581,0,10188,ERODED,1,1,1,1,1,1,1,1,1,1,1,1
10191,9.86E-02,3.03E-01,0.2190503,5,10191,Not eroded,0,1,1,0,0,0,0,0,0,0,0,1
10195,3.24E-01,2.16E-01,0.3057851,0,10195,ERODED,1,1,1,1,1,1,1,1,1,1,1,1
10204,3.16E-01,1.25E-01,0.2739786,5,10204,Not eroded,0,1,1,1,1,1,1,0,0,0,0,1
10207,2.49E-01,2.56E-01,0.2213639,5,10207,Not eroded,0,1,1,1,0,0,0,0,0,0,0,1
10213,9.47E-02,2.15E-01,0.2312596,5,10213,Not eroded,0,1,1,1,1,0,0,0,0,0,0,1
10216,1.43E-01,8.67E-02,0.2707939,0,10216,ERODED,1,1,1,1,1,1,1,1,1,1,1,1
10217,1.61E-01,6.30E-02,0.2345038,6,10217,Not eroded,0,1,1,1,1,0,0,0,0,0,0,0
10219,1.37E-01,3.05E-01,0.2730425,0,10219,ERODED,1,1,1,1,1,1,1,1,1,1,1,1
10227,1.98E-01,2.64E-01,0.2121963,0,10227,Not eroded,0,1,1,0,0,0,0,1,1,1,1,1
10232,7.33E-02,1.55E-01,0.2855385,0,10232,Not eroded,0,1,1,1,1,1,1,1,1,1,1,1
10235,2.36E-01,5.58E-02,0.2978137,3,10235,Not eroded,0,1,1,1,1,1,1,1,0,0,1,1
10238,2.50E-01,2.46E-01,0.2153787,4,10238,Not eroded,0,1,1,0,0,0,0,0,0,0,1,1
10239,2.45E-01,2.18E-01,0.2418313,0,10239,Not eroded,0,1,1,1,1,1,0,1,1,1,1,1
10241,1.83E-01,3.00E-01,0.286895,0,10241,ERODED,1,1,1,1,1,1,1,1,1,1,1,1
10242,2.99E-01,2.48E-01,0.2131706,6,10242,Not eroded,0,1,1,0,0,0,0,0,0,0,0,0
10248,1.41E-01,3.24E-01,0.2344737,3,10248,ERODED,1,1,1,1,1,0,0,1,0,0,1,1
10251,2.97E-01,5.59E-02,0.2248863,4,10251,Not eroded,0,1,1,1,0,0,0,0,0,0,1,1
10254,1.37E-01,2.16E-01,0.3223375,0,10254,ERODED,1,1,1,1,1,1,1,1,1,1,1,1
10257,2.65E-01,6.44E-02,0.2813419,4,10257,Not eroded,0,1,1,1,1,1,1,0,0,0,1,1
10266,1.28E-01,2.84E-01,0.3143305,0,10266,ERODED,1,1,1,1,1,1,1,1,1,1,1,1
10270,5.68E-02,2.70E-01,0.2228251,0,10270,Not eroded,0,1,1,1,0,0,0,1,1,1,1,1
10271,6.33E-02,3.24E-01,0.2481455,3,10271,Not eroded,0,1,1,1,1,1,0,1,0,0,1,1
