Before erosion ID,Initial X,Initial Y,Initial Z,Initial connectivity,Before erosion ID,Erosion state,Encoded erosion state,Z location Half,Z location 0.22,Z location 0.23,Z location 0.24,Z location 0.25,3 connectivity,1 connectivity,2 connectivity,4 connectivity,5 connectivity
1,1.02E-01,2.05E-01,2.48E-01,0,1,Not eroded,0,1,1,1,1,0,1,1,1,1,1
3,1.76E-01,2.40E-01,2.55E-01,4,3,Not eroded,0,1,1,1,1,1,0,0,0,1,1
4,1.68E-01,2.86E-01,3.30E-01,0,4,ERODED,1,1,1,1,1,1,1,1,1,1,1
15,2.91E-01,1.66E-01,2.62E-01,3,15,Not eroded,0,1,1,1,1,1,1,0,0,1,1
16,9.10E-02,3.24E-01,2.95E-01,0,16,ERODED,1,1,1,1,1,1,1,1,1,1,1
18,1.39E-01,2.37E-01,2.89E-01,4,18,Not eroded,0,1,1,1,1,1,0,0,0,1,1
23,1.97E-01,2.30E-01,2.91E-01,3,23,Not eroded,0,1,1,1,1,1,1,0,0,1,1
24,1.66E-01,9.09E-02,3.24E-01,0,24,ERODED,1,1,1,1,1,1,1,1,1,1,1
29,1.53E-01,1.25E-01,2.89E-01,4,29,Not eroded,0,1,1,1,1,1,0,0,0,1,1
35,2.83E-01,3.24E-01,2.72E-01,0,35,ERODED,1,1,1,1,1,1,1,1,1,1,1
36,2.96E-01,2.23E-01,3.13E-01,0,36,ERODED,1,1,1,1,1,1,1,1,1,1,1
42,2.80E-01,1.74E-01,3.25E-01,0,42,ERODED,1,1,1,1,1,1,1,1,1,1,1
51,6.32E-02,1.62E-01,2.79E-01,5,51,Not eroded,0,1,1,1,1,1,0,0,0,0,1
57,1.61E-01,3.24E-01,2.48E-01,4,57,Not eroded,0,1,1,1,1,0,0,0,0,1,1
58,3.20E-01,7.83E-02,2.72E-01,0,58,ERODED,1,1,1,1,1,1,1,1,1,1,1
64,1.45E-01,2.22E-01,2.79E-01,3,64,Not eroded,0,1,1,1,1,1,1,0,0,1,1
66,1.59E-01,3.24E-01,2.84E-01,0,66,ERODED,1,1,1,1,1,1,1,1,1,1,1
70,2.48E-01,9.52E-02,2.51E-01,4,70,Not eroded,0,1,1,1,1,1,0,0,0,1,1
74,2.26E-01,1.03E-01,2.85E-01,4,74,Not eroded,0,1,1,1,1,1,0,0,0,1,1
82,1.41E-01,1.39E-01,2.69E-01,3,82,Not eroded,0,1,1,1,1,1,1,0,0,1,1
85,3.24E-01,1.96E-01,2.51E-01,4,85,Not eroded,0,1,1,1,1,1,0,0,0,1,1
88,1.87E-01,7.40E-02,2.70E-01,6,88,Not eroded,0,1,1,1,1,1,0,0,0,0,0
99,2.01E-01,3.24E-01,2.92E-01,2,99,Not eroded,0,1,1,1,1,1,1,0,1,1,1
105,1.09E-01,5.65E-02,3.15E-01,0,105,ERODED,1,1,1,1,1,1,1,1,1,1,1
107,8.43E-02,3.14E-01,3.01E-01,0,107,ERODED,1,1,1,1,1,1,1,1,1,1,1
108,2.08E-01,1.97E-01,2.69E-01,5,108,Not eroded,0,1,1,1,1,1,0,0,0,0,1
109,7.79E-02,2.94E-01,3.16E-01,0,109,ERODED,1,1,1,1,1,1,1,1,1,1,1
110,2.88E-01,1.32E-01,2.81E-01,3,110,Not eroded,0,1,1,1,1,1,1,0,0,1,1
119,2.93E-01,3.23E-01,2.77E-01,0,119,ERODED,1,1,1,1,1,1,1,1,1,1,1
131,2.19E-01,1.77E-01,3.10E-01,0,131,ERODED,1,1,1,1,1,1,1,1,1,1,1
132,2.25E-01,9.40E-02,2.58E-01,3,132,Not eroded,0,1,1,1,1,1,1,0,0,1,1
134,3.00E-01,3.04E-01,3.25E-01,0,134,ERODED,1,1,1,1,1,1,1,1,1,1,1
135,2.13E-01,1.09E-01,3.01E-01,0,135,ERODED,1,1,1,1,1,1,1,1,1,1,1
143,1.71E-01,2.33E-01,3.21E-01,0,143,ERODED,1,1,1,1,1,1,1,1,1,1,1
148,1.90E-01,1.98E-01,2.83E-01,5,148,Not eroded,0,1,1,1,1,1,0,0,0,0,1
149,5.62E-02,9.52E-02,2.68E-01,3,149,Not eroded,0,1,1,1,1,1,1,0,0,1,1
151,1.51E-01,1.56E-01,2.69E-01,5,151,Not eroded,0,1,1,1,1,1,0,0,0,0,1
163,1.12E-01,1.87E-01,2.87E-01,5,163,Not eroded,0,1,1,1,1,1,0,0,0,0,1
166,2.14E-01,1.73E-01,2.54E-01,5,166,Not eroded,0,1,1,1,1,1,0,0,0,0,1
176,1.48E-01,8.81E-02,2.45E-01,0,176,Not eroded,0,1,1,1,1,0,1,1,1,1,1
179,3.01E-01,1.75E-01,2.48E-01,5,179,Not eroded,0,1,1,1,1,0,0,0,0,0,1
183,2.99E-01,1.71E-01,2.95E-01,0,183,ERODED,1,1,1,1,1,1,1,1,1,1,1
184,3.12E-01,1.02E-01,2.77E-01,0,184,ERODED,1,1,1,1,1,1,1,1,1,1,1
189,1.35E-01,1.85E-01,2.49E-01,3,189,Not eroded,0,1,1,1,1,0,1,0,0,1,1
195,2.65E-01,1.32E-01,2.95E-01,0,195,ERODED,1,1,1,1,1,1,1,1,1,1,1
198,5.62E-02,1.24E-01,2.83E-01,3,198,Not eroded,0,1,1,1,1,1,1,0,0,1,1
199,2.15E-01,2.87E-01,2.68E-01,0,199,Not eroded,0,1,1,1,1,1,1,1,1,1,1
205,2.69E-01,1.17E-01,3.16E-01,0,205,ERODED,1,1,1,1,1,1,1,1,1,1,1
211,9.91E-02,2.32E-01,2.90E-01,7,211,Not eroded,0,1,1,1,1,1,0,0,0,0,0
212,1.85E-01,1.33E-01,2.96E-01,2,212,Not eroded,0,1,1,1,1,1,1,0,1,1,1
216,1.05E-01,1.57E-01,2.63E-01,5,216,Not eroded,0,1,1,1,1,1,0,0,0,0,1
218,3.05E-01,1.75E-01,3.36E-01,0,218,ERODED,1,1,1,1,1,1,1,1,1,1,1
223,3.15E-01,3.08E-01,2.84E-01,0,223,ERODED,1,1,1,1,1,1,1,1,1,1,1
224,2.07E-01,2.91E-01,2.80E-01,4,224,Not eroded,0,1,1,1,1,1,0,0,0,1,1
227,6.59E-02,1.78E-01,2.48E-01,6,227,Not eroded,0,1,1,1,1,0,0,0,0,0,0
229,3.13E-01,2.35E-01,2.94E-01,2,229,Not eroded,0,1,1,1,1,1,1,0,1,1,1
231,9.59E-02,1.72E-01,2.73E-01,5,231,Not eroded,0,1,1,1,1,1,0,0,0,0,1
233,5.62E-02,7.29E-02,2.60E-01,3,233,Not eroded,0,1,1,1,1,1,1,0,0,1,1
234,1.03E-01,1.88E-01,2.92E-01,5,234,Not eroded,0,1,1,1,1,1,0,0,0,0,1
237,5.62E-02,2.90E-01,2.67E-01,0,237,Not eroded,0,1,1,1,1,1,1,1,1,1,1
239,5.66E-02,2.53E-01,2.75E-01,0,239,Not eroded,0,1,1,1,1,1,1,1,1,1,1
242,1.72E-01,2.34E-01,2.65E-01,4,242,Not eroded,0,1,1,1,1,1,0,0,0,1,1
243,1.71E-01,1.75E-01,2.91E-01,0,243,Not eroded,0,1,1,1,1,1,1,1,1,1,1
244,2.32E-01,3.10E-01,2.45E-01,0,244,Not eroded,0,1,1,1,1,0,1,1,1,1,1
245,2.95E-01,1.56E-01,2.64E-01,4,245,Not eroded,0,1,1,1,1,1,0,0,0,1,1
247,1.26E-01,2.15E-01,3.05E-01,0,247,Not eroded,0,1,1,1,1,1,1,1,1,1,1
248,1.76E-01,1.96E-01,3.07E-01,2,248,Not eroded,0,1,1,1,1,1,1,0,1,1,1
250,2.01E-01,1.66E-01,2.72E-01,3,250,Not eroded,0,1,1,1,1,1,1,0,0,1,1
255,7.06E-02,6.06E-02,2.63E-01,6,255,Not eroded,0,1,1,1,1,1,0,0,0,0,0
256,9.74E-02,1.00E-01,3.19E-01,0,256,ERODED,1,1,1,1,1,1,1,1,1,1,1
261,2.88E-01,1.74E-01,2.57E-01,0,261,Not eroded,0,1,1,1,1,1,1,1,1,1,1
262,1.95E-01,2.74E-01,2.91E-01,3,262,Not eroded,0,1,1,1,1,1,1,0,0,1,1
264,2.08E-01,1.40E-01,2.88E-01,6,264,Not eroded,0,1,1,1,1,1,0,0,0,0,0
269,2.72E-01,3.24E-01,2.44E-01,0,269,Not eroded,0,1,1,1,1,0,1,1,1,1,1
272,2.45E-01,3.24E-01,2.62E-01,0,272,Not eroded,0,1,1,1,1,1,1,1,1,1,1
278,2.41E-01,5.64E-02,2.51E-01,4,278,Not eroded,0,1,1,1,1,1,0,0,0,1,1
284,2.01E-01,3.18E-01,3.09E-01,0,284,ERODED,1,1,1,1,1,1,1,1,1,1,1
287,3.00E-01,1.64E-01,2.67E-01,3,287,Not eroded,0,1,1,1,1,1,1,0,0,1,1
290,1.32E-01,1.76E-01,3.10E-01,0,290,ERODED,1,1,1,1,1,1,1,1,1,1,1
291,6.04E-02,1.60E-01,3.08E-01,0,291,ERODED,1,1,1,1,1,1,1,1,1,1,1
292,2.22E-01,2.13E-01,2.54E-01,3,292,Not eroded,0,1,1,1,1,1,1,0,0,1,1
293,2.05E-01,1.49E-01,3.20E-01,0,293,ERODED,1,1,1,1,1,1,1,1,1,1,1
294,5.62E-02,1.31E-01,2.64E-01,3,294,Not eroded,0,1,1,1,1,1,1,0,0,1,1
297,2.77E-01,1.22E-01,3.08E-01,0,297,ERODED,1,1,1,1,1,1,1,1,1,1,1
300,1.59E-01,1.68E-01,2.90E-01,3,300,Not eroded,0,1,1,1,1,1,1,0,0,1,1
308,1.70E-01,1.51E-01,2.57E-01,4,308,Not eroded,0,1,1,1,1,1,0,0,0,1,1
310,5.61E-02,1.77E-01,2.47E-01,5,310,Not eroded,0,1,1,1,1,0,0,0,0,0,1
319,2.45E-01,1.28E-01,3.26E-01,0,319,ERODED,1,1,1,1,1,1,1,1,1,1,1
322,5.62E-02,1.56E-01,2.88E-01,4,322,Not eroded,0,1,1,1,1,1,0,0,0,1,1
323,2.92E-01,2.20E-01,3.03E-01,0,323,ERODED,1,1,1,1,1,1,1,1,1,1,1
325,9.92E-02,2.20E-01,2.82E-01,5,325,Not eroded,0,1,1,1,1,1,0,0,0,0,1
330,6.58E-02,3.24E-01,2.50E-01,0,330,Not eroded,0,1,1,1,1,0,1,1,1,1,1
332,5.62E-02,1.51E-01,3.25E-01,0,332,ERODED,1,1,1,1,1,1,1,1,1,1,1
342,3.14E-01,1.29E-01,2.44E-01,4,342,Not eroded,0,1,1,1,1,0,0,0,0,1,1
345,1.74E-01,2.71E-01,2.80E-01,4,345,Not eroded,0,1,1,1,1,1,0,0,0,1,1
347,2.17E-01,2.55E-01,3.16E-01,0,347,ERODED,1,1,1,1,1,1,1,1,1,1,1
349,2.92E-01,3.22E-01,3.17E-01,0,349,ERODED,1,1,1,1,1,1,1,1,1,1,1
350,2.38E-01,2.97E-01,2.92E-01,4,350,ERODED,1,1,1,1,1,1,0,0,0,1,1
356,7.34E-02,1.52E-01,2.88E-01,4,356,Not eroded,0,1,1,1,1,1,0,0,0,1,1
359,5.63E-02,2.91E-01,2.79E-01,0,359,ERODED,1,1,1,1,1,1,1,1,1,1,1
362,2.26E-01,2.72E-01,2.94E-01,5,362,Not eroded,0,1,1,1,1,1,0,0,0,0,1
366,2.51E-01,2.10E-01,2.87E-01,4,366,Not eroded,0,1,1,1,1,1,0,0,0,1,1
368,1.77E-01,1.70E-01,2.85E-01,4,368,Not eroded,0,1,1,1,1,1,0,0,0,1,1
369,5.62E-02,3.14E-01,2.51E-01,0,369,Not eroded,0,1,1,1,1,1,1,1,1,1,1
372,2.54E-01,3.24E-01,3.16E-01,0,372,ERODED,1,1,1,1,1,1,1,1,1,1,1
374,3.24E-01,2.53E-01,2.68E-01,3,374,Not eroded,0,1,1,1,1,1,1,0,0,1,1
377,1.34E-01,5.66E-02,2.97E-01,0,377,ERODED,1,1,1,1,1,1,1,1,1,1,1
379,7.38E-02,2.94E-01,2.93E-01,0,379,ERODED,1,1,1,1,1,1,1,1,1,1,1
383,2.12E-01,3.02E-01,3.04E-01,0,383,ERODED,1,1,1,1,1,1,1,1,1,1,1
384,2.15E-01,2.63E-01,2.45E-01,0,384,Not eroded,0,1,1,1,1,0,1,1,1,1,1
390,1.08E-01,2.29E-01,2.88E-01,4,390,Not eroded,0,1,1,1,1,1,0,0,0,1,1
393,2.56E-01,3.05E-01,2.56E-01,0,393,Not eroded,0,1,1,1,1,1,1,1,1,1,1
394,9.19E-02,2.10E-01,2.71E-01,3,394,Not eroded,0,1,1,1,1,1,1,0,0,1,1
399,2.67E-01,5.66E-02,2.61E-01,2,399,Not eroded,0,1,1,1,1,1,1,0,1,1,1
401,1.51E-01,1.70E-01,2.83E-01,6,401,Not eroded,0,1,1,1,1,1,0,0,0,0,0
407,1.75E-01,3.16E-01,2.89E-01,4,407,Not eroded,0,1,1,1,1,1,0,0,0,1,1
409,1.14E-01,2.47E-01,2.86E-01,5,409,Not eroded,0,1,1,1,1,1,0,0,0,0,1
414,6.39E-02,1.62E-01,2.59E-01,6,414,Not eroded,0,1,1,1,1,1,0,0,0,0,0
420,2.26E-01,7.87E-02,2.55E-01,4,420,Not eroded,0,1,1,1,1,1,0,0,0,1,1
422,2.87E-01,9.10E-02,2.62E-01,5,422,Not eroded,0,1,1,1,1,1,0,0,0,0,1
428,1.73E-01,1.19E-01,3.08E-01,0,428,ERODED,1,1,1,1,1,1,1,1,1,1,1
430,9.37E-02,3.08E-01,3.23E-01,0,430,ERODED,1,1,1,1,1,1,1,1,1,1,1
437,2.43E-01,6.08E-02,3.15E-01,0,437,ERODED,1,1,1,1,1,1,1,1,1,1,1
438,2.98E-01,3.12E-01,2.73E-01,0,438,ERODED,1,1,1,1,1,1,1,1,1,1,1
444,2.41E-01,2.89E-01,2.75E-01,0,444,ERODED,1,1,1,1,1,1,1,1,1,1,1
445,7.52E-02,2.40E-01,2.87E-01,2,445,Not eroded,0,1,1,1,1,1,1,0,1,1,1
448,1.80E-01,2.92E-01,2.69E-01,5,448,Not eroded,0,1,1,1,1,1,0,0,0,0,1
452,2.25E-01,2.58E-01,3.09E-01,0,452,ERODED,1,1,1,1,1,1,1,1,1,1,1
456,3.24E-01,1.04E-01,3.02E-01,0,456,ERODED,1,1,1,1,1,1,1,1,1,1,1
457,2.53E-01,1.39E-01,3.11E-01,0,457,ERODED,1,1,1,1,1,1,1,1,1,1,1
461,2.66E-01,6.50E-02,2.44E-01,5,461,Not eroded,0,1,1,1,1,0,0,0,0,0,1
469,2.13E-01,1.20E-01,2.94E-01,5,469,Not eroded,0,1,1,1,1,1,0,0,0,0,1
475,1.36E-01,2.59E-01,2.92E-01,0,475,ERODED,1,1,1,1,1,1,1,1,1,1,1
477,1.06E-01,2.10E-01,2.79E-01,4,477,Not eroded,0,1,1,1,1,1,0,0,0,1,1
483,3.14E-01,1.54E-01,2.52E-01,6,483,Not eroded,0,1,1,1,1,1,0,0,0,0,0
487,2.21E-01,2.69E-01,2.86E-01,2,487,Not eroded,0,1,1,1,1,1,1,0,1,1,1
491,1.55E-01,2.00E-01,2.96E-01,4,491,Not eroded,0,1,1,1,1,1,0,0,0,1,1
492,1.75E-01,2.81E-01,3.25E-01,0,492,ERODED,1,1,1,1,1,1,1,1,1,1,1
494,1.74E-01,8.33E-02,2.64E-01,0,494,Not eroded,0,1,1,1,1,1,1,1,1,1,1
496,3.24E-01,1.56E-01,2.73E-01,0,496,Not eroded,0,1,1,1,1,1,1,1,1,1,1
498,1.79E-01,2.97E-01,2.47E-01,0,498,Not eroded,0,1,1,1,1,0,1,1,1,1,1
508,1.30E-01,5.64E-02,2.61E-01,3,508,Not eroded,0,1,1,1,1,1,1,0,0,1,1
509,1.88E-01,1.43E-01,2.99E-01,2,509,Not eroded,0,1,1,1,1,1,1,0,1,1,1
521,1.29E-01,1.27E-01,2.90E-01,4,521,Not eroded,0,1,1,1,1,1,0,0,0,1,1
523,2.16E-01,3.11E-01,2.96E-01,4,523,Not eroded,0,1,1,1,1,1,0,0,0,1,1
524,5.62E-02,7.04E-02,2.88E-01,4,524,Not eroded,0,1,1,1,1,1,0,0,0,1,1
536,1.94E-01,2.65E-01,2.96E-01,0,536,Not eroded,0,1,1,1,1,1,1,1,1,1,1
541,2.34E-01,3.24E-01,2.92E-01,0,541,Not eroded,0,1,1,1,1,1,1,1,1,1,1
545,3.14E-01,5.65E-02,2.95E-01,0,545,ERODED,1,1,1,1,1,1,1,1,1,1,1
552,1.04E-01,1.80E-01,3.02E-01,0,552,ERODED,1,1,1,1,1,1,1,1,1,1,1
560,2.80E-01,1.03E-01,3.13E-01,0,560,ERODED,1,1,1,1,1,1,1,1,1,1,1
568,2.30E-01,6.69E-02,2.41E-01,6,568,Not eroded,0,1,1,1,1,0,0,0,0,0,0
570,1.23E-01,2.56E-01,2.60E-01,0,570,Not eroded,0,1,1,1,1,1,1,1,1,1,1
571,2.81E-01,1.56E-01,3.15E-01,0,571,ERODED,1,1,1,1,1,1,1,1,1,1,1
573,1.64E-01,1.60E-01,2.60E-01,3,573,Not eroded,0,1,1,1,1,1,1,0,0,1,1
575,2.73E-01,1.24E-01,2.75E-01,3,575,Not eroded,0,1,1,1,1,1,1,0,0,1,1
576,1.97E-01,2.03E-01,2.92E-01,4,576,Not eroded,0,1,1,1,1,1,0,0,0,1,1
580,1.63E-01,2.83E-01,2.70E-01,4,580,Not eroded,0,1,1,1,1,1,0,0,0,1,1
583,1.19E-01,5.64E-02,2.74E-01,4,583,Not eroded,0,1,1,1,1,1,0,0,0,1,1
587,2.74E-01,3.21E-01,2.57E-01,0,587,Not eroded,0,1,1,1,1,1,1,1,1,1,1
590,1.23E-01,2.74E-01,3.06E-01,3,590,Not eroded,0,1,1,1,1,1,1,0,0,1,1
591,2.13E-01,1.67E-01,2.90E-01,3,591,Not eroded,0,1,1,1,1,1,1,0,0,1,1
595,1.02E-01,2.10E-01,2.66E-01,4,595,Not eroded,0,1,1,1,1,1,0,0,0,1,1
606,2.04E-01,1.10E-01,2.81E-01,0,606,Not eroded,0,1,1,1,1,1,1,1,1,1,1
611,1.29E-01,1.05E-01,2.85E-01,0,611,Not eroded,0,1,1,1,1,1,1,1,1,1,1
612,1.70E-01,1.27E-01,2.52E-01,6,612,Not eroded,0,1,1,1,1,1,0,0,0,0,0
623,1.65E-01,2.39E-01,2.96E-01,4,623,Not eroded,0,1,1,1,1,1,0,0,0,1,1
624,2.59E-01,2.11E-01,3.16E-01,0,624,ERODED,1,1,1,1,1,1,1,1,1,1,1
625,1.94E-01,1.53E-01,2.98E-01,0,625,ERODED,1,1,1,1,1,1,1,1,1,1,1
626,1.37E-01,3.15E-01,3.14E-01,0,626,ERODED,1,1,1,1,1,1,1,1,1,1,1
628,6.83E-02,3.24E-01,3.13E-01,0,628,ERODED,1,1,1,1,1,1,1,1,1,1,1
637,3.12E-01,1.74E-01,3.02E-01,0,637,ERODED,1,1,1,1,1,1,1,1,1,1,1
639,2.41E-01,2.15E-01,2.99E-01,5,639,Not eroded,0,1,1,1,1,1,0,0,0,0,1
642,3.24E-01,1.17E-01,2.48E-01,2,642,Not eroded,0,1,1,1,1,0,1,0,1,1,1
647,1.91E-01,1.68E-01,2.78E-01,4,647,Not eroded,0,1,1,1,1,1,0,0,0,1,1
650,1.79E-01,3.24E-01,2.74E-01,5,650,Not eroded,0,1,1,1,1,1,0,0,0,0,1
651,1.81E-01,5.64E-02,2.69E-01,4,651,Not eroded,0,1,1,1,1,1,0,0,0,1,1
654,1.60E-01,1.51E-01,2.58E-01,5,654,Not eroded,0,1,1,1,1,1,0,0,0,0,1
656,3.08E-01,2.08E-01,2.98E-01,0,656,ERODED,1,1,1,1,1,1,1,1,1,1,1
660,2.62E-01,1.07E-01,2.91E-01,0,660,ERODED,1,1,1,1,1,1,1,1,1,1,1
666,1.27E-01,2.25E-01,3.22E-01,0,666,ERODED,1,1,1,1,1,1,1,1,1,1,1
668,1.87E-01,1.68E-01,2.56E-01,4,668,Not eroded,0,1,1,1,1,1,0,0,0,1,1
669,9.47E-02,1.29E-01,2.82E-01,3,669,Not eroded,0,1,1,1,1,1,1,0,0,1,1
674,5.64E-02,3.23E-01,2.55E-01,0,674,Not eroded,0,1,1,1,1,1,1,1,1,1,1
676,1.70E-01,1.30E-01,2.42E-01,4,676,Not eroded,0,1,1,1,1,0,0,0,0,1,1
685,7.54E-02,6.50E-02,2.70E-01,5,685,Not eroded,0,1,1,1,1,1,0,0,0,0,1
690,1.74E-01,2.81E-01,3.14E-01,0,690,ERODED,1,1,1,1,1,1,1,1,1,1,1
697,1.94E-01,2.91E-01,3.27E-01,0,697,ERODED,1,1,1,1,1,1,1,1,1,1,1
698,5.63E-02,8.94E-02,3.04E-01,0,698,ERODED,1,1,1,1,1,1,1,1,1,1,1
705,2.97E-01,3.14E-01,2.99E-01,0,705,Not eroded,0,1,1,1,1,1,1,1,1,1,1
710,1.34E-01,2.57E-01,3.10E-01,0,710,ERODED,1,1,1,1,1,1,1,1,1,1,1
711,3.24E-01,1.75E-01,3.17E-01,0,711,ERODED,1,1,1,1,1,1,1,1,1,1,1
713,1.30E-01,1.04E-01,2.43E-01,0,713,Not eroded,0,1,1,1,1,0,1,1,1,1,1
722,2.02E-01,3.15E-01,2.78E-01,0,722,Not eroded,0,1,1,1,1,1,1,1,1,1,1
723,1.74E-01,2.09E-01,2.56E-01,3,723,Not eroded,0,1,1,1,1,1,1,0,0,1,1
724,5.62E-02,1.48E-01,2.95E-01,3,724,Not eroded,0,1,1,1,1,1,1,0,0,1,1
726,1.31E-01,2.58E-01,2.71E-01,0,726,Not eroded,0,1,1,1,1,1,1,1,1,1,1
730,1.22E-01,3.12E-01,3.05E-01,0,730,ERODED,1,1,1,1,1,1,1,1,1,1,1
733,5.95E-02,1.01E-01,3.20E-01,0,733,ERODED,1,1,1,1,1,1,1,1,1,1,1
737,1.85E-01,1.69E-01,3.25E-01,0,737,ERODED,1,1,1,1,1,1,1,1,1,1,1
738,1.03E-01,2.25E-01,2.95E-01,5,738,Not eroded,0,1,1,1,1,1,0,0,0,0,1
742,2.00E-01,6.01E-02,3.19E-01,0,742,ERODED,1,1,1,1,1,1,1,1,1,1,1
746,1.00E-01,2.04E-01,2.74E-01,6,746,Not eroded,0,1,1,1,1,1,0,0,0,0,0
750,2.61E-01,2.07E-01,2.92E-01,0,750,Not eroded,0,1,1,1,1,1,1,1,1,1,1
759,1.42E-01,6.48E-02,2.89E-01,3,759,Not eroded,0,1,1,1,1,1,1,0,0,1,1
762,3.14E-01,1.19E-01,2.98E-01,0,762,ERODED,1,1,1,1,1,1,1,1,1,1,1
769,2.64E-01,1.48E-01,3.25E-01,0,769,ERODED,1,1,1,1,1,1,1,1,1,1,1
772,2.04E-01,2.67E-01,2.76E-01,2,772,Not eroded,0,1,1,1,1,1,1,0,1,1,1
782,2.05E-01,2.66E-01,2.64E-01,3,782,Not eroded,0,1,1,1,1,1,1,0,0,1,1
786,1.48E-01,6.20E-02,3.25E-01,0,786,ERODED,1,1,1,1,1,1,1,1,1,1,1
787,1.44E-01,5.86E-02,2.97E-01,0,787,ERODED,1,1,1,1,1,1,1,1,1,1,1
789,2.89E-01,2.95E-01,2.57E-01,0,789,Not eroded,0,1,1,1,1,1,1,1,1,1,1
790,3.11E-01,2.64E-01,2.84E-01,0,790,Not eroded,0,1,1,1,1,1,1,1,1,1,1
791,1.48E-01,6.16E-02,2.59E-01,5,791,Not eroded,0,1,1,1,1,1,0,0,0,0,1
792,5.63E-02,2.47E-01,3.27E-01,0,792,ERODED,1,1,1,1,1,1,1,1,1,1,1
794,2.92E-01,1.18E-01,2.64E-01,0,794,Not eroded,0,1,1,1,1,1,1,1,1,1,1
798,2.89E-01,7.54E-02,3.20E-01,0,798,ERODED,1,1,1,1,1,1,1,1,1,1,1
799,2.58E-01,2.93E-01,2.96E-01,0,799,ERODED,1,1,1,1,1,1,1,1,1,1,1
800,3.05E-01,1.81E-01,2.41E-01,5,800,Not eroded,0,1,1,1,1,0,0,0,0,0,1
801,1.50E-01,5.64E-02,2.68E-01,4,801,Not eroded,0,1,1,1,1,1,0,0,0,1,1
802,2.38E-01,7.88E-02,3.10E-01,0,802,ERODED,1,1,1,1,1,1,1,1,1,1,1
804,3.05E-01,1.64E-01,2.98E-01,0,804,ERODED,1,1,1,1,1,1,1,1,1,1,1
807,1.57E-01,2.73E-01,2.63E-01,0,807,Not eroded,0,1,1,1,1,1,1,1,1,1,1
808,2.53E-01,1.66E-01,2.93E-01,0,808,ERODED,1,1,1,1,1,1,1,1,1,1,1
812,2.88E-01,2.78E-01,2.71E-01,4,812,Not eroded,0,1,1,1,1,1,0,0,0,1,1
822,2.89E-01,3.16E-01,2.70E-01,0,822,ERODED,1,1,1,1,1,1,1,1,1,1,1
823,1.60E-01,5.66E-02,2.71E-01,0,823,Not eroded,0,1,1,1,1,1,1,1,1,1,1
834,2.91E-01,3.13E-01,2.80E-01,0,834,Not eroded,0,1,1,1,1,1,1,1,1,1,1
845,3.17E-01,1.34E-01,2.92E-01,0,845,Not eroded,0,1,1,1,1,1,1,1,1,1,1
846,3.18E-01,1.63E-01,3.15E-01,0,846,ERODED,1,1,1,1,1,1,1,1,1,1,1
847,7.07E-02,1.26E-01,2.77E-01,0,847,Not eroded,0,1,1,1,1,1,1,1,1,1,1
849,3.04E-01,1.75E-01,3.17E-01,0,849,ERODED,1,1,1,1,1,1,1,1,1,1,1
853,2.87E-01,8.44E-02,3.10E-01,3,853,Not eroded,0,1,1,1,1,1,1,0,0,1,1
856,2.72E-01,9.46E-02,2.47E-01,6,856,Not eroded,0,1,1,1,1,0,0,0,0,0,0
865,6.85E-02,6.91E-02,2.85E-01,8,865,Not eroded,0,1,1,1,1,1,0,0,0,0,0
867,2.47E-01,2.19E-01,2.85E-01,5,867,Not eroded,0,1,1,1,1,1,0,0,0,0,1
871,5.62E-02,1.99E-01,2.44E-01,0,871,Not eroded,0,1,1,1,1,0,1,1,1,1,1
878,8.57E-02,9.14E-02,2.87E-01,0,878,Not eroded,0,1,1,1,1,1,1,1,1,1,1
884,1.55E-01,2.78E-01,2.79E-01,0,884,Not eroded,0,1,1,1,1,1,1,1,1,1,1
895,1.46E-01,2.77E-01,2.83E-01,0,895,Not eroded,0,1,1,1,1,1,1,1,1,1,1
897,2.10E-01,6.85E-02,3.01E-01,0,897,ERODED,1,1,1,1,1,1,1,1,1,1,1
898,2.29E-01,2.55E-01,2.73E-01,3,898,Not eroded,0,1,1,1,1,1,1,0,0,1,1
899,2.96E-01,3.02E-01,2.71E-01,0,899,Not eroded,0,1,1,1,1,1,1,1,1,1,1
901,2.87E-01,1.37E-01,2.56E-01,2,901,Not eroded,0,1,1,1,1,1,1,0,1,1,1
904,6.49E-02,1.52E-01,2.74E-01,5,904,Not eroded,0,1,1,1,1,1,0,0,0,0,1
905,2.24E-01,1.74E-01,2.55E-01,6,905,Not eroded,0,1,1,1,1,1,0,0,0,0,0
908,2.78E-01,1.65E-01,3.05E-01,0,908,ERODED,1,1,1,1,1,1,1,1,1,1,1
909,1.93E-01,1.48E-01,3.07E-01,0,909,ERODED,1,1,1,1,1,1,1,1,1,1,1
910,2.52E-01,2.30E-01,2.96E-01,0,910,Not eroded,0,1,1,1,1,1,1,1,1,1,1
914,2.08E-01,2.59E-01,2.95E-01,0,914,Not eroded,0,1,1,1,1,1,1,1,1,1,1
919,1.48E-01,1.60E-01,3.00E-01,4,919,Not eroded,0,1,1,1,1,1,0,0,0,1,1
923,1.40E-01,2.41E-01,2.50E-01,0,923,Not eroded,0,1,1,1,1,0,1,1,1,1,1
927,3.24E-01,2.25E-01,3.08E-01,0,927,ERODED,1,1,1,1,1,1,1,1,1,1,1
930,1.11E-01,2.05E-01,2.43E-01,0,930,Not eroded,0,1,1,1,1,0,1,1,1,1,1
933,2.01E-01,1.83E-01,2.76E-01,6,933,Not eroded,0,1,1,1,1,1,0,0,0,0,0
938,2.69E-01,5.64E-02,2.91E-01,3,938,Not eroded,0,1,1,1,1,1,1,0,0,1,1
940,3.24E-01,1.71E-01,2.86E-01,0,940,ERODED,1,1,1,1,1,1,1,1,1,1,1
943,8.17E-02,3.00E-01,3.26E-01,0,943,ERODED,1,1,1,1,1,1,1,1,1,1,1
944,2.17E-01,9.42E-02,3.03E-01,4,944,Not eroded,0,1,1,1,1,1,0,0,0,1,1
946,1.86E-01,1.70E-01,2.45E-01,3,946,Not eroded,0,1,1,1,1,0,1,0,0,1,1
947,1.57E-01,1.64E-01,2.55E-01,6,947,Not eroded,0,1,1,1,1,1,0,0,0,0,0
950,9.09E-02,9.66E-02,2.94E-01,3,950,Not eroded,0,1,1,1,1,1,1,0,0,1,1
955,7.75E-02,5.64E-02,2.94E-01,5,955,Not eroded,0,1,1,1,1,1,0,0,0,0,1
958,1.92E-01,1.78E-01,2.75E-01,4,958,Not eroded,0,1,1,1,1,1,0,0,0,1,1
959,2.70E-01,2.77E-01,2.49E-01,0,959,Not eroded,0,1,1,1,1,0,1,1,1,1,1
960,1.41E-01,1.47E-01,2.86E-01,5,960,Not eroded,0,1,1,1,1,1,0,0,0,0,1
961,1.17E-01,1.34E-01,2.84E-01,6,961,Not eroded,0,1,1,1,1,1,0,0,0,0,0
964,1.88E-01,3.04E-01,2.87E-01,5,964,Not eroded,0,1,1,1,1,1,0,0,0,0,1
968,2.60E-01,1.59E-01,3.25E-01,0,968,ERODED,1,1,1,1,1,1,1,1,1,1,1
970,2.76E-01,1.54E-01,2.96E-01,0,970,ERODED,1,1,1,1,1,1,1,1,1,1,1
971,2.46E-01,1.89E-01,2.86E-01,2,971,Not eroded,0,1,1,1,1,1,1,0,1,1,1
976,2.22E-01,1.48E-01,2.52E-01,3,976,Not eroded,0,1,1,1,1,1,1,0,0,1,1
977,2.46E-01,5.93E-02,2.43E-01,4,977,Not eroded,0,1,1,1,1,0,0,0,0,1,1
979,2.94E-01,2.93E-01,2.80E-01,0,979,Not eroded,0,1,1,1,1,1,1,1,1,1,1
980,1.22E-01,9.72E-02,2.86E-01,2,980,Not eroded,0,1,1,1,1,1,1,0,1,1,1
981,2.18E-01,2.48E-01,2.97E-01,0,981,Not eroded,0,1,1,1,1,1,1,1,1,1,1
984,2.37E-01,7.56E-02,2.99E-01,0,984,ERODED,1,1,1,1,1,1,1,1,1,1,1
988,2.28E-01,9.50E-02,2.79E-01,4,988,Not eroded,0,1,1,1,1,1,0,0,0,1,1
990,1.84E-01,1.58E-01,3.08E-01,0,990,ERODED,1,1,1,1,1,1,1,1,1,1,1
991,8.04E-02,3.19E-01,3.12E-01,0,991,ERODED,1,1,1,1,1,1,1,1,1,1,1
993,2.00E-01,2.21E-01,2.89E-01,3,993,Not eroded,0,1,1,1,1,1,1,0,0,1,1
998,1.64E-01,2.07E-01,3.26E-01,0,998,ERODED,1,1,1,1,1,1,1,1,1,1,1
999,2.57E-01,1.39E-01,2.55E-01,4,999,Not eroded,0,1,1,1,1,1,0,0,0,1,1
1002,2.13E-01,1.37E-01,2.69E-01,4,1002,Not eroded,0,1,1,1,1,1,0,0,0,1,1
1007,1.80E-01,2.36E-01,2.96E-01,4,1007,Not eroded,0,1,1,1,1,1,0,0,0,1,1
1008,1.15E-01,1.04E-01,2.47E-01,0,1008,Not eroded,0,1,1,1,1,0,1,1,1,1,1
1012,1.69E-01,1.26E-01,3.31E-01,0,1012,ERODED,1,1,1,1,1,1,1,1,1,1,1
1019,1.05E-01,1.37E-01,3.08E-01,0,1019,ERODED,1,1,1,1,1,1,1,1,1,1,1
1025,2.53E-01,3.24E-01,2.42E-01,0,1025,Not eroded,0,1,1,1,1,0,1,1,1,1,1
1031,2.04E-01,2.51E-01,2.99E-01,0,1031,ERODED,1,1,1,1,1,1,1,1,1,1,1
1032,2.52E-01,2.02E-01,2.81E-01,3,1032,Not eroded,0,1,1,1,1,1,1,0,0,1,1
1035,9.66E-02,1.81E-01,2.95E-01,4,1035,Not eroded,0,1,1,1,1,1,0,0,0,1,1
1051,1.81E-01,6.59E-02,2.72E-01,3,1051,Not eroded,0,1,1,1,1,1,1,0,0,1,1
1052,2.48E-01,5.65E-02,2.69E-01,0,1052,ERODED,1,1,1,1,1,1,1,1,1,1,1
1056,2.36E-01,2.78E-01,3.05E-01,0,1056,ERODED,1,1,1,1,1,1,1,1,1,1,1
1057,2.12E-01,2.43E-01,2.55E-01,0,1057,Not eroded,0,1,1,1,1,1,1,1,1,1,1
1059,9.89E-02,2.58E-01,2.62E-01,3,1059,Not eroded,0,1,1,1,1,1,1,0,0,1,1
1064,2.48E-01,3.24E-01,2.96E-01,3,1064,Not eroded,0,1,1,1,1,1,1,0,0,1,1
1070,2.28E-01,1.38E-01,2.50E-01,2,1070,Not eroded,0,1,1,1,1,0,1,0,1,1,1
1072,5.66E-02,1.22E-01,2.58E-01,0,1072,Not eroded,0,1,1,1,1,1,1,1,1,1,1
1075,1.32E-01,1.13E-01,2.91E-01,0,1075,Not eroded,0,1,1,1,1,1,1,1,1,1,1
1078,1.08E-01,1.95E-01,2.81E-01,4,1078,Not eroded,0,1,1,1,1,1,0,0,0,1,1
1085,2.72E-01,1.30E-01,3.12E-01,0,1085,ERODED,1,1,1,1,1,1,1,1,1,1,1
1088,2.04E-01,3.02E-01,3.11E-01,0,1088,ERODED,1,1,1,1,1,1,1,1,1,1,1
1091,3.15E-01,2.45E-01,2.92E-01,3,1091,Not eroded,0,1,1,1,1,1,1,0,0,1,1
1092,1.81E-01,8.98E-02,2.49E-01,0,1092,Not eroded,0,1,1,1,1,0,1,1,1,1,1
1094,1.93E-01,1.65E-01,2.63E-01,5,1094,Not eroded,0,1,1,1,1,1,0,0,0,0,1
1095,9.06E-02,3.24E-01,2.75E-01,2,1095,Not eroded,0,1,1,1,1,1,1,0,1,1,1
1104,2.34E-01,1.14E-01,2.47E-01,5,1104,Not eroded,0,1,1,1,1,0,0,0,0,0,1
1107,2.75E-01,5.64E-02,2.52E-01,3,1107,Not eroded,0,1,1,1,1,1,1,0,0,1,1
1111,2.34E-01,6.48E-02,2.50E-01,4,1111,Not eroded,0,1,1,1,1,0,0,0,0,1,1
1113,1.62E-01,2.32E-01,2.90E-01,2,1113,Not eroded,0,1,1,1,1,1,1,0,1,1,1
1116,6.45E-02,1.30E-01,2.84E-01,5,1116,Not eroded,0,1,1,1,1,1,0,0,0,0,1
1117,1.36E-01,3.24E-01,2.80E-01,0,1117,ERODED,1,1,1,1,1,1,1,1,1,1,1
1119,2.07E-01,2.26E-01,2.61E-01,3,1119,Not eroded,0,1,1,1,1,1,1,0,0,1,1
1121,6.49E-02,1.36E-01,2.51E-01,4,1121,Not eroded,0,1,1,1,1,1,0,0,0,1,1
1128,9.59E-02,2.89E-01,2.89E-01,0,1128,ERODED,1,1,1,1,1,1,1,1,1,1,1
1133,2.55E-01,2.83E-01,2.94E-01,0,1133,ERODED,1,1,1,1,1,1,1,1,1,1,1
1140,9.37E-02,1.96E-01,2.90E-01,0,1140,Not eroded,0,1,1,1,1,1,1,1,1,1,1
1141,1.64E-01,2.06E-01,2.93E-01,5,1141,Not eroded,0,1,1,1,1,1,0,0,0,0,1
1143,2.53E-01,1.01E-01,2.44E-01,3,1143,Not eroded,0,1,1,1,1,0,1,0,0,1,1
1158,1.34E-01,1.52E-01,2.45E-01,5,1158,Not eroded,0,1,1,1,1,0,0,0,0,0,1
1160,2.69E-01,1.39E-01,3.25E-01,0,1160,ERODED,1,1,1,1,1,1,1,1,1,1,1
1165,2.06E-01,1.40E-01,2.57E-01,4,1165,Not eroded,0,1,1,1,1,1,0,0,0,1,1
1169,2.86E-01,1.16E-01,3.26E-01,0,1169,ERODED,1,1,1,1,1,1,1,1,1,1,1
1170,1.95E-01,5.66E-02,3.01E-01,0,1170,ERODED,1,1,1,1,1,1,1,1,1,1,1
1171,1.80E-01,1.23E-01,3.00E-01,0,1171,Not eroded,0,1,1,1,1,1,1,1,1,1,1
1193,8.83E-02,1.49E-01,2.56E-01,4,1193,Not eroded,0,1,1,1,1,1,0,0,0,1,1
1198,1.98E-01,1.44E-01,2.99E-01,4,1198,Not eroded,0,1,1,1,1,1,0,0,0,1,1
1199,8.02E-02,8.55E-02,2.68E-01,4,1199,Not eroded,0,1,1,1,1,1,0,0,0,1,1
1202,3.23E-01,3.23E-01,2.98E-01,0,1202,ERODED,1,1,1,1,1,1,1,1,1,1,1
1204,1.67E-01,2.14E-01,2.98E-01,4,1204,Not eroded,0,1,1,1,1,1,0,0,0,1,1
1206,2.43E-01,2.35E-01,2.91E-01,3,1206,Not eroded,0,1,1,1,1,1,1,0,0,1,1
1209,1.71E-01,3.23E-01,2.67E-01,3,1209,Not eroded,0,1,1,1,1,1,1,0,0,1,1
1210,1.31E-01,1.41E-01,2.43E-01,0,1210,Not eroded,0,1,1,1,1,0,1,1,1,1,1
1213,1.54E-01,2.27E-01,2.86E-01,4,1213,Not eroded,0,1,1,1,1,1,0,0,0,1,1
1214,3.22E-01,1.85E-01,3.13E-01,0,1214,ERODED,1,1,1,1,1,1,1,1,1,1,1
1218,8.73E-02,2.52E-01,2.70E-01,6,1218,Not eroded,0,1,1,1,1,1,0,0,0,0,0
1220,5.62E-02,2.18E-01,2.84E-01,2,1220,Not eroded,0,1,1,1,1,1,1,0,1,1,1
1222,2.37E-01,9.67E-02,2.83E-01,7,1222,Not eroded,0,1,1,1,1,1,0,0,0,0,0
1223,3.24E-01,8.59E-02,2.81E-01,0,1223,ERODED,1,1,1,1,1,1,1,1,1,1,1
1226,2.05E-01,1.73E-01,2.50E-01,4,1226,Not eroded,0,1,1,1,1,0,0,0,0,1,1
1235,1.97E-01,2.11E-01,2.66E-01,5,1235,Not eroded,0,1,1,1,1,1,0,0,0,0,1
1237,1.45E-01,1.99E-01,3.26E-01,0,1237,ERODED,1,1,1,1,1,1,1,1,1,1,1
1242,1.73E-01,2.24E-01,2.68E-01,3,1242,Not eroded,0,1,1,1,1,1,1,0,0,1,1
1245,2.13E-01,2.58E-01,2.63E-01,0,1245,Not eroded,0,1,1,1,1,1,1,1,1,1,1
1249,1.36E-01,2.69E-01,2.75E-01,0,1249,Not eroded,0,1,1,1,1,1,1,1,1,1,1
1263,1.57E-01,1.77E-01,2.87E-01,4,1263,Not eroded,0,1,1,1,1,1,0,0,0,1,1
1264,1.21E-01,3.24E-01,2.67E-01,2,1264,Not eroded,0,1,1,1,1,1,1,0,1,1,1
1270,1.32E-01,3.24E-01,2.50E-01,3,1270,Not eroded,0,1,1,1,1,0,1,0,0,1,1
1274,2.53E-01,6.29E-02,2.91E-01,0,1274,ERODED,1,1,1,1,1,1,1,1,1,1,1
1281,2.46E-01,2.12E-01,2.77E-01,0,1281,Not eroded,0,1,1,1,1,1,1,1,1,1,1
1286,1.21E-01,1.58E-01,3.34E-01,0,1286,ERODED,1,1,1,1,1,1,1,1,1,1,1
1290,2.13E-01,2.15E-01,2.58E-01,0,1290,Not eroded,0,1,1,1,1,1,1,1,1,1,1
1295,1.99E-01,5.67E-02,2.75E-01,0,1295,ERODED,1,1,1,1,1,1,1,1,1,1,1
1298,1.96E-01,2.92E-01,2.77E-01,4,1298,Not eroded,0,1,1,1,1,1,0,0,0,1,1
1300,2.73E-01,9.30E-02,2.57E-01,5,1300,Not eroded,0,1,1,1,1,1,0,0,0,0,1
1303,3.20E-01,2.29E-01,2.99E-01,0,1303,ERODED,1,1,1,1,1,1,1,1,1,1,1
1304,2.89E-01,1.87E-01,2.57E-01,0,1304,Not eroded,0,1,1,1,1,1,1,1,1,1,1
1306,2.59E-01,7.21E-02,2.43E-01,7,1306,Not eroded,0,1,1,1,1,0,0,0,0,0,0
1316,7.35E-02,1.64E-01,2.95E-01,6,1316,Not eroded,0,1,1,1,1,1,0,0,0,0,0
1318,3.24E-01,1.10E-01,3.14E-01,0,1318,ERODED,1,1,1,1,1,1,1,1,1,1,1
1319,2.67E-01,2.69E-01,3.02E-01,0,1319,Not eroded,0,1,1,1,1,1,1,1,1,1,1
1325,2.91E-01,2.84E-01,2.83E-01,0,1325,Not eroded,0,1,1,1,1,1,1,1,1,1,1
1327,2.90E-01,1.26E-01,2.56E-01,3,1327,Not eroded,0,1,1,1,1,1,1,0,0,1,1
1328,3.15E-01,1.09E-01,2.96E-01,0,1328,ERODED,1,1,1,1,1,1,1,1,1,1,1
1344,6.23E-02,1.70E-01,2.44E-01,6,1344,Not eroded,0,1,1,1,1,0,0,0,0,0,0
1355,1.32E-01,2.35E-01,2.81E-01,0,1355,Not eroded,0,1,1,1,1,1,1,1,1,1,1
1356,2.80E-01,2.79E-01,2.48E-01,0,1356,Not eroded,0,1,1,1,1,0,1,1,1,1,1
1358,1.31E-01,5.73E-02,3.29E-01,0,1358,ERODED,1,1,1,1,1,1,1,1,1,1,1
1359,8.86E-02,1.30E-01,2.69E-01,6,1359,Not eroded,0,1,1,1,1,1,0,0,0,0,0
1364,1.39E-01,2.70E-01,2.85E-01,0,1364,ERODED,1,1,1,1,1,1,1,1,1,1,1
1366,6.14E-02,1.24E-01,2.50E-01,3,1366,Not eroded,0,1,1,1,1,0,1,0,0,1,1
1373,2.70E-01,1.41E-01,2.49E-01,6,1373,Not eroded,0,1,1,1,1,0,0,0,0,0,0
1376,9.82E-02,3.24E-01,3.02E-01,0,1376,ERODED,1,1,1,1,1,1,1,1,1,1,1
1377,1.76E-01,2.70E-01,2.90E-01,6,1377,Not eroded,0,1,1,1,1,1,0,0,0,0,0
1378,1.83E-01,2.80E-01,3.08E-01,0,1378,ERODED,1,1,1,1,1,1,1,1,1,1,1
1386,1.58E-01,1.22E-01,2.80E-01,0,1386,Not eroded,0,1,1,1,1,1,1,1,1,1,1
1390,9.10E-02,8.91E-02,2.44E-01,0,1390,Not eroded,0,1,1,1,1,0,1,1,1,1,1
1399,2.84E-01,1.70E-01,2.69E-01,4,1399,Not eroded,0,1,1,1,1,1,0,0,0,1,1
1403,1.69E-01,1.21E-01,2.60E-01,3,1403,Not eroded,0,1,1,1,1,1,1,0,0,1,1
1405,2.05E-01,1.49E-01,3.06E-01,0,1405,ERODED,1,1,1,1,1,1,1,1,1,1,1
1406,2.54E-01,2.82E-01,3.14E-01,0,1406,ERODED,1,1,1,1,1,1,1,1,1,1,1
1407,8.92E-02,5.64E-02,2.41E-01,4,1407,Not eroded,0,1,1,1,1,0,0,0,0,1,1
1409,2.29E-01,2.12E-01,2.90E-01,6,1409,Not eroded,0,1,1,1,1,1,0,0,0,0,0
1410,2.51E-01,2.53E-01,2.55E-01,0,1410,Not eroded,0,1,1,1,1,1,1,1,1,1,1
1414,1.71E-01,2.76E-01,2.97E-01,3,1414,ERODED,1,1,1,1,1,1,1,0,0,1,1
1416,6.63E-02,1.70E-01,2.54E-01,4,1416,Not eroded,0,1,1,1,1,1,0,0,0,1,1
1417,3.07E-01,1.70E-01,2.65E-01,5,1417,Not eroded,0,1,1,1,1,1,0,0,0,0,1
1423,2.50E-01,3.08E-01,2.64E-01,0,1423,Not eroded,0,1,1,1,1,1,1,1,1,1,1
1424,6.88E-02,1.84E-01,2.85E-01,0,1424,Not eroded,0,1,1,1,1,1,1,1,1,1,1
1425,2.60E-01,2.81E-01,2.50E-01,0,1425,Not eroded,0,1,1,1,1,0,1,1,1,1,1
1426,2.39E-01,8.73E-02,2.96E-01,5,1426,Not eroded,0,1,1,1,1,1,0,0,0,0,1
1431,8.35E-02,1.43E-01,2.79E-01,5,1431,Not eroded,0,1,1,1,1,1,0,0,0,0,1
1433,1.74E-01,1.12E-01,3.16E-01,0,1433,ERODED,1,1,1,1,1,1,1,1,1,1,1
1434,1.45E-01,3.09E-01,2.99E-01,0,1434,ERODED,1,1,1,1,1,1,1,1,1,1,1
1437,3.01E-01,3.01E-01,2.81E-01,0,1437,ERODED,1,1,1,1,1,1,1,1,1,1,1
1456,1.52E-01,9.24E-02,3.26E-01,0,1456,ERODED,1,1,1,1,1,1,1,1,1,1,1
1459,9.43E-02,2.29E-01,2.82E-01,7,1459,Not eroded,0,1,1,1,1,1,0,0,0,0,0
1472,1.21E-01,7.27E-02,2.88E-01,4,1472,Not eroded,0,1,1,1,1,1,0,0,0,1,1
1473,5.74E-02,2.87E-01,3.19E-01,0,1473,ERODED,1,1,1,1,1,1,1,1,1,1,1
1476,2.00E-01,1.58E-01,2.90E-01,5,1476,Not eroded,0,1,1,1,1,1,0,0,0,0,1
1477,1.57E-01,2.87E-01,2.57E-01,3,1477,Not eroded,0,1,1,1,1,1,1,0,0,1,1
1478,1.92E-01,1.96E-01,3.23E-01,0,1478,ERODED,1,1,1,1,1,1,1,1,1,1,1
1482,2.99E-01,1.51E-01,2.44E-01,5,1482,Not eroded,0,1,1,1,1,0,0,0,0,0,1
1484,1.41E-01,9.90E-02,2.44E-01,4,1484,Not eroded,0,1,1,1,1,0,0,0,0,1,1
1485,1.83E-01,6.42E-02,3.08E-01,0,1485,ERODED,1,1,1,1,1,1,1,1,1,1,1
1493,3.24E-01,1.14E-01,3.04E-01,0,1493,ERODED,1,1,1,1,1,1,1,1,1,1,1
1496,1.84E-01,3.24E-01,2.95E-01,3,1496,Not eroded,0,1,1,1,1,1,1,0,0,1,1
1498,2.60E-01,2.10E-01,2.53E-01,0,1498,Not eroded,0,1,1,1,1,1,1,1,1,1,1
1499,2.13E-01,2.17E-01,3.14E-01,0,1499,ERODED,1,1,1,1,1,1,1,1,1,1,1
1505,1.57E-01,8.24E-02,2.62E-01,3,1505,Not eroded,0,1,1,1,1,1,1,0,0,1,1
1506,1.33E-01,1.21E-01,2.83E-01,5,1506,Not eroded,0,1,1,1,1,1,0,0,0,0,1
1510,2.69E-01,2.11E-01,2.97E-01,0,1510,ERODED,1,1,1,1,1,1,1,1,1,1,1
1521,2.03E-01,3.15E-01,2.66E-01,4,1521,Not eroded,0,1,1,1,1,1,0,0,0,1,1
1524,2.50E-01,2.55E-01,3.26E-01,0,1524,ERODED,1,1,1,1,1,1,1,1,1,1,1
1526,2.25E-01,7.49E-02,3.02E-01,0,1526,ERODED,1,1,1,1,1,1,1,1,1,1,1
1527,7.98E-02,2.00E-01,2.95E-01,3,1527,Not eroded,0,1,1,1,1,1,1,0,0,1,1
1535,1.15E-01,1.87E-01,2.96E-01,3,1535,Not eroded,0,1,1,1,1,1,1,0,0,1,1
1537,1.71E-01,3.00E-01,2.52E-01,3,1537,Not eroded,0,1,1,1,1,1,1,0,0,1,1
1538,2.28E-01,2.85E-01,2.83E-01,4,1538,Not eroded,0,1,1,1,1,1,0,0,0,1,1
1539,2.92E-01,2.92E-01,2.47E-01,0,1539,Not eroded,0,1,1,1,1,0,1,1,1,1,1
1541,2.87E-01,1.55E-01,3.26E-01,0,1541,ERODED,1,1,1,1,1,1,1,1,1,1,1
1551,9.00E-02,2.57E-01,3.00E-01,3,1551,Not eroded,0,1,1,1,1,1,1,0,0,1,1
1552,1.96E-01,2.84E-01,2.91E-01,0,1552,Not eroded,0,1,1,1,1,1,1,1,1,1,1
1556,1.98E-01,3.13E-01,2.96E-01,2,1556,Not eroded,0,1,1,1,1,1,1,0,1,1,1
1560,1.44E-01,1.05E-01,2.81E-01,0,1560,Not eroded,0,1,1,1,1,1,1,1,1,1,1
1561,2.82E-01,1.29E-01,3.14E-01,0,1561,ERODED,1,1,1,1,1,1,1,1,1,1,1
1562,3.08E-01,6.36E-02,3.13E-01,0,1562,ERODED,1,1,1,1,1,1,1,1,1,1,1
1565,8.91E-02,1.30E-01,2.92E-01,3,1565,Not eroded,0,1,1,1,1,1,1,0,0,1,1
1576,5.65E-02,2.99E-01,3.14E-01,0,1576,ERODED,1,1,1,1,1,1,1,1,1,1,1
1577,2.08E-01,2.95E-01,2.94E-01,4,1577,Not eroded,0,1,1,1,1,1,0,0,0,1,1
1578,2.33E-01,2.73E-01,3.23E-01,0,1578,ERODED,1,1,1,1,1,1,1,1,1,1,1
1581,3.24E-01,1.57E-01,3.08E-01,0,1581,ERODED,1,1,1,1,1,1,1,1,1,1,1
1587,2.79E-01,2.05E-01,2.58E-01,0,1587,Not eroded,0,1,1,1,1,1,1,1,1,1,1
1591,2.59E-01,1.39E-01,2.91E-01,0,1591,ERODED,1,1,1,1,1,1,1,1,1,1,1
1593,1.09E-01,1.09E-01,2.53E-01,0,1593,Not eroded,0,1,1,1,1,1,1,1,1,1,1
1595,1.91E-01,2.85E-01,2.83E-01,0,1595,Not eroded,0,1,1,1,1,1,1,1,1,1,1
1598,2.67E-01,1.22E-01,2.93E-01,0,1598,ERODED,1,1,1,1,1,1,1,1,1,1,1
1602,2.71E-01,5.64E-02,2.42E-01,3,1602,Not eroded,0,1,1,1,1,0,1,0,0,1,1
1603,2.78E-01,1.45E-01,3.25E-01,0,1603,ERODED,1,1,1,1,1,1,1,1,1,1,1
1609,9.64E-02,1.97E-01,2.68E-01,6,1609,Not eroded,0,1,1,1,1,1,0,0,0,0,0
1610,1.96E-01,1.84E-01,2.66E-01,3,1610,Not eroded,0,1,1,1,1,1,1,0,0,1,1
1611,2.08E-01,2.31E-01,3.12E-01,2,1611,Not eroded,0,1,1,1,1,1,1,0,1,1,1
1614,2.69E-01,8.57E-02,2.50E-01,4,1614,Not eroded,0,1,1,1,1,0,0,0,0,1,1
1615,9.99E-02,2.00E-01,2.83E-01,6,1615,Not eroded,0,1,1,1,1,1,0,0,0,0,0
1617,2.72E-01,1.02E-01,3.07E-01,0,1617,ERODED,1,1,1,1,1,1,1,1,1,1,1
1619,1.64E-01,2.73E-01,3.32E-01,0,1619,ERODED,1,1,1,1,1,1,1,1,1,1,1
1622,3.24E-01,8.08E-02,2.96E-01,0,1622,ERODED,1,1,1,1,1,1,1,1,1,1,1
1624,1.22E-01,1.92E-01,2.57E-01,3,1624,Not eroded,0,1,1,1,1,1,1,0,0,1,1
1627,3.24E-01,3.12E-01,2.71E-01,0,1627,ERODED,1,1,1,1,1,1,1,1,1,1,1
1633,1.12E-01,1.02E-01,3.20E-01,0,1633,ERODED,1,1,1,1,1,1,1,1,1,1,1
1635,2.30E-01,1.16E-01,2.96E-01,6,1635,Not eroded,0,1,1,1,1,1,0,0,0,0,0
1639,3.23E-01,2.72E-01,3.06E-01,0,1639,ERODED,1,1,1,1,1,1,1,1,1,1,1
1640,5.75E-02,1.88E-01,2.82E-01,3,1640,Not eroded,0,1,1,1,1,1,1,0,0,1,1
1645,2.07E-01,3.05E-01,2.95E-01,4,1645,ERODED,1,1,1,1,1,1,0,0,0,1,1
1651,1.81E-01,3.00E-01,2.64E-01,5,1651,Not eroded,0,1,1,1,1,1,0,0,0,0,1
1652,5.65E-02,2.27E-01,2.81E-01,0,1652,Not eroded,0,1,1,1,1,1,1,1,1,1,1
1653,1.90E-01,5.64E-02,2.64E-01,3,1653,Not eroded,0,1,1,1,1,1,1,0,0,1,1
1656,2.99E-01,1.58E-01,2.75E-01,0,1656,ERODED,1,1,1,1,1,1,1,1,1,1,1
1662,2.60E-01,2.02E-01,3.00E-01,0,1662,ERODED,1,1,1,1,1,1,1,1,1,1,1
1665,6.40E-02,1.29E-01,3.36E-01,0,1665,ERODED,1,1,1,1,1,1,1,1,1,1,1
1670,2.51E-01,3.10E-01,2.75E-01,0,1670,Not eroded,0,1,1,1,1,1,1,1,1,1,1
1673,5.64E-02,2.16E-01,2.57E-01,0,1673,Not eroded,0,1,1,1,1,1,1,1,1,1,1
1675,1.73E-01,1.01E-01,2.53E-01,2,1675,Not eroded,0,1,1,1,1,1,1,0,1,1,1
1677,1.45E-01,1.97E-01,2.47E-01,4,1677,Not eroded,0,1,1,1,1,0,0,0,0,1,1
1679,1.79E-01,2.50E-01,2.43E-01,3,1679,Not eroded,0,1,1,1,1,0,1,0,0,1,1
1688,2.98E-01,6.06E-02,2.61E-01,0,1688,Not eroded,0,1,1,1,1,1,1,1,1,1,1
1690,9.75E-02,1.57E-01,2.53E-01,2,1690,Not eroded,0,1,1,1,1,1,1,0,1,1,1
1696,8.06E-02,3.24E-01,3.28E-01,0,1696,ERODED,1,1,1,1,1,1,1,1,1,1,1
1697,7.07E-02,7.88E-02,2.84E-01,5,1697,Not eroded,0,1,1,1,1,1,0,0,0,0,1
1698,2.94E-01,2.25E-01,3.25E-01,0,1698,Not eroded,0,1,1,1,1,1,1,1,1,1,1
1710,1.86E-01,8.03E-02,2.80E-01,3,1710,Not eroded,0,1,1,1,1,1,1,0,0,1,1
1714,3.00E-01,2.16E-01,3.26E-01,0,1714,ERODED,1,1,1,1,1,1,1,1,1,1,1
1715,1.03E-01,1.26E-01,2.77E-01,5,1715,Not eroded,0,1,1,1,1,1,0,0,0,0,1
1728,3.24E-01,3.09E-01,2.91E-01,0,1728,ERODED,1,1,1,1,1,1,1,1,1,1,1
1736,7.26E-02,6.19E-02,2.79E-01,5,1736,Not eroded,0,1,1,1,1,1,0,0,0,0,1
1737,1.89E-01,5.98E-02,2.46E-01,4,1737,Not eroded,0,1,1,1,1,0,0,0,0,1,1
1738,1.28E-01,5.73E-02,2.81E-01,2,1738,ERODED,1,1,1,1,1,1,1,0,1,1,1
1740,2.77E-01,1.64E-01,2.95E-01,0,1740,ERODED,1,1,1,1,1,1,1,1,1,1,1
1742,2.21E-01,2.23E-01,2.48E-01,2,1742,Not eroded,0,1,1,1,1,0,1,0,1,1,1
1765,1.66E-01,5.64E-02,2.62E-01,4,1765,Not eroded,0,1,1,1,1,1,0,0,0,1,1
1771,2.15E-01,2.55E-01,2.89E-01,0,1771,Not eroded,0,1,1,1,1,1,1,1,1,1,1
1772,2.31E-01,1.26E-01,2.91E-01,4,1772,Not eroded,0,1,1,1,1,1,0,0,0,1,1
1774,1.41E-01,3.23E-01,2.89E-01,0,1774,ERODED,1,1,1,1,1,1,1,1,1,1,1
1775,2.68E-01,1.59E-01,2.49E-01,0,1775,Not eroded,0,1,1,1,1,0,1,1,1,1,1
1778,1.31E-01,1.39E-01,2.63E-01,4,1778,Not eroded,0,1,1,1,1,1,0,0,0,1,1
1779,3.24E-01,2.67E-01,2.94E-01,0,1779,ERODED,1,1,1,1,1,1,1,1,1,1,1
1781,2.56E-01,1.26E-01,2.89E-01,0,1781,ERODED,1,1,1,1,1,1,1,1,1,1,1
1783,2.34E-01,5.64E-02,2.64E-01,3,1783,Not eroded,0,1,1,1,1,1,1,0,0,1,1
1784,1.32E-01,1.20E-01,3.01E-01,0,1784,Not eroded,0,1,1,1,1,1,1,1,1,1,1
1789,7.48E-02,3.14E-01,2.97E-01,0,1789,ERODED,1,1,1,1,1,1,1,1,1,1,1
1790,2.43E-01,2.51E-01,2.66E-01,0,1790,Not eroded,0,1,1,1,1,1,1,1,1,1,1
1797,9.50E-02,1.23E-01,2.72E-01,5,1797,Not eroded,0,1,1,1,1,1,0,0,0,0,1
1799,1.57E-01,1.17E-01,3.30E-01,0,1799,ERODED,1,1,1,1,1,1,1,1,1,1,1
1802,3.19E-01,2.56E-01,2.89E-01,0,1802,Not eroded,0,1,1,1,1,1,1,1,1,1,1
1805,1.22E-01,3.02E-01,3.18E-01,0,1805,ERODED,1,1,1,1,1,1,1,1,1,1,1
1812,3.07E-01,3.18E-01,2.75E-01,0,1812,ERODED,1,1,1,1,1,1,1,1,1,1,1
1813,1.30E-01,5.66E-02,2.51E-01,5,1813,Not eroded,0,1,1,1,1,1,0,0,0,0,1
1817,8.33E-02,1.91E-01,2.90E-01,0,1817,Not eroded,0,1,1,1,1,1,1,1,1,1,1
1819,2.21E-01,8.90E-02,2.96E-01,4,1819,Not eroded,0,1,1,1,1,1,0,0,0,1,1
1822,3.07E-01,6.55E-02,2.59E-01,0,1822,ERODED,1,1,1,1,1,1,1,1,1,1,1
1826,2.56E-01,1.62E-01,3.02E-01,0,1826,ERODED,1,1,1,1,1,1,1,1,1,1,1
1827,1.52E-01,1.93E-01,2.53E-01,2,1827,Not eroded,0,1,1,1,1,1,1,0,1,1,1
1828,1.50E-01,7.33E-02,3.11E-01,0,1828,ERODED,1,1,1,1,1,1,1,1,1,1,1
1829,1.94E-01,2.44E-01,3.27E-01,0,1829,ERODED,1,1,1,1,1,1,1,1,1,1,1
1831,5.62E-02,1.57E-01,3.00E-01,0,1831,Not eroded,0,1,1,1,1,1,1,1,1,1,1
1833,2.63E-01,1.17E-01,2.42E-01,6,1833,Not eroded,0,1,1,1,1,0,0,0,0,0,0
1836,2.79E-01,1.38E-01,3.08E-01,0,1836,ERODED,1,1,1,1,1,1,1,1,1,1,1
1838,7.66E-02,1.43E-01,2.86E-01,4,1838,Not eroded,0,1,1,1,1,1,0,0,0,1,1
1843,1.01E-01,2.18E-01,2.73E-01,4,1843,Not eroded,0,1,1,1,1,1,0,0,0,1,1
1848,1.76E-01,2.72E-01,2.69E-01,0,1848,Not eroded,0,1,1,1,1,1,1,1,1,1,1
1853,6.76E-02,1.43E-01,2.81E-01,3,1853,Not eroded,0,1,1,1,1,1,1,0,0,1,1
1875,2.68E-01,1.87E-01,3.12E-01,0,1875,ERODED,1,1,1,1,1,1,1,1,1,1,1
1876,2.65E-01,1.33E-01,2.52E-01,4,1876,Not eroded,0,1,1,1,1,1,0,0,0,1,1
1879,1.36E-01,6.66E-02,3.34E-01,0,1879,ERODED,1,1,1,1,1,1,1,1,1,1,1
1880,1.46E-01,2.56E-01,3.26E-01,0,1880,ERODED,1,1,1,1,1,1,1,1,1,1,1
1888,9.97E-02,1.90E-01,2.83E-01,6,1888,Not eroded,0,1,1,1,1,1,0,0,0,0,0
1889,1.78E-01,2.18E-01,2.75E-01,6,1889,Not eroded,0,1,1,1,1,1,0,0,0,0,0
1890,2.69E-01,1.20E-01,2.83E-01,0,1890,ERODED,1,1,1,1,1,1,1,1,1,1,1
1895,9.11E-02,1.68E-01,3.08E-01,0,1895,ERODED,1,1,1,1,1,1,1,1,1,1,1
1898,2.80E-01,3.24E-01,2.50E-01,0,1898,ERODED,1,1,1,1,1,0,1,1,1,1,1
1900,7.39E-02,2.04E-01,2.88E-01,4,1900,Not eroded,0,1,1,1,1,1,0,0,0,1,1
1901,3.16E-01,3.23E-01,2.83E-01,0,1901,ERODED,1,1,1,1,1,1,1,1,1,1,1
1902,2.30E-01,3.24E-01,2.54E-01,0,1902,Not eroded,0,1,1,1,1,1,1,1,1,1,1
1909,1.36E-01,1.39E-01,2.83E-01,6,1909,Not eroded,0,1,1,1,1,1,0,0,0,0,0
1913,2.79E-01,1.66E-01,2.55E-01,4,1913,Not eroded,0,1,1,1,1,1,0,0,0,1,1
1914,2.09E-01,1.42E-01,3.00E-01,2,1914,Not eroded,0,1,1,1,1,1,1,0,1,1,1
1915,2.10E-01,2.80E-01,2.53E-01,4,1915,Not eroded,0,1,1,1,1,1,0,0,0,1,1
1919,6.43E-02,1.73E-01,2.63E-01,6,1919,Not eroded,0,1,1,1,1,1,0,0,0,0,0
1922,1.99E-01,2.40E-01,2.96E-01,0,1922,Not eroded,0,1,1,1,1,1,1,1,1,1,1
1923,2.84E-01,1.71E-01,2.99E-01,0,1923,ERODED,1,1,1,1,1,1,1,1,1,1,1
1925,9.89E-02,2.61E-01,2.98E-01,3,1925,Not eroded,0,1,1,1,1,1,1,0,0,1,1
1933,2.30E-01,1.06E-01,2.43E-01,5,1933,Not eroded,0,1,1,1,1,0,0,0,0,0,1
1937,2.07E-01,3.17E-01,2.95E-01,4,1937,Not eroded,0,1,1,1,1,1,0,0,0,1,1
1944,2.53E-01,2.61E-01,3.16E-01,0,1944,ERODED,1,1,1,1,1,1,1,1,1,1,1
1946,1.18E-01,2.20E-01,2.99E-01,3,1946,Not eroded,0,1,1,1,1,1,1,0,0,1,1
1949,2.30E-01,2.66E-01,3.07E-01,0,1949,ERODED,1,1,1,1,1,1,1,1,1,1,1
1950,1.34E-01,2.41E-01,2.97E-01,3,1950,Not eroded,0,1,1,1,1,1,1,0,0,1,1
1955,1.33E-01,1.88E-01,3.06E-01,0,1955,ERODED,1,1,1,1,1,1,1,1,1,1,1
1958,1.36E-01,3.00E-01,2.54E-01,3,1958,Not eroded,0,1,1,1,1,1,1,0,0,1,1
1959,9.24E-02,2.44E-01,2.52E-01,0,1959,Not eroded,0,1,1,1,1,1,1,1,1,1,1
1961,7.61E-02,1.32E-01,2.52E-01,5,1961,Not eroded,0,1,1,1,1,1,0,0,0,0,1
1971,1.70E-01,1.32E-01,2.60E-01,0,1971,Not eroded,0,1,1,1,1,1,1,1,1,1,1
1972,9.66E-02,8.84E-02,2.93E-01,4,1972,Not eroded,0,1,1,1,1,1,0,0,0,1,1
1977,1.39E-01,1.76E-01,2.44E-01,4,1977,Not eroded,0,1,1,1,1,0,0,0,0,1,1
1978,2.63E-01,1.27E-01,2.45E-01,5,1978,Not eroded,0,1,1,1,1,0,0,0,0,0,1
1985,6.73E-02,3.24E-01,3.30E-01,0,1985,ERODED,1,1,1,1,1,1,1,1,1,1,1
1986,1.11E-01,2.48E-01,2.70E-01,3,1986,Not eroded,0,1,1,1,1,1,1,0,0,1,1
1993,1.42E-01,6.99E-02,2.99E-01,2,1993,Not eroded,0,1,1,1,1,1,1,0,1,1,1
1998,1.80E-01,3.05E-01,2.53E-01,0,1998,Not eroded,0,1,1,1,1,1,1,1,1,1,1
2002,5.61E-02,6.79E-02,2.97E-01,4,2002,Not eroded,0,1,1,1,1,1,0,0,0,1,1
2006,3.24E-01,2.56E-01,2.48E-01,0,2006,Not eroded,0,1,1,1,1,0,1,1,1,1,1
2009,2.03E-01,2.11E-01,2.88E-01,6,2009,Not eroded,0,1,1,1,1,1,0,0,0,0,0
2016,1.47E-01,1.95E-01,2.63E-01,0,2016,Not eroded,0,1,1,1,1,1,1,1,1,1,1
2024,1.76E-01,2.22E-01,2.41E-01,4,2024,Not eroded,0,1,1,1,1,0,0,0,0,1,1
2029,2.09E-01,3.23E-01,3.16E-01,0,2029,ERODED,1,1,1,1,1,1,1,1,1,1,1
2030,1.50E-01,1.33E-01,2.85E-01,0,2030,Not eroded,0,1,1,1,1,1,1,1,1,1,1
2034,2.17E-01,2.90E-01,2.45E-01,2,2034,Not eroded,0,1,1,1,1,0,1,0,1,1,1
2042,1.48E-01,3.24E-01,2.61E-01,3,2042,Not eroded,0,1,1,1,1,1,1,0,0,1,1
2047,2.33E-01,2.97E-01,2.42E-01,0,2047,Not eroded,0,1,1,1,1,0,1,1,1,1,1
2049,2.67E-01,1.73E-01,2.62E-01,4,2049,Not eroded,0,1,1,1,1,1,0,0,0,1,1
2051,1.82E-01,1.06E-01,3.15E-01,0,2051,ERODED,1,1,1,1,1,1,1,1,1,1,1
2055,1.36E-01,1.73E-01,2.99E-01,3,2055,Not eroded,0,1,1,1,1,1,1,0,0,1,1
2056,1.33E-01,9.39E-02,2.41E-01,4,2056,Not eroded,0,1,1,1,1,0,0,0,0,1,1
2058,1.44E-01,2.02E-01,3.06E-01,3,2058,Not eroded,0,1,1,1,1,1,1,0,0,1,1
2059,3.16E-01,2.14E-01,2.96E-01,0,2059,ERODED,1,1,1,1,1,1,1,1,1,1,1
2064,1.45E-01,1.25E-01,2.83E-01,3,2064,Not eroded,0,1,1,1,1,1,1,0,0,1,1
2067,2.00E-01,1.07E-01,2.91E-01,4,2067,Not eroded,0,1,1,1,1,1,0,0,0,1,1
2068,2.52E-01,1.74E-01,2.71E-01,4,2068,Not eroded,0,1,1,1,1,1,0,0,0,1,1
2078,2.85E-01,3.07E-01,2.72E-01,0,2078,Not eroded,0,1,1,1,1,1,1,1,1,1,1
2082,7.14E-02,1.74E-01,2.41E-01,4,2082,Not eroded,0,1,1,1,1,0,0,0,0,1,1
2083,1.24E-01,2.23E-01,2.75E-01,5,2083,Not eroded,0,1,1,1,1,1,0,0,0,0,1
2084,3.24E-01,2.16E-01,2.41E-01,3,2084,Not eroded,0,1,1,1,1,0,1,0,0,1,1
2091,3.24E-01,5.65E-02,2.70E-01,0,2091,ERODED,1,1,1,1,1,1,1,1,1,1,1
2093,3.13E-01,1.17E-01,3.36E-01,0,2093,ERODED,1,1,1,1,1,1,1,1,1,1,1
2095,1.20E-01,1.05E-01,2.78E-01,3,2095,Not eroded,0,1,1,1,1,1,1,0,0,1,1
2098,2.74E-01,3.24E-01,2.67E-01,0,2098,Not eroded,0,1,1,1,1,1,1,1,1,1,1
2107,1.80E-01,3.23E-01,3.30E-01,0,2107,ERODED,1,1,1,1,1,1,1,1,1,1,1
2112,1.03E-01,9.05E-02,3.03E-01,4,2112,Not eroded,0,1,1,1,1,1,0,0,0,1,1
2114,2.78E-01,3.11E-01,2.66E-01,0,2114,Not eroded,0,1,1,1,1,1,1,1,1,1,1
2115,3.24E-01,2.77E-01,2.90E-01,0,2115,Not eroded,0,1,1,1,1,1,1,1,1,1,1
2116,3.15E-01,2.56E-01,2.79E-01,3,2116,Not eroded,0,1,1,1,1,1,1,0,0,1,1
2117,5.62E-02,1.49E-01,3.06E-01,0,2117,Not eroded,0,1,1,1,1,1,1,1,1,1,1
2125,2.28E-01,5.65E-02,2.97E-01,0,2125,ERODED,1,1,1,1,1,1,1,1,1,1,1
2129,2.46E-01,1.64E-01,3.00E-01,0,2129,ERODED,1,1,1,1,1,1,1,1,1,1,1
2131,1.16E-01,2.26E-01,2.92E-01,4,2131,Not eroded,0,1,1,1,1,1,0,0,0,1,1
2137,2.09E-01,5.65E-02,3.03E-01,0,2137,ERODED,1,1,1,1,1,1,1,1,1,1,1
2142,2.35E-01,3.24E-01,2.45E-01,0,2142,Not eroded,0,1,1,1,1,0,1,1,1,1,1
2151,2.62E-01,3.13E-01,2.55E-01,0,2151,Not eroded,0,1,1,1,1,1,1,1,1,1,1
2154,8.26E-02,1.43E-01,2.62E-01,4,2154,Not eroded,0,1,1,1,1,1,0,0,0,1,1
2157,1.76E-01,2.21E-01,2.51E-01,5,2157,Not eroded,0,1,1,1,1,1,0,0,0,0,1
2160,2.36E-01,1.34E-01,2.47E-01,4,2160,Not eroded,0,1,1,1,1,0,0,0,0,1,1
2166,2.26E-01,3.03E-01,2.47E-01,0,2166,Not eroded,0,1,1,1,1,0,1,1,1,1,1
2168,2.35E-01,2.80E-01,2.79E-01,0,2168,ERODED,1,1,1,1,1,1,1,1,1,1,1
2171,5.61E-02,1.84E-01,2.91E-01,3,2171,Not eroded,0,1,1,1,1,1,1,0,0,1,1
2177,5.62E-02,1.40E-01,3.09E-01,2,2177,Not eroded,0,1,1,1,1,1,1,0,1,1,1
2181,8.97E-02,9.69E-02,3.30E-01,0,2181,ERODED,1,1,1,1,1,1,1,1,1,1,1
2184,1.83E-01,5.65E-02,3.01E-01,0,2184,ERODED,1,1,1,1,1,1,1,1,1,1,1
2185,1.66E-01,2.90E-01,2.61E-01,3,2185,Not eroded,0,1,1,1,1,1,1,0,0,1,1
2186,6.42E-02,7.41E-02,2.77E-01,4,2186,Not eroded,0,1,1,1,1,1,0,0,0,1,1
2193,2.95E-01,1.70E-01,3.15E-01,0,2193,ERODED,1,1,1,1,1,1,1,1,1,1,1
2194,2.73E-01,1.10E-01,2.53E-01,2,2194,Not eroded,0,1,1,1,1,1,1,0,1,1,1
2197,1.31E-01,1.30E-01,2.80E-01,5,2197,Not eroded,0,1,1,1,1,1,0,0,0,0,1
2200,1.18E-01,1.07E-01,2.58E-01,0,2200,Not eroded,0,1,1,1,1,1,1,1,1,1,1
2205,2.01E-01,5.65E-02,3.09E-01,0,2205,ERODED,1,1,1,1,1,1,1,1,1,1,1
2207,5.98E-02,9.86E-02,2.45E-01,0,2207,Not eroded,0,1,1,1,1,0,1,1,1,1,1
2209,2.31E-01,2.12E-01,2.49E-01,4,2209,Not eroded,0,1,1,1,1,0,0,0,0,1,1
2210,1.95E-01,2.23E-01,2.59E-01,0,2210,Not eroded,0,1,1,1,1,1,1,1,1,1,1
2211,1.07E-01,5.65E-02,3.05E-01,3,2211,ERODED,1,1,1,1,1,1,1,0,0,1,1
2212,2.23E-01,1.04E-01,3.19E-01,0,2212,ERODED,1,1,1,1,1,1,1,1,1,1,1
2214,3.24E-01,2.50E-01,2.58E-01,2,2214,Not eroded,0,1,1,1,1,1,1,0,1,1,1
2216,1.82E-01,3.08E-01,2.70E-01,3,2216,Not eroded,0,1,1,1,1,1,1,0,0,1,1
2219,1.86E-01,2.66E-01,2.81E-01,0,2219,Not eroded,0,1,1,1,1,1,1,1,1,1,1
2220,1.84E-01,1.04E-01,3.24E-01,0,2220,ERODED,1,1,1,1,1,1,1,1,1,1,1
2231,1.36E-01,1.11E-01,2.82E-01,0,2231,Not eroded,0,1,1,1,1,1,1,1,1,1,1
2232,3.10E-01,1.61E-01,2.64E-01,3,2232,Not eroded,0,1,1,1,1,1,1,0,0,1,1
2234,1.85E-01,2.97E-01,2.55E-01,3,2234,Not eroded,0,1,1,1,1,1,1,0,0,1,1
2239,2.06E-01,2.07E-01,2.68E-01,4,2239,Not eroded,0,1,1,1,1,1,0,0,0,1,1
2241,1.20E-01,5.64E-02,2.54E-01,3,2241,Not eroded,0,1,1,1,1,1,1,0,0,1,1
2243,2.06E-01,5.65E-02,2.93E-01,0,2243,ERODED,1,1,1,1,1,1,1,1,1,1,1
2244,1.93E-01,1.77E-01,3.26E-01,0,2244,ERODED,1,1,1,1,1,1,1,1,1,1,1
2246,3.24E-01,2.85E-01,2.45E-01,3,2246,Not eroded,0,1,1,1,1,0,1,0,0,1,1
2250,2.21E-01,1.99E-01,3.21E-01,0,2250,ERODED,1,1,1,1,1,1,1,1,1,1,1
2255,1.18E-01,1.56E-01,2.44E-01,3,2255,Not eroded,0,1,1,1,1,0,1,0,0,1,1
2259,2.51E-01,2.92E-01,3.06E-01,0,2259,ERODED,1,1,1,1,1,1,1,1,1,1,1
2261,2.51E-01,2.72E-01,3.22E-01,0,2261,ERODED,1,1,1,1,1,1,1,1,1,1,1
2266,1.02E-01,1.79E-01,2.85E-01,5,2266,Not eroded,0,1,1,1,1,1,0,0,0,0,1
2268,2.70E-01,1.19E-01,2.49E-01,7,2268,Not eroded,0,1,1,1,1,0,0,0,0,0,0
2277,2.49E-01,3.17E-01,2.68E-01,0,2277,Not eroded,0,1,1,1,1,1,1,1,1,1,1
2280,3.14E-01,2.71E-01,3.14E-01,0,2280,ERODED,1,1,1,1,1,1,1,1,1,1,1
2281,1.87E-01,7.26E-02,2.60E-01,5,2281,Not eroded,0,1,1,1,1,1,0,0,0,0,1
2283,3.24E-01,3.04E-01,2.81E-01,0,2283,ERODED,1,1,1,1,1,1,1,1,1,1,1
2285,1.54E-01,2.10E-01,2.92E-01,3,2285,Not eroded,0,1,1,1,1,1,1,0,0,1,1
2294,8.07E-02,1.91E-01,2.41E-01,0,2294,Not eroded,0,1,1,1,1,0,1,1,1,1,1
2306,2.48E-01,2.18E-01,2.59E-01,3,2306,Not eroded,0,1,1,1,1,1,1,0,0,1,1
2309,3.09E-01,9.21E-02,2.91E-01,0,2309,ERODED,1,1,1,1,1,1,1,1,1,1,1
2311,2.45E-01,2.13E-01,3.08E-01,4,2311,Not eroded,0,1,1,1,1,1,0,0,0,1,1
2312,3.01E-01,1.73E-01,2.57E-01,3,2312,Not eroded,0,1,1,1,1,1,1,0,0,1,1
2324,1.55E-01,1.30E-01,2.75E-01,3,2324,Not eroded,0,1,1,1,1,1,1,0,0,1,1
2325,1.64E-01,6.61E-02,2.66E-01,4,2325,Not eroded,0,1,1,1,1,1,0,0,0,1,1
2326,2.85E-01,2.70E-01,2.66E-01,4,2326,Not eroded,0,1,1,1,1,1,0,0,0,1,1
2327,1.95E-01,2.65E-01,2.85E-01,0,2327,Not eroded,0,1,1,1,1,1,1,1,1,1,1
2333,9.46E-02,1.67E-01,2.81E-01,7,2333,Not eroded,0,1,1,1,1,1,0,0,0,0,0
2339,3.14E-01,1.20E-01,2.49E-01,0,2339,ERODED,1,1,1,1,1,0,1,1,1,1,1
2347,2.18E-01,8.90E-02,3.25E-01,0,2347,ERODED,1,1,1,1,1,1,1,1,1,1,1
2349,7.90E-02,2.88E-01,2.55E-01,0,2349,Not eroded,0,1,1,1,1,1,1,1,1,1,1
2351,9.61E-02,2.11E-01,2.80E-01,5,2351,Not eroded,0,1,1,1,1,1,0,0,0,0,1
2354,1.07E-01,1.12E-01,2.42E-01,0,2354,Not eroded,0,1,1,1,1,0,1,1,1,1,1
2355,9.72E-02,1.07E-01,2.76E-01,0,2355,Not eroded,0,1,1,1,1,1,1,1,1,1,1
2359,2.34E-01,2.20E-01,2.93E-01,4,2359,Not eroded,0,1,1,1,1,1,0,0,0,1,1
2363,2.67E-01,1.10E-01,2.83E-01,0,2363,ERODED,1,1,1,1,1,1,1,1,1,1,1
2368,1.14E-01,1.98E-01,2.54E-01,3,2368,Not eroded,0,1,1,1,1,1,1,0,0,1,1
2369,8.79E-02,1.23E-01,2.86E-01,5,2369,Not eroded,0,1,1,1,1,1,0,0,0,0,1
2371,1.71E-01,2.78E-01,2.88E-01,4,2371,ERODED,1,1,1,1,1,1,0,0,0,1,1
2372,2.95E-01,2.26E-01,2.89E-01,0,2372,ERODED,1,1,1,1,1,1,1,1,1,1,1
2386,1.65E-01,3.24E-01,2.76E-01,0,2386,ERODED,1,1,1,1,1,1,1,1,1,1,1
2390,2.12E-01,1.78E-01,3.27E-01,0,2390,ERODED,1,1,1,1,1,1,1,1,1,1,1
2392,2.17E-01,1.70E-01,2.45E-01,3,2392,Not eroded,0,1,1,1,1,0,1,0,0,1,1
2396,1.30E-01,3.12E-01,3.24E-01,0,2396,ERODED,1,1,1,1,1,1,1,1,1,1,1
2403,1.68E-01,2.37E-01,2.49E-01,5,2403,Not eroded,0,1,1,1,1,0,0,0,0,0,1
2424,2.44E-01,2.06E-01,2.93E-01,0,2424,Not eroded,0,1,1,1,1,1,1,1,1,1,1
2431,2.62E-01,1.34E-01,3.10E-01,0,2431,ERODED,1,1,1,1,1,1,1,1,1,1,1
2432,2.84E-01,1.18E-01,2.69E-01,0,2432,Not eroded,0,1,1,1,1,1,1,1,1,1,1
2436,9.49E-02,2.48E-01,2.84E-01,4,2436,Not eroded,0,1,1,1,1,1,0,0,0,1,1
2444,1.45E-01,1.51E-01,3.25E-01,0,2444,ERODED,1,1,1,1,1,1,1,1,1,1,1
2449,3.24E-01,1.94E-01,3.06E-01,0,2449,ERODED,1,1,1,1,1,1,1,1,1,1,1
2450,1.09E-01,1.38E-01,2.89E-01,5,2450,Not eroded,0,1,1,1,1,1,0,0,0,0,1
2453,5.65E-02,1.48E-01,2.55E-01,0,2453,Not eroded,0,1,1,1,1,1,1,1,1,1,1
2454,6.95E-02,2.16E-01,2.80E-01,3,2454,Not eroded,0,1,1,1,1,1,1,0,0,1,1
2455,2.33E-01,1.05E-01,2.52E-01,5,2455,Not eroded,0,1,1,1,1,1,0,0,0,0,1
2460,5.63E-02,2.44E-01,3.06E-01,0,2460,ERODED,1,1,1,1,1,1,1,1,1,1,1
2469,2.46E-01,5.65E-02,2.93E-01,0,2469,ERODED,1,1,1,1,1,1,1,1,1,1,1
2470,1.12E-01,3.24E-01,2.64E-01,2,2470,Not eroded,0,1,1,1,1,1,1,0,1,1,1
2475,2.18E-01,6.29E-02,3.25E-01,0,2475,ERODED,1,1,1,1,1,1,1,1,1,1,1
2477,1.98E-01,2.57E-01,3.25E-01,0,2477,ERODED,1,1,1,1,1,1,1,1,1,1,1
2478,1.45E-01,1.31E-01,2.75E-01,5,2478,Not eroded,0,1,1,1,1,1,0,0,0,0,1
2480,2.93E-01,1.05E-01,2.41E-01,6,2480,Not eroded,0,1,1,1,1,0,0,0,0,0,0
2481,2.73E-01,1.56E-01,3.23E-01,0,2481,ERODED,1,1,1,1,1,1,1,1,1,1,1
2488,1.62E-01,1.21E-01,2.71E-01,0,2488,Not eroded,0,1,1,1,1,1,1,1,1,1,1
2490,2.23E-01,2.84E-01,2.74E-01,5,2490,Not eroded,0,1,1,1,1,1,0,0,0,0,1
2492,1.38E-01,1.28E-01,3.00E-01,4,2492,Not eroded,0,1,1,1,1,1,0,0,0,1,1
2496,2.76E-01,1.45E-01,3.00E-01,0,2496,ERODED,1,1,1,1,1,1,1,1,1,1,1
2499,3.03E-01,3.23E-01,3.16E-01,0,2499,ERODED,1,1,1,1,1,1,1,1,1,1,1
2502,7.34E-02,9.20E-02,2.80E-01,0,2502,Not eroded,0,1,1,1,1,1,1,1,1,1,1
2508,2.36E-01,9.81E-02,2.73E-01,4,2508,Not eroded,0,1,1,1,1,1,0,0,0,1,1
2510,1.63E-01,1.04E-01,2.53E-01,3,2510,Not eroded,0,1,1,1,1,1,1,0,0,1,1
2515,2.78E-01,5.64E-02,2.78E-01,3,2515,Not eroded,0,1,1,1,1,1,1,0,0,1,1
2519,5.62E-02,1.55E-01,2.78E-01,4,2519,Not eroded,0,1,1,1,1,1,0,0,0,1,1
2520,1.85E-01,1.79E-01,2.52E-01,5,2520,Not eroded,0,1,1,1,1,1,0,0,0,0,1
2542,1.51E-01,1.56E-01,2.59E-01,4,2542,Not eroded,0,1,1,1,1,1,0,0,0,1,1
2543,3.24E-01,3.22E-01,2.75E-01,0,2543,ERODED,1,1,1,1,1,1,1,1,1,1,1
2544,2.14E-01,2.23E-01,2.89E-01,5,2544,Not eroded,0,1,1,1,1,1,0,0,0,0,1
2546,1.63E-01,1.41E-01,2.72E-01,5,2546,Not eroded,0,1,1,1,1,1,0,0,0,0,1
2549,2.91E-01,2.81E-01,2.45E-01,0,2549,Not eroded,0,1,1,1,1,0,1,1,1,1,1
2553,1.84E-01,2.82E-01,3.18E-01,0,2553,ERODED,1,1,1,1,1,1,1,1,1,1,1
2555,8.63E-02,2.64E-01,2.93E-01,4,2555,Not eroded,0,1,1,1,1,1,0,0,0,1,1
2558,2.02E-01,8.68E-02,2.73E-01,6,2558,Not eroded,0,1,1,1,1,1,0,0,0,0,0
2561,1.31E-01,5.65E-02,3.08E-01,0,2561,ERODED,1,1,1,1,1,1,1,1,1,1,1
2569,7.93E-02,6.60E-02,2.61E-01,3,2569,Not eroded,0,1,1,1,1,1,1,0,0,1,1
2572,2.87E-01,9.77E-02,2.70E-01,3,2572,Not eroded,0,1,1,1,1,1,1,0,0,1,1
2574,2.22E-01,2.62E-01,2.72E-01,4,2574,Not eroded,0,1,1,1,1,1,0,0,0,1,1
2576,1.31E-01,3.21E-01,2.89E-01,0,2576,ERODED,1,1,1,1,1,1,1,1,1,1,1
2577,1.85E-01,3.24E-01,2.53E-01,5,2577,Not eroded,0,1,1,1,1,1,0,0,0,0,1
2581,3.00E-01,3.16E-01,3.09E-01,0,2581,ERODED,1,1,1,1,1,1,1,1,1,1,1
2582,8.77E-02,5.67E-02,2.59E-01,0,2582,Not eroded,0,1,1,1,1,1,1,1,1,1,1
2587,2.00E-01,2.75E-01,2.82E-01,4,2587,Not eroded,0,1,1,1,1,1,0,0,0,1,1
2590,2.13E-01,1.65E-01,2.58E-01,5,2590,Not eroded,0,1,1,1,1,1,0,0,0,0,1
2591,9.46E-02,1.37E-01,2.76E-01,0,2591,Not eroded,0,1,1,1,1,1,1,1,1,1,1
2592,1.46E-01,3.14E-01,3.11E-01,0,2592,ERODED,1,1,1,1,1,1,1,1,1,1,1
2593,1.67E-01,1.36E-01,2.52E-01,4,2593,Not eroded,0,1,1,1,1,1,0,0,0,1,1
2597,3.15E-01,6.46E-02,2.49E-01,0,2597,Not eroded,0,1,1,1,1,0,1,1,1,1,1
2600,1.91E-01,2.93E-01,2.92E-01,5,2600,Not eroded,0,1,1,1,1,1,0,0,0,0,1
2607,2.85E-01,2.89E-01,3.02E-01,4,2607,Not eroded,0,1,1,1,1,1,0,0,0,1,1
2610,2.02E-01,2.99E-01,3.24E-01,0,2610,ERODED,1,1,1,1,1,1,1,1,1,1,1
2613,2.19E-01,2.39E-01,2.92E-01,0,2613,Not eroded,0,1,1,1,1,1,1,1,1,1,1
2614,2.12E-01,3.24E-01,2.88E-01,0,2614,Not eroded,0,1,1,1,1,1,1,1,1,1,1
2615,2.65E-01,9.96E-02,2.52E-01,5,2615,Not eroded,0,1,1,1,1,1,0,0,0,0,1
2618,3.10E-01,6.56E-02,2.41E-01,0,2618,Not eroded,0,1,1,1,1,0,1,1,1,1,1
2620,2.28E-01,1.77E-01,2.93E-01,0,2620,Not eroded,0,1,1,1,1,1,1,1,1,1,1
2621,6.42E-02,1.29E-01,2.58E-01,4,2621,Not eroded,0,1,1,1,1,1,0,0,0,1,1
2627,9.63E-02,1.59E-01,2.76E-01,4,2627,Not eroded,0,1,1,1,1,1,0,0,0,1,1
2631,1.57E-01,8.61E-02,3.20E-01,0,2631,ERODED,1,1,1,1,1,1,1,1,1,1,1
2637,9.76E-02,5.65E-02,3.08E-01,2,2637,ERODED,1,1,1,1,1,1,1,0,1,1,1
2638,2.63E-01,9.66E-02,2.92E-01,4,2638,Not eroded,0,1,1,1,1,1,0,0,0,1,1
2639,6.46E-02,1.44E-01,2.91E-01,3,2639,Not eroded,0,1,1,1,1,1,1,0,0,1,1
2641,1.45E-01,1.48E-01,2.74E-01,3,2641,Not eroded,0,1,1,1,1,1,1,0,0,1,1
2644,1.64E-01,1.96E-01,2.93E-01,3,2644,Not eroded,0,1,1,1,1,1,1,0,0,1,1
2648,7.56E-02,5.64E-02,2.55E-01,5,2648,Not eroded,0,1,1,1,1,1,0,0,0,0,1
2653,2.55E-01,5.64E-02,2.61E-01,3,2653,Not eroded,0,1,1,1,1,1,1,0,0,1,1
2659,2.01E-01,6.55E-02,2.63E-01,4,2659,Not eroded,0,1,1,1,1,1,0,0,0,1,1
2660,2.22E-01,5.63E-02,2.58E-01,3,2660,Not eroded,0,1,1,1,1,1,1,0,0,1,1
2671,9.43E-02,1.87E-01,2.69E-01,7,2671,Not eroded,0,1,1,1,1,1,0,0,0,0,0
2674,1.42E-01,2.61E-01,3.15E-01,0,2674,ERODED,1,1,1,1,1,1,1,1,1,1,1
2684,8.75E-02,1.67E-01,2.51E-01,6,2684,Not eroded,0,1,1,1,1,1,0,0,0,0,0
2692,8.52E-02,2.17E-01,2.70E-01,4,2692,Not eroded,0,1,1,1,1,1,0,0,0,1,1
2699,6.82E-02,1.45E-01,2.69E-01,4,2699,Not eroded,0,1,1,1,1,1,0,0,0,1,1
2706,2.49E-01,1.19E-01,2.90E-01,0,2706,ERODED,1,1,1,1,1,1,1,1,1,1,1
2710,1.22E-01,1.46E-01,2.80E-01,3,2710,Not eroded,0,1,1,1,1,1,1,0,0,1,1
2711,1.81E-01,2.78E-01,2.86E-01,4,2711,Not eroded,0,1,1,1,1,1,0,0,0,1,1
2714,2.34E-01,5.69E-02,3.12E-01,0,2714,ERODED,1,1,1,1,1,1,1,1,1,1,1
2716,9.21E-02,3.23E-01,3.21E-01,0,2716,ERODED,1,1,1,1,1,1,1,1,1,1,1
2720,2.91E-01,1.75E-01,2.75E-01,4,2720,Not eroded,0,1,1,1,1,1,0,0,0,1,1
2725,9.73E-02,9.64E-02,2.70E-01,0,2725,Not eroded,0,1,1,1,1,1,1,1,1,1,1
2731,1.88E-01,8.98E-02,2.59E-01,4,2731,Not eroded,0,1,1,1,1,1,0,0,0,1,1
2732,2.72E-01,2.54E-01,3.31E-01,0,2732,ERODED,1,1,1,1,1,1,1,1,1,1,1
2733,1.02E-01,1.52E-01,2.72E-01,5,2733,Not eroded,0,1,1,1,1,1,0,0,0,0,1
2737,2.70E-01,2.07E-01,2.52E-01,0,2737,Not eroded,0,1,1,1,1,1,1,1,1,1,1
2755,3.24E-01,1.37E-01,2.98E-01,0,2755,Not eroded,0,1,1,1,1,1,1,1,1,1,1
2756,6.30E-02,7.96E-02,2.63E-01,4,2756,Not eroded,0,1,1,1,1,1,0,0,0,1,1
2757,2.26E-01,2.82E-01,2.93E-01,4,2757,ERODED,1,1,1,1,1,1,0,0,0,1,1
2759,3.00E-01,2.93E-01,2.70E-01,0,2759,Not eroded,0,1,1,1,1,1,1,1,1,1,1
2771,3.14E-01,1.83E-01,2.45E-01,0,2771,Not eroded,0,1,1,1,1,0,1,1,1,1,1
2772,3.23E-01,6.19E-02,2.86E-01,0,2772,ERODED,1,1,1,1,1,1,1,1,1,1,1
2774,3.23E-01,1.79E-01,3.27E-01,0,2774,ERODED,1,1,1,1,1,1,1,1,1,1,1
2790,2.76E-01,1.35E-01,2.96E-01,0,2790,ERODED,1,1,1,1,1,1,1,1,1,1,1
2791,2.90E-01,1.62E-01,3.20E-01,0,2791,ERODED,1,1,1,1,1,1,1,1,1,1,1
2799,1.63E-01,1.56E-01,3.33E-01,0,2799,ERODED,1,1,1,1,1,1,1,1,1,1,1
2801,3.05E-01,1.68E-01,2.88E-01,0,2801,ERODED,1,1,1,1,1,1,1,1,1,1,1
2815,2.47E-01,9.74E-02,2.81E-01,4,2815,Not eroded,0,1,1,1,1,1,0,0,0,1,1
2816,8.77E-02,3.24E-01,2.47E-01,0,2816,Not eroded,0,1,1,1,1,0,1,1,1,1,1
2817,1.69E-01,2.97E-01,2.90E-01,0,2817,Not eroded,0,1,1,1,1,1,1,1,1,1,1
2818,2.21E-01,2.91E-01,2.94E-01,0,2818,Not eroded,0,1,1,1,1,1,1,1,1,1,1
2829,1.69E-01,2.91E-01,2.51E-01,0,2829,Not eroded,0,1,1,1,1,1,1,1,1,1,1
2835,1.10E-01,2.02E-01,2.74E-01,6,2835,Not eroded,0,1,1,1,1,1,0,0,0,0,0
2840,1.97E-01,2.83E-01,2.68E-01,4,2840,Not eroded,0,1,1,1,1,1,0,0,0,1,1
2841,6.16E-02,1.10E-01,3.23E-01,0,2841,ERODED,1,1,1,1,1,1,1,1,1,1,1
2842,1.06E-01,1.29E-01,3.19E-01,0,2842,ERODED,1,1,1,1,1,1,1,1,1,1,1
2843,3.22E-01,5.66E-02,2.54E-01,0,2843,ERODED,1,1,1,1,1,1,1,1,1,1,1
2847,8.89E-02,2.38E-01,3.22E-01,0,2847,ERODED,1,1,1,1,1,1,1,1,1,1,1
2848,2.83E-01,8.90E-02,2.73E-01,0,2848,Not eroded,0,1,1,1,1,1,1,1,1,1,1
2851,2.00E-01,1.63E-01,2.82E-01,5,2851,Not eroded,0,1,1,1,1,1,0,0,0,0,1
2854,2.88E-01,1.62E-01,2.99E-01,0,2854,ERODED,1,1,1,1,1,1,1,1,1,1,1
2857,8.23E-02,1.78E-01,2.51E-01,3,2857,Not eroded,0,1,1,1,1,1,1,0,0,1,1
2864,1.97E-01,8.98E-02,2.65E-01,3,2864,Not eroded,0,1,1,1,1,1,1,0,0,1,1
2866,1.76E-01,1.60E-01,2.88E-01,3,2866,Not eroded,0,1,1,1,1,1,1,0,0,1,1
2868,2.21E-01,2.11E-01,3.11E-01,0,2868,ERODED,1,1,1,1,1,1,1,1,1,1,1
2874,3.24E-01,1.18E-01,2.83E-01,0,2874,ERODED,1,1,1,1,1,1,1,1,1,1,1
2876,3.23E-01,9.21E-02,2.95E-01,0,2876,ERODED,1,1,1,1,1,1,1,1,1,1,1
2878,1.46E-01,8.67E-02,2.89E-01,0,2878,Not eroded,0,1,1,1,1,1,1,1,1,1,1
2882,2.96E-01,2.09E-01,2.91E-01,0,2882,ERODED,1,1,1,1,1,1,1,1,1,1,1
2883,2.86E-01,3.12E-01,2.61E-01,0,2883,ERODED,1,1,1,1,1,1,1,1,1,1,1
2885,5.61E-02,7.97E-02,2.79E-01,5,2885,Not eroded,0,1,1,1,1,1,0,0,0,0,1
2890,1.31E-01,6.42E-02,2.90E-01,2,2890,ERODED,1,1,1,1,1,1,1,0,1,1,1
2908,2.82E-01,3.12E-01,3.29E-01,0,2908,ERODED,1,1,1,1,1,1,1,1,1,1,1
2909,2.61E-01,2.31E-01,2.48E-01,0,2909,Not eroded,0,1,1,1,1,0,1,1,1,1,1
2912,2.80E-01,8.91E-02,2.83E-01,0,2912,Not eroded,0,1,1,1,1,1,1,1,1,1,1
2913,1.47E-01,3.07E-01,3.25E-01,0,2913,ERODED,1,1,1,1,1,1,1,1,1,1,1
2915,5.62E-02,2.07E-01,2.91E-01,0,2915,Not eroded,0,1,1,1,1,1,1,1,1,1,1
2920,2.09E-01,1.49E-01,2.84E-01,6,2920,Not eroded,0,1,1,1,1,1,0,0,0,0,0
2942,5.62E-02,8.66E-02,2.57E-01,2,2942,Not eroded,0,1,1,1,1,1,1,0,1,1,1
2944,3.00E-01,3.16E-01,2.82E-01,0,2944,ERODED,1,1,1,1,1,1,1,1,1,1,1
2948,8.69E-02,2.88E-01,2.93E-01,0,2948,ERODED,1,1,1,1,1,1,1,1,1,1,1
2949,5.62E-02,1.41E-01,2.65E-01,3,2949,Not eroded,0,1,1,1,1,1,1,0,0,1,1
2951,2.39E-01,2.84E-01,3.26E-01,0,2951,ERODED,1,1,1,1,1,1,1,1,1,1,1
2956,2.66E-01,1.47E-01,2.42E-01,4,2956,Not eroded,0,1,1,1,1,0,0,0,0,1,1
2957,2.96E-01,9.32E-02,2.72E-01,0,2957,ERODED,1,1,1,1,1,1,1,1,1,1,1
2963,2.95E-01,5.68E-02,2.45E-01,0,2963,Not eroded,0,1,1,1,1,0,1,1,1,1,1
2969,3.24E-01,1.79E-01,2.58E-01,4,2969,Not eroded,0,1,1,1,1,1,0,0,0,1,1
2970,1.78E-01,1.35E-01,2.41E-01,5,2970,Not eroded,0,1,1,1,1,0,0,0,0,0,1
2971,2.77E-01,7.99E-02,2.47E-01,3,2971,Not eroded,0,1,1,1,1,0,1,0,0,1,1
2973,2.34E-01,1.70E-01,2.96E-01,0,2973,Not eroded,0,1,1,1,1,1,1,1,1,1,1
2976,2.07E-01,1.62E-01,3.18E-01,0,2976,ERODED,1,1,1,1,1,1,1,1,1,1,1
2977,5.67E-02,1.42E-01,2.76E-01,2,2977,Not eroded,0,1,1,1,1,1,1,0,1,1,1
2984,8.01E-02,2.46E-01,3.23E-01,0,2984,ERODED,1,1,1,1,1,1,1,1,1,1,1
2989,2.67E-01,9.42E-02,3.01E-01,4,2989,Not eroded,0,1,1,1,1,1,0,0,0,1,1
2990,2.02E-01,9.64E-02,2.71E-01,5,2990,Not eroded,0,1,1,1,1,1,0,0,0,0,1
2991,6.40E-02,1.54E-01,2.94E-01,5,2991,Not eroded,0,1,1,1,1,1,0,0,0,0,1
3000,1.59E-01,2.28E-01,2.77E-01,4,3000,Not eroded,0,1,1,1,1,1,0,0,0,1,1
3003,6.50E-02,2.68E-01,2.42E-01,0,3003,Not eroded,0,1,1,1,1,0,1,1,1,1,1
3005,1.82E-01,1.79E-01,2.42E-01,4,3005,Not eroded,0,1,1,1,1,0,0,0,0,1,1
3011,1.77E-01,2.63E-01,2.74E-01,3,3011,Not eroded,0,1,1,1,1,1,1,0,0,1,1
3013,1.01E-01,1.04E-01,2.49E-01,0,3013,Not eroded,0,1,1,1,1,0,1,1,1,1,1
3021,3.13E-01,5.66E-02,2.71E-01,0,3021,ERODED,1,1,1,1,1,1,1,1,1,1,1
3024,2.65E-01,1.78E-01,3.07E-01,0,3024,ERODED,1,1,1,1,1,1,1,1,1,1,1
3025,2.19E-01,1.79E-01,2.96E-01,0,3025,Not eroded,0,1,1,1,1,1,1,1,1,1,1
3040,5.62E-02,2.66E-01,2.48E-01,0,3040,Not eroded,0,1,1,1,1,0,1,1,1,1,1
3044,1.62E-01,3.24E-01,3.12E-01,0,3044,ERODED,1,1,1,1,1,1,1,1,1,1,1
3047,8.14E-02,2.49E-01,2.98E-01,3,3047,Not eroded,0,1,1,1,1,1,1,0,0,1,1
3058,1.78E-01,1.00E-01,3.02E-01,0,3058,ERODED,1,1,1,1,1,1,1,1,1,1,1
3062,2.30E-01,9.27E-02,2.98E-01,3,3062,Not eroded,0,1,1,1,1,1,1,0,0,1,1
3065,3.22E-01,7.62E-02,2.82E-01,0,3065,ERODED,1,1,1,1,1,1,1,1,1,1,1
3069,2.31E-01,7.14E-02,3.09E-01,0,3069,ERODED,1,1,1,1,1,1,1,1,1,1,1
3075,2.16E-01,2.31E-01,2.96E-01,0,3075,Not eroded,0,1,1,1,1,1,1,1,1,1,1
3076,1.09E-01,2.19E-01,2.83E-01,5,3076,Not eroded,0,1,1,1,1,1,0,0,0,0,1
3080,1.85E-01,3.24E-01,2.85E-01,3,3080,Not eroded,0,1,1,1,1,1,1,0,0,1,1
3091,3.24E-01,1.27E-01,2.50E-01,3,3091,Not eroded,0,1,1,1,1,0,1,0,0,1,1
3095,1.78E-01,1.09E-01,2.50E-01,4,3095,Not eroded,0,1,1,1,1,0,0,0,0,1,1
3096,9.87E-02,2.55E-01,3.26E-01,0,3096,ERODED,1,1,1,1,1,1,1,1,1,1,1
3110,9.08E-02,1.92E-01,2.79E-01,2,3110,Not eroded,0,1,1,1,1,1,1,0,1,1,1
3111,3.08E-01,3.18E-01,3.02E-01,0,3111,ERODED,1,1,1,1,1,1,1,1,1,1,1
3117,1.13E-01,9.68E-02,2.80E-01,0,3117,Not eroded,0,1,1,1,1,1,1,1,1,1,1
3122,1.95E-01,2.49E-01,2.96E-01,0,3122,Not eroded,0,1,1,1,1,1,1,1,1,1,1
3124,5.63E-02,2.95E-01,2.99E-01,0,3124,ERODED,1,1,1,1,1,1,1,1,1,1,1
3126,8.01E-02,2.11E-01,2.83E-01,4,3126,Not eroded,0,1,1,1,1,1,0,0,0,1,1
3129,2.15E-01,1.87E-01,3.16E-01,0,3129,ERODED,1,1,1,1,1,1,1,1,1,1,1
3130,8.52E-02,2.78E-01,2.95E-01,0,3130,ERODED,1,1,1,1,1,1,1,1,1,1,1
3133,2.86E-01,2.11E-01,2.87E-01,0,3133,ERODED,1,1,1,1,1,1,1,1,1,1,1
3134,1.68E-01,1.65E-01,2.96E-01,0,3134,Not eroded,0,1,1,1,1,1,1,1,1,1,1
3137,2.15E-01,2.00E-01,2.84E-01,4,3137,Not eroded,0,1,1,1,1,1,0,0,0,1,1
3141,1.47E-01,1.48E-01,2.64E-01,3,3141,Not eroded,0,1,1,1,1,1,1,0,0,1,1
3147,1.26E-01,6.42E-02,2.65E-01,4,3147,Not eroded,0,1,1,1,1,1,0,0,0,1,1
3148,2.19E-01,1.11E-01,3.10E-01,0,3148,ERODED,1,1,1,1,1,1,1,1,1,1,1
3149,2.22E-01,2.09E-01,2.45E-01,6,3149,Not eroded,0,1,1,1,1,0,0,0,0,0,0
3151,1.97E-01,3.24E-01,2.83E-01,0,3151,Not eroded,0,1,1,1,1,1,1,1,1,1,1
3161,1.50E-01,1.62E-01,2.77E-01,5,3161,Not eroded,0,1,1,1,1,1,0,0,0,0,1
3163,3.02E-01,5.65E-02,3.17E-01,0,3163,ERODED,1,1,1,1,1,1,1,1,1,1,1
3167,9.18E-02,1.83E-01,2.60E-01,6,3167,Not eroded,0,1,1,1,1,1,0,0,0,0,0
3174,1.44E-01,1.86E-01,2.61E-01,0,3174,Not eroded,0,1,1,1,1,1,1,1,1,1,1
3176,1.39E-01,3.24E-01,2.59E-01,3,3176,Not eroded,0,1,1,1,1,1,1,0,0,1,1
3177,9.59E-02,1.27E-01,3.18E-01,0,3177,ERODED,1,1,1,1,1,1,1,1,1,1,1
3179,1.56E-01,2.66E-01,2.98E-01,0,3179,ERODED,1,1,1,1,1,1,1,1,1,1,1
3186,9.25E-02,1.63E-01,2.98E-01,3,3186,Not eroded,0,1,1,1,1,1,1,0,0,1,1
3187,1.58E-01,2.18E-01,2.79E-01,5,3187,Not eroded,0,1,1,1,1,1,0,0,0,0,1
3198,2.67E-01,1.13E-01,2.97E-01,0,3198,Not eroded,0,1,1,1,1,1,1,1,1,1,1
3206,2.09E-01,2.22E-01,2.44E-01,4,3206,Not eroded,0,1,1,1,1,0,0,0,0,1,1
3217,1.53E-01,6.45E-02,3.17E-01,0,3217,ERODED,1,1,1,1,1,1,1,1,1,1,1
3219,1.80E-01,3.17E-01,2.66E-01,5,3219,Not eroded,0,1,1,1,1,1,0,0,0,0,1
3228,2.22E-01,2.05E-01,2.88E-01,5,3228,Not eroded,0,1,1,1,1,1,0,0,0,0,1
3237,1.75E-01,1.42E-01,2.52E-01,3,3237,Not eroded,0,1,1,1,1,1,1,0,0,1,1
3239,2.01E-01,2.32E-01,2.51E-01,0,3239,Not eroded,0,1,1,1,1,1,1,1,1,1,1
3250,1.71E-01,2.12E-01,2.79E-01,5,3250,Not eroded,0,1,1,1,1,1,0,0,0,0,1
3253,2.53E-01,2.92E-01,3.27E-01,0,3253,ERODED,1,1,1,1,1,1,1,1,1,1,1
3255,7.02E-02,2.46E-01,2.95E-01,2,3255,Not eroded,0,1,1,1,1,1,1,0,1,1,1
3256,1.94E-01,1.90E-01,2.78E-01,5,3256,Not eroded,0,1,1,1,1,1,0,0,0,0,1
3258,2.49E-01,1.99E-01,2.41E-01,3,3258,Not eroded,0,1,1,1,1,0,1,0,0,1,1
3259,3.14E-01,1.65E-01,2.57E-01,3,3259,Not eroded,0,1,1,1,1,1,1,0,0,1,1
3261,5.63E-02,1.78E-01,2.58E-01,0,3261,Not eroded,0,1,1,1,1,1,1,1,1,1,1
3263,1.80E-01,1.63E-01,2.48E-01,4,3263,Not eroded,0,1,1,1,1,0,0,0,0,1,1
3269,2.15E-01,2.12E-01,2.80E-01,5,3269,Not eroded,0,1,1,1,1,1,0,0,0,0,1
3270,2.65E-01,3.23E-01,2.62E-01,0,3270,Not eroded,0,1,1,1,1,1,1,1,1,1,1
3271,2.86E-01,5.65E-02,3.22E-01,0,3271,ERODED,1,1,1,1,1,1,1,1,1,1,1
3272,1.36E-01,1.95E-01,3.18E-01,0,3272,ERODED,1,1,1,1,1,1,1,1,1,1,1
3273,1.78E-01,3.05E-01,2.82E-01,3,3273,Not eroded,0,1,1,1,1,1,1,0,0,1,1
3277,2.30E-01,1.29E-01,2.64E-01,5,3277,Not eroded,0,1,1,1,1,1,0,0,0,0,1
3278,8.16E-02,1.71E-01,2.44E-01,4,3278,Not eroded,0,1,1,1,1,0,0,0,0,1,1
3279,2.66E-01,1.96E-01,3.06E-01,0,3279,ERODED,1,1,1,1,1,1,1,1,1,1,1
3292,1.30E-01,7.19E-02,2.84E-01,4,3292,Not eroded,0,1,1,1,1,1,0,0,0,1,1
3294,1.40E-01,1.37E-01,3.02E-01,4,3294,Not eroded,0,1,1,1,1,1,0,0,0,1,1
3295,8.92E-02,2.33E-01,2.89E-01,6,3295,Not eroded,0,1,1,1,1,1,0,0,0,0,0
3296,2.83E-01,3.21E-01,2.62E-01,0,3296,ERODED,1,1,1,1,1,1,1,1,1,1,1
3297,6.42E-02,3.24E-01,3.04E-01,0,3297,ERODED,1,1,1,1,1,1,1,1,1,1,1
3298,1.99E-01,3.24E-01,2.73E-01,0,3298,Not eroded,0,1,1,1,1,1,1,1,1,1,1
3299,3.00E-01,2.25E-01,2.98E-01,0,3299,ERODED,1,1,1,1,1,1,1,1,1,1,1
3304,1.26E-01,3.24E-01,3.01E-01,0,3304,ERODED,1,1,1,1,1,1,1,1,1,1,1
3305,2.50E-01,6.80E-02,2.41E-01,4,3305,Not eroded,0,1,1,1,1,0,0,0,0,1,1
3306,2.94E-01,1.59E-01,2.48E-01,4,3306,Not eroded,0,1,1,1,1,0,0,0,0,1,1
3307,1.73E-01,2.26E-01,2.93E-01,4,3307,Not eroded,0,1,1,1,1,1,0,0,0,1,1
3317,1.33E-01,2.62E-01,2.83E-01,2,3317,Not eroded,0,1,1,1,1,1,1,0,1,1,1
3319,2.11E-01,2.25E-01,3.05E-01,0,3319,ERODED,1,1,1,1,1,1,1,1,1,1,1
3324,3.24E-01,1.08E-01,2.44E-01,3,3324,Not eroded,0,1,1,1,1,0,1,0,0,1,1
3329,2.41E-01,6.34E-02,2.67E-01,4,3329,Not eroded,0,1,1,1,1,1,0,0,0,1,1
3332,3.19E-01,9.68E-02,2.73E-01,0,3332,ERODED,1,1,1,1,1,1,1,1,1,1,1
3346,1.46E-01,3.15E-01,2.53E-01,4,3346,Not eroded,0,1,1,1,1,1,0,0,0,1,1
3348,3.24E-01,1.49E-01,2.84E-01,0,3348,Not eroded,0,1,1,1,1,1,1,1,1,1,1
3353,2.98E-01,1.10E-01,3.25E-01,0,3353,Not eroded,0,1,1,1,1,1,1,1,1,1,1
3356,2.98E-01,2.94E-01,3.25E-01,0,3356,Not eroded,0,1,1,1,1,1,1,1,1,1,1
3358,1.60E-01,2.69E-01,2.45E-01,0,3358,Not eroded,0,1,1,1,1,0,1,1,1,1,1
3361,2.55E-01,3.24E-01,2.64E-01,0,3361,Not eroded,0,1,1,1,1,1,1,1,1,1,1
3363,2.17E-01,9.20E-02,2.65E-01,4,3363,Not eroded,0,1,1,1,1,1,0,0,0,1,1
3364,1.74E-01,3.24E-01,2.95E-01,0,3364,ERODED,1,1,1,1,1,1,1,1,1,1,1
3366,1.15E-01,1.79E-01,3.18E-01,0,3366,ERODED,1,1,1,1,1,1,1,1,1,1,1
3372,1.23E-01,2.74E-01,3.17E-01,0,3372,ERODED,1,1,1,1,1,1,1,1,1,1,1
3374,3.24E-01,3.16E-01,2.83E-01,0,3374,ERODED,1,1,1,1,1,1,1,1,1,1,1
3381,6.43E-02,1.52E-01,2.63E-01,6,3381,Not eroded,0,1,1,1,1,1,0,0,0,0,0
3383,2.17E-01,3.01E-01,2.96E-01,0,3383,Not eroded,0,1,1,1,1,1,1,1,1,1,1
3385,3.22E-01,6.62E-02,3.15E-01,0,3385,ERODED,1,1,1,1,1,1,1,1,1,1,1
3389,1.15E-01,1.96E-01,2.65E-01,0,3389,Not eroded,0,1,1,1,1,1,1,1,1,1,1
3398,2.34E-01,1.92E-01,2.87E-01,3,3398,Not eroded,0,1,1,1,1,1,1,0,0,1,1
3401,8.24E-02,1.33E-01,2.62E-01,4,3401,Not eroded,0,1,1,1,1,1,0,0,0,1,1
3402,3.24E-01,7.10E-02,2.90E-01,0,3402,ERODED,1,1,1,1,1,1,1,1,1,1,1
3407,1.40E-01,5.65E-02,2.64E-01,3,3407,Not eroded,0,1,1,1,1,1,1,0,0,1,1
3408,2.54E-01,1.29E-01,3.06E-01,0,3408,ERODED,1,1,1,1,1,1,1,1,1,1,1
3414,1.26E-01,6.56E-02,2.55E-01,4,3414,Not eroded,0,1,1,1,1,1,0,0,0,1,1
3418,6.46E-02,6.51E-02,3.01E-01,3,3418,Not eroded,0,1,1,1,1,1,1,0,0,1,1
3421,3.14E-01,5.66E-02,3.08E-01,0,3421,ERODED,1,1,1,1,1,1,1,1,1,1,1
3428,9.63E-02,3.23E-01,2.54E-01,0,3428,Not eroded,0,1,1,1,1,1,1,1,1,1,1
3429,2.04E-01,2.36E-01,3.05E-01,0,3429,Not eroded,0,1,1,1,1,1,1,1,1,1,1
3433,1.24E-01,2.48E-01,2.88E-01,3,3433,Not eroded,0,1,1,1,1,1,1,0,0,1,1
3434,2.16E-01,2.57E-01,3.00E-01,0,3434,Not eroded,0,1,1,1,1,1,1,1,1,1,1
3435,1.15E-01,2.17E-01,2.75E-01,3,3435,Not eroded,0,1,1,1,1,1,1,0,0,1,1
3436,1.33E-01,2.44E-01,2.86E-01,4,3436,Not eroded,0,1,1,1,1,1,0,0,0,1,1
3437,2.56E-01,1.75E-01,2.58E-01,3,3437,Not eroded,0,1,1,1,1,1,1,0,0,1,1
3438,2.63E-01,1.32E-01,3.21E-01,0,3438,ERODED,1,1,1,1,1,1,1,1,1,1,1
3445,7.17E-02,2.07E-01,3.25E-01,0,3445,ERODED,1,1,1,1,1,1,1,1,1,1,1
3446,2.02E-01,1.56E-01,3.28E-01,0,3446,ERODED,1,1,1,1,1,1,1,1,1,1,1
3448,1.79E-01,1.66E-01,2.67E-01,3,3448,Not eroded,0,1,1,1,1,1,1,0,0,1,1
3450,2.84E-01,1.48E-01,2.50E-01,4,3450,Not eroded,0,1,1,1,1,0,0,0,0,1,1
3452,2.75E-01,3.23E-01,3.34E-01,0,3452,ERODED,1,1,1,1,1,1,1,1,1,1,1
3453,1.65E-01,8.00E-02,3.18E-01,0,3453,ERODED,1,1,1,1,1,1,1,1,1,1,1
3455,3.15E-01,1.67E-01,2.83E-01,0,3455,ERODED,1,1,1,1,1,1,1,1,1,1,1
3456,3.12E-01,5.65E-02,2.54E-01,0,3456,Not eroded,0,1,1,1,1,1,1,1,1,1,1
3464,1.85E-01,2.68E-01,2.71E-01,4,3464,Not eroded,0,1,1,1,1,1,0,0,0,1,1
3467,3.24E-01,1.66E-01,3.04E-01,0,3467,ERODED,1,1,1,1,1,1,1,1,1,1,1
3470,2.59E-01,1.01E-01,2.83E-01,3,3470,ERODED,1,1,1,1,1,1,1,0,0,1,1
3472,3.13E-01,6.61E-02,3.04E-01,0,3472,ERODED,1,1,1,1,1,1,1,1,1,1,1
3475,2.78E-01,8.85E-02,2.42E-01,3,3475,Not eroded,0,1,1,1,1,0,1,0,0,1,1
3480,2.55E-01,1.56E-01,2.89E-01,0,3480,ERODED,1,1,1,1,1,1,1,1,1,1,1
3482,2.10E-01,2.33E-01,2.56E-01,0,3482,Not eroded,0,1,1,1,1,1,1,1,1,1,1
3484,1.11E-01,3.19E-01,3.14E-01,0,3484,ERODED,1,1,1,1,1,1,1,1,1,1,1
3487,7.35E-02,3.10E-01,3.13E-01,0,3487,ERODED,1,1,1,1,1,1,1,1,1,1,1
3491,1.41E-01,2.03E-01,3.18E-01,0,3491,ERODED,1,1,1,1,1,1,1,1,1,1,1
3499,2.56E-01,1.33E-01,2.47E-01,4,3499,Not eroded,0,1,1,1,1,0,0,0,0,1,1
3500,3.24E-01,2.16E-01,2.51E-01,3,3500,Not eroded,0,1,1,1,1,1,1,0,0,1,1
3501,2.89E-01,3.24E-01,2.55E-01,0,3501,ERODED,1,1,1,1,1,1,1,1,1,1,1
3502,1.04E-01,1.70E-01,2.65E-01,3,3502,Not eroded,0,1,1,1,1,1,1,0,0,1,1
3508,2.04E-01,3.24E-01,3.02E-01,0,3508,ERODED,1,1,1,1,1,1,1,1,1,1,1
3525,3.06E-01,1.66E-01,2.75E-01,0,3525,Not eroded,0,1,1,1,1,1,1,1,1,1,1
3531,1.24E-01,1.11E-01,2.70E-01,4,3531,Not eroded,0,1,1,1,1,1,0,0,0,1,1
3532,5.68E-02,8.97E-02,2.80E-01,0,3532,Not eroded,0,1,1,1,1,1,1,1,1,1,1
3536,5.63E-02,1.47E-01,3.16E-01,0,3536,ERODED,1,1,1,1,1,1,1,1,1,1,1
3537,2.18E-01,1.87E-01,3.03E-01,4,3537,Not eroded,0,1,1,1,1,1,0,0,0,1,1
3538,1.39E-01,5.63E-02,2.55E-01,4,3538,Not eroded,0,1,1,1,1,1,0,0,0,1,1
3541,2.64E-01,2.58E-01,3.17E-01,0,3541,ERODED,1,1,1,1,1,1,1,1,1,1,1
3542,3.24E-01,2.37E-01,2.44E-01,4,3542,Not eroded,0,1,1,1,1,0,0,0,0,1,1
3543,7.69E-02,1.40E-01,2.71E-01,4,3543,Not eroded,0,1,1,1,1,1,0,0,0,1,1
3555,5.66E-02,9.67E-02,2.57E-01,0,3555,Not eroded,0,1,1,1,1,1,1,1,1,1,1
3558,1.05E-01,1.64E-01,2.56E-01,5,3558,Not eroded,0,1,1,1,1,1,0,0,0,0,1
3568,1.66E-01,2.69E-01,2.92E-01,5,3568,Not eroded,0,1,1,1,1,1,0,0,0,0,1
3569,3.12E-01,1.62E-01,2.91E-01,0,3569,ERODED,1,1,1,1,1,1,1,1,1,1,1
3570,1.75E-01,2.42E-01,2.89E-01,0,3570,Not eroded,0,1,1,1,1,1,1,1,1,1,1
3571,3.24E-01,1.14E-01,2.93E-01,0,3571,ERODED,1,1,1,1,1,1,1,1,1,1,1
3572,5.69E-02,6.97E-02,3.17E-01,0,3572,ERODED,1,1,1,1,1,1,1,1,1,1,1
3573,2.51E-01,2.14E-01,2.96E-01,3,3573,Not eroded,0,1,1,1,1,1,1,0,0,1,1
3578,1.88E-01,3.13E-01,2.63E-01,4,3578,Not eroded,0,1,1,1,1,1,0,0,0,1,1
3582,1.08E-01,9.45E-02,2.67E-01,0,3582,Not eroded,0,1,1,1,1,1,1,1,1,1,1
3590,1.43E-01,1.14E-01,2.75E-01,0,3590,Not eroded,0,1,1,1,1,1,1,1,1,1,1
3593,1.29E-01,2.70E-01,2.97E-01,0,3593,ERODED,1,1,1,1,1,1,1,1,1,1,1
3596,2.52E-01,2.41E-01,2.68E-01,0,3596,Not eroded,0,1,1,1,1,1,1,1,1,1,1
3600,2.15E-01,2.45E-01,2.85E-01,0,3600,Not eroded,0,1,1,1,1,1,1,1,1,1,1
3601,1.63E-01,3.24E-01,3.30E-01,0,3601,ERODED,1,1,1,1,1,1,1,1,1,1,1
3602,2.58E-01,2.85E-01,3.04E-01,0,3602,ERODED,1,1,1,1,1,1,1,1,1,1,1
3603,2.39E-01,2.90E-01,2.84E-01,0,3603,ERODED,1,1,1,1,1,1,1,1,1,1,1
3607,5.70E-02,2.06E-01,3.33E-01,0,3607,ERODED,1,1,1,1,1,1,1,1,1,1,1
3612,2.25E-01,2.00E-01,2.43E-01,5,3612,Not eroded,0,1,1,1,1,0,0,0,0,0,1
3618,8.52E-02,8.46E-02,2.59E-01,0,3618,Not eroded,0,1,1,1,1,1,1,1,1,1,1
3619,7.41E-02,2.49E-01,2.83E-01,5,3619,Not eroded,0,1,1,1,1,1,0,0,0,0,1
3621,1.94E-01,2.69E-01,2.76E-01,5,3621,Not eroded,0,1,1,1,1,1,0,0,0,0,1
3623,1.96E-01,3.01E-01,2.82E-01,7,3623,Not eroded,0,1,1,1,1,1,0,0,0,0,0
3625,2.75E-01,1.24E-01,2.65E-01,0,3625,Not eroded,0,1,1,1,1,1,1,1,1,1,1
3627,2.07E-01,2.42E-01,3.12E-01,0,3627,ERODED,1,1,1,1,1,1,1,1,1,1,1
3630,2.04E-01,1.52E-01,2.57E-01,5,3630,Not eroded,0,1,1,1,1,1,0,0,0,0,1
3633,9.02E-02,2.20E-01,2.51E-01,3,3633,Not eroded,0,1,1,1,1,1,1,0,0,1,1
3634,1.96E-01,7.14E-02,2.73E-01,5,3634,Not eroded,0,1,1,1,1,1,0,0,0,0,1
3635,2.42E-01,3.17E-01,2.91E-01,4,3635,Not eroded,0,1,1,1,1,1,0,0,0,1,1
3639,1.34E-01,2.53E-01,3.20E-01,0,3639,ERODED,1,1,1,1,1,1,1,1,1,1,1
3646,2.99E-01,1.12E-01,2.67E-01,0,3646,ERODED,1,1,1,1,1,1,1,1,1,1,1
3647,8.36E-02,2.49E-01,2.88E-01,4,3647,Not eroded,0,1,1,1,1,1,0,0,0,1,1
3650,9.07E-02,1.89E-01,2.97E-01,4,3650,Not eroded,0,1,1,1,1,1,0,0,0,1,1
3654,2.55E-01,2.49E-01,2.64E-01,0,3654,Not eroded,0,1,1,1,1,1,1,1,1,1,1
3658,1.84E-01,3.13E-01,2.87E-01,3,3658,Not eroded,0,1,1,1,1,1,1,0,0,1,1
3660,1.03E-01,1.35E-01,2.82E-01,3,3660,Not eroded,0,1,1,1,1,1,1,0,0,1,1
3664,1.29E-01,5.64E-02,2.71E-01,4,3664,Not eroded,0,1,1,1,1,1,0,0,0,1,1
3666,2.31E-01,1.01E-01,2.61E-01,4,3666,Not eroded,0,1,1,1,1,1,0,0,0,1,1
3667,2.44E-01,2.18E-01,2.44E-01,4,3667,Not eroded,0,1,1,1,1,0,0,0,0,1,1
3672,1.89E-01,3.24E-01,2.62E-01,3,3672,Not eroded,0,1,1,1,1,1,1,0,0,1,1
3673,2.44E-01,2.63E-01,3.20E-01,0,3673,ERODED,1,1,1,1,1,1,1,1,1,1,1
3681,2.04E-01,1.57E-01,2.99E-01,0,3681,ERODED,1,1,1,1,1,1,1,1,1,1,1
3684,2.75E-01,2.56E-01,3.11E-01,3,3684,Not eroded,0,1,1,1,1,1,1,0,0,1,1
3690,2.11E-01,2.67E-01,2.54E-01,0,3690,Not eroded,0,1,1,1,1,1,1,1,1,1,1
3693,1.68E-01,1.55E-01,2.84E-01,3,3693,Not eroded,0,1,1,1,1,1,1,0,0,1,1
3694,2.30E-01,8.27E-02,2.98E-01,0,3694,ERODED,1,1,1,1,1,1,1,1,1,1,1
3695,2.25E-01,1.16E-01,3.16E-01,0,3695,ERODED,1,1,1,1,1,1,1,1,1,1,1
3704,3.14E-01,2.95E-01,2.70E-01,0,3704,ERODED,1,1,1,1,1,1,1,1,1,1,1
3711,2.00E-01,2.49E-01,3.08E-01,0,3711,ERODED,1,1,1,1,1,1,1,1,1,1,1
3713,1.82E-01,2.14E-01,2.49E-01,2,3713,Not eroded,0,1,1,1,1,0,1,0,1,1,1
3730,5.62E-02,1.62E-01,2.44E-01,3,3730,Not eroded,0,1,1,1,1,0,1,0,0,1,1
3734,1.99E-01,2.44E-01,3.18E-01,0,3734,ERODED,1,1,1,1,1,1,1,1,1,1,1
3738,2.13E-01,2.60E-01,2.74E-01,3,3738,Not eroded,0,1,1,1,1,1,1,0,0,1,1
3740,2.92E-01,1.50E-01,2.57E-01,5,3740,Not eroded,0,1,1,1,1,1,0,0,0,0,1
3747,1.87E-01,2.61E-01,2.89E-01,3,3747,Not eroded,0,1,1,1,1,1,1,0,0,1,1
3759,1.67E-01,3.24E-01,2.58E-01,3,3759,Not eroded,0,1,1,1,1,1,1,0,0,1,1
3763,1.76E-01,5.65E-02,2.60E-01,6,3763,Not eroded,0,1,1,1,1,1,0,0,0,0,0
3765,1.19E-01,6.81E-02,2.60E-01,4,3765,Not eroded,0,1,1,1,1,1,0,0,0,1,1
3766,1.36E-01,7.28E-02,2.91E-01,5,3766,Not eroded,0,1,1,1,1,1,0,0,0,0,1
3770,1.19E-01,1.12E-01,2.42E-01,0,3770,Not eroded,0,1,1,1,1,0,1,1,1,1,1
3779,2.96E-01,1.32E-01,2.47E-01,3,3779,Not eroded,0,1,1,1,1,0,1,0,0,1,1
3780,2.56E-01,3.19E-01,3.26E-01,0,3780,ERODED,1,1,1,1,1,1,1,1,1,1,1
3781,8.23E-02,2.30E-01,2.83E-01,4,3781,Not eroded,0,1,1,1,1,1,0,0,0,1,1
3784,1.63E-01,3.06E-01,2.54E-01,4,3784,Not eroded,0,1,1,1,1,1,0,0,0,1,1
3785,1.79E-01,3.19E-01,2.46E-01,5,3785,Not eroded,0,1,1,1,1,0,0,0,0,0,1
3786,2.32E-01,1.30E-01,2.55E-01,4,3786,Not eroded,0,1,1,1,1,1,0,0,0,1,1
3788,5.62E-02,1.38E-01,2.97E-01,3,3788,Not eroded,0,1,1,1,1,1,1,0,0,1,1
3791,7.67E-02,1.49E-01,2.75E-01,4,3791,Not eroded,0,1,1,1,1,1,0,0,0,1,1
3796,2.68E-01,2.23E-01,2.48E-01,0,3796,Not eroded,0,1,1,1,1,0,1,1,1,1,1
3799,1.51E-01,2.18E-01,2.87E-01,5,3799,Not eroded,0,1,1,1,1,1,0,0,0,0,1
3809,1.71E-01,3.00E-01,2.62E-01,4,3809,Not eroded,0,1,1,1,1,1,0,0,0,1,1
3818,1.99E-01,2.96E-01,2.98E-01,4,3818,Not eroded,0,1,1,1,1,1,0,0,0,1,1
3823,2.90E-01,3.00E-01,3.23E-01,0,3823,ERODED,1,1,1,1,1,1,1,1,1,1,1
3824,3.11E-01,3.24E-01,2.94E-01,0,3824,ERODED,1,1,1,1,1,1,1,1,1,1,1
3825,2.88E-01,1.67E-01,2.81E-01,0,3825,ERODED,1,1,1,1,1,1,1,1,1,1,1
3826,1.00E-01,1.51E-01,3.25E-01,0,3826,ERODED,1,1,1,1,1,1,1,1,1,1,1
3835,3.24E-01,2.30E-01,2.51E-01,3,3835,Not eroded,0,1,1,1,1,1,1,0,0,1,1
3839,3.24E-01,1.04E-01,2.92E-01,0,3839,ERODED,1,1,1,1,1,1,1,1,1,1,1
3842,1.58E-01,5.68E-02,3.11E-01,0,3842,ERODED,1,1,1,1,1,1,1,1,1,1,1
3847,2.07E-01,5.65E-02,2.51E-01,3,3847,Not eroded,0,1,1,1,1,1,1,0,0,1,1
3849,1.96E-01,6.48E-02,2.81E-01,0,3849,ERODED,1,1,1,1,1,1,1,1,1,1,1
3856,2.45E-01,2.96E-01,2.41E-01,0,3856,Not eroded,0,1,1,1,1,0,1,1,1,1,1
3871,1.46E-01,1.54E-01,2.82E-01,4,3871,Not eroded,0,1,1,1,1,1,0,0,0,1,1
3875,1.31E-01,1.45E-01,2.53E-01,0,3875,Not eroded,0,1,1,1,1,1,1,1,1,1,1
3877,1.31E-01,1.91E-01,2.61E-01,4,3877,Not eroded,0,1,1,1,1,1,0,0,0,1,1
3879,2.07E-01,1.70E-01,2.80E-01,0,3879,Not eroded,0,1,1,1,1,1,1,1,1,1,1
3882,3.24E-01,2.12E-01,2.83E-01,0,3882,ERODED,1,1,1,1,1,1,1,1,1,1,1
3883,2.17E-01,2.08E-01,2.71E-01,3,3883,Not eroded,0,1,1,1,1,1,1,0,0,1,1
3885,1.24E-01,5.65E-02,3.01E-01,0,3885,ERODED,1,1,1,1,1,1,1,1,1,1,1
3889,2.14E-01,1.58E-01,2.93E-01,4,3889,Not eroded,0,1,1,1,1,1,0,0,0,1,1
3898,2.50E-01,1.05E-01,2.87E-01,3,3898,Not eroded,0,1,1,1,1,1,1,0,0,1,1
3903,1.92E-01,1.05E-01,2.98E-01,0,3903,ERODED,1,1,1,1,1,1,1,1,1,1,1
3904,1.49E-01,1.78E-01,2.46E-01,5,3904,Not eroded,0,1,1,1,1,0,0,0,0,0,1
3907,2.99E-01,1.12E-01,2.47E-01,0,3907,Not eroded,0,1,1,1,1,0,1,1,1,1,1
3910,1.06E-01,8.53E-02,2.95E-01,5,3910,Not eroded,0,1,1,1,1,1,0,0,0,0,1
3912,1.19E-01,8.24E-02,2.86E-01,0,3912,Not eroded,0,1,1,1,1,1,1,1,1,1,1
3914,1.66E-01,9.34E-02,2.52E-01,5,3914,Not eroded,0,1,1,1,1,1,0,0,0,0,1
3917,2.22E-01,2.61E-01,2.92E-01,0,3917,Not eroded,0,1,1,1,1,1,1,1,1,1,1
3925,2.63E-01,1.62E-01,2.92E-01,0,3925,ERODED,1,1,1,1,1,1,1,1,1,1,1
3928,2.72E-01,5.64E-02,2.70E-01,4,3928,Not eroded,0,1,1,1,1,1,0,0,0,1,1
3937,8.88E-02,3.24E-01,3.07E-01,0,3937,ERODED,1,1,1,1,1,1,1,1,1,1,1
3938,1.65E-01,1.69E-01,2.52E-01,3,3938,Not eroded,0,1,1,1,1,1,1,0,0,1,1
3946,7.55E-02,1.71E-01,2.89E-01,4,3946,Not eroded,0,1,1,1,1,1,0,0,0,1,1
3948,2.08E-01,3.12E-01,3.14E-01,0,3948,ERODED,1,1,1,1,1,1,1,1,1,1,1
3949,7.82E-02,3.02E-01,3.05E-01,0,3949,ERODED,1,1,1,1,1,1,1,1,1,1,1
3954,5.63E-02,1.98E-01,2.85E-01,0,3954,Not eroded,0,1,1,1,1,1,1,1,1,1,1
3961,1.43E-01,1.51E-01,2.51E-01,0,3961,Not eroded,0,1,1,1,1,1,1,1,1,1,1
3963,6.31E-02,2.83E-01,2.94E-01,0,3963,ERODED,1,1,1,1,1,1,1,1,1,1,1
3966,8.95E-02,6.54E-02,2.53E-01,0,3966,Not eroded,0,1,1,1,1,1,1,1,1,1,1
3972,7.64E-02,1.08E-01,3.24E-01,0,3972,ERODED,1,1,1,1,1,1,1,1,1,1,1
3974,5.62E-02,1.42E-01,2.45E-01,4,3974,Not eroded,0,1,1,1,1,0,0,0,0,1,1
3978,2.87E-01,7.89E-02,2.48E-01,4,3978,Not eroded,0,1,1,1,1,0,0,0,0,1,1
3979,1.48E-01,3.24E-01,3.08E-01,0,3979,ERODED,1,1,1,1,1,1,1,1,1,1,1
3983,8.59E-02,1.84E-01,2.80E-01,5,3983,Not eroded,0,1,1,1,1,1,0,0,0,0,1
3984,2.23E-01,2.22E-01,2.94E-01,5,3984,Not eroded,0,1,1,1,1,1,0,0,0,0,1
3990,1.61E-01,2.75E-01,2.85E-01,5,3990,Not eroded,0,1,1,1,1,1,0,0,0,0,1
3993,2.11E-01,1.31E-01,2.88E-01,4,3993,Not eroded,0,1,1,1,1,1,0,0,0,1,1
4000,2.58E-01,6.53E-02,2.50E-01,3,4000,Not eroded,0,1,1,1,1,0,1,0,0,1,1
4001,1.17E-01,2.05E-01,2.61E-01,3,4001,Not eroded,0,1,1,1,1,1,1,0,0,1,1
4009,1.08E-01,8.75E-02,2.57E-01,0,4009,Not eroded,0,1,1,1,1,1,1,1,1,1,1
4014,3.09E-01,1.69E-01,2.49E-01,4,4014,Not eroded,0,1,1,1,1,0,0,0,0,1,1
4018,1.15E-01,3.21E-01,3.26E-01,0,4018,ERODED,1,1,1,1,1,1,1,1,1,1,1
4019,3.24E-01,7.39E-02,2.64E-01,0,4019,ERODED,1,1,1,1,1,1,1,1,1,1,1
4021,2.65E-01,1.82E-01,3.20E-01,0,4021,ERODED,1,1,1,1,1,1,1,1,1,1,1
4023,9.22E-02,1.16E-01,2.79E-01,3,4023,Not eroded,0,1,1,1,1,1,1,0,0,1,1
4024,2.90E-01,1.82E-01,2.66E-01,2,4024,Not eroded,0,1,1,1,1,1,1,0,1,1,1
4025,1.36E-01,1.66E-01,3.15E-01,0,4025,ERODED,1,1,1,1,1,1,1,1,1,1,1
4027,1.45E-01,2.31E-01,2.84E-01,6,4027,Not eroded,0,1,1,1,1,1,0,0,0,0,0
4034,2.26E-01,3.21E-01,2.41E-01,0,4034,Not eroded,0,1,1,1,1,0,1,1,1,1,1
4038,1.49E-01,1.78E-01,2.78E-01,2,4038,Not eroded,0,1,1,1,1,1,1,0,1,1,1
4039,1.50E-01,1.16E-01,2.82E-01,0,4039,Not eroded,0,1,1,1,1,1,1,1,1,1,1
4043,2.63E-01,1.25E-01,3.13E-01,0,4043,ERODED,1,1,1,1,1,1,1,1,1,1,1
4050,1.38E-01,5.64E-02,2.45E-01,4,4050,Not eroded,0,1,1,1,1,0,0,0,0,1,1
4051,2.80E-01,3.24E-01,2.85E-01,0,4051,Not eroded,0,1,1,1,1,1,1,1,1,1,1
4052,9.98E-02,9.46E-02,2.44E-01,0,4052,Not eroded,0,1,1,1,1,0,1,1,1,1,1
4056,2.69E-01,1.14E-01,3.25E-01,0,4056,ERODED,1,1,1,1,1,1,1,1,1,1,1
4057,6.47E-02,2.10E-01,2.44E-01,0,4057,Not eroded,0,1,1,1,1,0,1,1,1,1,1
4063,2.80E-01,1.39E-01,2.51E-01,5,4063,Not eroded,0,1,1,1,1,1,0,0,0,0,1
4070,5.63E-02,1.68E-01,2.52E-01,4,4070,Not eroded,0,1,1,1,1,1,0,0,0,1,1
4071,2.72E-01,1.27E-01,3.01E-01,0,4071,ERODED,1,1,1,1,1,1,1,1,1,1,1
4076,2.19E-01,1.19E-01,3.02E-01,4,4076,Not eroded,0,1,1,1,1,1,0,0,0,1,1
4081,1.34E-01,1.44E-01,2.75E-01,5,4081,Not eroded,0,1,1,1,1,1,0,0,0,0,1
4083,1.43E-01,2.46E-01,3.25E-01,0,4083,ERODED,1,1,1,1,1,1,1,1,1,1,1
4084,2.03E-01,3.05E-01,2.66E-01,3,4084,Not eroded,0,1,1,1,1,1,1,0,0,1,1
4088,3.15E-01,1.87E-01,2.55E-01,0,4088,Not eroded,0,1,1,1,1,1,1,1,1,1,1
4093,2.71E-01,1.41E-01,3.15E-01,0,4093,ERODED,1,1,1,1,1,1,1,1,1,1,1
4098,5.62E-02,1.32E-01,2.47E-01,4,4098,Not eroded,0,1,1,1,1,0,0,0,0,1,1
4104,1.77E-01,2.31E-01,2.51E-01,3,4104,Not eroded,0,1,1,1,1,1,1,0,0,1,1
4112,1.97E-01,1.74E-01,2.67E-01,5,4112,Not eroded,0,1,1,1,1,1,0,0,0,0,1
4115,7.36E-02,5.76E-02,3.25E-01,0,4115,ERODED,1,1,1,1,1,1,1,1,1,1,1
4117,1.27E-01,1.87E-01,3.25E-01,0,4117,ERODED,1,1,1,1,1,1,1,1,1,1,1
4125,2.40E-01,2.08E-01,2.43E-01,3,4125,Not eroded,0,1,1,1,1,0,1,0,0,1,1
4127,2.16E-01,2.57E-01,2.53E-01,0,4127,Not eroded,0,1,1,1,1,1,1,1,1,1,1
4136,2.68E-01,1.46E-01,3.07E-01,0,4136,ERODED,1,1,1,1,1,1,1,1,1,1,1
4139,2.06E-01,1.20E-01,2.83E-01,5,4139,Not eroded,0,1,1,1,1,1,0,0,0,0,1
4149,2.91E-01,3.03E-01,2.79E-01,0,4149,Not eroded,0,1,1,1,1,1,1,1,1,1,1
4150,9.24E-02,2.23E-01,3.23E-01,0,4150,ERODED,1,1,1,1,1,1,1,1,1,1,1
4151,1.96E-01,3.24E-01,3.16E-01,0,4151,ERODED,1,1,1,1,1,1,1,1,1,1,1
4153,1.53E-01,3.15E-01,3.22E-01,0,4153,ERODED,1,1,1,1,1,1,1,1,1,1,1
4166,1.88E-01,6.94E-02,2.79E-01,2,4166,Not eroded,0,1,1,1,1,1,1,0,1,1,1
4169,1.82E-01,2.86E-01,2.78E-01,0,4169,Not eroded,0,1,1,1,1,1,1,1,1,1,1
4170,6.42E-02,3.15E-01,2.98E-01,0,4170,ERODED,1,1,1,1,1,1,1,1,1,1,1
4178,3.16E-01,3.05E-01,2.74E-01,0,4178,ERODED,1,1,1,1,1,1,1,1,1,1,1
4180,1.41E-01,1.59E-01,2.44E-01,4,4180,Not eroded,0,1,1,1,1,0,0,0,0,1,1
4181,1.92E-01,6.01E-02,3.11E-01,0,4181,ERODED,1,1,1,1,1,1,1,1,1,1,1
4188,1.04E-01,7.49E-02,2.99E-01,4,4188,Not eroded,0,1,1,1,1,1,0,0,0,1,1
4191,1.05E-01,9.19E-02,2.88E-01,3,4191,Not eroded,0,1,1,1,1,1,1,0,0,1,1
4197,1.98E-01,1.91E-01,3.30E-01,0,4197,ERODED,1,1,1,1,1,1,1,1,1,1,1
4199,3.24E-01,1.86E-01,2.47E-01,2,4199,Not eroded,0,1,1,1,1,0,1,0,1,1,1
4204,1.05E-01,6.61E-02,3.03E-01,5,4204,Not eroded,0,1,1,1,1,1,0,0,0,0,1
4208,1.55E-01,3.11E-01,2.52E-01,4,4208,Not eroded,0,1,1,1,1,1,0,0,0,1,1
4211,9.63E-02,2.39E-01,2.83E-01,6,4211,Not eroded,0,1,1,1,1,1,0,0,0,0,0
4221,1.04E-01,2.87E-01,2.59E-01,0,4221,Not eroded,0,1,1,1,1,1,1,1,1,1,1
4223,1.45E-01,1.29E-01,2.94E-01,3,4223,Not eroded,0,1,1,1,1,1,1,0,0,1,1
4225,1.82E-01,1.25E-01,2.90E-01,0,4225,Not eroded,0,1,1,1,1,1,1,1,1,1,1
4229,1.04E-01,7.21E-02,3.25E-01,0,4229,ERODED,1,1,1,1,1,1,1,1,1,1,1
4230,1.89E-01,6.52E-02,2.99E-01,0,4230,ERODED,1,1,1,1,1,1,1,1,1,1,1
4236,1.66E-01,2.39E-01,2.59E-01,5,4236,Not eroded,0,1,1,1,1,1,0,0,0,0,1
4238,3.23E-01,3.14E-01,3.02E-01,0,4238,ERODED,1,1,1,1,1,1,1,1,1,1,1
4250,2.66E-01,1.69E-01,3.04E-01,0,4250,ERODED,1,1,1,1,1,1,1,1,1,1,1
4251,1.84E-01,2.22E-01,2.69E-01,4,4251,Not eroded,0,1,1,1,1,1,0,0,0,1,1
4252,2.02E-01,1.06E-01,3.00E-01,3,4252,Not eroded,0,1,1,1,1,1,1,0,0,1,1
4261,1.44E-01,1.38E-01,2.92E-01,0,4261,Not eroded,0,1,1,1,1,1,1,1,1,1,1
4264,2.34E-01,7.43E-02,2.52E-01,4,4264,Not eroded,0,1,1,1,1,1,0,0,0,1,1
4265,2.19E-01,2.76E-01,2.78E-01,3,4265,Not eroded,0,1,1,1,1,1,1,0,0,1,1
4266,2.51E-01,1.51E-01,3.24E-01,0,4266,ERODED,1,1,1,1,1,1,1,1,1,1,1
4268,1.31E-01,3.10E-01,3.08E-01,0,4268,ERODED,1,1,1,1,1,1,1,1,1,1,1
4272,2.51E-01,3.16E-01,2.57E-01,0,4272,Not eroded,0,1,1,1,1,1,1,1,1,1,1
4274,2.58E-01,1.76E-01,3.25E-01,0,4274,ERODED,1,1,1,1,1,1,1,1,1,1,1
4277,1.96E-01,1.58E-01,2.55E-01,4,4277,Not eroded,0,1,1,1,1,1,0,0,0,1,1
4279,6.15E-02,6.45E-02,2.60E-01,5,4279,Not eroded,0,1,1,1,1,1,0,0,0,0,1
4282,1.09E-01,9.72E-02,2.52E-01,0,4282,Not eroded,0,1,1,1,1,1,1,1,1,1,1
4284,1.98E-01,2.91E-01,2.62E-01,4,4284,Not eroded,0,1,1,1,1,1,0,0,0,1,1
4288,1.28E-01,2.25E-01,2.87E-01,4,4288,Not eroded,0,1,1,1,1,1,0,0,0,1,1
4291,1.58E-01,1.73E-01,2.47E-01,4,4291,Not eroded,0,1,1,1,1,0,0,0,0,1,1
4296,3.07E-01,1.14E-01,2.53E-01,0,4296,ERODED,1,1,1,1,1,1,1,1,1,1,1
4297,1.90E-01,6.08E-02,2.74E-01,0,4297,ERODED,1,1,1,1,1,1,1,1,1,1,1
4298,1.57E-01,5.68E-02,2.60E-01,2,4298,Not eroded,0,1,1,1,1,1,1,0,1,1,1
4300,1.36E-01,6.31E-02,2.71E-01,5,4300,Not eroded,0,1,1,1,1,1,0,0,0,0,1
4304,8.75E-02,2.24E-01,2.77E-01,5,4304,Not eroded,0,1,1,1,1,1,0,0,0,0,1
4306,7.27E-02,2.91E-01,3.07E-01,0,4306,ERODED,1,1,1,1,1,1,1,1,1,1,1
4308,6.62E-02,1.75E-01,2.88E-01,5,4308,Not eroded,0,1,1,1,1,1,0,0,0,0,1
4310,2.48E-01,8.51E-02,2.93E-01,4,4310,Not eroded,0,1,1,1,1,1,0,0,0,1,1
4321,1.22E-01,1.97E-01,2.46E-01,0,4321,Not eroded,0,1,1,1,1,0,1,1,1,1,1
4322,7.03E-02,1.68E-01,2.81E-01,5,4322,Not eroded,0,1,1,1,1,1,0,0,0,0,1
4326,2.02E-01,1.61E-01,2.63E-01,3,4326,Not eroded,0,1,1,1,1,1,1,0,0,1,1
4327,1.59E-01,2.44E-01,2.54E-01,4,4327,Not eroded,0,1,1,1,1,1,0,0,0,1,1
4330,2.15E-01,2.90E-01,2.59E-01,0,4330,Not eroded,0,1,1,1,1,1,1,1,1,1,1
4335,1.23E-01,2.64E-01,3.19E-01,0,4335,ERODED,1,1,1,1,1,1,1,1,1,1,1
4341,1.28E-01,5.64E-02,2.41E-01,4,4341,Not eroded,0,1,1,1,1,0,0,0,0,1,1
4350,8.51E-02,3.08E-01,3.09E-01,0,4350,ERODED,1,1,1,1,1,1,1,1,1,1,1
4351,8.69E-02,1.59E-01,2.91E-01,5,4351,Not eroded,0,1,1,1,1,1,0,0,0,0,1
4353,2.20E-01,1.10E-01,2.93E-01,4,4353,Not eroded,0,1,1,1,1,1,0,0,0,1,1
4361,2.69E-01,9.44E-02,3.19E-01,0,4361,ERODED,1,1,1,1,1,1,1,1,1,1,1
4362,6.29E-02,2.42E-01,3.19E-01,0,4362,ERODED,1,1,1,1,1,1,1,1,1,1,1
4369,3.06E-01,2.76E-01,3.24E-01,0,4369,ERODED,1,1,1,1,1,1,1,1,1,1,1
4370,1.18E-01,5.65E-02,3.18E-01,0,4370,ERODED,1,1,1,1,1,1,1,1,1,1,1
4376,2.60E-01,1.82E-01,2.62E-01,4,4376,Not eroded,0,1,1,1,1,1,0,0,0,1,1
4381,1.22E-01,2.81E-01,2.99E-01,4,4381,Not eroded,0,1,1,1,1,1,0,0,0,1,1
4384,1.05E-01,3.24E-01,3.23E-01,0,4384,ERODED,1,1,1,1,1,1,1,1,1,1,1
4385,2.09E-01,3.04E-01,3.20E-01,0,4385,ERODED,1,1,1,1,1,1,1,1,1,1,1
4394,3.16E-01,1.74E-01,2.61E-01,4,4394,Not eroded,0,1,1,1,1,1,0,0,0,1,1
4396,5.62E-02,6.49E-02,2.69E-01,4,4396,Not eroded,0,1,1,1,1,1,0,0,0,1,1
4397,1.11E-01,1.68E-01,3.25E-01,0,4397,ERODED,1,1,1,1,1,1,1,1,1,1,1
4403,1.03E-01,2.16E-01,2.90E-01,4,4403,Not eroded,0,1,1,1,1,1,0,0,0,1,1
4408,1.92E-01,1.01E-01,2.49E-01,0,4408,Not eroded,0,1,1,1,1,0,1,1,1,1,1
4410,3.22E-01,3.02E-01,3.26E-01,0,4410,ERODED,1,1,1,1,1,1,1,1,1,1,1
4415,1.31E-01,2.61E-01,3.01E-01,0,4415,ERODED,1,1,1,1,1,1,1,1,1,1,1
4419,2.36E-01,1.81E-01,2.41E-01,4,4419,Not eroded,0,1,1,1,1,0,0,0,0,1,1
4420,5.62E-02,2.86E-01,2.87E-01,0,4420,ERODED,1,1,1,1,1,1,1,1,1,1,1
4423,3.14E-01,3.12E-01,3.35E-01,0,4423,ERODED,1,1,1,1,1,1,1,1,1,1,1
4429,2.20E-01,1.96E-01,3.00E-01,3,4429,Not eroded,0,1,1,1,1,1,1,0,0,1,1
4430,3.07E-01,1.23E-01,2.42E-01,3,4430,Not eroded,0,1,1,1,1,0,1,0,0,1,1
4436,2.64E-01,2.02E-01,2.59E-01,0,4436,Not eroded,0,1,1,1,1,1,1,1,1,1,1
4437,1.95E-01,2.09E-01,2.82E-01,5,4437,Not eroded,0,1,1,1,1,1,0,0,0,0,1
4442,1.59E-01,1.31E-01,2.84E-01,4,4442,Not eroded,0,1,1,1,1,1,0,0,0,1,1
4447,1.87E-01,2.02E-01,2.91E-01,4,4447,Not eroded,0,1,1,1,1,1,0,0,0,1,1
4450,1.39E-01,5.64E-02,2.78E-01,3,4450,Not eroded,0,1,1,1,1,1,1,0,0,1,1
4453,2.56E-01,1.64E-01,2.83E-01,0,4453,ERODED,1,1,1,1,1,1,1,1,1,1,1
4455,1.71E-01,5.65E-02,2.71E-01,3,4455,Not eroded,0,1,1,1,1,1,1,0,0,1,1
4459,1.73E-01,7.47E-02,3.15E-01,0,4459,ERODED,1,1,1,1,1,1,1,1,1,1,1
4465,2.95E-01,1.02E-01,2.67E-01,0,4465,Not eroded,0,1,1,1,1,1,1,1,1,1,1
4466,2.33E-01,1.14E-01,2.87E-01,3,4466,Not eroded,0,1,1,1,1,1,1,0,0,1,1
4473,2.27E-01,1.21E-01,2.82E-01,5,4473,Not eroded,0,1,1,1,1,1,0,0,0,0,1
4493,2.18E-01,5.65E-02,2.98E-01,0,4493,ERODED,1,1,1,1,1,1,1,1,1,1,1
4497,1.02E-01,3.22E-01,2.63E-01,0,4497,Not eroded,0,1,1,1,1,1,1,1,1,1,1
4500,1.26E-01,2.04E-01,2.58E-01,4,4500,Not eroded,0,1,1,1,1,1,0,0,0,1,1
4502,6.66E-02,9.35E-02,3.21E-01,0,4502,ERODED,1,1,1,1,1,1,1,1,1,1,1
4504,2.52E-01,2.31E-01,2.56E-01,0,4504,Not eroded,0,1,1,1,1,1,1,1,1,1,1
4507,2.42E-01,3.10E-01,2.54E-01,0,4507,Not eroded,0,1,1,1,1,1,1,1,1,1,1
4511,8.22E-02,1.74E-01,2.65E-01,5,4511,Not eroded,0,1,1,1,1,1,0,0,0,0,1
4514,2.14E-01,1.82E-01,2.60E-01,3,4514,Not eroded,0,1,1,1,1,1,1,0,0,1,1
4515,5.62E-02,1.58E-01,2.53E-01,4,4515,Not eroded,0,1,1,1,1,1,0,0,0,1,1
4517,1.90E-01,1.30E-01,2.52E-01,0,4517,Not eroded,0,1,1,1,1,1,1,1,1,1,1
4524,2.09E-01,2.16E-01,2.69E-01,5,4524,Not eroded,0,1,1,1,1,1,0,0,0,0,1
4529,3.24E-01,3.02E-01,2.69E-01,0,4529,ERODED,1,1,1,1,1,1,1,1,1,1,1
4531,2.52E-01,2.50E-01,3.17E-01,0,4531,ERODED,1,1,1,1,1,1,1,1,1,1,1
4533,8.89E-02,7.62E-02,2.55E-01,2,4533,Not eroded,0,1,1,1,1,1,1,0,1,1,1
4537,1.45E-01,2.98E-01,2.41E-01,0,4537,Not eroded,0,1,1,1,1,0,1,1,1,1,1
4538,9.87E-02,1.72E-01,3.14E-01,0,4538,ERODED,1,1,1,1,1,1,1,1,1,1,1
4539,8.74E-02,3.03E-01,3.01E-01,0,4539,ERODED,1,1,1,1,1,1,1,1,1,1,1
4541,8.86E-02,2.53E-01,2.60E-01,3,4541,Not eroded,0,1,1,1,1,1,1,0,0,1,1
4555,2.53E-01,2.18E-01,3.04E-01,3,4555,Not eroded,0,1,1,1,1,1,1,0,0,1,1
4556,1.85E-01,2.25E-01,2.59E-01,4,4556,Not eroded,0,1,1,1,1,1,0,0,0,1,1
4557,1.12E-01,1.11E-01,3.25E-01,0,4557,ERODED,1,1,1,1,1,1,1,1,1,1,1
4558,1.70E-01,7.54E-02,3.25E-01,0,4558,ERODED,1,1,1,1,1,1,1,1,1,1,1
4568,1.20E-01,1.75E-01,3.27E-01,0,4568,ERODED,1,1,1,1,1,1,1,1,1,1,1
4575,3.24E-01,1.96E-01,3.19E-01,0,4575,ERODED,1,1,1,1,1,1,1,1,1,1,1
4578,9.53E-02,2.06E-01,2.89E-01,5,4578,Not eroded,0,1,1,1,1,1,0,0,0,0,1
4581,2.20E-01,3.24E-01,2.52E-01,0,4581,Not eroded,0,1,1,1,1,1,1,1,1,1,1
4589,8.41E-02,3.06E-01,3.18E-01,0,4589,ERODED,1,1,1,1,1,1,1,1,1,1,1
4590,8.56E-02,2.08E-01,2.91E-01,5,4590,Not eroded,0,1,1,1,1,1,0,0,0,0,1
4594,1.54E-01,2.61E-01,3.23E-01,0,4594,ERODED,1,1,1,1,1,1,1,1,1,1,1
4597,1.24E-01,1.17E-01,2.62E-01,3,4597,Not eroded,0,1,1,1,1,1,1,0,0,1,1
4598,2.23E-01,7.22E-02,3.25E-01,0,4598,ERODED,1,1,1,1,1,1,1,1,1,1,1
4601,6.30E-02,6.41E-02,2.91E-01,6,4601,Not eroded,0,1,1,1,1,1,0,0,0,0,0
4602,2.05E-01,3.11E-01,2.87E-01,4,4602,Not eroded,0,1,1,1,1,1,0,0,0,1,1
4603,8.93E-02,2.48E-01,3.18E-01,0,4603,ERODED,1,1,1,1,1,1,1,1,1,1,1
4605,3.05E-01,2.21E-01,3.07E-01,0,4605,ERODED,1,1,1,1,1,1,1,1,1,1,1
4609,1.34E-01,2.82E-01,2.82E-01,0,4609,Not eroded,0,1,1,1,1,1,1,1,1,1,1
4611,3.23E-01,2.51E-01,2.81E-01,2,4611,Not eroded,0,1,1,1,1,1,1,0,1,1,1
4616,1.79E-01,2.19E-01,2.87E-01,4,4616,Not eroded,0,1,1,1,1,1,0,0,0,1,1
4618,7.00E-02,7.81E-02,2.70E-01,6,4618,Not eroded,0,1,1,1,1,1,0,0,0,0,0
4620,2.69E-01,1.60E-01,3.00E-01,0,4620,ERODED,1,1,1,1,1,1,1,1,1,1,1
4621,1.94E-01,3.23E-01,3.02E-01,0,4621,ERODED,1,1,1,1,1,1,1,1,1,1,1
4624,1.97E-01,6.14E-02,2.92E-01,0,4624,ERODED,1,1,1,1,1,1,1,1,1,1,1
4627,3.16E-01,1.71E-01,2.93E-01,0,4627,ERODED,1,1,1,1,1,1,1,1,1,1,1
4628,1.86E-01,2.71E-01,2.91E-01,4,4628,Not eroded,0,1,1,1,1,1,0,0,0,1,1
4635,2.94E-01,2.53E-01,2.67E-01,4,4635,Not eroded,0,1,1,1,1,1,0,0,0,1,1
4637,1.37E-01,1.88E-01,3.26E-01,0,4637,ERODED,1,1,1,1,1,1,1,1,1,1,1
4639,2.70E-01,2.09E-01,3.28E-01,0,4639,ERODED,1,1,1,1,1,1,1,1,1,1,1
4640,1.43E-01,7.97E-02,2.95E-01,0,4640,Not eroded,0,1,1,1,1,1,1,1,1,1,1
4641,2.82E-01,1.80E-01,2.62E-01,4,4641,Not eroded,0,1,1,1,1,1,0,0,0,1,1
4643,1.43E-01,7.41E-02,2.48E-01,4,4643,Not eroded,0,1,1,1,1,0,0,0,0,1,1
4644,2.83E-01,1.34E-01,2.89E-01,0,4644,ERODED,1,1,1,1,1,1,1,1,1,1,1
4651,8.94E-02,3.15E-01,3.17E-01,0,4651,ERODED,1,1,1,1,1,1,1,1,1,1,1
4654,2.28E-01,1.21E-01,3.05E-01,4,4654,Not eroded,0,1,1,1,1,1,0,0,0,1,1
4657,2.71E-01,3.11E-01,2.58E-01,0,4657,Not eroded,0,1,1,1,1,1,1,1,1,1,1
4658,2.55E-01,3.07E-01,2.88E-01,0,4658,ERODED,1,1,1,1,1,1,1,1,1,1,1
4659,6.96E-02,1.35E-01,2.90E-01,4,4659,Not eroded,0,1,1,1,1,1,0,0,0,1,1
4662,3.09E-01,1.15E-01,3.20E-01,0,4662,ERODED,1,1,1,1,1,1,1,1,1,1,1
4665,2.09E-01,1.55E-01,2.76E-01,4,4665,Not eroded,0,1,1,1,1,1,0,0,0,1,1
4667,1.68E-01,1.65E-01,2.86E-01,5,4667,Not eroded,0,1,1,1,1,1,0,0,0,0,1
4679,3.24E-01,2.46E-01,2.48E-01,3,4679,Not eroded,0,1,1,1,1,0,1,0,0,1,1
4683,3.22E-01,1.22E-01,3.32E-01,0,4683,ERODED,1,1,1,1,1,1,1,1,1,1,1
4689,1.01E-01,1.83E-01,2.63E-01,4,4689,Not eroded,0,1,1,1,1,1,0,0,0,1,1
4695,1.66E-01,8.46E-02,2.70E-01,5,4695,Not eroded,0,1,1,1,1,1,0,0,0,0,1
4698,2.15E-01,2.98E-01,3.25E-01,0,4698,ERODED,1,1,1,1,1,1,1,1,1,1,1
4699,2.32E-01,1.24E-01,2.46E-01,4,4699,Not eroded,0,1,1,1,1,0,0,0,0,1,1
4703,1.08E-01,2.54E-01,2.53E-01,0,4703,Not eroded,0,1,1,1,1,1,1,1,1,1,1
4704,3.19E-01,1.47E-01,2.48E-01,4,4704,Not eroded,0,1,1,1,1,0,0,0,0,1,1
4708,1.07E-01,1.11E-01,2.63E-01,0,4708,Not eroded,0,1,1,1,1,1,1,1,1,1,1
4709,1.85E-01,2.23E-01,2.80E-01,6,4709,Not eroded,0,1,1,1,1,1,0,0,0,0,0
4711,2.11E-01,2.36E-01,2.87E-01,0,4711,Not eroded,0,1,1,1,1,1,1,1,1,1,1
4712,8.00E-02,1.82E-01,2.87E-01,4,4712,Not eroded,0,1,1,1,1,1,0,0,0,1,1
4720,1.58E-01,2.65E-01,2.56E-01,4,4720,Not eroded,0,1,1,1,1,1,0,0,0,1,1
4733,3.24E-01,3.24E-01,2.65E-01,0,4733,ERODED,1,1,1,1,1,1,1,1,1,1,1
4743,2.03E-01,3.08E-01,3.03E-01,3,4743,ERODED,1,1,1,1,1,1,1,0,0,1,1
4744,1.51E-01,5.65E-02,3.05E-01,0,4744,ERODED,1,1,1,1,1,1,1,1,1,1,1
4746,2.02E-01,1.27E-01,2.90E-01,2,4746,Not eroded,0,1,1,1,1,1,1,0,1,1,1
4748,6.70E-02,7.39E-02,2.93E-01,3,4748,Not eroded,0,1,1,1,1,1,1,0,0,1,1
4750,1.57E-01,1.24E-01,3.21E-01,0,4750,ERODED,1,1,1,1,1,1,1,1,1,1,1
4755,2.44E-01,3.07E-01,2.91E-01,3,4755,ERODED,1,1,1,1,1,1,1,0,0,1,1
4756,2.47E-01,3.24E-01,2.85E-01,0,4756,Not eroded,0,1,1,1,1,1,1,1,1,1,1
4758,2.56E-01,1.48E-01,3.08E-01,0,4758,ERODED,1,1,1,1,1,1,1,1,1,1,1
4759,2.09E-01,1.28E-01,2.79E-01,4,4759,Not eroded,0,1,1,1,1,1,0,0,0,1,1
4761,3.11E-01,2.68E-01,2.99E-01,0,4761,ERODED,1,1,1,1,1,1,1,1,1,1,1
4765,2.19E-01,1.89E-01,3.26E-01,0,4765,ERODED,1,1,1,1,1,1,1,1,1,1,1
4766,2.01E-01,3.11E-01,3.25E-01,0,4766,ERODED,1,1,1,1,1,1,1,1,1,1,1
4768,2.29E-01,1.14E-01,2.75E-01,3,4768,Not eroded,0,1,1,1,1,1,1,0,0,1,1
4770,2.61E-01,1.42E-01,3.18E-01,0,4770,ERODED,1,1,1,1,1,1,1,1,1,1,1
4771,1.69E-01,1.13E-01,2.56E-01,3,4771,Not eroded,0,1,1,1,1,1,1,0,0,1,1
4779,2.07E-01,8.98E-02,2.65E-01,4,4779,Not eroded,0,1,1,1,1,1,0,0,0,1,1
4783,1.33E-01,3.16E-01,2.60E-01,4,4783,Not eroded,0,1,1,1,1,1,0,0,0,1,1
4787,2.45E-01,2.23E-01,2.94E-01,3,4787,Not eroded,0,1,1,1,1,1,1,0,0,1,1
4789,2.90E-01,1.09E-01,2.62E-01,0,4789,Not eroded,0,1,1,1,1,1,1,1,1,1,1
4790,1.36E-01,1.69E-01,2.89E-01,0,4790,Not eroded,0,1,1,1,1,1,1,1,1,1,1
4791,1.10E-01,1.59E-01,2.49E-01,3,4791,Not eroded,0,1,1,1,1,0,1,0,0,1,1
4795,1.92E-01,1.28E-01,2.92E-01,5,4795,Not eroded,0,1,1,1,1,1,0,0,0,0,1
4798,3.24E-01,1.65E-01,2.78E-01,0,4798,ERODED,1,1,1,1,1,1,1,1,1,1,1
4800,2.46E-01,1.33E-01,2.45E-01,5,4800,Not eroded,0,1,1,1,1,0,0,0,0,0,1
4801,8.03E-02,1.21E-01,3.32E-01,0,4801,ERODED,1,1,1,1,1,1,1,1,1,1,1
4808,2.47E-01,2.86E-01,2.89E-01,0,4808,ERODED,1,1,1,1,1,1,1,1,1,1,1
4811,1.71E-01,3.24E-01,2.48E-01,2,4811,Not eroded,0,1,1,1,1,0,1,0,1,1,1
4823,1.77E-01,1.58E-01,2.56E-01,3,4823,Not eroded,0,1,1,1,1,1,1,0,0,1,1
4827,3.24E-01,1.47E-01,2.97E-01,0,4827,ERODED,1,1,1,1,1,1,1,1,1,1,1
4833,1.38E-01,2.67E-01,2.97E-01,0,4833,ERODED,1,1,1,1,1,1,1,1,1,1,1
4835,1.81E-01,2.10E-01,2.81E-01,0,4835,Not eroded,0,1,1,1,1,1,1,1,1,1,1
4840,6.67E-02,8.73E-02,2.87E-01,5,4840,Not eroded,0,1,1,1,1,1,0,0,0,0,1
4842,1.26E-01,2.96E-01,2.95E-01,2,4842,Not eroded,0,1,1,1,1,1,1,0,1,1,1
4844,3.23E-01,1.65E-01,3.25E-01,0,4844,ERODED,1,1,1,1,1,1,1,1,1,1,1
4845,2.03E-01,2.99E-01,2.75E-01,5,4845,Not eroded,0,1,1,1,1,1,0,0,0,0,1
4849,6.51E-02,2.42E-01,2.87E-01,0,4849,Not eroded,0,1,1,1,1,1,1,1,1,1,1
4852,2.07E-01,8.80E-02,2.91E-01,4,4852,Not eroded,0,1,1,1,1,1,0,0,0,1,1
4853,2.77E-01,6.34E-02,2.59E-01,3,4853,Not eroded,0,1,1,1,1,1,1,0,0,1,1
4854,3.13E-01,1.84E-01,3.20E-01,0,4854,ERODED,1,1,1,1,1,1,1,1,1,1,1
4857,6.94E-02,5.64E-02,2.72E-01,6,4857,Not eroded,0,1,1,1,1,1,0,0,0,0,0
4859,2.27E-01,1.97E-01,2.92E-01,4,4859,Not eroded,0,1,1,1,1,1,0,0,0,1,1
4866,2.30E-01,8.11E-02,3.32E-01,0,4866,ERODED,1,1,1,1,1,1,1,1,1,1,1
4870,1.32E-01,1.37E-01,2.92E-01,4,4870,Not eroded,0,1,1,1,1,1,0,0,0,1,1
4879,1.73E-01,3.15E-01,2.52E-01,3,4879,Not eroded,0,1,1,1,1,1,1,0,0,1,1
4881,1.58E-01,1.56E-01,2.86E-01,3,4881,Not eroded,0,1,1,1,1,1,1,0,0,1,1
4883,6.43E-02,1.43E-01,2.59E-01,5,4883,Not eroded,0,1,1,1,1,1,0,0,0,0,1
4891,2.70E-01,3.15E-01,2.71E-01,0,4891,Not eroded,0,1,1,1,1,1,1,1,1,1,1
4897,2.49E-01,6.59E-02,2.54E-01,4,4897,Not eroded,0,1,1,1,1,1,0,0,0,1,1
4898,2.23E-01,6.29E-02,3.17E-01,0,4898,ERODED,1,1,1,1,1,1,1,1,1,1,1
4901,1.41E-01,2.32E-01,2.75E-01,4,4901,Not eroded,0,1,1,1,1,1,0,0,0,1,1
4904,6.88E-02,5.66E-02,3.07E-01,0,4904,ERODED,1,1,1,1,1,1,1,1,1,1,1
4905,9.42E-02,1.46E-01,2.71E-01,6,4905,Not eroded,0,1,1,1,1,1,0,0,0,0,0
4908,1.57E-01,7.21E-02,3.25E-01,0,4908,ERODED,1,1,1,1,1,1,1,1,1,1,1
4909,2.17E-01,1.96E-01,3.11E-01,0,4909,ERODED,1,1,1,1,1,1,1,1,1,1,1
4910,5.63E-02,3.20E-01,3.29E-01,0,4910,ERODED,1,1,1,1,1,1,1,1,1,1,1
4911,9.49E-02,1.74E-01,2.63E-01,5,4911,Not eroded,0,1,1,1,1,1,0,0,0,0,1
4913,2.02E-01,3.23E-01,3.25E-01,0,4913,ERODED,1,1,1,1,1,1,1,1,1,1,1
4917,1.69E-01,8.70E-02,3.12E-01,0,4917,ERODED,1,1,1,1,1,1,1,1,1,1,1
4922,8.68E-02,1.39E-01,2.70E-01,4,4922,Not eroded,0,1,1,1,1,1,0,0,0,1,1
4927,2.80E-01,1.21E-01,2.48E-01,5,4927,Not eroded,0,1,1,1,1,0,0,0,0,0,1
4930,1.57E-01,3.24E-01,2.57E-01,4,4930,Not eroded,0,1,1,1,1,1,0,0,0,1,1
4935,1.90E-01,2.49E-01,2.47E-01,0,4935,Not eroded,0,1,1,1,1,0,1,1,1,1,1
4941,3.17E-01,7.06E-02,3.36E-01,0,4941,ERODED,1,1,1,1,1,1,1,1,1,1,1
4943,7.89E-02,1.59E-01,2.47E-01,0,4943,Not eroded,0,1,1,1,1,0,1,1,1,1,1
4945,2.44E-01,1.99E-01,2.86E-01,0,4945,Not eroded,0,1,1,1,1,1,1,1,1,1,1
4952,1.14E-01,1.82E-01,3.04E-01,3,4952,Not eroded,0,1,1,1,1,1,1,0,0,1,1
4961,1.53E-01,2.80E-01,2.88E-01,0,4961,Not eroded,0,1,1,1,1,1,1,1,1,1,1
4963,7.66E-02,3.14E-01,3.23E-01,0,4963,ERODED,1,1,1,1,1,1,1,1,1,1,1
4969,2.71E-01,1.04E-01,3.18E-01,0,4969,ERODED,1,1,1,1,1,1,1,1,1,1,1
4973,2.25E-01,5.64E-02,2.47E-01,2,4973,Not eroded,0,1,1,1,1,0,1,0,1,1,1
4974,3.24E-01,2.07E-01,2.66E-01,0,4974,ERODED,1,1,1,1,1,1,1,1,1,1,1
4978,1.78E-01,1.55E-01,3.26E-01,0,4978,ERODED,1,1,1,1,1,1,1,1,1,1,1
4988,3.15E-01,9.91E-02,2.94E-01,0,4988,ERODED,1,1,1,1,1,1,1,1,1,1,1
4991,1.88E-01,2.27E-01,2.88E-01,4,4991,Not eroded,0,1,1,1,1,1,0,0,0,1,1
5000,2.62E-01,1.54E-01,3.02E-01,0,5000,ERODED,1,1,1,1,1,1,1,1,1,1,1
5004,5.86E-02,6.16E-02,3.29E-01,0,5004,ERODED,1,1,1,1,1,1,1,1,1,1,1
5005,2.68E-01,1.66E-01,3.25E-01,0,5005,ERODED,1,1,1,1,1,1,1,1,1,1,1
5006,1.46E-01,7.05E-02,3.20E-01,0,5006,ERODED,1,1,1,1,1,1,1,1,1,1,1
5009,1.73E-01,9.46E-02,2.45E-01,0,5009,Not eroded,0,1,1,1,1,0,1,1,1,1,1
5013,1.23E-01,2.94E-01,3.25E-01,0,5013,ERODED,1,1,1,1,1,1,1,1,1,1,1
5014,1.49E-01,2.45E-01,2.54E-01,0,5014,Not eroded,0,1,1,1,1,1,1,1,1,1,1
5016,3.16E-01,2.70E-01,2.90E-01,0,5016,Not eroded,0,1,1,1,1,1,1,1,1,1,1
5018,1.27E-01,3.24E-01,2.59E-01,3,5018,Not eroded,0,1,1,1,1,1,1,0,0,1,1
5024,1.42E-01,3.16E-01,3.24E-01,0,5024,ERODED,1,1,1,1,1,1,1,1,1,1,1
5025,6.23E-02,1.59E-01,3.23E-01,0,5025,ERODED,1,1,1,1,1,1,1,1,1,1,1
5027,8.80E-02,1.66E-01,2.63E-01,5,5027,Not eroded,0,1,1,1,1,1,0,0,0,0,1
5033,6.40E-02,1.52E-01,2.84E-01,6,5033,Not eroded,0,1,1,1,1,1,0,0,0,0,0
5034,8.01E-02,2.39E-01,3.33E-01,0,5034,ERODED,1,1,1,1,1,1,1,1,1,1,1
5036,1.53E-01,3.24E-01,3.16E-01,0,5036,ERODED,1,1,1,1,1,1,1,1,1,1,1
5041,1.77E-01,2.05E-01,2.48E-01,0,5041,Not eroded,0,1,1,1,1,0,1,1,1,1,1
5043,2.90E-01,2.95E-01,2.67E-01,0,5043,Not eroded,0,1,1,1,1,1,1,1,1,1,1
5045,1.78E-01,1.62E-01,2.98E-01,3,5045,Not eroded,0,1,1,1,1,1,1,0,0,1,1
5047,6.57E-02,5.64E-02,2.55E-01,4,5047,Not eroded,0,1,1,1,1,1,0,0,0,1,1
5050,1.02E-01,9.62E-02,2.79E-01,0,5050,Not eroded,0,1,1,1,1,1,1,1,1,1,1
5053,1.66E-01,2.74E-01,2.66E-01,3,5053,Not eroded,0,1,1,1,1,1,1,0,0,1,1
5059,1.23E-01,2.31E-01,2.81E-01,4,5059,Not eroded,0,1,1,1,1,1,0,0,0,1,1
5066,1.51E-01,1.38E-01,2.70E-01,5,5066,Not eroded,0,1,1,1,1,1,0,0,0,0,1
5067,1.62E-01,9.75E-02,2.60E-01,5,5067,Not eroded,0,1,1,1,1,1,0,0,0,0,1
5068,6.10E-02,2.90E-01,2.58E-01,0,5068,Not eroded,0,1,1,1,1,1,1,1,1,1,1
5073,2.95E-01,3.10E-01,3.18E-01,0,5073,ERODED,1,1,1,1,1,1,1,1,1,1,1
5077,2.51E-01,7.45E-02,2.49E-01,3,5077,Not eroded,0,1,1,1,1,0,1,0,0,1,1
5083,3.09E-01,1.28E-01,2.91E-01,0,5083,Not eroded,0,1,1,1,1,1,1,1,1,1,1
5085,3.18E-01,5.65E-02,2.79E-01,0,5085,ERODED,1,1,1,1,1,1,1,1,1,1,1
5087,1.91E-01,2.68E-01,3.31E-01,0,5087,ERODED,1,1,1,1,1,1,1,1,1,1,1
5094,2.99E-01,1.84E-01,2.57E-01,3,5094,Not eroded,0,1,1,1,1,1,1,0,0,1,1
5097,1.99E-01,2.00E-01,2.83E-01,3,5097,Not eroded,0,1,1,1,1,1,1,0,0,1,1
5098,2.92E-01,1.24E-01,3.23E-01,0,5098,ERODED,1,1,1,1,1,1,1,1,1,1,1
5099,2.15E-01,9.91E-02,3.28E-01,0,5099,ERODED,1,1,1,1,1,1,1,1,1,1,1
5106,3.23E-01,1.23E-01,2.96E-01,0,5106,ERODED,1,1,1,1,1,1,1,1,1,1,1
5109,2.16E-01,2.17E-01,2.99E-01,0,5109,ERODED,1,1,1,1,1,1,1,1,1,1,1
5113,2.18E-01,1.39E-01,2.50E-01,5,5113,Not eroded,0,1,1,1,1,0,0,0,0,0,1
5114,2.18E-01,9.71E-02,3.14E-01,0,5114,ERODED,1,1,1,1,1,1,1,1,1,1,1
5116,1.77E-01,2.62E-01,2.84E-01,4,5116,Not eroded,0,1,1,1,1,1,0,0,0,1,1
5119,3.24E-01,2.92E-01,2.71E-01,0,5119,ERODED,1,1,1,1,1,1,1,1,1,1,1
5124,3.18E-01,1.21E-01,3.07E-01,0,5124,ERODED,1,1,1,1,1,1,1,1,1,1,1
5128,5.62E-02,2.35E-01,2.88E-01,0,5128,Not eroded,0,1,1,1,1,1,1,1,1,1,1
5135,1.40E-01,1.79E-01,2.92E-01,5,5135,Not eroded,0,1,1,1,1,1,0,0,0,0,1
5139,2.16E-01,1.22E-01,2.84E-01,4,5139,Not eroded,0,1,1,1,1,1,0,0,0,1,1
5141,2.23E-01,2.04E-01,2.79E-01,4,5141,Not eroded,0,1,1,1,1,1,0,0,0,1,1
5142,1.64E-01,3.13E-01,2.93E-01,0,5142,ERODED,1,1,1,1,1,1,1,1,1,1,1
5149,3.24E-01,2.01E-01,2.99E-01,0,5149,ERODED,1,1,1,1,1,1,1,1,1,1,1
5151,3.01E-01,2.15E-01,2.84E-01,0,5151,ERODED,1,1,1,1,1,1,1,1,1,1,1
5152,1.62E-01,3.13E-01,3.28E-01,0,5152,ERODED,1,1,1,1,1,1,1,1,1,1,1
5155,2.77E-01,1.71E-01,2.63E-01,5,5155,Not eroded,0,1,1,1,1,1,0,0,0,0,1
5158,2.19E-01,2.15E-01,2.88E-01,6,5158,Not eroded,0,1,1,1,1,1,0,0,0,0,0
5160,2.73E-01,9.24E-02,2.94E-01,3,5160,Not eroded,0,1,1,1,1,1,1,0,0,1,1
5163,5.64E-02,8.08E-02,3.10E-01,0,5163,ERODED,1,1,1,1,1,1,1,1,1,1,1
5164,1.05E-01,2.01E-01,2.65E-01,4,5164,Not eroded,0,1,1,1,1,1,0,0,0,1,1
5170,1.18E-01,5.64E-02,2.84E-01,2,5170,Not eroded,0,1,1,1,1,1,1,0,1,1,1
5174,2.19E-01,1.28E-01,2.77E-01,3,5174,Not eroded,0,1,1,1,1,1,1,0,0,1,1
5176,9.44E-02,2.26E-01,3.11E-01,3,5176,Not eroded,0,1,1,1,1,1,1,0,0,1,1
5177,1.19E-01,3.13E-01,3.18E-01,0,5177,ERODED,1,1,1,1,1,1,1,1,1,1,1
5186,2.41E-01,3.05E-01,2.45E-01,0,5186,Not eroded,0,1,1,1,1,0,1,1,1,1,1
5187,6.25E-02,1.20E-01,2.76E-01,4,5187,Not eroded,0,1,1,1,1,1,0,0,0,1,1
5189,3.24E-01,2.11E-01,3.02E-01,0,5189,ERODED,1,1,1,1,1,1,1,1,1,1,1
5193,3.04E-01,2.89E-01,2.78E-01,0,5193,Not eroded,0,1,1,1,1,1,1,1,1,1,1
5194,1.37E-01,1.44E-01,2.96E-01,3,5194,Not eroded,0,1,1,1,1,1,1,0,0,1,1
5196,3.24E-01,6.93E-02,3.05E-01,0,5196,ERODED,1,1,1,1,1,1,1,1,1,1,1
5202,5.65E-02,8.43E-02,3.20E-01,0,5202,ERODED,1,1,1,1,1,1,1,1,1,1,1
5211,2.49E-01,2.15E-01,3.25E-01,0,5211,ERODED,1,1,1,1,1,1,1,1,1,1,1
5212,5.62E-02,1.12E-01,2.77E-01,3,5212,Not eroded,0,1,1,1,1,1,1,0,0,1,1
5214,1.67E-01,1.12E-01,3.25E-01,0,5214,ERODED,1,1,1,1,1,1,1,1,1,1,1
5228,3.23E-01,6.54E-02,2.75E-01,0,5228,ERODED,1,1,1,1,1,1,1,1,1,1,1
5230,1.68E-01,7.55E-02,2.66E-01,4,5230,Not eroded,0,1,1,1,1,1,0,0,0,1,1
5231,1.99E-01,3.24E-01,2.62E-01,3,5231,Not eroded,0,1,1,1,1,1,1,0,0,1,1
5232,3.24E-01,3.24E-01,3.09E-01,0,5232,ERODED,1,1,1,1,1,1,1,1,1,1,1
5233,1.87E-01,2.76E-01,3.00E-01,3,5233,Not eroded,0,1,1,1,1,1,1,0,0,1,1
5235,2.45E-01,1.35E-01,3.02E-01,0,5235,ERODED,1,1,1,1,1,1,1,1,1,1,1
5236,3.24E-01,2.21E-01,2.86E-01,0,5236,ERODED,1,1,1,1,1,1,1,1,1,1,1
5245,1.58E-01,2.89E-01,2.47E-01,4,5245,Not eroded,0,1,1,1,1,0,0,0,0,1,1
5247,3.07E-01,1.08E-01,2.72E-01,0,5247,ERODED,1,1,1,1,1,1,1,1,1,1,1
5254,1.01E-01,5.64E-02,2.56E-01,3,5254,Not eroded,0,1,1,1,1,1,1,0,0,1,1
5255,1.53E-01,9.90E-02,2.56E-01,5,5255,Not eroded,0,1,1,1,1,1,0,0,0,0,1
5257,2.89E-01,8.11E-02,2.62E-01,4,5257,Not eroded,0,1,1,1,1,1,0,0,0,1,1
5258,1.48E-01,2.55E-01,3.09E-01,0,5258,ERODED,1,1,1,1,1,1,1,1,1,1,1
5262,1.14E-01,1.86E-01,2.61E-01,4,5262,Not eroded,0,1,1,1,1,1,0,0,0,1,1
5263,2.13E-01,2.84E-01,2.78E-01,4,5263,Not eroded,0,1,1,1,1,1,0,0,0,1,1
5270,1.80E-01,1.83E-01,3.20E-01,0,5270,ERODED,1,1,1,1,1,1,1,1,1,1,1
5272,2.15E-01,1.76E-01,2.87E-01,4,5272,Not eroded,0,1,1,1,1,1,0,0,0,1,1
5280,2.92E-01,3.23E-01,2.96E-01,0,5280,Not eroded,0,1,1,1,1,1,1,1,1,1,1
5284,8.56E-02,1.60E-01,2.71E-01,6,5284,Not eroded,0,1,1,1,1,1,0,0,0,0,0
5287,3.24E-01,5.66E-02,2.95E-01,0,5287,ERODED,1,1,1,1,1,1,1,1,1,1,1
5295,1.02E-01,2.49E-01,2.64E-01,4,5295,Not eroded,0,1,1,1,1,1,0,0,0,1,1
5297,2.36E-01,2.82E-01,2.91E-01,0,5297,ERODED,1,1,1,1,1,1,1,1,1,1,1
5298,2.22E-01,1.70E-01,2.83E-01,2,5298,Not eroded,0,1,1,1,1,1,1,0,1,1,1
5299,2.43E-01,1.70E-01,2.70E-01,3,5299,Not eroded,0,1,1,1,1,1,1,0,0,1,1
5302,1.40E-01,2.50E-01,2.55E-01,0,5302,Not eroded,0,1,1,1,1,1,1,1,1,1,1
5305,1.75E-01,3.24E-01,2.83E-01,4,5305,Not eroded,0,1,1,1,1,1,0,0,0,1,1
5307,1.25E-01,1.49E-01,2.42E-01,4,5307,Not eroded,0,1,1,1,1,0,0,0,0,1,1
5310,3.17E-01,3.15E-01,2.77E-01,0,5310,ERODED,1,1,1,1,1,1,1,1,1,1,1
5311,1.39E-01,1.21E-01,2.91E-01,4,5311,Not eroded,0,1,1,1,1,1,0,0,0,1,1
5312,1.50E-01,7.11E-02,2.61E-01,4,5312,Not eroded,0,1,1,1,1,1,0,0,0,1,1
5316,1.99E-01,1.57E-01,3.10E-01,0,5316,ERODED,1,1,1,1,1,1,1,1,1,1,1
5317,1.46E-01,3.19E-01,2.97E-01,0,5317,ERODED,1,1,1,1,1,1,1,1,1,1,1
5319,2.46E-01,1.32E-01,3.11E-01,0,5319,ERODED,1,1,1,1,1,1,1,1,1,1,1
5325,9.24E-02,2.01E-01,2.49E-01,3,5325,Not eroded,0,1,1,1,1,0,1,0,0,1,1
5326,3.16E-01,2.23E-01,2.92E-01,0,5326,ERODED,1,1,1,1,1,1,1,1,1,1,1
5327,1.03E-01,3.13E-01,3.10E-01,0,5327,ERODED,1,1,1,1,1,1,1,1,1,1,1
5330,2.21E-01,1.29E-01,2.88E-01,4,5330,Not eroded,0,1,1,1,1,1,0,0,0,1,1
5331,1.84E-01,1.10E-01,3.03E-01,0,5331,ERODED,1,1,1,1,1,1,1,1,1,1,1
5334,2.93E-01,1.80E-01,2.94E-01,0,5334,ERODED,1,1,1,1,1,1,1,1,1,1,1
5337,1.38E-01,2.25E-01,2.88E-01,4,5337,Not eroded,0,1,1,1,1,1,0,0,0,1,1
5341,2.04E-01,2.91E-01,2.70E-01,0,5341,Not eroded,0,1,1,1,1,1,1,1,1,1,1
5349,2.48E-01,1.39E-01,3.24E-01,0,5349,ERODED,1,1,1,1,1,1,1,1,1,1,1
5353,6.28E-02,3.05E-01,2.96E-01,0,5353,ERODED,1,1,1,1,1,1,1,1,1,1,1
5359,2.46E-01,6.95E-02,3.27E-01,0,5359,ERODED,1,1,1,1,1,1,1,1,1,1,1
5365,2.39E-01,1.28E-01,3.17E-01,2,5365,Not eroded,0,1,1,1,1,1,1,0,1,1,1
5367,2.22E-01,1.30E-01,3.25E-01,0,5367,ERODED,1,1,1,1,1,1,1,1,1,1,1
5374,2.27E-01,9.34E-02,3.19E-01,0,5374,ERODED,1,1,1,1,1,1,1,1,1,1,1
5380,2.59E-01,2.17E-01,2.44E-01,0,5380,Not eroded,0,1,1,1,1,0,1,1,1,1,1
5383,2.52E-01,1.58E-01,3.17E-01,0,5383,ERODED,1,1,1,1,1,1,1,1,1,1,1
5384,1.35E-01,9.69E-02,2.89E-01,3,5384,Not eroded,0,1,1,1,1,1,1,0,0,1,1
5387,1.45E-01,6.98E-02,2.77E-01,4,5387,Not eroded,0,1,1,1,1,1,0,0,0,1,1
5388,6.39E-02,3.14E-01,3.34E-01,0,5388,ERODED,1,1,1,1,1,1,1,1,1,1,1
5392,1.71E-01,2.91E-01,2.80E-01,3,5392,Not eroded,0,1,1,1,1,1,1,0,0,1,1
5397,1.57E-01,8.12E-02,3.12E-01,0,5397,ERODED,1,1,1,1,1,1,1,1,1,1,1
5399,2.03E-01,2.22E-01,2.52E-01,3,5399,Not eroded,0,1,1,1,1,1,1,0,0,1,1
5401,2.08E-01,2.48E-01,2.43E-01,0,5401,Not eroded,0,1,1,1,1,0,1,1,1,1,1
5402,2.16E-01,3.24E-01,3.29E-01,0,5402,ERODED,1,1,1,1,1,1,1,1,1,1,1
5404,1.18E-01,1.19E-01,2.71E-01,0,5404,Not eroded,0,1,1,1,1,1,1,1,1,1,1
5405,1.97E-01,7.94E-02,2.86E-01,0,5405,ERODED,1,1,1,1,1,1,1,1,1,1,1
5407,1.07E-01,1.84E-01,2.78E-01,7,5407,Not eroded,0,1,1,1,1,1,0,0,0,0,0
5414,1.50E-01,2.77E-01,2.70E-01,0,5414,Not eroded,0,1,1,1,1,1,1,1,1,1,1
5422,8.64E-02,2.17E-01,2.59E-01,4,5422,Not eroded,0,1,1,1,1,1,0,0,0,1,1
5423,2.61E-01,2.64E-01,3.10E-01,0,5423,ERODED,1,1,1,1,1,1,1,1,1,1,1
5424,3.16E-01,1.14E-01,2.57E-01,0,5424,ERODED,1,1,1,1,1,1,1,1,1,1,1
5438,5.62E-02,3.15E-01,3.04E-01,0,5438,ERODED,1,1,1,1,1,1,1,1,1,1,1
5440,8.76E-02,1.78E-01,2.93E-01,4,5440,Not eroded,0,1,1,1,1,1,0,0,0,1,1
5441,2.13E-01,3.24E-01,2.59E-01,3,5441,Not eroded,0,1,1,1,1,1,1,0,0,1,1
5442,1.27E-01,1.93E-01,3.13E-01,0,5442,ERODED,1,1,1,1,1,1,1,1,1,1,1
5447,3.00E-01,1.55E-01,2.54E-01,3,5447,Not eroded,0,1,1,1,1,1,1,0,0,1,1
5448,3.24E-01,2.22E-01,3.17E-01,0,5448,ERODED,1,1,1,1,1,1,1,1,1,1,1
5452,1.74E-01,1.04E-01,3.23E-01,0,5452,ERODED,1,1,1,1,1,1,1,1,1,1,1
5454,7.06E-02,1.65E-01,2.46E-01,5,5454,Not eroded,0,1,1,1,1,0,0,0,0,0,1
5455,2.35E-01,6.58E-02,2.98E-01,0,5455,ERODED,1,1,1,1,1,1,1,1,1,1,1
5462,1.37E-01,1.56E-01,2.87E-01,5,5462,Not eroded,0,1,1,1,1,1,0,0,0,0,1
5466,3.23E-01,5.80E-02,3.20E-01,0,5466,ERODED,1,1,1,1,1,1,1,1,1,1,1
5467,5.63E-02,3.05E-01,3.04E-01,0,5467,ERODED,1,1,1,1,1,1,1,1,1,1,1
5476,3.16E-01,1.22E-01,2.88E-01,0,5476,ERODED,1,1,1,1,1,1,1,1,1,1,1
5477,1.76E-01,5.66E-02,3.09E-01,0,5477,ERODED,1,1,1,1,1,1,1,1,1,1,1
5482,2.19E-01,1.71E-01,3.23E-01,0,5482,ERODED,1,1,1,1,1,1,1,1,1,1,1
5485,1.36E-01,3.24E-01,2.98E-01,0,5485,ERODED,1,1,1,1,1,1,1,1,1,1,1
5489,6.58E-02,1.77E-01,2.78E-01,4,5489,Not eroded,0,1,1,1,1,1,0,0,0,1,1
5490,2.56E-01,2.80E-01,2.41E-01,0,5490,Not eroded,0,1,1,1,1,0,1,1,1,1,1
5492,2.78E-01,1.48E-01,3.12E-01,0,5492,ERODED,1,1,1,1,1,1,1,1,1,1,1
5493,1.14E-01,1.89E-01,2.73E-01,4,5493,Not eroded,0,1,1,1,1,1,0,0,0,1,1
5497,5.62E-02,2.52E-01,2.95E-01,0,5497,Not eroded,0,1,1,1,1,1,1,1,1,1,1
5500,1.47E-01,1.53E-01,2.92E-01,4,5500,Not eroded,0,1,1,1,1,1,0,0,0,1,1
5501,2.58E-01,1.70E-01,3.10E-01,0,5501,ERODED,1,1,1,1,1,1,1,1,1,1,1
5504,2.46E-01,1.26E-01,2.97E-01,0,5504,ERODED,1,1,1,1,1,1,1,1,1,1,1
5508,2.75E-01,1.50E-01,2.47E-01,0,5508,Not eroded,0,1,1,1,1,0,1,1,1,1,1
5510,2.81E-01,3.16E-01,2.78E-01,0,5510,Not eroded,0,1,1,1,1,1,1,1,1,1,1
5518,5.63E-02,1.17E-01,2.68E-01,0,5518,Not eroded,0,1,1,1,1,1,1,1,1,1,1
5519,2.81E-01,6.06E-02,2.68E-01,3,5519,Not eroded,0,1,1,1,1,1,1,0,0,1,1
5521,1.51E-01,1.81E-01,2.55E-01,0,5521,Not eroded,0,1,1,1,1,1,1,1,1,1,1
5523,1.64E-01,1.52E-01,2.68E-01,0,5523,Not eroded,0,1,1,1,1,1,1,1,1,1,1
5524,2.12E-01,7.14E-02,3.26E-01,0,5524,ERODED,1,1,1,1,1,1,1,1,1,1,1
5527,5.94E-02,1.31E-01,3.04E-01,3,5527,Not eroded,0,1,1,1,1,1,1,0,0,1,1
5531,2.80E-01,6.42E-02,2.49E-01,0,5531,Not eroded,0,1,1,1,1,0,1,1,1,1,1
5535,1.78E-01,1.72E-01,2.53E-01,5,5535,Not eroded,0,1,1,1,1,1,0,0,0,0,1
5536,8.00E-02,9.88E-02,3.32E-01,0,5536,ERODED,1,1,1,1,1,1,1,1,1,1,1
5540,2.84E-01,1.30E-01,2.49E-01,4,5540,Not eroded,0,1,1,1,1,0,0,0,0,1,1
5541,1.17E-01,1.86E-01,3.25E-01,0,5541,ERODED,1,1,1,1,1,1,1,1,1,1,1
5544,2.79E-01,5.65E-02,2.92E-01,0,5544,ERODED,1,1,1,1,1,1,1,1,1,1,1
5546,9.09E-02,2.56E-01,2.78E-01,5,5546,Not eroded,0,1,1,1,1,1,0,0,0,0,1
5552,1.14E-01,2.16E-01,2.92E-01,0,5552,Not eroded,0,1,1,1,1,1,1,1,1,1,1
5559,2.23E-01,1.20E-01,2.91E-01,5,5559,Not eroded,0,1,1,1,1,1,0,0,0,0,1
5563,6.50E-02,1.69E-01,2.72E-01,7,5563,Not eroded,0,1,1,1,1,1,0,0,0,0,0
5564,2.35E-01,1.73E-01,2.87E-01,0,5564,Not eroded,0,1,1,1,1,1,1,1,1,1,1
5569,2.10E-01,2.27E-01,3.24E-01,0,5569,ERODED,1,1,1,1,1,1,1,1,1,1,1
5574,2.92E-01,2.17E-01,2.81E-01,0,5574,ERODED,1,1,1,1,1,1,1,1,1,1,1
5584,1.96E-01,3.06E-01,2.74E-01,5,5584,Not eroded,0,1,1,1,1,1,0,0,0,0,1
5587,1.39E-01,6.10E-02,3.19E-01,0,5587,ERODED,1,1,1,1,1,1,1,1,1,1,1
5591,6.46E-02,1.36E-01,2.65E-01,8,5591,Not eroded,0,1,1,1,1,1,0,0,0,0,0
5592,6.73E-02,3.01E-01,3.05E-01,0,5592,ERODED,1,1,1,1,1,1,1,1,1,1,1
5593,8.75E-02,2.10E-01,2.49E-01,0,5593,Not eroded,0,1,1,1,1,0,1,1,1,1,1
5597,8.71E-02,2.18E-01,2.85E-01,0,5597,Not eroded,0,1,1,1,1,1,1,1,1,1,1
5600,3.24E-01,2.93E-01,2.61E-01,0,5600,ERODED,1,1,1,1,1,1,1,1,1,1,1
5606,1.30E-01,2.45E-01,2.66E-01,0,5606,Not eroded,0,1,1,1,1,1,1,1,1,1,1
5608,2.34E-01,2.08E-01,2.98E-01,4,5608,Not eroded,0,1,1,1,1,1,0,0,0,1,1
5610,5.63E-02,2.80E-01,2.52E-01,0,5610,Not eroded,0,1,1,1,1,1,1,1,1,1,1
5612,7.77E-02,1.68E-01,2.52E-01,5,5612,Not eroded,0,1,1,1,1,1,0,0,0,0,1
5617,1.73E-01,9.12E-02,3.03E-01,0,5617,Not eroded,0,1,1,1,1,1,1,1,1,1,1
5627,9.12E-02,2.47E-01,2.99E-01,6,5627,Not eroded,0,1,1,1,1,1,0,0,0,0,0
5630,2.07E-01,2.96E-01,2.62E-01,0,5630,Not eroded,0,1,1,1,1,1,1,1,1,1,1
5631,2.09E-01,2.04E-01,3.13E-01,0,5631,ERODED,1,1,1,1,1,1,1,1,1,1,1
5633,9.13E-02,2.03E-01,2.78E-01,3,5633,Not eroded,0,1,1,1,1,1,1,0,0,1,1
5634,1.75E-01,2.27E-01,2.59E-01,6,5634,Not eroded,0,1,1,1,1,1,0,0,0,0,0
5635,6.39E-02,1.63E-01,2.97E-01,3,5635,Not eroded,0,1,1,1,1,1,1,0,0,1,1
5646,2.42E-01,2.71E-01,3.27E-01,0,5646,ERODED,1,1,1,1,1,1,1,1,1,1,1
5649,6.58E-02,2.92E-01,2.99E-01,0,5649,ERODED,1,1,1,1,1,1,1,1,1,1,1
5656,1.30E-01,2.31E-01,2.95E-01,4,5656,Not eroded,0,1,1,1,1,1,0,0,0,1,1
5657,1.46E-01,5.64E-02,2.86E-01,3,5657,Not eroded,0,1,1,1,1,1,1,0,0,1,1
5658,2.18E-01,2.52E-01,2.73E-01,0,5658,Not eroded,0,1,1,1,1,1,1,1,1,1,1
5659,5.63E-02,2.32E-01,2.42E-01,0,5659,Not eroded,0,1,1,1,1,0,1,1,1,1,1
5663,3.23E-01,2.78E-01,3.20E-01,0,5663,ERODED,1,1,1,1,1,1,1,1,1,1,1
5665,7.66E-02,8.20E-02,2.77E-01,4,5665,Not eroded,0,1,1,1,1,1,0,0,0,1,1
5669,2.12E-01,1.04E-01,3.10E-01,0,5669,ERODED,1,1,1,1,1,1,1,1,1,1,1
5671,2.86E-01,1.65E-01,2.46E-01,4,5671,Not eroded,0,1,1,1,1,0,0,0,0,1,1
5672,1.76E-01,1.95E-01,2.93E-01,3,5672,Not eroded,0,1,1,1,1,1,1,0,0,1,1
5673,1.31E-01,1.82E-01,2.41E-01,0,5673,Not eroded,0,1,1,1,1,0,1,1,1,1,1
5677,2.23E-01,1.20E-01,3.25E-01,0,5677,ERODED,1,1,1,1,1,1,1,1,1,1,1
5679,1.82E-01,6.03E-02,3.26E-01,0,5679,ERODED,1,1,1,1,1,1,1,1,1,1,1
5687,2.78E-01,2.13E-01,2.49E-01,0,5687,Not eroded,0,1,1,1,1,0,1,1,1,1,1
5688,3.06E-01,1.60E-01,2.48E-01,4,5688,Not eroded,0,1,1,1,1,0,0,0,0,1,1
5692,1.78E-01,1.15E-01,3.25E-01,0,5692,ERODED,1,1,1,1,1,1,1,1,1,1,1
5694,2.64E-01,2.08E-01,2.44E-01,0,5694,Not eroded,0,1,1,1,1,0,1,1,1,1,1
5698,2.85E-01,9.82E-02,3.21E-01,0,5698,ERODED,1,1,1,1,1,1,1,1,1,1,1
5702,8.30E-02,1.66E-01,2.97E-01,4,5702,Not eroded,0,1,1,1,1,1,0,0,0,1,1
5704,3.05E-01,2.21E-01,2.91E-01,0,5704,ERODED,1,1,1,1,1,1,1,1,1,1,1
5706,2.25E-01,1.65E-01,2.61E-01,3,5706,Not eroded,0,1,1,1,1,1,1,0,0,1,1
5708,2.01E-01,2.84E-01,2.77E-01,4,5708,Not eroded,0,1,1,1,1,1,0,0,0,1,1
5712,3.24E-01,2.26E-01,3.26E-01,0,5712,Not eroded,0,1,1,1,1,1,1,1,1,1,1
5718,1.84E-01,2.08E-01,2.60E-01,3,5718,Not eroded,0,1,1,1,1,1,1,0,0,1,1
5721,3.00E-01,2.80E-01,2.82E-01,0,5721,Not eroded,0,1,1,1,1,1,1,1,1,1,1
5722,2.02E-01,6.57E-02,3.33E-01,0,5722,ERODED,1,1,1,1,1,1,1,1,1,1,1
5726,6.23E-02,7.82E-02,3.26E-01,0,5726,ERODED,1,1,1,1,1,1,1,1,1,1,1
5730,3.00E-01,1.58E-01,2.91E-01,0,5730,ERODED,1,1,1,1,1,1,1,1,1,1,1
5731,2.36E-01,3.00E-01,2.52E-01,0,5731,Not eroded,0,1,1,1,1,1,1,1,1,1,1
5736,1.99E-01,1.92E-01,2.69E-01,4,5736,Not eroded,0,1,1,1,1,1,0,0,0,1,1
5741,1.91E-01,5.68E-02,3.23E-01,0,5741,ERODED,1,1,1,1,1,1,1,1,1,1,1
5743,3.24E-01,2.39E-01,2.96E-01,0,5743,ERODED,1,1,1,1,1,1,1,1,1,1,1
5746,2.22E-01,1.89E-01,2.95E-01,6,5746,Not eroded,0,1,1,1,1,1,0,0,0,0,0
5749,2.87E-01,2.84E-01,2.54E-01,0,5749,Not eroded,0,1,1,1,1,1,1,1,1,1,1
5750,2.18E-01,2.82E-01,2.86E-01,3,5750,ERODED,1,1,1,1,1,1,1,0,0,1,1
5751,2.04E-01,1.16E-01,2.93E-01,5,5751,Not eroded,0,1,1,1,1,1,0,0,0,0,1
5754,2.80E-01,8.79E-02,2.99E-01,3,5754,Not eroded,0,1,1,1,1,1,1,0,0,1,1
5757,3.24E-01,2.59E-01,2.76E-01,3,5757,Not eroded,0,1,1,1,1,1,1,0,0,1,1
5759,2.93E-01,1.38E-01,2.88E-01,0,5759,ERODED,1,1,1,1,1,1,1,1,1,1,1
5761,6.68E-02,2.91E-01,3.17E-01,0,5761,ERODED,1,1,1,1,1,1,1,1,1,1,1
5764,2.84E-01,5.69E-02,3.00E-01,0,5764,ERODED,1,1,1,1,1,1,1,1,1,1,1
5769,1.36E-01,2.00E-01,2.59E-01,0,5769,Not eroded,0,1,1,1,1,1,1,1,1,1,1
5778,1.08E-01,3.23E-01,3.06E-01,0,5778,ERODED,1,1,1,1,1,1,1,1,1,1,1
5779,1.90E-01,1.77E-01,2.60E-01,5,5779,Not eroded,0,1,1,1,1,1,0,0,0,0,1
5781,2.24E-01,3.23E-01,2.94E-01,0,5781,Not eroded,0,1,1,1,1,1,1,1,1,1,1
5782,3.24E-01,1.03E-01,2.66E-01,0,5782,ERODED,1,1,1,1,1,1,1,1,1,1,1
5789,8.86E-02,2.40E-01,3.06E-01,3,5789,Not eroded,0,1,1,1,1,1,1,0,0,1,1
5792,2.14E-01,3.24E-01,2.98E-01,0,5792,ERODED,1,1,1,1,1,1,1,1,1,1,1
5794,2.35E-01,5.71E-02,3.31E-01,0,5794,ERODED,1,1,1,1,1,1,1,1,1,1,1
5799,2.74E-01,1.83E-01,3.25E-01,0,5799,ERODED,1,1,1,1,1,1,1,1,1,1,1
5802,1.02E-01,2.25E-01,3.25E-01,0,5802,ERODED,1,1,1,1,1,1,1,1,1,1,1
5803,1.74E-01,6.45E-02,2.65E-01,3,5803,Not eroded,0,1,1,1,1,1,1,0,0,1,1
5811,2.96E-01,1.73E-01,3.25E-01,0,5811,ERODED,1,1,1,1,1,1,1,1,1,1,1
5813,9.75E-02,1.82E-01,2.76E-01,5,5813,Not eroded,0,1,1,1,1,1,0,0,0,0,1
5817,3.15E-01,1.39E-01,2.44E-01,5,5817,Not eroded,0,1,1,1,1,0,0,0,0,0,1
5822,1.76E-01,1.14E-01,3.00E-01,0,5822,ERODED,1,1,1,1,1,1,1,1,1,1,1
5823,3.09E-01,2.26E-01,2.99E-01,0,5823,ERODED,1,1,1,1,1,1,1,1,1,1,1
5825,1.02E-01,1.16E-01,2.71E-01,0,5825,Not eroded,0,1,1,1,1,1,1,1,1,1,1
5831,1.00E-01,1.66E-01,3.24E-01,0,5831,ERODED,1,1,1,1,1,1,1,1,1,1,1
5833,3.15E-01,1.12E-01,2.76E-01,0,5833,ERODED,1,1,1,1,1,1,1,1,1,1,1
5851,2.99E-01,2.87E-01,2.41E-01,0,5851,Not eroded,0,1,1,1,1,0,1,1,1,1,1
5852,1.33E-01,6.62E-02,2.48E-01,3,5852,Not eroded,0,1,1,1,1,0,1,0,0,1,1
5854,1.57E-01,5.81E-02,3.29E-01,0,5854,ERODED,1,1,1,1,1,1,1,1,1,1,1
5860,5.62E-02,1.80E-01,2.77E-01,4,5860,Not eroded,0,1,1,1,1,1,0,0,0,1,1
5865,7.78E-02,1.65E-01,2.75E-01,5,5865,Not eroded,0,1,1,1,1,1,0,0,0,0,1
5877,8.88E-02,1.52E-01,2.76E-01,5,5877,Not eroded,0,1,1,1,1,1,0,0,0,0,1
5881,3.21E-01,2.04E-01,3.09E-01,0,5881,ERODED,1,1,1,1,1,1,1,1,1,1,1
5883,1.85E-01,1.55E-01,3.18E-01,0,5883,ERODED,1,1,1,1,1,1,1,1,1,1,1
5885,9.57E-02,2.24E-01,3.02E-01,4,5885,Not eroded,0,1,1,1,1,1,0,0,0,1,1
5893,8.65E-02,1.07E-01,3.17E-01,0,5893,ERODED,1,1,1,1,1,1,1,1,1,1,1
5895,7.42E-02,7.22E-02,2.77E-01,4,5895,Not eroded,0,1,1,1,1,1,0,0,0,1,1
5896,2.85E-01,3.15E-01,2.51E-01,0,5896,ERODED,1,1,1,1,1,1,1,1,1,1,1
5897,5.79E-02,8.58E-02,2.71E-01,4,5897,Not eroded,0,1,1,1,1,1,0,0,0,1,1
5899,1.66E-01,1.42E-01,2.60E-01,4,5899,Not eroded,0,1,1,1,1,1,0,0,0,1,1
5900,5.63E-02,2.43E-01,2.82E-01,0,5900,Not eroded,0,1,1,1,1,1,1,1,1,1,1
5903,3.24E-01,2.64E-01,2.42E-01,3,5903,Not eroded,0,1,1,1,1,0,1,0,0,1,1
5905,2.89E-01,3.24E-01,2.45E-01,0,5905,ERODED,1,1,1,1,1,0,1,1,1,1,1
5913,2.06E-01,2.27E-01,2.85E-01,0,5913,Not eroded,0,1,1,1,1,1,1,1,1,1,1
5917,2.74E-01,1.28E-01,2.87E-01,0,5917,ERODED,1,1,1,1,1,1,1,1,1,1,1
5918,9.27E-02,2.34E-01,2.99E-01,5,5918,Not eroded,0,1,1,1,1,1,0,0,0,0,1
5919,2.64E-01,1.37E-01,2.42E-01,4,5919,Not eroded,0,1,1,1,1,0,0,0,0,1,1
5921,1.92E-01,8.35E-02,2.73E-01,4,5921,Not eroded,0,1,1,1,1,1,0,0,0,1,1
5923,2.37E-01,1.28E-01,3.06E-01,0,5923,Not eroded,0,1,1,1,1,1,1,1,1,1,1
5928,1.09E-01,1.57E-01,3.25E-01,0,5928,ERODED,1,1,1,1,1,1,1,1,1,1,1
5929,2.56E-01,3.07E-01,3.25E-01,0,5929,ERODED,1,1,1,1,1,1,1,1,1,1,1
5931,1.89E-01,1.48E-01,3.25E-01,0,5931,Not eroded,0,1,1,1,1,1,1,1,1,1,1
5933,5.62E-02,6.75E-02,2.78E-01,2,5933,Not eroded,0,1,1,1,1,1,1,0,1,1,1
5934,2.68E-01,6.38E-02,2.53E-01,6,5934,Not eroded,0,1,1,1,1,1,0,0,0,0,0
5935,5.62E-02,2.08E-01,2.80E-01,0,5935,Not eroded,0,1,1,1,1,1,1,1,1,1,1
5940,1.53E-01,1.48E-01,2.85E-01,0,5940,Not eroded,0,1,1,1,1,1,1,1,1,1,1
5942,2.58E-01,2.74E-01,3.08E-01,0,5942,ERODED,1,1,1,1,1,1,1,1,1,1,1
5950,2.47E-01,1.79E-01,2.88E-01,0,5950,Not eroded,0,1,1,1,1,1,1,1,1,1,1
5952,1.97E-01,1.19E-01,2.87E-01,5,5952,Not eroded,0,1,1,1,1,1,0,0,0,0,1
5954,2.05E-01,1.76E-01,2.72E-01,4,5954,Not eroded,0,1,1,1,1,1,0,0,0,1,1
5959,1.33E-01,3.10E-01,2.92E-01,0,5959,ERODED,1,1,1,1,1,1,1,1,1,1,1
5964,2.42E-01,1.24E-01,2.43E-01,7,5964,Not eroded,0,1,1,1,1,0,0,0,0,0,0
5972,1.64E-01,1.21E-01,2.88E-01,0,5972,Not eroded,0,1,1,1,1,1,1,1,1,1,1
5980,7.36E-02,1.34E-01,2.81E-01,4,5980,Not eroded,0,1,1,1,1,1,0,0,0,1,1
5984,2.23E-01,2.60E-01,2.82E-01,0,5984,Not eroded,0,1,1,1,1,1,1,1,1,1,1
5986,8.02E-02,2.89E-01,3.27E-01,0,5986,ERODED,1,1,1,1,1,1,1,1,1,1,1
5987,2.07E-01,3.24E-01,2.67E-01,4,5987,Not eroded,0,1,1,1,1,1,0,0,0,1,1
5990,3.14E-01,1.63E-01,3.01E-01,0,5990,ERODED,1,1,1,1,1,1,1,1,1,1,1
5991,1.05E-01,1.63E-01,2.72E-01,5,5991,Not eroded,0,1,1,1,1,1,0,0,0,0,1
5992,1.85E-01,2.26E-01,2.49E-01,5,5992,Not eroded,0,1,1,1,1,0,0,0,0,0,1
5994,3.13E-01,2.17E-01,3.25E-01,0,5994,ERODED,1,1,1,1,1,1,1,1,1,1,1
5997,2.14E-01,6.83E-02,3.16E-01,0,5997,ERODED,1,1,1,1,1,1,1,1,1,1,1
6001,2.22E-01,1.12E-01,2.82E-01,4,6001,Not eroded,0,1,1,1,1,1,0,0,0,1,1
6004,2.98E-01,1.66E-01,3.04E-01,0,6004,ERODED,1,1,1,1,1,1,1,1,1,1,1
6006,1.41E-01,2.50E-01,3.14E-01,0,6006,ERODED,1,1,1,1,1,1,1,1,1,1,1
6018,2.72E-01,1.03E-01,2.59E-01,6,6018,Not eroded,0,1,1,1,1,1,0,0,0,0,0
6023,1.64E-01,3.23E-01,3.03E-01,0,6023,ERODED,1,1,1,1,1,1,1,1,1,1,1
6029,1.33E-01,1.13E-01,2.71E-01,0,6029,Not eroded,0,1,1,1,1,1,1,1,1,1,1
6037,2.82E-01,9.11E-02,2.51E-01,0,6037,Not eroded,0,1,1,1,1,1,1,1,1,1,1
6039,2.50E-01,2.36E-01,2.84E-01,3,6039,Not eroded,0,1,1,1,1,1,1,0,0,1,1
6040,3.24E-01,6.90E-02,2.47E-01,0,6040,Not eroded,0,1,1,1,1,0,1,1,1,1,1
6041,2.81E-01,2.76E-01,2.58E-01,0,6041,Not eroded,0,1,1,1,1,1,1,1,1,1,1
6044,2.72E-01,1.27E-01,2.55E-01,4,6044,Not eroded,0,1,1,1,1,1,0,0,0,1,1
6053,9.75E-02,6.10E-02,2.98E-01,4,6053,Not eroded,0,1,1,1,1,1,0,0,0,1,1
6056,1.47E-01,8.03E-02,3.04E-01,2,6056,Not eroded,0,1,1,1,1,1,1,0,1,1,1
6057,5.62E-02,1.52E-01,2.46E-01,5,6057,Not eroded,0,1,1,1,1,0,0,0,0,0,1
6060,6.46E-02,2.07E-01,2.85E-01,0,6060,Not eroded,0,1,1,1,1,1,1,1,1,1,1
6064,2.55E-01,1.29E-01,3.16E-01,0,6064,ERODED,1,1,1,1,1,1,1,1,1,1,1
6065,2.32E-01,5.64E-02,2.54E-01,5,6065,Not eroded,0,1,1,1,1,1,0,0,0,0,1
6066,1.51E-01,1.46E-01,2.55E-01,3,6066,Not eroded,0,1,1,1,1,1,1,0,0,1,1
6070,2.72E-01,1.70E-01,3.12E-01,0,6070,ERODED,1,1,1,1,1,1,1,1,1,1,1
6075,2.61E-01,3.15E-01,2.75E-01,0,6075,Not eroded,0,1,1,1,1,1,1,1,1,1,1
6084,1.36E-01,2.40E-01,2.59E-01,0,6084,Not eroded,0,1,1,1,1,1,1,1,1,1,1
6085,9.44E-02,2.43E-01,2.64E-01,3,6085,Not eroded,0,1,1,1,1,1,1,0,0,1,1
6090,3.24E-01,1.98E-01,2.60E-01,4,6090,Not eroded,0,1,1,1,1,1,0,0,0,1,1
6092,1.05E-01,1.75E-01,2.76E-01,3,6092,Not eroded,0,1,1,1,1,1,1,0,0,1,1
6094,3.05E-01,2.43E-01,2.92E-01,2,6094,Not eroded,0,1,1,1,1,1,1,0,1,1,1
6095,3.24E-01,1.64E-01,2.67E-01,0,6095,Not eroded,0,1,1,1,1,1,1,1,1,1,1
6096,6.17E-02,8.97E-02,3.13E-01,0,6096,ERODED,1,1,1,1,1,1,1,1,1,1,1
6098,1.20E-01,5.64E-02,2.64E-01,2,6098,Not eroded,0,1,1,1,1,1,1,0,1,1,1
6105,1.23E-01,1.80E-01,3.11E-01,0,6105,ERODED,1,1,1,1,1,1,1,1,1,1,1
6116,2.83E-01,1.94E-01,2.64E-01,0,6116,Not eroded,0,1,1,1,1,1,1,1,1,1,1
6117,9.48E-02,2.26E-01,2.71E-01,2,6117,Not eroded,0,1,1,1,1,1,1,0,1,1,1
6120,2.02E-01,2.53E-01,3.17E-01,0,6120,ERODED,1,1,1,1,1,1,1,1,1,1,1
6130,1.52E-01,3.21E-01,2.46E-01,0,6130,Not eroded,0,1,1,1,1,0,1,1,1,1,1
6132,8.28E-02,1.70E-01,2.82E-01,6,6132,Not eroded,0,1,1,1,1,1,0,0,0,0,0
6133,2.20E-01,1.82E-01,2.50E-01,4,6133,Not eroded,0,1,1,1,1,0,0,0,0,1,1
6136,2.35E-01,2.79E-01,3.15E-01,0,6136,ERODED,1,1,1,1,1,1,1,1,1,1,1
6138,2.13E-01,1.48E-01,2.93E-01,6,6138,Not eroded,0,1,1,1,1,1,0,0,0,0,0
6139,2.24E-01,1.95E-01,2.83E-01,0,6139,Not eroded,0,1,1,1,1,1,1,1,1,1,1
6140,1.61E-01,2.96E-01,2.53E-01,0,6140,Not eroded,0,1,1,1,1,1,1,1,1,1,1
6141,7.91E-02,5.64E-02,2.74E-01,5,6141,Not eroded,0,1,1,1,1,1,0,0,0,0,1
6142,1.11E-01,1.39E-01,2.78E-01,3,6142,Not eroded,0,1,1,1,1,1,1,0,0,1,1
6143,5.75E-02,1.70E-01,2.79E-01,5,6143,Not eroded,0,1,1,1,1,1,0,0,0,0,1
6144,7.04E-02,1.64E-01,3.26E-01,0,6144,ERODED,1,1,1,1,1,1,1,1,1,1,1
6148,1.89E-01,2.85E-01,2.99E-01,4,6148,Not eroded,0,1,1,1,1,1,0,0,0,1,1
6160,1.13E-01,3.09E-01,3.09E-01,0,6160,ERODED,1,1,1,1,1,1,1,1,1,1,1
6162,2.00E-01,7.13E-02,2.92E-01,0,6162,ERODED,1,1,1,1,1,1,1,1,1,1,1
6171,1.52E-01,2.50E-01,3.18E-01,0,6171,ERODED,1,1,1,1,1,1,1,1,1,1,1
6173,2.68E-01,7.47E-02,2.46E-01,4,6173,Not eroded,0,1,1,1,1,0,0,0,0,1,1
6175,2.24E-01,1.67E-01,2.93E-01,0,6175,Not eroded,0,1,1,1,1,1,1,1,1,1,1
6178,1.33E-01,3.23E-01,3.33E-01,0,6178,ERODED,1,1,1,1,1,1,1,1,1,1,1
6181,2.08E-01,2.04E-01,2.77E-01,0,6181,Not eroded,0,1,1,1,1,1,1,1,1,1,1
6184,1.07E-01,1.79E-01,3.11E-01,0,6184,ERODED,1,1,1,1,1,1,1,1,1,1,1
6185,2.94E-01,6.47E-02,3.16E-01,0,6185,ERODED,1,1,1,1,1,1,1,1,1,1,1
6186,1.36E-01,2.01E-01,2.48E-01,4,6186,Not eroded,0,1,1,1,1,0,0,0,0,1,1
6188,2.42E-01,6.98E-02,2.47E-01,3,6188,Not eroded,0,1,1,1,1,0,1,0,0,1,1
6191,2.22E-01,1.37E-01,2.59E-01,4,6191,Not eroded,0,1,1,1,1,1,0,0,0,1,1
6198,2.32E-01,8.95E-02,2.63E-01,0,6198,Not eroded,0,1,1,1,1,1,1,1,1,1,1
6202,1.73E-01,2.81E-01,2.78E-01,0,6202,Not eroded,0,1,1,1,1,1,1,1,1,1,1
6204,2.98E-01,1.68E-01,2.81E-01,0,6204,ERODED,1,1,1,1,1,1,1,1,1,1,1
6208,5.62E-02,1.31E-01,2.74E-01,0,6208,Not eroded,0,1,1,1,1,1,1,1,1,1,1
6209,2.29E-01,1.26E-01,3.19E-01,0,6209,ERODED,1,1,1,1,1,1,1,1,1,1,1
6212,1.72E-01,2.14E-01,2.69E-01,4,6212,Not eroded,0,1,1,1,1,1,0,0,0,1,1
6216,2.68E-01,2.86E-01,3.02E-01,0,6216,ERODED,1,1,1,1,1,1,1,1,1,1,1
6217,2.14E-01,2.91E-01,2.87E-01,3,6217,Not eroded,0,1,1,1,1,1,1,0,0,1,1
6219,3.24E-01,2.43E-01,2.88E-01,3,6219,Not eroded,0,1,1,1,1,1,1,0,0,1,1
6220,1.15E-01,9.03E-02,2.90E-01,0,6220,Not eroded,0,1,1,1,1,1,1,1,1,1,1
6221,1.65E-01,2.75E-01,2.76E-01,4,6221,Not eroded,0,1,1,1,1,1,0,0,0,1,1
6222,3.24E-01,5.90E-02,3.07E-01,0,6222,ERODED,1,1,1,1,1,1,1,1,1,1,1
6223,1.13E-01,2.53E-01,2.62E-01,2,6223,Not eroded,0,1,1,1,1,1,1,0,1,1,1
6225,6.98E-02,5.69E-02,2.88E-01,5,6225,Not eroded,0,1,1,1,1,1,0,0,0,0,1
6226,5.84E-02,3.06E-01,3.22E-01,0,6226,ERODED,1,1,1,1,1,1,1,1,1,1,1
6232,2.81E-01,1.07E-01,2.58E-01,5,6232,Not eroded,0,1,1,1,1,1,0,0,0,0,1
6234,3.02E-01,5.65E-02,2.52E-01,0,6234,Not eroded,0,1,1,1,1,1,1,1,1,1,1
6237,1.15E-01,5.63E-02,2.93E-01,4,6237,Not eroded,0,1,1,1,1,1,0,0,0,1,1
6238,2.07E-01,9.96E-02,2.79E-01,4,6238,Not eroded,0,1,1,1,1,1,0,0,0,1,1
6251,2.74E-01,3.23E-01,2.77E-01,0,6251,Not eroded,0,1,1,1,1,1,1,1,1,1,1
6254,2.97E-01,1.73E-01,2.67E-01,5,6254,Not eroded,0,1,1,1,1,1,0,0,0,0,1
6263,9.41E-02,2.18E-01,2.65E-01,6,6263,Not eroded,0,1,1,1,1,1,0,0,0,0,0
6267,1.45E-01,1.40E-01,2.80E-01,5,6267,Not eroded,0,1,1,1,1,1,0,0,0,0,1
6270,1.16E-01,1.82E-01,2.80E-01,4,6270,Not eroded,0,1,1,1,1,1,0,0,0,1,1
6272,2.64E-01,2.02E-01,3.15E-01,0,6272,ERODED,1,1,1,1,1,1,1,1,1,1,1
6273,6.52E-02,3.24E-01,2.91E-01,0,6273,ERODED,1,1,1,1,1,1,1,1,1,1,1
6274,2.89E-01,2.02E-01,2.88E-01,0,6274,Not eroded,0,1,1,1,1,1,1,1,1,1,1
6275,8.03E-02,5.69E-02,2.84E-01,3,6275,Not eroded,0,1,1,1,1,1,1,0,0,1,1
6281,9.78E-02,1.58E-01,2.43E-01,0,6281,Not eroded,0,1,1,1,1,0,1,1,1,1,1
6282,7.37E-02,1.72E-01,2.60E-01,6,6282,Not eroded,0,1,1,1,1,1,0,0,0,0,0
6283,9.34E-02,5.64E-02,2.50E-01,4,6283,Not eroded,0,1,1,1,1,0,0,0,0,1,1
6284,2.45E-01,8.22E-02,3.03E-01,2,6284,ERODED,1,1,1,1,1,1,1,0,1,1,1
6292,1.52E-01,2.64E-01,3.13E-01,0,6292,ERODED,1,1,1,1,1,1,1,1,1,1,1
6295,2.96E-01,3.24E-01,3.05E-01,0,6295,ERODED,1,1,1,1,1,1,1,1,1,1,1
6299,2.68E-01,1.19E-01,3.06E-01,0,6299,ERODED,1,1,1,1,1,1,1,1,1,1,1
6300,3.24E-01,2.20E-01,2.97E-01,0,6300,ERODED,1,1,1,1,1,1,1,1,1,1,1
6320,7.31E-02,1.37E-01,2.60E-01,4,6320,Not eroded,0,1,1,1,1,1,0,0,0,1,1
6321,1.87E-01,1.87E-01,3.25E-01,0,6321,ERODED,1,1,1,1,1,1,1,1,1,1,1
6324,9.44E-02,2.63E-01,3.07E-01,0,6324,ERODED,1,1,1,1,1,1,1,1,1,1,1
6325,1.31E-01,2.45E-01,2.46E-01,0,6325,Not eroded,0,1,1,1,1,0,1,1,1,1,1
6327,1.05E-01,1.03E-01,2.71E-01,0,6327,Not eroded,0,1,1,1,1,1,1,1,1,1,1
6328,3.01E-01,2.15E-01,2.98E-01,0,6328,ERODED,1,1,1,1,1,1,1,1,1,1,1
6329,1.88E-01,2.93E-01,2.63E-01,3,6329,Not eroded,0,1,1,1,1,1,1,0,0,1,1
6331,1.87E-01,1.22E-01,2.61E-01,5,6331,Not eroded,0,1,1,1,1,1,0,0,0,0,1
6336,6.37E-02,1.27E-01,2.69E-01,4,6336,Not eroded,0,1,1,1,1,1,0,0,0,1,1
6343,2.87E-01,9.89E-02,2.46E-01,4,6343,Not eroded,0,1,1,1,1,0,0,0,0,1,1
6346,1.91E-01,2.03E-01,2.67E-01,4,6346,Not eroded,0,1,1,1,1,1,0,0,0,1,1
6349,6.98E-02,1.55E-01,2.55E-01,5,6349,Not eroded,0,1,1,1,1,1,0,0,0,0,1
6355,1.79E-01,2.81E-01,2.96E-01,0,6355,Not eroded,0,1,1,1,1,1,1,1,1,1,1
6357,2.78E-01,2.88E-01,2.95E-01,3,6357,Not eroded,0,1,1,1,1,1,1,0,0,1,1
6358,8.92E-02,1.94E-01,3.34E-01,0,6358,ERODED,1,1,1,1,1,1,1,1,1,1,1
6359,3.07E-01,1.59E-01,2.82E-01,0,6359,Not eroded,0,1,1,1,1,1,1,1,1,1,1
6363,5.62E-02,8.15E-02,2.95E-01,3,6363,Not eroded,0,1,1,1,1,1,1,0,0,1,1
6376,1.50E-01,9.34E-02,2.83E-01,3,6376,Not eroded,0,1,1,1,1,1,1,0,0,1,1
6378,3.15E-01,8.69E-02,2.75E-01,0,6378,ERODED,1,1,1,1,1,1,1,1,1,1,1
6383,1.48E-01,3.24E-01,3.25E-01,0,6383,ERODED,1,1,1,1,1,1,1,1,1,1,1
6384,1.74E-01,5.65E-02,3.21E-01,0,6384,ERODED,1,1,1,1,1,1,1,1,1,1,1
6394,2.37E-01,1.31E-01,2.96E-01,0,6394,ERODED,1,1,1,1,1,1,1,1,1,1,1
6397,2.70E-01,1.36E-01,3.04E-01,0,6397,ERODED,1,1,1,1,1,1,1,1,1,1,1
6399,3.15E-01,1.59E-01,2.75E-01,0,6399,ERODED,1,1,1,1,1,1,1,1,1,1,1
6400,1.53E-01,1.71E-01,2.73E-01,0,6400,Not eroded,0,1,1,1,1,1,1,1,1,1,1
6402,1.65E-01,8.75E-02,2.60E-01,4,6402,Not eroded,0,1,1,1,1,1,0,0,0,1,1
6403,2.54E-01,1.34E-01,2.82E-01,0,6403,ERODED,1,1,1,1,1,1,1,1,1,1,1
6404,5.62E-02,1.35E-01,2.83E-01,3,6404,Not eroded,0,1,1,1,1,1,1,0,0,1,1
6407,1.21E-01,2.64E-01,3.01E-01,0,6407,ERODED,1,1,1,1,1,1,1,1,1,1,1
6408,1.43E-01,3.24E-01,3.17E-01,0,6408,ERODED,1,1,1,1,1,1,1,1,1,1,1
6410,1.82E-01,5.65E-02,2.78E-01,0,6410,ERODED,1,1,1,1,1,1,1,1,1,1,1
6413,2.54E-01,2.07E-01,3.25E-01,0,6413,ERODED,1,1,1,1,1,1,1,1,1,1,1
6418,8.97E-02,1.06E-01,2.83E-01,0,6418,Not eroded,0,1,1,1,1,1,1,1,1,1,1
6426,1.90E-01,3.22E-01,3.25E-01,0,6426,ERODED,1,1,1,1,1,1,1,1,1,1,1
6430,2.52E-01,3.24E-01,3.05E-01,3,6430,Not eroded,0,1,1,1,1,1,1,0,0,1,1
6431,1.21E-01,1.79E-01,2.88E-01,0,6431,Not eroded,0,1,1,1,1,1,1,1,1,1,1
6439,2.43E-01,1.12E-01,2.88E-01,3,6439,Not eroded,0,1,1,1,1,1,1,0,0,1,1
6440,1.26E-01,2.38E-01,2.89E-01,0,6440,Not eroded,0,1,1,1,1,1,1,1,1,1,1
6442,1.48E-01,1.61E-01,2.51E-01,5,6442,Not eroded,0,1,1,1,1,1,0,0,0,0,1
6443,3.15E-01,2.15E-01,2.86E-01,0,6443,ERODED,1,1,1,1,1,1,1,1,1,1,1
6445,1.61E-01,1.04E-01,2.44E-01,6,6445,Not eroded,0,1,1,1,1,0,0,0,0,0,0
6448,2.26E-01,2.07E-01,3.19E-01,0,6448,ERODED,1,1,1,1,1,1,1,1,1,1,1
6449,2.27E-01,6.50E-02,3.03E-01,0,6449,ERODED,1,1,1,1,1,1,1,1,1,1,1
6453,2.58E-01,2.37E-01,2.92E-01,0,6453,Not eroded,0,1,1,1,1,1,1,1,1,1,1
6456,2.91E-01,1.16E-01,2.54E-01,0,6456,Not eroded,0,1,1,1,1,1,1,1,1,1,1
6462,1.26E-01,1.86E-01,2.50E-01,0,6462,Not eroded,0,1,1,1,1,0,1,1,1,1,1
6474,2.91E-01,2.17E-01,2.93E-01,0,6474,Not eroded,0,1,1,1,1,1,1,1,1,1,1
6487,7.30E-02,1.50E-01,2.46E-01,6,6487,Not eroded,0,1,1,1,1,0,0,0,0,0,0
6493,8.84E-02,1.80E-01,2.71E-01,3,6493,Not eroded,0,1,1,1,1,1,1,0,0,1,1
6495,1.83E-01,6.35E-02,2.62E-01,5,6495,Not eroded,0,1,1,1,1,1,0,0,0,0,1
6501,1.42E-01,1.59E-01,3.09E-01,0,6501,ERODED,1,1,1,1,1,1,1,1,1,1,1
6502,2.60E-01,5.64E-02,2.43E-01,2,6502,Not eroded,0,1,1,1,1,0,1,0,1,1,1
6506,8.13E-02,2.92E-01,3.00E-01,0,6506,ERODED,1,1,1,1,1,1,1,1,1,1,1
6510,3.15E-01,1.60E-01,2.44E-01,3,6510,Not eroded,0,1,1,1,1,0,1,0,0,1,1
6511,1.14E-01,2.67E-01,3.24E-01,0,6511,ERODED,1,1,1,1,1,1,1,1,1,1,1
6512,2.59E-01,1.08E-01,2.42E-01,6,6512,Not eroded,0,1,1,1,1,0,0,0,0,0,0
6515,1.45E-01,1.87E-01,2.47E-01,5,6515,Not eroded,0,1,1,1,1,0,0,0,0,0,1
6521,3.17E-01,8.60E-02,2.89E-01,0,6521,ERODED,1,1,1,1,1,1,1,1,1,1,1
6522,1.90E-01,2.76E-01,2.83E-01,0,6522,Not eroded,0,1,1,1,1,1,1,1,1,1,1
6525,1.92E-01,1.23E-01,2.43E-01,3,6525,Not eroded,0,1,1,1,1,0,1,0,0,1,1
6526,2.42E-01,9.30E-02,2.65E-01,4,6526,Not eroded,0,1,1,1,1,1,0,0,0,1,1
6528,8.31E-02,1.52E-01,2.66E-01,3,6528,Not eroded,0,1,1,1,1,1,1,0,0,1,1
6531,2.90E-01,1.55E-01,2.93E-01,0,6531,ERODED,1,1,1,1,1,1,1,1,1,1,1
6538,9.21E-02,1.77E-01,2.83E-01,5,6538,Not eroded,0,1,1,1,1,1,0,0,0,0,1
6542,2.79E-01,1.76E-01,3.07E-01,0,6542,ERODED,1,1,1,1,1,1,1,1,1,1,1
6556,2.63E-01,1.22E-01,3.23E-01,0,6556,ERODED,1,1,1,1,1,1,1,1,1,1,1
6559,3.24E-01,1.29E-01,2.87E-01,0,6559,ERODED,1,1,1,1,1,1,1,1,1,1,1
6562,1.01E-01,2.63E-01,3.20E-01,0,6562,ERODED,1,1,1,1,1,1,1,1,1,1,1
6570,2.21E-01,2.13E-01,3.24E-01,0,6570,ERODED,1,1,1,1,1,1,1,1,1,1,1
6573,2.68E-01,1.03E-01,2.97E-01,4,6573,Not eroded,0,1,1,1,1,1,0,0,0,1,1
6574,3.24E-01,1.54E-01,3.23E-01,0,6574,ERODED,1,1,1,1,1,1,1,1,1,1,1
6575,2.37E-01,5.65E-02,3.01E-01,0,6575,ERODED,1,1,1,1,1,1,1,1,1,1,1
6581,2.61E-01,1.99E-01,3.25E-01,0,6581,ERODED,1,1,1,1,1,1,1,1,1,1,1
6590,6.80E-02,2.78E-01,2.43E-01,0,6590,Not eroded,0,1,1,1,1,0,1,1,1,1,1
6593,2.07E-01,3.24E-01,2.79E-01,0,6593,Not eroded,0,1,1,1,1,1,1,1,1,1,1
6602,6.35E-02,3.15E-01,3.20E-01,0,6602,ERODED,1,1,1,1,1,1,1,1,1,1,1
6605,2.15E-01,2.67E-01,2.67E-01,0,6605,Not eroded,0,1,1,1,1,1,1,1,1,1,1
6610,2.25E-01,3.15E-01,2.50E-01,0,6610,Not eroded,0,1,1,1,1,0,1,1,1,1,1
6613,8.59E-02,2.29E-01,3.30E-01,0,6613,ERODED,1,1,1,1,1,1,1,1,1,1,1
6617,2.66E-01,2.58E-01,3.05E-01,0,6617,ERODED,1,1,1,1,1,1,1,1,1,1,1
6619,3.16E-01,1.09E-01,2.66E-01,0,6619,ERODED,1,1,1,1,1,1,1,1,1,1,1
6620,3.24E-01,2.64E-01,2.85E-01,0,6620,Not eroded,0,1,1,1,1,1,1,1,1,1,1
6621,2.30E-01,8.17E-02,3.14E-01,0,6621,ERODED,1,1,1,1,1,1,1,1,1,1,1
6622,2.22E-01,1.02E-01,2.76E-01,4,6622,Not eroded,0,1,1,1,1,1,0,0,0,1,1
6627,5.64E-02,3.00E-01,2.90E-01,0,6627,ERODED,1,1,1,1,1,1,1,1,1,1,1
6629,2.59E-01,1.69E-01,2.66E-01,4,6629,Not eroded,0,1,1,1,1,1,0,0,0,1,1
6635,1.37E-01,3.10E-01,2.54E-01,5,6635,Not eroded,0,1,1,1,1,1,0,0,0,0,1
6638,2.23E-01,9.44E-02,2.88E-01,5,6638,Not eroded,0,1,1,1,1,1,0,0,0,0,1
6639,1.37E-01,3.17E-01,2.46E-01,5,6639,Not eroded,0,1,1,1,1,0,0,0,0,0,1
6640,2.27E-01,2.69E-01,2.77E-01,5,6640,Not eroded,0,1,1,1,1,1,0,0,0,0,1
6642,7.86E-02,1.60E-01,2.59E-01,4,6642,Not eroded,0,1,1,1,1,1,0,0,0,1,1
6643,2.14E-01,2.04E-01,2.98E-01,4,6643,Not eroded,0,1,1,1,1,1,0,0,0,1,1
6648,2.56E-01,3.23E-01,2.79E-01,0,6648,Not eroded,0,1,1,1,1,1,1,1,1,1,1
6649,2.12E-01,2.08E-01,2.89E-01,8,6649,Not eroded,0,1,1,1,1,1,0,0,0,0,0
6668,2.22E-01,1.28E-01,3.05E-01,5,6668,Not eroded,0,1,1,1,1,1,0,0,0,0,1
6672,2.60E-01,5.68E-02,2.86E-01,0,6672,ERODED,1,1,1,1,1,1,1,1,1,1,1
6674,6.10E-02,2.92E-01,3.08E-01,0,6674,ERODED,1,1,1,1,1,1,1,1,1,1,1
6683,6.52E-02,2.86E-01,2.49E-01,0,6683,Not eroded,0,1,1,1,1,0,1,1,1,1,1
6684,6.38E-02,5.65E-02,2.80E-01,4,6684,Not eroded,0,1,1,1,1,1,0,0,0,1,1
6685,2.80E-01,8.55E-02,2.58E-01,4,6685,Not eroded,0,1,1,1,1,1,0,0,0,1,1
6686,8.72E-02,5.64E-02,2.91E-01,4,6686,Not eroded,0,1,1,1,1,1,0,0,0,1,1
6687,1.11E-01,5.75E-02,2.59E-01,0,6687,Not eroded,0,1,1,1,1,1,1,1,1,1,1
6691,2.21E-01,1.33E-01,2.43E-01,4,6691,Not eroded,0,1,1,1,1,0,0,0,0,1,1
6694,2.03E-01,2.01E-01,3.27E-01,0,6694,ERODED,1,1,1,1,1,1,1,1,1,1,1
6695,2.01E-01,5.65E-02,2.84E-01,0,6695,ERODED,1,1,1,1,1,1,1,1,1,1,1
6697,3.24E-01,6.58E-02,2.58E-01,0,6697,ERODED,1,1,1,1,1,1,1,1,1,1,1
6699,2.89E-01,1.22E-01,3.13E-01,0,6699,ERODED,1,1,1,1,1,1,1,1,1,1,1
6701,2.20E-01,8.29E-02,3.05E-01,0,6701,ERODED,1,1,1,1,1,1,1,1,1,1,1
6702,2.69E-01,2.07E-01,3.06E-01,0,6702,ERODED,1,1,1,1,1,1,1,1,1,1,1
6712,2.37E-01,1.83E-01,2.86E-01,0,6712,Not eroded,0,1,1,1,1,1,1,1,1,1,1
6714,2.15E-01,5.65E-02,2.45E-01,2,6714,Not eroded,0,1,1,1,1,0,1,0,1,1,1
6720,2.47E-01,3.00E-01,2.58E-01,0,6720,Not eroded,0,1,1,1,1,1,1,1,1,1,1
6723,1.24E-01,1.09E-01,2.50E-01,0,6723,Not eroded,0,1,1,1,1,0,1,1,1,1,1
6724,1.38E-01,2.50E-01,2.96E-01,0,6724,ERODED,1,1,1,1,1,1,1,1,1,1,1
6728,1.70E-01,3.16E-01,2.80E-01,3,6728,Not eroded,0,1,1,1,1,1,1,0,0,1,1
6729,5.62E-02,2.15E-01,2.47E-01,0,6729,Not eroded,0,1,1,1,1,0,1,1,1,1,1
6731,6.57E-02,3.04E-01,3.29E-01,0,6731,ERODED,1,1,1,1,1,1,1,1,1,1,1
6732,1.82E-01,1.17E-01,2.43E-01,3,6732,Not eroded,0,1,1,1,1,0,1,0,0,1,1
6734,8.14E-02,1.33E-01,2.75E-01,4,6734,Not eroded,0,1,1,1,1,1,0,0,0,1,1
6740,2.59E-01,2.53E-01,3.10E-01,0,6740,ERODED,1,1,1,1,1,1,1,1,1,1,1
6741,1.94E-01,1.74E-01,2.51E-01,6,6741,Not eroded,0,1,1,1,1,1,0,0,0,0,0
6743,2.15E-01,2.76E-01,2.69E-01,3,6743,Not eroded,0,1,1,1,1,1,1,0,0,1,1
6744,5.62E-02,2.56E-01,2.84E-01,0,6744,Not eroded,0,1,1,1,1,1,1,1,1,1,1
6746,9.55E-02,1.66E-01,2.56E-01,6,6746,Not eroded,0,1,1,1,1,1,0,0,0,0,0
6749,2.08E-01,2.18E-01,2.84E-01,4,6749,Not eroded,0,1,1,1,1,1,0,0,0,1,1
6753,1.35E-01,2.54E-01,2.62E-01,0,6753,Not eroded,0,1,1,1,1,1,1,1,1,1,1
6754,1.96E-01,2.97E-01,2.69E-01,6,6754,Not eroded,0,1,1,1,1,1,0,0,0,0,0
6756,1.04E-01,1.92E-01,2.72E-01,3,6756,Not eroded,0,1,1,1,1,1,1,0,0,1,1
6757,2.85E-01,1.46E-01,2.94E-01,0,6757,ERODED,1,1,1,1,1,1,1,1,1,1,1
6760,1.54E-01,1.06E-01,2.80E-01,0,6760,Not eroded,0,1,1,1,1,1,1,1,1,1,1
6765,3.19E-01,2.63E-01,3.02E-01,0,6765,ERODED,1,1,1,1,1,1,1,1,1,1,1
6771,2.11E-01,1.03E-01,2.89E-01,4,6771,Not eroded,0,1,1,1,1,1,0,0,0,1,1
6783,2.85E-01,5.65E-02,2.45E-01,0,6783,Not eroded,0,1,1,1,1,0,1,1,1,1,1
6784,1.52E-01,1.73E-01,2.63E-01,3,6784,Not eroded,0,1,1,1,1,1,1,0,0,1,1
6785,1.76E-01,2.28E-01,2.78E-01,4,6785,Not eroded,0,1,1,1,1,1,0,0,0,1,1
6787,9.34E-02,2.24E-01,2.91E-01,4,6787,Not eroded,0,1,1,1,1,1,0,0,0,1,1
6792,3.20E-01,1.21E-01,3.17E-01,0,6792,ERODED,1,1,1,1,1,1,1,1,1,1,1
6794,3.15E-01,2.33E-01,2.46E-01,3,6794,Not eroded,0,1,1,1,1,0,1,0,0,1,1
6797,8.95E-02,1.69E-01,2.90E-01,6,6797,Not eroded,0,1,1,1,1,1,0,0,0,0,0
6807,1.62E-01,8.85E-02,3.36E-01,0,6807,ERODED,1,1,1,1,1,1,1,1,1,1,1
6808,7.34E-02,1.47E-01,2.60E-01,7,6808,Not eroded,0,1,1,1,1,1,0,0,0,0,0
6809,2.43E-01,1.71E-01,2.92E-01,0,6809,ERODED,1,1,1,1,1,1,1,1,1,1,1
6814,1.48E-01,8.23E-02,3.17E-01,0,6814,ERODED,1,1,1,1,1,1,1,1,1,1,1
6815,2.94E-01,7.01E-02,2.47E-01,0,6815,Not eroded,0,1,1,1,1,0,1,1,1,1,1
6816,2.71E-01,1.56E-01,3.10E-01,0,6816,ERODED,1,1,1,1,1,1,1,1,1,1,1
6824,2.84E-01,2.94E-01,2.90E-01,0,6824,Not eroded,0,1,1,1,1,1,1,1,1,1,1
6825,1.99E-01,2.02E-01,2.73E-01,0,6825,Not eroded,0,1,1,1,1,1,1,1,1,1,1
6829,1.05E-01,1.42E-01,3.17E-01,0,6829,ERODED,1,1,1,1,1,1,1,1,1,1,1
6830,1.28E-01,1.22E-01,2.72E-01,0,6830,Not eroded,0,1,1,1,1,1,1,1,1,1,1
6831,2.55E-01,2.44E-01,3.26E-01,0,6831,ERODED,1,1,1,1,1,1,1,1,1,1,1
6836,3.19E-01,1.73E-01,3.09E-01,0,6836,ERODED,1,1,1,1,1,1,1,1,1,1,1
6841,2.44E-01,9.34E-02,2.90E-01,4,6841,Not eroded,0,1,1,1,1,1,0,0,0,1,1
6844,5.95E-02,1.65E-01,2.87E-01,5,6844,Not eroded,0,1,1,1,1,1,0,0,0,0,1
6845,5.62E-02,1.30E-01,2.91E-01,3,6845,Not eroded,0,1,1,1,1,1,1,0,0,1,1
6846,2.53E-01,2.01E-01,2.92E-01,0,6846,Not eroded,0,1,1,1,1,1,1,1,1,1,1
6849,2.87E-01,2.37E-01,2.80E-01,3,6849,Not eroded,0,1,1,1,1,1,1,0,0,1,1
6853,1.11E-01,1.75E-01,2.84E-01,0,6853,Not eroded,0,1,1,1,1,1,1,1,1,1,1
6863,3.11E-01,3.24E-01,3.09E-01,0,6863,ERODED,1,1,1,1,1,1,1,1,1,1,1
6868,1.60E-01,2.18E-01,2.90E-01,4,6868,Not eroded,0,1,1,1,1,1,0,0,0,1,1
6880,1.69E-01,1.09E-01,2.45E-01,4,6880,Not eroded,0,1,1,1,1,0,0,0,0,1,1
6882,2.20E-01,1.75E-01,2.64E-01,5,6882,Not eroded,0,1,1,1,1,1,0,0,0,0,1
6884,1.89E-01,2.16E-01,2.56E-01,0,6884,Not eroded,0,1,1,1,1,1,1,1,1,1,1
6885,5.63E-02,7.58E-02,2.70E-01,3,6885,Not eroded,0,1,1,1,1,1,1,0,0,1,1
6894,2.27E-01,9.08E-02,3.09E-01,0,6894,ERODED,1,1,1,1,1,1,1,1,1,1,1
6897,5.62E-02,1.74E-01,2.69E-01,3,6897,Not eroded,0,1,1,1,1,1,1,0,0,1,1
6902,6.37E-02,2.93E-01,2.89E-01,0,6902,ERODED,1,1,1,1,1,1,1,1,1,1,1
6905,1.90E-01,8.12E-02,2.64E-01,5,6905,Not eroded,0,1,1,1,1,1,0,0,0,0,1
6906,2.82E-01,1.06E-01,2.68E-01,3,6906,Not eroded,0,1,1,1,1,1,1,0,0,1,1
6908,2.74E-01,1.11E-01,3.09E-01,0,6908,ERODED,1,1,1,1,1,1,1,1,1,1,1
6909,2.63E-01,9.86E-02,2.42E-01,4,6909,Not eroded,0,1,1,1,1,0,0,0,0,1,1
6910,2.74E-01,1.58E-01,2.41E-01,0,6910,Not eroded,0,1,1,1,1,0,1,1,1,1,1
6912,1.31E-01,2.85E-01,2.72E-01,0,6912,Not eroded,0,1,1,1,1,1,1,1,1,1,1
6915,2.06E-01,3.01E-01,2.86E-01,5,6915,Not eroded,0,1,1,1,1,1,0,0,0,0,1
6916,9.65E-02,2.13E-01,2.45E-01,0,6916,Not eroded,0,1,1,1,1,0,1,1,1,1,1
6918,7.33E-02,1.54E-01,2.67E-01,5,6918,Not eroded,0,1,1,1,1,1,0,0,0,0,1
6919,3.02E-01,2.34E-01,2.94E-01,0,6919,ERODED,1,1,1,1,1,1,1,1,1,1,1
6921,2.48E-01,2.92E-01,2.97E-01,0,6921,ERODED,1,1,1,1,1,1,1,1,1,1,1
6922,2.28E-01,1.24E-01,2.73E-01,4,6922,Not eroded,0,1,1,1,1,1,0,0,0,1,1
6926,3.24E-01,1.54E-01,2.42E-01,3,6926,Not eroded,0,1,1,1,1,0,1,0,0,1,1
6933,1.71E-01,2.82E-01,2.64E-01,3,6933,Not eroded,0,1,1,1,1,1,1,0,0,1,1
6934,2.83E-01,2.35E-01,2.90E-01,0,6934,Not eroded,0,1,1,1,1,1,1,1,1,1,1
6938,1.76E-01,2.91E-01,2.60E-01,4,6938,Not eroded,0,1,1,1,1,1,0,0,0,1,1
6941,2.77E-01,9.35E-02,3.10E-01,0,6941,ERODED,1,1,1,1,1,1,1,1,1,1,1
6943,1.36E-01,8.51E-02,2.90E-01,0,6943,Not eroded,0,1,1,1,1,1,1,1,1,1,1
6944,2.72E-01,1.24E-01,2.41E-01,3,6944,Not eroded,0,1,1,1,1,0,1,0,0,1,1
6947,3.19E-01,1.58E-01,2.61E-01,0,6947,Not eroded,0,1,1,1,1,1,1,1,1,1,1
6949,2.89E-01,6.39E-02,2.53E-01,0,6949,Not eroded,0,1,1,1,1,1,1,1,1,1,1
6950,2.74E-01,6.43E-02,2.88E-01,3,6950,Not eroded,0,1,1,1,1,1,1,0,0,1,1
6956,2.36E-01,2.60E-01,3.13E-01,0,6956,ERODED,1,1,1,1,1,1,1,1,1,1,1
6962,6.07E-02,2.23E-01,2.43E-01,0,6962,Not eroded,0,1,1,1,1,0,1,1,1,1,1
6963,2.13E-01,1.90E-01,2.65E-01,5,6963,Not eroded,0,1,1,1,1,1,0,0,0,0,1
6964,1.59E-01,9.08E-02,2.67E-01,5,6964,Not eroded,0,1,1,1,1,1,0,0,0,0,1
6965,2.06E-01,2.58E-01,2.54E-01,0,6965,Not eroded,0,1,1,1,1,1,1,1,1,1,1
6970,1.96E-01,8.93E-02,2.88E-01,0,6970,Not eroded,0,1,1,1,1,1,1,1,1,1,1
6972,2.52E-01,2.81E-01,3.35E-01,0,6972,ERODED,1,1,1,1,1,1,1,1,1,1,1
6974,2.00E-01,2.93E-01,2.88E-01,3,6974,Not eroded,0,1,1,1,1,1,1,0,0,1,1
6981,9.38E-02,2.09E-01,2.61E-01,2,6981,Not eroded,0,1,1,1,1,1,1,0,1,1,1
6983,2.57E-01,3.24E-01,2.90E-01,0,6983,Not eroded,0,1,1,1,1,1,1,1,1,1,1
6985,2.50E-01,2.12E-01,2.51E-01,3,6985,Not eroded,0,1,1,1,1,1,1,0,0,1,1
6993,3.16E-01,1.46E-01,2.90E-01,0,6993,Not eroded,0,1,1,1,1,1,1,1,1,1,1
6997,1.22E-01,1.88E-01,3.04E-01,0,6997,ERODED,1,1,1,1,1,1,1,1,1,1,1
7000,2.25E-01,1.10E-01,3.02E-01,5,7000,Not eroded,0,1,1,1,1,1,0,0,0,0,1
7002,2.99E-01,2.68E-01,3.14E-01,0,7002,ERODED,1,1,1,1,1,1,1,1,1,1,1
7004,1.99E-01,7.88E-02,2.67E-01,4,7004,Not eroded,0,1,1,1,1,1,0,0,0,1,1
7008,2.18E-01,1.88E-01,2.77E-01,4,7008,Not eroded,0,1,1,1,1,1,0,0,0,1,1
7011,2.08E-01,1.90E-01,3.27E-01,0,7011,ERODED,1,1,1,1,1,1,1,1,1,1,1
7013,2.89E-01,6.23E-02,3.08E-01,0,7013,ERODED,1,1,1,1,1,1,1,1,1,1,1
7018,2.63E-01,2.98E-01,3.25E-01,0,7018,ERODED,1,1,1,1,1,1,1,1,1,1,1
7020,8.10E-02,2.05E-01,3.20E-01,0,7020,ERODED,1,1,1,1,1,1,1,1,1,1,1
7021,1.31E-01,2.21E-01,2.69E-01,4,7021,Not eroded,0,1,1,1,1,1,0,0,0,1,1
7022,6.86E-02,7.03E-02,2.64E-01,5,7022,Not eroded,0,1,1,1,1,1,0,0,0,0,1
7023,2.06E-01,2.57E-01,2.44E-01,0,7023,Not eroded,0,1,1,1,1,0,1,1,1,1,1
7026,3.24E-01,1.89E-01,2.59E-01,3,7026,Not eroded,0,1,1,1,1,1,1,0,0,1,1
7028,1.70E-01,2.33E-01,2.83E-01,4,7028,Not eroded,0,1,1,1,1,1,0,0,0,1,1
7039,3.24E-01,2.14E-01,2.73E-01,0,7039,ERODED,1,1,1,1,1,1,1,1,1,1,1
7042,9.70E-02,2.52E-01,2.72E-01,5,7042,Not eroded,0,1,1,1,1,1,0,0,0,0,1
7045,8.36E-02,1.39E-01,2.53E-01,4,7045,Not eroded,0,1,1,1,1,1,0,0,0,1,1
7046,1.55E-01,1.92E-01,2.89E-01,3,7046,Not eroded,0,1,1,1,1,1,1,0,0,1,1
7067,1.55E-01,1.39E-01,2.79E-01,3,7067,Not eroded,0,1,1,1,1,1,1,0,0,1,1
7068,6.08E-02,7.55E-02,3.02E-01,3,7068,Not eroded,0,1,1,1,1,1,1,0,0,1,1
7077,2.64E-01,1.28E-01,2.84E-01,0,7077,ERODED,1,1,1,1,1,1,1,1,1,1,1
7078,3.23E-01,1.31E-01,3.21E-01,0,7078,ERODED,1,1,1,1,1,1,1,1,1,1,1
7081,2.18E-01,2.53E-01,2.43E-01,0,7081,Not eroded,0,1,1,1,1,0,1,1,1,1,1
7083,2.12E-01,1.56E-01,2.63E-01,4,7083,Not eroded,0,1,1,1,1,1,0,0,0,1,1
7086,9.02E-02,2.56E-01,2.88E-01,5,7086,Not eroded,0,1,1,1,1,1,0,0,0,0,1
7088,2.24E-01,1.88E-01,2.43E-01,4,7088,Not eroded,0,1,1,1,1,0,0,0,0,1,1
7095,2.33E-01,6.39E-02,3.19E-01,0,7095,ERODED,1,1,1,1,1,1,1,1,1,1,1
7100,2.86E-01,9.87E-02,2.56E-01,4,7100,Not eroded,0,1,1,1,1,1,0,0,0,1,1
7104,7.12E-02,1.87E-01,2.41E-01,4,7104,Not eroded,0,1,1,1,1,0,0,0,0,1,1
7105,6.86E-02,1.02E-01,3.28E-01,0,7105,ERODED,1,1,1,1,1,1,1,1,1,1,1
7108,5.62E-02,1.50E-01,2.70E-01,4,7108,Not eroded,0,1,1,1,1,1,0,0,0,1,1
7110,3.07E-01,1.12E-01,2.62E-01,0,7110,ERODED,1,1,1,1,1,1,1,1,1,1,1
7113,2.61E-01,1.52E-01,3.16E-01,0,7113,ERODED,1,1,1,1,1,1,1,1,1,1,1
7122,2.48E-01,2.97E-01,2.88E-01,3,7122,ERODED,1,1,1,1,1,1,1,0,0,1,1
7124,3.24E-01,3.16E-01,3.24E-01,0,7124,ERODED,1,1,1,1,1,1,1,1,1,1,1
7125,2.15E-01,2.30E-01,2.45E-01,0,7125,Not eroded,0,1,1,1,1,0,1,1,1,1,1
7132,6.49E-02,1.60E-01,2.68E-01,6,7132,Not eroded,0,1,1,1,1,1,0,0,0,0,0
7139,2.38E-01,9.64E-02,2.56E-01,6,7139,Not eroded,0,1,1,1,1,1,0,0,0,0,0
7140,9.20E-02,3.22E-01,2.65E-01,0,7140,Not eroded,0,1,1,1,1,1,1,1,1,1,1
7143,2.98E-01,1.48E-01,2.87E-01,0,7143,ERODED,1,1,1,1,1,1,1,1,1,1,1
7145,1.09E-01,1.81E-01,2.69E-01,5,7145,Not eroded,0,1,1,1,1,1,0,0,0,0,1
7147,2.54E-01,1.33E-01,2.97E-01,0,7147,ERODED,1,1,1,1,1,1,1,1,1,1,1
7153,2.25E-01,5.65E-02,3.08E-01,0,7153,ERODED,1,1,1,1,1,1,1,1,1,1,1
7155,1.57E-01,2.02E-01,2.86E-01,5,7155,Not eroded,0,1,1,1,1,1,0,0,0,0,1
7160,1.06E-01,1.04E-01,3.28E-01,0,7160,ERODED,1,1,1,1,1,1,1,1,1,1,1
7168,3.24E-01,2.31E-01,2.90E-01,0,7168,ERODED,1,1,1,1,1,1,1,1,1,1,1
7172,2.72E-01,2.80E-01,2.95E-01,0,7172,ERODED,1,1,1,1,1,1,1,1,1,1,1
7173,3.24E-01,2.53E-01,2.98E-01,0,7173,Not eroded,0,1,1,1,1,1,1,1,1,1,1
7179,2.09E-01,2.38E-01,2.47E-01,0,7179,Not eroded,0,1,1,1,1,0,1,1,1,1,1
7198,1.04E-01,1.01E-01,2.60E-01,0,7198,Not eroded,0,1,1,1,1,1,1,1,1,1,1
7200,2.10E-01,3.16E-01,3.05E-01,2,7200,ERODED,1,1,1,1,1,1,1,0,1,1,1
7203,2.12E-01,2.51E-01,3.07E-01,0,7203,ERODED,1,1,1,1,1,1,1,1,1,1,1
7205,2.50E-01,3.02E-01,2.49E-01,0,7205,Not eroded,0,1,1,1,1,0,1,1,1,1,1
7206,3.07E-01,5.65E-02,2.44E-01,0,7206,Not eroded,0,1,1,1,1,0,1,1,1,1,1
7208,1.81E-01,2.11E-01,2.69E-01,4,7208,Not eroded,0,1,1,1,1,1,0,0,0,1,1
7209,1.65E-01,3.24E-01,2.93E-01,0,7209,ERODED,1,1,1,1,1,1,1,1,1,1,1
7215,3.24E-01,1.64E-01,2.48E-01,0,7215,Not eroded,0,1,1,1,1,0,1,1,1,1,1
7216,2.26E-01,2.62E-01,3.25E-01,0,7216,ERODED,1,1,1,1,1,1,1,1,1,1,1
7217,2.61E-01,8.09E-02,2.47E-01,6,7217,Not eroded,0,1,1,1,1,0,0,0,0,0,0
7219,1.68E-01,2.31E-01,2.74E-01,4,7219,Not eroded,0,1,1,1,1,1,0,0,0,1,1
7220,1.78E-01,1.26E-01,2.45E-01,4,7220,Not eroded,0,1,1,1,1,0,0,0,0,1,1
7224,2.00E-01,2.73E-01,2.69E-01,3,7224,Not eroded,0,1,1,1,1,1,1,0,0,1,1
7225,5.76E-02,2.50E-01,2.45E-01,0,7225,Not eroded,0,1,1,1,1,0,1,1,1,1,1
7226,3.06E-01,5.71E-02,3.02E-01,0,7226,ERODED,1,1,1,1,1,1,1,1,1,1,1
7227,8.46E-02,2.41E-01,2.94E-01,4,7227,Not eroded,0,1,1,1,1,1,0,0,0,1,1
7232,7.03E-02,1.24E-01,3.20E-01,0,7232,ERODED,1,1,1,1,1,1,1,1,1,1,1
7240,2.93E-01,1.81E-01,2.50E-01,4,7240,Not eroded,0,1,1,1,1,0,0,0,0,1,1
7241,1.33E-01,2.65E-01,3.17E-01,0,7241,ERODED,1,1,1,1,1,1,1,1,1,1,1
7248,1.27E-01,9.83E-02,2.95E-01,3,7248,Not eroded,0,1,1,1,1,1,1,0,0,1,1
7255,1.60E-01,3.24E-01,2.67E-01,0,7255,Not eroded,0,1,1,1,1,1,1,1,1,1,1
7257,1.40E-01,1.62E-01,2.94E-01,5,7257,Not eroded,0,1,1,1,1,1,0,0,0,0,1
7260,2.95E-01,7.00E-02,2.59E-01,0,7260,Not eroded,0,1,1,1,1,1,1,1,1,1,1
7263,5.81E-02,2.42E-01,2.95E-01,0,7263,ERODED,1,1,1,1,1,1,1,1,1,1,1
7266,1.76E-01,3.09E-01,2.61E-01,0,7266,Not eroded,0,1,1,1,1,1,1,1,1,1,1
7271,1.92E-01,3.19E-01,2.91E-01,3,7271,Not eroded,0,1,1,1,1,1,1,0,0,1,1
7279,1.26E-01,2.57E-01,2.94E-01,0,7279,ERODED,1,1,1,1,1,1,1,1,1,1,1
7281,2.41E-01,8.01E-02,2.90E-01,5,7281,Not eroded,0,1,1,1,1,1,0,0,0,0,1
7285,5.66E-02,2.01E-01,3.00E-01,0,7285,Not eroded,0,1,1,1,1,1,1,1,1,1,1
7288,2.07E-01,2.83E-01,2.64E-01,0,7288,Not eroded,0,1,1,1,1,1,1,1,1,1,1
7294,8.84E-02,1.59E-01,2.57E-01,5,7294,Not eroded,0,1,1,1,1,1,0,0,0,0,1
7299,2.40E-01,1.74E-01,2.78E-01,0,7299,ERODED,1,1,1,1,1,1,1,1,1,1,1
7301,2.36E-01,1.04E-01,2.89E-01,6,7301,Not eroded,0,1,1,1,1,1,0,0,0,0,0
7308,2.15E-01,1.73E-01,2.76E-01,4,7308,Not eroded,0,1,1,1,1,1,0,0,0,1,1
7313,2.01E-01,1.37E-01,2.93E-01,4,7313,Not eroded,0,1,1,1,1,1,0,0,0,1,1
7320,2.88E-01,1.63E-01,3.10E-01,0,7320,ERODED,1,1,1,1,1,1,1,1,1,1,1
7330,5.62E-02,5.94E-02,2.86E-01,3,7330,Not eroded,0,1,1,1,1,1,1,0,0,1,1
7335,1.60E-01,1.68E-01,2.80E-01,4,7335,Not eroded,0,1,1,1,1,1,0,0,0,1,1
7343,2.16E-01,1.38E-01,2.93E-01,4,7343,Not eroded,0,1,1,1,1,1,0,0,0,1,1
7348,1.69E-01,2.02E-01,3.07E-01,4,7348,Not eroded,0,1,1,1,1,1,0,0,0,1,1
7349,6.54E-02,1.35E-01,2.75E-01,4,7349,Not eroded,0,1,1,1,1,1,0,0,0,1,1
7350,2.97E-01,3.24E-01,2.86E-01,0,7350,ERODED,1,1,1,1,1,1,1,1,1,1,1
7351,2.37E-01,8.07E-02,2.62E-01,0,7351,Not eroded,0,1,1,1,1,1,1,1,1,1,1
7354,1.80E-01,3.14E-01,2.77E-01,3,7354,Not eroded,0,1,1,1,1,1,1,0,0,1,1
7360,2.50E-01,1.55E-01,2.98E-01,0,7360,ERODED,1,1,1,1,1,1,1,1,1,1,1
7363,2.08E-01,2.12E-01,2.97E-01,5,7363,Not eroded,0,1,1,1,1,1,0,0,0,0,1
7367,5.64E-02,3.12E-01,2.92E-01,0,7367,ERODED,1,1,1,1,1,1,1,1,1,1,1
7369,1.77E-01,2.53E-01,2.87E-01,4,7369,Not eroded,0,1,1,1,1,1,0,0,0,1,1
7370,1.28E-01,3.05E-01,2.99E-01,0,7370,ERODED,1,1,1,1,1,1,1,1,1,1,1
7380,1.29E-01,1.80E-01,3.01E-01,0,7380,ERODED,1,1,1,1,1,1,1,1,1,1,1
7383,1.28E-01,1.06E-01,3.12E-01,0,7383,ERODED,1,1,1,1,1,1,1,1,1,1,1
7394,3.01E-01,1.21E-01,2.50E-01,0,7394,Not eroded,0,1,1,1,1,0,1,1,1,1,1
7396,2.40E-01,1.09E-01,2.41E-01,3,7396,Not eroded,0,1,1,1,1,0,1,0,0,1,1
7399,8.71E-02,3.15E-01,3.27E-01,0,7399,ERODED,1,1,1,1,1,1,1,1,1,1,1
7402,2.78E-01,9.46E-02,2.66E-01,3,7402,Not eroded,0,1,1,1,1,1,1,0,0,1,1
7405,1.81E-01,1.93E-01,3.17E-01,0,7405,ERODED,1,1,1,1,1,1,1,1,1,1,1
7407,2.39E-01,1.36E-01,2.57E-01,3,7407,Not eroded,0,1,1,1,1,1,1,0,0,1,1
7408,1.67E-01,2.23E-01,2.85E-01,3,7408,Not eroded,0,1,1,1,1,1,1,0,0,1,1
7409,2.16E-01,1.59E-01,2.46E-01,3,7409,Not eroded,0,1,1,1,1,0,1,0,0,1,1
7414,3.11E-01,1.67E-01,3.33E-01,0,7414,ERODED,1,1,1,1,1,1,1,1,1,1,1
7415,1.55E-01,2.07E-01,2.77E-01,4,7415,Not eroded,0,1,1,1,1,1,0,0,0,1,1
7419,2.23E-01,9.90E-02,2.44E-01,3,7419,Not eroded,0,1,1,1,1,0,1,0,0,1,1
7425,2.27E-01,1.85E-01,2.86E-01,0,7425,Not eroded,0,1,1,1,1,1,1,1,1,1,1
7436,2.30E-01,1.74E-01,2.78E-01,0,7436,Not eroded,0,1,1,1,1,1,1,1,1,1,1
7437,7.23E-02,3.18E-01,3.06E-01,0,7437,ERODED,1,1,1,1,1,1,1,1,1,1,1
7440,1.70E-01,2.30E-01,2.42E-01,3,7440,Not eroded,0,1,1,1,1,0,1,0,0,1,1
7443,5.62E-02,1.38E-01,2.55E-01,4,7443,Not eroded,0,1,1,1,1,1,0,0,0,1,1
7445,3.24E-01,1.06E-01,2.75E-01,0,7445,ERODED,1,1,1,1,1,1,1,1,1,1,1
7446,1.72E-01,1.21E-01,2.94E-01,0,7446,Not eroded,0,1,1,1,1,1,1,1,1,1,1
7457,2.82E-01,1.20E-01,2.58E-01,0,7457,Not eroded,0,1,1,1,1,1,1,1,1,1,1
7463,2.80E-01,2.15E-01,2.95E-01,0,7463,ERODED,1,1,1,1,1,1,1,1,1,1,1
7465,3.17E-01,3.16E-01,2.90E-01,0,7465,ERODED,1,1,1,1,1,1,1,1,1,1,1
7466,9.67E-02,1.08E-01,3.26E-01,0,7466,ERODED,1,1,1,1,1,1,1,1,1,1,1
7472,3.24E-01,1.69E-01,2.57E-01,2,7472,Not eroded,0,1,1,1,1,1,1,0,1,1,1
7474,1.30E-01,2.48E-01,2.55E-01,0,7474,Not eroded,0,1,1,1,1,1,1,1,1,1,1
7475,8.02E-02,1.30E-01,2.88E-01,2,7475,Not eroded,0,1,1,1,1,1,1,0,1,1,1
7477,2.84E-01,6.89E-02,2.63E-01,4,7477,Not eroded,0,1,1,1,1,1,0,0,0,1,1
7484,2.56E-01,1.28E-01,3.26E-01,0,7484,ERODED,1,1,1,1,1,1,1,1,1,1,1
7488,2.38E-01,2.70E-01,3.12E-01,0,7488,ERODED,1,1,1,1,1,1,1,1,1,1,1
7492,2.82E-01,1.26E-01,2.75E-01,4,7492,Not eroded,0,1,1,1,1,1,0,0,0,1,1
7498,6.54E-02,6.55E-02,2.72E-01,4,7498,Not eroded,0,1,1,1,1,1,0,0,0,1,1
7499,9.61E-02,1.60E-01,2.87E-01,5,7499,Not eroded,0,1,1,1,1,1,0,0,0,0,1
7505,2.11E-01,1.72E-01,2.65E-01,4,7505,Not eroded,0,1,1,1,1,1,0,0,0,1,1
7508,8.45E-02,1.99E-01,2.85E-01,0,7508,Not eroded,0,1,1,1,1,1,1,1,1,1,1
7515,2.81E-01,1.58E-01,2.49E-01,3,7515,Not eroded,0,1,1,1,1,0,1,0,0,1,1
7518,1.28E-01,3.24E-01,2.75E-01,0,7518,ERODED,1,1,1,1,1,1,1,1,1,1,1
7520,1.22E-01,2.90E-01,2.63E-01,0,7520,Not eroded,0,1,1,1,1,1,1,1,1,1,1
7522,1.90E-01,2.77E-01,2.72E-01,4,7522,Not eroded,0,1,1,1,1,1,0,0,0,1,1
7523,3.08E-01,1.51E-01,2.88E-01,0,7523,Not eroded,0,1,1,1,1,1,1,1,1,1,1
7525,5.61E-02,5.64E-02,2.74E-01,3,7525,Not eroded,0,1,1,1,1,1,1,0,0,1,1
7528,6.84E-02,1.61E-01,2.87E-01,7,7528,Not eroded,0,1,1,1,1,1,0,0,0,0,0
7530,1.94E-01,9.70E-02,2.58E-01,5,7530,Not eroded,0,1,1,1,1,1,0,0,0,0,1
7532,2.12E-01,1.13E-01,2.87E-01,7,7532,Not eroded,0,1,1,1,1,1,0,0,0,0,0
7533,1.79E-01,2.96E-01,2.78E-01,5,7533,Not eroded,0,1,1,1,1,1,0,0,0,0,1
7536,2.02E-01,6.34E-02,3.02E-01,0,7536,ERODED,1,1,1,1,1,1,1,1,1,1,1
7538,2.86E-01,1.29E-01,2.66E-01,4,7538,Not eroded,0,1,1,1,1,1,0,0,0,1,1
7545,2.57E-01,1.48E-01,2.95E-01,0,7545,ERODED,1,1,1,1,1,1,1,1,1,1,1
7556,2.16E-01,1.82E-01,2.70E-01,4,7556,Not eroded,0,1,1,1,1,1,0,0,0,1,1
7558,1.03E-01,2.28E-01,2.77E-01,0,7558,Not eroded,0,1,1,1,1,1,1,1,1,1,1
7561,7.83E-02,1.62E-01,2.86E-01,3,7561,Not eroded,0,1,1,1,1,1,1,0,0,1,1
7567,1.18E-01,2.05E-01,2.49E-01,0,7567,Not eroded,0,1,1,1,1,0,1,1,1,1,1
7571,1.62E-01,1.65E-01,2.71E-01,5,7571,Not eroded,0,1,1,1,1,1,0,0,0,0,1
7575,8.74E-02,1.35E-01,2.83E-01,4,7575,Not eroded,0,1,1,1,1,1,0,0,0,1,1
7583,2.82E-01,3.07E-01,2.82E-01,0,7583,Not eroded,0,1,1,1,1,1,1,1,1,1,1
7598,3.03E-01,6.63E-02,3.32E-01,0,7598,ERODED,1,1,1,1,1,1,1,1,1,1,1
7605,1.67E-01,1.30E-01,2.77E-01,4,7605,Not eroded,0,1,1,1,1,1,0,0,0,1,1
7610,2.88E-01,1.59E-01,2.56E-01,3,7610,Not eroded,0,1,1,1,1,1,1,0,0,1,1
7613,2.92E-01,3.24E-01,2.65E-01,0,7613,ERODED,1,1,1,1,1,1,1,1,1,1,1
7615,3.16E-01,6.02E-02,2.62E-01,0,7615,ERODED,1,1,1,1,1,1,1,1,1,1,1
7617,1.72E-01,3.11E-01,2.71E-01,0,7617,Not eroded,0,1,1,1,1,1,1,1,1,1,1
7619,2.06E-01,2.89E-01,2.55E-01,3,7619,Not eroded,0,1,1,1,1,1,1,0,0,1,1
7623,5.62E-02,9.01E-02,2.90E-01,0,7623,Not eroded,0,1,1,1,1,1,1,1,1,1,1
7624,1.40E-01,1.93E-01,2.55E-01,0,7624,Not eroded,0,1,1,1,1,1,1,1,1,1,1
7633,2.23E-01,1.01E-01,3.06E-01,3,7633,Not eroded,0,1,1,1,1,1,1,0,0,1,1
7646,2.90E-01,1.72E-01,3.07E-01,0,7646,ERODED,1,1,1,1,1,1,1,1,1,1,1
7651,5.62E-02,1.64E-01,2.71E-01,4,7651,Not eroded,0,1,1,1,1,1,0,0,0,1,1
7653,5.62E-02,1.68E-01,2.61E-01,6,7653,Not eroded,0,1,1,1,1,1,0,0,0,0,0
7656,9.51E-02,8.76E-02,2.53E-01,0,7656,Not eroded,0,1,1,1,1,1,1,1,1,1,1
7659,2.07E-01,1.94E-01,2.83E-01,4,7659,Not eroded,0,1,1,1,1,1,0,0,0,1,1
7660,3.00E-01,1.66E-01,2.43E-01,4,7660,Not eroded,0,1,1,1,1,0,0,0,0,1,1
7661,2.12E-01,1.64E-01,3.01E-01,3,7661,Not eroded,0,1,1,1,1,1,1,0,0,1,1
7665,1.36E-01,3.24E-01,2.69E-01,0,7665,ERODED,1,1,1,1,1,1,1,1,1,1,1
7667,3.08E-01,1.13E-01,2.43E-01,4,7667,Not eroded,0,1,1,1,1,0,0,0,0,1,1
7670,1.68E-01,3.15E-01,2.63E-01,0,7670,Not eroded,0,1,1,1,1,1,1,1,1,1,1
7674,2.74E-01,1.79E-01,3.16E-01,0,7674,ERODED,1,1,1,1,1,1,1,1,1,1,1
7675,2.14E-01,1.64E-01,2.78E-01,4,7675,Not eroded,0,1,1,1,1,1,0,0,0,1,1
7676,1.98E-01,2.58E-01,2.92E-01,0,7676,Not eroded,0,1,1,1,1,1,1,1,1,1,1
7681,1.62E-01,2.79E-01,2.47E-01,0,7681,Not eroded,0,1,1,1,1,0,1,1,1,1,1
7682,1.52E-01,1.61E-01,3.26E-01,0,7682,ERODED,1,1,1,1,1,1,1,1,1,1,1
7683,2.14E-01,1.06E-01,2.80E-01,6,7683,Not eroded,0,1,1,1,1,1,0,0,0,0,0
7686,6.05E-02,2.16E-01,2.76E-01,4,7686,Not eroded,0,1,1,1,1,1,0,0,0,1,1
7691,2.07E-01,2.00E-01,2.91E-01,4,7691,Not eroded,0,1,1,1,1,1,0,0,0,1,1
7701,1.08E-01,1.80E-01,2.93E-01,4,7701,Not eroded,0,1,1,1,1,1,0,0,0,1,1
7711,2.47E-01,2.75E-01,3.10E-01,0,7711,ERODED,1,1,1,1,1,1,1,1,1,1,1
7716,2.64E-01,3.21E-01,2.49E-01,0,7716,Not eroded,0,1,1,1,1,0,1,1,1,1,1
7720,1.06E-01,2.39E-01,2.84E-01,0,7720,Not eroded,0,1,1,1,1,1,1,1,1,1,1
7737,2.19E-01,1.66E-01,2.69E-01,4,7737,Not eroded,0,1,1,1,1,1,0,0,0,1,1
7739,9.95E-02,9.18E-02,2.61E-01,0,7739,Not eroded,0,1,1,1,1,1,1,1,1,1,1
7740,2.08E-01,2.43E-01,2.93E-01,0,7740,ERODED,1,1,1,1,1,1,1,1,1,1,1
7741,1.87E-01,5.80E-02,2.92E-01,0,7741,ERODED,1,1,1,1,1,1,1,1,1,1,1
7744,2.32E-01,9.07E-02,2.89E-01,4,7744,Not eroded,0,1,1,1,1,1,0,0,0,1,1
7745,2.86E-01,3.03E-01,2.62E-01,0,7745,Not eroded,0,1,1,1,1,1,1,1,1,1,1
7746,3.16E-01,2.50E-01,2.52E-01,5,7746,Not eroded,0,1,1,1,1,1,0,0,0,0,1
7747,1.05E-01,6.50E-02,3.18E-01,0,7747,ERODED,1,1,1,1,1,1,1,1,1,1,1
7750,2.59E-01,2.90E-01,3.12E-01,0,7750,ERODED,1,1,1,1,1,1,1,1,1,1,1
7759,5.63E-02,1.45E-01,2.85E-01,0,7759,Not eroded,0,1,1,1,1,1,1,1,1,1,1
7763,8.62E-02,1.70E-01,2.73E-01,6,7763,Not eroded,0,1,1,1,1,1,0,0,0,0,0
7777,2.30E-01,9.60E-02,2.50E-01,4,7777,Not eroded,0,1,1,1,1,0,0,0,0,1,1
7779,3.10E-01,2.98E-01,2.78E-01,0,7779,ERODED,1,1,1,1,1,1,1,1,1,1,1
7782,1.82E-01,1.50E-01,2.50E-01,0,7782,Not eroded,0,1,1,1,1,0,1,1,1,1,1
7783,1.73E-01,9.57E-02,3.16E-01,0,7783,ERODED,1,1,1,1,1,1,1,1,1,1,1
7789,1.59E-01,9.45E-02,2.45E-01,3,7789,Not eroded,0,1,1,1,1,0,1,0,0,1,1
7793,5.62E-02,1.69E-01,2.96E-01,4,7793,Not eroded,0,1,1,1,1,1,0,0,0,1,1
7794,2.60E-01,1.39E-01,3.01E-01,0,7794,ERODED,1,1,1,1,1,1,1,1,1,1,1
7797,3.17E-01,1.75E-01,2.51E-01,3,7797,Not eroded,0,1,1,1,1,1,1,0,0,1,1
7799,2.04E-01,1.76E-01,2.60E-01,0,7799,Not eroded,0,1,1,1,1,1,1,1,1,1,1
7800,1.54E-01,3.14E-01,2.97E-01,0,7800,ERODED,1,1,1,1,1,1,1,1,1,1,1
7801,2.95E-01,3.12E-01,2.90E-01,0,7801,ERODED,1,1,1,1,1,1,1,1,1,1,1
7814,6.60E-02,5.64E-02,2.97E-01,4,7814,Not eroded,0,1,1,1,1,1,0,0,0,1,1
7816,1.05E-01,2.47E-01,2.77E-01,4,7816,Not eroded,0,1,1,1,1,1,0,0,0,1,1
7818,5.63E-02,2.63E-01,2.57E-01,0,7818,Not eroded,0,1,1,1,1,1,1,1,1,1,1
7822,1.35E-01,6.45E-02,2.58E-01,4,7822,Not eroded,0,1,1,1,1,1,0,0,0,1,1
7826,2.40E-01,7.07E-02,3.16E-01,0,7826,ERODED,1,1,1,1,1,1,1,1,1,1,1
7833,1.56E-01,3.17E-01,3.07E-01,0,7833,ERODED,1,1,1,1,1,1,1,1,1,1,1
7845,1.43E-01,3.24E-01,2.50E-01,4,7845,Not eroded,0,1,1,1,1,0,0,0,0,1,1
7849,5.62E-02,1.75E-01,2.88E-01,5,7849,Not eroded,0,1,1,1,1,1,0,0,0,0,1
7851,9.19E-02,2.35E-01,2.75E-01,5,7851,Not eroded,0,1,1,1,1,1,0,0,0,0,1
7853,3.08E-01,1.18E-01,3.10E-01,0,7853,ERODED,1,1,1,1,1,1,1,1,1,1,1
7854,2.94E-01,2.33E-01,3.00E-01,0,7854,ERODED,1,1,1,1,1,1,1,1,1,1,1
7857,1.15E-01,2.54E-01,2.45E-01,0,7857,Not eroded,0,1,1,1,1,0,1,1,1,1,1
7866,1.38E-01,1.44E-01,2.60E-01,4,7866,Not eroded,0,1,1,1,1,1,0,0,0,1,1
7868,2.65E-01,3.24E-01,2.72E-01,0,7868,Not eroded,0,1,1,1,1,1,1,1,1,1,1
7869,2.03E-01,1.49E-01,2.92E-01,4,7869,Not eroded,0,1,1,1,1,1,0,0,0,1,1
7871,2.57E-01,9.43E-02,2.53E-01,5,7871,Not eroded,0,1,1,1,1,1,0,0,0,0,1
7872,1.07E-01,2.05E-01,2.56E-01,3,7872,Not eroded,0,1,1,1,1,1,1,0,0,1,1
7873,3.18E-01,7.28E-02,2.98E-01,0,7873,ERODED,1,1,1,1,1,1,1,1,1,1,1
7878,6.36E-02,2.50E-01,2.81E-01,0,7878,Not eroded,0,1,1,1,1,1,1,1,1,1,1
7881,7.41E-02,1.73E-01,2.71E-01,6,7881,Not eroded,0,1,1,1,1,1,0,0,0,0,0
7887,1.27E-01,3.19E-01,3.11E-01,0,7887,ERODED,1,1,1,1,1,1,1,1,1,1,1
7888,8.16E-02,2.44E-01,3.12E-01,0,7888,ERODED,1,1,1,1,1,1,1,1,1,1,1
7889,1.04E-01,2.48E-01,2.87E-01,4,7889,Not eroded,0,1,1,1,1,1,0,0,0,1,1
7890,3.24E-01,1.29E-01,3.04E-01,0,7890,ERODED,1,1,1,1,1,1,1,1,1,1,1
7892,1.87E-01,1.10E-01,2.54E-01,5,7892,Not eroded,0,1,1,1,1,1,0,0,0,0,1
7899,1.64E-01,2.85E-01,2.84E-01,5,7899,Not eroded,0,1,1,1,1,1,0,0,0,0,1
7901,2.39E-01,8.69E-02,2.83E-01,5,7901,Not eroded,0,1,1,1,1,1,0,0,0,0,1
7905,8.45E-02,5.59E-02,3.00E-01,3,7905,Not eroded,0,1,1,1,1,1,1,0,0,1,1
7907,1.62E-01,2.10E-01,2.83E-01,5,7907,Not eroded,0,1,1,1,1,1,0,0,0,0,1
7908,1.21E-01,2.48E-01,2.78E-01,3,7908,Not eroded,0,1,1,1,1,1,1,0,0,1,1
7915,1.28E-01,3.15E-01,2.69E-01,3,7915,Not eroded,0,1,1,1,1,1,1,0,0,1,1
7919,7.68E-02,2.85E-01,2.95E-01,0,7919,ERODED,1,1,1,1,1,1,1,1,1,1,1
7925,2.60E-01,2.67E-01,2.66E-01,0,7925,Not eroded,0,1,1,1,1,1,1,1,1,1,1
7927,2.73E-01,1.23E-01,3.26E-01,0,7927,ERODED,1,1,1,1,1,1,1,1,1,1,1
7931,1.47E-01,2.49E-01,3.01E-01,0,7931,ERODED,1,1,1,1,1,1,1,1,1,1,1
7933,1.95E-01,3.11E-01,2.86E-01,4,7933,Not eroded,0,1,1,1,1,1,0,0,0,1,1
7935,8.19E-02,2.94E-01,2.87E-01,0,7935,ERODED,1,1,1,1,1,1,1,1,1,1,1
7939,2.36E-01,2.02E-01,2.90E-01,0,7939,Not eroded,0,1,1,1,1,1,1,1,1,1,1
7940,1.82E-01,2.42E-01,2.48E-01,3,7940,Not eroded,0,1,1,1,1,0,1,0,0,1,1
7943,1.84E-01,1.54E-01,2.96E-01,0,7943,ERODED,1,1,1,1,1,1,1,1,1,1,1
7958,2.59E-01,2.11E-01,3.05E-01,0,7958,ERODED,1,1,1,1,1,1,1,1,1,1,1
7963,2.48E-01,5.81E-02,2.82E-01,0,7963,ERODED,1,1,1,1,1,1,1,1,1,1,1
7967,1.02E-01,1.43E-01,2.76E-01,4,7967,Not eroded,0,1,1,1,1,1,0,0,0,1,1
7976,2.63E-01,2.78E-01,2.99E-01,0,7976,ERODED,1,1,1,1,1,1,1,1,1,1,1
7977,1.36E-01,3.24E-01,3.09E-01,0,7977,ERODED,1,1,1,1,1,1,1,1,1,1,1
7980,8.90E-02,3.05E-01,2.53E-01,0,7980,Not eroded,0,1,1,1,1,1,1,1,1,1,1
7982,9.49E-02,2.41E-01,2.92E-01,4,7982,Not eroded,0,1,1,1,1,1,0,0,0,1,1
7985,1.82E-01,8.14E-02,2.58E-01,3,7985,Not eroded,0,1,1,1,1,1,1,0,0,1,1
7992,3.24E-01,1.75E-01,2.99E-01,0,7992,ERODED,1,1,1,1,1,1,1,1,1,1,1
7993,2.45E-01,6.53E-02,2.98E-01,0,7993,ERODED,1,1,1,1,1,1,1,1,1,1,1
7996,5.81E-02,3.01E-01,2.51E-01,0,7996,Not eroded,0,1,1,1,1,1,1,1,1,1,1
8001,1.72E-01,1.66E-01,2.59E-01,3,8001,Not eroded,0,1,1,1,1,1,1,0,0,1,1
8004,1.90E-01,2.36E-01,2.94E-01,3,8004,Not eroded,0,1,1,1,1,1,1,0,0,1,1
8006,3.11E-01,2.58E-01,2.95E-01,0,8006,Not eroded,0,1,1,1,1,1,1,1,1,1,1
8007,1.13E-01,6.17E-02,3.25E-01,0,8007,ERODED,1,1,1,1,1,1,1,1,1,1,1
8012,1.87E-01,1.70E-01,2.70E-01,3,8012,Not eroded,0,1,1,1,1,1,1,0,0,1,1
8015,3.24E-01,2.93E-01,2.82E-01,0,8015,ERODED,1,1,1,1,1,1,1,1,1,1,1
8021,2.41E-01,2.16E-01,2.53E-01,4,8021,Not eroded,0,1,1,1,1,1,0,0,0,1,1
8026,3.24E-01,1.64E-01,2.93E-01,0,8026,ERODED,1,1,1,1,1,1,1,1,1,1,1
8030,2.50E-01,2.23E-01,2.50E-01,0,8030,Not eroded,0,1,1,1,1,0,1,1,1,1,1
8033,1.01E-01,1.44E-01,2.86E-01,6,8033,Not eroded,0,1,1,1,1,1,0,0,0,0,0
8040,1.78E-01,7.40E-02,2.64E-01,4,8040,Not eroded,0,1,1,1,1,1,0,0,0,1,1
8052,1.45E-01,1.70E-01,2.92E-01,5,8052,Not eroded,0,1,1,1,1,1,0,0,0,0,1
8055,2.34E-01,8.54E-02,2.54E-01,2,8055,Not eroded,0,1,1,1,1,1,1,0,1,1,1
8061,2.90E-01,8.72E-02,3.01E-01,5,8061,Not eroded,0,1,1,1,1,1,0,0,0,0,1
8064,2.80E-01,1.09E-01,3.22E-01,0,8064,ERODED,1,1,1,1,1,1,1,1,1,1,1
8066,1.31E-01,2.44E-01,2.76E-01,3,8066,Not eroded,0,1,1,1,1,1,1,0,0,1,1
8068,1.22E-01,1.35E-01,2.93E-01,5,8068,Not eroded,0,1,1,1,1,1,0,0,0,0,1
8070,2.22E-01,1.79E-01,2.80E-01,0,8070,Not eroded,0,1,1,1,1,1,1,1,1,1,1
8073,1.67E-01,2.79E-01,3.06E-01,2,8073,ERODED,1,1,1,1,1,1,1,0,1,1,1
8075,8.32E-02,9.09E-02,2.77E-01,0,8075,Not eroded,0,1,1,1,1,1,1,1,1,1,1
8081,1.54E-01,3.24E-01,2.99E-01,0,8081,ERODED,1,1,1,1,1,1,1,1,1,1,1
8083,2.46E-01,3.24E-01,2.75E-01,0,8083,Not eroded,0,1,1,1,1,1,1,1,1,1,1
8086,1.43E-01,1.63E-01,2.85E-01,7,8086,Not eroded,0,1,1,1,1,1,0,0,0,0,0
8092,2.76E-01,1.13E-01,2.43E-01,6,8092,Not eroded,0,1,1,1,1,0,0,0,0,0,0
8093,2.30E-01,1.05E-01,2.70E-01,6,8093,Not eroded,0,1,1,1,1,1,0,0,0,0,0
8098,1.71E-01,2.32E-01,3.00E-01,3,8098,Not eroded,0,1,1,1,1,1,1,0,0,1,1
8102,2.29E-01,2.88E-01,3.00E-01,2,8102,ERODED,1,1,1,1,1,1,1,0,1,1,1
8103,9.35E-02,1.39E-01,2.90E-01,5,8103,Not eroded,0,1,1,1,1,1,0,0,0,0,1
8110,2.28E-01,2.76E-01,2.85E-01,4,8110,Not eroded,0,1,1,1,1,1,0,0,0,1,1
8114,2.35E-01,7.16E-02,3.25E-01,0,8114,ERODED,1,1,1,1,1,1,1,1,1,1,1
8122,1.47E-01,5.65E-02,3.16E-01,0,8122,ERODED,1,1,1,1,1,1,1,1,1,1,1
8124,2.50E-01,3.14E-01,2.95E-01,3,8124,Not eroded,0,1,1,1,1,1,1,0,0,1,1
8127,3.07E-01,3.14E-01,2.89E-01,0,8127,ERODED,1,1,1,1,1,1,1,1,1,1,1
8129,3.23E-01,1.09E-01,3.24E-01,0,8129,ERODED,1,1,1,1,1,1,1,1,1,1,1
8130,2.11E-01,1.38E-01,2.79E-01,5,8130,Not eroded,0,1,1,1,1,1,0,0,0,0,1
8133,2.61E-01,1.60E-01,3.10E-01,0,8133,ERODED,1,1,1,1,1,1,1,1,1,1,1
8137,5.62E-02,2.75E-01,2.43E-01,0,8137,Not eroded,0,1,1,1,1,0,1,1,1,1,1
8141,1.22E-01,1.25E-01,2.80E-01,3,8141,Not eroded,0,1,1,1,1,1,1,0,0,1,1
8144,1.51E-01,2.55E-01,2.53E-01,3,8144,Not eroded,0,1,1,1,1,1,1,0,0,1,1
8151,2.29E-01,2.85E-01,3.26E-01,0,8151,ERODED,1,1,1,1,1,1,1,1,1,1,1
8158,1.95E-01,2.21E-01,2.80E-01,0,8158,Not eroded,0,1,1,1,1,1,1,1,1,1,1
8159,2.58E-01,9.00E-02,2.45E-01,4,8159,Not eroded,0,1,1,1,1,0,0,0,0,1,1
8160,2.57E-01,1.72E-01,3.00E-01,0,8160,ERODED,1,1,1,1,1,1,1,1,1,1,1
8162,2.41E-01,6.97E-02,2.59E-01,0,8162,Not eroded,0,1,1,1,1,1,1,1,1,1,1
8163,1.45E-01,1.84E-01,2.71E-01,0,8163,Not eroded,0,1,1,1,1,1,1,1,1,1,1
8169,2.13E-01,2.68E-01,2.81E-01,4,8169,Not eroded,0,1,1,1,1,1,0,0,0,1,1
8181,2.23E-01,7.29E-02,3.15E-01,0,8181,ERODED,1,1,1,1,1,1,1,1,1,1,1
8182,5.62E-02,1.05E-01,2.70E-01,3,8182,Not eroded,0,1,1,1,1,1,1,0,0,1,1
8184,1.84E-01,5.65E-02,3.16E-01,0,8184,ERODED,1,1,1,1,1,1,1,1,1,1,1
8185,2.53E-01,8.72E-02,3.34E-01,0,8185,ERODED,1,1,1,1,1,1,1,1,1,1,1
8193,1.59E-01,2.75E-01,2.95E-01,3,8193,Not eroded,0,1,1,1,1,1,1,0,0,1,1
8195,2.51E-01,3.02E-01,2.97E-01,4,8195,ERODED,1,1,1,1,1,1,0,0,0,1,1
8199,1.45E-01,1.59E-01,3.18E-01,0,8199,ERODED,1,1,1,1,1,1,1,1,1,1,1
8201,5.62E-02,2.76E-01,2.93E-01,0,8201,ERODED,1,1,1,1,1,1,1,1,1,1,1
8202,1.79E-01,1.29E-01,2.55E-01,5,8202,Not eroded,0,1,1,1,1,1,0,0,0,0,1
8206,1.06E-01,3.09E-01,3.28E-01,0,8206,ERODED,1,1,1,1,1,1,1,1,1,1,1
8207,5.65E-02,3.10E-01,3.13E-01,0,8207,ERODED,1,1,1,1,1,1,1,1,1,1,1
8208,1.17E-01,2.22E-01,3.25E-01,0,8208,ERODED,1,1,1,1,1,1,1,1,1,1,1
8211,2.83E-01,5.65E-02,2.56E-01,0,8211,Not eroded,0,1,1,1,1,1,1,1,1,1,1
8214,3.24E-01,2.73E-01,2.81E-01,0,8214,Not eroded,0,1,1,1,1,1,1,1,1,1,1
8217,5.62E-02,5.64E-02,2.95E-01,2,8217,Not eroded,0,1,1,1,1,1,1,0,1,1,1
8227,1.54E-01,9.83E-02,2.73E-01,0,8227,Not eroded,0,1,1,1,1,1,1,1,1,1,1
8230,5.62E-02,1.58E-01,2.63E-01,6,8230,Not eroded,0,1,1,1,1,1,0,0,0,0,0
8231,8.13E-02,1.45E-01,2.45E-01,5,8231,Not eroded,0,1,1,1,1,0,0,0,0,0,1
8233,1.58E-01,1.57E-01,2.76E-01,3,8233,Not eroded,0,1,1,1,1,1,1,0,0,1,1
8234,1.50E-01,1.71E-01,2.53E-01,3,8234,Not eroded,0,1,1,1,1,1,1,0,0,1,1
8236,5.61E-02,1.87E-01,2.47E-01,3,8236,Not eroded,0,1,1,1,1,0,1,0,0,1,1
8240,1.04E-01,1.66E-01,2.81E-01,4,8240,Not eroded,0,1,1,1,1,1,0,0,0,1,1
8244,2.14E-01,2.06E-01,3.27E-01,0,8244,ERODED,1,1,1,1,1,1,1,1,1,1,1
8252,1.72E-01,2.03E-01,2.97E-01,4,8252,Not eroded,0,1,1,1,1,1,0,0,0,1,1
8255,1.02E-01,1.80E-01,3.26E-01,0,8255,ERODED,1,1,1,1,1,1,1,1,1,1,1
8261,5.61E-02,5.64E-02,2.57E-01,2,8261,Not eroded,0,1,1,1,1,1,1,0,1,1,1
8263,1.88E-01,2.05E-01,2.76E-01,4,8263,Not eroded,0,1,1,1,1,1,0,0,0,1,1
8271,2.82E-01,1.35E-01,3.22E-01,0,8271,ERODED,1,1,1,1,1,1,1,1,1,1,1
8277,2.56E-01,3.24E-01,2.54E-01,0,8277,Not eroded,0,1,1,1,1,1,1,1,1,1,1
8282,2.77E-01,9.67E-02,2.76E-01,0,8282,Not eroded,0,1,1,1,1,1,1,1,1,1,1
8284,7.27E-02,3.04E-01,2.96E-01,0,8284,ERODED,1,1,1,1,1,1,1,1,1,1,1
8285,2.60E-01,2.16E-01,2.96E-01,0,8285,Not eroded,0,1,1,1,1,1,1,1,1,1,1
8291,9.38E-02,1.14E-01,3.18E-01,0,8291,ERODED,1,1,1,1,1,1,1,1,1,1,1
8293,1.54E-01,7.56E-02,2.69E-01,0,8293,Not eroded,0,1,1,1,1,1,1,1,1,1,1
8295,3.06E-01,2.18E-01,3.17E-01,0,8295,ERODED,1,1,1,1,1,1,1,1,1,1,1
8298,8.47E-02,2.02E-01,2.43E-01,4,8298,Not eroded,0,1,1,1,1,0,0,0,0,1,1
8302,1.48E-01,6.00E-02,2.77E-01,4,8302,Not eroded,0,1,1,1,1,1,0,0,0,1,1
8313,1.64E-01,1.39E-01,2.82E-01,6,8313,Not eroded,0,1,1,1,1,1,0,0,0,0,0
8320,2.15E-01,1.94E-01,2.92E-01,3,8320,Not eroded,0,1,1,1,1,1,1,0,0,1,1
8325,8.02E-02,1.24E-01,2.80E-01,3,8325,Not eroded,0,1,1,1,1,1,1,0,0,1,1
8338,1.15E-01,1.48E-01,2.74E-01,5,8338,Not eroded,0,1,1,1,1,1,0,0,0,0,1
8339,1.33E-01,2.76E-01,2.90E-01,0,8339,Not eroded,0,1,1,1,1,1,1,1,1,1,1
8341,9.13E-02,2.45E-01,2.76E-01,4,8341,Not eroded,0,1,1,1,1,1,0,0,0,1,1
8344,2.29E-01,1.02E-01,2.95E-01,4,8344,Not eroded,0,1,1,1,1,1,0,0,0,1,1
8356,2.10E-01,9.61E-02,2.96E-01,5,8356,Not eroded,0,1,1,1,1,1,0,0,0,0,1
8358,1.91E-01,5.65E-02,2.83E-01,0,8358,ERODED,1,1,1,1,1,1,1,1,1,1,1
8371,9.52E-02,1.50E-01,2.91E-01,5,8371,Not eroded,0,1,1,1,1,1,0,0,0,0,1
8378,5.68E-02,3.23E-01,3.13E-01,0,8378,ERODED,1,1,1,1,1,1,1,1,1,1,1
8381,1.34E-01,2.25E-01,2.78E-01,0,8381,Not eroded,0,1,1,1,1,1,1,1,1,1,1
8387,1.41E-01,8.20E-02,2.42E-01,0,8387,Not eroded,0,1,1,1,1,0,1,1,1,1,1
8394,1.60E-01,9.96E-02,3.34E-01,0,8394,ERODED,1,1,1,1,1,1,1,1,1,1,1
8399,1.95E-01,1.53E-01,3.19E-01,0,8399,ERODED,1,1,1,1,1,1,1,1,1,1,1
8402,2.50E-01,1.44E-01,3.01E-01,0,8402,ERODED,1,1,1,1,1,1,1,1,1,1,1
8404,1.70E-01,1.60E-01,2.67E-01,5,8404,Not eroded,0,1,1,1,1,1,0,0,0,0,1
8405,7.10E-02,8.79E-02,2.71E-01,4,8405,Not eroded,0,1,1,1,1,1,0,0,0,1,1
8406,2.84E-01,2.03E-01,2.69E-01,0,8406,Not eroded,0,1,1,1,1,1,1,1,1,1,1
8420,2.26E-01,9.55E-02,2.69E-01,0,8420,Not eroded,0,1,1,1,1,1,1,1,1,1,1
8426,1.87E-01,1.19E-01,2.51E-01,6,8426,Not eroded,0,1,1,1,1,1,0,0,0,0,0
8433,3.19E-01,1.03E-01,2.83E-01,0,8433,ERODED,1,1,1,1,1,1,1,1,1,1,1
8438,1.95E-01,2.41E-01,3.05E-01,0,8438,Not eroded,0,1,1,1,1,1,1,1,1,1,1
8440,9.63E-02,1.73E-01,3.01E-01,0,8440,ERODED,1,1,1,1,1,1,1,1,1,1,1
8446,1.98E-01,1.21E-01,2.78E-01,5,8446,Not eroded,0,1,1,1,1,1,0,0,0,0,1
8448,2.49E-01,3.10E-01,2.42E-01,0,8448,Not eroded,0,1,1,1,1,0,1,1,1,1,1
8451,7.75E-02,7.60E-02,2.64E-01,0,8451,Not eroded,0,1,1,1,1,1,1,1,1,1,1
8461,2.52E-01,5.66E-02,2.51E-01,0,8461,Not eroded,0,1,1,1,1,1,1,1,1,1,1
8462,1.57E-01,1.05E-01,2.66E-01,0,8462,Not eroded,0,1,1,1,1,1,1,1,1,1,1
8466,2.80E-01,1.19E-01,3.18E-01,0,8466,ERODED,1,1,1,1,1,1,1,1,1,1,1
8470,1.48E-01,1.82E-01,2.87E-01,4,8470,Not eroded,0,1,1,1,1,1,0,0,0,1,1
8473,2.48E-01,2.82E-01,3.01E-01,0,8473,ERODED,1,1,1,1,1,1,1,1,1,1,1
8475,1.48E-01,2.71E-01,2.92E-01,2,8475,Not eroded,0,1,1,1,1,1,1,0,1,1,1
8476,2.45E-01,3.24E-01,2.48E-01,0,8476,Not eroded,0,1,1,1,1,0,1,1,1,1,1
8478,8.01E-02,3.24E-01,3.01E-01,0,8478,ERODED,1,1,1,1,1,1,1,1,1,1,1
8480,2.06E-01,1.60E-01,2.52E-01,3,8480,Not eroded,0,1,1,1,1,1,1,0,0,1,1
8490,2.83E-01,7.62E-02,2.56E-01,5,8490,Not eroded,0,1,1,1,1,1,0,0,0,0,1
8492,3.19E-01,1.58E-01,2.84E-01,0,8492,ERODED,1,1,1,1,1,1,1,1,1,1,1
8495,2.51E-01,1.25E-01,2.42E-01,4,8495,Not eroded,0,1,1,1,1,0,0,0,0,1,1
8501,2.86E-01,2.25E-01,2.48E-01,0,8501,Not eroded,0,1,1,1,1,0,1,1,1,1,1
8505,2.25E-01,2.52E-01,2.50E-01,0,8505,Not eroded,0,1,1,1,1,0,1,1,1,1,1
8507,1.26E-01,1.38E-01,2.84E-01,6,8507,Not eroded,0,1,1,1,1,1,0,0,0,0,0
8512,2.90E-01,5.65E-02,2.65E-01,0,8512,Not eroded,0,1,1,1,1,1,1,1,1,1,1
8513,2.50E-01,2.11E-01,2.41E-01,3,8513,Not eroded,0,1,1,1,1,0,1,0,0,1,1
8519,1.89E-01,3.24E-01,2.72E-01,4,8519,Not eroded,0,1,1,1,1,1,0,0,0,1,1
8522,3.06E-01,5.65E-02,2.63E-01,0,8522,Not eroded,0,1,1,1,1,1,1,1,1,1,1
8526,2.25E-01,8.77E-02,2.51E-01,5,8526,Not eroded,0,1,1,1,1,1,0,0,0,0,1
8527,5.62E-02,2.16E-01,2.67E-01,3,8527,Not eroded,0,1,1,1,1,1,1,0,0,1,1
8528,1.88E-01,2.15E-01,2.75E-01,4,8528,Not eroded,0,1,1,1,1,1,0,0,0,1,1
8531,1.27E-01,2.64E-01,3.09E-01,0,8531,ERODED,1,1,1,1,1,1,1,1,1,1,1
8532,1.32E-01,2.02E-01,3.10E-01,0,8532,ERODED,1,1,1,1,1,1,1,1,1,1,1
8540,1.31E-01,1.48E-01,2.84E-01,5,8540,Not eroded,0,1,1,1,1,1,0,0,0,0,1
8541,2.91E-01,1.06E-01,2.52E-01,3,8541,Not eroded,0,1,1,1,1,1,1,0,0,1,1
8545,1.27E-01,1.73E-01,2.41E-01,0,8545,Not eroded,0,1,1,1,1,0,1,1,1,1,1
8549,1.23E-01,2.39E-01,2.75E-01,4,8549,Not eroded,0,1,1,1,1,1,0,0,0,1,1
8551,2.06E-01,2.85E-01,2.88E-01,4,8551,Not eroded,0,1,1,1,1,1,0,0,0,1,1
8553,1.33E-01,1.32E-01,2.71E-01,3,8553,Not eroded,0,1,1,1,1,1,1,0,0,1,1
8555,2.83E-01,1.31E-01,3.03E-01,0,8555,ERODED,1,1,1,1,1,1,1,1,1,1,1
8560,2.37E-01,1.24E-01,2.84E-01,4,8560,Not eroded,0,1,1,1,1,1,0,0,0,1,1
8565,8.53E-02,2.40E-01,2.82E-01,0,8565,Not eroded,0,1,1,1,1,1,1,1,1,1,1
8569,3.24E-01,1.09E-01,2.54E-01,0,8569,ERODED,1,1,1,1,1,1,1,1,1,1,1
8576,2.87E-01,2.54E-01,3.27E-01,0,8576,ERODED,1,1,1,1,1,1,1,1,1,1,1
8577,9.84E-02,2.01E-01,2.57E-01,4,8577,Not eroded,0,1,1,1,1,1,0,0,0,1,1
8578,5.62E-02,2.63E-01,2.91E-01,0,8578,Not eroded,0,1,1,1,1,1,1,1,1,1,1
8579,1.76E-01,6.74E-02,3.24E-01,0,8579,ERODED,1,1,1,1,1,1,1,1,1,1,1
8581,2.92E-01,1.13E-01,3.17E-01,0,8581,ERODED,1,1,1,1,1,1,1,1,1,1,1
8582,1.80E-01,2.73E-01,3.29E-01,0,8582,ERODED,1,1,1,1,1,1,1,1,1,1,1
8595,2.92E-01,1.64E-01,2.73E-01,0,8595,ERODED,1,1,1,1,1,1,1,1,1,1,1
8598,2.15E-01,1.44E-01,2.58E-01,4,8598,Not eroded,0,1,1,1,1,1,0,0,0,1,1
8602,3.15E-01,1.89E-01,3.05E-01,0,8602,ERODED,1,1,1,1,1,1,1,1,1,1,1
8604,1.30E-01,2.52E-01,2.82E-01,0,8604,Not eroded,0,1,1,1,1,1,1,1,1,1,1
8614,6.15E-02,5.64E-02,2.66E-01,4,8614,Not eroded,0,1,1,1,1,1,0,0,0,1,1
8615,1.71E-01,1.72E-01,2.45E-01,3,8615,Not eroded,0,1,1,1,1,0,1,0,0,1,1
8620,3.02E-01,1.63E-01,3.26E-01,0,8620,ERODED,1,1,1,1,1,1,1,1,1,1,1
8624,9.60E-02,1.92E-01,2.60E-01,7,8624,Not eroded,0,1,1,1,1,1,0,0,0,0,0
8626,2.45E-01,5.68E-02,3.31E-01,0,8626,ERODED,1,1,1,1,1,1,1,1,1,1,1
8627,1.69E-01,2.25E-01,3.25E-01,0,8627,ERODED,1,1,1,1,1,1,1,1,1,1,1
8633,1.55E-01,1.47E-01,2.71E-01,4,8633,Not eroded,0,1,1,1,1,1,0,0,0,1,1
8642,1.17E-01,2.67E-01,3.09E-01,3,8642,Not eroded,0,1,1,1,1,1,1,0,0,1,1
8651,8.72E-02,3.24E-01,2.84E-01,0,8651,ERODED,1,1,1,1,1,1,1,1,1,1,1
8653,2.07E-01,2.22E-01,2.96E-01,4,8653,Not eroded,0,1,1,1,1,1,0,0,0,1,1
8660,1.70E-01,3.07E-01,2.88E-01,4,8660,Not eroded,0,1,1,1,1,1,0,0,0,1,1
8667,6.45E-02,9.44E-02,2.76E-01,0,8667,Not eroded,0,1,1,1,1,1,1,1,1,1,1
8670,7.79E-02,1.78E-01,2.79E-01,4,8670,Not eroded,0,1,1,1,1,1,0,0,0,1,1
8671,1.41E-01,5.67E-02,3.07E-01,0,8671,ERODED,1,1,1,1,1,1,1,1,1,1,1
8674,1.98E-01,3.04E-01,2.92E-01,5,8674,Not eroded,0,1,1,1,1,1,0,0,0,0,1
8678,2.62E-01,2.72E-01,2.42E-01,0,8678,Not eroded,0,1,1,1,1,0,1,1,1,1,1
8680,2.72E-01,3.13E-01,2.81E-01,0,8680,Not eroded,0,1,1,1,1,1,1,1,1,1,1
8682,3.15E-01,1.12E-01,2.86E-01,0,8682,ERODED,1,1,1,1,1,1,1,1,1,1,1
8685,3.24E-01,1.96E-01,3.33E-01,0,8685,ERODED,1,1,1,1,1,1,1,1,1,1,1
8686,3.24E-01,1.74E-01,2.67E-01,0,8686,Not eroded,0,1,1,1,1,1,1,1,1,1,1
8696,9.86E-02,3.22E-01,3.13E-01,0,8696,ERODED,1,1,1,1,1,1,1,1,1,1,1
8699,2.88E-01,3.19E-01,2.87E-01,0,8699,ERODED,1,1,1,1,1,1,1,1,1,1,1
8700,3.24E-01,1.85E-01,3.01E-01,0,8700,ERODED,1,1,1,1,1,1,1,1,1,1,1
8701,2.26E-01,2.53E-01,3.00E-01,0,8701,Not eroded,0,1,1,1,1,1,1,1,1,1,1
8703,2.67E-01,1.02E-01,2.77E-01,4,8703,Not eroded,0,1,1,1,1,1,0,0,0,1,1
8704,1.16E-01,2.36E-01,2.86E-01,0,8704,Not eroded,0,1,1,1,1,1,1,1,1,1,1
8711,1.22E-01,3.01E-01,3.07E-01,0,8711,ERODED,1,1,1,1,1,1,1,1,1,1,1
8712,3.15E-01,1.99E-01,3.03E-01,0,8712,ERODED,1,1,1,1,1,1,1,1,1,1,1
8714,1.19E-01,2.89E-01,2.94E-01,3,8714,Not eroded,0,1,1,1,1,1,1,0,0,1,1
8719,3.24E-01,9.48E-02,2.85E-01,0,8719,ERODED,1,1,1,1,1,1,1,1,1,1,1
8729,1.87E-01,2.99E-01,2.73E-01,2,8729,Not eroded,0,1,1,1,1,1,1,0,1,1,1
8743,2.26E-01,2.15E-01,2.99E-01,4,8743,Not eroded,0,1,1,1,1,1,0,0,0,1,1
8744,2.23E-01,2.56E-01,2.65E-01,0,8744,Not eroded,0,1,1,1,1,1,1,1,1,1,1
8745,1.45E-01,3.03E-01,2.50E-01,4,8745,Not eroded,0,1,1,1,1,0,0,0,0,1,1
8753,1.37E-01,6.57E-02,2.80E-01,4,8753,Not eroded,0,1,1,1,1,1,0,0,0,1,1
8755,1.48E-01,5.64E-02,2.51E-01,4,8755,Not eroded,0,1,1,1,1,1,0,0,0,1,1
8766,3.03E-01,1.64E-01,2.57E-01,0,8766,Not eroded,0,1,1,1,1,1,1,1,1,1,1
8767,7.55E-02,3.24E-01,2.92E-01,0,8767,ERODED,1,1,1,1,1,1,1,1,1,1,1
8774,1.83E-01,2.87E-01,2.90E-01,2,8774,Not eroded,0,1,1,1,1,1,1,0,1,1,1
8786,2.48E-01,3.14E-01,2.85E-01,0,8786,Not eroded,0,1,1,1,1,1,1,1,1,1,1
8790,9.37E-02,3.01E-01,2.62E-01,0,8790,Not eroded,0,1,1,1,1,1,1,1,1,1,1
8792,1.29E-01,2.12E-01,2.62E-01,4,8792,Not eroded,0,1,1,1,1,1,0,0,0,1,1
8795,1.74E-01,3.02E-01,2.72E-01,0,8795,Not eroded,0,1,1,1,1,1,1,1,1,1,1
8796,2.87E-01,9.55E-02,3.11E-01,0,8796,ERODED,1,1,1,1,1,1,1,1,1,1,1
8799,1.84E-01,5.65E-02,2.54E-01,3,8799,Not eroded,0,1,1,1,1,1,1,0,0,1,1
8803,1.08E-01,2.04E-01,2.87E-01,4,8803,Not eroded,0,1,1,1,1,1,0,0,0,1,1
8807,2.41E-01,6.96E-02,3.06E-01,0,8807,ERODED,1,1,1,1,1,1,1,1,1,1,1
8811,2.89E-01,2.07E-01,2.79E-01,0,8811,ERODED,1,1,1,1,1,1,1,1,1,1,1
8817,1.79E-01,2.82E-01,2.69E-01,3,8817,Not eroded,0,1,1,1,1,1,1,0,0,1,1
8818,8.55E-02,2.93E-01,2.48E-01,0,8818,Not eroded,0,1,1,1,1,0,1,1,1,1,1
8819,2.60E-01,3.14E-01,2.65E-01,0,8819,Not eroded,0,1,1,1,1,1,1,1,1,1,1
8831,8.27E-02,1.52E-01,2.84E-01,2,8831,Not eroded,0,1,1,1,1,1,1,0,1,1,1
8832,3.17E-01,2.79E-01,2.83E-01,0,8832,Not eroded,0,1,1,1,1,1,1,1,1,1,1
8835,2.06E-01,1.84E-01,2.66E-01,0,8835,Not eroded,0,1,1,1,1,1,1,1,1,1,1
8841,9.30E-02,3.14E-01,3.06E-01,0,8841,ERODED,1,1,1,1,1,1,1,1,1,1,1
8842,1.73E-01,1.27E-01,2.86E-01,0,8842,Not eroded,0,1,1,1,1,1,1,1,1,1,1
8846,7.53E-02,2.54E-01,2.91E-01,4,8846,Not eroded,0,1,1,1,1,1,0,0,0,1,1
8848,5.63E-02,9.96E-02,2.79E-01,0,8848,Not eroded,0,1,1,1,1,1,1,1,1,1,1
8850,1.46E-01,6.52E-02,3.07E-01,0,8850,ERODED,1,1,1,1,1,1,1,1,1,1,1
8852,1.16E-01,6.60E-02,2.93E-01,4,8852,Not eroded,0,1,1,1,1,1,0,0,0,1,1
8864,2.26E-01,7.06E-02,2.49E-01,5,8864,Not eroded,0,1,1,1,1,0,0,0,0,0,1
8866,7.73E-02,7.24E-02,2.88E-01,5,8866,Not eroded,0,1,1,1,1,1,0,0,0,0,1
8870,2.90E-01,1.71E-01,2.90E-01,0,8870,ERODED,1,1,1,1,1,1,1,1,1,1,1
8871,1.55E-01,3.09E-01,3.14E-01,0,8871,ERODED,1,1,1,1,1,1,1,1,1,1,1
8877,2.50E-01,1.71E-01,2.82E-01,0,8877,ERODED,1,1,1,1,1,1,1,1,1,1,1
8879,2.15E-01,3.24E-01,3.08E-01,2,8879,ERODED,1,1,1,1,1,1,1,0,1,1,1
8881,1.17E-01,3.23E-01,3.07E-01,0,8881,ERODED,1,1,1,1,1,1,1,1,1,1,1
8882,7.91E-02,1.51E-01,2.53E-01,5,8882,Not eroded,0,1,1,1,1,1,0,0,0,0,1
8887,2.82E-01,1.55E-01,3.05E-01,0,8887,ERODED,1,1,1,1,1,1,1,1,1,1,1
8894,2.20E-01,6.34E-02,2.52E-01,3,8894,Not eroded,0,1,1,1,1,1,1,0,0,1,1
8895,3.24E-01,1.94E-01,2.41E-01,3,8895,Not eroded,0,1,1,1,1,0,1,0,0,1,1
8897,2.11E-01,1.72E-01,3.18E-01,0,8897,ERODED,1,1,1,1,1,1,1,1,1,1,1
8898,9.65E-02,1.62E-01,2.66E-01,4,8898,Not eroded,0,1,1,1,1,1,0,0,0,1,1
8901,1.87E-01,8.43E-02,2.89E-01,4,8901,Not eroded,0,1,1,1,1,1,0,0,0,1,1
8913,2.61E-01,5.64E-02,2.53E-01,5,8913,Not eroded,0,1,1,1,1,1,0,0,0,0,1
8917,1.67E-01,2.20E-01,2.75E-01,4,8917,Not eroded,0,1,1,1,1,1,0,0,0,1,1
8919,1.74E-01,2.89E-01,2.92E-01,0,8919,ERODED,1,1,1,1,1,1,1,1,1,1,1
8921,1.24E-01,6.51E-02,2.76E-01,0,8921,Not eroded,0,1,1,1,1,1,1,1,1,1,1
8924,3.20E-01,1.55E-01,2.94E-01,0,8924,ERODED,1,1,1,1,1,1,1,1,1,1,1
8934,2.08E-01,1.66E-01,2.43E-01,5,8934,Not eroded,0,1,1,1,1,0,0,0,0,0,1
8942,2.39E-01,8.38E-02,3.26E-01,0,8942,ERODED,1,1,1,1,1,1,1,1,1,1,1
8945,1.40E-01,2.57E-01,3.02E-01,0,8945,ERODED,1,1,1,1,1,1,1,1,1,1,1
8946,2.87E-01,2.85E-01,2.93E-01,3,8946,Not eroded,0,1,1,1,1,1,1,0,0,1,1
8949,1.81E-01,2.76E-01,2.77E-01,5,8949,Not eroded,0,1,1,1,1,1,0,0,0,0,1
8951,7.75E-02,8.54E-02,2.88E-01,0,8951,Not eroded,0,1,1,1,1,1,1,1,1,1,1
8952,1.87E-01,3.08E-01,2.78E-01,6,8952,Not eroded,0,1,1,1,1,1,0,0,0,0,0
8954,3.24E-01,2.16E-01,2.61E-01,3,8954,Not eroded,0,1,1,1,1,1,1,0,0,1,1
8955,1.25E-01,1.15E-01,2.79E-01,3,8955,Not eroded,0,1,1,1,1,1,1,0,0,1,1
8956,6.77E-02,1.18E-01,3.28E-01,0,8956,ERODED,1,1,1,1,1,1,1,1,1,1,1
8968,5.62E-02,2.90E-01,2.47E-01,0,8968,Not eroded,0,1,1,1,1,0,1,1,1,1,1
8969,2.51E-01,8.57E-02,2.50E-01,3,8969,Not eroded,0,1,1,1,1,0,1,0,0,1,1
8974,2.98E-01,3.24E-01,3.25E-01,0,8974,ERODED,1,1,1,1,1,1,1,1,1,1,1
8977,1.66E-01,2.86E-01,2.42E-01,4,8977,Not eroded,0,1,1,1,1,0,0,0,0,1,1
8983,2.68E-01,1.93E-01,3.20E-01,0,8983,ERODED,1,1,1,1,1,1,1,1,1,1,1
8985,2.41E-01,3.15E-01,2.45E-01,0,8985,Not eroded,0,1,1,1,1,0,1,1,1,1,1
9003,9.27E-02,2.93E-01,2.57E-01,0,9003,ERODED,1,1,1,1,1,1,1,1,1,1,1
9012,1.18E-01,2.22E-01,2.84E-01,5,9012,Not eroded,0,1,1,1,1,1,0,0,0,0,1
9017,1.46E-01,1.68E-01,2.44E-01,0,9017,Not eroded,0,1,1,1,1,0,1,1,1,1,1
9020,1.96E-01,1.65E-01,2.47E-01,3,9020,Not eroded,0,1,1,1,1,0,1,0,0,1,1
9024,2.11E-01,1.47E-01,2.67E-01,5,9024,Not eroded,0,1,1,1,1,1,0,0,0,0,1
9025,1.47E-01,2.64E-01,3.02E-01,0,9025,ERODED,1,1,1,1,1,1,1,1,1,1,1
9029,3.12E-01,2.11E-01,3.12E-01,0,9029,ERODED,1,1,1,1,1,1,1,1,1,1,1
9030,1.06E-01,5.64E-02,2.95E-01,3,9030,Not eroded,0,1,1,1,1,1,1,0,0,1,1
9039,1.81E-01,1.67E-01,2.77E-01,4,9039,Not eroded,0,1,1,1,1,1,0,0,0,1,1
9041,1.79E-01,2.17E-01,2.61E-01,0,9041,Not eroded,0,1,1,1,1,1,1,1,1,1,1
9045,2.61E-01,1.24E-01,3.01E-01,0,9045,ERODED,1,1,1,1,1,1,1,1,1,1,1
9046,3.05E-01,1.33E-01,2.43E-01,0,9046,Not eroded,0,1,1,1,1,0,1,1,1,1,1
9053,1.07E-01,2.65E-01,3.02E-01,4,9053,Not eroded,0,1,1,1,1,1,0,0,0,1,1
9056,1.91E-01,6.26E-02,2.56E-01,5,9056,Not eroded,0,1,1,1,1,1,0,0,0,0,1
9059,9.21E-02,2.71E-01,2.97E-01,2,9059,Not eroded,0,1,1,1,1,1,1,0,1,1,1
9066,3.14E-01,5.65E-02,3.25E-01,0,9066,ERODED,1,1,1,1,1,1,1,1,1,1,1
9069,1.68E-01,5.70E-02,3.14E-01,0,9069,ERODED,1,1,1,1,1,1,1,1,1,1,1
9080,3.24E-01,2.84E-01,2.77E-01,0,9080,Not eroded,0,1,1,1,1,1,1,1,1,1,1
9081,1.25E-01,1.42E-01,2.70E-01,4,9081,Not eroded,0,1,1,1,1,1,0,0,0,1,1
9085,1.38E-01,1.46E-01,3.07E-01,2,9085,Not eroded,0,1,1,1,1,1,1,0,1,1,1
9086,2.43E-01,6.87E-02,2.88E-01,0,9086,ERODED,1,1,1,1,1,1,1,1,1,1,1
9088,1.83E-01,9.89E-02,2.53E-01,0,9088,Not eroded,0,1,1,1,1,1,1,1,1,1,1
9100,2.03E-01,2.17E-01,2.61E-01,4,9100,Not eroded,0,1,1,1,1,1,0,0,0,1,1
9107,1.30E-01,1.96E-01,2.53E-01,5,9107,Not eroded,0,1,1,1,1,1,0,0,0,0,1
9108,2.28E-01,1.71E-01,2.69E-01,3,9108,Not eroded,0,1,1,1,1,1,1,0,0,1,1
9110,2.34E-01,5.65E-02,2.43E-01,3,9110,Not eroded,0,1,1,1,1,0,1,0,0,1,1
9115,1.20E-01,3.24E-01,3.17E-01,0,9115,ERODED,1,1,1,1,1,1,1,1,1,1,1
9116,1.82E-01,3.15E-01,2.56E-01,4,9116,Not eroded,0,1,1,1,1,1,0,0,0,1,1
9117,2.43E-01,7.84E-02,2.54E-01,4,9117,Not eroded,0,1,1,1,1,1,0,0,0,1,1
9121,2.24E-01,2.51E-01,2.84E-01,0,9121,Not eroded,0,1,1,1,1,1,1,1,1,1,1
9125,3.06E-01,9.37E-02,2.75E-01,0,9125,ERODED,1,1,1,1,1,1,1,1,1,1,1
9128,1.11E-01,1.47E-01,3.23E-01,0,9128,ERODED,1,1,1,1,1,1,1,1,1,1,1
9131,3.24E-01,5.65E-02,2.44E-01,0,9131,ERODED,1,1,1,1,1,0,1,1,1,1,1
9142,3.24E-01,1.40E-01,2.88E-01,0,9142,Not eroded,0,1,1,1,1,1,1,1,1,1,1
9157,3.16E-01,1.70E-01,2.43E-01,6,9157,Not eroded,0,1,1,1,1,0,0,0,0,0,0
9161,2.68E-01,1.41E-01,2.96E-01,0,9161,ERODED,1,1,1,1,1,1,1,1,1,1,1
9162,2.25E-01,1.32E-01,2.96E-01,5,9162,Not eroded,0,1,1,1,1,1,0,0,0,0,1
9163,2.58E-01,8.88E-02,2.95E-01,3,9163,Not eroded,0,1,1,1,1,1,1,0,0,1,1
9164,8.35E-02,5.64E-02,2.49E-01,4,9164,Not eroded,0,1,1,1,1,0,0,0,0,1,1
9165,2.19E-01,1.01E-01,2.95E-01,4,9165,Not eroded,0,1,1,1,1,1,0,0,0,1,1
9171,3.24E-01,1.38E-01,2.48E-01,3,9171,Not eroded,0,1,1,1,1,0,1,0,0,1,1
9172,3.02E-01,6.52E-02,2.48E-01,0,9172,Not eroded,0,1,1,1,1,0,1,1,1,1,1
9181,2.73E-01,1.04E-01,2.69E-01,4,9181,Not eroded,0,1,1,1,1,1,0,0,0,1,1
9182,1.66E-01,2.61E-01,2.50E-01,4,9182,Not eroded,0,1,1,1,1,0,0,0,0,1,1
9185,3.18E-01,2.24E-01,2.49E-01,5,9185,Not eroded,0,1,1,1,1,0,0,0,0,0,1
9188,6.30E-02,8.96E-02,2.63E-01,5,9188,Not eroded,0,1,1,1,1,1,0,0,0,0,1
9189,1.30E-01,1.77E-01,2.92E-01,0,9189,ERODED,1,1,1,1,1,1,1,1,1,1,1
9191,2.09E-01,1.89E-01,2.75E-01,5,9191,Not eroded,0,1,1,1,1,1,0,0,0,0,1
9195,6.49E-02,8.43E-02,2.78E-01,4,9195,Not eroded,0,1,1,1,1,1,0,0,0,1,1
9196,1.43E-01,6.42E-02,2.48E-01,5,9196,Not eroded,0,1,1,1,1,0,0,0,0,0,1
9201,3.10E-01,2.52E-01,2.87E-01,4,9201,Not eroded,0,1,1,1,1,1,0,0,0,1,1
9202,1.27E-01,2.57E-01,3.25E-01,0,9202,ERODED,1,1,1,1,1,1,1,1,1,1,1
9207,1.79E-01,1.03E-01,2.42E-01,0,9207,Not eroded,0,1,1,1,1,0,1,1,1,1,1
9208,2.01E-01,9.83E-02,2.87E-01,3,9208,Not eroded,0,1,1,1,1,1,1,0,0,1,1
9211,2.41E-01,1.02E-01,2.48E-01,5,9211,Not eroded,0,1,1,1,1,0,0,0,0,0,1
9213,8.29E-02,2.50E-01,2.78E-01,7,9213,Not eroded,0,1,1,1,1,1,0,0,0,0,0
9214,1.44E-01,3.09E-01,2.43E-01,5,9214,Not eroded,0,1,1,1,1,0,0,0,0,0,1
9215,2.21E-01,2.96E-01,2.53E-01,0,9215,Not eroded,0,1,1,1,1,1,1,1,1,1,1
9217,2.20E-01,2.49E-01,2.58E-01,0,9217,Not eroded,0,1,1,1,1,1,1,1,1,1,1
9231,8.37E-02,3.18E-01,2.91E-01,0,9231,ERODED,1,1,1,1,1,1,1,1,1,1,1
9235,2.05E-01,2.02E-01,3.01E-01,4,9235,Not eroded,0,1,1,1,1,1,0,0,0,1,1
9238,7.28E-02,6.50E-02,2.93E-01,6,9238,Not eroded,0,1,1,1,1,1,0,0,0,0,0
9245,1.39E-01,2.80E-01,2.74E-01,0,9245,Not eroded,0,1,1,1,1,1,1,1,1,1,1
9248,1.75E-01,1.65E-01,3.08E-01,0,9248,ERODED,1,1,1,1,1,1,1,1,1,1,1
9255,1.42E-01,7.74E-02,2.85E-01,3,9255,Not eroded,0,1,1,1,1,1,1,0,0,1,1
9263,5.67E-02,2.24E-01,3.25E-01,0,9263,ERODED,1,1,1,1,1,1,1,1,1,1,1
9270,1.77E-01,3.24E-01,2.59E-01,3,9270,Not eroded,0,1,1,1,1,1,1,0,0,1,1
9275,1.73E-01,1.18E-01,2.48E-01,7,9275,Not eroded,0,1,1,1,1,0,0,0,0,0,0
9279,2.38E-01,5.65E-02,2.87E-01,0,9279,ERODED,1,1,1,1,1,1,1,1,1,1,1
9283,1.70E-01,1.26E-01,2.69E-01,5,9283,Not eroded,0,1,1,1,1,1,0,0,0,0,1
9284,8.24E-02,3.08E-01,2.93E-01,0,9284,ERODED,1,1,1,1,1,1,1,1,1,1,1
9285,1.41E-01,1.53E-01,3.00E-01,5,9285,Not eroded,0,1,1,1,1,1,0,0,0,0,1
9288,5.77E-02,5.82E-02,3.08E-01,0,9288,ERODED,1,1,1,1,1,1,1,1,1,1,1
9289,5.59E-02,5.61E-02,2.41E-01,1,9289,Not eroded,0,1,1,1,1,0,1,1,1,1,1
9290,3.07E-01,1.81E-01,2.52E-01,0,9290,Not eroded,0,1,1,1,1,1,1,1,1,1,1
9294,1.52E-01,2.95E-01,2.51E-01,4,9294,Not eroded,0,1,1,1,1,1,0,0,0,1,1
9295,6.52E-02,8.52E-02,2.97E-01,4,9295,Not eroded,0,1,1,1,1,1,0,0,0,1,1
9302,9.17E-02,1.86E-01,2.87E-01,4,9302,Not eroded,0,1,1,1,1,1,0,0,0,1,1
9303,1.55E-01,1.64E-01,2.65E-01,5,9303,Not eroded,0,1,1,1,1,1,0,0,0,0,1
9305,1.79E-01,2.32E-01,2.87E-01,5,9305,Not eroded,0,1,1,1,1,1,0,0,0,0,1
9309,3.14E-01,2.19E-01,3.04E-01,0,9309,ERODED,1,1,1,1,1,1,1,1,1,1,1
9310,2.57E-01,2.39E-01,2.59E-01,0,9310,Not eroded,0,1,1,1,1,1,1,1,1,1,1
9313,2.12E-01,2.41E-01,3.01E-01,0,9313,Not eroded,0,1,1,1,1,1,1,1,1,1,1
9314,3.08E-01,2.74E-01,2.85E-01,0,9314,Not eroded,0,1,1,1,1,1,1,1,1,1,1
9316,2.83E-01,1.11E-01,2.50E-01,5,9316,Not eroded,0,1,1,1,1,0,0,0,0,0,1
9322,1.06E-01,1.92E-01,2.61E-01,4,9322,Not eroded,0,1,1,1,1,1,0,0,0,1,1
9329,2.99E-01,6.30E-02,3.08E-01,0,9329,ERODED,1,1,1,1,1,1,1,1,1,1,1
9342,7.28E-02,1.31E-01,2.69E-01,0,9342,Not eroded,0,1,1,1,1,1,1,1,1,1,1
9344,1.20E-01,1.08E-01,3.19E-01,0,9344,ERODED,1,1,1,1,1,1,1,1,1,1,1
9345,1.77E-01,1.91E-01,3.27E-01,0,9345,ERODED,1,1,1,1,1,1,1,1,1,1,1
9348,2.10E-01,1.80E-01,2.80E-01,5,9348,Not eroded,0,1,1,1,1,1,0,0,0,0,1
9349,1.12E-01,2.63E-01,2.54E-01,0,9349,Not eroded,0,1,1,1,1,1,1,1,1,1,1
9351,3.15E-01,1.11E-01,3.06E-01,0,9351,ERODED,1,1,1,1,1,1,1,1,1,1,1
9352,2.36E-01,2.57E-01,3.24E-01,0,9352,ERODED,1,1,1,1,1,1,1,1,1,1,1
9357,1.21E-01,2.49E-01,2.68E-01,0,9357,Not eroded,0,1,1,1,1,1,1,1,1,1,1
9365,2.50E-01,1.65E-01,3.09E-01,0,9365,ERODED,1,1,1,1,1,1,1,1,1,1,1
9368,3.11E-01,1.79E-01,3.10E-01,0,9368,ERODED,1,1,1,1,1,1,1,1,1,1,1
9369,2.68E-01,5.64E-02,2.81E-01,3,9369,Not eroded,0,1,1,1,1,1,1,0,0,1,1
9370,2.46E-01,7.49E-02,2.96E-01,2,9370,Not eroded,0,1,1,1,1,1,1,0,1,1,1
9381,9.24E-02,1.46E-01,2.82E-01,5,9381,Not eroded,0,1,1,1,1,1,0,0,0,0,1
9384,1.67E-01,2.66E-01,2.60E-01,4,9384,Not eroded,0,1,1,1,1,1,0,0,0,1,1
9388,2.27E-01,2.45E-01,2.92E-01,0,9388,Not eroded,0,1,1,1,1,1,1,1,1,1,1
9396,1.50E-01,9.82E-02,2.46E-01,3,9396,Not eroded,0,1,1,1,1,0,1,0,0,1,1
9398,1.99E-01,2.51E-01,2.48E-01,0,9398,Not eroded,0,1,1,1,1,0,1,1,1,1,1
9401,2.78E-01,1.02E-01,2.49E-01,5,9401,Not eroded,0,1,1,1,1,0,0,0,0,0,1
9405,2.13E-01,9.43E-02,2.85E-01,2,9405,Not eroded,0,1,1,1,1,1,1,0,1,1,1
9410,2.17E-01,1.86E-01,2.87E-01,4,9410,Not eroded,0,1,1,1,1,1,0,0,0,1,1
9420,6.50E-02,2.53E-01,2.91E-01,0,9420,Not eroded,0,1,1,1,1,1,1,1,1,1,1
9421,7.23E-02,1.93E-01,2.88E-01,2,9421,Not eroded,0,1,1,1,1,1,1,0,1,1,1
9429,2.56E-01,2.03E-01,2.47E-01,0,9429,Not eroded,0,1,1,1,1,0,1,1,1,1,1
9432,6.33E-02,2.00E-01,2.93E-01,0,9432,Not eroded,0,1,1,1,1,1,1,1,1,1,1
9440,1.86E-01,1.59E-01,2.54E-01,5,9440,Not eroded,0,1,1,1,1,1,0,0,0,0,1
9450,3.06E-01,3.23E-01,2.83E-01,0,9450,ERODED,1,1,1,1,1,1,1,1,1,1,1
9451,3.15E-01,1.68E-01,2.70E-01,0,9451,Not eroded,0,1,1,1,1,1,1,1,1,1,1
9453,1.46E-01,2.67E-01,3.25E-01,0,9453,ERODED,1,1,1,1,1,1,1,1,1,1,1
9458,2.33E-01,2.51E-01,2.58E-01,2,9458,Not eroded,0,1,1,1,1,1,1,0,1,1,1
9469,2.09E-01,2.74E-01,2.61E-01,3,9469,Not eroded,0,1,1,1,1,1,1,0,0,1,1
9474,1.13E-01,2.09E-01,2.69E-01,3,9474,Not eroded,0,1,1,1,1,1,1,0,0,1,1
9478,2.12E-01,2.11E-01,3.06E-01,0,9478,ERODED,1,1,1,1,1,1,1,1,1,1,1
9483,2.39E-01,3.19E-01,2.54E-01,0,9483,Not eroded,0,1,1,1,1,1,1,1,1,1,1
9487,1.78E-01,2.50E-01,2.53E-01,0,9487,Not eroded,0,1,1,1,1,1,1,1,1,1,1
9491,5.61E-02,2.56E-01,2.65E-01,2,9491,Not eroded,0,1,1,1,1,1,1,0,1,1,1
9494,2.90E-01,3.03E-01,2.89E-01,0,9494,Not eroded,0,1,1,1,1,1,1,1,1,1,1
9499,2.59E-01,3.15E-01,2.85E-01,0,9499,Not eroded,0,1,1,1,1,1,1,1,1,1,1
9500,2.08E-01,2.60E-01,2.85E-01,0,9500,Not eroded,0,1,1,1,1,1,1,1,1,1,1
9501,2.56E-01,2.64E-01,3.26E-01,0,9501,ERODED,1,1,1,1,1,1,1,1,1,1,1
9502,1.57E-01,8.92E-02,2.77E-01,3,9502,Not eroded,0,1,1,1,1,1,1,0,0,1,1
9505,8.85E-02,1.61E-01,2.42E-01,3,9505,Not eroded,0,1,1,1,1,0,1,0,0,1,1
9508,1.79E-01,8.00E-02,2.72E-01,4,9508,Not eroded,0,1,1,1,1,1,0,0,0,1,1
9509,3.24E-01,8.79E-02,2.71E-01,0,9509,ERODED,1,1,1,1,1,1,1,1,1,1,1
9513,7.22E-02,1.57E-01,2.79E-01,5,9513,Not eroded,0,1,1,1,1,1,0,0,0,0,1
9518,2.28E-01,1.77E-01,2.46E-01,4,9518,Not eroded,0,1,1,1,1,0,0,0,0,1,1
9519,9.76E-02,2.52E-01,2.93E-01,5,9519,Not eroded,0,1,1,1,1,1,0,0,0,0,1
9523,2.01E-01,2.14E-01,2.74E-01,3,9523,Not eroded,0,1,1,1,1,1,1,0,0,1,1
9530,2.76E-01,1.14E-01,2.64E-01,0,9530,Not eroded,0,1,1,1,1,1,1,1,1,1,1
9531,2.39E-01,2.88E-01,3.00E-01,0,9531,ERODED,1,1,1,1,1,1,1,1,1,1,1
9532,2.20E-01,1.71E-01,3.01E-01,0,9532,Not eroded,0,1,1,1,1,1,1,1,1,1,1
9540,2.46E-01,1.28E-01,2.86E-01,0,9540,ERODED,1,1,1,1,1,1,1,1,1,1,1
9546,1.68E-01,2.47E-01,2.53E-01,4,9546,Not eroded,0,1,1,1,1,1,0,0,0,1,1
9552,1.81E-01,1.65E-01,3.16E-01,0,9552,ERODED,1,1,1,1,1,1,1,1,1,1,1
9553,2.39E-01,1.20E-01,2.92E-01,4,9553,Not eroded,0,1,1,1,1,1,0,0,0,1,1
9561,2.30E-01,2.91E-01,2.91E-01,4,9561,ERODED,1,1,1,1,1,1,0,0,0,1,1
9566,6.54E-02,3.04E-01,3.15E-01,0,9566,ERODED,1,1,1,1,1,1,1,1,1,1,1
9567,2.43E-01,2.85E-01,3.11E-01,0,9567,ERODED,1,1,1,1,1,1,1,1,1,1,1
9577,2.80E-01,1.30E-01,2.58E-01,5,9577,Not eroded,0,1,1,1,1,1,0,0,0,0,1
9578,1.37E-01,1.54E-01,3.16E-01,0,9578,ERODED,1,1,1,1,1,1,1,1,1,1,1
9579,2.04E-01,2.69E-01,2.89E-01,0,9579,Not eroded,0,1,1,1,1,1,1,1,1,1,1
9580,5.63E-02,3.24E-01,2.86E-01,0,9580,ERODED,1,1,1,1,1,1,1,1,1,1,1
9584,2.53E-01,2.92E-01,2.52E-01,0,9584,Not eroded,0,1,1,1,1,1,1,1,1,1,1
9585,2.70E-01,9.67E-02,2.85E-01,4,9585,Not eroded,0,1,1,1,1,1,0,0,0,1,1
9590,9.25E-02,9.60E-02,2.80E-01,0,9590,Not eroded,0,1,1,1,1,1,1,1,1,1,1
9597,1.39E-01,3.16E-01,3.04E-01,0,9597,ERODED,1,1,1,1,1,1,1,1,1,1,1
9600,5.64E-02,3.22E-01,2.97E-01,0,9600,ERODED,1,1,1,1,1,1,1,1,1,1,1
9604,2.46E-01,2.44E-01,2.59E-01,0,9604,Not eroded,0,1,1,1,1,1,1,1,1,1,1
9606,3.14E-01,9.34E-02,2.83E-01,0,9606,ERODED,1,1,1,1,1,1,1,1,1,1,1
9608,2.93E-01,1.56E-01,2.83E-01,0,9608,ERODED,1,1,1,1,1,1,1,1,1,1,1
9623,2.95E-01,1.43E-01,2.49E-01,3,9623,Not eroded,0,1,1,1,1,0,1,0,0,1,1
9626,1.99E-01,5.65E-02,2.57E-01,3,9626,Not eroded,0,1,1,1,1,1,1,0,0,1,1
9632,1.61E-01,2.85E-01,2.93E-01,2,9632,Not eroded,0,1,1,1,1,1,1,0,1,1,1
9633,7.95E-02,5.65E-02,2.64E-01,3,9633,Not eroded,0,1,1,1,1,1,1,0,0,1,1
9635,2.91E-01,1.15E-01,2.41E-01,5,9635,Not eroded,0,1,1,1,1,0,0,0,0,0,1
9637,1.13E-01,2.41E-01,2.77E-01,0,9637,Not eroded,0,1,1,1,1,1,1,1,1,1,1
9639,5.63E-02,2.86E-01,3.02E-01,0,9639,ERODED,1,1,1,1,1,1,1,1,1,1,1
9642,3.24E-01,1.77E-01,2.44E-01,3,9642,Not eroded,0,1,1,1,1,0,1,0,0,1,1
9643,8.69E-02,1.61E-01,2.81E-01,5,9643,Not eroded,0,1,1,1,1,1,0,0,0,0,1
9644,3.21E-01,2.15E-01,3.10E-01,0,9644,ERODED,1,1,1,1,1,1,1,1,1,1,1
9650,1.90E-01,1.18E-01,2.94E-01,4,9650,Not eroded,0,1,1,1,1,1,0,0,0,1,1
9652,3.14E-01,2.89E-01,2.78E-01,0,9652,Not eroded,0,1,1,1,1,1,1,1,1,1,1
9663,8.64E-02,3.24E-01,2.57E-01,0,9663,Not eroded,0,1,1,1,1,1,1,1,1,1,1
9668,1.83E-01,1.37E-01,2.50E-01,4,9668,Not eroded,0,1,1,1,1,0,0,0,0,1,1
9670,2.11E-01,2.76E-01,2.87E-01,3,9670,Not eroded,0,1,1,1,1,1,1,0,0,1,1
9671,2.17E-01,2.54E-01,3.26E-01,0,9671,ERODED,1,1,1,1,1,1,1,1,1,1,1
9674,1.79E-01,1.19E-01,2.57E-01,5,9674,Not eroded,0,1,1,1,1,1,0,0,0,0,1
9676,1.54E-01,6.50E-02,2.69E-01,4,9676,Not eroded,0,1,1,1,1,1,0,0,0,1,1
9683,2.05E-01,2.23E-01,2.75E-01,3,9683,Not eroded,0,1,1,1,1,1,1,0,0,1,1
9686,3.24E-01,1.43E-01,3.26E-01,0,9686,ERODED,1,1,1,1,1,1,1,1,1,1,1
9688,2.85E-01,2.25E-01,2.92E-01,0,9688,Not eroded,0,1,1,1,1,1,1,1,1,1,1
9689,1.21E-01,1.34E-01,2.75E-01,0,9689,Not eroded,0,1,1,1,1,1,1,1,1,1,1
9706,2.22E-01,1.56E-01,2.57E-01,0,9706,Not eroded,0,1,1,1,1,1,1,1,1,1,1
9714,2.46E-01,5.83E-02,2.59E-01,4,9714,Not eroded,0,1,1,1,1,1,0,0,0,1,1
9722,2.93E-01,2.86E-01,2.73E-01,0,9722,Not eroded,0,1,1,1,1,1,1,1,1,1,1
9727,1.99E-01,1.67E-01,2.56E-01,6,9727,Not eroded,0,1,1,1,1,1,0,0,0,0,0
9728,2.21E-01,1.65E-01,2.52E-01,5,9728,Not eroded,0,1,1,1,1,1,0,0,0,0,1
9737,8.94E-02,1.52E-01,2.45E-01,0,9737,Not eroded,0,1,1,1,1,0,1,1,1,1,1
9738,1.25E-01,5.64E-02,2.91E-01,3,9738,ERODED,1,1,1,1,1,1,1,0,0,1,1
9741,3.15E-01,6.94E-02,2.66E-01,0,9741,ERODED,1,1,1,1,1,1,1,1,1,1,1
9742,1.42E-01,3.24E-01,2.41E-01,4,9742,Not eroded,0,1,1,1,1,0,0,0,0,1,1
9746,1.90E-01,3.17E-01,2.80E-01,6,9746,Not eroded,0,1,1,1,1,1,0,0,0,0,0
9760,1.31E-01,1.84E-01,3.15E-01,0,9760,ERODED,1,1,1,1,1,1,1,1,1,1,1
9762,7.39E-02,1.42E-01,2.51E-01,4,9762,Not eroded,0,1,1,1,1,1,0,0,0,1,1
9764,9.10E-02,2.89E-01,2.67E-01,0,9764,ERODED,1,1,1,1,1,1,1,1,1,1,1
9766,1.63E-01,3.16E-01,2.54E-01,5,9766,Not eroded,0,1,1,1,1,1,0,0,0,0,1
9769,2.99E-01,1.11E-01,2.57E-01,0,9769,ERODED,1,1,1,1,1,1,1,1,1,1,1
9770,3.24E-01,1.16E-01,2.73E-01,0,9770,ERODED,1,1,1,1,1,1,1,1,1,1,1
9776,2.75E-01,7.14E-02,2.53E-01,4,9776,Not eroded,0,1,1,1,1,1,0,0,0,1,1
9780,2.13E-01,5.74E-02,3.18E-01,0,9780,ERODED,1,1,1,1,1,1,1,1,1,1,1
9783,1.74E-01,2.61E-01,2.64E-01,4,9783,Not eroded,0,1,1,1,1,1,0,0,0,1,1
9796,2.94E-01,1.68E-01,2.52E-01,0,9796,Not eroded,0,1,1,1,1,1,1,1,1,1,1
9797,1.56E-01,1.13E-01,2.73E-01,0,9797,Not eroded,0,1,1,1,1,1,1,1,1,1,1
9807,2.17E-01,6.30E-02,3.06E-01,0,9807,ERODED,1,1,1,1,1,1,1,1,1,1,1
9813,2.38E-01,8.83E-02,2.73E-01,5,9813,Not eroded,0,1,1,1,1,1,0,0,0,0,1
9817,2.10E-01,2.46E-01,3.25E-01,0,9817,ERODED,1,1,1,1,1,1,1,1,1,1,1
9819,1.51E-01,3.24E-01,2.89E-01,0,9819,ERODED,1,1,1,1,1,1,1,1,1,1,1
9821,2.34E-01,1.06E-01,2.79E-01,4,9821,Not eroded,0,1,1,1,1,1,0,0,0,1,1
9825,1.91E-01,6.86E-02,2.89E-01,0,9825,ERODED,1,1,1,1,1,1,1,1,1,1,1
9826,2.16E-01,1.30E-01,2.97E-01,5,9826,Not eroded,0,1,1,1,1,1,0,0,0,0,1
9828,3.02E-01,1.75E-01,3.04E-01,0,9828,ERODED,1,1,1,1,1,1,1,1,1,1,1
9830,3.14E-01,1.74E-01,3.19E-01,0,9830,ERODED,1,1,1,1,1,1,1,1,1,1,1
9832,5.62E-02,2.96E-01,3.24E-01,0,9832,ERODED,1,1,1,1,1,1,1,1,1,1,1
9833,1.94E-01,3.15E-01,2.71E-01,5,9833,Not eroded,0,1,1,1,1,1,0,0,0,0,1
9836,1.89E-01,2.87E-01,2.72E-01,3,9836,Not eroded,0,1,1,1,1,1,1,0,0,1,1
9837,2.44E-01,8.80E-02,2.57E-01,6,9837,Not eroded,0,1,1,1,1,1,0,0,0,0,0
9840,1.93E-01,2.21E-01,2.49E-01,4,9840,Not eroded,0,1,1,1,1,0,0,0,0,1,1
9843,1.71E-01,1.64E-01,2.77E-01,3,9843,Not eroded,0,1,1,1,1,1,1,0,0,1,1
9847,1.01E-01,2.38E-01,2.74E-01,4,9847,Not eroded,0,1,1,1,1,1,0,0,0,1,1
9849,2.53E-01,9.54E-02,2.89E-01,4,9849,Not eroded,0,1,1,1,1,1,0,0,0,1,1
9850,2.60E-01,2.72E-01,2.53E-01,0,9850,Not eroded,0,1,1,1,1,1,1,1,1,1,1
9852,1.17E-01,3.05E-01,3.28E-01,0,9852,ERODED,1,1,1,1,1,1,1,1,1,1,1
9853,2.93E-01,2.12E-01,2.69E-01,0,9853,ERODED,1,1,1,1,1,1,1,1,1,1,1
9854,9.23E-02,2.15E-01,2.93E-01,4,9854,Not eroded,0,1,1,1,1,1,0,0,0,1,1
9855,7.87E-02,2.20E-01,2.80E-01,3,9855,Not eroded,0,1,1,1,1,1,1,0,0,1,1
9859,2.40E-01,2.11E-01,2.85E-01,2,9859,Not eroded,0,1,1,1,1,1,1,0,1,1,1
9860,1.87E-01,1.09E-01,2.44E-01,3,9860,Not eroded,0,1,1,1,1,0,1,0,0,1,1
9865,2.05E-01,9.05E-02,2.82E-01,6,9865,Not eroded,0,1,1,1,1,1,0,0,0,0,0
9866,2.17E-01,7.29E-02,3.07E-01,0,9866,ERODED,1,1,1,1,1,1,1,1,1,1,1
9868,1.28E-01,2.21E-01,2.98E-01,4,9868,Not eroded,0,1,1,1,1,1,0,0,0,1,1
9869,2.06E-01,2.33E-01,2.96E-01,0,9869,Not eroded,0,1,1,1,1,1,1,1,1,1,1
9870,1.12E-01,1.11E-01,2.72E-01,0,9870,Not eroded,0,1,1,1,1,1,1,1,1,1,1
9872,1.60E-01,2.05E-01,3.03E-01,3,9872,Not eroded,0,1,1,1,1,1,1,0,0,1,1
9884,2.32E-01,2.07E-01,2.82E-01,4,9884,Not eroded,0,1,1,1,1,1,0,0,0,1,1
9887,1.60E-01,7.18E-02,3.15E-01,0,9887,ERODED,1,1,1,1,1,1,1,1,1,1,1
9888,3.06E-01,3.08E-01,2.75E-01,0,9888,ERODED,1,1,1,1,1,1,1,1,1,1,1
9889,1.39E-01,1.24E-01,2.75E-01,4,9889,Not eroded,0,1,1,1,1,1,0,0,0,1,1
9893,2.17E-01,2.17E-01,2.42E-01,4,9893,Not eroded,0,1,1,1,1,0,0,0,0,1,1
9895,1.58E-01,3.05E-01,3.25E-01,0,9895,ERODED,1,1,1,1,1,1,1,1,1,1,1
9901,3.24E-01,1.55E-01,2.53E-01,1,9901,Not eroded,0,1,1,1,1,1,1,1,1,1,1
9902,2.23E-01,1.80E-01,3.25E-01,0,9902,ERODED,1,1,1,1,1,1,1,1,1,1,1
9904,2.15E-01,9.53E-02,2.74E-01,4,9904,Not eroded,0,1,1,1,1,1,0,0,0,1,1
9905,3.01E-01,2.30E-01,2.47E-01,0,9905,Not eroded,0,1,1,1,1,0,1,1,1,1,1
9907,1.78E-01,2.06E-01,2.90E-01,0,9907,Not eroded,0,1,1,1,1,1,1,1,1,1,1
9908,2.13E-01,2.24E-01,2.53E-01,2,9908,Not eroded,0,1,1,1,1,1,1,0,1,1,1
9909,2.08E-01,1.59E-01,2.85E-01,5,9909,Not eroded,0,1,1,1,1,1,0,0,0,0,1
9912,2.17E-01,1.98E-01,2.74E-01,4,9912,Not eroded,0,1,1,1,1,1,0,0,0,1,1
9924,1.89E-01,2.16E-01,2.86E-01,3,9924,Not eroded,0,1,1,1,1,1,1,0,0,1,1
9926,2.40E-01,5.67E-02,2.76E-01,0,9926,ERODED,1,1,1,1,1,1,1,1,1,1,1
9930,2.13E-01,1.53E-01,2.53E-01,0,9930,Not eroded,0,1,1,1,1,1,1,1,1,1,1
9931,1.88E-01,2.95E-01,2.83E-01,5,9931,Not eroded,0,1,1,1,1,1,0,0,0,0,1
9933,2.73E-01,1.13E-01,2.75E-01,2,9933,Not eroded,0,1,1,1,1,1,1,0,1,1,1
9945,2.04E-01,5.64E-02,2.66E-01,3,9945,Not eroded,0,1,1,1,1,1,1,0,0,1,1
9949,2.66E-01,3.23E-01,2.84E-01,0,9949,Not eroded,0,1,1,1,1,1,1,1,1,1,1
9950,1.10E-01,1.56E-01,2.77E-01,6,9950,Not eroded,0,1,1,1,1,1,0,0,0,0,0
9954,2.52E-01,1.63E-01,2.69E-01,3,9954,Not eroded,0,1,1,1,1,1,1,0,0,1,1
9970,1.42E-01,1.75E-01,2.84E-01,5,9970,Not eroded,0,1,1,1,1,1,0,0,0,0,1
9971,1.70E-01,2.56E-01,2.57E-01,3,9971,Not eroded,0,1,1,1,1,1,1,0,0,1,1
9976,9.56E-02,1.81E-01,3.08E-01,0,9976,ERODED,1,1,1,1,1,1,1,1,1,1,1
9985,1.57E-01,1.42E-01,2.62E-01,4,9985,Not eroded,0,1,1,1,1,1,0,0,0,1,1
9991,2.09E-01,1.95E-01,3.18E-01,0,9991,ERODED,1,1,1,1,1,1,1,1,1,1,1
9996,1.01E-01,2.67E-01,3.30E-01,0,9996,ERODED,1,1,1,1,1,1,1,1,1,1,1
9997,6.12E-02,7.90E-02,2.87E-01,6,9997,Not eroded,0,1,1,1,1,1,0,0,0,0,0
9999,3.02E-01,1.12E-01,3.14E-01,0,9999,ERODED,1,1,1,1,1,1,1,1,1,1,1
10002,3.24E-01,2.08E-01,2.92E-01,0,10002,ERODED,1,1,1,1,1,1,1,1,1,1,1
10007,1.95E-01,2.20E-01,2.69E-01,4,10007,Not eroded,0,1,1,1,1,1,0,0,0,1,1
10012,1.37E-01,2.61E-01,3.25E-01,0,10012,ERODED,1,1,1,1,1,1,1,1,1,1,1
10016,1.70E-01,1.66E-01,3.26E-01,0,10016,ERODED,1,1,1,1,1,1,1,1,1,1,1
10017,1.41E-01,1.45E-01,2.43E-01,4,10017,Not eroded,0,1,1,1,1,0,0,0,0,1,1
10022,8.51E-02,2.43E-01,2.43E-01,0,10022,Not eroded,0,1,1,1,1,0,1,1,1,1,1
10025,2.55E-01,3.16E-01,2.48E-01,0,10025,Not eroded,0,1,1,1,1,0,1,1,1,1,1
10029,3.24E-01,1.16E-01,2.63E-01,0,10029,ERODED,1,1,1,1,1,1,1,1,1,1,1
10031,2.59E-01,1.17E-01,2.92E-01,0,10031,ERODED,1,1,1,1,1,1,1,1,1,1,1
10039,5.67E-02,1.16E-01,2.44E-01,0,10039,Not eroded,0,1,1,1,1,0,1,1,1,1,1
10041,2.93E-01,2.36E-01,2.90E-01,0,10041,Not eroded,0,1,1,1,1,1,1,1,1,1,1
10042,1.13E-01,2.29E-01,2.79E-01,4,10042,Not eroded,0,1,1,1,1,1,0,0,0,1,1
10043,1.63E-01,1.49E-01,2.78E-01,3,10043,Not eroded,0,1,1,1,1,1,1,0,0,1,1
10046,1.57E-01,9.02E-02,2.54E-01,3,10046,Not eroded,0,1,1,1,1,1,1,0,0,1,1
10048,3.02E-01,3.21E-01,2.94E-01,0,10048,ERODED,1,1,1,1,1,1,1,1,1,1,1
10051,1.92E-01,6.62E-02,2.66E-01,6,10051,Not eroded,0,1,1,1,1,1,0,0,0,0,0
10054,2.17E-01,2.07E-01,2.61E-01,4,10054,Not eroded,0,1,1,1,1,1,0,0,0,1,1
10059,3.24E-01,2.07E-01,2.55E-01,3,10059,Not eroded,0,1,1,1,1,1,1,0,0,1,1
10061,9.86E-02,1.72E-01,2.91E-01,4,10061,Not eroded,0,1,1,1,1,1,0,0,0,1,1
10062,2.20E-01,2.39E-01,2.49E-01,0,10062,Not eroded,0,1,1,1,1,0,1,1,1,1,1
10064,1.31E-01,1.92E-01,2.44E-01,3,10064,Not eroded,0,1,1,1,1,0,1,0,0,1,1
10066,3.00E-01,3.24E-01,2.71E-01,0,10066,ERODED,1,1,1,1,1,1,1,1,1,1,1
10068,1.48E-01,1.07E-01,2.71E-01,0,10068,Not eroded,0,1,1,1,1,1,1,1,1,1,1
10069,2.10E-01,1.63E-01,2.69E-01,5,10069,Not eroded,0,1,1,1,1,1,0,0,0,0,1
10075,1.17E-01,5.65E-02,3.07E-01,2,10075,ERODED,1,1,1,1,1,1,1,0,1,1,1
10077,3.15E-01,3.24E-01,2.71E-01,0,10077,ERODED,1,1,1,1,1,1,1,1,1,1,1
10078,2.10E-01,3.14E-01,3.29E-01,0,10078,ERODED,1,1,1,1,1,1,1,1,1,1,1
10079,5.63E-02,3.24E-01,2.42E-01,0,10079,Not eroded,0,1,1,1,1,0,1,1,1,1,1
10085,6.47E-02,1.46E-01,2.49E-01,5,10085,Not eroded,0,1,1,1,1,0,0,0,0,0,1
10092,1.13E-01,1.28E-01,2.77E-01,4,10092,Not eroded,0,1,1,1,1,1,0,0,0,1,1
10100,2.85E-01,1.62E-01,2.89E-01,0,10100,ERODED,1,1,1,1,1,1,1,1,1,1,1
10101,1.75E-01,6.49E-02,3.14E-01,0,10101,ERODED,1,1,1,1,1,1,1,1,1,1,1
10111,1.33E-01,2.31E-01,2.69E-01,2,10111,Not eroded,0,1,1,1,1,1,1,0,1,1,1
10113,6.45E-02,2.33E-01,3.33E-01,0,10113,ERODED,1,1,1,1,1,1,1,1,1,1,1
10115,7.79E-02,3.24E-01,2.52E-01,0,10115,Not eroded,0,1,1,1,1,1,1,1,1,1,1
10119,8.82E-02,1.21E-01,3.13E-01,0,10119,ERODED,1,1,1,1,1,1,1,1,1,1,1
10121,8.98E-02,2.33E-01,2.47E-01,3,10121,Not eroded,0,1,1,1,1,0,1,0,0,1,1
10127,7.38E-02,1.64E-01,2.66E-01,5,10127,Not eroded,0,1,1,1,1,1,0,0,0,0,1
10130,2.47E-01,5.65E-02,3.03E-01,0,10130,ERODED,1,1,1,1,1,1,1,1,1,1,1
10132,3.08E-01,1.67E-01,3.09E-01,0,10132,ERODED,1,1,1,1,1,1,1,1,1,1,1
10134,9.25E-02,2.57E-01,3.18E-01,0,10134,ERODED,1,1,1,1,1,1,1,1,1,1,1
10135,9.27E-02,3.14E-01,2.59E-01,0,10135,Not eroded,0,1,1,1,1,1,1,1,1,1,1
10136,1.38E-01,1.30E-01,2.88E-01,6,10136,Not eroded,0,1,1,1,1,1,0,0,0,0,0
10144,2.13E-01,2.80E-01,2.42E-01,0,10144,Not eroded,0,1,1,1,1,0,1,1,1,1,1
10147,3.08E-01,1.48E-01,2.46E-01,5,10147,Not eroded,0,1,1,1,1,0,0,0,0,0,1
10149,1.51E-01,1.62E-01,2.90E-01,4,10149,Not eroded,0,1,1,1,1,1,0,0,0,1,1
10151,1.70E-01,2.90E-01,2.70E-01,0,10151,Not eroded,0,1,1,1,1,1,1,1,1,1,1
10161,2.91E-01,1.23E-01,2.47E-01,5,10161,Not eroded,0,1,1,1,1,0,0,0,0,0,1
10164,2.31E-01,2.22E-01,2.47E-01,4,10164,Not eroded,0,1,1,1,1,0,0,0,0,1,1
10167,1.63E-01,2.78E-01,2.57E-01,0,10167,Not eroded,0,1,1,1,1,1,1,1,1,1,1
10168,1.64E-01,2.77E-01,3.21E-01,0,10168,ERODED,1,1,1,1,1,1,1,1,1,1,1
10172,7.90E-02,1.81E-01,2.41E-01,0,10172,Not eroded,0,1,1,1,1,0,1,1,1,1,1
10173,2.08E-01,6.35E-02,3.10E-01,0,10173,ERODED,1,1,1,1,1,1,1,1,1,1,1
10178,2.76E-01,8.32E-02,2.91E-01,0,10178,Not eroded,0,1,1,1,1,1,1,1,1,1,1
10183,2.74E-01,1.32E-01,2.47E-01,3,10183,Not eroded,0,1,1,1,1,0,1,0,0,1,1
10185,1.94E-01,1.63E-01,3.22E-01,0,10185,ERODED,1,1,1,1,1,1,1,1,1,1,1
10188,1.75E-01,8.99E-02,2.56E-01,0,10188,Not eroded,0,1,1,1,1,1,1,1,1,1,1
10190,1.90E-01,3.03E-01,2.63E-01,4,10190,Not eroded,0,1,1,1,1,1,0,0,0,1,1
10200,2.24E-01,2.05E-01,2.98E-01,6,10200,Not eroded,0,1,1,1,1,1,0,0,0,0,0
10208,2.70E-01,1.05E-01,2.45E-01,5,10208,Not eroded,0,1,1,1,1,0,0,0,0,0,1
10210,1.28E-01,1.30E-01,2.99E-01,5,10210,Not eroded,0,1,1,1,1,1,0,0,0,0,1
10213,6.52E-02,3.10E-01,3.07E-01,0,10213,ERODED,1,1,1,1,1,1,1,1,1,1,1
10217,1.62E-01,1.32E-01,2.68E-01,4,10217,Not eroded,0,1,1,1,1,1,0,0,0,1,1
10219,1.45E-01,6.64E-02,2.68E-01,6,10219,Not eroded,0,1,1,1,1,1,0,0,0,0,0
10224,1.01E-01,1.53E-01,2.82E-01,5,10224,Not eroded,0,1,1,1,1,1,0,0,0,0,1
10231,1.71E-01,2.14E-01,2.89E-01,3,10231,Not eroded,0,1,1,1,1,1,1,0,0,1,1
10242,2.57E-01,1.67E-01,3.20E-01,0,10242,ERODED,1,1,1,1,1,1,1,1,1,1,1
10245,9.40E-02,1.53E-01,2.63E-01,4,10245,Not eroded,0,1,1,1,1,1,0,0,0,1,1
10248,6.42E-02,1.58E-01,2.48E-01,5,10248,Not eroded,0,1,1,1,1,0,0,0,0,0,1
10255,1.30E-01,2.09E-01,2.50E-01,3,10255,Not eroded,0,1,1,1,1,0,1,0,0,1,1
10258,2.20E-01,8.23E-02,3.18E-01,0,10258,ERODED,1,1,1,1,1,1,1,1,1,1,1
10259,2.08E-01,2.76E-01,2.76E-01,4,10259,Not eroded,0,1,1,1,1,1,0,0,0,1,1
10260,2.91E-01,7.37E-02,3.08E-01,0,10260,ERODED,1,1,1,1,1,1,1,1,1,1,1
,,,,,,,,,,,,,,,,,
,,,,,,,,,,,,,,,,,
,,,,,,,,,,,,,,,,,
,,,,,,,,,,,,,,,,,
,,,,,,,,,,,,,,,,,
,,,,,,,,,,,,,,,,,
,,,,,,,,,,,,,,,,,
,,,,,,,,,,,,,,,,,
,,,,,,,,,,,,,,,,,
,,,,,,,,,,,,,,,,,
,,,,,,,,,,,,,,,,,
,,,,,,,,,,,,,,,,,
,,,,,,,,,,,,,,,,,
,,,,,,,,,,,,,,,,,
,,,,,,,,,,,,,,,,,
,,,,,,,,,,,,,,,,,
,,,,,,,,,,,,,,,,,
,,,,,,,,,,,,,,,,,
,,,,,,,,,,,,,,,,,
,,,,,,,,,,,,,,,,,
,,,,,,,,,,,,,,,,,
,,,,,,,,,,,,,,,,,
,,,,,,,,,,,,,,,,,
,,,,,,,,,,,,,,,,,
,,,,,,,,,,,,,,,,,
,,,,,,,,,,,,,,,,,
,,,,,,,,,,,,,,,,,
,,,,,,,,,,,,,,,,,
,,,,,,,,,,,,,,,,,
,,,,,,,,,,,,,,,,,
,,,,,,,,,,,,,,,,,
,,,,,,,,,,,,,,,,,
,,,,,,,,,,,,,,,,,
,,,,,,,,,,,,,,,,,
,,,,,,,,,,,,,,,,,
,,,,,,,,,,,,,,,,,
,,,,,,,,,,,,,,,,,
,,,,,,,,,,,,,,,,,
,,,,,,,,,,,,,,,,,
,,,,,,,,,,,,,,,,,
,,,,,,,,,,,,,,,,,
,,,,,,,,,,,,,,,,,
,,,,,,,,,,,,,,,,,
,,,,,,,,,,,,,,,,,
,,,,,,,,,,,,,,,,,
,,,,,,,,,,,,,,,,,
,,,,,,,,,,,,,,,,,
,,,,,,,,,,,,,,,,,
,,,,,,,,,,,,,,,,,
,,,,,,,,,,,,,,,,,
,,,,,,,,,,,,,,,,,
,,,,,,,,,,,,,,,,,
,,,,,,,,,,,,,,,,,
,,,,,,,,,,,,,,,,,
,,,,,,,,,,,,,,,,,
,,,,,,,,,,,,,,,,,
,,,,,,,,,,,,,,,,,
,,,,,,,,,,,,,,,,,
,,,,,,,,,,,,,,,,,
,,,,,,,,,,,,,,,,,
,,,,,,,,,,,,,,,,,
,,,,,,,,,,,,,,,,,
,,,,,,,,,,,,,,,,,
,,,,,,,,,,,,,,,,,
,,,,,,,,,,,,,,,,,
,,,,,,,,,,,,,,,,,
,,,,,,,,,,,,,,,,,
,,,,,,,,,,,,,,,,,
,,,,,,,,,,,,,,,,,
,,,,,,,,,,,,,,,,,
,,,,,,,,,,,,,,,,,
,,,,,,,,,,,,,,,,,
,,,,,,,,,,,,,,,,,
,,,,,,,,,,,,,,,,,
,,,,,,,,,,,,,,,,,
,,,,,,,,,,,,,,,,,
,,,,,,,,,,,,,,,,,
,,,,,,,,,,,,,,,,,
,,,,,,,,,,,,,,,,,
,,,,,,,,,,,,,,,,,
,,,,,,,,,,,,,,,,,
,,,,,,,,,,,,,,,,,
,,,,,,,,,,,,,,,,,
,,,,,,,,,,,,,,,,,
,,,,,,,,,,,,,,,,,
,,,,,,,,,,,,,,,,,
,,,,,,,,,,,,,,,,,
,,,,,,,,,,,,,,,,,
,,,,,,,,,,,,,,,,,
,,,,,,,,,,,,,,,,,
,,,,,,,,,,,,,,,,,
,,,,,,,,,,,,,,,,,
,,,,,,,,,,,,,,,,,
,,,,,,,,,,,,,,,,,
,,,,,,,,,,,,,,,,,
,,,,,,,,,,,,,,,,,
,,,,,,,,,,,,,,,,,
,,,,,,,,,,,,,,,,,
,,,,,,,,,,,,,,,,,
,,,,,,,,,,,,,,,,,
,,,,,,,,,,,,,,,,,
,,,,,,,,,,,,,,,,,
,,,,,,,,,,,,,,,,,
,,,,,,,,,,,,,,,,,
,,,,,,,,,,,,,,,,,
,,,,,,,,,,,,,,,,,
,,,,,,,,,,,,,,,,,
,,,,,,,,,,,,,,,,,
,,,,,,,,,,,,,,,,,
,,,,,,,,,,,,,,,,,
,,,,,,,,,,,,,,,,,
,,,,,,,,,,,,,,,,,
,,,,,,,,,,,,,,,,,
,,,,,,,,,,,,,,,,,
,,,,,,,,,,,,,,,,,
,,,,,,,,,,,,,,,,,
,,,,,,,,,,,,,,,,,
,,,,,,,,,,,,,,,,,
,,,,,,,,,,,,,,,,,
,,,,,,,,,,,,,,,,,
,,,,,,,,,,,,,,,,,
,,,,,,,,,,,,,,,,,
,,,,,,,,,,,,,,,,,
,,,,,,,,,,,,,,,,,
,,,,,,,,,,,,,,,,,
,,,,,,,,,,,,,,,,,
,,,,,,,,,,,,,,,,,
,,,,,,,,,,,,,,,,,
,,,,,,,,,,,,,,,,,
,,,,,,,,,,,,,,,,,
,,,,,,,,,,,,,,,,,
,,,,,,,,,,,,,,,,,
,,,,,,,,,,,,,,,,,
,,,,,,,,,,,,,,,,,
,,,,,,,,,,,,,,,,,
,,,,,,,,,,,,,,,,,
,,,,,,,,,,,,,,,,,
,,,,,,,,,,,,,,,,,
,,,,,,,,,,,,,,,,,
,,,,,,,,,,,,,,,,,
,,,,,,,,,,,,,,,,,
,,,,,,,,,,,,,,,,,
,,,,,,,,,,,,,,,,,
,,,,,,,,,,,,,,,,,
,,,,,,,,,,,,,,,,,
,,,,,,,,,,,,,,,,,
,,,,,,,,,,,,,,,,,
,,,,,,,,,,,,,,,,,
,,,,,,,,,,,,,,,,,
,,,,,,,,,,,,,,,,,
,,,,,,,,,,,,,,,,,
,,,,,,,,,,,,,,,,,
,,,,,,,,,,,,,,,,,
,,,,,,,,,,,,,,,,,
,,,,,,,,,,,,,,,,,
,,,,,,,,,,,,,,,,,
,,,,,,,,,,,,,,,,,
,,,,,,,,,,,,,,,,,
,,,,,,,,,,,,,,,,,
,,,,,,,,,,,,,,,,,
,,,,,,,,,,,,,,,,,
,,,,,,,,,,,,,,,,,
,,,,,,,,,,,,,,,,,
,,,,,,,,,,,,,,,,,
,,,,,,,,,,,,,,,,,
,,,,,,,,,,,,,,,,,
,,,,,,,,,,,,,,,,,
,,,,,,,,,,,,,,,,,
,,,,,,,,,,,,,,,,,
,,,,,,,,,,,,,,,,,
,,,,,,,,,,,,,,,,,
,,,,,,,,,,,,,,,,,
,,,,,,,,,,,,,,,,,
,,,,,,,,,,,,,,,,,
,,,,,,,,,,,,,,,,,
,,,,,,,,,,,,,,,,,
,,,,,,,,,,,,,,,,,
,,,,,,,,,,,,,,,,,
,,,,,,,,,,,,,,,,,
,,,,,,,,,,,,,,,,,
,,,,,,,,,,,,,,,,,
,,,,,,,,,,,,,,,,,
,,,,,,,,,,,,,,,,,
,,,,,,,,,,,,,,,,,
,,,,,,,,,,,,,,,,,
,,,,,,,,,,,,,,,,,
,,,,,,,,,,,,,,,,,
,,,,,,,,,,,,,,,,,
,,,,,,,,,,,,,,,,,
,,,,,,,,,,,,,,,,,
,,,,,,,,,,,,,,,,,
,,,,,,,,,,,,,,,,,
,,,,,,,,,,,,,,,,,
,,,,,,,,,,,,,,,,,
,,,,,,,,,,,,,,,,,
,,,,,,,,,,,,,,,,,
,,,,,,,,,,,,,,,,,
,,,,,,,,,,,,,,,,,
,,,,,,,,,,,,,,,,,
,,,,,,,,,,,,,,,,,
,,,,,,,,,,,,,,,,,
,,,,,,,,,,,,,,,,,
,,,,,,,,,,,,,,,,,
,,,,,,,,,,,,,,,,,
,,,,,,,,,,,,,,,,,
,,,,,,,,,,,,,,,,,
,,,,,,,,,,,,,,,,,
,,,,,,,,,,,,,,,,,
,,,,,,,,,,,,,,,,,
,,,,,,,,,,,,,,,,,
,,,,,,,,,,,,,,,,,
,,,,,,,,,,,,,,,,,
,,,,,,,,,,,,,,,,,
,,,,,,,,,,,,,,,,,
,,,,,,,,,,,,,,,,,
,,,,,,,,,,,,,,,,,
,,,,,,,,,,,,,,,,,
,,,,,,,,,,,,,,,,,
,,,,,,,,,,,,,,,,,
,,,,,,,,,,,,,,,,,
,,,,,,,,,,,,,,,,,
,,,,,,,,,,,,,,,,,
,,,,,,,,,,,,,,,,,
,,,,,,,,,,,,,,,,,
,,,,,,,,,,,,,,,,,
,,,,,,,,,,,,,,,,,
,,,,,,,,,,,,,,,,,
,,,,,,,,,,,,,,,,,
,,,,,,,,,,,,,,,,,
,,,,,,,,,,,,,,,,,
,,,,,,,,,,,,,,,,,
,,,,,,,,,,,,,,,,,
,,,,,,,,,,,,,,,,,
,,,,,,,,,,,,,,,,,
,,,,,,,,,,,,,,,,,
,,,,,,,,,,,,,,,,,
,,,,,,,,,,,,,,,,,
,,,,,,,,,,,,,,,,,
,,,,,,,,,,,,,,,,,
,,,,,,,,,,,,,,,,,
,,,,,,,,,,,,,,,,,
,,,,,,,,,,,,,,,,,
,,,,,,,,,,,,,,,,,
,,,,,,,,,,,,,,,,,
,,,,,,,,,,,,,,,,,
,,,,,,,,,,,,,,,,,
,,,,,,,,,,,,,,,,,
,,,,,,,,,,,,,,,,,
,,,,,,,,,,,,,,,,,
,,,,,,,,,,,,,,,,,
,,,,,,,,,,,,,,,,,
,,,,,,,,,,,,,,,,,
,,,,,,,,,,,,,,,,,
,,,,,,,,,,,,,,,,,
,,,,,,,,,,,,,,,,,
,,,,,,,,,,,,,,,,,
,,,,,,,,,,,,,,,,,
,,,,,,,,,,,,,,,,,
,,,,,,,,,,,,,,,,,
,,,,,,,,,,,,,,,,,
,,,,,,,,,,,,,,,,,
,,,,,,,,,,,,,,,,,
,,,,,,,,,,,,,,,,,
,,,,,,,,,,,,,,,,,
,,,,,,,,,,,,,,,,,
,,,,,,,,,,,,,,,,,
,,,,,,,,,,,,,,,,,
,,,,,,,,,,,,,,,,,
,,,,,,,,,,,,,,,,,
,,,,,,,,,,,,,,,,,
,,,,,,,,,,,,,,,,,
,,,,,,,,,,,,,,,,,
,,,,,,,,,,,,,,,,,
,,,,,,,,,,,,,,,,,
,,,,,,,,,,,,,,,,,
,,,,,,,,,,,,,,,,,
,,,,,,,,,,,,,,,,,
,,,,,,,,,,,,,,,,,
,,,,,,,,,,,,,,,,,
,,,,,,,,,,,,,,,,,
,,,,,,,,,,,,,,,,,
,,,,,,,,,,,,,,,,,
,,,,,,,,,,,,,,,,,
,,,,,,,,,,,,,,,,,
,,,,,,,,,,,,,,,,,
,,,,,,,,,,,,,,,,,
,,,,,,,,,,,,,,,,,
,,,,,,,,,,,,,,,,,
,,,,,,,,,,,,,,,,,
,,,,,,,,,,,,,,,,,
,,,,,,,,,,,,,,,,,
,,,,,,,,,,,,,,,,,
,,,,,,,,,,,,,,,,,
,,,,,,,,,,,,,,,,,
,,,,,,,,,,,,,,,,,
,,,,,,,,,,,,,,,,,
,,,,,,,,,,,,,,,,,
,,,,,,,,,,,,,,,,,
