Before erosion ID,Initial Z,Initial connectivity,Before erosion ID,Erosion state,Encoded erosion state,Z location Half,Z location 0.22,Z location 0.23,Z location 0.24,Z location 0.25,3 connectivity,1 connectivity,2 connectivity,4 connectivity,5 connectivity
1,2.48E-01,0,1,Not eroded,0,1,1,1,1,0,1,1,1,1,1
2,2.38E-01,6,2,Not eroded,0,1,1,1,0,0,0,0,0,0,0
3,2.55E-01,4,3,Not eroded,0,1,1,1,1,1,0,0,0,1,1
4,3.30E-01,0,4,ERODED,1,1,1,1,1,1,1,1,1,1,1
5,9.58E-02,4,5,Not eroded,0,0,0,0,0,0,0,0,0,1,1
6,2.14E-01,4,6,Not eroded,0,1,0,0,0,0,0,0,0,1,1
7,6.58E-02,4,7,Not eroded,0,0,0,0,0,0,0,0,0,1,1
8,2.29E-01,3,8,Not eroded,0,1,1,0,0,0,1,0,0,1,1
9,9.59E-02,4,9,Not eroded,0,0,0,0,0,0,0,0,0,1,1
10,7.48E-02,6,10,Not eroded,0,0,0,0,0,0,0,0,0,0,0
11,2.08E-01,0,11,Not eroded,0,1,0,0,0,0,1,1,1,1,1
12,2.33E-01,3,12,Not eroded,0,1,1,1,0,0,1,0,0,1,1
13,1.27E-01,0,13,Not eroded,0,0,0,0,0,0,1,1,1,1,1
15,2.62E-01,3,15,Not eroded,0,1,1,1,1,1,1,0,0,1,1
16,2.95E-01,0,16,ERODED,1,1,1,1,1,1,1,1,1,1,1
18,2.89E-01,4,18,Not eroded,0,1,1,1,1,1,0,0,0,1,1
20,1.86E-01,3,20,Not eroded,0,0,0,0,0,0,1,0,0,1,1
23,2.91E-01,3,23,Not eroded,0,1,1,1,1,1,1,0,0,1,1
24,3.24E-01,0,24,ERODED,1,1,1,1,1,1,1,1,1,1,1
26,1.20E-01,4,26,Not eroded,0,0,0,0,0,0,0,0,0,1,1
27,2.13E-01,5,27,Not eroded,0,1,0,0,0,0,0,0,0,0,1
28,1.06E-01,0,28,Not eroded,0,0,0,0,0,0,1,1,1,1,1
29,2.89E-01,4,29,Not eroded,0,1,1,1,1,1,0,0,0,1,1
30,1.80E-01,3,30,Not eroded,0,0,0,0,0,0,1,0,0,1,1
31,9.09E-02,7,31,Not eroded,0,0,0,0,0,0,0,0,0,0,0
32,5.71E-02,2,32,Not eroded,0,0,0,0,0,0,1,0,1,1,1
33,8.68E-02,6,33,Not eroded,0,0,0,0,0,0,0,0,0,0,0
34,7.51E-02,4,34,Not eroded,0,0,0,0,0,0,0,0,0,1,1
35,2.72E-01,0,35,ERODED,1,1,1,1,1,1,1,1,1,1,1
36,3.13E-01,0,36,ERODED,1,1,1,1,1,1,1,1,1,1,1
37,1.38E-01,0,37,Not eroded,0,0,0,0,0,0,1,1,1,1,1
38,2.03E-01,4,38,Not eroded,0,1,0,0,0,0,0,0,0,1,1
39,1.95E-01,0,39,Not eroded,0,1,0,0,0,0,1,1,1,1,1
40,2.34E-01,0,40,Not eroded,0,1,1,1,0,0,1,1,1,1,1
41,2.23E-01,0,41,Not eroded,0,1,1,0,0,0,1,1,1,1,1
42,3.25E-01,0,42,ERODED,1,1,1,1,1,1,1,1,1,1,1
43,1.72E-01,5,43,Not eroded,0,0,0,0,0,0,0,0,0,0,1
45,1.09E-01,5,45,Not eroded,0,0,0,0,0,0,0,0,0,0,1
46,2.15E-01,3,46,Not eroded,0,1,0,0,0,0,1,0,0,1,1
47,2.11E-01,4,47,Not eroded,0,1,0,0,0,0,0,0,0,1,1
48,6.51E-02,4,48,Not eroded,0,0,0,0,0,0,0,0,0,1,1
49,1.95E-01,5,49,Not eroded,0,1,0,0,0,0,0,0,0,0,1
50,1.78E-01,5,50,Not eroded,0,0,0,0,0,0,0,0,0,0,1
51,2.79E-01,5,51,Not eroded,0,1,1,1,1,1,0,0,0,0,1
52,5.65E-02,4,52,Not eroded,0,0,0,0,0,0,0,0,0,1,1
53,1.66E-01,2,53,Not eroded,0,0,0,0,0,0,1,0,1,1,1
54,1.79E-01,0,54,Not eroded,0,0,0,0,0,0,1,1,1,1,1
55,1.96E-01,3,55,Not eroded,0,1,0,0,0,0,1,0,0,1,1
56,1.06E-01,5,56,Not eroded,0,0,0,0,0,0,0,0,0,0,1
57,2.48E-01,4,57,Not eroded,0,1,1,1,1,0,0,0,0,1,1
58,2.72E-01,0,58,ERODED,1,1,1,1,1,1,1,1,1,1,1
59,1.04E-01,4,59,Not eroded,0,0,0,0,0,0,0,0,0,1,1
60,1.32E-01,4,60,Not eroded,0,0,0,0,0,0,0,0,0,1,1
61,8.68E-02,5,61,Not eroded,0,0,0,0,0,0,0,0,0,0,1
62,7.41E-02,4,62,Not eroded,0,0,0,0,0,0,0,0,0,1,1
63,1.09E-01,0,63,Not eroded,0,0,0,0,0,0,1,1,1,1,1
64,2.79E-01,3,64,Not eroded,0,1,1,1,1,1,1,0,0,1,1
66,2.84E-01,0,66,ERODED,1,1,1,1,1,1,1,1,1,1,1
67,1.00E-01,4,67,Not eroded,0,0,0,0,0,0,0,0,0,1,1
68,1.54E-01,4,68,Not eroded,0,0,0,0,0,0,0,0,0,1,1
69,2.05E-01,5,69,Not eroded,0,1,0,0,0,0,0,0,0,0,1
70,2.51E-01,4,70,Not eroded,0,1,1,1,1,1,0,0,0,1,1
71,1.26E-01,5,71,Not eroded,0,0,0,0,0,0,0,0,0,0,1
72,5.65E-02,4,72,Not eroded,0,0,0,0,0,0,0,0,0,1,1
73,2.34E-01,5,73,Not eroded,0,1,1,1,0,0,0,0,0,0,1
74,2.85E-01,4,74,Not eroded,0,1,1,1,1,1,0,0,0,1,1
75,1.47E-01,0,75,Not eroded,0,0,0,0,0,0,1,1,1,1,1
76,1.47E-01,4,76,Not eroded,0,0,0,0,0,0,0,0,0,1,1
77,1.87E-01,5,77,Not eroded,0,0,0,0,0,0,0,0,0,0,1
78,1.15E-01,4,78,Not eroded,0,0,0,0,0,0,0,0,0,1,1
79,1.45E-01,4,79,Not eroded,0,0,0,0,0,0,0,0,0,1,1
80,1.54E-01,3,80,Not eroded,0,0,0,0,0,0,1,0,0,1,1
81,2.02E-01,4,81,Not eroded,0,1,0,0,0,0,0,0,0,1,1
82,2.69E-01,3,82,Not eroded,0,1,1,1,1,1,1,0,0,1,1
83,1.79E-01,0,83,Not eroded,0,0,0,0,0,0,1,1,1,1,1
84,1.94E-01,6,84,Not eroded,0,1,0,0,0,0,0,0,0,0,0
85,2.51E-01,4,85,Not eroded,0,1,1,1,1,1,0,0,0,1,1
86,1.71E-01,4,86,Not eroded,0,0,0,0,0,0,0,0,0,1,1
87,2.33E-01,0,87,Not eroded,0,1,1,1,0,0,1,1,1,1,1
88,2.70E-01,6,88,Not eroded,0,1,1,1,1,1,0,0,0,0,0
90,1.29E-01,0,90,Not eroded,0,0,0,0,0,0,1,1,1,1,1
91,2.22E-01,0,91,Not eroded,0,1,1,0,0,0,1,1,1,1,1
92,9.53E-02,4,92,Not eroded,0,0,0,0,0,0,0,0,0,1,1
93,1.72E-01,2,93,Not eroded,0,0,0,0,0,0,1,0,1,1,1
94,8.38E-02,4,94,Not eroded,0,0,0,0,0,0,0,0,0,1,1
96,7.28E-02,3,96,Not eroded,0,0,0,0,0,0,1,0,0,1,1
98,2.25E-01,4,98,Not eroded,0,1,1,0,0,0,0,0,0,1,1
99,2.92E-01,2,99,Not eroded,0,1,1,1,1,1,1,0,1,1,1
100,1.54E-01,0,100,Not eroded,0,0,0,0,0,0,1,1,1,1,1
101,8.72E-02,5,101,Not eroded,0,0,0,0,0,0,0,0,0,0,1
102,1.70E-01,4,102,Not eroded,0,0,0,0,0,0,0,0,0,1,1
103,1.37E-01,6,103,Not eroded,0,0,0,0,0,0,0,0,0,0,0
104,1.73E-01,7,104,Not eroded,0,0,0,0,0,0,0,0,0,0,0
105,3.15E-01,0,105,ERODED,1,1,1,1,1,1,1,1,1,1,1
106,6.50E-02,4,106,Not eroded,0,0,0,0,0,0,0,0,0,1,1
107,3.01E-01,0,107,ERODED,1,1,1,1,1,1,1,1,1,1,1
108,2.69E-01,5,108,Not eroded,0,1,1,1,1,1,0,0,0,0,1
109,3.16E-01,0,109,ERODED,1,1,1,1,1,1,1,1,1,1,1
110,2.81E-01,3,110,Not eroded,0,1,1,1,1,1,1,0,0,1,1
111,2.33E-01,4,111,Not eroded,0,1,1,1,0,0,0,0,0,1,1
112,1.35E-01,0,112,Not eroded,0,0,0,0,0,0,1,1,1,1,1
113,2.32E-01,0,113,Not eroded,0,1,1,1,0,0,1,1,1,1,1
116,5.65E-02,3,116,Not eroded,0,0,0,0,0,0,1,0,0,1,1
117,1.26E-01,4,117,Not eroded,0,0,0,0,0,0,0,0,0,1,1
119,2.77E-01,0,119,ERODED,1,1,1,1,1,1,1,1,1,1,1
121,1.28E-01,3,121,Not eroded,0,0,0,0,0,0,1,0,0,1,1
122,1.43E-01,5,122,Not eroded,0,0,0,0,0,0,0,0,0,0,1
123,7.34E-02,5,123,Not eroded,0,0,0,0,0,0,0,0,0,0,1
124,8.95E-02,4,124,Not eroded,0,0,0,0,0,0,0,0,0,1,1
125,1.33E-01,3,125,Not eroded,0,0,0,0,0,0,1,0,0,1,1
126,1.40E-01,3,126,Not eroded,0,0,0,0,0,0,1,0,0,1,1
127,2.20E-01,0,127,Not eroded,0,1,0,0,0,0,1,1,1,1,1
128,1.57E-01,4,128,Not eroded,0,0,0,0,0,0,0,0,0,1,1
129,2.00E-01,2,129,Not eroded,0,1,0,0,0,0,1,0,1,1,1
131,3.10E-01,0,131,ERODED,1,1,1,1,1,1,1,1,1,1,1
132,2.58E-01,3,132,Not eroded,0,1,1,1,1,1,1,0,0,1,1
133,1.03E-01,2,133,Not eroded,0,0,0,0,0,0,1,0,1,1,1
134,3.25E-01,0,134,ERODED,1,1,1,1,1,1,1,1,1,1,1
135,3.01E-01,0,135,ERODED,1,1,1,1,1,1,1,1,1,1,1
136,1.58E-01,0,136,Not eroded,0,0,0,0,0,0,1,1,1,1,1
137,1.18E-01,5,137,Not eroded,0,0,0,0,0,0,0,0,0,0,1
138,8.66E-02,0,138,Not eroded,0,0,0,0,0,0,1,1,1,1,1
139,7.77E-02,3,139,Not eroded,0,0,0,0,0,0,1,0,0,1,1
140,1.64E-01,5,140,Not eroded,0,0,0,0,0,0,0,0,0,0,1
141,1.76E-01,2,141,Not eroded,0,0,0,0,0,0,1,0,1,1,1
142,1.25E-01,0,142,Not eroded,0,0,0,0,0,0,1,1,1,1,1
143,3.21E-01,0,143,ERODED,1,1,1,1,1,1,1,1,1,1,1
144,1.15E-01,5,144,Not eroded,0,0,0,0,0,0,0,0,0,0,1
145,7.73E-02,0,145,Not eroded,0,0,0,0,0,0,1,1,1,1,1
146,8.76E-02,4,146,Not eroded,0,0,0,0,0,0,0,0,0,1,1
147,2.21E-01,0,147,Not eroded,0,1,1,0,0,0,1,1,1,1,1
148,2.83E-01,5,148,Not eroded,0,1,1,1,1,1,0,0,0,0,1
149,2.68E-01,3,149,Not eroded,0,1,1,1,1,1,1,0,0,1,1
150,1.87E-01,0,150,Not eroded,0,0,0,0,0,0,1,1,1,1,1
151,2.69E-01,5,151,Not eroded,0,1,1,1,1,1,0,0,0,0,1
154,8.39E-02,0,154,Not eroded,0,0,0,0,0,0,1,1,1,1,1
155,2.16E-01,6,155,Not eroded,0,1,0,0,0,0,0,0,0,0,0
156,2.27E-01,6,156,Not eroded,0,1,1,0,0,0,0,0,0,0,0
157,8.19E-02,6,157,Not eroded,0,0,0,0,0,0,0,0,0,0,0
158,1.71E-01,4,158,Not eroded,0,0,0,0,0,0,0,0,0,1,1
159,1.07E-01,3,159,Not eroded,0,0,0,0,0,0,1,0,0,1,1
160,1.16E-01,5,160,Not eroded,0,0,0,0,0,0,0,0,0,0,1
162,2.27E-01,3,162,Not eroded,0,1,1,0,0,0,1,0,0,1,1
163,2.87E-01,5,163,Not eroded,0,1,1,1,1,1,0,0,0,0,1
164,9.44E-02,5,164,Not eroded,0,0,0,0,0,0,0,0,0,0,1
165,1.42E-01,5,165,Not eroded,0,0,0,0,0,0,0,0,0,0,1
166,2.54E-01,5,166,Not eroded,0,1,1,1,1,1,0,0,0,0,1
167,8.63E-02,6,167,Not eroded,0,0,0,0,0,0,0,0,0,0,0
169,1.78E-01,0,169,Not eroded,0,0,0,0,0,0,1,1,1,1,1
170,7.42E-02,4,170,Not eroded,0,0,0,0,0,0,0,0,0,1,1
171,1.17E-01,5,171,Not eroded,0,0,0,0,0,0,0,0,0,0,1
172,2.25E-01,0,172,Not eroded,0,1,1,0,0,0,1,1,1,1,1
173,8.05E-02,4,173,Not eroded,0,0,0,0,0,0,0,0,0,1,1
174,1.28E-01,4,174,Not eroded,0,0,0,0,0,0,0,0,0,1,1
175,1.76E-01,0,175,Not eroded,0,0,0,0,0,0,1,1,1,1,1
176,2.45E-01,0,176,Not eroded,0,1,1,1,1,0,1,1,1,1,1
178,8.90E-02,4,178,Not eroded,0,0,0,0,0,0,0,0,0,1,1
179,2.48E-01,5,179,Not eroded,0,1,1,1,1,0,0,0,0,0,1
181,1.28E-01,0,181,Not eroded,0,0,0,0,0,0,1,1,1,1,1
182,1.47E-01,0,182,Not eroded,0,0,0,0,0,0,1,1,1,1,1
183,2.95E-01,0,183,ERODED,1,1,1,1,1,1,1,1,1,1,1
184,2.77E-01,0,184,ERODED,1,1,1,1,1,1,1,1,1,1,1
185,2.40E-01,2,185,Not eroded,0,1,1,1,0,0,1,0,1,1,1
186,1.72E-01,3,186,Not eroded,0,0,0,0,0,0,1,0,0,1,1
187,2.36E-01,3,187,Not eroded,0,1,1,1,0,0,1,0,0,1,1
188,1.47E-01,5,188,Not eroded,0,0,0,0,0,0,0,0,0,0,1
189,2.49E-01,3,189,Not eroded,0,1,1,1,1,0,1,0,0,1,1
190,1.43E-01,0,190,Not eroded,0,0,0,0,0,0,1,1,1,1,1
191,9.11E-02,0,191,Not eroded,0,0,0,0,0,0,1,1,1,1,1
192,1.98E-01,0,192,Not eroded,0,1,0,0,0,0,1,1,1,1,1
193,1.76E-01,0,193,Not eroded,0,0,0,0,0,0,1,1,1,1,1
194,6.63E-02,3,194,Not eroded,0,0,0,0,0,0,1,0,0,1,1
195,2.95E-01,0,195,ERODED,1,1,1,1,1,1,1,1,1,1,1
196,6.46E-02,5,196,Not eroded,0,0,0,0,0,0,0,0,0,0,1
197,2.37E-01,3,197,Not eroded,0,1,1,1,0,0,1,0,0,1,1
198,2.83E-01,3,198,Not eroded,0,1,1,1,1,1,1,0,0,1,1
199,2.68E-01,0,199,Not eroded,0,1,1,1,1,1,1,1,1,1,1
200,8.66E-02,5,200,Not eroded,0,0,0,0,0,0,0,0,0,0,1
201,5.65E-02,2,201,Not eroded,0,0,0,0,0,0,1,0,1,1,1
202,2.33E-01,3,202,Not eroded,0,1,1,1,0,0,1,0,0,1,1
203,1.48E-01,3,203,Not eroded,0,0,0,0,0,0,1,0,0,1,1
204,1.65E-01,6,204,Not eroded,0,0,0,0,0,0,0,0,0,0,0
205,3.16E-01,0,205,ERODED,1,1,1,1,1,1,1,1,1,1,1
206,9.32E-02,3,206,Not eroded,0,0,0,0,0,0,1,0,0,1,1
207,1.45E-01,5,207,Not eroded,0,0,0,0,0,0,0,0,0,0,1
208,2.32E-01,5,208,Not eroded,0,1,1,1,0,0,0,0,0,0,1
209,9.07E-02,3,209,Not eroded,0,0,0,0,0,0,1,0,0,1,1
210,2.23E-01,6,210,Not eroded,0,1,1,0,0,0,0,0,0,0,0
211,2.90E-01,7,211,Not eroded,0,1,1,1,1,1,0,0,0,0,0
212,2.96E-01,2,212,Not eroded,0,1,1,1,1,1,1,0,1,1,1
213,1.04E-01,3,213,Not eroded,0,0,0,0,0,0,1,0,0,1,1
214,1.32E-01,4,214,Not eroded,0,0,0,0,0,0,0,0,0,1,1
215,9.44E-02,4,215,Not eroded,0,0,0,0,0,0,0,0,0,1,1
216,2.63E-01,5,216,Not eroded,0,1,1,1,1,1,0,0,0,0,1
217,1.44E-01,0,217,Not eroded,0,0,0,0,0,0,1,1,1,1,1
218,3.36E-01,0,218,ERODED,1,1,1,1,1,1,1,1,1,1,1
219,5.65E-02,3,219,Not eroded,0,0,0,0,0,0,1,0,0,1,1
220,8.71E-02,0,220,Not eroded,0,0,0,0,0,0,1,1,1,1,1
221,1.91E-01,0,221,Not eroded,0,1,0,0,0,0,1,1,1,1,1
222,2.32E-01,4,222,Not eroded,0,1,1,1,0,0,0,0,0,1,1
223,2.84E-01,0,223,ERODED,1,1,1,1,1,1,1,1,1,1,1
224,2.80E-01,4,224,Not eroded,0,1,1,1,1,1,0,0,0,1,1
225,2.13E-01,0,225,Not eroded,0,1,0,0,0,0,1,1,1,1,1
226,1.57E-01,5,226,Not eroded,0,0,0,0,0,0,0,0,0,0,1
227,2.48E-01,6,227,Not eroded,0,1,1,1,1,0,0,0,0,0,0
228,5.65E-02,5,228,Not eroded,0,0,0,0,0,0,0,0,0,0,1
229,2.94E-01,2,229,Not eroded,0,1,1,1,1,1,1,0,1,1,1
230,1.08E-01,5,230,Not eroded,0,0,0,0,0,0,0,0,0,0,1
231,2.73E-01,5,231,Not eroded,0,1,1,1,1,1,0,0,0,0,1
232,2.37E-01,3,232,Not eroded,0,1,1,1,0,0,1,0,0,1,1
233,2.60E-01,3,233,Not eroded,0,1,1,1,1,1,1,0,0,1,1
234,2.92E-01,5,234,Not eroded,0,1,1,1,1,1,0,0,0,0,1
235,1.88E-01,3,235,Not eroded,0,0,0,0,0,0,1,0,0,1,1
236,8.49E-02,0,236,Not eroded,0,0,0,0,0,0,1,1,1,1,1
237,2.67E-01,0,237,Not eroded,0,1,1,1,1,1,1,1,1,1,1
238,1.10E-01,4,238,Not eroded,0,0,0,0,0,0,0,0,0,1,1
239,2.75E-01,0,239,Not eroded,0,1,1,1,1,1,1,1,1,1,1
240,2.28E-01,0,240,Not eroded,0,1,1,0,0,0,1,1,1,1,1
242,2.65E-01,4,242,Not eroded,0,1,1,1,1,1,0,0,0,1,1
243,2.91E-01,0,243,Not eroded,0,1,1,1,1,1,1,1,1,1,1
244,2.45E-01,0,244,Not eroded,0,1,1,1,1,0,1,1,1,1,1
245,2.64E-01,4,245,Not eroded,0,1,1,1,1,1,0,0,0,1,1
246,1.58E-01,3,246,Not eroded,0,0,0,0,0,0,1,0,0,1,1
247,3.05E-01,0,247,Not eroded,0,1,1,1,1,1,1,1,1,1,1
248,3.07E-01,2,248,Not eroded,0,1,1,1,1,1,1,0,1,1,1
249,1.91E-01,4,249,Not eroded,0,0,0,0,0,0,0,0,0,1,1
250,2.72E-01,3,250,Not eroded,0,1,1,1,1,1,1,0,0,1,1
251,1.05E-01,4,251,Not eroded,0,0,0,0,0,0,0,0,0,1,1
253,1.44E-01,7,253,Not eroded,0,0,0,0,0,0,0,0,0,0,0
255,2.63E-01,6,255,Not eroded,0,1,1,1,1,1,0,0,0,0,0
256,3.19E-01,0,256,ERODED,1,1,1,1,1,1,1,1,1,1,1
257,7.13E-02,3,257,Not eroded,0,0,0,0,0,0,1,0,0,1,1
258,1.41E-01,4,258,Not eroded,0,0,0,0,0,0,0,0,0,1,1
259,6.94E-02,4,259,Not eroded,0,0,0,0,0,0,0,0,0,1,1
260,1.50E-01,3,260,Not eroded,0,0,0,0,0,0,1,0,0,1,1
261,2.57E-01,0,261,Not eroded,0,1,1,1,1,1,1,1,1,1,1
262,2.91E-01,3,262,Not eroded,0,1,1,1,1,1,1,0,0,1,1
264,2.88E-01,6,264,Not eroded,0,1,1,1,1,1,0,0,0,0,0
265,1.07E-01,4,265,Not eroded,0,0,0,0,0,0,0,0,0,1,1
266,2.29E-01,0,266,Not eroded,0,1,1,0,0,0,1,1,1,1,1
267,1.69E-01,3,267,Not eroded,0,0,0,0,0,0,1,0,0,1,1
268,1.87E-01,3,268,Not eroded,0,0,0,0,0,0,1,0,0,1,1
269,2.44E-01,0,269,Not eroded,0,1,1,1,1,0,1,1,1,1,1
270,1.65E-01,0,270,Not eroded,0,0,0,0,0,0,1,1,1,1,1
271,5.68E-02,3,271,Not eroded,0,0,0,0,0,0,1,0,0,1,1
272,2.62E-01,0,272,Not eroded,0,1,1,1,1,1,1,1,1,1,1
273,6.53E-02,4,273,Not eroded,0,0,0,0,0,0,0,0,0,1,1
274,1.58E-01,4,274,Not eroded,0,0,0,0,0,0,0,0,0,1,1
275,5.65E-02,5,275,Not eroded,0,0,0,0,0,0,0,0,0,0,1
276,1.95E-01,0,276,Not eroded,0,1,0,0,0,0,1,1,1,1,1
277,1.86E-01,3,277,Not eroded,0,0,0,0,0,0,1,0,0,1,1
278,2.51E-01,4,278,Not eroded,0,1,1,1,1,1,0,0,0,1,1
279,1.98E-01,3,279,Not eroded,0,1,0,0,0,0,1,0,0,1,1
280,2.39E-01,0,280,Not eroded,0,1,1,1,0,0,1,1,1,1,1
281,2.20E-01,0,281,Not eroded,0,1,0,0,0,0,1,1,1,1,1
282,1.70E-01,5,282,Not eroded,0,0,0,0,0,0,0,0,0,0,1
283,2.26E-01,5,283,Not eroded,0,1,1,0,0,0,0,0,0,0,1
284,3.09E-01,0,284,ERODED,1,1,1,1,1,1,1,1,1,1,1
285,1.37E-01,0,285,Not eroded,0,0,0,0,0,0,1,1,1,1,1
286,1.60E-01,3,286,Not eroded,0,0,0,0,0,0,1,0,0,1,1
287,2.67E-01,3,287,Not eroded,0,1,1,1,1,1,1,0,0,1,1
288,5.65E-02,3,288,Not eroded,0,0,0,0,0,0,1,0,0,1,1
289,1.40E-01,3,289,Not eroded,0,0,0,0,0,0,1,0,0,1,1
290,3.10E-01,0,290,ERODED,1,1,1,1,1,1,1,1,1,1,1
291,3.08E-01,0,291,ERODED,1,1,1,1,1,1,1,1,1,1,1
292,2.54E-01,3,292,Not eroded,0,1,1,1,1,1,1,0,0,1,1
293,3.20E-01,0,293,ERODED,1,1,1,1,1,1,1,1,1,1,1
294,2.64E-01,3,294,Not eroded,0,1,1,1,1,1,1,0,0,1,1
295,1.62E-01,3,295,Not eroded,0,0,0,0,0,0,1,0,0,1,1
297,3.08E-01,0,297,ERODED,1,1,1,1,1,1,1,1,1,1,1
298,1.90E-01,0,298,Not eroded,0,0,0,0,0,0,1,1,1,1,1
299,1.25E-01,3,299,Not eroded,0,0,0,0,0,0,1,0,0,1,1
300,2.90E-01,3,300,Not eroded,0,1,1,1,1,1,1,0,0,1,1
301,1.20E-01,3,301,Not eroded,0,0,0,0,0,0,1,0,0,1,1
303,2.33E-01,0,303,Not eroded,0,1,1,1,0,0,1,1,1,1,1
304,1.85E-01,4,304,Not eroded,0,0,0,0,0,0,0,0,0,1,1
305,2.23E-01,3,305,Not eroded,0,1,1,0,0,0,1,0,0,1,1
306,7.95E-02,0,306,Not eroded,0,0,0,0,0,0,1,1,1,1,1
307,6.70E-02,0,307,Not eroded,0,0,0,0,0,0,1,1,1,1,1
308,2.57E-01,4,308,Not eroded,0,1,1,1,1,1,0,0,0,1,1
309,1.38E-01,0,309,Not eroded,0,0,0,0,0,0,1,1,1,1,1
310,2.47E-01,5,310,Not eroded,0,1,1,1,1,0,0,0,0,0,1
311,5.65E-02,3,311,Not eroded,0,0,0,0,0,0,1,0,0,1,1
313,2.40E-01,4,313,Not eroded,0,1,1,1,0,0,0,0,0,1,1
314,1.08E-01,3,314,Not eroded,0,0,0,0,0,0,1,0,0,1,1
315,1.86E-01,0,315,Not eroded,0,0,0,0,0,0,1,1,1,1,1
316,6.54E-02,3,316,Not eroded,0,0,0,0,0,0,1,0,0,1,1
317,1.81E-01,5,317,Not eroded,0,0,0,0,0,0,0,0,0,0,1
318,9.09E-02,5,318,Not eroded,0,0,0,0,0,0,0,0,0,0,1
319,3.26E-01,0,319,ERODED,1,1,1,1,1,1,1,1,1,1,1
320,1.41E-01,4,320,Not eroded,0,0,0,0,0,0,0,0,0,1,1
321,1.35E-01,4,321,Not eroded,0,0,0,0,0,0,0,0,0,1,1
322,2.88E-01,4,322,Not eroded,0,1,1,1,1,1,0,0,0,1,1
323,3.03E-01,0,323,ERODED,1,1,1,1,1,1,1,1,1,1,1
325,2.82E-01,5,325,Not eroded,0,1,1,1,1,1,0,0,0,0,1
326,1.32E-01,3,326,Not eroded,0,0,0,0,0,0,1,0,0,1,1
327,2.04E-01,6,327,Not eroded,0,1,0,0,0,0,0,0,0,0,0
328,1.67E-01,0,328,Not eroded,0,0,0,0,0,0,1,1,1,1,1
329,1.41E-01,5,329,Not eroded,0,0,0,0,0,0,0,0,0,0,1
330,2.50E-01,0,330,Not eroded,0,1,1,1,1,0,1,1,1,1,1
332,3.25E-01,0,332,ERODED,1,1,1,1,1,1,1,1,1,1,1
333,1.71E-01,4,333,Not eroded,0,0,0,0,0,0,0,0,0,1,1
335,1.44E-01,5,335,Not eroded,0,0,0,0,0,0,0,0,0,0,1
336,1.54E-01,6,336,Not eroded,0,0,0,0,0,0,0,0,0,0,0
337,1.27E-01,0,337,Not eroded,0,0,0,0,0,0,1,1,1,1,1
338,1.25E-01,0,338,Not eroded,0,0,0,0,0,0,1,1,1,1,1
339,2.15E-01,4,339,Not eroded,0,1,0,0,0,0,0,0,0,1,1
341,5.65E-02,4,341,Not eroded,0,0,0,0,0,0,0,0,0,1,1
342,2.44E-01,4,342,Not eroded,0,1,1,1,1,0,0,0,0,1,1
343,1.88E-01,4,343,Not eroded,0,0,0,0,0,0,0,0,0,1,1
345,2.80E-01,4,345,Not eroded,0,1,1,1,1,1,0,0,0,1,1
347,3.16E-01,0,347,ERODED,1,1,1,1,1,1,1,1,1,1,1
348,1.94E-01,4,348,Not eroded,0,1,0,0,0,0,0,0,0,1,1
349,3.17E-01,0,349,ERODED,1,1,1,1,1,1,1,1,1,1,1
350,2.92E-01,4,350,ERODED,1,1,1,1,1,1,0,0,0,1,1
351,2.40E-01,0,351,Not eroded,0,1,1,1,0,0,1,1,1,1,1
352,1.40E-01,3,352,Not eroded,0,0,0,0,0,0,1,0,0,1,1
353,1.21E-01,5,353,Not eroded,0,0,0,0,0,0,0,0,0,0,1
354,7.29E-02,3,354,Not eroded,0,0,0,0,0,0,1,0,0,1,1
355,6.08E-02,5,355,Not eroded,0,0,0,0,0,0,0,0,0,0,1
356,2.88E-01,4,356,Not eroded,0,1,1,1,1,1,0,0,0,1,1
357,2.18E-01,3,357,Not eroded,0,1,0,0,0,0,1,0,0,1,1
359,2.79E-01,0,359,ERODED,1,1,1,1,1,1,1,1,1,1,1
360,7.11E-02,4,360,Not eroded,0,0,0,0,0,0,0,0,0,1,1
361,1.68E-01,0,361,Not eroded,0,0,0,0,0,0,1,1,1,1,1
362,2.94E-01,5,362,Not eroded,0,1,1,1,1,1,0,0,0,0,1
364,1.53E-01,6,364,Not eroded,0,0,0,0,0,0,0,0,0,0,0
366,2.87E-01,4,366,Not eroded,0,1,1,1,1,1,0,0,0,1,1
367,2.33E-01,0,367,Not eroded,0,1,1,1,0,0,1,1,1,1,1
368,2.85E-01,4,368,Not eroded,0,1,1,1,1,1,0,0,0,1,1
369,2.51E-01,0,369,Not eroded,0,1,1,1,1,1,1,1,1,1,1
370,8.70E-02,3,370,Not eroded,0,0,0,0,0,0,1,0,0,1,1
371,1.95E-01,5,371,Not eroded,0,1,0,0,0,0,0,0,0,0,1
372,3.16E-01,0,372,ERODED,1,1,1,1,1,1,1,1,1,1,1
373,1.29E-01,4,373,Not eroded,0,0,0,0,0,0,0,0,0,1,1
374,2.68E-01,3,374,Not eroded,0,1,1,1,1,1,1,0,0,1,1
375,2.10E-01,4,375,Not eroded,0,1,0,0,0,0,0,0,0,1,1
376,2.36E-01,3,376,Not eroded,0,1,1,1,0,0,1,0,0,1,1
377,2.97E-01,0,377,ERODED,1,1,1,1,1,1,1,1,1,1,1
378,9.12E-02,6,378,Not eroded,0,0,0,0,0,0,0,0,0,0,0
379,2.93E-01,0,379,ERODED,1,1,1,1,1,1,1,1,1,1,1
380,1.74E-01,5,380,Not eroded,0,0,0,0,0,0,0,0,0,0,1
381,9.11E-02,6,381,Not eroded,0,0,0,0,0,0,0,0,0,0,0
383,3.04E-01,0,383,ERODED,1,1,1,1,1,1,1,1,1,1,1
384,2.45E-01,0,384,Not eroded,0,1,1,1,1,0,1,1,1,1,1
385,8.40E-02,3,385,Not eroded,0,0,0,0,0,0,1,0,0,1,1
387,1.30E-01,6,387,Not eroded,0,0,0,0,0,0,0,0,0,0,0
388,1.20E-01,0,388,Not eroded,0,0,0,0,0,0,1,1,1,1,1
389,1.68E-01,4,389,Not eroded,0,0,0,0,0,0,0,0,0,1,1
390,2.88E-01,4,390,Not eroded,0,1,1,1,1,1,0,0,0,1,1
391,2.33E-01,5,391,Not eroded,0,1,1,1,0,0,0,0,0,0,1
392,5.65E-02,6,392,Not eroded,0,0,0,0,0,0,0,0,0,0,0
393,2.56E-01,0,393,Not eroded,0,1,1,1,1,1,1,1,1,1,1
394,2.71E-01,3,394,Not eroded,0,1,1,1,1,1,1,0,0,1,1
396,1.56E-01,6,396,Not eroded,0,0,0,0,0,0,0,0,0,0,0
397,9.14E-02,3,397,Not eroded,0,0,0,0,0,0,1,0,0,1,1
398,2.22E-01,4,398,Not eroded,0,1,1,0,0,0,0,0,0,1,1
399,2.61E-01,2,399,Not eroded,0,1,1,1,1,1,1,0,1,1,1
400,1.42E-01,4,400,Not eroded,0,0,0,0,0,0,0,0,0,1,1
401,2.83E-01,6,401,Not eroded,0,1,1,1,1,1,0,0,0,0,0
403,1.34E-01,4,403,Not eroded,0,0,0,0,0,0,0,0,0,1,1
404,1.55E-01,3,404,Not eroded,0,0,0,0,0,0,1,0,0,1,1
405,2.22E-01,4,405,Not eroded,0,1,1,0,0,0,0,0,0,1,1
407,2.89E-01,4,407,Not eroded,0,1,1,1,1,1,0,0,0,1,1
408,2.34E-01,4,408,Not eroded,0,1,1,1,0,0,0,0,0,1,1
409,2.86E-01,5,409,Not eroded,0,1,1,1,1,1,0,0,0,0,1
410,8.98E-02,0,410,Not eroded,0,0,0,0,0,0,1,1,1,1,1
411,2.38E-01,6,411,Not eroded,0,1,1,1,0,0,0,0,0,0,0
412,2.29E-01,3,412,Not eroded,0,1,1,0,0,0,1,0,0,1,1
413,1.19E-01,3,413,Not eroded,0,0,0,0,0,0,1,0,0,1,1
414,2.59E-01,6,414,Not eroded,0,1,1,1,1,1,0,0,0,0,0
415,1.25E-01,4,415,Not eroded,0,0,0,0,0,0,0,0,0,1,1
416,1.68E-01,3,416,Not eroded,0,0,0,0,0,0,1,0,0,1,1
417,2.15E-01,0,417,Not eroded,0,1,0,0,0,0,1,1,1,1,1
418,1.14E-01,0,418,Not eroded,0,0,0,0,0,0,1,1,1,1,1
419,1.19E-01,0,419,Not eroded,0,0,0,0,0,0,1,1,1,1,1
420,2.55E-01,4,420,Not eroded,0,1,1,1,1,1,0,0,0,1,1
421,8.73E-02,5,421,Not eroded,0,0,0,0,0,0,0,0,0,0,1
422,2.62E-01,5,422,Not eroded,0,1,1,1,1,1,0,0,0,0,1
423,1.37E-01,5,423,Not eroded,0,0,0,0,0,0,0,0,0,0,1
424,1.06E-01,4,424,Not eroded,0,0,0,0,0,0,0,0,0,1,1
425,1.65E-01,4,425,Not eroded,0,0,0,0,0,0,0,0,0,1,1
426,1.83E-01,0,426,Not eroded,0,0,0,0,0,0,1,1,1,1,1
427,1.65E-01,0,427,Not eroded,0,0,0,0,0,0,1,1,1,1,1
428,3.08E-01,0,428,ERODED,1,1,1,1,1,1,1,1,1,1,1
429,9.97E-02,0,429,Not eroded,0,0,0,0,0,0,1,1,1,1,1
430,3.23E-01,0,430,ERODED,1,1,1,1,1,1,1,1,1,1,1
431,1.68E-01,3,431,Not eroded,0,0,0,0,0,0,1,0,0,1,1
432,1.77E-01,7,432,Not eroded,0,0,0,0,0,0,0,0,0,0,0
433,6.29E-02,5,433,Not eroded,0,0,0,0,0,0,0,0,0,0,1
434,8.95E-02,3,434,Not eroded,0,0,0,0,0,0,1,0,0,1,1
435,1.45E-01,0,435,Not eroded,0,0,0,0,0,0,1,1,1,1,1
436,1.68E-01,4,436,Not eroded,0,0,0,0,0,0,0,0,0,1,1
437,3.15E-01,0,437,ERODED,1,1,1,1,1,1,1,1,1,1,1
438,2.73E-01,0,438,ERODED,1,1,1,1,1,1,1,1,1,1,1
440,1.20E-01,3,440,Not eroded,0,0,0,0,0,0,1,0,0,1,1
441,8.35E-02,5,441,Not eroded,0,0,0,0,0,0,0,0,0,0,1
442,1.18E-01,3,442,Not eroded,0,0,0,0,0,0,1,0,0,1,1
443,7.17E-02,4,443,Not eroded,0,0,0,0,0,0,0,0,0,1,1
444,2.75E-01,0,444,ERODED,1,1,1,1,1,1,1,1,1,1,1
445,2.87E-01,2,445,Not eroded,0,1,1,1,1,1,1,0,1,1,1
446,1.74E-01,0,446,Not eroded,0,0,0,0,0,0,1,1,1,1,1
447,1.76E-01,0,447,Not eroded,0,0,0,0,0,0,1,1,1,1,1
448,2.69E-01,5,448,Not eroded,0,1,1,1,1,1,0,0,0,0,1
449,2.13E-01,6,449,Not eroded,0,1,0,0,0,0,0,0,0,0,0
450,1.66E-01,0,450,Not eroded,0,0,0,0,0,0,1,1,1,1,1
451,8.14E-02,4,451,Not eroded,0,0,0,0,0,0,0,0,0,1,1
452,3.09E-01,0,452,ERODED,1,1,1,1,1,1,1,1,1,1,1
453,1.77E-01,3,453,Not eroded,0,0,0,0,0,0,1,0,0,1,1
454,9.18E-02,4,454,Not eroded,0,0,0,0,0,0,0,0,0,1,1
456,3.02E-01,0,456,ERODED,1,1,1,1,1,1,1,1,1,1,1
457,3.11E-01,0,457,ERODED,1,1,1,1,1,1,1,1,1,1,1
458,7.29E-02,5,458,Not eroded,0,0,0,0,0,0,0,0,0,0,1
459,7.30E-02,3,459,Not eroded,0,0,0,0,0,0,1,0,0,1,1
460,1.97E-01,6,460,Not eroded,0,1,0,0,0,0,0,0,0,0,0
461,2.44E-01,5,461,Not eroded,0,1,1,1,1,0,0,0,0,0,1
463,2.15E-01,4,463,Not eroded,0,1,0,0,0,0,0,0,0,1,1
464,7.49E-02,0,464,Not eroded,0,0,0,0,0,0,1,1,1,1,1
466,2.06E-01,5,466,Not eroded,0,1,0,0,0,0,0,0,0,0,1
467,9.60E-02,5,467,Not eroded,0,0,0,0,0,0,0,0,0,0,1
468,1.19E-01,4,468,Not eroded,0,0,0,0,0,0,0,0,0,1,1
469,2.94E-01,5,469,Not eroded,0,1,1,1,1,1,0,0,0,0,1
470,1.46E-01,0,470,Not eroded,0,0,0,0,0,0,1,1,1,1,1
471,2.04E-01,4,471,Not eroded,0,1,0,0,0,0,0,0,0,1,1
472,7.71E-02,0,472,Not eroded,0,0,0,0,0,0,1,1,1,1,1
473,2.19E-01,4,473,Not eroded,0,1,0,0,0,0,0,0,0,1,1
474,2.19E-01,0,474,Not eroded,0,1,0,0,0,0,1,1,1,1,1
475,2.92E-01,0,475,ERODED,1,1,1,1,1,1,1,1,1,1,1
477,2.79E-01,4,477,Not eroded,0,1,1,1,1,1,0,0,0,1,1
478,1.96E-01,4,478,Not eroded,0,1,0,0,0,0,0,0,0,1,1
479,1.49E-01,6,479,Not eroded,0,0,0,0,0,0,0,0,0,0,0
480,8.26E-02,5,480,Not eroded,0,0,0,0,0,0,0,0,0,0,1
481,5.65E-02,2,481,Not eroded,0,0,0,0,0,0,1,0,1,1,1
482,2.13E-01,0,482,Not eroded,0,1,0,0,0,0,1,1,1,1,1
483,2.52E-01,6,483,Not eroded,0,1,1,1,1,1,0,0,0,0,0
485,5.65E-02,3,485,Not eroded,0,0,0,0,0,0,1,0,0,1,1
486,5.65E-02,4,486,Not eroded,0,0,0,0,0,0,0,0,0,1,1
487,2.86E-01,2,487,Not eroded,0,1,1,1,1,1,1,0,1,1,1
488,1.72E-01,3,488,Not eroded,0,0,0,0,0,0,1,0,0,1,1
489,1.21E-01,0,489,Not eroded,0,0,0,0,0,0,1,1,1,1,1
490,2.25E-01,5,490,Not eroded,0,1,1,0,0,0,0,0,0,0,1
491,2.96E-01,4,491,Not eroded,0,1,1,1,1,1,0,0,0,1,1
492,3.25E-01,0,492,ERODED,1,1,1,1,1,1,1,1,1,1,1
493,1.62E-01,0,493,Not eroded,0,0,0,0,0,0,1,1,1,1,1
494,2.64E-01,0,494,Not eroded,0,1,1,1,1,1,1,1,1,1,1
495,2.37E-01,3,495,Not eroded,0,1,1,1,0,0,1,0,0,1,1
496,2.73E-01,0,496,Not eroded,0,1,1,1,1,1,1,1,1,1,1
497,1.12E-01,4,497,Not eroded,0,0,0,0,0,0,0,0,0,1,1
498,2.47E-01,0,498,Not eroded,0,1,1,1,1,0,1,1,1,1,1
499,1.17E-01,4,499,Not eroded,0,0,0,0,0,0,0,0,0,1,1
501,1.08E-01,0,501,Not eroded,0,0,0,0,0,0,1,1,1,1,1
502,2.40E-01,3,502,Not eroded,0,1,1,1,0,0,1,0,0,1,1
503,1.66E-01,0,503,Not eroded,0,0,0,0,0,0,1,1,1,1,1
504,1.43E-01,0,504,Not eroded,0,0,0,0,0,0,1,1,1,1,1
506,1.08E-01,5,506,Not eroded,0,0,0,0,0,0,0,0,0,0,1
507,2.35E-01,0,507,Not eroded,0,1,1,1,0,0,1,1,1,1,1
508,2.61E-01,3,508,Not eroded,0,1,1,1,1,1,1,0,0,1,1
509,2.99E-01,2,509,Not eroded,0,1,1,1,1,1,1,0,1,1,1
510,2.17E-01,4,510,Not eroded,0,1,0,0,0,0,0,0,0,1,1
511,1.58E-01,5,511,Not eroded,0,0,0,0,0,0,0,0,0,0,1
512,1.09E-01,0,512,Not eroded,0,0,0,0,0,0,1,1,1,1,1
513,2.08E-01,0,513,Not eroded,0,1,0,0,0,0,1,1,1,1,1
514,1.98E-01,4,514,Not eroded,0,1,0,0,0,0,0,0,0,1,1
515,1.78E-01,4,515,Not eroded,0,0,0,0,0,0,0,0,0,1,1
517,1.91E-01,2,517,Not eroded,0,0,0,0,0,0,1,0,1,1,1
518,6.66E-02,2,518,Not eroded,0,0,0,0,0,0,1,0,1,1,1
519,2.32E-01,6,519,Not eroded,0,1,1,1,0,0,0,0,0,0,0
520,2.13E-01,5,520,Not eroded,0,1,0,0,0,0,0,0,0,0,1
521,2.90E-01,4,521,Not eroded,0,1,1,1,1,1,0,0,0,1,1
522,2.15E-01,3,522,Not eroded,0,1,0,0,0,0,1,0,0,1,1
523,2.96E-01,4,523,Not eroded,0,1,1,1,1,1,0,0,0,1,1
524,2.88E-01,4,524,Not eroded,0,1,1,1,1,1,0,0,0,1,1
525,1.26E-01,0,525,Not eroded,0,0,0,0,0,0,1,1,1,1,1
527,1.08E-01,3,527,Not eroded,0,0,0,0,0,0,1,0,0,1,1
528,6.37E-02,5,528,Not eroded,0,0,0,0,0,0,0,0,0,0,1
529,8.39E-02,7,529,Not eroded,0,0,0,0,0,0,0,0,0,0,0
530,1.23E-01,0,530,Not eroded,0,0,0,0,0,0,1,1,1,1,1
531,2.00E-01,2,531,Not eroded,0,1,0,0,0,0,1,0,1,1,1
532,1.01E-01,4,532,Not eroded,0,0,0,0,0,0,0,0,0,1,1
533,5.77E-02,3,533,Not eroded,0,0,0,0,0,0,1,0,0,1,1
534,6.20E-02,4,534,Not eroded,0,0,0,0,0,0,0,0,0,1,1
536,2.96E-01,0,536,Not eroded,0,1,1,1,1,1,1,1,1,1,1
538,1.52E-01,2,538,Not eroded,0,0,0,0,0,0,1,0,1,1,1
539,2.09E-01,0,539,Not eroded,0,1,0,0,0,0,1,1,1,1,1
540,1.90E-01,0,540,Not eroded,0,0,0,0,0,0,1,1,1,1,1
541,2.92E-01,0,541,Not eroded,0,1,1,1,1,1,1,1,1,1,1
542,1.86E-01,0,542,Not eroded,0,0,0,0,0,0,1,1,1,1,1
543,5.72E-02,5,543,Not eroded,0,0,0,0,0,0,0,0,0,0,1
544,1.39E-01,0,544,Not eroded,0,0,0,0,0,0,1,1,1,1,1
545,2.95E-01,0,545,ERODED,1,1,1,1,1,1,1,1,1,1,1
547,5.72E-02,4,547,Not eroded,0,0,0,0,0,0,0,0,0,1,1
548,1.85E-01,0,548,Not eroded,0,0,0,0,0,0,1,1,1,1,1
549,1.41E-01,0,549,Not eroded,0,0,0,0,0,0,1,1,1,1,1
550,1.70E-01,4,550,Not eroded,0,0,0,0,0,0,0,0,0,1,1
552,3.02E-01,0,552,ERODED,1,1,1,1,1,1,1,1,1,1,1
553,1.68E-01,5,553,Not eroded,0,0,0,0,0,0,0,0,0,0,1
554,6.48E-02,5,554,Not eroded,0,0,0,0,0,0,0,0,0,0,1
555,1.51E-01,4,555,Not eroded,0,0,0,0,0,0,0,0,0,1,1
556,2.04E-01,3,556,Not eroded,0,1,0,0,0,0,1,0,0,1,1
557,1.89E-01,5,557,Not eroded,0,0,0,0,0,0,0,0,0,0,1
558,5.94E-02,4,558,Not eroded,0,0,0,0,0,0,0,0,0,1,1
559,1.76E-01,0,559,Not eroded,0,0,0,0,0,0,1,1,1,1,1
560,3.13E-01,0,560,ERODED,1,1,1,1,1,1,1,1,1,1,1
562,1.00E-01,4,562,Not eroded,0,0,0,0,0,0,0,0,0,1,1
563,5.66E-02,3,563,Not eroded,0,0,0,0,0,0,1,0,0,1,1
565,1.28E-01,0,565,Not eroded,0,0,0,0,0,0,1,1,1,1,1
566,2.30E-01,3,566,Not eroded,0,1,1,0,0,0,1,0,0,1,1
567,1.22E-01,4,567,Not eroded,0,0,0,0,0,0,0,0,0,1,1
568,2.41E-01,6,568,Not eroded,0,1,1,1,1,0,0,0,0,0,0
569,1.83E-01,4,569,Not eroded,0,0,0,0,0,0,0,0,0,1,1
570,2.60E-01,0,570,Not eroded,0,1,1,1,1,1,1,1,1,1,1
571,3.15E-01,0,571,ERODED,1,1,1,1,1,1,1,1,1,1,1
572,1.82E-01,3,572,Not eroded,0,0,0,0,0,0,1,0,0,1,1
573,2.60E-01,3,573,Not eroded,0,1,1,1,1,1,1,0,0,1,1
574,1.47E-01,4,574,Not eroded,0,0,0,0,0,0,0,0,0,1,1
575,2.75E-01,3,575,Not eroded,0,1,1,1,1,1,1,0,0,1,1
576,2.92E-01,4,576,Not eroded,0,1,1,1,1,1,0,0,0,1,1
577,1.17E-01,5,577,Not eroded,0,0,0,0,0,0,0,0,0,0,1
578,1.16E-01,0,578,Not eroded,0,0,0,0,0,0,1,1,1,1,1
579,6.57E-02,6,579,Not eroded,0,0,0,0,0,0,0,0,0,0,0
580,2.70E-01,4,580,Not eroded,0,1,1,1,1,1,0,0,0,1,1
582,2.23E-01,0,582,Not eroded,0,1,1,0,0,0,1,1,1,1,1
583,2.74E-01,4,583,Not eroded,0,1,1,1,1,1,0,0,0,1,1
584,6.01E-02,3,584,Not eroded,0,0,0,0,0,0,1,0,0,1,1
587,2.57E-01,0,587,Not eroded,0,1,1,1,1,1,1,1,1,1,1
589,2.10E-01,4,589,Not eroded,0,1,0,0,0,0,0,0,0,1,1
590,3.06E-01,3,590,Not eroded,0,1,1,1,1,1,1,0,0,1,1
591,2.90E-01,3,591,Not eroded,0,1,1,1,1,1,1,0,0,1,1
592,5.65E-02,3,592,Not eroded,0,0,0,0,0,0,1,0,0,1,1
593,2.26E-01,4,593,Not eroded,0,1,1,0,0,0,0,0,0,1,1
594,9.54E-02,0,594,Not eroded,0,0,0,0,0,0,1,1,1,1,1
595,2.66E-01,4,595,Not eroded,0,1,1,1,1,1,0,0,0,1,1
596,5.66E-02,3,596,Not eroded,0,0,0,0,0,0,1,0,0,1,1
597,1.16E-01,6,597,Not eroded,0,0,0,0,0,0,0,0,0,0,0
599,2.30E-01,0,599,Not eroded,0,1,1,0,0,0,1,1,1,1,1
600,1.54E-01,4,600,Not eroded,0,0,0,0,0,0,0,0,0,1,1
601,2.24E-01,0,601,Not eroded,0,1,1,0,0,0,1,1,1,1,1
602,9.35E-02,3,602,Not eroded,0,0,0,0,0,0,1,0,0,1,1
605,1.18E-01,5,605,Not eroded,0,0,0,0,0,0,0,0,0,0,1
606,2.81E-01,0,606,Not eroded,0,1,1,1,1,1,1,1,1,1,1
607,2.23E-01,4,607,Not eroded,0,1,1,0,0,0,0,0,0,1,1
608,5.66E-02,4,608,Not eroded,0,0,0,0,0,0,0,0,0,1,1
609,5.66E-02,3,609,Not eroded,0,0,0,0,0,0,1,0,0,1,1
610,1.77E-01,4,610,Not eroded,0,0,0,0,0,0,0,0,0,1,1
611,2.85E-01,0,611,Not eroded,0,1,1,1,1,1,1,1,1,1,1
612,2.52E-01,6,612,Not eroded,0,1,1,1,1,1,0,0,0,0,0
613,7.33E-02,3,613,Not eroded,0,0,0,0,0,0,1,0,0,1,1
614,2.30E-01,5,614,Not eroded,0,1,1,0,0,0,0,0,0,0,1
616,8.97E-02,6,616,Not eroded,0,0,0,0,0,0,0,0,0,0,0
617,1.25E-01,4,617,Not eroded,0,0,0,0,0,0,0,0,0,1,1
619,1.95E-01,2,619,Not eroded,0,1,0,0,0,0,1,0,1,1,1
620,9.17E-02,4,620,Not eroded,0,0,0,0,0,0,0,0,0,1,1
621,9.47E-02,0,621,Not eroded,0,0,0,0,0,0,1,1,1,1,1
622,2.23E-01,4,622,Not eroded,0,1,1,0,0,0,0,0,0,1,1
623,2.96E-01,4,623,Not eroded,0,1,1,1,1,1,0,0,0,1,1
624,3.16E-01,0,624,ERODED,1,1,1,1,1,1,1,1,1,1,1
625,2.98E-01,0,625,ERODED,1,1,1,1,1,1,1,1,1,1,1
626,3.14E-01,0,626,ERODED,1,1,1,1,1,1,1,1,1,1,1
627,1.95E-01,4,627,Not eroded,0,1,0,0,0,0,0,0,0,1,1
628,3.13E-01,0,628,ERODED,1,1,1,1,1,1,1,1,1,1,1
629,1.12E-01,0,629,Not eroded,0,0,0,0,0,0,1,1,1,1,1
630,8.91E-02,0,630,Not eroded,0,0,0,0,0,0,1,1,1,1,1
631,1.80E-01,6,631,Not eroded,0,0,0,0,0,0,0,0,0,0,0
632,1.80E-01,4,632,Not eroded,0,0,0,0,0,0,0,0,0,1,1
633,1.27E-01,4,633,Not eroded,0,0,0,0,0,0,0,0,0,1,1
634,1.04E-01,3,634,Not eroded,0,0,0,0,0,0,1,0,0,1,1
635,2.01E-01,3,635,Not eroded,0,1,0,0,0,0,1,0,0,1,1
636,2.16E-01,0,636,Not eroded,0,1,0,0,0,0,1,1,1,1,1
637,3.02E-01,0,637,ERODED,1,1,1,1,1,1,1,1,1,1,1
638,1.47E-01,7,638,Not eroded,0,0,0,0,0,0,0,0,0,0,0
639,2.99E-01,5,639,Not eroded,0,1,1,1,1,1,0,0,0,0,1
640,1.40E-01,5,640,Not eroded,0,0,0,0,0,0,0,0,0,0,1
641,7.35E-02,4,641,Not eroded,0,0,0,0,0,0,0,0,0,1,1
642,2.48E-01,2,642,Not eroded,0,1,1,1,1,0,1,0,1,1,1
643,1.38E-01,3,643,Not eroded,0,0,0,0,0,0,1,0,0,1,1
644,2.35E-01,3,644,Not eroded,0,1,1,1,0,0,1,0,0,1,1
645,6.33E-02,4,645,Not eroded,0,0,0,0,0,0,0,0,0,1,1
646,2.12E-01,4,646,Not eroded,0,1,0,0,0,0,0,0,0,1,1
647,2.78E-01,4,647,Not eroded,0,1,1,1,1,1,0,0,0,1,1
649,7.31E-02,4,649,Not eroded,0,0,0,0,0,0,0,0,0,1,1
650,2.74E-01,5,650,Not eroded,0,1,1,1,1,1,0,0,0,0,1
651,2.69E-01,4,651,Not eroded,0,1,1,1,1,1,0,0,0,1,1
652,2.21E-01,0,652,Not eroded,0,1,1,0,0,0,1,1,1,1,1
653,6.77E-02,5,653,Not eroded,0,0,0,0,0,0,0,0,0,0,1
654,2.58E-01,5,654,Not eroded,0,1,1,1,1,1,0,0,0,0,1
655,1.19E-01,4,655,Not eroded,0,0,0,0,0,0,0,0,0,1,1
656,2.98E-01,0,656,ERODED,1,1,1,1,1,1,1,1,1,1,1
657,1.37E-01,3,657,Not eroded,0,0,0,0,0,0,1,0,0,1,1
658,2.15E-01,4,658,Not eroded,0,1,0,0,0,0,0,0,0,1,1
659,7.45E-02,0,659,Not eroded,0,0,0,0,0,0,1,1,1,1,1
660,2.91E-01,0,660,ERODED,1,1,1,1,1,1,1,1,1,1,1
661,1.01E-01,4,661,Not eroded,0,0,0,0,0,0,0,0,0,1,1
662,1.64E-01,4,662,Not eroded,0,0,0,0,0,0,0,0,0,1,1
663,1.16E-01,3,663,Not eroded,0,0,0,0,0,0,1,0,0,1,1
664,2.25E-01,4,664,Not eroded,0,1,1,0,0,0,0,0,0,1,1
665,8.12E-02,5,665,Not eroded,0,0,0,0,0,0,0,0,0,0,1
666,3.22E-01,0,666,ERODED,1,1,1,1,1,1,1,1,1,1,1
668,2.56E-01,4,668,Not eroded,0,1,1,1,1,1,0,0,0,1,1
669,2.82E-01,3,669,Not eroded,0,1,1,1,1,1,1,0,0,1,1
671,9.56E-02,3,671,Not eroded,0,0,0,0,0,0,1,0,0,1,1
672,5.66E-02,0,672,Not eroded,0,0,0,0,0,0,1,1,1,1,1
673,6.18E-02,4,673,Not eroded,0,0,0,0,0,0,0,0,0,1,1
674,2.55E-01,0,674,Not eroded,0,1,1,1,1,1,1,1,1,1,1
675,2.12E-01,0,675,Not eroded,0,1,0,0,0,0,1,1,1,1,1
676,2.42E-01,4,676,Not eroded,0,1,1,1,1,0,0,0,0,1,1
677,9.33E-02,3,677,Not eroded,0,0,0,0,0,0,1,0,0,1,1
678,1.59E-01,0,678,Not eroded,0,0,0,0,0,0,1,1,1,1,1
679,9.33E-02,3,679,Not eroded,0,0,0,0,0,0,1,0,0,1,1
680,1.35E-01,2,680,Not eroded,0,0,0,0,0,0,1,0,1,1,1
681,1.98E-01,4,681,Not eroded,0,1,0,0,0,0,0,0,0,1,1
682,1.40E-01,6,682,Not eroded,0,0,0,0,0,0,0,0,0,0,0
683,1.69E-01,0,683,Not eroded,0,0,0,0,0,0,1,1,1,1,1
684,1.47E-01,3,684,Not eroded,0,0,0,0,0,0,1,0,0,1,1
685,2.70E-01,5,685,Not eroded,0,1,1,1,1,1,0,0,0,0,1
686,2.20E-01,4,686,Not eroded,0,1,0,0,0,0,0,0,0,1,1
689,1.27E-01,3,689,Not eroded,0,0,0,0,0,0,1,0,0,1,1
690,3.14E-01,0,690,ERODED,1,1,1,1,1,1,1,1,1,1,1
692,1.98E-01,0,692,Not eroded,0,1,0,0,0,0,1,1,1,1,1
693,1.47E-01,3,693,Not eroded,0,0,0,0,0,0,1,0,0,1,1
694,2.23E-01,4,694,Not eroded,0,1,1,0,0,0,0,0,0,1,1
695,9.76E-02,3,695,Not eroded,0,0,0,0,0,0,1,0,0,1,1
696,2.34E-01,0,696,Not eroded,0,1,1,1,0,0,1,1,1,1,1
697,3.27E-01,0,697,ERODED,1,1,1,1,1,1,1,1,1,1,1
698,3.04E-01,0,698,ERODED,1,1,1,1,1,1,1,1,1,1,1
699,1.80E-01,6,699,Not eroded,0,0,0,0,0,0,0,0,0,0,0
702,2.30E-01,0,702,Not eroded,0,1,1,0,0,0,1,1,1,1,1
703,1.41E-01,3,703,Not eroded,0,0,0,0,0,0,1,0,0,1,1
704,1.39E-01,4,704,Not eroded,0,0,0,0,0,0,0,0,0,1,1
705,2.99E-01,0,705,Not eroded,0,1,1,1,1,1,1,1,1,1,1
706,1.78E-01,4,706,Not eroded,0,0,0,0,0,0,0,0,0,1,1
707,1.65E-01,0,707,Not eroded,0,0,0,0,0,0,1,1,1,1,1
708,6.41E-02,4,708,Not eroded,0,0,0,0,0,0,0,0,0,1,1
709,1.43E-01,4,709,Not eroded,0,0,0,0,0,0,0,0,0,1,1
710,3.10E-01,0,710,ERODED,1,1,1,1,1,1,1,1,1,1,1
711,3.17E-01,0,711,ERODED,1,1,1,1,1,1,1,1,1,1,1
712,1.95E-01,0,712,Not eroded,0,1,0,0,0,0,1,1,1,1,1
713,2.43E-01,0,713,Not eroded,0,1,1,1,1,0,1,1,1,1,1
715,1.74E-01,4,715,Not eroded,0,0,0,0,0,0,0,0,0,1,1
716,1.96E-01,0,716,Not eroded,0,1,0,0,0,0,1,1,1,1,1
717,6.58E-02,4,717,Not eroded,0,0,0,0,0,0,0,0,0,1,1
718,2.05E-01,4,718,Not eroded,0,1,0,0,0,0,0,0,0,1,1
719,1.24E-01,4,719,Not eroded,0,0,0,0,0,0,0,0,0,1,1
720,1.86E-01,4,720,Not eroded,0,0,0,0,0,0,0,0,0,1,1
721,5.65E-02,4,721,Not eroded,0,0,0,0,0,0,0,0,0,1,1
722,2.78E-01,0,722,Not eroded,0,1,1,1,1,1,1,1,1,1,1
723,2.56E-01,3,723,Not eroded,0,1,1,1,1,1,1,0,0,1,1
724,2.95E-01,3,724,Not eroded,0,1,1,1,1,1,1,0,0,1,1
725,7.08E-02,4,725,Not eroded,0,0,0,0,0,0,0,0,0,1,1
726,2.71E-01,0,726,Not eroded,0,1,1,1,1,1,1,1,1,1,1
727,2.23E-01,6,727,Not eroded,0,1,1,0,0,0,0,0,0,0,0
728,8.14E-02,4,728,Not eroded,0,0,0,0,0,0,0,0,0,1,1
729,1.79E-01,5,729,Not eroded,0,0,0,0,0,0,0,0,0,0,1
730,3.05E-01,0,730,ERODED,1,1,1,1,1,1,1,1,1,1,1
731,5.70E-02,0,731,Not eroded,0,0,0,0,0,0,1,1,1,1,1
733,3.20E-01,0,733,ERODED,1,1,1,1,1,1,1,1,1,1,1
734,1.70E-01,0,734,Not eroded,0,0,0,0,0,0,1,1,1,1,1
735,7.16E-02,4,735,Not eroded,0,0,0,0,0,0,0,0,0,1,1
736,1.27E-01,4,736,Not eroded,0,0,0,0,0,0,0,0,0,1,1
737,3.25E-01,0,737,ERODED,1,1,1,1,1,1,1,1,1,1,1
738,2.95E-01,5,738,Not eroded,0,1,1,1,1,1,0,0,0,0,1
739,1.72E-01,0,739,Not eroded,0,0,0,0,0,0,1,1,1,1,1
740,2.06E-01,2,740,Not eroded,0,1,0,0,0,0,1,0,1,1,1
741,1.61E-01,3,741,Not eroded,0,0,0,0,0,0,1,0,0,1,1
742,3.19E-01,0,742,ERODED,1,1,1,1,1,1,1,1,1,1,1
743,9.36E-02,4,743,Not eroded,0,0,0,0,0,0,0,0,0,1,1
745,1.43E-01,2,745,Not eroded,0,0,0,0,0,0,1,0,1,1,1
746,2.74E-01,6,746,Not eroded,0,1,1,1,1,1,0,0,0,0,0
747,5.65E-02,3,747,Not eroded,0,0,0,0,0,0,1,0,0,1,1
748,2.06E-01,4,748,Not eroded,0,1,0,0,0,0,0,0,0,1,1
749,1.02E-01,3,749,Not eroded,0,0,0,0,0,0,1,0,0,1,1
750,2.92E-01,0,750,Not eroded,0,1,1,1,1,1,1,1,1,1,1
751,2.30E-01,3,751,Not eroded,0,1,1,0,0,0,1,0,0,1,1
752,1.32E-01,0,752,Not eroded,0,0,0,0,0,0,1,1,1,1,1
753,2.20E-01,4,753,Not eroded,0,1,0,0,0,0,0,0,0,1,1
754,2.39E-01,6,754,Not eroded,0,1,1,1,0,0,0,0,0,0,0
755,2.17E-01,4,755,Not eroded,0,1,0,0,0,0,0,0,0,1,1
756,2.16E-01,0,756,Not eroded,0,1,0,0,0,0,1,1,1,1,1
757,1.78E-01,5,757,Not eroded,0,0,0,0,0,0,0,0,0,0,1
758,1.61E-01,3,758,Not eroded,0,0,0,0,0,0,1,0,0,1,1
759,2.89E-01,3,759,Not eroded,0,1,1,1,1,1,1,0,0,1,1
761,1.33E-01,0,761,Not eroded,0,0,0,0,0,0,1,1,1,1,1
762,2.98E-01,0,762,ERODED,1,1,1,1,1,1,1,1,1,1,1
763,1.04E-01,0,763,Not eroded,0,0,0,0,0,0,1,1,1,1,1
764,9.73E-02,5,764,Not eroded,0,0,0,0,0,0,0,0,0,0,1
765,1.03E-01,4,765,Not eroded,0,0,0,0,0,0,0,0,0,1,1
767,2.29E-01,6,767,Not eroded,0,1,1,0,0,0,0,0,0,0,0
768,5.66E-02,3,768,Not eroded,0,0,0,0,0,0,1,0,0,1,1
769,3.25E-01,0,769,ERODED,1,1,1,1,1,1,1,1,1,1,1
770,1.56E-01,4,770,Not eroded,0,0,0,0,0,0,0,0,0,1,1
771,2.24E-01,2,771,Not eroded,0,1,1,0,0,0,1,0,1,1,1
772,2.76E-01,2,772,Not eroded,0,1,1,1,1,1,1,0,1,1,1
773,1.69E-01,4,773,Not eroded,0,0,0,0,0,0,0,0,0,1,1
774,1.29E-01,0,774,Not eroded,0,0,0,0,0,0,1,1,1,1,1
775,1.66E-01,4,775,Not eroded,0,0,0,0,0,0,0,0,0,1,1
776,2.25E-01,6,776,Not eroded,0,1,1,0,0,0,0,0,0,0,0
778,2.26E-01,0,778,Not eroded,0,1,1,0,0,0,1,1,1,1,1
779,1.38E-01,5,779,Not eroded,0,0,0,0,0,0,0,0,0,0,1
780,1.16E-01,0,780,Not eroded,0,0,0,0,0,0,1,1,1,1,1
781,1.86E-01,4,781,Not eroded,0,0,0,0,0,0,0,0,0,1,1
782,2.64E-01,3,782,Not eroded,0,1,1,1,1,1,1,0,0,1,1
783,9.39E-02,4,783,Not eroded,0,0,0,0,0,0,0,0,0,1,1
786,3.25E-01,0,786,ERODED,1,1,1,1,1,1,1,1,1,1,1
787,2.97E-01,0,787,ERODED,1,1,1,1,1,1,1,1,1,1,1
788,1.37E-01,5,788,Not eroded,0,0,0,0,0,0,0,0,0,0,1
789,2.57E-01,0,789,Not eroded,0,1,1,1,1,1,1,1,1,1,1
790,2.84E-01,0,790,Not eroded,0,1,1,1,1,1,1,1,1,1,1
791,2.59E-01,5,791,Not eroded,0,1,1,1,1,1,0,0,0,0,1
792,3.27E-01,0,792,ERODED,1,1,1,1,1,1,1,1,1,1,1
794,2.64E-01,0,794,Not eroded,0,1,1,1,1,1,1,1,1,1,1
795,1.12E-01,4,795,Not eroded,0,0,0,0,0,0,0,0,0,1,1
796,1.87E-01,4,796,Not eroded,0,0,0,0,0,0,0,0,0,1,1
798,3.20E-01,0,798,ERODED,1,1,1,1,1,1,1,1,1,1,1
799,2.96E-01,0,799,ERODED,1,1,1,1,1,1,1,1,1,1,1
800,2.41E-01,5,800,Not eroded,0,1,1,1,1,0,0,0,0,0,1
801,2.68E-01,4,801,Not eroded,0,1,1,1,1,1,0,0,0,1,1
802,3.10E-01,0,802,ERODED,1,1,1,1,1,1,1,1,1,1,1
803,1.05E-01,4,803,Not eroded,0,0,0,0,0,0,0,0,0,1,1
804,2.98E-01,0,804,ERODED,1,1,1,1,1,1,1,1,1,1,1
805,1.61E-01,4,805,Not eroded,0,0,0,0,0,0,0,0,0,1,1
806,7.60E-02,3,806,Not eroded,0,0,0,0,0,0,1,0,0,1,1
807,2.63E-01,0,807,Not eroded,0,1,1,1,1,1,1,1,1,1,1
808,2.93E-01,0,808,ERODED,1,1,1,1,1,1,1,1,1,1,1
809,2.21E-01,4,809,Not eroded,0,1,1,0,0,0,0,0,0,1,1
810,1.13E-01,4,810,Not eroded,0,0,0,0,0,0,0,0,0,1,1
811,1.64E-01,0,811,Not eroded,0,0,0,0,0,0,1,1,1,1,1
812,2.71E-01,4,812,Not eroded,0,1,1,1,1,1,0,0,0,1,1
813,9.62E-02,4,813,Not eroded,0,0,0,0,0,0,0,0,0,1,1
814,1.20E-01,3,814,Not eroded,0,0,0,0,0,0,1,0,0,1,1
815,8.71E-02,3,815,Not eroded,0,0,0,0,0,0,1,0,0,1,1
816,5.65E-02,5,816,Not eroded,0,0,0,0,0,0,0,0,0,0,1
817,2.39E-01,6,817,Not eroded,0,1,1,1,0,0,0,0,0,0,0
818,5.65E-02,3,818,Not eroded,0,0,0,0,0,0,1,0,0,1,1
819,1.83E-01,0,819,Not eroded,0,0,0,0,0,0,1,1,1,1,1
820,1.08E-01,4,820,Not eroded,0,0,0,0,0,0,0,0,0,1,1
821,1.55E-01,4,821,Not eroded,0,0,0,0,0,0,0,0,0,1,1
822,2.70E-01,0,822,ERODED,1,1,1,1,1,1,1,1,1,1,1
823,2.71E-01,0,823,Not eroded,0,1,1,1,1,1,1,1,1,1,1
825,1.35E-01,0,825,Not eroded,0,0,0,0,0,0,1,1,1,1,1
826,6.52E-02,3,826,Not eroded,0,0,0,0,0,0,1,0,0,1,1
827,5.65E-02,4,827,Not eroded,0,0,0,0,0,0,0,0,0,1,1
828,1.70E-01,5,828,Not eroded,0,0,0,0,0,0,0,0,0,0,1
829,5.65E-02,3,829,Not eroded,0,0,0,0,0,0,1,0,0,1,1
830,7.12E-02,5,830,Not eroded,0,0,0,0,0,0,0,0,0,0,1
833,1.60E-01,5,833,Not eroded,0,0,0,0,0,0,0,0,0,0,1
834,2.80E-01,0,834,Not eroded,0,1,1,1,1,1,1,1,1,1,1
835,1.27E-01,0,835,Not eroded,0,0,0,0,0,0,1,1,1,1,1
836,2.36E-01,0,836,Not eroded,0,1,1,1,0,0,1,1,1,1,1
838,2.21E-01,0,838,Not eroded,0,1,1,0,0,0,1,1,1,1,1
839,1.57E-01,0,839,Not eroded,0,0,0,0,0,0,1,1,1,1,1
840,1.38E-01,4,840,Not eroded,0,0,0,0,0,0,0,0,0,1,1
841,1.38E-01,3,841,Not eroded,0,0,0,0,0,0,1,0,0,1,1
842,6.83E-02,5,842,Not eroded,0,0,0,0,0,0,0,0,0,0,1
843,8.46E-02,0,843,Not eroded,0,0,0,0,0,0,1,1,1,1,1
844,9.19E-02,3,844,Not eroded,0,0,0,0,0,0,1,0,0,1,1
845,2.92E-01,0,845,Not eroded,0,1,1,1,1,1,1,1,1,1,1
846,3.15E-01,0,846,ERODED,1,1,1,1,1,1,1,1,1,1,1
847,2.77E-01,0,847,Not eroded,0,1,1,1,1,1,1,1,1,1,1
848,2.21E-01,5,848,Not eroded,0,1,1,0,0,0,0,0,0,0,1
849,3.17E-01,0,849,ERODED,1,1,1,1,1,1,1,1,1,1,1
850,7.51E-02,4,850,Not eroded,0,0,0,0,0,0,0,0,0,1,1
852,2.20E-01,3,852,Not eroded,0,1,0,0,0,0,1,0,0,1,1
853,3.10E-01,3,853,Not eroded,0,1,1,1,1,1,1,0,0,1,1
854,1.81E-01,0,854,Not eroded,0,0,0,0,0,0,1,1,1,1,1
855,2.30E-01,0,855,Not eroded,0,1,1,0,0,0,1,1,1,1,1
856,2.47E-01,6,856,Not eroded,0,1,1,1,1,0,0,0,0,0,0
857,1.14E-01,4,857,Not eroded,0,0,0,0,0,0,0,0,0,1,1
860,2.05E-01,5,860,Not eroded,0,1,0,0,0,0,0,0,0,0,1
861,1.06E-01,3,861,Not eroded,0,0,0,0,0,0,1,0,0,1,1
862,1.34E-01,2,862,Not eroded,0,0,0,0,0,0,1,0,1,1,1
863,1.87E-01,3,863,Not eroded,0,0,0,0,0,0,1,0,0,1,1
864,2.22E-01,0,864,Not eroded,0,1,1,0,0,0,1,1,1,1,1
865,2.85E-01,8,865,Not eroded,0,1,1,1,1,1,0,0,0,0,0
866,1.81E-01,0,866,Not eroded,0,0,0,0,0,0,1,1,1,1,1
867,2.85E-01,5,867,Not eroded,0,1,1,1,1,1,0,0,0,0,1
869,1.94E-01,5,869,Not eroded,0,1,0,0,0,0,0,0,0,0,1
870,2.01E-01,4,870,Not eroded,0,1,0,0,0,0,0,0,0,1,1
871,2.44E-01,0,871,Not eroded,0,1,1,1,1,0,1,1,1,1,1
872,1.47E-01,4,872,Not eroded,0,0,0,0,0,0,0,0,0,1,1
875,2.11E-01,0,875,Not eroded,0,1,0,0,0,0,1,1,1,1,1
876,1.89E-01,4,876,Not eroded,0,0,0,0,0,0,0,0,0,1,1
877,1.06E-01,0,877,Not eroded,0,0,0,0,0,0,1,1,1,1,1
878,2.87E-01,0,878,Not eroded,0,1,1,1,1,1,1,1,1,1,1
880,1.21E-01,6,880,Not eroded,0,0,0,0,0,0,0,0,0,0,0
881,6.43E-02,6,881,Not eroded,0,0,0,0,0,0,0,0,0,0,0
882,2.24E-01,0,882,Not eroded,0,1,1,0,0,0,1,1,1,1,1
883,8.76E-02,2,883,Not eroded,0,0,0,0,0,0,1,0,1,1,1
884,2.79E-01,0,884,Not eroded,0,1,1,1,1,1,1,1,1,1,1
885,5.68E-02,0,885,Not eroded,0,0,0,0,0,0,1,1,1,1,1
887,2.31E-01,4,887,Not eroded,0,1,1,1,0,0,0,0,0,1,1
888,1.98E-01,3,888,Not eroded,0,1,0,0,0,0,1,0,0,1,1
889,7.25E-02,4,889,Not eroded,0,0,0,0,0,0,0,0,0,1,1
890,1.82E-01,5,890,Not eroded,0,0,0,0,0,0,0,0,0,0,1
892,1.64E-01,3,892,Not eroded,0,0,0,0,0,0,1,0,0,1,1
893,1.65E-01,3,893,Not eroded,0,0,0,0,0,0,1,0,0,1,1
894,1.41E-01,2,894,Not eroded,0,0,0,0,0,0,1,0,1,1,1
895,2.83E-01,0,895,Not eroded,0,1,1,1,1,1,1,1,1,1,1
897,3.01E-01,0,897,ERODED,1,1,1,1,1,1,1,1,1,1,1
898,2.73E-01,3,898,Not eroded,0,1,1,1,1,1,1,0,0,1,1
899,2.71E-01,0,899,Not eroded,0,1,1,1,1,1,1,1,1,1,1
900,1.94E-01,4,900,Not eroded,0,1,0,0,0,0,0,0,0,1,1
901,2.56E-01,2,901,Not eroded,0,1,1,1,1,1,1,0,1,1,1
902,9.06E-02,0,902,Not eroded,0,0,0,0,0,0,1,1,1,1,1
903,1.90E-01,3,903,Not eroded,0,0,0,0,0,0,1,0,0,1,1
904,2.74E-01,5,904,Not eroded,0,1,1,1,1,1,0,0,0,0,1
905,2.55E-01,6,905,Not eroded,0,1,1,1,1,1,0,0,0,0,0
906,2.00E-01,2,906,Not eroded,0,1,0,0,0,0,1,0,1,1,1
907,1.78E-01,5,907,Not eroded,0,0,0,0,0,0,0,0,0,0,1
908,3.05E-01,0,908,ERODED,1,1,1,1,1,1,1,1,1,1,1
909,3.07E-01,0,909,ERODED,1,1,1,1,1,1,1,1,1,1,1
910,2.96E-01,0,910,Not eroded,0,1,1,1,1,1,1,1,1,1,1
911,1.18E-01,4,911,Not eroded,0,0,0,0,0,0,0,0,0,1,1
912,9.13E-02,3,912,Not eroded,0,0,0,0,0,0,1,0,0,1,1
913,9.96E-02,5,913,Not eroded,0,0,0,0,0,0,0,0,0,0,1
914,2.95E-01,0,914,Not eroded,0,1,1,1,1,1,1,1,1,1,1
915,8.51E-02,0,915,Not eroded,0,0,0,0,0,0,1,1,1,1,1
916,9.56E-02,0,916,Not eroded,0,0,0,0,0,0,1,1,1,1,1
917,2.33E-01,4,917,Not eroded,0,1,1,1,0,0,0,0,0,1,1
918,1.57E-01,4,918,Not eroded,0,0,0,0,0,0,0,0,0,1,1
919,3.00E-01,4,919,Not eroded,0,1,1,1,1,1,0,0,0,1,1
920,1.36E-01,4,920,Not eroded,0,0,0,0,0,0,0,0,0,1,1
921,2.18E-01,5,921,Not eroded,0,1,0,0,0,0,0,0,0,0,1
922,1.63E-01,3,922,Not eroded,0,0,0,0,0,0,1,0,0,1,1
923,2.50E-01,0,923,Not eroded,0,1,1,1,1,0,1,1,1,1,1
924,1.33E-01,0,924,Not eroded,0,0,0,0,0,0,1,1,1,1,1
925,2.22E-01,0,925,Not eroded,0,1,1,0,0,0,1,1,1,1,1
926,1.08E-01,5,926,Not eroded,0,0,0,0,0,0,0,0,0,0,1
927,3.08E-01,0,927,ERODED,1,1,1,1,1,1,1,1,1,1,1
928,1.13E-01,3,928,Not eroded,0,0,0,0,0,0,1,0,0,1,1
930,2.43E-01,0,930,Not eroded,0,1,1,1,1,0,1,1,1,1,1
931,2.33E-01,4,931,Not eroded,0,1,1,1,0,0,0,0,0,1,1
932,2.01E-01,5,932,Not eroded,0,1,0,0,0,0,0,0,0,0,1
933,2.76E-01,6,933,Not eroded,0,1,1,1,1,1,0,0,0,0,0
934,9.39E-02,4,934,Not eroded,0,0,0,0,0,0,0,0,0,1,1
935,8.15E-02,3,935,Not eroded,0,0,0,0,0,0,1,0,0,1,1
936,6.22E-02,0,936,Not eroded,0,0,0,0,0,0,1,1,1,1,1
937,2.26E-01,4,937,Not eroded,0,1,1,0,0,0,0,0,0,1,1
938,2.91E-01,3,938,Not eroded,0,1,1,1,1,1,1,0,0,1,1
939,2.40E-01,4,939,Not eroded,0,1,1,1,0,0,0,0,0,1,1
940,2.86E-01,0,940,ERODED,1,1,1,1,1,1,1,1,1,1,1
941,2.31E-01,4,941,Not eroded,0,1,1,1,0,0,0,0,0,1,1
942,1.71E-01,0,942,Not eroded,0,0,0,0,0,0,1,1,1,1,1
943,3.26E-01,0,943,ERODED,1,1,1,1,1,1,1,1,1,1,1
944,3.03E-01,4,944,Not eroded,0,1,1,1,1,1,0,0,0,1,1
945,2.12E-01,0,945,Not eroded,0,1,0,0,0,0,1,1,1,1,1
946,2.45E-01,3,946,Not eroded,0,1,1,1,1,0,1,0,0,1,1
947,2.55E-01,6,947,Not eroded,0,1,1,1,1,1,0,0,0,0,0
948,1.83E-01,0,948,Not eroded,0,0,0,0,0,0,1,1,1,1,1
949,5.66E-02,4,949,Not eroded,0,0,0,0,0,0,0,0,0,1,1
950,2.94E-01,3,950,Not eroded,0,1,1,1,1,1,1,0,0,1,1
951,5.65E-02,4,951,Not eroded,0,0,0,0,0,0,0,0,0,1,1
952,6.14E-02,5,952,Not eroded,0,0,0,0,0,0,0,0,0,0,1
953,6.18E-02,3,953,Not eroded,0,0,0,0,0,0,1,0,0,1,1
954,2.17E-01,4,954,Not eroded,0,1,0,0,0,0,0,0,0,1,1
955,2.94E-01,5,955,Not eroded,0,1,1,1,1,1,0,0,0,0,1
956,8.79E-02,6,956,Not eroded,0,0,0,0,0,0,0,0,0,0,0
957,1.76E-01,4,957,Not eroded,0,0,0,0,0,0,0,0,0,1,1
958,2.75E-01,4,958,Not eroded,0,1,1,1,1,1,0,0,0,1,1
959,2.49E-01,0,959,Not eroded,0,1,1,1,1,0,1,1,1,1,1
960,2.86E-01,5,960,Not eroded,0,1,1,1,1,1,0,0,0,0,1
961,2.84E-01,6,961,Not eroded,0,1,1,1,1,1,0,0,0,0,0
962,2.39E-01,6,962,Not eroded,0,1,1,1,0,0,0,0,0,0,0
963,1.86E-01,4,963,Not eroded,0,0,0,0,0,0,0,0,0,1,1
964,2.87E-01,5,964,Not eroded,0,1,1,1,1,1,0,0,0,0,1
965,9.16E-02,3,965,Not eroded,0,0,0,0,0,0,1,0,0,1,1
967,1.84E-01,5,967,Not eroded,0,0,0,0,0,0,0,0,0,0,1
968,3.25E-01,0,968,ERODED,1,1,1,1,1,1,1,1,1,1,1
969,1.09E-01,4,969,Not eroded,0,0,0,0,0,0,0,0,0,1,1
970,2.96E-01,0,970,ERODED,1,1,1,1,1,1,1,1,1,1,1
971,2.86E-01,2,971,Not eroded,0,1,1,1,1,1,1,0,1,1,1
972,1.31E-01,0,972,Not eroded,0,0,0,0,0,0,1,1,1,1,1
973,5.65E-02,3,973,Not eroded,0,0,0,0,0,0,1,0,0,1,1
974,9.14E-02,2,974,Not eroded,0,0,0,0,0,0,1,0,1,1,1
975,1.52E-01,4,975,Not eroded,0,0,0,0,0,0,0,0,0,1,1
976,2.52E-01,3,976,Not eroded,0,1,1,1,1,1,1,0,0,1,1
977,2.43E-01,4,977,Not eroded,0,1,1,1,1,0,0,0,0,1,1
978,1.01E-01,5,978,Not eroded,0,0,0,0,0,0,0,0,0,0,1
979,2.80E-01,0,979,Not eroded,0,1,1,1,1,1,1,1,1,1,1
980,2.86E-01,2,980,Not eroded,0,1,1,1,1,1,1,0,1,1,1
981,2.97E-01,0,981,Not eroded,0,1,1,1,1,1,1,1,1,1,1
982,2.18E-01,0,982,Not eroded,0,1,0,0,0,0,1,1,1,1,1
983,1.20E-01,4,983,Not eroded,0,0,0,0,0,0,0,0,0,1,1
984,2.99E-01,0,984,ERODED,1,1,1,1,1,1,1,1,1,1,1
985,1.32E-01,4,985,Not eroded,0,0,0,0,0,0,0,0,0,1,1
986,1.63E-01,4,986,Not eroded,0,0,0,0,0,0,0,0,0,1,1
987,9.77E-02,5,987,Not eroded,0,0,0,0,0,0,0,0,0,0,1
988,2.79E-01,4,988,Not eroded,0,1,1,1,1,1,0,0,0,1,1
989,5.66E-02,0,989,Not eroded,0,0,0,0,0,0,1,1,1,1,1
990,3.08E-01,0,990,ERODED,1,1,1,1,1,1,1,1,1,1,1
991,3.12E-01,0,991,ERODED,1,1,1,1,1,1,1,1,1,1,1
992,1.82E-01,4,992,Not eroded,0,0,0,0,0,0,0,0,0,1,1
993,2.89E-01,3,993,Not eroded,0,1,1,1,1,1,1,0,0,1,1
995,2.07E-01,3,995,Not eroded,0,1,0,0,0,0,1,0,0,1,1
996,1.49E-01,0,996,Not eroded,0,0,0,0,0,0,1,1,1,1,1
997,2.05E-01,0,997,Not eroded,0,1,0,0,0,0,1,1,1,1,1
998,3.26E-01,0,998,ERODED,1,1,1,1,1,1,1,1,1,1,1
999,2.55E-01,4,999,Not eroded,0,1,1,1,1,1,0,0,0,1,1
1000,2.00E-01,0,1000,Not eroded,0,1,0,0,0,0,1,1,1,1,1
1002,2.69E-01,4,1002,Not eroded,0,1,1,1,1,1,0,0,0,1,1
1003,6.62E-02,3,1003,Not eroded,0,0,0,0,0,0,1,0,0,1,1
1004,1.68E-01,0,1004,Not eroded,0,0,0,0,0,0,1,1,1,1,1
1005,5.65E-02,4,1005,Not eroded,0,0,0,0,0,0,0,0,0,1,1
1006,1.65E-01,5,1006,Not eroded,0,0,0,0,0,0,0,0,0,0,1
1007,2.96E-01,4,1007,Not eroded,0,1,1,1,1,1,0,0,0,1,1
1008,2.47E-01,0,1008,Not eroded,0,1,1,1,1,0,1,1,1,1,1
1009,1.72E-01,5,1009,Not eroded,0,0,0,0,0,0,0,0,0,0,1
1010,9.95E-02,5,1010,Not eroded,0,0,0,0,0,0,0,0,0,0,1
1011,2.22E-01,0,1011,Not eroded,0,1,1,0,0,0,1,1,1,1,1
1012,3.31E-01,0,1012,ERODED,1,1,1,1,1,1,1,1,1,1,1
1013,9.78E-02,2,1013,Not eroded,0,0,0,0,0,0,1,0,1,1,1
1014,1.35E-01,0,1014,Not eroded,0,0,0,0,0,0,1,1,1,1,1
1015,9.12E-02,0,1015,Not eroded,0,0,0,0,0,0,1,1,1,1,1
1016,5.65E-02,3,1016,Not eroded,0,0,0,0,0,0,1,0,0,1,1
1017,1.40E-01,5,1017,Not eroded,0,0,0,0,0,0,0,0,0,0,1
1018,2.30E-01,4,1018,Not eroded,0,1,1,0,0,0,0,0,0,1,1
1019,3.08E-01,0,1019,ERODED,1,1,1,1,1,1,1,1,1,1,1
1020,2.28E-01,4,1020,Not eroded,0,1,1,0,0,0,0,0,0,1,1
1021,1.59E-01,8,1021,Not eroded,0,0,0,0,0,0,0,0,0,0,0
1022,1.28E-01,4,1022,Not eroded,0,0,0,0,0,0,0,0,0,1,1
1023,1.30E-01,2,1023,Not eroded,0,0,0,0,0,0,1,0,1,1,1
1024,6.50E-02,6,1024,Not eroded,0,0,0,0,0,0,0,0,0,0,0
1025,2.42E-01,0,1025,Not eroded,0,1,1,1,1,0,1,1,1,1,1
1026,2.06E-01,4,1026,Not eroded,0,1,0,0,0,0,0,0,0,1,1
1027,1.59E-01,4,1027,Not eroded,0,0,0,0,0,0,0,0,0,1,1
1030,1.86E-01,5,1030,Not eroded,0,0,0,0,0,0,0,0,0,0,1
1031,2.99E-01,0,1031,ERODED,1,1,1,1,1,1,1,1,1,1,1
1032,2.81E-01,3,1032,Not eroded,0,1,1,1,1,1,1,0,0,1,1
1034,1.17E-01,4,1034,Not eroded,0,0,0,0,0,0,0,0,0,1,1
1035,2.95E-01,4,1035,Not eroded,0,1,1,1,1,1,0,0,0,1,1
1036,1.90E-01,0,1036,Not eroded,0,0,0,0,0,0,1,1,1,1,1
1037,1.17E-01,4,1037,Not eroded,0,0,0,0,0,0,0,0,0,1,1
1038,2.26E-01,3,1038,Not eroded,0,1,1,0,0,0,1,0,0,1,1
1039,1.32E-01,6,1039,Not eroded,0,0,0,0,0,0,0,0,0,0,0
1040,1.52E-01,3,1040,Not eroded,0,0,0,0,0,0,1,0,0,1,1
1041,1.82E-01,4,1041,Not eroded,0,0,0,0,0,0,0,0,0,1,1
1043,1.35E-01,0,1043,Not eroded,0,0,0,0,0,0,1,1,1,1,1
1044,5.65E-02,3,1044,Not eroded,0,0,0,0,0,0,1,0,0,1,1
1045,2.05E-01,2,1045,Not eroded,0,1,0,0,0,0,1,0,1,1,1
1046,1.00E-01,3,1046,Not eroded,0,0,0,0,0,0,1,0,0,1,1
1047,1.43E-01,5,1047,Not eroded,0,0,0,0,0,0,0,0,0,0,1
1049,2.22E-01,4,1049,Not eroded,0,1,1,0,0,0,0,0,0,1,1
1050,1.03E-01,6,1050,Not eroded,0,0,0,0,0,0,0,0,0,0,0
1051,2.72E-01,3,1051,Not eroded,0,1,1,1,1,1,1,0,0,1,1
1052,2.69E-01,0,1052,ERODED,1,1,1,1,1,1,1,1,1,1,1
1053,1.56E-01,3,1053,Not eroded,0,0,0,0,0,0,1,0,0,1,1
1054,1.74E-01,0,1054,Not eroded,0,0,0,0,0,0,1,1,1,1,1
1056,3.05E-01,0,1056,ERODED,1,1,1,1,1,1,1,1,1,1,1
1057,2.55E-01,0,1057,Not eroded,0,1,1,1,1,1,1,1,1,1,1
1058,2.04E-01,0,1058,Not eroded,0,1,0,0,0,0,1,1,1,1,1
1059,2.62E-01,3,1059,Not eroded,0,1,1,1,1,1,1,0,0,1,1
1060,1.01E-01,0,1060,Not eroded,0,0,0,0,0,0,1,1,1,1,1
1061,1.76E-01,3,1061,Not eroded,0,0,0,0,0,0,1,0,0,1,1
1062,1.06E-01,3,1062,Not eroded,0,0,0,0,0,0,1,0,0,1,1
1063,2.06E-01,4,1063,Not eroded,0,1,0,0,0,0,0,0,0,1,1
1064,2.96E-01,3,1064,Not eroded,0,1,1,1,1,1,1,0,0,1,1
1065,2.03E-01,4,1065,Not eroded,0,1,0,0,0,0,0,0,0,1,1
1066,9.79E-02,0,1066,Not eroded,0,0,0,0,0,0,1,1,1,1,1
1067,1.16E-01,4,1067,Not eroded,0,0,0,0,0,0,0,0,0,1,1
1068,2.05E-01,0,1068,Not eroded,0,1,0,0,0,0,1,1,1,1,1
1070,2.50E-01,2,1070,Not eroded,0,1,1,1,1,0,1,0,1,1,1
1071,1.42E-01,0,1071,Not eroded,0,0,0,0,0,0,1,1,1,1,1
1072,2.58E-01,0,1072,Not eroded,0,1,1,1,1,1,1,1,1,1,1
1073,8.15E-02,6,1073,Not eroded,0,0,0,0,0,0,0,0,0,0,0
1075,2.91E-01,0,1075,Not eroded,0,1,1,1,1,1,1,1,1,1,1
1076,1.86E-01,5,1076,Not eroded,0,0,0,0,0,0,0,0,0,0,1
1077,1.25E-01,4,1077,Not eroded,0,0,0,0,0,0,0,0,0,1,1
1078,2.81E-01,4,1078,Not eroded,0,1,1,1,1,1,0,0,0,1,1
1079,5.66E-02,3,1079,Not eroded,0,0,0,0,0,0,1,0,0,1,1
1080,1.30E-01,4,1080,Not eroded,0,0,0,0,0,0,0,0,0,1,1
1081,1.32E-01,0,1081,Not eroded,0,0,0,0,0,0,1,1,1,1,1
1082,1.89E-01,4,1082,Not eroded,0,0,0,0,0,0,0,0,0,1,1
1083,6.71E-02,5,1083,Not eroded,0,0,0,0,0,0,0,0,0,0,1
1084,2.36E-01,0,1084,Not eroded,0,1,1,1,0,0,1,1,1,1,1
1085,3.12E-01,0,1085,ERODED,1,1,1,1,1,1,1,1,1,1,1
1087,1.77E-01,5,1087,Not eroded,0,0,0,0,0,0,0,0,0,0,1
1088,3.11E-01,0,1088,ERODED,1,1,1,1,1,1,1,1,1,1,1
1089,1.96E-01,0,1089,Not eroded,0,1,0,0,0,0,1,1,1,1,1
1090,5.65E-02,4,1090,Not eroded,0,0,0,0,0,0,0,0,0,1,1
1091,2.92E-01,3,1091,Not eroded,0,1,1,1,1,1,1,0,0,1,1
1092,2.49E-01,0,1092,Not eroded,0,1,1,1,1,0,1,1,1,1,1
1093,1.25E-01,5,1093,Not eroded,0,0,0,0,0,0,0,0,0,0,1
1094,2.63E-01,5,1094,Not eroded,0,1,1,1,1,1,0,0,0,0,1
1095,2.75E-01,2,1095,Not eroded,0,1,1,1,1,1,1,0,1,1,1
1097,1.53E-01,0,1097,Not eroded,0,0,0,0,0,0,1,1,1,1,1
1098,1.22E-01,0,1098,Not eroded,0,0,0,0,0,0,1,1,1,1,1
1099,2.02E-01,3,1099,Not eroded,0,1,0,0,0,0,1,0,0,1,1
1100,1.75E-01,4,1100,Not eroded,0,0,0,0,0,0,0,0,0,1,1
1101,2.04E-01,4,1101,Not eroded,0,1,0,0,0,0,0,0,0,1,1
1104,2.47E-01,5,1104,Not eroded,0,1,1,1,1,0,0,0,0,0,1
1105,8.41E-02,0,1105,Not eroded,0,0,0,0,0,0,1,1,1,1,1
1106,1.47E-01,0,1106,Not eroded,0,0,0,0,0,0,1,1,1,1,1
1107,2.52E-01,3,1107,Not eroded,0,1,1,1,1,1,1,0,0,1,1
1108,1.49E-01,0,1108,Not eroded,0,0,0,0,0,0,1,1,1,1,1
1109,1.49E-01,5,1109,Not eroded,0,0,0,0,0,0,0,0,0,0,1
1110,5.79E-02,0,1110,Not eroded,0,0,0,0,0,0,1,1,1,1,1
1111,2.50E-01,4,1111,Not eroded,0,1,1,1,1,0,0,0,0,1,1
1112,6.46E-02,4,1112,Not eroded,0,0,0,0,0,0,0,0,0,1,1
1113,2.90E-01,2,1113,Not eroded,0,1,1,1,1,1,1,0,1,1,1
1114,8.41E-02,0,1114,Not eroded,0,0,0,0,0,0,1,1,1,1,1
1115,9.86E-02,6,1115,Not eroded,0,0,0,0,0,0,0,0,0,0,0
1116,2.84E-01,5,1116,Not eroded,0,1,1,1,1,1,0,0,0,0,1
1117,2.80E-01,0,1117,ERODED,1,1,1,1,1,1,1,1,1,1,1
1119,2.61E-01,3,1119,Not eroded,0,1,1,1,1,1,1,0,0,1,1
1120,1.10E-01,4,1120,Not eroded,0,0,0,0,0,0,0,0,0,1,1
1121,2.51E-01,4,1121,Not eroded,0,1,1,1,1,1,0,0,0,1,1
1122,1.40E-01,5,1122,Not eroded,0,0,0,0,0,0,0,0,0,0,1
1123,2.09E-01,0,1123,Not eroded,0,1,0,0,0,0,1,1,1,1,1
1124,1.05E-01,3,1124,Not eroded,0,0,0,0,0,0,1,0,0,1,1
1125,2.14E-01,3,1125,Not eroded,0,1,0,0,0,0,1,0,0,1,1
1126,1.68E-01,0,1126,Not eroded,0,0,0,0,0,0,1,1,1,1,1
1127,1.79E-01,2,1127,Not eroded,0,0,0,0,0,0,1,0,1,1,1
1128,2.89E-01,0,1128,ERODED,1,1,1,1,1,1,1,1,1,1,1
1129,2.00E-01,0,1129,Not eroded,0,1,0,0,0,0,1,1,1,1,1
1130,1.74E-01,4,1130,Not eroded,0,0,0,0,0,0,0,0,0,1,1
1131,8.44E-02,0,1131,Not eroded,0,0,0,0,0,0,1,1,1,1,1
1132,1.82E-01,0,1132,Not eroded,0,0,0,0,0,0,1,1,1,1,1
1133,2.94E-01,0,1133,ERODED,1,1,1,1,1,1,1,1,1,1,1
1134,2.16E-01,0,1134,Not eroded,0,1,0,0,0,0,1,1,1,1,1
1136,5.65E-02,3,1136,Not eroded,0,0,0,0,0,0,1,0,0,1,1
1137,2.22E-01,0,1137,Not eroded,0,1,1,0,0,0,1,1,1,1,1
1138,1.56E-01,2,1138,Not eroded,0,0,0,0,0,0,1,0,1,1,1
1139,1.87E-01,4,1139,Not eroded,0,0,0,0,0,0,0,0,0,1,1
1140,2.90E-01,0,1140,Not eroded,0,1,1,1,1,1,1,1,1,1,1
1141,2.93E-01,5,1141,Not eroded,0,1,1,1,1,1,0,0,0,0,1
1142,7.47E-02,3,1142,Not eroded,0,0,0,0,0,0,1,0,0,1,1
1143,2.44E-01,3,1143,Not eroded,0,1,1,1,1,0,1,0,0,1,1
1144,2.10E-01,4,1144,Not eroded,0,1,0,0,0,0,0,0,0,1,1
1145,1.21E-01,0,1145,Not eroded,0,0,0,0,0,0,1,1,1,1,1
1147,1.08E-01,4,1147,Not eroded,0,0,0,0,0,0,0,0,0,1,1
1148,1.67E-01,5,1148,Not eroded,0,0,0,0,0,0,0,0,0,0,1
1149,2.02E-01,4,1149,Not eroded,0,1,0,0,0,0,0,0,0,1,1
1150,1.35E-01,0,1150,Not eroded,0,0,0,0,0,0,1,1,1,1,1
1151,8.86E-02,4,1151,Not eroded,0,0,0,0,0,0,0,0,0,1,1
1152,2.35E-01,0,1152,Not eroded,0,1,1,1,0,0,1,1,1,1,1
1153,1.57E-01,5,1153,Not eroded,0,0,0,0,0,0,0,0,0,0,1
1154,1.03E-01,0,1154,Not eroded,0,0,0,0,0,0,1,1,1,1,1
1155,1.54E-01,4,1155,Not eroded,0,0,0,0,0,0,0,0,0,1,1
1156,5.65E-02,5,1156,Not eroded,0,0,0,0,0,0,0,0,0,0,1
1157,1.41E-01,0,1157,Not eroded,0,0,0,0,0,0,1,1,1,1,1
1158,2.45E-01,5,1158,Not eroded,0,1,1,1,1,0,0,0,0,0,1
1159,1.82E-01,0,1159,Not eroded,0,0,0,0,0,0,1,1,1,1,1
1160,3.25E-01,0,1160,ERODED,1,1,1,1,1,1,1,1,1,1,1
1161,2.21E-01,3,1161,Not eroded,0,1,1,0,0,0,1,0,0,1,1
1162,2.40E-01,5,1162,Not eroded,0,1,1,1,0,0,0,0,0,0,1
1163,5.95E-02,5,1163,Not eroded,0,0,0,0,0,0,0,0,0,0,1
1164,2.32E-01,0,1164,Not eroded,0,1,1,1,0,0,1,1,1,1,1
1165,2.57E-01,4,1165,Not eroded,0,1,1,1,1,1,0,0,0,1,1
1166,1.71E-01,0,1166,Not eroded,0,0,0,0,0,0,1,1,1,1,1
1167,2.31E-01,4,1167,Not eroded,0,1,1,1,0,0,0,0,0,1,1
1168,1.98E-01,5,1168,Not eroded,0,1,0,0,0,0,0,0,0,0,1
1169,3.26E-01,0,1169,ERODED,1,1,1,1,1,1,1,1,1,1,1
1170,3.01E-01,0,1170,ERODED,1,1,1,1,1,1,1,1,1,1,1
1171,3.00E-01,0,1171,Not eroded,0,1,1,1,1,1,1,1,1,1,1
1172,1.56E-01,3,1172,Not eroded,0,0,0,0,0,0,1,0,0,1,1
1173,2.32E-01,5,1173,Not eroded,0,1,1,1,0,0,0,0,0,0,1
1174,5.65E-02,5,1174,Not eroded,0,0,0,0,0,0,0,0,0,0,1
1175,1.80E-01,0,1175,Not eroded,0,0,0,0,0,0,1,1,1,1,1
1176,1.33E-01,4,1176,Not eroded,0,0,0,0,0,0,0,0,0,1,1
1177,1.02E-01,7,1177,Not eroded,0,0,0,0,0,0,0,0,0,0,0
1178,2.27E-01,0,1178,Not eroded,0,1,1,0,0,0,1,1,1,1,1
1179,1.96E-01,0,1179,Not eroded,0,1,0,0,0,0,1,1,1,1,1
1180,1.47E-01,4,1180,Not eroded,0,0,0,0,0,0,0,0,0,1,1
1181,1.40E-01,3,1181,Not eroded,0,0,0,0,0,0,1,0,0,1,1
1182,1.45E-01,5,1182,Not eroded,0,0,0,0,0,0,0,0,0,0,1
1184,8.76E-02,0,1184,Not eroded,0,0,0,0,0,0,1,1,1,1,1
1185,1.37E-01,4,1185,Not eroded,0,0,0,0,0,0,0,0,0,1,1
1186,2.34E-01,0,1186,Not eroded,0,1,1,1,0,0,1,1,1,1,1
1188,6.52E-02,4,1188,Not eroded,0,0,0,0,0,0,0,0,0,1,1
1189,2.35E-01,5,1189,Not eroded,0,1,1,1,0,0,0,0,0,0,1
1190,5.65E-02,3,1190,Not eroded,0,0,0,0,0,0,1,0,0,1,1
1191,2.10E-01,4,1191,Not eroded,0,1,0,0,0,0,0,0,0,1,1
1192,9.26E-02,4,1192,Not eroded,0,0,0,0,0,0,0,0,0,1,1
1193,2.56E-01,4,1193,Not eroded,0,1,1,1,1,1,0,0,0,1,1
1194,6.43E-02,4,1194,Not eroded,0,0,0,0,0,0,0,0,0,1,1
1195,1.45E-01,5,1195,Not eroded,0,0,0,0,0,0,0,0,0,0,1
1196,2.17E-01,3,1196,Not eroded,0,1,0,0,0,0,1,0,0,1,1
1198,2.99E-01,4,1198,Not eroded,0,1,1,1,1,1,0,0,0,1,1
1199,2.68E-01,4,1199,Not eroded,0,1,1,1,1,1,0,0,0,1,1
1201,1.14E-01,5,1201,Not eroded,0,0,0,0,0,0,0,0,0,0,1
1202,2.98E-01,0,1202,ERODED,1,1,1,1,1,1,1,1,1,1,1
1204,2.98E-01,4,1204,Not eroded,0,1,1,1,1,1,0,0,0,1,1
1205,1.17E-01,3,1205,Not eroded,0,0,0,0,0,0,1,0,0,1,1
1206,2.91E-01,3,1206,Not eroded,0,1,1,1,1,1,1,0,0,1,1
1207,7.52E-02,0,1207,Not eroded,0,0,0,0,0,0,1,1,1,1,1
1208,1.99E-01,6,1208,Not eroded,0,1,0,0,0,0,0,0,0,0,0
1209,2.67E-01,3,1209,Not eroded,0,1,1,1,1,1,1,0,0,1,1
1210,2.43E-01,0,1210,Not eroded,0,1,1,1,1,0,1,1,1,1,1
1212,1.43E-01,4,1212,Not eroded,0,0,0,0,0,0,0,0,0,1,1
1213,2.86E-01,4,1213,Not eroded,0,1,1,1,1,1,0,0,0,1,1
1214,3.13E-01,0,1214,ERODED,1,1,1,1,1,1,1,1,1,1,1
1215,1.92E-01,5,1215,Not eroded,0,1,0,0,0,0,0,0,0,0,1
1216,5.68E-02,3,1216,Not eroded,0,0,0,0,0,0,1,0,0,1,1
1217,2.39E-01,0,1217,Not eroded,0,1,1,1,0,0,1,1,1,1,1
1218,2.70E-01,6,1218,Not eroded,0,1,1,1,1,1,0,0,0,0,0
1219,2.05E-01,0,1219,Not eroded,0,1,0,0,0,0,1,1,1,1,1
1220,2.84E-01,2,1220,Not eroded,0,1,1,1,1,1,1,0,1,1,1
1221,1.33E-01,6,1221,Not eroded,0,0,0,0,0,0,0,0,0,0,0
1222,2.83E-01,7,1222,Not eroded,0,1,1,1,1,1,0,0,0,0,0
1223,2.81E-01,0,1223,ERODED,1,1,1,1,1,1,1,1,1,1,1
1224,2.04E-01,0,1224,Not eroded,0,1,0,0,0,0,1,1,1,1,1
1225,1.91E-01,4,1225,Not eroded,0,1,0,0,0,0,0,0,0,1,1
1226,2.50E-01,4,1226,Not eroded,0,1,1,1,1,0,0,0,0,1,1
1227,2.00E-01,0,1227,Not eroded,0,1,0,0,0,0,1,1,1,1,1
1228,1.51E-01,4,1228,Not eroded,0,0,0,0,0,0,0,0,0,1,1
1229,1.76E-01,4,1229,Not eroded,0,0,0,0,0,0,0,0,0,1,1
1230,9.79E-02,5,1230,Not eroded,0,0,0,0,0,0,0,0,0,0,1
1232,1.68E-01,3,1232,Not eroded,0,0,0,0,0,0,1,0,0,1,1
1233,5.65E-02,3,1233,Not eroded,0,0,0,0,0,0,1,0,0,1,1
1234,1.31E-01,4,1234,Not eroded,0,0,0,0,0,0,0,0,0,1,1
1235,2.66E-01,5,1235,Not eroded,0,1,1,1,1,1,0,0,0,0,1
1236,1.61E-01,5,1236,Not eroded,0,0,0,0,0,0,0,0,0,0,1
1237,3.26E-01,0,1237,ERODED,1,1,1,1,1,1,1,1,1,1,1
1238,2.07E-01,4,1238,Not eroded,0,1,0,0,0,0,0,0,0,1,1
1240,2.28E-01,4,1240,Not eroded,0,1,1,0,0,0,0,0,0,1,1
1241,5.66E-02,0,1241,Not eroded,0,0,0,0,0,0,1,1,1,1,1
1242,2.68E-01,3,1242,Not eroded,0,1,1,1,1,1,1,0,0,1,1
1243,1.30E-01,0,1243,Not eroded,0,0,0,0,0,0,1,1,1,1,1
1245,2.63E-01,0,1245,Not eroded,0,1,1,1,1,1,1,1,1,1,1
1246,1.68E-01,3,1246,Not eroded,0,0,0,0,0,0,1,0,0,1,1
1247,5.65E-02,7,1247,Not eroded,0,0,0,0,0,0,0,0,0,0,0
1248,1.41E-01,4,1248,Not eroded,0,0,0,0,0,0,0,0,0,1,1
1249,2.75E-01,0,1249,Not eroded,0,1,1,1,1,1,1,1,1,1,1
1250,1.92E-01,5,1250,Not eroded,0,1,0,0,0,0,0,0,0,0,1
1251,6.64E-02,2,1251,Not eroded,0,0,0,0,0,0,1,0,1,1,1
1252,2.24E-01,3,1252,Not eroded,0,1,1,0,0,0,1,0,0,1,1
1253,7.17E-02,4,1253,Not eroded,0,0,0,0,0,0,0,0,0,1,1
1254,1.86E-01,4,1254,Not eroded,0,0,0,0,0,0,0,0,0,1,1
1255,9.40E-02,5,1255,Not eroded,0,0,0,0,0,0,0,0,0,0,1
1256,1.72E-01,5,1256,Not eroded,0,0,0,0,0,0,0,0,0,0,1
1257,1.99E-01,0,1257,Not eroded,0,1,0,0,0,0,1,1,1,1,1
1258,1.90E-01,4,1258,Not eroded,0,0,0,0,0,0,0,0,0,1,1
1259,1.77E-01,4,1259,Not eroded,0,0,0,0,0,0,0,0,0,1,1
1260,2.28E-01,2,1260,Not eroded,0,1,1,0,0,0,1,0,1,1,1
1261,1.82E-01,6,1261,Not eroded,0,0,0,0,0,0,0,0,0,0,0
1262,2.27E-01,3,1262,Not eroded,0,1,1,0,0,0,1,0,0,1,1
1263,2.87E-01,4,1263,Not eroded,0,1,1,1,1,1,0,0,0,1,1
1264,2.67E-01,2,1264,Not eroded,0,1,1,1,1,1,1,0,1,1,1
1265,5.65E-02,3,1265,Not eroded,0,0,0,0,0,0,1,0,0,1,1
1266,1.32E-01,4,1266,Not eroded,0,0,0,0,0,0,0,0,0,1,1
1267,1.03E-01,0,1267,Not eroded,0,0,0,0,0,0,1,1,1,1,1
1268,2.05E-01,0,1268,Not eroded,0,1,0,0,0,0,1,1,1,1,1
1270,2.50E-01,3,1270,Not eroded,0,1,1,1,1,0,1,0,0,1,1
1271,2.32E-01,0,1271,Not eroded,0,1,1,1,0,0,1,1,1,1,1
1272,2.30E-01,5,1272,Not eroded,0,1,1,0,0,0,0,0,0,0,1
1273,1.34E-01,4,1273,Not eroded,0,0,0,0,0,0,0,0,0,1,1
1274,2.91E-01,0,1274,ERODED,1,1,1,1,1,1,1,1,1,1,1
1275,5.65E-02,2,1275,Not eroded,0,0,0,0,0,0,1,0,1,1,1
1277,6.49E-02,5,1277,Not eroded,0,0,0,0,0,0,0,0,0,0,1
1278,1.76E-01,5,1278,Not eroded,0,0,0,0,0,0,0,0,0,0,1
1279,1.92E-01,3,1279,Not eroded,0,1,0,0,0,0,1,0,0,1,1
1280,1.40E-01,3,1280,Not eroded,0,0,0,0,0,0,1,0,0,1,1
1281,2.77E-01,0,1281,Not eroded,0,1,1,1,1,1,1,1,1,1,1
1282,1.47E-01,3,1282,Not eroded,0,0,0,0,0,0,1,0,0,1,1
1284,7.80E-02,3,1284,Not eroded,0,0,0,0,0,0,1,0,0,1,1
1285,1.13E-01,4,1285,Not eroded,0,0,0,0,0,0,0,0,0,1,1
1286,3.34E-01,0,1286,ERODED,1,1,1,1,1,1,1,1,1,1,1
1288,1.79E-01,0,1288,Not eroded,0,0,0,0,0,0,1,1,1,1,1
1289,5.66E-02,4,1289,Not eroded,0,0,0,0,0,0,0,0,0,1,1
1290,2.58E-01,0,1290,Not eroded,0,1,1,1,1,1,1,1,1,1,1
1291,5.65E-02,5,1291,Not eroded,0,0,0,0,0,0,0,0,0,0,1
1292,1.89E-01,6,1292,Not eroded,0,0,0,0,0,0,0,0,0,0,0
1293,8.97E-02,0,1293,Not eroded,0,0,0,0,0,0,1,1,1,1,1
1294,1.53E-01,0,1294,Not eroded,0,0,0,0,0,0,1,1,1,1,1
1295,2.75E-01,0,1295,ERODED,1,1,1,1,1,1,1,1,1,1,1
1296,1.21E-01,3,1296,Not eroded,0,0,0,0,0,0,1,0,0,1,1
1297,1.71E-01,4,1297,Not eroded,0,0,0,0,0,0,0,0,0,1,1
1298,2.77E-01,4,1298,Not eroded,0,1,1,1,1,1,0,0,0,1,1
1300,2.57E-01,5,1300,Not eroded,0,1,1,1,1,1,0,0,0,0,1
1302,1.69E-01,3,1302,Not eroded,0,0,0,0,0,0,1,0,0,1,1
1303,2.99E-01,0,1303,ERODED,1,1,1,1,1,1,1,1,1,1,1
1304,2.57E-01,0,1304,Not eroded,0,1,1,1,1,1,1,1,1,1,1
1305,2.23E-01,0,1305,Not eroded,0,1,1,0,0,0,1,1,1,1,1
1306,2.43E-01,7,1306,Not eroded,0,1,1,1,1,0,0,0,0,0,0
1307,1.01E-01,5,1307,Not eroded,0,0,0,0,0,0,0,0,0,0,1
1309,2.31E-01,3,1309,Not eroded,0,1,1,1,0,0,1,0,0,1,1
1310,1.61E-01,4,1310,Not eroded,0,0,0,0,0,0,0,0,0,1,1
1311,1.77E-01,0,1311,Not eroded,0,0,0,0,0,0,1,1,1,1,1
1312,9.90E-02,4,1312,Not eroded,0,0,0,0,0,0,0,0,0,1,1
1313,8.95E-02,5,1313,Not eroded,0,0,0,0,0,0,0,0,0,0,1
1314,9.52E-02,0,1314,Not eroded,0,0,0,0,0,0,1,1,1,1,1
1316,2.95E-01,6,1316,Not eroded,0,1,1,1,1,1,0,0,0,0,0
1317,1.14E-01,0,1317,Not eroded,0,0,0,0,0,0,1,1,1,1,1
1318,3.14E-01,0,1318,ERODED,1,1,1,1,1,1,1,1,1,1,1
1319,3.02E-01,0,1319,Not eroded,0,1,1,1,1,1,1,1,1,1,1
1320,1.96E-01,4,1320,Not eroded,0,1,0,0,0,0,0,0,0,1,1
1321,1.36E-01,5,1321,Not eroded,0,0,0,0,0,0,0,0,0,0,1
1323,8.48E-02,0,1323,Not eroded,0,0,0,0,0,0,1,1,1,1,1
1324,1.38E-01,4,1324,Not eroded,0,0,0,0,0,0,0,0,0,1,1
1325,2.83E-01,0,1325,Not eroded,0,1,1,1,1,1,1,1,1,1,1
1327,2.56E-01,3,1327,Not eroded,0,1,1,1,1,1,1,0,0,1,1
1328,2.96E-01,0,1328,ERODED,1,1,1,1,1,1,1,1,1,1,1
1329,1.70E-01,2,1329,Not eroded,0,0,0,0,0,0,1,0,1,1,1
1330,2.34E-01,0,1330,Not eroded,0,1,1,1,0,0,1,1,1,1,1
1331,6.50E-02,2,1331,Not eroded,0,0,0,0,0,0,1,0,1,1,1
1332,1.35E-01,0,1332,Not eroded,0,0,0,0,0,0,1,1,1,1,1
1333,1.94E-01,4,1333,Not eroded,0,1,0,0,0,0,0,0,0,1,1
1334,1.14E-01,6,1334,Not eroded,0,0,0,0,0,0,0,0,0,0,0
1335,1.31E-01,0,1335,Not eroded,0,0,0,0,0,0,1,1,1,1,1
1336,2.02E-01,5,1336,Not eroded,0,1,0,0,0,0,0,0,0,0,1
1337,1.83E-01,5,1337,Not eroded,0,0,0,0,0,0,0,0,0,0,1
1338,8.82E-02,4,1338,Not eroded,0,0,0,0,0,0,0,0,0,1,1
1339,1.44E-01,4,1339,Not eroded,0,0,0,0,0,0,0,0,0,1,1
1340,1.18E-01,0,1340,Not eroded,0,0,0,0,0,0,1,1,1,1,1
1341,9.78E-02,4,1341,Not eroded,0,0,0,0,0,0,0,0,0,1,1
1342,6.30E-02,6,1342,Not eroded,0,0,0,0,0,0,0,0,0,0,0
1344,2.44E-01,6,1344,Not eroded,0,1,1,1,1,0,0,0,0,0,0
1346,1.31E-01,4,1346,Not eroded,0,0,0,0,0,0,0,0,0,1,1
1347,1.97E-01,4,1347,Not eroded,0,1,0,0,0,0,0,0,0,1,1
1348,1.01E-01,3,1348,Not eroded,0,0,0,0,0,0,1,0,0,1,1
1349,2.09E-01,5,1349,Not eroded,0,1,0,0,0,0,0,0,0,0,1
1351,1.25E-01,0,1351,Not eroded,0,0,0,0,0,0,1,1,1,1,1
1352,6.42E-02,3,1352,Not eroded,0,0,0,0,0,0,1,0,0,1,1
1353,5.66E-02,3,1353,Not eroded,0,0,0,0,0,0,1,0,0,1,1
1354,2.01E-01,2,1354,Not eroded,0,1,0,0,0,0,1,0,1,1,1
1355,2.81E-01,0,1355,Not eroded,0,1,1,1,1,1,1,1,1,1,1
1356,2.48E-01,0,1356,Not eroded,0,1,1,1,1,0,1,1,1,1,1
1357,5.75E-02,0,1357,Not eroded,0,0,0,0,0,0,1,1,1,1,1
1358,3.29E-01,0,1358,ERODED,1,1,1,1,1,1,1,1,1,1,1
1359,2.69E-01,6,1359,Not eroded,0,1,1,1,1,1,0,0,0,0,0
1360,9.17E-02,0,1360,Not eroded,0,0,0,0,0,0,1,1,1,1,1
1361,2.30E-01,4,1361,Not eroded,0,1,1,0,0,0,0,0,0,1,1
1362,1.56E-01,4,1362,Not eroded,0,0,0,0,0,0,0,0,0,1,1
1363,9.48E-02,2,1363,Not eroded,0,0,0,0,0,0,1,0,1,1,1
1364,2.85E-01,0,1364,ERODED,1,1,1,1,1,1,1,1,1,1,1
1365,2.15E-01,2,1365,Not eroded,0,1,0,0,0,0,1,0,1,1,1
1366,2.50E-01,3,1366,Not eroded,0,1,1,1,1,0,1,0,0,1,1
1367,1.30E-01,5,1367,Not eroded,0,0,0,0,0,0,0,0,0,0,1
1368,2.22E-01,4,1368,Not eroded,0,1,1,0,0,0,0,0,0,1,1
1369,1.72E-01,5,1369,Not eroded,0,0,0,0,0,0,0,0,0,0,1
1371,6.52E-02,0,1371,Not eroded,0,0,0,0,0,0,1,1,1,1,1
1372,1.59E-01,2,1372,Not eroded,0,0,0,0,0,0,1,0,1,1,1
1373,2.49E-01,6,1373,Not eroded,0,1,1,1,1,0,0,0,0,0,0
1374,1.56E-01,4,1374,Not eroded,0,0,0,0,0,0,0,0,0,1,1
1375,1.67E-01,6,1375,Not eroded,0,0,0,0,0,0,0,0,0,0,0
1376,3.02E-01,0,1376,ERODED,1,1,1,1,1,1,1,1,1,1,1
1377,2.90E-01,6,1377,Not eroded,0,1,1,1,1,1,0,0,0,0,0
1378,3.08E-01,0,1378,ERODED,1,1,1,1,1,1,1,1,1,1,1
1379,6.41E-02,4,1379,Not eroded,0,0,0,0,0,0,0,0,0,1,1
1380,2.26E-01,0,1380,Not eroded,0,1,1,0,0,0,1,1,1,1,1
1381,5.65E-02,4,1381,Not eroded,0,0,0,0,0,0,0,0,0,1,1
1382,6.56E-02,0,1382,Not eroded,0,0,0,0,0,0,1,1,1,1,1
1383,2.37E-01,3,1383,Not eroded,0,1,1,1,0,0,1,0,0,1,1
1384,1.12E-01,4,1384,Not eroded,0,0,0,0,0,0,0,0,0,1,1
1385,1.29E-01,2,1385,Not eroded,0,0,0,0,0,0,1,0,1,1,1
1386,2.80E-01,0,1386,Not eroded,0,1,1,1,1,1,1,1,1,1,1
1387,5.65E-02,4,1387,Not eroded,0,0,0,0,0,0,0,0,0,1,1
1388,7.49E-02,4,1388,Not eroded,0,0,0,0,0,0,0,0,0,1,1
1389,2.10E-01,4,1389,Not eroded,0,1,0,0,0,0,0,0,0,1,1
1390,2.44E-01,0,1390,Not eroded,0,1,1,1,1,0,1,1,1,1,1
1391,1.20E-01,4,1391,Not eroded,0,0,0,0,0,0,0,0,0,1,1
1392,1.37E-01,3,1392,Not eroded,0,0,0,0,0,0,1,0,0,1,1
1393,1.23E-01,7,1393,Not eroded,0,0,0,0,0,0,0,0,0,0,0
1394,1.74E-01,5,1394,Not eroded,0,0,0,0,0,0,0,0,0,0,1
1395,1.87E-01,0,1395,Not eroded,0,0,0,0,0,0,1,1,1,1,1
1396,5.66E-02,5,1396,Not eroded,0,0,0,0,0,0,0,0,0,0,1
1397,8.63E-02,4,1397,Not eroded,0,0,0,0,0,0,0,0,0,1,1
1398,5.66E-02,5,1398,Not eroded,0,0,0,0,0,0,0,0,0,0,1
1399,2.69E-01,4,1399,Not eroded,0,1,1,1,1,1,0,0,0,1,1
1401,8.45E-02,3,1401,Not eroded,0,0,0,0,0,0,1,0,0,1,1
1402,5.65E-02,4,1402,Not eroded,0,0,0,0,0,0,0,0,0,1,1
1403,2.60E-01,3,1403,Not eroded,0,1,1,1,1,1,1,0,0,1,1
1404,2.08E-01,0,1404,Not eroded,0,1,0,0,0,0,1,1,1,1,1
1405,3.06E-01,0,1405,ERODED,1,1,1,1,1,1,1,1,1,1,1
1406,3.14E-01,0,1406,ERODED,1,1,1,1,1,1,1,1,1,1,1
1407,2.41E-01,4,1407,Not eroded,0,1,1,1,1,0,0,0,0,1,1
1408,1.78E-01,6,1408,Not eroded,0,0,0,0,0,0,0,0,0,0,0
1409,2.90E-01,6,1409,Not eroded,0,1,1,1,1,1,0,0,0,0,0
1410,2.55E-01,0,1410,Not eroded,0,1,1,1,1,1,1,1,1,1,1
1411,1.78E-01,0,1411,Not eroded,0,0,0,0,0,0,1,1,1,1,1
1412,5.65E-02,4,1412,Not eroded,0,0,0,0,0,0,0,0,0,1,1
1414,2.97E-01,3,1414,ERODED,1,1,1,1,1,1,1,0,0,1,1
1415,1.85E-01,3,1415,Not eroded,0,0,0,0,0,0,1,0,0,1,1
1416,2.54E-01,4,1416,Not eroded,0,1,1,1,1,1,0,0,0,1,1
1417,2.65E-01,5,1417,Not eroded,0,1,1,1,1,1,0,0,0,0,1
1418,6.95E-02,4,1418,Not eroded,0,0,0,0,0,0,0,0,0,1,1
1419,1.53E-01,3,1419,Not eroded,0,0,0,0,0,0,1,0,0,1,1
1420,1.08E-01,5,1420,Not eroded,0,0,0,0,0,0,0,0,0,0,1
1421,2.29E-01,4,1421,Not eroded,0,1,1,0,0,0,0,0,0,1,1
1422,1.62E-01,5,1422,Not eroded,0,0,0,0,0,0,0,0,0,0,1
1423,2.64E-01,0,1423,Not eroded,0,1,1,1,1,1,1,1,1,1,1
1424,2.85E-01,0,1424,Not eroded,0,1,1,1,1,1,1,1,1,1,1
1425,2.50E-01,0,1425,Not eroded,0,1,1,1,1,0,1,1,1,1,1
1426,2.96E-01,5,1426,Not eroded,0,1,1,1,1,1,0,0,0,0,1
1429,1.28E-01,6,1429,Not eroded,0,0,0,0,0,0,0,0,0,0,0
1431,2.79E-01,5,1431,Not eroded,0,1,1,1,1,1,0,0,0,0,1
1433,3.16E-01,0,1433,ERODED,1,1,1,1,1,1,1,1,1,1,1
1434,2.99E-01,0,1434,ERODED,1,1,1,1,1,1,1,1,1,1,1
1435,5.66E-02,0,1435,Not eroded,0,0,0,0,0,0,1,1,1,1,1
1436,1.80E-01,3,1436,Not eroded,0,0,0,0,0,0,1,0,0,1,1
1437,2.81E-01,0,1437,ERODED,1,1,1,1,1,1,1,1,1,1,1
1438,5.65E-02,5,1438,Not eroded,0,0,0,0,0,0,0,0,0,0,1
1440,1.62E-01,3,1440,Not eroded,0,0,0,0,0,0,1,0,0,1,1
1441,1.80E-01,0,1441,Not eroded,0,0,0,0,0,0,1,1,1,1,1
1442,1.23E-01,3,1442,Not eroded,0,0,0,0,0,0,1,0,0,1,1
1443,1.04E-01,6,1443,Not eroded,0,0,0,0,0,0,0,0,0,0,0
1444,5.68E-02,0,1444,Not eroded,0,0,0,0,0,0,1,1,1,1,1
1445,9.63E-02,4,1445,Not eroded,0,0,0,0,0,0,0,0,0,1,1
1446,9.77E-02,4,1446,Not eroded,0,0,0,0,0,0,0,0,0,1,1
1447,2.39E-01,0,1447,Not eroded,0,1,1,1,0,0,1,1,1,1,1
1448,2.02E-01,3,1448,Not eroded,0,1,0,0,0,0,1,0,0,1,1
1449,1.64E-01,4,1449,Not eroded,0,0,0,0,0,0,0,0,0,1,1
1452,1.36E-01,5,1452,Not eroded,0,0,0,0,0,0,0,0,0,0,1
1453,1.03E-01,4,1453,Not eroded,0,0,0,0,0,0,0,0,0,1,1
1454,1.88E-01,3,1454,Not eroded,0,0,0,0,0,0,1,0,0,1,1
1455,5.65E-02,3,1455,Not eroded,0,0,0,0,0,0,1,0,0,1,1
1456,3.26E-01,0,1456,ERODED,1,1,1,1,1,1,1,1,1,1,1
1458,1.28E-01,5,1458,Not eroded,0,0,0,0,0,0,0,0,0,0,1
1459,2.82E-01,7,1459,Not eroded,0,1,1,1,1,1,0,0,0,0,0
1461,1.63E-01,3,1461,Not eroded,0,0,0,0,0,0,1,0,0,1,1
1462,1.48E-01,5,1462,Not eroded,0,0,0,0,0,0,0,0,0,0,1
1463,1.85E-01,4,1463,Not eroded,0,0,0,0,0,0,0,0,0,1,1
1464,2.07E-01,2,1464,Not eroded,0,1,0,0,0,0,1,0,1,1,1
1465,1.28E-01,3,1465,Not eroded,0,0,0,0,0,0,1,0,0,1,1
1467,6.42E-02,7,1467,Not eroded,0,0,0,0,0,0,0,0,0,0,0
1468,8.79E-02,4,1468,Not eroded,0,0,0,0,0,0,0,0,0,1,1
1469,1.77E-01,0,1469,Not eroded,0,0,0,0,0,0,1,1,1,1,1
1470,1.58E-01,5,1470,Not eroded,0,0,0,0,0,0,0,0,0,0,1
1471,1.43E-01,0,1471,Not eroded,0,0,0,0,0,0,1,1,1,1,1
1472,2.88E-01,4,1472,Not eroded,0,1,1,1,1,1,0,0,0,1,1
1473,3.19E-01,0,1473,ERODED,1,1,1,1,1,1,1,1,1,1,1
1474,2.37E-01,3,1474,Not eroded,0,1,1,1,0,0,1,0,0,1,1
1475,5.65E-02,4,1475,Not eroded,0,0,0,0,0,0,0,0,0,1,1
1476,2.90E-01,5,1476,Not eroded,0,1,1,1,1,1,0,0,0,0,1
1477,2.57E-01,3,1477,Not eroded,0,1,1,1,1,1,1,0,0,1,1
1478,3.23E-01,0,1478,ERODED,1,1,1,1,1,1,1,1,1,1,1
1479,1.87E-01,4,1479,Not eroded,0,0,0,0,0,0,0,0,0,1,1
1480,2.27E-01,5,1480,Not eroded,0,1,1,0,0,0,0,0,0,0,1
1481,1.36E-01,0,1481,Not eroded,0,0,0,0,0,0,1,1,1,1,1
1482,2.44E-01,5,1482,Not eroded,0,1,1,1,1,0,0,0,0,0,1
1483,1.21E-01,0,1483,Not eroded,0,0,0,0,0,0,1,1,1,1,1
1484,2.44E-01,4,1484,Not eroded,0,1,1,1,1,0,0,0,0,1,1
1485,3.08E-01,0,1485,ERODED,1,1,1,1,1,1,1,1,1,1,1
1486,1.33E-01,0,1486,Not eroded,0,0,0,0,0,0,1,1,1,1,1
1487,1.77E-01,4,1487,Not eroded,0,0,0,0,0,0,0,0,0,1,1
1488,2.27E-01,4,1488,Not eroded,0,1,1,0,0,0,0,0,0,1,1
1489,1.05E-01,4,1489,Not eroded,0,0,0,0,0,0,0,0,0,1,1
1492,1.62E-01,4,1492,Not eroded,0,0,0,0,0,0,0,0,0,1,1
1493,3.04E-01,0,1493,ERODED,1,1,1,1,1,1,1,1,1,1,1
1494,2.33E-01,6,1494,Not eroded,0,1,1,1,0,0,0,0,0,0,0
1495,1.45E-01,0,1495,Not eroded,0,0,0,0,0,0,1,1,1,1,1
1496,2.95E-01,3,1496,Not eroded,0,1,1,1,1,1,1,0,0,1,1
1497,9.34E-02,2,1497,Not eroded,0,0,0,0,0,0,1,0,1,1,1
1498,2.53E-01,0,1498,Not eroded,0,1,1,1,1,1,1,1,1,1,1
1499,3.14E-01,0,1499,ERODED,1,1,1,1,1,1,1,1,1,1,1
1500,1.28E-01,0,1500,Not eroded,0,0,0,0,0,0,1,1,1,1,1
1502,1.20E-01,5,1502,Not eroded,0,0,0,0,0,0,0,0,0,0,1
1503,1.15E-01,7,1503,Not eroded,0,0,0,0,0,0,0,0,0,0,0
1505,2.62E-01,3,1505,Not eroded,0,1,1,1,1,1,1,0,0,1,1
1506,2.83E-01,5,1506,Not eroded,0,1,1,1,1,1,0,0,0,0,1
1507,9.33E-02,4,1507,Not eroded,0,0,0,0,0,0,0,0,0,1,1
1508,1.58E-01,3,1508,Not eroded,0,0,0,0,0,0,1,0,0,1,1
1509,7.79E-02,4,1509,Not eroded,0,0,0,0,0,0,0,0,0,1,1
1510,2.97E-01,0,1510,ERODED,1,1,1,1,1,1,1,1,1,1,1
1511,8.01E-02,6,1511,Not eroded,0,0,0,0,0,0,0,0,0,0,0
1512,2.10E-01,4,1512,Not eroded,0,1,0,0,0,0,0,0,0,1,1
1514,1.32E-01,0,1514,Not eroded,0,0,0,0,0,0,1,1,1,1,1
1515,1.12E-01,3,1515,Not eroded,0,0,0,0,0,0,1,0,0,1,1
1516,5.65E-02,4,1516,Not eroded,0,0,0,0,0,0,0,0,0,1,1
1517,9.17E-02,4,1517,Not eroded,0,0,0,0,0,0,0,0,0,1,1
1518,5.65E-02,4,1518,Not eroded,0,0,0,0,0,0,0,0,0,1,1
1519,2.18E-01,3,1519,Not eroded,0,1,0,0,0,0,1,0,0,1,1
1520,1.96E-01,3,1520,Not eroded,0,1,0,0,0,0,1,0,0,1,1
1521,2.66E-01,4,1521,Not eroded,0,1,1,1,1,1,0,0,0,1,1
1522,1.72E-01,0,1522,Not eroded,0,0,0,0,0,0,1,1,1,1,1
1523,5.65E-02,4,1523,Not eroded,0,0,0,0,0,0,0,0,0,1,1
1524,3.26E-01,0,1524,ERODED,1,1,1,1,1,1,1,1,1,1,1
1525,1.11E-01,0,1525,Not eroded,0,0,0,0,0,0,1,1,1,1,1
1526,3.02E-01,0,1526,ERODED,1,1,1,1,1,1,1,1,1,1,1
1527,2.95E-01,3,1527,Not eroded,0,1,1,1,1,1,1,0,0,1,1
1528,7.44E-02,0,1528,Not eroded,0,0,0,0,0,0,1,1,1,1,1
1529,6.42E-02,2,1529,Not eroded,0,0,0,0,0,0,1,0,1,1,1
1530,5.76E-02,0,1530,Not eroded,0,0,0,0,0,0,1,1,1,1,1
1531,2.18E-01,3,1531,Not eroded,0,1,0,0,0,0,1,0,0,1,1
1532,1.62E-01,3,1532,Not eroded,0,0,0,0,0,0,1,0,0,1,1
1533,1.65E-01,3,1533,Not eroded,0,0,0,0,0,0,1,0,0,1,1
1535,2.96E-01,3,1535,Not eroded,0,1,1,1,1,1,1,0,0,1,1
1536,1.84E-01,5,1536,Not eroded,0,0,0,0,0,0,0,0,0,0,1
1537,2.52E-01,3,1537,Not eroded,0,1,1,1,1,1,1,0,0,1,1
1538,2.83E-01,4,1538,Not eroded,0,1,1,1,1,1,0,0,0,1,1
1539,2.47E-01,0,1539,Not eroded,0,1,1,1,1,0,1,1,1,1,1
1540,9.88E-02,4,1540,Not eroded,0,0,0,0,0,0,0,0,0,1,1
1541,3.26E-01,0,1541,ERODED,1,1,1,1,1,1,1,1,1,1,1
1542,1.69E-01,0,1542,Not eroded,0,0,0,0,0,0,1,1,1,1,1
1543,1.77E-01,0,1543,Not eroded,0,0,0,0,0,0,1,1,1,1,1
1544,1.36E-01,4,1544,Not eroded,0,0,0,0,0,0,0,0,0,1,1
1545,1.37E-01,5,1545,Not eroded,0,0,0,0,0,0,0,0,0,0,1
1546,1.20E-01,0,1546,Not eroded,0,0,0,0,0,0,1,1,1,1,1
1550,1.42E-01,4,1550,Not eroded,0,0,0,0,0,0,0,0,0,1,1
1551,3.00E-01,3,1551,Not eroded,0,1,1,1,1,1,1,0,0,1,1
1552,2.91E-01,0,1552,Not eroded,0,1,1,1,1,1,1,1,1,1,1
1554,8.83E-02,0,1554,Not eroded,0,0,0,0,0,0,1,1,1,1,1
1555,1.64E-01,5,1555,Not eroded,0,0,0,0,0,0,0,0,0,0,1
1556,2.96E-01,2,1556,Not eroded,0,1,1,1,1,1,1,0,1,1,1
1557,1.33E-01,3,1557,Not eroded,0,0,0,0,0,0,1,0,0,1,1
1558,5.64E-02,2,1558,Not eroded,0,0,0,0,0,0,1,0,1,1,1
1559,5.66E-02,2,1559,Not eroded,0,0,0,0,0,0,1,0,1,1,1
1560,2.81E-01,0,1560,Not eroded,0,1,1,1,1,1,1,1,1,1,1
1561,3.14E-01,0,1561,ERODED,1,1,1,1,1,1,1,1,1,1,1
1562,3.13E-01,0,1562,ERODED,1,1,1,1,1,1,1,1,1,1,1
1563,1.40E-01,3,1563,Not eroded,0,0,0,0,0,0,1,0,0,1,1
1564,2.13E-01,4,1564,Not eroded,0,1,0,0,0,0,0,0,0,1,1
1565,2.92E-01,3,1565,Not eroded,0,1,1,1,1,1,1,0,0,1,1
1566,1.53E-01,6,1566,Not eroded,0,0,0,0,0,0,0,0,0,0,0
1567,9.89E-02,0,1567,Not eroded,0,0,0,0,0,0,1,1,1,1,1
1568,2.32E-01,4,1568,Not eroded,0,1,1,1,0,0,0,0,0,1,1
1570,1.38E-01,4,1570,Not eroded,0,0,0,0,0,0,0,0,0,1,1
1571,1.32E-01,4,1571,Not eroded,0,0,0,0,0,0,0,0,0,1,1
1572,1.58E-01,3,1572,Not eroded,0,0,0,0,0,0,1,0,0,1,1
1573,2.16E-01,5,1573,Not eroded,0,1,0,0,0,0,0,0,0,0,1
1574,2.21E-01,0,1574,Not eroded,0,1,1,0,0,0,1,1,1,1,1
1575,1.64E-01,0,1575,Not eroded,0,0,0,0,0,0,1,1,1,1,1
1576,3.14E-01,0,1576,ERODED,1,1,1,1,1,1,1,1,1,1,1
1577,2.94E-01,4,1577,Not eroded,0,1,1,1,1,1,0,0,0,1,1
1578,3.23E-01,0,1578,ERODED,1,1,1,1,1,1,1,1,1,1,1
1579,5.68E-02,0,1579,Not eroded,0,0,0,0,0,0,1,1,1,1,1
1580,2.22E-01,5,1580,Not eroded,0,1,1,0,0,0,0,0,0,0,1
1581,3.08E-01,0,1581,ERODED,1,1,1,1,1,1,1,1,1,1,1
1582,2.12E-01,0,1582,Not eroded,0,1,0,0,0,0,1,1,1,1,1
1583,1.92E-01,3,1583,Not eroded,0,1,0,0,0,0,1,0,0,1,1
1584,1.11E-01,3,1584,Not eroded,0,0,0,0,0,0,1,0,0,1,1
1585,2.11E-01,0,1585,Not eroded,0,1,0,0,0,0,1,1,1,1,1
1586,1.02E-01,5,1586,Not eroded,0,0,0,0,0,0,0,0,0,0,1
1587,2.58E-01,0,1587,Not eroded,0,1,1,1,1,1,1,1,1,1,1
1588,1.68E-01,4,1588,Not eroded,0,0,0,0,0,0,0,0,0,1,1
1590,7.39E-02,4,1590,Not eroded,0,0,0,0,0,0,0,0,0,1,1
1591,2.91E-01,0,1591,ERODED,1,1,1,1,1,1,1,1,1,1,1
1592,1.80E-01,3,1592,Not eroded,0,0,0,0,0,0,1,0,0,1,1
1593,2.53E-01,0,1593,Not eroded,0,1,1,1,1,1,1,1,1,1,1
1594,2.19E-01,0,1594,Not eroded,0,1,0,0,0,0,1,1,1,1,1
1595,2.83E-01,0,1595,Not eroded,0,1,1,1,1,1,1,1,1,1,1
1596,1.06E-01,3,1596,Not eroded,0,0,0,0,0,0,1,0,0,1,1
1597,6.48E-02,3,1597,Not eroded,0,0,0,0,0,0,1,0,0,1,1
1598,2.93E-01,0,1598,ERODED,1,1,1,1,1,1,1,1,1,1,1
1599,9.01E-02,3,1599,Not eroded,0,0,0,0,0,0,1,0,0,1,1
1600,1.55E-01,5,1600,Not eroded,0,0,0,0,0,0,0,0,0,0,1
1601,6.81E-02,5,1601,Not eroded,0,0,0,0,0,0,0,0,0,0,1
1602,2.42E-01,3,1602,Not eroded,0,1,1,1,1,0,1,0,0,1,1
1603,3.25E-01,0,1603,ERODED,1,1,1,1,1,1,1,1,1,1,1
1605,1.73E-01,0,1605,Not eroded,0,0,0,0,0,0,1,1,1,1,1
1607,1.79E-01,4,1607,Not eroded,0,0,0,0,0,0,0,0,0,1,1
1609,2.68E-01,6,1609,Not eroded,0,1,1,1,1,1,0,0,0,0,0
1610,2.66E-01,3,1610,Not eroded,0,1,1,1,1,1,1,0,0,1,1
1611,3.12E-01,2,1611,Not eroded,0,1,1,1,1,1,1,0,1,1,1
1612,1.23E-01,3,1612,Not eroded,0,0,0,0,0,0,1,0,0,1,1
1613,6.60E-02,2,1613,Not eroded,0,0,0,0,0,0,1,0,1,1,1
1614,2.50E-01,4,1614,Not eroded,0,1,1,1,1,0,0,0,0,1,1
1615,2.83E-01,6,1615,Not eroded,0,1,1,1,1,1,0,0,0,0,0
1616,5.65E-02,4,1616,Not eroded,0,0,0,0,0,0,0,0,0,1,1
1617,3.07E-01,0,1617,ERODED,1,1,1,1,1,1,1,1,1,1,1
1618,1.96E-01,4,1618,Not eroded,0,1,0,0,0,0,0,0,0,1,1
1619,3.32E-01,0,1619,ERODED,1,1,1,1,1,1,1,1,1,1,1
1620,8.12E-02,0,1620,Not eroded,0,0,0,0,0,0,1,1,1,1,1
1621,1.53E-01,0,1621,Not eroded,0,0,0,0,0,0,1,1,1,1,1
1622,2.96E-01,0,1622,ERODED,1,1,1,1,1,1,1,1,1,1,1
1623,1.00E-01,0,1623,Not eroded,0,0,0,0,0,0,1,1,1,1,1
1624,2.57E-01,3,1624,Not eroded,0,1,1,1,1,1,1,0,0,1,1
1626,1.86E-01,4,1626,Not eroded,0,0,0,0,0,0,0,0,0,1,1
1627,2.71E-01,0,1627,ERODED,1,1,1,1,1,1,1,1,1,1,1
1630,8.22E-02,0,1630,Not eroded,0,0,0,0,0,0,1,1,1,1,1
1631,2.02E-01,3,1631,Not eroded,0,1,0,0,0,0,1,0,0,1,1
1632,2.13E-01,4,1632,Not eroded,0,1,0,0,0,0,0,0,0,1,1
1633,3.20E-01,0,1633,ERODED,1,1,1,1,1,1,1,1,1,1,1
1634,1.56E-01,7,1634,Not eroded,0,0,0,0,0,0,0,0,0,0,0
1635,2.96E-01,6,1635,Not eroded,0,1,1,1,1,1,0,0,0,0,0
1636,5.65E-02,4,1636,Not eroded,0,0,0,0,0,0,0,0,0,1,1
1637,2.10E-01,0,1637,Not eroded,0,1,0,0,0,0,1,1,1,1,1
1638,1.66E-01,4,1638,Not eroded,0,0,0,0,0,0,0,0,0,1,1
1639,3.06E-01,0,1639,ERODED,1,1,1,1,1,1,1,1,1,1,1
1640,2.82E-01,3,1640,Not eroded,0,1,1,1,1,1,1,0,0,1,1
1641,1.09E-01,4,1641,Not eroded,0,0,0,0,0,0,0,0,0,1,1
1642,8.92E-02,3,1642,Not eroded,0,0,0,0,0,0,1,0,0,1,1
1643,1.93E-01,0,1643,Not eroded,0,1,0,0,0,0,1,1,1,1,1
1644,2.09E-01,0,1644,Not eroded,0,1,0,0,0,0,1,1,1,1,1
1645,2.95E-01,4,1645,ERODED,1,1,1,1,1,1,0,0,0,1,1
1646,1.67E-01,5,1646,Not eroded,0,0,0,0,0,0,0,0,0,0,1
1647,6.29E-02,6,1647,Not eroded,0,0,0,0,0,0,0,0,0,0,0
1648,7.20E-02,5,1648,Not eroded,0,0,0,0,0,0,0,0,0,0,1
1649,5.79E-02,4,1649,Not eroded,0,0,0,0,0,0,0,0,0,1,1
1650,1.36E-01,6,1650,Not eroded,0,0,0,0,0,0,0,0,0,0,0
1651,2.64E-01,5,1651,Not eroded,0,1,1,1,1,1,0,0,0,0,1
1652,2.81E-01,0,1652,Not eroded,0,1,1,1,1,1,1,1,1,1,1
1653,2.64E-01,3,1653,Not eroded,0,1,1,1,1,1,1,0,0,1,1
1655,1.88E-01,3,1655,Not eroded,0,0,0,0,0,0,1,0,0,1,1
1656,2.75E-01,0,1656,ERODED,1,1,1,1,1,1,1,1,1,1,1
1657,2.14E-01,3,1657,Not eroded,0,1,0,0,0,0,1,0,0,1,1
1658,1.43E-01,2,1658,Not eroded,0,0,0,0,0,0,1,0,1,1,1
1659,1.35E-01,4,1659,Not eroded,0,0,0,0,0,0,0,0,0,1,1
1660,9.33E-02,5,1660,Not eroded,0,0,0,0,0,0,0,0,0,0,1
1661,2.05E-01,5,1661,Not eroded,0,1,0,0,0,0,0,0,0,0,1
1662,3.00E-01,0,1662,ERODED,1,1,1,1,1,1,1,1,1,1,1
1663,1.99E-01,4,1663,Not eroded,0,1,0,0,0,0,0,0,0,1,1
1664,1.73E-01,0,1664,Not eroded,0,0,0,0,0,0,1,1,1,1,1
1665,3.36E-01,0,1665,ERODED,1,1,1,1,1,1,1,1,1,1,1
1666,1.72E-01,3,1666,Not eroded,0,0,0,0,0,0,1,0,0,1,1
1667,2.17E-01,0,1667,Not eroded,0,1,0,0,0,0,1,1,1,1,1
1668,1.86E-01,2,1668,Not eroded,0,0,0,0,0,0,1,0,1,1,1
1669,1.56E-01,6,1669,Not eroded,0,0,0,0,0,0,0,0,0,0,0
1670,2.75E-01,0,1670,Not eroded,0,1,1,1,1,1,1,1,1,1,1
1671,2.30E-01,3,1671,Not eroded,0,1,1,0,0,0,1,0,0,1,1
1672,1.51E-01,0,1672,Not eroded,0,0,0,0,0,0,1,1,1,1,1
1673,2.57E-01,0,1673,Not eroded,0,1,1,1,1,1,1,1,1,1,1
1674,6.49E-02,5,1674,Not eroded,0,0,0,0,0,0,0,0,0,0,1
1675,2.53E-01,2,1675,Not eroded,0,1,1,1,1,1,1,0,1,1,1
1676,7.87E-02,4,1676,Not eroded,0,0,0,0,0,0,0,0,0,1,1
1677,2.47E-01,4,1677,Not eroded,0,1,1,1,1,0,0,0,0,1,1
1679,2.43E-01,3,1679,Not eroded,0,1,1,1,1,0,1,0,0,1,1
1680,9.88E-02,0,1680,Not eroded,0,0,0,0,0,0,1,1,1,1,1
1681,1.91E-01,5,1681,Not eroded,0,1,0,0,0,0,0,0,0,0,1
1682,2.20E-01,0,1682,Not eroded,0,1,0,0,0,0,1,1,1,1,1
1683,1.69E-01,0,1683,Not eroded,0,0,0,0,0,0,1,1,1,1,1
1684,5.65E-02,3,1684,Not eroded,0,0,0,0,0,0,1,0,0,1,1
1685,2.20E-01,4,1685,Not eroded,0,1,0,0,0,0,0,0,0,1,1
1686,1.03E-01,0,1686,Not eroded,0,0,0,0,0,0,1,1,1,1,1
1687,1.21E-01,5,1687,Not eroded,0,0,0,0,0,0,0,0,0,0,1
1688,2.61E-01,0,1688,Not eroded,0,1,1,1,1,1,1,1,1,1,1
1690,2.53E-01,2,1690,Not eroded,0,1,1,1,1,1,1,0,1,1,1
1692,1.84E-01,4,1692,Not eroded,0,0,0,0,0,0,0,0,0,1,1
1693,1.73E-01,4,1693,Not eroded,0,0,0,0,0,0,0,0,0,1,1
1695,9.43E-02,4,1695,Not eroded,0,0,0,0,0,0,0,0,0,1,1
1696,3.28E-01,0,1696,ERODED,1,1,1,1,1,1,1,1,1,1,1
1697,2.84E-01,5,1697,Not eroded,0,1,1,1,1,1,0,0,0,0,1
1698,3.25E-01,0,1698,Not eroded,0,1,1,1,1,1,1,1,1,1,1
1699,5.65E-02,2,1699,Not eroded,0,0,0,0,0,0,1,0,1,1,1
1700,1.89E-01,0,1700,Not eroded,0,0,0,0,0,0,1,1,1,1,1
1701,1.45E-01,0,1701,Not eroded,0,0,0,0,0,0,1,1,1,1,1
1702,1.93E-01,4,1702,Not eroded,0,1,0,0,0,0,0,0,0,1,1
1703,8.76E-02,0,1703,Not eroded,0,0,0,0,0,0,1,1,1,1,1
1704,1.74E-01,4,1704,Not eroded,0,0,0,0,0,0,0,0,0,1,1
1705,1.95E-01,4,1705,Not eroded,0,1,0,0,0,0,0,0,0,1,1
1706,2.25E-01,4,1706,Not eroded,0,1,1,0,0,0,0,0,0,1,1
1707,1.87E-01,5,1707,Not eroded,0,0,0,0,0,0,0,0,0,0,1
1708,6.52E-02,4,1708,Not eroded,0,0,0,0,0,0,0,0,0,1,1
1709,7.23E-02,5,1709,Not eroded,0,0,0,0,0,0,0,0,0,0,1
1710,2.80E-01,3,1710,Not eroded,0,1,1,1,1,1,1,0,0,1,1
1711,1.26E-01,0,1711,Not eroded,0,0,0,0,0,0,1,1,1,1,1
1712,2.19E-01,0,1712,Not eroded,0,1,0,0,0,0,1,1,1,1,1
1713,1.08E-01,4,1713,Not eroded,0,0,0,0,0,0,0,0,0,1,1
1714,3.26E-01,0,1714,ERODED,1,1,1,1,1,1,1,1,1,1,1
1715,2.77E-01,5,1715,Not eroded,0,1,1,1,1,1,0,0,0,0,1
1716,1.96E-01,5,1716,Not eroded,0,1,0,0,0,0,0,0,0,0,1
1717,2.04E-01,5,1717,Not eroded,0,1,0,0,0,0,0,0,0,0,1
1718,2.24E-01,0,1718,Not eroded,0,1,1,0,0,0,1,1,1,1,1
1719,9.30E-02,0,1719,Not eroded,0,0,0,0,0,0,1,1,1,1,1
1720,1.56E-01,5,1720,Not eroded,0,0,0,0,0,0,0,0,0,0,1
1721,1.03E-01,3,1721,Not eroded,0,0,0,0,0,0,1,0,0,1,1
1723,2.34E-01,0,1723,Not eroded,0,1,1,1,0,0,1,1,1,1,1
1724,5.65E-02,3,1724,Not eroded,0,0,0,0,0,0,1,0,0,1,1
1725,1.46E-01,5,1725,Not eroded,0,0,0,0,0,0,0,0,0,0,1
1726,9.14E-02,5,1726,Not eroded,0,0,0,0,0,0,0,0,0,0,1
1728,2.91E-01,0,1728,ERODED,1,1,1,1,1,1,1,1,1,1,1
1729,8.30E-02,4,1729,Not eroded,0,0,0,0,0,0,0,0,0,1,1
1730,1.07E-01,4,1730,Not eroded,0,0,0,0,0,0,0,0,0,1,1
1731,1.66E-01,4,1731,Not eroded,0,0,0,0,0,0,0,0,0,1,1
1732,6.59E-02,0,1732,Not eroded,0,0,0,0,0,0,1,1,1,1,1
1733,1.56E-01,5,1733,Not eroded,0,0,0,0,0,0,0,0,0,0,1
1734,1.84E-01,3,1734,Not eroded,0,0,0,0,0,0,1,0,0,1,1
1735,2.27E-01,2,1735,Not eroded,0,1,1,0,0,0,1,0,1,1,1
1736,2.79E-01,5,1736,Not eroded,0,1,1,1,1,1,0,0,0,0,1
1737,2.46E-01,4,1737,Not eroded,0,1,1,1,1,0,0,0,0,1,1
1738,2.81E-01,2,1738,ERODED,1,1,1,1,1,1,1,0,1,1,1
1739,8.16E-02,4,1739,Not eroded,0,0,0,0,0,0,0,0,0,1,1
1740,2.95E-01,0,1740,ERODED,1,1,1,1,1,1,1,1,1,1,1
1741,1.42E-01,4,1741,Not eroded,0,0,0,0,0,0,0,0,0,1,1
1742,2.48E-01,2,1742,Not eroded,0,1,1,1,1,0,1,0,1,1,1
1744,5.65E-02,4,1744,Not eroded,0,0,0,0,0,0,0,0,0,1,1
1745,9.20E-02,0,1745,Not eroded,0,0,0,0,0,0,1,1,1,1,1
1746,7.90E-02,0,1746,Not eroded,0,0,0,0,0,0,1,1,1,1,1
1747,1.76E-01,0,1747,Not eroded,0,0,0,0,0,0,1,1,1,1,1
1748,1.13E-01,4,1748,Not eroded,0,0,0,0,0,0,0,0,0,1,1
1749,2.39E-01,5,1749,Not eroded,0,1,1,1,0,0,0,0,0,0,1
1750,5.88E-02,5,1750,Not eroded,0,0,0,0,0,0,0,0,0,0,1
1751,1.27E-01,3,1751,Not eroded,0,0,0,0,0,0,1,0,0,1,1
1752,7.22E-02,4,1752,Not eroded,0,0,0,0,0,0,0,0,0,1,1
1753,1.47E-01,3,1753,Not eroded,0,0,0,0,0,0,1,0,0,1,1
1754,2.18E-01,0,1754,Not eroded,0,1,0,0,0,0,1,1,1,1,1
1755,1.01E-01,0,1755,Not eroded,0,0,0,0,0,0,1,1,1,1,1
1757,1.94E-01,0,1757,Not eroded,0,1,0,0,0,0,1,1,1,1,1
1758,2.34E-01,0,1758,Not eroded,0,1,1,1,0,0,1,1,1,1,1
1759,1.60E-01,6,1759,Not eroded,0,0,0,0,0,0,0,0,0,0,0
1761,1.54E-01,0,1761,Not eroded,0,0,0,0,0,0,1,1,1,1,1
1762,8.12E-02,5,1762,Not eroded,0,0,0,0,0,0,0,0,0,0,1
1763,1.98E-01,5,1763,Not eroded,0,1,0,0,0,0,0,0,0,0,1
1764,1.66E-01,0,1764,Not eroded,0,0,0,0,0,0,1,1,1,1,1
1765,2.62E-01,4,1765,Not eroded,0,1,1,1,1,1,0,0,0,1,1
1766,1.33E-01,3,1766,Not eroded,0,0,0,0,0,0,1,0,0,1,1
1767,1.37E-01,0,1767,Not eroded,0,0,0,0,0,0,1,1,1,1,1
1768,8.84E-02,3,1768,Not eroded,0,0,0,0,0,0,1,0,0,1,1
1769,1.31E-01,5,1769,Not eroded,0,0,0,0,0,0,0,0,0,0,1
1770,1.51E-01,0,1770,Not eroded,0,0,0,0,0,0,1,1,1,1,1
1771,2.89E-01,0,1771,Not eroded,0,1,1,1,1,1,1,1,1,1,1
1772,2.91E-01,4,1772,Not eroded,0,1,1,1,1,1,0,0,0,1,1
1774,2.89E-01,0,1774,ERODED,1,1,1,1,1,1,1,1,1,1,1
1775,2.49E-01,0,1775,Not eroded,0,1,1,1,1,0,1,1,1,1,1
1776,1.43E-01,4,1776,Not eroded,0,0,0,0,0,0,0,0,0,1,1
1777,2.31E-01,0,1777,Not eroded,0,1,1,1,0,0,1,1,1,1,1
1778,2.63E-01,4,1778,Not eroded,0,1,1,1,1,1,0,0,0,1,1
1779,2.94E-01,0,1779,ERODED,1,1,1,1,1,1,1,1,1,1,1
1781,2.89E-01,0,1781,ERODED,1,1,1,1,1,1,1,1,1,1,1
1783,2.64E-01,3,1783,Not eroded,0,1,1,1,1,1,1,0,0,1,1
1784,3.01E-01,0,1784,Not eroded,0,1,1,1,1,1,1,1,1,1,1
1785,1.25E-01,0,1785,Not eroded,0,0,0,0,0,0,1,1,1,1,1
1786,8.24E-02,0,1786,Not eroded,0,0,0,0,0,0,1,1,1,1,1
1787,2.05E-01,3,1787,Not eroded,0,1,0,0,0,0,1,0,0,1,1
1788,1.40E-01,4,1788,Not eroded,0,0,0,0,0,0,0,0,0,1,1
1789,2.97E-01,0,1789,ERODED,1,1,1,1,1,1,1,1,1,1,1
1790,2.66E-01,0,1790,Not eroded,0,1,1,1,1,1,1,1,1,1,1
1791,2.39E-01,0,1791,Not eroded,0,1,1,1,0,0,1,1,1,1,1
1792,1.31E-01,3,1792,Not eroded,0,0,0,0,0,0,1,0,0,1,1
1793,2.34E-01,0,1793,Not eroded,0,1,1,1,0,0,1,1,1,1,1
1796,5.67E-02,0,1796,Not eroded,0,0,0,0,0,0,1,1,1,1,1
1797,2.72E-01,5,1797,Not eroded,0,1,1,1,1,1,0,0,0,0,1
1798,9.25E-02,5,1798,Not eroded,0,0,0,0,0,0,0,0,0,0,1
1799,3.30E-01,0,1799,ERODED,1,1,1,1,1,1,1,1,1,1,1
1800,1.97E-01,0,1800,Not eroded,0,1,0,0,0,0,1,1,1,1,1
1801,2.28E-01,4,1801,Not eroded,0,1,1,0,0,0,0,0,0,1,1
1802,2.89E-01,0,1802,Not eroded,0,1,1,1,1,1,1,1,1,1,1
1803,2.14E-01,0,1803,Not eroded,0,1,0,0,0,0,1,1,1,1,1
1804,1.67E-01,4,1804,Not eroded,0,0,0,0,0,0,0,0,0,1,1
1805,3.18E-01,0,1805,ERODED,1,1,1,1,1,1,1,1,1,1,1
1806,5.65E-02,3,1806,Not eroded,0,0,0,0,0,0,1,0,0,1,1
1807,2.19E-01,4,1807,Not eroded,0,1,0,0,0,0,0,0,0,1,1
1808,1.33E-01,4,1808,Not eroded,0,0,0,0,0,0,0,0,0,1,1
1809,1.10E-01,4,1809,Not eroded,0,0,0,0,0,0,0,0,0,1,1
1810,2.01E-01,0,1810,Not eroded,0,1,0,0,0,0,1,1,1,1,1
1811,2.10E-01,4,1811,Not eroded,0,1,0,0,0,0,0,0,0,1,1
1812,2.75E-01,0,1812,ERODED,1,1,1,1,1,1,1,1,1,1,1
1813,2.51E-01,5,1813,Not eroded,0,1,1,1,1,1,0,0,0,0,1
1814,9.49E-02,0,1814,Not eroded,0,0,0,0,0,0,1,1,1,1,1
1815,2.27E-01,5,1815,Not eroded,0,1,1,0,0,0,0,0,0,0,1
1816,1.41E-01,4,1816,Not eroded,0,0,0,0,0,0,0,0,0,1,1
1817,2.90E-01,0,1817,Not eroded,0,1,1,1,1,1,1,1,1,1,1
1818,2.30E-01,0,1818,Not eroded,0,1,1,0,0,0,1,1,1,1,1
1819,2.96E-01,4,1819,Not eroded,0,1,1,1,1,1,0,0,0,1,1
1820,1.10E-01,4,1820,Not eroded,0,0,0,0,0,0,0,0,0,1,1
1821,5.65E-02,5,1821,Not eroded,0,0,0,0,0,0,0,0,0,0,1
1822,2.59E-01,0,1822,ERODED,1,1,1,1,1,1,1,1,1,1,1
1824,1.98E-01,0,1824,Not eroded,0,1,0,0,0,0,1,1,1,1,1
1825,6.87E-02,5,1825,Not eroded,0,0,0,0,0,0,0,0,0,0,1
1826,3.02E-01,0,1826,ERODED,1,1,1,1,1,1,1,1,1,1,1
1827,2.53E-01,2,1827,Not eroded,0,1,1,1,1,1,1,0,1,1,1
1828,3.11E-01,0,1828,ERODED,1,1,1,1,1,1,1,1,1,1,1
1829,3.27E-01,0,1829,ERODED,1,1,1,1,1,1,1,1,1,1,1
1830,5.65E-02,3,1830,Not eroded,0,0,0,0,0,0,1,0,0,1,1
1831,3.00E-01,0,1831,Not eroded,0,1,1,1,1,1,1,1,1,1,1
1832,1.04E-01,5,1832,Not eroded,0,0,0,0,0,0,0,0,0,0,1
1833,2.42E-01,6,1833,Not eroded,0,1,1,1,1,0,0,0,0,0,0
1834,1.68E-01,4,1834,Not eroded,0,0,0,0,0,0,0,0,0,1,1
1835,1.11E-01,4,1835,Not eroded,0,0,0,0,0,0,0,0,0,1,1
1836,3.08E-01,0,1836,ERODED,1,1,1,1,1,1,1,1,1,1,1
1838,2.86E-01,4,1838,Not eroded,0,1,1,1,1,1,0,0,0,1,1
1839,1.24E-01,3,1839,Not eroded,0,0,0,0,0,0,1,0,0,1,1
1840,1.09E-01,6,1840,Not eroded,0,0,0,0,0,0,0,0,0,0,0
1841,2.35E-01,5,1841,Not eroded,0,1,1,1,0,0,0,0,0,0,1
1842,1.12E-01,0,1842,Not eroded,0,0,0,0,0,0,1,1,1,1,1
1843,2.73E-01,4,1843,Not eroded,0,1,1,1,1,1,0,0,0,1,1
1847,5.65E-02,2,1847,Not eroded,0,0,0,0,0,0,1,0,1,1,1
1848,2.69E-01,0,1848,Not eroded,0,1,1,1,1,1,1,1,1,1,1
1851,1.63E-01,3,1851,Not eroded,0,0,0,0,0,0,1,0,0,1,1
1853,2.81E-01,3,1853,Not eroded,0,1,1,1,1,1,1,0,0,1,1
1854,1.76E-01,0,1854,Not eroded,0,0,0,0,0,0,1,1,1,1,1
1855,1.61E-01,7,1855,Not eroded,0,0,0,0,0,0,0,0,0,0,0
1857,9.46E-02,2,1857,Not eroded,0,0,0,0,0,0,1,0,1,1,1
1858,1.73E-01,0,1858,Not eroded,0,0,0,0,0,0,1,1,1,1,1
1859,7.00E-02,4,1859,Not eroded,0,0,0,0,0,0,0,0,0,1,1
1860,5.65E-02,3,1860,Not eroded,0,0,0,0,0,0,1,0,0,1,1
1861,1.66E-01,3,1861,Not eroded,0,0,0,0,0,0,1,0,0,1,1
1862,7.46E-02,3,1862,Not eroded,0,0,0,0,0,0,1,0,0,1,1
1863,2.36E-01,0,1863,Not eroded,0,1,1,1,0,0,1,1,1,1,1
1864,1.29E-01,4,1864,Not eroded,0,0,0,0,0,0,0,0,0,1,1
1865,1.08E-01,0,1865,Not eroded,0,0,0,0,0,0,1,1,1,1,1
1866,2.40E-01,0,1866,Not eroded,0,1,1,1,0,0,1,1,1,1,1
1867,1.66E-01,6,1867,Not eroded,0,0,0,0,0,0,0,0,0,0,0
1868,1.76E-01,2,1868,Not eroded,0,0,0,0,0,0,1,0,1,1,1
1869,1.22E-01,0,1869,Not eroded,0,0,0,0,0,0,1,1,1,1,1
1870,7.29E-02,5,1870,Not eroded,0,0,0,0,0,0,0,0,0,0,1
1871,5.77E-02,5,1871,Not eroded,0,0,0,0,0,0,0,0,0,0,1
1872,2.26E-01,2,1872,Not eroded,0,1,1,0,0,0,1,0,1,1,1
1873,1.49E-01,0,1873,Not eroded,0,0,0,0,0,0,1,1,1,1,1
1874,1.13E-01,2,1874,Not eroded,0,0,0,0,0,0,1,0,1,1,1
1875,3.12E-01,0,1875,ERODED,1,1,1,1,1,1,1,1,1,1,1
1876,2.52E-01,4,1876,Not eroded,0,1,1,1,1,1,0,0,0,1,1
1877,1.88E-01,4,1877,Not eroded,0,0,0,0,0,0,0,0,0,1,1
1878,1.96E-01,5,1878,Not eroded,0,1,0,0,0,0,0,0,0,0,1
1879,3.34E-01,0,1879,ERODED,1,1,1,1,1,1,1,1,1,1,1
1880,3.26E-01,0,1880,ERODED,1,1,1,1,1,1,1,1,1,1,1
1881,1.71E-01,5,1881,Not eroded,0,0,0,0,0,0,0,0,0,0,1
1882,8.37E-02,3,1882,Not eroded,0,0,0,0,0,0,1,0,0,1,1
1883,8.99E-02,6,1883,Not eroded,0,0,0,0,0,0,0,0,0,0,0
1885,1.13E-01,0,1885,Not eroded,0,0,0,0,0,0,1,1,1,1,1
1886,2.37E-01,4,1886,Not eroded,0,1,1,1,0,0,0,0,0,1,1
1887,2.32E-01,0,1887,Not eroded,0,1,1,1,0,0,1,1,1,1,1
1888,2.83E-01,6,1888,Not eroded,0,1,1,1,1,1,0,0,0,0,0
1889,2.75E-01,6,1889,Not eroded,0,1,1,1,1,1,0,0,0,0,0
1890,2.83E-01,0,1890,ERODED,1,1,1,1,1,1,1,1,1,1,1
1891,1.97E-01,5,1891,Not eroded,0,1,0,0,0,0,0,0,0,0,1
1892,2.26E-01,3,1892,Not eroded,0,1,1,0,0,0,1,0,0,1,1
1893,7.36E-02,4,1893,Not eroded,0,0,0,0,0,0,0,0,0,1,1
1894,1.86E-01,0,1894,Not eroded,0,0,0,0,0,0,1,1,1,1,1
1895,3.08E-01,0,1895,ERODED,1,1,1,1,1,1,1,1,1,1,1
1896,2.09E-01,2,1896,Not eroded,0,1,0,0,0,0,1,0,1,1,1
1898,2.50E-01,0,1898,ERODED,1,1,1,1,1,0,1,1,1,1,1
1899,2.18E-01,0,1899,Not eroded,0,1,0,0,0,0,1,1,1,1,1
1900,2.88E-01,4,1900,Not eroded,0,1,1,1,1,1,0,0,0,1,1
1901,2.83E-01,0,1901,ERODED,1,1,1,1,1,1,1,1,1,1,1
1902,2.54E-01,0,1902,Not eroded,0,1,1,1,1,1,1,1,1,1,1
1903,1.32E-01,4,1903,Not eroded,0,0,0,0,0,0,0,0,0,1,1
1904,1.39E-01,0,1904,Not eroded,0,0,0,0,0,0,1,1,1,1,1
1905,8.72E-02,6,1905,Not eroded,0,0,0,0,0,0,0,0,0,0,0
1906,1.08E-01,2,1906,Not eroded,0,0,0,0,0,0,1,0,1,1,1
1907,1.04E-01,4,1907,Not eroded,0,0,0,0,0,0,0,0,0,1,1
1908,6.59E-02,4,1908,Not eroded,0,0,0,0,0,0,0,0,0,1,1
1909,2.83E-01,6,1909,Not eroded,0,1,1,1,1,1,0,0,0,0,0
1910,8.55E-02,3,1910,Not eroded,0,0,0,0,0,0,1,0,0,1,1
1912,1.49E-01,4,1912,Not eroded,0,0,0,0,0,0,0,0,0,1,1
1913,2.55E-01,4,1913,Not eroded,0,1,1,1,1,1,0,0,0,1,1
1914,3.00E-01,2,1914,Not eroded,0,1,1,1,1,1,1,0,1,1,1
1915,2.53E-01,4,1915,Not eroded,0,1,1,1,1,1,0,0,0,1,1
1917,1.31E-01,0,1917,Not eroded,0,0,0,0,0,0,1,1,1,1,1
1918,1.94E-01,0,1918,Not eroded,0,1,0,0,0,0,1,1,1,1,1
1919,2.63E-01,6,1919,Not eroded,0,1,1,1,1,1,0,0,0,0,0
1920,2.21E-01,4,1920,Not eroded,0,1,1,0,0,0,0,0,0,1,1
1921,1.31E-01,3,1921,Not eroded,0,0,0,0,0,0,1,0,0,1,1
1922,2.96E-01,0,1922,Not eroded,0,1,1,1,1,1,1,1,1,1,1
1923,2.99E-01,0,1923,ERODED,1,1,1,1,1,1,1,1,1,1,1
1924,2.14E-01,4,1924,Not eroded,0,1,0,0,0,0,0,0,0,1,1
1925,2.98E-01,3,1925,Not eroded,0,1,1,1,1,1,1,0,0,1,1
1926,2.10E-01,4,1926,Not eroded,0,1,0,0,0,0,0,0,0,1,1
1927,2.07E-01,0,1927,Not eroded,0,1,0,0,0,0,1,1,1,1,1
1928,1.02E-01,6,1928,Not eroded,0,0,0,0,0,0,0,0,0,0,0
1929,1.29E-01,3,1929,Not eroded,0,0,0,0,0,0,1,0,0,1,1
1930,7.39E-02,3,1930,Not eroded,0,0,0,0,0,0,1,0,0,1,1
1931,8.10E-02,6,1931,Not eroded,0,0,0,0,0,0,0,0,0,0,0
1932,1.95E-01,3,1932,Not eroded,0,1,0,0,0,0,1,0,0,1,1
1933,2.43E-01,5,1933,Not eroded,0,1,1,1,1,0,0,0,0,0,1
1934,1.44E-01,4,1934,Not eroded,0,0,0,0,0,0,0,0,0,1,1
1935,1.42E-01,5,1935,Not eroded,0,0,0,0,0,0,0,0,0,0,1
1936,1.01E-01,5,1936,Not eroded,0,0,0,0,0,0,0,0,0,0,1
1937,2.95E-01,4,1937,Not eroded,0,1,1,1,1,1,0,0,0,1,1
1938,1.30E-01,4,1938,Not eroded,0,0,0,0,0,0,0,0,0,1,1
1939,2.00E-01,5,1939,Not eroded,0,1,0,0,0,0,0,0,0,0,1
1940,2.00E-01,0,1940,Not eroded,0,1,0,0,0,0,1,1,1,1,1
1942,1.43E-01,0,1942,Not eroded,0,0,0,0,0,0,1,1,1,1,1
1943,2.21E-01,3,1943,Not eroded,0,1,1,0,0,0,1,0,0,1,1
1944,3.16E-01,0,1944,ERODED,1,1,1,1,1,1,1,1,1,1,1
1945,9.65E-02,4,1945,Not eroded,0,0,0,0,0,0,0,0,0,1,1
1946,2.99E-01,3,1946,Not eroded,0,1,1,1,1,1,1,0,0,1,1
1947,9.04E-02,3,1947,Not eroded,0,0,0,0,0,0,1,0,0,1,1
1948,2.23E-01,6,1948,Not eroded,0,1,1,0,0,0,0,0,0,0,0
1949,3.07E-01,0,1949,ERODED,1,1,1,1,1,1,1,1,1,1,1
1950,2.97E-01,3,1950,Not eroded,0,1,1,1,1,1,1,0,0,1,1
1951,9.79E-02,4,1951,Not eroded,0,0,0,0,0,0,0,0,0,1,1
1952,6.53E-02,2,1952,Not eroded,0,0,0,0,0,0,1,0,1,1,1
1954,1.25E-01,2,1954,Not eroded,0,0,0,0,0,0,1,0,1,1,1
1955,3.06E-01,0,1955,ERODED,1,1,1,1,1,1,1,1,1,1,1
1956,1.90E-01,4,1956,Not eroded,0,0,0,0,0,0,0,0,0,1,1
1957,7.11E-02,4,1957,Not eroded,0,0,0,0,0,0,0,0,0,1,1
1958,2.54E-01,3,1958,Not eroded,0,1,1,1,1,1,1,0,0,1,1
1959,2.52E-01,0,1959,Not eroded,0,1,1,1,1,1,1,1,1,1,1
1960,1.30E-01,5,1960,Not eroded,0,0,0,0,0,0,0,0,0,0,1
1961,2.52E-01,5,1961,Not eroded,0,1,1,1,1,1,0,0,0,0,1
1962,2.23E-01,4,1962,Not eroded,0,1,1,0,0,0,0,0,0,1,1
1965,5.65E-02,4,1965,Not eroded,0,0,0,0,0,0,0,0,0,1,1
1966,2.08E-01,0,1966,Not eroded,0,1,0,0,0,0,1,1,1,1,1
1967,2.17E-01,0,1967,Not eroded,0,1,0,0,0,0,1,1,1,1,1
1968,5.65E-02,4,1968,Not eroded,0,0,0,0,0,0,0,0,0,1,1
1969,2.03E-01,3,1969,Not eroded,0,1,0,0,0,0,1,0,0,1,1
1970,2.09E-01,5,1970,Not eroded,0,1,0,0,0,0,0,0,0,0,1
1971,2.60E-01,0,1971,Not eroded,0,1,1,1,1,1,1,1,1,1,1
1972,2.93E-01,4,1972,Not eroded,0,1,1,1,1,1,0,0,0,1,1
1973,1.05E-01,0,1973,Not eroded,0,0,0,0,0,0,1,1,1,1,1
1974,1.02E-01,4,1974,Not eroded,0,0,0,0,0,0,0,0,0,1,1
1976,1.47E-01,4,1976,Not eroded,0,0,0,0,0,0,0,0,0,1,1
1977,2.44E-01,4,1977,Not eroded,0,1,1,1,1,0,0,0,0,1,1
1978,2.45E-01,5,1978,Not eroded,0,1,1,1,1,0,0,0,0,0,1
1979,7.89E-02,5,1979,Not eroded,0,0,0,0,0,0,0,0,0,0,1
1980,2.15E-01,4,1980,Not eroded,0,1,0,0,0,0,0,0,0,1,1
1982,2.22E-01,0,1982,Not eroded,0,1,1,0,0,0,1,1,1,1,1
1983,1.07E-01,4,1983,Not eroded,0,0,0,0,0,0,0,0,0,1,1
1984,2.19E-01,4,1984,Not eroded,0,1,0,0,0,0,0,0,0,1,1
1985,3.30E-01,0,1985,ERODED,1,1,1,1,1,1,1,1,1,1,1
1986,2.70E-01,3,1986,Not eroded,0,1,1,1,1,1,1,0,0,1,1
1987,7.03E-02,6,1987,Not eroded,0,0,0,0,0,0,0,0,0,0,0
1988,1.01E-01,0,1988,Not eroded,0,0,0,0,0,0,1,1,1,1,1
1990,2.17E-01,3,1990,Not eroded,0,1,0,0,0,0,1,0,0,1,1
1991,2.07E-01,3,1991,Not eroded,0,1,0,0,0,0,1,0,0,1,1
1992,5.65E-02,3,1992,Not eroded,0,0,0,0,0,0,1,0,0,1,1
1993,2.99E-01,2,1993,Not eroded,0,1,1,1,1,1,1,0,1,1,1
1994,9.35E-02,0,1994,Not eroded,0,0,0,0,0,0,1,1,1,1,1
1995,6.56E-02,3,1995,Not eroded,0,0,0,0,0,0,1,0,0,1,1
1996,9.36E-02,0,1996,Not eroded,0,0,0,0,0,0,1,1,1,1,1
1997,1.32E-01,5,1997,Not eroded,0,0,0,0,0,0,0,0,0,0,1
1998,2.53E-01,0,1998,Not eroded,0,1,1,1,1,1,1,1,1,1,1
1999,1.34E-01,5,1999,Not eroded,0,0,0,0,0,0,0,0,0,0,1
2000,1.21E-01,0,2000,Not eroded,0,0,0,0,0,0,1,1,1,1,1
2001,1.94E-01,0,2001,Not eroded,0,1,0,0,0,0,1,1,1,1,1
2002,2.97E-01,4,2002,Not eroded,0,1,1,1,1,1,0,0,0,1,1
2004,1.34E-01,0,2004,Not eroded,0,0,0,0,0,0,1,1,1,1,1
2005,2.12E-01,5,2005,Not eroded,0,1,0,0,0,0,0,0,0,0,1
2006,2.48E-01,0,2006,Not eroded,0,1,1,1,1,0,1,1,1,1,1
2007,1.07E-01,5,2007,Not eroded,0,0,0,0,0,0,0,0,0,0,1
2008,1.22E-01,0,2008,Not eroded,0,0,0,0,0,0,1,1,1,1,1
2009,2.88E-01,6,2009,Not eroded,0,1,1,1,1,1,0,0,0,0,0
2010,1.70E-01,6,2010,Not eroded,0,0,0,0,0,0,0,0,0,0,0
2011,1.06E-01,3,2011,Not eroded,0,0,0,0,0,0,1,0,0,1,1
2012,1.74E-01,4,2012,Not eroded,0,0,0,0,0,0,0,0,0,1,1
2013,2.08E-01,7,2013,Not eroded,0,1,0,0,0,0,0,0,0,0,0
2014,1.64E-01,4,2014,Not eroded,0,0,0,0,0,0,0,0,0,1,1
2016,2.63E-01,0,2016,Not eroded,0,1,1,1,1,1,1,1,1,1,1
2017,1.09E-01,0,2017,Not eroded,0,0,0,0,0,0,1,1,1,1,1
2018,1.74E-01,0,2018,Not eroded,0,0,0,0,0,0,1,1,1,1,1
2019,5.65E-02,3,2019,Not eroded,0,0,0,0,0,0,1,0,0,1,1
2020,1.99E-01,3,2020,Not eroded,0,1,0,0,0,0,1,0,0,1,1
2021,5.65E-02,4,2021,Not eroded,0,0,0,0,0,0,0,0,0,1,1
2023,1.78E-01,4,2023,Not eroded,0,0,0,0,0,0,0,0,0,1,1
2024,2.41E-01,4,2024,Not eroded,0,1,1,1,1,0,0,0,0,1,1
2025,5.66E-02,0,2025,Not eroded,0,0,0,0,0,0,1,1,1,1,1
2026,1.43E-01,6,2026,Not eroded,0,0,0,0,0,0,0,0,0,0,0
2027,1.36E-01,4,2027,Not eroded,0,0,0,0,0,0,0,0,0,1,1
2028,1.49E-01,5,2028,Not eroded,0,0,0,0,0,0,0,0,0,0,1
2029,3.16E-01,0,2029,ERODED,1,1,1,1,1,1,1,1,1,1,1
2030,2.85E-01,0,2030,Not eroded,0,1,1,1,1,1,1,1,1,1,1
2031,2.25E-01,5,2031,Not eroded,0,1,1,0,0,0,0,0,0,0,1
2032,1.54E-01,4,2032,Not eroded,0,0,0,0,0,0,0,0,0,1,1
2033,7.27E-02,4,2033,Not eroded,0,0,0,0,0,0,0,0,0,1,1
2034,2.45E-01,2,2034,Not eroded,0,1,1,1,1,0,1,0,1,1,1
2035,5.65E-02,4,2035,Not eroded,0,0,0,0,0,0,0,0,0,1,1
2036,2.08E-01,3,2036,Not eroded,0,1,0,0,0,0,1,0,0,1,1
2037,8.97E-02,4,2037,Not eroded,0,0,0,0,0,0,0,0,0,1,1
2038,1.32E-01,0,2038,Not eroded,0,0,0,0,0,0,1,1,1,1,1
2039,1.04E-01,5,2039,Not eroded,0,0,0,0,0,0,0,0,0,0,1
2040,2.30E-01,3,2040,Not eroded,0,1,1,0,0,0,1,0,0,1,1
2041,2.40E-01,4,2041,Not eroded,0,1,1,1,0,0,0,0,0,1,1
2042,2.61E-01,3,2042,Not eroded,0,1,1,1,1,1,1,0,0,1,1
2043,1.16E-01,0,2043,Not eroded,0,0,0,0,0,0,1,1,1,1,1
2044,1.79E-01,4,2044,Not eroded,0,0,0,0,0,0,0,0,0,1,1
2045,6.36E-02,4,2045,Not eroded,0,0,0,0,0,0,0,0,0,1,1
2046,5.65E-02,4,2046,Not eroded,0,0,0,0,0,0,0,0,0,1,1
2047,2.42E-01,0,2047,Not eroded,0,1,1,1,1,0,1,1,1,1,1
2048,1.85E-01,3,2048,Not eroded,0,0,0,0,0,0,1,0,0,1,1
2049,2.62E-01,4,2049,Not eroded,0,1,1,1,1,1,0,0,0,1,1
2050,1.12E-01,7,2050,Not eroded,0,0,0,0,0,0,0,0,0,0,0
2051,3.15E-01,0,2051,ERODED,1,1,1,1,1,1,1,1,1,1,1
2052,2.01E-01,0,2052,Not eroded,0,1,0,0,0,0,1,1,1,1,1
2054,1.15E-01,3,2054,Not eroded,0,0,0,0,0,0,1,0,0,1,1
2055,2.99E-01,3,2055,Not eroded,0,1,1,1,1,1,1,0,0,1,1
2056,2.41E-01,4,2056,Not eroded,0,1,1,1,1,0,0,0,0,1,1
2057,1.98E-01,0,2057,Not eroded,0,1,0,0,0,0,1,1,1,1,1
2058,3.06E-01,3,2058,Not eroded,0,1,1,1,1,1,1,0,0,1,1
2059,2.96E-01,0,2059,ERODED,1,1,1,1,1,1,1,1,1,1,1
2060,1.25E-01,5,2060,Not eroded,0,0,0,0,0,0,0,0,0,0,1
2061,1.20E-01,4,2061,Not eroded,0,0,0,0,0,0,0,0,0,1,1
2062,9.34E-02,3,2062,Not eroded,0,0,0,0,0,0,1,0,0,1,1
2063,6.21E-02,3,2063,Not eroded,0,0,0,0,0,0,1,0,0,1,1
2064,2.83E-01,3,2064,Not eroded,0,1,1,1,1,1,1,0,0,1,1
2065,9.92E-02,3,2065,Not eroded,0,0,0,0,0,0,1,0,0,1,1
2066,2.16E-01,3,2066,Not eroded,0,1,0,0,0,0,1,0,0,1,1
2067,2.91E-01,4,2067,Not eroded,0,1,1,1,1,1,0,0,0,1,1
2068,2.71E-01,4,2068,Not eroded,0,1,1,1,1,1,0,0,0,1,1
2069,5.66E-02,3,2069,Not eroded,0,0,0,0,0,0,1,0,0,1,1
2071,2.40E-01,0,2071,Not eroded,0,1,1,1,0,0,1,1,1,1,1
2072,2.10E-01,3,2072,Not eroded,0,1,0,0,0,0,1,0,0,1,1
2073,9.99E-02,6,2073,Not eroded,0,0,0,0,0,0,0,0,0,0,0
2075,1.49E-01,3,2075,Not eroded,0,0,0,0,0,0,1,0,0,1,1
2076,2.06E-01,0,2076,Not eroded,0,1,0,0,0,0,1,1,1,1,1
2077,1.42E-01,5,2077,Not eroded,0,0,0,0,0,0,0,0,0,0,1
2078,2.72E-01,0,2078,Not eroded,0,1,1,1,1,1,1,1,1,1,1
2079,1.12E-01,0,2079,Not eroded,0,0,0,0,0,0,1,1,1,1,1
2080,1.02E-01,3,2080,Not eroded,0,0,0,0,0,0,1,0,0,1,1
2081,2.37E-01,0,2081,Not eroded,0,1,1,1,0,0,1,1,1,1,1
2082,2.41E-01,4,2082,Not eroded,0,1,1,1,1,0,0,0,0,1,1
2083,2.75E-01,5,2083,Not eroded,0,1,1,1,1,1,0,0,0,0,1
2084,2.41E-01,3,2084,Not eroded,0,1,1,1,1,0,1,0,0,1,1
2085,2.30E-01,0,2085,Not eroded,0,1,1,0,0,0,1,1,1,1,1
2086,8.18E-02,5,2086,Not eroded,0,0,0,0,0,0,0,0,0,0,1
2087,1.24E-01,5,2087,Not eroded,0,0,0,0,0,0,0,0,0,0,1
2088,1.36E-01,5,2088,Not eroded,0,0,0,0,0,0,0,0,0,0,1
2089,1.01E-01,0,2089,Not eroded,0,0,0,0,0,0,1,1,1,1,1
2090,6.39E-02,5,2090,Not eroded,0,0,0,0,0,0,0,0,0,0,1
2091,2.70E-01,0,2091,ERODED,1,1,1,1,1,1,1,1,1,1,1
2092,1.59E-01,5,2092,Not eroded,0,0,0,0,0,0,0,0,0,0,1
2093,3.36E-01,0,2093,ERODED,1,1,1,1,1,1,1,1,1,1,1
2094,1.72E-01,0,2094,Not eroded,0,0,0,0,0,0,1,1,1,1,1
2095,2.78E-01,3,2095,Not eroded,0,1,1,1,1,1,1,0,0,1,1
2096,1.72E-01,2,2096,Not eroded,0,0,0,0,0,0,1,0,1,1,1
2097,1.45E-01,0,2097,Not eroded,0,0,0,0,0,0,1,1,1,1,1
2098,2.67E-01,0,2098,Not eroded,0,1,1,1,1,1,1,1,1,1,1
2099,2.03E-01,4,2099,Not eroded,0,1,0,0,0,0,0,0,0,1,1
2100,2.11E-01,0,2100,Not eroded,0,1,0,0,0,0,1,1,1,1,1
2101,6.46E-02,4,2101,Not eroded,0,0,0,0,0,0,0,0,0,1,1
2102,9.69E-02,4,2102,Not eroded,0,0,0,0,0,0,0,0,0,1,1
2103,2.30E-01,6,2103,Not eroded,0,1,1,0,0,0,0,0,0,0,0
2104,1.62E-01,4,2104,Not eroded,0,0,0,0,0,0,0,0,0,1,1
2105,2.10E-01,0,2105,Not eroded,0,1,0,0,0,0,1,1,1,1,1
2106,1.57E-01,0,2106,Not eroded,0,0,0,0,0,0,1,1,1,1,1
2107,3.30E-01,0,2107,ERODED,1,1,1,1,1,1,1,1,1,1,1
2108,2.12E-01,0,2108,Not eroded,0,1,0,0,0,0,1,1,1,1,1
2110,1.69E-01,4,2110,Not eroded,0,0,0,0,0,0,0,0,0,1,1
2111,1.65E-01,4,2111,Not eroded,0,0,0,0,0,0,0,0,0,1,1
2112,3.03E-01,4,2112,Not eroded,0,1,1,1,1,1,0,0,0,1,1
2113,6.62E-02,4,2113,Not eroded,0,0,0,0,0,0,0,0,0,1,1
2114,2.66E-01,0,2114,Not eroded,0,1,1,1,1,1,1,1,1,1,1
2115,2.90E-01,0,2115,Not eroded,0,1,1,1,1,1,1,1,1,1,1
2116,2.79E-01,3,2116,Not eroded,0,1,1,1,1,1,1,0,0,1,1
2117,3.06E-01,0,2117,Not eroded,0,1,1,1,1,1,1,1,1,1,1
2118,2.17E-01,4,2118,Not eroded,0,1,0,0,0,0,0,0,0,1,1
2119,1.96E-01,2,2119,Not eroded,0,1,0,0,0,0,1,0,1,1,1
2120,7.83E-02,4,2120,Not eroded,0,0,0,0,0,0,0,0,0,1,1
2121,5.66E-02,4,2121,Not eroded,0,0,0,0,0,0,0,0,0,1,1
2122,1.42E-01,4,2122,Not eroded,0,0,0,0,0,0,0,0,0,1,1
2123,1.02E-01,3,2123,Not eroded,0,0,0,0,0,0,1,0,0,1,1
2124,5.71E-02,3,2124,Not eroded,0,0,0,0,0,0,1,0,0,1,1
2125,2.97E-01,0,2125,ERODED,1,1,1,1,1,1,1,1,1,1,1
2126,9.21E-02,0,2126,Not eroded,0,0,0,0,0,0,1,1,1,1,1
2127,2.02E-01,0,2127,Not eroded,0,1,0,0,0,0,1,1,1,1,1
2129,3.00E-01,0,2129,ERODED,1,1,1,1,1,1,1,1,1,1,1
2130,5.65E-02,4,2130,Not eroded,0,0,0,0,0,0,0,0,0,1,1
2131,2.92E-01,4,2131,Not eroded,0,1,1,1,1,1,0,0,0,1,1
2134,1.43E-01,4,2134,Not eroded,0,0,0,0,0,0,0,0,0,1,1
2135,1.37E-01,0,2135,Not eroded,0,0,0,0,0,0,1,1,1,1,1
2136,1.41E-01,0,2136,Not eroded,0,0,0,0,0,0,1,1,1,1,1
2137,3.03E-01,0,2137,ERODED,1,1,1,1,1,1,1,1,1,1,1
2138,1.15E-01,3,2138,Not eroded,0,0,0,0,0,0,1,0,0,1,1
2142,2.45E-01,0,2142,Not eroded,0,1,1,1,1,0,1,1,1,1,1
2144,1.87E-01,0,2144,Not eroded,0,0,0,0,0,0,1,1,1,1,1
2145,1.03E-01,5,2145,Not eroded,0,0,0,0,0,0,0,0,0,0,1
2146,9.64E-02,5,2146,Not eroded,0,0,0,0,0,0,0,0,0,0,1
2147,1.70E-01,0,2147,Not eroded,0,0,0,0,0,0,1,1,1,1,1
2148,1.72E-01,4,2148,Not eroded,0,0,0,0,0,0,0,0,0,1,1
2149,1.93E-01,6,2149,Not eroded,0,1,0,0,0,0,0,0,0,0,0
2150,1.32E-01,5,2150,Not eroded,0,0,0,0,0,0,0,0,0,0,1
2151,2.55E-01,0,2151,Not eroded,0,1,1,1,1,1,1,1,1,1,1
2152,5.67E-02,0,2152,Not eroded,0,0,0,0,0,0,1,1,1,1,1
2153,5.65E-02,3,2153,Not eroded,0,0,0,0,0,0,1,0,0,1,1
2154,2.62E-01,4,2154,Not eroded,0,1,1,1,1,1,0,0,0,1,1
2155,5.86E-02,4,2155,Not eroded,0,0,0,0,0,0,0,0,0,1,1
2156,1.81E-01,5,2156,Not eroded,0,0,0,0,0,0,0,0,0,0,1
2157,2.51E-01,5,2157,Not eroded,0,1,1,1,1,1,0,0,0,0,1
2158,9.62E-02,5,2158,Not eroded,0,0,0,0,0,0,0,0,0,0,1
2159,2.19E-01,4,2159,Not eroded,0,1,0,0,0,0,0,0,0,1,1
2160,2.47E-01,4,2160,Not eroded,0,1,1,1,1,0,0,0,0,1,1
2161,9.93E-02,4,2161,Not eroded,0,0,0,0,0,0,0,0,0,1,1
2163,2.02E-01,0,2163,Not eroded,0,1,0,0,0,0,1,1,1,1,1
2165,1.01E-01,0,2165,Not eroded,0,0,0,0,0,0,1,1,1,1,1
2166,2.47E-01,0,2166,Not eroded,0,1,1,1,1,0,1,1,1,1,1
2167,1.27E-01,5,2167,Not eroded,0,0,0,0,0,0,0,0,0,0,1
2168,2.79E-01,0,2168,ERODED,1,1,1,1,1,1,1,1,1,1,1
2169,1.39E-01,4,2169,Not eroded,0,0,0,0,0,0,0,0,0,1,1
2170,2.08E-01,0,2170,Not eroded,0,1,0,0,0,0,1,1,1,1,1
2171,2.91E-01,3,2171,Not eroded,0,1,1,1,1,1,1,0,0,1,1
2172,9.41E-02,0,2172,Not eroded,0,0,0,0,0,0,1,1,1,1,1
2173,1.60E-01,0,2173,Not eroded,0,0,0,0,0,0,1,1,1,1,1
2174,2.31E-01,3,2174,Not eroded,0,1,1,1,0,0,1,0,0,1,1
2175,1.49E-01,5,2175,Not eroded,0,0,0,0,0,0,0,0,0,0,1
2176,2.04E-01,0,2176,Not eroded,0,1,0,0,0,0,1,1,1,1,1
2177,3.09E-01,2,2177,Not eroded,0,1,1,1,1,1,1,0,1,1,1
2178,8.09E-02,4,2178,Not eroded,0,0,0,0,0,0,0,0,0,1,1
2179,1.92E-01,6,2179,Not eroded,0,1,0,0,0,0,0,0,0,0,0
2181,3.30E-01,0,2181,ERODED,1,1,1,1,1,1,1,1,1,1,1
2182,9.24E-02,4,2182,Not eroded,0,0,0,0,0,0,0,0,0,1,1
2183,6.48E-02,4,2183,Not eroded,0,0,0,0,0,0,0,0,0,1,1
2184,3.01E-01,0,2184,ERODED,1,1,1,1,1,1,1,1,1,1,1
2185,2.61E-01,3,2185,Not eroded,0,1,1,1,1,1,1,0,0,1,1
2186,2.77E-01,4,2186,Not eroded,0,1,1,1,1,1,0,0,0,1,1
2187,2.31E-01,3,2187,Not eroded,0,1,1,1,0,0,1,0,0,1,1
2188,6.72E-02,5,2188,Not eroded,0,0,0,0,0,0,0,0,0,0,1
2189,1.99E-01,5,2189,Not eroded,0,1,0,0,0,0,0,0,0,0,1
2191,2.06E-01,3,2191,Not eroded,0,1,0,0,0,0,1,0,0,1,1
2193,3.15E-01,0,2193,ERODED,1,1,1,1,1,1,1,1,1,1,1
2194,2.53E-01,2,2194,Not eroded,0,1,1,1,1,1,1,0,1,1,1
2195,5.66E-02,0,2195,Not eroded,0,0,0,0,0,0,1,1,1,1,1
2196,5.65E-02,4,2196,Not eroded,0,0,0,0,0,0,0,0,0,1,1
2197,2.80E-01,5,2197,Not eroded,0,1,1,1,1,1,0,0,0,0,1
2198,1.97E-01,4,2198,Not eroded,0,1,0,0,0,0,0,0,0,1,1
2199,1.80E-01,5,2199,Not eroded,0,0,0,0,0,0,0,0,0,0,1
2200,2.58E-01,0,2200,Not eroded,0,1,1,1,1,1,1,1,1,1,1
2201,1.48E-01,5,2201,Not eroded,0,0,0,0,0,0,0,0,0,0,1
2202,2.28E-01,5,2202,Not eroded,0,1,1,0,0,0,0,0,0,0,1
2205,3.09E-01,0,2205,ERODED,1,1,1,1,1,1,1,1,1,1,1
2206,6.65E-02,5,2206,Not eroded,0,0,0,0,0,0,0,0,0,0,1
2207,2.45E-01,0,2207,Not eroded,0,1,1,1,1,0,1,1,1,1,1
2208,2.15E-01,0,2208,Not eroded,0,1,0,0,0,0,1,1,1,1,1
2209,2.49E-01,4,2209,Not eroded,0,1,1,1,1,0,0,0,0,1,1
2210,2.59E-01,0,2210,Not eroded,0,1,1,1,1,1,1,1,1,1,1
2211,3.05E-01,3,2211,ERODED,1,1,1,1,1,1,1,0,0,1,1
2212,3.19E-01,0,2212,ERODED,1,1,1,1,1,1,1,1,1,1,1
2213,2.31E-01,0,2213,Not eroded,0,1,1,1,0,0,1,1,1,1,1
2214,2.58E-01,2,2214,Not eroded,0,1,1,1,1,1,1,0,1,1,1
2215,1.33E-01,0,2215,Not eroded,0,0,0,0,0,0,1,1,1,1,1
2216,2.70E-01,3,2216,Not eroded,0,1,1,1,1,1,1,0,0,1,1
2217,1.62E-01,3,2217,Not eroded,0,0,0,0,0,0,1,0,0,1,1
2218,6.47E-02,3,2218,Not eroded,0,0,0,0,0,0,1,0,0,1,1
2219,2.81E-01,0,2219,Not eroded,0,1,1,1,1,1,1,1,1,1,1
2220,3.24E-01,0,2220,ERODED,1,1,1,1,1,1,1,1,1,1,1
2221,2.17E-01,0,2221,Not eroded,0,1,0,0,0,0,1,1,1,1,1
2222,1.42E-01,7,2222,Not eroded,0,0,0,0,0,0,0,0,0,0,0
2223,1.55E-01,6,2223,Not eroded,0,0,0,0,0,0,0,0,0,0,0
2224,2.07E-01,4,2224,Not eroded,0,1,0,0,0,0,0,0,0,1,1
2226,1.01E-01,0,2226,Not eroded,0,0,0,0,0,0,1,1,1,1,1
2227,2.25E-01,0,2227,Not eroded,0,1,1,0,0,0,1,1,1,1,1
2229,1.71E-01,0,2229,Not eroded,0,0,0,0,0,0,1,1,1,1,1
2230,1.51E-01,6,2230,Not eroded,0,0,0,0,0,0,0,0,0,0,0
2231,2.82E-01,0,2231,Not eroded,0,1,1,1,1,1,1,1,1,1,1
2232,2.64E-01,3,2232,Not eroded,0,1,1,1,1,1,1,0,0,1,1
2233,1.85E-01,0,2233,Not eroded,0,0,0,0,0,0,1,1,1,1,1
2234,2.55E-01,3,2234,Not eroded,0,1,1,1,1,1,1,0,0,1,1
2235,1.69E-01,0,2235,Not eroded,0,0,0,0,0,0,1,1,1,1,1
2236,2.02E-01,4,2236,Not eroded,0,1,0,0,0,0,0,0,0,1,1
2239,2.68E-01,4,2239,Not eroded,0,1,1,1,1,1,0,0,0,1,1
2240,1.19E-01,3,2240,Not eroded,0,0,0,0,0,0,1,0,0,1,1
2241,2.54E-01,3,2241,Not eroded,0,1,1,1,1,1,1,0,0,1,1
2243,2.93E-01,0,2243,ERODED,1,1,1,1,1,1,1,1,1,1,1
2244,3.26E-01,0,2244,ERODED,1,1,1,1,1,1,1,1,1,1,1
2245,2.23E-01,0,2245,Not eroded,0,1,1,0,0,0,1,1,1,1,1
2246,2.45E-01,3,2246,Not eroded,0,1,1,1,1,0,1,0,0,1,1
2247,1.55E-01,0,2247,Not eroded,0,0,0,0,0,0,1,1,1,1,1
2248,9.82E-02,4,2248,Not eroded,0,0,0,0,0,0,0,0,0,1,1
2250,3.21E-01,0,2250,ERODED,1,1,1,1,1,1,1,1,1,1,1
2251,1.19E-01,4,2251,Not eroded,0,0,0,0,0,0,0,0,0,1,1
2252,1.86E-01,4,2252,Not eroded,0,0,0,0,0,0,0,0,0,1,1
2253,1.79E-01,3,2253,Not eroded,0,0,0,0,0,0,1,0,0,1,1
2254,2.18E-01,6,2254,Not eroded,0,1,0,0,0,0,0,0,0,0,0
2255,2.44E-01,3,2255,Not eroded,0,1,1,1,1,0,1,0,0,1,1
2256,5.65E-02,3,2256,Not eroded,0,0,0,0,0,0,1,0,0,1,1
2257,6.65E-02,4,2257,Not eroded,0,0,0,0,0,0,0,0,0,1,1
2258,6.60E-02,4,2258,Not eroded,0,0,0,0,0,0,0,0,0,1,1
2259,3.06E-01,0,2259,ERODED,1,1,1,1,1,1,1,1,1,1,1
2260,1.32E-01,6,2260,Not eroded,0,0,0,0,0,0,0,0,0,0,0
2261,3.22E-01,0,2261,ERODED,1,1,1,1,1,1,1,1,1,1,1
2264,7.08E-02,2,2264,Not eroded,0,0,0,0,0,0,1,0,1,1,1
2265,1.74E-01,0,2265,Not eroded,0,0,0,0,0,0,1,1,1,1,1
2266,2.85E-01,5,2266,Not eroded,0,1,1,1,1,1,0,0,0,0,1
2267,1.84E-01,0,2267,Not eroded,0,0,0,0,0,0,1,1,1,1,1
2268,2.49E-01,7,2268,Not eroded,0,1,1,1,1,0,0,0,0,0,0
2269,2.20E-01,0,2269,Not eroded,0,1,0,0,0,0,1,1,1,1,1
2270,1.62E-01,0,2270,Not eroded,0,0,0,0,0,0,1,1,1,1,1
2272,1.66E-01,0,2272,Not eroded,0,0,0,0,0,0,1,1,1,1,1
2273,1.50E-01,5,2273,Not eroded,0,0,0,0,0,0,0,0,0,0,1
2274,7.32E-02,5,2274,Not eroded,0,0,0,0,0,0,0,0,0,0,1
2276,1.61E-01,6,2276,Not eroded,0,0,0,0,0,0,0,0,0,0,0
2277,2.68E-01,0,2277,Not eroded,0,1,1,1,1,1,1,1,1,1,1
2278,9.15E-02,4,2278,Not eroded,0,0,0,0,0,0,0,0,0,1,1
2279,1.99E-01,4,2279,Not eroded,0,1,0,0,0,0,0,0,0,1,1
2280,3.14E-01,0,2280,ERODED,1,1,1,1,1,1,1,1,1,1,1
2281,2.60E-01,5,2281,Not eroded,0,1,1,1,1,1,0,0,0,0,1
2282,2.17E-01,2,2282,Not eroded,0,1,0,0,0,0,1,0,1,1,1
2283,2.81E-01,0,2283,ERODED,1,1,1,1,1,1,1,1,1,1,1
2285,2.92E-01,3,2285,Not eroded,0,1,1,1,1,1,1,0,0,1,1
2286,1.77E-01,4,2286,Not eroded,0,0,0,0,0,0,0,0,0,1,1
2287,6.98E-02,3,2287,Not eroded,0,0,0,0,0,0,1,0,0,1,1
2288,9.89E-02,4,2288,Not eroded,0,0,0,0,0,0,0,0,0,1,1
2289,1.81E-01,0,2289,Not eroded,0,0,0,0,0,0,1,1,1,1,1
2290,1.21E-01,3,2290,Not eroded,0,0,0,0,0,0,1,0,0,1,1
2291,1.76E-01,5,2291,Not eroded,0,0,0,0,0,0,0,0,0,0,1
2292,6.78E-02,0,2292,Not eroded,0,0,0,0,0,0,1,1,1,1,1
2294,2.41E-01,0,2294,Not eroded,0,1,1,1,1,0,1,1,1,1,1
2295,7.36E-02,2,2295,Not eroded,0,0,0,0,0,0,1,0,1,1,1
2298,2.36E-01,0,2298,Not eroded,0,1,1,1,0,0,1,1,1,1,1
2299,1.84E-01,3,2299,Not eroded,0,0,0,0,0,0,1,0,0,1,1
2301,1.73E-01,4,2301,Not eroded,0,0,0,0,0,0,0,0,0,1,1
2302,1.38E-01,0,2302,Not eroded,0,0,0,0,0,0,1,1,1,1,1
2303,1.19E-01,4,2303,Not eroded,0,0,0,0,0,0,0,0,0,1,1
2304,8.48E-02,4,2304,Not eroded,0,0,0,0,0,0,0,0,0,1,1
2305,5.64E-02,4,2305,Not eroded,0,0,0,0,0,0,0,0,0,1,1
2306,2.59E-01,3,2306,Not eroded,0,1,1,1,1,1,1,0,0,1,1
2307,1.13E-01,4,2307,Not eroded,0,0,0,0,0,0,0,0,0,1,1
2308,5.66E-02,3,2308,Not eroded,0,0,0,0,0,0,1,0,0,1,1
2309,2.91E-01,0,2309,ERODED,1,1,1,1,1,1,1,1,1,1,1
2310,1.66E-01,3,2310,Not eroded,0,0,0,0,0,0,1,0,0,1,1
2311,3.08E-01,4,2311,Not eroded,0,1,1,1,1,1,0,0,0,1,1
2312,2.57E-01,3,2312,Not eroded,0,1,1,1,1,1,1,0,0,1,1
2313,8.90E-02,0,2313,Not eroded,0,0,0,0,0,0,1,1,1,1,1
2314,1.69E-01,7,2314,Not eroded,0,0,0,0,0,0,0,0,0,0,0
2315,2.32E-01,0,2315,Not eroded,0,1,1,1,0,0,1,1,1,1,1
2316,2.14E-01,4,2316,Not eroded,0,1,0,0,0,0,0,0,0,1,1
2317,1.67E-01,0,2317,Not eroded,0,0,0,0,0,0,1,1,1,1,1
2319,1.14E-01,0,2319,Not eroded,0,0,0,0,0,0,1,1,1,1,1
2320,1.10E-01,3,2320,Not eroded,0,0,0,0,0,0,1,0,0,1,1
2321,1.40E-01,5,2321,Not eroded,0,0,0,0,0,0,0,0,0,0,1
2322,1.24E-01,0,2322,Not eroded,0,0,0,0,0,0,1,1,1,1,1
2323,8.35E-02,4,2323,Not eroded,0,0,0,0,0,0,0,0,0,1,1
2324,2.75E-01,3,2324,Not eroded,0,1,1,1,1,1,1,0,0,1,1
2325,2.66E-01,4,2325,Not eroded,0,1,1,1,1,1,0,0,0,1,1
2326,2.66E-01,4,2326,Not eroded,0,1,1,1,1,1,0,0,0,1,1
2327,2.85E-01,0,2327,Not eroded,0,1,1,1,1,1,1,1,1,1,1
2328,1.54E-01,5,2328,Not eroded,0,0,0,0,0,0,0,0,0,0,1
2329,1.06E-01,4,2329,Not eroded,0,0,0,0,0,0,0,0,0,1,1
2330,2.05E-01,6,2330,Not eroded,0,1,0,0,0,0,0,0,0,0,0
2332,1.76E-01,4,2332,Not eroded,0,0,0,0,0,0,0,0,0,1,1
2333,2.81E-01,7,2333,Not eroded,0,1,1,1,1,1,0,0,0,0,0
2334,9.58E-02,0,2334,Not eroded,0,0,0,0,0,0,1,1,1,1,1
2335,2.10E-01,5,2335,Not eroded,0,1,0,0,0,0,0,0,0,0,1
2336,1.73E-01,5,2336,Not eroded,0,0,0,0,0,0,0,0,0,0,1
2337,2.36E-01,0,2337,Not eroded,0,1,1,1,0,0,1,1,1,1,1
2338,1.10E-01,4,2338,Not eroded,0,0,0,0,0,0,0,0,0,1,1
2339,2.49E-01,0,2339,ERODED,1,1,1,1,1,0,1,1,1,1,1
2340,2.19E-01,5,2340,Not eroded,0,1,0,0,0,0,0,0,0,0,1
2341,1.55E-01,0,2341,Not eroded,0,0,0,0,0,0,1,1,1,1,1
2343,5.65E-02,3,2343,Not eroded,0,0,0,0,0,0,1,0,0,1,1
2344,1.81E-01,5,2344,Not eroded,0,0,0,0,0,0,0,0,0,0,1
2345,1.11E-01,0,2345,Not eroded,0,0,0,0,0,0,1,1,1,1,1
2346,1.22E-01,0,2346,Not eroded,0,0,0,0,0,0,1,1,1,1,1
2347,3.25E-01,0,2347,ERODED,1,1,1,1,1,1,1,1,1,1,1
2348,1.62E-01,3,2348,Not eroded,0,0,0,0,0,0,1,0,0,1,1
2349,2.55E-01,0,2349,Not eroded,0,1,1,1,1,1,1,1,1,1,1
2350,2.00E-01,4,2350,Not eroded,0,1,0,0,0,0,0,0,0,1,1
2351,2.80E-01,5,2351,Not eroded,0,1,1,1,1,1,0,0,0,0,1
2352,2.07E-01,4,2352,Not eroded,0,1,0,0,0,0,0,0,0,1,1
2354,2.42E-01,0,2354,Not eroded,0,1,1,1,1,0,1,1,1,1,1
2355,2.76E-01,0,2355,Not eroded,0,1,1,1,1,1,1,1,1,1,1
2356,5.65E-02,5,2356,Not eroded,0,0,0,0,0,0,0,0,0,0,1
2357,5.65E-02,4,2357,Not eroded,0,0,0,0,0,0,0,0,0,1,1
2358,9.25E-02,5,2358,Not eroded,0,0,0,0,0,0,0,0,0,0,1
2359,2.93E-01,4,2359,Not eroded,0,1,1,1,1,1,0,0,0,1,1
2360,2.09E-01,3,2360,Not eroded,0,1,0,0,0,0,1,0,0,1,1
2361,1.27E-01,4,2361,Not eroded,0,0,0,0,0,0,0,0,0,1,1
2362,1.41E-01,6,2362,Not eroded,0,0,0,0,0,0,0,0,0,0,0
2363,2.83E-01,0,2363,ERODED,1,1,1,1,1,1,1,1,1,1,1
2364,1.90E-01,5,2364,Not eroded,0,0,0,0,0,0,0,0,0,0,1
2365,1.68E-01,3,2365,Not eroded,0,0,0,0,0,0,1,0,0,1,1
2366,7.66E-02,0,2366,Not eroded,0,0,0,0,0,0,1,1,1,1,1
2367,1.19E-01,0,2367,Not eroded,0,0,0,0,0,0,1,1,1,1,1
2368,2.54E-01,3,2368,Not eroded,0,1,1,1,1,1,1,0,0,1,1
2369,2.86E-01,5,2369,Not eroded,0,1,1,1,1,1,0,0,0,0,1
2370,8.49E-02,4,2370,Not eroded,0,0,0,0,0,0,0,0,0,1,1
2371,2.88E-01,4,2371,ERODED,1,1,1,1,1,1,0,0,0,1,1
2372,2.89E-01,0,2372,ERODED,1,1,1,1,1,1,1,1,1,1,1
2373,1.55E-01,2,2373,Not eroded,0,0,0,0,0,0,1,0,1,1,1
2374,2.07E-01,2,2374,Not eroded,0,1,0,0,0,0,1,0,1,1,1
2375,1.59E-01,4,2375,Not eroded,0,0,0,0,0,0,0,0,0,1,1
2376,7.26E-02,4,2376,Not eroded,0,0,0,0,0,0,0,0,0,1,1
2379,2.35E-01,2,2379,Not eroded,0,1,1,1,0,0,1,0,1,1,1
2380,1.00E-01,5,2380,Not eroded,0,0,0,0,0,0,0,0,0,0,1
2381,6.71E-02,5,2381,Not eroded,0,0,0,0,0,0,0,0,0,0,1
2382,1.51E-01,4,2382,Not eroded,0,0,0,0,0,0,0,0,0,1,1
2383,1.88E-01,5,2383,Not eroded,0,0,0,0,0,0,0,0,0,0,1
2384,1.74E-01,5,2384,Not eroded,0,0,0,0,0,0,0,0,0,0,1
2385,1.48E-01,0,2385,Not eroded,0,0,0,0,0,0,1,1,1,1,1
2386,2.76E-01,0,2386,ERODED,1,1,1,1,1,1,1,1,1,1,1
2387,1.53E-01,3,2387,Not eroded,0,0,0,0,0,0,1,0,0,1,1
2388,1.27E-01,3,2388,Not eroded,0,0,0,0,0,0,1,0,0,1,1
2389,9.08E-02,5,2389,Not eroded,0,0,0,0,0,0,0,0,0,0,1
2390,3.27E-01,0,2390,ERODED,1,1,1,1,1,1,1,1,1,1,1
2391,1.76E-01,0,2391,Not eroded,0,0,0,0,0,0,1,1,1,1,1
2392,2.45E-01,3,2392,Not eroded,0,1,1,1,1,0,1,0,0,1,1
2393,9.39E-02,3,2393,Not eroded,0,0,0,0,0,0,1,0,0,1,1
2394,1.42E-01,5,2394,Not eroded,0,0,0,0,0,0,0,0,0,0,1
2395,2.05E-01,0,2395,Not eroded,0,1,0,0,0,0,1,1,1,1,1
2396,3.24E-01,0,2396,ERODED,1,1,1,1,1,1,1,1,1,1,1
2397,1.74E-01,5,2397,Not eroded,0,0,0,0,0,0,0,0,0,0,1
2398,6.71E-02,0,2398,Not eroded,0,0,0,0,0,0,1,1,1,1,1
2399,2.21E-01,4,2399,Not eroded,0,1,1,0,0,0,0,0,0,1,1
2400,9.07E-02,5,2400,Not eroded,0,0,0,0,0,0,0,0,0,0,1
2401,1.87E-01,5,2401,Not eroded,0,0,0,0,0,0,0,0,0,0,1
2402,2.13E-01,0,2402,Not eroded,0,1,0,0,0,0,1,1,1,1,1
2403,2.49E-01,5,2403,Not eroded,0,1,1,1,1,0,0,0,0,0,1
2404,1.75E-01,4,2404,Not eroded,0,0,0,0,0,0,0,0,0,1,1
2405,9.17E-02,0,2405,Not eroded,0,0,0,0,0,0,1,1,1,1,1
2406,1.50E-01,3,2406,Not eroded,0,0,0,0,0,0,1,0,0,1,1
2407,6.09E-02,4,2407,Not eroded,0,0,0,0,0,0,0,0,0,1,1
2408,1.15E-01,0,2408,Not eroded,0,0,0,0,0,0,1,1,1,1,1
2409,1.75E-01,3,2409,Not eroded,0,0,0,0,0,0,1,0,0,1,1
2410,1.88E-01,4,2410,Not eroded,0,0,0,0,0,0,0,0,0,1,1
2412,2.19E-01,5,2412,Not eroded,0,1,0,0,0,0,0,0,0,0,1
2413,1.70E-01,4,2413,Not eroded,0,0,0,0,0,0,0,0,0,1,1
2414,1.36E-01,2,2414,Not eroded,0,0,0,0,0,0,1,0,1,1,1
2415,2.16E-01,5,2415,Not eroded,0,1,0,0,0,0,0,0,0,0,1
2416,2.22E-01,4,2416,Not eroded,0,1,1,0,0,0,0,0,0,1,1
2417,6.56E-02,5,2417,Not eroded,0,0,0,0,0,0,0,0,0,0,1
2418,1.34E-01,4,2418,Not eroded,0,0,0,0,0,0,0,0,0,1,1
2419,1.67E-01,0,2419,Not eroded,0,0,0,0,0,0,1,1,1,1,1
2420,2.13E-01,5,2420,Not eroded,0,1,0,0,0,0,0,0,0,0,1
2421,2.18E-01,3,2421,Not eroded,0,1,0,0,0,0,1,0,0,1,1
2422,9.22E-02,0,2422,Not eroded,0,0,0,0,0,0,1,1,1,1,1
2423,2.16E-01,3,2423,Not eroded,0,1,0,0,0,0,1,0,0,1,1
2424,2.93E-01,0,2424,Not eroded,0,1,1,1,1,1,1,1,1,1,1
2425,7.23E-02,6,2425,Not eroded,0,0,0,0,0,0,0,0,0,0,0
2426,1.28E-01,4,2426,Not eroded,0,0,0,0,0,0,0,0,0,1,1
2428,2.26E-01,0,2428,Not eroded,0,1,1,0,0,0,1,1,1,1,1
2429,1.84E-01,3,2429,Not eroded,0,0,0,0,0,0,1,0,0,1,1
2430,2.01E-01,3,2430,Not eroded,0,1,0,0,0,0,1,0,0,1,1
2431,3.10E-01,0,2431,ERODED,1,1,1,1,1,1,1,1,1,1,1
2432,2.69E-01,0,2432,Not eroded,0,1,1,1,1,1,1,1,1,1,1
2435,1.47E-01,5,2435,Not eroded,0,0,0,0,0,0,0,0,0,0,1
2436,2.84E-01,4,2436,Not eroded,0,1,1,1,1,1,0,0,0,1,1
2437,2.12E-01,0,2437,Not eroded,0,1,0,0,0,0,1,1,1,1,1
2438,2.29E-01,0,2438,Not eroded,0,1,1,0,0,0,1,1,1,1,1
2439,1.00E-01,2,2439,Not eroded,0,0,0,0,0,0,1,0,1,1,1
2440,1.35E-01,4,2440,Not eroded,0,0,0,0,0,0,0,0,0,1,1
2442,2.17E-01,4,2442,Not eroded,0,1,0,0,0,0,0,0,0,1,1
2443,2.33E-01,0,2443,Not eroded,0,1,1,1,0,0,1,1,1,1,1
2444,3.25E-01,0,2444,ERODED,1,1,1,1,1,1,1,1,1,1,1
2445,2.20E-01,4,2445,Not eroded,0,1,0,0,0,0,0,0,0,1,1
2446,1.74E-01,0,2446,Not eroded,0,0,0,0,0,0,1,1,1,1,1
2447,2.11E-01,2,2447,Not eroded,0,1,0,0,0,0,1,0,1,1,1
2448,1.18E-01,5,2448,Not eroded,0,0,0,0,0,0,0,0,0,0,1
2449,3.06E-01,0,2449,ERODED,1,1,1,1,1,1,1,1,1,1,1
2450,2.89E-01,5,2450,Not eroded,0,1,1,1,1,1,0,0,0,0,1
2451,5.65E-02,3,2451,Not eroded,0,0,0,0,0,0,1,0,0,1,1
2452,5.66E-02,0,2452,Not eroded,0,0,0,0,0,0,1,1,1,1,1
2453,2.55E-01,0,2453,Not eroded,0,1,1,1,1,1,1,1,1,1,1
2454,2.80E-01,3,2454,Not eroded,0,1,1,1,1,1,1,0,0,1,1
2455,2.52E-01,5,2455,Not eroded,0,1,1,1,1,1,0,0,0,0,1
2459,1.32E-01,3,2459,Not eroded,0,0,0,0,0,0,1,0,0,1,1
2460,3.06E-01,0,2460,ERODED,1,1,1,1,1,1,1,1,1,1,1
2462,1.01E-01,0,2462,Not eroded,0,0,0,0,0,0,1,1,1,1,1
2463,1.02E-01,3,2463,Not eroded,0,0,0,0,0,0,1,0,0,1,1
2464,1.57E-01,5,2464,Not eroded,0,0,0,0,0,0,0,0,0,0,1
2465,1.43E-01,5,2465,Not eroded,0,0,0,0,0,0,0,0,0,0,1
2466,7.07E-02,3,2466,Not eroded,0,0,0,0,0,0,1,0,0,1,1
2467,1.94E-01,0,2467,Not eroded,0,1,0,0,0,0,1,1,1,1,1
2469,2.93E-01,0,2469,ERODED,1,1,1,1,1,1,1,1,1,1,1
2470,2.64E-01,2,2470,Not eroded,0,1,1,1,1,1,1,0,1,1,1
2471,1.09E-01,0,2471,Not eroded,0,0,0,0,0,0,1,1,1,1,1
2472,6.97E-02,5,2472,Not eroded,0,0,0,0,0,0,0,0,0,0,1
2474,1.56E-01,4,2474,Not eroded,0,0,0,0,0,0,0,0,0,1,1
2475,3.25E-01,0,2475,ERODED,1,1,1,1,1,1,1,1,1,1,1
2476,2.00E-01,3,2476,Not eroded,0,1,0,0,0,0,1,0,0,1,1
2477,3.25E-01,0,2477,ERODED,1,1,1,1,1,1,1,1,1,1,1
2478,2.75E-01,5,2478,Not eroded,0,1,1,1,1,1,0,0,0,0,1
2479,1.69E-01,0,2479,Not eroded,0,0,0,0,0,0,1,1,1,1,1
2480,2.41E-01,6,2480,Not eroded,0,1,1,1,1,0,0,0,0,0,0
2481,3.23E-01,0,2481,ERODED,1,1,1,1,1,1,1,1,1,1,1
2482,1.86E-01,3,2482,Not eroded,0,0,0,0,0,0,1,0,0,1,1
2483,2.16E-01,5,2483,Not eroded,0,1,0,0,0,0,0,0,0,0,1
2484,1.95E-01,4,2484,Not eroded,0,1,0,0,0,0,0,0,0,1,1
2485,1.66E-01,0,2485,Not eroded,0,0,0,0,0,0,1,1,1,1,1
2486,1.34E-01,4,2486,Not eroded,0,0,0,0,0,0,0,0,0,1,1
2487,1.73E-01,0,2487,Not eroded,0,0,0,0,0,0,1,1,1,1,1
2488,2.71E-01,0,2488,Not eroded,0,1,1,1,1,1,1,1,1,1,1
2489,1.28E-01,4,2489,Not eroded,0,0,0,0,0,0,0,0,0,1,1
2490,2.74E-01,5,2490,Not eroded,0,1,1,1,1,1,0,0,0,0,1
2491,2.37E-01,6,2491,Not eroded,0,1,1,1,0,0,0,0,0,0,0
2492,3.00E-01,4,2492,Not eroded,0,1,1,1,1,1,0,0,0,1,1
2493,1.60E-01,0,2493,Not eroded,0,0,0,0,0,0,1,1,1,1,1
2494,1.05E-01,4,2494,Not eroded,0,0,0,0,0,0,0,0,0,1,1
2495,2.33E-01,5,2495,Not eroded,0,1,1,1,0,0,0,0,0,0,1
2496,3.00E-01,0,2496,ERODED,1,1,1,1,1,1,1,1,1,1,1
2497,2.08E-01,4,2497,Not eroded,0,1,0,0,0,0,0,0,0,1,1
2498,6.36E-02,6,2498,Not eroded,0,0,0,0,0,0,0,0,0,0,0
2499,3.16E-01,0,2499,ERODED,1,1,1,1,1,1,1,1,1,1,1
2500,2.04E-01,3,2500,Not eroded,0,1,0,0,0,0,1,0,0,1,1
2501,2.12E-01,3,2501,Not eroded,0,1,0,0,0,0,1,0,0,1,1
2502,2.80E-01,0,2502,Not eroded,0,1,1,1,1,1,1,1,1,1,1
2503,2.28E-01,0,2503,Not eroded,0,1,1,0,0,0,1,1,1,1,1
2504,2.01E-01,5,2504,Not eroded,0,1,0,0,0,0,0,0,0,0,1
2505,7.67E-02,4,2505,Not eroded,0,0,0,0,0,0,0,0,0,1,1
2506,9.17E-02,3,2506,Not eroded,0,0,0,0,0,0,1,0,0,1,1
2507,2.33E-01,5,2507,Not eroded,0,1,1,1,0,0,0,0,0,0,1
2508,2.73E-01,4,2508,Not eroded,0,1,1,1,1,1,0,0,0,1,1
2509,1.32E-01,0,2509,Not eroded,0,0,0,0,0,0,1,1,1,1,1
2510,2.53E-01,3,2510,Not eroded,0,1,1,1,1,1,1,0,0,1,1
2511,5.65E-02,5,2511,Not eroded,0,0,0,0,0,0,0,0,0,0,1
2512,1.35E-01,5,2512,Not eroded,0,0,0,0,0,0,0,0,0,0,1
2513,1.56E-01,4,2513,Not eroded,0,0,0,0,0,0,0,0,0,1,1
2514,1.95E-01,0,2514,Not eroded,0,1,0,0,0,0,1,1,1,1,1
2515,2.78E-01,3,2515,Not eroded,0,1,1,1,1,1,1,0,0,1,1
2516,1.91E-01,0,2516,Not eroded,0,0,0,0,0,0,1,1,1,1,1
2517,2.28E-01,0,2517,Not eroded,0,1,1,0,0,0,1,1,1,1,1
2518,1.94E-01,0,2518,Not eroded,0,1,0,0,0,0,1,1,1,1,1
2519,2.78E-01,4,2519,Not eroded,0,1,1,1,1,1,0,0,0,1,1
2520,2.52E-01,5,2520,Not eroded,0,1,1,1,1,1,0,0,0,0,1
2521,6.49E-02,4,2521,Not eroded,0,0,0,0,0,0,0,0,0,1,1
2522,1.51E-01,0,2522,Not eroded,0,0,0,0,0,0,1,1,1,1,1
2523,1.82E-01,0,2523,Not eroded,0,0,0,0,0,0,1,1,1,1,1
2525,1.25E-01,0,2525,Not eroded,0,0,0,0,0,0,1,1,1,1,1
2526,2.20E-01,0,2526,Not eroded,0,1,0,0,0,0,1,1,1,1,1
2527,8.11E-02,5,2527,Not eroded,0,0,0,0,0,0,0,0,0,0,1
2528,2.35E-01,0,2528,Not eroded,0,1,1,1,0,0,1,1,1,1,1
2529,1.45E-01,3,2529,Not eroded,0,0,0,0,0,0,1,0,0,1,1
2531,5.65E-02,5,2531,Not eroded,0,0,0,0,0,0,0,0,0,0,1
2532,1.09E-01,3,2532,Not eroded,0,0,0,0,0,0,1,0,0,1,1
2533,1.19E-01,4,2533,Not eroded,0,0,0,0,0,0,0,0,0,1,1
2534,8.90E-02,4,2534,Not eroded,0,0,0,0,0,0,0,0,0,1,1
2535,8.37E-02,4,2535,Not eroded,0,0,0,0,0,0,0,0,0,1,1
2536,5.66E-02,0,2536,Not eroded,0,0,0,0,0,0,1,1,1,1,1
2537,2.38E-01,0,2537,Not eroded,0,1,1,1,0,0,1,1,1,1,1
2538,9.33E-02,0,2538,Not eroded,0,0,0,0,0,0,1,1,1,1,1
2539,2.30E-01,5,2539,Not eroded,0,1,1,0,0,0,0,0,0,0,1
2540,1.69E-01,4,2540,Not eroded,0,0,0,0,0,0,0,0,0,1,1
2541,1.90E-01,5,2541,Not eroded,0,0,0,0,0,0,0,0,0,0,1
2542,2.59E-01,4,2542,Not eroded,0,1,1,1,1,1,0,0,0,1,1
2543,2.75E-01,0,2543,ERODED,1,1,1,1,1,1,1,1,1,1,1
2544,2.89E-01,5,2544,Not eroded,0,1,1,1,1,1,0,0,0,0,1
2546,2.72E-01,5,2546,Not eroded,0,1,1,1,1,1,0,0,0,0,1
2547,7.57E-02,3,2547,Not eroded,0,0,0,0,0,0,1,0,0,1,1
2548,9.24E-02,4,2548,Not eroded,0,0,0,0,0,0,0,0,0,1,1
2549,2.45E-01,0,2549,Not eroded,0,1,1,1,1,0,1,1,1,1,1
2551,2.32E-01,3,2551,Not eroded,0,1,1,1,0,0,1,0,0,1,1
2553,3.18E-01,0,2553,ERODED,1,1,1,1,1,1,1,1,1,1,1
2554,1.94E-01,5,2554,Not eroded,0,1,0,0,0,0,0,0,0,0,1
2555,2.93E-01,4,2555,Not eroded,0,1,1,1,1,1,0,0,0,1,1
2556,7.96E-02,5,2556,Not eroded,0,0,0,0,0,0,0,0,0,0,1
2557,1.48E-01,6,2557,Not eroded,0,0,0,0,0,0,0,0,0,0,0
2558,2.73E-01,6,2558,Not eroded,0,1,1,1,1,1,0,0,0,0,0
2559,1.67E-01,3,2559,Not eroded,0,0,0,0,0,0,1,0,0,1,1
2560,9.21E-02,3,2560,Not eroded,0,0,0,0,0,0,1,0,0,1,1
2561,3.08E-01,0,2561,ERODED,1,1,1,1,1,1,1,1,1,1,1
2562,1.79E-01,4,2562,Not eroded,0,0,0,0,0,0,0,0,0,1,1
2563,9.25E-02,0,2563,Not eroded,0,0,0,0,0,0,1,1,1,1,1
2564,2.17E-01,3,2564,Not eroded,0,1,0,0,0,0,1,0,0,1,1
2565,1.91E-01,4,2565,Not eroded,0,1,0,0,0,0,0,0,0,1,1
2566,2.26E-01,5,2566,Not eroded,0,1,1,0,0,0,0,0,0,0,1
2567,1.91E-01,2,2567,Not eroded,0,1,0,0,0,0,1,0,1,1,1
2568,1.41E-01,4,2568,Not eroded,0,0,0,0,0,0,0,0,0,1,1
2569,2.61E-01,3,2569,Not eroded,0,1,1,1,1,1,1,0,0,1,1
2570,1.74E-01,3,2570,Not eroded,0,0,0,0,0,0,1,0,0,1,1
2572,2.70E-01,3,2572,Not eroded,0,1,1,1,1,1,1,0,0,1,1
2573,1.28E-01,5,2573,Not eroded,0,0,0,0,0,0,0,0,0,0,1
2574,2.72E-01,4,2574,Not eroded,0,1,1,1,1,1,0,0,0,1,1
2575,2.39E-01,0,2575,Not eroded,0,1,1,1,0,0,1,1,1,1,1
2576,2.89E-01,0,2576,ERODED,1,1,1,1,1,1,1,1,1,1,1
2577,2.53E-01,5,2577,Not eroded,0,1,1,1,1,1,0,0,0,0,1
2578,1.96E-01,6,2578,Not eroded,0,1,0,0,0,0,0,0,0,0,0
2579,2.12E-01,4,2579,Not eroded,0,1,0,0,0,0,0,0,0,1,1
2580,1.19E-01,5,2580,Not eroded,0,0,0,0,0,0,0,0,0,0,1
2581,3.09E-01,0,2581,ERODED,1,1,1,1,1,1,1,1,1,1,1
2582,2.59E-01,0,2582,Not eroded,0,1,1,1,1,1,1,1,1,1,1
2583,1.62E-01,3,2583,Not eroded,0,0,0,0,0,0,1,0,0,1,1
2584,2.22E-01,0,2584,Not eroded,0,1,1,0,0,0,1,1,1,1,1
2586,1.77E-01,4,2586,Not eroded,0,0,0,0,0,0,0,0,0,1,1
2587,2.82E-01,4,2587,Not eroded,0,1,1,1,1,1,0,0,0,1,1
2588,1.90E-01,0,2588,Not eroded,0,0,0,0,0,0,1,1,1,1,1
2589,2.29E-01,0,2589,Not eroded,0,1,1,0,0,0,1,1,1,1,1
2590,2.58E-01,5,2590,Not eroded,0,1,1,1,1,1,0,0,0,0,1
2591,2.76E-01,0,2591,Not eroded,0,1,1,1,1,1,1,1,1,1,1
2592,3.11E-01,0,2592,ERODED,1,1,1,1,1,1,1,1,1,1,1
2593,2.52E-01,4,2593,Not eroded,0,1,1,1,1,1,0,0,0,1,1
2596,1.65E-01,6,2596,Not eroded,0,0,0,0,0,0,0,0,0,0,0
2597,2.49E-01,0,2597,Not eroded,0,1,1,1,1,0,1,1,1,1,1
2598,1.27E-01,5,2598,Not eroded,0,0,0,0,0,0,0,0,0,0,1
2599,2.00E-01,4,2599,Not eroded,0,1,0,0,0,0,0,0,0,1,1
2600,2.92E-01,5,2600,Not eroded,0,1,1,1,1,1,0,0,0,0,1
2602,1.54E-01,2,2602,Not eroded,0,0,0,0,0,0,1,0,1,1,1
2603,2.26E-01,3,2603,Not eroded,0,1,1,0,0,0,1,0,0,1,1
2604,9.93E-02,5,2604,Not eroded,0,0,0,0,0,0,0,0,0,0,1
2605,1.84E-01,0,2605,Not eroded,0,0,0,0,0,0,1,1,1,1,1
2606,2.40E-01,4,2606,Not eroded,0,1,1,1,0,0,0,0,0,1,1
2607,3.02E-01,4,2607,Not eroded,0,1,1,1,1,1,0,0,0,1,1
2608,1.33E-01,0,2608,Not eroded,0,0,0,0,0,0,1,1,1,1,1
2609,7.06E-02,5,2609,Not eroded,0,0,0,0,0,0,0,0,0,0,1
2610,3.24E-01,0,2610,ERODED,1,1,1,1,1,1,1,1,1,1,1
2612,2.02E-01,0,2612,Not eroded,0,1,0,0,0,0,1,1,1,1,1
2613,2.92E-01,0,2613,Not eroded,0,1,1,1,1,1,1,1,1,1,1
2614,2.88E-01,0,2614,Not eroded,0,1,1,1,1,1,1,1,1,1,1
2615,2.52E-01,5,2615,Not eroded,0,1,1,1,1,1,0,0,0,0,1
2616,8.89E-02,0,2616,Not eroded,0,0,0,0,0,0,1,1,1,1,1
2617,1.07E-01,4,2617,Not eroded,0,0,0,0,0,0,0,0,0,1,1
2618,2.41E-01,0,2618,Not eroded,0,1,1,1,1,0,1,1,1,1,1
2619,5.65E-02,3,2619,Not eroded,0,0,0,0,0,0,1,0,0,1,1
2620,2.93E-01,0,2620,Not eroded,0,1,1,1,1,1,1,1,1,1,1
2621,2.58E-01,4,2621,Not eroded,0,1,1,1,1,1,0,0,0,1,1
2623,2.01E-01,4,2623,Not eroded,0,1,0,0,0,0,0,0,0,1,1
2624,8.44E-02,4,2624,Not eroded,0,0,0,0,0,0,0,0,0,1,1
2625,1.86E-01,0,2625,Not eroded,0,0,0,0,0,0,1,1,1,1,1
2626,2.22E-01,4,2626,Not eroded,0,1,1,0,0,0,0,0,0,1,1
2627,2.76E-01,4,2627,Not eroded,0,1,1,1,1,1,0,0,0,1,1
2628,1.28E-01,5,2628,Not eroded,0,0,0,0,0,0,0,0,0,0,1
2629,2.13E-01,0,2629,Not eroded,0,1,0,0,0,0,1,1,1,1,1
2630,6.40E-02,6,2630,Not eroded,0,0,0,0,0,0,0,0,0,0,0
2631,3.20E-01,0,2631,ERODED,1,1,1,1,1,1,1,1,1,1,1
2632,5.64E-02,4,2632,Not eroded,0,0,0,0,0,0,0,0,0,1,1
2633,1.15E-01,5,2633,Not eroded,0,0,0,0,0,0,0,0,0,0,1
2634,5.62E-02,4,2634,Not eroded,0,0,0,0,0,0,0,0,0,1,1
2635,1.30E-01,5,2635,Not eroded,0,0,0,0,0,0,0,0,0,0,1
2636,5.64E-02,5,2636,Not eroded,0,0,0,0,0,0,0,0,0,0,1
2637,3.08E-01,2,2637,ERODED,1,1,1,1,1,1,1,0,1,1,1
2638,2.92E-01,4,2638,Not eroded,0,1,1,1,1,1,0,0,0,1,1
2639,2.91E-01,3,2639,Not eroded,0,1,1,1,1,1,1,0,0,1,1
2640,9.82E-02,0,2640,Not eroded,0,0,0,0,0,0,1,1,1,1,1
2641,2.74E-01,3,2641,Not eroded,0,1,1,1,1,1,1,0,0,1,1
2642,5.65E-02,3,2642,Not eroded,0,0,0,0,0,0,1,0,0,1,1
2643,1.52E-01,0,2643,Not eroded,0,0,0,0,0,0,1,1,1,1,1
2644,2.93E-01,3,2644,Not eroded,0,1,1,1,1,1,1,0,0,1,1
2645,1.71E-01,5,2645,Not eroded,0,0,0,0,0,0,0,0,0,0,1
2646,9.41E-02,4,2646,Not eroded,0,0,0,0,0,0,0,0,0,1,1
2647,1.86E-01,3,2647,Not eroded,0,0,0,0,0,0,1,0,0,1,1
2648,2.55E-01,5,2648,Not eroded,0,1,1,1,1,1,0,0,0,0,1
2649,2.38E-01,0,2649,Not eroded,0,1,1,1,0,0,1,1,1,1,1
2650,1.60E-01,8,2650,Not eroded,0,0,0,0,0,0,0,0,0,0,0
2651,1.49E-01,3,2651,Not eroded,0,0,0,0,0,0,1,0,0,1,1
2652,2.03E-01,4,2652,Not eroded,0,1,0,0,0,0,0,0,0,1,1
2653,2.61E-01,3,2653,Not eroded,0,1,1,1,1,1,1,0,0,1,1
2654,1.31E-01,5,2654,Not eroded,0,0,0,0,0,0,0,0,0,0,1
2655,1.42E-01,4,2655,Not eroded,0,0,0,0,0,0,0,0,0,1,1
2656,1.37E-01,0,2656,Not eroded,0,0,0,0,0,0,1,1,1,1,1
2657,6.93E-02,3,2657,Not eroded,0,0,0,0,0,0,1,0,0,1,1
2659,2.63E-01,4,2659,Not eroded,0,1,1,1,1,1,0,0,0,1,1
2660,2.58E-01,3,2660,Not eroded,0,1,1,1,1,1,1,0,0,1,1
2662,2.26E-01,4,2662,Not eroded,0,1,1,0,0,0,0,0,0,1,1
2663,9.09E-02,4,2663,Not eroded,0,0,0,0,0,0,0,0,0,1,1
2664,7.39E-02,5,2664,Not eroded,0,0,0,0,0,0,0,0,0,0,1
2666,8.38E-02,5,2666,Not eroded,0,0,0,0,0,0,0,0,0,0,1
2667,1.81E-01,4,2667,Not eroded,0,0,0,0,0,0,0,0,0,1,1
2668,1.63E-01,5,2668,Not eroded,0,0,0,0,0,0,0,0,0,0,1
2669,1.78E-01,0,2669,Not eroded,0,0,0,0,0,0,1,1,1,1,1
2670,2.23E-01,4,2670,Not eroded,0,1,1,0,0,0,0,0,0,1,1
2671,2.69E-01,7,2671,Not eroded,0,1,1,1,1,1,0,0,0,0,0
2672,1.37E-01,5,2672,Not eroded,0,0,0,0,0,0,0,0,0,0,1
2674,3.15E-01,0,2674,ERODED,1,1,1,1,1,1,1,1,1,1,1
2675,1.29E-01,4,2675,Not eroded,0,0,0,0,0,0,0,0,0,1,1
2676,1.29E-01,3,2676,Not eroded,0,0,0,0,0,0,1,0,0,1,1
2677,6.14E-02,5,2677,Not eroded,0,0,0,0,0,0,0,0,0,0,1
2678,8.36E-02,0,2678,Not eroded,0,0,0,0,0,0,1,1,1,1,1
2679,1.90E-01,5,2679,Not eroded,0,0,0,0,0,0,0,0,0,0,1
2680,1.61E-01,3,2680,Not eroded,0,0,0,0,0,0,1,0,0,1,1
2681,2.23E-01,4,2681,Not eroded,0,1,1,0,0,0,0,0,0,1,1
2682,5.65E-02,4,2682,Not eroded,0,0,0,0,0,0,0,0,0,1,1
2683,1.10E-01,0,2683,Not eroded,0,0,0,0,0,0,1,1,1,1,1
2684,2.51E-01,6,2684,Not eroded,0,1,1,1,1,1,0,0,0,0,0
2685,1.93E-01,0,2685,Not eroded,0,1,0,0,0,0,1,1,1,1,1
2686,2.38E-01,0,2686,Not eroded,0,1,1,1,0,0,1,1,1,1,1
2687,2.19E-01,0,2687,Not eroded,0,1,0,0,0,0,1,1,1,1,1
2688,1.12E-01,0,2688,Not eroded,0,0,0,0,0,0,1,1,1,1,1
2689,1.52E-01,3,2689,Not eroded,0,0,0,0,0,0,1,0,0,1,1
2690,2.27E-01,3,2690,Not eroded,0,1,1,0,0,0,1,0,0,1,1
2691,2.28E-01,5,2691,Not eroded,0,1,1,0,0,0,0,0,0,0,1
2692,2.70E-01,4,2692,Not eroded,0,1,1,1,1,1,0,0,0,1,1
2693,1.84E-01,4,2693,Not eroded,0,0,0,0,0,0,0,0,0,1,1
2695,2.02E-01,4,2695,Not eroded,0,1,0,0,0,0,0,0,0,1,1
2696,1.08E-01,4,2696,Not eroded,0,0,0,0,0,0,0,0,0,1,1
2697,8.96E-02,0,2697,Not eroded,0,0,0,0,0,0,1,1,1,1,1
2699,2.69E-01,4,2699,Not eroded,0,1,1,1,1,1,0,0,0,1,1
2700,1.49E-01,5,2700,Not eroded,0,0,0,0,0,0,0,0,0,0,1
2701,1.27E-01,0,2701,Not eroded,0,0,0,0,0,0,1,1,1,1,1
2703,7.40E-02,3,2703,Not eroded,0,0,0,0,0,0,1,0,0,1,1
2704,1.99E-01,0,2704,Not eroded,0,1,0,0,0,0,1,1,1,1,1
2706,2.90E-01,0,2706,ERODED,1,1,1,1,1,1,1,1,1,1,1
2707,1.45E-01,4,2707,Not eroded,0,0,0,0,0,0,0,0,0,1,1
2708,7.65E-02,3,2708,Not eroded,0,0,0,0,0,0,1,0,0,1,1
2710,2.80E-01,3,2710,Not eroded,0,1,1,1,1,1,1,0,0,1,1
2711,2.86E-01,4,2711,Not eroded,0,1,1,1,1,1,0,0,0,1,1
2713,1.95E-01,0,2713,Not eroded,0,1,0,0,0,0,1,1,1,1,1
2714,3.12E-01,0,2714,ERODED,1,1,1,1,1,1,1,1,1,1,1
2715,1.25E-01,6,2715,Not eroded,0,0,0,0,0,0,0,0,0,0,0
2716,3.21E-01,0,2716,ERODED,1,1,1,1,1,1,1,1,1,1,1
2717,1.76E-01,4,2717,Not eroded,0,0,0,0,0,0,0,0,0,1,1
2718,6.09E-02,5,2718,Not eroded,0,0,0,0,0,0,0,0,0,0,1
2719,2.05E-01,4,2719,Not eroded,0,1,0,0,0,0,0,0,0,1,1
2720,2.75E-01,4,2720,Not eroded,0,1,1,1,1,1,0,0,0,1,1
2721,1.53E-01,6,2721,Not eroded,0,0,0,0,0,0,0,0,0,0,0
2723,2.30E-01,5,2723,Not eroded,0,1,1,0,0,0,0,0,0,0,1
2724,1.01E-01,4,2724,Not eroded,0,0,0,0,0,0,0,0,0,1,1
2725,2.70E-01,0,2725,Not eroded,0,1,1,1,1,1,1,1,1,1,1
2726,5.65E-02,3,2726,Not eroded,0,0,0,0,0,0,1,0,0,1,1
2727,9.62E-02,2,2727,Not eroded,0,0,0,0,0,0,1,0,1,1,1
2728,1.02E-01,3,2728,Not eroded,0,0,0,0,0,0,1,0,0,1,1
2729,5.77E-02,0,2729,Not eroded,0,0,0,0,0,0,1,1,1,1,1
2731,2.59E-01,4,2731,Not eroded,0,1,1,1,1,1,0,0,0,1,1
2732,3.31E-01,0,2732,ERODED,1,1,1,1,1,1,1,1,1,1,1
2733,2.72E-01,5,2733,Not eroded,0,1,1,1,1,1,0,0,0,0,1
2735,2.28E-01,4,2735,Not eroded,0,1,1,0,0,0,0,0,0,1,1
2736,1.83E-01,0,2736,Not eroded,0,0,0,0,0,0,1,1,1,1,1
2737,2.52E-01,0,2737,Not eroded,0,1,1,1,1,1,1,1,1,1,1
2738,2.26E-01,4,2738,Not eroded,0,1,1,0,0,0,0,0,0,1,1
2740,5.66E-02,0,2740,Not eroded,0,0,0,0,0,0,1,1,1,1,1
2741,2.01E-01,2,2741,Not eroded,0,1,0,0,0,0,1,0,1,1,1
2743,1.80E-01,3,2743,Not eroded,0,0,0,0,0,0,1,0,0,1,1
2744,1.68E-01,0,2744,Not eroded,0,0,0,0,0,0,1,1,1,1,1
2745,2.36E-01,5,2745,Not eroded,0,1,1,1,0,0,0,0,0,0,1
2746,1.41E-01,3,2746,Not eroded,0,0,0,0,0,0,1,0,0,1,1
2747,1.82E-01,0,2747,Not eroded,0,0,0,0,0,0,1,1,1,1,1
2748,2.03E-01,0,2748,Not eroded,0,1,0,0,0,0,1,1,1,1,1
2749,1.15E-01,0,2749,Not eroded,0,0,0,0,0,0,1,1,1,1,1
2750,2.25E-01,5,2750,Not eroded,0,1,1,0,0,0,0,0,0,0,1
2751,5.95E-02,4,2751,Not eroded,0,0,0,0,0,0,0,0,0,1,1
2752,1.12E-01,5,2752,Not eroded,0,0,0,0,0,0,0,0,0,0,1
2753,2.08E-01,3,2753,Not eroded,0,1,0,0,0,0,1,0,0,1,1
2754,1.34E-01,4,2754,Not eroded,0,0,0,0,0,0,0,0,0,1,1
2755,2.98E-01,0,2755,Not eroded,0,1,1,1,1,1,1,1,1,1,1
2756,2.63E-01,4,2756,Not eroded,0,1,1,1,1,1,0,0,0,1,1
2757,2.93E-01,4,2757,ERODED,1,1,1,1,1,1,0,0,0,1,1
2758,9.22E-02,4,2758,Not eroded,0,0,0,0,0,0,0,0,0,1,1
2759,2.70E-01,0,2759,Not eroded,0,1,1,1,1,1,1,1,1,1,1
2760,1.74E-01,0,2760,Not eroded,0,0,0,0,0,0,1,1,1,1,1
2762,1.51E-01,0,2762,Not eroded,0,0,0,0,0,0,1,1,1,1,1
2763,1.00E-01,3,2763,Not eroded,0,0,0,0,0,0,1,0,0,1,1
2764,2.30E-01,6,2764,Not eroded,0,1,1,0,0,0,0,0,0,0,0
2765,1.94E-01,0,2765,Not eroded,0,1,0,0,0,0,1,1,1,1,1
2766,9.37E-02,0,2766,Not eroded,0,0,0,0,0,0,1,1,1,1,1
2767,7.09E-02,4,2767,Not eroded,0,0,0,0,0,0,0,0,0,1,1
2768,6.74E-02,0,2768,Not eroded,0,0,0,0,0,0,1,1,1,1,1
2769,7.29E-02,4,2769,Not eroded,0,0,0,0,0,0,0,0,0,1,1
2771,2.45E-01,0,2771,Not eroded,0,1,1,1,1,0,1,1,1,1,1
2772,2.86E-01,0,2772,ERODED,1,1,1,1,1,1,1,1,1,1,1
2773,1.01E-01,7,2773,Not eroded,0,0,0,0,0,0,0,0,0,0,0
2774,3.27E-01,0,2774,ERODED,1,1,1,1,1,1,1,1,1,1,1
2775,1.92E-01,0,2775,Not eroded,0,1,0,0,0,0,1,1,1,1,1
2776,6.16E-02,0,2776,Not eroded,0,0,0,0,0,0,1,1,1,1,1
2777,7.10E-02,4,2777,Not eroded,0,0,0,0,0,0,0,0,0,1,1
2778,1.66E-01,3,2778,Not eroded,0,0,0,0,0,0,1,0,0,1,1
2779,2.34E-01,0,2779,Not eroded,0,1,1,1,0,0,1,1,1,1,1
2780,6.48E-02,5,2780,Not eroded,0,0,0,0,0,0,0,0,0,0,1
2781,2.26E-01,0,2781,Not eroded,0,1,1,0,0,0,1,1,1,1,1
2782,1.48E-01,4,2782,Not eroded,0,0,0,0,0,0,0,0,0,1,1
2783,5.66E-02,3,2783,Not eroded,0,0,0,0,0,0,1,0,0,1,1
2784,1.96E-01,3,2784,Not eroded,0,1,0,0,0,0,1,0,0,1,1
2785,5.65E-02,2,2785,Not eroded,0,0,0,0,0,0,1,0,1,1,1
2786,5.65E-02,3,2786,Not eroded,0,0,0,0,0,0,1,0,0,1,1
2787,1.95E-01,0,2787,Not eroded,0,1,0,0,0,0,1,1,1,1,1
2788,9.02E-02,3,2788,Not eroded,0,0,0,0,0,0,1,0,0,1,1
2789,1.47E-01,5,2789,Not eroded,0,0,0,0,0,0,0,0,0,0,1
2790,2.96E-01,0,2790,ERODED,1,1,1,1,1,1,1,1,1,1,1
2791,3.20E-01,0,2791,ERODED,1,1,1,1,1,1,1,1,1,1,1
2792,1.40E-01,0,2792,Not eroded,0,0,0,0,0,0,1,1,1,1,1
2793,2.17E-01,2,2793,Not eroded,0,1,0,0,0,0,1,0,1,1,1
2794,7.31E-02,4,2794,Not eroded,0,0,0,0,0,0,0,0,0,1,1
2796,8.36E-02,4,2796,Not eroded,0,0,0,0,0,0,0,0,0,1,1
2797,1.58E-01,4,2797,Not eroded,0,0,0,0,0,0,0,0,0,1,1
2798,2.38E-01,3,2798,Not eroded,0,1,1,1,0,0,1,0,0,1,1
2799,3.33E-01,0,2799,ERODED,1,1,1,1,1,1,1,1,1,1,1
2801,2.88E-01,0,2801,ERODED,1,1,1,1,1,1,1,1,1,1,1
2802,5.69E-02,4,2802,Not eroded,0,0,0,0,0,0,0,0,0,1,1
2803,1.10E-01,6,2803,Not eroded,0,0,0,0,0,0,0,0,0,0,0
2804,1.37E-01,0,2804,Not eroded,0,0,0,0,0,0,1,1,1,1,1
2805,7.40E-02,4,2805,Not eroded,0,0,0,0,0,0,0,0,0,1,1
2806,1.14E-01,5,2806,Not eroded,0,0,0,0,0,0,0,0,0,0,1
2808,1.60E-01,4,2808,Not eroded,0,0,0,0,0,0,0,0,0,1,1
2809,1.67E-01,0,2809,Not eroded,0,0,0,0,0,0,1,1,1,1,1
2811,1.04E-01,0,2811,Not eroded,0,0,0,0,0,0,1,1,1,1,1
2813,1.74E-01,4,2813,Not eroded,0,0,0,0,0,0,0,0,0,1,1
2814,8.01E-02,3,2814,Not eroded,0,0,0,0,0,0,1,0,0,1,1
2815,2.81E-01,4,2815,Not eroded,0,1,1,1,1,1,0,0,0,1,1
2816,2.47E-01,0,2816,Not eroded,0,1,1,1,1,0,1,1,1,1,1
2817,2.90E-01,0,2817,Not eroded,0,1,1,1,1,1,1,1,1,1,1
2818,2.94E-01,0,2818,Not eroded,0,1,1,1,1,1,1,1,1,1,1
2819,2.05E-01,0,2819,Not eroded,0,1,0,0,0,0,1,1,1,1,1
2821,7.49E-02,3,2821,Not eroded,0,0,0,0,0,0,1,0,0,1,1
2822,2.09E-01,5,2822,Not eroded,0,1,0,0,0,0,0,0,0,0,1
2823,1.04E-01,5,2823,Not eroded,0,0,0,0,0,0,0,0,0,0,1
2824,1.20E-01,3,2824,Not eroded,0,0,0,0,0,0,1,0,0,1,1
2825,1.20E-01,5,2825,Not eroded,0,0,0,0,0,0,0,0,0,0,1
2826,1.81E-01,4,2826,Not eroded,0,0,0,0,0,0,0,0,0,1,1
2827,1.82E-01,4,2827,Not eroded,0,0,0,0,0,0,0,0,0,1,1
2828,1.79E-01,2,2828,Not eroded,0,0,0,0,0,0,1,0,1,1,1
2829,2.51E-01,0,2829,Not eroded,0,1,1,1,1,1,1,1,1,1,1
2830,2.20E-01,3,2830,Not eroded,0,1,0,0,0,0,1,0,0,1,1
2831,1.42E-01,5,2831,Not eroded,0,0,0,0,0,0,0,0,0,0,1
2832,1.48E-01,6,2832,Not eroded,0,0,0,0,0,0,0,0,0,0,0
2834,7.60E-02,4,2834,Not eroded,0,0,0,0,0,0,0,0,0,1,1
2835,2.74E-01,6,2835,Not eroded,0,1,1,1,1,1,0,0,0,0,0
2836,2.22E-01,5,2836,Not eroded,0,1,1,0,0,0,0,0,0,0,1
2837,1.74E-01,0,2837,Not eroded,0,0,0,0,0,0,1,1,1,1,1
2838,1.55E-01,4,2838,Not eroded,0,0,0,0,0,0,0,0,0,1,1
2839,2.14E-01,3,2839,Not eroded,0,1,0,0,0,0,1,0,0,1,1
2840,2.68E-01,4,2840,Not eroded,0,1,1,1,1,1,0,0,0,1,1
2841,3.23E-01,0,2841,ERODED,1,1,1,1,1,1,1,1,1,1,1
2842,3.19E-01,0,2842,ERODED,1,1,1,1,1,1,1,1,1,1,1
2843,2.54E-01,0,2843,ERODED,1,1,1,1,1,1,1,1,1,1,1
2844,1.81E-01,4,2844,Not eroded,0,0,0,0,0,0,0,0,0,1,1
2845,1.27E-01,4,2845,Not eroded,0,0,0,0,0,0,0,0,0,1,1
2846,1.16E-01,5,2846,Not eroded,0,0,0,0,0,0,0,0,0,0,1
2847,3.22E-01,0,2847,ERODED,1,1,1,1,1,1,1,1,1,1,1
2848,2.73E-01,0,2848,Not eroded,0,1,1,1,1,1,1,1,1,1,1
2849,6.47E-02,4,2849,Not eroded,0,0,0,0,0,0,0,0,0,1,1
2851,2.82E-01,5,2851,Not eroded,0,1,1,1,1,1,0,0,0,0,1
2853,2.24E-01,3,2853,Not eroded,0,1,1,0,0,0,1,0,0,1,1
2854,2.99E-01,0,2854,ERODED,1,1,1,1,1,1,1,1,1,1,1
2855,7.30E-02,5,2855,Not eroded,0,0,0,0,0,0,0,0,0,0,1
2856,1.54E-01,5,2856,Not eroded,0,0,0,0,0,0,0,0,0,0,1
2857,2.51E-01,3,2857,Not eroded,0,1,1,1,1,1,1,0,0,1,1
2858,6.79E-02,4,2858,Not eroded,0,0,0,0,0,0,0,0,0,1,1
2859,7.77E-02,2,2859,Not eroded,0,0,0,0,0,0,1,0,1,1,1
2860,5.94E-02,3,2860,Not eroded,0,0,0,0,0,0,1,0,0,1,1
2861,5.78E-02,5,2861,Not eroded,0,0,0,0,0,0,0,0,0,0,1
2863,5.65E-02,3,2863,Not eroded,0,0,0,0,0,0,1,0,0,1,1
2864,2.65E-01,3,2864,Not eroded,0,1,1,1,1,1,1,0,0,1,1
2865,5.65E-02,4,2865,Not eroded,0,0,0,0,0,0,0,0,0,1,1
2866,2.88E-01,3,2866,Not eroded,0,1,1,1,1,1,1,0,0,1,1
2868,3.11E-01,0,2868,ERODED,1,1,1,1,1,1,1,1,1,1,1
2869,6.39E-02,3,2869,Not eroded,0,0,0,0,0,0,1,0,0,1,1
2870,1.93E-01,4,2870,Not eroded,0,1,0,0,0,0,0,0,0,1,1
2871,1.23E-01,6,2871,Not eroded,0,0,0,0,0,0,0,0,0,0,0
2872,1.89E-01,4,2872,Not eroded,0,0,0,0,0,0,0,0,0,1,1
2873,1.16E-01,4,2873,Not eroded,0,0,0,0,0,0,0,0,0,1,1
2874,2.83E-01,0,2874,ERODED,1,1,1,1,1,1,1,1,1,1,1
2875,1.02E-01,4,2875,Not eroded,0,0,0,0,0,0,0,0,0,1,1
2876,2.95E-01,0,2876,ERODED,1,1,1,1,1,1,1,1,1,1,1
2877,2.37E-01,4,2877,Not eroded,0,1,1,1,0,0,0,0,0,1,1
2878,2.89E-01,0,2878,Not eroded,0,1,1,1,1,1,1,1,1,1,1
2879,1.05E-01,3,2879,Not eroded,0,0,0,0,0,0,1,0,0,1,1
2880,1.47E-01,5,2880,Not eroded,0,0,0,0,0,0,0,0,0,0,1
2881,2.19E-01,0,2881,Not eroded,0,1,0,0,0,0,1,1,1,1,1
2882,2.91E-01,0,2882,ERODED,1,1,1,1,1,1,1,1,1,1,1
2883,2.61E-01,0,2883,ERODED,1,1,1,1,1,1,1,1,1,1,1
2884,8.88E-02,0,2884,Not eroded,0,0,0,0,0,0,1,1,1,1,1
2885,2.79E-01,5,2885,Not eroded,0,1,1,1,1,1,0,0,0,0,1
2886,2.23E-01,3,2886,Not eroded,0,1,1,0,0,0,1,0,0,1,1
2887,2.11E-01,0,2887,Not eroded,0,1,0,0,0,0,1,1,1,1,1
2888,1.61E-01,5,2888,Not eroded,0,0,0,0,0,0,0,0,0,0,1
2889,8.96E-02,5,2889,Not eroded,0,0,0,0,0,0,0,0,0,0,1
2890,2.90E-01,2,2890,ERODED,1,1,1,1,1,1,1,0,1,1,1
2891,5.65E-02,5,2891,Not eroded,0,0,0,0,0,0,0,0,0,0,1
2892,1.92E-01,4,2892,Not eroded,0,1,0,0,0,0,0,0,0,1,1
2893,1.95E-01,0,2893,Not eroded,0,1,0,0,0,0,1,1,1,1,1
2894,8.66E-02,3,2894,Not eroded,0,0,0,0,0,0,1,0,0,1,1
2896,6.52E-02,3,2896,Not eroded,0,0,0,0,0,0,1,0,0,1,1
2897,1.39E-01,5,2897,Not eroded,0,0,0,0,0,0,0,0,0,0,1
2898,2.22E-01,0,2898,Not eroded,0,1,1,0,0,0,1,1,1,1,1
2899,5.66E-02,3,2899,Not eroded,0,0,0,0,0,0,1,0,0,1,1
2901,1.68E-01,3,2901,Not eroded,0,0,0,0,0,0,1,0,0,1,1
2902,1.96E-01,0,2902,Not eroded,0,1,0,0,0,0,1,1,1,1,1
2903,2.01E-01,5,2903,Not eroded,0,1,0,0,0,0,0,0,0,0,1
2904,1.82E-01,4,2904,Not eroded,0,0,0,0,0,0,0,0,0,1,1
2905,1.65E-01,5,2905,Not eroded,0,0,0,0,0,0,0,0,0,0,1
2906,1.81E-01,4,2906,Not eroded,0,0,0,0,0,0,0,0,0,1,1
2907,5.70E-02,4,2907,Not eroded,0,0,0,0,0,0,0,0,0,1,1
2908,3.29E-01,0,2908,ERODED,1,1,1,1,1,1,1,1,1,1,1
2909,2.48E-01,0,2909,Not eroded,0,1,1,1,1,0,1,1,1,1,1
2910,9.15E-02,3,2910,Not eroded,0,0,0,0,0,0,1,0,0,1,1
2911,1.75E-01,0,2911,Not eroded,0,0,0,0,0,0,1,1,1,1,1
2912,2.83E-01,0,2912,Not eroded,0,1,1,1,1,1,1,1,1,1,1
2913,3.25E-01,0,2913,ERODED,1,1,1,1,1,1,1,1,1,1,1
2914,1.88E-01,4,2914,Not eroded,0,0,0,0,0,0,0,0,0,1,1
2915,2.91E-01,0,2915,Not eroded,0,1,1,1,1,1,1,1,1,1,1
2916,2.29E-01,0,2916,Not eroded,0,1,1,0,0,0,1,1,1,1,1
2917,1.70E-01,0,2917,Not eroded,0,0,0,0,0,0,1,1,1,1,1
2918,5.68E-02,0,2918,Not eroded,0,0,0,0,0,0,1,1,1,1,1
2919,1.47E-01,4,2919,Not eroded,0,0,0,0,0,0,0,0,0,1,1
2920,2.84E-01,6,2920,Not eroded,0,1,1,1,1,1,0,0,0,0,0
2921,2.29E-01,0,2921,Not eroded,0,1,1,0,0,0,1,1,1,1,1
2922,2.29E-01,4,2922,Not eroded,0,1,1,0,0,0,0,0,0,1,1
2923,7.80E-02,0,2923,Not eroded,0,0,0,0,0,0,1,1,1,1,1
2925,1.83E-01,5,2925,Not eroded,0,0,0,0,0,0,0,0,0,0,1
2926,8.84E-02,4,2926,Not eroded,0,0,0,0,0,0,0,0,0,1,1
2927,1.01E-01,5,2927,Not eroded,0,0,0,0,0,0,0,0,0,0,1
2928,7.20E-02,3,2928,Not eroded,0,0,0,0,0,0,1,0,0,1,1
2929,1.02E-01,2,2929,Not eroded,0,0,0,0,0,0,1,0,1,1,1
2930,1.86E-01,3,2930,Not eroded,0,0,0,0,0,0,1,0,0,1,1
2931,1.93E-01,4,2931,Not eroded,0,1,0,0,0,0,0,0,0,1,1
2932,1.20E-01,0,2932,Not eroded,0,0,0,0,0,0,1,1,1,1,1
2933,2.20E-01,5,2933,Not eroded,0,1,0,0,0,0,0,0,0,0,1
2934,5.75E-02,4,2934,Not eroded,0,0,0,0,0,0,0,0,0,1,1
2936,1.02E-01,3,2936,Not eroded,0,0,0,0,0,0,1,0,0,1,1
2937,5.66E-02,4,2937,Not eroded,0,0,0,0,0,0,0,0,0,1,1
2938,1.20E-01,5,2938,Not eroded,0,0,0,0,0,0,0,0,0,0,1
2940,1.80E-01,4,2940,Not eroded,0,0,0,0,0,0,0,0,0,1,1
2941,2.03E-01,0,2941,Not eroded,0,1,0,0,0,0,1,1,1,1,1
2942,2.57E-01,2,2942,Not eroded,0,1,1,1,1,1,1,0,1,1,1
2943,6.53E-02,5,2943,Not eroded,0,0,0,0,0,0,0,0,0,0,1
2944,2.82E-01,0,2944,ERODED,1,1,1,1,1,1,1,1,1,1,1
2945,1.07E-01,5,2945,Not eroded,0,0,0,0,0,0,0,0,0,0,1
2946,1.73E-01,3,2946,Not eroded,0,0,0,0,0,0,1,0,0,1,1
2947,1.49E-01,0,2947,Not eroded,0,0,0,0,0,0,1,1,1,1,1
2948,2.93E-01,0,2948,ERODED,1,1,1,1,1,1,1,1,1,1,1
2949,2.65E-01,3,2949,Not eroded,0,1,1,1,1,1,1,0,0,1,1
2950,9.90E-02,0,2950,Not eroded,0,0,0,0,0,0,1,1,1,1,1
2951,3.26E-01,0,2951,ERODED,1,1,1,1,1,1,1,1,1,1,1
2953,1.02E-01,0,2953,Not eroded,0,0,0,0,0,0,1,1,1,1,1
2954,1.32E-01,0,2954,Not eroded,0,0,0,0,0,0,1,1,1,1,1
2955,5.65E-02,2,2955,Not eroded,0,0,0,0,0,0,1,0,1,1,1
2956,2.42E-01,4,2956,Not eroded,0,1,1,1,1,0,0,0,0,1,1
2957,2.72E-01,0,2957,ERODED,1,1,1,1,1,1,1,1,1,1,1
2958,1.06E-01,0,2958,Not eroded,0,0,0,0,0,0,1,1,1,1,1
2959,9.60E-02,6,2959,Not eroded,0,0,0,0,0,0,0,0,0,0,0
2960,2.07E-01,3,2960,Not eroded,0,1,0,0,0,0,1,0,0,1,1
2962,1.88E-01,0,2962,Not eroded,0,0,0,0,0,0,1,1,1,1,1
2963,2.45E-01,0,2963,Not eroded,0,1,1,1,1,0,1,1,1,1,1
2964,8.08E-02,4,2964,Not eroded,0,0,0,0,0,0,0,0,0,1,1
2965,5.70E-02,0,2965,Not eroded,0,0,0,0,0,0,1,1,1,1,1
2966,1.59E-01,5,2966,Not eroded,0,0,0,0,0,0,0,0,0,0,1
2967,8.66E-02,0,2967,Not eroded,0,0,0,0,0,0,1,1,1,1,1
2968,2.15E-01,4,2968,Not eroded,0,1,0,0,0,0,0,0,0,1,1
2969,2.58E-01,4,2969,Not eroded,0,1,1,1,1,1,0,0,0,1,1
2970,2.41E-01,5,2970,Not eroded,0,1,1,1,1,0,0,0,0,0,1
2971,2.47E-01,3,2971,Not eroded,0,1,1,1,1,0,1,0,0,1,1
2972,9.56E-02,4,2972,Not eroded,0,0,0,0,0,0,0,0,0,1,1
2973,2.96E-01,0,2973,Not eroded,0,1,1,1,1,1,1,1,1,1,1
2975,1.51E-01,3,2975,Not eroded,0,0,0,0,0,0,1,0,0,1,1
2976,3.18E-01,0,2976,ERODED,1,1,1,1,1,1,1,1,1,1,1
2977,2.76E-01,2,2977,Not eroded,0,1,1,1,1,1,1,0,1,1,1
2978,1.77E-01,6,2978,Not eroded,0,0,0,0,0,0,0,0,0,0,0
2979,1.76E-01,5,2979,Not eroded,0,0,0,0,0,0,0,0,0,0,1
2980,1.28E-01,4,2980,Not eroded,0,0,0,0,0,0,0,0,0,1,1
2983,2.13E-01,0,2983,Not eroded,0,1,0,0,0,0,1,1,1,1,1
2984,3.23E-01,0,2984,ERODED,1,1,1,1,1,1,1,1,1,1,1
2985,5.69E-02,3,2985,Not eroded,0,0,0,0,0,0,1,0,0,1,1
2986,1.53E-01,5,2986,Not eroded,0,0,0,0,0,0,0,0,0,0,1
2987,9.77E-02,0,2987,Not eroded,0,0,0,0,0,0,1,1,1,1,1
2988,1.30E-01,5,2988,Not eroded,0,0,0,0,0,0,0,0,0,0,1
2989,3.01E-01,4,2989,Not eroded,0,1,1,1,1,1,0,0,0,1,1
2990,2.71E-01,5,2990,Not eroded,0,1,1,1,1,1,0,0,0,0,1
2991,2.94E-01,5,2991,Not eroded,0,1,1,1,1,1,0,0,0,0,1
2992,1.41E-01,3,2992,Not eroded,0,0,0,0,0,0,1,0,0,1,1
2993,1.38E-01,6,2993,Not eroded,0,0,0,0,0,0,0,0,0,0,0
2994,8.75E-02,0,2994,Not eroded,0,0,0,0,0,0,1,1,1,1,1
2995,5.65E-02,3,2995,Not eroded,0,0,0,0,0,0,1,0,0,1,1
2996,2.10E-01,3,2996,Not eroded,0,1,0,0,0,0,1,0,0,1,1
2997,1.25E-01,3,2997,Not eroded,0,0,0,0,0,0,1,0,0,1,1
2998,1.23E-01,6,2998,Not eroded,0,0,0,0,0,0,0,0,0,0,0
2999,2.29E-01,3,2999,Not eroded,0,1,1,0,0,0,1,0,0,1,1
3000,2.77E-01,4,3000,Not eroded,0,1,1,1,1,1,0,0,0,1,1
3001,2.04E-01,4,3001,Not eroded,0,1,0,0,0,0,0,0,0,1,1
3002,2.34E-01,5,3002,Not eroded,0,1,1,1,0,0,0,0,0,0,1
3003,2.42E-01,0,3003,Not eroded,0,1,1,1,1,0,1,1,1,1,1
3004,6.83E-02,2,3004,Not eroded,0,0,0,0,0,0,1,0,1,1,1
3005,2.42E-01,4,3005,Not eroded,0,1,1,1,1,0,0,0,0,1,1
3007,2.10E-01,0,3007,Not eroded,0,1,0,0,0,0,1,1,1,1,1
3008,2.04E-01,3,3008,Not eroded,0,1,0,0,0,0,1,0,0,1,1
3010,1.34E-01,2,3010,Not eroded,0,0,0,0,0,0,1,0,1,1,1
3011,2.74E-01,3,3011,Not eroded,0,1,1,1,1,1,1,0,0,1,1
3013,2.49E-01,0,3013,Not eroded,0,1,1,1,1,0,1,1,1,1,1
3014,6.23E-02,0,3014,Not eroded,0,0,0,0,0,0,1,1,1,1,1
3015,1.74E-01,4,3015,Not eroded,0,0,0,0,0,0,0,0,0,1,1
3016,2.19E-01,4,3016,Not eroded,0,1,0,0,0,0,0,0,0,1,1
3017,2.27E-01,4,3017,Not eroded,0,1,1,0,0,0,0,0,0,1,1
3018,1.22E-01,5,3018,Not eroded,0,0,0,0,0,0,0,0,0,0,1
3019,1.27E-01,0,3019,Not eroded,0,0,0,0,0,0,1,1,1,1,1
3020,1.75E-01,0,3020,Not eroded,0,0,0,0,0,0,1,1,1,1,1
3021,2.71E-01,0,3021,ERODED,1,1,1,1,1,1,1,1,1,1,1
3022,1.02E-01,4,3022,Not eroded,0,0,0,0,0,0,0,0,0,1,1
3023,1.65E-01,5,3023,Not eroded,0,0,0,0,0,0,0,0,0,0,1
3024,3.07E-01,0,3024,ERODED,1,1,1,1,1,1,1,1,1,1,1
3025,2.96E-01,0,3025,Not eroded,0,1,1,1,1,1,1,1,1,1,1
3026,5.66E-02,3,3026,Not eroded,0,0,0,0,0,0,1,0,0,1,1
3027,2.27E-01,4,3027,Not eroded,0,1,1,0,0,0,0,0,0,1,1
3029,1.33E-01,4,3029,Not eroded,0,0,0,0,0,0,0,0,0,1,1
3031,5.66E-02,2,3031,Not eroded,0,0,0,0,0,0,1,0,1,1,1
3032,2.37E-01,4,3032,Not eroded,0,1,1,1,0,0,0,0,0,1,1
3034,2.15E-01,3,3034,Not eroded,0,1,0,0,0,0,1,0,0,1,1
3035,2.07E-01,4,3035,Not eroded,0,1,0,0,0,0,0,0,0,1,1
3037,1.42E-01,6,3037,Not eroded,0,0,0,0,0,0,0,0,0,0,0
3038,1.13E-01,5,3038,Not eroded,0,0,0,0,0,0,0,0,0,0,1
3039,1.28E-01,4,3039,Not eroded,0,0,0,0,0,0,0,0,0,1,1
3040,2.48E-01,0,3040,Not eroded,0,1,1,1,1,0,1,1,1,1,1
3042,1.32E-01,0,3042,Not eroded,0,0,0,0,0,0,1,1,1,1,1
3043,2.38E-01,0,3043,Not eroded,0,1,1,1,0,0,1,1,1,1,1
3044,3.12E-01,0,3044,ERODED,1,1,1,1,1,1,1,1,1,1,1
3045,1.21E-01,0,3045,Not eroded,0,0,0,0,0,0,1,1,1,1,1
3046,1.04E-01,4,3046,Not eroded,0,0,0,0,0,0,0,0,0,1,1
3047,2.98E-01,3,3047,Not eroded,0,1,1,1,1,1,1,0,0,1,1
3048,1.49E-01,4,3048,Not eroded,0,0,0,0,0,0,0,0,0,1,1
3049,1.28E-01,4,3049,Not eroded,0,0,0,0,0,0,0,0,0,1,1
3051,1.61E-01,3,3051,Not eroded,0,0,0,0,0,0,1,0,0,1,1
3053,1.84E-01,5,3053,Not eroded,0,0,0,0,0,0,0,0,0,0,1
3054,9.22E-02,4,3054,Not eroded,0,0,0,0,0,0,0,0,0,1,1
3055,6.48E-02,4,3055,Not eroded,0,0,0,0,0,0,0,0,0,1,1
3058,3.02E-01,0,3058,ERODED,1,1,1,1,1,1,1,1,1,1,1
3059,1.01E-01,0,3059,Not eroded,0,0,0,0,0,0,1,1,1,1,1
3060,1.18E-01,4,3060,Not eroded,0,0,0,0,0,0,0,0,0,1,1
3061,1.83E-01,3,3061,Not eroded,0,0,0,0,0,0,1,0,0,1,1
3062,2.98E-01,3,3062,Not eroded,0,1,1,1,1,1,1,0,0,1,1
3063,6.54E-02,4,3063,Not eroded,0,0,0,0,0,0,0,0,0,1,1
3064,2.08E-01,4,3064,Not eroded,0,1,0,0,0,0,0,0,0,1,1
3065,2.82E-01,0,3065,ERODED,1,1,1,1,1,1,1,1,1,1,1
3066,1.85E-01,0,3066,Not eroded,0,0,0,0,0,0,1,1,1,1,1
3067,2.07E-01,4,3067,Not eroded,0,1,0,0,0,0,0,0,0,1,1
3068,2.03E-01,4,3068,Not eroded,0,1,0,0,0,0,0,0,0,1,1
3069,3.09E-01,0,3069,ERODED,1,1,1,1,1,1,1,1,1,1,1
3071,1.22E-01,4,3071,Not eroded,0,0,0,0,0,0,0,0,0,1,1
3072,2.05E-01,5,3072,Not eroded,0,1,0,0,0,0,0,0,0,0,1
3073,2.10E-01,3,3073,Not eroded,0,1,0,0,0,0,1,0,0,1,1
3074,8.59E-02,5,3074,Not eroded,0,0,0,0,0,0,0,0,0,0,1
3075,2.96E-01,0,3075,Not eroded,0,1,1,1,1,1,1,1,1,1,1
3076,2.83E-01,5,3076,Not eroded,0,1,1,1,1,1,0,0,0,0,1
3077,1.83E-01,0,3077,Not eroded,0,0,0,0,0,0,1,1,1,1,1
3078,6.00E-02,6,3078,Not eroded,0,0,0,0,0,0,0,0,0,0,0
3079,1.63E-01,5,3079,Not eroded,0,0,0,0,0,0,0,0,0,0,1
3080,2.85E-01,3,3080,Not eroded,0,1,1,1,1,1,1,0,0,1,1
3082,1.29E-01,0,3082,Not eroded,0,0,0,0,0,0,1,1,1,1,1
3083,1.18E-01,0,3083,Not eroded,0,0,0,0,0,0,1,1,1,1,1
3084,1.21E-01,4,3084,Not eroded,0,0,0,0,0,0,0,0,0,1,1
3086,1.23E-01,4,3086,Not eroded,0,0,0,0,0,0,0,0,0,1,1
3087,2.01E-01,4,3087,Not eroded,0,1,0,0,0,0,0,0,0,1,1
3088,1.79E-01,4,3088,Not eroded,0,0,0,0,0,0,0,0,0,1,1
3089,2.01E-01,3,3089,Not eroded,0,1,0,0,0,0,1,0,0,1,1
3090,1.94E-01,3,3090,Not eroded,0,1,0,0,0,0,1,0,0,1,1
3091,2.50E-01,3,3091,Not eroded,0,1,1,1,1,0,1,0,0,1,1
3092,2.33E-01,0,3092,Not eroded,0,1,1,1,0,0,1,1,1,1,1
3093,9.82E-02,3,3093,Not eroded,0,0,0,0,0,0,1,0,0,1,1
3094,1.17E-01,2,3094,Not eroded,0,0,0,0,0,0,1,0,1,1,1
3095,2.50E-01,4,3095,Not eroded,0,1,1,1,1,0,0,0,0,1,1
3096,3.26E-01,0,3096,ERODED,1,1,1,1,1,1,1,1,1,1,1
3097,2.30E-01,0,3097,Not eroded,0,1,1,0,0,0,1,1,1,1,1
3098,1.10E-01,2,3098,Not eroded,0,0,0,0,0,0,1,0,1,1,1
3099,1.43E-01,0,3099,Not eroded,0,0,0,0,0,0,1,1,1,1,1
3103,2.02E-01,0,3103,Not eroded,0,1,0,0,0,0,1,1,1,1,1
3104,1.75E-01,4,3104,Not eroded,0,0,0,0,0,0,0,0,0,1,1
3105,1.26E-01,4,3105,Not eroded,0,0,0,0,0,0,0,0,0,1,1
3106,2.26E-01,6,3106,Not eroded,0,1,1,0,0,0,0,0,0,0,0
3107,1.70E-01,2,3107,Not eroded,0,0,0,0,0,0,1,0,1,1,1
3108,1.04E-01,7,3108,Not eroded,0,0,0,0,0,0,0,0,0,0,0
3109,1.33E-01,7,3109,Not eroded,0,0,0,0,0,0,0,0,0,0,0
3110,2.79E-01,2,3110,Not eroded,0,1,1,1,1,1,1,0,1,1,1
3111,3.02E-01,0,3111,ERODED,1,1,1,1,1,1,1,1,1,1,1
3112,1.54E-01,5,3112,Not eroded,0,0,0,0,0,0,0,0,0,0,1
3114,1.97E-01,5,3114,Not eroded,0,1,0,0,0,0,0,0,0,0,1
3115,1.22E-01,6,3115,Not eroded,0,0,0,0,0,0,0,0,0,0,0
3116,1.59E-01,5,3116,Not eroded,0,0,0,0,0,0,0,0,0,0,1
3117,2.80E-01,0,3117,Not eroded,0,1,1,1,1,1,1,1,1,1,1
3119,1.65E-01,5,3119,Not eroded,0,0,0,0,0,0,0,0,0,0,1
3122,2.96E-01,0,3122,Not eroded,0,1,1,1,1,1,1,1,1,1,1
3123,1.22E-01,7,3123,Not eroded,0,0,0,0,0,0,0,0,0,0,0
3124,2.99E-01,0,3124,ERODED,1,1,1,1,1,1,1,1,1,1,1
3125,2.19E-01,0,3125,Not eroded,0,1,0,0,0,0,1,1,1,1,1
3126,2.83E-01,4,3126,Not eroded,0,1,1,1,1,1,0,0,0,1,1
3127,1.52E-01,3,3127,Not eroded,0,0,0,0,0,0,1,0,0,1,1
3128,2.05E-01,0,3128,Not eroded,0,1,0,0,0,0,1,1,1,1,1
3129,3.16E-01,0,3129,ERODED,1,1,1,1,1,1,1,1,1,1,1
3130,2.95E-01,0,3130,ERODED,1,1,1,1,1,1,1,1,1,1,1
3132,1.95E-01,0,3132,Not eroded,0,1,0,0,0,0,1,1,1,1,1
3133,2.87E-01,0,3133,ERODED,1,1,1,1,1,1,1,1,1,1,1
3134,2.96E-01,0,3134,Not eroded,0,1,1,1,1,1,1,1,1,1,1
3135,9.71E-02,0,3135,Not eroded,0,0,0,0,0,0,1,1,1,1,1
3136,1.14E-01,4,3136,Not eroded,0,0,0,0,0,0,0,0,0,1,1
3137,2.84E-01,4,3137,Not eroded,0,1,1,1,1,1,0,0,0,1,1
3138,5.66E-02,0,3138,Not eroded,0,0,0,0,0,0,1,1,1,1,1
3139,1.96E-01,4,3139,Not eroded,0,1,0,0,0,0,0,0,0,1,1
3140,1.94E-01,4,3140,Not eroded,0,1,0,0,0,0,0,0,0,1,1
3141,2.64E-01,3,3141,Not eroded,0,1,1,1,1,1,1,0,0,1,1
3142,1.49E-01,0,3142,Not eroded,0,0,0,0,0,0,1,1,1,1,1
3143,1.14E-01,6,3143,Not eroded,0,0,0,0,0,0,0,0,0,0,0
3144,5.65E-02,4,3144,Not eroded,0,0,0,0,0,0,0,0,0,1,1
3145,1.75E-01,4,3145,Not eroded,0,0,0,0,0,0,0,0,0,1,1
3146,1.34E-01,4,3146,Not eroded,0,0,0,0,0,0,0,0,0,1,1
3147,2.65E-01,4,3147,Not eroded,0,1,1,1,1,1,0,0,0,1,1
3148,3.10E-01,0,3148,ERODED,1,1,1,1,1,1,1,1,1,1,1
3149,2.45E-01,6,3149,Not eroded,0,1,1,1,1,0,0,0,0,0,0
3150,2.04E-01,3,3150,Not eroded,0,1,0,0,0,0,1,0,0,1,1
3151,2.83E-01,0,3151,Not eroded,0,1,1,1,1,1,1,1,1,1,1
3153,1.02E-01,0,3153,Not eroded,0,0,0,0,0,0,1,1,1,1,1
3154,1.53E-01,0,3154,Not eroded,0,0,0,0,0,0,1,1,1,1,1
3155,6.60E-02,4,3155,Not eroded,0,0,0,0,0,0,0,0,0,1,1
3156,6.57E-02,0,3156,Not eroded,0,0,0,0,0,0,1,1,1,1,1
3157,1.94E-01,3,3157,Not eroded,0,1,0,0,0,0,1,0,0,1,1
3158,1.78E-01,3,3158,Not eroded,0,0,0,0,0,0,1,0,0,1,1
3159,2.14E-01,3,3159,Not eroded,0,1,0,0,0,0,1,0,0,1,1
3160,7.72E-02,0,3160,Not eroded,0,0,0,0,0,0,1,1,1,1,1
3161,2.77E-01,5,3161,Not eroded,0,1,1,1,1,1,0,0,0,0,1
3162,1.12E-01,0,3162,Not eroded,0,0,0,0,0,0,1,1,1,1,1
3163,3.17E-01,0,3163,ERODED,1,1,1,1,1,1,1,1,1,1,1
3165,1.68E-01,4,3165,Not eroded,0,0,0,0,0,0,0,0,0,1,1
3166,2.10E-01,4,3166,Not eroded,0,1,0,0,0,0,0,0,0,1,1
3167,2.60E-01,6,3167,Not eroded,0,1,1,1,1,1,0,0,0,0,0
3169,1.28E-01,0,3169,Not eroded,0,0,0,0,0,0,1,1,1,1,1
3170,2.17E-01,3,3170,Not eroded,0,1,0,0,0,0,1,0,0,1,1
3171,5.70E-02,3,3171,Not eroded,0,0,0,0,0,0,1,0,0,1,1
3172,1.47E-01,3,3172,Not eroded,0,0,0,0,0,0,1,0,0,1,1
3173,5.65E-02,2,3173,Not eroded,0,0,0,0,0,0,1,0,1,1,1
3174,2.61E-01,0,3174,Not eroded,0,1,1,1,1,1,1,1,1,1,1
3175,1.79E-01,0,3175,Not eroded,0,0,0,0,0,0,1,1,1,1,1
3176,2.59E-01,3,3176,Not eroded,0,1,1,1,1,1,1,0,0,1,1
3177,3.18E-01,0,3177,ERODED,1,1,1,1,1,1,1,1,1,1,1
3178,2.03E-01,0,3178,Not eroded,0,1,0,0,0,0,1,1,1,1,1
3179,2.98E-01,0,3179,ERODED,1,1,1,1,1,1,1,1,1,1,1
3180,1.27E-01,4,3180,Not eroded,0,0,0,0,0,0,0,0,0,1,1
3181,6.39E-02,5,3181,Not eroded,0,0,0,0,0,0,0,0,0,0,1
3183,8.78E-02,0,3183,Not eroded,0,0,0,0,0,0,1,1,1,1,1
3184,1.09E-01,4,3184,Not eroded,0,0,0,0,0,0,0,0,0,1,1
3185,7.83E-02,4,3185,Not eroded,0,0,0,0,0,0,0,0,0,1,1
3186,2.98E-01,3,3186,Not eroded,0,1,1,1,1,1,1,0,0,1,1
3187,2.79E-01,5,3187,Not eroded,0,1,1,1,1,1,0,0,0,0,1
3188,1.58E-01,0,3188,Not eroded,0,0,0,0,0,0,1,1,1,1,1
3189,2.02E-01,0,3189,Not eroded,0,1,0,0,0,0,1,1,1,1,1
3190,1.83E-01,3,3190,Not eroded,0,0,0,0,0,0,1,0,0,1,1
3191,1.26E-01,0,3191,Not eroded,0,0,0,0,0,0,1,1,1,1,1
3192,1.52E-01,0,3192,Not eroded,0,0,0,0,0,0,1,1,1,1,1
3193,1.92E-01,5,3193,Not eroded,0,1,0,0,0,0,0,0,0,0,1
3195,1.69E-01,4,3195,Not eroded,0,0,0,0,0,0,0,0,0,1,1
3196,7.51E-02,4,3196,Not eroded,0,0,0,0,0,0,0,0,0,1,1
3197,2.36E-01,4,3197,Not eroded,0,1,1,1,0,0,0,0,0,1,1
3198,2.97E-01,0,3198,Not eroded,0,1,1,1,1,1,1,1,1,1,1
3199,2.28E-01,0,3199,Not eroded,0,1,1,0,0,0,1,1,1,1,1
3201,9.01E-02,3,3201,Not eroded,0,0,0,0,0,0,1,0,0,1,1
3202,9.25E-02,0,3202,Not eroded,0,0,0,0,0,0,1,1,1,1,1
3204,5.65E-02,4,3204,Not eroded,0,0,0,0,0,0,0,0,0,1,1
3205,1.03E-01,3,3205,Not eroded,0,0,0,0,0,0,1,0,0,1,1
3206,2.44E-01,4,3206,Not eroded,0,1,1,1,1,0,0,0,0,1,1
3207,8.34E-02,4,3207,Not eroded,0,0,0,0,0,0,0,0,0,1,1
3208,1.36E-01,0,3208,Not eroded,0,0,0,0,0,0,1,1,1,1,1
3209,9.44E-02,0,3209,Not eroded,0,0,0,0,0,0,1,1,1,1,1
3210,1.38E-01,5,3210,Not eroded,0,0,0,0,0,0,0,0,0,0,1
3211,8.99E-02,0,3211,Not eroded,0,0,0,0,0,0,1,1,1,1,1
3212,2.40E-01,0,3212,Not eroded,0,1,1,1,0,0,1,1,1,1,1
3214,1.61E-01,4,3214,Not eroded,0,0,0,0,0,0,0,0,0,1,1
3217,3.17E-01,0,3217,ERODED,1,1,1,1,1,1,1,1,1,1,1
3218,7.18E-02,5,3218,Not eroded,0,0,0,0,0,0,0,0,0,0,1
3219,2.66E-01,5,3219,Not eroded,0,1,1,1,1,1,0,0,0,0,1
3220,1.86E-01,0,3220,Not eroded,0,0,0,0,0,0,1,1,1,1,1
3221,1.60E-01,0,3221,Not eroded,0,0,0,0,0,0,1,1,1,1,1
3222,6.04E-02,5,3222,Not eroded,0,0,0,0,0,0,0,0,0,0,1
3223,1.77E-01,4,3223,Not eroded,0,0,0,0,0,0,0,0,0,1,1
3224,2.14E-01,0,3224,Not eroded,0,1,0,0,0,0,1,1,1,1,1
3225,5.65E-02,2,3225,Not eroded,0,0,0,0,0,0,1,0,1,1,1
3226,8.75E-02,0,3226,Not eroded,0,0,0,0,0,0,1,1,1,1,1
3227,1.25E-01,4,3227,Not eroded,0,0,0,0,0,0,0,0,0,1,1
3228,2.88E-01,5,3228,Not eroded,0,1,1,1,1,1,0,0,0,0,1
3229,6.94E-02,5,3229,Not eroded,0,0,0,0,0,0,0,0,0,0,1
3230,1.14E-01,0,3230,Not eroded,0,0,0,0,0,0,1,1,1,1,1
3231,1.64E-01,4,3231,Not eroded,0,0,0,0,0,0,0,0,0,1,1
3232,8.57E-02,4,3232,Not eroded,0,0,0,0,0,0,0,0,0,1,1
3233,1.03E-01,3,3233,Not eroded,0,0,0,0,0,0,1,0,0,1,1
3234,2.30E-01,0,3234,Not eroded,0,1,1,0,0,0,1,1,1,1,1
3235,1.16E-01,4,3235,Not eroded,0,0,0,0,0,0,0,0,0,1,1
3237,2.52E-01,3,3237,Not eroded,0,1,1,1,1,1,1,0,0,1,1
3238,2.32E-01,4,3238,Not eroded,0,1,1,1,0,0,0,0,0,1,1
3239,2.51E-01,0,3239,Not eroded,0,1,1,1,1,1,1,1,1,1,1
3240,1.96E-01,4,3240,Not eroded,0,1,0,0,0,0,0,0,0,1,1
3241,1.80E-01,2,3241,Not eroded,0,0,0,0,0,0,1,0,1,1,1
3242,1.79E-01,4,3242,Not eroded,0,0,0,0,0,0,0,0,0,1,1
3243,1.07E-01,4,3243,Not eroded,0,0,0,0,0,0,0,0,0,1,1
3244,2.24E-01,4,3244,Not eroded,0,1,1,0,0,0,0,0,0,1,1
3245,2.18E-01,4,3245,Not eroded,0,1,0,0,0,0,0,0,0,1,1
3246,1.36E-01,0,3246,Not eroded,0,0,0,0,0,0,1,1,1,1,1
3247,5.65E-02,4,3247,Not eroded,0,0,0,0,0,0,0,0,0,1,1
3248,2.15E-01,0,3248,Not eroded,0,1,0,0,0,0,1,1,1,1,1
3249,9.80E-02,4,3249,Not eroded,0,0,0,0,0,0,0,0,0,1,1
3250,2.79E-01,5,3250,Not eroded,0,1,1,1,1,1,0,0,0,0,1
3251,1.72E-01,0,3251,Not eroded,0,0,0,0,0,0,1,1,1,1,1
3252,1.26E-01,5,3252,Not eroded,0,0,0,0,0,0,0,0,0,0,1
3253,3.27E-01,0,3253,ERODED,1,1,1,1,1,1,1,1,1,1,1
3254,1.49E-01,0,3254,Not eroded,0,0,0,0,0,0,1,1,1,1,1
3255,2.95E-01,2,3255,Not eroded,0,1,1,1,1,1,1,0,1,1,1
3256,2.78E-01,5,3256,Not eroded,0,1,1,1,1,1,0,0,0,0,1
3257,1.81E-01,5,3257,Not eroded,0,0,0,0,0,0,0,0,0,0,1
3258,2.41E-01,3,3258,Not eroded,0,1,1,1,1,0,1,0,0,1,1
3259,2.57E-01,3,3259,Not eroded,0,1,1,1,1,1,1,0,0,1,1
3260,2.08E-01,4,3260,Not eroded,0,1,0,0,0,0,0,0,0,1,1
3261,2.58E-01,0,3261,Not eroded,0,1,1,1,1,1,1,1,1,1,1
3262,2.31E-01,0,3262,Not eroded,0,1,1,1,0,0,1,1,1,1,1
3263,2.48E-01,4,3263,Not eroded,0,1,1,1,1,0,0,0,0,1,1
3264,1.29E-01,4,3264,Not eroded,0,0,0,0,0,0,0,0,0,1,1
3265,8.12E-02,3,3265,Not eroded,0,0,0,0,0,0,1,0,0,1,1
3266,5.65E-02,5,3266,Not eroded,0,0,0,0,0,0,0,0,0,0,1
3267,6.77E-02,3,3267,Not eroded,0,0,0,0,0,0,1,0,0,1,1
3268,1.26E-01,3,3268,Not eroded,0,0,0,0,0,0,1,0,0,1,1
3269,2.80E-01,5,3269,Not eroded,0,1,1,1,1,1,0,0,0,0,1
3270,2.62E-01,0,3270,Not eroded,0,1,1,1,1,1,1,1,1,1,1
3271,3.22E-01,0,3271,ERODED,1,1,1,1,1,1,1,1,1,1,1
3272,3.18E-01,0,3272,ERODED,1,1,1,1,1,1,1,1,1,1,1
3273,2.82E-01,3,3273,Not eroded,0,1,1,1,1,1,1,0,0,1,1
3275,1.49E-01,4,3275,Not eroded,0,0,0,0,0,0,0,0,0,1,1
3276,5.65E-02,3,3276,Not eroded,0,0,0,0,0,0,1,0,0,1,1
3277,2.64E-01,5,3277,Not eroded,0,1,1,1,1,1,0,0,0,0,1
3278,2.44E-01,4,3278,Not eroded,0,1,1,1,1,0,0,0,0,1,1
3279,3.06E-01,0,3279,ERODED,1,1,1,1,1,1,1,1,1,1,1
3280,1.90E-01,4,3280,Not eroded,0,0,0,0,0,0,0,0,0,1,1
3281,1.99E-01,3,3281,Not eroded,0,1,0,0,0,0,1,0,0,1,1
3282,1.87E-01,4,3282,Not eroded,0,0,0,0,0,0,0,0,0,1,1
3283,5.65E-02,3,3283,Not eroded,0,0,0,0,0,0,1,0,0,1,1
3284,2.17E-01,0,3284,Not eroded,0,1,0,0,0,0,1,1,1,1,1
3285,1.91E-01,4,3285,Not eroded,0,1,0,0,0,0,0,0,0,1,1
3286,1.79E-01,0,3286,Not eroded,0,0,0,0,0,0,1,1,1,1,1
3287,1.05E-01,4,3287,Not eroded,0,0,0,0,0,0,0,0,0,1,1
3288,1.83E-01,3,3288,Not eroded,0,0,0,0,0,0,1,0,0,1,1
3289,9.59E-02,0,3289,Not eroded,0,0,0,0,0,0,1,1,1,1,1
3290,1.18E-01,3,3290,Not eroded,0,0,0,0,0,0,1,0,0,1,1
3292,2.84E-01,4,3292,Not eroded,0,1,1,1,1,1,0,0,0,1,1
3293,1.12E-01,4,3293,Not eroded,0,0,0,0,0,0,0,0,0,1,1
3294,3.02E-01,4,3294,Not eroded,0,1,1,1,1,1,0,0,0,1,1
3295,2.89E-01,6,3295,Not eroded,0,1,1,1,1,1,0,0,0,0,0
3296,2.62E-01,0,3296,ERODED,1,1,1,1,1,1,1,1,1,1,1
3297,3.04E-01,0,3297,ERODED,1,1,1,1,1,1,1,1,1,1,1
3298,2.73E-01,0,3298,Not eroded,0,1,1,1,1,1,1,1,1,1,1
3299,2.98E-01,0,3299,ERODED,1,1,1,1,1,1,1,1,1,1,1
3300,2.04E-01,3,3300,Not eroded,0,1,0,0,0,0,1,0,0,1,1
3301,1.40E-01,0,3301,Not eroded,0,0,0,0,0,0,1,1,1,1,1
3302,1.39E-01,0,3302,Not eroded,0,0,0,0,0,0,1,1,1,1,1
3303,2.11E-01,5,3303,Not eroded,0,1,0,0,0,0,0,0,0,0,1
3304,3.01E-01,0,3304,ERODED,1,1,1,1,1,1,1,1,1,1,1
3305,2.41E-01,4,3305,Not eroded,0,1,1,1,1,0,0,0,0,1,1
3306,2.48E-01,4,3306,Not eroded,0,1,1,1,1,0,0,0,0,1,1
3307,2.93E-01,4,3307,Not eroded,0,1,1,1,1,1,0,0,0,1,1
3308,2.17E-01,0,3308,Not eroded,0,1,0,0,0,0,1,1,1,1,1
3309,9.29E-02,4,3309,Not eroded,0,0,0,0,0,0,0,0,0,1,1
3310,1.36E-01,5,3310,Not eroded,0,0,0,0,0,0,0,0,0,0,1
3311,5.64E-02,3,3311,Not eroded,0,0,0,0,0,0,1,0,0,1,1
3312,1.33E-01,0,3312,Not eroded,0,0,0,0,0,0,1,1,1,1,1
3313,1.24E-01,5,3313,Not eroded,0,0,0,0,0,0,0,0,0,0,1
3314,1.63E-01,3,3314,Not eroded,0,0,0,0,0,0,1,0,0,1,1
3315,1.84E-01,3,3315,Not eroded,0,0,0,0,0,0,1,0,0,1,1
3316,1.34E-01,0,3316,Not eroded,0,0,0,0,0,0,1,1,1,1,1
3317,2.83E-01,2,3317,Not eroded,0,1,1,1,1,1,1,0,1,1,1
3318,6.52E-02,6,3318,Not eroded,0,0,0,0,0,0,0,0,0,0,0
3319,3.05E-01,0,3319,ERODED,1,1,1,1,1,1,1,1,1,1,1
3320,1.51E-01,0,3320,Not eroded,0,0,0,0,0,0,1,1,1,1,1
3321,1.63E-01,5,3321,Not eroded,0,0,0,0,0,0,0,0,0,0,1
3322,5.77E-02,4,3322,Not eroded,0,0,0,0,0,0,0,0,0,1,1
3324,2.44E-01,3,3324,Not eroded,0,1,1,1,1,0,1,0,0,1,1
3325,7.04E-02,4,3325,Not eroded,0,0,0,0,0,0,0,0,0,1,1
3327,5.64E-02,2,3327,Not eroded,0,0,0,0,0,0,1,0,1,1,1
3328,1.13E-01,4,3328,Not eroded,0,0,0,0,0,0,0,0,0,1,1
3329,2.67E-01,4,3329,Not eroded,0,1,1,1,1,1,0,0,0,1,1
3330,2.36E-01,4,3330,Not eroded,0,1,1,1,0,0,0,0,0,1,1
3331,1.62E-01,5,3331,Not eroded,0,0,0,0,0,0,0,0,0,0,1
3332,2.73E-01,0,3332,ERODED,1,1,1,1,1,1,1,1,1,1,1
3333,2.21E-01,0,3333,Not eroded,0,1,1,0,0,0,1,1,1,1,1
3334,1.49E-01,3,3334,Not eroded,0,0,0,0,0,0,1,0,0,1,1
3335,1.63E-01,5,3335,Not eroded,0,0,0,0,0,0,0,0,0,0,1
3336,1.61E-01,0,3336,Not eroded,0,0,0,0,0,0,1,1,1,1,1
3337,1.20E-01,0,3337,Not eroded,0,0,0,0,0,0,1,1,1,1,1
3338,2.07E-01,0,3338,Not eroded,0,1,0,0,0,0,1,1,1,1,1
3339,1.06E-01,0,3339,Not eroded,0,0,0,0,0,0,1,1,1,1,1
3341,1.99E-01,0,3341,Not eroded,0,1,0,0,0,0,1,1,1,1,1
3342,1.87E-01,5,3342,Not eroded,0,0,0,0,0,0,0,0,0,0,1
3343,1.66E-01,0,3343,Not eroded,0,0,0,0,0,0,1,1,1,1,1
3344,5.65E-02,5,3344,Not eroded,0,0,0,0,0,0,0,0,0,0,1
3345,9.65E-02,5,3345,Not eroded,0,0,0,0,0,0,0,0,0,0,1
3346,2.53E-01,4,3346,Not eroded,0,1,1,1,1,1,0,0,0,1,1
3348,2.84E-01,0,3348,Not eroded,0,1,1,1,1,1,1,1,1,1,1
3349,1.46E-01,0,3349,Not eroded,0,0,0,0,0,0,1,1,1,1,1
3350,8.33E-02,0,3350,Not eroded,0,0,0,0,0,0,1,1,1,1,1
3351,1.74E-01,5,3351,Not eroded,0,0,0,0,0,0,0,0,0,0,1
3352,1.92E-01,0,3352,Not eroded,0,1,0,0,0,0,1,1,1,1,1
3353,3.25E-01,0,3353,Not eroded,0,1,1,1,1,1,1,1,1,1,1
3354,1.05E-01,4,3354,Not eroded,0,0,0,0,0,0,0,0,0,1,1
3355,8.28E-02,5,3355,Not eroded,0,0,0,0,0,0,0,0,0,0,1
3356,3.25E-01,0,3356,Not eroded,0,1,1,1,1,1,1,1,1,1,1
3357,1.26E-01,0,3357,Not eroded,0,0,0,0,0,0,1,1,1,1,1
3358,2.45E-01,0,3358,Not eroded,0,1,1,1,1,0,1,1,1,1,1
3359,1.93E-01,4,3359,Not eroded,0,1,0,0,0,0,0,0,0,1,1
3360,1.29E-01,3,3360,Not eroded,0,0,0,0,0,0,1,0,0,1,1
3361,2.64E-01,0,3361,Not eroded,0,1,1,1,1,1,1,1,1,1,1
3362,1.59E-01,0,3362,Not eroded,0,0,0,0,0,0,1,1,1,1,1
3363,2.65E-01,4,3363,Not eroded,0,1,1,1,1,1,0,0,0,1,1
3364,2.95E-01,0,3364,ERODED,1,1,1,1,1,1,1,1,1,1,1
3365,1.84E-01,0,3365,Not eroded,0,0,0,0,0,0,1,1,1,1,1
3366,3.18E-01,0,3366,ERODED,1,1,1,1,1,1,1,1,1,1,1
3367,1.95E-01,3,3367,Not eroded,0,1,0,0,0,0,1,0,0,1,1
3368,9.52E-02,4,3368,Not eroded,0,0,0,0,0,0,0,0,0,1,1
3369,1.51E-01,6,3369,Not eroded,0,0,0,0,0,0,0,0,0,0,0
3372,3.17E-01,0,3372,ERODED,1,1,1,1,1,1,1,1,1,1,1
3373,2.02E-01,4,3373,Not eroded,0,1,0,0,0,0,0,0,0,1,1
3374,2.83E-01,0,3374,ERODED,1,1,1,1,1,1,1,1,1,1,1
3375,2.20E-01,6,3375,Not eroded,0,1,0,0,0,0,0,0,0,0,0
3376,1.31E-01,3,3376,Not eroded,0,0,0,0,0,0,1,0,0,1,1
3377,9.95E-02,0,3377,Not eroded,0,0,0,0,0,0,1,1,1,1,1
3379,1.87E-01,0,3379,Not eroded,0,0,0,0,0,0,1,1,1,1,1
3380,1.52E-01,0,3380,Not eroded,0,0,0,0,0,0,1,1,1,1,1
3381,2.63E-01,6,3381,Not eroded,0,1,1,1,1,1,0,0,0,0,0
3382,2.00E-01,0,3382,Not eroded,0,1,0,0,0,0,1,1,1,1,1
3383,2.96E-01,0,3383,Not eroded,0,1,1,1,1,1,1,1,1,1,1
3384,1.05E-01,0,3384,Not eroded,0,0,0,0,0,0,1,1,1,1,1
3385,3.15E-01,0,3385,ERODED,1,1,1,1,1,1,1,1,1,1,1
3386,1.66E-01,4,3386,Not eroded,0,0,0,0,0,0,0,0,0,1,1
3387,1.57E-01,5,3387,Not eroded,0,0,0,0,0,0,0,0,0,0,1
3388,5.67E-02,6,3388,Not eroded,0,0,0,0,0,0,0,0,0,0,0
3389,2.65E-01,0,3389,Not eroded,0,1,1,1,1,1,1,1,1,1,1
3390,5.65E-02,3,3390,Not eroded,0,0,0,0,0,0,1,0,0,1,1
3392,2.27E-01,4,3392,Not eroded,0,1,1,0,0,0,0,0,0,1,1
3393,1.93E-01,5,3393,Not eroded,0,1,0,0,0,0,0,0,0,0,1
3394,5.67E-02,0,3394,Not eroded,0,0,0,0,0,0,1,1,1,1,1
3395,2.04E-01,3,3395,Not eroded,0,1,0,0,0,0,1,0,0,1,1
3396,5.84E-02,4,3396,Not eroded,0,0,0,0,0,0,0,0,0,1,1
3397,6.59E-02,5,3397,Not eroded,0,0,0,0,0,0,0,0,0,0,1
3398,2.87E-01,3,3398,Not eroded,0,1,1,1,1,1,1,0,0,1,1
3399,8.10E-02,5,3399,Not eroded,0,0,0,0,0,0,0,0,0,0,1
3400,2.13E-01,0,3400,Not eroded,0,1,0,0,0,0,1,1,1,1,1
3401,2.62E-01,4,3401,Not eroded,0,1,1,1,1,1,0,0,0,1,1
3402,2.90E-01,0,3402,ERODED,1,1,1,1,1,1,1,1,1,1,1
3403,2.30E-01,6,3403,Not eroded,0,1,1,0,0,0,0,0,0,0,0
3404,1.34E-01,3,3404,Not eroded,0,0,0,0,0,0,1,0,0,1,1
3405,2.34E-01,4,3405,Not eroded,0,1,1,1,0,0,0,0,0,1,1
3406,1.21E-01,3,3406,Not eroded,0,0,0,0,0,0,1,0,0,1,1
3407,2.64E-01,3,3407,Not eroded,0,1,1,1,1,1,1,0,0,1,1
3408,3.06E-01,0,3408,ERODED,1,1,1,1,1,1,1,1,1,1,1
3409,6.10E-02,5,3409,Not eroded,0,0,0,0,0,0,0,0,0,0,1
3410,1.90E-01,0,3410,Not eroded,0,0,0,0,0,0,1,1,1,1,1
3412,6.48E-02,2,3412,Not eroded,0,0,0,0,0,0,1,0,1,1,1
3413,9.20E-02,6,3413,Not eroded,0,0,0,0,0,0,0,0,0,0,0
3414,2.55E-01,4,3414,Not eroded,0,1,1,1,1,1,0,0,0,1,1
3415,2.28E-01,6,3415,Not eroded,0,1,1,0,0,0,0,0,0,0,0
3416,1.37E-01,4,3416,Not eroded,0,0,0,0,0,0,0,0,0,1,1
3418,3.01E-01,3,3418,Not eroded,0,1,1,1,1,1,1,0,0,1,1
3419,2.21E-01,5,3419,Not eroded,0,1,1,0,0,0,0,0,0,0,1
3420,1.97E-01,5,3420,Not eroded,0,1,0,0,0,0,0,0,0,0,1
3421,3.08E-01,0,3421,ERODED,1,1,1,1,1,1,1,1,1,1,1
3422,1.72E-01,3,3422,Not eroded,0,0,0,0,0,0,1,0,0,1,1
3424,5.65E-02,3,3424,Not eroded,0,0,0,0,0,0,1,0,0,1,1
3425,1.79E-01,2,3425,Not eroded,0,0,0,0,0,0,1,0,1,1,1
3426,9.30E-02,5,3426,Not eroded,0,0,0,0,0,0,0,0,0,0,1
3427,1.66E-01,0,3427,Not eroded,0,0,0,0,0,0,1,1,1,1,1
3428,2.54E-01,0,3428,Not eroded,0,1,1,1,1,1,1,1,1,1,1
3429,3.05E-01,0,3429,Not eroded,0,1,1,1,1,1,1,1,1,1,1
3430,2.06E-01,4,3430,Not eroded,0,1,0,0,0,0,0,0,0,1,1
3431,2.20E-01,4,3431,Not eroded,0,1,0,0,0,0,0,0,0,1,1
3433,2.88E-01,3,3433,Not eroded,0,1,1,1,1,1,1,0,0,1,1
3434,3.00E-01,0,3434,Not eroded,0,1,1,1,1,1,1,1,1,1,1
3435,2.75E-01,3,3435,Not eroded,0,1,1,1,1,1,1,0,0,1,1
3436,2.86E-01,4,3436,Not eroded,0,1,1,1,1,1,0,0,0,1,1
3437,2.58E-01,3,3437,Not eroded,0,1,1,1,1,1,1,0,0,1,1
3438,3.21E-01,0,3438,ERODED,1,1,1,1,1,1,1,1,1,1,1
3439,7.74E-02,0,3439,Not eroded,0,0,0,0,0,0,1,1,1,1,1
3441,1.60E-01,6,3441,Not eroded,0,0,0,0,0,0,0,0,0,0,0
3442,6.93E-02,5,3442,Not eroded,0,0,0,0,0,0,0,0,0,0,1
3443,2.02E-01,0,3443,Not eroded,0,1,0,0,0,0,1,1,1,1,1
3444,2.03E-01,0,3444,Not eroded,0,1,0,0,0,0,1,1,1,1,1
3445,3.25E-01,0,3445,ERODED,1,1,1,1,1,1,1,1,1,1,1
3446,3.28E-01,0,3446,ERODED,1,1,1,1,1,1,1,1,1,1,1
3447,2.31E-01,0,3447,Not eroded,0,1,1,1,0,0,1,1,1,1,1
3448,2.67E-01,3,3448,Not eroded,0,1,1,1,1,1,1,0,0,1,1
3449,1.71E-01,2,3449,Not eroded,0,0,0,0,0,0,1,0,1,1,1
3450,2.50E-01,4,3450,Not eroded,0,1,1,1,1,0,0,0,0,1,1
3451,1.02E-01,4,3451,Not eroded,0,0,0,0,0,0,0,0,0,1,1
3452,3.34E-01,0,3452,ERODED,1,1,1,1,1,1,1,1,1,1,1
3453,3.18E-01,0,3453,ERODED,1,1,1,1,1,1,1,1,1,1,1
3454,8.64E-02,3,3454,Not eroded,0,0,0,0,0,0,1,0,0,1,1
3455,2.83E-01,0,3455,ERODED,1,1,1,1,1,1,1,1,1,1,1
3456,2.54E-01,0,3456,Not eroded,0,1,1,1,1,1,1,1,1,1,1
3457,1.70E-01,4,3457,Not eroded,0,0,0,0,0,0,0,0,0,1,1
3458,1.97E-01,4,3458,Not eroded,0,1,0,0,0,0,0,0,0,1,1
3459,9.39E-02,4,3459,Not eroded,0,0,0,0,0,0,0,0,0,1,1
3460,9.52E-02,6,3460,Not eroded,0,0,0,0,0,0,0,0,0,0,0
3462,1.61E-01,6,3462,Not eroded,0,0,0,0,0,0,0,0,0,0,0
3463,1.41E-01,0,3463,Not eroded,0,0,0,0,0,0,1,1,1,1,1
3464,2.71E-01,4,3464,Not eroded,0,1,1,1,1,1,0,0,0,1,1
3465,5.88E-02,4,3465,Not eroded,0,0,0,0,0,0,0,0,0,1,1
3466,1.63E-01,0,3466,Not eroded,0,0,0,0,0,0,1,1,1,1,1
3467,3.04E-01,0,3467,ERODED,1,1,1,1,1,1,1,1,1,1,1
3468,1.25E-01,4,3468,Not eroded,0,0,0,0,0,0,0,0,0,1,1
3469,5.64E-02,4,3469,Not eroded,0,0,0,0,0,0,0,0,0,1,1
3470,2.83E-01,3,3470,ERODED,1,1,1,1,1,1,1,0,0,1,1
3471,2.23E-01,4,3471,Not eroded,0,1,1,0,0,0,0,0,0,1,1
3472,3.04E-01,0,3472,ERODED,1,1,1,1,1,1,1,1,1,1,1
3473,1.33E-01,5,3473,Not eroded,0,0,0,0,0,0,0,0,0,0,1
3474,2.03E-01,4,3474,Not eroded,0,1,0,0,0,0,0,0,0,1,1
3475,2.42E-01,3,3475,Not eroded,0,1,1,1,1,0,1,0,0,1,1
3476,2.12E-01,2,3476,Not eroded,0,1,0,0,0,0,1,0,1,1,1
3477,1.45E-01,0,3477,Not eroded,0,0,0,0,0,0,1,1,1,1,1
3478,1.86E-01,0,3478,Not eroded,0,0,0,0,0,0,1,1,1,1,1
3479,1.27E-01,4,3479,Not eroded,0,0,0,0,0,0,0,0,0,1,1
3480,2.89E-01,0,3480,ERODED,1,1,1,1,1,1,1,1,1,1,1
3481,1.67E-01,4,3481,Not eroded,0,0,0,0,0,0,0,0,0,1,1
3482,2.56E-01,0,3482,Not eroded,0,1,1,1,1,1,1,1,1,1,1
3483,1.48E-01,4,3483,Not eroded,0,0,0,0,0,0,0,0,0,1,1
3484,3.14E-01,0,3484,ERODED,1,1,1,1,1,1,1,1,1,1,1
3485,9.03E-02,4,3485,Not eroded,0,0,0,0,0,0,0,0,0,1,1
3486,6.52E-02,7,3486,Not eroded,0,0,0,0,0,0,0,0,0,0,0
3487,3.13E-01,0,3487,ERODED,1,1,1,1,1,1,1,1,1,1,1
3489,2.35E-01,5,3489,Not eroded,0,1,1,1,0,0,0,0,0,0,1
3490,2.22E-01,0,3490,Not eroded,0,1,1,0,0,0,1,1,1,1,1
3491,3.18E-01,0,3491,ERODED,1,1,1,1,1,1,1,1,1,1,1
3492,9.00E-02,0,3492,Not eroded,0,0,0,0,0,0,1,1,1,1,1
3493,1.84E-01,2,3493,Not eroded,0,0,0,0,0,0,1,0,1,1,1
3494,9.43E-02,0,3494,Not eroded,0,0,0,0,0,0,1,1,1,1,1
3495,2.36E-01,4,3495,Not eroded,0,1,1,1,0,0,0,0,0,1,1
3497,1.58E-01,0,3497,Not eroded,0,0,0,0,0,0,1,1,1,1,1
3498,1.86E-01,6,3498,Not eroded,0,0,0,0,0,0,0,0,0,0,0
3499,2.47E-01,4,3499,Not eroded,0,1,1,1,1,0,0,0,0,1,1
3500,2.51E-01,3,3500,Not eroded,0,1,1,1,1,1,1,0,0,1,1
3501,2.55E-01,0,3501,ERODED,1,1,1,1,1,1,1,1,1,1,1
3502,2.65E-01,3,3502,Not eroded,0,1,1,1,1,1,1,0,0,1,1
3503,7.93E-02,4,3503,Not eroded,0,0,0,0,0,0,0,0,0,1,1
3504,5.64E-02,3,3504,Not eroded,0,0,0,0,0,0,1,0,0,1,1
3505,1.19E-01,0,3505,Not eroded,0,0,0,0,0,0,1,1,1,1,1
3506,6.63E-02,5,3506,Not eroded,0,0,0,0,0,0,0,0,0,0,1
3507,1.34E-01,0,3507,Not eroded,0,0,0,0,0,0,1,1,1,1,1
3508,3.02E-01,0,3508,ERODED,1,1,1,1,1,1,1,1,1,1,1
3509,1.68E-01,6,3509,Not eroded,0,0,0,0,0,0,0,0,0,0,0
3510,2.16E-01,4,3510,Not eroded,0,1,0,0,0,0,0,0,0,1,1
3511,8.77E-02,3,3511,Not eroded,0,0,0,0,0,0,1,0,0,1,1
3512,7.52E-02,5,3512,Not eroded,0,0,0,0,0,0,0,0,0,0,1
3513,1.30E-01,5,3513,Not eroded,0,0,0,0,0,0,0,0,0,0,1
3518,1.52E-01,6,3518,Not eroded,0,0,0,0,0,0,0,0,0,0,0
3519,9.26E-02,0,3519,Not eroded,0,0,0,0,0,0,1,1,1,1,1
3520,2.22E-01,6,3520,Not eroded,0,1,1,0,0,0,0,0,0,0,0
3521,1.68E-01,0,3521,Not eroded,0,0,0,0,0,0,1,1,1,1,1
3522,6.46E-02,4,3522,Not eroded,0,0,0,0,0,0,0,0,0,1,1
3523,2.10E-01,0,3523,Not eroded,0,1,0,0,0,0,1,1,1,1,1
3524,7.09E-02,4,3524,Not eroded,0,0,0,0,0,0,0,0,0,1,1
3525,2.75E-01,0,3525,Not eroded,0,1,1,1,1,1,1,1,1,1,1
3527,1.31E-01,3,3527,Not eroded,0,0,0,0,0,0,1,0,0,1,1
3528,1.99E-01,3,3528,Not eroded,0,1,0,0,0,0,1,0,0,1,1
3529,2.05E-01,3,3529,Not eroded,0,1,0,0,0,0,1,0,0,1,1
3531,2.70E-01,4,3531,Not eroded,0,1,1,1,1,1,0,0,0,1,1
3532,2.80E-01,0,3532,Not eroded,0,1,1,1,1,1,1,1,1,1,1
3533,2.17E-01,2,3533,Not eroded,0,1,0,0,0,0,1,0,1,1,1
3534,8.94E-02,4,3534,Not eroded,0,0,0,0,0,0,0,0,0,1,1
3535,1.81E-01,4,3535,Not eroded,0,0,0,0,0,0,0,0,0,1,1
3536,3.16E-01,0,3536,ERODED,1,1,1,1,1,1,1,1,1,1,1
3537,3.03E-01,4,3537,Not eroded,0,1,1,1,1,1,0,0,0,1,1
3538,2.55E-01,4,3538,Not eroded,0,1,1,1,1,1,0,0,0,1,1
3539,2.25E-01,3,3539,Not eroded,0,1,1,0,0,0,1,0,0,1,1
3540,2.13E-01,6,3540,Not eroded,0,1,0,0,0,0,0,0,0,0,0
3541,3.17E-01,0,3541,ERODED,1,1,1,1,1,1,1,1,1,1,1
3542,2.44E-01,4,3542,Not eroded,0,1,1,1,1,0,0,0,0,1,1
3543,2.71E-01,4,3543,Not eroded,0,1,1,1,1,1,0,0,0,1,1
3544,2.09E-01,5,3544,Not eroded,0,1,0,0,0,0,0,0,0,0,1
3545,1.77E-01,5,3545,Not eroded,0,0,0,0,0,0,0,0,0,0,1
3546,1.70E-01,4,3546,Not eroded,0,0,0,0,0,0,0,0,0,1,1
3547,8.96E-02,5,3547,Not eroded,0,0,0,0,0,0,0,0,0,0,1
3548,1.64E-01,0,3548,Not eroded,0,0,0,0,0,0,1,1,1,1,1
3549,1.45E-01,4,3549,Not eroded,0,0,0,0,0,0,0,0,0,1,1
3550,1.39E-01,0,3550,Not eroded,0,0,0,0,0,0,1,1,1,1,1
3551,5.65E-02,4,3551,Not eroded,0,0,0,0,0,0,0,0,0,1,1
3552,1.56E-01,4,3552,Not eroded,0,0,0,0,0,0,0,0,0,1,1
3553,8.43E-02,3,3553,Not eroded,0,0,0,0,0,0,1,0,0,1,1
3554,1.67E-01,0,3554,Not eroded,0,0,0,0,0,0,1,1,1,1,1
3555,2.57E-01,0,3555,Not eroded,0,1,1,1,1,1,1,1,1,1,1
3557,1.00E-01,3,3557,Not eroded,0,0,0,0,0,0,1,0,0,1,1
3558,2.56E-01,5,3558,Not eroded,0,1,1,1,1,1,0,0,0,0,1
3559,2.02E-01,0,3559,Not eroded,0,1,0,0,0,0,1,1,1,1,1
3560,1.41E-01,4,3560,Not eroded,0,0,0,0,0,0,0,0,0,1,1
3561,1.60E-01,6,3561,Not eroded,0,0,0,0,0,0,0,0,0,0,0
3562,1.21E-01,0,3562,Not eroded,0,0,0,0,0,0,1,1,1,1,1
3563,1.23E-01,5,3563,Not eroded,0,0,0,0,0,0,0,0,0,0,1
3564,6.30E-02,4,3564,Not eroded,0,0,0,0,0,0,0,0,0,1,1
3565,8.91E-02,4,3565,Not eroded,0,0,0,0,0,0,0,0,0,1,1
3566,1.20E-01,4,3566,Not eroded,0,0,0,0,0,0,0,0,0,1,1
3567,1.31E-01,5,3567,Not eroded,0,0,0,0,0,0,0,0,0,0,1
3568,2.92E-01,5,3568,Not eroded,0,1,1,1,1,1,0,0,0,0,1
3569,2.91E-01,0,3569,ERODED,1,1,1,1,1,1,1,1,1,1,1
3570,2.89E-01,0,3570,Not eroded,0,1,1,1,1,1,1,1,1,1,1
3571,2.93E-01,0,3571,ERODED,1,1,1,1,1,1,1,1,1,1,1
3572,3.17E-01,0,3572,ERODED,1,1,1,1,1,1,1,1,1,1,1
3573,2.96E-01,3,3573,Not eroded,0,1,1,1,1,1,1,0,0,1,1
3575,1.69E-01,4,3575,Not eroded,0,0,0,0,0,0,0,0,0,1,1
3577,2.20E-01,4,3577,Not eroded,0,1,0,0,0,0,0,0,0,1,1
3578,2.63E-01,4,3578,Not eroded,0,1,1,1,1,1,0,0,0,1,1
3579,1.38E-01,5,3579,Not eroded,0,0,0,0,0,0,0,0,0,0,1
3580,1.83E-01,2,3580,Not eroded,0,0,0,0,0,0,1,0,1,1,1
3581,1.79E-01,4,3581,Not eroded,0,0,0,0,0,0,0,0,0,1,1
3582,2.67E-01,0,3582,Not eroded,0,1,1,1,1,1,1,1,1,1,1
3583,9.45E-02,5,3583,Not eroded,0,0,0,0,0,0,0,0,0,0,1
3584,1.61E-01,4,3584,Not eroded,0,0,0,0,0,0,0,0,0,1,1
3586,5.65E-02,4,3586,Not eroded,0,0,0,0,0,0,0,0,0,1,1
3587,2.11E-01,6,3587,Not eroded,0,1,0,0,0,0,0,0,0,0,0
3588,1.80E-01,4,3588,Not eroded,0,0,0,0,0,0,0,0,0,1,1
3590,2.75E-01,0,3590,Not eroded,0,1,1,1,1,1,1,1,1,1,1
3591,7.84E-02,0,3591,Not eroded,0,0,0,0,0,0,1,1,1,1,1
3592,1.99E-01,2,3592,Not eroded,0,1,0,0,0,0,1,0,1,1,1
3593,2.97E-01,0,3593,ERODED,1,1,1,1,1,1,1,1,1,1,1
3594,5.65E-02,3,3594,Not eroded,0,0,0,0,0,0,1,0,0,1,1
3595,2.09E-01,4,3595,Not eroded,0,1,0,0,0,0,0,0,0,1,1
3596,2.68E-01,0,3596,Not eroded,0,1,1,1,1,1,1,1,1,1,1
3597,1.25E-01,0,3597,Not eroded,0,0,0,0,0,0,1,1,1,1,1
3598,1.15E-01,5,3598,Not eroded,0,0,0,0,0,0,0,0,0,0,1
3599,1.66E-01,0,3599,Not eroded,0,0,0,0,0,0,1,1,1,1,1
3600,2.85E-01,0,3600,Not eroded,0,1,1,1,1,1,1,1,1,1,1
3601,3.30E-01,0,3601,ERODED,1,1,1,1,1,1,1,1,1,1,1
3602,3.04E-01,0,3602,ERODED,1,1,1,1,1,1,1,1,1,1,1
3603,2.84E-01,0,3603,ERODED,1,1,1,1,1,1,1,1,1,1,1
3604,2.18E-01,3,3604,Not eroded,0,1,0,0,0,0,1,0,0,1,1
3605,1.33E-01,4,3605,Not eroded,0,0,0,0,0,0,0,0,0,1,1
3606,6.52E-02,4,3606,Not eroded,0,0,0,0,0,0,0,0,0,1,1
3607,3.33E-01,0,3607,ERODED,1,1,1,1,1,1,1,1,1,1,1
3608,1.64E-01,0,3608,Not eroded,0,0,0,0,0,0,1,1,1,1,1
3609,8.51E-02,5,3609,Not eroded,0,0,0,0,0,0,0,0,0,0,1
3610,1.26E-01,5,3610,Not eroded,0,0,0,0,0,0,0,0,0,0,1
3611,5.66E-02,0,3611,Not eroded,0,0,0,0,0,0,1,1,1,1,1
3612,2.43E-01,5,3612,Not eroded,0,1,1,1,1,0,0,0,0,0,1
3613,1.71E-01,0,3613,Not eroded,0,0,0,0,0,0,1,1,1,1,1
3614,1.05E-01,4,3614,Not eroded,0,0,0,0,0,0,0,0,0,1,1
3615,1.51E-01,3,3615,Not eroded,0,0,0,0,0,0,1,0,0,1,1
3616,6.50E-02,3,3616,Not eroded,0,0,0,0,0,0,1,0,0,1,1
3617,1.75E-01,5,3617,Not eroded,0,0,0,0,0,0,0,0,0,0,1
3618,2.59E-01,0,3618,Not eroded,0,1,1,1,1,1,1,1,1,1,1
3619,2.83E-01,5,3619,Not eroded,0,1,1,1,1,1,0,0,0,0,1
3621,2.76E-01,5,3621,Not eroded,0,1,1,1,1,1,0,0,0,0,1
3623,2.82E-01,7,3623,Not eroded,0,1,1,1,1,1,0,0,0,0,0
3624,2.26E-01,5,3624,Not eroded,0,1,1,0,0,0,0,0,0,0,1
3625,2.65E-01,0,3625,Not eroded,0,1,1,1,1,1,1,1,1,1,1
3626,1.47E-01,4,3626,Not eroded,0,0,0,0,0,0,0,0,0,1,1
3627,3.12E-01,0,3627,ERODED,1,1,1,1,1,1,1,1,1,1,1
3628,1.77E-01,6,3628,Not eroded,0,0,0,0,0,0,0,0,0,0,0
3629,9.17E-02,3,3629,Not eroded,0,0,0,0,0,0,1,0,0,1,1
3630,2.57E-01,5,3630,Not eroded,0,1,1,1,1,1,0,0,0,0,1
3631,6.53E-02,0,3631,Not eroded,0,0,0,0,0,0,1,1,1,1,1
3632,1.38E-01,5,3632,Not eroded,0,0,0,0,0,0,0,0,0,0,1
3633,2.51E-01,3,3633,Not eroded,0,1,1,1,1,1,1,0,0,1,1
3634,2.73E-01,5,3634,Not eroded,0,1,1,1,1,1,0,0,0,0,1
3635,2.91E-01,4,3635,Not eroded,0,1,1,1,1,1,0,0,0,1,1
3636,1.31E-01,0,3636,Not eroded,0,0,0,0,0,0,1,1,1,1,1
3637,1.68E-01,0,3637,Not eroded,0,0,0,0,0,0,1,1,1,1,1
3638,5.65E-02,2,3638,Not eroded,0,0,0,0,0,0,1,0,1,1,1
3639,3.20E-01,0,3639,ERODED,1,1,1,1,1,1,1,1,1,1,1
3640,2.24E-01,0,3640,Not eroded,0,1,1,0,0,0,1,1,1,1,1
3642,2.27E-01,0,3642,Not eroded,0,1,1,0,0,0,1,1,1,1,1
3643,8.59E-02,5,3643,Not eroded,0,0,0,0,0,0,0,0,0,0,1
3644,9.49E-02,3,3644,Not eroded,0,0,0,0,0,0,1,0,0,1,1
3645,1.07E-01,3,3645,Not eroded,0,0,0,0,0,0,1,0,0,1,1
3646,2.67E-01,0,3646,ERODED,1,1,1,1,1,1,1,1,1,1,1
3647,2.88E-01,4,3647,Not eroded,0,1,1,1,1,1,0,0,0,1,1
3648,1.61E-01,0,3648,Not eroded,0,0,0,0,0,0,1,1,1,1,1
3650,2.97E-01,4,3650,Not eroded,0,1,1,1,1,1,0,0,0,1,1
3651,1.18E-01,4,3651,Not eroded,0,0,0,0,0,0,0,0,0,1,1
3652,1.68E-01,0,3652,Not eroded,0,0,0,0,0,0,1,1,1,1,1
3653,1.58E-01,0,3653,Not eroded,0,0,0,0,0,0,1,1,1,1,1
3654,2.64E-01,0,3654,Not eroded,0,1,1,1,1,1,1,1,1,1,1
3655,2.37E-01,5,3655,Not eroded,0,1,1,1,0,0,0,0,0,0,1
3656,8.32E-02,0,3656,Not eroded,0,0,0,0,0,0,1,1,1,1,1
3657,5.66E-02,3,3657,Not eroded,0,0,0,0,0,0,1,0,0,1,1
3658,2.87E-01,3,3658,Not eroded,0,1,1,1,1,1,1,0,0,1,1
3659,1.34E-01,4,3659,Not eroded,0,0,0,0,0,0,0,0,0,1,1
3660,2.82E-01,3,3660,Not eroded,0,1,1,1,1,1,1,0,0,1,1
3661,1.39E-01,0,3661,Not eroded,0,0,0,0,0,0,1,1,1,1,1
3662,1.96E-01,4,3662,Not eroded,0,1,0,0,0,0,0,0,0,1,1
3663,1.52E-01,2,3663,Not eroded,0,0,0,0,0,0,1,0,1,1,1
3664,2.71E-01,4,3664,Not eroded,0,1,1,1,1,1,0,0,0,1,1
3665,2.20E-01,2,3665,Not eroded,0,1,0,0,0,0,1,0,1,1,1
3666,2.61E-01,4,3666,Not eroded,0,1,1,1,1,1,0,0,0,1,1
3667,2.44E-01,4,3667,Not eroded,0,1,1,1,1,0,0,0,0,1,1
3668,1.37E-01,0,3668,Not eroded,0,0,0,0,0,0,1,1,1,1,1
3669,1.22E-01,4,3669,Not eroded,0,0,0,0,0,0,0,0,0,1,1
3670,5.65E-02,4,3670,Not eroded,0,0,0,0,0,0,0,0,0,1,1
3671,2.36E-01,0,3671,Not eroded,0,1,1,1,0,0,1,1,1,1,1
3672,2.62E-01,3,3672,Not eroded,0,1,1,1,1,1,1,0,0,1,1
3673,3.20E-01,0,3673,ERODED,1,1,1,1,1,1,1,1,1,1,1
3674,1.37E-01,5,3674,Not eroded,0,0,0,0,0,0,0,0,0,0,1
3675,6.51E-02,7,3675,Not eroded,0,0,0,0,0,0,0,0,0,0,0
3676,1.79E-01,4,3676,Not eroded,0,0,0,0,0,0,0,0,0,1,1
3677,1.38E-01,0,3677,Not eroded,0,0,0,0,0,0,1,1,1,1,1
3678,1.36E-01,4,3678,Not eroded,0,0,0,0,0,0,0,0,0,1,1
3679,2.23E-01,4,3679,Not eroded,0,1,1,0,0,0,0,0,0,1,1
3680,1.97E-01,5,3680,Not eroded,0,1,0,0,0,0,0,0,0,0,1
3681,2.99E-01,0,3681,ERODED,1,1,1,1,1,1,1,1,1,1,1
3682,5.65E-02,3,3682,Not eroded,0,0,0,0,0,0,1,0,0,1,1
3683,1.61E-01,0,3683,Not eroded,0,0,0,0,0,0,1,1,1,1,1
3684,3.11E-01,3,3684,Not eroded,0,1,1,1,1,1,1,0,0,1,1
3685,1.97E-01,4,3685,Not eroded,0,1,0,0,0,0,0,0,0,1,1
3686,1.37E-01,3,3686,Not eroded,0,0,0,0,0,0,1,0,0,1,1
3687,1.49E-01,5,3687,Not eroded,0,0,0,0,0,0,0,0,0,0,1
3688,1.53E-01,5,3688,Not eroded,0,0,0,0,0,0,0,0,0,0,1
3689,1.88E-01,4,3689,Not eroded,0,0,0,0,0,0,0,0,0,1,1
3690,2.54E-01,0,3690,Not eroded,0,1,1,1,1,1,1,1,1,1,1
3691,1.95E-01,6,3691,Not eroded,0,1,0,0,0,0,0,0,0,0,0
3692,6.08E-02,4,3692,Not eroded,0,0,0,0,0,0,0,0,0,1,1
3693,2.84E-01,3,3693,Not eroded,0,1,1,1,1,1,1,0,0,1,1
3694,2.98E-01,0,3694,ERODED,1,1,1,1,1,1,1,1,1,1,1
3695,3.16E-01,0,3695,ERODED,1,1,1,1,1,1,1,1,1,1,1
3696,5.65E-02,4,3696,Not eroded,0,0,0,0,0,0,0,0,0,1,1
3697,1.77E-01,3,3697,Not eroded,0,0,0,0,0,0,1,0,0,1,1
3700,2.18E-01,4,3700,Not eroded,0,1,0,0,0,0,0,0,0,1,1
3701,7.10E-02,4,3701,Not eroded,0,0,0,0,0,0,0,0,0,1,1
3703,2.33E-01,2,3703,Not eroded,0,1,1,1,0,0,1,0,1,1,1
3704,2.70E-01,0,3704,ERODED,1,1,1,1,1,1,1,1,1,1,1
3705,2.33E-01,4,3705,Not eroded,0,1,1,1,0,0,0,0,0,1,1
3706,1.58E-01,0,3706,Not eroded,0,0,0,0,0,0,1,1,1,1,1
3708,1.10E-01,0,3708,Not eroded,0,0,0,0,0,0,1,1,1,1,1
3710,8.34E-02,0,3710,Not eroded,0,0,0,0,0,0,1,1,1,1,1
3711,3.08E-01,0,3711,ERODED,1,1,1,1,1,1,1,1,1,1,1
3712,1.12E-01,3,3712,Not eroded,0,0,0,0,0,0,1,0,0,1,1
3713,2.49E-01,2,3713,Not eroded,0,1,1,1,1,0,1,0,1,1,1
3714,5.64E-02,4,3714,Not eroded,0,0,0,0,0,0,0,0,0,1,1
3716,1.83E-01,5,3716,Not eroded,0,0,0,0,0,0,0,0,0,0,1
3718,8.33E-02,4,3718,Not eroded,0,0,0,0,0,0,0,0,0,1,1
3720,5.78E-02,2,3720,Not eroded,0,0,0,0,0,0,1,0,1,1,1
3721,1.06E-01,0,3721,Not eroded,0,0,0,0,0,0,1,1,1,1,1
3722,6.40E-02,4,3722,Not eroded,0,0,0,0,0,0,0,0,0,1,1
3723,1.70E-01,4,3723,Not eroded,0,0,0,0,0,0,0,0,0,1,1
3724,1.13E-01,5,3724,Not eroded,0,0,0,0,0,0,0,0,0,0,1
3725,2.32E-01,4,3725,Not eroded,0,1,1,1,0,0,0,0,0,1,1
3726,2.15E-01,5,3726,Not eroded,0,1,0,0,0,0,0,0,0,0,1
3727,1.57E-01,8,3727,Not eroded,0,0,0,0,0,0,0,0,0,0,0
3728,8.34E-02,4,3728,Not eroded,0,0,0,0,0,0,0,0,0,1,1
3730,2.44E-01,3,3730,Not eroded,0,1,1,1,1,0,1,0,0,1,1
3731,1.84E-01,5,3731,Not eroded,0,0,0,0,0,0,0,0,0,0,1
3733,2.13E-01,4,3733,Not eroded,0,1,0,0,0,0,0,0,0,1,1
3734,3.18E-01,0,3734,ERODED,1,1,1,1,1,1,1,1,1,1,1
3735,2.38E-01,4,3735,Not eroded,0,1,1,1,0,0,0,0,0,1,1
3736,5.99E-02,5,3736,Not eroded,0,0,0,0,0,0,0,0,0,0,1
3737,2.19E-01,0,3737,Not eroded,0,1,0,0,0,0,1,1,1,1,1
3738,2.74E-01,3,3738,Not eroded,0,1,1,1,1,1,1,0,0,1,1
3739,1.30E-01,3,3739,Not eroded,0,0,0,0,0,0,1,0,0,1,1
3740,2.57E-01,5,3740,Not eroded,0,1,1,1,1,1,0,0,0,0,1
3741,1.98E-01,3,3741,Not eroded,0,1,0,0,0,0,1,0,0,1,1
3742,1.94E-01,0,3742,Not eroded,0,1,0,0,0,0,1,1,1,1,1
3743,1.61E-01,2,3743,Not eroded,0,0,0,0,0,0,1,0,1,1,1
3744,8.93E-02,4,3744,Not eroded,0,0,0,0,0,0,0,0,0,1,1
3745,7.57E-02,4,3745,Not eroded,0,0,0,0,0,0,0,0,0,1,1
3747,2.89E-01,3,3747,Not eroded,0,1,1,1,1,1,1,0,0,1,1
3748,2.25E-01,0,3748,Not eroded,0,1,1,0,0,0,1,1,1,1,1
3749,5.77E-02,4,3749,Not eroded,0,0,0,0,0,0,0,0,0,1,1
3750,1.49E-01,0,3750,Not eroded,0,0,0,0,0,0,1,1,1,1,1
3751,2.02E-01,4,3751,Not eroded,0,1,0,0,0,0,0,0,0,1,1
3754,5.65E-02,3,3754,Not eroded,0,0,0,0,0,0,1,0,0,1,1
3755,5.66E-02,2,3755,Not eroded,0,0,0,0,0,0,1,0,1,1,1
3756,9.76E-02,0,3756,Not eroded,0,0,0,0,0,0,1,1,1,1,1
3757,1.76E-01,0,3757,Not eroded,0,0,0,0,0,0,1,1,1,1,1
3758,1.36E-01,5,3758,Not eroded,0,0,0,0,0,0,0,0,0,0,1
3759,2.58E-01,3,3759,Not eroded,0,1,1,1,1,1,1,0,0,1,1
3760,9.81E-02,0,3760,Not eroded,0,0,0,0,0,0,1,1,1,1,1
3761,2.39E-01,5,3761,Not eroded,0,1,1,1,0,0,0,0,0,0,1
3762,1.99E-01,0,3762,Not eroded,0,1,0,0,0,0,1,1,1,1,1
3763,2.60E-01,6,3763,Not eroded,0,1,1,1,1,1,0,0,0,0,0
3764,1.23E-01,5,3764,Not eroded,0,0,0,0,0,0,0,0,0,0,1
3765,2.60E-01,4,3765,Not eroded,0,1,1,1,1,1,0,0,0,1,1
3766,2.91E-01,5,3766,Not eroded,0,1,1,1,1,1,0,0,0,0,1
3767,1.77E-01,4,3767,Not eroded,0,0,0,0,0,0,0,0,0,1,1
3769,5.64E-02,4,3769,Not eroded,0,0,0,0,0,0,0,0,0,1,1
3770,2.42E-01,0,3770,Not eroded,0,1,1,1,1,0,1,1,1,1,1
3773,2.27E-01,0,3773,Not eroded,0,1,1,0,0,0,1,1,1,1,1
3775,1.85E-01,4,3775,Not eroded,0,0,0,0,0,0,0,0,0,1,1
3776,1.37E-01,0,3776,Not eroded,0,0,0,0,0,0,1,1,1,1,1
3777,8.17E-02,6,3777,Not eroded,0,0,0,0,0,0,0,0,0,0,0
3778,1.60E-01,0,3778,Not eroded,0,0,0,0,0,0,1,1,1,1,1
3779,2.47E-01,3,3779,Not eroded,0,1,1,1,1,0,1,0,0,1,1
3780,3.26E-01,0,3780,ERODED,1,1,1,1,1,1,1,1,1,1,1
3781,2.83E-01,4,3781,Not eroded,0,1,1,1,1,1,0,0,0,1,1
3783,9.47E-02,0,3783,Not eroded,0,0,0,0,0,0,1,1,1,1,1
3784,2.54E-01,4,3784,Not eroded,0,1,1,1,1,1,0,0,0,1,1
3785,2.46E-01,5,3785,Not eroded,0,1,1,1,1,0,0,0,0,0,1
3786,2.55E-01,4,3786,Not eroded,0,1,1,1,1,1,0,0,0,1,1
3787,1.33E-01,3,3787,Not eroded,0,0,0,0,0,0,1,0,0,1,1
3788,2.97E-01,3,3788,Not eroded,0,1,1,1,1,1,1,0,0,1,1
3789,9.64E-02,5,3789,Not eroded,0,0,0,0,0,0,0,0,0,0,1
3790,1.32E-01,0,3790,Not eroded,0,0,0,0,0,0,1,1,1,1,1
3791,2.75E-01,4,3791,Not eroded,0,1,1,1,1,1,0,0,0,1,1
3792,1.03E-01,0,3792,Not eroded,0,0,0,0,0,0,1,1,1,1,1
3793,1.16E-01,5,3793,Not eroded,0,0,0,0,0,0,0,0,0,0,1
3795,2.38E-01,5,3795,Not eroded,0,1,1,1,0,0,0,0,0,0,1
3796,2.48E-01,0,3796,Not eroded,0,1,1,1,1,0,1,1,1,1,1
3797,2.16E-01,3,3797,Not eroded,0,1,0,0,0,0,1,0,0,1,1
3798,1.33E-01,5,3798,Not eroded,0,0,0,0,0,0,0,0,0,0,1
3799,2.87E-01,5,3799,Not eroded,0,1,1,1,1,1,0,0,0,0,1
3800,1.66E-01,3,3800,Not eroded,0,0,0,0,0,0,1,0,0,1,1
3801,2.25E-01,3,3801,Not eroded,0,1,1,0,0,0,1,0,0,1,1
3802,5.64E-02,4,3802,Not eroded,0,0,0,0,0,0,0,0,0,1,1
3803,7.33E-02,3,3803,Not eroded,0,0,0,0,0,0,1,0,0,1,1
3804,1.24E-01,3,3804,Not eroded,0,0,0,0,0,0,1,0,0,1,1
3805,1.69E-01,3,3805,Not eroded,0,0,0,0,0,0,1,0,0,1,1
3806,2.13E-01,2,3806,Not eroded,0,1,0,0,0,0,1,0,1,1,1
3807,2.23E-01,3,3807,Not eroded,0,1,1,0,0,0,1,0,0,1,1
3808,1.27E-01,3,3808,Not eroded,0,0,0,0,0,0,1,0,0,1,1
3809,2.62E-01,4,3809,Not eroded,0,1,1,1,1,1,0,0,0,1,1
3810,1.48E-01,6,3810,Not eroded,0,0,0,0,0,0,0,0,0,0,0
3811,1.33E-01,4,3811,Not eroded,0,0,0,0,0,0,0,0,0,1,1
3812,2.10E-01,3,3812,Not eroded,0,1,0,0,0,0,1,0,0,1,1
3813,7.53E-02,4,3813,Not eroded,0,0,0,0,0,0,0,0,0,1,1
3814,2.11E-01,0,3814,Not eroded,0,1,0,0,0,0,1,1,1,1,1
3815,1.15E-01,6,3815,Not eroded,0,0,0,0,0,0,0,0,0,0,0
3816,1.97E-01,0,3816,Not eroded,0,1,0,0,0,0,1,1,1,1,1
3817,1.37E-01,5,3817,Not eroded,0,0,0,0,0,0,0,0,0,0,1
3818,2.98E-01,4,3818,Not eroded,0,1,1,1,1,1,0,0,0,1,1
3819,1.75E-01,0,3819,Not eroded,0,0,0,0,0,0,1,1,1,1,1
3820,2.08E-01,0,3820,Not eroded,0,1,0,0,0,0,1,1,1,1,1
3821,9.36E-02,0,3821,Not eroded,0,0,0,0,0,0,1,1,1,1,1
3822,1.79E-01,5,3822,Not eroded,0,0,0,0,0,0,0,0,0,0,1
3823,3.23E-01,0,3823,ERODED,1,1,1,1,1,1,1,1,1,1,1
3824,2.94E-01,0,3824,ERODED,1,1,1,1,1,1,1,1,1,1,1
3825,2.81E-01,0,3825,ERODED,1,1,1,1,1,1,1,1,1,1,1
3826,3.25E-01,0,3826,ERODED,1,1,1,1,1,1,1,1,1,1,1
3827,2.11E-01,3,3827,Not eroded,0,1,0,0,0,0,1,0,0,1,1
3828,8.96E-02,5,3828,Not eroded,0,0,0,0,0,0,0,0,0,0,1
3830,1.77E-01,4,3830,Not eroded,0,0,0,0,0,0,0,0,0,1,1
3831,6.29E-02,5,3831,Not eroded,0,0,0,0,0,0,0,0,0,0,1
3832,7.56E-02,5,3832,Not eroded,0,0,0,0,0,0,0,0,0,0,1
3833,1.97E-01,3,3833,Not eroded,0,1,0,0,0,0,1,0,0,1,1
3834,1.52E-01,0,3834,Not eroded,0,0,0,0,0,0,1,1,1,1,1
3835,2.51E-01,3,3835,Not eroded,0,1,1,1,1,1,1,0,0,1,1
3836,9.83E-02,0,3836,Not eroded,0,0,0,0,0,0,1,1,1,1,1
3837,1.85E-01,0,3837,Not eroded,0,0,0,0,0,0,1,1,1,1,1
3838,1.59E-01,0,3838,Not eroded,0,0,0,0,0,0,1,1,1,1,1
3839,2.92E-01,0,3839,ERODED,1,1,1,1,1,1,1,1,1,1,1
3840,5.65E-02,3,3840,Not eroded,0,0,0,0,0,0,1,0,0,1,1
3841,1.55E-01,0,3841,Not eroded,0,0,0,0,0,0,1,1,1,1,1
3842,3.11E-01,0,3842,ERODED,1,1,1,1,1,1,1,1,1,1,1
3843,1.25E-01,4,3843,Not eroded,0,0,0,0,0,0,0,0,0,1,1
3844,1.33E-01,5,3844,Not eroded,0,0,0,0,0,0,0,0,0,0,1
3845,9.80E-02,4,3845,Not eroded,0,0,0,0,0,0,0,0,0,1,1
3847,2.51E-01,3,3847,Not eroded,0,1,1,1,1,1,1,0,0,1,1
3848,1.40E-01,0,3848,Not eroded,0,0,0,0,0,0,1,1,1,1,1
3849,2.81E-01,0,3849,ERODED,1,1,1,1,1,1,1,1,1,1,1
3850,1.37E-01,7,3850,Not eroded,0,0,0,0,0,0,0,0,0,0,0
3851,1.28E-01,3,3851,Not eroded,0,0,0,0,0,0,1,0,0,1,1
3854,2.13E-01,0,3854,Not eroded,0,1,0,0,0,0,1,1,1,1,1
3855,6.13E-02,3,3855,Not eroded,0,0,0,0,0,0,1,0,0,1,1
3856,2.41E-01,0,3856,Not eroded,0,1,1,1,1,0,1,1,1,1,1
3857,6.53E-02,4,3857,Not eroded,0,0,0,0,0,0,0,0,0,1,1
3858,6.55E-02,3,3858,Not eroded,0,0,0,0,0,0,1,0,0,1,1
3859,8.48E-02,4,3859,Not eroded,0,0,0,0,0,0,0,0,0,1,1
3860,2.30E-01,0,3860,Not eroded,0,1,1,0,0,0,1,1,1,1,1
3862,1.21E-01,5,3862,Not eroded,0,0,0,0,0,0,0,0,0,0,1
3863,2.23E-01,0,3863,Not eroded,0,1,1,0,0,0,1,1,1,1,1
3864,1.63E-01,4,3864,Not eroded,0,0,0,0,0,0,0,0,0,1,1
3865,1.45E-01,4,3865,Not eroded,0,0,0,0,0,0,0,0,0,1,1
3866,2.15E-01,0,3866,Not eroded,0,1,0,0,0,0,1,1,1,1,1
3868,8.76E-02,0,3868,Not eroded,0,0,0,0,0,0,1,1,1,1,1
3869,2.36E-01,3,3869,Not eroded,0,1,1,1,0,0,1,0,0,1,1
3870,1.84E-01,0,3870,Not eroded,0,0,0,0,0,0,1,1,1,1,1
3871,2.82E-01,4,3871,Not eroded,0,1,1,1,1,1,0,0,0,1,1
3872,1.91E-01,6,3872,Not eroded,0,1,0,0,0,0,0,0,0,0,0
3873,1.09E-01,0,3873,Not eroded,0,0,0,0,0,0,1,1,1,1,1
3875,2.53E-01,0,3875,Not eroded,0,1,1,1,1,1,1,1,1,1,1
3876,7.63E-02,3,3876,Not eroded,0,0,0,0,0,0,1,0,0,1,1
3877,2.61E-01,4,3877,Not eroded,0,1,1,1,1,1,0,0,0,1,1
3878,1.14E-01,4,3878,Not eroded,0,0,0,0,0,0,0,0,0,1,1
3879,2.80E-01,0,3879,Not eroded,0,1,1,1,1,1,1,1,1,1,1
3881,9.57E-02,0,3881,Not eroded,0,0,0,0,0,0,1,1,1,1,1
3882,2.83E-01,0,3882,ERODED,1,1,1,1,1,1,1,1,1,1,1
3883,2.71E-01,3,3883,Not eroded,0,1,1,1,1,1,1,0,0,1,1
3884,2.04E-01,5,3884,Not eroded,0,1,0,0,0,0,0,0,0,0,1
3885,3.01E-01,0,3885,ERODED,1,1,1,1,1,1,1,1,1,1,1
3886,8.44E-02,5,3886,Not eroded,0,0,0,0,0,0,0,0,0,0,1
3887,1.77E-01,0,3887,Not eroded,0,0,0,0,0,0,1,1,1,1,1
3888,2.15E-01,5,3888,Not eroded,0,1,0,0,0,0,0,0,0,0,1
3889,2.93E-01,4,3889,Not eroded,0,1,1,1,1,1,0,0,0,1,1
3891,1.54E-01,0,3891,Not eroded,0,0,0,0,0,0,1,1,1,1,1
3893,1.75E-01,0,3893,Not eroded,0,0,0,0,0,0,1,1,1,1,1
3894,2.29E-01,4,3894,Not eroded,0,1,1,0,0,0,0,0,0,1,1
3896,1.61E-01,3,3896,Not eroded,0,0,0,0,0,0,1,0,0,1,1
3897,2.15E-01,5,3897,Not eroded,0,1,0,0,0,0,0,0,0,0,1
3898,2.87E-01,3,3898,Not eroded,0,1,1,1,1,1,1,0,0,1,1
3899,7.58E-02,4,3899,Not eroded,0,0,0,0,0,0,0,0,0,1,1
3900,1.32E-01,0,3900,Not eroded,0,0,0,0,0,0,1,1,1,1,1
3901,2.40E-01,0,3901,Not eroded,0,1,1,1,0,0,1,1,1,1,1
3902,1.11E-01,5,3902,Not eroded,0,0,0,0,0,0,0,0,0,0,1
3903,2.98E-01,0,3903,ERODED,1,1,1,1,1,1,1,1,1,1,1
3904,2.46E-01,5,3904,Not eroded,0,1,1,1,1,0,0,0,0,0,1
3905,1.19E-01,6,3905,Not eroded,0,0,0,0,0,0,0,0,0,0,0
3907,2.47E-01,0,3907,Not eroded,0,1,1,1,1,0,1,1,1,1,1
3908,7.40E-02,6,3908,Not eroded,0,0,0,0,0,0,0,0,0,0,0
3909,7.93E-02,5,3909,Not eroded,0,0,0,0,0,0,0,0,0,0,1
3910,2.95E-01,5,3910,Not eroded,0,1,1,1,1,1,0,0,0,0,1
3911,1.45E-01,4,3911,Not eroded,0,0,0,0,0,0,0,0,0,1,1
3912,2.86E-01,0,3912,Not eroded,0,1,1,1,1,1,1,1,1,1,1
3913,9.57E-02,4,3913,Not eroded,0,0,0,0,0,0,0,0,0,1,1
3914,2.52E-01,5,3914,Not eroded,0,1,1,1,1,1,0,0,0,0,1
3915,1.65E-01,0,3915,Not eroded,0,0,0,0,0,0,1,1,1,1,1
3917,2.92E-01,0,3917,Not eroded,0,1,1,1,1,1,1,1,1,1,1
3918,9.86E-02,4,3918,Not eroded,0,0,0,0,0,0,0,0,0,1,1
3919,2.11E-01,3,3919,Not eroded,0,1,0,0,0,0,1,0,0,1,1
3920,1.36E-01,0,3920,Not eroded,0,0,0,0,0,0,1,1,1,1,1
3921,7.78E-02,5,3921,Not eroded,0,0,0,0,0,0,0,0,0,0,1
3922,1.94E-01,0,3922,Not eroded,0,1,0,0,0,0,1,1,1,1,1
3923,2.40E-01,0,3923,Not eroded,0,1,1,1,0,0,1,1,1,1,1
3924,1.94E-01,0,3924,Not eroded,0,1,0,0,0,0,1,1,1,1,1
3925,2.92E-01,0,3925,ERODED,1,1,1,1,1,1,1,1,1,1,1
3926,1.16E-01,0,3926,Not eroded,0,0,0,0,0,0,1,1,1,1,1
3927,1.10E-01,0,3927,Not eroded,0,0,0,0,0,0,1,1,1,1,1
3928,2.70E-01,4,3928,Not eroded,0,1,1,1,1,1,0,0,0,1,1
3929,2.19E-01,0,3929,Not eroded,0,1,0,0,0,0,1,1,1,1,1
3930,1.52E-01,7,3930,Not eroded,0,0,0,0,0,0,0,0,0,0,0
3931,2.01E-01,2,3931,Not eroded,0,1,0,0,0,0,1,0,1,1,1
3932,1.71E-01,0,3932,Not eroded,0,0,0,0,0,0,1,1,1,1,1
3934,1.37E-01,3,3934,Not eroded,0,0,0,0,0,0,1,0,0,1,1
3935,1.16E-01,4,3935,Not eroded,0,0,0,0,0,0,0,0,0,1,1
3936,2.31E-01,0,3936,Not eroded,0,1,1,1,0,0,1,1,1,1,1
3937,3.07E-01,0,3937,ERODED,1,1,1,1,1,1,1,1,1,1,1
3938,2.52E-01,3,3938,Not eroded,0,1,1,1,1,1,1,0,0,1,1
3939,1.21E-01,0,3939,Not eroded,0,0,0,0,0,0,1,1,1,1,1
3940,2.37E-01,5,3940,Not eroded,0,1,1,1,0,0,0,0,0,0,1
3941,1.48E-01,4,3941,Not eroded,0,0,0,0,0,0,0,0,0,1,1
3943,1.07E-01,3,3943,Not eroded,0,0,0,0,0,0,1,0,0,1,1
3944,1.76E-01,0,3944,Not eroded,0,0,0,0,0,0,1,1,1,1,1
3945,1.54E-01,5,3945,Not eroded,0,0,0,0,0,0,0,0,0,0,1
3946,2.89E-01,4,3946,Not eroded,0,1,1,1,1,1,0,0,0,1,1
3947,1.04E-01,0,3947,Not eroded,0,0,0,0,0,0,1,1,1,1,1
3948,3.14E-01,0,3948,ERODED,1,1,1,1,1,1,1,1,1,1,1
3949,3.05E-01,0,3949,ERODED,1,1,1,1,1,1,1,1,1,1,1
3951,8.68E-02,5,3951,Not eroded,0,0,0,0,0,0,0,0,0,0,1
3952,1.40E-01,5,3952,Not eroded,0,0,0,0,0,0,0,0,0,0,1
3953,1.35E-01,2,3953,Not eroded,0,0,0,0,0,0,1,0,1,1,1
3954,2.85E-01,0,3954,Not eroded,0,1,1,1,1,1,1,1,1,1,1
3955,1.59E-01,0,3955,Not eroded,0,0,0,0,0,0,1,1,1,1,1
3956,2.01E-01,5,3956,Not eroded,0,1,0,0,0,0,0,0,0,0,1
3957,1.26E-01,0,3957,Not eroded,0,0,0,0,0,0,1,1,1,1,1
3958,6.74E-02,5,3958,Not eroded,0,0,0,0,0,0,0,0,0,0,1
3959,9.12E-02,3,3959,Not eroded,0,0,0,0,0,0,1,0,0,1,1
3960,1.32E-01,6,3960,Not eroded,0,0,0,0,0,0,0,0,0,0,0
3961,2.51E-01,0,3961,Not eroded,0,1,1,1,1,1,1,1,1,1,1
3963,2.94E-01,0,3963,ERODED,1,1,1,1,1,1,1,1,1,1,1
3964,2.30E-01,5,3964,Not eroded,0,1,1,0,0,0,0,0,0,0,1
3965,1.93E-01,4,3965,Not eroded,0,1,0,0,0,0,0,0,0,1,1
3966,2.53E-01,0,3966,Not eroded,0,1,1,1,1,1,1,1,1,1,1
3968,8.92E-02,4,3968,Not eroded,0,0,0,0,0,0,0,0,0,1,1
3969,1.50E-01,5,3969,Not eroded,0,0,0,0,0,0,0,0,0,0,1
3970,2.30E-01,3,3970,Not eroded,0,1,1,0,0,0,1,0,0,1,1
3971,1.22E-01,4,3971,Not eroded,0,0,0,0,0,0,0,0,0,1,1
3972,3.24E-01,0,3972,ERODED,1,1,1,1,1,1,1,1,1,1,1
3973,1.04E-01,3,3973,Not eroded,0,0,0,0,0,0,1,0,0,1,1
3974,2.45E-01,4,3974,Not eroded,0,1,1,1,1,0,0,0,0,1,1
3975,2.09E-01,3,3975,Not eroded,0,1,0,0,0,0,1,0,0,1,1
3976,1.15E-01,3,3976,Not eroded,0,0,0,0,0,0,1,0,0,1,1
3977,1.90E-01,4,3977,Not eroded,0,0,0,0,0,0,0,0,0,1,1
3978,2.48E-01,4,3978,Not eroded,0,1,1,1,1,0,0,0,0,1,1
3979,3.08E-01,0,3979,ERODED,1,1,1,1,1,1,1,1,1,1,1
3980,1.45E-01,4,3980,Not eroded,0,0,0,0,0,0,0,0,0,1,1
3981,2.26E-01,3,3981,Not eroded,0,1,1,0,0,0,1,0,0,1,1
3983,2.80E-01,5,3983,Not eroded,0,1,1,1,1,1,0,0,0,0,1
3984,2.94E-01,5,3984,Not eroded,0,1,1,1,1,1,0,0,0,0,1
3985,1.34E-01,5,3985,Not eroded,0,0,0,0,0,0,0,0,0,0,1
3988,1.12E-01,5,3988,Not eroded,0,0,0,0,0,0,0,0,0,0,1
3989,1.61E-01,4,3989,Not eroded,0,0,0,0,0,0,0,0,0,1,1
3990,2.85E-01,5,3990,Not eroded,0,1,1,1,1,1,0,0,0,0,1
3991,2.29E-01,4,3991,Not eroded,0,1,1,0,0,0,0,0,0,1,1
3993,2.88E-01,4,3993,Not eroded,0,1,1,1,1,1,0,0,0,1,1
3995,2.34E-01,3,3995,Not eroded,0,1,1,1,0,0,1,0,0,1,1
3996,1.26E-01,3,3996,Not eroded,0,0,0,0,0,0,1,0,0,1,1
3997,1.18E-01,2,3997,Not eroded,0,0,0,0,0,0,1,0,1,1,1
3998,8.83E-02,4,3998,Not eroded,0,0,0,0,0,0,0,0,0,1,1
4000,2.50E-01,3,4000,Not eroded,0,1,1,1,1,0,1,0,0,1,1
4001,2.61E-01,3,4001,Not eroded,0,1,1,1,1,1,1,0,0,1,1
4002,1.20E-01,0,4002,Not eroded,0,0,0,0,0,0,1,1,1,1,1
4003,1.87E-01,0,4003,Not eroded,0,0,0,0,0,0,1,1,1,1,1
4004,6.43E-02,5,4004,Not eroded,0,0,0,0,0,0,0,0,0,0,1
4005,1.78E-01,0,4005,Not eroded,0,0,0,0,0,0,1,1,1,1,1
4007,2.39E-01,3,4007,Not eroded,0,1,1,1,0,0,1,0,0,1,1
4008,1.31E-01,3,4008,Not eroded,0,0,0,0,0,0,1,0,0,1,1
4009,2.57E-01,0,4009,Not eroded,0,1,1,1,1,1,1,1,1,1,1
4010,9.51E-02,0,4010,Not eroded,0,0,0,0,0,0,1,1,1,1,1
4011,1.54E-01,0,4011,Not eroded,0,0,0,0,0,0,1,1,1,1,1
4014,2.49E-01,4,4014,Not eroded,0,1,1,1,1,0,0,0,0,1,1
4016,1.67E-01,2,4016,Not eroded,0,0,0,0,0,0,1,0,1,1,1
4018,3.26E-01,0,4018,ERODED,1,1,1,1,1,1,1,1,1,1,1
4019,2.64E-01,0,4019,ERODED,1,1,1,1,1,1,1,1,1,1,1
4020,5.65E-02,3,4020,Not eroded,0,0,0,0,0,0,1,0,0,1,1
4021,3.20E-01,0,4021,ERODED,1,1,1,1,1,1,1,1,1,1,1
4023,2.79E-01,3,4023,Not eroded,0,1,1,1,1,1,1,0,0,1,1
4024,2.66E-01,2,4024,Not eroded,0,1,1,1,1,1,1,0,1,1,1
4025,3.15E-01,0,4025,ERODED,1,1,1,1,1,1,1,1,1,1,1
4026,1.14E-01,5,4026,Not eroded,0,0,0,0,0,0,0,0,0,0,1
4027,2.84E-01,6,4027,Not eroded,0,1,1,1,1,1,0,0,0,0,0
4028,1.67E-01,0,4028,Not eroded,0,0,0,0,0,0,1,1,1,1,1
4029,1.33E-01,4,4029,Not eroded,0,0,0,0,0,0,0,0,0,1,1
4030,9.03E-02,3,4030,Not eroded,0,0,0,0,0,0,1,0,0,1,1
4031,9.96E-02,5,4031,Not eroded,0,0,0,0,0,0,0,0,0,0,1
4032,2.21E-01,0,4032,Not eroded,0,1,1,0,0,0,1,1,1,1,1
4034,2.41E-01,0,4034,Not eroded,0,1,1,1,1,0,1,1,1,1,1
4036,1.92E-01,3,4036,Not eroded,0,1,0,0,0,0,1,0,0,1,1
4037,1.83E-01,0,4037,Not eroded,0,0,0,0,0,0,1,1,1,1,1
4038,2.78E-01,2,4038,Not eroded,0,1,1,1,1,1,1,0,1,1,1
4039,2.82E-01,0,4039,Not eroded,0,1,1,1,1,1,1,1,1,1,1
4040,2.06E-01,0,4040,Not eroded,0,1,0,0,0,0,1,1,1,1,1
4041,2.10E-01,3,4041,Not eroded,0,1,0,0,0,0,1,0,0,1,1
4043,3.13E-01,0,4043,ERODED,1,1,1,1,1,1,1,1,1,1,1
4044,1.30E-01,3,4044,Not eroded,0,0,0,0,0,0,1,0,0,1,1
4045,1.50E-01,3,4045,Not eroded,0,0,0,0,0,0,1,0,0,1,1
4047,1.33E-01,3,4047,Not eroded,0,0,0,0,0,0,1,0,0,1,1
4048,1.52E-01,5,4048,Not eroded,0,0,0,0,0,0,0,0,0,0,1
4049,2.02E-01,0,4049,Not eroded,0,1,0,0,0,0,1,1,1,1,1
4050,2.45E-01,4,4050,Not eroded,0,1,1,1,1,0,0,0,0,1,1
4051,2.85E-01,0,4051,Not eroded,0,1,1,1,1,1,1,1,1,1,1
4052,2.44E-01,0,4052,Not eroded,0,1,1,1,1,0,1,1,1,1,1
4053,7.40E-02,7,4053,Not eroded,0,0,0,0,0,0,0,0,0,0,0
4054,2.26E-01,4,4054,Not eroded,0,1,1,0,0,0,0,0,0,1,1
4055,1.82E-01,4,4055,Not eroded,0,0,0,0,0,0,0,0,0,1,1
4056,3.25E-01,0,4056,ERODED,1,1,1,1,1,1,1,1,1,1,1
4057,2.44E-01,0,4057,Not eroded,0,1,1,1,1,0,1,1,1,1,1
4058,2.34E-01,0,4058,Not eroded,0,1,1,1,0,0,1,1,1,1,1
4059,5.65E-02,4,4059,Not eroded,0,0,0,0,0,0,0,0,0,1,1
4060,1.44E-01,5,4060,Not eroded,0,0,0,0,0,0,0,0,0,0,1
4062,1.59E-01,0,4062,Not eroded,0,0,0,0,0,0,1,1,1,1,1
4063,2.51E-01,5,4063,Not eroded,0,1,1,1,1,1,0,0,0,0,1
4064,1.61E-01,4,4064,Not eroded,0,0,0,0,0,0,0,0,0,1,1
4065,7.88E-02,0,4065,Not eroded,0,0,0,0,0,0,1,1,1,1,1
4067,2.40E-01,4,4067,Not eroded,0,1,1,1,0,0,0,0,0,1,1
4068,2.33E-01,4,4068,Not eroded,0,1,1,1,0,0,0,0,0,1,1
4070,2.52E-01,4,4070,Not eroded,0,1,1,1,1,1,0,0,0,1,1
4071,3.01E-01,0,4071,ERODED,1,1,1,1,1,1,1,1,1,1,1
4072,1.99E-01,5,4072,Not eroded,0,1,0,0,0,0,0,0,0,0,1
4073,1.42E-01,4,4073,Not eroded,0,0,0,0,0,0,0,0,0,1,1
4074,1.27E-01,3,4074,Not eroded,0,0,0,0,0,0,1,0,0,1,1
4075,1.74E-01,2,4075,Not eroded,0,0,0,0,0,0,1,0,1,1,1
4076,3.02E-01,4,4076,Not eroded,0,1,1,1,1,1,0,0,0,1,1
4077,9.78E-02,5,4077,Not eroded,0,0,0,0,0,0,0,0,0,0,1
4079,1.49E-01,0,4079,Not eroded,0,0,0,0,0,0,1,1,1,1,1
4080,7.36E-02,5,4080,Not eroded,0,0,0,0,0,0,0,0,0,0,1
4081,2.75E-01,5,4081,Not eroded,0,1,1,1,1,1,0,0,0,0,1
4082,1.90E-01,0,4082,Not eroded,0,0,0,0,0,0,1,1,1,1,1
4083,3.25E-01,0,4083,ERODED,1,1,1,1,1,1,1,1,1,1,1
4084,2.66E-01,3,4084,Not eroded,0,1,1,1,1,1,1,0,0,1,1
4087,8.88E-02,6,4087,Not eroded,0,0,0,0,0,0,0,0,0,0,0
4088,2.55E-01,0,4088,Not eroded,0,1,1,1,1,1,1,1,1,1,1
4089,2.35E-01,4,4089,Not eroded,0,1,1,1,0,0,0,0,0,1,1
4090,1.24E-01,3,4090,Not eroded,0,0,0,0,0,0,1,0,0,1,1
4093,3.15E-01,0,4093,ERODED,1,1,1,1,1,1,1,1,1,1,1
4094,5.94E-02,4,4094,Not eroded,0,0,0,0,0,0,0,0,0,1,1
4095,2.35E-01,5,4095,Not eroded,0,1,1,1,0,0,0,0,0,0,1
4096,9.25E-02,5,4096,Not eroded,0,0,0,0,0,0,0,0,0,0,1
4097,6.50E-02,4,4097,Not eroded,0,0,0,0,0,0,0,0,0,1,1
4098,2.47E-01,4,4098,Not eroded,0,1,1,1,1,0,0,0,0,1,1
4099,8.80E-02,4,4099,Not eroded,0,0,0,0,0,0,0,0,0,1,1
4100,2.37E-01,5,4100,Not eroded,0,1,1,1,0,0,0,0,0,0,1
4101,8.24E-02,4,4101,Not eroded,0,0,0,0,0,0,0,0,0,1,1
4102,1.02E-01,3,4102,Not eroded,0,0,0,0,0,0,1,0,0,1,1
4103,8.85E-02,0,4103,Not eroded,0,0,0,0,0,0,1,1,1,1,1
4104,2.51E-01,3,4104,Not eroded,0,1,1,1,1,1,1,0,0,1,1
4105,9.46E-02,4,4105,Not eroded,0,0,0,0,0,0,0,0,0,1,1
4109,2.05E-01,3,4109,Not eroded,0,1,0,0,0,0,1,0,0,1,1
4110,6.49E-02,0,4110,Not eroded,0,0,0,0,0,0,1,1,1,1,1
4111,1.27E-01,0,4111,Not eroded,0,0,0,0,0,0,1,1,1,1,1
4112,2.67E-01,5,4112,Not eroded,0,1,1,1,1,1,0,0,0,0,1
4113,1.53E-01,0,4113,Not eroded,0,0,0,0,0,0,1,1,1,1,1
4114,2.00E-01,3,4114,Not eroded,0,1,0,0,0,0,1,0,0,1,1
4115,3.25E-01,0,4115,ERODED,1,1,1,1,1,1,1,1,1,1,1
4116,1.77E-01,4,4116,Not eroded,0,0,0,0,0,0,0,0,0,1,1
4117,3.25E-01,0,4117,ERODED,1,1,1,1,1,1,1,1,1,1,1
4119,1.31E-01,6,4119,Not eroded,0,0,0,0,0,0,0,0,0,0,0
4121,2.28E-01,4,4121,Not eroded,0,1,1,0,0,0,0,0,0,1,1
4122,2.19E-01,0,4122,Not eroded,0,1,0,0,0,0,1,1,1,1,1
4123,5.65E-02,4,4123,Not eroded,0,0,0,0,0,0,0,0,0,1,1
4124,6.73E-02,3,4124,Not eroded,0,0,0,0,0,0,1,0,0,1,1
4125,2.43E-01,3,4125,Not eroded,0,1,1,1,1,0,1,0,0,1,1
4126,8.58E-02,0,4126,Not eroded,0,0,0,0,0,0,1,1,1,1,1
4127,2.53E-01,0,4127,Not eroded,0,1,1,1,1,1,1,1,1,1,1
4128,1.98E-01,5,4128,Not eroded,0,1,0,0,0,0,0,0,0,0,1
4129,9.70E-02,0,4129,Not eroded,0,0,0,0,0,0,1,1,1,1,1
4130,1.11E-01,6,4130,Not eroded,0,0,0,0,0,0,0,0,0,0,0
4131,1.26E-01,0,4131,Not eroded,0,0,0,0,0,0,1,1,1,1,1
4133,1.86E-01,0,4133,Not eroded,0,0,0,0,0,0,1,1,1,1,1
4134,9.68E-02,3,4134,Not eroded,0,0,0,0,0,0,1,0,0,1,1
4135,9.06E-02,3,4135,Not eroded,0,0,0,0,0,0,1,0,0,1,1
4136,3.07E-01,0,4136,ERODED,1,1,1,1,1,1,1,1,1,1,1
4137,1.34E-01,4,4137,Not eroded,0,0,0,0,0,0,0,0,0,1,1
4138,5.69E-02,0,4138,Not eroded,0,0,0,0,0,0,1,1,1,1,1
4139,2.83E-01,5,4139,Not eroded,0,1,1,1,1,1,0,0,0,0,1
4140,1.84E-01,4,4140,Not eroded,0,0,0,0,0,0,0,0,0,1,1
4141,1.04E-01,4,4141,Not eroded,0,0,0,0,0,0,0,0,0,1,1
4142,5.65E-02,5,4142,Not eroded,0,0,0,0,0,0,0,0,0,0,1
4143,2.19E-01,0,4143,Not eroded,0,1,0,0,0,0,1,1,1,1,1
4144,9.52E-02,4,4144,Not eroded,0,0,0,0,0,0,0,0,0,1,1
4145,1.95E-01,4,4145,Not eroded,0,1,0,0,0,0,0,0,0,1,1
4147,5.65E-02,4,4147,Not eroded,0,0,0,0,0,0,0,0,0,1,1
4148,5.67E-02,0,4148,Not eroded,0,0,0,0,0,0,1,1,1,1,1
4149,2.79E-01,0,4149,Not eroded,0,1,1,1,1,1,1,1,1,1,1
4150,3.23E-01,0,4150,ERODED,1,1,1,1,1,1,1,1,1,1,1
4151,3.16E-01,0,4151,ERODED,1,1,1,1,1,1,1,1,1,1,1
4152,5.65E-02,3,4152,Not eroded,0,0,0,0,0,0,1,0,0,1,1
4153,3.22E-01,0,4153,ERODED,1,1,1,1,1,1,1,1,1,1,1
4154,2.36E-01,6,4154,Not eroded,0,1,1,1,0,0,0,0,0,0,0
4155,2.21E-01,4,4155,Not eroded,0,1,1,0,0,0,0,0,0,1,1
4156,2.06E-01,3,4156,Not eroded,0,1,0,0,0,0,1,0,0,1,1
4157,2.01E-01,0,4157,Not eroded,0,1,0,0,0,0,1,1,1,1,1
4158,6.31E-02,3,4158,Not eroded,0,0,0,0,0,0,1,0,0,1,1
4160,5.71E-02,0,4160,Not eroded,0,0,0,0,0,0,1,1,1,1,1
4161,9.41E-02,0,4161,Not eroded,0,0,0,0,0,0,1,1,1,1,1
4162,1.83E-01,5,4162,Not eroded,0,0,0,0,0,0,0,0,0,0,1
4163,1.51E-01,0,4163,Not eroded,0,0,0,0,0,0,1,1,1,1,1
4164,8.54E-02,0,4164,Not eroded,0,0,0,0,0,0,1,1,1,1,1
4165,9.64E-02,3,4165,Not eroded,0,0,0,0,0,0,1,0,0,1,1
4166,2.79E-01,2,4166,Not eroded,0,1,1,1,1,1,1,0,1,1,1
4167,5.70E-02,0,4167,Not eroded,0,0,0,0,0,0,1,1,1,1,1
4168,1.15E-01,4,4168,Not eroded,0,0,0,0,0,0,0,0,0,1,1
4169,2.78E-01,0,4169,Not eroded,0,1,1,1,1,1,1,1,1,1,1
4170,2.98E-01,0,4170,ERODED,1,1,1,1,1,1,1,1,1,1,1
4171,2.25E-01,5,4171,Not eroded,0,1,1,0,0,0,0,0,0,0,1
4172,7.35E-02,5,4172,Not eroded,0,0,0,0,0,0,0,0,0,0,1
4173,6.48E-02,4,4173,Not eroded,0,0,0,0,0,0,0,0,0,1,1
4174,7.50E-02,0,4174,Not eroded,0,0,0,0,0,0,1,1,1,1,1
4175,1.93E-01,0,4175,Not eroded,0,1,0,0,0,0,1,1,1,1,1
4176,8.01E-02,4,4176,Not eroded,0,0,0,0,0,0,0,0,0,1,1
4177,2.09E-01,3,4177,Not eroded,0,1,0,0,0,0,1,0,0,1,1
4178,2.74E-01,0,4178,ERODED,1,1,1,1,1,1,1,1,1,1,1
4179,5.65E-02,4,4179,Not eroded,0,0,0,0,0,0,0,0,0,1,1
4180,2.44E-01,4,4180,Not eroded,0,1,1,1,1,0,0,0,0,1,1
4181,3.11E-01,0,4181,ERODED,1,1,1,1,1,1,1,1,1,1,1
4183,2.07E-01,2,4183,Not eroded,0,1,0,0,0,0,1,0,1,1,1
4184,1.56E-01,3,4184,Not eroded,0,0,0,0,0,0,1,0,0,1,1
4185,7.52E-02,3,4185,Not eroded,0,0,0,0,0,0,1,0,0,1,1
4186,1.73E-01,4,4186,Not eroded,0,0,0,0,0,0,0,0,0,1,1
4187,5.65E-02,3,4187,Not eroded,0,0,0,0,0,0,1,0,0,1,1
4188,2.99E-01,4,4188,Not eroded,0,1,1,1,1,1,0,0,0,1,1
4189,2.15E-01,4,4189,Not eroded,0,1,0,0,0,0,0,0,0,1,1
4190,2.27E-01,5,4190,Not eroded,0,1,1,0,0,0,0,0,0,0,1
4191,2.88E-01,3,4191,Not eroded,0,1,1,1,1,1,1,0,0,1,1
4192,1.46E-01,0,4192,Not eroded,0,0,0,0,0,0,1,1,1,1,1
4193,1.36E-01,0,4193,Not eroded,0,0,0,0,0,0,1,1,1,1,1
4194,2.17E-01,3,4194,Not eroded,0,1,0,0,0,0,1,0,0,1,1
4195,1.05E-01,3,4195,Not eroded,0,0,0,0,0,0,1,0,0,1,1
4196,1.48E-01,2,4196,Not eroded,0,0,0,0,0,0,1,0,1,1,1
4197,3.30E-01,0,4197,ERODED,1,1,1,1,1,1,1,1,1,1,1
4198,1.42E-01,4,4198,Not eroded,0,0,0,0,0,0,0,0,0,1,1
4199,2.47E-01,2,4199,Not eroded,0,1,1,1,1,0,1,0,1,1,1
4200,1.85E-01,3,4200,Not eroded,0,0,0,0,0,0,1,0,0,1,1
4201,1.30E-01,4,4201,Not eroded,0,0,0,0,0,0,0,0,0,1,1
4202,2.18E-01,4,4202,Not eroded,0,1,0,0,0,0,0,0,0,1,1
4203,1.18E-01,4,4203,Not eroded,0,0,0,0,0,0,0,0,0,1,1
4204,3.03E-01,5,4204,Not eroded,0,1,1,1,1,1,0,0,0,0,1
4205,9.51E-02,4,4205,Not eroded,0,0,0,0,0,0,0,0,0,1,1
4206,2.10E-01,0,4206,Not eroded,0,1,0,0,0,0,1,1,1,1,1
4207,1.73E-01,5,4207,Not eroded,0,0,0,0,0,0,0,0,0,0,1
4208,2.52E-01,4,4208,Not eroded,0,1,1,1,1,1,0,0,0,1,1
4209,1.57E-01,4,4209,Not eroded,0,0,0,0,0,0,0,0,0,1,1
4210,7.25E-02,5,4210,Not eroded,0,0,0,0,0,0,0,0,0,0,1
4211,2.83E-01,6,4211,Not eroded,0,1,1,1,1,1,0,0,0,0,0
4212,6.46E-02,7,4212,Not eroded,0,0,0,0,0,0,0,0,0,0,0
4213,1.11E-01,3,4213,Not eroded,0,0,0,0,0,0,1,0,0,1,1
4214,1.03E-01,3,4214,Not eroded,0,0,0,0,0,0,1,0,0,1,1
4215,1.14E-01,5,4215,Not eroded,0,0,0,0,0,0,0,0,0,0,1
4216,8.61E-02,4,4216,Not eroded,0,0,0,0,0,0,0,0,0,1,1
4217,6.50E-02,5,4217,Not eroded,0,0,0,0,0,0,0,0,0,0,1
4219,1.12E-01,3,4219,Not eroded,0,0,0,0,0,0,1,0,0,1,1
4220,1.22E-01,3,4220,Not eroded,0,0,0,0,0,0,1,0,0,1,1
4221,2.59E-01,0,4221,Not eroded,0,1,1,1,1,1,1,1,1,1,1
4222,1.88E-01,3,4222,Not eroded,0,0,0,0,0,0,1,0,0,1,1
4223,2.94E-01,3,4223,Not eroded,0,1,1,1,1,1,1,0,0,1,1
4224,1.93E-01,6,4224,Not eroded,0,1,0,0,0,0,0,0,0,0,0
4225,2.90E-01,0,4225,Not eroded,0,1,1,1,1,1,1,1,1,1,1
4226,1.01E-01,4,4226,Not eroded,0,0,0,0,0,0,0,0,0,1,1
4227,7.00E-02,2,4227,Not eroded,0,0,0,0,0,0,1,0,1,1,1
4228,6.16E-02,4,4228,Not eroded,0,0,0,0,0,0,0,0,0,1,1
4229,3.25E-01,0,4229,ERODED,1,1,1,1,1,1,1,1,1,1,1
4230,2.99E-01,0,4230,ERODED,1,1,1,1,1,1,1,1,1,1,1
4231,2.31E-01,0,4231,Not eroded,0,1,1,1,0,0,1,1,1,1,1
4233,2.08E-01,4,4233,Not eroded,0,1,0,0,0,0,0,0,0,1,1
4234,6.39E-02,5,4234,Not eroded,0,0,0,0,0,0,0,0,0,0,1
4235,1.82E-01,0,4235,Not eroded,0,0,0,0,0,0,1,1,1,1,1
4236,2.59E-01,5,4236,Not eroded,0,1,1,1,1,1,0,0,0,0,1
4237,5.66E-02,2,4237,Not eroded,0,0,0,0,0,0,1,0,1,1,1
4238,3.02E-01,0,4238,ERODED,1,1,1,1,1,1,1,1,1,1,1
4239,1.09E-01,0,4239,Not eroded,0,0,0,0,0,0,1,1,1,1,1
4240,1.78E-01,3,4240,Not eroded,0,0,0,0,0,0,1,0,0,1,1
4241,9.27E-02,4,4241,Not eroded,0,0,0,0,0,0,0,0,0,1,1
4242,1.08E-01,3,4242,Not eroded,0,0,0,0,0,0,1,0,0,1,1
4243,1.80E-01,0,4243,Not eroded,0,0,0,0,0,0,1,1,1,1,1
4244,1.12E-01,0,4244,Not eroded,0,0,0,0,0,0,1,1,1,1,1
4245,5.61E-02,3,4245,Not eroded,0,0,0,0,0,0,1,0,0,1,1
4246,1.44E-01,4,4246,Not eroded,0,0,0,0,0,0,0,0,0,1,1
4247,1.36E-01,4,4247,Not eroded,0,0,0,0,0,0,0,0,0,1,1
4248,1.62E-01,3,4248,Not eroded,0,0,0,0,0,0,1,0,0,1,1
4250,3.04E-01,0,4250,ERODED,1,1,1,1,1,1,1,1,1,1,1
4251,2.69E-01,4,4251,Not eroded,0,1,1,1,1,1,0,0,0,1,1
4252,3.00E-01,3,4252,Not eroded,0,1,1,1,1,1,1,0,0,1,1
4254,1.33E-01,4,4254,Not eroded,0,0,0,0,0,0,0,0,0,1,1
4255,8.94E-02,0,4255,Not eroded,0,0,0,0,0,0,1,1,1,1,1
4256,6.08E-02,3,4256,Not eroded,0,0,0,0,0,0,1,0,0,1,1
4257,5.65E-02,3,4257,Not eroded,0,0,0,0,0,0,1,0,0,1,1
4259,2.17E-01,4,4259,Not eroded,0,1,0,0,0,0,0,0,0,1,1
4260,9.96E-02,5,4260,Not eroded,0,0,0,0,0,0,0,0,0,0,1
4261,2.92E-01,0,4261,Not eroded,0,1,1,1,1,1,1,1,1,1,1
4262,1.38E-01,0,4262,Not eroded,0,0,0,0,0,0,1,1,1,1,1
4263,1.13E-01,0,4263,Not eroded,0,0,0,0,0,0,1,1,1,1,1
4264,2.52E-01,4,4264,Not eroded,0,1,1,1,1,1,0,0,0,1,1
4265,2.78E-01,3,4265,Not eroded,0,1,1,1,1,1,1,0,0,1,1
4266,3.24E-01,0,4266,ERODED,1,1,1,1,1,1,1,1,1,1,1
4268,3.08E-01,0,4268,ERODED,1,1,1,1,1,1,1,1,1,1,1
4269,1.66E-01,4,4269,Not eroded,0,0,0,0,0,0,0,0,0,1,1
4270,1.31E-01,0,4270,Not eroded,0,0,0,0,0,0,1,1,1,1,1
4271,1.67E-01,0,4271,Not eroded,0,0,0,0,0,0,1,1,1,1,1
4272,2.57E-01,0,4272,Not eroded,0,1,1,1,1,1,1,1,1,1,1
4273,1.21E-01,4,4273,Not eroded,0,0,0,0,0,0,0,0,0,1,1
4274,3.25E-01,0,4274,ERODED,1,1,1,1,1,1,1,1,1,1,1
4275,1.40E-01,3,4275,Not eroded,0,0,0,0,0,0,1,0,0,1,1
4276,2.26E-01,0,4276,Not eroded,0,1,1,0,0,0,1,1,1,1,1
4277,2.55E-01,4,4277,Not eroded,0,1,1,1,1,1,0,0,0,1,1
4278,2.04E-01,4,4278,Not eroded,0,1,0,0,0,0,0,0,0,1,1
4279,2.60E-01,5,4279,Not eroded,0,1,1,1,1,1,0,0,0,0,1
4280,2.11E-01,3,4280,Not eroded,0,1,0,0,0,0,1,0,0,1,1
4282,2.52E-01,0,4282,Not eroded,0,1,1,1,1,1,1,1,1,1,1
4283,8.79E-02,4,4283,Not eroded,0,0,0,0,0,0,0,0,0,1,1
4284,2.62E-01,4,4284,Not eroded,0,1,1,1,1,1,0,0,0,1,1
4285,2.09E-01,2,4285,Not eroded,0,1,0,0,0,0,1,0,1,1,1
4286,1.41E-01,5,4286,Not eroded,0,0,0,0,0,0,0,0,0,0,1
4288,2.87E-01,4,4288,Not eroded,0,1,1,1,1,1,0,0,0,1,1
4289,1.45E-01,2,4289,Not eroded,0,0,0,0,0,0,1,0,1,1,1
4290,2.13E-01,6,4290,Not eroded,0,1,0,0,0,0,0,0,0,0,0
4291,2.47E-01,4,4291,Not eroded,0,1,1,1,1,0,0,0,0,1,1
4292,5.65E-02,3,4292,Not eroded,0,0,0,0,0,0,1,0,0,1,1
4293,1.35E-01,0,4293,Not eroded,0,0,0,0,0,0,1,1,1,1,1
4294,1.62E-01,3,4294,Not eroded,0,0,0,0,0,0,1,0,0,1,1
4295,1.56E-01,0,4295,Not eroded,0,0,0,0,0,0,1,1,1,1,1
4296,2.53E-01,0,4296,ERODED,1,1,1,1,1,1,1,1,1,1,1
4297,2.74E-01,0,4297,ERODED,1,1,1,1,1,1,1,1,1,1,1
4298,2.60E-01,2,4298,Not eroded,0,1,1,1,1,1,1,0,1,1,1
4299,9.36E-02,4,4299,Not eroded,0,0,0,0,0,0,0,0,0,1,1
4300,2.71E-01,5,4300,Not eroded,0,1,1,1,1,1,0,0,0,0,1
4301,2.13E-01,5,4301,Not eroded,0,1,0,0,0,0,0,0,0,0,1
4302,6.52E-02,5,4302,Not eroded,0,0,0,0,0,0,0,0,0,0,1
4303,1.74E-01,0,4303,Not eroded,0,0,0,0,0,0,1,1,1,1,1
4304,2.77E-01,5,4304,Not eroded,0,1,1,1,1,1,0,0,0,0,1
4305,5.66E-02,3,4305,Not eroded,0,0,0,0,0,0,1,0,0,1,1
4306,3.07E-01,0,4306,ERODED,1,1,1,1,1,1,1,1,1,1,1
4307,1.41E-01,0,4307,Not eroded,0,0,0,0,0,0,1,1,1,1,1
4308,2.88E-01,5,4308,Not eroded,0,1,1,1,1,1,0,0,0,0,1
4309,1.60E-01,2,4309,Not eroded,0,0,0,0,0,0,1,0,1,1,1
4310,2.93E-01,4,4310,Not eroded,0,1,1,1,1,1,0,0,0,1,1
4311,2.39E-01,5,4311,Not eroded,0,1,1,1,0,0,0,0,0,0,1
4312,1.98E-01,5,4312,Not eroded,0,1,0,0,0,0,0,0,0,0,1
4313,5.66E-02,4,4313,Not eroded,0,0,0,0,0,0,0,0,0,1,1
4314,1.52E-01,4,4314,Not eroded,0,0,0,0,0,0,0,0,0,1,1
4315,6.46E-02,4,4315,Not eroded,0,0,0,0,0,0,0,0,0,1,1
4316,1.49E-01,4,4316,Not eroded,0,0,0,0,0,0,0,0,0,1,1
4317,1.85E-01,6,4317,Not eroded,0,0,0,0,0,0,0,0,0,0,0
4318,1.90E-01,4,4318,Not eroded,0,0,0,0,0,0,0,0,0,1,1
4319,2.17E-01,4,4319,Not eroded,0,1,0,0,0,0,0,0,0,1,1
4320,5.65E-02,3,4320,Not eroded,0,0,0,0,0,0,1,0,0,1,1
4321,2.46E-01,0,4321,Not eroded,0,1,1,1,1,0,1,1,1,1,1
4322,2.81E-01,5,4322,Not eroded,0,1,1,1,1,1,0,0,0,0,1
4326,2.63E-01,3,4326,Not eroded,0,1,1,1,1,1,1,0,0,1,1
4327,2.54E-01,4,4327,Not eroded,0,1,1,1,1,1,0,0,0,1,1
4329,1.60E-01,5,4329,Not eroded,0,0,0,0,0,0,0,0,0,0,1
4330,2.59E-01,0,4330,Not eroded,0,1,1,1,1,1,1,1,1,1,1
4331,1.15E-01,5,4331,Not eroded,0,0,0,0,0,0,0,0,0,0,1
4332,1.29E-01,7,4332,Not eroded,0,0,0,0,0,0,0,0,0,0,0
4333,1.89E-01,0,4333,Not eroded,0,0,0,0,0,0,1,1,1,1,1
4334,1.51E-01,0,4334,Not eroded,0,0,0,0,0,0,1,1,1,1,1
4335,3.19E-01,0,4335,ERODED,1,1,1,1,1,1,1,1,1,1,1
4336,1.83E-01,4,4336,Not eroded,0,0,0,0,0,0,0,0,0,1,1
4339,5.65E-02,5,4339,Not eroded,0,0,0,0,0,0,0,0,0,0,1
4341,2.41E-01,4,4341,Not eroded,0,1,1,1,1,0,0,0,0,1,1
4342,1.66E-01,2,4342,Not eroded,0,0,0,0,0,0,1,0,1,1,1
4343,2.00E-01,4,4343,Not eroded,0,1,0,0,0,0,0,0,0,1,1
4344,1.38E-01,3,4344,Not eroded,0,0,0,0,0,0,1,0,0,1,1
4345,8.17E-02,0,4345,Not eroded,0,0,0,0,0,0,1,1,1,1,1
4346,1.43E-01,4,4346,Not eroded,0,0,0,0,0,0,0,0,0,1,1
4347,2.24E-01,4,4347,Not eroded,0,1,1,0,0,0,0,0,0,1,1
4348,5.66E-02,3,4348,Not eroded,0,0,0,0,0,0,1,0,0,1,1
4350,3.09E-01,0,4350,ERODED,1,1,1,1,1,1,1,1,1,1,1
4351,2.91E-01,5,4351,Not eroded,0,1,1,1,1,1,0,0,0,0,1
4352,1.15E-01,5,4352,Not eroded,0,0,0,0,0,0,0,0,0,0,1
4353,2.93E-01,4,4353,Not eroded,0,1,1,1,1,1,0,0,0,1,1
4354,7.43E-02,4,4354,Not eroded,0,0,0,0,0,0,0,0,0,1,1
4355,1.05E-01,4,4355,Not eroded,0,0,0,0,0,0,0,0,0,1,1
4356,6.92E-02,4,4356,Not eroded,0,0,0,0,0,0,0,0,0,1,1
4357,2.30E-01,4,4357,Not eroded,0,1,1,0,0,0,0,0,0,1,1
4358,1.27E-01,5,4358,Not eroded,0,0,0,0,0,0,0,0,0,0,1
4359,6.07E-02,6,4359,Not eroded,0,0,0,0,0,0,0,0,0,0,0
4360,8.69E-02,4,4360,Not eroded,0,0,0,0,0,0,0,0,0,1,1
4361,3.19E-01,0,4361,ERODED,1,1,1,1,1,1,1,1,1,1,1
4362,3.19E-01,0,4362,ERODED,1,1,1,1,1,1,1,1,1,1,1
4363,2.05E-01,0,4363,Not eroded,0,1,0,0,0,0,1,1,1,1,1
4364,1.88E-01,2,4364,Not eroded,0,0,0,0,0,0,1,0,1,1,1
4365,1.75E-01,0,4365,Not eroded,0,0,0,0,0,0,1,1,1,1,1
4366,1.66E-01,3,4366,Not eroded,0,0,0,0,0,0,1,0,0,1,1
4368,1.03E-01,4,4368,Not eroded,0,0,0,0,0,0,0,0,0,1,1
4369,3.24E-01,0,4369,ERODED,1,1,1,1,1,1,1,1,1,1,1
4370,3.18E-01,0,4370,ERODED,1,1,1,1,1,1,1,1,1,1,1
4371,6.22E-02,4,4371,Not eroded,0,0,0,0,0,0,0,0,0,1,1
4372,2.35E-01,4,4372,Not eroded,0,1,1,1,0,0,0,0,0,1,1
4373,1.05E-01,6,4373,Not eroded,0,0,0,0,0,0,0,0,0,0,0
4376,2.62E-01,4,4376,Not eroded,0,1,1,1,1,1,0,0,0,1,1
4378,2.12E-01,2,4378,Not eroded,0,1,0,0,0,0,1,0,1,1,1
4380,1.46E-01,2,4380,Not eroded,0,0,0,0,0,0,1,0,1,1,1
4381,2.99E-01,4,4381,Not eroded,0,1,1,1,1,1,0,0,0,1,1
4382,2.17E-01,2,4382,Not eroded,0,1,0,0,0,0,1,0,1,1,1
4383,8.51E-02,0,4383,Not eroded,0,0,0,0,0,0,1,1,1,1,1
4384,3.23E-01,0,4384,ERODED,1,1,1,1,1,1,1,1,1,1,1
4385,3.20E-01,0,4385,ERODED,1,1,1,1,1,1,1,1,1,1,1
4387,1.19E-01,5,4387,Not eroded,0,0,0,0,0,0,0,0,0,0,1
4388,5.65E-02,2,4388,Not eroded,0,0,0,0,0,0,1,0,1,1,1
4389,1.36E-01,3,4389,Not eroded,0,0,0,0,0,0,1,0,0,1,1
4390,5.68E-02,4,4390,Not eroded,0,0,0,0,0,0,0,0,0,1,1
4391,1.90E-01,3,4391,Not eroded,0,0,0,0,0,0,1,0,0,1,1
4392,2.21E-01,4,4392,Not eroded,0,1,1,0,0,0,0,0,0,1,1
4393,9.65E-02,6,4393,Not eroded,0,0,0,0,0,0,0,0,0,0,0
4394,2.61E-01,4,4394,Not eroded,0,1,1,1,1,1,0,0,0,1,1
4395,2.14E-01,2,4395,Not eroded,0,1,0,0,0,0,1,0,1,1,1
4396,2.69E-01,4,4396,Not eroded,0,1,1,1,1,1,0,0,0,1,1
4397,3.25E-01,0,4397,ERODED,1,1,1,1,1,1,1,1,1,1,1
4399,1.36E-01,0,4399,Not eroded,0,0,0,0,0,0,1,1,1,1,1
4400,1.07E-01,4,4400,Not eroded,0,0,0,0,0,0,0,0,0,1,1
4403,2.90E-01,4,4403,Not eroded,0,1,1,1,1,1,0,0,0,1,1
4404,1.93E-01,0,4404,Not eroded,0,1,0,0,0,0,1,1,1,1,1
4405,1.39E-01,5,4405,Not eroded,0,0,0,0,0,0,0,0,0,0,1
4406,1.22E-01,3,4406,Not eroded,0,0,0,0,0,0,1,0,0,1,1
4407,8.42E-02,4,4407,Not eroded,0,0,0,0,0,0,0,0,0,1,1
4408,2.49E-01,0,4408,Not eroded,0,1,1,1,1,0,1,1,1,1,1
4409,1.95E-01,0,4409,Not eroded,0,1,0,0,0,0,1,1,1,1,1
4410,3.26E-01,0,4410,ERODED,1,1,1,1,1,1,1,1,1,1,1
4411,1.91E-01,0,4411,Not eroded,0,1,0,0,0,0,1,1,1,1,1
4412,2.24E-01,2,4412,Not eroded,0,1,1,0,0,0,1,0,1,1,1
4413,1.09E-01,4,4413,Not eroded,0,0,0,0,0,0,0,0,0,1,1
4414,1.52E-01,0,4414,Not eroded,0,0,0,0,0,0,1,1,1,1,1
4415,3.01E-01,0,4415,ERODED,1,1,1,1,1,1,1,1,1,1,1
4416,7.37E-02,6,4416,Not eroded,0,0,0,0,0,0,0,0,0,0,0
4417,1.69E-01,4,4417,Not eroded,0,0,0,0,0,0,0,0,0,1,1
4418,1.72E-01,5,4418,Not eroded,0,0,0,0,0,0,0,0,0,0,1
4419,2.41E-01,4,4419,Not eroded,0,1,1,1,1,0,0,0,0,1,1
4420,2.87E-01,0,4420,ERODED,1,1,1,1,1,1,1,1,1,1,1
4421,1.48E-01,3,4421,Not eroded,0,0,0,0,0,0,1,0,0,1,1
4422,2.04E-01,0,4422,Not eroded,0,1,0,0,0,0,1,1,1,1,1
4423,3.35E-01,0,4423,ERODED,1,1,1,1,1,1,1,1,1,1,1
4424,2.10E-01,0,4424,Not eroded,0,1,0,0,0,0,1,1,1,1,1
4425,1.39E-01,5,4425,Not eroded,0,0,0,0,0,0,0,0,0,0,1
4427,2.38E-01,0,4427,Not eroded,0,1,1,1,0,0,1,1,1,1,1
4428,1.35E-01,4,4428,Not eroded,0,0,0,0,0,0,0,0,0,1,1
4429,3.00E-01,3,4429,Not eroded,0,1,1,1,1,1,1,0,0,1,1
4430,2.42E-01,3,4430,Not eroded,0,1,1,1,1,0,1,0,0,1,1
4431,8.76E-02,4,4431,Not eroded,0,0,0,0,0,0,0,0,0,1,1
4432,1.97E-01,5,4432,Not eroded,0,1,0,0,0,0,0,0,0,0,1
4433,8.63E-02,0,4433,Not eroded,0,0,0,0,0,0,1,1,1,1,1
4435,9.18E-02,0,4435,Not eroded,0,0,0,0,0,0,1,1,1,1,1
4436,2.59E-01,0,4436,Not eroded,0,1,1,1,1,1,1,1,1,1,1
4437,2.82E-01,5,4437,Not eroded,0,1,1,1,1,1,0,0,0,0,1
4438,1.95E-01,6,4438,Not eroded,0,1,0,0,0,0,0,0,0,0,0
4439,1.63E-01,5,4439,Not eroded,0,0,0,0,0,0,0,0,0,0,1
4440,1.66E-01,4,4440,Not eroded,0,0,0,0,0,0,0,0,0,1,1
4442,2.84E-01,4,4442,Not eroded,0,1,1,1,1,1,0,0,0,1,1
4443,2.10E-01,3,4443,Not eroded,0,1,0,0,0,0,1,0,0,1,1
4444,1.50E-01,3,4444,Not eroded,0,0,0,0,0,0,1,0,0,1,1
4445,1.79E-01,4,4445,Not eroded,0,0,0,0,0,0,0,0,0,1,1
4446,6.40E-02,4,4446,Not eroded,0,0,0,0,0,0,0,0,0,1,1
4447,2.91E-01,4,4447,Not eroded,0,1,1,1,1,1,0,0,0,1,1
4448,1.64E-01,4,4448,Not eroded,0,0,0,0,0,0,0,0,0,1,1
4449,9.37E-02,4,4449,Not eroded,0,0,0,0,0,0,0,0,0,1,1
4450,2.78E-01,3,4450,Not eroded,0,1,1,1,1,1,1,0,0,1,1
4451,1.70E-01,6,4451,Not eroded,0,0,0,0,0,0,0,0,0,0,0
4452,1.42E-01,4,4452,Not eroded,0,0,0,0,0,0,0,0,0,1,1
4453,2.83E-01,0,4453,ERODED,1,1,1,1,1,1,1,1,1,1,1
4454,2.16E-01,4,4454,Not eroded,0,1,0,0,0,0,0,0,0,1,1
4455,2.71E-01,3,4455,Not eroded,0,1,1,1,1,1,1,0,0,1,1
4458,2.25E-01,4,4458,Not eroded,0,1,1,0,0,0,0,0,0,1,1
4459,3.15E-01,0,4459,ERODED,1,1,1,1,1,1,1,1,1,1,1
4461,1.09E-01,0,4461,Not eroded,0,0,0,0,0,0,1,1,1,1,1
4462,1.04E-01,4,4462,Not eroded,0,0,0,0,0,0,0,0,0,1,1
4463,1.62E-01,0,4463,Not eroded,0,0,0,0,0,0,1,1,1,1,1
4464,1.90E-01,0,4464,Not eroded,0,0,0,0,0,0,1,1,1,1,1
4465,2.67E-01,0,4465,Not eroded,0,1,1,1,1,1,1,1,1,1,1
4466,2.87E-01,3,4466,Not eroded,0,1,1,1,1,1,1,0,0,1,1
4467,2.31E-01,0,4467,Not eroded,0,1,1,1,0,0,1,1,1,1,1
4468,1.29E-01,3,4468,Not eroded,0,0,0,0,0,0,1,0,0,1,1
4469,1.19E-01,5,4469,Not eroded,0,0,0,0,0,0,0,0,0,0,1
4470,1.37E-01,4,4470,Not eroded,0,0,0,0,0,0,0,0,0,1,1
4471,5.77E-02,4,4471,Not eroded,0,0,0,0,0,0,0,0,0,1,1
4472,1.86E-01,5,4472,Not eroded,0,0,0,0,0,0,0,0,0,0,1
4473,2.82E-01,5,4473,Not eroded,0,1,1,1,1,1,0,0,0,0,1
4474,1.75E-01,2,4474,Not eroded,0,0,0,0,0,0,1,0,1,1,1
4475,2.12E-01,0,4475,Not eroded,0,1,0,0,0,0,1,1,1,1,1
4476,6.59E-02,6,4476,Not eroded,0,0,0,0,0,0,0,0,0,0,0
4477,2.14E-01,4,4477,Not eroded,0,1,0,0,0,0,0,0,0,1,1
4478,2.02E-01,0,4478,Not eroded,0,1,0,0,0,0,1,1,1,1,1
4479,1.56E-01,5,4479,Not eroded,0,0,0,0,0,0,0,0,0,0,1
4480,7.63E-02,4,4480,Not eroded,0,0,0,0,0,0,0,0,0,1,1
4482,1.95E-01,0,4482,Not eroded,0,1,0,0,0,0,1,1,1,1,1
4484,8.79E-02,4,4484,Not eroded,0,0,0,0,0,0,0,0,0,1,1
4486,1.11E-01,3,4486,Not eroded,0,0,0,0,0,0,1,0,0,1,1
4488,1.30E-01,5,4488,Not eroded,0,0,0,0,0,0,0,0,0,0,1
4489,2.05E-01,0,4489,Not eroded,0,1,0,0,0,0,1,1,1,1,1
4490,1.69E-01,3,4490,Not eroded,0,0,0,0,0,0,1,0,0,1,1
4491,7.19E-02,5,4491,Not eroded,0,0,0,0,0,0,0,0,0,0,1
4492,1.47E-01,4,4492,Not eroded,0,0,0,0,0,0,0,0,0,1,1
4493,2.98E-01,0,4493,ERODED,1,1,1,1,1,1,1,1,1,1,1
4494,5.66E-02,3,4494,Not eroded,0,0,0,0,0,0,1,0,0,1,1
4495,1.84E-01,4,4495,Not eroded,0,0,0,0,0,0,0,0,0,1,1
4497,2.63E-01,0,4497,Not eroded,0,1,1,1,1,1,1,1,1,1,1
4498,6.50E-02,4,4498,Not eroded,0,0,0,0,0,0,0,0,0,1,1
4499,1.38E-01,0,4499,Not eroded,0,0,0,0,0,0,1,1,1,1,1
4500,2.58E-01,4,4500,Not eroded,0,1,1,1,1,1,0,0,0,1,1
4501,2.32E-01,4,4501,Not eroded,0,1,1,1,0,0,0,0,0,1,1
4502,3.21E-01,0,4502,ERODED,1,1,1,1,1,1,1,1,1,1,1
4504,2.56E-01,0,4504,Not eroded,0,1,1,1,1,1,1,1,1,1,1
4505,1.42E-01,3,4505,Not eroded,0,0,0,0,0,0,1,0,0,1,1
4507,2.54E-01,0,4507,Not eroded,0,1,1,1,1,1,1,1,1,1,1
4508,7.28E-02,4,4508,Not eroded,0,0,0,0,0,0,0,0,0,1,1
4509,1.69E-01,0,4509,Not eroded,0,0,0,0,0,0,1,1,1,1,1
4510,5.65E-02,4,4510,Not eroded,0,0,0,0,0,0,0,0,0,1,1
4511,2.65E-01,5,4511,Not eroded,0,1,1,1,1,1,0,0,0,0,1
4512,1.65E-01,0,4512,Not eroded,0,0,0,0,0,0,1,1,1,1,1
4513,8.08E-02,3,4513,Not eroded,0,0,0,0,0,0,1,0,0,1,1
4514,2.60E-01,3,4514,Not eroded,0,1,1,1,1,1,1,0,0,1,1
4515,2.53E-01,4,4515,Not eroded,0,1,1,1,1,1,0,0,0,1,1
4516,1.47E-01,3,4516,Not eroded,0,0,0,0,0,0,1,0,0,1,1
4517,2.52E-01,0,4517,Not eroded,0,1,1,1,1,1,1,1,1,1,1
4518,1.01E-01,2,4518,Not eroded,0,0,0,0,0,0,1,0,1,1,1
4519,5.67E-02,4,4519,Not eroded,0,0,0,0,0,0,0,0,0,1,1
4520,1.29E-01,0,4520,Not eroded,0,0,0,0,0,0,1,1,1,1,1
4521,1.30E-01,0,4521,Not eroded,0,0,0,0,0,0,1,1,1,1,1
4522,2.01E-01,0,4522,Not eroded,0,1,0,0,0,0,1,1,1,1,1
4523,1.30E-01,0,4523,Not eroded,0,0,0,0,0,0,1,1,1,1,1
4524,2.69E-01,5,4524,Not eroded,0,1,1,1,1,1,0,0,0,0,1
4527,1.40E-01,4,4527,Not eroded,0,0,0,0,0,0,0,0,0,1,1
4528,2.38E-01,0,4528,Not eroded,0,1,1,1,0,0,1,1,1,1,1
4529,2.69E-01,0,4529,ERODED,1,1,1,1,1,1,1,1,1,1,1
4530,9.62E-02,0,4530,Not eroded,0,0,0,0,0,0,1,1,1,1,1
4531,3.17E-01,0,4531,ERODED,1,1,1,1,1,1,1,1,1,1,1
4532,1.13E-01,0,4532,Not eroded,0,0,0,0,0,0,1,1,1,1,1
4533,2.55E-01,2,4533,Not eroded,0,1,1,1,1,1,1,0,1,1,1
4534,1.73E-01,5,4534,Not eroded,0,0,0,0,0,0,0,0,0,0,1
4535,5.65E-02,2,4535,Not eroded,0,0,0,0,0,0,1,0,1,1,1
4537,2.41E-01,0,4537,Not eroded,0,1,1,1,1,0,1,1,1,1,1
4538,3.14E-01,0,4538,ERODED,1,1,1,1,1,1,1,1,1,1,1
4539,3.01E-01,0,4539,ERODED,1,1,1,1,1,1,1,1,1,1,1
4540,9.23E-02,0,4540,Not eroded,0,0,0,0,0,0,1,1,1,1,1
4541,2.60E-01,3,4541,Not eroded,0,1,1,1,1,1,1,0,0,1,1
4542,2.05E-01,0,4542,Not eroded,0,1,0,0,0,0,1,1,1,1,1
4543,2.22E-01,0,4543,Not eroded,0,1,1,0,0,0,1,1,1,1,1
4544,5.93E-02,3,4544,Not eroded,0,0,0,0,0,0,1,0,0,1,1
4545,9.81E-02,4,4545,Not eroded,0,0,0,0,0,0,0,0,0,1,1
4547,8.96E-02,5,4547,Not eroded,0,0,0,0,0,0,0,0,0,0,1
4548,2.17E-01,0,4548,Not eroded,0,1,0,0,0,0,1,1,1,1,1
4549,2.28E-01,3,4549,Not eroded,0,1,1,0,0,0,1,0,0,1,1
4550,1.04E-01,3,4550,Not eroded,0,0,0,0,0,0,1,0,0,1,1
4551,2.14E-01,5,4551,Not eroded,0,1,0,0,0,0,0,0,0,0,1
4552,1.06E-01,5,4552,Not eroded,0,0,0,0,0,0,0,0,0,0,1
4553,1.46E-01,5,4553,Not eroded,0,0,0,0,0,0,0,0,0,0,1
4554,8.98E-02,0,4554,Not eroded,0,0,0,0,0,0,1,1,1,1,1
4555,3.04E-01,3,4555,Not eroded,0,1,1,1,1,1,1,0,0,1,1
4556,2.59E-01,4,4556,Not eroded,0,1,1,1,1,1,0,0,0,1,1
4557,3.25E-01,0,4557,ERODED,1,1,1,1,1,1,1,1,1,1,1
4558,3.25E-01,0,4558,ERODED,1,1,1,1,1,1,1,1,1,1,1
4559,2.09E-01,0,4559,Not eroded,0,1,0,0,0,0,1,1,1,1,1
4560,9.93E-02,5,4560,Not eroded,0,0,0,0,0,0,0,0,0,0,1
4561,1.68E-01,0,4561,Not eroded,0,0,0,0,0,0,1,1,1,1,1
4562,5.65E-02,3,4562,Not eroded,0,0,0,0,0,0,1,0,0,1,1
4563,2.19E-01,3,4563,Not eroded,0,1,0,0,0,0,1,0,0,1,1
4564,2.30E-01,0,4564,Not eroded,0,1,1,0,0,0,1,1,1,1,1
4565,1.42E-01,0,4565,Not eroded,0,0,0,0,0,0,1,1,1,1,1
4566,2.17E-01,0,4566,Not eroded,0,1,0,0,0,0,1,1,1,1,1
4567,2.18E-01,4,4567,Not eroded,0,1,0,0,0,0,0,0,0,1,1
4568,3.27E-01,0,4568,ERODED,1,1,1,1,1,1,1,1,1,1,1
4569,1.06E-01,5,4569,Not eroded,0,0,0,0,0,0,0,0,0,0,1
4570,9.06E-02,3,4570,Not eroded,0,0,0,0,0,0,1,0,0,1,1
4574,9.16E-02,0,4574,Not eroded,0,0,0,0,0,0,1,1,1,1,1
4575,3.19E-01,0,4575,ERODED,1,1,1,1,1,1,1,1,1,1,1
4576,7.54E-02,0,4576,Not eroded,0,0,0,0,0,0,1,1,1,1,1
4577,2.29E-01,2,4577,Not eroded,0,1,1,0,0,0,1,0,1,1,1
4578,2.89E-01,5,4578,Not eroded,0,1,1,1,1,1,0,0,0,0,1
4579,2.18E-01,4,4579,Not eroded,0,1,0,0,0,0,0,0,0,1,1
4580,5.65E-02,3,4580,Not eroded,0,0,0,0,0,0,1,0,0,1,1
4581,2.52E-01,0,4581,Not eroded,0,1,1,1,1,1,1,1,1,1,1
4582,1.78E-01,0,4582,Not eroded,0,0,0,0,0,0,1,1,1,1,1
4583,2.02E-01,2,4583,Not eroded,0,1,0,0,0,0,1,0,1,1,1
4584,1.61E-01,0,4584,Not eroded,0,0,0,0,0,0,1,1,1,1,1
4585,2.23E-01,0,4585,Not eroded,0,1,1,0,0,0,1,1,1,1,1
4586,1.60E-01,3,4586,Not eroded,0,0,0,0,0,0,1,0,0,1,1
4588,1.94E-01,0,4588,Not eroded,0,1,0,0,0,0,1,1,1,1,1
4589,3.18E-01,0,4589,ERODED,1,1,1,1,1,1,1,1,1,1,1
4590,2.91E-01,5,4590,Not eroded,0,1,1,1,1,1,0,0,0,0,1
4591,5.65E-02,3,4591,Not eroded,0,0,0,0,0,0,1,0,0,1,1
4592,1.70E-01,5,4592,Not eroded,0,0,0,0,0,0,0,0,0,0,1
4593,7.15E-02,3,4593,Not eroded,0,0,0,0,0,0,1,0,0,1,1
4594,3.23E-01,0,4594,ERODED,1,1,1,1,1,1,1,1,1,1,1
4595,2.05E-01,3,4595,Not eroded,0,1,0,0,0,0,1,0,0,1,1
4596,2.35E-01,5,4596,Not eroded,0,1,1,1,0,0,0,0,0,0,1
4597,2.62E-01,3,4597,Not eroded,0,1,1,1,1,1,1,0,0,1,1
4598,3.25E-01,0,4598,ERODED,1,1,1,1,1,1,1,1,1,1,1
4599,7.47E-02,4,4599,Not eroded,0,0,0,0,0,0,0,0,0,1,1
4600,2.20E-01,4,4600,Not eroded,0,1,0,0,0,0,0,0,0,1,1
4601,2.91E-01,6,4601,Not eroded,0,1,1,1,1,1,0,0,0,0,0
4602,2.87E-01,4,4602,Not eroded,0,1,1,1,1,1,0,0,0,1,1
4603,3.18E-01,0,4603,ERODED,1,1,1,1,1,1,1,1,1,1,1
4604,5.65E-02,4,4604,Not eroded,0,0,0,0,0,0,0,0,0,1,1
4605,3.07E-01,0,4605,ERODED,1,1,1,1,1,1,1,1,1,1,1
4606,1.42E-01,4,4606,Not eroded,0,0,0,0,0,0,0,0,0,1,1
4607,5.65E-02,3,4607,Not eroded,0,0,0,0,0,0,1,0,0,1,1
4609,2.82E-01,0,4609,Not eroded,0,1,1,1,1,1,1,1,1,1,1
4610,2.36E-01,3,4610,Not eroded,0,1,1,1,0,0,1,0,0,1,1
4611,2.81E-01,2,4611,Not eroded,0,1,1,1,1,1,1,0,1,1,1
4612,1.15E-01,3,4612,Not eroded,0,0,0,0,0,0,1,0,0,1,1
4613,1.27E-01,3,4613,Not eroded,0,0,0,0,0,0,1,0,0,1,1
4614,2.29E-01,4,4614,Not eroded,0,1,1,0,0,0,0,0,0,1,1
4615,2.19E-01,0,4615,Not eroded,0,1,0,0,0,0,1,1,1,1,1
4616,2.87E-01,4,4616,Not eroded,0,1,1,1,1,1,0,0,0,1,1
4617,2.11E-01,4,4617,Not eroded,0,1,0,0,0,0,0,0,0,1,1
4618,2.70E-01,6,4618,Not eroded,0,1,1,1,1,1,0,0,0,0,0
4619,1.48E-01,0,4619,Not eroded,0,0,0,0,0,0,1,1,1,1,1
4620,3.00E-01,0,4620,ERODED,1,1,1,1,1,1,1,1,1,1,1
4621,3.02E-01,0,4621,ERODED,1,1,1,1,1,1,1,1,1,1,1
4622,2.32E-01,3,4622,Not eroded,0,1,1,1,0,0,1,0,0,1,1
4623,1.84E-01,4,4623,Not eroded,0,0,0,0,0,0,0,0,0,1,1
4624,2.92E-01,0,4624,ERODED,1,1,1,1,1,1,1,1,1,1,1
4625,9.97E-02,4,4625,Not eroded,0,0,0,0,0,0,0,0,0,1,1
4626,1.08E-01,6,4626,Not eroded,0,0,0,0,0,0,0,0,0,0,0
4627,2.93E-01,0,4627,ERODED,1,1,1,1,1,1,1,1,1,1,1
4628,2.91E-01,4,4628,Not eroded,0,1,1,1,1,1,0,0,0,1,1
4629,1.91E-01,0,4629,Not eroded,0,1,0,0,0,0,1,1,1,1,1
4630,8.56E-02,2,4630,Not eroded,0,0,0,0,0,0,1,0,1,1,1
4633,1.06E-01,0,4633,Not eroded,0,0,0,0,0,0,1,1,1,1,1
4634,2.12E-01,0,4634,Not eroded,0,1,0,0,0,0,1,1,1,1,1
4635,2.67E-01,4,4635,Not eroded,0,1,1,1,1,1,0,0,0,1,1
4636,9.40E-02,5,4636,Not eroded,0,0,0,0,0,0,0,0,0,0,1
4637,3.26E-01,0,4637,ERODED,1,1,1,1,1,1,1,1,1,1,1
4638,2.00E-01,0,4638,Not eroded,0,1,0,0,0,0,1,1,1,1,1
4639,3.28E-01,0,4639,ERODED,1,1,1,1,1,1,1,1,1,1,1
4640,2.95E-01,0,4640,Not eroded,0,1,1,1,1,1,1,1,1,1,1
4641,2.62E-01,4,4641,Not eroded,0,1,1,1,1,1,0,0,0,1,1
4642,9.24E-02,5,4642,Not eroded,0,0,0,0,0,0,0,0,0,0,1
4643,2.48E-01,4,4643,Not eroded,0,1,1,1,1,0,0,0,0,1,1
4644,2.89E-01,0,4644,ERODED,1,1,1,1,1,1,1,1,1,1,1
4645,1.01E-01,4,4645,Not eroded,0,0,0,0,0,0,0,0,0,1,1
4647,5.67E-02,0,4647,Not eroded,0,0,0,0,0,0,1,1,1,1,1
4648,1.57E-01,3,4648,Not eroded,0,0,0,0,0,0,1,0,0,1,1
4649,1.95E-01,4,4649,Not eroded,0,1,0,0,0,0,0,0,0,1,1
4650,1.92E-01,4,4650,Not eroded,0,1,0,0,0,0,0,0,0,1,1
4651,3.17E-01,0,4651,ERODED,1,1,1,1,1,1,1,1,1,1,1
4652,1.79E-01,4,4652,Not eroded,0,0,0,0,0,0,0,0,0,1,1
4653,1.02E-01,6,4653,Not eroded,0,0,0,0,0,0,0,0,0,0,0
4654,3.05E-01,4,4654,Not eroded,0,1,1,1,1,1,0,0,0,1,1
4655,1.84E-01,5,4655,Not eroded,0,0,0,0,0,0,0,0,0,0,1
4656,1.17E-01,6,4656,Not eroded,0,0,0,0,0,0,0,0,0,0,0
4657,2.58E-01,0,4657,Not eroded,0,1,1,1,1,1,1,1,1,1,1
4658,2.88E-01,0,4658,ERODED,1,1,1,1,1,1,1,1,1,1,1
4659,2.90E-01,4,4659,Not eroded,0,1,1,1,1,1,0,0,0,1,1
4660,9.15E-02,4,4660,Not eroded,0,0,0,0,0,0,0,0,0,1,1
4661,1.53E-01,5,4661,Not eroded,0,0,0,0,0,0,0,0,0,0,1
4662,3.20E-01,0,4662,ERODED,1,1,1,1,1,1,1,1,1,1,1
4663,8.13E-02,5,4663,Not eroded,0,0,0,0,0,0,0,0,0,0,1
4664,9.00E-02,0,4664,Not eroded,0,0,0,0,0,0,1,1,1,1,1
4665,2.76E-01,4,4665,Not eroded,0,1,1,1,1,1,0,0,0,1,1
4666,5.65E-02,5,4666,Not eroded,0,0,0,0,0,0,0,0,0,0,1
4667,2.86E-01,5,4667,Not eroded,0,1,1,1,1,1,0,0,0,0,1
4669,2.19E-01,5,4669,Not eroded,0,1,0,0,0,0,0,0,0,0,1
4670,1.70E-01,7,4670,Not eroded,0,0,0,0,0,0,0,0,0,0,0
4671,1.49E-01,3,4671,Not eroded,0,0,0,0,0,0,1,0,0,1,1
4673,1.28E-01,5,4673,Not eroded,0,0,0,0,0,0,0,0,0,0,1
4674,7.24E-02,5,4674,Not eroded,0,0,0,0,0,0,0,0,0,0,1
4676,1.92E-01,4,4676,Not eroded,0,1,0,0,0,0,0,0,0,1,1
4677,9.36E-02,5,4677,Not eroded,0,0,0,0,0,0,0,0,0,0,1
4678,1.40E-01,5,4678,Not eroded,0,0,0,0,0,0,0,0,0,0,1
4679,2.48E-01,3,4679,Not eroded,0,1,1,1,1,0,1,0,0,1,1
4680,5.65E-02,3,4680,Not eroded,0,0,0,0,0,0,1,0,0,1,1
4681,1.76E-01,0,4681,Not eroded,0,0,0,0,0,0,1,1,1,1,1
4682,6.19E-02,7,4682,Not eroded,0,0,0,0,0,0,0,0,0,0,0
4683,3.32E-01,0,4683,ERODED,1,1,1,1,1,1,1,1,1,1,1
4684,7.44E-02,5,4684,Not eroded,0,0,0,0,0,0,0,0,0,0,1
4685,1.33E-01,0,4685,Not eroded,0,0,0,0,0,0,1,1,1,1,1
4686,2.05E-01,4,4686,Not eroded,0,1,0,0,0,0,0,0,0,1,1
4687,1.76E-01,0,4687,Not eroded,0,0,0,0,0,0,1,1,1,1,1
4689,2.63E-01,4,4689,Not eroded,0,1,1,1,1,1,0,0,0,1,1
4690,6.96E-02,5,4690,Not eroded,0,0,0,0,0,0,0,0,0,0,1
4691,2.17E-01,6,4691,Not eroded,0,1,0,0,0,0,0,0,0,0,0
4692,7.01E-02,5,4692,Not eroded,0,0,0,0,0,0,0,0,0,0,1
4693,2.08E-01,4,4693,Not eroded,0,1,0,0,0,0,0,0,0,1,1
4695,2.70E-01,5,4695,Not eroded,0,1,1,1,1,1,0,0,0,0,1
4696,1.08E-01,3,4696,Not eroded,0,0,0,0,0,0,1,0,0,1,1
4697,1.40E-01,2,4697,Not eroded,0,0,0,0,0,0,1,0,1,1,1
4698,3.25E-01,0,4698,ERODED,1,1,1,1,1,1,1,1,1,1,1
4699,2.46E-01,4,4699,Not eroded,0,1,1,1,1,0,0,0,0,1,1
4700,1.26E-01,3,4700,Not eroded,0,0,0,0,0,0,1,0,0,1,1
4701,1.41E-01,0,4701,Not eroded,0,0,0,0,0,0,1,1,1,1,1
4702,2.34E-01,0,4702,Not eroded,0,1,1,1,0,0,1,1,1,1,1
4703,2.53E-01,0,4703,Not eroded,0,1,1,1,1,1,1,1,1,1,1
4704,2.48E-01,4,4704,Not eroded,0,1,1,1,1,0,0,0,0,1,1
4705,1.40E-01,0,4705,Not eroded,0,0,0,0,0,0,1,1,1,1,1
4706,2.34E-01,4,4706,Not eroded,0,1,1,1,0,0,0,0,0,1,1
4707,1.44E-01,0,4707,Not eroded,0,0,0,0,0,0,1,1,1,1,1
4708,2.63E-01,0,4708,Not eroded,0,1,1,1,1,1,1,1,1,1,1
4709,2.80E-01,6,4709,Not eroded,0,1,1,1,1,1,0,0,0,0,0
4710,9.07E-02,0,4710,Not eroded,0,0,0,0,0,0,1,1,1,1,1
4711,2.87E-01,0,4711,Not eroded,0,1,1,1,1,1,1,1,1,1,1
4712,2.87E-01,4,4712,Not eroded,0,1,1,1,1,1,0,0,0,1,1
4713,5.65E-02,5,4713,Not eroded,0,0,0,0,0,0,0,0,0,0,1
4715,7.55E-02,5,4715,Not eroded,0,0,0,0,0,0,0,0,0,0,1
4716,1.71E-01,0,4716,Not eroded,0,0,0,0,0,0,1,1,1,1,1
4717,1.97E-01,6,4717,Not eroded,0,1,0,0,0,0,0,0,0,0,0
4718,1.62E-01,4,4718,Not eroded,0,0,0,0,0,0,0,0,0,1,1
4719,1.33E-01,5,4719,Not eroded,0,0,0,0,0,0,0,0,0,0,1
4720,2.56E-01,4,4720,Not eroded,0,1,1,1,1,1,0,0,0,1,1
4721,1.48E-01,5,4721,Not eroded,0,0,0,0,0,0,0,0,0,0,1
4722,1.43E-01,0,4722,Not eroded,0,0,0,0,0,0,1,1,1,1,1
4724,1.45E-01,5,4724,Not eroded,0,0,0,0,0,0,0,0,0,0,1
4725,1.45E-01,5,4725,Not eroded,0,0,0,0,0,0,0,0,0,0,1
4726,1.80E-01,4,4726,Not eroded,0,0,0,0,0,0,0,0,0,1,1
4727,6.52E-02,6,4727,Not eroded,0,0,0,0,0,0,0,0,0,0,0
4728,1.73E-01,0,4728,Not eroded,0,0,0,0,0,0,1,1,1,1,1
4729,2.13E-01,0,4729,Not eroded,0,1,0,0,0,0,1,1,1,1,1
4731,1.69E-01,3,4731,Not eroded,0,0,0,0,0,0,1,0,0,1,1
4732,8.82E-02,4,4732,Not eroded,0,0,0,0,0,0,0,0,0,1,1
4733,2.65E-01,0,4733,ERODED,1,1,1,1,1,1,1,1,1,1,1
4734,1.06E-01,4,4734,Not eroded,0,0,0,0,0,0,0,0,0,1,1
4735,1.08E-01,4,4735,Not eroded,0,0,0,0,0,0,0,0,0,1,1
4736,1.86E-01,0,4736,Not eroded,0,0,0,0,0,0,1,1,1,1,1
4737,1.86E-01,0,4737,Not eroded,0,0,0,0,0,0,1,1,1,1,1
4738,5.78E-02,0,4738,Not eroded,0,0,0,0,0,0,1,1,1,1,1
4739,1.00E-01,0,4739,Not eroded,0,0,0,0,0,0,1,1,1,1,1
4740,1.40E-01,6,4740,Not eroded,0,0,0,0,0,0,0,0,0,0,0
4741,1.24E-01,3,4741,Not eroded,0,0,0,0,0,0,1,0,0,1,1
4742,1.62E-01,4,4742,Not eroded,0,0,0,0,0,0,0,0,0,1,1
4743,3.03E-01,3,4743,ERODED,1,1,1,1,1,1,1,0,0,1,1
4744,3.05E-01,0,4744,ERODED,1,1,1,1,1,1,1,1,1,1,1
4745,9.51E-02,0,4745,Not eroded,0,0,0,0,0,0,1,1,1,1,1
4746,2.90E-01,2,4746,Not eroded,0,1,1,1,1,1,1,0,1,1,1
4747,2.01E-01,0,4747,Not eroded,0,1,0,0,0,0,1,1,1,1,1
4748,2.93E-01,3,4748,Not eroded,0,1,1,1,1,1,1,0,0,1,1
4749,2.04E-01,3,4749,Not eroded,0,1,0,0,0,0,1,0,0,1,1
4750,3.21E-01,0,4750,ERODED,1,1,1,1,1,1,1,1,1,1,1
4751,2.03E-01,0,4751,Not eroded,0,1,0,0,0,0,1,1,1,1,1
4752,1.02E-01,5,4752,Not eroded,0,0,0,0,0,0,0,0,0,0,1
4753,1.96E-01,0,4753,Not eroded,0,1,0,0,0,0,1,1,1,1,1
4754,6.64E-02,4,4754,Not eroded,0,0,0,0,0,0,0,0,0,1,1
4755,2.91E-01,3,4755,ERODED,1,1,1,1,1,1,1,0,0,1,1
4756,2.85E-01,0,4756,Not eroded,0,1,1,1,1,1,1,1,1,1,1
4757,2.37E-01,5,4757,Not eroded,0,1,1,1,0,0,0,0,0,0,1
4758,3.08E-01,0,4758,ERODED,1,1,1,1,1,1,1,1,1,1,1
4759,2.79E-01,4,4759,Not eroded,0,1,1,1,1,1,0,0,0,1,1
4760,1.83E-01,5,4760,Not eroded,0,0,0,0,0,0,0,0,0,0,1
4761,2.99E-01,0,4761,ERODED,1,1,1,1,1,1,1,1,1,1,1
4762,8.45E-02,0,4762,Not eroded,0,0,0,0,0,0,1,1,1,1,1
4763,2.23E-01,4,4763,Not eroded,0,1,1,0,0,0,0,0,0,1,1
4764,8.39E-02,3,4764,Not eroded,0,0,0,0,0,0,1,0,0,1,1
4765,3.26E-01,0,4765,ERODED,1,1,1,1,1,1,1,1,1,1,1
4766,3.25E-01,0,4766,ERODED,1,1,1,1,1,1,1,1,1,1,1
4767,9.24E-02,4,4767,Not eroded,0,0,0,0,0,0,0,0,0,1,1
4768,2.75E-01,3,4768,Not eroded,0,1,1,1,1,1,1,0,0,1,1
4770,3.18E-01,0,4770,ERODED,1,1,1,1,1,1,1,1,1,1,1
4771,2.56E-01,3,4771,Not eroded,0,1,1,1,1,1,1,0,0,1,1
4773,1.64E-01,4,4773,Not eroded,0,0,0,0,0,0,0,0,0,1,1
4774,8.02E-02,3,4774,Not eroded,0,0,0,0,0,0,1,0,0,1,1
4776,1.58E-01,4,4776,Not eroded,0,0,0,0,0,0,0,0,0,1,1
4777,7.70E-02,4,4777,Not eroded,0,0,0,0,0,0,0,0,0,1,1
4778,1.71E-01,0,4778,Not eroded,0,0,0,0,0,0,1,1,1,1,1
4779,2.65E-01,4,4779,Not eroded,0,1,1,1,1,1,0,0,0,1,1
4780,9.11E-02,4,4780,Not eroded,0,0,0,0,0,0,0,0,0,1,1
4781,2.05E-01,5,4781,Not eroded,0,1,0,0,0,0,0,0,0,0,1
4782,2.25E-01,4,4782,Not eroded,0,1,1,0,0,0,0,0,0,1,1
4783,2.60E-01,4,4783,Not eroded,0,1,1,1,1,1,0,0,0,1,1
4784,1.45E-01,4,4784,Not eroded,0,0,0,0,0,0,0,0,0,1,1
4785,6.43E-02,4,4785,Not eroded,0,0,0,0,0,0,0,0,0,1,1
4786,1.83E-01,5,4786,Not eroded,0,0,0,0,0,0,0,0,0,0,1
4787,2.94E-01,3,4787,Not eroded,0,1,1,1,1,1,1,0,0,1,1
4788,1.62E-01,4,4788,Not eroded,0,0,0,0,0,0,0,0,0,1,1
4789,2.62E-01,0,4789,Not eroded,0,1,1,1,1,1,1,1,1,1,1
4790,2.89E-01,0,4790,Not eroded,0,1,1,1,1,1,1,1,1,1,1
4791,2.49E-01,3,4791,Not eroded,0,1,1,1,1,0,1,0,0,1,1
4792,5.65E-02,4,4792,Not eroded,0,0,0,0,0,0,0,0,0,1,1
4793,2.10E-01,5,4793,Not eroded,0,1,0,0,0,0,0,0,0,0,1
4795,2.92E-01,5,4795,Not eroded,0,1,1,1,1,1,0,0,0,0,1
4796,1.39E-01,4,4796,Not eroded,0,0,0,0,0,0,0,0,0,1,1
4797,1.85E-01,5,4797,Not eroded,0,0,0,0,0,0,0,0,0,0,1
4798,2.78E-01,0,4798,ERODED,1,1,1,1,1,1,1,1,1,1,1
4799,1.23E-01,5,4799,Not eroded,0,0,0,0,0,0,0,0,0,0,1
4800,2.45E-01,5,4800,Not eroded,0,1,1,1,1,0,0,0,0,0,1
4801,3.32E-01,0,4801,ERODED,1,1,1,1,1,1,1,1,1,1,1
4802,1.25E-01,4,4802,Not eroded,0,0,0,0,0,0,0,0,0,1,1
4803,1.36E-01,4,4803,Not eroded,0,0,0,0,0,0,0,0,0,1,1
4804,9.39E-02,4,4804,Not eroded,0,0,0,0,0,0,0,0,0,1,1
4805,2.02E-01,0,4805,Not eroded,0,1,0,0,0,0,1,1,1,1,1
4806,2.19E-01,2,4806,Not eroded,0,1,0,0,0,0,1,0,1,1,1
4808,2.89E-01,0,4808,ERODED,1,1,1,1,1,1,1,1,1,1,1
4810,5.65E-02,5,4810,Not eroded,0,0,0,0,0,0,0,0,0,0,1
4811,2.48E-01,2,4811,Not eroded,0,1,1,1,1,0,1,0,1,1,1
4812,1.30E-01,0,4812,Not eroded,0,0,0,0,0,0,1,1,1,1,1
4814,1.61E-01,5,4814,Not eroded,0,0,0,0,0,0,0,0,0,0,1
4815,2.35E-01,4,4815,Not eroded,0,1,1,1,0,0,0,0,0,1,1
4816,9.90E-02,0,4816,Not eroded,0,0,0,0,0,0,1,1,1,1,1
4817,1.34E-01,4,4817,Not eroded,0,0,0,0,0,0,0,0,0,1,1
4818,1.37E-01,4,4818,Not eroded,0,0,0,0,0,0,0,0,0,1,1
4819,2.34E-01,0,4819,Not eroded,0,1,1,1,0,0,1,1,1,1,1
4820,5.65E-02,4,4820,Not eroded,0,0,0,0,0,0,0,0,0,1,1
4821,1.82E-01,4,4821,Not eroded,0,0,0,0,0,0,0,0,0,1,1
4823,2.56E-01,3,4823,Not eroded,0,1,1,1,1,1,1,0,0,1,1
4824,9.82E-02,4,4824,Not eroded,0,0,0,0,0,0,0,0,0,1,1
4825,1.79E-01,4,4825,Not eroded,0,0,0,0,0,0,0,0,0,1,1
4826,2.11E-01,0,4826,Not eroded,0,1,0,0,0,0,1,1,1,1,1
4827,2.97E-01,0,4827,ERODED,1,1,1,1,1,1,1,1,1,1,1
4828,1.04E-01,5,4828,Not eroded,0,0,0,0,0,0,0,0,0,0,1
4829,2.15E-01,0,4829,Not eroded,0,1,0,0,0,0,1,1,1,1,1
4830,1.09E-01,4,4830,Not eroded,0,0,0,0,0,0,0,0,0,1,1
4833,2.97E-01,0,4833,ERODED,1,1,1,1,1,1,1,1,1,1,1
4834,6.71E-02,0,4834,Not eroded,0,0,0,0,0,0,1,1,1,1,1
4835,2.81E-01,0,4835,Not eroded,0,1,1,1,1,1,1,1,1,1,1
4837,1.19E-01,4,4837,Not eroded,0,0,0,0,0,0,0,0,0,1,1
4838,6.56E-02,3,4838,Not eroded,0,0,0,0,0,0,1,0,0,1,1
4840,2.87E-01,5,4840,Not eroded,0,1,1,1,1,1,0,0,0,0,1
4842,2.95E-01,2,4842,Not eroded,0,1,1,1,1,1,1,0,1,1,1
4843,1.73E-01,3,4843,Not eroded,0,0,0,0,0,0,1,0,0,1,1
4844,3.25E-01,0,4844,ERODED,1,1,1,1,1,1,1,1,1,1,1
4845,2.75E-01,5,4845,Not eroded,0,1,1,1,1,1,0,0,0,0,1
4847,1.73E-01,4,4847,Not eroded,0,0,0,0,0,0,0,0,0,1,1
4848,2.36E-01,5,4848,Not eroded,0,1,1,1,0,0,0,0,0,0,1
4849,2.87E-01,0,4849,Not eroded,0,1,1,1,1,1,1,1,1,1,1
4850,2.10E-01,6,4850,Not eroded,0,1,0,0,0,0,0,0,0,0,0
4851,6.57E-02,6,4851,Not eroded,0,0,0,0,0,0,0,0,0,0,0
4852,2.91E-01,4,4852,Not eroded,0,1,1,1,1,1,0,0,0,1,1
4853,2.59E-01,3,4853,Not eroded,0,1,1,1,1,1,1,0,0,1,1
4854,3.20E-01,0,4854,ERODED,1,1,1,1,1,1,1,1,1,1,1
4855,1.92E-01,6,4855,Not eroded,0,1,0,0,0,0,0,0,0,0,0
4856,1.66E-01,0,4856,Not eroded,0,0,0,0,0,0,1,1,1,1,1
4857,2.72E-01,6,4857,Not eroded,0,1,1,1,1,1,0,0,0,0,0
4858,2.12E-01,4,4858,Not eroded,0,1,0,0,0,0,0,0,0,1,1
4859,2.92E-01,4,4859,Not eroded,0,1,1,1,1,1,0,0,0,1,1
4862,1.80E-01,4,4862,Not eroded,0,0,0,0,0,0,0,0,0,1,1
4863,2.02E-01,3,4863,Not eroded,0,1,0,0,0,0,1,0,0,1,1
4864,1.38E-01,0,4864,Not eroded,0,0,0,0,0,0,1,1,1,1,1
4865,1.47E-01,0,4865,Not eroded,0,0,0,0,0,0,1,1,1,1,1
4866,3.32E-01,0,4866,ERODED,1,1,1,1,1,1,1,1,1,1,1
4867,2.22E-01,3,4867,Not eroded,0,1,1,0,0,0,1,0,0,1,1
4868,1.33E-01,4,4868,Not eroded,0,0,0,0,0,0,0,0,0,1,1
4869,1.72E-01,3,4869,Not eroded,0,0,0,0,0,0,1,0,0,1,1
4870,2.92E-01,4,4870,Not eroded,0,1,1,1,1,1,0,0,0,1,1
4872,1.30E-01,0,4872,Not eroded,0,0,0,0,0,0,1,1,1,1,1
4873,1.78E-01,3,4873,Not eroded,0,0,0,0,0,0,1,0,0,1,1
4874,1.09E-01,4,4874,Not eroded,0,0,0,0,0,0,0,0,0,1,1
4875,1.75E-01,0,4875,Not eroded,0,0,0,0,0,0,1,1,1,1,1
4876,6.39E-02,4,4876,Not eroded,0,0,0,0,0,0,0,0,0,1,1
4877,2.02E-01,0,4877,Not eroded,0,1,0,0,0,0,1,1,1,1,1
4879,2.52E-01,3,4879,Not eroded,0,1,1,1,1,1,1,0,0,1,1
4880,1.65E-01,4,4880,Not eroded,0,0,0,0,0,0,0,0,0,1,1
4881,2.86E-01,3,4881,Not eroded,0,1,1,1,1,1,1,0,0,1,1
4883,2.59E-01,5,4883,Not eroded,0,1,1,1,1,1,0,0,0,0,1
4884,2.27E-01,3,4884,Not eroded,0,1,1,0,0,0,1,0,0,1,1
4885,8.02E-02,4,4885,Not eroded,0,0,0,0,0,0,0,0,0,1,1
4886,1.67E-01,2,4886,Not eroded,0,0,0,0,0,0,1,0,1,1,1
4887,2.30E-01,4,4887,Not eroded,0,1,1,0,0,0,0,0,0,1,1
4888,1.12E-01,6,4888,Not eroded,0,0,0,0,0,0,0,0,0,0,0
4890,5.80E-02,3,4890,Not eroded,0,0,0,0,0,0,1,0,0,1,1
4891,2.71E-01,0,4891,Not eroded,0,1,1,1,1,1,1,1,1,1,1
4893,2.39E-01,2,4893,Not eroded,0,1,1,1,0,0,1,0,1,1,1
4894,6.62E-02,6,4894,Not eroded,0,0,0,0,0,0,0,0,0,0,0
4896,1.42E-01,0,4896,Not eroded,0,0,0,0,0,0,1,1,1,1,1
4897,2.54E-01,4,4897,Not eroded,0,1,1,1,1,1,0,0,0,1,1
4898,3.17E-01,0,4898,ERODED,1,1,1,1,1,1,1,1,1,1,1
4899,1.05E-01,3,4899,Not eroded,0,0,0,0,0,0,1,0,0,1,1
4900,2.17E-01,0,4900,Not eroded,0,1,0,0,0,0,1,1,1,1,1
4901,2.75E-01,4,4901,Not eroded,0,1,1,1,1,1,0,0,0,1,1
4902,1.03E-01,3,4902,Not eroded,0,0,0,0,0,0,1,0,0,1,1
4903,2.09E-01,5,4903,Not eroded,0,1,0,0,0,0,0,0,0,0,1
4904,3.07E-01,0,4904,ERODED,1,1,1,1,1,1,1,1,1,1,1
4905,2.71E-01,6,4905,Not eroded,0,1,1,1,1,1,0,0,0,0,0
4906,9.32E-02,4,4906,Not eroded,0,0,0,0,0,0,0,0,0,1,1
4907,2.04E-01,3,4907,Not eroded,0,1,0,0,0,0,1,0,0,1,1
4908,3.25E-01,0,4908,ERODED,1,1,1,1,1,1,1,1,1,1,1
4909,3.11E-01,0,4909,ERODED,1,1,1,1,1,1,1,1,1,1,1
4910,3.29E-01,0,4910,ERODED,1,1,1,1,1,1,1,1,1,1,1
4911,2.63E-01,5,4911,Not eroded,0,1,1,1,1,1,0,0,0,0,1
4912,2.27E-01,0,4912,Not eroded,0,1,1,0,0,0,1,1,1,1,1
4913,3.25E-01,0,4913,ERODED,1,1,1,1,1,1,1,1,1,1,1
4914,6.78E-02,3,4914,Not eroded,0,0,0,0,0,0,1,0,0,1,1
4915,1.49E-01,4,4915,Not eroded,0,0,0,0,0,0,0,0,0,1,1
4916,6.54E-02,4,4916,Not eroded,0,0,0,0,0,0,0,0,0,1,1
4917,3.12E-01,0,4917,ERODED,1,1,1,1,1,1,1,1,1,1,1
4918,1.03E-01,3,4918,Not eroded,0,0,0,0,0,0,1,0,0,1,1
4919,1.43E-01,0,4919,Not eroded,0,0,0,0,0,0,1,1,1,1,1
4920,1.58E-01,3,4920,Not eroded,0,0,0,0,0,0,1,0,0,1,1
4922,2.70E-01,4,4922,Not eroded,0,1,1,1,1,1,0,0,0,1,1
4923,1.36E-01,0,4923,Not eroded,0,0,0,0,0,0,1,1,1,1,1
4925,5.65E-02,4,4925,Not eroded,0,0,0,0,0,0,0,0,0,1,1
4926,1.98E-01,0,4926,Not eroded,0,1,0,0,0,0,1,1,1,1,1
4927,2.48E-01,5,4927,Not eroded,0,1,1,1,1,0,0,0,0,0,1
4928,9.83E-02,3,4928,Not eroded,0,0,0,0,0,0,1,0,0,1,1
4929,2.18E-01,4,4929,Not eroded,0,1,0,0,0,0,0,0,0,1,1
4930,2.57E-01,4,4930,Not eroded,0,1,1,1,1,1,0,0,0,1,1
4931,2.25E-01,2,4931,Not eroded,0,1,1,0,0,0,1,0,1,1,1
4933,8.09E-02,4,4933,Not eroded,0,0,0,0,0,0,0,0,0,1,1
4934,1.26E-01,0,4934,Not eroded,0,0,0,0,0,0,1,1,1,1,1
4935,2.47E-01,0,4935,Not eroded,0,1,1,1,1,0,1,1,1,1,1
4936,1.93E-01,0,4936,Not eroded,0,1,0,0,0,0,1,1,1,1,1
4939,8.86E-02,0,4939,Not eroded,0,0,0,0,0,0,1,1,1,1,1
4940,6.59E-02,0,4940,Not eroded,0,0,0,0,0,0,1,1,1,1,1
4941,3.36E-01,0,4941,ERODED,1,1,1,1,1,1,1,1,1,1,1
4942,1.21E-01,5,4942,Not eroded,0,0,0,0,0,0,0,0,0,0,1
4943,2.47E-01,0,4943,Not eroded,0,1,1,1,1,0,1,1,1,1,1
4945,2.86E-01,0,4945,Not eroded,0,1,1,1,1,1,1,1,1,1,1
4946,2.15E-01,5,4946,Not eroded,0,1,0,0,0,0,0,0,0,0,1
4947,8.00E-02,5,4947,Not eroded,0,0,0,0,0,0,0,0,0,0,1
4948,2.39E-01,0,4948,Not eroded,0,1,1,1,0,0,1,1,1,1,1
4949,1.45E-01,4,4949,Not eroded,0,0,0,0,0,0,0,0,0,1,1
4950,9.09E-02,3,4950,Not eroded,0,0,0,0,0,0,1,0,0,1,1
4951,1.83E-01,5,4951,Not eroded,0,0,0,0,0,0,0,0,0,0,1
4952,3.04E-01,3,4952,Not eroded,0,1,1,1,1,1,1,0,0,1,1
4953,2.11E-01,5,4953,Not eroded,0,1,0,0,0,0,0,0,0,0,1
4954,1.32E-01,4,4954,Not eroded,0,0,0,0,0,0,0,0,0,1,1
4956,1.25E-01,0,4956,Not eroded,0,0,0,0,0,0,1,1,1,1,1
4957,5.65E-02,3,4957,Not eroded,0,0,0,0,0,0,1,0,0,1,1
4959,1.90E-01,3,4959,Not eroded,0,0,0,0,0,0,1,0,0,1,1
4961,2.88E-01,0,4961,Not eroded,0,1,1,1,1,1,1,1,1,1,1
4963,3.23E-01,0,4963,ERODED,1,1,1,1,1,1,1,1,1,1,1
4964,2.00E-01,4,4964,Not eroded,0,1,0,0,0,0,0,0,0,1,1
4965,2.29E-01,0,4965,Not eroded,0,1,1,0,0,0,1,1,1,1,1
4966,8.81E-02,4,4966,Not eroded,0,0,0,0,0,0,0,0,0,1,1
4968,7.63E-02,4,4968,Not eroded,0,0,0,0,0,0,0,0,0,1,1
4969,3.18E-01,0,4969,ERODED,1,1,1,1,1,1,1,1,1,1,1
4970,1.30E-01,5,4970,Not eroded,0,0,0,0,0,0,0,0,0,0,1
4971,1.34E-01,4,4971,Not eroded,0,0,0,0,0,0,0,0,0,1,1
4972,6.47E-02,3,4972,Not eroded,0,0,0,0,0,0,1,0,0,1,1
4973,2.47E-01,2,4973,Not eroded,0,1,1,1,1,0,1,0,1,1,1
4974,2.66E-01,0,4974,ERODED,1,1,1,1,1,1,1,1,1,1,1
4975,2.09E-01,4,4975,Not eroded,0,1,0,0,0,0,0,0,0,1,1
4977,1.75E-01,4,4977,Not eroded,0,0,0,0,0,0,0,0,0,1,1
4978,3.26E-01,0,4978,ERODED,1,1,1,1,1,1,1,1,1,1,1
4981,2.36E-01,0,4981,Not eroded,0,1,1,1,0,0,1,1,1,1,1
4982,1.89E-01,0,4982,Not eroded,0,0,0,0,0,0,1,1,1,1,1
4983,1.32E-01,3,4983,Not eroded,0,0,0,0,0,0,1,0,0,1,1
4985,1.52E-01,4,4985,Not eroded,0,0,0,0,0,0,0,0,0,1,1
4986,1.57E-01,4,4986,Not eroded,0,0,0,0,0,0,0,0,0,1,1
4987,1.34E-01,5,4987,Not eroded,0,0,0,0,0,0,0,0,0,0,1
4988,2.94E-01,0,4988,ERODED,1,1,1,1,1,1,1,1,1,1,1
4989,1.83E-01,3,4989,Not eroded,0,0,0,0,0,0,1,0,0,1,1
4990,5.65E-02,4,4990,Not eroded,0,0,0,0,0,0,0,0,0,1,1
4991,2.88E-01,4,4991,Not eroded,0,1,1,1,1,1,0,0,0,1,1
4992,8.40E-02,0,4992,Not eroded,0,0,0,0,0,0,1,1,1,1,1
4993,2.32E-01,4,4993,Not eroded,0,1,1,1,0,0,0,0,0,1,1
4994,9.22E-02,0,4994,Not eroded,0,0,0,0,0,0,1,1,1,1,1
4995,1.66E-01,3,4995,Not eroded,0,0,0,0,0,0,1,0,0,1,1
4997,1.23E-01,4,4997,Not eroded,0,0,0,0,0,0,0,0,0,1,1
4998,5.65E-02,6,4998,Not eroded,0,0,0,0,0,0,0,0,0,0,0
4999,7.76E-02,4,4999,Not eroded,0,0,0,0,0,0,0,0,0,1,1
5000,3.02E-01,0,5000,ERODED,1,1,1,1,1,1,1,1,1,1,1
5002,1.38E-01,4,5002,Not eroded,0,0,0,0,0,0,0,0,0,1,1
5003,1.73E-01,0,5003,Not eroded,0,0,0,0,0,0,1,1,1,1,1
5004,3.29E-01,0,5004,ERODED,1,1,1,1,1,1,1,1,1,1,1
5005,3.25E-01,0,5005,ERODED,1,1,1,1,1,1,1,1,1,1,1
5006,3.20E-01,0,5006,ERODED,1,1,1,1,1,1,1,1,1,1,1
5007,1.07E-01,4,5007,Not eroded,0,0,0,0,0,0,0,0,0,1,1
5008,6.96E-02,4,5008,Not eroded,0,0,0,0,0,0,0,0,0,1,1
5009,2.45E-01,0,5009,Not eroded,0,1,1,1,1,0,1,1,1,1,1
5010,2.11E-01,3,5010,Not eroded,0,1,0,0,0,0,1,0,0,1,1
5011,1.32E-01,0,5011,Not eroded,0,0,0,0,0,0,1,1,1,1,1
5012,9.21E-02,0,5012,Not eroded,0,0,0,0,0,0,1,1,1,1,1
5013,3.25E-01,0,5013,ERODED,1,1,1,1,1,1,1,1,1,1,1
5014,2.54E-01,0,5014,Not eroded,0,1,1,1,1,1,1,1,1,1,1
5015,6.48E-02,5,5015,Not eroded,0,0,0,0,0,0,0,0,0,0,1
5016,2.90E-01,0,5016,Not eroded,0,1,1,1,1,1,1,1,1,1,1
5017,1.45E-01,4,5017,Not eroded,0,0,0,0,0,0,0,0,0,1,1
5018,2.59E-01,3,5018,Not eroded,0,1,1,1,1,1,1,0,0,1,1
5019,1.13E-01,4,5019,Not eroded,0,0,0,0,0,0,0,0,0,1,1
5020,1.32E-01,4,5020,Not eroded,0,0,0,0,0,0,0,0,0,1,1
5021,1.43E-01,4,5021,Not eroded,0,0,0,0,0,0,0,0,0,1,1
5022,1.70E-01,5,5022,Not eroded,0,0,0,0,0,0,0,0,0,0,1
5023,1.12E-01,0,5023,Not eroded,0,0,0,0,0,0,1,1,1,1,1
5024,3.24E-01,0,5024,ERODED,1,1,1,1,1,1,1,1,1,1,1
5025,3.23E-01,0,5025,ERODED,1,1,1,1,1,1,1,1,1,1,1
5026,9.53E-02,3,5026,Not eroded,0,0,0,0,0,0,1,0,0,1,1
5027,2.63E-01,5,5027,Not eroded,0,1,1,1,1,1,0,0,0,0,1
5028,1.70E-01,5,5028,Not eroded,0,0,0,0,0,0,0,0,0,0,1
5029,1.62E-01,5,5029,Not eroded,0,0,0,0,0,0,0,0,0,0,1
5030,6.54E-02,5,5030,Not eroded,0,0,0,0,0,0,0,0,0,0,1
5031,1.47E-01,5,5031,Not eroded,0,0,0,0,0,0,0,0,0,0,1
5032,1.88E-01,3,5032,Not eroded,0,0,0,0,0,0,1,0,0,1,1
5033,2.84E-01,6,5033,Not eroded,0,1,1,1,1,1,0,0,0,0,0
5034,3.33E-01,0,5034,ERODED,1,1,1,1,1,1,1,1,1,1,1
5035,2.32E-01,4,5035,Not eroded,0,1,1,1,0,0,0,0,0,1,1
5036,3.16E-01,0,5036,ERODED,1,1,1,1,1,1,1,1,1,1,1
5037,1.21E-01,4,5037,Not eroded,0,0,0,0,0,0,0,0,0,1,1
5038,1.13E-01,3,5038,Not eroded,0,0,0,0,0,0,1,0,0,1,1
5039,1.23E-01,5,5039,Not eroded,0,0,0,0,0,0,0,0,0,0,1
5040,1.44E-01,3,5040,Not eroded,0,0,0,0,0,0,1,0,0,1,1
5041,2.48E-01,0,5041,Not eroded,0,1,1,1,1,0,1,1,1,1,1
5042,1.70E-01,3,5042,Not eroded,0,0,0,0,0,0,1,0,0,1,1
5043,2.67E-01,0,5043,Not eroded,0,1,1,1,1,1,1,1,1,1,1
5044,1.33E-01,3,5044,Not eroded,0,0,0,0,0,0,1,0,0,1,1
5045,2.98E-01,3,5045,Not eroded,0,1,1,1,1,1,1,0,0,1,1
5046,2.00E-01,5,5046,Not eroded,0,1,0,0,0,0,0,0,0,0,1
5047,2.55E-01,4,5047,Not eroded,0,1,1,1,1,1,0,0,0,1,1
5049,1.54E-01,4,5049,Not eroded,0,0,0,0,0,0,0,0,0,1,1
5050,2.79E-01,0,5050,Not eroded,0,1,1,1,1,1,1,1,1,1,1
5051,1.20E-01,6,5051,Not eroded,0,0,0,0,0,0,0,0,0,0,0
5052,9.86E-02,0,5052,Not eroded,0,0,0,0,0,0,1,1,1,1,1
5053,2.66E-01,3,5053,Not eroded,0,1,1,1,1,1,1,0,0,1,1
5054,1.72E-01,4,5054,Not eroded,0,0,0,0,0,0,0,0,0,1,1
5055,1.16E-01,5,5055,Not eroded,0,0,0,0,0,0,0,0,0,0,1
5056,1.54E-01,3,5056,Not eroded,0,0,0,0,0,0,1,0,0,1,1
5057,1.94E-01,0,5057,Not eroded,0,1,0,0,0,0,1,1,1,1,1
5059,2.81E-01,4,5059,Not eroded,0,1,1,1,1,1,0,0,0,1,1
5061,1.33E-01,5,5061,Not eroded,0,0,0,0,0,0,0,0,0,0,1
5062,2.20E-01,4,5062,Not eroded,0,1,0,0,0,0,0,0,0,1,1
5063,1.34E-01,4,5063,Not eroded,0,0,0,0,0,0,0,0,0,1,1
5064,2.17E-01,3,5064,Not eroded,0,1,0,0,0,0,1,0,0,1,1
5065,2.01E-01,6,5065,Not eroded,0,1,0,0,0,0,0,0,0,0,0
5066,2.70E-01,5,5066,Not eroded,0,1,1,1,1,1,0,0,0,0,1
5067,2.60E-01,5,5067,Not eroded,0,1,1,1,1,1,0,0,0,0,1
5068,2.58E-01,0,5068,Not eroded,0,1,1,1,1,1,1,1,1,1,1
5069,8.96E-02,6,5069,Not eroded,0,0,0,0,0,0,0,0,0,0,0
5070,1.60E-01,0,5070,Not eroded,0,0,0,0,0,0,1,1,1,1,1
5072,1.39E-01,5,5072,Not eroded,0,0,0,0,0,0,0,0,0,0,1
5073,3.18E-01,0,5073,ERODED,1,1,1,1,1,1,1,1,1,1,1
5074,1.50E-01,4,5074,Not eroded,0,0,0,0,0,0,0,0,0,1,1
5075,1.18E-01,0,5075,Not eroded,0,0,0,0,0,0,1,1,1,1,1
5076,1.71E-01,2,5076,Not eroded,0,0,0,0,0,0,1,0,1,1,1
5077,2.49E-01,3,5077,Not eroded,0,1,1,1,1,0,1,0,0,1,1
5078,8.97E-02,0,5078,Not eroded,0,0,0,0,0,0,1,1,1,1,1
5079,2.08E-01,5,5079,Not eroded,0,1,0,0,0,0,0,0,0,0,1
5080,1.90E-01,0,5080,Not eroded,0,0,0,0,0,0,1,1,1,1,1
5081,1.34E-01,0,5081,Not eroded,0,0,0,0,0,0,1,1,1,1,1
5083,2.91E-01,0,5083,Not eroded,0,1,1,1,1,1,1,1,1,1,1
5084,1.48E-01,0,5084,Not eroded,0,0,0,0,0,0,1,1,1,1,1
5085,2.79E-01,0,5085,ERODED,1,1,1,1,1,1,1,1,1,1,1
5086,2.28E-01,4,5086,Not eroded,0,1,1,0,0,0,0,0,0,1,1
5087,3.31E-01,0,5087,ERODED,1,1,1,1,1,1,1,1,1,1,1
5089,2.01E-01,4,5089,Not eroded,0,1,0,0,0,0,0,0,0,1,1
5090,2.38E-01,0,5090,Not eroded,0,1,1,1,0,0,1,1,1,1,1
5092,2.29E-01,3,5092,Not eroded,0,1,1,0,0,0,1,0,0,1,1
5093,1.74E-01,4,5093,Not eroded,0,0,0,0,0,0,0,0,0,1,1
5094,2.57E-01,3,5094,Not eroded,0,1,1,1,1,1,1,0,0,1,1
5095,1.99E-01,3,5095,Not eroded,0,1,0,0,0,0,1,0,0,1,1
5096,2.27E-01,3,5096,Not eroded,0,1,1,0,0,0,1,0,0,1,1
5097,2.83E-01,3,5097,Not eroded,0,1,1,1,1,1,1,0,0,1,1
5098,3.23E-01,0,5098,ERODED,1,1,1,1,1,1,1,1,1,1,1
5099,3.28E-01,0,5099,ERODED,1,1,1,1,1,1,1,1,1,1,1
5100,1.82E-01,3,5100,Not eroded,0,0,0,0,0,0,1,0,0,1,1
5102,2.07E-01,0,5102,Not eroded,0,1,0,0,0,0,1,1,1,1,1
5103,2.35E-01,6,5103,Not eroded,0,1,1,1,0,0,0,0,0,0,0
5105,1.37E-01,3,5105,Not eroded,0,0,0,0,0,0,1,0,0,1,1
5106,2.96E-01,0,5106,ERODED,1,1,1,1,1,1,1,1,1,1,1
5107,1.08E-01,0,5107,Not eroded,0,0,0,0,0,0,1,1,1,1,1
5108,6.17E-02,5,5108,Not eroded,0,0,0,0,0,0,0,0,0,0,1
5109,2.99E-01,0,5109,ERODED,1,1,1,1,1,1,1,1,1,1,1
5110,1.21E-01,0,5110,Not eroded,0,0,0,0,0,0,1,1,1,1,1
5111,8.61E-02,0,5111,Not eroded,0,0,0,0,0,0,1,1,1,1,1
5112,1.88E-01,0,5112,Not eroded,0,0,0,0,0,0,1,1,1,1,1
5113,2.50E-01,5,5113,Not eroded,0,1,1,1,1,0,0,0,0,0,1
5114,3.14E-01,0,5114,ERODED,1,1,1,1,1,1,1,1,1,1,1
5115,6.48E-02,7,5115,Not eroded,0,0,0,0,0,0,0,0,0,0,0
5116,2.84E-01,4,5116,Not eroded,0,1,1,1,1,1,0,0,0,1,1
5117,1.02E-01,3,5117,Not eroded,0,0,0,0,0,0,1,0,0,1,1
5118,1.85E-01,0,5118,Not eroded,0,0,0,0,0,0,1,1,1,1,1
5119,2.71E-01,0,5119,ERODED,1,1,1,1,1,1,1,1,1,1,1
5120,5.65E-02,5,5120,Not eroded,0,0,0,0,0,0,0,0,0,0,1
5121,1.25E-01,5,5121,Not eroded,0,0,0,0,0,0,0,0,0,0,1
5122,5.65E-02,2,5122,Not eroded,0,0,0,0,0,0,1,0,1,1,1
5123,1.20E-01,0,5123,Not eroded,0,0,0,0,0,0,1,1,1,1,1
5124,3.07E-01,0,5124,ERODED,1,1,1,1,1,1,1,1,1,1,1
5125,2.04E-01,5,5125,Not eroded,0,1,0,0,0,0,0,0,0,0,1
5126,1.97E-01,0,5126,Not eroded,0,1,0,0,0,0,1,1,1,1,1
5127,9.53E-02,4,5127,Not eroded,0,0,0,0,0,0,0,0,0,1,1
5128,2.88E-01,0,5128,Not eroded,0,1,1,1,1,1,1,1,1,1,1
5129,5.68E-02,0,5129,Not eroded,0,0,0,0,0,0,1,1,1,1,1
5130,1.27E-01,4,5130,Not eroded,0,0,0,0,0,0,0,0,0,1,1
5131,9.78E-02,4,5131,Not eroded,0,0,0,0,0,0,0,0,0,1,1
5132,1.81E-01,0,5132,Not eroded,0,0,0,0,0,0,1,1,1,1,1
5133,1.28E-01,3,5133,Not eroded,0,0,0,0,0,0,1,0,0,1,1
5134,1.66E-01,4,5134,Not eroded,0,0,0,0,0,0,0,0,0,1,1
5135,2.92E-01,5,5135,Not eroded,0,1,1,1,1,1,0,0,0,0,1
5136,1.31E-01,3,5136,Not eroded,0,0,0,0,0,0,1,0,0,1,1
5137,2.39E-01,6,5137,Not eroded,0,1,1,1,0,0,0,0,0,0,0
5138,1.24E-01,5,5138,Not eroded,0,0,0,0,0,0,0,0,0,0,1
5139,2.84E-01,4,5139,Not eroded,0,1,1,1,1,1,0,0,0,1,1
5140,2.00E-01,5,5140,Not eroded,0,1,0,0,0,0,0,0,0,0,1
5141,2.79E-01,4,5141,Not eroded,0,1,1,1,1,1,0,0,0,1,1
5142,2.93E-01,0,5142,ERODED,1,1,1,1,1,1,1,1,1,1,1
5143,7.30E-02,4,5143,Not eroded,0,0,0,0,0,0,0,0,0,1,1
5144,1.74E-01,5,5144,Not eroded,0,0,0,0,0,0,0,0,0,0,1
5145,2.09E-01,3,5145,Not eroded,0,1,0,0,0,0,1,0,0,1,1
5146,1.02E-01,5,5146,Not eroded,0,0,0,0,0,0,0,0,0,0,1
5147,5.65E-02,4,5147,Not eroded,0,0,0,0,0,0,0,0,0,1,1
5148,2.22E-01,4,5148,Not eroded,0,1,1,0,0,0,0,0,0,1,1
5149,2.99E-01,0,5149,ERODED,1,1,1,1,1,1,1,1,1,1,1
5150,8.76E-02,4,5150,Not eroded,0,0,0,0,0,0,0,0,0,1,1
5151,2.84E-01,0,5151,ERODED,1,1,1,1,1,1,1,1,1,1,1
5152,3.28E-01,0,5152,ERODED,1,1,1,1,1,1,1,1,1,1,1
5153,1.00E-01,3,5153,Not eroded,0,0,0,0,0,0,1,0,0,1,1
5154,5.70E-02,0,5154,Not eroded,0,0,0,0,0,0,1,1,1,1,1
5155,2.63E-01,5,5155,Not eroded,0,1,1,1,1,1,0,0,0,0,1
5157,2.09E-01,4,5157,Not eroded,0,1,0,0,0,0,0,0,0,1,1
5158,2.88E-01,6,5158,Not eroded,0,1,1,1,1,1,0,0,0,0,0
5160,2.94E-01,3,5160,Not eroded,0,1,1,1,1,1,1,0,0,1,1
5161,5.64E-02,2,5161,Not eroded,0,0,0,0,0,0,1,0,1,1,1
5162,1.66E-01,0,5162,Not eroded,0,0,0,0,0,0,1,1,1,1,1
5163,3.10E-01,0,5163,ERODED,1,1,1,1,1,1,1,1,1,1,1
5164,2.65E-01,4,5164,Not eroded,0,1,1,1,1,1,0,0,0,1,1
5165,2.26E-01,0,5165,Not eroded,0,1,1,0,0,0,1,1,1,1,1
5166,1.05E-01,6,5166,Not eroded,0,0,0,0,0,0,0,0,0,0,0
5168,6.52E-02,7,5168,Not eroded,0,0,0,0,0,0,0,0,0,0,0
5169,2.22E-01,5,5169,Not eroded,0,1,1,0,0,0,0,0,0,0,1
5170,2.84E-01,2,5170,Not eroded,0,1,1,1,1,1,1,0,1,1,1
5171,1.45E-01,3,5171,Not eroded,0,0,0,0,0,0,1,0,0,1,1
5172,1.72E-01,3,5172,Not eroded,0,0,0,0,0,0,1,0,0,1,1
5173,1.12E-01,5,5173,Not eroded,0,0,0,0,0,0,0,0,0,0,1
5174,2.77E-01,3,5174,Not eroded,0,1,1,1,1,1,1,0,0,1,1
5175,7.15E-02,4,5175,Not eroded,0,0,0,0,0,0,0,0,0,1,1
5176,3.11E-01,3,5176,Not eroded,0,1,1,1,1,1,1,0,0,1,1
5177,3.18E-01,0,5177,ERODED,1,1,1,1,1,1,1,1,1,1,1
5178,1.39E-01,3,5178,Not eroded,0,0,0,0,0,0,1,0,0,1,1
5179,2.08E-01,4,5179,Not eroded,0,1,0,0,0,0,0,0,0,1,1
5180,8.93E-02,0,5180,Not eroded,0,0,0,0,0,0,1,1,1,1,1
5181,9.91E-02,5,5181,Not eroded,0,0,0,0,0,0,0,0,0,0,1
5182,1.64E-01,3,5182,Not eroded,0,0,0,0,0,0,1,0,0,1,1
5183,5.86E-02,4,5183,Not eroded,0,0,0,0,0,0,0,0,0,1,1
5184,1.22E-01,9,5184,Not eroded,0,0,0,0,0,0,0,0,0,0,0
5185,7.62E-02,2,5185,Not eroded,0,0,0,0,0,0,1,0,1,1,1
5186,2.45E-01,0,5186,Not eroded,0,1,1,1,1,0,1,1,1,1,1
5187,2.76E-01,4,5187,Not eroded,0,1,1,1,1,1,0,0,0,1,1
5188,1.82E-01,0,5188,Not eroded,0,0,0,0,0,0,1,1,1,1,1
5189,3.02E-01,0,5189,ERODED,1,1,1,1,1,1,1,1,1,1,1
5191,1.25E-01,2,5191,Not eroded,0,0,0,0,0,0,1,0,1,1,1
5192,1.64E-01,4,5192,Not eroded,0,0,0,0,0,0,0,0,0,1,1
5193,2.78E-01,0,5193,Not eroded,0,1,1,1,1,1,1,1,1,1,1
5194,2.96E-01,3,5194,Not eroded,0,1,1,1,1,1,1,0,0,1,1
5195,1.46E-01,5,5195,Not eroded,0,0,0,0,0,0,0,0,0,0,1
5196,3.05E-01,0,5196,ERODED,1,1,1,1,1,1,1,1,1,1,1
5197,2.04E-01,0,5197,Not eroded,0,1,0,0,0,0,1,1,1,1,1
5198,6.62E-02,4,5198,Not eroded,0,0,0,0,0,0,0,0,0,1,1
5199,2.39E-01,0,5199,Not eroded,0,1,1,1,0,0,1,1,1,1,1
5201,6.21E-02,5,5201,Not eroded,0,0,0,0,0,0,0,0,0,0,1
5202,3.20E-01,0,5202,ERODED,1,1,1,1,1,1,1,1,1,1,1
5203,1.86E-01,0,5203,Not eroded,0,0,0,0,0,0,1,1,1,1,1
5204,6.06E-02,4,5204,Not eroded,0,0,0,0,0,0,0,0,0,1,1
5205,7.43E-02,4,5205,Not eroded,0,0,0,0,0,0,0,0,0,1,1
5206,2.19E-01,4,5206,Not eroded,0,1,0,0,0,0,0,0,0,1,1
5207,1.12E-01,4,5207,Not eroded,0,0,0,0,0,0,0,0,0,1,1
5211,3.25E-01,0,5211,ERODED,1,1,1,1,1,1,1,1,1,1,1
5212,2.77E-01,3,5212,Not eroded,0,1,1,1,1,1,1,0,0,1,1
5213,2.35E-01,6,5213,Not eroded,0,1,1,1,0,0,0,0,0,0,0
5214,3.25E-01,0,5214,ERODED,1,1,1,1,1,1,1,1,1,1,1
5215,9.35E-02,4,5215,Not eroded,0,0,0,0,0,0,0,0,0,1,1
5216,1.66E-01,0,5216,Not eroded,0,0,0,0,0,0,1,1,1,1,1
5217,5.65E-02,4,5217,Not eroded,0,0,0,0,0,0,0,0,0,1,1
5218,1.84E-01,5,5218,Not eroded,0,0,0,0,0,0,0,0,0,0,1
5219,1.17E-01,5,5219,Not eroded,0,0,0,0,0,0,0,0,0,0,1
5220,1.17E-01,3,5220,Not eroded,0,0,0,0,0,0,1,0,0,1,1
5221,9.27E-02,0,5221,Not eroded,0,0,0,0,0,0,1,1,1,1,1
5222,2.09E-01,3,5222,Not eroded,0,1,0,0,0,0,1,0,0,1,1
5223,6.50E-02,3,5223,Not eroded,0,0,0,0,0,0,1,0,0,1,1
5224,1.88E-01,4,5224,Not eroded,0,0,0,0,0,0,0,0,0,1,1
5226,1.40E-01,4,5226,Not eroded,0,0,0,0,0,0,0,0,0,1,1
5227,9.04E-02,4,5227,Not eroded,0,0,0,0,0,0,0,0,0,1,1
5228,2.75E-01,0,5228,ERODED,1,1,1,1,1,1,1,1,1,1,1
5229,1.73E-01,3,5229,Not eroded,0,0,0,0,0,0,1,0,0,1,1
5230,2.66E-01,4,5230,Not eroded,0,1,1,1,1,1,0,0,0,1,1
5231,2.62E-01,3,5231,Not eroded,0,1,1,1,1,1,1,0,0,1,1
5232,3.09E-01,0,5232,ERODED,1,1,1,1,1,1,1,1,1,1,1
5233,3.00E-01,3,5233,Not eroded,0,1,1,1,1,1,1,0,0,1,1
5234,2.01E-01,0,5234,Not eroded,0,1,0,0,0,0,1,1,1,1,1
5235,3.02E-01,0,5235,ERODED,1,1,1,1,1,1,1,1,1,1,1
5236,2.86E-01,0,5236,ERODED,1,1,1,1,1,1,1,1,1,1,1
5237,1.49E-01,6,5237,Not eroded,0,0,0,0,0,0,0,0,0,0,0
5238,2.29E-01,5,5238,Not eroded,0,1,1,0,0,0,0,0,0,0,1
5239,2.29E-01,3,5239,Not eroded,0,1,1,0,0,0,1,0,0,1,1
5240,2.25E-01,0,5240,Not eroded,0,1,1,0,0,0,1,1,1,1,1
5241,1.24E-01,4,5241,Not eroded,0,0,0,0,0,0,0,0,0,1,1
5243,1.68E-01,0,5243,Not eroded,0,0,0,0,0,0,1,1,1,1,1
5245,2.47E-01,4,5245,Not eroded,0,1,1,1,1,0,0,0,0,1,1
5246,1.24E-01,4,5246,Not eroded,0,0,0,0,0,0,0,0,0,1,1
5247,2.72E-01,0,5247,ERODED,1,1,1,1,1,1,1,1,1,1,1
5248,8.19E-02,4,5248,Not eroded,0,0,0,0,0,0,0,0,0,1,1
5249,5.64E-02,3,5249,Not eroded,0,0,0,0,0,0,1,0,0,1,1
5251,5.64E-02,5,5251,Not eroded,0,0,0,0,0,0,0,0,0,0,1
5252,2.14E-01,5,5252,Not eroded,0,1,0,0,0,0,0,0,0,0,1
5254,2.56E-01,3,5254,Not eroded,0,1,1,1,1,1,1,0,0,1,1
5255,2.56E-01,5,5255,Not eroded,0,1,1,1,1,1,0,0,0,0,1
5257,2.62E-01,4,5257,Not eroded,0,1,1,1,1,1,0,0,0,1,1
5258,3.09E-01,0,5258,ERODED,1,1,1,1,1,1,1,1,1,1,1
5259,7.89E-02,4,5259,Not eroded,0,0,0,0,0,0,0,0,0,1,1
5261,5.65E-02,5,5261,Not eroded,0,0,0,0,0,0,0,0,0,0,1
5262,2.61E-01,4,5262,Not eroded,0,1,1,1,1,1,0,0,0,1,1
5263,2.78E-01,4,5263,Not eroded,0,1,1,1,1,1,0,0,0,1,1
5265,1.35E-01,0,5265,Not eroded,0,0,0,0,0,0,1,1,1,1,1
5266,1.10E-01,0,5266,Not eroded,0,0,0,0,0,0,1,1,1,1,1
5267,7.22E-02,3,5267,Not eroded,0,0,0,0,0,0,1,0,0,1,1
5268,9.35E-02,5,5268,Not eroded,0,0,0,0,0,0,0,0,0,0,1
5269,2.30E-01,5,5269,Not eroded,0,1,1,0,0,0,0,0,0,0,1
5270,3.20E-01,0,5270,ERODED,1,1,1,1,1,1,1,1,1,1,1
5271,6.61E-02,3,5271,Not eroded,0,0,0,0,0,0,1,0,0,1,1
5272,2.87E-01,4,5272,Not eroded,0,1,1,1,1,1,0,0,0,1,1
5273,2.38E-01,0,5273,Not eroded,0,1,1,1,0,0,1,1,1,1,1
5275,7.44E-02,3,5275,Not eroded,0,0,0,0,0,0,1,0,0,1,1
5276,6.11E-02,4,5276,Not eroded,0,0,0,0,0,0,0,0,0,1,1
5278,1.57E-01,5,5278,Not eroded,0,0,0,0,0,0,0,0,0,0,1
5279,2.15E-01,0,5279,Not eroded,0,1,0,0,0,0,1,1,1,1,1
5280,2.96E-01,0,5280,Not eroded,0,1,1,1,1,1,1,1,1,1,1
5282,8.24E-02,3,5282,Not eroded,0,0,0,0,0,0,1,0,0,1,1
5283,2.37E-01,0,5283,Not eroded,0,1,1,1,0,0,1,1,1,1,1
5284,2.71E-01,6,5284,Not eroded,0,1,1,1,1,1,0,0,0,0,0
5285,2.26E-01,5,5285,Not eroded,0,1,1,0,0,0,0,0,0,0,1
5286,1.24E-01,4,5286,Not eroded,0,0,0,0,0,0,0,0,0,1,1
5287,2.95E-01,0,5287,ERODED,1,1,1,1,1,1,1,1,1,1,1
5288,6.62E-02,5,5288,Not eroded,0,0,0,0,0,0,0,0,0,0,1
5289,5.65E-02,5,5289,Not eroded,0,0,0,0,0,0,0,0,0,0,1
5291,2.24E-01,5,5291,Not eroded,0,1,1,0,0,0,0,0,0,0,1
5292,5.75E-02,4,5292,Not eroded,0,0,0,0,0,0,0,0,0,1,1
5294,6.93E-02,4,5294,Not eroded,0,0,0,0,0,0,0,0,0,1,1
5295,2.64E-01,4,5295,Not eroded,0,1,1,1,1,1,0,0,0,1,1
5296,9.32E-02,4,5296,Not eroded,0,0,0,0,0,0,0,0,0,1,1
5297,2.91E-01,0,5297,ERODED,1,1,1,1,1,1,1,1,1,1,1
5298,2.83E-01,2,5298,Not eroded,0,1,1,1,1,1,1,0,1,1,1
5299,2.70E-01,3,5299,Not eroded,0,1,1,1,1,1,1,0,0,1,1
5300,2.32E-01,2,5300,Not eroded,0,1,1,1,0,0,1,0,1,1,1
5301,6.34E-02,0,5301,Not eroded,0,0,0,0,0,0,1,1,1,1,1
5302,2.55E-01,0,5302,Not eroded,0,1,1,1,1,1,1,1,1,1,1
5303,2.15E-01,5,5303,Not eroded,0,1,0,0,0,0,0,0,0,0,1
5304,1.90E-01,6,5304,Not eroded,0,0,0,0,0,0,0,0,0,0,0
5305,2.83E-01,4,5305,Not eroded,0,1,1,1,1,1,0,0,0,1,1
5306,1.75E-01,5,5306,Not eroded,0,0,0,0,0,0,0,0,0,0,1
5307,2.42E-01,4,5307,Not eroded,0,1,1,1,1,0,0,0,0,1,1
5308,2.14E-01,3,5308,Not eroded,0,1,0,0,0,0,1,0,0,1,1
5309,1.59E-01,0,5309,Not eroded,0,0,0,0,0,0,1,1,1,1,1
5310,2.77E-01,0,5310,ERODED,1,1,1,1,1,1,1,1,1,1,1
5311,2.91E-01,4,5311,Not eroded,0,1,1,1,1,1,0,0,0,1,1
5312,2.61E-01,4,5312,Not eroded,0,1,1,1,1,1,0,0,0,1,1
5314,1.61E-01,0,5314,Not eroded,0,0,0,0,0,0,1,1,1,1,1
5315,1.47E-01,0,5315,Not eroded,0,0,0,0,0,0,1,1,1,1,1
5316,3.10E-01,0,5316,ERODED,1,1,1,1,1,1,1,1,1,1,1
5317,2.97E-01,0,5317,ERODED,1,1,1,1,1,1,1,1,1,1,1
5318,2.02E-01,3,5318,Not eroded,0,1,0,0,0,0,1,0,0,1,1
5319,3.11E-01,0,5319,ERODED,1,1,1,1,1,1,1,1,1,1,1
5320,2.18E-01,0,5320,Not eroded,0,1,0,0,0,0,1,1,1,1,1
5321,1.37E-01,4,5321,Not eroded,0,0,0,0,0,0,0,0,0,1,1
5322,7.99E-02,3,5322,Not eroded,0,0,0,0,0,0,1,0,0,1,1
5323,5.65E-02,3,5323,Not eroded,0,0,0,0,0,0,1,0,0,1,1
5325,2.49E-01,3,5325,Not eroded,0,1,1,1,1,0,1,0,0,1,1
5326,2.92E-01,0,5326,ERODED,1,1,1,1,1,1,1,1,1,1,1
5327,3.10E-01,0,5327,ERODED,1,1,1,1,1,1,1,1,1,1,1
5328,1.03E-01,3,5328,Not eroded,0,0,0,0,0,0,1,0,0,1,1
5329,5.65E-02,3,5329,Not eroded,0,0,0,0,0,0,1,0,0,1,1
5330,2.88E-01,4,5330,Not eroded,0,1,1,1,1,1,0,0,0,1,1
5331,3.03E-01,0,5331,ERODED,1,1,1,1,1,1,1,1,1,1,1
5332,1.16E-01,5,5332,Not eroded,0,0,0,0,0,0,0,0,0,0,1
5333,1.65E-01,0,5333,Not eroded,0,0,0,0,0,0,1,1,1,1,1
5334,2.94E-01,0,5334,ERODED,1,1,1,1,1,1,1,1,1,1,1
5335,2.03E-01,6,5335,Not eroded,0,1,0,0,0,0,0,0,0,0,0
5336,1.64E-01,5,5336,Not eroded,0,0,0,0,0,0,0,0,0,0,1
5337,2.88E-01,4,5337,Not eroded,0,1,1,1,1,1,0,0,0,1,1
5338,9.31E-02,4,5338,Not eroded,0,0,0,0,0,0,0,0,0,1,1
5339,9.33E-02,5,5339,Not eroded,0,0,0,0,0,0,0,0,0,0,1
5340,5.66E-02,3,5340,Not eroded,0,0,0,0,0,0,1,0,0,1,1
5341,2.70E-01,0,5341,Not eroded,0,1,1,1,1,1,1,1,1,1,1
5342,1.27E-01,4,5342,Not eroded,0,0,0,0,0,0,0,0,0,1,1
5344,7.51E-02,3,5344,Not eroded,0,0,0,0,0,0,1,0,0,1,1
5345,2.33E-01,5,5345,Not eroded,0,1,1,1,0,0,0,0,0,0,1
5346,9.09E-02,3,5346,Not eroded,0,0,0,0,0,0,1,0,0,1,1
5347,5.92E-02,4,5347,Not eroded,0,0,0,0,0,0,0,0,0,1,1
5348,7.25E-02,0,5348,Not eroded,0,0,0,0,0,0,1,1,1,1,1
5349,3.24E-01,0,5349,ERODED,1,1,1,1,1,1,1,1,1,1,1
5350,1.64E-01,3,5350,Not eroded,0,0,0,0,0,0,1,0,0,1,1
5351,1.06E-01,0,5351,Not eroded,0,0,0,0,0,0,1,1,1,1,1
5353,2.96E-01,0,5353,ERODED,1,1,1,1,1,1,1,1,1,1,1
5354,5.65E-02,5,5354,Not eroded,0,0,0,0,0,0,0,0,0,0,1
5355,8.39E-02,3,5355,Not eroded,0,0,0,0,0,0,1,0,0,1,1
5357,1.50E-01,6,5357,Not eroded,0,0,0,0,0,0,0,0,0,0,0
5358,1.10E-01,2,5358,Not eroded,0,0,0,0,0,0,1,0,1,1,1
5359,3.27E-01,0,5359,ERODED,1,1,1,1,1,1,1,1,1,1,1
5361,6.53E-02,4,5361,Not eroded,0,0,0,0,0,0,0,0,0,1,1
5365,3.17E-01,2,5365,Not eroded,0,1,1,1,1,1,1,0,1,1,1
5367,3.25E-01,0,5367,ERODED,1,1,1,1,1,1,1,1,1,1,1
5368,9.38E-02,4,5368,Not eroded,0,0,0,0,0,0,0,0,0,1,1
5369,1.45E-01,0,5369,Not eroded,0,0,0,0,0,0,1,1,1,1,1
5370,5.65E-02,3,5370,Not eroded,0,0,0,0,0,0,1,0,0,1,1
5371,1.45E-01,4,5371,Not eroded,0,0,0,0,0,0,0,0,0,1,1
5372,7.64E-02,4,5372,Not eroded,0,0,0,0,0,0,0,0,0,1,1
5374,3.19E-01,0,5374,ERODED,1,1,1,1,1,1,1,1,1,1,1
5375,2.31E-01,4,5375,Not eroded,0,1,1,1,0,0,0,0,0,1,1
5376,2.11E-01,3,5376,Not eroded,0,1,0,0,0,0,1,0,0,1,1
5377,2.35E-01,0,5377,Not eroded,0,1,1,1,0,0,1,1,1,1,1
5378,1.20E-01,4,5378,Not eroded,0,0,0,0,0,0,0,0,0,1,1
5379,5.65E-02,4,5379,Not eroded,0,0,0,0,0,0,0,0,0,1,1
5380,2.44E-01,0,5380,Not eroded,0,1,1,1,1,0,1,1,1,1,1
5381,1.18E-01,0,5381,Not eroded,0,0,0,0,0,0,1,1,1,1,1
5382,1.73E-01,5,5382,Not eroded,0,0,0,0,0,0,0,0,0,0,1
5383,3.17E-01,0,5383,ERODED,1,1,1,1,1,1,1,1,1,1,1
5384,2.89E-01,3,5384,Not eroded,0,1,1,1,1,1,1,0,0,1,1
5386,6.32E-02,5,5386,Not eroded,0,0,0,0,0,0,0,0,0,0,1
5387,2.77E-01,4,5387,Not eroded,0,1,1,1,1,1,0,0,0,1,1
5388,3.34E-01,0,5388,ERODED,1,1,1,1,1,1,1,1,1,1,1
5389,1.81E-01,3,5389,Not eroded,0,0,0,0,0,0,1,0,0,1,1
5390,2.04E-01,4,5390,Not eroded,0,1,0,0,0,0,0,0,0,1,1
5391,1.51E-01,0,5391,Not eroded,0,0,0,0,0,0,1,1,1,1,1
5392,2.80E-01,3,5392,Not eroded,0,1,1,1,1,1,1,0,0,1,1
5393,1.64E-01,5,5393,Not eroded,0,0,0,0,0,0,0,0,0,0,1
5394,1.89E-01,4,5394,Not eroded,0,0,0,0,0,0,0,0,0,1,1
5395,2.22E-01,4,5395,Not eroded,0,1,1,0,0,0,0,0,0,1,1
5397,3.12E-01,0,5397,ERODED,1,1,1,1,1,1,1,1,1,1,1
5398,2.03E-01,0,5398,Not eroded,0,1,0,0,0,0,1,1,1,1,1
5399,2.52E-01,3,5399,Not eroded,0,1,1,1,1,1,1,0,0,1,1
5400,9.23E-02,5,5400,Not eroded,0,0,0,0,0,0,0,0,0,0,1
5401,2.43E-01,0,5401,Not eroded,0,1,1,1,1,0,1,1,1,1,1
5402,3.29E-01,0,5402,ERODED,1,1,1,1,1,1,1,1,1,1,1
5403,1.35E-01,6,5403,Not eroded,0,0,0,0,0,0,0,0,0,0,0
5404,2.71E-01,0,5404,Not eroded,0,1,1,1,1,1,1,1,1,1,1
5405,2.86E-01,0,5405,ERODED,1,1,1,1,1,1,1,1,1,1,1
5407,2.78E-01,7,5407,Not eroded,0,1,1,1,1,1,0,0,0,0,0
5408,1.25E-01,5,5408,Not eroded,0,0,0,0,0,0,0,0,0,0,1
5409,1.11E-01,5,5409,Not eroded,0,0,0,0,0,0,0,0,0,0,1
5410,1.74E-01,6,5410,Not eroded,0,0,0,0,0,0,0,0,0,0,0
5411,1.54E-01,5,5411,Not eroded,0,0,0,0,0,0,0,0,0,0,1
5412,9.05E-02,0,5412,Not eroded,0,0,0,0,0,0,1,1,1,1,1
5413,2.20E-01,2,5413,Not eroded,0,1,0,0,0,0,1,0,1,1,1
5414,2.70E-01,0,5414,Not eroded,0,1,1,1,1,1,1,1,1,1,1
5415,1.19E-01,6,5415,Not eroded,0,0,0,0,0,0,0,0,0,0,0
5416,9.01E-02,4,5416,Not eroded,0,0,0,0,0,0,0,0,0,1,1
5417,7.30E-02,3,5417,Not eroded,0,0,0,0,0,0,1,0,0,1,1
5418,1.90E-01,0,5418,Not eroded,0,0,0,0,0,0,1,1,1,1,1
5419,5.65E-02,3,5419,Not eroded,0,0,0,0,0,0,1,0,0,1,1
5420,8.62E-02,5,5420,Not eroded,0,0,0,0,0,0,0,0,0,0,1
5421,1.45E-01,5,5421,Not eroded,0,0,0,0,0,0,0,0,0,0,1
5422,2.59E-01,4,5422,Not eroded,0,1,1,1,1,1,0,0,0,1,1
5423,3.10E-01,0,5423,ERODED,1,1,1,1,1,1,1,1,1,1,1
5424,2.57E-01,0,5424,ERODED,1,1,1,1,1,1,1,1,1,1,1
5426,1.67E-01,0,5426,Not eroded,0,0,0,0,0,0,1,1,1,1,1
5427,2.26E-01,0,5427,Not eroded,0,1,1,0,0,0,1,1,1,1,1
5428,1.16E-01,4,5428,Not eroded,0,0,0,0,0,0,0,0,0,1,1
5429,1.20E-01,3,5429,Not eroded,0,0,0,0,0,0,1,0,0,1,1
5430,1.87E-01,5,5430,Not eroded,0,0,0,0,0,0,0,0,0,0,1
5431,1.07E-01,0,5431,Not eroded,0,0,0,0,0,0,1,1,1,1,1
5432,7.76E-02,0,5432,Not eroded,0,0,0,0,0,0,1,1,1,1,1
5433,5.67E-02,0,5433,Not eroded,0,0,0,0,0,0,1,1,1,1,1
5435,1.24E-01,3,5435,Not eroded,0,0,0,0,0,0,1,0,0,1,1
5436,2.07E-01,3,5436,Not eroded,0,1,0,0,0,0,1,0,0,1,1
5437,1.56E-01,4,5437,Not eroded,0,0,0,0,0,0,0,0,0,1,1
5438,3.04E-01,0,5438,ERODED,1,1,1,1,1,1,1,1,1,1,1
5440,2.93E-01,4,5440,Not eroded,0,1,1,1,1,1,0,0,0,1,1
5441,2.59E-01,3,5441,Not eroded,0,1,1,1,1,1,1,0,0,1,1
5442,3.13E-01,0,5442,ERODED,1,1,1,1,1,1,1,1,1,1,1
5443,2.03E-01,6,5443,Not eroded,0,1,0,0,0,0,0,0,0,0,0
5444,2.02E-01,4,5444,Not eroded,0,1,0,0,0,0,0,0,0,1,1
5446,8.05E-02,4,5446,Not eroded,0,0,0,0,0,0,0,0,0,1,1
5447,2.54E-01,3,5447,Not eroded,0,1,1,1,1,1,1,0,0,1,1
5448,3.17E-01,0,5448,ERODED,1,1,1,1,1,1,1,1,1,1,1
5449,1.43E-01,3,5449,Not eroded,0,0,0,0,0,0,1,0,0,1,1
5450,9.51E-02,4,5450,Not eroded,0,0,0,0,0,0,0,0,0,1,1
5451,1.46E-01,4,5451,Not eroded,0,0,0,0,0,0,0,0,0,1,1
5452,3.23E-01,0,5452,ERODED,1,1,1,1,1,1,1,1,1,1,1
5453,1.13E-01,3,5453,Not eroded,0,0,0,0,0,0,1,0,0,1,1
5454,2.46E-01,5,5454,Not eroded,0,1,1,1,1,0,0,0,0,0,1
5455,2.98E-01,0,5455,ERODED,1,1,1,1,1,1,1,1,1,1,1
5457,9.26E-02,5,5457,Not eroded,0,0,0,0,0,0,0,0,0,0,1
5458,2.21E-01,4,5458,Not eroded,0,1,1,0,0,0,0,0,0,1,1
5460,1.10E-01,0,5460,Not eroded,0,0,0,0,0,0,1,1,1,1,1
5461,1.84E-01,5,5461,Not eroded,0,0,0,0,0,0,0,0,0,0,1
5462,2.87E-01,5,5462,Not eroded,0,1,1,1,1,1,0,0,0,0,1
5463,8.85E-02,3,5463,Not eroded,0,0,0,0,0,0,1,0,0,1,1
5464,1.36E-01,5,5464,Not eroded,0,0,0,0,0,0,0,0,0,0,1
5466,3.20E-01,0,5466,ERODED,1,1,1,1,1,1,1,1,1,1,1
5467,3.04E-01,0,5467,ERODED,1,1,1,1,1,1,1,1,1,1,1
5468,1.12E-01,0,5468,Not eroded,0,0,0,0,0,0,1,1,1,1,1
5469,1.25E-01,2,5469,Not eroded,0,0,0,0,0,0,1,0,1,1,1
5470,9.25E-02,0,5470,Not eroded,0,0,0,0,0,0,1,1,1,1,1
5471,5.64E-02,3,5471,Not eroded,0,0,0,0,0,0,1,0,0,1,1
5472,1.05E-01,4,5472,Not eroded,0,0,0,0,0,0,0,0,0,1,1
5473,2.05E-01,0,5473,Not eroded,0,1,0,0,0,0,1,1,1,1,1
5474,8.80E-02,4,5474,Not eroded,0,0,0,0,0,0,0,0,0,1,1
5475,2.03E-01,0,5475,Not eroded,0,1,0,0,0,0,1,1,1,1,1
5476,2.88E-01,0,5476,ERODED,1,1,1,1,1,1,1,1,1,1,1
5477,3.09E-01,0,5477,ERODED,1,1,1,1,1,1,1,1,1,1,1
5478,2.18E-01,3,5478,Not eroded,0,1,0,0,0,0,1,0,0,1,1
5480,1.55E-01,4,5480,Not eroded,0,0,0,0,0,0,0,0,0,1,1
5481,1.09E-01,0,5481,Not eroded,0,0,0,0,0,0,1,1,1,1,1
5482,3.23E-01,0,5482,ERODED,1,1,1,1,1,1,1,1,1,1,1
5483,1.29E-01,0,5483,Not eroded,0,0,0,0,0,0,1,1,1,1,1
5484,6.76E-02,0,5484,Not eroded,0,0,0,0,0,0,1,1,1,1,1
5485,2.98E-01,0,5485,ERODED,1,1,1,1,1,1,1,1,1,1,1
5486,9.91E-02,2,5486,Not eroded,0,0,0,0,0,0,1,0,1,1,1
5487,7.49E-02,3,5487,Not eroded,0,0,0,0,0,0,1,0,0,1,1
5488,1.31E-01,6,5488,Not eroded,0,0,0,0,0,0,0,0,0,0,0
5489,2.78E-01,4,5489,Not eroded,0,1,1,1,1,1,0,0,0,1,1
5490,2.41E-01,0,5490,Not eroded,0,1,1,1,1,0,1,1,1,1,1
5491,7.47E-02,5,5491,Not eroded,0,0,0,0,0,0,0,0,0,0,1
5492,3.12E-01,0,5492,ERODED,1,1,1,1,1,1,1,1,1,1,1
5493,2.73E-01,4,5493,Not eroded,0,1,1,1,1,1,0,0,0,1,1
5495,1.80E-01,3,5495,Not eroded,0,0,0,0,0,0,1,0,0,1,1
5496,2.27E-01,0,5496,Not eroded,0,1,1,0,0,0,1,1,1,1,1
5497,2.95E-01,0,5497,Not eroded,0,1,1,1,1,1,1,1,1,1,1
5498,7.00E-02,3,5498,Not eroded,0,0,0,0,0,0,1,0,0,1,1
5499,7.93E-02,0,5499,Not eroded,0,0,0,0,0,0,1,1,1,1,1
5500,2.92E-01,4,5500,Not eroded,0,1,1,1,1,1,0,0,0,1,1
5501,3.10E-01,0,5501,ERODED,1,1,1,1,1,1,1,1,1,1,1
5502,2.08E-01,3,5502,Not eroded,0,1,0,0,0,0,1,0,0,1,1
5503,1.36E-01,4,5503,Not eroded,0,0,0,0,0,0,0,0,0,1,1
5504,2.97E-01,0,5504,ERODED,1,1,1,1,1,1,1,1,1,1,1
5505,5.65E-02,3,5505,Not eroded,0,0,0,0,0,0,1,0,0,1,1
5506,1.22E-01,5,5506,Not eroded,0,0,0,0,0,0,0,0,0,0,1
5507,1.29E-01,5,5507,Not eroded,0,0,0,0,0,0,0,0,0,0,1
5508,2.47E-01,0,5508,Not eroded,0,1,1,1,1,0,1,1,1,1,1
5509,1.18E-01,0,5509,Not eroded,0,0,0,0,0,0,1,1,1,1,1
5510,2.78E-01,0,5510,Not eroded,0,1,1,1,1,1,1,1,1,1,1
5511,1.04E-01,0,5511,Not eroded,0,0,0,0,0,0,1,1,1,1,1
5512,1.03E-01,4,5512,Not eroded,0,0,0,0,0,0,0,0,0,1,1
5513,6.61E-02,4,5513,Not eroded,0,0,0,0,0,0,0,0,0,1,1
5515,1.56E-01,6,5515,Not eroded,0,0,0,0,0,0,0,0,0,0,0
5516,1.20E-01,3,5516,Not eroded,0,0,0,0,0,0,1,0,0,1,1
5518,2.68E-01,0,5518,Not eroded,0,1,1,1,1,1,1,1,1,1,1
5519,2.68E-01,3,5519,Not eroded,0,1,1,1,1,1,1,0,0,1,1
5520,2.06E-01,2,5520,Not eroded,0,1,0,0,0,0,1,0,1,1,1
5521,2.55E-01,0,5521,Not eroded,0,1,1,1,1,1,1,1,1,1,1
5522,7.37E-02,4,5522,Not eroded,0,0,0,0,0,0,0,0,0,1,1
5523,2.68E-01,0,5523,Not eroded,0,1,1,1,1,1,1,1,1,1,1
5524,3.26E-01,0,5524,ERODED,1,1,1,1,1,1,1,1,1,1,1
5525,5.65E-02,3,5525,Not eroded,0,0,0,0,0,0,1,0,0,1,1
5526,1.13E-01,0,5526,Not eroded,0,0,0,0,0,0,1,1,1,1,1
5527,3.04E-01,3,5527,Not eroded,0,1,1,1,1,1,1,0,0,1,1
5528,1.96E-01,3,5528,Not eroded,0,1,0,0,0,0,1,0,0,1,1
5531,2.49E-01,0,5531,Not eroded,0,1,1,1,1,0,1,1,1,1,1
5532,2.35E-01,4,5532,Not eroded,0,1,1,1,0,0,0,0,0,1,1
5533,1.70E-01,5,5533,Not eroded,0,0,0,0,0,0,0,0,0,0,1
5534,6.00E-02,5,5534,Not eroded,0,0,0,0,0,0,0,0,0,0,1
5535,2.53E-01,5,5535,Not eroded,0,1,1,1,1,1,0,0,0,0,1
5536,3.32E-01,0,5536,ERODED,1,1,1,1,1,1,1,1,1,1,1
5537,1.57E-01,4,5537,Not eroded,0,0,0,0,0,0,0,0,0,1,1
5538,5.65E-02,3,5538,Not eroded,0,0,0,0,0,0,1,0,0,1,1
5539,7.11E-02,4,5539,Not eroded,0,0,0,0,0,0,0,0,0,1,1
5540,2.49E-01,4,5540,Not eroded,0,1,1,1,1,0,0,0,0,1,1
5541,3.25E-01,0,5541,ERODED,1,1,1,1,1,1,1,1,1,1,1
5542,1.34E-01,2,5542,Not eroded,0,0,0,0,0,0,1,0,1,1,1
5543,1.66E-01,0,5543,Not eroded,0,0,0,0,0,0,1,1,1,1,1
5544,2.92E-01,0,5544,ERODED,1,1,1,1,1,1,1,1,1,1,1
5546,2.78E-01,5,5546,Not eroded,0,1,1,1,1,1,0,0,0,0,1
5547,1.32E-01,0,5547,Not eroded,0,0,0,0,0,0,1,1,1,1,1
5548,2.20E-01,6,5548,Not eroded,0,1,0,0,0,0,0,0,0,0,0
5549,2.00E-01,6,5549,Not eroded,0,1,0,0,0,0,0,0,0,0,0
5550,1.27E-01,4,5550,Not eroded,0,0,0,0,0,0,0,0,0,1,1
5551,1.66E-01,3,5551,Not eroded,0,0,0,0,0,0,1,0,0,1,1
5552,2.92E-01,0,5552,Not eroded,0,1,1,1,1,1,1,1,1,1,1
5553,7.18E-02,5,5553,Not eroded,0,0,0,0,0,0,0,0,0,0,1
5554,1.99E-01,0,5554,Not eroded,0,1,0,0,0,0,1,1,1,1,1
5555,2.35E-01,0,5555,Not eroded,0,1,1,1,0,0,1,1,1,1,1
5556,5.65E-02,4,5556,Not eroded,0,0,0,0,0,0,0,0,0,1,1
5557,2.00E-01,0,5557,Not eroded,0,1,0,0,0,0,1,1,1,1,1
5558,5.65E-02,3,5558,Not eroded,0,0,0,0,0,0,1,0,0,1,1
5559,2.91E-01,5,5559,Not eroded,0,1,1,1,1,1,0,0,0,0,1
5560,1.27E-01,3,5560,Not eroded,0,0,0,0,0,0,1,0,0,1,1
5561,1.61E-01,0,5561,Not eroded,0,0,0,0,0,0,1,1,1,1,1
5562,1.75E-01,0,5562,Not eroded,0,0,0,0,0,0,1,1,1,1,1
5563,2.72E-01,7,5563,Not eroded,0,1,1,1,1,1,0,0,0,0,0
5564,2.87E-01,0,5564,Not eroded,0,1,1,1,1,1,1,1,1,1,1
5565,5.66E-02,3,5565,Not eroded,0,0,0,0,0,0,1,0,0,1,1
5566,8.84E-02,6,5566,Not eroded,0,0,0,0,0,0,0,0,0,0,0
5567,1.22E-01,6,5567,Not eroded,0,0,0,0,0,0,0,0,0,0,0
5568,1.64E-01,0,5568,Not eroded,0,0,0,0,0,0,1,1,1,1,1
5569,3.24E-01,0,5569,ERODED,1,1,1,1,1,1,1,1,1,1,1
5570,6.61E-02,3,5570,Not eroded,0,0,0,0,0,0,1,0,0,1,1
5573,2.17E-01,5,5573,Not eroded,0,1,0,0,0,0,0,0,0,0,1
5574,2.81E-01,0,5574,ERODED,1,1,1,1,1,1,1,1,1,1,1
5575,9.80E-02,0,5575,Not eroded,0,0,0,0,0,0,1,1,1,1,1
5576,1.81E-01,4,5576,Not eroded,0,0,0,0,0,0,0,0,0,1,1
5577,1.34E-01,7,5577,Not eroded,0,0,0,0,0,0,0,0,0,0,0
5578,2.18E-01,0,5578,Not eroded,0,1,0,0,0,0,1,1,1,1,1
5579,6.50E-02,4,5579,Not eroded,0,0,0,0,0,0,0,0,0,1,1
5580,2.36E-01,6,5580,Not eroded,0,1,1,1,0,0,0,0,0,0,0
5581,1.23E-01,3,5581,Not eroded,0,0,0,0,0,0,1,0,0,1,1
5582,6.93E-02,4,5582,Not eroded,0,0,0,0,0,0,0,0,0,1,1
5583,1.62E-01,0,5583,Not eroded,0,0,0,0,0,0,1,1,1,1,1
5584,2.74E-01,5,5584,Not eroded,0,1,1,1,1,1,0,0,0,0,1
5585,2.00E-01,0,5585,Not eroded,0,1,0,0,0,0,1,1,1,1,1
5586,2.09E-01,3,5586,Not eroded,0,1,0,0,0,0,1,0,0,1,1
5587,3.19E-01,0,5587,ERODED,1,1,1,1,1,1,1,1,1,1,1
5588,1.62E-01,0,5588,Not eroded,0,0,0,0,0,0,1,1,1,1,1
5589,1.55E-01,0,5589,Not eroded,0,0,0,0,0,0,1,1,1,1,1
5590,2.27E-01,4,5590,Not eroded,0,1,1,0,0,0,0,0,0,1,1
5591,2.65E-01,8,5591,Not eroded,0,1,1,1,1,1,0,0,0,0,0
5592,3.05E-01,0,5592,ERODED,1,1,1,1,1,1,1,1,1,1,1
5593,2.49E-01,0,5593,Not eroded,0,1,1,1,1,0,1,1,1,1,1
5595,9.56E-02,0,5595,Not eroded,0,0,0,0,0,0,1,1,1,1,1
5596,2.34E-01,3,5596,Not eroded,0,1,1,1,0,0,1,0,0,1,1
5597,2.85E-01,0,5597,Not eroded,0,1,1,1,1,1,1,1,1,1,1
5598,1.67E-01,6,5598,Not eroded,0,0,0,0,0,0,0,0,0,0,0
5599,2.02E-01,3,5599,Not eroded,0,1,0,0,0,0,1,0,0,1,1
5600,2.61E-01,0,5600,ERODED,1,1,1,1,1,1,1,1,1,1,1
5601,8.27E-02,4,5601,Not eroded,0,0,0,0,0,0,0,0,0,1,1
5602,1.36E-01,5,5602,Not eroded,0,0,0,0,0,0,0,0,0,0,1
5604,2.27E-01,4,5604,Not eroded,0,1,1,0,0,0,0,0,0,1,1
5605,1.88E-01,4,5605,Not eroded,0,0,0,0,0,0,0,0,0,1,1
5606,2.66E-01,0,5606,Not eroded,0,1,1,1,1,1,1,1,1,1,1
5608,2.98E-01,4,5608,Not eroded,0,1,1,1,1,1,0,0,0,1,1
5609,6.94E-02,4,5609,Not eroded,0,0,0,0,0,0,0,0,0,1,1
5610,2.52E-01,0,5610,Not eroded,0,1,1,1,1,1,1,1,1,1,1
5611,7.50E-02,0,5611,Not eroded,0,0,0,0,0,0,1,1,1,1,1
5612,2.52E-01,5,5612,Not eroded,0,1,1,1,1,1,0,0,0,0,1
5613,8.82E-02,5,5613,Not eroded,0,0,0,0,0,0,0,0,0,0,1
5615,1.43E-01,0,5615,Not eroded,0,0,0,0,0,0,1,1,1,1,1
5616,2.14E-01,3,5616,Not eroded,0,1,0,0,0,0,1,0,0,1,1
5617,3.03E-01,0,5617,Not eroded,0,1,1,1,1,1,1,1,1,1,1
5618,1.93E-01,0,5618,Not eroded,0,1,0,0,0,0,1,1,1,1,1
5619,1.14E-01,4,5619,Not eroded,0,0,0,0,0,0,0,0,0,1,1
5620,1.59E-01,5,5620,Not eroded,0,0,0,0,0,0,0,0,0,0,1
5621,1.83E-01,0,5621,Not eroded,0,0,0,0,0,0,1,1,1,1,1
5622,1.40E-01,4,5622,Not eroded,0,0,0,0,0,0,0,0,0,1,1
5623,2.38E-01,4,5623,Not eroded,0,1,1,1,0,0,0,0,0,1,1
5625,9.50E-02,5,5625,Not eroded,0,0,0,0,0,0,0,0,0,0,1
5626,1.93E-01,4,5626,Not eroded,0,1,0,0,0,0,0,0,0,1,1
5627,2.99E-01,6,5627,Not eroded,0,1,1,1,1,1,0,0,0,0,0
5628,5.65E-02,4,5628,Not eroded,0,0,0,0,0,0,0,0,0,1,1
5629,1.85E-01,4,5629,Not eroded,0,0,0,0,0,0,0,0,0,1,1
5630,2.62E-01,0,5630,Not eroded,0,1,1,1,1,1,1,1,1,1,1
5631,3.13E-01,0,5631,ERODED,1,1,1,1,1,1,1,1,1,1,1
5632,1.35E-01,0,5632,Not eroded,0,0,0,0,0,0,1,1,1,1,1
5633,2.78E-01,3,5633,Not eroded,0,1,1,1,1,1,1,0,0,1,1
5634,2.59E-01,6,5634,Not eroded,0,1,1,1,1,1,0,0,0,0,0
5635,2.97E-01,3,5635,Not eroded,0,1,1,1,1,1,1,0,0,1,1
5636,1.49E-01,0,5636,Not eroded,0,0,0,0,0,0,1,1,1,1,1
5637,2.30E-01,5,5637,Not eroded,0,1,1,0,0,0,0,0,0,0,1
5638,1.69E-01,0,5638,Not eroded,0,0,0,0,0,0,1,1,1,1,1
5639,1.94E-01,2,5639,Not eroded,0,1,0,0,0,0,1,0,1,1,1
5640,8.44E-02,3,5640,Not eroded,0,0,0,0,0,0,1,0,0,1,1
5641,2.11E-01,3,5641,Not eroded,0,1,0,0,0,0,1,0,0,1,1
5642,6.54E-02,5,5642,Not eroded,0,0,0,0,0,0,0,0,0,0,1
5643,1.50E-01,3,5643,Not eroded,0,0,0,0,0,0,1,0,0,1,1
5644,1.36E-01,6,5644,Not eroded,0,0,0,0,0,0,0,0,0,0,0
5645,2.40E-01,3,5645,Not eroded,0,1,1,1,0,0,1,0,0,1,1
5646,3.27E-01,0,5646,ERODED,1,1,1,1,1,1,1,1,1,1,1
5647,1.86E-01,0,5647,Not eroded,0,0,0,0,0,0,1,1,1,1,1
5649,2.99E-01,0,5649,ERODED,1,1,1,1,1,1,1,1,1,1,1
5650,2.35E-01,4,5650,Not eroded,0,1,1,1,0,0,0,0,0,1,1
5651,1.36E-01,3,5651,Not eroded,0,0,0,0,0,0,1,0,0,1,1
5652,1.29E-01,4,5652,Not eroded,0,0,0,0,0,0,0,0,0,1,1
5653,8.35E-02,4,5653,Not eroded,0,0,0,0,0,0,0,0,0,1,1
5655,5.65E-02,2,5655,Not eroded,0,0,0,0,0,0,1,0,1,1,1
5656,2.95E-01,4,5656,Not eroded,0,1,1,1,1,1,0,0,0,1,1
5657,2.86E-01,3,5657,Not eroded,0,1,1,1,1,1,1,0,0,1,1
5658,2.73E-01,0,5658,Not eroded,0,1,1,1,1,1,1,1,1,1,1
5659,2.42E-01,0,5659,Not eroded,0,1,1,1,1,0,1,1,1,1,1
5661,1.71E-01,0,5661,Not eroded,0,0,0,0,0,0,1,1,1,1,1
5662,6.40E-02,5,5662,Not eroded,0,0,0,0,0,0,0,0,0,0,1
5663,3.20E-01,0,5663,ERODED,1,1,1,1,1,1,1,1,1,1,1
5664,1.07E-01,4,5664,Not eroded,0,0,0,0,0,0,0,0,0,1,1
5665,2.77E-01,4,5665,Not eroded,0,1,1,1,1,1,0,0,0,1,1
5666,2.16E-01,5,5666,Not eroded,0,1,0,0,0,0,0,0,0,0,1
5667,1.90E-01,0,5667,Not eroded,0,0,0,0,0,0,1,1,1,1,1
5668,1.57E-01,3,5668,Not eroded,0,0,0,0,0,0,1,0,0,1,1
5669,3.10E-01,0,5669,ERODED,1,1,1,1,1,1,1,1,1,1,1
5670,1.61E-01,0,5670,Not eroded,0,0,0,0,0,0,1,1,1,1,1
5671,2.46E-01,4,5671,Not eroded,0,1,1,1,1,0,0,0,0,1,1
5672,2.93E-01,3,5672,Not eroded,0,1,1,1,1,1,1,0,0,1,1
5673,2.41E-01,0,5673,Not eroded,0,1,1,1,1,0,1,1,1,1,1
5674,9.27E-02,3,5674,Not eroded,0,0,0,0,0,0,1,0,0,1,1
5675,6.42E-02,5,5675,Not eroded,0,0,0,0,0,0,0,0,0,0,1
5676,1.41E-01,4,5676,Not eroded,0,0,0,0,0,0,0,0,0,1,1
5677,3.25E-01,0,5677,ERODED,1,1,1,1,1,1,1,1,1,1,1
5678,1.62E-01,4,5678,Not eroded,0,0,0,0,0,0,0,0,0,1,1
5679,3.26E-01,0,5679,ERODED,1,1,1,1,1,1,1,1,1,1,1
5680,5.65E-02,3,5680,Not eroded,0,0,0,0,0,0,1,0,0,1,1
5681,1.60E-01,0,5681,Not eroded,0,0,0,0,0,0,1,1,1,1,1
5682,7.07E-02,3,5682,Not eroded,0,0,0,0,0,0,1,0,0,1,1
5683,1.65E-01,6,5683,Not eroded,0,0,0,0,0,0,0,0,0,0,0
5684,1.32E-01,4,5684,Not eroded,0,0,0,0,0,0,0,0,0,1,1
5685,1.46E-01,3,5685,Not eroded,0,0,0,0,0,0,1,0,0,1,1
5686,2.30E-01,0,5686,Not eroded,0,1,1,0,0,0,1,1,1,1,1
5687,2.49E-01,0,5687,Not eroded,0,1,1,1,1,0,1,1,1,1,1
5688,2.48E-01,4,5688,Not eroded,0,1,1,1,1,0,0,0,0,1,1
5689,1.20E-01,0,5689,Not eroded,0,0,0,0,0,0,1,1,1,1,1
5692,3.25E-01,0,5692,ERODED,1,1,1,1,1,1,1,1,1,1,1
5693,6.14E-02,2,5693,Not eroded,0,0,0,0,0,0,1,0,1,1,1
5694,2.44E-01,0,5694,Not eroded,0,1,1,1,1,0,1,1,1,1,1
5695,1.74E-01,5,5695,Not eroded,0,0,0,0,0,0,0,0,0,0,1
5696,2.25E-01,7,5696,Not eroded,0,1,1,0,0,0,0,0,0,0,0
5697,1.69E-01,2,5697,Not eroded,0,0,0,0,0,0,1,0,1,1,1
5698,3.21E-01,0,5698,ERODED,1,1,1,1,1,1,1,1,1,1,1
5699,2.38E-01,4,5699,Not eroded,0,1,1,1,0,0,0,0,0,1,1
5701,1.42E-01,5,5701,Not eroded,0,0,0,0,0,0,0,0,0,0,1
5702,2.97E-01,4,5702,Not eroded,0,1,1,1,1,1,0,0,0,1,1
5703,1.43E-01,5,5703,Not eroded,0,0,0,0,0,0,0,0,0,0,1
5704,2.91E-01,0,5704,ERODED,1,1,1,1,1,1,1,1,1,1,1
5705,5.65E-02,4,5705,Not eroded,0,0,0,0,0,0,0,0,0,1,1
5706,2.61E-01,3,5706,Not eroded,0,1,1,1,1,1,1,0,0,1,1
5707,1.94E-01,4,5707,Not eroded,0,1,0,0,0,0,0,0,0,1,1
5708,2.77E-01,4,5708,Not eroded,0,1,1,1,1,1,0,0,0,1,1
5709,1.73E-01,0,5709,Not eroded,0,0,0,0,0,0,1,1,1,1,1
5710,6.30E-02,2,5710,Not eroded,0,0,0,0,0,0,1,0,1,1,1
5711,1.64E-01,5,5711,Not eroded,0,0,0,0,0,0,0,0,0,0,1
5712,3.26E-01,0,5712,Not eroded,0,1,1,1,1,1,1,1,1,1,1
5713,1.31E-01,3,5713,Not eroded,0,0,0,0,0,0,1,0,0,1,1
5714,1.28E-01,5,5714,Not eroded,0,0,0,0,0,0,0,0,0,0,1
5716,1.26E-01,5,5716,Not eroded,0,0,0,0,0,0,0,0,0,0,1
5717,1.06E-01,6,5717,Not eroded,0,0,0,0,0,0,0,0,0,0,0
5718,2.60E-01,3,5718,Not eroded,0,1,1,1,1,1,1,0,0,1,1
5719,1.10E-01,0,5719,Not eroded,0,0,0,0,0,0,1,1,1,1,1
5720,1.40E-01,5,5720,Not eroded,0,0,0,0,0,0,0,0,0,0,1
5721,2.82E-01,0,5721,Not eroded,0,1,1,1,1,1,1,1,1,1,1
5722,3.33E-01,0,5722,ERODED,1,1,1,1,1,1,1,1,1,1,1
5724,1.82E-01,0,5724,Not eroded,0,0,0,0,0,0,1,1,1,1,1
5725,1.28E-01,0,5725,Not eroded,0,0,0,0,0,0,1,1,1,1,1
5726,3.26E-01,0,5726,ERODED,1,1,1,1,1,1,1,1,1,1,1
5727,1.03E-01,6,5727,Not eroded,0,0,0,0,0,0,0,0,0,0,0
5728,1.79E-01,5,5728,Not eroded,0,0,0,0,0,0,0,0,0,0,1
5729,1.74E-01,0,5729,Not eroded,0,0,0,0,0,0,1,1,1,1,1
5730,2.91E-01,0,5730,ERODED,1,1,1,1,1,1,1,1,1,1,1
5731,2.52E-01,0,5731,Not eroded,0,1,1,1,1,1,1,1,1,1,1
5732,1.73E-01,4,5732,Not eroded,0,0,0,0,0,0,0,0,0,1,1
5733,1.04E-01,4,5733,Not eroded,0,0,0,0,0,0,0,0,0,1,1
5734,2.07E-01,3,5734,Not eroded,0,1,0,0,0,0,1,0,0,1,1
5735,2.16E-01,3,5735,Not eroded,0,1,0,0,0,0,1,0,0,1,1
5736,2.69E-01,4,5736,Not eroded,0,1,1,1,1,1,0,0,0,1,1
5737,1.55E-01,0,5737,Not eroded,0,0,0,0,0,0,1,1,1,1,1
5738,6.67E-02,3,5738,Not eroded,0,0,0,0,0,0,1,0,0,1,1
5739,7.19E-02,2,5739,Not eroded,0,0,0,0,0,0,1,0,1,1,1
5740,2.31E-01,4,5740,Not eroded,0,1,1,1,0,0,0,0,0,1,1
5741,3.23E-01,0,5741,ERODED,1,1,1,1,1,1,1,1,1,1,1
5742,1.46E-01,3,5742,Not eroded,0,0,0,0,0,0,1,0,0,1,1
5743,2.96E-01,0,5743,ERODED,1,1,1,1,1,1,1,1,1,1,1
5744,1.84E-01,0,5744,Not eroded,0,0,0,0,0,0,1,1,1,1,1
5746,2.95E-01,6,5746,Not eroded,0,1,1,1,1,1,0,0,0,0,0
5747,1.73E-01,0,5747,Not eroded,0,0,0,0,0,0,1,1,1,1,1
5748,5.72E-02,4,5748,Not eroded,0,0,0,0,0,0,0,0,0,1,1
5749,2.54E-01,0,5749,Not eroded,0,1,1,1,1,1,1,1,1,1,1
5750,2.86E-01,3,5750,ERODED,1,1,1,1,1,1,1,0,0,1,1
5751,2.93E-01,5,5751,Not eroded,0,1,1,1,1,1,0,0,0,0,1
5752,1.33E-01,0,5752,Not eroded,0,0,0,0,0,0,1,1,1,1,1
5753,1.59E-01,3,5753,Not eroded,0,0,0,0,0,0,1,0,0,1,1
5754,2.99E-01,3,5754,Not eroded,0,1,1,1,1,1,1,0,0,1,1
5755,1.50E-01,4,5755,Not eroded,0,0,0,0,0,0,0,0,0,1,1
5756,1.73E-01,0,5756,Not eroded,0,0,0,0,0,0,1,1,1,1,1
5757,2.76E-01,3,5757,Not eroded,0,1,1,1,1,1,1,0,0,1,1
5758,1.69E-01,0,5758,Not eroded,0,0,0,0,0,0,1,1,1,1,1
5759,2.88E-01,0,5759,ERODED,1,1,1,1,1,1,1,1,1,1,1
5760,1.72E-01,5,5760,Not eroded,0,0,0,0,0,0,0,0,0,0,1
5761,3.17E-01,0,5761,ERODED,1,1,1,1,1,1,1,1,1,1,1
5762,2.11E-01,4,5762,Not eroded,0,1,0,0,0,0,0,0,0,1,1
5763,1.09E-01,4,5763,Not eroded,0,0,0,0,0,0,0,0,0,1,1
5764,3.00E-01,0,5764,ERODED,1,1,1,1,1,1,1,1,1,1,1
5765,1.48E-01,0,5765,Not eroded,0,0,0,0,0,0,1,1,1,1,1
5766,1.28E-01,5,5766,Not eroded,0,0,0,0,0,0,0,0,0,0,1
5767,1.98E-01,5,5767,Not eroded,0,1,0,0,0,0,0,0,0,0,1
5768,5.67E-02,0,5768,Not eroded,0,0,0,0,0,0,1,1,1,1,1
5769,2.59E-01,0,5769,Not eroded,0,1,1,1,1,1,1,1,1,1,1
5770,9.71E-02,0,5770,Not eroded,0,0,0,0,0,0,1,1,1,1,1
5771,1.86E-01,3,5771,Not eroded,0,0,0,0,0,0,1,0,0,1,1
5772,1.00E-01,0,5772,Not eroded,0,0,0,0,0,0,1,1,1,1,1
5773,1.74E-01,3,5773,Not eroded,0,0,0,0,0,0,1,0,0,1,1
5774,2.04E-01,0,5774,Not eroded,0,1,0,0,0,0,1,1,1,1,1
5776,1.28E-01,4,5776,Not eroded,0,0,0,0,0,0,0,0,0,1,1
5777,7.28E-02,6,5777,Not eroded,0,0,0,0,0,0,0,0,0,0,0
5778,3.06E-01,0,5778,ERODED,1,1,1,1,1,1,1,1,1,1,1
5779,2.60E-01,5,5779,Not eroded,0,1,1,1,1,1,0,0,0,0,1
5780,9.04E-02,6,5780,Not eroded,0,0,0,0,0,0,0,0,0,0,0
5781,2.94E-01,0,5781,Not eroded,0,1,1,1,1,1,1,1,1,1,1
5782,2.66E-01,0,5782,ERODED,1,1,1,1,1,1,1,1,1,1,1
5783,1.58E-01,4,5783,Not eroded,0,0,0,0,0,0,0,0,0,1,1
5784,1.59E-01,4,5784,Not eroded,0,0,0,0,0,0,0,0,0,1,1
5785,5.65E-02,3,5785,Not eroded,0,0,0,0,0,0,1,0,0,1,1
5788,2.20E-01,3,5788,Not eroded,0,1,0,0,0,0,1,0,0,1,1
5789,3.06E-01,3,5789,Not eroded,0,1,1,1,1,1,1,0,0,1,1
5790,1.30E-01,3,5790,Not eroded,0,0,0,0,0,0,1,0,0,1,1
5792,2.98E-01,0,5792,ERODED,1,1,1,1,1,1,1,1,1,1,1
5793,2.27E-01,0,5793,Not eroded,0,1,1,0,0,0,1,1,1,1,1
5794,3.31E-01,0,5794,ERODED,1,1,1,1,1,1,1,1,1,1,1
5795,8.54E-02,0,5795,Not eroded,0,0,0,0,0,0,1,1,1,1,1
5798,2.09E-01,0,5798,Not eroded,0,1,0,0,0,0,1,1,1,1,1
5799,3.25E-01,0,5799,ERODED,1,1,1,1,1,1,1,1,1,1,1
5800,6.39E-02,5,5800,Not eroded,0,0,0,0,0,0,0,0,0,0,1
5801,1.08E-01,4,5801,Not eroded,0,0,0,0,0,0,0,0,0,1,1
5802,3.25E-01,0,5802,ERODED,1,1,1,1,1,1,1,1,1,1,1
5803,2.65E-01,3,5803,Not eroded,0,1,1,1,1,1,1,0,0,1,1
5804,1.07E-01,3,5804,Not eroded,0,0,0,0,0,0,1,0,0,1,1
5805,2.39E-01,0,5805,Not eroded,0,1,1,1,0,0,1,1,1,1,1
5806,7.98E-02,2,5806,Not eroded,0,0,0,0,0,0,1,0,1,1,1
5807,5.65E-02,5,5807,Not eroded,0,0,0,0,0,0,0,0,0,0,1
5808,1.84E-01,6,5808,Not eroded,0,0,0,0,0,0,0,0,0,0,0
5809,8.01E-02,0,5809,Not eroded,0,0,0,0,0,0,1,1,1,1,1
5810,2.01E-01,0,5810,Not eroded,0,1,0,0,0,0,1,1,1,1,1
5811,3.25E-01,0,5811,ERODED,1,1,1,1,1,1,1,1,1,1,1
5812,2.39E-01,5,5812,Not eroded,0,1,1,1,0,0,0,0,0,0,1
5813,2.76E-01,5,5813,Not eroded,0,1,1,1,1,1,0,0,0,0,1
5814,1.97E-01,6,5814,Not eroded,0,1,0,0,0,0,0,0,0,0,0
5815,6.94E-02,3,5815,Not eroded,0,0,0,0,0,0,1,0,0,1,1
5816,1.89E-01,5,5816,Not eroded,0,0,0,0,0,0,0,0,0,0,1
5817,2.44E-01,5,5817,Not eroded,0,1,1,1,1,0,0,0,0,0,1
5818,9.97E-02,0,5818,Not eroded,0,0,0,0,0,0,1,1,1,1,1
5819,1.23E-01,2,5819,Not eroded,0,0,0,0,0,0,1,0,1,1,1
5820,2.26E-01,0,5820,Not eroded,0,1,1,0,0,0,1,1,1,1,1
5821,1.75E-01,3,5821,Not eroded,0,0,0,0,0,0,1,0,0,1,1
5822,3.00E-01,0,5822,ERODED,1,1,1,1,1,1,1,1,1,1,1
5823,2.99E-01,0,5823,ERODED,1,1,1,1,1,1,1,1,1,1,1
5824,1.99E-01,0,5824,Not eroded,0,1,0,0,0,0,1,1,1,1,1
5825,2.71E-01,0,5825,Not eroded,0,1,1,1,1,1,1,1,1,1,1
5826,1.91E-01,3,5826,Not eroded,0,1,0,0,0,0,1,0,0,1,1
5827,8.33E-02,0,5827,Not eroded,0,0,0,0,0,0,1,1,1,1,1
5828,2.02E-01,0,5828,Not eroded,0,1,0,0,0,0,1,1,1,1,1
5829,1.13E-01,0,5829,Not eroded,0,0,0,0,0,0,1,1,1,1,1
5831,3.24E-01,0,5831,ERODED,1,1,1,1,1,1,1,1,1,1,1
5832,1.27E-01,5,5832,Not eroded,0,0,0,0,0,0,0,0,0,0,1
5833,2.76E-01,0,5833,ERODED,1,1,1,1,1,1,1,1,1,1,1
5834,5.65E-02,4,5834,Not eroded,0,0,0,0,0,0,0,0,0,1,1
5836,1.27E-01,5,5836,Not eroded,0,0,0,0,0,0,0,0,0,0,1
5837,6.32E-02,4,5837,Not eroded,0,0,0,0,0,0,0,0,0,1,1
5838,1.36E-01,6,5838,Not eroded,0,0,0,0,0,0,0,0,0,0,0
5840,9.71E-02,0,5840,Not eroded,0,0,0,0,0,0,1,1,1,1,1
5841,1.26E-01,3,5841,Not eroded,0,0,0,0,0,0,1,0,0,1,1
5842,1.01E-01,2,5842,Not eroded,0,0,0,0,0,0,1,0,1,1,1
5843,1.86E-01,0,5843,Not eroded,0,0,0,0,0,0,1,1,1,1,1
5845,1.00E-01,3,5845,Not eroded,0,0,0,0,0,0,1,0,0,1,1
5846,9.27E-02,0,5846,Not eroded,0,0,0,0,0,0,1,1,1,1,1
5847,1.81E-01,3,5847,Not eroded,0,0,0,0,0,0,1,0,0,1,1
5848,2.34E-01,0,5848,Not eroded,0,1,1,1,0,0,1,1,1,1,1
5849,1.57E-01,5,5849,Not eroded,0,0,0,0,0,0,0,0,0,0,1
5850,2.02E-01,4,5850,Not eroded,0,1,0,0,0,0,0,0,0,1,1
5851,2.41E-01,0,5851,Not eroded,0,1,1,1,1,0,1,1,1,1,1
5852,2.48E-01,3,5852,Not eroded,0,1,1,1,1,0,1,0,0,1,1
5853,6.64E-02,5,5853,Not eroded,0,0,0,0,0,0,0,0,0,0,1
5854,3.29E-01,0,5854,ERODED,1,1,1,1,1,1,1,1,1,1,1
5855,8.56E-02,0,5855,Not eroded,0,0,0,0,0,0,1,1,1,1,1
5856,1.28E-01,3,5856,Not eroded,0,0,0,0,0,0,1,0,0,1,1
5857,1.84E-01,3,5857,Not eroded,0,0,0,0,0,0,1,0,0,1,1
5858,9.20E-02,4,5858,Not eroded,0,0,0,0,0,0,0,0,0,1,1
5859,5.65E-02,5,5859,Not eroded,0,0,0,0,0,0,0,0,0,0,1
5860,2.77E-01,4,5860,Not eroded,0,1,1,1,1,1,0,0,0,1,1
5862,7.87E-02,3,5862,Not eroded,0,0,0,0,0,0,1,0,0,1,1
5863,2.14E-01,0,5863,Not eroded,0,1,0,0,0,0,1,1,1,1,1
5864,5.65E-02,4,5864,Not eroded,0,0,0,0,0,0,0,0,0,1,1
5865,2.75E-01,5,5865,Not eroded,0,1,1,1,1,1,0,0,0,0,1
5866,5.66E-02,0,5866,Not eroded,0,0,0,0,0,0,1,1,1,1,1
5867,1.88E-01,5,5867,Not eroded,0,0,0,0,0,0,0,0,0,0,1
5869,1.80E-01,3,5869,Not eroded,0,0,0,0,0,0,1,0,0,1,1
5870,9.84E-02,0,5870,Not eroded,0,0,0,0,0,0,1,1,1,1,1
5871,5.74E-02,5,5871,Not eroded,0,0,0,0,0,0,0,0,0,0,1
5872,8.87E-02,3,5872,Not eroded,0,0,0,0,0,0,1,0,0,1,1
5873,1.76E-01,0,5873,Not eroded,0,0,0,0,0,0,1,1,1,1,1
5874,1.10E-01,0,5874,Not eroded,0,0,0,0,0,0,1,1,1,1,1
5875,1.10E-01,4,5875,Not eroded,0,0,0,0,0,0,0,0,0,1,1
5876,9.33E-02,4,5876,Not eroded,0,0,0,0,0,0,0,0,0,1,1
5877,2.76E-01,5,5877,Not eroded,0,1,1,1,1,1,0,0,0,0,1
5878,2.00E-01,3,5878,Not eroded,0,1,0,0,0,0,1,0,0,1,1
5879,6.13E-02,4,5879,Not eroded,0,0,0,0,0,0,0,0,0,1,1
5880,6.50E-02,5,5880,Not eroded,0,0,0,0,0,0,0,0,0,0,1
5881,3.09E-01,0,5881,ERODED,1,1,1,1,1,1,1,1,1,1,1
5883,3.18E-01,0,5883,ERODED,1,1,1,1,1,1,1,1,1,1,1
5884,1.25E-01,4,5884,Not eroded,0,0,0,0,0,0,0,0,0,1,1
5885,3.02E-01,4,5885,Not eroded,0,1,1,1,1,1,0,0,0,1,1
5886,1.81E-01,0,5886,Not eroded,0,0,0,0,0,0,1,1,1,1,1
5887,2.38E-01,2,5887,Not eroded,0,1,1,1,0,0,1,0,1,1,1
5890,2.34E-01,0,5890,Not eroded,0,1,1,1,0,0,1,1,1,1,1
5891,1.99E-01,5,5891,Not eroded,0,1,0,0,0,0,0,0,0,0,1
5892,2.29E-01,0,5892,Not eroded,0,1,1,0,0,0,1,1,1,1,1
5893,3.17E-01,0,5893,ERODED,1,1,1,1,1,1,1,1,1,1,1
5894,9.74E-02,3,5894,Not eroded,0,0,0,0,0,0,1,0,0,1,1
5895,2.77E-01,4,5895,Not eroded,0,1,1,1,1,1,0,0,0,1,1
5896,2.51E-01,0,5896,ERODED,1,1,1,1,1,1,1,1,1,1,1
5897,2.71E-01,4,5897,Not eroded,0,1,1,1,1,1,0,0,0,1,1
5898,1.51E-01,0,5898,Not eroded,0,0,0,0,0,0,1,1,1,1,1
5899,2.60E-01,4,5899,Not eroded,0,1,1,1,1,1,0,0,0,1,1
5900,2.82E-01,0,5900,Not eroded,0,1,1,1,1,1,1,1,1,1,1
5902,2.13E-01,3,5902,Not eroded,0,1,0,0,0,0,1,0,0,1,1
5903,2.42E-01,3,5903,Not eroded,0,1,1,1,1,0,1,0,0,1,1
5904,7.32E-02,4,5904,Not eroded,0,0,0,0,0,0,0,0,0,1,1
5905,2.45E-01,0,5905,ERODED,1,1,1,1,1,0,1,1,1,1,1
5906,9.66E-02,4,5906,Not eroded,0,0,0,0,0,0,0,0,0,1,1
5907,1.99E-01,4,5907,Not eroded,0,1,0,0,0,0,0,0,0,1,1
5908,2.31E-01,3,5908,Not eroded,0,1,1,1,0,0,1,0,0,1,1
5912,2.14E-01,3,5912,Not eroded,0,1,0,0,0,0,1,0,0,1,1
5913,2.85E-01,0,5913,Not eroded,0,1,1,1,1,1,1,1,1,1,1
5914,2.01E-01,0,5914,Not eroded,0,1,0,0,0,0,1,1,1,1,1
5915,2.14E-01,3,5915,Not eroded,0,1,0,0,0,0,1,0,0,1,1
5916,9.50E-02,5,5916,Not eroded,0,0,0,0,0,0,0,0,0,0,1
5917,2.87E-01,0,5917,ERODED,1,1,1,1,1,1,1,1,1,1,1
5918,2.99E-01,5,5918,Not eroded,0,1,1,1,1,1,0,0,0,0,1
5919,2.42E-01,4,5919,Not eroded,0,1,1,1,1,0,0,0,0,1,1
5920,1.90E-01,0,5920,Not eroded,0,0,0,0,0,0,1,1,1,1,1
5921,2.73E-01,4,5921,Not eroded,0,1,1,1,1,1,0,0,0,1,1
5922,1.16E-01,0,5922,Not eroded,0,0,0,0,0,0,1,1,1,1,1
5923,3.06E-01,0,5923,Not eroded,0,1,1,1,1,1,1,1,1,1,1
5924,1.00E-01,5,5924,Not eroded,0,0,0,0,0,0,0,0,0,0,1
5925,1.77E-01,3,5925,Not eroded,0,0,0,0,0,0,1,0,0,1,1
5926,1.44E-01,3,5926,Not eroded,0,0,0,0,0,0,1,0,0,1,1
5928,3.25E-01,0,5928,ERODED,1,1,1,1,1,1,1,1,1,1,1
5929,3.25E-01,0,5929,ERODED,1,1,1,1,1,1,1,1,1,1,1
5930,1.71E-01,6,5930,Not eroded,0,0,0,0,0,0,0,0,0,0,0
5931,3.25E-01,0,5931,Not eroded,0,1,1,1,1,1,1,1,1,1,1
5932,1.43E-01,4,5932,Not eroded,0,0,0,0,0,0,0,0,0,1,1
5933,2.78E-01,2,5933,Not eroded,0,1,1,1,1,1,1,0,1,1,1
5934,2.53E-01,6,5934,Not eroded,0,1,1,1,1,1,0,0,0,0,0
5935,2.80E-01,0,5935,Not eroded,0,1,1,1,1,1,1,1,1,1,1
5937,2.11E-01,4,5937,Not eroded,0,1,0,0,0,0,0,0,0,1,1
5938,6.38E-02,5,5938,Not eroded,0,0,0,0,0,0,0,0,0,0,1
5940,2.85E-01,0,5940,Not eroded,0,1,1,1,1,1,1,1,1,1,1
5941,1.63E-01,6,5941,Not eroded,0,0,0,0,0,0,0,0,0,0,0
5942,3.08E-01,0,5942,ERODED,1,1,1,1,1,1,1,1,1,1,1
5943,1.67E-01,4,5943,Not eroded,0,0,0,0,0,0,0,0,0,1,1
5944,2.15E-01,6,5944,Not eroded,0,1,0,0,0,0,0,0,0,0,0
5945,1.78E-01,4,5945,Not eroded,0,0,0,0,0,0,0,0,0,1,1
5947,1.25E-01,4,5947,Not eroded,0,0,0,0,0,0,0,0,0,1,1
5948,1.06E-01,3,5948,Not eroded,0,0,0,0,0,0,1,0,0,1,1
5949,2.21E-01,6,5949,Not eroded,0,1,1,0,0,0,0,0,0,0,0
5950,2.88E-01,0,5950,Not eroded,0,1,1,1,1,1,1,1,1,1,1
5951,1.46E-01,0,5951,Not eroded,0,0,0,0,0,0,1,1,1,1,1
5952,2.87E-01,5,5952,Not eroded,0,1,1,1,1,1,0,0,0,0,1
5953,1.82E-01,0,5953,Not eroded,0,0,0,0,0,0,1,1,1,1,1
5954,2.72E-01,4,5954,Not eroded,0,1,1,1,1,1,0,0,0,1,1
5955,1.70E-01,5,5955,Not eroded,0,0,0,0,0,0,0,0,0,0,1
5956,1.18E-01,4,5956,Not eroded,0,0,0,0,0,0,0,0,0,1,1
5957,1.83E-01,0,5957,Not eroded,0,0,0,0,0,0,1,1,1,1,1
5958,1.37E-01,5,5958,Not eroded,0,0,0,0,0,0,0,0,0,0,1
5959,2.92E-01,0,5959,ERODED,1,1,1,1,1,1,1,1,1,1,1
5960,2.11E-01,5,5960,Not eroded,0,1,0,0,0,0,0,0,0,0,1
5961,7.76E-02,5,5961,Not eroded,0,0,0,0,0,0,0,0,0,0,1
5962,1.73E-01,3,5962,Not eroded,0,0,0,0,0,0,1,0,0,1,1
5963,5.66E-02,4,5963,Not eroded,0,0,0,0,0,0,0,0,0,1,1
5964,2.43E-01,7,5964,Not eroded,0,1,1,1,1,0,0,0,0,0,0
5965,8.54E-02,0,5965,Not eroded,0,0,0,0,0,0,1,1,1,1,1
5966,7.65E-02,4,5966,Not eroded,0,0,0,0,0,0,0,0,0,1,1
5967,5.65E-02,3,5967,Not eroded,0,0,0,0,0,0,1,0,0,1,1
5968,6.57E-02,3,5968,Not eroded,0,0,0,0,0,0,1,0,0,1,1
5969,1.19E-01,2,5969,Not eroded,0,0,0,0,0,0,1,0,1,1,1
5970,6.37E-02,5,5970,Not eroded,0,0,0,0,0,0,0,0,0,0,1
5971,1.58E-01,3,5971,Not eroded,0,0,0,0,0,0,1,0,0,1,1
5972,2.88E-01,0,5972,Not eroded,0,1,1,1,1,1,1,1,1,1,1
5973,1.76E-01,0,5973,Not eroded,0,0,0,0,0,0,1,1,1,1,1
5974,6.59E-02,4,5974,Not eroded,0,0,0,0,0,0,0,0,0,1,1
5975,1.69E-01,4,5975,Not eroded,0,0,0,0,0,0,0,0,0,1,1
5977,1.28E-01,4,5977,Not eroded,0,0,0,0,0,0,0,0,0,1,1
5978,2.24E-01,4,5978,Not eroded,0,1,1,0,0,0,0,0,0,1,1
5979,2.04E-01,5,5979,Not eroded,0,1,0,0,0,0,0,0,0,0,1
5980,2.81E-01,4,5980,Not eroded,0,1,1,1,1,1,0,0,0,1,1
5981,5.67E-02,3,5981,Not eroded,0,0,0,0,0,0,1,0,0,1,1
5982,5.65E-02,3,5982,Not eroded,0,0,0,0,0,0,1,0,0,1,1
5983,8.51E-02,2,5983,Not eroded,0,0,0,0,0,0,1,0,1,1,1
5984,2.82E-01,0,5984,Not eroded,0,1,1,1,1,1,1,1,1,1,1
5985,2.28E-01,0,5985,ERODED,1,1,1,0,0,0,1,1,1,1,1
5986,3.27E-01,0,5986,ERODED,1,1,1,1,1,1,1,1,1,1,1
5987,2.67E-01,4,5987,Not eroded,0,1,1,1,1,1,0,0,0,1,1
5988,1.94E-01,0,5988,Not eroded,0,1,0,0,0,0,1,1,1,1,1
5989,7.26E-02,3,5989,Not eroded,0,0,0,0,0,0,1,0,0,1,1
5990,3.01E-01,0,5990,ERODED,1,1,1,1,1,1,1,1,1,1,1
5991,2.72E-01,5,5991,Not eroded,0,1,1,1,1,1,0,0,0,0,1
5992,2.49E-01,5,5992,Not eroded,0,1,1,1,1,0,0,0,0,0,1
5993,7.42E-02,3,5993,Not eroded,0,0,0,0,0,0,1,0,0,1,1
5994,3.25E-01,0,5994,ERODED,1,1,1,1,1,1,1,1,1,1,1
5995,2.34E-01,5,5995,Not eroded,0,1,1,1,0,0,0,0,0,0,1
5997,3.16E-01,0,5997,ERODED,1,1,1,1,1,1,1,1,1,1,1
5998,9.19E-02,3,5998,Not eroded,0,0,0,0,0,0,1,0,0,1,1
5999,9.33E-02,4,5999,Not eroded,0,0,0,0,0,0,0,0,0,1,1
6000,8.38E-02,5,6000,Not eroded,0,0,0,0,0,0,0,0,0,0,1
6001,2.82E-01,4,6001,Not eroded,0,1,1,1,1,1,0,0,0,1,1
6003,1.38E-01,3,6003,Not eroded,0,0,0,0,0,0,1,0,0,1,1
6004,3.04E-01,0,6004,ERODED,1,1,1,1,1,1,1,1,1,1,1
6005,1.63E-01,7,6005,Not eroded,0,0,0,0,0,0,0,0,0,0,0
6006,3.14E-01,0,6006,ERODED,1,1,1,1,1,1,1,1,1,1,1
6007,9.97E-02,4,6007,Not eroded,0,0,0,0,0,0,0,0,0,1,1
6008,1.04E-01,0,6008,Not eroded,0,0,0,0,0,0,1,1,1,1,1
6009,8.30E-02,4,6009,Not eroded,0,0,0,0,0,0,0,0,0,1,1
6011,1.98E-01,4,6011,Not eroded,0,1,0,0,0,0,0,0,0,1,1
6013,2.09E-01,6,6013,Not eroded,0,1,0,0,0,0,0,0,0,0,0
6014,5.83E-02,3,6014,Not eroded,0,0,0,0,0,0,1,0,0,1,1
6015,9.05E-02,0,6015,Not eroded,0,0,0,0,0,0,1,1,1,1,1
6016,1.36E-01,0,6016,Not eroded,0,0,0,0,0,0,1,1,1,1,1
6017,1.54E-01,4,6017,Not eroded,0,0,0,0,0,0,0,0,0,1,1
6018,2.59E-01,6,6018,Not eroded,0,1,1,1,1,1,0,0,0,0,0
6019,1.89E-01,4,6019,Not eroded,0,0,0,0,0,0,0,0,0,1,1
6020,1.03E-01,4,6020,Not eroded,0,0,0,0,0,0,0,0,0,1,1
6021,1.65E-01,4,6021,Not eroded,0,0,0,0,0,0,0,0,0,1,1
6022,1.91E-01,0,6022,Not eroded,0,1,0,0,0,0,1,1,1,1,1
6023,3.03E-01,0,6023,ERODED,1,1,1,1,1,1,1,1,1,1,1
6024,2.39E-01,4,6024,Not eroded,0,1,1,1,0,0,0,0,0,1,1
6026,1.91E-01,0,6026,Not eroded,0,1,0,0,0,0,1,1,1,1,1
6027,6.51E-02,3,6027,Not eroded,0,0,0,0,0,0,1,0,0,1,1
6028,2.17E-01,4,6028,Not eroded,0,1,0,0,0,0,0,0,0,1,1
6029,2.71E-01,0,6029,Not eroded,0,1,1,1,1,1,1,1,1,1,1
6031,1.61E-01,3,6031,Not eroded,0,0,0,0,0,0,1,0,0,1,1
6032,5.64E-02,5,6032,Not eroded,0,0,0,0,0,0,0,0,0,0,1
6033,1.63E-01,0,6033,Not eroded,0,0,0,0,0,0,1,1,1,1,1
6035,8.21E-02,4,6035,Not eroded,0,0,0,0,0,0,0,0,0,1,1
6036,1.76E-01,0,6036,Not eroded,0,0,0,0,0,0,1,1,1,1,1
6037,2.51E-01,0,6037,Not eroded,0,1,1,1,1,1,1,1,1,1,1
6038,1.42E-01,4,6038,Not eroded,0,0,0,0,0,0,0,0,0,1,1
6039,2.84E-01,3,6039,Not eroded,0,1,1,1,1,1,1,0,0,1,1
6040,2.47E-01,0,6040,Not eroded,0,1,1,1,1,0,1,1,1,1,1
6041,2.58E-01,0,6041,Not eroded,0,1,1,1,1,1,1,1,1,1,1
6042,1.20E-01,6,6042,Not eroded,0,0,0,0,0,0,0,0,0,0,0
6043,1.94E-01,0,6043,Not eroded,0,1,0,0,0,0,1,1,1,1,1
6044,2.55E-01,4,6044,Not eroded,0,1,1,1,1,1,0,0,0,1,1
6045,5.65E-02,3,6045,Not eroded,0,0,0,0,0,0,1,0,0,1,1
6046,1.00E-01,7,6046,Not eroded,0,0,0,0,0,0,0,0,0,0,0
6048,5.69E-02,0,6048,Not eroded,0,0,0,0,0,0,1,1,1,1,1
6049,1.22E-01,4,6049,Not eroded,0,0,0,0,0,0,0,0,0,1,1
6050,9.20E-02,4,6050,Not eroded,0,0,0,0,0,0,0,0,0,1,1
6051,2.02E-01,4,6051,Not eroded,0,1,0,0,0,0,0,0,0,1,1
6052,2.03E-01,5,6052,Not eroded,0,1,0,0,0,0,0,0,0,0,1
6053,2.98E-01,4,6053,Not eroded,0,1,1,1,1,1,0,0,0,1,1
6054,9.69E-02,5,6054,Not eroded,0,0,0,0,0,0,0,0,0,0,1
6055,1.47E-01,4,6055,Not eroded,0,0,0,0,0,0,0,0,0,1,1
6056,3.04E-01,2,6056,Not eroded,0,1,1,1,1,1,1,0,1,1,1
6057,2.46E-01,5,6057,Not eroded,0,1,1,1,1,0,0,0,0,0,1
6058,1.98E-01,3,6058,Not eroded,0,1,0,0,0,0,1,0,0,1,1
6059,1.47E-01,3,6059,Not eroded,0,0,0,0,0,0,1,0,0,1,1
6060,2.85E-01,0,6060,Not eroded,0,1,1,1,1,1,1,1,1,1,1
6062,1.38E-01,5,6062,Not eroded,0,0,0,0,0,0,0,0,0,0,1
6063,5.68E-02,4,6063,Not eroded,0,0,0,0,0,0,0,0,0,1,1
6064,3.16E-01,0,6064,ERODED,1,1,1,1,1,1,1,1,1,1,1
6065,2.54E-01,5,6065,Not eroded,0,1,1,1,1,1,0,0,0,0,1
6066,2.55E-01,3,6066,Not eroded,0,1,1,1,1,1,1,0,0,1,1
6068,6.77E-02,3,6068,Not eroded,0,0,0,0,0,0,1,0,0,1,1
6069,1.14E-01,0,6069,Not eroded,0,0,0,0,0,0,1,1,1,1,1
6070,3.12E-01,0,6070,ERODED,1,1,1,1,1,1,1,1,1,1,1
6071,2.29E-01,0,6071,Not eroded,0,1,1,0,0,0,1,1,1,1,1
6072,8.69E-02,6,6072,Not eroded,0,0,0,0,0,0,0,0,0,0,0
6073,1.38E-01,4,6073,Not eroded,0,0,0,0,0,0,0,0,0,1,1
6074,2.03E-01,0,6074,Not eroded,0,1,0,0,0,0,1,1,1,1,1
6075,2.75E-01,0,6075,Not eroded,0,1,1,1,1,1,1,1,1,1,1
6077,2.12E-01,4,6077,Not eroded,0,1,0,0,0,0,0,0,0,1,1
6078,1.40E-01,2,6078,Not eroded,0,0,0,0,0,0,1,0,1,1,1
6081,1.84E-01,4,6081,Not eroded,0,0,0,0,0,0,0,0,0,1,1
6082,1.04E-01,5,6082,Not eroded,0,0,0,0,0,0,0,0,0,0,1
6083,2.21E-01,0,6083,Not eroded,0,1,1,0,0,0,1,1,1,1,1
6084,2.59E-01,0,6084,Not eroded,0,1,1,1,1,1,1,1,1,1,1
6085,2.64E-01,3,6085,Not eroded,0,1,1,1,1,1,1,0,0,1,1
6086,1.31E-01,4,6086,Not eroded,0,0,0,0,0,0,0,0,0,1,1
6087,1.98E-01,0,6087,Not eroded,0,1,0,0,0,0,1,1,1,1,1
6088,1.19E-01,3,6088,Not eroded,0,0,0,0,0,0,1,0,0,1,1
6089,6.55E-02,4,6089,Not eroded,0,0,0,0,0,0,0,0,0,1,1
6090,2.60E-01,4,6090,Not eroded,0,1,1,1,1,1,0,0,0,1,1
6091,1.68E-01,0,6091,Not eroded,0,0,0,0,0,0,1,1,1,1,1
6092,2.76E-01,3,6092,Not eroded,0,1,1,1,1,1,1,0,0,1,1
6093,2.10E-01,4,6093,Not eroded,0,1,0,0,0,0,0,0,0,1,1
6094,2.92E-01,2,6094,Not eroded,0,1,1,1,1,1,1,0,1,1,1
6095,2.67E-01,0,6095,Not eroded,0,1,1,1,1,1,1,1,1,1,1
6096,3.13E-01,0,6096,ERODED,1,1,1,1,1,1,1,1,1,1,1
6097,5.66E-02,0,6097,Not eroded,0,0,0,0,0,0,1,1,1,1,1
6098,2.64E-01,2,6098,Not eroded,0,1,1,1,1,1,1,0,1,1,1
6099,2.15E-01,4,6099,Not eroded,0,1,0,0,0,0,0,0,0,1,1
6100,1.30E-01,6,6100,Not eroded,0,0,0,0,0,0,0,0,0,0,0
6101,1.30E-01,0,6101,Not eroded,0,0,0,0,0,0,1,1,1,1,1
6102,1.57E-01,4,6102,Not eroded,0,0,0,0,0,0,0,0,0,1,1
6105,3.11E-01,0,6105,ERODED,1,1,1,1,1,1,1,1,1,1,1
6106,5.72E-02,0,6106,Not eroded,0,0,0,0,0,0,1,1,1,1,1
6107,2.10E-01,3,6107,Not eroded,0,1,0,0,0,0,1,0,0,1,1
6108,1.08E-01,0,6108,Not eroded,0,0,0,0,0,0,1,1,1,1,1
6109,1.01E-01,5,6109,Not eroded,0,0,0,0,0,0,0,0,0,0,1
6110,5.67E-02,3,6110,Not eroded,0,0,0,0,0,0,1,0,0,1,1
6112,1.89E-01,0,6112,Not eroded,0,0,0,0,0,0,1,1,1,1,1
6113,1.20E-01,7,6113,Not eroded,0,0,0,0,0,0,0,0,0,0,0
6114,2.31E-01,4,6114,Not eroded,0,1,1,1,0,0,0,0,0,1,1
6115,1.93E-01,5,6115,Not eroded,0,1,0,0,0,0,0,0,0,0,1
6116,2.64E-01,0,6116,Not eroded,0,1,1,1,1,1,1,1,1,1,1
6117,2.71E-01,2,6117,Not eroded,0,1,1,1,1,1,1,0,1,1,1
6118,9.80E-02,0,6118,Not eroded,0,0,0,0,0,0,1,1,1,1,1
6119,1.88E-01,2,6119,Not eroded,0,0,0,0,0,0,1,0,1,1,1
6120,3.17E-01,0,6120,ERODED,1,1,1,1,1,1,1,1,1,1,1
6121,6.62E-02,4,6121,Not eroded,0,0,0,0,0,0,0,0,0,1,1
6122,1.31E-01,0,6122,Not eroded,0,0,0,0,0,0,1,1,1,1,1
6124,9.98E-02,4,6124,Not eroded,0,0,0,0,0,0,0,0,0,1,1
6125,1.07E-01,0,6125,Not eroded,0,0,0,0,0,0,1,1,1,1,1
6126,2.07E-01,5,6126,Not eroded,0,1,0,0,0,0,0,0,0,0,1
6127,1.44E-01,3,6127,Not eroded,0,0,0,0,0,0,1,0,0,1,1
6128,8.98E-02,4,6128,Not eroded,0,0,0,0,0,0,0,0,0,1,1
6130,2.46E-01,0,6130,Not eroded,0,1,1,1,1,0,1,1,1,1,1
6131,5.65E-02,4,6131,Not eroded,0,0,0,0,0,0,0,0,0,1,1
6132,2.82E-01,6,6132,Not eroded,0,1,1,1,1,1,0,0,0,0,0
6133,2.50E-01,4,6133,Not eroded,0,1,1,1,1,0,0,0,0,1,1
6134,5.65E-02,5,6134,Not eroded,0,0,0,0,0,0,0,0,0,0,1
6135,2.15E-01,0,6135,Not eroded,0,1,0,0,0,0,1,1,1,1,1
6136,3.15E-01,0,6136,ERODED,1,1,1,1,1,1,1,1,1,1,1
6137,1.54E-01,0,6137,Not eroded,0,0,0,0,0,0,1,1,1,1,1
6138,2.93E-01,6,6138,Not eroded,0,1,1,1,1,1,0,0,0,0,0
6139,2.83E-01,0,6139,Not eroded,0,1,1,1,1,1,1,1,1,1,1
6140,2.53E-01,0,6140,Not eroded,0,1,1,1,1,1,1,1,1,1,1
6141,2.74E-01,5,6141,Not eroded,0,1,1,1,1,1,0,0,0,0,1
6142,2.78E-01,3,6142,Not eroded,0,1,1,1,1,1,1,0,0,1,1
6143,2.79E-01,5,6143,Not eroded,0,1,1,1,1,1,0,0,0,0,1
6144,3.26E-01,0,6144,ERODED,1,1,1,1,1,1,1,1,1,1,1
6145,1.81E-01,4,6145,Not eroded,0,0,0,0,0,0,0,0,0,1,1
6146,1.34E-01,4,6146,Not eroded,0,0,0,0,0,0,0,0,0,1,1
6147,2.19E-01,0,6147,Not eroded,0,1,0,0,0,0,1,1,1,1,1
6148,2.99E-01,4,6148,Not eroded,0,1,1,1,1,1,0,0,0,1,1
6149,5.65E-02,4,6149,Not eroded,0,0,0,0,0,0,0,0,0,1,1
6150,7.48E-02,4,6150,Not eroded,0,0,0,0,0,0,0,0,0,1,1
6151,6.54E-02,5,6151,Not eroded,0,0,0,0,0,0,0,0,0,0,1
6153,2.33E-01,4,6153,Not eroded,0,1,1,1,0,0,0,0,0,1,1
6154,1.68E-01,5,6154,Not eroded,0,0,0,0,0,0,0,0,0,0,1
6156,5.65E-02,3,6156,Not eroded,0,0,0,0,0,0,1,0,0,1,1
6157,2.12E-01,3,6157,Not eroded,0,1,0,0,0,0,1,0,0,1,1
6158,1.71E-01,3,6158,Not eroded,0,0,0,0,0,0,1,0,0,1,1
6160,3.09E-01,0,6160,ERODED,1,1,1,1,1,1,1,1,1,1,1
6161,1.01E-01,4,6161,Not eroded,0,0,0,0,0,0,0,0,0,1,1
6162,2.92E-01,0,6162,ERODED,1,1,1,1,1,1,1,1,1,1,1
6164,2.23E-01,4,6164,Not eroded,0,1,1,0,0,0,0,0,0,1,1
6166,1.94E-01,0,6166,Not eroded,0,1,0,0,0,0,1,1,1,1,1
6167,2.09E-01,4,6167,Not eroded,0,1,0,0,0,0,0,0,0,1,1
6168,2.40E-01,6,6168,Not eroded,0,1,1,1,0,0,0,0,0,0,0
6169,2.07E-01,0,6169,Not eroded,0,1,0,0,0,0,1,1,1,1,1
6170,1.06E-01,3,6170,Not eroded,0,0,0,0,0,0,1,0,0,1,1
6171,3.18E-01,0,6171,ERODED,1,1,1,1,1,1,1,1,1,1,1
6172,9.51E-02,0,6172,Not eroded,0,0,0,0,0,0,1,1,1,1,1
6173,2.46E-01,4,6173,Not eroded,0,1,1,1,1,0,0,0,0,1,1
6174,2.09E-01,3,6174,Not eroded,0,1,0,0,0,0,1,0,0,1,1
6175,2.93E-01,0,6175,Not eroded,0,1,1,1,1,1,1,1,1,1,1
6176,5.65E-02,3,6176,Not eroded,0,0,0,0,0,0,1,0,0,1,1
6177,5.65E-02,4,6177,Not eroded,0,0,0,0,0,0,0,0,0,1,1
6178,3.33E-01,0,6178,ERODED,1,1,1,1,1,1,1,1,1,1,1
6179,1.75E-01,0,6179,Not eroded,0,0,0,0,0,0,1,1,1,1,1
6180,2.17E-01,2,6180,Not eroded,0,1,0,0,0,0,1,0,1,1,1
6181,2.77E-01,0,6181,Not eroded,0,1,1,1,1,1,1,1,1,1,1
6182,1.04E-01,4,6182,Not eroded,0,0,0,0,0,0,0,0,0,1,1
6183,1.55E-01,0,6183,Not eroded,0,0,0,0,0,0,1,1,1,1,1
6184,3.11E-01,0,6184,ERODED,1,1,1,1,1,1,1,1,1,1,1
6185,3.16E-01,0,6185,ERODED,1,1,1,1,1,1,1,1,1,1,1
6186,2.48E-01,4,6186,Not eroded,0,1,1,1,1,0,0,0,0,1,1
6187,6.58E-02,4,6187,Not eroded,0,0,0,0,0,0,0,0,0,1,1
6188,2.47E-01,3,6188,Not eroded,0,1,1,1,1,0,1,0,0,1,1
6189,8.87E-02,3,6189,Not eroded,0,0,0,0,0,0,1,0,0,1,1
6190,1.02E-01,4,6190,Not eroded,0,0,0,0,0,0,0,0,0,1,1
6191,2.59E-01,4,6191,Not eroded,0,1,1,1,1,1,0,0,0,1,1
6192,6.03E-02,6,6192,Not eroded,0,0,0,0,0,0,0,0,0,0,0
6194,2.07E-01,0,6194,Not eroded,0,1,0,0,0,0,1,1,1,1,1
6195,7.08E-02,2,6195,Not eroded,0,0,0,0,0,0,1,0,1,1,1
6198,2.63E-01,0,6198,Not eroded,0,1,1,1,1,1,1,1,1,1,1
6199,2.38E-01,6,6199,Not eroded,0,1,1,1,0,0,0,0,0,0,0
6200,9.25E-02,6,6200,Not eroded,0,0,0,0,0,0,0,0,0,0,0
6201,2.07E-01,3,6201,Not eroded,0,1,0,0,0,0,1,0,0,1,1
6202,2.78E-01,0,6202,Not eroded,0,1,1,1,1,1,1,1,1,1,1
6204,2.81E-01,0,6204,ERODED,1,1,1,1,1,1,1,1,1,1,1
6205,1.41E-01,0,6205,Not eroded,0,0,0,0,0,0,1,1,1,1,1
6208,2.74E-01,0,6208,Not eroded,0,1,1,1,1,1,1,1,1,1,1
6209,3.19E-01,0,6209,ERODED,1,1,1,1,1,1,1,1,1,1,1
6210,1.80E-01,4,6210,Not eroded,0,0,0,0,0,0,0,0,0,1,1
6211,2.09E-01,3,6211,Not eroded,0,1,0,0,0,0,1,0,0,1,1
6212,2.69E-01,4,6212,Not eroded,0,1,1,1,1,1,0,0,0,1,1
6213,8.61E-02,0,6213,Not eroded,0,0,0,0,0,0,1,1,1,1,1
6214,8.85E-02,3,6214,Not eroded,0,0,0,0,0,0,1,0,0,1,1
6215,1.67E-01,0,6215,Not eroded,0,0,0,0,0,0,1,1,1,1,1
6216,3.02E-01,0,6216,ERODED,1,1,1,1,1,1,1,1,1,1,1
6217,2.87E-01,3,6217,Not eroded,0,1,1,1,1,1,1,0,0,1,1
6218,5.65E-02,3,6218,Not eroded,0,0,0,0,0,0,1,0,0,1,1
6219,2.88E-01,3,6219,Not eroded,0,1,1,1,1,1,1,0,0,1,1
6220,2.90E-01,0,6220,Not eroded,0,1,1,1,1,1,1,1,1,1,1
6221,2.76E-01,4,6221,Not eroded,0,1,1,1,1,1,0,0,0,1,1
6222,3.07E-01,0,6222,ERODED,1,1,1,1,1,1,1,1,1,1,1
6223,2.62E-01,2,6223,Not eroded,0,1,1,1,1,1,1,0,1,1,1
6224,2.21E-01,0,6224,Not eroded,0,1,1,0,0,0,1,1,1,1,1
6225,2.88E-01,5,6225,Not eroded,0,1,1,1,1,1,0,0,0,0,1
6226,3.22E-01,0,6226,ERODED,1,1,1,1,1,1,1,1,1,1,1
6227,9.14E-02,4,6227,Not eroded,0,0,0,0,0,0,0,0,0,1,1
6228,2.05E-01,3,6228,Not eroded,0,1,0,0,0,0,1,0,0,1,1
6229,8.28E-02,5,6229,Not eroded,0,0,0,0,0,0,0,0,0,0,1
6231,2.32E-01,4,6231,Not eroded,0,1,1,1,0,0,0,0,0,1,1
6232,2.58E-01,5,6232,Not eroded,0,1,1,1,1,1,0,0,0,0,1
6233,1.17E-01,3,6233,Not eroded,0,0,0,0,0,0,1,0,0,1,1
6234,2.52E-01,0,6234,Not eroded,0,1,1,1,1,1,1,1,1,1,1
6235,1.82E-01,0,6235,Not eroded,0,0,0,0,0,0,1,1,1,1,1
6236,1.56E-01,4,6236,Not eroded,0,0,0,0,0,0,0,0,0,1,1
6237,2.93E-01,4,6237,Not eroded,0,1,1,1,1,1,0,0,0,1,1
6238,2.79E-01,4,6238,Not eroded,0,1,1,1,1,1,0,0,0,1,1
6239,1.09E-01,0,6239,Not eroded,0,0,0,0,0,0,1,1,1,1,1
6241,1.68E-01,2,6241,Not eroded,0,0,0,0,0,0,1,0,1,1,1
6242,9.62E-02,0,6242,Not eroded,0,0,0,0,0,0,1,1,1,1,1
6243,1.27E-01,0,6243,Not eroded,0,0,0,0,0,0,1,1,1,1,1
6244,5.65E-02,4,6244,Not eroded,0,0,0,0,0,0,0,0,0,1,1
6245,1.08E-01,0,6245,Not eroded,0,0,0,0,0,0,1,1,1,1,1
6246,6.05E-02,5,6246,Not eroded,0,0,0,0,0,0,0,0,0,0,1
6247,9.54E-02,0,6247,Not eroded,0,0,0,0,0,0,1,1,1,1,1
6248,1.16E-01,0,6248,Not eroded,0,0,0,0,0,0,1,1,1,1,1
6249,5.65E-02,3,6249,Not eroded,0,0,0,0,0,0,1,0,0,1,1
6250,1.50E-01,4,6250,Not eroded,0,0,0,0,0,0,0,0,0,1,1
6251,2.77E-01,0,6251,Not eroded,0,1,1,1,1,1,1,1,1,1,1
6252,1.27E-01,7,6252,Not eroded,0,0,0,0,0,0,0,0,0,0,0
6254,2.67E-01,5,6254,Not eroded,0,1,1,1,1,1,0,0,0,0,1
6255,1.83E-01,0,6255,Not eroded,0,0,0,0,0,0,1,1,1,1,1
6256,2.04E-01,4,6256,Not eroded,0,1,0,0,0,0,0,0,0,1,1
6257,7.65E-02,0,6257,Not eroded,0,0,0,0,0,0,1,1,1,1,1
6258,2.23E-01,6,6258,Not eroded,0,1,1,0,0,0,0,0,0,0,0
6259,5.65E-02,3,6259,Not eroded,0,0,0,0,0,0,1,0,0,1,1
6260,2.37E-01,6,6260,Not eroded,0,1,1,1,0,0,0,0,0,0,0
6261,1.21E-01,5,6261,Not eroded,0,0,0,0,0,0,0,0,0,0,1
6262,1.09E-01,4,6262,Not eroded,0,0,0,0,0,0,0,0,0,1,1
6263,2.65E-01,6,6263,Not eroded,0,1,1,1,1,1,0,0,0,0,0
6264,9.64E-02,0,6264,Not eroded,0,0,0,0,0,0,1,1,1,1,1
6265,1.21E-01,4,6265,Not eroded,0,0,0,0,0,0,0,0,0,1,1
6266,7.38E-02,4,6266,Not eroded,0,0,0,0,0,0,0,0,0,1,1
6267,2.80E-01,5,6267,Not eroded,0,1,1,1,1,1,0,0,0,0,1
6268,1.47E-01,6,6268,Not eroded,0,0,0,0,0,0,0,0,0,0,0
6269,7.53E-02,3,6269,Not eroded,0,0,0,0,0,0,1,0,0,1,1
6270,2.80E-01,4,6270,Not eroded,0,1,1,1,1,1,0,0,0,1,1
6271,1.55E-01,0,6271,Not eroded,0,0,0,0,0,0,1,1,1,1,1
6272,3.15E-01,0,6272,ERODED,1,1,1,1,1,1,1,1,1,1,1
6273,2.91E-01,0,6273,ERODED,1,1,1,1,1,1,1,1,1,1,1
6274,2.88E-01,0,6274,Not eroded,0,1,1,1,1,1,1,1,1,1,1
6275,2.84E-01,3,6275,Not eroded,0,1,1,1,1,1,1,0,0,1,1
6276,1.99E-01,2,6276,Not eroded,0,1,0,0,0,0,1,0,1,1,1
6278,1.68E-01,0,6278,Not eroded,0,0,0,0,0,0,1,1,1,1,1
6279,6.45E-02,0,6279,Not eroded,0,0,0,0,0,0,1,1,1,1,1
6280,8.59E-02,0,6280,Not eroded,0,0,0,0,0,0,1,1,1,1,1
6281,2.43E-01,0,6281,Not eroded,0,1,1,1,1,0,1,1,1,1,1
6282,2.60E-01,6,6282,Not eroded,0,1,1,1,1,1,0,0,0,0,0
6283,2.50E-01,4,6283,Not eroded,0,1,1,1,1,0,0,0,0,1,1
6284,3.03E-01,2,6284,ERODED,1,1,1,1,1,1,1,0,1,1,1
6285,5.65E-02,3,6285,Not eroded,0,0,0,0,0,0,1,0,0,1,1
6286,2.06E-01,2,6286,Not eroded,0,1,0,0,0,0,1,0,1,1,1
6287,2.30E-01,5,6287,Not eroded,0,1,1,0,0,0,0,0,0,0,1
6288,9.25E-02,4,6288,Not eroded,0,0,0,0,0,0,0,0,0,1,1
6290,2.08E-01,6,6290,Not eroded,0,1,0,0,0,0,0,0,0,0,0
6292,3.13E-01,0,6292,ERODED,1,1,1,1,1,1,1,1,1,1,1
6294,1.01E-01,6,6294,Not eroded,0,0,0,0,0,0,0,0,0,0,0
6295,3.05E-01,0,6295,ERODED,1,1,1,1,1,1,1,1,1,1,1
6296,1.06E-01,3,6296,Not eroded,0,0,0,0,0,0,1,0,0,1,1
6297,1.88E-01,2,6297,Not eroded,0,0,0,0,0,0,1,0,1,1,1
6298,1.35E-01,4,6298,Not eroded,0,0,0,0,0,0,0,0,0,1,1
6299,3.06E-01,0,6299,ERODED,1,1,1,1,1,1,1,1,1,1,1
6300,2.97E-01,0,6300,ERODED,1,1,1,1,1,1,1,1,1,1,1
6301,2.26E-01,6,6301,Not eroded,0,1,1,0,0,0,0,0,0,0,0
6302,6.04E-02,5,6302,Not eroded,0,0,0,0,0,0,0,0,0,0,1
6303,9.52E-02,4,6303,Not eroded,0,0,0,0,0,0,0,0,0,1,1
6304,1.86E-01,6,6304,Not eroded,0,0,0,0,0,0,0,0,0,0,0
6305,8.35E-02,4,6305,Not eroded,0,0,0,0,0,0,0,0,0,1,1
6306,1.55E-01,0,6306,Not eroded,0,0,0,0,0,0,1,1,1,1,1
6307,1.74E-01,7,6307,Not eroded,0,0,0,0,0,0,0,0,0,0,0
6308,8.34E-02,3,6308,Not eroded,0,0,0,0,0,0,1,0,0,1,1
6309,1.42E-01,2,6309,Not eroded,0,0,0,0,0,0,1,0,1,1,1
6310,1.96E-01,3,6310,Not eroded,0,1,0,0,0,0,1,0,0,1,1
6313,7.69E-02,5,6313,Not eroded,0,0,0,0,0,0,0,0,0,0,1
6314,1.89E-01,5,6314,Not eroded,0,0,0,0,0,0,0,0,0,0,1
6315,6.06E-02,4,6315,Not eroded,0,0,0,0,0,0,0,0,0,1,1
6316,1.02E-01,0,6316,Not eroded,0,0,0,0,0,0,1,1,1,1,1
6317,9.36E-02,3,6317,Not eroded,0,0,0,0,0,0,1,0,0,1,1
6318,1.64E-01,6,6318,Not eroded,0,0,0,0,0,0,0,0,0,0,0
6319,1.75E-01,5,6319,Not eroded,0,0,0,0,0,0,0,0,0,0,1
6320,2.60E-01,4,6320,Not eroded,0,1,1,1,1,1,0,0,0,1,1
6321,3.25E-01,0,6321,ERODED,1,1,1,1,1,1,1,1,1,1,1
6322,1.60E-01,4,6322,Not eroded,0,0,0,0,0,0,0,0,0,1,1
6323,1.55E-01,0,6323,Not eroded,0,0,0,0,0,0,1,1,1,1,1
6324,3.07E-01,0,6324,ERODED,1,1,1,1,1,1,1,1,1,1,1
6325,2.46E-01,0,6325,Not eroded,0,1,1,1,1,0,1,1,1,1,1
6327,2.71E-01,0,6327,Not eroded,0,1,1,1,1,1,1,1,1,1,1
6328,2.98E-01,0,6328,ERODED,1,1,1,1,1,1,1,1,1,1,1
6329,2.63E-01,3,6329,Not eroded,0,1,1,1,1,1,1,0,0,1,1
6330,2.11E-01,0,6330,Not eroded,0,1,0,0,0,0,1,1,1,1,1
6331,2.61E-01,5,6331,Not eroded,0,1,1,1,1,1,0,0,0,0,1
6332,1.85E-01,6,6332,Not eroded,0,0,0,0,0,0,0,0,0,0,0
6333,8.65E-02,4,6333,Not eroded,0,0,0,0,0,0,0,0,0,1,1
6334,1.16E-01,6,6334,Not eroded,0,0,0,0,0,0,0,0,0,0,0
6336,2.69E-01,4,6336,Not eroded,0,1,1,1,1,1,0,0,0,1,1
6337,2.07E-01,2,6337,Not eroded,0,1,0,0,0,0,1,0,1,1,1
6338,2.27E-01,4,6338,Not eroded,0,1,1,0,0,0,0,0,0,1,1
6339,1.27E-01,5,6339,Not eroded,0,0,0,0,0,0,0,0,0,0,1
6341,6.06E-02,5,6341,Not eroded,0,0,0,0,0,0,0,0,0,0,1
6342,2.09E-01,4,6342,Not eroded,0,1,0,0,0,0,0,0,0,1,1
6343,2.46E-01,4,6343,Not eroded,0,1,1,1,1,0,0,0,0,1,1
6344,1.03E-01,0,6344,Not eroded,0,0,0,0,0,0,1,1,1,1,1
6345,2.14E-01,0,6345,Not eroded,0,1,0,0,0,0,1,1,1,1,1
6346,2.67E-01,4,6346,Not eroded,0,1,1,1,1,1,0,0,0,1,1
6347,5.65E-02,1,6347,Not eroded,0,0,0,0,0,0,1,1,1,1,1
6348,2.12E-01,4,6348,Not eroded,0,1,0,0,0,0,0,0,0,1,1
6349,2.55E-01,5,6349,Not eroded,0,1,1,1,1,1,0,0,0,0,1
6350,2.35E-01,4,6350,Not eroded,0,1,1,1,0,0,0,0,0,1,1
6352,9.10E-02,4,6352,Not eroded,0,0,0,0,0,0,0,0,0,1,1
6355,2.96E-01,0,6355,Not eroded,0,1,1,1,1,1,1,1,1,1,1
6356,5.79E-02,3,6356,Not eroded,0,0,0,0,0,0,1,0,0,1,1
6357,2.95E-01,3,6357,Not eroded,0,1,1,1,1,1,1,0,0,1,1
6358,3.34E-01,0,6358,ERODED,1,1,1,1,1,1,1,1,1,1,1
6359,2.82E-01,0,6359,Not eroded,0,1,1,1,1,1,1,1,1,1,1
6360,2.14E-01,6,6360,Not eroded,0,1,0,0,0,0,0,0,0,0,0
6361,1.47E-01,0,6361,Not eroded,0,0,0,0,0,0,1,1,1,1,1
6362,6.89E-02,3,6362,Not eroded,0,0,0,0,0,0,1,0,0,1,1
6363,2.95E-01,3,6363,Not eroded,0,1,1,1,1,1,1,0,0,1,1
6364,2.07E-01,0,6364,Not eroded,0,1,0,0,0,0,1,1,1,1,1
6365,2.05E-01,5,6365,Not eroded,0,1,0,0,0,0,0,0,0,0,1
6366,1.29E-01,0,6366,Not eroded,0,0,0,0,0,0,1,1,1,1,1
6367,1.55E-01,4,6367,Not eroded,0,0,0,0,0,0,0,0,0,1,1
6369,1.25E-01,4,6369,Not eroded,0,0,0,0,0,0,0,0,0,1,1
6370,1.43E-01,0,6370,Not eroded,0,0,0,0,0,0,1,1,1,1,1
6371,6.99E-02,4,6371,Not eroded,0,0,0,0,0,0,0,0,0,1,1
6372,2.10E-01,4,6372,Not eroded,0,1,0,0,0,0,0,0,0,1,1
6373,1.60E-01,5,6373,Not eroded,0,0,0,0,0,0,0,0,0,0,1
6375,7.63E-02,3,6375,Not eroded,0,0,0,0,0,0,1,0,0,1,1
6376,2.83E-01,3,6376,Not eroded,0,1,1,1,1,1,1,0,0,1,1
6377,1.05E-01,0,6377,Not eroded,0,0,0,0,0,0,1,1,1,1,1
6378,2.75E-01,0,6378,ERODED,1,1,1,1,1,1,1,1,1,1,1
6379,1.70E-01,5,6379,Not eroded,0,0,0,0,0,0,0,0,0,0,1
6380,2.29E-01,4,6380,Not eroded,0,1,1,0,0,0,0,0,0,1,1
6381,2.08E-01,0,6381,Not eroded,0,1,0,0,0,0,1,1,1,1,1
6382,9.15E-02,3,6382,Not eroded,0,0,0,0,0,0,1,0,0,1,1
6383,3.25E-01,0,6383,ERODED,1,1,1,1,1,1,1,1,1,1,1
6384,3.21E-01,0,6384,ERODED,1,1,1,1,1,1,1,1,1,1,1
6385,1.92E-01,4,6385,Not eroded,0,1,0,0,0,0,0,0,0,1,1
6386,6.29E-02,0,6386,Not eroded,0,0,0,0,0,0,1,1,1,1,1
6387,1.86E-01,0,6387,Not eroded,0,0,0,0,0,0,1,1,1,1,1
6388,1.18E-01,4,6388,Not eroded,0,0,0,0,0,0,0,0,0,1,1
6389,1.96E-01,5,6389,Not eroded,0,1,0,0,0,0,0,0,0,0,1
6390,6.61E-02,3,6390,Not eroded,0,0,0,0,0,0,1,0,0,1,1
6391,7.24E-02,5,6391,Not eroded,0,0,0,0,0,0,0,0,0,0,1
6392,2.24E-01,0,6392,Not eroded,0,1,1,0,0,0,1,1,1,1,1
6393,1.52E-01,0,6393,Not eroded,0,0,0,0,0,0,1,1,1,1,1
6394,2.96E-01,0,6394,ERODED,1,1,1,1,1,1,1,1,1,1,1
6395,9.98E-02,4,6395,Not eroded,0,0,0,0,0,0,0,0,0,1,1
6396,1.45E-01,6,6396,Not eroded,0,0,0,0,0,0,0,0,0,0,0
6397,3.04E-01,0,6397,ERODED,1,1,1,1,1,1,1,1,1,1,1
6398,9.60E-02,4,6398,Not eroded,0,0,0,0,0,0,0,0,0,1,1
6399,2.75E-01,0,6399,ERODED,1,1,1,1,1,1,1,1,1,1,1
6400,2.73E-01,0,6400,Not eroded,0,1,1,1,1,1,1,1,1,1,1
6401,1.02E-01,5,6401,Not eroded,0,0,0,0,0,0,0,0,0,0,1
6402,2.60E-01,4,6402,Not eroded,0,1,1,1,1,1,0,0,0,1,1
6403,2.82E-01,0,6403,ERODED,1,1,1,1,1,1,1,1,1,1,1
6404,2.83E-01,3,6404,Not eroded,0,1,1,1,1,1,1,0,0,1,1
6405,1.30E-01,4,6405,Not eroded,0,0,0,0,0,0,0,0,0,1,1
6406,1.66E-01,6,6406,Not eroded,0,0,0,0,0,0,0,0,0,0,0
6407,3.01E-01,0,6407,ERODED,1,1,1,1,1,1,1,1,1,1,1
6408,3.17E-01,0,6408,ERODED,1,1,1,1,1,1,1,1,1,1,1
6409,2.05E-01,4,6409,Not eroded,0,1,0,0,0,0,0,0,0,1,1
6410,2.78E-01,0,6410,ERODED,1,1,1,1,1,1,1,1,1,1,1
6411,9.44E-02,3,6411,Not eroded,0,0,0,0,0,0,1,0,0,1,1
6412,8.24E-02,0,6412,Not eroded,0,0,0,0,0,0,1,1,1,1,1
6413,3.25E-01,0,6413,ERODED,1,1,1,1,1,1,1,1,1,1,1
6414,7.75E-02,3,6414,Not eroded,0,0,0,0,0,0,1,0,0,1,1
6415,1.28E-01,0,6415,Not eroded,0,0,0,0,0,0,1,1,1,1,1
6416,9.19E-02,0,6416,Not eroded,0,0,0,0,0,0,1,1,1,1,1
6418,2.83E-01,0,6418,Not eroded,0,1,1,1,1,1,1,1,1,1,1
6419,1.01E-01,4,6419,Not eroded,0,0,0,0,0,0,0,0,0,1,1
6420,5.95E-02,0,6420,Not eroded,0,0,0,0,0,0,1,1,1,1,1
6421,2.04E-01,2,6421,Not eroded,0,1,0,0,0,0,1,0,1,1,1
6423,2.35E-01,5,6423,Not eroded,0,1,1,1,0,0,0,0,0,0,1
6424,1.69E-01,0,6424,Not eroded,0,0,0,0,0,0,1,1,1,1,1
6425,1.33E-01,5,6425,Not eroded,0,0,0,0,0,0,0,0,0,0,1
6426,3.25E-01,0,6426,ERODED,1,1,1,1,1,1,1,1,1,1,1
6428,2.15E-01,0,6428,Not eroded,0,1,0,0,0,0,1,1,1,1,1
6429,1.68E-01,4,6429,Not eroded,0,0,0,0,0,0,0,0,0,1,1
6430,3.05E-01,3,6430,Not eroded,0,1,1,1,1,1,1,0,0,1,1
6431,2.88E-01,0,6431,Not eroded,0,1,1,1,1,1,1,1,1,1,1
6432,1.50E-01,4,6432,Not eroded,0,0,0,0,0,0,0,0,0,1,1
6433,1.75E-01,7,6433,Not eroded,0,0,0,0,0,0,0,0,0,0,0
6434,9.65E-02,0,6434,Not eroded,0,0,0,0,0,0,1,1,1,1,1
6435,2.12E-01,3,6435,Not eroded,0,1,0,0,0,0,1,0,0,1,1
6436,5.66E-02,0,6436,Not eroded,0,0,0,0,0,0,1,1,1,1,1
6437,1.79E-01,5,6437,Not eroded,0,0,0,0,0,0,0,0,0,0,1
6438,2.00E-01,0,6438,Not eroded,0,1,0,0,0,0,1,1,1,1,1
6439,2.88E-01,3,6439,Not eroded,0,1,1,1,1,1,1,0,0,1,1
6440,2.89E-01,0,6440,Not eroded,0,1,1,1,1,1,1,1,1,1,1
6441,1.13E-01,0,6441,Not eroded,0,0,0,0,0,0,1,1,1,1,1
6442,2.51E-01,5,6442,Not eroded,0,1,1,1,1,1,0,0,0,0,1
6443,2.86E-01,0,6443,ERODED,1,1,1,1,1,1,1,1,1,1,1
6444,1.33E-01,4,6444,Not eroded,0,0,0,0,0,0,0,0,0,1,1
6445,2.44E-01,6,6445,Not eroded,0,1,1,1,1,0,0,0,0,0,0
6446,2.27E-01,4,6446,Not eroded,0,1,1,0,0,0,0,0,0,1,1
6447,2.01E-01,5,6447,Not eroded,0,1,0,0,0,0,0,0,0,0,1
6448,3.19E-01,0,6448,ERODED,1,1,1,1,1,1,1,1,1,1,1
6449,3.03E-01,0,6449,ERODED,1,1,1,1,1,1,1,1,1,1,1
6450,1.46E-01,0,6450,Not eroded,0,0,0,0,0,0,1,1,1,1,1
6451,1.19E-01,5,6451,Not eroded,0,0,0,0,0,0,0,0,0,0,1
6452,1.82E-01,4,6452,Not eroded,0,0,0,0,0,0,0,0,0,1,1
6453,2.92E-01,0,6453,Not eroded,0,1,1,1,1,1,1,1,1,1,1
6454,1.72E-01,5,6454,Not eroded,0,0,0,0,0,0,0,0,0,0,1
6455,1.20E-01,5,6455,Not eroded,0,0,0,0,0,0,0,0,0,0,1
6456,2.54E-01,0,6456,Not eroded,0,1,1,1,1,1,1,1,1,1,1
6457,1.09E-01,4,6457,Not eroded,0,0,0,0,0,0,0,0,0,1,1
6459,1.24E-01,5,6459,Not eroded,0,0,0,0,0,0,0,0,0,0,1
6461,1.91E-01,5,6461,Not eroded,0,0,0,0,0,0,0,0,0,0,1
6462,2.50E-01,0,6462,Not eroded,0,1,1,1,1,0,1,1,1,1,1
6463,6.50E-02,3,6463,Not eroded,0,0,0,0,0,0,1,0,0,1,1
6464,7.01E-02,5,6464,Not eroded,0,0,0,0,0,0,0,0,0,0,1
6465,2.36E-01,5,6465,Not eroded,0,1,1,1,0,0,0,0,0,0,1
6466,1.23E-01,3,6466,Not eroded,0,0,0,0,0,0,1,0,0,1,1
6467,1.37E-01,5,6467,Not eroded,0,0,0,0,0,0,0,0,0,0,1
6468,1.25E-01,4,6468,Not eroded,0,0,0,0,0,0,0,0,0,1,1
6469,2.16E-01,5,6469,Not eroded,0,1,0,0,0,0,0,0,0,0,1
6470,1.25E-01,0,6470,Not eroded,0,0,0,0,0,0,1,1,1,1,1
6472,2.22E-01,0,6472,Not eroded,0,1,1,0,0,0,1,1,1,1,1
6473,6.15E-02,5,6473,Not eroded,0,0,0,0,0,0,0,0,0,0,1
6474,2.93E-01,0,6474,Not eroded,0,1,1,1,1,1,1,1,1,1,1
6475,2.35E-01,4,6475,Not eroded,0,1,1,1,0,0,0,0,0,1,1
6476,2.23E-01,3,6476,Not eroded,0,1,1,0,0,0,1,0,0,1,1
6477,9.34E-02,3,6477,Not eroded,0,0,0,0,0,0,1,0,0,1,1
6478,1.60E-01,0,6478,Not eroded,0,0,0,0,0,0,1,1,1,1,1
6479,2.13E-01,0,6479,Not eroded,0,1,0,0,0,0,1,1,1,1,1
6480,1.85E-01,0,6480,Not eroded,0,0,0,0,0,0,1,1,1,1,1
6481,5.84E-02,3,6481,Not eroded,0,0,0,0,0,0,1,0,0,1,1
6482,1.35E-01,0,6482,Not eroded,0,0,0,0,0,0,1,1,1,1,1
6483,7.51E-02,6,6483,Not eroded,0,0,0,0,0,0,0,0,0,0,0
6484,1.46E-01,3,6484,Not eroded,0,0,0,0,0,0,1,0,0,1,1
6485,2.12E-01,2,6485,Not eroded,0,1,0,0,0,0,1,0,1,1,1
6486,5.67E-02,3,6486,Not eroded,0,0,0,0,0,0,1,0,0,1,1
6487,2.46E-01,6,6487,Not eroded,0,1,1,1,1,0,0,0,0,0,0
6488,2.33E-01,7,6488,Not eroded,0,1,1,1,0,0,0,0,0,0,0
6490,9.17E-02,0,6490,Not eroded,0,0,0,0,0,0,1,1,1,1,1
6492,1.71E-01,0,6492,Not eroded,0,0,0,0,0,0,1,1,1,1,1
6493,2.71E-01,3,6493,Not eroded,0,1,1,1,1,1,1,0,0,1,1
6494,1.22E-01,0,6494,Not eroded,0,0,0,0,0,0,1,1,1,1,1
6495,2.62E-01,5,6495,Not eroded,0,1,1,1,1,1,0,0,0,0,1
6497,1.88E-01,4,6497,Not eroded,0,0,0,0,0,0,0,0,0,1,1
6498,2.07E-01,0,6498,Not eroded,0,1,0,0,0,0,1,1,1,1,1
6499,1.85E-01,0,6499,Not eroded,0,0,0,0,0,0,1,1,1,1,1
6500,1.60E-01,0,6500,Not eroded,0,0,0,0,0,0,1,1,1,1,1
6501,3.09E-01,0,6501,ERODED,1,1,1,1,1,1,1,1,1,1,1
6502,2.43E-01,2,6502,Not eroded,0,1,1,1,1,0,1,0,1,1,1
6503,9.26E-02,0,6503,Not eroded,0,0,0,0,0,0,1,1,1,1,1
6504,2.22E-01,0,6504,Not eroded,0,1,1,0,0,0,1,1,1,1,1
6505,1.37E-01,5,6505,Not eroded,0,0,0,0,0,0,0,0,0,0,1
6506,3.00E-01,0,6506,ERODED,1,1,1,1,1,1,1,1,1,1,1
6507,1.08E-01,5,6507,Not eroded,0,0,0,0,0,0,0,0,0,0,1
6508,1.56E-01,0,6508,Not eroded,0,0,0,0,0,0,1,1,1,1,1
6509,1.17E-01,0,6509,Not eroded,0,0,0,0,0,0,1,1,1,1,1
6510,2.44E-01,3,6510,Not eroded,0,1,1,1,1,0,1,0,0,1,1
6511,3.24E-01,0,6511,ERODED,1,1,1,1,1,1,1,1,1,1,1
6512,2.42E-01,6,6512,Not eroded,0,1,1,1,1,0,0,0,0,0,0
6513,1.97E-01,6,6513,Not eroded,0,1,0,0,0,0,0,0,0,0,0
6514,1.32E-01,3,6514,Not eroded,0,0,0,0,0,0,1,0,0,1,1
6515,2.47E-01,5,6515,Not eroded,0,1,1,1,1,0,0,0,0,0,1
6516,1.29E-01,4,6516,Not eroded,0,0,0,0,0,0,0,0,0,1,1
6517,2.27E-01,4,6517,Not eroded,0,1,1,0,0,0,0,0,0,1,1
6518,1.33E-01,6,6518,Not eroded,0,0,0,0,0,0,0,0,0,0,0
6519,6.52E-02,6,6519,Not eroded,0,0,0,0,0,0,0,0,0,0,0
6520,2.18E-01,0,6520,Not eroded,0,1,0,0,0,0,1,1,1,1,1
6521,2.89E-01,0,6521,ERODED,1,1,1,1,1,1,1,1,1,1,1
6522,2.83E-01,0,6522,Not eroded,0,1,1,1,1,1,1,1,1,1,1
6523,1.31E-01,6,6523,Not eroded,0,0,0,0,0,0,0,0,0,0,0
6525,2.43E-01,3,6525,Not eroded,0,1,1,1,1,0,1,0,0,1,1
6526,2.65E-01,4,6526,Not eroded,0,1,1,1,1,1,0,0,0,1,1
6527,2.38E-01,3,6527,Not eroded,0,1,1,1,0,0,1,0,0,1,1
6528,2.66E-01,3,6528,Not eroded,0,1,1,1,1,1,1,0,0,1,1
6529,6.14E-02,3,6529,Not eroded,0,0,0,0,0,0,1,0,0,1,1
6530,1.37E-01,3,6530,Not eroded,0,0,0,0,0,0,1,0,0,1,1
6531,2.93E-01,0,6531,ERODED,1,1,1,1,1,1,1,1,1,1,1
6532,1.87E-01,5,6532,Not eroded,0,0,0,0,0,0,0,0,0,0,1
6533,8.54E-02,4,6533,Not eroded,0,0,0,0,0,0,0,0,0,1,1
6534,2.23E-01,5,6534,Not eroded,0,1,1,0,0,0,0,0,0,0,1
6535,2.28E-01,4,6535,Not eroded,0,1,1,0,0,0,0,0,0,1,1
6536,8.26E-02,0,6536,Not eroded,0,0,0,0,0,0,1,1,1,1,1
6537,1.42E-01,4,6537,Not eroded,0,0,0,0,0,0,0,0,0,1,1
6538,2.83E-01,5,6538,Not eroded,0,1,1,1,1,1,0,0,0,0,1
6539,9.99E-02,3,6539,Not eroded,0,0,0,0,0,0,1,0,0,1,1
6540,9.50E-02,3,6540,Not eroded,0,0,0,0,0,0,1,0,0,1,1
6541,2.26E-01,6,6541,Not eroded,0,1,1,0,0,0,0,0,0,0,0
6542,3.07E-01,0,6542,ERODED,1,1,1,1,1,1,1,1,1,1,1
6543,7.36E-02,3,6543,Not eroded,0,0,0,0,0,0,1,0,0,1,1
6544,1.33E-01,2,6544,Not eroded,0,0,0,0,0,0,1,0,1,1,1
6545,1.65E-01,3,6545,Not eroded,0,0,0,0,0,0,1,0,0,1,1
6546,9.41E-02,4,6546,Not eroded,0,0,0,0,0,0,0,0,0,1,1
6547,7.03E-02,5,6547,Not eroded,0,0,0,0,0,0,0,0,0,0,1
6549,1.78E-01,5,6549,Not eroded,0,0,0,0,0,0,0,0,0,0,1
6550,1.95E-01,4,6550,Not eroded,0,1,0,0,0,0,0,0,0,1,1
6551,2.29E-01,0,6551,Not eroded,0,1,1,0,0,0,1,1,1,1,1
6552,1.34E-01,3,6552,Not eroded,0,0,0,0,0,0,1,0,0,1,1
6553,1.15E-01,3,6553,Not eroded,0,0,0,0,0,0,1,0,0,1,1
6554,1.04E-01,3,6554,Not eroded,0,0,0,0,0,0,1,0,0,1,1
6555,1.50E-01,5,6555,Not eroded,0,0,0,0,0,0,0,0,0,0,1
6556,3.23E-01,0,6556,ERODED,1,1,1,1,1,1,1,1,1,1,1
6557,6.67E-02,5,6557,Not eroded,0,0,0,0,0,0,0,0,0,0,1
6558,2.17E-01,3,6558,Not eroded,0,1,0,0,0,0,1,0,0,1,1
6559,2.87E-01,0,6559,ERODED,1,1,1,1,1,1,1,1,1,1,1
6561,2.20E-01,6,6561,Not eroded,0,1,0,0,0,0,0,0,0,0,0
6562,3.20E-01,0,6562,ERODED,1,1,1,1,1,1,1,1,1,1,1
6563,5.99E-02,4,6563,Not eroded,0,0,0,0,0,0,0,0,0,1,1
6564,5.65E-02,3,6564,Not eroded,0,0,0,0,0,0,1,0,0,1,1
6565,5.65E-02,4,6565,Not eroded,0,0,0,0,0,0,0,0,0,1,1
6568,2.17E-01,5,6568,Not eroded,0,1,0,0,0,0,0,0,0,0,1
6569,5.74E-02,5,6569,Not eroded,0,0,0,0,0,0,0,0,0,0,1
6570,3.24E-01,0,6570,ERODED,1,1,1,1,1,1,1,1,1,1,1
6571,1.07E-01,0,6571,Not eroded,0,0,0,0,0,0,1,1,1,1,1
6572,9.82E-02,0,6572,Not eroded,0,0,0,0,0,0,1,1,1,1,1
6573,2.97E-01,4,6573,Not eroded,0,1,1,1,1,1,0,0,0,1,1
6574,3.23E-01,0,6574,ERODED,1,1,1,1,1,1,1,1,1,1,1
6575,3.01E-01,0,6575,ERODED,1,1,1,1,1,1,1,1,1,1,1
6576,1.85E-01,0,6576,Not eroded,0,0,0,0,0,0,1,1,1,1,1
6577,2.29E-01,5,6577,Not eroded,0,1,1,0,0,0,0,0,0,0,1
6578,2.14E-01,4,6578,Not eroded,0,1,0,0,0,0,0,0,0,1,1
6579,1.33E-01,4,6579,Not eroded,0,0,0,0,0,0,0,0,0,1,1
6580,2.31E-01,4,6580,Not eroded,0,1,1,1,0,0,0,0,0,1,1
6581,3.25E-01,0,6581,ERODED,1,1,1,1,1,1,1,1,1,1,1
6582,2.28E-01,4,6582,Not eroded,0,1,1,0,0,0,0,0,0,1,1
6583,1.96E-01,0,6583,Not eroded,0,1,0,0,0,0,1,1,1,1,1
6584,1.52E-01,0,6584,Not eroded,0,0,0,0,0,0,1,1,1,1,1
6587,1.40E-01,3,6587,Not eroded,0,0,0,0,0,0,1,0,0,1,1
6588,2.18E-01,3,6588,Not eroded,0,1,0,0,0,0,1,0,0,1,1
6589,1.90E-01,0,6589,Not eroded,0,0,0,0,0,0,1,1,1,1,1
6590,2.43E-01,0,6590,Not eroded,0,1,1,1,1,0,1,1,1,1,1
6591,1.10E-01,5,6591,Not eroded,0,0,0,0,0,0,0,0,0,0,1
6592,1.80E-01,0,6592,Not eroded,0,0,0,0,0,0,1,1,1,1,1
6593,2.79E-01,0,6593,Not eroded,0,1,1,1,1,1,1,1,1,1,1
6594,2.27E-01,0,6594,Not eroded,0,1,1,0,0,0,1,1,1,1,1
6595,1.64E-01,6,6595,Not eroded,0,0,0,0,0,0,0,0,0,0,0
6596,2.08E-01,4,6596,Not eroded,0,1,0,0,0,0,0,0,0,1,1
6597,1.16E-01,3,6597,Not eroded,0,0,0,0,0,0,1,0,0,1,1
6599,7.66E-02,4,6599,Not eroded,0,0,0,0,0,0,0,0,0,1,1
6600,6.43E-02,6,6600,Not eroded,0,0,0,0,0,0,0,0,0,0,0
6601,5.66E-02,2,6601,Not eroded,0,0,0,0,0,0,1,0,1,1,1
6602,3.20E-01,0,6602,ERODED,1,1,1,1,1,1,1,1,1,1,1
6603,1.09E-01,5,6603,Not eroded,0,0,0,0,0,0,0,0,0,0,1
6604,1.80E-01,3,6604,Not eroded,0,0,0,0,0,0,1,0,0,1,1
6605,2.67E-01,0,6605,Not eroded,0,1,1,1,1,1,1,1,1,1,1
6607,1.53E-01,0,6607,Not eroded,0,0,0,0,0,0,1,1,1,1,1
6608,8.16E-02,5,6608,Not eroded,0,0,0,0,0,0,0,0,0,0,1
6610,2.50E-01,0,6610,Not eroded,0,1,1,1,1,0,1,1,1,1,1
6611,7.98E-02,0,6611,Not eroded,0,0,0,0,0,0,1,1,1,1,1
6612,1.73E-01,5,6612,Not eroded,0,0,0,0,0,0,0,0,0,0,1
6613,3.30E-01,0,6613,ERODED,1,1,1,1,1,1,1,1,1,1,1
6614,1.99E-01,4,6614,Not eroded,0,1,0,0,0,0,0,0,0,1,1
6615,1.76E-01,4,6615,Not eroded,0,0,0,0,0,0,0,0,0,1,1
6616,5.65E-02,5,6616,Not eroded,0,0,0,0,0,0,0,0,0,0,1
6617,3.05E-01,0,6617,ERODED,1,1,1,1,1,1,1,1,1,1,1
6618,1.22E-01,5,6618,Not eroded,0,0,0,0,0,0,0,0,0,0,1
6619,2.66E-01,0,6619,ERODED,1,1,1,1,1,1,1,1,1,1,1
6620,2.85E-01,0,6620,Not eroded,0,1,1,1,1,1,1,1,1,1,1
6621,3.14E-01,0,6621,ERODED,1,1,1,1,1,1,1,1,1,1,1
6622,2.76E-01,4,6622,Not eroded,0,1,1,1,1,1,0,0,0,1,1
6623,2.10E-01,3,6623,Not eroded,0,1,0,0,0,0,1,0,0,1,1
6624,1.59E-01,3,6624,Not eroded,0,0,0,0,0,0,1,0,0,1,1
6625,7.46E-02,4,6625,Not eroded,0,0,0,0,0,0,0,0,0,1,1
6627,2.90E-01,0,6627,ERODED,1,1,1,1,1,1,1,1,1,1,1
6629,2.66E-01,4,6629,Not eroded,0,1,1,1,1,1,0,0,0,1,1
6630,1.16E-01,4,6630,Not eroded,0,0,0,0,0,0,0,0,0,1,1
6631,1.36E-01,0,6631,Not eroded,0,0,0,0,0,0,1,1,1,1,1
6632,1.22E-01,4,6632,Not eroded,0,0,0,0,0,0,0,0,0,1,1
6633,5.68E-02,5,6633,Not eroded,0,0,0,0,0,0,0,0,0,0,1
6634,5.65E-02,4,6634,Not eroded,0,0,0,0,0,0,0,0,0,1,1
6635,2.54E-01,5,6635,Not eroded,0,1,1,1,1,1,0,0,0,0,1
6636,2.13E-01,3,6636,Not eroded,0,1,0,0,0,0,1,0,0,1,1
6637,1.96E-01,4,6637,Not eroded,0,1,0,0,0,0,0,0,0,1,1
6638,2.88E-01,5,6638,Not eroded,0,1,1,1,1,1,0,0,0,0,1
6639,2.46E-01,5,6639,Not eroded,0,1,1,1,1,0,0,0,0,0,1
6640,2.77E-01,5,6640,Not eroded,0,1,1,1,1,1,0,0,0,0,1
6641,5.65E-02,4,6641,Not eroded,0,0,0,0,0,0,0,0,0,1,1
6642,2.59E-01,4,6642,Not eroded,0,1,1,1,1,1,0,0,0,1,1
6643,2.98E-01,4,6643,Not eroded,0,1,1,1,1,1,0,0,0,1,1
6645,1.50E-01,4,6645,Not eroded,0,0,0,0,0,0,0,0,0,1,1
6647,1.10E-01,3,6647,Not eroded,0,0,0,0,0,0,1,0,0,1,1
6648,2.79E-01,0,6648,Not eroded,0,1,1,1,1,1,1,1,1,1,1
6649,2.89E-01,8,6649,Not eroded,0,1,1,1,1,1,0,0,0,0,0
6650,5.65E-02,4,6650,Not eroded,0,0,0,0,0,0,0,0,0,1,1
6651,1.20E-01,3,6651,Not eroded,0,0,0,0,0,0,1,0,0,1,1
6652,2.20E-01,4,6652,Not eroded,0,1,0,0,0,0,0,0,0,1,1
6653,1.36E-01,0,6653,Not eroded,0,0,0,0,0,0,1,1,1,1,1
6654,5.65E-02,3,6654,Not eroded,0,0,0,0,0,0,1,0,0,1,1
6655,2.08E-01,4,6655,Not eroded,0,1,0,0,0,0,0,0,0,1,1
6656,9.31E-02,0,6656,Not eroded,0,0,0,0,0,0,1,1,1,1,1
6657,9.11E-02,4,6657,Not eroded,0,0,0,0,0,0,0,0,0,1,1
6658,2.21E-01,0,6658,Not eroded,0,1,1,0,0,0,1,1,1,1,1
6659,2.34E-01,4,6659,Not eroded,0,1,1,1,0,0,0,0,0,1,1
6660,1.13E-01,3,6660,Not eroded,0,0,0,0,0,0,1,0,0,1,1
6661,2.29E-01,4,6661,Not eroded,0,1,1,0,0,0,0,0,0,1,1
6662,1.57E-01,5,6662,Not eroded,0,0,0,0,0,0,0,0,0,0,1
6663,6.48E-02,4,6663,Not eroded,0,0,0,0,0,0,0,0,0,1,1
6664,2.30E-01,0,6664,Not eroded,0,1,1,0,0,0,1,1,1,1,1
6666,1.28E-01,0,6666,Not eroded,0,0,0,0,0,0,1,1,1,1,1
6667,1.24E-01,0,6667,Not eroded,0,0,0,0,0,0,1,1,1,1,1
6668,3.05E-01,5,6668,Not eroded,0,1,1,1,1,1,0,0,0,0,1
6669,2.09E-01,7,6669,Not eroded,0,1,0,0,0,0,0,0,0,0,0
6670,5.65E-02,4,6670,Not eroded,0,0,0,0,0,0,0,0,0,1,1
6671,2.23E-01,0,6671,Not eroded,0,1,1,0,0,0,1,1,1,1,1
6672,2.86E-01,0,6672,ERODED,1,1,1,1,1,1,1,1,1,1,1
6673,1.65E-01,0,6673,Not eroded,0,0,0,0,0,0,1,1,1,1,1
6674,3.08E-01,0,6674,ERODED,1,1,1,1,1,1,1,1,1,1,1
6675,1.77E-01,0,6675,Not eroded,0,0,0,0,0,0,1,1,1,1,1
6676,2.08E-01,3,6676,Not eroded,0,1,0,0,0,0,1,0,0,1,1
6677,1.52E-01,5,6677,Not eroded,0,0,0,0,0,0,0,0,0,0,1
6678,6.64E-02,2,6678,Not eroded,0,0,0,0,0,0,1,0,1,1,1
6680,2.24E-01,0,6680,Not eroded,0,1,1,0,0,0,1,1,1,1,1
6681,2.10E-01,0,6681,Not eroded,0,1,0,0,0,0,1,1,1,1,1
6682,1.45E-01,5,6682,Not eroded,0,0,0,0,0,0,0,0,0,0,1
6683,2.49E-01,0,6683,Not eroded,0,1,1,1,1,0,1,1,1,1,1
6684,2.80E-01,4,6684,Not eroded,0,1,1,1,1,1,0,0,0,1,1
6685,2.58E-01,4,6685,Not eroded,0,1,1,1,1,1,0,0,0,1,1
6686,2.91E-01,4,6686,Not eroded,0,1,1,1,1,1,0,0,0,1,1
6687,2.59E-01,0,6687,Not eroded,0,1,1,1,1,1,1,1,1,1,1
6688,1.57E-01,4,6688,Not eroded,0,0,0,0,0,0,0,0,0,1,1
6689,5.65E-02,3,6689,Not eroded,0,0,0,0,0,0,1,0,0,1,1
6690,8.52E-02,4,6690,Not eroded,0,0,0,0,0,0,0,0,0,1,1
6691,2.43E-01,4,6691,Not eroded,0,1,1,1,1,0,0,0,0,1,1
6692,5.87E-02,6,6692,Not eroded,0,0,0,0,0,0,0,0,0,0,0
6693,1.82E-01,5,6693,Not eroded,0,0,0,0,0,0,0,0,0,0,1
6694,3.27E-01,0,6694,ERODED,1,1,1,1,1,1,1,1,1,1,1
6695,2.84E-01,0,6695,ERODED,1,1,1,1,1,1,1,1,1,1,1
6696,1.83E-01,0,6696,Not eroded,0,0,0,0,0,0,1,1,1,1,1
6697,2.58E-01,0,6697,ERODED,1,1,1,1,1,1,1,1,1,1,1
6698,1.21E-01,6,6698,Not eroded,0,0,0,0,0,0,0,0,0,0,0
6699,3.13E-01,0,6699,ERODED,1,1,1,1,1,1,1,1,1,1,1
6700,1.39E-01,0,6700,Not eroded,0,0,0,0,0,0,1,1,1,1,1
6701,3.05E-01,0,6701,ERODED,1,1,1,1,1,1,1,1,1,1,1
6702,3.06E-01,0,6702,ERODED,1,1,1,1,1,1,1,1,1,1,1
6703,8.87E-02,4,6703,Not eroded,0,0,0,0,0,0,0,0,0,1,1
6704,1.84E-01,2,6704,Not eroded,0,0,0,0,0,0,1,0,1,1,1
6705,1.50E-01,7,6705,Not eroded,0,0,0,0,0,0,0,0,0,0,0
6706,2.19E-01,0,6706,Not eroded,0,1,0,0,0,0,1,1,1,1,1
6707,1.56E-01,3,6707,Not eroded,0,0,0,0,0,0,1,0,0,1,1
6708,2.09E-01,2,6708,Not eroded,0,1,0,0,0,0,1,0,1,1,1
6709,1.63E-01,5,6709,Not eroded,0,0,0,0,0,0,0,0,0,0,1
6710,1.27E-01,3,6710,Not eroded,0,0,0,0,0,0,1,0,0,1,1
6711,2.33E-01,5,6711,Not eroded,0,1,1,1,0,0,0,0,0,0,1
6712,2.86E-01,0,6712,Not eroded,0,1,1,1,1,1,1,1,1,1,1
6713,7.32E-02,5,6713,Not eroded,0,0,0,0,0,0,0,0,0,0,1
6714,2.45E-01,2,6714,Not eroded,0,1,1,1,1,0,1,0,1,1,1
6715,1.09E-01,3,6715,Not eroded,0,0,0,0,0,0,1,0,0,1,1
6716,1.40E-01,5,6716,Not eroded,0,0,0,0,0,0,0,0,0,0,1
6717,5.67E-02,2,6717,Not eroded,0,0,0,0,0,0,1,0,1,1,1
6718,5.69E-02,0,6718,Not eroded,0,0,0,0,0,0,1,1,1,1,1
6719,1.95E-01,0,6719,Not eroded,0,1,0,0,0,0,1,1,1,1,1
6720,2.58E-01,0,6720,Not eroded,0,1,1,1,1,1,1,1,1,1,1
6721,2.18E-01,0,6721,Not eroded,0,1,0,0,0,0,1,1,1,1,1
6722,6.25E-02,4,6722,Not eroded,0,0,0,0,0,0,0,0,0,1,1
6723,2.50E-01,0,6723,Not eroded,0,1,1,1,1,0,1,1,1,1,1
6724,2.96E-01,0,6724,ERODED,1,1,1,1,1,1,1,1,1,1,1
6725,5.67E-02,4,6725,Not eroded,0,0,0,0,0,0,0,0,0,1,1
6726,2.26E-01,0,6726,Not eroded,0,1,1,0,0,0,1,1,1,1,1
6727,1.77E-01,5,6727,Not eroded,0,0,0,0,0,0,0,0,0,0,1
6728,2.80E-01,3,6728,Not eroded,0,1,1,1,1,1,1,0,0,1,1
6729,2.47E-01,0,6729,Not eroded,0,1,1,1,1,0,1,1,1,1,1
6730,2.15E-01,2,6730,Not eroded,0,1,0,0,0,0,1,0,1,1,1
6731,3.29E-01,0,6731,ERODED,1,1,1,1,1,1,1,1,1,1,1
6732,2.43E-01,3,6732,Not eroded,0,1,1,1,1,0,1,0,0,1,1
6733,1.87E-01,4,6733,Not eroded,0,0,0,0,0,0,0,0,0,1,1
6734,2.75E-01,4,6734,Not eroded,0,1,1,1,1,1,0,0,0,1,1
6735,8.66E-02,0,6735,Not eroded,0,0,0,0,0,0,1,1,1,1,1
6736,2.36E-01,0,6736,Not eroded,0,1,1,1,0,0,1,1,1,1,1
6737,5.71E-02,3,6737,Not eroded,0,0,0,0,0,0,1,0,0,1,1
6738,1.10E-01,4,6738,Not eroded,0,0,0,0,0,0,0,0,0,1,1
6739,6.19E-02,4,6739,Not eroded,0,0,0,0,0,0,0,0,0,1,1
6740,3.10E-01,0,6740,ERODED,1,1,1,1,1,1,1,1,1,1,1
6741,2.51E-01,6,6741,Not eroded,0,1,1,1,1,1,0,0,0,0,0
6742,1.66E-01,4,6742,Not eroded,0,0,0,0,0,0,0,0,0,1,1
6743,2.69E-01,3,6743,Not eroded,0,1,1,1,1,1,1,0,0,1,1
6744,2.84E-01,0,6744,Not eroded,0,1,1,1,1,1,1,1,1,1,1
6745,1.86E-01,0,6745,Not eroded,0,0,0,0,0,0,1,1,1,1,1
6746,2.56E-01,6,6746,Not eroded,0,1,1,1,1,1,0,0,0,0,0
6747,5.66E-02,3,6747,Not eroded,0,0,0,0,0,0,1,0,0,1,1
6748,1.76E-01,3,6748,Not eroded,0,0,0,0,0,0,1,0,0,1,1
6749,2.84E-01,4,6749,Not eroded,0,1,1,1,1,1,0,0,0,1,1
6750,1.90E-01,5,6750,Not eroded,0,0,0,0,0,0,0,0,0,0,1
6751,1.21E-01,5,6751,Not eroded,0,0,0,0,0,0,0,0,0,0,1
6752,2.08E-01,4,6752,Not eroded,0,1,0,0,0,0,0,0,0,1,1
6753,2.62E-01,0,6753,Not eroded,0,1,1,1,1,1,1,1,1,1,1
6754,2.69E-01,6,6754,Not eroded,0,1,1,1,1,1,0,0,0,0,0
6755,2.31E-01,3,6755,Not eroded,0,1,1,1,0,0,1,0,0,1,1
6756,2.72E-01,3,6756,Not eroded,0,1,1,1,1,1,1,0,0,1,1
6757,2.94E-01,0,6757,ERODED,1,1,1,1,1,1,1,1,1,1,1
6758,1.96E-01,0,6758,Not eroded,0,1,0,0,0,0,1,1,1,1,1
6759,2.14E-01,5,6759,Not eroded,0,1,0,0,0,0,0,0,0,0,1
6760,2.80E-01,0,6760,Not eroded,0,1,1,1,1,1,1,1,1,1,1
6761,1.46E-01,0,6761,Not eroded,0,0,0,0,0,0,1,1,1,1,1
6762,1.73E-01,4,6762,Not eroded,0,0,0,0,0,0,0,0,0,1,1
6763,2.16E-01,4,6763,Not eroded,0,1,0,0,0,0,0,0,0,1,1
6765,3.02E-01,0,6765,ERODED,1,1,1,1,1,1,1,1,1,1,1
6766,6.58E-02,3,6766,Not eroded,0,0,0,0,0,0,1,0,0,1,1
6767,1.07E-01,4,6767,Not eroded,0,0,0,0,0,0,0,0,0,1,1
6768,2.32E-01,0,6768,Not eroded,0,1,1,1,0,0,1,1,1,1,1
6769,1.02E-01,4,6769,Not eroded,0,0,0,0,0,0,0,0,0,1,1
6770,1.45E-01,3,6770,Not eroded,0,0,0,0,0,0,1,0,0,1,1
6771,2.89E-01,4,6771,Not eroded,0,1,1,1,1,1,0,0,0,1,1
6772,1.94E-01,0,6772,Not eroded,0,1,0,0,0,0,1,1,1,1,1
6773,1.93E-01,0,6773,Not eroded,0,1,0,0,0,0,1,1,1,1,1
6774,8.13E-02,4,6774,Not eroded,0,0,0,0,0,0,0,0,0,1,1
6775,5.57E-02,2,6775,Not eroded,0,0,0,0,0,0,1,0,1,1,1
6777,1.13E-01,4,6777,Not eroded,0,0,0,0,0,0,0,0,0,1,1
6778,1.73E-01,4,6778,Not eroded,0,0,0,0,0,0,0,0,0,1,1
6779,2.33E-01,5,6779,Not eroded,0,1,1,1,0,0,0,0,0,0,1
6780,1.93E-01,6,6780,Not eroded,0,1,0,0,0,0,0,0,0,0,0
6781,1.64E-01,4,6781,Not eroded,0,0,0,0,0,0,0,0,0,1,1
6782,5.66E-02,4,6782,Not eroded,0,0,0,0,0,0,0,0,0,1,1
6783,2.45E-01,0,6783,Not eroded,0,1,1,1,1,0,1,1,1,1,1
6784,2.63E-01,3,6784,Not eroded,0,1,1,1,1,1,1,0,0,1,1
6785,2.78E-01,4,6785,Not eroded,0,1,1,1,1,1,0,0,0,1,1
6786,2.05E-01,0,6786,Not eroded,0,1,0,0,0,0,1,1,1,1,1
6787,2.91E-01,4,6787,Not eroded,0,1,1,1,1,1,0,0,0,1,1
6788,2.12E-01,3,6788,Not eroded,0,1,0,0,0,0,1,0,0,1,1
6789,1.90E-01,5,6789,Not eroded,0,0,0,0,0,0,0,0,0,0,1
6790,1.65E-01,3,6790,Not eroded,0,0,0,0,0,0,1,0,0,1,1
6792,3.17E-01,0,6792,ERODED,1,1,1,1,1,1,1,1,1,1,1
6793,9.57E-02,4,6793,Not eroded,0,0,0,0,0,0,0,0,0,1,1
6794,2.46E-01,3,6794,Not eroded,0,1,1,1,1,0,1,0,0,1,1
6795,2.15E-01,4,6795,Not eroded,0,1,0,0,0,0,0,0,0,1,1
6796,2.31E-01,5,6796,Not eroded,0,1,1,1,0,0,0,0,0,0,1
6797,2.90E-01,6,6797,Not eroded,0,1,1,1,1,1,0,0,0,0,0
6798,6.66E-02,3,6798,Not eroded,0,0,0,0,0,0,1,0,0,1,1
6799,1.42E-01,0,6799,Not eroded,0,0,0,0,0,0,1,1,1,1,1
6800,6.41E-02,5,6800,Not eroded,0,0,0,0,0,0,0,0,0,0,1
6802,1.35E-01,5,6802,Not eroded,0,0,0,0,0,0,0,0,0,0,1
6803,1.04E-01,3,6803,Not eroded,0,0,0,0,0,0,1,0,0,1,1
6804,5.83E-02,4,6804,Not eroded,0,0,0,0,0,0,0,0,0,1,1
6805,1.91E-01,0,6805,Not eroded,0,1,0,0,0,0,1,1,1,1,1
6806,7.32E-02,4,6806,Not eroded,0,0,0,0,0,0,0,0,0,1,1
6807,3.36E-01,0,6807,ERODED,1,1,1,1,1,1,1,1,1,1,1
6808,2.60E-01,7,6808,Not eroded,0,1,1,1,1,1,0,0,0,0,0
6809,2.92E-01,0,6809,ERODED,1,1,1,1,1,1,1,1,1,1,1
6814,3.17E-01,0,6814,ERODED,1,1,1,1,1,1,1,1,1,1,1
6815,2.47E-01,0,6815,Not eroded,0,1,1,1,1,0,1,1,1,1,1
6816,3.10E-01,0,6816,ERODED,1,1,1,1,1,1,1,1,1,1,1
6817,9.97E-02,5,6817,Not eroded,0,0,0,0,0,0,0,0,0,0,1
6818,1.02E-01,5,6818,Not eroded,0,0,0,0,0,0,0,0,0,0,1
6820,1.19E-01,3,6820,Not eroded,0,0,0,0,0,0,1,0,0,1,1
6821,2.09E-01,0,6821,Not eroded,0,1,0,0,0,0,1,1,1,1,1
6822,1.02E-01,5,6822,Not eroded,0,0,0,0,0,0,0,0,0,0,1
6823,2.07E-01,3,6823,Not eroded,0,1,0,0,0,0,1,0,0,1,1
6824,2.90E-01,0,6824,Not eroded,0,1,1,1,1,1,1,1,1,1,1
6825,2.73E-01,0,6825,Not eroded,0,1,1,1,1,1,1,1,1,1,1
6826,2.32E-01,3,6826,Not eroded,0,1,1,1,0,0,1,0,0,1,1
6828,1.07E-01,3,6828,Not eroded,0,0,0,0,0,0,1,0,0,1,1
6829,3.17E-01,0,6829,ERODED,1,1,1,1,1,1,1,1,1,1,1
6830,2.72E-01,0,6830,Not eroded,0,1,1,1,1,1,1,1,1,1,1
6831,3.26E-01,0,6831,ERODED,1,1,1,1,1,1,1,1,1,1,1
6832,1.04E-01,0,6832,Not eroded,0,0,0,0,0,0,1,1,1,1,1
6833,7.59E-02,5,6833,Not eroded,0,0,0,0,0,0,0,0,0,0,1
6834,8.03E-02,3,6834,Not eroded,0,0,0,0,0,0,1,0,0,1,1
6835,1.63E-01,2,6835,Not eroded,0,0,0,0,0,0,1,0,1,1,1
6836,3.09E-01,0,6836,ERODED,1,1,1,1,1,1,1,1,1,1,1
6837,1.45E-01,4,6837,Not eroded,0,0,0,0,0,0,0,0,0,1,1
6841,2.90E-01,4,6841,Not eroded,0,1,1,1,1,1,0,0,0,1,1
6843,9.04E-02,3,6843,Not eroded,0,0,0,0,0,0,1,0,0,1,1
6844,2.87E-01,5,6844,Not eroded,0,1,1,1,1,1,0,0,0,0,1
6845,2.91E-01,3,6845,Not eroded,0,1,1,1,1,1,1,0,0,1,1
6846,2.92E-01,0,6846,Not eroded,0,1,1,1,1,1,1,1,1,1,1
6847,1.68E-01,0,6847,Not eroded,0,0,0,0,0,0,1,1,1,1,1
6848,6.30E-02,4,6848,Not eroded,0,0,0,0,0,0,0,0,0,1,1
6849,2.80E-01,3,6849,Not eroded,0,1,1,1,1,1,1,0,0,1,1
6850,2.39E-01,3,6850,Not eroded,0,1,1,1,0,0,1,0,0,1,1
6852,1.18E-01,3,6852,Not eroded,0,0,0,0,0,0,1,0,0,1,1
6853,2.84E-01,0,6853,Not eroded,0,1,1,1,1,1,1,1,1,1,1
6854,1.50E-01,5,6854,Not eroded,0,0,0,0,0,0,0,0,0,0,1
6855,1.62E-01,0,6855,Not eroded,0,0,0,0,0,0,1,1,1,1,1
6856,8.23E-02,2,6856,Not eroded,0,0,0,0,0,0,1,0,1,1,1
6857,8.86E-02,0,6857,Not eroded,0,0,0,0,0,0,1,1,1,1,1
6858,8.22E-02,3,6858,Not eroded,0,0,0,0,0,0,1,0,0,1,1
6859,1.42E-01,2,6859,Not eroded,0,0,0,0,0,0,1,0,1,1,1
6860,7.37E-02,4,6860,Not eroded,0,0,0,0,0,0,0,0,0,1,1
6861,1.46E-01,7,6861,Not eroded,0,0,0,0,0,0,0,0,0,0,0
6862,1.96E-01,0,6862,Not eroded,0,1,0,0,0,0,1,1,1,1,1
6863,3.09E-01,0,6863,ERODED,1,1,1,1,1,1,1,1,1,1,1
6864,1.22E-01,5,6864,Not eroded,0,0,0,0,0,0,0,0,0,0,1
6865,5.66E-02,4,6865,Not eroded,0,0,0,0,0,0,0,0,0,1,1
6866,2.14E-01,2,6866,Not eroded,0,1,0,0,0,0,1,0,1,1,1
6867,1.42E-01,3,6867,Not eroded,0,0,0,0,0,0,1,0,0,1,1
6868,2.90E-01,4,6868,Not eroded,0,1,1,1,1,1,0,0,0,1,1
6869,5.65E-02,4,6869,Not eroded,0,0,0,0,0,0,0,0,0,1,1
6871,6.83E-02,3,6871,Not eroded,0,0,0,0,0,0,1,0,0,1,1
6872,6.53E-02,4,6872,Not eroded,0,0,0,0,0,0,0,0,0,1,1
6873,1.73E-01,3,6873,Not eroded,0,0,0,0,0,0,1,0,0,1,1
6874,2.39E-01,3,6874,Not eroded,0,1,1,1,0,0,1,0,0,1,1
6875,6.31E-02,6,6875,Not eroded,0,0,0,0,0,0,0,0,0,0,0
6876,1.37E-01,4,6876,Not eroded,0,0,0,0,0,0,0,0,0,1,1
6877,1.55E-01,4,6877,Not eroded,0,0,0,0,0,0,0,0,0,1,1
6878,1.93E-01,4,6878,Not eroded,0,1,0,0,0,0,0,0,0,1,1
6879,1.21E-01,0,6879,Not eroded,0,0,0,0,0,0,1,1,1,1,1
6880,2.45E-01,4,6880,Not eroded,0,1,1,1,1,0,0,0,0,1,1
6881,2.08E-01,3,6881,Not eroded,0,1,0,0,0,0,1,0,0,1,1
6882,2.64E-01,5,6882,Not eroded,0,1,1,1,1,1,0,0,0,0,1
6883,1.55E-01,0,6883,Not eroded,0,0,0,0,0,0,1,1,1,1,1
6884,2.56E-01,0,6884,Not eroded,0,1,1,1,1,1,1,1,1,1,1
6885,2.70E-01,3,6885,Not eroded,0,1,1,1,1,1,1,0,0,1,1
6886,6.60E-02,4,6886,Not eroded,0,0,0,0,0,0,0,0,0,1,1
6888,1.42E-01,0,6888,Not eroded,0,0,0,0,0,0,1,1,1,1,1
6889,7.00E-02,5,6889,Not eroded,0,0,0,0,0,0,0,0,0,0,1
6890,1.27E-01,6,6890,Not eroded,0,0,0,0,0,0,0,0,0,0,0
6891,6.23E-02,3,6891,Not eroded,0,0,0,0,0,0,1,0,0,1,1
6892,2.38E-01,0,6892,Not eroded,0,1,1,1,0,0,1,1,1,1,1
6894,3.09E-01,0,6894,ERODED,1,1,1,1,1,1,1,1,1,1,1
6895,2.17E-01,4,6895,Not eroded,0,1,0,0,0,0,0,0,0,1,1
6897,2.69E-01,3,6897,Not eroded,0,1,1,1,1,1,1,0,0,1,1
6899,2.20E-01,0,6899,Not eroded,0,1,0,0,0,0,1,1,1,1,1
6900,1.53E-01,0,6900,Not eroded,0,0,0,0,0,0,1,1,1,1,1
6901,1.42E-01,4,6901,Not eroded,0,0,0,0,0,0,0,0,0,1,1
6902,2.89E-01,0,6902,ERODED,1,1,1,1,1,1,1,1,1,1,1
6903,1.27E-01,4,6903,Not eroded,0,0,0,0,0,0,0,0,0,1,1
6904,1.69E-01,3,6904,Not eroded,0,0,0,0,0,0,1,0,0,1,1
6905,2.64E-01,5,6905,Not eroded,0,1,1,1,1,1,0,0,0,0,1
6906,2.68E-01,3,6906,Not eroded,0,1,1,1,1,1,1,0,0,1,1
6907,7.31E-02,3,6907,Not eroded,0,0,0,0,0,0,1,0,0,1,1
6908,3.09E-01,0,6908,ERODED,1,1,1,1,1,1,1,1,1,1,1
6909,2.42E-01,4,6909,Not eroded,0,1,1,1,1,0,0,0,0,1,1
6910,2.41E-01,0,6910,Not eroded,0,1,1,1,1,0,1,1,1,1,1
6911,1.81E-01,3,6911,Not eroded,0,0,0,0,0,0,1,0,0,1,1
6912,2.72E-01,0,6912,Not eroded,0,1,1,1,1,1,1,1,1,1,1
6913,1.29E-01,5,6913,Not eroded,0,0,0,0,0,0,0,0,0,0,1
6914,6.51E-02,5,6914,Not eroded,0,0,0,0,0,0,0,0,0,0,1
6915,2.86E-01,5,6915,Not eroded,0,1,1,1,1,1,0,0,0,0,1
6916,2.45E-01,0,6916,Not eroded,0,1,1,1,1,0,1,1,1,1,1
6917,2.27E-01,7,6917,Not eroded,0,1,1,0,0,0,0,0,0,0,0
6918,2.67E-01,5,6918,Not eroded,0,1,1,1,1,1,0,0,0,0,1
6919,2.94E-01,0,6919,ERODED,1,1,1,1,1,1,1,1,1,1,1
6920,1.11E-01,4,6920,Not eroded,0,0,0,0,0,0,0,0,0,1,1
6921,2.97E-01,0,6921,ERODED,1,1,1,1,1,1,1,1,1,1,1
6922,2.73E-01,4,6922,Not eroded,0,1,1,1,1,1,0,0,0,1,1
6924,1.76E-01,4,6924,Not eroded,0,0,0,0,0,0,0,0,0,1,1
6925,8.24E-02,5,6925,Not eroded,0,0,0,0,0,0,0,0,0,0,1
6926,2.42E-01,3,6926,Not eroded,0,1,1,1,1,0,1,0,0,1,1
6927,2.14E-01,4,6927,Not eroded,0,1,0,0,0,0,0,0,0,1,1
6928,9.46E-02,4,6928,Not eroded,0,0,0,0,0,0,0,0,0,1,1
6930,9.48E-02,6,6930,Not eroded,0,0,0,0,0,0,0,0,0,0,0
6931,1.41E-01,4,6931,Not eroded,0,0,0,0,0,0,0,0,0,1,1
6933,2.64E-01,3,6933,Not eroded,0,1,1,1,1,1,1,0,0,1,1
6934,2.90E-01,0,6934,Not eroded,0,1,1,1,1,1,1,1,1,1,1
6935,1.23E-01,6,6935,Not eroded,0,0,0,0,0,0,0,0,0,0,0
6936,1.17E-01,0,6936,Not eroded,0,0,0,0,0,0,1,1,1,1,1
6937,1.73E-01,4,6937,Not eroded,0,0,0,0,0,0,0,0,0,1,1
6938,2.60E-01,4,6938,Not eroded,0,1,1,1,1,1,0,0,0,1,1
6939,1.22E-01,3,6939,Not eroded,0,0,0,0,0,0,1,0,0,1,1
6940,6.04E-02,5,6940,Not eroded,0,0,0,0,0,0,0,0,0,0,1
6941,3.10E-01,0,6941,ERODED,1,1,1,1,1,1,1,1,1,1,1
6942,2.39E-01,3,6942,Not eroded,0,1,1,1,0,0,1,0,0,1,1
6943,2.90E-01,0,6943,Not eroded,0,1,1,1,1,1,1,1,1,1,1
6944,2.41E-01,3,6944,Not eroded,0,1,1,1,1,0,1,0,0,1,1
6945,6.66E-02,6,6945,Not eroded,0,0,0,0,0,0,0,0,0,0,0
6946,1.36E-01,7,6946,Not eroded,0,0,0,0,0,0,0,0,0,0,0
6947,2.61E-01,0,6947,Not eroded,0,1,1,1,1,1,1,1,1,1,1
6948,2.38E-01,0,6948,Not eroded,0,1,1,1,0,0,1,1,1,1,1
6949,2.53E-01,0,6949,Not eroded,0,1,1,1,1,1,1,1,1,1,1
6950,2.88E-01,3,6950,Not eroded,0,1,1,1,1,1,1,0,0,1,1
6951,1.18E-01,4,6951,Not eroded,0,0,0,0,0,0,0,0,0,1,1
6952,1.92E-01,5,6952,Not eroded,0,1,0,0,0,0,0,0,0,0,1
6953,6.33E-02,4,6953,Not eroded,0,0,0,0,0,0,0,0,0,1,1
6954,5.65E-02,3,6954,Not eroded,0,0,0,0,0,0,1,0,0,1,1
6955,6.42E-02,0,6955,Not eroded,0,0,0,0,0,0,1,1,1,1,1
6956,3.13E-01,0,6956,ERODED,1,1,1,1,1,1,1,1,1,1,1
6957,1.37E-01,3,6957,Not eroded,0,0,0,0,0,0,1,0,0,1,1
6958,1.89E-01,0,6958,Not eroded,0,0,0,0,0,0,1,1,1,1,1
6959,9.44E-02,6,6959,Not eroded,0,0,0,0,0,0,0,0,0,0,0
6960,1.50E-01,0,6960,Not eroded,0,0,0,0,0,0,1,1,1,1,1
6962,2.43E-01,0,6962,Not eroded,0,1,1,1,1,0,1,1,1,1,1
6963,2.65E-01,5,6963,Not eroded,0,1,1,1,1,1,0,0,0,0,1
6964,2.67E-01,5,6964,Not eroded,0,1,1,1,1,1,0,0,0,0,1
6965,2.54E-01,0,6965,Not eroded,0,1,1,1,1,1,1,1,1,1,1
6966,2.02E-01,0,6966,Not eroded,0,1,0,0,0,0,1,1,1,1,1
6968,2.29E-01,5,6968,Not eroded,0,1,1,0,0,0,0,0,0,0,1
6969,2.34E-01,0,6969,Not eroded,0,1,1,1,0,0,1,1,1,1,1
6970,2.88E-01,0,6970,Not eroded,0,1,1,1,1,1,1,1,1,1,1
6971,1.07E-01,4,6971,Not eroded,0,0,0,0,0,0,0,0,0,1,1
6972,3.35E-01,0,6972,ERODED,1,1,1,1,1,1,1,1,1,1,1
6973,1.78E-01,6,6973,Not eroded,0,0,0,0,0,0,0,0,0,0,0
6974,2.88E-01,3,6974,Not eroded,0,1,1,1,1,1,1,0,0,1,1
6975,2.26E-01,0,6975,Not eroded,0,1,1,0,0,0,1,1,1,1,1
6976,1.01E-01,6,6976,Not eroded,0,0,0,0,0,0,0,0,0,0,0
6977,6.65E-02,3,6977,Not eroded,0,0,0,0,0,0,1,0,0,1,1
6978,1.61E-01,4,6978,Not eroded,0,0,0,0,0,0,0,0,0,1,1
6979,1.29E-01,6,6979,Not eroded,0,0,0,0,0,0,0,0,0,0,0
6980,6.51E-02,3,6980,Not eroded,0,0,0,0,0,0,1,0,0,1,1
6981,2.61E-01,2,6981,Not eroded,0,1,1,1,1,1,1,0,1,1,1
6982,6.61E-02,3,6982,Not eroded,0,0,0,0,0,0,1,0,0,1,1
6983,2.90E-01,0,6983,Not eroded,0,1,1,1,1,1,1,1,1,1,1
6984,1.21E-01,3,6984,Not eroded,0,0,0,0,0,0,1,0,0,1,1
6985,2.51E-01,3,6985,Not eroded,0,1,1,1,1,1,1,0,0,1,1
6986,1.06E-01,3,6986,Not eroded,0,0,0,0,0,0,1,0,0,1,1
6987,1.55E-01,6,6987,Not eroded,0,0,0,0,0,0,0,0,0,0,0
6988,2.03E-01,4,6988,Not eroded,0,1,0,0,0,0,0,0,0,1,1
6989,1.57E-01,3,6989,Not eroded,0,0,0,0,0,0,1,0,0,1,1
6990,1.58E-01,0,6990,Not eroded,0,0,0,0,0,0,1,1,1,1,1
6991,1.17E-01,0,6991,Not eroded,0,0,0,0,0,0,1,1,1,1,1
6992,1.47E-01,0,6992,Not eroded,0,0,0,0,0,0,1,1,1,1,1
6993,2.90E-01,0,6993,Not eroded,0,1,1,1,1,1,1,1,1,1,1
6994,1.16E-01,0,6994,Not eroded,0,0,0,0,0,0,1,1,1,1,1
6997,3.04E-01,0,6997,ERODED,1,1,1,1,1,1,1,1,1,1,1
6999,1.86E-01,5,6999,Not eroded,0,0,0,0,0,0,0,0,0,0,1
7000,3.02E-01,5,7000,Not eroded,0,1,1,1,1,1,0,0,0,0,1
7001,5.65E-02,3,7001,Not eroded,0,0,0,0,0,0,1,0,0,1,1
7002,3.14E-01,0,7002,ERODED,1,1,1,1,1,1,1,1,1,1,1
7004,2.67E-01,4,7004,Not eroded,0,1,1,1,1,1,0,0,0,1,1
7005,6.40E-02,5,7005,Not eroded,0,0,0,0,0,0,0,0,0,0,1
7007,9.52E-02,3,7007,Not eroded,0,0,0,0,0,0,1,0,0,1,1
7008,2.77E-01,4,7008,Not eroded,0,1,1,1,1,1,0,0,0,1,1
7009,2.16E-01,3,7009,Not eroded,0,1,0,0,0,0,1,0,0,1,1
7010,1.98E-01,3,7010,Not eroded,0,1,0,0,0,0,1,0,0,1,1
7011,3.27E-01,0,7011,ERODED,1,1,1,1,1,1,1,1,1,1,1
7012,1.64E-01,5,7012,Not eroded,0,0,0,0,0,0,0,0,0,0,1
7013,3.08E-01,0,7013,ERODED,1,1,1,1,1,1,1,1,1,1,1
7014,1.64E-01,3,7014,Not eroded,0,0,0,0,0,0,1,0,0,1,1
7015,2.20E-01,0,7015,Not eroded,0,1,0,0,0,0,1,1,1,1,1
7016,8.87E-02,3,7016,Not eroded,0,0,0,0,0,0,1,0,0,1,1
7017,1.08E-01,2,7017,Not eroded,0,0,0,0,0,0,1,0,1,1,1
7018,3.25E-01,0,7018,ERODED,1,1,1,1,1,1,1,1,1,1,1
7019,2.25E-01,0,7019,Not eroded,0,1,1,0,0,0,1,1,1,1,1
7020,3.20E-01,0,7020,ERODED,1,1,1,1,1,1,1,1,1,1,1
7021,2.69E-01,4,7021,Not eroded,0,1,1,1,1,1,0,0,0,1,1
7022,2.64E-01,5,7022,Not eroded,0,1,1,1,1,1,0,0,0,0,1
7023,2.44E-01,0,7023,Not eroded,0,1,1,1,1,0,1,1,1,1,1
7025,5.65E-02,2,7025,Not eroded,0,0,0,0,0,0,1,0,1,1,1
7026,2.59E-01,3,7026,Not eroded,0,1,1,1,1,1,1,0,0,1,1
7027,1.84E-01,2,7027,Not eroded,0,0,0,0,0,0,1,0,1,1,1
7028,2.83E-01,4,7028,Not eroded,0,1,1,1,1,1,0,0,0,1,1
7029,2.21E-01,5,7029,Not eroded,0,1,1,0,0,0,0,0,0,0,1
7031,1.02E-01,2,7031,Not eroded,0,0,0,0,0,0,1,0,1,1,1
7032,1.73E-01,0,7032,Not eroded,0,0,0,0,0,0,1,1,1,1,1
7033,1.95E-01,0,7033,Not eroded,0,1,0,0,0,0,1,1,1,1,1
7034,1.36E-01,6,7034,Not eroded,0,0,0,0,0,0,0,0,0,0,0
7035,1.48E-01,0,7035,Not eroded,0,0,0,0,0,0,1,1,1,1,1
7036,1.47E-01,4,7036,Not eroded,0,0,0,0,0,0,0,0,0,1,1
7037,1.56E-01,3,7037,Not eroded,0,0,0,0,0,0,1,0,0,1,1
7038,5.65E-02,3,7038,Not eroded,0,0,0,0,0,0,1,0,0,1,1
7039,2.73E-01,0,7039,ERODED,1,1,1,1,1,1,1,1,1,1,1
7040,9.06E-02,0,7040,Not eroded,0,0,0,0,0,0,1,1,1,1,1
7042,2.72E-01,5,7042,Not eroded,0,1,1,1,1,1,0,0,0,0,1
7043,1.70E-01,3,7043,Not eroded,0,0,0,0,0,0,1,0,0,1,1
7044,2.35E-01,3,7044,Not eroded,0,1,1,1,0,0,1,0,0,1,1
7045,2.53E-01,4,7045,Not eroded,0,1,1,1,1,1,0,0,0,1,1
7046,2.89E-01,3,7046,Not eroded,0,1,1,1,1,1,1,0,0,1,1
7047,1.79E-01,4,7047,Not eroded,0,0,0,0,0,0,0,0,0,1,1
7048,6.53E-02,4,7048,Not eroded,0,0,0,0,0,0,0,0,0,1,1
7049,2.00E-01,3,7049,Not eroded,0,1,0,0,0,0,1,0,0,1,1
7050,7.87E-02,4,7050,Not eroded,0,0,0,0,0,0,0,0,0,1,1
7051,1.37E-01,6,7051,Not eroded,0,0,0,0,0,0,0,0,0,0,0
7052,1.58E-01,3,7052,Not eroded,0,0,0,0,0,0,1,0,0,1,1
7053,5.66E-02,3,7053,Not eroded,0,0,0,0,0,0,1,0,0,1,1
7054,9.71E-02,5,7054,Not eroded,0,0,0,0,0,0,0,0,0,0,1
7055,1.81E-01,6,7055,Not eroded,0,0,0,0,0,0,0,0,0,0,0
7056,2.40E-01,0,7056,Not eroded,0,1,1,1,0,0,1,1,1,1,1
7058,2.25E-01,4,7058,Not eroded,0,1,1,0,0,0,0,0,0,1,1
7059,2.10E-01,0,7059,Not eroded,0,1,0,0,0,0,1,1,1,1,1
7060,1.73E-01,4,7060,Not eroded,0,0,0,0,0,0,0,0,0,1,1
7062,1.24E-01,0,7062,Not eroded,0,0,0,0,0,0,1,1,1,1,1
7063,6.24E-02,4,7063,Not eroded,0,0,0,0,0,0,0,0,0,1,1
7064,1.40E-01,4,7064,Not eroded,0,0,0,0,0,0,0,0,0,1,1
7066,2.39E-01,0,7066,Not eroded,0,1,1,1,0,0,1,1,1,1,1
7067,2.79E-01,3,7067,Not eroded,0,1,1,1,1,1,1,0,0,1,1
7068,3.02E-01,3,7068,Not eroded,0,1,1,1,1,1,1,0,0,1,1
7069,1.89E-01,6,7069,Not eroded,0,0,0,0,0,0,0,0,0,0,0
7071,6.70E-02,4,7071,Not eroded,0,0,0,0,0,0,0,0,0,1,1
7072,1.72E-01,0,7072,Not eroded,0,0,0,0,0,0,1,1,1,1,1
7073,1.30E-01,4,7073,Not eroded,0,0,0,0,0,0,0,0,0,1,1
7074,5.65E-02,2,7074,Not eroded,0,0,0,0,0,0,1,0,1,1,1
7075,1.31E-01,4,7075,Not eroded,0,0,0,0,0,0,0,0,0,1,1
7076,1.25E-01,4,7076,Not eroded,0,0,0,0,0,0,0,0,0,1,1
7077,2.84E-01,0,7077,ERODED,1,1,1,1,1,1,1,1,1,1,1
7078,3.21E-01,0,7078,ERODED,1,1,1,1,1,1,1,1,1,1,1
7079,8.12E-02,5,7079,Not eroded,0,0,0,0,0,0,0,0,0,0,1
7080,1.78E-01,0,7080,Not eroded,0,0,0,0,0,0,1,1,1,1,1
7081,2.43E-01,0,7081,Not eroded,0,1,1,1,1,0,1,1,1,1,1
7082,9.63E-02,3,7082,Not eroded,0,0,0,0,0,0,1,0,0,1,1
7083,2.63E-01,4,7083,Not eroded,0,1,1,1,1,1,0,0,0,1,1
7084,1.40E-01,4,7084,Not eroded,0,0,0,0,0,0,0,0,0,1,1
7086,2.88E-01,5,7086,Not eroded,0,1,1,1,1,1,0,0,0,0,1
7087,9.47E-02,3,7087,Not eroded,0,0,0,0,0,0,1,0,0,1,1
7088,2.43E-01,4,7088,Not eroded,0,1,1,1,1,0,0,0,0,1,1
7089,1.37E-01,5,7089,Not eroded,0,0,0,0,0,0,0,0,0,0,1
7090,2.04E-01,3,7090,Not eroded,0,1,0,0,0,0,1,0,0,1,1
7093,1.29E-01,3,7093,Not eroded,0,0,0,0,0,0,1,0,0,1,1
7094,1.75E-01,3,7094,Not eroded,0,0,0,0,0,0,1,0,0,1,1
7095,3.19E-01,0,7095,ERODED,1,1,1,1,1,1,1,1,1,1,1
7097,5.65E-02,4,7097,Not eroded,0,0,0,0,0,0,0,0,0,1,1
7098,2.32E-01,4,7098,Not eroded,0,1,1,1,0,0,0,0,0,1,1
7099,1.40E-01,0,7099,Not eroded,0,0,0,0,0,0,1,1,1,1,1
7100,2.56E-01,4,7100,Not eroded,0,1,1,1,1,1,0,0,0,1,1
7101,1.26E-01,0,7101,Not eroded,0,0,0,0,0,0,1,1,1,1,1
7102,1.36E-01,5,7102,Not eroded,0,0,0,0,0,0,0,0,0,0,1
7104,2.41E-01,4,7104,Not eroded,0,1,1,1,1,0,0,0,0,1,1
7105,3.28E-01,0,7105,ERODED,1,1,1,1,1,1,1,1,1,1,1
7106,9.19E-02,3,7106,Not eroded,0,0,0,0,0,0,1,0,0,1,1
7107,1.69E-01,5,7107,Not eroded,0,0,0,0,0,0,0,0,0,0,1
7108,2.70E-01,4,7108,Not eroded,0,1,1,1,1,1,0,0,0,1,1
7109,2.16E-01,0,7109,Not eroded,0,1,0,0,0,0,1,1,1,1,1
7110,2.62E-01,0,7110,ERODED,1,1,1,1,1,1,1,1,1,1,1
7111,1.81E-01,3,7111,Not eroded,0,0,0,0,0,0,1,0,0,1,1
7112,6.02E-02,5,7112,Not eroded,0,0,0,0,0,0,0,0,0,0,1
7113,3.16E-01,0,7113,ERODED,1,1,1,1,1,1,1,1,1,1,1
7114,1.61E-01,2,7114,Not eroded,0,0,0,0,0,0,1,0,1,1,1
7115,7.07E-02,4,7115,Not eroded,0,0,0,0,0,0,0,0,0,1,1
7116,5.65E-02,3,7116,Not eroded,0,0,0,0,0,0,1,0,0,1,1
7117,5.65E-02,3,7117,Not eroded,0,0,0,0,0,0,1,0,0,1,1
7119,7.18E-02,4,7119,Not eroded,0,0,0,0,0,0,0,0,0,1,1
7121,9.43E-02,0,7121,Not eroded,0,0,0,0,0,0,1,1,1,1,1
7122,2.88E-01,3,7122,ERODED,1,1,1,1,1,1,1,0,0,1,1
7124,3.24E-01,0,7124,ERODED,1,1,1,1,1,1,1,1,1,1,1
7125,2.45E-01,0,7125,Not eroded,0,1,1,1,1,0,1,1,1,1,1
7126,1.15E-01,0,7126,Not eroded,0,0,0,0,0,0,1,1,1,1,1
7127,5.65E-02,4,7127,Not eroded,0,0,0,0,0,0,0,0,0,1,1
7128,1.29E-01,4,7128,Not eroded,0,0,0,0,0,0,0,0,0,1,1
7129,6.62E-02,5,7129,Not eroded,0,0,0,0,0,0,0,0,0,0,1
7130,1.23E-01,2,7130,Not eroded,0,0,0,0,0,0,1,0,1,1,1
7131,2.21E-01,0,7131,Not eroded,0,1,1,0,0,0,1,1,1,1,1
7132,2.68E-01,6,7132,Not eroded,0,1,1,1,1,1,0,0,0,0,0
7133,2.27E-01,0,7133,Not eroded,0,1,1,0,0,0,1,1,1,1,1
7134,7.90E-02,5,7134,Not eroded,0,0,0,0,0,0,0,0,0,0,1
7135,1.38E-01,4,7135,Not eroded,0,0,0,0,0,0,0,0,0,1,1
7136,2.22E-01,0,7136,Not eroded,0,1,1,0,0,0,1,1,1,1,1
7137,5.67E-02,0,7137,Not eroded,0,0,0,0,0,0,1,1,1,1,1
7139,2.56E-01,6,7139,Not eroded,0,1,1,1,1,1,0,0,0,0,0
7140,2.65E-01,0,7140,Not eroded,0,1,1,1,1,1,1,1,1,1,1
7141,9.14E-02,0,7141,Not eroded,0,0,0,0,0,0,1,1,1,1,1
7142,2.40E-01,6,7142,Not eroded,0,1,1,1,0,0,0,0,0,0,0
7143,2.87E-01,0,7143,ERODED,1,1,1,1,1,1,1,1,1,1,1
7144,6.66E-02,5,7144,Not eroded,0,0,0,0,0,0,0,0,0,0,1
7145,2.69E-01,5,7145,Not eroded,0,1,1,1,1,1,0,0,0,0,1
7146,1.99E-01,0,7146,Not eroded,0,1,0,0,0,0,1,1,1,1,1
7147,2.97E-01,0,7147,ERODED,1,1,1,1,1,1,1,1,1,1,1
7148,1.34E-01,0,7148,Not eroded,0,0,0,0,0,0,1,1,1,1,1
7149,1.13E-01,1,7149,Not eroded,0,0,0,0,0,0,1,1,1,1,1
7150,6.41E-02,7,7150,Not eroded,0,0,0,0,0,0,0,0,0,0,0
7151,1.65E-01,4,7151,Not eroded,0,0,0,0,0,0,0,0,0,1,1
7153,3.08E-01,0,7153,ERODED,1,1,1,1,1,1,1,1,1,1,1
7154,1.80E-01,0,7154,Not eroded,0,0,0,0,0,0,1,1,1,1,1
7155,2.86E-01,5,7155,Not eroded,0,1,1,1,1,1,0,0,0,0,1
7156,1.20E-01,7,7156,Not eroded,0,0,0,0,0,0,0,0,0,0,0
7157,1.42E-01,0,7157,Not eroded,0,0,0,0,0,0,1,1,1,1,1
7158,8.75E-02,3,7158,Not eroded,0,0,0,0,0,0,1,0,0,1,1
7160,3.28E-01,0,7160,ERODED,1,1,1,1,1,1,1,1,1,1,1
7161,2.11E-01,3,7161,Not eroded,0,1,0,0,0,0,1,0,0,1,1
7162,6.18E-02,4,7162,Not eroded,0,0,0,0,0,0,0,0,0,1,1
7164,1.41E-01,6,7164,Not eroded,0,0,0,0,0,0,0,0,0,0,0
7165,1.10E-01,5,7165,Not eroded,0,0,0,0,0,0,0,0,0,0,1
7166,1.10E-01,4,7166,Not eroded,0,0,0,0,0,0,0,0,0,1,1
7168,2.90E-01,0,7168,ERODED,1,1,1,1,1,1,1,1,1,1,1
7169,9.32E-02,0,7169,Not eroded,0,0,0,0,0,0,1,1,1,1,1
7170,2.06E-01,6,7170,Not eroded,0,1,0,0,0,0,0,0,0,0,0
7171,1.80E-01,0,7171,Not eroded,0,0,0,0,0,0,1,1,1,1,1
7172,2.95E-01,0,7172,ERODED,1,1,1,1,1,1,1,1,1,1,1
7173,2.98E-01,0,7173,Not eroded,0,1,1,1,1,1,1,1,1,1,1
7174,1.58E-01,3,7174,Not eroded,0,0,0,0,0,0,1,0,0,1,1
7175,1.22E-01,5,7175,Not eroded,0,0,0,0,0,0,0,0,0,0,1
7176,1.60E-01,0,7176,Not eroded,0,0,0,0,0,0,1,1,1,1,1
7177,5.66E-02,3,7177,Not eroded,0,0,0,0,0,0,1,0,0,1,1
7179,2.47E-01,0,7179,Not eroded,0,1,1,1,1,0,1,1,1,1,1
7180,2.36E-01,2,7180,Not eroded,0,1,1,1,0,0,1,0,1,1,1
7181,1.25E-01,4,7181,Not eroded,0,0,0,0,0,0,0,0,0,1,1
7182,1.67E-01,5,7182,Not eroded,0,0,0,0,0,0,0,0,0,0,1
7183,1.66E-01,5,7183,Not eroded,0,0,0,0,0,0,0,0,0,0,1
7184,8.85E-02,0,7184,Not eroded,0,0,0,0,0,0,1,1,1,1,1
7185,1.15E-01,5,7185,Not eroded,0,0,0,0,0,0,0,0,0,0,1
7186,1.16E-01,4,7186,Not eroded,0,0,0,0,0,0,0,0,0,1,1
7187,6.50E-02,5,7187,Not eroded,0,0,0,0,0,0,0,0,0,0,1
7188,1.68E-01,3,7188,Not eroded,0,0,0,0,0,0,1,0,0,1,1
7189,7.68E-02,3,7189,Not eroded,0,0,0,0,0,0,1,0,0,1,1
7190,2.00E-01,6,7190,Not eroded,0,1,0,0,0,0,0,0,0,0,0
7191,7.36E-02,5,7191,Not eroded,0,0,0,0,0,0,0,0,0,0,1
7192,1.52E-01,3,7192,Not eroded,0,0,0,0,0,0,1,0,0,1,1
7193,1.63E-01,0,7193,Not eroded,0,0,0,0,0,0,1,1,1,1,1
7194,2.37E-01,5,7194,Not eroded,0,1,1,1,0,0,0,0,0,0,1
7195,1.21E-01,0,7195,Not eroded,0,0,0,0,0,0,1,1,1,1,1
7196,1.51E-01,4,7196,Not eroded,0,0,0,0,0,0,0,0,0,1,1
7197,1.91E-01,0,7197,Not eroded,0,0,0,0,0,0,1,1,1,1,1
7198,2.60E-01,0,7198,Not eroded,0,1,1,1,1,1,1,1,1,1,1
7199,6.54E-02,5,7199,Not eroded,0,0,0,0,0,0,0,0,0,0,1
7200,3.05E-01,2,7200,ERODED,1,1,1,1,1,1,1,0,1,1,1
7201,8.18E-02,3,7201,Not eroded,0,0,0,0,0,0,1,0,0,1,1
7203,3.07E-01,0,7203,ERODED,1,1,1,1,1,1,1,1,1,1,1
7205,2.49E-01,0,7205,Not eroded,0,1,1,1,1,0,1,1,1,1,1
7206,2.44E-01,0,7206,Not eroded,0,1,1,1,1,0,1,1,1,1,1
7207,8.03E-02,4,7207,Not eroded,0,0,0,0,0,0,0,0,0,1,1
7208,2.69E-01,4,7208,Not eroded,0,1,1,1,1,1,0,0,0,1,1
7209,2.93E-01,0,7209,ERODED,1,1,1,1,1,1,1,1,1,1,1
7210,1.79E-01,4,7210,Not eroded,0,0,0,0,0,0,0,0,0,1,1
7211,2.05E-01,7,7211,Not eroded,0,1,0,0,0,0,0,0,0,0,0
7212,1.35E-01,0,7212,Not eroded,0,0,0,0,0,0,1,1,1,1,1
7213,1.67E-01,2,7213,Not eroded,0,0,0,0,0,0,1,0,1,1,1
7214,1.50E-01,0,7214,Not eroded,0,0,0,0,0,0,1,1,1,1,1
7215,2.48E-01,0,7215,Not eroded,0,1,1,1,1,0,1,1,1,1,1
7216,3.25E-01,0,7216,ERODED,1,1,1,1,1,1,1,1,1,1,1
7217,2.47E-01,6,7217,Not eroded,0,1,1,1,1,0,0,0,0,0,0
7219,2.74E-01,4,7219,Not eroded,0,1,1,1,1,1,0,0,0,1,1
7220,2.45E-01,4,7220,Not eroded,0,1,1,1,1,0,0,0,0,1,1
7221,1.40E-01,0,7221,Not eroded,0,0,0,0,0,0,1,1,1,1,1
7222,1.92E-01,0,7222,Not eroded,0,1,0,0,0,0,1,1,1,1,1
7223,2.38E-01,2,7223,Not eroded,0,1,1,1,0,0,1,0,1,1,1
7224,2.69E-01,3,7224,Not eroded,0,1,1,1,1,1,1,0,0,1,1
7225,2.45E-01,0,7225,Not eroded,0,1,1,1,1,0,1,1,1,1,1
7226,3.02E-01,0,7226,ERODED,1,1,1,1,1,1,1,1,1,1,1
7227,2.94E-01,4,7227,Not eroded,0,1,1,1,1,1,0,0,0,1,1
7228,1.89E-01,5,7228,Not eroded,0,0,0,0,0,0,0,0,0,0,1
7229,1.01E-01,3,7229,Not eroded,0,0,0,0,0,0,1,0,0,1,1
7230,1.19E-01,5,7230,Not eroded,0,0,0,0,0,0,0,0,0,0,1
7231,1.59E-01,5,7231,Not eroded,0,0,0,0,0,0,0,0,0,0,1
7232,3.20E-01,0,7232,ERODED,1,1,1,1,1,1,1,1,1,1,1
7233,1.25E-01,5,7233,Not eroded,0,0,0,0,0,0,0,0,0,0,1
7234,1.02E-01,0,7234,Not eroded,0,0,0,0,0,0,1,1,1,1,1
7235,2.17E-01,4,7235,Not eroded,0,1,0,0,0,0,0,0,0,1,1
7236,5.65E-02,4,7236,Not eroded,0,0,0,0,0,0,0,0,0,1,1
7237,9.37E-02,3,7237,Not eroded,0,0,0,0,0,0,1,0,0,1,1
7238,9.04E-02,4,7238,Not eroded,0,0,0,0,0,0,0,0,0,1,1
7240,2.50E-01,4,7240,Not eroded,0,1,1,1,1,0,0,0,0,1,1
7241,3.17E-01,0,7241,ERODED,1,1,1,1,1,1,1,1,1,1,1
7242,8.14E-02,3,7242,Not eroded,0,0,0,0,0,0,1,0,0,1,1
7243,1.31E-01,3,7243,Not eroded,0,0,0,0,0,0,1,0,0,1,1
7244,2.29E-01,0,7244,Not eroded,0,1,1,0,0,0,1,1,1,1,1
7245,5.65E-02,5,7245,Not eroded,0,0,0,0,0,0,0,0,0,0,1
7246,2.05E-01,4,7246,Not eroded,0,1,0,0,0,0,0,0,0,1,1
7247,1.52E-01,5,7247,Not eroded,0,0,0,0,0,0,0,0,0,0,1
7248,2.95E-01,3,7248,Not eroded,0,1,1,1,1,1,1,0,0,1,1
7249,5.98E-02,4,7249,Not eroded,0,0,0,0,0,0,0,0,0,1,1
7251,1.93E-01,4,7251,Not eroded,0,1,0,0,0,0,0,0,0,1,1
7252,1.55E-01,4,7252,Not eroded,0,0,0,0,0,0,0,0,0,1,1
7253,7.50E-02,0,7253,Not eroded,0,0,0,0,0,0,1,1,1,1,1
7254,2.08E-01,2,7254,Not eroded,0,1,0,0,0,0,1,0,1,1,1
7255,2.67E-01,0,7255,Not eroded,0,1,1,1,1,1,1,1,1,1,1
7256,2.18E-01,0,7256,Not eroded,0,1,0,0,0,0,1,1,1,1,1
7257,2.94E-01,5,7257,Not eroded,0,1,1,1,1,1,0,0,0,0,1
7259,1.54E-01,4,7259,Not eroded,0,0,0,0,0,0,0,0,0,1,1
7260,2.59E-01,0,7260,Not eroded,0,1,1,1,1,1,1,1,1,1,1
7261,9.12E-02,5,7261,Not eroded,0,0,0,0,0,0,0,0,0,0,1
7262,5.65E-02,3,7262,Not eroded,0,0,0,0,0,0,1,0,0,1,1
7263,2.95E-01,0,7263,ERODED,1,1,1,1,1,1,1,1,1,1,1
7266,2.61E-01,0,7266,Not eroded,0,1,1,1,1,1,1,1,1,1,1
7267,1.75E-01,5,7267,Not eroded,0,0,0,0,0,0,0,0,0,0,1
7269,1.90E-01,0,7269,Not eroded,0,0,0,0,0,0,1,1,1,1,1
7271,2.91E-01,3,7271,Not eroded,0,1,1,1,1,1,1,0,0,1,1
7272,1.74E-01,4,7272,Not eroded,0,0,0,0,0,0,0,0,0,1,1
7274,2.12E-01,5,7274,Not eroded,0,1,0,0,0,0,0,0,0,0,1
7275,2.10E-01,5,7275,Not eroded,0,1,0,0,0,0,0,0,0,0,1
7276,1.66E-01,2,7276,Not eroded,0,0,0,0,0,0,1,0,1,1,1
7277,2.09E-01,4,7277,Not eroded,0,1,0,0,0,0,0,0,0,1,1
7278,2.09E-01,0,7278,Not eroded,0,1,0,0,0,0,1,1,1,1,1
7279,2.94E-01,0,7279,ERODED,1,1,1,1,1,1,1,1,1,1,1
7280,2.36E-01,4,7280,Not eroded,0,1,1,1,0,0,0,0,0,1,1
7281,2.90E-01,5,7281,Not eroded,0,1,1,1,1,1,0,0,0,0,1
7282,1.80E-01,5,7282,Not eroded,0,0,0,0,0,0,0,0,0,0,1
7283,7.42E-02,6,7283,Not eroded,0,0,0,0,0,0,0,0,0,0,0
7284,2.36E-01,2,7284,Not eroded,0,1,1,1,0,0,1,0,1,1,1
7285,3.00E-01,0,7285,Not eroded,0,1,1,1,1,1,1,1,1,1,1
7286,5.65E-02,4,7286,Not eroded,0,0,0,0,0,0,0,0,0,1,1
7287,6.13E-02,4,7287,Not eroded,0,0,0,0,0,0,0,0,0,1,1
7288,2.64E-01,0,7288,Not eroded,0,1,1,1,1,1,1,1,1,1,1
7289,1.50E-01,5,7289,Not eroded,0,0,0,0,0,0,0,0,0,0,1
7290,2.34E-01,0,7290,Not eroded,0,1,1,1,0,0,1,1,1,1,1
7291,2.07E-01,4,7291,Not eroded,0,1,0,0,0,0,0,0,0,1,1
7292,7.08E-02,4,7292,Not eroded,0,0,0,0,0,0,0,0,0,1,1
7293,6.65E-02,3,7293,Not eroded,0,0,0,0,0,0,1,0,0,1,1
7294,2.57E-01,5,7294,Not eroded,0,1,1,1,1,1,0,0,0,0,1
7295,7.97E-02,6,7295,Not eroded,0,0,0,0,0,0,0,0,0,0,0
7296,1.68E-01,0,7296,Not eroded,0,0,0,0,0,0,1,1,1,1,1
7298,1.05E-01,6,7298,Not eroded,0,0,0,0,0,0,0,0,0,0,0
7299,2.78E-01,0,7299,ERODED,1,1,1,1,1,1,1,1,1,1,1
7300,2.29E-01,0,7300,Not eroded,0,1,1,0,0,0,1,1,1,1,1
7301,2.89E-01,6,7301,Not eroded,0,1,1,1,1,1,0,0,0,0,0
7302,1.84E-01,3,7302,Not eroded,0,0,0,0,0,0,1,0,0,1,1
7303,2.10E-01,0,7303,Not eroded,0,1,0,0,0,0,1,1,1,1,1
7304,1.24E-01,4,7304,Not eroded,0,0,0,0,0,0,0,0,0,1,1
7306,1.53E-01,6,7306,Not eroded,0,0,0,0,0,0,0,0,0,0,0
7308,2.76E-01,4,7308,Not eroded,0,1,1,1,1,1,0,0,0,1,1
7310,9.49E-02,0,7310,Not eroded,0,0,0,0,0,0,1,1,1,1,1
7312,9.48E-02,5,7312,Not eroded,0,0,0,0,0,0,0,0,0,0,1
7313,2.93E-01,4,7313,Not eroded,0,1,1,1,1,1,0,0,0,1,1
7314,2.00E-01,4,7314,Not eroded,0,1,0,0,0,0,0,0,0,1,1
7315,1.52E-01,7,7315,Not eroded,0,0,0,0,0,0,0,0,0,0,0
7316,1.92E-01,0,7316,Not eroded,0,1,0,0,0,0,1,1,1,1,1
7317,8.81E-02,3,7317,Not eroded,0,0,0,0,0,0,1,0,0,1,1
7318,1.55E-01,0,7318,Not eroded,0,0,0,0,0,0,1,1,1,1,1
7319,9.01E-02,4,7319,Not eroded,0,0,0,0,0,0,0,0,0,1,1
7320,3.10E-01,0,7320,ERODED,1,1,1,1,1,1,1,1,1,1,1
7322,6.77E-02,7,7322,Not eroded,0,0,0,0,0,0,0,0,0,0,0
7323,6.00E-02,3,7323,Not eroded,0,0,0,0,0,0,1,0,0,1,1
7324,1.52E-01,3,7324,Not eroded,0,0,0,0,0,0,1,0,0,1,1
7325,8.90E-02,0,7325,Not eroded,0,0,0,0,0,0,1,1,1,1,1
7326,2.14E-01,5,7326,Not eroded,0,1,0,0,0,0,0,0,0,0,1
7327,2.12E-01,4,7327,Not eroded,0,1,0,0,0,0,0,0,0,1,1
7329,2.20E-01,2,7329,Not eroded,0,1,0,0,0,0,1,0,1,1,1
7330,2.86E-01,3,7330,Not eroded,0,1,1,1,1,1,1,0,0,1,1
7331,1.35E-01,4,7331,Not eroded,0,0,0,0,0,0,0,0,0,1,1
7332,6.48E-02,4,7332,Not eroded,0,0,0,0,0,0,0,0,0,1,1
7333,1.83E-01,3,7333,Not eroded,0,0,0,0,0,0,1,0,0,1,1
7335,2.80E-01,4,7335,Not eroded,0,1,1,1,1,1,0,0,0,1,1
7336,1.71E-01,5,7336,Not eroded,0,0,0,0,0,0,0,0,0,0,1
7337,2.24E-01,2,7337,Not eroded,0,1,1,0,0,0,1,0,1,1,1
7338,1.34E-01,0,7338,Not eroded,0,0,0,0,0,0,1,1,1,1,1
7340,2.37E-01,3,7340,Not eroded,0,1,1,1,0,0,1,0,0,1,1
7341,2.33E-01,4,7341,Not eroded,0,1,1,1,0,0,0,0,0,1,1
7343,2.93E-01,4,7343,Not eroded,0,1,1,1,1,1,0,0,0,1,1
7344,6.77E-02,4,7344,Not eroded,0,0,0,0,0,0,0,0,0,1,1
7345,2.25E-01,3,7345,Not eroded,0,1,1,0,0,0,1,0,0,1,1
7346,1.19E-01,4,7346,Not eroded,0,0,0,0,0,0,0,0,0,1,1
7347,2.09E-01,4,7347,Not eroded,0,1,0,0,0,0,0,0,0,1,1
7348,3.07E-01,4,7348,Not eroded,0,1,1,1,1,1,0,0,0,1,1
7349,2.75E-01,4,7349,Not eroded,0,1,1,1,1,1,0,0,0,1,1
7350,2.86E-01,0,7350,ERODED,1,1,1,1,1,1,1,1,1,1,1
7351,2.62E-01,0,7351,Not eroded,0,1,1,1,1,1,1,1,1,1,1
7352,2.40E-01,0,7352,Not eroded,0,1,1,1,0,0,1,1,1,1,1
7353,5.65E-02,4,7353,Not eroded,0,0,0,0,0,0,0,0,0,1,1
7354,2.77E-01,3,7354,Not eroded,0,1,1,1,1,1,1,0,0,1,1
7356,9.07E-02,5,7356,Not eroded,0,0,0,0,0,0,0,0,0,0,1
7358,5.65E-02,3,7358,Not eroded,0,0,0,0,0,0,1,0,0,1,1
7359,1.92E-01,4,7359,Not eroded,0,1,0,0,0,0,0,0,0,1,1
7360,2.98E-01,0,7360,ERODED,1,1,1,1,1,1,1,1,1,1,1
7361,1.27E-01,2,7361,Not eroded,0,0,0,0,0,0,1,0,1,1,1
7362,5.65E-02,4,7362,Not eroded,0,0,0,0,0,0,0,0,0,1,1
7363,2.97E-01,5,7363,Not eroded,0,1,1,1,1,1,0,0,0,0,1
7364,1.09E-01,0,7364,Not eroded,0,0,0,0,0,0,1,1,1,1,1
7365,1.20E-01,3,7365,Not eroded,0,0,0,0,0,0,1,0,0,1,1
7366,8.88E-02,2,7366,Not eroded,0,0,0,0,0,0,1,0,1,1,1
7367,2.92E-01,0,7367,ERODED,1,1,1,1,1,1,1,1,1,1,1
7368,6.79E-02,3,7368,Not eroded,0,0,0,0,0,0,1,0,0,1,1
7369,2.87E-01,4,7369,Not eroded,0,1,1,1,1,1,0,0,0,1,1
7370,2.99E-01,0,7370,ERODED,1,1,1,1,1,1,1,1,1,1,1
7371,1.78E-01,5,7371,Not eroded,0,0,0,0,0,0,0,0,0,0,1
7372,9.89E-02,0,7372,Not eroded,0,0,0,0,0,0,1,1,1,1,1
7373,1.44E-01,4,7373,Not eroded,0,0,0,0,0,0,0,0,0,1,1
7375,1.35E-01,0,7375,Not eroded,0,0,0,0,0,0,1,1,1,1,1
7376,1.33E-01,5,7376,Not eroded,0,0,0,0,0,0,0,0,0,0,1
7377,1.83E-01,2,7377,Not eroded,0,0,0,0,0,0,1,0,1,1,1
7378,6.82E-02,6,7378,Not eroded,0,0,0,0,0,0,0,0,0,0,0
7379,1.33E-01,4,7379,Not eroded,0,0,0,0,0,0,0,0,0,1,1
7380,3.01E-01,0,7380,ERODED,1,1,1,1,1,1,1,1,1,1,1
7381,2.38E-01,0,7381,Not eroded,0,1,1,1,0,0,1,1,1,1,1
7382,1.75E-01,0,7382,Not eroded,0,0,0,0,0,0,1,1,1,1,1
7383,3.12E-01,0,7383,ERODED,1,1,1,1,1,1,1,1,1,1,1
7384,2.05E-01,0,7384,Not eroded,0,1,0,0,0,0,1,1,1,1,1
7385,6.20E-02,4,7385,Not eroded,0,0,0,0,0,0,0,0,0,1,1
7386,2.22E-01,3,7386,Not eroded,0,1,1,0,0,0,1,0,0,1,1
7388,8.81E-02,6,7388,Not eroded,0,0,0,0,0,0,0,0,0,0,0
7389,2.35E-01,0,7389,Not eroded,0,1,1,1,0,0,1,1,1,1,1
7390,2.34E-01,2,7390,Not eroded,0,1,1,1,0,0,1,0,1,1,1
7391,5.65E-02,3,7391,Not eroded,0,0,0,0,0,0,1,0,0,1,1
7392,9.96E-02,4,7392,Not eroded,0,0,0,0,0,0,0,0,0,1,1
7393,2.39E-01,0,7393,Not eroded,0,1,1,1,0,0,1,1,1,1,1
7394,2.50E-01,0,7394,Not eroded,0,1,1,1,1,0,1,1,1,1,1
7395,1.73E-01,4,7395,Not eroded,0,0,0,0,0,0,0,0,0,1,1
7396,2.41E-01,3,7396,Not eroded,0,1,1,1,1,0,1,0,0,1,1
7397,1.48E-01,4,7397,Not eroded,0,0,0,0,0,0,0,0,0,1,1
7398,5.65E-02,5,7398,Not eroded,0,0,0,0,0,0,0,0,0,0,1
7399,3.27E-01,0,7399,ERODED,1,1,1,1,1,1,1,1,1,1,1
7400,1.31E-01,3,7400,Not eroded,0,0,0,0,0,0,1,0,0,1,1
7401,5.80E-02,4,7401,Not eroded,0,0,0,0,0,0,0,0,0,1,1
7402,2.66E-01,3,7402,Not eroded,0,1,1,1,1,1,1,0,0,1,1
7403,5.66E-02,4,7403,Not eroded,0,0,0,0,0,0,0,0,0,1,1
7404,2.14E-01,4,7404,Not eroded,0,1,0,0,0,0,0,0,0,1,1
7405,3.17E-01,0,7405,ERODED,1,1,1,1,1,1,1,1,1,1,1
7406,7.79E-02,5,7406,Not eroded,0,0,0,0,0,0,0,0,0,0,1
7407,2.57E-01,3,7407,Not eroded,0,1,1,1,1,1,1,0,0,1,1
7408,2.85E-01,3,7408,Not eroded,0,1,1,1,1,1,1,0,0,1,1
7409,2.46E-01,3,7409,Not eroded,0,1,1,1,1,0,1,0,0,1,1
7410,2.33E-01,5,7410,Not eroded,0,1,1,1,0,0,0,0,0,0,1
7412,1.65E-01,4,7412,Not eroded,0,0,0,0,0,0,0,0,0,1,1
7413,1.85E-01,0,7413,Not eroded,0,0,0,0,0,0,1,1,1,1,1
7414,3.33E-01,0,7414,ERODED,1,1,1,1,1,1,1,1,1,1,1
7415,2.77E-01,4,7415,Not eroded,0,1,1,1,1,1,0,0,0,1,1
7416,2.16E-01,0,7416,Not eroded,0,1,0,0,0,0,1,1,1,1,1
7417,5.65E-02,3,7417,Not eroded,0,0,0,0,0,0,1,0,0,1,1
7418,1.09E-01,0,7418,Not eroded,0,0,0,0,0,0,1,1,1,1,1
7419,2.44E-01,3,7419,Not eroded,0,1,1,1,1,0,1,0,0,1,1
7421,9.05E-02,5,7421,Not eroded,0,0,0,0,0,0,0,0,0,0,1
7422,2.24E-01,0,7422,Not eroded,0,1,1,0,0,0,1,1,1,1,1
7423,1.05E-01,3,7423,Not eroded,0,0,0,0,0,0,1,0,0,1,1
7424,8.96E-02,0,7424,Not eroded,0,0,0,0,0,0,1,1,1,1,1
7425,2.86E-01,0,7425,Not eroded,0,1,1,1,1,1,1,1,1,1,1
7426,1.61E-01,0,7426,Not eroded,0,0,0,0,0,0,1,1,1,1,1
7427,1.23E-01,0,7427,Not eroded,0,0,0,0,0,0,1,1,1,1,1
7428,2.11E-01,0,7428,Not eroded,0,1,0,0,0,0,1,1,1,1,1
7429,5.65E-02,4,7429,Not eroded,0,0,0,0,0,0,0,0,0,1,1
7430,2.38E-01,5,7430,Not eroded,0,1,1,1,0,0,0,0,0,0,1
7432,1.95E-01,0,7432,Not eroded,0,1,0,0,0,0,1,1,1,1,1
7433,9.01E-02,0,7433,Not eroded,0,0,0,0,0,0,1,1,1,1,1
7434,1.81E-01,0,7434,Not eroded,0,0,0,0,0,0,1,1,1,1,1
7435,1.24E-01,4,7435,Not eroded,0,0,0,0,0,0,0,0,0,1,1
7436,2.78E-01,0,7436,Not eroded,0,1,1,1,1,1,1,1,1,1,1
7437,3.06E-01,0,7437,ERODED,1,1,1,1,1,1,1,1,1,1,1
7438,2.31E-01,0,7438,Not eroded,0,1,1,1,0,0,1,1,1,1,1
7439,1.43E-01,0,7439,Not eroded,0,0,0,0,0,0,1,1,1,1,1
7440,2.42E-01,3,7440,Not eroded,0,1,1,1,1,0,1,0,0,1,1
7441,1.77E-01,3,7441,Not eroded,0,0,0,0,0,0,1,0,0,1,1
7442,9.77E-02,4,7442,Not eroded,0,0,0,0,0,0,0,0,0,1,1
7443,2.55E-01,4,7443,Not eroded,0,1,1,1,1,1,0,0,0,1,1
7445,2.75E-01,0,7445,ERODED,1,1,1,1,1,1,1,1,1,1,1
7446,2.94E-01,0,7446,Not eroded,0,1,1,1,1,1,1,1,1,1,1
7447,7.01E-02,5,7447,Not eroded,0,0,0,0,0,0,0,0,0,0,1
7448,2.01E-01,3,7448,Not eroded,0,1,0,0,0,0,1,0,0,1,1
7449,1.64E-01,0,7449,Not eroded,0,0,0,0,0,0,1,1,1,1,1
7450,9.91E-02,0,7450,Not eroded,0,0,0,0,0,0,1,1,1,1,1
7451,2.14E-01,0,7451,Not eroded,0,1,0,0,0,0,1,1,1,1,1
7452,1.59E-01,0,7452,Not eroded,0,0,0,0,0,0,1,1,1,1,1
7453,2.08E-01,3,7453,Not eroded,0,1,0,0,0,0,1,0,0,1,1
7454,1.01E-01,4,7454,Not eroded,0,0,0,0,0,0,0,0,0,1,1
7455,9.84E-02,5,7455,Not eroded,0,0,0,0,0,0,0,0,0,0,1
7456,5.77E-02,4,7456,Not eroded,0,0,0,0,0,0,0,0,0,1,1
7457,2.58E-01,0,7457,Not eroded,0,1,1,1,1,1,1,1,1,1,1
7458,1.43E-01,4,7458,Not eroded,0,0,0,0,0,0,0,0,0,1,1
7459,1.91E-01,4,7459,Not eroded,0,0,0,0,0,0,0,0,0,1,1
7461,1.29E-01,4,7461,Not eroded,0,0,0,0,0,0,0,0,0,1,1
7462,1.41E-01,3,7462,Not eroded,0,0,0,0,0,0,1,0,0,1,1
7463,2.95E-01,0,7463,ERODED,1,1,1,1,1,1,1,1,1,1,1
7465,2.90E-01,0,7465,ERODED,1,1,1,1,1,1,1,1,1,1,1
7466,3.26E-01,0,7466,ERODED,1,1,1,1,1,1,1,1,1,1,1
7467,1.09E-01,0,7467,Not eroded,0,0,0,0,0,0,1,1,1,1,1
7469,7.27E-02,3,7469,Not eroded,0,0,0,0,0,0,1,0,0,1,1
7471,2.09E-01,0,7471,Not eroded,0,1,0,0,0,0,1,1,1,1,1
7472,2.57E-01,2,7472,Not eroded,0,1,1,1,1,1,1,0,1,1,1
7473,5.66E-02,0,7473,Not eroded,0,0,0,0,0,0,1,1,1,1,1
7474,2.55E-01,0,7474,Not eroded,0,1,1,1,1,1,1,1,1,1,1
7475,2.88E-01,2,7475,Not eroded,0,1,1,1,1,1,1,0,1,1,1
7476,1.07E-01,5,7476,Not eroded,0,0,0,0,0,0,0,0,0,0,1
7477,2.63E-01,4,7477,Not eroded,0,1,1,1,1,1,0,0,0,1,1
7478,2.28E-01,0,7478,Not eroded,0,1,1,0,0,0,1,1,1,1,1
7480,5.66E-02,3,7480,Not eroded,0,0,0,0,0,0,1,0,0,1,1
7481,1.43E-01,5,7481,Not eroded,0,0,0,0,0,0,0,0,0,0,1
7483,1.90E-01,6,7483,Not eroded,0,0,0,0,0,0,0,0,0,0,0
7484,3.26E-01,0,7484,ERODED,1,1,1,1,1,1,1,1,1,1,1
7485,2.20E-01,5,7485,Not eroded,0,1,0,0,0,0,0,0,0,0,1
7486,1.30E-01,3,7486,Not eroded,0,0,0,0,0,0,1,0,0,1,1
7487,5.65E-02,3,7487,Not eroded,0,0,0,0,0,0,1,0,0,1,1
7488,3.12E-01,0,7488,ERODED,1,1,1,1,1,1,1,1,1,1,1
7491,1.53E-01,3,7491,Not eroded,0,0,0,0,0,0,1,0,0,1,1
7492,2.75E-01,4,7492,Not eroded,0,1,1,1,1,1,0,0,0,1,1
7493,5.75E-02,0,7493,Not eroded,0,0,0,0,0,0,1,1,1,1,1
7494,1.83E-01,0,7494,Not eroded,0,0,0,0,0,0,1,1,1,1,1
7496,1.20E-01,1,7496,Not eroded,0,0,0,0,0,0,1,1,1,1,1
7497,1.97E-01,5,7497,Not eroded,0,1,0,0,0,0,0,0,0,0,1
7498,2.72E-01,4,7498,Not eroded,0,1,1,1,1,1,0,0,0,1,1
7499,2.87E-01,5,7499,Not eroded,0,1,1,1,1,1,0,0,0,0,1
7500,1.21E-01,4,7500,Not eroded,0,0,0,0,0,0,0,0,0,1,1
7502,2.08E-01,3,7502,Not eroded,0,1,0,0,0,0,1,0,0,1,1
7503,2.07E-01,5,7503,Not eroded,0,1,0,0,0,0,0,0,0,0,1
7504,1.41E-01,5,7504,Not eroded,0,0,0,0,0,0,0,0,0,0,1
7505,2.65E-01,4,7505,Not eroded,0,1,1,1,1,1,0,0,0,1,1
7506,1.83E-01,4,7506,Not eroded,0,0,0,0,0,0,0,0,0,1,1
7507,2.17E-01,4,7507,Not eroded,0,1,0,0,0,0,0,0,0,1,1
7508,2.85E-01,0,7508,Not eroded,0,1,1,1,1,1,1,1,1,1,1
7509,1.31E-01,0,7509,Not eroded,0,0,0,0,0,0,1,1,1,1,1
7510,2.10E-01,5,7510,Not eroded,0,1,0,0,0,0,0,0,0,0,1
7511,1.31E-01,5,7511,Not eroded,0,0,0,0,0,0,0,0,0,0,1
7512,1.34E-01,3,7512,Not eroded,0,0,0,0,0,0,1,0,0,1,1
7513,1.48E-01,4,7513,Not eroded,0,0,0,0,0,0,0,0,0,1,1
7514,1.20E-01,4,7514,Not eroded,0,0,0,0,0,0,0,0,0,1,1
7515,2.49E-01,3,7515,Not eroded,0,1,1,1,1,0,1,0,0,1,1
7516,7.80E-02,3,7516,Not eroded,0,0,0,0,0,0,1,0,0,1,1
7517,1.68E-01,0,7517,Not eroded,0,0,0,0,0,0,1,1,1,1,1
7518,2.75E-01,0,7518,ERODED,1,1,1,1,1,1,1,1,1,1,1
7519,9.65E-02,4,7519,Not eroded,0,0,0,0,0,0,0,0,0,1,1
7520,2.63E-01,0,7520,Not eroded,0,1,1,1,1,1,1,1,1,1,1
7521,2.06E-01,0,7521,Not eroded,0,1,0,0,0,0,1,1,1,1,1
7522,2.72E-01,4,7522,Not eroded,0,1,1,1,1,1,0,0,0,1,1
7523,2.88E-01,0,7523,Not eroded,0,1,1,1,1,1,1,1,1,1,1
7524,1.33E-01,7,7524,Not eroded,0,0,0,0,0,0,0,0,0,0,0
7525,2.74E-01,3,7525,Not eroded,0,1,1,1,1,1,1,0,0,1,1
7526,9.33E-02,0,7526,Not eroded,0,0,0,0,0,0,1,1,1,1,1
7527,1.11E-01,3,7527,Not eroded,0,0,0,0,0,0,1,0,0,1,1
7528,2.87E-01,7,7528,Not eroded,0,1,1,1,1,1,0,0,0,0,0
7529,2.40E-01,0,7529,Not eroded,0,1,1,1,0,0,1,1,1,1,1
7530,2.58E-01,5,7530,Not eroded,0,1,1,1,1,1,0,0,0,0,1
7531,1.21E-01,4,7531,Not eroded,0,0,0,0,0,0,0,0,0,1,1
7532,2.87E-01,7,7532,Not eroded,0,1,1,1,1,1,0,0,0,0,0
7533,2.78E-01,5,7533,Not eroded,0,1,1,1,1,1,0,0,0,0,1
7534,1.80E-01,0,7534,Not eroded,0,0,0,0,0,0,1,1,1,1,1
7535,2.32E-01,8,7535,Not eroded,0,1,1,1,0,0,0,0,0,0,0
7536,3.02E-01,0,7536,ERODED,1,1,1,1,1,1,1,1,1,1,1
7537,1.85E-01,0,7537,Not eroded,0,0,0,0,0,0,1,1,1,1,1
7538,2.66E-01,4,7538,Not eroded,0,1,1,1,1,1,0,0,0,1,1
7539,6.49E-02,4,7539,Not eroded,0,0,0,0,0,0,0,0,0,1,1
7540,8.42E-02,4,7540,Not eroded,0,0,0,0,0,0,0,0,0,1,1
7541,1.07E-01,6,7541,Not eroded,0,0,0,0,0,0,0,0,0,0,0
7542,2.19E-01,4,7542,Not eroded,0,1,0,0,0,0,0,0,0,1,1
7543,2.36E-01,3,7543,Not eroded,0,1,1,1,0,0,1,0,0,1,1
7545,2.95E-01,0,7545,ERODED,1,1,1,1,1,1,1,1,1,1,1
7546,6.42E-02,0,7546,Not eroded,0,0,0,0,0,0,1,1,1,1,1
7547,1.08E-01,4,7547,Not eroded,0,0,0,0,0,0,0,0,0,1,1
7548,2.23E-01,5,7548,Not eroded,0,1,1,0,0,0,0,0,0,0,1
7550,6.23E-02,5,7550,Not eroded,0,0,0,0,0,0,0,0,0,0,1
7551,1.39E-01,0,7551,Not eroded,0,0,0,0,0,0,1,1,1,1,1
7554,6.80E-02,4,7554,Not eroded,0,0,0,0,0,0,0,0,0,1,1
7555,2.19E-01,4,7555,Not eroded,0,1,0,0,0,0,0,0,0,1,1
7556,2.70E-01,4,7556,Not eroded,0,1,1,1,1,1,0,0,0,1,1
7557,1.81E-01,4,7557,Not eroded,0,0,0,0,0,0,0,0,0,1,1
7558,2.77E-01,0,7558,Not eroded,0,1,1,1,1,1,1,1,1,1,1
7559,2.36E-01,4,7559,Not eroded,0,1,1,1,0,0,0,0,0,1,1
7560,8.09E-02,4,7560,Not eroded,0,0,0,0,0,0,0,0,0,1,1
7561,2.86E-01,3,7561,Not eroded,0,1,1,1,1,1,1,0,0,1,1
7562,1.32E-01,4,7562,Not eroded,0,0,0,0,0,0,0,0,0,1,1
7563,1.31E-01,7,7563,Not eroded,0,0,0,0,0,0,0,0,0,0,0
7564,7.70E-02,4,7564,Not eroded,0,0,0,0,0,0,0,0,0,1,1
7565,5.79E-02,0,7565,Not eroded,0,0,0,0,0,0,1,1,1,1,1
7566,2.29E-01,0,7566,Not eroded,0,1,1,0,0,0,1,1,1,1,1
7567,2.49E-01,0,7567,Not eroded,0,1,1,1,1,0,1,1,1,1,1
7568,1.01E-01,0,7568,Not eroded,0,0,0,0,0,0,1,1,1,1,1
7569,1.13E-01,4,7569,Not eroded,0,0,0,0,0,0,0,0,0,1,1
7570,5.93E-02,4,7570,Not eroded,0,0,0,0,0,0,0,0,0,1,1
7571,2.71E-01,5,7571,Not eroded,0,1,1,1,1,1,0,0,0,0,1
7572,1.93E-01,4,7572,Not eroded,0,1,0,0,0,0,0,0,0,1,1
7573,2.23E-01,4,7573,Not eroded,0,1,1,0,0,0,0,0,0,1,1
7574,1.44E-01,0,7574,Not eroded,0,0,0,0,0,0,1,1,1,1,1
7575,2.83E-01,4,7575,Not eroded,0,1,1,1,1,1,0,0,0,1,1
7578,7.37E-02,5,7578,Not eroded,0,0,0,0,0,0,0,0,0,0,1
7579,1.36E-01,5,7579,Not eroded,0,0,0,0,0,0,0,0,0,0,1
7580,1.80E-01,4,7580,Not eroded,0,0,0,0,0,0,0,0,0,1,1
7582,1.28E-01,3,7582,Not eroded,0,0,0,0,0,0,1,0,0,1,1
7583,2.82E-01,0,7583,Not eroded,0,1,1,1,1,1,1,1,1,1,1
7584,2.40E-01,0,7584,Not eroded,0,1,1,1,0,0,1,1,1,1,1
7585,1.19E-01,0,7585,Not eroded,0,0,0,0,0,0,1,1,1,1,1
7586,1.03E-01,0,7586,Not eroded,0,0,0,0,0,0,1,1,1,1,1
7587,5.66E-02,0,7587,Not eroded,0,0,0,0,0,0,1,1,1,1,1
7588,5.65E-02,5,7588,Not eroded,0,0,0,0,0,0,0,0,0,0,1
7589,5.65E-02,4,7589,Not eroded,0,0,0,0,0,0,0,0,0,1,1
7590,7.31E-02,4,7590,Not eroded,0,0,0,0,0,0,0,0,0,1,1
7592,9.64E-02,5,7592,Not eroded,0,0,0,0,0,0,0,0,0,0,1
7593,5.69E-02,3,7593,Not eroded,0,0,0,0,0,0,1,0,0,1,1
7594,1.11E-01,3,7594,Not eroded,0,0,0,0,0,0,1,0,0,1,1
7595,2.40E-01,7,7595,Not eroded,0,1,1,1,0,0,0,0,0,0,0
7596,1.05E-01,0,7596,Not eroded,0,0,0,0,0,0,1,1,1,1,1
7597,8.45E-02,5,7597,Not eroded,0,0,0,0,0,0,0,0,0,0,1
7598,3.32E-01,0,7598,ERODED,1,1,1,1,1,1,1,1,1,1,1
7599,5.65E-02,3,7599,Not eroded,0,0,0,0,0,0,1,0,0,1,1
7600,2.03E-01,6,7600,Not eroded,0,1,0,0,0,0,0,0,0,0,0
7601,7.16E-02,5,7601,Not eroded,0,0,0,0,0,0,0,0,0,0,1
7602,1.46E-01,3,7602,Not eroded,0,0,0,0,0,0,1,0,0,1,1
7604,2.20E-01,4,7604,Not eroded,0,1,0,0,0,0,0,0,0,1,1
7605,2.77E-01,4,7605,Not eroded,0,1,1,1,1,1,0,0,0,1,1
7606,1.90E-01,3,7606,Not eroded,0,0,0,0,0,0,1,0,0,1,1
7607,5.65E-02,4,7607,Not eroded,0,0,0,0,0,0,0,0,0,1,1
7608,1.95E-01,4,7608,Not eroded,0,1,0,0,0,0,0,0,0,1,1
7609,2.32E-01,7,7609,Not eroded,0,1,1,1,0,0,0,0,0,0,0
7610,2.56E-01,3,7610,Not eroded,0,1,1,1,1,1,1,0,0,1,1
7611,1.69E-01,0,7611,Not eroded,0,0,0,0,0,0,1,1,1,1,1
7612,1.44E-01,4,7612,Not eroded,0,0,0,0,0,0,0,0,0,1,1
7613,2.65E-01,0,7613,ERODED,1,1,1,1,1,1,1,1,1,1,1
7614,2.08E-01,3,7614,Not eroded,0,1,0,0,0,0,1,0,0,1,1
7615,2.62E-01,0,7615,ERODED,1,1,1,1,1,1,1,1,1,1,1
7616,1.02E-01,6,7616,Not eroded,0,0,0,0,0,0,0,0,0,0,0
7617,2.71E-01,0,7617,Not eroded,0,1,1,1,1,1,1,1,1,1,1
7618,7.69E-02,0,7618,Not eroded,0,0,0,0,0,0,1,1,1,1,1
7619,2.55E-01,3,7619,Not eroded,0,1,1,1,1,1,1,0,0,1,1
7620,6.28E-02,6,7620,Not eroded,0,0,0,0,0,0,0,0,0,0,0
7621,5.65E-02,5,7621,Not eroded,0,0,0,0,0,0,0,0,0,0,1
7622,1.73E-01,3,7622,Not eroded,0,0,0,0,0,0,1,0,0,1,1
7623,2.90E-01,0,7623,Not eroded,0,1,1,1,1,1,1,1,1,1,1
7624,2.55E-01,0,7624,Not eroded,0,1,1,1,1,1,1,1,1,1,1
7625,1.16E-01,0,7625,Not eroded,0,0,0,0,0,0,1,1,1,1,1
7626,1.34E-01,4,7626,Not eroded,0,0,0,0,0,0,0,0,0,1,1
7627,1.49E-01,4,7627,Not eroded,0,0,0,0,0,0,0,0,0,1,1
7628,1.26E-01,0,7628,Not eroded,0,0,0,0,0,0,1,1,1,1,1
7629,1.92E-01,0,7629,Not eroded,0,1,0,0,0,0,1,1,1,1,1
7630,1.11E-01,0,7630,Not eroded,0,0,0,0,0,0,1,1,1,1,1
7631,1.40E-01,3,7631,Not eroded,0,0,0,0,0,0,1,0,0,1,1
7632,1.81E-01,4,7632,Not eroded,0,0,0,0,0,0,0,0,0,1,1
7633,3.06E-01,3,7633,Not eroded,0,1,1,1,1,1,1,0,0,1,1
7634,1.77E-01,3,7634,Not eroded,0,0,0,0,0,0,1,0,0,1,1
7635,1.11E-01,4,7635,Not eroded,0,0,0,0,0,0,0,0,0,1,1
7636,1.64E-01,4,7636,Not eroded,0,0,0,0,0,0,0,0,0,1,1
7637,2.38E-01,0,7637,Not eroded,0,1,1,1,0,0,1,1,1,1,1
7638,8.79E-02,3,7638,Not eroded,0,0,0,0,0,0,1,0,0,1,1
7639,1.54E-01,0,7639,Not eroded,0,0,0,0,0,0,1,1,1,1,1
7640,5.65E-02,3,7640,Not eroded,0,0,0,0,0,0,1,0,0,1,1
7641,1.65E-01,4,7641,Not eroded,0,0,0,0,0,0,0,0,0,1,1
7643,1.51E-01,4,7643,Not eroded,0,0,0,0,0,0,0,0,0,1,1
7644,7.16E-02,5,7644,Not eroded,0,0,0,0,0,0,0,0,0,0,1
7645,1.59E-01,4,7645,Not eroded,0,0,0,0,0,0,0,0,0,1,1
7646,3.07E-01,0,7646,ERODED,1,1,1,1,1,1,1,1,1,1,1
7647,1.32E-01,4,7647,Not eroded,0,0,0,0,0,0,0,0,0,1,1
7648,1.05E-01,3,7648,Not eroded,0,0,0,0,0,0,1,0,0,1,1
7650,1.64E-01,5,7650,Not eroded,0,0,0,0,0,0,0,0,0,0,1
7651,2.71E-01,4,7651,Not eroded,0,1,1,1,1,1,0,0,0,1,1
7652,1.69E-01,7,7652,Not eroded,0,0,0,0,0,0,0,0,0,0,0
7653,2.61E-01,6,7653,Not eroded,0,1,1,1,1,1,0,0,0,0,0
7654,2.33E-01,0,7654,Not eroded,0,1,1,1,0,0,1,1,1,1,1
7655,1.85E-01,5,7655,Not eroded,0,0,0,0,0,0,0,0,0,0,1
7656,2.53E-01,0,7656,Not eroded,0,1,1,1,1,1,1,1,1,1,1
7657,1.04E-01,4,7657,Not eroded,0,0,0,0,0,0,0,0,0,1,1
7659,2.83E-01,4,7659,Not eroded,0,1,1,1,1,1,0,0,0,1,1
7660,2.43E-01,4,7660,Not eroded,0,1,1,1,1,0,0,0,0,1,1
7661,3.01E-01,3,7661,Not eroded,0,1,1,1,1,1,1,0,0,1,1
7662,9.19E-02,5,7662,Not eroded,0,0,0,0,0,0,0,0,0,0,1
7664,2.08E-01,0,7664,Not eroded,0,1,0,0,0,0,1,1,1,1,1
7665,2.69E-01,0,7665,ERODED,1,1,1,1,1,1,1,1,1,1,1
7666,1.90E-01,6,7666,Not eroded,0,0,0,0,0,0,0,0,0,0,0
7667,2.43E-01,4,7667,Not eroded,0,1,1,1,1,0,0,0,0,1,1
7668,1.98E-01,3,7668,Not eroded,0,1,0,0,0,0,1,0,0,1,1
7669,7.29E-02,5,7669,Not eroded,0,0,0,0,0,0,0,0,0,0,1
7670,2.63E-01,0,7670,Not eroded,0,1,1,1,1,1,1,1,1,1,1
7671,1.18E-01,4,7671,Not eroded,0,0,0,0,0,0,0,0,0,1,1
7672,1.70E-01,0,7672,Not eroded,0,0,0,0,0,0,1,1,1,1,1
7673,2.00E-01,4,7673,Not eroded,0,1,0,0,0,0,0,0,0,1,1
7674,3.16E-01,0,7674,ERODED,1,1,1,1,1,1,1,1,1,1,1
7675,2.78E-01,4,7675,Not eroded,0,1,1,1,1,1,0,0,0,1,1
7676,2.92E-01,0,7676,Not eroded,0,1,1,1,1,1,1,1,1,1,1
7677,2.12E-01,0,7677,Not eroded,0,1,0,0,0,0,1,1,1,1,1
7678,5.65E-02,3,7678,Not eroded,0,0,0,0,0,0,1,0,0,1,1
7679,2.29E-01,0,7679,Not eroded,0,1,1,0,0,0,1,1,1,1,1
7680,2.33E-01,0,7680,Not eroded,0,1,1,1,0,0,1,1,1,1,1
7681,2.47E-01,0,7681,Not eroded,0,1,1,1,1,0,1,1,1,1,1
7682,3.26E-01,0,7682,ERODED,1,1,1,1,1,1,1,1,1,1,1
7683,2.80E-01,6,7683,Not eroded,0,1,1,1,1,1,0,0,0,0,0
7685,1.48E-01,0,7685,Not eroded,0,0,0,0,0,0,1,1,1,1,1
7686,2.76E-01,4,7686,Not eroded,0,1,1,1,1,1,0,0,0,1,1
7687,7.71E-02,5,7687,Not eroded,0,0,0,0,0,0,0,0,0,0,1
7688,2.07E-01,0,7688,Not eroded,0,1,0,0,0,0,1,1,1,1,1
7689,5.75E-02,4,7689,Not eroded,0,0,0,0,0,0,0,0,0,1,1
7690,8.83E-02,6,7690,Not eroded,0,0,0,0,0,0,0,0,0,0,0
7691,2.91E-01,4,7691,Not eroded,0,1,1,1,1,1,0,0,0,1,1
7692,2.06E-01,5,7692,Not eroded,0,1,0,0,0,0,0,0,0,0,1
7693,1.04E-01,0,7693,Not eroded,0,0,0,0,0,0,1,1,1,1,1
7694,5.74E-02,0,7694,Not eroded,0,0,0,0,0,0,1,1,1,1,1
7695,2.25E-01,3,7695,Not eroded,0,1,1,0,0,0,1,0,0,1,1
7697,2.40E-01,2,7697,Not eroded,0,1,1,1,0,0,1,0,1,1,1
7698,5.65E-02,6,7698,Not eroded,0,0,0,0,0,0,0,0,0,0,0
7699,2.31E-01,4,7699,Not eroded,0,1,1,1,0,0,0,0,0,1,1
7700,1.51E-01,4,7700,Not eroded,0,0,0,0,0,0,0,0,0,1,1
7701,2.93E-01,4,7701,Not eroded,0,1,1,1,1,1,0,0,0,1,1
7702,2.00E-01,4,7702,Not eroded,0,1,0,0,0,0,0,0,0,1,1
7705,8.65E-02,5,7705,Not eroded,0,0,0,0,0,0,0,0,0,0,1
7706,2.08E-01,3,7706,Not eroded,0,1,0,0,0,0,1,0,0,1,1
7707,1.16E-01,4,7707,Not eroded,0,0,0,0,0,0,0,0,0,1,1
7708,9.56E-02,3,7708,Not eroded,0,0,0,0,0,0,1,0,0,1,1
7709,1.78E-01,4,7709,Not eroded,0,0,0,0,0,0,0,0,0,1,1
7710,2.17E-01,4,7710,Not eroded,0,1,0,0,0,0,0,0,0,1,1
7711,3.10E-01,0,7711,ERODED,1,1,1,1,1,1,1,1,1,1,1
7712,1.68E-01,0,7712,Not eroded,0,0,0,0,0,0,1,1,1,1,1
7713,7.51E-02,4,7713,Not eroded,0,0,0,0,0,0,0,0,0,1,1
7714,1.27E-01,4,7714,Not eroded,0,0,0,0,0,0,0,0,0,1,1
7715,1.40E-01,5,7715,Not eroded,0,0,0,0,0,0,0,0,0,0,1
7716,2.49E-01,0,7716,Not eroded,0,1,1,1,1,0,1,1,1,1,1
7717,2.36E-01,4,7717,Not eroded,0,1,1,1,0,0,0,0,0,1,1
7718,5.66E-02,3,7718,Not eroded,0,0,0,0,0,0,1,0,0,1,1
7719,5.68E-02,3,7719,Not eroded,0,0,0,0,0,0,1,0,0,1,1
7720,2.84E-01,0,7720,Not eroded,0,1,1,1,1,1,1,1,1,1,1
7721,1.99E-01,4,7721,Not eroded,0,1,0,0,0,0,0,0,0,1,1
7722,1.10E-01,4,7722,Not eroded,0,0,0,0,0,0,0,0,0,1,1
7725,6.16E-02,4,7725,Not eroded,0,0,0,0,0,0,0,0,0,1,1
7726,1.33E-01,7,7726,Not eroded,0,0,0,0,0,0,0,0,0,0,0
7727,1.24E-01,0,7727,Not eroded,0,0,0,0,0,0,1,1,1,1,1
7728,6.37E-02,4,7728,Not eroded,0,0,0,0,0,0,0,0,0,1,1
7729,1.82E-01,0,7729,Not eroded,0,0,0,0,0,0,1,1,1,1,1
7730,1.02E-01,5,7730,Not eroded,0,0,0,0,0,0,0,0,0,0,1
7731,1.71E-01,0,7731,Not eroded,0,0,0,0,0,0,1,1,1,1,1
7732,1.58E-01,0,7732,Not eroded,0,0,0,0,0,0,1,1,1,1,1
7734,5.65E-02,4,7734,Not eroded,0,0,0,0,0,0,0,0,0,1,1
7736,1.51E-01,6,7736,Not eroded,0,0,0,0,0,0,0,0,0,0,0
7737,2.69E-01,4,7737,Not eroded,0,1,1,1,1,1,0,0,0,1,1
7738,6.41E-02,4,7738,Not eroded,0,0,0,0,0,0,0,0,0,1,1
7739,2.61E-01,0,7739,Not eroded,0,1,1,1,1,1,1,1,1,1,1
7740,2.93E-01,0,7740,ERODED,1,1,1,1,1,1,1,1,1,1,1
7741,2.92E-01,0,7741,ERODED,1,1,1,1,1,1,1,1,1,1,1
7742,1.39E-01,4,7742,Not eroded,0,0,0,0,0,0,0,0,0,1,1
7743,5.65E-02,3,7743,Not eroded,0,0,0,0,0,0,1,0,0,1,1
7744,2.89E-01,4,7744,Not eroded,0,1,1,1,1,1,0,0,0,1,1
7745,2.62E-01,0,7745,Not eroded,0,1,1,1,1,1,1,1,1,1,1
7746,2.52E-01,5,7746,Not eroded,0,1,1,1,1,1,0,0,0,0,1
7747,3.18E-01,0,7747,ERODED,1,1,1,1,1,1,1,1,1,1,1
7748,9.00E-02,4,7748,Not eroded,0,0,0,0,0,0,0,0,0,1,1
7750,3.12E-01,0,7750,ERODED,1,1,1,1,1,1,1,1,1,1,1
7751,7.34E-02,5,7751,Not eroded,0,0,0,0,0,0,0,0,0,0,1
7752,1.47E-01,4,7752,Not eroded,0,0,0,0,0,0,0,0,0,1,1
7753,1.34E-01,4,7753,Not eroded,0,0,0,0,0,0,0,0,0,1,1
7755,6.59E-02,0,7755,Not eroded,0,0,0,0,0,0,1,1,1,1,1
7756,1.18E-01,0,7756,Not eroded,0,0,0,0,0,0,1,1,1,1,1
7757,5.65E-02,3,7757,Not eroded,0,0,0,0,0,0,1,0,0,1,1
7758,2.30E-01,0,7758,Not eroded,0,1,1,0,0,0,1,1,1,1,1
7759,2.85E-01,0,7759,Not eroded,0,1,1,1,1,1,1,1,1,1,1
7760,8.84E-02,6,7760,Not eroded,0,0,0,0,0,0,0,0,0,0,0
7761,8.73E-02,0,7761,Not eroded,0,0,0,0,0,0,1,1,1,1,1
7762,6.41E-02,3,7762,Not eroded,0,0,0,0,0,0,1,0,0,1,1
7763,2.73E-01,6,7763,Not eroded,0,1,1,1,1,1,0,0,0,0,0
7764,1.01E-01,0,7764,Not eroded,0,0,0,0,0,0,1,1,1,1,1
7765,1.29E-01,4,7765,Not eroded,0,0,0,0,0,0,0,0,0,1,1
7766,9.09E-02,4,7766,Not eroded,0,0,0,0,0,0,0,0,0,1,1
7767,2.08E-01,5,7767,Not eroded,0,1,0,0,0,0,0,0,0,0,1
7768,9.02E-02,2,7768,Not eroded,0,0,0,0,0,0,1,0,1,1,1
7769,1.39E-01,4,7769,Not eroded,0,0,0,0,0,0,0,0,0,1,1
7770,5.65E-02,2,7770,Not eroded,0,0,0,0,0,0,1,0,1,1,1
7772,9.62E-02,0,7772,Not eroded,0,0,0,0,0,0,1,1,1,1,1
7773,8.20E-02,6,7773,Not eroded,0,0,0,0,0,0,0,0,0,0,0
7775,1.12E-01,6,7775,Not eroded,0,0,0,0,0,0,0,0,0,0,0
7776,2.19E-01,0,7776,Not eroded,0,1,0,0,0,0,1,1,1,1,1
7777,2.50E-01,4,7777,Not eroded,0,1,1,1,1,0,0,0,0,1,1
7778,1.86E-01,0,7778,Not eroded,0,0,0,0,0,0,1,1,1,1,1
7779,2.78E-01,0,7779,ERODED,1,1,1,1,1,1,1,1,1,1,1
7780,1.16E-01,3,7780,Not eroded,0,0,0,0,0,0,1,0,0,1,1
7781,1.64E-01,3,7781,Not eroded,0,0,0,0,0,0,1,0,0,1,1
7782,2.50E-01,0,7782,Not eroded,0,1,1,1,1,0,1,1,1,1,1
7783,3.16E-01,0,7783,ERODED,1,1,1,1,1,1,1,1,1,1,1
7784,7.48E-02,0,7784,Not eroded,0,0,0,0,0,0,1,1,1,1,1
7785,9.12E-02,0,7785,Not eroded,0,0,0,0,0,0,1,1,1,1,1
7786,1.03E-01,4,7786,Not eroded,0,0,0,0,0,0,0,0,0,1,1
7787,5.65E-02,2,7787,Not eroded,0,0,0,0,0,0,1,0,1,1,1
7788,1.82E-01,0,7788,Not eroded,0,0,0,0,0,0,1,1,1,1,1
7789,2.45E-01,3,7789,Not eroded,0,1,1,1,1,0,1,0,0,1,1
7790,1.63E-01,7,7790,Not eroded,0,0,0,0,0,0,0,0,0,0,0
7791,1.94E-01,4,7791,Not eroded,0,1,0,0,0,0,0,0,0,1,1
7792,1.04E-01,0,7792,Not eroded,0,0,0,0,0,0,1,1,1,1,1
7793,2.96E-01,4,7793,Not eroded,0,1,1,1,1,1,0,0,0,1,1
7794,3.01E-01,0,7794,ERODED,1,1,1,1,1,1,1,1,1,1,1
7795,9.64E-02,2,7795,Not eroded,0,0,0,0,0,0,1,0,1,1,1
7797,2.51E-01,3,7797,Not eroded,0,1,1,1,1,1,1,0,0,1,1
7798,9.90E-02,3,7798,Not eroded,0,0,0,0,0,0,1,0,0,1,1
7799,2.60E-01,0,7799,Not eroded,0,1,1,1,1,1,1,1,1,1,1
7800,2.97E-01,0,7800,ERODED,1,1,1,1,1,1,1,1,1,1,1
7801,2.90E-01,0,7801,ERODED,1,1,1,1,1,1,1,1,1,1,1
7803,1.89E-01,0,7803,Not eroded,0,0,0,0,0,0,1,1,1,1,1
7805,9.79E-02,4,7805,Not eroded,0,0,0,0,0,0,0,0,0,1,1
7806,1.03E-01,3,7806,Not eroded,0,0,0,0,0,0,1,0,0,1,1
7807,1.25E-01,4,7807,Not eroded,0,0,0,0,0,0,0,0,0,1,1
7809,1.32E-01,5,7809,Not eroded,0,0,0,0,0,0,0,0,0,0,1
7810,1.62E-01,0,7810,Not eroded,0,0,0,0,0,0,1,1,1,1,1
7811,7.97E-02,5,7811,Not eroded,0,0,0,0,0,0,0,0,0,0,1
7812,6.40E-02,4,7812,Not eroded,0,0,0,0,0,0,0,0,0,1,1
7814,2.97E-01,4,7814,Not eroded,0,1,1,1,1,1,0,0,0,1,1
7815,1.74E-01,2,7815,Not eroded,0,0,0,0,0,0,1,0,1,1,1
7816,2.77E-01,4,7816,Not eroded,0,1,1,1,1,1,0,0,0,1,1
7817,1.46E-01,4,7817,Not eroded,0,0,0,0,0,0,0,0,0,1,1
7818,2.57E-01,0,7818,Not eroded,0,1,1,1,1,1,1,1,1,1,1
7819,1.48E-01,4,7819,Not eroded,0,0,0,0,0,0,0,0,0,1,1
7820,1.99E-01,5,7820,Not eroded,0,1,0,0,0,0,0,0,0,0,1
7821,1.89E-01,5,7821,Not eroded,0,0,0,0,0,0,0,0,0,0,1
7822,2.58E-01,4,7822,Not eroded,0,1,1,1,1,1,0,0,0,1,1
7823,1.05E-01,5,7823,Not eroded,0,0,0,0,0,0,0,0,0,0,1
7824,2.23E-01,3,7824,Not eroded,0,1,1,0,0,0,1,0,0,1,1
7825,2.17E-01,5,7825,Not eroded,0,1,0,0,0,0,0,0,0,0,1
7826,3.16E-01,0,7826,ERODED,1,1,1,1,1,1,1,1,1,1,1
7828,2.00E-01,0,7828,Not eroded,0,1,0,0,0,0,1,1,1,1,1
7829,1.95E-01,0,7829,Not eroded,0,1,0,0,0,0,1,1,1,1,1
7830,1.83E-01,6,7830,Not eroded,0,0,0,0,0,0,0,0,0,0,0
7831,2.19E-01,4,7831,Not eroded,0,1,0,0,0,0,0,0,0,1,1
7832,7.18E-02,2,7832,Not eroded,0,0,0,0,0,0,1,0,1,1,1
7833,3.07E-01,0,7833,ERODED,1,1,1,1,1,1,1,1,1,1,1
7834,2.16E-01,0,7834,Not eroded,0,1,0,0,0,0,1,1,1,1,1
7835,2.12E-01,4,7835,Not eroded,0,1,0,0,0,0,0,0,0,1,1
7836,1.21E-01,5,7836,Not eroded,0,0,0,0,0,0,0,0,0,0,1
7837,1.02E-01,0,7837,Not eroded,0,0,0,0,0,0,1,1,1,1,1
7839,8.98E-02,4,7839,Not eroded,0,0,0,0,0,0,0,0,0,1,1
7840,2.00E-01,3,7840,Not eroded,0,1,0,0,0,0,1,0,0,1,1
7841,1.95E-01,2,7841,Not eroded,0,1,0,0,0,0,1,0,1,1,1
7842,1.46E-01,3,7842,Not eroded,0,0,0,0,0,0,1,0,0,1,1
7845,2.50E-01,4,7845,Not eroded,0,1,1,1,1,0,0,0,0,1,1
7846,1.05E-01,3,7846,Not eroded,0,0,0,0,0,0,1,0,0,1,1
7847,2.24E-01,4,7847,Not eroded,0,1,1,0,0,0,0,0,0,1,1
7848,2.40E-01,4,7848,Not eroded,0,1,1,1,0,0,0,0,0,1,1
7849,2.88E-01,5,7849,Not eroded,0,1,1,1,1,1,0,0,0,0,1
7850,1.04E-01,2,7850,Not eroded,0,0,0,0,0,0,1,0,1,1,1
7851,2.75E-01,5,7851,Not eroded,0,1,1,1,1,1,0,0,0,0,1
7852,2.17E-01,6,7852,Not eroded,0,1,0,0,0,0,0,0,0,0,0
7853,3.10E-01,0,7853,ERODED,1,1,1,1,1,1,1,1,1,1,1
7854,3.00E-01,0,7854,ERODED,1,1,1,1,1,1,1,1,1,1,1
7855,1.15E-01,5,7855,Not eroded,0,0,0,0,0,0,0,0,0,0,1
7856,2.21E-01,4,7856,Not eroded,0,1,1,0,0,0,0,0,0,1,1
7857,2.45E-01,0,7857,Not eroded,0,1,1,1,1,0,1,1,1,1,1
7858,1.14E-01,0,7858,Not eroded,0,0,0,0,0,0,1,1,1,1,1
7859,2.11E-01,5,7859,Not eroded,0,1,0,0,0,0,0,0,0,0,1
7860,1.33E-01,0,7860,Not eroded,0,0,0,0,0,0,1,1,1,1,1
7861,2.37E-01,5,7861,Not eroded,0,1,1,1,0,0,0,0,0,0,1
7862,1.09E-01,4,7862,Not eroded,0,0,0,0,0,0,0,0,0,1,1
7863,1.19E-01,3,7863,Not eroded,0,0,0,0,0,0,1,0,0,1,1
7864,1.72E-01,4,7864,Not eroded,0,0,0,0,0,0,0,0,0,1,1
7866,2.60E-01,4,7866,Not eroded,0,1,1,1,1,1,0,0,0,1,1
7867,1.28E-01,0,7867,Not eroded,0,0,0,0,0,0,1,1,1,1,1
7868,2.72E-01,0,7868,Not eroded,0,1,1,1,1,1,1,1,1,1,1
7869,2.92E-01,4,7869,Not eroded,0,1,1,1,1,1,0,0,0,1,1
7870,1.38E-01,4,7870,Not eroded,0,0,0,0,0,0,0,0,0,1,1
7871,2.53E-01,5,7871,Not eroded,0,1,1,1,1,1,0,0,0,0,1
7872,2.56E-01,3,7872,Not eroded,0,1,1,1,1,1,1,0,0,1,1
7873,2.98E-01,0,7873,ERODED,1,1,1,1,1,1,1,1,1,1,1
7874,2.31E-01,3,7874,Not eroded,0,1,1,1,0,0,1,0,0,1,1
7875,5.65E-02,4,7875,Not eroded,0,0,0,0,0,0,0,0,0,1,1
7877,1.48E-01,7,7877,Not eroded,0,0,0,0,0,0,0,0,0,0,0
7878,2.81E-01,0,7878,Not eroded,0,1,1,1,1,1,1,1,1,1,1
7879,1.00E-01,3,7879,Not eroded,0,0,0,0,0,0,1,0,0,1,1
7881,2.71E-01,6,7881,Not eroded,0,1,1,1,1,1,0,0,0,0,0
7882,2.31E-01,0,7882,Not eroded,0,1,1,1,0,0,1,1,1,1,1
7883,1.02E-01,4,7883,Not eroded,0,0,0,0,0,0,0,0,0,1,1
7884,5.64E-02,3,7884,Not eroded,0,0,0,0,0,0,1,0,0,1,1
7885,2.18E-01,3,7885,Not eroded,0,1,0,0,0,0,1,0,0,1,1
7886,1.05E-01,5,7886,Not eroded,0,0,0,0,0,0,0,0,0,0,1
7887,3.11E-01,0,7887,ERODED,1,1,1,1,1,1,1,1,1,1,1
7888,3.12E-01,0,7888,ERODED,1,1,1,1,1,1,1,1,1,1,1
7889,2.87E-01,4,7889,Not eroded,0,1,1,1,1,1,0,0,0,1,1
7890,3.04E-01,0,7890,ERODED,1,1,1,1,1,1,1,1,1,1,1
7891,2.30E-01,6,7891,Not eroded,0,1,1,0,0,0,0,0,0,0,0
7892,2.54E-01,5,7892,Not eroded,0,1,1,1,1,1,0,0,0,0,1
7893,1.95E-01,0,7893,Not eroded,0,1,0,0,0,0,1,1,1,1,1
7894,5.70E-02,3,7894,Not eroded,0,0,0,0,0,0,1,0,0,1,1
7895,1.71E-01,2,7895,Not eroded,0,0,0,0,0,0,1,0,1,1,1
7897,1.76E-01,3,7897,Not eroded,0,0,0,0,0,0,1,0,0,1,1
7898,1.40E-01,4,7898,Not eroded,0,0,0,0,0,0,0,0,0,1,1
7899,2.84E-01,5,7899,Not eroded,0,1,1,1,1,1,0,0,0,0,1
7900,1.90E-01,0,7900,Not eroded,0,0,0,0,0,0,1,1,1,1,1
7901,2.83E-01,5,7901,Not eroded,0,1,1,1,1,1,0,0,0,0,1
7902,1.93E-01,3,7902,Not eroded,0,1,0,0,0,0,1,0,0,1,1
7904,1.11E-01,0,7904,Not eroded,0,0,0,0,0,0,1,1,1,1,1
7905,3.00E-01,3,7905,Not eroded,0,1,1,1,1,1,1,0,0,1,1
7906,2.33E-01,3,7906,Not eroded,0,1,1,1,0,0,1,0,0,1,1
7907,2.83E-01,5,7907,Not eroded,0,1,1,1,1,1,0,0,0,0,1
7908,2.78E-01,3,7908,Not eroded,0,1,1,1,1,1,1,0,0,1,1
7909,2.10E-01,0,7909,Not eroded,0,1,0,0,0,0,1,1,1,1,1
7911,6.63E-02,0,7911,Not eroded,0,0,0,0,0,0,1,1,1,1,1
7912,1.13E-01,4,7912,Not eroded,0,0,0,0,0,0,0,0,0,1,1
7914,5.65E-02,3,7914,Not eroded,0,0,0,0,0,0,1,0,0,1,1
7915,2.69E-01,3,7915,Not eroded,0,1,1,1,1,1,1,0,0,1,1
7916,9.49E-02,5,7916,Not eroded,0,0,0,0,0,0,0,0,0,0,1
7917,5.66E-02,3,7917,Not eroded,0,0,0,0,0,0,1,0,0,1,1
7918,6.92E-02,3,7918,Not eroded,0,0,0,0,0,0,1,0,0,1,1
7919,2.95E-01,0,7919,ERODED,1,1,1,1,1,1,1,1,1,1,1
7920,2.21E-01,4,7920,Not eroded,0,1,1,0,0,0,0,0,0,1,1
7921,5.66E-02,3,7921,Not eroded,0,0,0,0,0,0,1,0,0,1,1
7922,2.08E-01,2,7922,Not eroded,0,1,0,0,0,0,1,0,1,1,1
7923,8.55E-02,4,7923,Not eroded,0,0,0,0,0,0,0,0,0,1,1
7924,1.42E-01,3,7924,Not eroded,0,0,0,0,0,0,1,0,0,1,1
7925,2.66E-01,0,7925,Not eroded,0,1,1,1,1,1,1,1,1,1,1
7926,1.21E-01,0,7926,Not eroded,0,0,0,0,0,0,1,1,1,1,1
7927,3.26E-01,0,7927,ERODED,1,1,1,1,1,1,1,1,1,1,1
7928,1.99E-01,6,7928,Not eroded,0,1,0,0,0,0,0,0,0,0,0
7929,1.76E-01,0,7929,Not eroded,0,0,0,0,0,0,1,1,1,1,1
7930,8.53E-02,4,7930,Not eroded,0,0,0,0,0,0,0,0,0,1,1
7931,3.01E-01,0,7931,ERODED,1,1,1,1,1,1,1,1,1,1,1
7933,2.86E-01,4,7933,Not eroded,0,1,1,1,1,1,0,0,0,1,1
7934,7.88E-02,4,7934,Not eroded,0,0,0,0,0,0,0,0,0,1,1
7935,2.87E-01,0,7935,ERODED,1,1,1,1,1,1,1,1,1,1,1
7936,1.27E-01,5,7936,Not eroded,0,0,0,0,0,0,0,0,0,0,1
7937,2.01E-01,2,7937,Not eroded,0,1,0,0,0,0,1,0,1,1,1
7938,2.34E-01,2,7938,Not eroded,0,1,1,1,0,0,1,0,1,1,1
7939,2.90E-01,0,7939,Not eroded,0,1,1,1,1,1,1,1,1,1,1
7940,2.48E-01,3,7940,Not eroded,0,1,1,1,1,0,1,0,0,1,1
7942,1.90E-01,3,7942,Not eroded,0,0,0,0,0,0,1,0,0,1,1
7943,2.96E-01,0,7943,ERODED,1,1,1,1,1,1,1,1,1,1,1
7944,1.39E-01,4,7944,Not eroded,0,0,0,0,0,0,0,0,0,1,1
7946,1.14E-01,5,7946,Not eroded,0,0,0,0,0,0,0,0,0,0,1
7947,1.47E-01,5,7947,Not eroded,0,0,0,0,0,0,0,0,0,0,1
7948,6.56E-02,4,7948,Not eroded,0,0,0,0,0,0,0,0,0,1,1
7951,1.47E-01,5,7951,Not eroded,0,0,0,0,0,0,0,0,0,0,1
7952,1.40E-01,4,7952,Not eroded,0,0,0,0,0,0,0,0,0,1,1
7953,7.85E-02,5,7953,Not eroded,0,0,0,0,0,0,0,0,0,0,1
7954,9.47E-02,3,7954,Not eroded,0,0,0,0,0,0,1,0,0,1,1
7956,1.02E-01,4,7956,Not eroded,0,0,0,0,0,0,0,0,0,1,1
7957,2.15E-01,0,7957,Not eroded,0,1,0,0,0,0,1,1,1,1,1
7958,3.05E-01,0,7958,ERODED,1,1,1,1,1,1,1,1,1,1,1
7959,2.40E-01,3,7959,Not eroded,0,1,1,1,0,0,1,0,0,1,1
7960,2.23E-01,4,7960,Not eroded,0,1,1,0,0,0,0,0,0,1,1
7961,1.64E-01,0,7961,Not eroded,0,0,0,0,0,0,1,1,1,1,1
7962,7.26E-02,3,7962,Not eroded,0,0,0,0,0,0,1,0,0,1,1
7963,2.82E-01,0,7963,ERODED,1,1,1,1,1,1,1,1,1,1,1
7965,1.42E-01,4,7965,Not eroded,0,0,0,0,0,0,0,0,0,1,1
7966,2.03E-01,5,7966,Not eroded,0,1,0,0,0,0,0,0,0,0,1
7967,2.76E-01,4,7967,Not eroded,0,1,1,1,1,1,0,0,0,1,1
7968,2.35E-01,4,7968,Not eroded,0,1,1,1,0,0,0,0,0,1,1
7969,1.68E-01,4,7969,Not eroded,0,0,0,0,0,0,0,0,0,1,1
7970,1.65E-01,3,7970,Not eroded,0,0,0,0,0,0,1,0,0,1,1
7971,1.74E-01,0,7971,Not eroded,0,0,0,0,0,0,1,1,1,1,1
7972,2.20E-01,4,7972,Not eroded,0,1,0,0,0,0,0,0,0,1,1
7973,5.65E-02,4,7973,Not eroded,0,0,0,0,0,0,0,0,0,1,1
7974,5.65E-02,3,7974,Not eroded,0,0,0,0,0,0,1,0,0,1,1
7975,7.45E-02,3,7975,Not eroded,0,0,0,0,0,0,1,0,0,1,1
7976,2.99E-01,0,7976,ERODED,1,1,1,1,1,1,1,1,1,1,1
7977,3.09E-01,0,7977,ERODED,1,1,1,1,1,1,1,1,1,1,1
7978,1.78E-01,4,7978,Not eroded,0,0,0,0,0,0,0,0,0,1,1
7979,7.31E-02,2,7979,Not eroded,0,0,0,0,0,0,1,0,1,1,1
7980,2.53E-01,0,7980,Not eroded,0,1,1,1,1,1,1,1,1,1,1
7981,9.48E-02,3,7981,Not eroded,0,0,0,0,0,0,1,0,0,1,1
7982,2.92E-01,4,7982,Not eroded,0,1,1,1,1,1,0,0,0,1,1
7983,1.81E-01,4,7983,Not eroded,0,0,0,0,0,0,0,0,0,1,1
7984,1.72E-01,0,7984,Not eroded,0,0,0,0,0,0,1,1,1,1,1
7985,2.58E-01,3,7985,Not eroded,0,1,1,1,1,1,1,0,0,1,1
7986,1.70E-01,3,7986,Not eroded,0,0,0,0,0,0,1,0,0,1,1
7987,5.65E-02,3,7987,Not eroded,0,0,0,0,0,0,1,0,0,1,1
7988,2.11E-01,0,7988,Not eroded,0,1,0,0,0,0,1,1,1,1,1
7989,5.77E-02,3,7989,Not eroded,0,0,0,0,0,0,1,0,0,1,1
7990,1.17E-01,4,7990,Not eroded,0,0,0,0,0,0,0,0,0,1,1
7991,1.38E-01,3,7991,Not eroded,0,0,0,0,0,0,1,0,0,1,1
7992,2.99E-01,0,7992,ERODED,1,1,1,1,1,1,1,1,1,1,1
7993,2.98E-01,0,7993,ERODED,1,1,1,1,1,1,1,1,1,1,1
7994,7.89E-02,5,7994,Not eroded,0,0,0,0,0,0,0,0,0,0,1
7995,1.60E-01,4,7995,Not eroded,0,0,0,0,0,0,0,0,0,1,1
7996,2.51E-01,0,7996,Not eroded,0,1,1,1,1,1,1,1,1,1,1
7997,5.66E-02,0,7997,Not eroded,0,0,0,0,0,0,1,1,1,1,1
7999,6.65E-02,3,7999,Not eroded,0,0,0,0,0,0,1,0,0,1,1
8000,9.46E-02,3,8000,Not eroded,0,0,0,0,0,0,1,0,0,1,1
8001,2.59E-01,3,8001,Not eroded,0,1,1,1,1,1,1,0,0,1,1
8002,1.88E-01,0,8002,Not eroded,0,0,0,0,0,0,1,1,1,1,1
8003,5.65E-02,5,8003,Not eroded,0,0,0,0,0,0,0,0,0,0,1
8004,2.94E-01,3,8004,Not eroded,0,1,1,1,1,1,1,0,0,1,1
8006,2.95E-01,0,8006,Not eroded,0,1,1,1,1,1,1,1,1,1,1
8007,3.25E-01,0,8007,ERODED,1,1,1,1,1,1,1,1,1,1,1
8008,2.33E-01,4,8008,Not eroded,0,1,1,1,0,0,0,0,0,1,1
8009,1.14E-01,0,8009,Not eroded,0,0,0,0,0,0,1,1,1,1,1
8011,1.30E-01,4,8011,Not eroded,0,0,0,0,0,0,0,0,0,1,1
8012,2.70E-01,3,8012,Not eroded,0,1,1,1,1,1,1,0,0,1,1
8013,9.52E-02,6,8013,Not eroded,0,0,0,0,0,0,0,0,0,0,0
8014,5.65E-02,4,8014,Not eroded,0,0,0,0,0,0,0,0,0,1,1
8015,2.82E-01,0,8015,ERODED,1,1,1,1,1,1,1,1,1,1,1
8017,1.70E-01,0,8017,Not eroded,0,0,0,0,0,0,1,1,1,1,1
8018,1.78E-01,7,8018,Not eroded,0,0,0,0,0,0,0,0,0,0,0
8019,6.50E-02,5,8019,Not eroded,0,0,0,0,0,0,0,0,0,0,1
8020,6.89E-02,3,8020,Not eroded,0,0,0,0,0,0,1,0,0,1,1
8021,2.53E-01,4,8021,Not eroded,0,1,1,1,1,1,0,0,0,1,1
8022,1.07E-01,4,8022,Not eroded,0,0,0,0,0,0,0,0,0,1,1
8023,1.12E-01,3,8023,Not eroded,0,0,0,0,0,0,1,0,0,1,1
8024,9.45E-02,3,8024,Not eroded,0,0,0,0,0,0,1,0,0,1,1
8025,2.22E-01,6,8025,Not eroded,0,1,1,0,0,0,0,0,0,0,0
8026,2.93E-01,0,8026,ERODED,1,1,1,1,1,1,1,1,1,1,1
8027,9.93E-02,7,8027,Not eroded,0,0,0,0,0,0,0,0,0,0,0
8028,7.94E-02,4,8028,Not eroded,0,0,0,0,0,0,0,0,0,1,1
8029,1.55E-01,0,8029,Not eroded,0,0,0,0,0,0,1,1,1,1,1
8030,2.50E-01,0,8030,Not eroded,0,1,1,1,1,0,1,1,1,1,1
8031,6.50E-02,4,8031,Not eroded,0,0,0,0,0,0,0,0,0,1,1
8032,8.92E-02,4,8032,Not eroded,0,0,0,0,0,0,0,0,0,1,1
8033,2.86E-01,6,8033,Not eroded,0,1,1,1,1,1,0,0,0,0,0
8034,1.75E-01,3,8034,Not eroded,0,0,0,0,0,0,1,0,0,1,1
8035,7.81E-02,4,8035,Not eroded,0,0,0,0,0,0,0,0,0,1,1
8036,1.31E-01,5,8036,Not eroded,0,0,0,0,0,0,0,0,0,0,1
8037,2.29E-01,3,8037,Not eroded,0,1,1,0,0,0,1,0,0,1,1
8038,2.11E-01,3,8038,Not eroded,0,1,0,0,0,0,1,0,0,1,1
8039,5.65E-02,3,8039,Not eroded,0,0,0,0,0,0,1,0,0,1,1
8040,2.64E-01,4,8040,Not eroded,0,1,1,1,1,1,0,0,0,1,1
8041,1.05E-01,3,8041,Not eroded,0,0,0,0,0,0,1,0,0,1,1
8042,1.29E-01,0,8042,Not eroded,0,0,0,0,0,0,1,1,1,1,1
8043,2.08E-01,4,8043,Not eroded,0,1,0,0,0,0,0,0,0,1,1
8044,2.22E-01,3,8044,Not eroded,0,1,1,0,0,0,1,0,0,1,1
8045,1.56E-01,3,8045,Not eroded,0,0,0,0,0,0,1,0,0,1,1
8046,1.91E-01,6,8046,Not eroded,0,1,0,0,0,0,0,0,0,0,0
8047,2.37E-01,0,8047,Not eroded,0,1,1,1,0,0,1,1,1,1,1
8048,2.33E-01,3,8048,Not eroded,0,1,1,1,0,0,1,0,0,1,1
8049,6.74E-02,3,8049,Not eroded,0,0,0,0,0,0,1,0,0,1,1
8050,1.21E-01,4,8050,Not eroded,0,0,0,0,0,0,0,0,0,1,1
8051,1.69E-01,4,8051,Not eroded,0,0,0,0,0,0,0,0,0,1,1
8052,2.92E-01,5,8052,Not eroded,0,1,1,1,1,1,0,0,0,0,1
8053,1.26E-01,5,8053,Not eroded,0,0,0,0,0,0,0,0,0,0,1
8054,6.20E-02,0,8054,Not eroded,0,0,0,0,0,0,1,1,1,1,1
8055,2.54E-01,2,8055,Not eroded,0,1,1,1,1,1,1,0,1,1,1
8056,2.27E-01,3,8056,Not eroded,0,1,1,0,0,0,1,0,0,1,1
8059,1.24E-01,0,8059,Not eroded,0,0,0,0,0,0,1,1,1,1,1
8061,3.01E-01,5,8061,Not eroded,0,1,1,1,1,1,0,0,0,0,1
8062,2.40E-01,4,8062,Not eroded,0,1,1,1,0,0,0,0,0,1,1
8063,1.98E-01,0,8063,Not eroded,0,1,0,0,0,0,1,1,1,1,1
8064,3.22E-01,0,8064,ERODED,1,1,1,1,1,1,1,1,1,1,1
8065,1.62E-01,4,8065,Not eroded,0,0,0,0,0,0,0,0,0,1,1
8066,2.76E-01,3,8066,Not eroded,0,1,1,1,1,1,1,0,0,1,1
8068,2.93E-01,5,8068,Not eroded,0,1,1,1,1,1,0,0,0,0,1
8069,1.65E-01,0,8069,Not eroded,0,0,0,0,0,0,1,1,1,1,1
8070,2.80E-01,0,8070,Not eroded,0,1,1,1,1,1,1,1,1,1,1
8071,9.12E-02,5,8071,Not eroded,0,0,0,0,0,0,0,0,0,0,1
8072,2.40E-01,0,8072,Not eroded,0,1,1,1,0,0,1,1,1,1,1
8073,3.06E-01,2,8073,ERODED,1,1,1,1,1,1,1,0,1,1,1
8074,6.88E-02,0,8074,Not eroded,0,0,0,0,0,0,1,1,1,1,1
8075,2.77E-01,0,8075,Not eroded,0,1,1,1,1,1,1,1,1,1,1
8077,1.47E-01,5,8077,Not eroded,0,0,0,0,0,0,0,0,0,0,1
8078,1.81E-01,4,8078,Not eroded,0,0,0,0,0,0,0,0,0,1,1
8080,2.25E-01,3,8080,Not eroded,0,1,1,0,0,0,1,0,0,1,1
8081,2.99E-01,0,8081,ERODED,1,1,1,1,1,1,1,1,1,1,1
8082,2.02E-01,0,8082,Not eroded,0,1,0,0,0,0,1,1,1,1,1
8083,2.75E-01,0,8083,Not eroded,0,1,1,1,1,1,1,1,1,1,1
8084,1.44E-01,4,8084,Not eroded,0,0,0,0,0,0,0,0,0,1,1
8085,1.65E-01,3,8085,Not eroded,0,0,0,0,0,0,1,0,0,1,1
8086,2.85E-01,7,8086,Not eroded,0,1,1,1,1,1,0,0,0,0,0
8087,6.44E-02,7,8087,Not eroded,0,0,0,0,0,0,0,0,0,0,0
8088,9.77E-02,4,8088,Not eroded,0,0,0,0,0,0,0,0,0,1,1
8089,1.26E-01,4,8089,Not eroded,0,0,0,0,0,0,0,0,0,1,1
8090,2.02E-01,0,8090,Not eroded,0,1,0,0,0,0,1,1,1,1,1
8091,1.88E-01,3,8091,Not eroded,0,0,0,0,0,0,1,0,0,1,1
8092,2.43E-01,6,8092,Not eroded,0,1,1,1,1,0,0,0,0,0,0
8093,2.70E-01,6,8093,Not eroded,0,1,1,1,1,1,0,0,0,0,0
8095,2.35E-01,4,8095,Not eroded,0,1,1,1,0,0,0,0,0,1,1
8097,1.54E-01,3,8097,Not eroded,0,0,0,0,0,0,1,0,0,1,1
8098,3.00E-01,3,8098,Not eroded,0,1,1,1,1,1,1,0,0,1,1
8099,1.16E-01,5,8099,Not eroded,0,0,0,0,0,0,0,0,0,0,1
8101,1.10E-01,3,8101,Not eroded,0,0,0,0,0,0,1,0,0,1,1
8102,3.00E-01,2,8102,ERODED,1,1,1,1,1,1,1,0,1,1,1
8103,2.90E-01,5,8103,Not eroded,0,1,1,1,1,1,0,0,0,0,1
8104,1.36E-01,2,8104,Not eroded,0,0,0,0,0,0,1,0,1,1,1
8105,1.25E-01,0,8105,Not eroded,0,0,0,0,0,0,1,1,1,1,1
8106,2.04E-01,0,8106,Not eroded,0,1,0,0,0,0,1,1,1,1,1
8107,6.55E-02,4,8107,Not eroded,0,0,0,0,0,0,0,0,0,1,1
8108,6.50E-02,4,8108,Not eroded,0,0,0,0,0,0,0,0,0,1,1
8109,1.03E-01,3,8109,Not eroded,0,0,0,0,0,0,1,0,0,1,1
8110,2.85E-01,4,8110,Not eroded,0,1,1,1,1,1,0,0,0,1,1
8111,1.87E-01,2,8111,Not eroded,0,0,0,0,0,0,1,0,1,1,1
8112,7.92E-02,4,8112,Not eroded,0,0,0,0,0,0,0,0,0,1,1
8113,1.49E-01,0,8113,Not eroded,0,0,0,0,0,0,1,1,1,1,1
8114,3.25E-01,0,8114,ERODED,1,1,1,1,1,1,1,1,1,1,1
8115,1.90E-01,4,8115,Not eroded,0,0,0,0,0,0,0,0,0,1,1
8116,8.16E-02,0,8116,Not eroded,0,0,0,0,0,0,1,1,1,1,1
8117,8.23E-02,5,8117,Not eroded,0,0,0,0,0,0,0,0,0,0,1
8118,1.58E-01,5,8118,Not eroded,0,0,0,0,0,0,0,0,0,0,1
8119,1.72E-01,0,8119,Not eroded,0,0,0,0,0,0,1,1,1,1,1
8120,9.11E-02,0,8120,Not eroded,0,0,0,0,0,0,1,1,1,1,1
8121,2.06E-01,0,8121,Not eroded,0,1,0,0,0,0,1,1,1,1,1
8122,3.16E-01,0,8122,ERODED,1,1,1,1,1,1,1,1,1,1,1
8123,1.90E-01,4,8123,Not eroded,0,0,0,0,0,0,0,0,0,1,1
8124,2.95E-01,3,8124,Not eroded,0,1,1,1,1,1,1,0,0,1,1
8125,5.65E-02,3,8125,Not eroded,0,0,0,0,0,0,1,0,0,1,1
8126,8.30E-02,5,8126,Not eroded,0,0,0,0,0,0,0,0,0,0,1
8127,2.89E-01,0,8127,ERODED,1,1,1,1,1,1,1,1,1,1,1
8129,3.24E-01,0,8129,ERODED,1,1,1,1,1,1,1,1,1,1,1
8130,2.79E-01,5,8130,Not eroded,0,1,1,1,1,1,0,0,0,0,1
8131,1.39E-01,3,8131,Not eroded,0,0,0,0,0,0,1,0,0,1,1
8132,1.55E-01,5,8132,Not eroded,0,0,0,0,0,0,0,0,0,0,1
8133,3.10E-01,0,8133,ERODED,1,1,1,1,1,1,1,1,1,1,1
8134,9.80E-02,0,8134,Not eroded,0,0,0,0,0,0,1,1,1,1,1
8135,1.27E-01,3,8135,Not eroded,0,0,0,0,0,0,1,0,0,1,1
8136,9.57E-02,3,8136,Not eroded,0,0,0,0,0,0,1,0,0,1,1
8137,2.43E-01,0,8137,Not eroded,0,1,1,1,1,0,1,1,1,1,1
8139,1.68E-01,5,8139,Not eroded,0,0,0,0,0,0,0,0,0,0,1
8140,1.44E-01,0,8140,Not eroded,0,0,0,0,0,0,1,1,1,1,1
8141,2.80E-01,3,8141,Not eroded,0,1,1,1,1,1,1,0,0,1,1
8142,5.65E-02,5,8142,Not eroded,0,0,0,0,0,0,0,0,0,0,1
8143,8.52E-02,5,8143,Not eroded,0,0,0,0,0,0,0,0,0,0,1
8144,2.53E-01,3,8144,Not eroded,0,1,1,1,1,1,1,0,0,1,1
8145,5.66E-02,3,8145,Not eroded,0,0,0,0,0,0,1,0,0,1,1
8146,1.40E-01,0,8146,Not eroded,0,0,0,0,0,0,1,1,1,1,1
8147,7.91E-02,4,8147,Not eroded,0,0,0,0,0,0,0,0,0,1,1
8148,1.57E-01,6,8148,Not eroded,0,0,0,0,0,0,0,0,0,0,0
8149,9.89E-02,5,8149,Not eroded,0,0,0,0,0,0,0,0,0,0,1
8150,5.66E-02,4,8150,Not eroded,0,0,0,0,0,0,0,0,0,1,1
8151,3.26E-01,0,8151,ERODED,1,1,1,1,1,1,1,1,1,1,1
8152,1.89E-01,3,8152,Not eroded,0,0,0,0,0,0,1,0,0,1,1
8155,5.65E-02,4,8155,Not eroded,0,0,0,0,0,0,0,0,0,1,1
8156,5.65E-02,5,8156,Not eroded,0,0,0,0,0,0,0,0,0,0,1
8157,1.42E-01,4,8157,Not eroded,0,0,0,0,0,0,0,0,0,1,1
8158,2.80E-01,0,8158,Not eroded,0,1,1,1,1,1,1,1,1,1,1
8159,2.45E-01,4,8159,Not eroded,0,1,1,1,1,0,0,0,0,1,1
8160,3.00E-01,0,8160,ERODED,1,1,1,1,1,1,1,1,1,1,1
8161,8.21E-02,5,8161,Not eroded,0,0,0,0,0,0,0,0,0,0,1
8162,2.59E-01,0,8162,Not eroded,0,1,1,1,1,1,1,1,1,1,1
8163,2.71E-01,0,8163,Not eroded,0,1,1,1,1,1,1,1,1,1,1
8164,2.03E-01,5,8164,Not eroded,0,1,0,0,0,0,0,0,0,0,1
8165,1.25E-01,3,8165,Not eroded,0,0,0,0,0,0,1,0,0,1,1
8166,2.10E-01,0,8166,Not eroded,0,1,0,0,0,0,1,1,1,1,1
8167,6.98E-02,4,8167,Not eroded,0,0,0,0,0,0,0,0,0,1,1
8168,1.76E-01,4,8168,Not eroded,0,0,0,0,0,0,0,0,0,1,1
8169,2.81E-01,4,8169,Not eroded,0,1,1,1,1,1,0,0,0,1,1
8170,1.63E-01,5,8170,Not eroded,0,0,0,0,0,0,0,0,0,0,1
8171,7.73E-02,3,8171,Not eroded,0,0,0,0,0,0,1,0,0,1,1
8172,1.00E-01,0,8172,Not eroded,0,0,0,0,0,0,1,1,1,1,1
8173,1.51E-01,0,8173,Not eroded,0,0,0,0,0,0,1,1,1,1,1
8174,1.64E-01,0,8174,Not eroded,0,0,0,0,0,0,1,1,1,1,1
8175,1.36E-01,4,8175,Not eroded,0,0,0,0,0,0,0,0,0,1,1
8177,6.56E-02,4,8177,Not eroded,0,0,0,0,0,0,0,0,0,1,1
8178,1.03E-01,4,8178,Not eroded,0,0,0,0,0,0,0,0,0,1,1
8179,1.62E-01,5,8179,Not eroded,0,0,0,0,0,0,0,0,0,0,1
8180,1.52E-01,3,8180,Not eroded,0,0,0,0,0,0,1,0,0,1,1
8181,3.15E-01,0,8181,ERODED,1,1,1,1,1,1,1,1,1,1,1
8182,2.70E-01,3,8182,Not eroded,0,1,1,1,1,1,1,0,0,1,1
8183,1.39E-01,6,8183,Not eroded,0,0,0,0,0,0,0,0,0,0,0
8184,3.16E-01,0,8184,ERODED,1,1,1,1,1,1,1,1,1,1,1
8185,3.34E-01,0,8185,ERODED,1,1,1,1,1,1,1,1,1,1,1
8187,5.65E-02,4,8187,Not eroded,0,0,0,0,0,0,0,0,0,1,1
8189,6.43E-02,4,8189,Not eroded,0,0,0,0,0,0,0,0,0,1,1
8190,8.31E-02,6,8190,Not eroded,0,0,0,0,0,0,0,0,0,0,0
8191,1.11E-01,3,8191,Not eroded,0,0,0,0,0,0,1,0,0,1,1
8193,2.95E-01,3,8193,Not eroded,0,1,1,1,1,1,1,0,0,1,1
8194,1.62E-01,4,8194,Not eroded,0,0,0,0,0,0,0,0,0,1,1
8195,2.97E-01,4,8195,ERODED,1,1,1,1,1,1,0,0,0,1,1
8196,1.91E-01,3,8196,Not eroded,0,0,0,0,0,0,1,0,0,1,1
8197,1.94E-01,5,8197,Not eroded,0,1,0,0,0,0,0,0,0,0,1
8198,2.20E-01,3,8198,Not eroded,0,1,0,0,0,0,1,0,0,1,1
8199,3.18E-01,0,8199,ERODED,1,1,1,1,1,1,1,1,1,1,1
8200,9.93E-02,0,8200,Not eroded,0,0,0,0,0,0,1,1,1,1,1
8201,2.93E-01,0,8201,ERODED,1,1,1,1,1,1,1,1,1,1,1
8202,2.55E-01,5,8202,Not eroded,0,1,1,1,1,1,0,0,0,0,1
8203,1.86E-01,0,8203,Not eroded,0,0,0,0,0,0,1,1,1,1,1
8204,1.11E-01,0,8204,Not eroded,0,0,0,0,0,0,1,1,1,1,1
8206,3.28E-01,0,8206,ERODED,1,1,1,1,1,1,1,1,1,1,1
8207,3.13E-01,0,8207,ERODED,1,1,1,1,1,1,1,1,1,1,1
8208,3.25E-01,0,8208,ERODED,1,1,1,1,1,1,1,1,1,1,1
8209,1.61E-01,0,8209,Not eroded,0,0,0,0,0,0,1,1,1,1,1
8210,9.86E-02,4,8210,Not eroded,0,0,0,0,0,0,0,0,0,1,1
8211,2.56E-01,0,8211,Not eroded,0,1,1,1,1,1,1,1,1,1,1
8212,2.12E-01,0,8212,Not eroded,0,1,0,0,0,0,1,1,1,1,1
8213,8.29E-02,0,8213,Not eroded,0,0,0,0,0,0,1,1,1,1,1
8214,2.81E-01,0,8214,Not eroded,0,1,1,1,1,1,1,1,1,1,1
8215,1.96E-01,3,8215,Not eroded,0,1,0,0,0,0,1,0,0,1,1
8216,1.48E-01,4,8216,Not eroded,0,0,0,0,0,0,0,0,0,1,1
8217,2.95E-01,2,8217,Not eroded,0,1,1,1,1,1,1,0,1,1,1
8218,9.51E-02,0,8218,Not eroded,0,0,0,0,0,0,1,1,1,1,1
8219,1.73E-01,4,8219,Not eroded,0,0,0,0,0,0,0,0,0,1,1
8220,9.44E-02,4,8220,Not eroded,0,0,0,0,0,0,0,0,0,1,1
8221,1.77E-01,0,8221,Not eroded,0,0,0,0,0,0,1,1,1,1,1
8222,6.55E-02,0,8222,Not eroded,0,0,0,0,0,0,1,1,1,1,1
8223,1.59E-01,6,8223,Not eroded,0,0,0,0,0,0,0,0,0,0,0
8224,5.65E-02,4,8224,Not eroded,0,0,0,0,0,0,0,0,0,1,1
8225,1.82E-01,4,8225,Not eroded,0,0,0,0,0,0,0,0,0,1,1
8226,2.02E-01,5,8226,Not eroded,0,1,0,0,0,0,0,0,0,0,1
8227,2.73E-01,0,8227,Not eroded,0,1,1,1,1,1,1,1,1,1,1
8228,6.62E-02,2,8228,Not eroded,0,0,0,0,0,0,1,0,1,1,1
8229,2.04E-01,0,8229,Not eroded,0,1,0,0,0,0,1,1,1,1,1
8230,2.63E-01,6,8230,Not eroded,0,1,1,1,1,1,0,0,0,0,0
8231,2.45E-01,5,8231,Not eroded,0,1,1,1,1,0,0,0,0,0,1
8232,1.15E-01,5,8232,Not eroded,0,0,0,0,0,0,0,0,0,0,1
8233,2.76E-01,3,8233,Not eroded,0,1,1,1,1,1,1,0,0,1,1
8234,2.53E-01,3,8234,Not eroded,0,1,1,1,1,1,1,0,0,1,1
8235,9.50E-02,0,8235,Not eroded,0,0,0,0,0,0,1,1,1,1,1
8236,2.47E-01,3,8236,Not eroded,0,1,1,1,1,0,1,0,0,1,1
8238,8.40E-02,4,8238,Not eroded,0,0,0,0,0,0,0,0,0,1,1
8239,1.54E-01,3,8239,Not eroded,0,0,0,0,0,0,1,0,0,1,1
8240,2.81E-01,4,8240,Not eroded,0,1,1,1,1,1,0,0,0,1,1
8241,6.40E-02,3,8241,Not eroded,0,0,0,0,0,0,1,0,0,1,1
8242,2.21E-01,0,8242,Not eroded,0,1,1,0,0,0,1,1,1,1,1
8243,1.97E-01,0,8243,Not eroded,0,1,0,0,0,0,1,1,1,1,1
8244,3.27E-01,0,8244,ERODED,1,1,1,1,1,1,1,1,1,1,1
8245,1.55E-01,3,8245,Not eroded,0,0,0,0,0,0,1,0,0,1,1
8246,2.13E-01,3,8246,Not eroded,0,1,0,0,0,0,1,0,0,1,1
8247,9.88E-02,4,8247,Not eroded,0,0,0,0,0,0,0,0,0,1,1
8248,1.53E-01,0,8248,Not eroded,0,0,0,0,0,0,1,1,1,1,1
8249,2.19E-01,0,8249,Not eroded,0,1,0,0,0,0,1,1,1,1,1
8250,1.65E-01,0,8250,Not eroded,0,0,0,0,0,0,1,1,1,1,1
8252,2.97E-01,4,8252,Not eroded,0,1,1,1,1,1,0,0,0,1,1
8254,7.84E-02,3,8254,Not eroded,0,0,0,0,0,0,1,0,0,1,1
8255,3.26E-01,0,8255,ERODED,1,1,1,1,1,1,1,1,1,1,1
8256,1.61E-01,3,8256,Not eroded,0,0,0,0,0,0,1,0,0,1,1
8257,1.57E-01,0,8257,Not eroded,0,0,0,0,0,0,1,1,1,1,1
8258,6.61E-02,4,8258,Not eroded,0,0,0,0,0,0,0,0,0,1,1
8259,1.61E-01,0,8259,Not eroded,0,0,0,0,0,0,1,1,1,1,1
8260,1.71E-01,4,8260,Not eroded,0,0,0,0,0,0,0,0,0,1,1
8261,2.57E-01,2,8261,Not eroded,0,1,1,1,1,1,1,0,1,1,1
8262,1.93E-01,4,8262,Not eroded,0,1,0,0,0,0,0,0,0,1,1
8263,2.76E-01,4,8263,Not eroded,0,1,1,1,1,1,0,0,0,1,1
8264,1.70E-01,2,8264,Not eroded,0,0,0,0,0,0,1,0,1,1,1
8265,2.21E-01,5,8265,Not eroded,0,1,1,0,0,0,0,0,0,0,1
8266,9.25E-02,3,8266,Not eroded,0,0,0,0,0,0,1,0,0,1,1
8267,2.18E-01,3,8267,Not eroded,0,1,0,0,0,0,1,0,0,1,1
8268,1.67E-01,5,8268,Not eroded,0,0,0,0,0,0,0,0,0,0,1
8269,1.35E-01,0,8269,Not eroded,0,0,0,0,0,0,1,1,1,1,1
8270,1.66E-01,0,8270,Not eroded,0,0,0,0,0,0,1,1,1,1,1
8271,3.22E-01,0,8271,ERODED,1,1,1,1,1,1,1,1,1,1,1
8272,1.48E-01,4,8272,Not eroded,0,0,0,0,0,0,0,0,0,1,1
8274,1.22E-01,6,8274,Not eroded,0,0,0,0,0,0,0,0,0,0,0
8275,9.34E-02,0,8275,Not eroded,0,0,0,0,0,0,1,1,1,1,1
8276,2.07E-01,0,8276,Not eroded,0,1,0,0,0,0,1,1,1,1,1
8277,2.54E-01,0,8277,Not eroded,0,1,1,1,1,1,1,1,1,1,1
8278,8.42E-02,5,8278,Not eroded,0,0,0,0,0,0,0,0,0,0,1
8279,5.66E-02,3,8279,Not eroded,0,0,0,0,0,0,1,0,0,1,1
8280,5.63E-02,4,8280,Not eroded,0,0,0,0,0,0,0,0,0,1,1
8281,1.73E-01,4,8281,Not eroded,0,0,0,0,0,0,0,0,0,1,1
8282,2.76E-01,0,8282,Not eroded,0,1,1,1,1,1,1,1,1,1,1
8283,1.48E-01,5,8283,Not eroded,0,0,0,0,0,0,0,0,0,0,1
8284,2.96E-01,0,8284,ERODED,1,1,1,1,1,1,1,1,1,1,1
8285,2.96E-01,0,8285,Not eroded,0,1,1,1,1,1,1,1,1,1,1
8286,1.16E-01,5,8286,Not eroded,0,0,0,0,0,0,0,0,0,0,1
8287,1.49E-01,3,8287,Not eroded,0,0,0,0,0,0,1,0,0,1,1
8288,1.31E-01,4,8288,Not eroded,0,0,0,0,0,0,0,0,0,1,1
8289,1.27E-01,0,8289,Not eroded,0,0,0,0,0,0,1,1,1,1,1
8290,7.89E-02,0,8290,Not eroded,0,0,0,0,0,0,1,1,1,1,1
8291,3.18E-01,0,8291,ERODED,1,1,1,1,1,1,1,1,1,1,1
8292,8.69E-02,3,8292,Not eroded,0,0,0,0,0,0,1,0,0,1,1
8293,2.69E-01,0,8293,Not eroded,0,1,1,1,1,1,1,1,1,1,1
8294,1.99E-01,4,8294,Not eroded,0,1,0,0,0,0,0,0,0,1,1
8295,3.17E-01,0,8295,ERODED,1,1,1,1,1,1,1,1,1,1,1
8296,5.64E-02,3,8296,Not eroded,0,0,0,0,0,0,1,0,0,1,1
8297,1.55E-01,0,8297,Not eroded,0,0,0,0,0,0,1,1,1,1,1
8298,2.43E-01,4,8298,Not eroded,0,1,1,1,1,0,0,0,0,1,1
8299,1.11E-01,0,8299,Not eroded,0,0,0,0,0,0,1,1,1,1,1
8300,8.83E-02,4,8300,Not eroded,0,0,0,0,0,0,0,0,0,1,1
8301,1.87E-01,3,8301,Not eroded,0,0,0,0,0,0,1,0,0,1,1
8302,2.77E-01,4,8302,Not eroded,0,1,1,1,1,1,0,0,0,1,1
8304,1.01E-01,2,8304,Not eroded,0,0,0,0,0,0,1,0,1,1,1
8305,1.06E-01,0,8305,Not eroded,0,0,0,0,0,0,1,1,1,1,1
8306,1.36E-01,3,8306,Not eroded,0,0,0,0,0,0,1,0,0,1,1
8307,1.42E-01,5,8307,Not eroded,0,0,0,0,0,0,0,0,0,0,1
8308,1.38E-01,4,8308,Not eroded,0,0,0,0,0,0,0,0,0,1,1
8309,2.05E-01,5,8309,Not eroded,0,1,0,0,0,0,0,0,0,0,1
8310,8.78E-02,5,8310,Not eroded,0,0,0,0,0,0,0,0,0,0,1
8311,9.59E-02,3,8311,Not eroded,0,0,0,0,0,0,1,0,0,1,1
8312,2.38E-01,2,8312,Not eroded,0,1,1,1,0,0,1,0,1,1,1
8313,2.82E-01,6,8313,Not eroded,0,1,1,1,1,1,0,0,0,0,0
8314,1.13E-01,3,8314,Not eroded,0,0,0,0,0,0,1,0,0,1,1
8315,5.65E-02,3,8315,Not eroded,0,0,0,0,0,0,1,0,0,1,1
8316,1.00E-01,5,8316,Not eroded,0,0,0,0,0,0,0,0,0,0,1
8317,1.78E-01,3,8317,Not eroded,0,0,0,0,0,0,1,0,0,1,1
8318,1.36E-01,5,8318,Not eroded,0,0,0,0,0,0,0,0,0,0,1
8319,1.73E-01,0,8319,Not eroded,0,0,0,0,0,0,1,1,1,1,1
8320,2.92E-01,3,8320,Not eroded,0,1,1,1,1,1,1,0,0,1,1
8322,2.24E-01,4,8322,Not eroded,0,1,1,0,0,0,0,0,0,1,1
8323,8.61E-02,5,8323,Not eroded,0,0,0,0,0,0,0,0,0,0,1
8324,2.04E-01,0,8324,Not eroded,0,1,0,0,0,0,1,1,1,1,1
8325,2.80E-01,3,8325,Not eroded,0,1,1,1,1,1,1,0,0,1,1
8326,1.78E-01,0,8326,Not eroded,0,0,0,0,0,0,1,1,1,1,1
8328,1.84E-01,0,8328,Not eroded,0,0,0,0,0,0,1,1,1,1,1
8329,1.13E-01,0,8329,Not eroded,0,0,0,0,0,0,1,1,1,1,1
8330,6.34E-02,6,8330,Not eroded,0,0,0,0,0,0,0,0,0,0,0
8331,1.39E-01,0,8331,Not eroded,0,0,0,0,0,0,1,1,1,1,1
8332,1.51E-01,0,8332,Not eroded,0,0,0,0,0,0,1,1,1,1,1
8333,1.37E-01,0,8333,Not eroded,0,0,0,0,0,0,1,1,1,1,1
8334,1.72E-01,5,8334,Not eroded,0,0,0,0,0,0,0,0,0,0,1
8335,1.00E-01,0,8335,Not eroded,0,0,0,0,0,0,1,1,1,1,1
8336,1.03E-01,4,8336,Not eroded,0,0,0,0,0,0,0,0,0,1,1
8337,5.65E-02,3,8337,Not eroded,0,0,0,0,0,0,1,0,0,1,1
8338,2.74E-01,5,8338,Not eroded,0,1,1,1,1,1,0,0,0,0,1
8339,2.90E-01,0,8339,Not eroded,0,1,1,1,1,1,1,1,1,1,1
8341,2.76E-01,4,8341,Not eroded,0,1,1,1,1,1,0,0,0,1,1
8342,1.18E-01,3,8342,Not eroded,0,0,0,0,0,0,1,0,0,1,1
8343,6.61E-02,5,8343,Not eroded,0,0,0,0,0,0,0,0,0,0,1
8344,2.95E-01,4,8344,Not eroded,0,1,1,1,1,1,0,0,0,1,1
8346,2.22E-01,3,8346,Not eroded,0,1,1,0,0,0,1,0,0,1,1
8348,1.68E-01,3,8348,Not eroded,0,0,0,0,0,0,1,0,0,1,1
8349,5.65E-02,5,8349,Not eroded,0,0,0,0,0,0,0,0,0,0,1
8350,1.96E-01,6,8350,Not eroded,0,1,0,0,0,0,0,0,0,0,0
8352,6.54E-02,0,8352,Not eroded,0,0,0,0,0,0,1,1,1,1,1
8353,1.80E-01,0,8353,Not eroded,0,0,0,0,0,0,1,1,1,1,1
8354,2.18E-01,0,8354,Not eroded,0,1,0,0,0,0,1,1,1,1,1
8355,1.67E-01,5,8355,Not eroded,0,0,0,0,0,0,0,0,0,0,1
8356,2.96E-01,5,8356,Not eroded,0,1,1,1,1,1,0,0,0,0,1
8357,9.85E-02,0,8357,Not eroded,0,0,0,0,0,0,1,1,1,1,1
8358,2.83E-01,0,8358,ERODED,1,1,1,1,1,1,1,1,1,1,1
8359,1.87E-01,0,8359,Not eroded,0,0,0,0,0,0,1,1,1,1,1
8361,6.55E-02,3,8361,Not eroded,0,0,0,0,0,0,1,0,0,1,1
8362,1.29E-01,4,8362,Not eroded,0,0,0,0,0,0,0,0,0,1,1
8363,2.40E-01,0,8363,Not eroded,0,1,1,1,0,0,1,1,1,1,1
8364,6.57E-02,5,8364,Not eroded,0,0,0,0,0,0,0,0,0,0,1
8365,8.84E-02,0,8365,Not eroded,0,0,0,0,0,0,1,1,1,1,1
8368,1.63E-01,5,8368,Not eroded,0,0,0,0,0,0,0,0,0,0,1
8369,2.21E-01,4,8369,Not eroded,0,1,1,0,0,0,0,0,0,1,1
8370,1.36E-01,2,8370,Not eroded,0,0,0,0,0,0,1,0,1,1,1
8371,2.91E-01,5,8371,Not eroded,0,1,1,1,1,1,0,0,0,0,1
8372,1.73E-01,3,8372,Not eroded,0,0,0,0,0,0,1,0,0,1,1
8373,1.23E-01,4,8373,Not eroded,0,0,0,0,0,0,0,0,0,1,1
8374,8.65E-02,3,8374,Not eroded,0,0,0,0,0,0,1,0,0,1,1
8375,2.25E-01,0,8375,Not eroded,0,1,1,0,0,0,1,1,1,1,1
8376,1.26E-01,4,8376,Not eroded,0,0,0,0,0,0,0,0,0,1,1
8377,2.11E-01,0,8377,Not eroded,0,1,0,0,0,0,1,1,1,1,1
8378,3.13E-01,0,8378,ERODED,1,1,1,1,1,1,1,1,1,1,1
8379,1.35E-01,3,8379,Not eroded,0,0,0,0,0,0,1,0,0,1,1
8380,6.87E-02,0,8380,Not eroded,0,0,0,0,0,0,1,1,1,1,1
8381,2.78E-01,0,8381,Not eroded,0,1,1,1,1,1,1,1,1,1,1
8382,2.27E-01,3,8382,Not eroded,0,1,1,0,0,0,1,0,0,1,1
8384,7.32E-02,6,8384,Not eroded,0,0,0,0,0,0,0,0,0,0,0
8385,8.37E-02,0,8385,Not eroded,0,0,0,0,0,0,1,1,1,1,1
8386,9.02E-02,4,8386,Not eroded,0,0,0,0,0,0,0,0,0,1,1
8387,2.42E-01,0,8387,Not eroded,0,1,1,1,1,0,1,1,1,1,1
8388,9.03E-02,0,8388,Not eroded,0,0,0,0,0,0,1,1,1,1,1
8389,2.09E-01,0,8389,Not eroded,0,1,0,0,0,0,1,1,1,1,1
8390,1.68E-01,0,8390,Not eroded,0,0,0,0,0,0,1,1,1,1,1
8391,9.92E-02,0,8391,Not eroded,0,0,0,0,0,0,1,1,1,1,1
8392,2.04E-01,0,8392,Not eroded,0,1,0,0,0,0,1,1,1,1,1
8393,1.61E-01,0,8393,Not eroded,0,0,0,0,0,0,1,1,1,1,1
8394,3.34E-01,0,8394,ERODED,1,1,1,1,1,1,1,1,1,1,1
8395,1.90E-01,0,8395,Not eroded,0,0,0,0,0,0,1,1,1,1,1
8396,1.13E-01,4,8396,Not eroded,0,0,0,0,0,0,0,0,0,1,1
8397,6.66E-02,4,8397,Not eroded,0,0,0,0,0,0,0,0,0,1,1
8398,1.86E-01,0,8398,Not eroded,0,0,0,0,0,0,1,1,1,1,1
8399,3.19E-01,0,8399,ERODED,1,1,1,1,1,1,1,1,1,1,1
8400,6.37E-02,6,8400,Not eroded,0,0,0,0,0,0,0,0,0,0,0
8401,5.67E-02,3,8401,Not eroded,0,0,0,0,0,0,1,0,0,1,1
8402,3.01E-01,0,8402,ERODED,1,1,1,1,1,1,1,1,1,1,1
8403,1.88E-01,0,8403,Not eroded,0,0,0,0,0,0,1,1,1,1,1
8404,2.67E-01,5,8404,Not eroded,0,1,1,1,1,1,0,0,0,0,1
8405,2.71E-01,4,8405,Not eroded,0,1,1,1,1,1,0,0,0,1,1
8406,2.69E-01,0,8406,Not eroded,0,1,1,1,1,1,1,1,1,1,1
8407,2.04E-01,4,8407,Not eroded,0,1,0,0,0,0,0,0,0,1,1
8409,2.20E-01,0,8409,Not eroded,0,1,0,0,0,0,1,1,1,1,1
8410,2.14E-01,0,8410,Not eroded,0,1,0,0,0,0,1,1,1,1,1
8412,5.65E-02,2,8412,Not eroded,0,0,0,0,0,0,1,0,1,1,1
8413,1.20E-01,0,8413,Not eroded,0,0,0,0,0,0,1,1,1,1,1
8414,2.27E-01,3,8414,Not eroded,0,1,1,0,0,0,1,0,0,1,1
8415,9.23E-02,5,8415,Not eroded,0,0,0,0,0,0,0,0,0,0,1
8416,8.03E-02,4,8416,Not eroded,0,0,0,0,0,0,0,0,0,1,1
8417,1.00E-01,5,8417,Not eroded,0,0,0,0,0,0,0,0,0,0,1
8418,5.65E-02,4,8418,Not eroded,0,0,0,0,0,0,0,0,0,1,1
8419,2.37E-01,4,8419,Not eroded,0,1,1,1,0,0,0,0,0,1,1
8420,2.69E-01,0,8420,Not eroded,0,1,1,1,1,1,1,1,1,1,1
8421,1.71E-01,2,8421,Not eroded,0,0,0,0,0,0,1,0,1,1,1
8423,1.80E-01,3,8423,Not eroded,0,0,0,0,0,0,1,0,0,1,1
8424,6.22E-02,5,8424,Not eroded,0,0,0,0,0,0,0,0,0,0,1
8426,2.51E-01,6,8426,Not eroded,0,1,1,1,1,1,0,0,0,0,0
8427,9.07E-02,3,8427,Not eroded,0,0,0,0,0,0,1,0,0,1,1
8428,1.96E-01,3,8428,Not eroded,0,1,0,0,0,0,1,0,0,1,1
8429,1.26E-01,4,8429,Not eroded,0,0,0,0,0,0,0,0,0,1,1
8430,1.87E-01,0,8430,Not eroded,0,0,0,0,0,0,1,1,1,1,1
8433,2.83E-01,0,8433,ERODED,1,1,1,1,1,1,1,1,1,1,1
8434,1.74E-01,5,8434,Not eroded,0,0,0,0,0,0,0,0,0,0,1
8435,1.58E-01,6,8435,Not eroded,0,0,0,0,0,0,0,0,0,0,0
8436,1.82E-01,5,8436,Not eroded,0,0,0,0,0,0,0,0,0,0,1
8438,3.05E-01,0,8438,Not eroded,0,1,1,1,1,1,1,1,1,1,1
8439,6.34E-02,4,8439,Not eroded,0,0,0,0,0,0,0,0,0,1,1
8440,3.01E-01,0,8440,ERODED,1,1,1,1,1,1,1,1,1,1,1
8441,5.65E-02,4,8441,Not eroded,0,0,0,0,0,0,0,0,0,1,1
8442,2.18E-01,4,8442,Not eroded,0,1,0,0,0,0,0,0,0,1,1
8443,1.52E-01,5,8443,Not eroded,0,0,0,0,0,0,0,0,0,0,1
8444,1.41E-01,0,8444,Not eroded,0,0,0,0,0,0,1,1,1,1,1
8445,6.26E-02,3,8445,Not eroded,0,0,0,0,0,0,1,0,0,1,1
8446,2.78E-01,5,8446,Not eroded,0,1,1,1,1,1,0,0,0,0,1
8447,1.44E-01,5,8447,Not eroded,0,0,0,0,0,0,0,0,0,0,1
8448,2.42E-01,0,8448,Not eroded,0,1,1,1,1,0,1,1,1,1,1
8449,5.65E-02,2,8449,Not eroded,0,0,0,0,0,0,1,0,1,1,1
8450,1.91E-01,5,8450,Not eroded,0,1,0,0,0,0,0,0,0,0,1
8451,2.64E-01,0,8451,Not eroded,0,1,1,1,1,1,1,1,1,1,1
8452,1.40E-01,5,8452,Not eroded,0,0,0,0,0,0,0,0,0,0,1
8453,1.79E-01,3,8453,Not eroded,0,0,0,0,0,0,1,0,0,1,1
8454,1.61E-01,0,8454,Not eroded,0,0,0,0,0,0,1,1,1,1,1
8455,9.71E-02,4,8455,Not eroded,0,0,0,0,0,0,0,0,0,1,1
8457,1.99E-01,0,8457,Not eroded,0,1,0,0,0,0,1,1,1,1,1
8458,2.16E-01,3,8458,Not eroded,0,1,0,0,0,0,1,0,0,1,1
8459,2.14E-01,4,8459,Not eroded,0,1,0,0,0,0,0,0,0,1,1
8460,6.75E-02,3,8460,Not eroded,0,0,0,0,0,0,1,0,0,1,1
8461,2.51E-01,0,8461,Not eroded,0,1,1,1,1,1,1,1,1,1,1
8462,2.66E-01,0,8462,Not eroded,0,1,1,1,1,1,1,1,1,1,1
8464,5.65E-02,4,8464,Not eroded,0,0,0,0,0,0,0,0,0,1,1
8465,8.69E-02,3,8465,Not eroded,0,0,0,0,0,0,1,0,0,1,1
8466,3.18E-01,0,8466,ERODED,1,1,1,1,1,1,1,1,1,1,1
8467,8.06E-02,5,8467,Not eroded,0,0,0,0,0,0,0,0,0,0,1
8468,8.40E-02,3,8468,Not eroded,0,0,0,0,0,0,1,0,0,1,1
8469,1.30E-01,3,8469,Not eroded,0,0,0,0,0,0,1,0,0,1,1
8470,2.87E-01,4,8470,Not eroded,0,1,1,1,1,1,0,0,0,1,1
8471,9.37E-02,6,8471,Not eroded,0,0,0,0,0,0,0,0,0,0,0
8472,1.45E-01,4,8472,Not eroded,0,0,0,0,0,0,0,0,0,1,1
8473,3.01E-01,0,8473,ERODED,1,1,1,1,1,1,1,1,1,1,1
8474,9.37E-02,0,8474,Not eroded,0,0,0,0,0,0,1,1,1,1,1
8475,2.92E-01,2,8475,Not eroded,0,1,1,1,1,1,1,0,1,1,1
8476,2.48E-01,0,8476,Not eroded,0,1,1,1,1,0,1,1,1,1,1
8478,3.01E-01,0,8478,ERODED,1,1,1,1,1,1,1,1,1,1,1
8479,1.73E-01,4,8479,Not eroded,0,0,0,0,0,0,0,0,0,1,1
8480,2.52E-01,3,8480,Not eroded,0,1,1,1,1,1,1,0,0,1,1
8481,5.65E-02,4,8481,Not eroded,0,0,0,0,0,0,0,0,0,1,1
8482,1.64E-01,0,8482,Not eroded,0,0,0,0,0,0,1,1,1,1,1
8484,1.73E-01,3,8484,Not eroded,0,0,0,0,0,0,1,0,0,1,1
8485,7.65E-02,4,8485,Not eroded,0,0,0,0,0,0,0,0,0,1,1
8486,2.04E-01,0,8486,Not eroded,0,1,0,0,0,0,1,1,1,1,1
8487,5.65E-02,4,8487,Not eroded,0,0,0,0,0,0,0,0,0,1,1
8488,2.17E-01,2,8488,Not eroded,0,1,0,0,0,0,1,0,1,1,1
8490,2.56E-01,5,8490,Not eroded,0,1,1,1,1,1,0,0,0,0,1
8491,8.65E-02,6,8491,Not eroded,0,0,0,0,0,0,0,0,0,0,0
8492,2.84E-01,0,8492,ERODED,1,1,1,1,1,1,1,1,1,1,1
8493,1.90E-01,4,8493,Not eroded,0,0,0,0,0,0,0,0,0,1,1
8494,2.21E-01,0,8494,Not eroded,0,1,1,0,0,0,1,1,1,1,1
8495,2.42E-01,4,8495,Not eroded,0,1,1,1,1,0,0,0,0,1,1
8496,1.54E-01,0,8496,Not eroded,0,0,0,0,0,0,1,1,1,1,1
8497,1.93E-01,5,8497,Not eroded,0,1,0,0,0,0,0,0,0,0,1
8498,2.19E-01,0,8498,Not eroded,0,1,0,0,0,0,1,1,1,1,1
8499,1.52E-01,0,8499,Not eroded,0,0,0,0,0,0,1,1,1,1,1
8501,2.48E-01,0,8501,Not eroded,0,1,1,1,1,0,1,1,1,1,1
8502,8.25E-02,2,8502,Not eroded,0,0,0,0,0,0,1,0,1,1,1
8503,5.65E-02,3,8503,Not eroded,0,0,0,0,0,0,1,0,0,1,1
8504,1.98E-01,4,8504,Not eroded,0,1,0,0,0,0,0,0,0,1,1
8505,2.50E-01,0,8505,Not eroded,0,1,1,1,1,0,1,1,1,1,1
8506,5.65E-02,3,8506,Not eroded,0,0,0,0,0,0,1,0,0,1,1
8507,2.84E-01,6,8507,Not eroded,0,1,1,1,1,1,0,0,0,0,0
8508,1.30E-01,7,8508,Not eroded,0,0,0,0,0,0,0,0,0,0,0
8511,2.36E-01,3,8511,Not eroded,0,1,1,1,0,0,1,0,0,1,1
8512,2.65E-01,0,8512,Not eroded,0,1,1,1,1,1,1,1,1,1,1
8513,2.41E-01,3,8513,Not eroded,0,1,1,1,1,0,1,0,0,1,1
8514,1.29E-01,0,8514,Not eroded,0,0,0,0,0,0,1,1,1,1,1
8515,9.82E-02,0,8515,Not eroded,0,0,0,0,0,0,1,1,1,1,1
8516,6.51E-02,4,8516,Not eroded,0,0,0,0,0,0,0,0,0,1,1
8517,2.27E-01,4,8517,Not eroded,0,1,1,0,0,0,0,0,0,1,1
8518,1.92E-01,4,8518,Not eroded,0,1,0,0,0,0,0,0,0,1,1
8519,2.72E-01,4,8519,Not eroded,0,1,1,1,1,1,0,0,0,1,1
8521,2.32E-01,3,8521,Not eroded,0,1,1,1,0,0,1,0,0,1,1
8522,2.63E-01,0,8522,Not eroded,0,1,1,1,1,1,1,1,1,1,1
8523,1.79E-01,4,8523,Not eroded,0,0,0,0,0,0,0,0,0,1,1
8524,8.91E-02,5,8524,Not eroded,0,0,0,0,0,0,0,0,0,0,1
8525,6.87E-02,4,8525,Not eroded,0,0,0,0,0,0,0,0,0,1,1
8526,2.51E-01,5,8526,Not eroded,0,1,1,1,1,1,0,0,0,0,1
8527,2.67E-01,3,8527,Not eroded,0,1,1,1,1,1,1,0,0,1,1
8528,2.75E-01,4,8528,Not eroded,0,1,1,1,1,1,0,0,0,1,1
8529,1.28E-01,4,8529,Not eroded,0,0,0,0,0,0,0,0,0,1,1
8530,1.39E-01,5,8530,Not eroded,0,0,0,0,0,0,0,0,0,0,1
8531,3.09E-01,0,8531,ERODED,1,1,1,1,1,1,1,1,1,1,1
8532,3.10E-01,0,8532,ERODED,1,1,1,1,1,1,1,1,1,1,1
8533,1.39E-01,0,8533,Not eroded,0,0,0,0,0,0,1,1,1,1,1
8534,1.47E-01,0,8534,Not eroded,0,0,0,0,0,0,1,1,1,1,1
8535,1.10E-01,4,8535,Not eroded,0,0,0,0,0,0,0,0,0,1,1
8536,6.85E-02,0,8536,Not eroded,0,0,0,0,0,0,1,1,1,1,1
8537,1.71E-01,5,8537,Not eroded,0,0,0,0,0,0,0,0,0,0,1
8538,6.82E-02,4,8538,Not eroded,0,0,0,0,0,0,0,0,0,1,1
8539,1.84E-01,0,8539,Not eroded,0,0,0,0,0,0,1,1,1,1,1
8540,2.84E-01,5,8540,Not eroded,0,1,1,1,1,1,0,0,0,0,1
8541,2.52E-01,3,8541,Not eroded,0,1,1,1,1,1,1,0,0,1,1
8542,1.95E-01,4,8542,Not eroded,0,1,0,0,0,0,0,0,0,1,1
8543,1.38E-01,8,8543,Not eroded,0,0,0,0,0,0,0,0,0,0,0
8544,1.48E-01,0,8544,Not eroded,0,0,0,0,0,0,1,1,1,1,1
8545,2.41E-01,0,8545,Not eroded,0,1,1,1,1,0,1,1,1,1,1
8547,7.49E-02,4,8547,Not eroded,0,0,0,0,0,0,0,0,0,1,1
8548,7.48E-02,0,8548,Not eroded,0,0,0,0,0,0,1,1,1,1,1
8549,2.75E-01,4,8549,Not eroded,0,1,1,1,1,1,0,0,0,1,1
8550,1.62E-01,3,8550,Not eroded,0,0,0,0,0,0,1,0,0,1,1
8551,2.88E-01,4,8551,Not eroded,0,1,1,1,1,1,0,0,0,1,1
8552,7.71E-02,4,8552,Not eroded,0,0,0,0,0,0,0,0,0,1,1
8553,2.71E-01,3,8553,Not eroded,0,1,1,1,1,1,1,0,0,1,1
8554,1.15E-01,4,8554,Not eroded,0,0,0,0,0,0,0,0,0,1,1
8555,3.03E-01,0,8555,ERODED,1,1,1,1,1,1,1,1,1,1,1
8556,8.55E-02,3,8556,Not eroded,0,0,0,0,0,0,1,0,0,1,1
8557,1.52E-01,5,8557,Not eroded,0,0,0,0,0,0,0,0,0,0,1
8558,1.89E-01,4,8558,Not eroded,0,0,0,0,0,0,0,0,0,1,1
8560,2.84E-01,4,8560,Not eroded,0,1,1,1,1,1,0,0,0,1,1
8561,1.65E-01,3,8561,Not eroded,0,0,0,0,0,0,1,0,0,1,1
8562,1.36E-01,2,8562,Not eroded,0,0,0,0,0,0,1,0,1,1,1
8563,1.66E-01,4,8563,Not eroded,0,0,0,0,0,0,0,0,0,1,1
8564,5.65E-02,2,8564,Not eroded,0,0,0,0,0,0,1,0,1,1,1
8565,2.82E-01,0,8565,Not eroded,0,1,1,1,1,1,1,1,1,1,1
8566,1.08E-01,0,8566,Not eroded,0,0,0,0,0,0,1,1,1,1,1
8568,1.79E-01,6,8568,Not eroded,0,0,0,0,0,0,0,0,0,0,0
8569,2.54E-01,0,8569,ERODED,1,1,1,1,1,1,1,1,1,1,1
8571,8.91E-02,0,8571,Not eroded,0,0,0,0,0,0,1,1,1,1,1
8572,1.76E-01,0,8572,Not eroded,0,0,0,0,0,0,1,1,1,1,1
8573,1.41E-01,3,8573,Not eroded,0,0,0,0,0,0,1,0,0,1,1
8574,1.74E-01,0,8574,Not eroded,0,0,0,0,0,0,1,1,1,1,1
8575,1.05E-01,5,8575,Not eroded,0,0,0,0,0,0,0,0,0,0,1
8576,3.27E-01,0,8576,ERODED,1,1,1,1,1,1,1,1,1,1,1
8577,2.57E-01,4,8577,Not eroded,0,1,1,1,1,1,0,0,0,1,1
8578,2.91E-01,0,8578,Not eroded,0,1,1,1,1,1,1,1,1,1,1
8579,3.24E-01,0,8579,ERODED,1,1,1,1,1,1,1,1,1,1,1
8580,2.18E-01,7,8580,Not eroded,0,1,0,0,0,0,0,0,0,0,0
8581,3.17E-01,0,8581,ERODED,1,1,1,1,1,1,1,1,1,1,1
8582,3.29E-01,0,8582,ERODED,1,1,1,1,1,1,1,1,1,1,1
8584,1.19E-01,4,8584,Not eroded,0,0,0,0,0,0,0,0,0,1,1
8585,2.19E-01,0,8585,Not eroded,0,1,0,0,0,0,1,1,1,1,1
8586,2.30E-01,0,8586,Not eroded,0,1,1,0,0,0,1,1,1,1,1
8587,1.93E-01,4,8587,Not eroded,0,1,0,0,0,0,0,0,0,1,1
8590,1.07E-01,4,8590,Not eroded,0,0,0,0,0,0,0,0,0,1,1
8591,2.25E-01,0,8591,Not eroded,0,1,1,0,0,0,1,1,1,1,1
8593,1.87E-01,6,8593,Not eroded,0,0,0,0,0,0,0,0,0,0,0
8594,1.61E-01,5,8594,Not eroded,0,0,0,0,0,0,0,0,0,0,1
8595,2.73E-01,0,8595,ERODED,1,1,1,1,1,1,1,1,1,1,1
8596,1.23E-01,0,8596,Not eroded,0,0,0,0,0,0,1,1,1,1,1
8598,2.58E-01,4,8598,Not eroded,0,1,1,1,1,1,0,0,0,1,1
8599,1.06E-01,6,8599,Not eroded,0,0,0,0,0,0,0,0,0,0,0
8600,1.03E-01,6,8600,Not eroded,0,0,0,0,0,0,0,0,0,0,0
8601,2.32E-01,5,8601,Not eroded,0,1,1,1,0,0,0,0,0,0,1
8602,3.05E-01,0,8602,ERODED,1,1,1,1,1,1,1,1,1,1,1
8604,2.82E-01,0,8604,Not eroded,0,1,1,1,1,1,1,1,1,1,1
8605,2.10E-01,0,8605,Not eroded,0,1,0,0,0,0,1,1,1,1,1
8606,5.66E-02,0,8606,Not eroded,0,0,0,0,0,0,1,1,1,1,1
8607,2.36E-01,4,8607,Not eroded,0,1,1,1,0,0,0,0,0,1,1
8609,1.62E-01,0,8609,Not eroded,0,0,0,0,0,0,1,1,1,1,1
8610,2.06E-01,4,8610,Not eroded,0,1,0,0,0,0,0,0,0,1,1
8611,1.61E-01,5,8611,Not eroded,0,0,0,0,0,0,0,0,0,0,1
8612,9.96E-02,4,8612,Not eroded,0,0,0,0,0,0,0,0,0,1,1
8613,1.85E-01,4,8613,Not eroded,0,0,0,0,0,0,0,0,0,1,1
8614,2.66E-01,4,8614,Not eroded,0,1,1,1,1,1,0,0,0,1,1
8615,2.45E-01,3,8615,Not eroded,0,1,1,1,1,0,1,0,0,1,1
8617,8.33E-02,4,8617,Not eroded,0,0,0,0,0,0,0,0,0,1,1
8619,2.14E-01,3,8619,Not eroded,0,1,0,0,0,0,1,0,0,1,1
8620,3.26E-01,0,8620,ERODED,1,1,1,1,1,1,1,1,1,1,1
8621,1.20E-01,4,8621,Not eroded,0,0,0,0,0,0,0,0,0,1,1
8622,1.03E-01,4,8622,Not eroded,0,0,0,0,0,0,0,0,0,1,1
8624,2.60E-01,7,8624,Not eroded,0,1,1,1,1,1,0,0,0,0,0
8625,9.73E-02,5,8625,Not eroded,0,0,0,0,0,0,0,0,0,0,1
8626,3.31E-01,0,8626,ERODED,1,1,1,1,1,1,1,1,1,1,1
8627,3.25E-01,0,8627,ERODED,1,1,1,1,1,1,1,1,1,1,1
8628,1.52E-01,3,8628,Not eroded,0,0,0,0,0,0,1,0,0,1,1
8629,5.65E-02,5,8629,Not eroded,0,0,0,0,0,0,0,0,0,0,1
8630,1.62E-01,5,8630,Not eroded,0,0,0,0,0,0,0,0,0,0,1
8631,9.26E-02,3,8631,Not eroded,0,0,0,0,0,0,1,0,0,1,1
8632,1.65E-01,0,8632,Not eroded,0,0,0,0,0,0,1,1,1,1,1
8633,2.71E-01,4,8633,Not eroded,0,1,1,1,1,1,0,0,0,1,1
8634,1.32E-01,6,8634,Not eroded,0,0,0,0,0,0,0,0,0,0,0
8635,8.54E-02,3,8635,Not eroded,0,0,0,0,0,0,1,0,0,1,1
8636,1.65E-01,4,8636,Not eroded,0,0,0,0,0,0,0,0,0,1,1
8637,5.66E-02,2,8637,Not eroded,0,0,0,0,0,0,1,0,1,1,1
8638,2.29E-01,4,8638,Not eroded,0,1,1,0,0,0,0,0,0,1,1
8639,2.36E-01,2,8639,Not eroded,0,1,1,1,0,0,1,0,1,1,1
8640,2.14E-01,4,8640,Not eroded,0,1,0,0,0,0,0,0,0,1,1
8641,1.91E-01,6,8641,Not eroded,0,0,0,0,0,0,0,0,0,0,0
8642,3.09E-01,3,8642,Not eroded,0,1,1,1,1,1,1,0,0,1,1
8644,1.92E-01,4,8644,Not eroded,0,1,0,0,0,0,0,0,0,1,1
8646,2.11E-01,0,8646,Not eroded,0,1,0,0,0,0,1,1,1,1,1
8647,7.31E-02,4,8647,Not eroded,0,0,0,0,0,0,0,0,0,1,1
8648,6.60E-02,4,8648,Not eroded,0,0,0,0,0,0,0,0,0,1,1
8649,6.64E-02,0,8649,Not eroded,0,0,0,0,0,0,1,1,1,1,1
8650,1.64E-01,0,8650,Not eroded,0,0,0,0,0,0,1,1,1,1,1
8651,2.84E-01,0,8651,ERODED,1,1,1,1,1,1,1,1,1,1,1
8652,1.28E-01,3,8652,Not eroded,0,0,0,0,0,0,1,0,0,1,1
8653,2.96E-01,4,8653,Not eroded,0,1,1,1,1,1,0,0,0,1,1
8654,1.44E-01,4,8654,Not eroded,0,0,0,0,0,0,0,0,0,1,1
8655,2.19E-01,6,8655,Not eroded,0,1,0,0,0,0,0,0,0,0,0
8656,1.26E-01,3,8656,Not eroded,0,0,0,0,0,0,1,0,0,1,1
8657,2.32E-01,3,8657,Not eroded,0,1,1,1,0,0,1,0,0,1,1
8659,1.15E-01,4,8659,Not eroded,0,0,0,0,0,0,0,0,0,1,1
8660,2.88E-01,4,8660,Not eroded,0,1,1,1,1,1,0,0,0,1,1
8661,2.11E-01,0,8661,Not eroded,0,1,0,0,0,0,1,1,1,1,1
8662,2.09E-01,3,8662,Not eroded,0,1,0,0,0,0,1,0,0,1,1
8663,1.53E-01,0,8663,Not eroded,0,0,0,0,0,0,1,1,1,1,1
8664,1.31E-01,4,8664,Not eroded,0,0,0,0,0,0,0,0,0,1,1
8666,6.54E-02,5,8666,Not eroded,0,0,0,0,0,0,0,0,0,0,1
8667,2.76E-01,0,8667,Not eroded,0,1,1,1,1,1,1,1,1,1,1
8668,1.82E-01,3,8668,Not eroded,0,0,0,0,0,0,1,0,0,1,1
8669,6.04E-02,6,8669,Not eroded,0,0,0,0,0,0,0,0,0,0,0
8670,2.79E-01,4,8670,Not eroded,0,1,1,1,1,1,0,0,0,1,1
8671,3.07E-01,0,8671,ERODED,1,1,1,1,1,1,1,1,1,1,1
8672,2.29E-01,0,8672,Not eroded,0,1,1,0,0,0,1,1,1,1,1
8674,2.92E-01,5,8674,Not eroded,0,1,1,1,1,1,0,0,0,0,1
8675,1.22E-01,6,8675,Not eroded,0,0,0,0,0,0,0,0,0,0,0
8676,7.68E-02,4,8676,Not eroded,0,0,0,0,0,0,0,0,0,1,1
8677,1.10E-01,6,8677,Not eroded,0,0,0,0,0,0,0,0,0,0,0
8678,2.42E-01,0,8678,Not eroded,0,1,1,1,1,0,1,1,1,1,1
8679,1.50E-01,4,8679,Not eroded,0,0,0,0,0,0,0,0,0,1,1
8680,2.81E-01,0,8680,Not eroded,0,1,1,1,1,1,1,1,1,1,1
8681,1.02E-01,0,8681,Not eroded,0,0,0,0,0,0,1,1,1,1,1
8682,2.86E-01,0,8682,ERODED,1,1,1,1,1,1,1,1,1,1,1
8684,1.15E-01,5,8684,Not eroded,0,0,0,0,0,0,0,0,0,0,1
8685,3.33E-01,0,8685,ERODED,1,1,1,1,1,1,1,1,1,1,1
8686,2.67E-01,0,8686,Not eroded,0,1,1,1,1,1,1,1,1,1,1
8687,1.75E-01,5,8687,Not eroded,0,0,0,0,0,0,0,0,0,0,1
8688,2.25E-01,4,8688,Not eroded,0,1,1,0,0,0,0,0,0,1,1
8689,2.24E-01,5,8689,Not eroded,0,1,1,0,0,0,0,0,0,0,1
8690,5.65E-02,3,8690,Not eroded,0,0,0,0,0,0,1,0,0,1,1
8691,2.12E-01,0,8691,Not eroded,0,1,0,0,0,0,1,1,1,1,1
8692,1.74E-01,3,8692,Not eroded,0,0,0,0,0,0,1,0,0,1,1
8693,5.65E-02,3,8693,Not eroded,0,0,0,0,0,0,1,0,0,1,1
8694,1.52E-01,0,8694,Not eroded,0,0,0,0,0,0,1,1,1,1,1
8695,2.00E-01,3,8695,Not eroded,0,1,0,0,0,0,1,0,0,1,1
8696,3.13E-01,0,8696,ERODED,1,1,1,1,1,1,1,1,1,1,1
8697,2.21E-01,2,8697,Not eroded,0,1,1,0,0,0,1,0,1,1,1
8698,1.22E-01,4,8698,Not eroded,0,0,0,0,0,0,0,0,0,1,1
8699,2.87E-01,0,8699,ERODED,1,1,1,1,1,1,1,1,1,1,1
8700,3.01E-01,0,8700,ERODED,1,1,1,1,1,1,1,1,1,1,1
8701,3.00E-01,0,8701,Not eroded,0,1,1,1,1,1,1,1,1,1,1
8702,2.00E-01,3,8702,Not eroded,0,1,0,0,0,0,1,0,0,1,1
8703,2.77E-01,4,8703,Not eroded,0,1,1,1,1,1,0,0,0,1,1
8704,2.86E-01,0,8704,Not eroded,0,1,1,1,1,1,1,1,1,1,1
8706,7.01E-02,4,8706,Not eroded,0,0,0,0,0,0,0,0,0,1,1
8707,1.31E-01,3,8707,Not eroded,0,0,0,0,0,0,1,0,0,1,1
8708,1.58E-01,0,8708,Not eroded,0,0,0,0,0,0,1,1,1,1,1
8709,1.14E-01,3,8709,Not eroded,0,0,0,0,0,0,1,0,0,1,1
8710,2.17E-01,0,8710,Not eroded,0,1,0,0,0,0,1,1,1,1,1
8711,3.07E-01,0,8711,ERODED,1,1,1,1,1,1,1,1,1,1,1
8712,3.03E-01,0,8712,ERODED,1,1,1,1,1,1,1,1,1,1,1
8713,5.65E-02,5,8713,Not eroded,0,0,0,0,0,0,0,0,0,0,1
8714,2.94E-01,3,8714,Not eroded,0,1,1,1,1,1,1,0,0,1,1
8715,2.28E-01,3,8715,Not eroded,0,1,1,0,0,0,1,0,0,1,1
8716,9.76E-02,0,8716,Not eroded,0,0,0,0,0,0,1,1,1,1,1
8717,2.05E-01,4,8717,Not eroded,0,1,0,0,0,0,0,0,0,1,1
8718,9.47E-02,3,8718,Not eroded,0,0,0,0,0,0,1,0,0,1,1
8719,2.85E-01,0,8719,ERODED,1,1,1,1,1,1,1,1,1,1,1
8720,5.90E-02,0,8720,Not eroded,0,0,0,0,0,0,1,1,1,1,1
8721,7.60E-02,3,8721,Not eroded,0,0,0,0,0,0,1,0,0,1,1
8722,5.65E-02,4,8722,Not eroded,0,0,0,0,0,0,0,0,0,1,1
8723,1.49E-01,0,8723,Not eroded,0,0,0,0,0,0,1,1,1,1,1
8724,1.03E-01,5,8724,Not eroded,0,0,0,0,0,0,0,0,0,0,1
8725,2.09E-01,0,8725,Not eroded,0,1,0,0,0,0,1,1,1,1,1
8726,2.36E-01,5,8726,Not eroded,0,1,1,1,0,0,0,0,0,0,1
8727,1.36E-01,2,8727,Not eroded,0,0,0,0,0,0,1,0,1,1,1
8728,1.79E-01,0,8728,Not eroded,0,0,0,0,0,0,1,1,1,1,1
8729,2.73E-01,2,8729,Not eroded,0,1,1,1,1,1,1,0,1,1,1
8731,2.23E-01,3,8731,Not eroded,0,1,1,0,0,0,1,0,0,1,1
8733,1.58E-01,0,8733,Not eroded,0,0,0,0,0,0,1,1,1,1,1
8734,2.12E-01,3,8734,Not eroded,0,1,0,0,0,0,1,0,0,1,1
8735,8.28E-02,3,8735,Not eroded,0,0,0,0,0,0,1,0,0,1,1
8738,1.98E-01,5,8738,Not eroded,0,1,0,0,0,0,0,0,0,0,1
8739,1.92E-01,4,8739,Not eroded,0,1,0,0,0,0,0,0,0,1,1
8740,1.99E-01,6,8740,Not eroded,0,1,0,0,0,0,0,0,0,0,0
8741,1.97E-01,3,8741,Not eroded,0,1,0,0,0,0,1,0,0,1,1
8742,2.14E-01,6,8742,Not eroded,0,1,0,0,0,0,0,0,0,0,0
8743,2.99E-01,4,8743,Not eroded,0,1,1,1,1,1,0,0,0,1,1
8744,2.65E-01,0,8744,Not eroded,0,1,1,1,1,1,1,1,1,1,1
8745,2.50E-01,4,8745,Not eroded,0,1,1,1,1,0,0,0,0,1,1
8746,1.59E-01,0,8746,Not eroded,0,0,0,0,0,0,1,1,1,1,1
8747,1.99E-01,2,8747,Not eroded,0,1,0,0,0,0,1,0,1,1,1
8748,2.25E-01,3,8748,Not eroded,0,1,1,0,0,0,1,0,0,1,1
8749,1.03E-01,4,8749,Not eroded,0,0,0,0,0,0,0,0,0,1,1
8750,1.51E-01,0,8750,Not eroded,0,0,0,0,0,0,1,1,1,1,1
8751,1.53E-01,5,8751,Not eroded,0,0,0,0,0,0,0,0,0,0,1
8752,2.26E-01,0,8752,Not eroded,0,1,1,0,0,0,1,1,1,1,1
8753,2.80E-01,4,8753,Not eroded,0,1,1,1,1,1,0,0,0,1,1
8754,1.70E-01,0,8754,Not eroded,0,0,0,0,0,0,1,1,1,1,1
8755,2.51E-01,4,8755,Not eroded,0,1,1,1,1,1,0,0,0,1,1
8756,5.65E-02,3,8756,Not eroded,0,0,0,0,0,0,1,0,0,1,1
8757,5.65E-02,4,8757,Not eroded,0,0,0,0,0,0,0,0,0,1,1
8759,5.82E-02,4,8759,Not eroded,0,0,0,0,0,0,0,0,0,1,1
8760,1.56E-01,4,8760,Not eroded,0,0,0,0,0,0,0,0,0,1,1
8762,8.18E-02,4,8762,Not eroded,0,0,0,0,0,0,0,0,0,1,1
8763,5.65E-02,3,8763,Not eroded,0,0,0,0,0,0,1,0,0,1,1
8764,2.17E-01,4,8764,Not eroded,0,1,0,0,0,0,0,0,0,1,1
8766,2.57E-01,0,8766,Not eroded,0,1,1,1,1,1,1,1,1,1,1
8767,2.92E-01,0,8767,ERODED,1,1,1,1,1,1,1,1,1,1,1
8769,2.16E-01,2,8769,Not eroded,0,1,0,0,0,0,1,0,1,1,1
8770,1.67E-01,5,8770,Not eroded,0,0,0,0,0,0,0,0,0,0,1
8771,1.48E-01,2,8771,Not eroded,0,0,0,0,0,0,1,0,1,1,1
8773,9.50E-02,2,8773,Not eroded,0,0,0,0,0,0,1,0,1,1,1
8774,2.90E-01,2,8774,Not eroded,0,1,1,1,1,1,1,0,1,1,1
8775,8.24E-02,4,8775,Not eroded,0,0,0,0,0,0,0,0,0,1,1
8776,1.94E-01,4,8776,Not eroded,0,1,0,0,0,0,0,0,0,1,1
8777,1.61E-01,0,8777,Not eroded,0,0,0,0,0,0,1,1,1,1,1
8778,9.10E-02,3,8778,Not eroded,0,0,0,0,0,0,1,0,0,1,1
8779,7.25E-02,0,8779,Not eroded,0,0,0,0,0,0,1,1,1,1,1
8780,1.26E-01,3,8780,Not eroded,0,0,0,0,0,0,1,0,0,1,1
8781,1.33E-01,0,8781,Not eroded,0,0,0,0,0,0,1,1,1,1,1
8782,7.60E-02,2,8782,Not eroded,0,0,0,0,0,0,1,0,1,1,1
8784,1.30E-01,4,8784,Not eroded,0,0,0,0,0,0,0,0,0,1,1
8785,2.35E-01,0,8785,Not eroded,0,1,1,1,0,0,1,1,1,1,1
8786,2.85E-01,0,8786,Not eroded,0,1,1,1,1,1,1,1,1,1,1
8787,1.30E-01,4,8787,Not eroded,0,0,0,0,0,0,0,0,0,1,1
8788,1.48E-01,4,8788,Not eroded,0,0,0,0,0,0,0,0,0,1,1
8789,2.07E-01,0,8789,Not eroded,0,1,0,0,0,0,1,1,1,1,1
8790,2.62E-01,0,8790,Not eroded,0,1,1,1,1,1,1,1,1,1,1
8791,1.83E-01,0,8791,Not eroded,0,0,0,0,0,0,1,1,1,1,1
8792,2.62E-01,4,8792,Not eroded,0,1,1,1,1,1,0,0,0,1,1
8793,6.57E-02,5,8793,Not eroded,0,0,0,0,0,0,0,0,0,0,1
8794,5.65E-02,4,8794,Not eroded,0,0,0,0,0,0,0,0,0,1,1
8795,2.72E-01,0,8795,Not eroded,0,1,1,1,1,1,1,1,1,1,1
8796,3.11E-01,0,8796,ERODED,1,1,1,1,1,1,1,1,1,1,1
8797,1.91E-01,0,8797,Not eroded,0,1,0,0,0,0,1,1,1,1,1
8799,2.54E-01,3,8799,Not eroded,0,1,1,1,1,1,1,0,0,1,1
8800,7.42E-02,4,8800,Not eroded,0,0,0,0,0,0,0,0,0,1,1
8801,1.09E-01,5,8801,Not eroded,0,0,0,0,0,0,0,0,0,0,1
8802,2.03E-01,0,8802,Not eroded,0,1,0,0,0,0,1,1,1,1,1
8803,2.87E-01,4,8803,Not eroded,0,1,1,1,1,1,0,0,0,1,1
8804,1.23E-01,4,8804,Not eroded,0,0,0,0,0,0,0,0,0,1,1
8805,6.50E-02,6,8805,Not eroded,0,0,0,0,0,0,0,0,0,0,0
8806,2.36E-01,3,8806,Not eroded,0,1,1,1,0,0,1,0,0,1,1
8807,3.06E-01,0,8807,ERODED,1,1,1,1,1,1,1,1,1,1,1
8809,1.73E-01,0,8809,Not eroded,0,0,0,0,0,0,1,1,1,1,1
8810,9.50E-02,4,8810,Not eroded,0,0,0,0,0,0,0,0,0,1,1
8811,2.79E-01,0,8811,ERODED,1,1,1,1,1,1,1,1,1,1,1
8812,5.66E-02,2,8812,Not eroded,0,0,0,0,0,0,1,0,1,1,1
8813,5.65E-02,3,8813,Not eroded,0,0,0,0,0,0,1,0,0,1,1
8814,1.22E-01,4,8814,Not eroded,0,0,0,0,0,0,0,0,0,1,1
8815,2.20E-01,4,8815,Not eroded,0,1,0,0,0,0,0,0,0,1,1
8817,2.69E-01,3,8817,Not eroded,0,1,1,1,1,1,1,0,0,1,1
8818,2.48E-01,0,8818,Not eroded,0,1,1,1,1,0,1,1,1,1,1
8819,2.65E-01,0,8819,Not eroded,0,1,1,1,1,1,1,1,1,1,1
8820,1.02E-01,0,8820,Not eroded,0,0,0,0,0,0,1,1,1,1,1
8821,1.51E-01,5,8821,Not eroded,0,0,0,0,0,0,0,0,0,0,1
8822,1.93E-01,0,8822,Not eroded,0,1,0,0,0,0,1,1,1,1,1
8823,2.06E-01,4,8823,Not eroded,0,1,0,0,0,0,0,0,0,1,1
8824,2.26E-01,5,8824,Not eroded,0,1,1,0,0,0,0,0,0,0,1
8825,2.36E-01,0,8825,Not eroded,0,1,1,1,0,0,1,1,1,1,1
8826,9.84E-02,4,8826,Not eroded,0,0,0,0,0,0,0,0,0,1,1
8828,1.20E-01,4,8828,Not eroded,0,0,0,0,0,0,0,0,0,1,1
8829,1.68E-01,4,8829,Not eroded,0,0,0,0,0,0,0,0,0,1,1
8830,2.38E-01,0,8830,Not eroded,0,1,1,1,0,0,1,1,1,1,1
8831,2.84E-01,2,8831,Not eroded,0,1,1,1,1,1,1,0,1,1,1
8832,2.83E-01,0,8832,Not eroded,0,1,1,1,1,1,1,1,1,1,1
8833,2.20E-01,4,8833,Not eroded,0,1,0,0,0,0,0,0,0,1,1
8834,2.12E-01,0,8834,Not eroded,0,1,0,0,0,0,1,1,1,1,1
8835,2.66E-01,0,8835,Not eroded,0,1,1,1,1,1,1,1,1,1,1
8836,1.64E-01,3,8836,Not eroded,0,0,0,0,0,0,1,0,0,1,1
8838,2.08E-01,0,8838,Not eroded,0,1,0,0,0,0,1,1,1,1,1
8839,1.71E-01,2,8839,Not eroded,0,0,0,0,0,0,1,0,1,1,1
8840,5.64E-02,3,8840,Not eroded,0,0,0,0,0,0,1,0,0,1,1
8841,3.06E-01,0,8841,ERODED,1,1,1,1,1,1,1,1,1,1,1
8842,2.86E-01,0,8842,Not eroded,0,1,1,1,1,1,1,1,1,1,1
8843,2.03E-01,3,8843,Not eroded,0,1,0,0,0,0,1,0,0,1,1
8844,1.40E-01,6,8844,Not eroded,0,0,0,0,0,0,0,0,0,0,0
8845,6.33E-02,4,8845,Not eroded,0,0,0,0,0,0,0,0,0,1,1
8846,2.91E-01,4,8846,Not eroded,0,1,1,1,1,1,0,0,0,1,1
8847,2.23E-01,5,8847,Not eroded,0,1,1,0,0,0,0,0,0,0,1
8848,2.79E-01,0,8848,Not eroded,0,1,1,1,1,1,1,1,1,1,1
8849,9.77E-02,4,8849,Not eroded,0,0,0,0,0,0,0,0,0,1,1
8850,3.07E-01,0,8850,ERODED,1,1,1,1,1,1,1,1,1,1,1
8851,8.00E-02,0,8851,Not eroded,0,0,0,0,0,0,1,1,1,1,1
8852,2.93E-01,4,8852,Not eroded,0,1,1,1,1,1,0,0,0,1,1
8853,1.64E-01,0,8853,Not eroded,0,0,0,0,0,0,1,1,1,1,1
8854,1.76E-01,0,8854,Not eroded,0,0,0,0,0,0,1,1,1,1,1
8856,6.39E-02,6,8856,Not eroded,0,0,0,0,0,0,0,0,0,0,0
8857,1.71E-01,2,8857,Not eroded,0,0,0,0,0,0,1,0,1,1,1
8858,5.88E-02,0,8858,Not eroded,0,0,0,0,0,0,1,1,1,1,1
8859,5.65E-02,5,8859,Not eroded,0,0,0,0,0,0,0,0,0,0,1
8860,1.08E-01,5,8860,Not eroded,0,0,0,0,0,0,0,0,0,0,1
8861,1.33E-01,2,8861,Not eroded,0,0,0,0,0,0,1,0,1,1,1
8862,2.29E-01,4,8862,Not eroded,0,1,1,0,0,0,0,0,0,1,1
8863,1.79E-01,5,8863,Not eroded,0,0,0,0,0,0,0,0,0,0,1
8864,2.49E-01,5,8864,Not eroded,0,1,1,1,1,0,0,0,0,0,1
8865,1.73E-01,0,8865,Not eroded,0,0,0,0,0,0,1,1,1,1,1
8866,2.88E-01,5,8866,Not eroded,0,1,1,1,1,1,0,0,0,0,1
8867,1.40E-01,0,8867,Not eroded,0,0,0,0,0,0,1,1,1,1,1
8868,1.04E-01,4,8868,Not eroded,0,0,0,0,0,0,0,0,0,1,1
8869,9.79E-02,5,8869,Not eroded,0,0,0,0,0,0,0,0,0,0,1
8870,2.90E-01,0,8870,ERODED,1,1,1,1,1,1,1,1,1,1,1
8871,3.14E-01,0,8871,ERODED,1,1,1,1,1,1,1,1,1,1,1
8872,1.52E-01,4,8872,Not eroded,0,0,0,0,0,0,0,0,0,1,1
8873,1.77E-01,0,8873,Not eroded,0,0,0,0,0,0,1,1,1,1,1
8874,1.53E-01,4,8874,Not eroded,0,0,0,0,0,0,0,0,0,1,1
8875,1.85E-01,5,8875,Not eroded,0,0,0,0,0,0,0,0,0,0,1
8876,1.84E-01,0,8876,Not eroded,0,0,0,0,0,0,1,1,1,1,1
8877,2.82E-01,0,8877,ERODED,1,1,1,1,1,1,1,1,1,1,1
8878,7.95E-02,4,8878,Not eroded,0,0,0,0,0,0,0,0,0,1,1
8879,3.08E-01,2,8879,ERODED,1,1,1,1,1,1,1,0,1,1,1
8880,1.18E-01,5,8880,Not eroded,0,0,0,0,0,0,0,0,0,0,1
8881,3.07E-01,0,8881,ERODED,1,1,1,1,1,1,1,1,1,1,1
8882,2.53E-01,5,8882,Not eroded,0,1,1,1,1,1,0,0,0,0,1
8883,1.92E-01,0,8883,Not eroded,0,1,0,0,0,0,1,1,1,1,1
8884,2.27E-01,4,8884,Not eroded,0,1,1,0,0,0,0,0,0,1,1
8885,1.13E-01,4,8885,Not eroded,0,0,0,0,0,0,0,0,0,1,1
8886,1.44E-01,5,8886,Not eroded,0,0,0,0,0,0,0,0,0,0,1
8887,3.05E-01,0,8887,ERODED,1,1,1,1,1,1,1,1,1,1,1
8888,5.91E-02,3,8888,Not eroded,0,0,0,0,0,0,1,0,0,1,1
8889,2.31E-01,4,8889,Not eroded,0,1,1,1,0,0,0,0,0,1,1
8890,1.21E-01,4,8890,Not eroded,0,0,0,0,0,0,0,0,0,1,1
8891,1.04E-01,4,8891,Not eroded,0,0,0,0,0,0,0,0,0,1,1
8892,1.84E-01,3,8892,Not eroded,0,0,0,0,0,0,1,0,0,1,1
8893,1.61E-01,3,8893,Not eroded,0,0,0,0,0,0,1,0,0,1,1
8894,2.52E-01,3,8894,Not eroded,0,1,1,1,1,1,1,0,0,1,1
8895,2.41E-01,3,8895,Not eroded,0,1,1,1,1,0,1,0,0,1,1
8896,1.89E-01,4,8896,Not eroded,0,0,0,0,0,0,0,0,0,1,1
8897,3.18E-01,0,8897,ERODED,1,1,1,1,1,1,1,1,1,1,1
8898,2.66E-01,4,8898,Not eroded,0,1,1,1,1,1,0,0,0,1,1
8899,1.93E-01,3,8899,Not eroded,0,1,0,0,0,0,1,0,0,1,1
8900,1.05E-01,4,8900,Not eroded,0,0,0,0,0,0,0,0,0,1,1
8901,2.89E-01,4,8901,Not eroded,0,1,1,1,1,1,0,0,0,1,1
8902,9.90E-02,3,8902,Not eroded,0,0,0,0,0,0,1,0,0,1,1
8903,2.31E-01,4,8903,Not eroded,0,1,1,1,0,0,0,0,0,1,1
8904,9.56E-02,0,8904,Not eroded,0,0,0,0,0,0,1,1,1,1,1
8905,2.34E-01,5,8905,Not eroded,0,1,1,1,0,0,0,0,0,0,1
8906,1.66E-01,4,8906,Not eroded,0,0,0,0,0,0,0,0,0,1,1
8907,2.35E-01,1,8907,Not eroded,0,1,1,1,0,0,1,1,1,1,1
8908,1.93E-01,0,8908,Not eroded,0,1,0,0,0,0,1,1,1,1,1
8909,2.22E-01,5,8909,Not eroded,0,1,1,0,0,0,0,0,0,0,1
8911,1.22E-01,3,8911,Not eroded,0,0,0,0,0,0,1,0,0,1,1
8912,2.31E-01,0,8912,Not eroded,0,1,1,1,0,0,1,1,1,1,1
8913,2.53E-01,5,8913,Not eroded,0,1,1,1,1,1,0,0,0,0,1
8914,1.58E-01,4,8914,Not eroded,0,0,0,0,0,0,0,0,0,1,1
8915,2.04E-01,4,8915,Not eroded,0,1,0,0,0,0,0,0,0,1,1
8916,1.21E-01,3,8916,Not eroded,0,0,0,0,0,0,1,0,0,1,1
8917,2.75E-01,4,8917,Not eroded,0,1,1,1,1,1,0,0,0,1,1
8918,6.64E-02,0,8918,Not eroded,0,0,0,0,0,0,1,1,1,1,1
8919,2.92E-01,0,8919,ERODED,1,1,1,1,1,1,1,1,1,1,1
8920,2.01E-01,4,8920,Not eroded,0,1,0,0,0,0,0,0,0,1,1
8921,2.76E-01,0,8921,Not eroded,0,1,1,1,1,1,1,1,1,1,1
8923,6.92E-02,4,8923,Not eroded,0,0,0,0,0,0,0,0,0,1,1
8924,2.94E-01,0,8924,ERODED,1,1,1,1,1,1,1,1,1,1,1
8925,1.94E-01,4,8925,Not eroded,0,1,0,0,0,0,0,0,0,1,1
8927,8.33E-02,4,8927,Not eroded,0,0,0,0,0,0,0,0,0,1,1
8928,1.31E-01,7,8928,Not eroded,0,0,0,0,0,0,0,0,0,0,0
8929,1.74E-01,5,8929,Not eroded,0,0,0,0,0,0,0,0,0,0,1
8930,9.19E-02,4,8930,Not eroded,0,0,0,0,0,0,0,0,0,1,1
8932,2.06E-01,0,8932,Not eroded,0,1,0,0,0,0,1,1,1,1,1
8933,2.11E-01,4,8933,Not eroded,0,1,0,0,0,0,0,0,0,1,1
8934,2.43E-01,5,8934,Not eroded,0,1,1,1,1,0,0,0,0,0,1
8935,2.20E-01,5,8935,Not eroded,0,1,0,0,0,0,0,0,0,0,1
8936,1.01E-01,0,8936,Not eroded,0,0,0,0,0,0,1,1,1,1,1
8937,1.64E-01,4,8937,Not eroded,0,0,0,0,0,0,0,0,0,1,1
8938,1.29E-01,4,8938,Not eroded,0,0,0,0,0,0,0,0,0,1,1
8939,2.36E-01,5,8939,Not eroded,0,1,1,1,0,0,0,0,0,0,1
8940,8.78E-02,5,8940,Not eroded,0,0,0,0,0,0,0,0,0,0,1
8941,1.88E-01,5,8941,Not eroded,0,0,0,0,0,0,0,0,0,0,1
8942,3.26E-01,0,8942,ERODED,1,1,1,1,1,1,1,1,1,1,1
8943,1.88E-01,5,8943,Not eroded,0,0,0,0,0,0,0,0,0,0,1
8944,1.71E-01,3,8944,Not eroded,0,0,0,0,0,0,1,0,0,1,1
8945,3.02E-01,0,8945,ERODED,1,1,1,1,1,1,1,1,1,1,1
8946,2.93E-01,3,8946,Not eroded,0,1,1,1,1,1,1,0,0,1,1
8947,6.56E-02,3,8947,Not eroded,0,0,0,0,0,0,1,0,0,1,1
8948,1.39E-01,0,8948,Not eroded,0,0,0,0,0,0,1,1,1,1,1
8949,2.77E-01,5,8949,Not eroded,0,1,1,1,1,1,0,0,0,0,1
8950,1.05E-01,4,8950,Not eroded,0,0,0,0,0,0,0,0,0,1,1
8951,2.88E-01,0,8951,Not eroded,0,1,1,1,1,1,1,1,1,1,1
8952,2.78E-01,6,8952,Not eroded,0,1,1,1,1,1,0,0,0,0,0
8953,1.51E-01,3,8953,Not eroded,0,0,0,0,0,0,1,0,0,1,1
8954,2.61E-01,3,8954,Not eroded,0,1,1,1,1,1,1,0,0,1,1
8955,2.79E-01,3,8955,Not eroded,0,1,1,1,1,1,1,0,0,1,1
8956,3.28E-01,0,8956,ERODED,1,1,1,1,1,1,1,1,1,1,1
8957,2.38E-01,0,8957,Not eroded,0,1,1,1,0,0,1,1,1,1,1
8958,2.16E-01,4,8958,Not eroded,0,1,0,0,0,0,0,0,0,1,1
8959,1.30E-01,5,8959,Not eroded,0,0,0,0,0,0,0,0,0,0,1
8960,1.19E-01,3,8960,Not eroded,0,0,0,0,0,0,1,0,0,1,1
8961,2.19E-01,6,8961,Not eroded,0,1,0,0,0,0,0,0,0,0,0
8962,1.40E-01,3,8962,Not eroded,0,0,0,0,0,0,1,0,0,1,1
8963,1.54E-01,4,8963,Not eroded,0,0,0,0,0,0,0,0,0,1,1
8964,1.78E-01,5,8964,Not eroded,0,0,0,0,0,0,0,0,0,0,1
8965,5.72E-02,3,8965,Not eroded,0,0,0,0,0,0,1,0,0,1,1
8966,1.72E-01,5,8966,Not eroded,0,0,0,0,0,0,0,0,0,0,1
8968,2.47E-01,0,8968,Not eroded,0,1,1,1,1,0,1,1,1,1,1
8969,2.50E-01,3,8969,Not eroded,0,1,1,1,1,0,1,0,0,1,1
8970,7.18E-02,0,8970,Not eroded,0,0,0,0,0,0,1,1,1,1,1
8971,1.37E-01,3,8971,Not eroded,0,0,0,0,0,0,1,0,0,1,1
8972,1.75E-01,4,8972,Not eroded,0,0,0,0,0,0,0,0,0,1,1
8973,1.97E-01,5,8973,Not eroded,0,1,0,0,0,0,0,0,0,0,1
8974,3.25E-01,0,8974,ERODED,1,1,1,1,1,1,1,1,1,1,1
8975,2.39E-01,0,8975,ERODED,1,1,1,1,0,0,1,1,1,1,1
8976,2.23E-01,0,8976,Not eroded,0,1,1,0,0,0,1,1,1,1,1
8977,2.42E-01,4,8977,Not eroded,0,1,1,1,1,0,0,0,0,1,1
8979,5.65E-02,6,8979,Not eroded,0,0,0,0,0,0,0,0,0,0,0
8980,1.13E-01,7,8980,Not eroded,0,0,0,0,0,0,0,0,0,0,0
8981,9.12E-02,5,8981,Not eroded,0,0,0,0,0,0,0,0,0,0,1
8982,1.41E-01,3,8982,Not eroded,0,0,0,0,0,0,1,0,0,1,1
8983,3.20E-01,0,8983,ERODED,1,1,1,1,1,1,1,1,1,1,1
8984,1.13E-01,4,8984,Not eroded,0,0,0,0,0,0,0,0,0,1,1
8985,2.45E-01,0,8985,Not eroded,0,1,1,1,1,0,1,1,1,1,1
8986,6.70E-02,5,8986,Not eroded,0,0,0,0,0,0,0,0,0,0,1
8987,1.68E-01,0,8987,Not eroded,0,0,0,0,0,0,1,1,1,1,1
8988,2.17E-01,4,8988,Not eroded,0,1,0,0,0,0,0,0,0,1,1
8989,1.85E-01,4,8989,Not eroded,0,0,0,0,0,0,0,0,0,1,1
8990,2.26E-01,0,8990,Not eroded,0,1,1,0,0,0,1,1,1,1,1
8991,9.01E-02,4,8991,Not eroded,0,0,0,0,0,0,0,0,0,1,1
8992,1.52E-01,3,8992,Not eroded,0,0,0,0,0,0,1,0,0,1,1
8993,1.18E-01,3,8993,Not eroded,0,0,0,0,0,0,1,0,0,1,1
8994,1.92E-01,4,8994,Not eroded,0,1,0,0,0,0,0,0,0,1,1
8995,8.86E-02,2,8995,Not eroded,0,0,0,0,0,0,1,0,1,1,1
8996,2.34E-01,4,8996,Not eroded,0,1,1,1,0,0,0,0,0,1,1
8997,1.86E-01,0,8997,Not eroded,0,0,0,0,0,0,1,1,1,1,1
8999,2.16E-01,0,8999,Not eroded,0,1,0,0,0,0,1,1,1,1,1
9000,2.37E-01,0,9000,Not eroded,0,1,1,1,0,0,1,1,1,1,1
9001,1.79E-01,6,9001,Not eroded,0,0,0,0,0,0,0,0,0,0,0
9002,6.70E-02,2,9002,Not eroded,0,0,0,0,0,0,1,0,1,1,1
9003,2.57E-01,0,9003,ERODED,1,1,1,1,1,1,1,1,1,1,1
9004,2.08E-01,4,9004,Not eroded,0,1,0,0,0,0,0,0,0,1,1
9005,1.42E-01,0,9005,Not eroded,0,0,0,0,0,0,1,1,1,1,1
9008,8.50E-02,4,9008,Not eroded,0,0,0,0,0,0,0,0,0,1,1
9009,1.75E-01,4,9009,Not eroded,0,0,0,0,0,0,0,0,0,1,1
9010,2.23E-01,6,9010,Not eroded,0,1,1,0,0,0,0,0,0,0,0
9011,2.37E-01,0,9011,Not eroded,0,1,1,1,0,0,1,1,1,1,1
9012,2.84E-01,5,9012,Not eroded,0,1,1,1,1,1,0,0,0,0,1
9013,6.03E-02,3,9013,Not eroded,0,0,0,0,0,0,1,0,0,1,1
9014,1.13E-01,4,9014,Not eroded,0,0,0,0,0,0,0,0,0,1,1
9015,5.65E-02,3,9015,Not eroded,0,0,0,0,0,0,1,0,0,1,1
9016,1.06E-01,4,9016,Not eroded,0,0,0,0,0,0,0,0,0,1,1
9017,2.44E-01,0,9017,Not eroded,0,1,1,1,1,0,1,1,1,1,1
9018,2.28E-01,0,9018,Not eroded,0,1,1,0,0,0,1,1,1,1,1
9019,7.61E-02,4,9019,Not eroded,0,0,0,0,0,0,0,0,0,1,1
9020,2.47E-01,3,9020,Not eroded,0,1,1,1,1,0,1,0,0,1,1
9022,9.81E-02,3,9022,Not eroded,0,0,0,0,0,0,1,0,0,1,1
9023,5.66E-02,0,9023,Not eroded,0,0,0,0,0,0,1,1,1,1,1
9024,2.67E-01,5,9024,Not eroded,0,1,1,1,1,1,0,0,0,0,1
9025,3.02E-01,0,9025,ERODED,1,1,1,1,1,1,1,1,1,1,1
9026,5.65E-02,4,9026,Not eroded,0,0,0,0,0,0,0,0,0,1,1
9027,1.91E-01,0,9027,Not eroded,0,1,0,0,0,0,1,1,1,1,1
9028,1.17E-01,0,9028,Not eroded,0,0,0,0,0,0,1,1,1,1,1
9029,3.12E-01,0,9029,ERODED,1,1,1,1,1,1,1,1,1,1,1
9030,2.95E-01,3,9030,Not eroded,0,1,1,1,1,1,1,0,0,1,1
9031,5.85E-02,5,9031,Not eroded,0,0,0,0,0,0,0,0,0,0,1
9032,1.41E-01,0,9032,Not eroded,0,0,0,0,0,0,1,1,1,1,1
9033,1.95E-01,5,9033,Not eroded,0,1,0,0,0,0,0,0,0,0,1
9034,5.65E-02,5,9034,Not eroded,0,0,0,0,0,0,0,0,0,0,1
9036,1.84E-01,3,9036,Not eroded,0,0,0,0,0,0,1,0,0,1,1
9038,5.65E-02,3,9038,Not eroded,0,0,0,0,0,0,1,0,0,1,1
9039,2.77E-01,4,9039,Not eroded,0,1,1,1,1,1,0,0,0,1,1
9040,6.51E-02,6,9040,Not eroded,0,0,0,0,0,0,0,0,0,0,0
9041,2.61E-01,0,9041,Not eroded,0,1,1,1,1,1,1,1,1,1,1
9042,1.33E-01,4,9042,Not eroded,0,0,0,0,0,0,0,0,0,1,1
9044,6.43E-02,4,9044,Not eroded,0,0,0,0,0,0,0,0,0,1,1
9045,3.01E-01,0,9045,ERODED,1,1,1,1,1,1,1,1,1,1,1
9046,2.43E-01,0,9046,Not eroded,0,1,1,1,1,0,1,1,1,1,1
9047,2.21E-01,5,9047,Not eroded,0,1,1,0,0,0,0,0,0,0,1
9048,1.59E-01,4,9048,Not eroded,0,0,0,0,0,0,0,0,0,1,1
9049,8.65E-02,5,9049,Not eroded,0,0,0,0,0,0,0,0,0,0,1
9050,1.57E-01,5,9050,Not eroded,0,0,0,0,0,0,0,0,0,0,1
9052,1.36E-01,2,9052,Not eroded,0,0,0,0,0,0,1,0,1,1,1
9053,3.02E-01,4,9053,Not eroded,0,1,1,1,1,1,0,0,0,1,1
9054,1.93E-01,5,9054,Not eroded,0,1,0,0,0,0,0,0,0,0,1
9055,1.93E-01,6,9055,Not eroded,0,1,0,0,0,0,0,0,0,0,0
9056,2.56E-01,5,9056,Not eroded,0,1,1,1,1,1,0,0,0,0,1
9057,1.91E-01,0,9057,Not eroded,0,0,0,0,0,0,1,1,1,1,1
9058,5.66E-02,3,9058,Not eroded,0,0,0,0,0,0,1,0,0,1,1
9059,2.97E-01,2,9059,Not eroded,0,1,1,1,1,1,1,0,1,1,1
9060,9.74E-02,4,9060,Not eroded,0,0,0,0,0,0,0,0,0,1,1
9061,2.07E-01,4,9061,Not eroded,0,1,0,0,0,0,0,0,0,1,1
9062,2.37E-01,4,9062,Not eroded,0,1,1,1,0,0,0,0,0,1,1
9063,7.60E-02,6,9063,Not eroded,0,0,0,0,0,0,0,0,0,0,0
9064,1.31E-01,3,9064,Not eroded,0,0,0,0,0,0,1,0,0,1,1
9065,7.71E-02,3,9065,Not eroded,0,0,0,0,0,0,1,0,0,1,1
9066,3.25E-01,0,9066,ERODED,1,1,1,1,1,1,1,1,1,1,1
9067,1.04E-01,4,9067,Not eroded,0,0,0,0,0,0,0,0,0,1,1
9068,2.07E-01,0,9068,Not eroded,0,1,0,0,0,0,1,1,1,1,1
9069,3.14E-01,0,9069,ERODED,1,1,1,1,1,1,1,1,1,1,1
9070,1.65E-01,0,9070,Not eroded,0,0,0,0,0,0,1,1,1,1,1
9071,2.29E-01,0,9071,Not eroded,0,1,1,0,0,0,1,1,1,1,1
9072,8.33E-02,5,9072,Not eroded,0,0,0,0,0,0,0,0,0,0,1
9073,1.50E-01,3,9073,Not eroded,0,0,0,0,0,0,1,0,0,1,1
9075,1.13E-01,0,9075,Not eroded,0,0,0,0,0,0,1,1,1,1,1
9076,8.39E-02,3,9076,Not eroded,0,0,0,0,0,0,1,0,0,1,1
9078,2.03E-01,4,9078,Not eroded,0,1,0,0,0,0,0,0,0,1,1
9079,2.38E-01,3,9079,Not eroded,0,1,1,1,0,0,1,0,0,1,1
9080,2.77E-01,0,9080,Not eroded,0,1,1,1,1,1,1,1,1,1,1
9081,2.70E-01,4,9081,Not eroded,0,1,1,1,1,1,0,0,0,1,1
9082,2.07E-01,0,9082,Not eroded,0,1,0,0,0,0,1,1,1,1,1
9084,7.74E-02,4,9084,Not eroded,0,0,0,0,0,0,0,0,0,1,1
9085,3.07E-01,2,9085,Not eroded,0,1,1,1,1,1,1,0,1,1,1
9086,2.88E-01,0,9086,ERODED,1,1,1,1,1,1,1,1,1,1,1
9087,1.24E-01,0,9087,Not eroded,0,0,0,0,0,0,1,1,1,1,1
9088,2.53E-01,0,9088,Not eroded,0,1,1,1,1,1,1,1,1,1,1
9091,1.11E-01,5,9091,Not eroded,0,0,0,0,0,0,0,0,0,0,1
9092,1.67E-01,2,9092,Not eroded,0,0,0,0,0,0,1,0,1,1,1
9093,6.47E-02,5,9093,Not eroded,0,0,0,0,0,0,0,0,0,0,1
9094,9.83E-02,4,9094,Not eroded,0,0,0,0,0,0,0,0,0,1,1
9095,1.95E-01,0,9095,Not eroded,0,1,0,0,0,0,1,1,1,1,1
9096,1.12E-01,4,9096,Not eroded,0,0,0,0,0,0,0,0,0,1,1
9097,1.90E-01,4,9097,Not eroded,0,0,0,0,0,0,0,0,0,1,1
9098,2.24E-01,4,9098,Not eroded,0,1,1,0,0,0,0,0,0,1,1
9099,5.65E-02,4,9099,Not eroded,0,0,0,0,0,0,0,0,0,1,1
9100,2.61E-01,4,9100,Not eroded,0,1,1,1,1,1,0,0,0,1,1
9101,2.08E-01,4,9101,Not eroded,0,1,0,0,0,0,0,0,0,1,1
9102,1.60E-01,0,9102,Not eroded,0,0,0,0,0,0,1,1,1,1,1
9103,2.11E-01,4,9103,Not eroded,0,1,0,0,0,0,0,0,0,1,1
9104,1.38E-01,3,9104,Not eroded,0,0,0,0,0,0,1,0,0,1,1
9106,1.27E-01,6,9106,Not eroded,0,0,0,0,0,0,0,0,0,0,0
9107,2.53E-01,5,9107,Not eroded,0,1,1,1,1,1,0,0,0,0,1
9108,2.69E-01,3,9108,Not eroded,0,1,1,1,1,1,1,0,0,1,1
9109,1.40E-01,0,9109,Not eroded,0,0,0,0,0,0,1,1,1,1,1
9110,2.43E-01,3,9110,Not eroded,0,1,1,1,1,0,1,0,0,1,1
9111,1.90E-01,3,9111,Not eroded,0,0,0,0,0,0,1,0,0,1,1
9112,2.02E-01,0,9112,Not eroded,0,1,0,0,0,0,1,1,1,1,1
9113,2.31E-01,6,9113,Not eroded,0,1,1,1,0,0,0,0,0,0,0
9114,1.11E-01,3,9114,Not eroded,0,0,0,0,0,0,1,0,0,1,1
9115,3.17E-01,0,9115,ERODED,1,1,1,1,1,1,1,1,1,1,1
9116,2.56E-01,4,9116,Not eroded,0,1,1,1,1,1,0,0,0,1,1
9117,2.54E-01,4,9117,Not eroded,0,1,1,1,1,1,0,0,0,1,1
9118,1.19E-01,5,9118,Not eroded,0,0,0,0,0,0,0,0,0,0,1
9119,2.16E-01,4,9119,Not eroded,0,1,0,0,0,0,0,0,0,1,1
9120,2.36E-01,0,9120,Not eroded,0,1,1,1,0,0,1,1,1,1,1
9121,2.84E-01,0,9121,Not eroded,0,1,1,1,1,1,1,1,1,1,1
9122,1.31E-01,3,9122,Not eroded,0,0,0,0,0,0,1,0,0,1,1
9123,8.76E-02,0,9123,Not eroded,0,0,0,0,0,0,1,1,1,1,1
9124,8.98E-02,3,9124,Not eroded,0,0,0,0,0,0,1,0,0,1,1
9125,2.75E-01,0,9125,ERODED,1,1,1,1,1,1,1,1,1,1,1
9127,7.41E-02,0,9127,Not eroded,0,0,0,0,0,0,1,1,1,1,1
9128,3.23E-01,0,9128,ERODED,1,1,1,1,1,1,1,1,1,1,1
9129,6.43E-02,5,9129,Not eroded,0,0,0,0,0,0,0,0,0,0,1
9130,1.34E-01,3,9130,Not eroded,0,0,0,0,0,0,1,0,0,1,1
9131,2.44E-01,0,9131,ERODED,1,1,1,1,1,0,1,1,1,1,1
9132,2.38E-01,5,9132,Not eroded,0,1,1,1,0,0,0,0,0,0,1
9133,2.32E-01,5,9133,Not eroded,0,1,1,1,0,0,0,0,0,0,1
9136,1.01E-01,5,9136,Not eroded,0,0,0,0,0,0,0,0,0,0,1
9137,2.07E-01,4,9137,Not eroded,0,1,0,0,0,0,0,0,0,1,1
9138,1.75E-01,6,9138,Not eroded,0,0,0,0,0,0,0,0,0,0,0
9139,9.75E-02,0,9139,Not eroded,0,0,0,0,0,0,1,1,1,1,1
9140,2.30E-01,4,9140,Not eroded,0,1,1,0,0,0,0,0,0,1,1
9141,1.33E-01,2,9141,Not eroded,0,0,0,0,0,0,1,0,1,1,1
9142,2.88E-01,0,9142,Not eroded,0,1,1,1,1,1,1,1,1,1,1
9144,1.56E-01,4,9144,Not eroded,0,0,0,0,0,0,0,0,0,1,1
9145,7.22E-02,4,9145,Not eroded,0,0,0,0,0,0,0,0,0,1,1
9146,1.58E-01,0,9146,Not eroded,0,0,0,0,0,0,1,1,1,1,1
9147,1.58E-01,5,9147,Not eroded,0,0,0,0,0,0,0,0,0,0,1
9148,1.88E-01,0,9148,Not eroded,0,0,0,0,0,0,1,1,1,1,1
9149,1.34E-01,0,9149,Not eroded,0,0,0,0,0,0,1,1,1,1,1
9150,1.28E-01,4,9150,Not eroded,0,0,0,0,0,0,0,0,0,1,1
9151,1.84E-01,5,9151,Not eroded,0,0,0,0,0,0,0,0,0,0,1
9153,1.29E-01,3,9153,Not eroded,0,0,0,0,0,0,1,0,0,1,1
9154,6.79E-02,0,9154,Not eroded,0,0,0,0,0,0,1,1,1,1,1
9155,1.74E-01,0,9155,Not eroded,0,0,0,0,0,0,1,1,1,1,1
9156,5.71E-02,0,9156,Not eroded,0,0,0,0,0,0,1,1,1,1,1
9157,2.43E-01,6,9157,Not eroded,0,1,1,1,1,0,0,0,0,0,0
9158,9.72E-02,5,9158,Not eroded,0,0,0,0,0,0,0,0,0,0,1
9159,1.36E-01,2,9159,Not eroded,0,0,0,0,0,0,1,0,1,1,1
9160,1.74E-01,0,9160,Not eroded,0,0,0,0,0,0,1,1,1,1,1
9161,2.96E-01,0,9161,ERODED,1,1,1,1,1,1,1,1,1,1,1
9162,2.96E-01,5,9162,Not eroded,0,1,1,1,1,1,0,0,0,0,1
9163,2.95E-01,3,9163,Not eroded,0,1,1,1,1,1,1,0,0,1,1
9164,2.49E-01,4,9164,Not eroded,0,1,1,1,1,0,0,0,0,1,1
9165,2.95E-01,4,9165,Not eroded,0,1,1,1,1,1,0,0,0,1,1
9166,2.14E-01,4,9166,Not eroded,0,1,0,0,0,0,0,0,0,1,1
9167,1.62E-01,0,9167,Not eroded,0,0,0,0,0,0,1,1,1,1,1
9168,8.63E-02,4,9168,Not eroded,0,0,0,0,0,0,0,0,0,1,1
9169,2.08E-01,4,9169,Not eroded,0,1,0,0,0,0,0,0,0,1,1
9170,2.10E-01,3,9170,Not eroded,0,1,0,0,0,0,1,0,0,1,1
9171,2.48E-01,3,9171,Not eroded,0,1,1,1,1,0,1,0,0,1,1
9172,2.48E-01,0,9172,Not eroded,0,1,1,1,1,0,1,1,1,1,1
9173,8.76E-02,4,9173,Not eroded,0,0,0,0,0,0,0,0,0,1,1
9174,7.77E-02,4,9174,Not eroded,0,0,0,0,0,0,0,0,0,1,1
9175,2.14E-01,5,9175,Not eroded,0,1,0,0,0,0,0,0,0,0,1
9176,1.32E-01,0,9176,Not eroded,0,0,0,0,0,0,1,1,1,1,1
9177,1.47E-01,4,9177,Not eroded,0,0,0,0,0,0,0,0,0,1,1
9178,1.84E-01,6,9178,Not eroded,0,0,0,0,0,0,0,0,0,0,0
9179,2.29E-01,0,9179,Not eroded,0,1,1,0,0,0,1,1,1,1,1
9180,2.33E-01,3,9180,Not eroded,0,1,1,1,0,0,1,0,0,1,1
9181,2.69E-01,4,9181,Not eroded,0,1,1,1,1,1,0,0,0,1,1
9182,2.50E-01,4,9182,Not eroded,0,1,1,1,1,0,0,0,0,1,1
9183,1.71E-01,0,9183,Not eroded,0,0,0,0,0,0,1,1,1,1,1
9184,1.01E-01,3,9184,Not eroded,0,0,0,0,0,0,1,0,0,1,1
9185,2.49E-01,5,9185,Not eroded,0,1,1,1,1,0,0,0,0,0,1
9186,1.04E-01,3,9186,Not eroded,0,0,0,0,0,0,1,0,0,1,1
9187,8.62E-02,5,9187,Not eroded,0,0,0,0,0,0,0,0,0,0,1
9188,2.63E-01,5,9188,Not eroded,0,1,1,1,1,1,0,0,0,0,1
9189,2.92E-01,0,9189,ERODED,1,1,1,1,1,1,1,1,1,1,1
9190,1.29E-01,4,9190,Not eroded,0,0,0,0,0,0,0,0,0,1,1
9191,2.75E-01,5,9191,Not eroded,0,1,1,1,1,1,0,0,0,0,1
9192,1.24E-01,6,9192,Not eroded,0,0,0,0,0,0,0,0,0,0,0
9193,9.84E-02,6,9193,Not eroded,0,0,0,0,0,0,0,0,0,0,0
9194,2.02E-01,8,9194,Not eroded,0,1,0,0,0,0,0,0,0,0,0
9195,2.78E-01,4,9195,Not eroded,0,1,1,1,1,1,0,0,0,1,1
9196,2.48E-01,5,9196,Not eroded,0,1,1,1,1,0,0,0,0,0,1
9197,1.25E-01,0,9197,Not eroded,0,0,0,0,0,0,1,1,1,1,1
9198,1.93E-01,0,9198,Not eroded,0,1,0,0,0,0,1,1,1,1,1
9200,1.89E-01,2,9200,Not eroded,0,0,0,0,0,0,1,0,1,1,1
9201,2.87E-01,4,9201,Not eroded,0,1,1,1,1,1,0,0,0,1,1
9202,3.25E-01,0,9202,ERODED,1,1,1,1,1,1,1,1,1,1,1
9203,1.98E-01,6,9203,Not eroded,0,1,0,0,0,0,0,0,0,0,0
9204,1.73E-01,3,9204,Not eroded,0,0,0,0,0,0,1,0,0,1,1
9206,8.86E-02,4,9206,Not eroded,0,0,0,0,0,0,0,0,0,1,1
9207,2.42E-01,0,9207,Not eroded,0,1,1,1,1,0,1,1,1,1,1
9208,2.87E-01,3,9208,Not eroded,0,1,1,1,1,1,1,0,0,1,1
9209,1.38E-01,6,9209,Not eroded,0,0,0,0,0,0,0,0,0,0,0
9210,2.19E-01,4,9210,Not eroded,0,1,0,0,0,0,0,0,0,1,1
9211,2.48E-01,5,9211,Not eroded,0,1,1,1,1,0,0,0,0,0,1
9212,5.65E-02,3,9212,Not eroded,0,0,0,0,0,0,1,0,0,1,1
9213,2.78E-01,7,9213,Not eroded,0,1,1,1,1,1,0,0,0,0,0
9214,2.43E-01,5,9214,Not eroded,0,1,1,1,1,0,0,0,0,0,1
9215,2.53E-01,0,9215,Not eroded,0,1,1,1,1,1,1,1,1,1,1
9217,2.58E-01,0,9217,Not eroded,0,1,1,1,1,1,1,1,1,1,1
9220,1.31E-01,4,9220,Not eroded,0,0,0,0,0,0,0,0,0,1,1
9221,1.34E-01,3,9221,Not eroded,0,0,0,0,0,0,1,0,0,1,1
9222,1.19E-01,0,9222,Not eroded,0,0,0,0,0,0,1,1,1,1,1
9223,6.69E-02,6,9223,Not eroded,0,0,0,0,0,0,0,0,0,0,0
9224,6.15E-02,2,9224,Not eroded,0,0,0,0,0,0,1,0,1,1,1
9225,2.10E-01,0,9225,Not eroded,0,1,0,0,0,0,1,1,1,1,1
9227,1.31E-01,4,9227,Not eroded,0,0,0,0,0,0,0,0,0,1,1
9228,1.38E-01,0,9228,Not eroded,0,0,0,0,0,0,1,1,1,1,1
9229,1.52E-01,4,9229,Not eroded,0,0,0,0,0,0,0,0,0,1,1
9230,1.70E-01,5,9230,Not eroded,0,0,0,0,0,0,0,0,0,0,1
9231,2.91E-01,0,9231,ERODED,1,1,1,1,1,1,1,1,1,1,1
9232,5.66E-02,5,9232,Not eroded,0,0,0,0,0,0,0,0,0,0,1
9233,1.95E-01,4,9233,Not eroded,0,1,0,0,0,0,0,0,0,1,1
9235,3.01E-01,4,9235,Not eroded,0,1,1,1,1,1,0,0,0,1,1
9236,2.30E-01,7,9236,Not eroded,0,1,1,0,0,0,0,0,0,0,0
9237,1.16E-01,0,9237,Not eroded,0,0,0,0,0,0,1,1,1,1,1
9238,2.93E-01,6,9238,Not eroded,0,1,1,1,1,1,0,0,0,0,0
9239,8.70E-02,3,9239,Not eroded,0,0,0,0,0,0,1,0,0,1,1
9241,6.95E-02,4,9241,Not eroded,0,0,0,0,0,0,0,0,0,1,1
9242,1.52E-01,2,9242,Not eroded,0,0,0,0,0,0,1,0,1,1,1
9243,6.91E-02,3,9243,Not eroded,0,0,0,0,0,0,1,0,0,1,1
9244,1.62E-01,4,9244,Not eroded,0,0,0,0,0,0,0,0,0,1,1
9245,2.74E-01,0,9245,Not eroded,0,1,1,1,1,1,1,1,1,1,1
9247,8.07E-02,3,9247,Not eroded,0,0,0,0,0,0,1,0,0,1,1
9248,3.08E-01,0,9248,ERODED,1,1,1,1,1,1,1,1,1,1,1
9249,9.09E-02,4,9249,Not eroded,0,0,0,0,0,0,0,0,0,1,1
9250,1.49E-01,3,9250,Not eroded,0,0,0,0,0,0,1,0,0,1,1
9252,2.29E-01,6,9252,Not eroded,0,1,1,0,0,0,0,0,0,0,0
9253,5.65E-02,3,9253,Not eroded,0,0,0,0,0,0,1,0,0,1,1
9254,8.74E-02,4,9254,Not eroded,0,0,0,0,0,0,0,0,0,1,1
9255,2.85E-01,3,9255,Not eroded,0,1,1,1,1,1,1,0,0,1,1
9257,1.02E-01,3,9257,Not eroded,0,0,0,0,0,0,1,0,0,1,1
9258,6.62E-02,5,9258,Not eroded,0,0,0,0,0,0,0,0,0,0,1
9260,2.39E-01,0,9260,Not eroded,0,1,1,1,0,0,1,1,1,1,1
9261,2.19E-01,0,9261,Not eroded,0,1,0,0,0,0,1,1,1,1,1
9262,1.57E-01,6,9262,Not eroded,0,0,0,0,0,0,0,0,0,0,0
9263,3.25E-01,0,9263,ERODED,1,1,1,1,1,1,1,1,1,1,1
9264,1.98E-01,0,9264,Not eroded,0,1,0,0,0,0,1,1,1,1,1
9265,1.59E-01,0,9265,Not eroded,0,0,0,0,0,0,1,1,1,1,1
9267,1.45E-01,4,9267,Not eroded,0,0,0,0,0,0,0,0,0,1,1
9268,1.82E-01,0,9268,Not eroded,0,0,0,0,0,0,1,1,1,1,1
9269,1.73E-01,0,9269,Not eroded,0,0,0,0,0,0,1,1,1,1,1
9270,2.59E-01,3,9270,Not eroded,0,1,1,1,1,1,1,0,0,1,1
9271,2.06E-01,3,9271,Not eroded,0,1,0,0,0,0,1,0,0,1,1
9272,2.24E-01,3,9272,Not eroded,0,1,1,0,0,0,1,0,0,1,1
9274,5.86E-02,5,9274,Not eroded,0,0,0,0,0,0,0,0,0,0,1
9275,2.48E-01,7,9275,Not eroded,0,1,1,1,1,0,0,0,0,0,0
9276,1.49E-01,0,9276,Not eroded,0,0,0,0,0,0,1,1,1,1,1
9277,1.90E-01,3,9277,Not eroded,0,0,0,0,0,0,1,0,0,1,1
9279,2.87E-01,0,9279,ERODED,1,1,1,1,1,1,1,1,1,1,1
9280,2.06E-01,0,9280,Not eroded,0,1,0,0,0,0,1,1,1,1,1
9281,1.32E-01,4,9281,Not eroded,0,0,0,0,0,0,0,0,0,1,1
9282,1.50E-01,6,9282,Not eroded,0,0,0,0,0,0,0,0,0,0,0
9283,2.69E-01,5,9283,Not eroded,0,1,1,1,1,1,0,0,0,0,1
9284,2.93E-01,0,9284,ERODED,1,1,1,1,1,1,1,1,1,1,1
9285,3.00E-01,5,9285,Not eroded,0,1,1,1,1,1,0,0,0,0,1
9286,1.30E-01,6,9286,Not eroded,0,0,0,0,0,0,0,0,0,0,0
9287,2.04E-01,4,9287,Not eroded,0,1,0,0,0,0,0,0,0,1,1
9288,3.08E-01,0,9288,ERODED,1,1,1,1,1,1,1,1,1,1,1
9289,2.41E-01,1,9289,Not eroded,0,1,1,1,1,0,1,1,1,1,1
9290,2.52E-01,0,9290,Not eroded,0,1,1,1,1,1,1,1,1,1,1
9291,2.01E-01,5,9291,Not eroded,0,1,0,0,0,0,0,0,0,0,1
9292,1.86E-01,0,9292,Not eroded,0,0,0,0,0,0,1,1,1,1,1
9293,1.15E-01,3,9293,Not eroded,0,0,0,0,0,0,1,0,0,1,1
9294,2.51E-01,4,9294,Not eroded,0,1,1,1,1,1,0,0,0,1,1
9295,2.97E-01,4,9295,Not eroded,0,1,1,1,1,1,0,0,0,1,1
9297,1.56E-01,0,9297,Not eroded,0,0,0,0,0,0,1,1,1,1,1
9298,1.09E-01,3,9298,Not eroded,0,0,0,0,0,0,1,0,0,1,1
9299,1.98E-01,0,9299,Not eroded,0,1,0,0,0,0,1,1,1,1,1
9300,1.95E-01,4,9300,Not eroded,0,1,0,0,0,0,0,0,0,1,1
9301,9.38E-02,4,9301,Not eroded,0,0,0,0,0,0,0,0,0,1,1
9302,2.87E-01,4,9302,Not eroded,0,1,1,1,1,1,0,0,0,1,1
9303,2.65E-01,5,9303,Not eroded,0,1,1,1,1,1,0,0,0,0,1
9305,2.87E-01,5,9305,Not eroded,0,1,1,1,1,1,0,0,0,0,1
9306,2.19E-01,5,9306,Not eroded,0,1,0,0,0,0,0,0,0,0,1
9307,2.03E-01,0,9307,Not eroded,0,1,0,0,0,0,1,1,1,1,1
9308,9.02E-02,4,9308,Not eroded,0,0,0,0,0,0,0,0,0,1,1
9309,3.04E-01,0,9309,ERODED,1,1,1,1,1,1,1,1,1,1,1
9310,2.59E-01,0,9310,Not eroded,0,1,1,1,1,1,1,1,1,1,1
9312,8.42E-02,3,9312,Not eroded,0,0,0,0,0,0,1,0,0,1,1
9313,3.01E-01,0,9313,Not eroded,0,1,1,1,1,1,1,1,1,1,1
9314,2.85E-01,0,9314,Not eroded,0,1,1,1,1,1,1,1,1,1,1
9315,1.87E-01,5,9315,Not eroded,0,0,0,0,0,0,0,0,0,0,1
9316,2.50E-01,5,9316,Not eroded,0,1,1,1,1,0,0,0,0,0,1
9318,1.35E-01,3,9318,Not eroded,0,0,0,0,0,0,1,0,0,1,1
9319,1.17E-01,4,9319,Not eroded,0,0,0,0,0,0,0,0,0,1,1
9322,2.61E-01,4,9322,Not eroded,0,1,1,1,1,1,0,0,0,1,1
9324,8.94E-02,4,9324,Not eroded,0,0,0,0,0,0,0,0,0,1,1
9325,1.62E-01,4,9325,Not eroded,0,0,0,0,0,0,0,0,0,1,1
9326,1.27E-01,0,9326,Not eroded,0,0,0,0,0,0,1,1,1,1,1
9327,2.07E-01,4,9327,Not eroded,0,1,0,0,0,0,0,0,0,1,1
9328,8.76E-02,3,9328,Not eroded,0,0,0,0,0,0,1,0,0,1,1
9329,3.08E-01,0,9329,ERODED,1,1,1,1,1,1,1,1,1,1,1
9330,9.99E-02,5,9330,Not eroded,0,0,0,0,0,0,0,0,0,0,1
9331,1.45E-01,4,9331,Not eroded,0,0,0,0,0,0,0,0,0,1,1
9332,1.77E-01,5,9332,Not eroded,0,0,0,0,0,0,0,0,0,0,1
9333,6.30E-02,6,9333,Not eroded,0,0,0,0,0,0,0,0,0,0,0
9334,1.52E-01,5,9334,Not eroded,0,0,0,0,0,0,0,0,0,0,1
9335,1.29E-01,0,9335,Not eroded,0,0,0,0,0,0,1,1,1,1,1
9336,8.07E-02,4,9336,Not eroded,0,0,0,0,0,0,0,0,0,1,1
9337,6.70E-02,3,9337,Not eroded,0,0,0,0,0,0,1,0,0,1,1
9338,1.25E-01,6,9338,Not eroded,0,0,0,0,0,0,0,0,0,0,0
9339,1.92E-01,3,9339,Not eroded,0,1,0,0,0,0,1,0,0,1,1
9340,2.32E-01,5,9340,Not eroded,0,1,1,1,0,0,0,0,0,0,1
9341,1.10E-01,3,9341,Not eroded,0,0,0,0,0,0,1,0,0,1,1
9342,2.69E-01,0,9342,Not eroded,0,1,1,1,1,1,1,1,1,1,1
9343,1.99E-01,0,9343,Not eroded,0,1,0,0,0,0,1,1,1,1,1
9344,3.19E-01,0,9344,ERODED,1,1,1,1,1,1,1,1,1,1,1
9345,3.27E-01,0,9345,ERODED,1,1,1,1,1,1,1,1,1,1,1
9346,2.25E-01,5,9346,Not eroded,0,1,1,0,0,0,0,0,0,0,1
9347,1.06E-01,4,9347,Not eroded,0,0,0,0,0,0,0,0,0,1,1
9348,2.80E-01,5,9348,Not eroded,0,1,1,1,1,1,0,0,0,0,1
9349,2.54E-01,0,9349,Not eroded,0,1,1,1,1,1,1,1,1,1,1
9350,8.82E-02,3,9350,Not eroded,0,0,0,0,0,0,1,0,0,1,1
9351,3.06E-01,0,9351,ERODED,1,1,1,1,1,1,1,1,1,1,1
9352,3.24E-01,0,9352,ERODED,1,1,1,1,1,1,1,1,1,1,1
9353,9.22E-02,3,9353,Not eroded,0,0,0,0,0,0,1,0,0,1,1
9354,5.95E-02,4,9354,Not eroded,0,0,0,0,0,0,0,0,0,1,1
9355,1.37E-01,4,9355,Not eroded,0,0,0,0,0,0,0,0,0,1,1
9356,1.61E-01,3,9356,Not eroded,0,0,0,0,0,0,1,0,0,1,1
9357,2.68E-01,0,9357,Not eroded,0,1,1,1,1,1,1,1,1,1,1
9358,1.09E-01,4,9358,Not eroded,0,0,0,0,0,0,0,0,0,1,1
9359,1.70E-01,0,9359,Not eroded,0,0,0,0,0,0,1,1,1,1,1
9360,1.43E-01,3,9360,Not eroded,0,0,0,0,0,0,1,0,0,1,1
9361,5.65E-02,3,9361,Not eroded,0,0,0,0,0,0,1,0,0,1,1
9363,1.48E-01,6,9363,Not eroded,0,0,0,0,0,0,0,0,0,0,0
9364,6.24E-02,5,9364,Not eroded,0,0,0,0,0,0,0,0,0,0,1
9365,3.09E-01,0,9365,ERODED,1,1,1,1,1,1,1,1,1,1,1
9366,9.14E-02,0,9366,Not eroded,0,0,0,0,0,0,1,1,1,1,1
9367,5.66E-02,0,9367,Not eroded,0,0,0,0,0,0,1,1,1,1,1
9368,3.10E-01,0,9368,ERODED,1,1,1,1,1,1,1,1,1,1,1
9369,2.81E-01,3,9369,Not eroded,0,1,1,1,1,1,1,0,0,1,1
9370,2.96E-01,2,9370,Not eroded,0,1,1,1,1,1,1,0,1,1,1
9371,1.96E-01,4,9371,Not eroded,0,1,0,0,0,0,0,0,0,1,1
9372,1.63E-01,0,9372,Not eroded,0,0,0,0,0,0,1,1,1,1,1
9373,8.00E-02,3,9373,Not eroded,0,0,0,0,0,0,1,0,0,1,1
9374,7.49E-02,4,9374,Not eroded,0,0,0,0,0,0,0,0,0,1,1
9375,7.94E-02,3,9375,Not eroded,0,0,0,0,0,0,1,0,0,1,1
9376,1.53E-01,0,9376,Not eroded,0,0,0,0,0,0,1,1,1,1,1
9377,5.66E-02,4,9377,Not eroded,0,0,0,0,0,0,0,0,0,1,1
9378,2.10E-01,4,9378,Not eroded,0,1,0,0,0,0,0,0,0,1,1
9379,9.07E-02,3,9379,Not eroded,0,0,0,0,0,0,1,0,0,1,1
9380,1.48E-01,0,9380,Not eroded,0,0,0,0,0,0,1,1,1,1,1
9381,2.82E-01,5,9381,Not eroded,0,1,1,1,1,1,0,0,0,0,1
9382,2.19E-01,3,9382,Not eroded,0,1,0,0,0,0,1,0,0,1,1
9383,1.31E-01,3,9383,Not eroded,0,0,0,0,0,0,1,0,0,1,1
9384,2.60E-01,4,9384,Not eroded,0,1,1,1,1,1,0,0,0,1,1
9385,9.33E-02,0,9385,Not eroded,0,0,0,0,0,0,1,1,1,1,1
9386,9.74E-02,4,9386,Not eroded,0,0,0,0,0,0,0,0,0,1,1
9387,2.26E-01,0,9387,Not eroded,0,1,1,0,0,0,1,1,1,1,1
9388,2.92E-01,0,9388,Not eroded,0,1,1,1,1,1,1,1,1,1,1
9389,1.42E-01,4,9389,Not eroded,0,0,0,0,0,0,0,0,0,1,1
9390,2.09E-01,0,9390,Not eroded,0,1,0,0,0,0,1,1,1,1,1
9391,1.67E-01,4,9391,Not eroded,0,0,0,0,0,0,0,0,0,1,1
9392,2.33E-01,0,9392,Not eroded,0,1,1,1,0,0,1,1,1,1,1
9393,1.95E-01,4,9393,Not eroded,0,1,0,0,0,0,0,0,0,1,1
9394,1.02E-01,2,9394,Not eroded,0,0,0,0,0,0,1,0,1,1,1
9395,5.65E-02,3,9395,Not eroded,0,0,0,0,0,0,1,0,0,1,1
9396,2.46E-01,3,9396,Not eroded,0,1,1,1,1,0,1,0,0,1,1
9397,1.58E-01,4,9397,Not eroded,0,0,0,0,0,0,0,0,0,1,1
9398,2.48E-01,0,9398,Not eroded,0,1,1,1,1,0,1,1,1,1,1
9399,1.19E-01,4,9399,Not eroded,0,0,0,0,0,0,0,0,0,1,1
9400,9.35E-02,4,9400,Not eroded,0,0,0,0,0,0,0,0,0,1,1
9401,2.49E-01,5,9401,Not eroded,0,1,1,1,1,0,0,0,0,0,1
9402,2.31E-01,0,9402,Not eroded,0,1,1,1,0,0,1,1,1,1,1
9404,2.00E-01,0,9404,Not eroded,0,1,0,0,0,0,1,1,1,1,1
9405,2.85E-01,2,9405,Not eroded,0,1,1,1,1,1,1,0,1,1,1
9406,6.57E-02,4,9406,Not eroded,0,0,0,0,0,0,0,0,0,1,1
9407,2.04E-01,3,9407,Not eroded,0,1,0,0,0,0,1,0,0,1,1
9408,1.81E-01,3,9408,Not eroded,0,0,0,0,0,0,1,0,0,1,1
9409,9.09E-02,4,9409,Not eroded,0,0,0,0,0,0,0,0,0,1,1
9410,2.87E-01,4,9410,Not eroded,0,1,1,1,1,1,0,0,0,1,1
9411,1.54E-01,4,9411,Not eroded,0,0,0,0,0,0,0,0,0,1,1
9412,7.74E-02,4,9412,Not eroded,0,0,0,0,0,0,0,0,0,1,1
9413,8.11E-02,4,9413,Not eroded,0,0,0,0,0,0,0,0,0,1,1
9414,2.34E-01,6,9414,Not eroded,0,1,1,1,0,0,0,0,0,0,0
9415,9.87E-02,3,9415,Not eroded,0,0,0,0,0,0,1,0,0,1,1
9416,1.81E-01,3,9416,Not eroded,0,0,0,0,0,0,1,0,0,1,1
9417,2.33E-01,3,9417,Not eroded,0,1,1,1,0,0,1,0,0,1,1
9418,2.19E-01,0,9418,Not eroded,0,1,0,0,0,0,1,1,1,1,1
9419,1.81E-01,0,9419,Not eroded,0,0,0,0,0,0,1,1,1,1,1
9420,2.91E-01,0,9420,Not eroded,0,1,1,1,1,1,1,1,1,1,1
9421,2.88E-01,2,9421,Not eroded,0,1,1,1,1,1,1,0,1,1,1
9422,1.09E-01,4,9422,Not eroded,0,0,0,0,0,0,0,0,0,1,1
9423,1.36E-01,5,9423,Not eroded,0,0,0,0,0,0,0,0,0,0,1
9424,1.08E-01,6,9424,Not eroded,0,0,0,0,0,0,0,0,0,0,0
9425,7.46E-02,5,9425,Not eroded,0,0,0,0,0,0,0,0,0,0,1
9426,9.58E-02,4,9426,Not eroded,0,0,0,0,0,0,0,0,0,1,1
9427,1.35E-01,0,9427,Not eroded,0,0,0,0,0,0,1,1,1,1,1
9429,2.47E-01,0,9429,Not eroded,0,1,1,1,1,0,1,1,1,1,1
9430,1.56E-01,0,9430,Not eroded,0,0,0,0,0,0,1,1,1,1,1
9431,1.36E-01,3,9431,Not eroded,0,0,0,0,0,0,1,0,0,1,1
9432,2.93E-01,0,9432,Not eroded,0,1,1,1,1,1,1,1,1,1,1
9433,8.55E-02,3,9433,Not eroded,0,0,0,0,0,0,1,0,0,1,1
9435,1.44E-01,4,9435,Not eroded,0,0,0,0,0,0,0,0,0,1,1
9436,1.61E-01,4,9436,Not eroded,0,0,0,0,0,0,0,0,0,1,1
9438,2.14E-01,4,9438,Not eroded,0,1,0,0,0,0,0,0,0,1,1
9439,8.11E-02,5,9439,Not eroded,0,0,0,0,0,0,0,0,0,0,1
9440,2.54E-01,5,9440,Not eroded,0,1,1,1,1,1,0,0,0,0,1
9441,6.01E-02,5,9441,Not eroded,0,0,0,0,0,0,0,0,0,0,1
9442,1.38E-01,0,9442,Not eroded,0,0,0,0,0,0,1,1,1,1,1
9443,1.39E-01,4,9443,Not eroded,0,0,0,0,0,0,0,0,0,1,1
9445,1.99E-01,0,9445,Not eroded,0,1,0,0,0,0,1,1,1,1,1
9446,1.53E-01,0,9446,Not eroded,0,0,0,0,0,0,1,1,1,1,1
9447,1.85E-01,3,9447,Not eroded,0,0,0,0,0,0,1,0,0,1,1
9450,2.83E-01,0,9450,ERODED,1,1,1,1,1,1,1,1,1,1,1
9451,2.70E-01,0,9451,Not eroded,0,1,1,1,1,1,1,1,1,1,1
9452,1.93E-01,3,9452,Not eroded,0,1,0,0,0,0,1,0,0,1,1
9453,3.25E-01,0,9453,ERODED,1,1,1,1,1,1,1,1,1,1,1
9454,9.20E-02,4,9454,Not eroded,0,0,0,0,0,0,0,0,0,1,1
9455,7.48E-02,4,9455,Not eroded,0,0,0,0,0,0,0,0,0,1,1
9456,1.92E-01,0,9456,Not eroded,0,1,0,0,0,0,1,1,1,1,1
9457,5.66E-02,3,9457,Not eroded,0,0,0,0,0,0,1,0,0,1,1
9458,2.58E-01,2,9458,Not eroded,0,1,1,1,1,1,1,0,1,1,1
9459,8.53E-02,3,9459,Not eroded,0,0,0,0,0,0,1,0,0,1,1
9460,1.06E-01,3,9460,Not eroded,0,0,0,0,0,0,1,0,0,1,1
9462,5.66E-02,2,9462,Not eroded,0,0,0,0,0,0,1,0,1,1,1
9465,7.30E-02,4,9465,Not eroded,0,0,0,0,0,0,0,0,0,1,1
9466,1.07E-01,5,9466,Not eroded,0,0,0,0,0,0,0,0,0,0,1
9467,9.31E-02,5,9467,Not eroded,0,0,0,0,0,0,0,0,0,0,1
9468,2.29E-01,4,9468,Not eroded,0,1,1,0,0,0,0,0,0,1,1
9469,2.61E-01,3,9469,Not eroded,0,1,1,1,1,1,1,0,0,1,1
9470,9.49E-02,5,9470,Not eroded,0,0,0,0,0,0,0,0,0,0,1
9471,9.61E-02,0,9471,Not eroded,0,0,0,0,0,0,1,1,1,1,1
9472,5.65E-02,3,9472,Not eroded,0,0,0,0,0,0,1,0,0,1,1
9473,1.88E-01,4,9473,Not eroded,0,0,0,0,0,0,0,0,0,1,1
9474,2.69E-01,3,9474,Not eroded,0,1,1,1,1,1,1,0,0,1,1
9475,1.48E-01,4,9475,Not eroded,0,0,0,0,0,0,0,0,0,1,1
9476,1.11E-01,4,9476,Not eroded,0,0,0,0,0,0,0,0,0,1,1
9477,1.27E-01,0,9477,Not eroded,0,0,0,0,0,0,1,1,1,1,1
9478,3.06E-01,0,9478,ERODED,1,1,1,1,1,1,1,1,1,1,1
9479,2.14E-01,4,9479,Not eroded,0,1,0,0,0,0,0,0,0,1,1
9480,5.72E-02,0,9480,Not eroded,0,0,0,0,0,0,1,1,1,1,1
9481,1.75E-01,4,9481,Not eroded,0,0,0,0,0,0,0,0,0,1,1
9483,2.54E-01,0,9483,Not eroded,0,1,1,1,1,1,1,1,1,1,1
9484,1.50E-01,0,9484,Not eroded,0,0,0,0,0,0,1,1,1,1,1
9485,7.75E-02,5,9485,Not eroded,0,0,0,0,0,0,0,0,0,0,1
9486,1.27E-01,5,9486,Not eroded,0,0,0,0,0,0,0,0,0,0,1
9487,2.53E-01,0,9487,Not eroded,0,1,1,1,1,1,1,1,1,1,1
9488,9.35E-02,3,9488,Not eroded,0,0,0,0,0,0,1,0,0,1,1
9490,1.42E-01,3,9490,Not eroded,0,0,0,0,0,0,1,0,0,1,1
9491,2.65E-01,2,9491,Not eroded,0,1,1,1,1,1,1,0,1,1,1
9492,2.17E-01,5,9492,Not eroded,0,1,0,0,0,0,0,0,0,0,1
9493,1.83E-01,3,9493,Not eroded,0,0,0,0,0,0,1,0,0,1,1
9494,2.89E-01,0,9494,Not eroded,0,1,1,1,1,1,1,1,1,1,1
9495,1.78E-01,5,9495,Not eroded,0,0,0,0,0,0,0,0,0,0,1
9496,7.83E-02,5,9496,Not eroded,0,0,0,0,0,0,0,0,0,0,1
9497,1.62E-01,4,9497,Not eroded,0,0,0,0,0,0,0,0,0,1,1
9499,2.85E-01,0,9499,Not eroded,0,1,1,1,1,1,1,1,1,1,1
9500,2.85E-01,0,9500,Not eroded,0,1,1,1,1,1,1,1,1,1,1
9501,3.26E-01,0,9501,ERODED,1,1,1,1,1,1,1,1,1,1,1
9502,2.77E-01,3,9502,Not eroded,0,1,1,1,1,1,1,0,0,1,1
9503,2.30E-01,5,9503,Not eroded,0,1,1,0,0,0,0,0,0,0,1
9504,1.16E-01,4,9504,Not eroded,0,0,0,0,0,0,0,0,0,1,1
9505,2.42E-01,3,9505,Not eroded,0,1,1,1,1,0,1,0,0,1,1
9506,2.04E-01,4,9506,Not eroded,0,1,0,0,0,0,0,0,0,1,1
9508,2.72E-01,4,9508,Not eroded,0,1,1,1,1,1,0,0,0,1,1
9509,2.71E-01,0,9509,ERODED,1,1,1,1,1,1,1,1,1,1,1
9510,1.45E-01,5,9510,Not eroded,0,0,0,0,0,0,0,0,0,0,1
9511,1.05E-01,4,9511,Not eroded,0,0,0,0,0,0,0,0,0,1,1
9512,1.85E-01,5,9512,Not eroded,0,0,0,0,0,0,0,0,0,0,1
9513,2.79E-01,5,9513,Not eroded,0,1,1,1,1,1,0,0,0,0,1
9514,1.44E-01,5,9514,Not eroded,0,0,0,0,0,0,0,0,0,0,1
9515,1.28E-01,4,9515,Not eroded,0,0,0,0,0,0,0,0,0,1,1
9517,1.57E-01,3,9517,Not eroded,0,0,0,0,0,0,1,0,0,1,1
9518,2.46E-01,4,9518,Not eroded,0,1,1,1,1,0,0,0,0,1,1
9519,2.93E-01,5,9519,Not eroded,0,1,1,1,1,1,0,0,0,0,1
9520,6.90E-02,3,9520,Not eroded,0,0,0,0,0,0,1,0,0,1,1
9522,7.03E-02,3,9522,Not eroded,0,0,0,0,0,0,1,0,0,1,1
9523,2.74E-01,3,9523,Not eroded,0,1,1,1,1,1,1,0,0,1,1
9524,2.36E-01,6,9524,Not eroded,0,1,1,1,0,0,0,0,0,0,0
9525,1.78E-01,5,9525,Not eroded,0,0,0,0,0,0,0,0,0,0,1
9526,5.65E-02,3,9526,Not eroded,0,0,0,0,0,0,1,0,0,1,1
9528,2.40E-01,0,9528,Not eroded,0,1,1,1,0,0,1,1,1,1,1
9529,9.37E-02,3,9529,Not eroded,0,0,0,0,0,0,1,0,0,1,1
9530,2.64E-01,0,9530,Not eroded,0,1,1,1,1,1,1,1,1,1,1
9531,3.00E-01,0,9531,ERODED,1,1,1,1,1,1,1,1,1,1,1
9532,3.01E-01,0,9532,Not eroded,0,1,1,1,1,1,1,1,1,1,1
9533,6.46E-02,4,9533,Not eroded,0,0,0,0,0,0,0,0,0,1,1
9534,8.59E-02,0,9534,Not eroded,0,0,0,0,0,0,1,1,1,1,1
9535,2.22E-01,4,9535,Not eroded,0,1,1,0,0,0,0,0,0,1,1
9536,2.14E-01,0,9536,Not eroded,0,1,0,0,0,0,1,1,1,1,1
9537,1.72E-01,0,9537,Not eroded,0,0,0,0,0,0,1,1,1,1,1
9538,1.35E-01,4,9538,Not eroded,0,0,0,0,0,0,0,0,0,1,1
9539,1.93E-01,0,9539,Not eroded,0,1,0,0,0,0,1,1,1,1,1
9540,2.86E-01,0,9540,ERODED,1,1,1,1,1,1,1,1,1,1,1
9541,9.31E-02,4,9541,Not eroded,0,0,0,0,0,0,0,0,0,1,1
9544,1.42E-01,5,9544,Not eroded,0,0,0,0,0,0,0,0,0,0,1
9545,2.15E-01,6,9545,Not eroded,0,1,0,0,0,0,0,0,0,0,0
9546,2.53E-01,4,9546,Not eroded,0,1,1,1,1,1,0,0,0,1,1
9547,5.65E-02,5,9547,Not eroded,0,0,0,0,0,0,0,0,0,0,1
9549,9.65E-02,5,9549,Not eroded,0,0,0,0,0,0,0,0,0,0,1
9550,2.03E-01,0,9550,Not eroded,0,1,0,0,0,0,1,1,1,1,1
9551,2.32E-01,0,9551,Not eroded,0,1,1,1,0,0,1,1,1,1,1
9552,3.16E-01,0,9552,ERODED,1,1,1,1,1,1,1,1,1,1,1
9553,2.92E-01,4,9553,Not eroded,0,1,1,1,1,1,0,0,0,1,1
9554,6.21E-02,4,9554,Not eroded,0,0,0,0,0,0,0,0,0,1,1
9555,1.94E-01,5,9555,Not eroded,0,1,0,0,0,0,0,0,0,0,1
9557,2.21E-01,0,9557,Not eroded,0,1,1,0,0,0,1,1,1,1,1
9558,7.91E-02,3,9558,Not eroded,0,0,0,0,0,0,1,0,0,1,1
9559,5.65E-02,3,9559,Not eroded,0,0,0,0,0,0,1,0,0,1,1
9560,1.44E-01,4,9560,Not eroded,0,0,0,0,0,0,0,0,0,1,1
9561,2.91E-01,4,9561,ERODED,1,1,1,1,1,1,0,0,0,1,1
9563,7.56E-02,0,9563,Not eroded,0,0,0,0,0,0,1,1,1,1,1
9564,1.68E-01,0,9564,Not eroded,0,0,0,0,0,0,1,1,1,1,1
9565,1.50E-01,4,9565,Not eroded,0,0,0,0,0,0,0,0,0,1,1
9566,3.15E-01,0,9566,ERODED,1,1,1,1,1,1,1,1,1,1,1
9567,3.11E-01,0,9567,ERODED,1,1,1,1,1,1,1,1,1,1,1
9569,9.21E-02,0,9569,Not eroded,0,0,0,0,0,0,1,1,1,1,1
9570,2.31E-01,2,9570,Not eroded,0,1,1,1,0,0,1,0,1,1,1
9571,1.03E-01,0,9571,Not eroded,0,0,0,0,0,0,1,1,1,1,1
9572,1.21E-01,5,9572,Not eroded,0,0,0,0,0,0,0,0,0,0,1
9574,1.42E-01,4,9574,Not eroded,0,0,0,0,0,0,0,0,0,1,1
9575,5.66E-02,3,9575,Not eroded,0,0,0,0,0,0,1,0,0,1,1
9576,2.16E-01,0,9576,Not eroded,0,1,0,0,0,0,1,1,1,1,1
9577,2.58E-01,5,9577,Not eroded,0,1,1,1,1,1,0,0,0,0,1
9578,3.16E-01,0,9578,ERODED,1,1,1,1,1,1,1,1,1,1,1
9579,2.89E-01,0,9579,Not eroded,0,1,1,1,1,1,1,1,1,1,1
9580,2.86E-01,0,9580,ERODED,1,1,1,1,1,1,1,1,1,1,1
9581,8.29E-02,0,9581,Not eroded,0,0,0,0,0,0,1,1,1,1,1
9582,1.40E-01,0,9582,Not eroded,0,0,0,0,0,0,1,1,1,1,1
9583,2.25E-01,4,9583,Not eroded,0,1,1,0,0,0,0,0,0,1,1
9584,2.52E-01,0,9584,Not eroded,0,1,1,1,1,1,1,1,1,1,1
9585,2.85E-01,4,9585,Not eroded,0,1,1,1,1,1,0,0,0,1,1
9586,2.40E-01,5,9586,Not eroded,0,1,1,1,0,0,0,0,0,0,1
9587,2.07E-01,4,9587,Not eroded,0,1,0,0,0,0,0,0,0,1,1
9588,6.44E-02,2,9588,Not eroded,0,0,0,0,0,0,1,0,1,1,1
9589,1.85E-01,2,9589,Not eroded,0,0,0,0,0,0,1,0,1,1,1
9590,2.80E-01,0,9590,Not eroded,0,1,1,1,1,1,1,1,1,1,1
9591,1.32E-01,4,9591,Not eroded,0,0,0,0,0,0,0,0,0,1,1
9592,1.75E-01,0,9592,Not eroded,0,0,0,0,0,0,1,1,1,1,1
9594,1.84E-01,4,9594,Not eroded,0,0,0,0,0,0,0,0,0,1,1
9595,1.22E-01,0,9595,Not eroded,0,0,0,0,0,0,1,1,1,1,1
9596,2.27E-01,5,9596,Not eroded,0,1,1,0,0,0,0,0,0,0,1
9597,3.04E-01,0,9597,ERODED,1,1,1,1,1,1,1,1,1,1,1
9598,2.02E-01,3,9598,Not eroded,0,1,0,0,0,0,1,0,0,1,1
9599,1.96E-01,4,9599,Not eroded,0,1,0,0,0,0,0,0,0,1,1
9600,2.97E-01,0,9600,ERODED,1,1,1,1,1,1,1,1,1,1,1
9601,2.10E-01,0,9601,Not eroded,0,1,0,0,0,0,1,1,1,1,1
9602,6.46E-02,5,9602,Not eroded,0,0,0,0,0,0,0,0,0,0,1
9603,8.51E-02,3,9603,Not eroded,0,0,0,0,0,0,1,0,0,1,1
9604,2.59E-01,0,9604,Not eroded,0,1,1,1,1,1,1,1,1,1,1
9605,6.78E-02,4,9605,Not eroded,0,0,0,0,0,0,0,0,0,1,1
9606,2.83E-01,0,9606,ERODED,1,1,1,1,1,1,1,1,1,1,1
9607,1.05E-01,4,9607,Not eroded,0,0,0,0,0,0,0,0,0,1,1
9608,2.83E-01,0,9608,ERODED,1,1,1,1,1,1,1,1,1,1,1
9609,2.08E-01,4,9609,Not eroded,0,1,0,0,0,0,0,0,0,1,1
9610,2.24E-01,0,9610,Not eroded,0,1,1,0,0,0,1,1,1,1,1
9611,2.24E-01,4,9611,Not eroded,0,1,1,0,0,0,0,0,0,1,1
9612,1.52E-01,5,9612,Not eroded,0,0,0,0,0,0,0,0,0,0,1
9613,2.07E-01,3,9613,Not eroded,0,1,0,0,0,0,1,0,0,1,1
9614,6.56E-02,6,9614,Not eroded,0,0,0,0,0,0,0,0,0,0,0
9615,2.30E-01,5,9615,Not eroded,0,1,1,0,0,0,0,0,0,0,1
9616,9.40E-02,0,9616,Not eroded,0,0,0,0,0,0,1,1,1,1,1
9617,9.40E-02,0,9617,Not eroded,0,0,0,0,0,0,1,1,1,1,1
9618,1.13E-01,4,9618,Not eroded,0,0,0,0,0,0,0,0,0,1,1
9619,1.23E-01,0,9619,Not eroded,0,0,0,0,0,0,1,1,1,1,1
9620,2.20E-01,4,9620,Not eroded,0,1,0,0,0,0,0,0,0,1,1
9621,1.42E-01,4,9621,Not eroded,0,0,0,0,0,0,0,0,0,1,1
9622,1.55E-01,5,9622,Not eroded,0,0,0,0,0,0,0,0,0,0,1
9623,2.49E-01,3,9623,Not eroded,0,1,1,1,1,0,1,0,0,1,1
9624,2.24E-01,5,9624,Not eroded,0,1,1,0,0,0,0,0,0,0,1
9625,2.11E-01,5,9625,Not eroded,0,1,0,0,0,0,0,0,0,0,1
9626,2.57E-01,3,9626,Not eroded,0,1,1,1,1,1,1,0,0,1,1
9627,9.28E-02,0,9627,Not eroded,0,0,0,0,0,0,1,1,1,1,1
9628,1.83E-01,3,9628,Not eroded,0,0,0,0,0,0,1,0,0,1,1
9629,6.05E-02,4,9629,Not eroded,0,0,0,0,0,0,0,0,0,1,1
9630,2.01E-01,0,9630,Not eroded,0,1,0,0,0,0,1,1,1,1,1
9631,2.31E-01,4,9631,Not eroded,0,1,1,1,0,0,0,0,0,1,1
9632,2.93E-01,2,9632,Not eroded,0,1,1,1,1,1,1,0,1,1,1
9633,2.64E-01,3,9633,Not eroded,0,1,1,1,1,1,1,0,0,1,1
9635,2.41E-01,5,9635,Not eroded,0,1,1,1,1,0,0,0,0,0,1
9636,1.90E-01,0,9636,Not eroded,0,0,0,0,0,0,1,1,1,1,1
9637,2.77E-01,0,9637,Not eroded,0,1,1,1,1,1,1,1,1,1,1
9638,1.99E-01,4,9638,Not eroded,0,1,0,0,0,0,0,0,0,1,1
9639,3.02E-01,0,9639,ERODED,1,1,1,1,1,1,1,1,1,1,1
9640,1.72E-01,4,9640,Not eroded,0,0,0,0,0,0,0,0,0,1,1
9641,2.18E-01,0,9641,Not eroded,0,1,0,0,0,0,1,1,1,1,1
9642,2.44E-01,3,9642,Not eroded,0,1,1,1,1,0,1,0,0,1,1
9643,2.81E-01,5,9643,Not eroded,0,1,1,1,1,1,0,0,0,0,1
9644,3.10E-01,0,9644,ERODED,1,1,1,1,1,1,1,1,1,1,1
9645,1.92E-01,3,9645,Not eroded,0,1,0,0,0,0,1,0,0,1,1
9646,2.36E-01,4,9646,Not eroded,0,1,1,1,0,0,0,0,0,1,1
9647,1.86E-01,0,9647,Not eroded,0,0,0,0,0,0,1,1,1,1,1
9648,8.04E-02,0,9648,Not eroded,0,0,0,0,0,0,1,1,1,1,1
9650,2.94E-01,4,9650,Not eroded,0,1,1,1,1,1,0,0,0,1,1
9651,2.25E-01,4,9651,Not eroded,0,1,1,0,0,0,0,0,0,1,1
9652,2.78E-01,0,9652,Not eroded,0,1,1,1,1,1,1,1,1,1,1
9653,1.21E-01,0,9653,Not eroded,0,0,0,0,0,0,1,1,1,1,1
9654,1.78E-01,5,9654,Not eroded,0,0,0,0,0,0,0,0,0,0,1
9655,1.69E-01,3,9655,Not eroded,0,0,0,0,0,0,1,0,0,1,1
9657,1.45E-01,0,9657,Not eroded,0,0,0,0,0,0,1,1,1,1,1
9658,5.65E-02,3,9658,Not eroded,0,0,0,0,0,0,1,0,0,1,1
9659,1.97E-01,0,9659,Not eroded,0,1,0,0,0,0,1,1,1,1,1
9660,6.78E-02,0,9660,Not eroded,0,0,0,0,0,0,1,1,1,1,1
9661,1.83E-01,0,9661,Not eroded,0,0,0,0,0,0,1,1,1,1,1
9663,2.57E-01,0,9663,Not eroded,0,1,1,1,1,1,1,1,1,1,1
9664,1.02E-01,3,9664,Not eroded,0,0,0,0,0,0,1,0,0,1,1
9665,1.33E-01,0,9665,Not eroded,0,0,0,0,0,0,1,1,1,1,1
9666,1.52E-01,4,9666,Not eroded,0,0,0,0,0,0,0,0,0,1,1
9668,2.50E-01,4,9668,Not eroded,0,1,1,1,1,0,0,0,0,1,1
9669,2.00E-01,5,9669,Not eroded,0,1,0,0,0,0,0,0,0,0,1
9670,2.87E-01,3,9670,Not eroded,0,1,1,1,1,1,1,0,0,1,1
9671,3.26E-01,0,9671,ERODED,1,1,1,1,1,1,1,1,1,1,1
9672,5.65E-02,3,9672,Not eroded,0,0,0,0,0,0,1,0,0,1,1
9673,5.65E-02,4,9673,Not eroded,0,0,0,0,0,0,0,0,0,1,1
9674,2.57E-01,5,9674,Not eroded,0,1,1,1,1,1,0,0,0,0,1
9676,2.69E-01,4,9676,Not eroded,0,1,1,1,1,1,0,0,0,1,1
9677,2.15E-01,0,9677,Not eroded,0,1,0,0,0,0,1,1,1,1,1
9678,9.37E-02,4,9678,Not eroded,0,0,0,0,0,0,0,0,0,1,1
9679,9.15E-02,0,9679,Not eroded,0,0,0,0,0,0,1,1,1,1,1
9680,6.19E-02,7,9680,Not eroded,0,0,0,0,0,0,0,0,0,0,0
9681,2.31E-01,4,9681,Not eroded,0,1,1,1,0,0,0,0,0,1,1
9682,1.57E-01,0,9682,Not eroded,0,0,0,0,0,0,1,1,1,1,1
9683,2.75E-01,3,9683,Not eroded,0,1,1,1,1,1,1,0,0,1,1
9684,2.36E-01,0,9684,Not eroded,0,1,1,1,0,0,1,1,1,1,1
9685,1.99E-01,0,9685,Not eroded,0,1,0,0,0,0,1,1,1,1,1
9686,3.26E-01,0,9686,ERODED,1,1,1,1,1,1,1,1,1,1,1
9687,2.30E-01,0,9687,Not eroded,0,1,1,0,0,0,1,1,1,1,1
9688,2.92E-01,0,9688,Not eroded,0,1,1,1,1,1,1,1,1,1,1
9689,2.75E-01,0,9689,Not eroded,0,1,1,1,1,1,1,1,1,1,1
9690,2.25E-01,5,9690,Not eroded,0,1,1,0,0,0,0,0,0,0,1
9691,1.79E-01,4,9691,Not eroded,0,0,0,0,0,0,0,0,0,1,1
9692,1.20E-01,0,9692,Not eroded,0,0,0,0,0,0,1,1,1,1,1
9694,2.12E-01,3,9694,Not eroded,0,1,0,0,0,0,1,0,0,1,1
9695,2.06E-01,5,9695,Not eroded,0,1,0,0,0,0,0,0,0,0,1
9696,2.32E-01,0,9696,Not eroded,0,1,1,1,0,0,1,1,1,1,1
9697,9.69E-02,6,9697,Not eroded,0,0,0,0,0,0,0,0,0,0,0
9698,1.40E-01,5,9698,Not eroded,0,0,0,0,0,0,0,0,0,0,1
9699,1.24E-01,0,9699,Not eroded,0,0,0,0,0,0,1,1,1,1,1
9701,1.72E-01,4,9701,Not eroded,0,0,0,0,0,0,0,0,0,1,1
9702,1.49E-01,4,9702,Not eroded,0,0,0,0,0,0,0,0,0,1,1
9703,9.11E-02,4,9703,Not eroded,0,0,0,0,0,0,0,0,0,1,1
9704,1.00E-01,0,9704,Not eroded,0,0,0,0,0,0,1,1,1,1,1
9705,1.43E-01,3,9705,Not eroded,0,0,0,0,0,0,1,0,0,1,1
9706,2.57E-01,0,9706,Not eroded,0,1,1,1,1,1,1,1,1,1,1
9707,1.47E-01,3,9707,Not eroded,0,0,0,0,0,0,1,0,0,1,1
9708,1.33E-01,4,9708,Not eroded,0,0,0,0,0,0,0,0,0,1,1
9709,1.26E-01,8,9709,Not eroded,0,0,0,0,0,0,0,0,0,0,0
9710,1.87E-01,2,9710,Not eroded,0,0,0,0,0,0,1,0,1,1,1
9712,1.61E-01,6,9712,Not eroded,0,0,0,0,0,0,0,0,0,0,0
9713,1.07E-01,0,9713,Not eroded,0,0,0,0,0,0,1,1,1,1,1
9714,2.59E-01,4,9714,Not eroded,0,1,1,1,1,1,0,0,0,1,1
9716,2.13E-01,3,9716,Not eroded,0,1,0,0,0,0,1,0,0,1,1
9717,2.27E-01,4,9717,Not eroded,0,1,1,0,0,0,0,0,0,1,1
9718,2.30E-01,2,9718,Not eroded,0,1,1,0,0,0,1,0,1,1,1
9719,9.39E-02,0,9719,Not eroded,0,0,0,0,0,0,1,1,1,1,1
9721,1.78E-01,5,9721,Not eroded,0,0,0,0,0,0,0,0,0,0,1
9722,2.73E-01,0,9722,Not eroded,0,1,1,1,1,1,1,1,1,1,1
9723,8.51E-02,0,9723,Not eroded,0,0,0,0,0,0,1,1,1,1,1
9724,1.70E-01,3,9724,Not eroded,0,0,0,0,0,0,1,0,0,1,1
9725,1.68E-01,4,9725,Not eroded,0,0,0,0,0,0,0,0,0,1,1
9726,2.25E-01,4,9726,Not eroded,0,1,1,0,0,0,0,0,0,1,1
9727,2.56E-01,6,9727,Not eroded,0,1,1,1,1,1,0,0,0,0,0
9728,2.52E-01,5,9728,Not eroded,0,1,1,1,1,1,0,0,0,0,1
9729,1.60E-01,0,9729,Not eroded,0,0,0,0,0,0,1,1,1,1,1
9730,2.26E-01,4,9730,Not eroded,0,1,1,0,0,0,0,0,0,1,1
9732,9.15E-02,3,9732,Not eroded,0,0,0,0,0,0,1,0,0,1,1
9733,2.27E-01,0,9733,Not eroded,0,1,1,0,0,0,1,1,1,1,1
9735,1.91E-01,4,9735,Not eroded,0,1,0,0,0,0,0,0,0,1,1
9737,2.45E-01,0,9737,Not eroded,0,1,1,1,1,0,1,1,1,1,1
9738,2.91E-01,3,9738,ERODED,1,1,1,1,1,1,1,0,0,1,1
9739,1.51E-01,4,9739,Not eroded,0,0,0,0,0,0,0,0,0,1,1
9740,1.28E-01,5,9740,Not eroded,0,0,0,0,0,0,0,0,0,0,1
9741,2.66E-01,0,9741,ERODED,1,1,1,1,1,1,1,1,1,1,1
9742,2.41E-01,4,9742,Not eroded,0,1,1,1,1,0,0,0,0,1,1
9743,1.41E-01,4,9743,Not eroded,0,0,0,0,0,0,0,0,0,1,1
9744,2.20E-01,0,9744,Not eroded,0,1,0,0,0,0,1,1,1,1,1
9745,7.99E-02,5,9745,Not eroded,0,0,0,0,0,0,0,0,0,0,1
9746,2.80E-01,6,9746,Not eroded,0,1,1,1,1,1,0,0,0,0,0
9747,9.25E-02,0,9747,Not eroded,0,0,0,0,0,0,1,1,1,1,1
9748,6.86E-02,5,9748,Not eroded,0,0,0,0,0,0,0,0,0,0,1
9749,9.98E-02,2,9749,Not eroded,0,0,0,0,0,0,1,0,1,1,1
9750,1.79E-01,4,9750,Not eroded,0,0,0,0,0,0,0,0,0,1,1
9751,1.83E-01,4,9751,Not eroded,0,0,0,0,0,0,0,0,0,1,1
9752,1.01E-01,3,9752,Not eroded,0,0,0,0,0,0,1,0,0,1,1
9753,6.04E-02,6,9753,Not eroded,0,0,0,0,0,0,0,0,0,0,0
9754,1.70E-01,5,9754,Not eroded,0,0,0,0,0,0,0,0,0,0,1
9755,1.31E-01,6,9755,Not eroded,0,0,0,0,0,0,0,0,0,0,0
9756,2.40E-01,2,9756,Not eroded,0,1,1,1,0,0,1,0,1,1,1
9757,6.73E-02,6,9757,Not eroded,0,0,0,0,0,0,0,0,0,0,0
9758,6.71E-02,0,9758,Not eroded,0,0,0,0,0,0,1,1,1,1,1
9760,3.15E-01,0,9760,ERODED,1,1,1,1,1,1,1,1,1,1,1
9761,1.61E-01,0,9761,Not eroded,0,0,0,0,0,0,1,1,1,1,1
9762,2.51E-01,4,9762,Not eroded,0,1,1,1,1,1,0,0,0,1,1
9763,5.65E-02,3,9763,Not eroded,0,0,0,0,0,0,1,0,0,1,1
9764,2.67E-01,0,9764,ERODED,1,1,1,1,1,1,1,1,1,1,1
9766,2.54E-01,5,9766,Not eroded,0,1,1,1,1,1,0,0,0,0,1
9767,1.11E-01,4,9767,Not eroded,0,0,0,0,0,0,0,0,0,1,1
9769,2.57E-01,0,9769,ERODED,1,1,1,1,1,1,1,1,1,1,1
9770,2.73E-01,0,9770,ERODED,1,1,1,1,1,1,1,1,1,1,1
9771,1.42E-01,3,9771,Not eroded,0,0,0,0,0,0,1,0,0,1,1
9772,1.74E-01,3,9772,Not eroded,0,0,0,0,0,0,1,0,0,1,1
9775,1.20E-01,4,9775,Not eroded,0,0,0,0,0,0,0,0,0,1,1
9776,2.53E-01,4,9776,Not eroded,0,1,1,1,1,1,0,0,0,1,1
9777,1.93E-01,0,9777,Not eroded,0,1,0,0,0,0,1,1,1,1,1
9778,2.24E-01,5,9778,Not eroded,0,1,1,0,0,0,0,0,0,0,1
9779,2.39E-01,5,9779,Not eroded,0,1,1,1,0,0,0,0,0,0,1
9780,3.18E-01,0,9780,ERODED,1,1,1,1,1,1,1,1,1,1,1
9781,1.26E-01,4,9781,Not eroded,0,0,0,0,0,0,0,0,0,1,1
9782,1.26E-01,0,9782,Not eroded,0,0,0,0,0,0,1,1,1,1,1
9783,2.64E-01,4,9783,Not eroded,0,1,1,1,1,1,0,0,0,1,1
9784,5.65E-02,3,9784,Not eroded,0,0,0,0,0,0,1,0,0,1,1
9785,1.98E-01,0,9785,Not eroded,0,1,0,0,0,0,1,1,1,1,1
9786,1.35E-01,0,9786,Not eroded,0,0,0,0,0,0,1,1,1,1,1
9787,1.25E-01,0,9787,Not eroded,0,0,0,0,0,0,1,1,1,1,1
9788,2.39E-01,4,9788,Not eroded,0,1,1,1,0,0,0,0,0,1,1
9789,2.37E-01,2,9789,Not eroded,0,1,1,1,0,0,1,0,1,1,1
9790,1.69E-01,4,9790,Not eroded,0,0,0,0,0,0,0,0,0,1,1
9791,2.01E-01,0,9791,Not eroded,0,1,0,0,0,0,1,1,1,1,1
9792,1.26E-01,0,9792,Not eroded,0,0,0,0,0,0,1,1,1,1,1
9793,1.75E-01,0,9793,Not eroded,0,0,0,0,0,0,1,1,1,1,1
9794,1.52E-01,0,9794,Not eroded,0,0,0,0,0,0,1,1,1,1,1
9795,1.80E-01,4,9795,Not eroded,0,0,0,0,0,0,0,0,0,1,1
9796,2.52E-01,0,9796,Not eroded,0,1,1,1,1,1,1,1,1,1,1
9797,2.73E-01,0,9797,Not eroded,0,1,1,1,1,1,1,1,1,1,1
9798,1.26E-01,3,9798,Not eroded,0,0,0,0,0,0,1,0,0,1,1
9799,2.01E-01,0,9799,Not eroded,0,1,0,0,0,0,1,1,1,1,1
9800,1.10E-01,4,9800,Not eroded,0,0,0,0,0,0,0,0,0,1,1
9801,9.11E-02,0,9801,Not eroded,0,0,0,0,0,0,1,1,1,1,1
9802,9.60E-02,4,9802,Not eroded,0,0,0,0,0,0,0,0,0,1,1
9803,1.04E-01,3,9803,Not eroded,0,0,0,0,0,0,1,0,0,1,1
9804,2.16E-01,5,9804,Not eroded,0,1,0,0,0,0,0,0,0,0,1
9805,1.01E-01,0,9805,Not eroded,0,0,0,0,0,0,1,1,1,1,1
9806,2.03E-01,5,9806,Not eroded,0,1,0,0,0,0,0,0,0,0,1
9807,3.06E-01,0,9807,ERODED,1,1,1,1,1,1,1,1,1,1,1
9808,1.69E-01,5,9808,Not eroded,0,0,0,0,0,0,0,0,0,0,1
9811,1.99E-01,4,9811,Not eroded,0,1,0,0,0,0,0,0,0,1,1
9812,1.81E-01,4,9812,Not eroded,0,0,0,0,0,0,0,0,0,1,1
9813,2.73E-01,5,9813,Not eroded,0,1,1,1,1,1,0,0,0,0,1
9814,1.42E-01,4,9814,Not eroded,0,0,0,0,0,0,0,0,0,1,1
9815,1.96E-01,5,9815,Not eroded,0,1,0,0,0,0,0,0,0,0,1
9816,2.02E-01,4,9816,Not eroded,0,1,0,0,0,0,0,0,0,1,1
9817,3.25E-01,0,9817,ERODED,1,1,1,1,1,1,1,1,1,1,1
9818,6.52E-02,5,9818,Not eroded,0,0,0,0,0,0,0,0,0,0,1
9819,2.89E-01,0,9819,ERODED,1,1,1,1,1,1,1,1,1,1,1
9820,9.65E-02,5,9820,Not eroded,0,0,0,0,0,0,0,0,0,0,1
9821,2.79E-01,4,9821,Not eroded,0,1,1,1,1,1,0,0,0,1,1
9822,2.11E-01,0,9822,Not eroded,0,1,0,0,0,0,1,1,1,1,1
9823,1.46E-01,0,9823,Not eroded,0,0,0,0,0,0,1,1,1,1,1
9824,2.09E-01,0,9824,Not eroded,0,1,0,0,0,0,1,1,1,1,1
9825,2.89E-01,0,9825,ERODED,1,1,1,1,1,1,1,1,1,1,1
9826,2.97E-01,5,9826,Not eroded,0,1,1,1,1,1,0,0,0,0,1
9827,1.30E-01,5,9827,Not eroded,0,0,0,0,0,0,0,0,0,0,1
9828,3.04E-01,0,9828,ERODED,1,1,1,1,1,1,1,1,1,1,1
9829,1.47E-01,3,9829,Not eroded,0,0,0,0,0,0,1,0,0,1,1
9830,3.19E-01,0,9830,ERODED,1,1,1,1,1,1,1,1,1,1,1
9832,3.24E-01,0,9832,ERODED,1,1,1,1,1,1,1,1,1,1,1
9833,2.71E-01,5,9833,Not eroded,0,1,1,1,1,1,0,0,0,0,1
9834,1.03E-01,4,9834,Not eroded,0,0,0,0,0,0,0,0,0,1,1
9835,8.23E-02,0,9835,Not eroded,0,0,0,0,0,0,1,1,1,1,1
9836,2.72E-01,3,9836,Not eroded,0,1,1,1,1,1,1,0,0,1,1
9837,2.57E-01,6,9837,Not eroded,0,1,1,1,1,1,0,0,0,0,0
9838,8.18E-02,7,9838,Not eroded,0,0,0,0,0,0,0,0,0,0,0
9839,6.61E-02,4,9839,Not eroded,0,0,0,0,0,0,0,0,0,1,1
9840,2.49E-01,4,9840,Not eroded,0,1,1,1,1,0,0,0,0,1,1
9841,1.52E-01,4,9841,Not eroded,0,0,0,0,0,0,0,0,0,1,1
9842,1.88E-01,2,9842,Not eroded,0,0,0,0,0,0,1,0,1,1,1
9843,2.77E-01,3,9843,Not eroded,0,1,1,1,1,1,1,0,0,1,1
9844,1.23E-01,5,9844,Not eroded,0,0,0,0,0,0,0,0,0,0,1
9845,2.02E-01,4,9845,Not eroded,0,1,0,0,0,0,0,0,0,1,1
9846,1.66E-01,4,9846,Not eroded,0,0,0,0,0,0,0,0,0,1,1
9847,2.74E-01,4,9847,Not eroded,0,1,1,1,1,1,0,0,0,1,1
9848,2.01E-01,6,9848,Not eroded,0,1,0,0,0,0,0,0,0,0,0
9849,2.89E-01,4,9849,Not eroded,0,1,1,1,1,1,0,0,0,1,1
9850,2.53E-01,0,9850,Not eroded,0,1,1,1,1,1,1,1,1,1,1
9851,2.09E-01,0,9851,Not eroded,0,1,0,0,0,0,1,1,1,1,1
9852,3.28E-01,0,9852,ERODED,1,1,1,1,1,1,1,1,1,1,1
9853,2.69E-01,0,9853,ERODED,1,1,1,1,1,1,1,1,1,1,1
9854,2.93E-01,4,9854,Not eroded,0,1,1,1,1,1,0,0,0,1,1
9855,2.80E-01,3,9855,Not eroded,0,1,1,1,1,1,1,0,0,1,1
9856,5.70E-02,0,9856,Not eroded,0,0,0,0,0,0,1,1,1,1,1
9857,2.23E-01,5,9857,Not eroded,0,1,1,0,0,0,0,0,0,0,1
9858,8.43E-02,5,9858,Not eroded,0,0,0,0,0,0,0,0,0,0,1
9859,2.85E-01,2,9859,Not eroded,0,1,1,1,1,1,1,0,1,1,1
9860,2.44E-01,3,9860,Not eroded,0,1,1,1,1,0,1,0,0,1,1
9861,2.05E-01,5,9861,Not eroded,0,1,0,0,0,0,0,0,0,0,1
9862,2.05E-01,5,9862,Not eroded,0,1,0,0,0,0,0,0,0,0,1
9863,5.65E-02,2,9863,Not eroded,0,0,0,0,0,0,1,0,1,1,1
9864,1.93E-01,4,9864,Not eroded,0,1,0,0,0,0,0,0,0,1,1
9865,2.82E-01,6,9865,Not eroded,0,1,1,1,1,1,0,0,0,0,0
9866,3.07E-01,0,9866,ERODED,1,1,1,1,1,1,1,1,1,1,1
9867,6.68E-02,0,9867,Not eroded,0,0,0,0,0,0,1,1,1,1,1
9868,2.98E-01,4,9868,Not eroded,0,1,1,1,1,1,0,0,0,1,1
9869,2.96E-01,0,9869,Not eroded,0,1,1,1,1,1,1,1,1,1,1
9870,2.72E-01,0,9870,Not eroded,0,1,1,1,1,1,1,1,1,1,1
9872,3.03E-01,3,9872,Not eroded,0,1,1,1,1,1,1,0,0,1,1
9873,7.44E-02,3,9873,Not eroded,0,0,0,0,0,0,1,0,0,1,1
9874,2.18E-01,0,9874,Not eroded,0,1,0,0,0,0,1,1,1,1,1
9875,1.75E-01,4,9875,Not eroded,0,0,0,0,0,0,0,0,0,1,1
9876,1.60E-01,0,9876,Not eroded,0,0,0,0,0,0,1,1,1,1,1
9877,1.26E-01,2,9877,Not eroded,0,0,0,0,0,0,1,0,1,1,1
9878,8.76E-02,4,9878,Not eroded,0,0,0,0,0,0,0,0,0,1,1
9879,1.88E-01,6,9879,Not eroded,0,0,0,0,0,0,0,0,0,0,0
9880,1.10E-01,3,9880,Not eroded,0,0,0,0,0,0,1,0,0,1,1
9881,1.97E-01,4,9881,Not eroded,0,1,0,0,0,0,0,0,0,1,1
9882,2.38E-01,3,9882,Not eroded,0,1,1,1,0,0,1,0,0,1,1
9883,8.99E-02,3,9883,Not eroded,0,0,0,0,0,0,1,0,0,1,1
9884,2.82E-01,4,9884,Not eroded,0,1,1,1,1,1,0,0,0,1,1
9885,1.05E-01,5,9885,Not eroded,0,0,0,0,0,0,0,0,0,0,1
9886,2.36E-01,0,9886,Not eroded,0,1,1,1,0,0,1,1,1,1,1
9887,3.15E-01,0,9887,ERODED,1,1,1,1,1,1,1,1,1,1,1
9888,2.75E-01,0,9888,ERODED,1,1,1,1,1,1,1,1,1,1,1
9889,2.75E-01,4,9889,Not eroded,0,1,1,1,1,1,0,0,0,1,1
9890,5.66E-02,2,9890,Not eroded,0,0,0,0,0,0,1,0,1,1,1
9891,1.29E-01,0,9891,Not eroded,0,0,0,0,0,0,1,1,1,1,1
9893,2.42E-01,4,9893,Not eroded,0,1,1,1,1,0,0,0,0,1,1
9895,3.25E-01,0,9895,ERODED,1,1,1,1,1,1,1,1,1,1,1
9896,2.22E-01,5,9896,Not eroded,0,1,1,0,0,0,0,0,0,0,1
9897,1.50E-01,0,9897,Not eroded,0,0,0,0,0,0,1,1,1,1,1
9898,5.65E-02,6,9898,Not eroded,0,0,0,0,0,0,0,0,0,0,0
9899,6.60E-02,0,9899,Not eroded,0,0,0,0,0,0,1,1,1,1,1
9900,1.76E-01,0,9900,Not eroded,0,0,0,0,0,0,1,1,1,1,1
9901,2.53E-01,1,9901,Not eroded,0,1,1,1,1,1,1,1,1,1,1
9902,3.25E-01,0,9902,ERODED,1,1,1,1,1,1,1,1,1,1,1
9903,6.33E-02,4,9903,Not eroded,0,0,0,0,0,0,0,0,0,1,1
9904,2.74E-01,4,9904,Not eroded,0,1,1,1,1,1,0,0,0,1,1
9905,2.47E-01,0,9905,Not eroded,0,1,1,1,1,0,1,1,1,1,1
9906,1.77E-01,3,9906,Not eroded,0,0,0,0,0,0,1,0,0,1,1
9907,2.90E-01,0,9907,Not eroded,0,1,1,1,1,1,1,1,1,1,1
9908,2.53E-01,2,9908,Not eroded,0,1,1,1,1,1,1,0,1,1,1
9909,2.85E-01,5,9909,Not eroded,0,1,1,1,1,1,0,0,0,0,1
9910,2.10E-01,0,9910,Not eroded,0,1,0,0,0,0,1,1,1,1,1
9911,2.24E-01,5,9911,Not eroded,0,1,1,0,0,0,0,0,0,0,1
9912,2.74E-01,4,9912,Not eroded,0,1,1,1,1,1,0,0,0,1,1
9914,1.37E-01,5,9914,Not eroded,0,0,0,0,0,0,0,0,0,0,1
9915,2.28E-01,7,9915,Not eroded,0,1,1,0,0,0,0,0,0,0,0
9916,1.11E-01,3,9916,Not eroded,0,0,0,0,0,0,1,0,0,1,1
9917,2.27E-01,2,9917,Not eroded,0,1,1,0,0,0,1,0,1,1,1
9918,8.85E-02,5,9918,Not eroded,0,0,0,0,0,0,0,0,0,0,1
9920,1.70E-01,3,9920,Not eroded,0,0,0,0,0,0,1,0,0,1,1
9922,5.65E-02,4,9922,Not eroded,0,0,0,0,0,0,0,0,0,1,1
9923,2.14E-01,0,9923,Not eroded,0,1,0,0,0,0,1,1,1,1,1
9924,2.86E-01,3,9924,Not eroded,0,1,1,1,1,1,1,0,0,1,1
9925,1.02E-01,4,9925,Not eroded,0,0,0,0,0,0,0,0,0,1,1
9926,2.76E-01,0,9926,ERODED,1,1,1,1,1,1,1,1,1,1,1
9927,1.69E-01,3,9927,Not eroded,0,0,0,0,0,0,1,0,0,1,1
9928,1.45E-01,0,9928,Not eroded,0,0,0,0,0,0,1,1,1,1,1
9929,1.48E-01,4,9929,Not eroded,0,0,0,0,0,0,0,0,0,1,1
9930,2.53E-01,0,9930,Not eroded,0,1,1,1,1,1,1,1,1,1,1
9931,2.83E-01,5,9931,Not eroded,0,1,1,1,1,1,0,0,0,0,1
9932,1.87E-01,5,9932,Not eroded,0,0,0,0,0,0,0,0,0,0,1
9933,2.75E-01,2,9933,Not eroded,0,1,1,1,1,1,1,0,1,1,1
9934,2.05E-01,3,9934,Not eroded,0,1,0,0,0,0,1,0,0,1,1
9935,1.02E-01,4,9935,Not eroded,0,0,0,0,0,0,0,0,0,1,1
9936,2.08E-01,4,9936,Not eroded,0,1,0,0,0,0,0,0,0,1,1
9937,1.54E-01,3,9937,Not eroded,0,0,0,0,0,0,1,0,0,1,1
9938,2.01E-01,5,9938,Not eroded,0,1,0,0,0,0,0,0,0,0,1
9939,1.48E-01,3,9939,Not eroded,0,0,0,0,0,0,1,0,0,1,1
9940,1.67E-01,4,9940,Not eroded,0,0,0,0,0,0,0,0,0,1,1
9941,2.12E-01,5,9941,Not eroded,0,1,0,0,0,0,0,0,0,0,1
9942,1.87E-01,3,9942,Not eroded,0,0,0,0,0,0,1,0,0,1,1
9943,2.17E-01,3,9943,Not eroded,0,1,0,0,0,0,1,0,0,1,1
9945,2.66E-01,3,9945,Not eroded,0,1,1,1,1,1,1,0,0,1,1
9946,8.18E-02,5,9946,Not eroded,0,0,0,0,0,0,0,0,0,0,1
9947,2.13E-01,4,9947,Not eroded,0,1,0,0,0,0,0,0,0,1,1
9948,1.39E-01,2,9948,Not eroded,0,0,0,0,0,0,1,0,1,1,1
9949,2.84E-01,0,9949,Not eroded,0,1,1,1,1,1,1,1,1,1,1
9950,2.77E-01,6,9950,Not eroded,0,1,1,1,1,1,0,0,0,0,0
9951,1.35E-01,5,9951,Not eroded,0,0,0,0,0,0,0,0,0,0,1
9952,2.37E-01,4,9952,Not eroded,0,1,1,1,0,0,0,0,0,1,1
9953,2.35E-01,4,9953,Not eroded,0,1,1,1,0,0,0,0,0,1,1
9954,2.69E-01,3,9954,Not eroded,0,1,1,1,1,1,1,0,0,1,1
9955,1.45E-01,4,9955,Not eroded,0,0,0,0,0,0,0,0,0,1,1
9956,6.49E-02,2,9956,Not eroded,0,0,0,0,0,0,1,0,1,1,1
9957,1.15E-01,3,9957,Not eroded,0,0,0,0,0,0,1,0,0,1,1
9958,1.06E-01,5,9958,Not eroded,0,0,0,0,0,0,0,0,0,0,1
9959,1.33E-01,4,9959,Not eroded,0,0,0,0,0,0,0,0,0,1,1
9961,1.36E-01,3,9961,Not eroded,0,0,0,0,0,0,1,0,0,1,1
9963,6.40E-02,4,9963,Not eroded,0,0,0,0,0,0,0,0,0,1,1
9964,1.55E-01,0,9964,Not eroded,0,0,0,0,0,0,1,1,1,1,1
9965,6.56E-02,5,9965,Not eroded,0,0,0,0,0,0,0,0,0,0,1
9966,7.39E-02,4,9966,Not eroded,0,0,0,0,0,0,0,0,0,1,1
9968,1.97E-01,0,9968,Not eroded,0,1,0,0,0,0,1,1,1,1,1
9969,2.09E-01,5,9969,Not eroded,0,1,0,0,0,0,0,0,0,0,1
9970,2.84E-01,5,9970,Not eroded,0,1,1,1,1,1,0,0,0,0,1
9971,2.57E-01,3,9971,Not eroded,0,1,1,1,1,1,1,0,0,1,1
9972,7.91E-02,5,9972,Not eroded,0,0,0,0,0,0,0,0,0,0,1
9973,2.12E-01,4,9973,Not eroded,0,1,0,0,0,0,0,0,0,1,1
9974,1.68E-01,0,9974,Not eroded,0,0,0,0,0,0,1,1,1,1,1
9975,1.45E-01,5,9975,Not eroded,0,0,0,0,0,0,0,0,0,0,1
9976,3.08E-01,0,9976,ERODED,1,1,1,1,1,1,1,1,1,1,1
9978,9.38E-02,5,9978,Not eroded,0,0,0,0,0,0,0,0,0,0,1
9979,1.03E-01,4,9979,Not eroded,0,0,0,0,0,0,0,0,0,1,1
9980,1.28E-01,4,9980,Not eroded,0,0,0,0,0,0,0,0,0,1,1
9981,8.94E-02,0,9981,Not eroded,0,0,0,0,0,0,1,1,1,1,1
9983,5.77E-02,5,9983,Not eroded,0,0,0,0,0,0,0,0,0,0,1
9984,5.70E-02,0,9984,Not eroded,0,0,0,0,0,0,1,1,1,1,1
9985,2.62E-01,4,9985,Not eroded,0,1,1,1,1,1,0,0,0,1,1
9986,1.59E-01,6,9986,Not eroded,0,0,0,0,0,0,0,0,0,0,0
9988,1.03E-01,5,9988,Not eroded,0,0,0,0,0,0,0,0,0,0,1
9989,1.26E-01,4,9989,Not eroded,0,0,0,0,0,0,0,0,0,1,1
9990,1.62E-01,6,9990,Not eroded,0,0,0,0,0,0,0,0,0,0,0
9991,3.18E-01,0,9991,ERODED,1,1,1,1,1,1,1,1,1,1,1
9992,1.44E-01,5,9992,Not eroded,0,0,0,0,0,0,0,0,0,0,1
9993,1.11E-01,4,9993,Not eroded,0,0,0,0,0,0,0,0,0,1,1
9994,1.50E-01,5,9994,Not eroded,0,0,0,0,0,0,0,0,0,0,1
9995,1.83E-01,4,9995,Not eroded,0,0,0,0,0,0,0,0,0,1,1
9996,3.30E-01,0,9996,ERODED,1,1,1,1,1,1,1,1,1,1,1
9997,2.87E-01,6,9997,Not eroded,0,1,1,1,1,1,0,0,0,0,0
9998,6.92E-02,0,9998,Not eroded,0,0,0,0,0,0,1,1,1,1,1
9999,3.14E-01,0,9999,ERODED,1,1,1,1,1,1,1,1,1,1,1
10000,1.31E-01,4,10000,Not eroded,0,0,0,0,0,0,0,0,0,1,1
10001,1.77E-01,4,10001,Not eroded,0,0,0,0,0,0,0,0,0,1,1
10002,2.92E-01,0,10002,ERODED,1,1,1,1,1,1,1,1,1,1,1
10003,5.66E-02,3,10003,Not eroded,0,0,0,0,0,0,1,0,0,1,1
10004,2.28E-01,4,10004,Not eroded,0,1,1,0,0,0,0,0,0,1,1
10006,1.88E-01,4,10006,Not eroded,0,0,0,0,0,0,0,0,0,1,1
10007,2.69E-01,4,10007,Not eroded,0,1,1,1,1,1,0,0,0,1,1
10008,9.97E-02,4,10008,Not eroded,0,0,0,0,0,0,0,0,0,1,1
10009,9.11E-02,3,10009,Not eroded,0,0,0,0,0,0,1,0,0,1,1
10011,1.90E-01,5,10011,Not eroded,0,0,0,0,0,0,0,0,0,0,1
10012,3.25E-01,0,10012,ERODED,1,1,1,1,1,1,1,1,1,1,1
10013,1.73E-01,5,10013,Not eroded,0,0,0,0,0,0,0,0,0,0,1
10014,6.59E-02,0,10014,Not eroded,0,0,0,0,0,0,1,1,1,1,1
10016,3.26E-01,0,10016,ERODED,1,1,1,1,1,1,1,1,1,1,1
10017,2.43E-01,4,10017,Not eroded,0,1,1,1,1,0,0,0,0,1,1
10019,1.77E-01,3,10019,Not eroded,0,0,0,0,0,0,1,0,0,1,1
10020,1.10E-01,0,10020,Not eroded,0,0,0,0,0,0,1,1,1,1,1
10021,1.55E-01,0,10021,Not eroded,0,0,0,0,0,0,1,1,1,1,1
10022,2.43E-01,0,10022,Not eroded,0,1,1,1,1,0,1,1,1,1,1
10023,5.65E-02,3,10023,Not eroded,0,0,0,0,0,0,1,0,0,1,1
10024,1.91E-01,5,10024,Not eroded,0,0,0,0,0,0,0,0,0,0,1
10025,2.48E-01,0,10025,Not eroded,0,1,1,1,1,0,1,1,1,1,1
10026,1.64E-01,0,10026,Not eroded,0,0,0,0,0,0,1,1,1,1,1
10027,1.32E-01,4,10027,Not eroded,0,0,0,0,0,0,0,0,0,1,1
10028,8.17E-02,4,10028,Not eroded,0,0,0,0,0,0,0,0,0,1,1
10029,2.63E-01,0,10029,ERODED,1,1,1,1,1,1,1,1,1,1,1
10030,5.64E-02,4,10030,Not eroded,0,0,0,0,0,0,0,0,0,1,1
10031,2.92E-01,0,10031,ERODED,1,1,1,1,1,1,1,1,1,1,1
10032,1.12E-01,4,10032,Not eroded,0,0,0,0,0,0,0,0,0,1,1
10033,1.47E-01,2,10033,Not eroded,0,0,0,0,0,0,1,0,1,1,1
10034,1.95E-01,4,10034,Not eroded,0,1,0,0,0,0,0,0,0,1,1
10035,5.65E-02,3,10035,Not eroded,0,0,0,0,0,0,1,0,0,1,1
10036,2.14E-01,3,10036,Not eroded,0,1,0,0,0,0,1,0,0,1,1
10037,2.05E-01,0,10037,Not eroded,0,1,0,0,0,0,1,1,1,1,1
10038,6.26E-02,6,10038,Not eroded,0,0,0,0,0,0,0,0,0,0,0
10039,2.44E-01,0,10039,Not eroded,0,1,1,1,1,0,1,1,1,1,1
10040,8.75E-02,5,10040,Not eroded,0,0,0,0,0,0,0,0,0,0,1
10041,2.90E-01,0,10041,Not eroded,0,1,1,1,1,1,1,1,1,1,1
10042,2.79E-01,4,10042,Not eroded,0,1,1,1,1,1,0,0,0,1,1
10043,2.78E-01,3,10043,Not eroded,0,1,1,1,1,1,1,0,0,1,1
10044,5.78E-02,3,10044,Not eroded,0,0,0,0,0,0,1,0,0,1,1
10045,1.25E-01,5,10045,Not eroded,0,0,0,0,0,0,0,0,0,0,1
10046,2.54E-01,3,10046,Not eroded,0,1,1,1,1,1,1,0,0,1,1
10047,1.42E-01,4,10047,Not eroded,0,0,0,0,0,0,0,0,0,1,1
10048,2.94E-01,0,10048,ERODED,1,1,1,1,1,1,1,1,1,1,1
10049,1.19E-01,3,10049,Not eroded,0,0,0,0,0,0,1,0,0,1,1
10050,2.08E-01,4,10050,Not eroded,0,1,0,0,0,0,0,0,0,1,1
10051,2.66E-01,6,10051,Not eroded,0,1,1,1,1,1,0,0,0,0,0
10052,1.29E-01,4,10052,Not eroded,0,0,0,0,0,0,0,0,0,1,1
10053,1.09E-01,3,10053,Not eroded,0,0,0,0,0,0,1,0,0,1,1
10054,2.61E-01,4,10054,Not eroded,0,1,1,1,1,1,0,0,0,1,1
10055,2.25E-01,6,10055,Not eroded,0,1,1,0,0,0,0,0,0,0,0
10056,2.34E-01,3,10056,Not eroded,0,1,1,1,0,0,1,0,0,1,1
10057,2.11E-01,3,10057,Not eroded,0,1,0,0,0,0,1,0,0,1,1
10058,6.41E-02,4,10058,Not eroded,0,0,0,0,0,0,0,0,0,1,1
10059,2.55E-01,3,10059,Not eroded,0,1,1,1,1,1,1,0,0,1,1
10060,1.41E-01,4,10060,Not eroded,0,0,0,0,0,0,0,0,0,1,1
10061,2.91E-01,4,10061,Not eroded,0,1,1,1,1,1,0,0,0,1,1
10062,2.49E-01,0,10062,Not eroded,0,1,1,1,1,0,1,1,1,1,1
10063,1.49E-01,0,10063,Not eroded,0,0,0,0,0,0,1,1,1,1,1
10064,2.44E-01,3,10064,Not eroded,0,1,1,1,1,0,1,0,0,1,1
10065,1.30E-01,3,10065,Not eroded,0,0,0,0,0,0,1,0,0,1,1
10066,2.71E-01,0,10066,ERODED,1,1,1,1,1,1,1,1,1,1,1
10067,1.64E-01,3,10067,Not eroded,0,0,0,0,0,0,1,0,0,1,1
10068,2.71E-01,0,10068,Not eroded,0,1,1,1,1,1,1,1,1,1,1
10069,2.69E-01,5,10069,Not eroded,0,1,1,1,1,1,0,0,0,0,1
10071,9.59E-02,4,10071,Not eroded,0,0,0,0,0,0,0,0,0,1,1
10073,2.39E-01,0,10073,Not eroded,0,1,1,1,0,0,1,1,1,1,1
10074,7.62E-02,4,10074,Not eroded,0,0,0,0,0,0,0,0,0,1,1
10075,3.07E-01,2,10075,ERODED,1,1,1,1,1,1,1,0,1,1,1
10076,1.45E-01,0,10076,Not eroded,0,0,0,0,0,0,1,1,1,1,1
10077,2.71E-01,0,10077,ERODED,1,1,1,1,1,1,1,1,1,1,1
10078,3.29E-01,0,10078,ERODED,1,1,1,1,1,1,1,1,1,1,1
10079,2.42E-01,0,10079,Not eroded,0,1,1,1,1,0,1,1,1,1,1
10080,7.78E-02,4,10080,Not eroded,0,0,0,0,0,0,0,0,0,1,1
10081,1.28E-01,2,10081,Not eroded,0,0,0,0,0,0,1,0,1,1,1
10082,6.83E-02,4,10082,Not eroded,0,0,0,0,0,0,0,0,0,1,1
10083,1.90E-01,0,10083,Not eroded,0,0,0,0,0,0,1,1,1,1,1
10084,1.25E-01,0,10084,Not eroded,0,0,0,0,0,0,1,1,1,1,1
10085,2.49E-01,5,10085,Not eroded,0,1,1,1,1,0,0,0,0,0,1
10086,1.19E-01,0,10086,Not eroded,0,0,0,0,0,0,1,1,1,1,1
10087,1.59E-01,0,10087,Not eroded,0,0,0,0,0,0,1,1,1,1,1
10088,1.69E-01,3,10088,Not eroded,0,0,0,0,0,0,1,0,0,1,1
10089,5.64E-02,3,10089,Not eroded,0,0,0,0,0,0,1,0,0,1,1
10090,1.54E-01,5,10090,Not eroded,0,0,0,0,0,0,0,0,0,0,1
10091,2.37E-01,4,10091,Not eroded,0,1,1,1,0,0,0,0,0,1,1
10092,2.77E-01,4,10092,Not eroded,0,1,1,1,1,1,0,0,0,1,1
10093,2.29E-01,3,10093,Not eroded,0,1,1,0,0,0,1,0,0,1,1
10094,9.40E-02,4,10094,Not eroded,0,0,0,0,0,0,0,0,0,1,1
10095,6.13E-02,5,10095,Not eroded,0,0,0,0,0,0,0,0,0,0,1
10096,2.19E-01,6,10096,Not eroded,0,1,0,0,0,0,0,0,0,0,0
10098,1.45E-01,0,10098,Not eroded,0,0,0,0,0,0,1,1,1,1,1
10099,8.51E-02,3,10099,Not eroded,0,0,0,0,0,0,1,0,0,1,1
10100,2.89E-01,0,10100,ERODED,1,1,1,1,1,1,1,1,1,1,1
10101,3.14E-01,0,10101,ERODED,1,1,1,1,1,1,1,1,1,1,1
10102,2.18E-01,5,10102,Not eroded,0,1,0,0,0,0,0,0,0,0,1
10103,8.27E-02,4,10103,Not eroded,0,0,0,0,0,0,0,0,0,1,1
10104,1.15E-01,4,10104,Not eroded,0,0,0,0,0,0,0,0,0,1,1
10105,6.31E-02,6,10105,Not eroded,0,0,0,0,0,0,0,0,0,0,0
10106,1.04E-01,0,10106,Not eroded,0,0,0,0,0,0,1,1,1,1,1
10107,8.92E-02,5,10107,Not eroded,0,0,0,0,0,0,0,0,0,0,1
10108,1.95E-01,0,10108,Not eroded,0,1,0,0,0,0,1,1,1,1,1
10109,9.81E-02,4,10109,Not eroded,0,0,0,0,0,0,0,0,0,1,1
10110,6.44E-02,4,10110,Not eroded,0,0,0,0,0,0,0,0,0,1,1
10111,2.69E-01,2,10111,Not eroded,0,1,1,1,1,1,1,0,1,1,1
10112,6.54E-02,4,10112,Not eroded,0,0,0,0,0,0,0,0,0,1,1
10113,3.33E-01,0,10113,ERODED,1,1,1,1,1,1,1,1,1,1,1
10114,1.56E-01,3,10114,Not eroded,0,0,0,0,0,0,1,0,0,1,1
10115,2.52E-01,0,10115,Not eroded,0,1,1,1,1,1,1,1,1,1,1
10116,2.11E-01,4,10116,Not eroded,0,1,0,0,0,0,0,0,0,1,1
10117,1.73E-01,3,10117,Not eroded,0,0,0,0,0,0,1,0,0,1,1
10118,2.07E-01,4,10118,Not eroded,0,1,0,0,0,0,0,0,0,1,1
10119,3.13E-01,0,10119,ERODED,1,1,1,1,1,1,1,1,1,1,1
10120,7.31E-02,3,10120,Not eroded,0,0,0,0,0,0,1,0,0,1,1
10121,2.47E-01,3,10121,Not eroded,0,1,1,1,1,0,1,0,0,1,1
10122,8.21E-02,4,10122,Not eroded,0,0,0,0,0,0,0,0,0,1,1
10123,1.88E-01,4,10123,Not eroded,0,0,0,0,0,0,0,0,0,1,1
10125,7.90E-02,4,10125,Not eroded,0,0,0,0,0,0,0,0,0,1,1
10126,1.99E-01,0,10126,Not eroded,0,1,0,0,0,0,1,1,1,1,1
10127,2.66E-01,5,10127,Not eroded,0,1,1,1,1,1,0,0,0,0,1
10128,1.06E-01,5,10128,Not eroded,0,0,0,0,0,0,0,0,0,0,1
10129,1.02E-01,4,10129,Not eroded,0,0,0,0,0,0,0,0,0,1,1
10130,3.03E-01,0,10130,ERODED,1,1,1,1,1,1,1,1,1,1,1
10131,1.94E-01,5,10131,Not eroded,0,1,0,0,0,0,0,0,0,0,1
10132,3.09E-01,0,10132,ERODED,1,1,1,1,1,1,1,1,1,1,1
10133,2.33E-01,4,10133,Not eroded,0,1,1,1,0,0,0,0,0,1,1
10134,3.18E-01,0,10134,ERODED,1,1,1,1,1,1,1,1,1,1,1
10135,2.59E-01,0,10135,Not eroded,0,1,1,1,1,1,1,1,1,1,1
10136,2.88E-01,6,10136,Not eroded,0,1,1,1,1,1,0,0,0,0,0
10137,6.53E-02,4,10137,Not eroded,0,0,0,0,0,0,0,0,0,1,1
10138,2.30E-01,3,10138,Not eroded,0,1,1,0,0,0,1,0,0,1,1
10139,9.74E-02,3,10139,Not eroded,0,0,0,0,0,0,1,0,0,1,1
10140,5.64E-02,6,10140,Not eroded,0,0,0,0,0,0,0,0,0,0,0
10141,1.51E-01,3,10141,Not eroded,0,0,0,0,0,0,1,0,0,1,1
10142,1.95E-01,3,10142,Not eroded,0,1,0,0,0,0,1,0,0,1,1
10143,1.08E-01,5,10143,Not eroded,0,0,0,0,0,0,0,0,0,0,1
10144,2.42E-01,0,10144,Not eroded,0,1,1,1,1,0,1,1,1,1,1
10145,1.53E-01,0,10145,Not eroded,0,0,0,0,0,0,1,1,1,1,1
10147,2.46E-01,5,10147,Not eroded,0,1,1,1,1,0,0,0,0,0,1
10148,2.32E-01,0,10148,Not eroded,0,1,1,1,0,0,1,1,1,1,1
10149,2.90E-01,4,10149,Not eroded,0,1,1,1,1,1,0,0,0,1,1
10151,2.70E-01,0,10151,Not eroded,0,1,1,1,1,1,1,1,1,1,1
10152,9.42E-02,5,10152,Not eroded,0,0,0,0,0,0,0,0,0,0,1
10153,1.39E-01,5,10153,Not eroded,0,0,0,0,0,0,0,0,0,0,1
10154,2.23E-01,4,10154,Not eroded,0,1,1,0,0,0,0,0,0,1,1
10156,6.51E-02,4,10156,Not eroded,0,0,0,0,0,0,0,0,0,1,1
10157,9.52E-02,0,10157,Not eroded,0,0,0,0,0,0,1,1,1,1,1
10158,7.21E-02,3,10158,Not eroded,0,0,0,0,0,0,1,0,0,1,1
10159,8.63E-02,4,10159,Not eroded,0,0,0,0,0,0,0,0,0,1,1
10160,9.93E-02,6,10160,Not eroded,0,0,0,0,0,0,0,0,0,0,0
10161,2.47E-01,5,10161,Not eroded,0,1,1,1,1,0,0,0,0,0,1
10162,1.58E-01,0,10162,Not eroded,0,0,0,0,0,0,1,1,1,1,1
10163,5.65E-02,3,10163,Not eroded,0,0,0,0,0,0,1,0,0,1,1
10164,2.47E-01,4,10164,Not eroded,0,1,1,1,1,0,0,0,0,1,1
10165,1.68E-01,4,10165,Not eroded,0,0,0,0,0,0,0,0,0,1,1
10166,1.03E-01,4,10166,Not eroded,0,0,0,0,0,0,0,0,0,1,1
10167,2.57E-01,0,10167,Not eroded,0,1,1,1,1,1,1,1,1,1,1
10168,3.21E-01,0,10168,ERODED,1,1,1,1,1,1,1,1,1,1,1
10169,1.65E-01,0,10169,Not eroded,0,0,0,0,0,0,1,1,1,1,1
10171,1.43E-01,0,10171,Not eroded,0,0,0,0,0,0,1,1,1,1,1
10172,2.41E-01,0,10172,Not eroded,0,1,1,1,1,0,1,1,1,1,1
10173,3.10E-01,0,10173,ERODED,1,1,1,1,1,1,1,1,1,1,1
10174,2.18E-01,0,10174,Not eroded,0,1,0,0,0,0,1,1,1,1,1
10175,5.66E-02,4,10175,Not eroded,0,0,0,0,0,0,0,0,0,1,1
10176,1.17E-01,3,10176,Not eroded,0,0,0,0,0,0,1,0,0,1,1
10177,1.68E-01,5,10177,Not eroded,0,0,0,0,0,0,0,0,0,0,1
10178,2.91E-01,0,10178,Not eroded,0,1,1,1,1,1,1,1,1,1,1
10179,1.14E-01,2,10179,Not eroded,0,0,0,0,0,0,1,0,1,1,1
10180,1.16E-01,0,10180,Not eroded,0,0,0,0,0,0,1,1,1,1,1
10181,1.81E-01,0,10181,Not eroded,0,0,0,0,0,0,1,1,1,1,1
10182,1.35E-01,4,10182,Not eroded,0,0,0,0,0,0,0,0,0,1,1
10183,2.47E-01,3,10183,Not eroded,0,1,1,1,1,0,1,0,0,1,1
10184,2.17E-01,4,10184,Not eroded,0,1,0,0,0,0,0,0,0,1,1
10185,3.22E-01,0,10185,ERODED,1,1,1,1,1,1,1,1,1,1,1
10186,9.97E-02,6,10186,Not eroded,0,0,0,0,0,0,0,0,0,0,0
10187,1.64E-01,0,10187,Not eroded,0,0,0,0,0,0,1,1,1,1,1
10188,2.56E-01,0,10188,Not eroded,0,1,1,1,1,1,1,1,1,1,1
10189,2.22E-01,3,10189,Not eroded,0,1,1,0,0,0,1,0,0,1,1
10190,2.63E-01,4,10190,Not eroded,0,1,1,1,1,1,0,0,0,1,1
10191,2.16E-01,3,10191,Not eroded,0,1,0,0,0,0,1,0,0,1,1
10192,2.27E-01,4,10192,Not eroded,0,1,1,0,0,0,0,0,0,1,1
10194,1.06E-01,4,10194,Not eroded,0,0,0,0,0,0,0,0,0,1,1
10195,1.97E-01,2,10195,Not eroded,0,1,0,0,0,0,1,0,1,1,1
10198,2.28E-01,3,10198,Not eroded,0,1,1,0,0,0,1,0,0,1,1
10199,6.48E-02,5,10199,Not eroded,0,0,0,0,0,0,0,0,0,0,1
10200,2.98E-01,6,10200,Not eroded,0,1,1,1,1,1,0,0,0,0,0
10201,1.08E-01,5,10201,Not eroded,0,0,0,0,0,0,0,0,0,0,1
10203,1.17E-01,3,10203,Not eroded,0,0,0,0,0,0,1,0,0,1,1
10204,1.51E-01,0,10204,Not eroded,0,0,0,0,0,0,1,1,1,1,1
10205,1.72E-01,3,10205,Not eroded,0,0,0,0,0,0,1,0,0,1,1
10206,1.57E-01,4,10206,Not eroded,0,0,0,0,0,0,0,0,0,1,1
10207,9.88E-02,3,10207,Not eroded,0,0,0,0,0,0,1,0,0,1,1
10208,2.45E-01,5,10208,Not eroded,0,1,1,1,1,0,0,0,0,0,1
10209,1.99E-01,5,10209,Not eroded,0,1,0,0,0,0,0,0,0,0,1
10210,2.99E-01,5,10210,Not eroded,0,1,1,1,1,1,0,0,0,0,1
10212,1.59E-01,4,10212,Not eroded,0,0,0,0,0,0,0,0,0,1,1
10213,3.07E-01,0,10213,ERODED,1,1,1,1,1,1,1,1,1,1,1
10214,2.33E-01,4,10214,Not eroded,0,1,1,1,0,0,0,0,0,1,1
10215,2.03E-01,0,10215,Not eroded,0,1,0,0,0,0,1,1,1,1,1
10216,1.48E-01,0,10216,Not eroded,0,0,0,0,0,0,1,1,1,1,1
10217,2.68E-01,4,10217,Not eroded,0,1,1,1,1,1,0,0,0,1,1
10218,1.22E-01,0,10218,Not eroded,0,0,0,0,0,0,1,1,1,1,1
10219,2.68E-01,6,10219,Not eroded,0,1,1,1,1,1,0,0,0,0,0
10220,2.06E-01,5,10220,Not eroded,0,1,0,0,0,0,0,0,0,0,1
10221,6.79E-02,5,10221,Not eroded,0,0,0,0,0,0,0,0,0,0,1
10222,9.53E-02,3,10222,Not eroded,0,0,0,0,0,0,1,0,0,1,1
10223,1.67E-01,3,10223,Not eroded,0,0,0,0,0,0,1,0,0,1,1
10224,2.82E-01,5,10224,Not eroded,0,1,1,1,1,1,0,0,0,0,1
10225,8.59E-02,3,10225,Not eroded,0,0,0,0,0,0,1,0,0,1,1
10227,1.22E-01,0,10227,Not eroded,0,0,0,0,0,0,1,1,1,1,1
10228,1.24E-01,0,10228,Not eroded,0,0,0,0,0,0,1,1,1,1,1
10229,2.09E-01,3,10229,Not eroded,0,1,0,0,0,0,1,0,0,1,1
10230,1.86E-01,4,10230,Not eroded,0,0,0,0,0,0,0,0,0,1,1
10231,2.89E-01,3,10231,Not eroded,0,1,1,1,1,1,1,0,0,1,1
10232,9.03E-02,3,10232,Not eroded,0,0,0,0,0,0,1,0,0,1,1
10233,1.72E-01,4,10233,Not eroded,0,0,0,0,0,0,0,0,0,1,1
10236,1.68E-01,4,10236,Not eroded,0,0,0,0,0,0,0,0,0,1,1
10237,6.46E-02,4,10237,Not eroded,0,0,0,0,0,0,0,0,0,1,1
10238,5.64E-02,4,10238,Not eroded,0,0,0,0,0,0,0,0,0,1,1
10239,8.77E-02,6,10239,Not eroded,0,0,0,0,0,0,0,0,0,0,0
10240,2.29E-01,4,10240,Not eroded,0,1,1,0,0,0,0,0,0,1,1
10241,1.27E-01,5,10241,Not eroded,0,0,0,0,0,0,0,0,0,0,1
10242,3.20E-01,0,10242,ERODED,1,1,1,1,1,1,1,1,1,1,1
10243,2.08E-01,6,10243,Not eroded,0,1,0,0,0,0,0,0,0,0,0
10244,1.53E-01,0,10244,Not eroded,0,0,0,0,0,0,1,1,1,1,1
10245,2.63E-01,4,10245,Not eroded,0,1,1,1,1,1,0,0,0,1,1
10246,6.51E-02,4,10246,Not eroded,0,0,0,0,0,0,0,0,0,1,1
10248,2.48E-01,5,10248,Not eroded,0,1,1,1,1,0,0,0,0,0,1
10249,5.96E-02,4,10249,Not eroded,0,0,0,0,0,0,0,0,0,1,1
10250,1.25E-01,3,10250,Not eroded,0,0,0,0,0,0,1,0,0,1,1
10251,1.03E-01,0,10251,Not eroded,0,0,0,0,0,0,1,1,1,1,1
10253,2.01E-01,5,10253,Not eroded,0,1,0,0,0,0,0,0,0,0,1
10254,1.98E-01,0,10254,Not eroded,0,1,0,0,0,0,1,1,1,1,1
10255,2.50E-01,3,10255,Not eroded,0,1,1,1,1,0,1,0,0,1,1
10256,1.49E-01,3,10256,Not eroded,0,0,0,0,0,0,1,0,0,1,1
10257,2.12E-01,0,10257,Not eroded,0,1,0,0,0,0,1,1,1,1,1
10258,3.18E-01,0,10258,ERODED,1,1,1,1,1,1,1,1,1,1,1
10259,2.76E-01,4,10259,Not eroded,0,1,1,1,1,1,0,0,0,1,1
10260,3.08E-01,0,10260,ERODED,1,1,1,1,1,1,1,1,1,1,1
10262,9.94E-02,4,10262,Not eroded,0,0,0,0,0,0,0,0,0,1,1
10265,2.14E-01,0,10265,Not eroded,0,1,0,0,0,0,1,1,1,1,1
10266,8.19E-02,5,10266,Not eroded,0,0,0,0,0,0,0,0,0,0,1
10267,1.33E-01,4,10267,Not eroded,0,0,0,0,0,0,0,0,0,1,1
10268,8.15E-02,4,10268,Not eroded,0,0,0,0,0,0,0,0,0,1,1
10269,5.65E-02,3,10269,Not eroded,0,0,0,0,0,0,1,0,0,1,1
10270,1.94E-01,2,10270,Not eroded,0,1,0,0,0,0,1,0,1,1,1
10271,1.57E-01,4,10271,Not eroded,0,0,0,0,0,0,0,0,0,1,1
