Before erosion ID,Initial Z,Initial connectivity,Before erosion ID,Erosion state,Encoded erosion state,Z location half,Z location 0.22,Z location 0.23,Z location 0.24,Z location 0.25,3 connectivity,1 Connectivity,2 Connectivity,4 Connectivity,5 Connectivity
1,0.06511735,5,1,Not eroded,0,0,0,0,0,0,0,0,0,0,1
2,0.3180699,0,2,ERODED,1,1,1,1,1,1,1,1,1,1,1
3,0.2571037,5,3,Not eroded,0,1,1,1,1,1,0,0,0,0,1
4,0.1433684,4,4,Not eroded,0,0,0,0,0,0,0,0,0,1,1
5,0.156677,0,5,Not eroded,0,0,0,0,0,0,1,1,1,1,1
6,0.06756202,0,6,Not eroded,0,0,0,0,0,0,1,1,1,1,1
7,0.2069596,4,7,Not eroded,0,1,0,0,0,0,0,0,0,1,1
8,0.2169149,4,8,Not eroded,0,1,0,0,0,0,0,0,0,1,1
10,0.2819585,0,10,Not eroded,0,1,1,1,1,1,1,1,1,1,1
11,0.0954841,4,11,Not eroded,0,0,0,0,0,0,0,0,0,1,1
12,0.06408073,4,12,Not eroded,0,0,0,0,0,0,0,0,0,1,1
13,0.1917028,4,13,Not eroded,0,1,0,0,0,0,0,0,0,1,1
14,0.1026543,4,14,Not eroded,0,0,0,0,0,0,0,0,0,1,1
15,0.1138407,3,15,Not eroded,0,0,0,0,0,0,1,0,0,1,1
16,0.29518,0,16,ERODED,1,1,1,1,1,1,1,1,1,1,1
17,0.1961233,6,17,Not eroded,0,1,0,0,0,0,0,0,0,0,0
18,0.2757708,5,18,Not eroded,0,1,1,1,1,1,0,0,0,0,1
19,0.3237126,0,19,ERODED,1,1,1,1,1,1,1,1,1,1,1
20,0.3052567,0,20,ERODED,1,1,1,1,1,1,1,1,1,1,1
21,0.06205661,5,21,Not eroded,0,0,0,0,0,0,0,0,0,0,1
24,0.06957336,6,24,Not eroded,0,0,0,0,0,0,0,0,0,0,0
25,0.1704538,5,25,Not eroded,0,0,0,0,0,0,0,0,0,0,1
26,0.1936451,5,26,Not eroded,0,1,0,0,0,0,0,0,0,0,1
27,0.05625132,4,27,Not eroded,0,0,0,0,0,0,0,0,0,1,1
28,0.08426246,4,28,Not eroded,0,0,0,0,0,0,0,0,0,1,1
29,0.0746446,0,29,Not eroded,0,0,0,0,0,0,1,1,1,1,1
30,0.2675918,0,30,Not eroded,0,1,1,1,1,1,1,1,1,1,1
31,0.1808072,0,31,Not eroded,0,0,0,0,0,0,1,1,1,1,1
32,0.05945526,5,32,Not eroded,0,0,0,0,0,0,0,0,0,0,1
34,0.2269813,4,34,Not eroded,0,1,1,0,0,0,0,0,0,1,1
35,0.2918192,0,35,ERODED,1,1,1,1,1,1,1,1,1,1,1
36,0.2729344,0,36,Not eroded,0,1,1,1,1,1,1,1,1,1,1
37,0.2503775,3,37,Not eroded,0,1,1,1,1,1,1,0,0,1,1
38,0.05626546,3,38,Not eroded,0,0,0,0,0,0,1,0,0,1,1
39,0.1238098,5,39,Not eroded,0,0,0,0,0,0,0,0,0,0,1
40,0.2584334,6,40,Not eroded,0,1,1,1,1,1,0,0,0,0,0
41,0.3125369,0,41,ERODED,1,1,1,1,1,1,1,1,1,1,1
43,0.2323914,5,43,Not eroded,0,1,1,1,0,0,0,0,0,0,1
44,0.09210426,3,44,Not eroded,0,0,0,0,0,0,1,0,0,1,1
45,0.2115298,0,45,Not eroded,0,1,0,0,0,0,1,1,1,1,1
46,0.1719541,5,46,Not eroded,0,0,0,0,0,0,0,0,0,0,1
47,0.1841745,4,47,Not eroded,0,0,0,0,0,0,0,0,0,1,1
48,0.09476314,4,48,Not eroded,0,0,0,0,0,0,0,0,0,1,1
49,0.2365456,3,49,Not eroded,0,1,1,1,0,0,1,0,0,1,1
50,0.1836037,0,50,Not eroded,0,0,0,0,0,0,1,1,1,1,1
51,0.2107259,3,51,Not eroded,0,1,0,0,0,0,1,0,0,1,1
52,0.2025372,4,52,Not eroded,0,1,0,0,0,0,0,0,0,1,1
53,0.2409885,5,53,Not eroded,0,1,1,1,1,0,0,0,0,0,1
54,0.102603,4,54,Not eroded,0,0,0,0,0,0,0,0,0,1,1
55,0.1637483,5,55,Not eroded,0,0,0,0,0,0,0,0,0,0,1
56,0.07322856,3,56,Not eroded,0,0,0,0,0,0,1,0,0,1,1
57,0.07497959,3,57,Not eroded,0,0,0,0,0,0,1,0,0,1,1
58,0.05635487,0,58,Not eroded,0,0,0,0,0,0,1,1,1,1,1
59,0.1089005,4,59,Not eroded,0,0,0,0,0,0,0,0,0,1,1
60,0.0696826,4,60,Not eroded,0,0,0,0,0,0,0,0,0,1,1
61,0.3095942,0,61,ERODED,1,1,1,1,1,1,1,1,1,1,1
62,0.2775718,0,62,ERODED,1,1,1,1,1,1,1,1,1,1,1
63,0.147758,3,63,Not eroded,0,0,0,0,0,0,1,0,0,1,1
64,0.2468384,0,64,ERODED,1,1,1,1,1,0,1,1,1,1,1
65,0.1064566,0,65,Not eroded,0,0,0,0,0,0,1,1,1,1,1
66,0.1696103,4,66,Not eroded,0,0,0,0,0,0,0,0,0,1,1
67,0.1367675,4,67,Not eroded,0,0,0,0,0,0,0,0,0,1,1
68,0.225604,5,68,Not eroded,0,1,1,0,0,0,0,0,0,0,1
69,0.1983151,0,69,Not eroded,0,1,0,0,0,0,1,1,1,1,1
70,0.2550653,4,70,Not eroded,0,1,1,1,1,1,0,0,0,1,1
71,0.09987735,0,71,Not eroded,0,0,0,0,0,0,1,1,1,1,1
72,0.2718823,0,72,Not eroded,0,1,1,1,1,1,1,1,1,1,1
73,0.2523884,4,73,Not eroded,0,1,1,1,1,1,0,0,0,1,1
75,0.2324878,0,75,Not eroded,0,1,1,1,0,0,1,1,1,1,1
76,0.05627221,3,76,Not eroded,0,0,0,0,0,0,1,0,0,1,1
77,0.2251985,0,77,Not eroded,0,1,1,0,0,0,1,1,1,1,1
78,0.1950204,2,78,Not eroded,0,1,0,0,0,0,1,0,1,1,1
79,0.1310098,6,79,Not eroded,0,0,0,0,0,0,0,0,0,0,0
82,0.1447096,0,82,Not eroded,0,0,0,0,0,0,1,1,1,1,1
83,0.1053574,0,83,Not eroded,0,0,0,0,0,0,1,1,1,1,1
84,0.2481434,0,84,Not eroded,0,1,1,1,1,0,1,1,1,1,1
85,0.2668286,0,85,Not eroded,0,1,1,1,1,1,1,1,1,1,1
86,0.2134475,4,86,Not eroded,0,1,0,0,0,0,0,0,0,1,1
87,0.0647259,4,87,Not eroded,0,0,0,0,0,0,0,0,0,1,1
88,0.1622022,0,88,Not eroded,0,0,0,0,0,0,1,1,1,1,1
89,0.09459559,4,89,Not eroded,0,0,0,0,0,0,0,0,0,1,1
90,0.2577799,0,90,ERODED,1,1,1,1,1,1,1,1,1,1,1
92,0.2906882,0,92,ERODED,1,1,1,1,1,1,1,1,1,1,1
93,0.1508902,3,93,Not eroded,0,0,0,0,0,0,1,0,0,1,1
94,0.1106894,0,94,Not eroded,0,0,0,0,0,0,1,1,1,1,1
95,0.2056713,6,95,Not eroded,0,1,0,0,0,0,0,0,0,0,0
96,0.06191141,4,96,Not eroded,0,0,0,0,0,0,0,0,0,1,1
97,0.1392743,0,97,Not eroded,0,0,0,0,0,0,1,1,1,1,1
98,0.1305888,5,98,Not eroded,0,0,0,0,0,0,0,0,0,0,1
100,0.2456985,5,100,Not eroded,0,1,1,1,1,0,0,0,0,0,1
101,0.09601942,3,101,Not eroded,0,0,0,0,0,0,1,0,0,1,1
102,0.1682534,4,102,Not eroded,0,0,0,0,0,0,0,0,0,1,1
104,0.05623288,4,104,Not eroded,0,0,0,0,0,0,0,0,0,1,1
105,0.12914,6,105,Not eroded,0,0,0,0,0,0,0,0,0,0,0
106,0.07014086,5,106,Not eroded,0,0,0,0,0,0,0,0,0,0,1
107,0.154333,5,107,Not eroded,0,0,0,0,0,0,0,0,0,0,1
108,0.1862789,3,108,Not eroded,0,0,0,0,0,0,1,0,0,1,1
109,0.0562887,0,109,Not eroded,0,0,0,0,0,0,1,1,1,1,1
110,0.1009837,6,110,Not eroded,0,0,0,0,0,0,0,0,0,0,0
111,0.2535425,4,111,Not eroded,0,1,1,1,1,1,0,0,0,1,1
112,0.1885967,5,112,Not eroded,0,0,0,0,0,0,0,0,0,0,1
113,0.2822054,0,113,Not eroded,0,1,1,1,1,1,1,1,1,1,1
114,0.1930841,5,114,Not eroded,0,1,0,0,0,0,0,0,0,0,1
115,0.112452,3,115,Not eroded,0,0,0,0,0,0,1,0,0,1,1
116,0.1557032,3,116,Not eroded,0,0,0,0,0,0,1,0,0,1,1
117,0.1796119,0,117,Not eroded,0,0,0,0,0,0,1,1,1,1,1
118,0.2758187,0,118,Not eroded,0,1,1,1,1,1,1,1,1,1,1
119,0.172627,4,119,Not eroded,0,0,0,0,0,0,0,0,0,1,1
120,0.1953897,0,120,Not eroded,0,1,0,0,0,0,1,1,1,1,1
121,0.1280578,0,121,Not eroded,0,0,0,0,0,0,1,1,1,1,1
122,0.2307607,5,122,Not eroded,0,1,1,1,0,0,0,0,0,0,1
123,0.153013,3,123,Not eroded,0,0,0,0,0,0,1,0,0,1,1
124,0.05620934,3,124,Not eroded,0,0,0,0,0,0,1,0,0,1,1
125,0.2683822,0,125,Not eroded,0,1,1,1,1,1,1,1,1,1,1
127,0.06035095,4,127,Not eroded,0,0,0,0,0,0,0,0,0,1,1
128,0.1510226,5,128,Not eroded,0,0,0,0,0,0,0,0,0,0,1
129,0.1533212,4,129,Not eroded,0,0,0,0,0,0,0,0,0,1,1
130,0.1957812,3,130,Not eroded,0,1,0,0,0,0,1,0,0,1,1
132,0.08485115,4,132,Not eroded,0,0,0,0,0,0,0,0,0,1,1
133,0.3151198,0,133,ERODED,1,1,1,1,1,1,1,1,1,1,1
134,0.2604809,4,134,Not eroded,0,1,1,1,1,1,0,0,0,1,1
135,0.0562731,0,135,Not eroded,0,0,0,0,0,0,1,1,1,1,1
136,0.2369694,4,136,Not eroded,0,1,1,1,0,0,0,0,0,1,1
137,0.1135314,4,137,Not eroded,0,0,0,0,0,0,0,0,0,1,1
138,0.1840949,5,138,Not eroded,0,0,0,0,0,0,0,0,0,0,1
139,0.1942689,6,139,Not eroded,0,1,0,0,0,0,0,0,0,0,0
140,0.2556761,3,140,Not eroded,0,1,1,1,1,1,1,0,0,1,1
141,0.1315405,4,141,Not eroded,0,0,0,0,0,0,0,0,0,1,1
143,0.1554989,0,143,Not eroded,0,0,0,0,0,0,1,1,1,1,1
144,0.2711096,0,144,Not eroded,0,1,1,1,1,1,1,1,1,1,1
145,0.05645522,0,145,Not eroded,0,0,0,0,0,0,1,1,1,1,1
146,0.1154507,3,146,Not eroded,0,0,0,0,0,0,1,0,0,1,1
147,0.06685889,3,147,Not eroded,0,0,0,0,0,0,1,0,0,1,1
150,0.2302506,4,150,Not eroded,0,1,1,1,0,0,0,0,0,1,1
152,0.05626366,4,152,Not eroded,0,0,0,0,0,0,0,0,0,1,1
153,0.1830878,0,153,Not eroded,0,0,0,0,0,0,1,1,1,1,1
154,0.1006783,4,154,Not eroded,0,0,0,0,0,0,0,0,0,1,1
155,0.2614585,0,155,ERODED,1,1,1,1,1,1,1,1,1,1,1
156,0.1523154,3,156,Not eroded,0,0,0,0,0,0,1,0,0,1,1
157,0.2771613,0,157,ERODED,1,1,1,1,1,1,1,1,1,1,1
158,0.2435469,5,158,Not eroded,0,1,1,1,1,0,0,0,0,0,1
159,0.2092543,4,159,Not eroded,0,1,0,0,0,0,0,0,0,1,1
160,0.3253551,0,160,ERODED,1,1,1,1,1,1,1,1,1,1,1
161,0.229806,4,161,Not eroded,0,1,1,0,0,0,0,0,0,1,1
162,0.3031245,0,162,ERODED,1,1,1,1,1,1,1,1,1,1,1
164,0.257349,5,164,Not eroded,0,1,1,1,1,1,0,0,0,0,1
165,0.2081921,0,165,Not eroded,0,1,0,0,0,0,1,1,1,1,1
166,0.1593224,4,166,Not eroded,0,0,0,0,0,0,0,0,0,1,1
167,0.2885213,0,167,Not eroded,0,1,1,1,1,1,1,1,1,1,1
169,0.2721059,2,169,Not eroded,0,1,1,1,1,1,1,0,1,1,1
170,0.2151406,2,170,Not eroded,0,1,0,0,0,0,1,0,1,1,1
171,0.3197057,0,171,ERODED,1,1,1,1,1,1,1,1,1,1,1
173,0.2808742,3,173,Not eroded,0,1,1,1,1,1,1,0,0,1,1
174,0.3190343,0,174,ERODED,1,1,1,1,1,1,1,1,1,1,1
175,0.2085603,3,175,Not eroded,0,1,0,0,0,0,1,0,0,1,1
176,0.08828796,0,176,Not eroded,0,0,0,0,0,0,1,1,1,1,1
178,0.292454,0,178,ERODED,1,1,1,1,1,1,1,1,1,1,1
179,0.07511911,3,179,Not eroded,0,0,0,0,0,0,1,0,0,1,1
180,0.2456635,3,180,Not eroded,0,1,1,1,1,0,1,0,0,1,1
181,0.1953487,4,181,Not eroded,0,1,0,0,0,0,0,0,0,1,1
182,0.1049177,2,182,Not eroded,0,0,0,0,0,0,1,0,1,1,1
183,0.2155894,3,183,Not eroded,0,1,0,0,0,0,1,0,0,1,1
185,0.1829677,3,185,Not eroded,0,0,0,0,0,0,1,0,0,1,1
187,0.236571,0,187,Not eroded,0,1,1,1,0,0,1,1,1,1,1
188,0.08530508,4,188,Not eroded,0,0,0,0,0,0,0,0,0,1,1
189,0.1636654,4,189,Not eroded,0,0,0,0,0,0,0,0,0,1,1
190,0.09600475,0,190,Not eroded,0,0,0,0,0,0,1,1,1,1,1
191,0.2161297,4,191,Not eroded,0,1,0,0,0,0,0,0,0,1,1
192,0.06386146,0,192,Not eroded,0,0,0,0,0,0,1,1,1,1,1
193,0.05626868,3,193,Not eroded,0,0,0,0,0,0,1,0,0,1,1
194,0.13098,3,194,Not eroded,0,0,0,0,0,0,1,0,0,1,1
195,0.1515262,0,195,Not eroded,0,0,0,0,0,0,1,1,1,1,1
196,0.1164929,3,196,Not eroded,0,0,0,0,0,0,1,0,0,1,1
197,0.1783862,6,197,Not eroded,0,0,0,0,0,0,0,0,0,0,0
198,0.2526133,5,198,Not eroded,0,1,1,1,1,1,0,0,0,0,1
199,0.2162117,4,199,Not eroded,0,1,0,0,0,0,0,0,0,1,1
200,0.3052491,0,200,ERODED,1,1,1,1,1,1,1,1,1,1,1
201,0.05745001,5,201,Not eroded,0,0,0,0,0,0,0,0,0,0,1
202,0.2324863,0,202,Not eroded,0,1,1,1,0,0,1,1,1,1,1
204,0.08610693,5,204,Not eroded,0,0,0,0,0,0,0,0,0,0,1
205,0.06618102,3,205,Not eroded,0,0,0,0,0,0,1,0,0,1,1
206,0.06741375,4,206,Not eroded,0,0,0,0,0,0,0,0,0,1,1
207,0.1863357,6,207,Not eroded,0,0,0,0,0,0,0,0,0,0,0
208,0.09260302,4,208,Not eroded,0,0,0,0,0,0,0,0,0,1,1
209,0.05859599,0,209,Not eroded,0,0,0,0,0,0,1,1,1,1,1
210,0.06607201,5,210,Not eroded,0,0,0,0,0,0,0,0,0,0,1
211,0.2170289,3,211,Not eroded,0,1,0,0,0,0,1,0,0,1,1
212,0.09354653,4,212,Not eroded,0,0,0,0,0,0,0,0,0,1,1
213,0.09916009,0,213,Not eroded,0,0,0,0,0,0,1,1,1,1,1
214,0.07788759,4,214,Not eroded,0,0,0,0,0,0,0,0,0,1,1
215,0.1778936,0,215,Not eroded,0,0,0,0,0,0,1,1,1,1,1
217,0.1245559,4,217,Not eroded,0,0,0,0,0,0,0,0,0,1,1
218,0.1280008,0,218,Not eroded,0,0,0,0,0,0,1,1,1,1,1
219,0.06595395,3,219,Not eroded,0,0,0,0,0,0,1,0,0,1,1
221,0.1765764,0,221,Not eroded,0,0,0,0,0,0,1,1,1,1,1
222,0.1432655,0,222,Not eroded,0,0,0,0,0,0,1,1,1,1,1
224,0.2363797,0,224,Not eroded,0,1,1,1,0,0,1,1,1,1,1
225,0.118823,4,225,Not eroded,0,0,0,0,0,0,0,0,0,1,1
226,0.2139487,3,226,Not eroded,0,1,0,0,0,0,1,0,0,1,1
227,0.1773039,3,227,Not eroded,0,0,0,0,0,0,1,0,0,1,1
228,0.06426652,4,228,Not eroded,0,0,0,0,0,0,0,0,0,1,1
229,0.1579523,6,229,Not eroded,0,0,0,0,0,0,0,0,0,0,0
230,0.1590876,0,230,Not eroded,0,0,0,0,0,0,1,1,1,1,1
231,0.1711695,5,231,Not eroded,0,0,0,0,0,0,0,0,0,0,1
232,0.3249976,0,232,ERODED,1,1,1,1,1,1,1,1,1,1,1
233,0.08198421,4,233,Not eroded,0,0,0,0,0,0,0,0,0,1,1
234,0.05626856,5,234,Not eroded,0,0,0,0,0,0,0,0,0,0,1
235,0.05621861,5,235,Not eroded,0,0,0,0,0,0,0,0,0,0,1
236,0.07072264,5,236,Not eroded,0,0,0,0,0,0,0,0,0,0,1
237,0.1776265,0,237,Not eroded,0,0,0,0,0,0,1,1,1,1,1
238,0.2508298,4,238,Not eroded,0,1,1,1,1,1,0,0,0,1,1
239,0.3164421,0,239,ERODED,1,1,1,1,1,1,1,1,1,1,1
240,0.05620092,3,240,Not eroded,0,0,0,0,0,0,1,0,0,1,1
241,0.2373363,0,241,Not eroded,0,1,1,1,0,0,1,1,1,1,1
242,0.2625158,5,242,Not eroded,0,1,1,1,1,1,0,0,0,0,1
243,0.06920344,4,243,Not eroded,0,0,0,0,0,0,0,0,0,1,1
244,0.1937961,4,244,Not eroded,0,1,0,0,0,0,0,0,0,1,1
245,0.3115631,2,245,Not eroded,0,1,1,1,1,1,1,0,1,1,1
246,0.2068389,5,246,Not eroded,0,1,0,0,0,0,0,0,0,0,1
247,0.1610385,0,247,Not eroded,0,0,0,0,0,0,1,1,1,1,1
248,0.1395923,0,248,Not eroded,0,0,0,0,0,0,1,1,1,1,1
249,0.1654767,5,249,Not eroded,0,0,0,0,0,0,0,0,0,0,1
250,0.1456685,4,250,Not eroded,0,0,0,0,0,0,0,0,0,1,1
251,0.05625341,4,251,Not eroded,0,0,0,0,0,0,0,0,0,1,1
252,0.2071327,3,252,Not eroded,0,1,0,0,0,0,1,0,0,1,1
253,0.1058559,6,253,Not eroded,0,0,0,0,0,0,0,0,0,0,0
254,0.0562636,4,254,Not eroded,0,0,0,0,0,0,0,0,0,1,1
255,0.0704293,4,255,Not eroded,0,0,0,0,0,0,0,0,0,1,1
258,0.06938328,3,258,Not eroded,0,0,0,0,0,0,1,0,0,1,1
259,0.1066865,4,259,Not eroded,0,0,0,0,0,0,0,0,0,1,1
260,0.08518786,3,260,Not eroded,0,0,0,0,0,0,1,0,0,1,1
261,0.1464537,4,261,Not eroded,0,0,0,0,0,0,0,0,0,1,1
262,0.2351331,2,262,Not eroded,0,1,1,1,0,0,1,0,1,1,1
263,0.2156817,2,263,Not eroded,0,1,0,0,0,0,1,0,1,1,1
264,0.3017845,0,264,ERODED,1,1,1,1,1,1,1,1,1,1,1
265,0.1204583,6,265,Not eroded,0,0,0,0,0,0,0,0,0,0,0
266,0.05621001,3,266,Not eroded,0,0,0,0,0,0,1,0,0,1,1
267,0.2256755,5,267,Not eroded,0,1,1,0,0,0,0,0,0,0,1
268,0.110521,4,268,Not eroded,0,0,0,0,0,0,0,0,0,1,1
269,0.1285062,4,269,Not eroded,0,0,0,0,0,0,0,0,0,1,1
270,0.2829213,0,270,Not eroded,0,1,1,1,1,1,1,1,1,1,1
272,0.3182721,0,272,ERODED,1,1,1,1,1,1,1,1,1,1,1
273,0.06493362,4,273,Not eroded,0,0,0,0,0,0,0,0,0,1,1
274,0.07171246,6,274,Not eroded,0,0,0,0,0,0,0,0,0,0,0
275,0.2896594,7,275,Not eroded,0,1,1,1,1,1,0,0,0,0,0
276,0.2311621,4,276,Not eroded,0,1,1,1,0,0,0,0,0,1,1
277,0.202279,4,277,Not eroded,0,1,0,0,0,0,0,0,0,1,1
278,0.2585711,6,278,Not eroded,0,1,1,1,1,1,0,0,0,0,0
279,0.1595964,2,279,Not eroded,0,0,0,0,0,0,1,0,1,1,1
280,0.1756434,4,280,Not eroded,0,0,0,0,0,0,0,0,0,1,1
281,0.2897707,0,281,ERODED,1,1,1,1,1,1,1,1,1,1,1
282,0.2754852,0,282,ERODED,1,1,1,1,1,1,1,1,1,1,1
284,0.1444743,4,284,Not eroded,0,0,0,0,0,0,0,0,0,1,1
285,0.1302988,0,285,Not eroded,0,0,0,0,0,0,1,1,1,1,1
287,0.1470297,2,287,Not eroded,0,0,0,0,0,0,1,0,1,1,1
288,0.2590152,5,288,Not eroded,0,1,1,1,1,1,0,0,0,0,1
289,0.2835149,3,289,Not eroded,0,1,1,1,1,1,1,0,0,1,1
290,0.1487953,4,290,Not eroded,0,0,0,0,0,0,0,0,0,1,1
291,0.2058526,4,291,Not eroded,0,1,0,0,0,0,0,0,0,1,1
292,0.2729162,0,292,ERODED,1,1,1,1,1,1,1,1,1,1,1
293,0.06651795,3,293,Not eroded,0,0,0,0,0,0,1,0,0,1,1
294,0.3247422,0,294,ERODED,1,1,1,1,1,1,1,1,1,1,1
295,0.1868179,5,295,Not eroded,0,0,0,0,0,0,0,0,0,0,1
296,0.07921296,4,296,Not eroded,0,0,0,0,0,0,0,0,0,1,1
297,0.2589399,0,297,ERODED,1,1,1,1,1,1,1,1,1,1,1
298,0.1073304,5,298,Not eroded,0,0,0,0,0,0,0,0,0,0,1
299,0.3208476,0,299,ERODED,1,1,1,1,1,1,1,1,1,1,1
300,0.168896,2,300,Not eroded,0,0,0,0,0,0,1,0,1,1,1
301,0.09524234,5,301,Not eroded,0,0,0,0,0,0,0,0,0,0,1
302,0.1202057,2,302,Not eroded,0,0,0,0,0,0,1,0,1,1,1
303,0.1936312,4,303,Not eroded,0,1,0,0,0,0,0,0,0,1,1
304,0.2591875,0,304,ERODED,1,1,1,1,1,1,1,1,1,1,1
306,0.1405411,6,306,Not eroded,0,0,0,0,0,0,0,0,0,0,0
307,0.287583,3,307,Not eroded,0,1,1,1,1,1,1,0,0,1,1
308,0.1453711,5,308,Not eroded,0,0,0,0,0,0,0,0,0,0,1
309,0.1746222,0,309,Not eroded,0,0,0,0,0,0,1,1,1,1,1
310,0.09741468,4,310,Not eroded,0,0,0,0,0,0,0,0,0,1,1
311,0.2205902,0,311,Not eroded,0,1,1,0,0,0,1,1,1,1,1
312,0.1554086,5,312,Not eroded,0,0,0,0,0,0,0,0,0,0,1
313,0.148902,4,313,Not eroded,0,0,0,0,0,0,0,0,0,1,1
314,0.2476576,4,314,Not eroded,0,1,1,1,1,0,0,0,0,1,1
317,0.1022158,4,317,Not eroded,0,0,0,0,0,0,0,0,0,1,1
318,0.1710989,4,318,Not eroded,0,0,0,0,0,0,0,0,0,1,1
320,0.1606756,6,320,Not eroded,0,0,0,0,0,0,0,0,0,0,0
321,0.05626913,3,321,Not eroded,0,0,0,0,0,0,1,0,0,1,1
322,0.1861131,3,322,Not eroded,0,0,0,0,0,0,1,0,0,1,1
323,0.05682297,2,323,Not eroded,0,0,0,0,0,0,1,0,1,1,1
324,0.2792132,3,324,Not eroded,0,1,1,1,1,1,1,0,0,1,1
325,0.1854789,5,325,Not eroded,0,0,0,0,0,0,0,0,0,0,1
326,0.2120198,3,326,Not eroded,0,1,0,0,0,0,1,0,0,1,1
327,0.185058,7,327,Not eroded,0,0,0,0,0,0,0,0,0,0,0
328,0.1933195,0,328,Not eroded,0,1,0,0,0,0,1,1,1,1,1
329,0.2489263,3,329,Not eroded,0,1,1,1,1,0,1,0,0,1,1
330,0.1669459,3,330,Not eroded,0,0,0,0,0,0,1,0,0,1,1
331,0.2191062,4,331,Not eroded,0,1,0,0,0,0,0,0,0,1,1
332,0.05627129,3,332,Not eroded,0,0,0,0,0,0,1,0,0,1,1
333,0.2560103,0,333,Not eroded,0,1,1,1,1,1,1,1,1,1,1
334,0.1249661,6,334,Not eroded,0,0,0,0,0,0,0,0,0,0,0
335,0.1032206,3,335,Not eroded,0,0,0,0,0,0,1,0,0,1,1
336,0.1903437,0,336,Not eroded,0,0,0,0,0,0,1,1,1,1,1
337,0.1877,4,337,Not eroded,0,0,0,0,0,0,0,0,0,1,1
338,0.2651377,2,338,Not eroded,0,1,1,1,1,1,1,0,1,1,1
339,0.1780105,4,339,Not eroded,0,0,0,0,0,0,0,0,0,1,1
343,0.08927102,5,343,Not eroded,0,0,0,0,0,0,0,0,0,0,1
345,0.115054,4,345,Not eroded,0,0,0,0,0,0,0,0,0,1,1
346,0.1971462,0,346,Not eroded,0,1,0,0,0,0,1,1,1,1,1
347,0.2398509,0,347,ERODED,1,1,1,1,0,0,1,1,1,1,1
348,0.2925694,0,348,Not eroded,0,1,1,1,1,1,1,1,1,1,1
349,0.2352175,0,349,Not eroded,0,1,1,1,0,0,1,1,1,1,1
350,0.174124,4,350,Not eroded,0,0,0,0,0,0,0,0,0,1,1
352,0.07311666,6,352,Not eroded,0,0,0,0,0,0,0,0,0,0,0
353,0.06431219,4,353,Not eroded,0,0,0,0,0,0,0,0,0,1,1
354,0.1628821,0,354,Not eroded,0,0,0,0,0,0,1,1,1,1,1
355,0.1114393,0,355,Not eroded,0,0,0,0,0,0,1,1,1,1,1
356,0.1636652,3,356,Not eroded,0,0,0,0,0,0,1,0,0,1,1
357,0.2359694,0,357,Not eroded,0,1,1,1,0,0,1,1,1,1,1
358,0.08153018,2,358,Not eroded,0,0,0,0,0,0,1,0,1,1,1
360,0.2885415,5,360,Not eroded,0,1,1,1,1,1,0,0,0,0,1
361,0.2468447,0,361,ERODED,1,1,1,1,1,0,1,1,1,1,1
362,0.2708963,4,362,Not eroded,0,1,1,1,1,1,0,0,0,1,1
363,0.200512,4,363,Not eroded,0,1,0,0,0,0,0,0,0,1,1
364,0.2100955,3,364,Not eroded,0,1,0,0,0,0,1,0,0,1,1
366,0.2360663,0,366,Not eroded,0,1,1,1,0,0,1,1,1,1,1
367,0.3247861,0,367,ERODED,1,1,1,1,1,1,1,1,1,1,1
368,0.3065402,0,368,ERODED,1,1,1,1,1,1,1,1,1,1,1
370,0.2545188,4,370,Not eroded,0,1,1,1,1,1,0,0,0,1,1
371,0.1730154,4,371,Not eroded,0,0,0,0,0,0,0,0,0,1,1
372,0.2232408,4,372,Not eroded,0,1,1,0,0,0,0,0,0,1,1
373,0.3196926,0,373,ERODED,1,1,1,1,1,1,1,1,1,1,1
374,0.05632334,4,374,Not eroded,0,0,0,0,0,0,0,0,0,1,1
375,0.3196384,0,375,ERODED,1,1,1,1,1,1,1,1,1,1,1
376,0.2132786,0,376,Not eroded,0,1,0,0,0,0,1,1,1,1,1
377,0.1410998,3,377,Not eroded,0,0,0,0,0,0,1,0,0,1,1
378,0.09165911,0,378,Not eroded,0,0,0,0,0,0,1,1,1,1,1
379,0.07316768,0,379,Not eroded,0,0,0,0,0,0,1,1,1,1,1
380,0.2218547,0,380,Not eroded,0,1,1,0,0,0,1,1,1,1,1
381,0.2347691,0,381,Not eroded,0,1,1,1,0,0,1,1,1,1,1
382,0.1854815,3,382,Not eroded,0,0,0,0,0,0,1,0,0,1,1
383,0.1811106,2,383,Not eroded,0,0,0,0,0,0,1,0,1,1,1
384,0.1017561,5,384,Not eroded,0,0,0,0,0,0,0,0,0,0,1
385,0.3164975,0,385,ERODED,1,1,1,1,1,1,1,1,1,1,1
386,0.06507181,5,386,Not eroded,0,0,0,0,0,0,0,0,0,0,1
387,0.05624762,3,387,Not eroded,0,0,0,0,0,0,1,0,0,1,1
389,0.3247787,0,389,ERODED,1,1,1,1,1,1,1,1,1,1,1
390,0.1129108,4,390,Not eroded,0,0,0,0,0,0,0,0,0,1,1
392,0.268439,5,392,Not eroded,0,1,1,1,1,1,0,0,0,0,1
393,0.1010116,6,393,Not eroded,0,0,0,0,0,0,0,0,0,0,0
394,0.0562576,4,394,Not eroded,0,0,0,0,0,0,0,0,0,1,1
395,0.185192,5,395,Not eroded,0,0,0,0,0,0,0,0,0,0,1
396,0.1022623,0,396,Not eroded,0,0,0,0,0,0,1,1,1,1,1
397,0.2993505,0,397,ERODED,1,1,1,1,1,1,1,1,1,1,1
398,0.1218881,6,398,Not eroded,0,0,0,0,0,0,0,0,0,0,0
399,0.328734,0,399,ERODED,1,1,1,1,1,1,1,1,1,1,1
400,0.227265,3,400,Not eroded,0,1,1,0,0,0,1,0,0,1,1
401,0.0619729,4,401,Not eroded,0,0,0,0,0,0,0,0,0,1,1
402,0.2067417,5,402,Not eroded,0,1,0,0,0,0,0,0,0,0,1
403,0.1096692,5,403,Not eroded,0,0,0,0,0,0,0,0,0,0,1
404,0.1724128,4,404,Not eroded,0,0,0,0,0,0,0,0,0,1,1
405,0.06386279,5,405,Not eroded,0,0,0,0,0,0,0,0,0,0,1
406,0.09254046,4,406,Not eroded,0,0,0,0,0,0,0,0,0,1,1
407,0.281359,0,407,ERODED,1,1,1,1,1,1,1,1,1,1,1
408,0.05626078,3,408,Not eroded,0,0,0,0,0,0,1,0,0,1,1
409,0.1224104,6,409,Not eroded,0,0,0,0,0,0,0,0,0,0,0
410,0.3135068,0,410,ERODED,1,1,1,1,1,1,1,1,1,1,1
411,0.2833709,0,411,ERODED,1,1,1,1,1,1,1,1,1,1,1
412,0.05623995,4,412,Not eroded,0,0,0,0,0,0,0,0,0,1,1
413,0.2299171,5,413,Not eroded,0,1,1,0,0,0,0,0,0,0,1
414,0.3024129,0,414,ERODED,1,1,1,1,1,1,1,1,1,1,1
415,0.2124091,4,415,Not eroded,0,1,0,0,0,0,0,0,0,1,1
416,0.2495547,4,416,Not eroded,0,1,1,1,1,0,0,0,0,1,1
418,0.2390715,3,418,Not eroded,0,1,1,1,0,0,1,0,0,1,1
419,0.1999565,2,419,Not eroded,0,1,0,0,0,0,1,0,1,1,1
420,0.2996442,0,420,ERODED,1,1,1,1,1,1,1,1,1,1,1
421,0.1720955,4,421,Not eroded,0,0,0,0,0,0,0,0,0,1,1
422,0.2211389,5,422,Not eroded,0,1,1,0,0,0,0,0,0,0,1
423,0.1195098,5,423,Not eroded,0,0,0,0,0,0,0,0,0,0,1
425,0.09990953,5,425,Not eroded,0,0,0,0,0,0,0,0,0,0,1
426,0.1739258,5,426,Not eroded,0,0,0,0,0,0,0,0,0,0,1
427,0.2344438,5,427,Not eroded,0,1,1,1,0,0,0,0,0,0,1
429,0.2022798,4,429,Not eroded,0,1,0,0,0,0,0,0,0,1,1
430,0.08309732,3,430,Not eroded,0,0,0,0,0,0,1,0,0,1,1
432,0.2236097,4,432,Not eroded,0,1,1,0,0,0,0,0,0,1,1
433,0.2494957,3,433,Not eroded,0,1,1,1,1,0,1,0,0,1,1
434,0.2627282,6,434,Not eroded,0,1,1,1,1,1,0,0,0,0,0
435,0.207014,4,435,Not eroded,0,1,0,0,0,0,0,0,0,1,1
436,0.2812489,0,436,ERODED,1,1,1,1,1,1,1,1,1,1,1
438,0.1488486,0,438,Not eroded,0,0,0,0,0,0,1,1,1,1,1
439,0.2266252,4,439,Not eroded,0,1,1,0,0,0,0,0,0,1,1
440,0.1131162,0,440,Not eroded,0,0,0,0,0,0,1,1,1,1,1
441,0.1771213,5,441,Not eroded,0,0,0,0,0,0,0,0,0,0,1
442,0.09059685,5,442,Not eroded,0,0,0,0,0,0,0,0,0,0,1
443,0.173696,4,443,Not eroded,0,0,0,0,0,0,0,0,0,1,1
444,0.1145033,4,444,Not eroded,0,0,0,0,0,0,0,0,0,1,1
445,0.3113561,0,445,ERODED,1,1,1,1,1,1,1,1,1,1,1
446,0.1842872,0,446,Not eroded,0,0,0,0,0,0,1,1,1,1,1
448,0.3250069,0,448,Not eroded,0,1,1,1,1,1,1,1,1,1,1
449,0.2824346,0,449,Not eroded,0,1,1,1,1,1,1,1,1,1,1
450,0.3250721,0,450,ERODED,1,1,1,1,1,1,1,1,1,1,1
451,0.2031381,5,451,Not eroded,0,1,0,0,0,0,0,0,0,0,1
452,0.2374066,4,452,Not eroded,0,1,1,1,0,0,0,0,0,1,1
453,0.1918669,4,453,Not eroded,0,1,0,0,0,0,0,0,0,1,1
454,0.2443058,4,454,Not eroded,0,1,1,1,1,0,0,0,0,1,1
456,0.2579831,3,456,Not eroded,0,1,1,1,1,1,1,0,0,1,1
457,0.09431033,3,457,Not eroded,0,0,0,0,0,0,1,0,0,1,1
458,0.08688694,3,458,Not eroded,0,0,0,0,0,0,1,0,0,1,1
459,0.2325981,4,459,Not eroded,0,1,1,1,0,0,0,0,0,1,1
460,0.2584174,0,460,ERODED,1,1,1,1,1,1,1,1,1,1,1
461,0.1672512,5,461,Not eroded,0,0,0,0,0,0,0,0,0,0,1
462,0.1862721,5,462,Not eroded,0,0,0,0,0,0,0,0,0,0,1
463,0.1342103,3,463,Not eroded,0,0,0,0,0,0,1,0,0,1,1
464,0.09379089,4,464,Not eroded,0,0,0,0,0,0,0,0,0,1,1
465,0.2852486,0,465,ERODED,1,1,1,1,1,1,1,1,1,1,1
466,0.1178314,4,466,Not eroded,0,0,0,0,0,0,0,0,0,1,1
467,0.3241594,0,467,ERODED,1,1,1,1,1,1,1,1,1,1,1
468,0.1708918,5,468,Not eroded,0,0,0,0,0,0,0,0,0,0,1
469,0.2700513,0,469,Not eroded,0,1,1,1,1,1,1,1,1,1,1
470,0.07182819,4,470,Not eroded,0,0,0,0,0,0,0,0,0,1,1
471,0.2159702,0,471,Not eroded,0,1,0,0,0,0,1,1,1,1,1
472,0.1384185,4,472,Not eroded,0,0,0,0,0,0,0,0,0,1,1
473,0.08402528,3,473,Not eroded,0,0,0,0,0,0,1,0,0,1,1
474,0.2807302,4,474,Not eroded,0,1,1,1,1,1,0,0,0,1,1
475,0.1223937,5,475,Not eroded,0,0,0,0,0,0,0,0,0,0,1
476,0.07046929,5,476,Not eroded,0,0,0,0,0,0,0,0,0,0,1
477,0.1298436,6,477,Not eroded,0,0,0,0,0,0,0,0,0,0,0
478,0.1855012,5,478,Not eroded,0,0,0,0,0,0,0,0,0,0,1
479,0.2373633,4,479,Not eroded,0,1,1,1,0,0,0,0,0,1,1
480,0.1719308,7,480,Not eroded,0,0,0,0,0,0,0,0,0,0,0
482,0.2278409,0,482,ERODED,1,1,1,0,0,0,1,1,1,1,1
483,0.0717731,2,483,Not eroded,0,0,0,0,0,0,1,0,1,1,1
484,0.2796219,4,484,Not eroded,0,1,1,1,1,1,0,0,0,1,1
485,0.1725061,5,485,Not eroded,0,0,0,0,0,0,0,0,0,0,1
486,0.256124,0,486,Not eroded,0,1,1,1,1,1,1,1,1,1,1
487,0.08225574,5,487,Not eroded,0,0,0,0,0,0,0,0,0,0,1
488,0.1246945,0,488,Not eroded,0,0,0,0,0,0,1,1,1,1,1
489,0.2811184,0,489,ERODED,1,1,1,1,1,1,1,1,1,1,1
490,0.2830394,3,490,Not eroded,0,1,1,1,1,1,1,0,0,1,1
491,0.194034,4,491,Not eroded,0,1,0,0,0,0,0,0,0,1,1
492,0.06589242,4,492,Not eroded,0,0,0,0,0,0,0,0,0,1,1
493,0.2720094,4,493,Not eroded,0,1,1,1,1,1,0,0,0,1,1
494,0.2899744,0,494,ERODED,1,1,1,1,1,1,1,1,1,1,1
496,0.1038924,0,496,Not eroded,0,0,0,0,0,0,1,1,1,1,1
497,0.1592068,4,497,Not eroded,0,0,0,0,0,0,0,0,0,1,1
498,0.1664792,4,498,Not eroded,0,0,0,0,0,0,0,0,0,1,1
499,0.290434,3,499,Not eroded,0,1,1,1,1,1,1,0,0,1,1
500,0.1008577,6,500,Not eroded,0,0,0,0,0,0,0,0,0,0,0
501,0.06214395,3,501,Not eroded,0,0,0,0,0,0,1,0,0,1,1
502,0.07474035,3,502,Not eroded,0,0,0,0,0,0,1,0,0,1,1
503,0.1085572,6,503,Not eroded,0,0,0,0,0,0,0,0,0,0,0
504,0.08630306,6,504,Not eroded,0,0,0,0,0,0,0,0,0,0,0
505,0.2177929,0,505,Not eroded,0,1,0,0,0,0,1,1,1,1,1
506,0.1029777,5,506,Not eroded,0,0,0,0,0,0,0,0,0,0,1
507,0.2211216,3,507,Not eroded,0,1,1,0,0,0,1,0,0,1,1
509,0.2395646,4,509,Not eroded,0,1,1,1,0,0,0,0,0,1,1
510,0.1674241,4,510,Not eroded,0,0,0,0,0,0,0,0,0,1,1
511,0.2888909,0,511,Not eroded,0,1,1,1,1,1,1,1,1,1,1
512,0.1578141,2,512,Not eroded,0,0,0,0,0,0,1,0,1,1,1
513,0.284077,4,513,Not eroded,0,1,1,1,1,1,0,0,0,1,1
514,0.08043064,3,514,Not eroded,0,0,0,0,0,0,1,0,0,1,1
515,0.2987962,0,515,ERODED,1,1,1,1,1,1,1,1,1,1,1
516,0.05626013,3,516,Not eroded,0,0,0,0,0,0,1,0,0,1,1
517,0.1142551,7,517,Not eroded,0,0,0,0,0,0,0,0,0,0,0
518,0.05635679,2,518,Not eroded,0,0,0,0,0,0,1,0,1,1,1
520,0.0992987,5,520,Not eroded,0,0,0,0,0,0,0,0,0,0,1
521,0.05625094,3,521,Not eroded,0,0,0,0,0,0,1,0,0,1,1
522,0.1427515,0,522,Not eroded,0,0,0,0,0,0,1,1,1,1,1
523,0.2425983,4,523,Not eroded,0,1,1,1,1,0,0,0,0,1,1
524,0.2878653,0,524,ERODED,1,1,1,1,1,1,1,1,1,1,1
525,0.1948855,3,525,Not eroded,0,1,0,0,0,0,1,0,0,1,1
526,0.1266749,3,526,Not eroded,0,0,0,0,0,0,1,0,0,1,1
527,0.05627066,2,527,Not eroded,0,0,0,0,0,0,1,0,1,1,1
528,0.2727158,0,528,Not eroded,0,1,1,1,1,1,1,1,1,1,1
530,0.1030043,5,530,Not eroded,0,0,0,0,0,0,0,0,0,0,1
531,0.2326777,5,531,Not eroded,0,1,1,1,0,0,0,0,0,0,1
532,0.2200128,0,532,Not eroded,0,1,1,0,0,0,1,1,1,1,1
533,0.2949918,0,533,ERODED,1,1,1,1,1,1,1,1,1,1,1
534,0.1698001,4,534,Not eroded,0,0,0,0,0,0,0,0,0,1,1
535,0.3216912,0,535,ERODED,1,1,1,1,1,1,1,1,1,1,1
536,0.1698692,4,536,Not eroded,0,0,0,0,0,0,0,0,0,1,1
537,0.1855708,4,537,Not eroded,0,0,0,0,0,0,0,0,0,1,1
538,0.1979681,4,538,Not eroded,0,1,0,0,0,0,0,0,0,1,1
539,0.0735249,4,539,Not eroded,0,0,0,0,0,0,0,0,0,1,1
540,0.1572603,4,540,Not eroded,0,0,0,0,0,0,0,0,0,1,1
541,0.1143497,5,541,Not eroded,0,0,0,0,0,0,0,0,0,0,1
542,0.2708357,4,542,Not eroded,0,1,1,1,1,1,0,0,0,1,1
543,0.2293525,5,543,Not eroded,0,1,1,0,0,0,0,0,0,0,1
545,0.1292025,3,545,Not eroded,0,0,0,0,0,0,1,0,0,1,1
546,0.2941189,0,546,Not eroded,0,1,1,1,1,1,1,1,1,1,1
547,0.2761988,0,547,Not eroded,0,1,1,1,1,1,1,1,1,1,1
549,0.1625284,0,549,Not eroded,0,0,0,0,0,0,1,1,1,1,1
550,0.1804902,0,550,Not eroded,0,0,0,0,0,0,1,1,1,1,1
551,0.1671767,0,551,Not eroded,0,0,0,0,0,0,1,1,1,1,1
552,0.2826474,2,552,Not eroded,0,1,1,1,1,1,1,0,1,1,1
553,0.1863534,5,553,Not eroded,0,0,0,0,0,0,0,0,0,0,1
554,0.1828312,3,554,Not eroded,0,0,0,0,0,0,1,0,0,1,1
556,0.2643263,0,556,Not eroded,0,1,1,1,1,1,1,1,1,1,1
557,0.1354366,0,557,Not eroded,0,0,0,0,0,0,1,1,1,1,1
558,0.08171201,0,558,Not eroded,0,0,0,0,0,0,1,1,1,1,1
559,0.200935,3,559,Not eroded,0,1,0,0,0,0,1,0,0,1,1
560,0.2097785,3,560,Not eroded,0,1,0,0,0,0,1,0,0,1,1
561,0.1079573,5,561,Not eroded,0,0,0,0,0,0,0,0,0,0,1
562,0.05636732,0,562,Not eroded,0,0,0,0,0,0,1,1,1,1,1
563,0.1664326,2,563,Not eroded,0,0,0,0,0,0,1,0,1,1,1
564,0.2981891,0,564,ERODED,1,1,1,1,1,1,1,1,1,1,1
565,0.09525208,5,565,Not eroded,0,0,0,0,0,0,0,0,0,0,1
566,0.3189226,0,566,ERODED,1,1,1,1,1,1,1,1,1,1,1
567,0.1387246,0,567,Not eroded,0,0,0,0,0,0,1,1,1,1,1
568,0.2997314,0,568,ERODED,1,1,1,1,1,1,1,1,1,1,1
569,0.1664449,6,569,Not eroded,0,0,0,0,0,0,0,0,0,0,0
570,0.06883481,0,570,Not eroded,0,0,0,0,0,0,1,1,1,1,1
571,0.1483135,3,571,Not eroded,0,0,0,0,0,0,1,0,0,1,1
572,0.0987484,3,572,Not eroded,0,0,0,0,0,0,1,0,0,1,1
573,0.06555594,3,573,Not eroded,0,0,0,0,0,0,1,0,0,1,1
574,0.324885,0,574,ERODED,1,1,1,1,1,1,1,1,1,1,1
575,0.1681641,5,575,Not eroded,0,0,0,0,0,0,0,0,0,0,1
576,0.2470097,3,576,Not eroded,0,1,1,1,1,0,1,0,0,1,1
577,0.2872673,0,577,Not eroded,0,1,1,1,1,1,1,1,1,1,1
578,0.2981252,4,578,Not eroded,0,1,1,1,1,1,0,0,0,1,1
579,0.062315,0,579,Not eroded,0,0,0,0,0,0,1,1,1,1,1
580,0.1987576,4,580,Not eroded,0,1,0,0,0,0,0,0,0,1,1
581,0.1035297,3,581,Not eroded,0,0,0,0,0,0,1,0,0,1,1
582,0.3067566,0,582,ERODED,1,1,1,1,1,1,1,1,1,1,1
583,0.3099924,0,583,ERODED,1,1,1,1,1,1,1,1,1,1,1
584,0.1910572,0,584,Not eroded,0,1,0,0,0,0,1,1,1,1,1
585,0.1181599,0,585,Not eroded,0,0,0,0,0,0,1,1,1,1,1
586,0.06471455,5,586,Not eroded,0,0,0,0,0,0,0,0,0,0,1
587,0.1673623,4,587,Not eroded,0,0,0,0,0,0,0,0,0,1,1
588,0.08017195,6,588,Not eroded,0,0,0,0,0,0,0,0,0,0,0
589,0.1127312,3,589,Not eroded,0,0,0,0,0,0,1,0,0,1,1
590,0.1600167,4,590,Not eroded,0,0,0,0,0,0,0,0,0,1,1
591,0.1510868,5,591,Not eroded,0,0,0,0,0,0,0,0,0,0,1
592,0.2724159,0,592,ERODED,1,1,1,1,1,1,1,1,1,1,1
594,0.08988577,3,594,Not eroded,0,0,0,0,0,0,1,0,0,1,1
595,0.05626251,4,595,Not eroded,0,0,0,0,0,0,0,0,0,1,1
596,0.2344559,3,596,Not eroded,0,1,1,1,0,0,1,0,0,1,1
597,0.1384549,3,597,Not eroded,0,0,0,0,0,0,1,0,0,1,1
598,0.1620039,4,598,Not eroded,0,0,0,0,0,0,0,0,0,1,1
599,0.1834393,0,599,Not eroded,0,0,0,0,0,0,1,1,1,1,1
600,0.3101775,0,600,ERODED,1,1,1,1,1,1,1,1,1,1,1
601,0.1613234,3,601,Not eroded,0,0,0,0,0,0,1,0,0,1,1
602,0.2576176,0,602,Not eroded,0,1,1,1,1,1,1,1,1,1,1
603,0.3339594,0,603,ERODED,1,1,1,1,1,1,1,1,1,1,1
604,0.09192245,0,604,Not eroded,0,0,0,0,0,0,1,1,1,1,1
605,0.05812672,4,605,Not eroded,0,0,0,0,0,0,0,0,0,1,1
606,0.2224905,4,606,Not eroded,0,1,1,0,0,0,0,0,0,1,1
607,0.08887585,2,607,Not eroded,0,0,0,0,0,0,1,0,1,1,1
608,0.2002449,5,608,Not eroded,0,1,0,0,0,0,0,0,0,0,1
609,0.1371223,3,609,Not eroded,0,0,0,0,0,0,1,0,0,1,1
610,0.2344228,5,610,Not eroded,0,1,1,1,0,0,0,0,0,0,1
611,0.1872207,4,611,Not eroded,0,0,0,0,0,0,0,0,0,1,1
612,0.3259417,0,612,ERODED,1,1,1,1,1,1,1,1,1,1,1
613,0.05627266,4,613,Not eroded,0,0,0,0,0,0,0,0,0,1,1
615,0.1730273,4,615,Not eroded,0,0,0,0,0,0,0,0,0,1,1
616,0.2724619,0,616,Not eroded,0,1,1,1,1,1,1,1,1,1,1
617,0.2360226,3,617,Not eroded,0,1,1,1,0,0,1,0,0,1,1
618,0.2138522,5,618,Not eroded,0,1,0,0,0,0,0,0,0,0,1
619,0.24263,3,619,Not eroded,0,1,1,1,1,0,1,0,0,1,1
620,0.07257063,4,620,Not eroded,0,0,0,0,0,0,0,0,0,1,1
621,0.188773,3,621,Not eroded,0,0,0,0,0,0,1,0,0,1,1
622,0.09843503,5,622,Not eroded,0,0,0,0,0,0,0,0,0,0,1
623,0.07908781,5,623,Not eroded,0,0,0,0,0,0,0,0,0,0,1
625,0.05620822,3,625,Not eroded,0,0,0,0,0,0,1,0,0,1,1
626,0.1457214,4,626,Not eroded,0,0,0,0,0,0,0,0,0,1,1
627,0.1827261,5,627,Not eroded,0,0,0,0,0,0,0,0,0,0,1
628,0.2167238,4,628,Not eroded,0,1,0,0,0,0,0,0,0,1,1
629,0.1310499,7,629,Not eroded,0,0,0,0,0,0,0,0,0,0,0
630,0.288057,0,630,ERODED,1,1,1,1,1,1,1,1,1,1,1
631,0.07396406,3,631,Not eroded,0,0,0,0,0,0,1,0,0,1,1
632,0.118667,3,632,Not eroded,0,0,0,0,0,0,1,0,0,1,1
633,0.09018293,3,633,Not eroded,0,0,0,0,0,0,1,0,0,1,1
634,0.07338152,4,634,Not eroded,0,0,0,0,0,0,0,0,0,1,1
635,0.05642397,3,635,Not eroded,0,0,0,0,0,0,1,0,0,1,1
636,0.1720098,4,636,Not eroded,0,0,0,0,0,0,0,0,0,1,1
637,0.1470465,5,637,Not eroded,0,0,0,0,0,0,0,0,0,0,1
638,0.256549,5,638,Not eroded,0,1,1,1,1,1,0,0,0,0,1
639,0.2745797,0,639,Not eroded,0,1,1,1,1,1,1,1,1,1,1
640,0.1451618,4,640,Not eroded,0,0,0,0,0,0,0,0,0,1,1
641,0.181194,5,641,Not eroded,0,0,0,0,0,0,0,0,0,0,1
642,0.264004,0,642,Not eroded,0,1,1,1,1,1,1,1,1,1,1
643,0.1277239,5,643,Not eroded,0,0,0,0,0,0,0,0,0,0,1
644,0.2403031,2,644,Not eroded,0,1,1,1,1,0,1,0,1,1,1
645,0.2261572,2,645,Not eroded,0,1,1,0,0,0,1,0,1,1,1
646,0.08814593,3,646,Not eroded,0,0,0,0,0,0,1,0,0,1,1
648,0.0714094,4,648,Not eroded,0,0,0,0,0,0,0,0,0,1,1
649,0.1281621,3,649,Not eroded,0,0,0,0,0,0,1,0,0,1,1
650,0.3249892,0,650,ERODED,1,1,1,1,1,1,1,1,1,1,1
651,0.2215354,5,651,Not eroded,0,1,1,0,0,0,0,0,0,0,1
652,0.2668591,0,652,ERODED,1,1,1,1,1,1,1,1,1,1,1
653,0.06451954,0,653,Not eroded,0,0,0,0,0,0,1,1,1,1,1
654,0.1254094,0,654,Not eroded,0,0,0,0,0,0,1,1,1,1,1
655,0.2513654,3,655,Not eroded,0,1,1,1,1,1,1,0,0,1,1
656,0.230855,3,656,Not eroded,0,1,1,1,0,0,1,0,0,1,1
658,0.2049449,3,658,Not eroded,0,1,0,0,0,0,1,0,0,1,1
659,0.1468734,4,659,Not eroded,0,0,0,0,0,0,0,0,0,1,1
660,0.2270139,5,660,Not eroded,0,1,1,0,0,0,0,0,0,0,1
661,0.3198314,0,661,ERODED,1,1,1,1,1,1,1,1,1,1,1
662,0.2486973,0,662,Not eroded,0,1,1,1,1,0,1,1,1,1,1
663,0.1137742,3,663,Not eroded,0,0,0,0,0,0,1,0,0,1,1
664,0.2201256,0,664,Not eroded,0,1,1,0,0,0,1,1,1,1,1
665,0.3042449,0,665,ERODED,1,1,1,1,1,1,1,1,1,1,1
666,0.1146252,5,666,Not eroded,0,0,0,0,0,0,0,0,0,0,1
668,0.07129327,4,668,Not eroded,0,0,0,0,0,0,0,0,0,1,1
669,0.1283614,8,669,Not eroded,0,0,0,0,0,0,0,0,0,0,0
670,0.2813942,0,670,ERODED,1,1,1,1,1,1,1,1,1,1,1
671,0.2522759,0,671,ERODED,1,1,1,1,1,1,1,1,1,1,1
673,0.2852682,4,673,Not eroded,0,1,1,1,1,1,0,0,0,1,1
674,0.20755,3,674,Not eroded,0,1,0,0,0,0,1,0,0,1,1
675,0.2115238,3,675,Not eroded,0,1,0,0,0,0,1,0,0,1,1
676,0.3148338,0,676,ERODED,1,1,1,1,1,1,1,1,1,1,1
677,0.06396888,5,677,Not eroded,0,0,0,0,0,0,0,0,0,0,1
678,0.2964501,0,678,Not eroded,0,1,1,1,1,1,1,1,1,1,1
680,0.1918383,4,680,Not eroded,0,1,0,0,0,0,0,0,0,1,1
681,0.1763132,4,681,Not eroded,0,0,0,0,0,0,0,0,0,1,1
682,0.1645491,5,682,Not eroded,0,0,0,0,0,0,0,0,0,0,1
683,0.1880817,0,683,Not eroded,0,0,0,0,0,0,1,1,1,1,1
684,0.06617112,4,684,Not eroded,0,0,0,0,0,0,0,0,0,1,1
685,0.2087626,0,685,Not eroded,0,1,0,0,0,0,1,1,1,1,1
686,0.1000967,3,686,Not eroded,0,0,0,0,0,0,1,0,0,1,1
687,0.2379253,0,687,ERODED,1,1,1,1,0,0,1,1,1,1,1
688,0.1465789,0,688,Not eroded,0,0,0,0,0,0,1,1,1,1,1
689,0.1672997,0,689,Not eroded,0,0,0,0,0,0,1,1,1,1,1
690,0.2613448,7,690,Not eroded,0,1,1,1,1,1,0,0,0,0,0
691,0.3022959,0,691,ERODED,1,1,1,1,1,1,1,1,1,1,1
692,0.2631311,3,692,Not eroded,0,1,1,1,1,1,1,0,0,1,1
693,0.277899,5,693,Not eroded,0,1,1,1,1,1,0,0,0,0,1
694,0.1830418,0,694,Not eroded,0,0,0,0,0,0,1,1,1,1,1
695,0.2815208,0,695,ERODED,1,1,1,1,1,1,1,1,1,1,1
696,0.2044038,5,696,Not eroded,0,1,0,0,0,0,0,0,0,0,1
697,0.1849993,4,697,Not eroded,0,0,0,0,0,0,0,0,0,1,1
698,0.1009587,0,698,Not eroded,0,0,0,0,0,0,1,1,1,1,1
699,0.2059558,3,699,Not eroded,0,1,0,0,0,0,1,0,0,1,1
700,0.07934269,4,700,Not eroded,0,0,0,0,0,0,0,0,0,1,1
701,0.2230894,3,701,Not eroded,0,1,1,0,0,0,1,0,0,1,1
702,0.1813838,0,702,Not eroded,0,0,0,0,0,0,1,1,1,1,1
704,0.06265106,6,704,Not eroded,0,0,0,0,0,0,0,0,0,0,0
705,0.2415383,5,705,Not eroded,0,1,1,1,1,0,0,0,0,0,1
706,0.1757127,4,706,Not eroded,0,0,0,0,0,0,0,0,0,1,1
707,0.207319,0,707,Not eroded,0,1,0,0,0,0,1,1,1,1,1
708,0.2510095,0,708,Not eroded,0,1,1,1,1,1,1,1,1,1,1
709,0.2895734,0,709,ERODED,1,1,1,1,1,1,1,1,1,1,1
710,0.1488345,5,710,Not eroded,0,0,0,0,0,0,0,0,0,0,1
711,0.1190085,5,711,Not eroded,0,0,0,0,0,0,0,0,0,0,1
712,0.2774414,0,712,ERODED,1,1,1,1,1,1,1,1,1,1,1
713,0.2715761,3,713,Not eroded,0,1,1,1,1,1,1,0,0,1,1
714,0.1871759,6,714,Not eroded,0,0,0,0,0,0,0,0,0,0,0
715,0.1451055,0,715,Not eroded,0,0,0,0,0,0,1,1,1,1,1
716,0.2521109,4,716,Not eroded,0,1,1,1,1,1,0,0,0,1,1
717,0.1089324,5,717,Not eroded,0,0,0,0,0,0,0,0,0,0,1
720,0.195856,4,720,Not eroded,0,1,0,0,0,0,0,0,0,1,1
721,0.07580741,3,721,Not eroded,0,0,0,0,0,0,1,0,0,1,1
722,0.1901621,5,722,Not eroded,0,0,0,0,0,0,0,0,0,0,1
723,0.1656824,0,723,Not eroded,0,0,0,0,0,0,1,1,1,1,1
724,0.2318078,5,724,Not eroded,0,1,1,1,0,0,0,0,0,0,1
726,0.2870809,0,726,Not eroded,0,1,1,1,1,1,1,1,1,1,1
728,0.05624084,3,728,Not eroded,0,0,0,0,0,0,1,0,0,1,1
729,0.1811251,4,729,Not eroded,0,0,0,0,0,0,0,0,0,1,1
731,0.09608773,4,731,Not eroded,0,0,0,0,0,0,0,0,0,1,1
732,0.09268774,0,732,Not eroded,0,0,0,0,0,0,1,1,1,1,1
733,0.2402819,4,733,Not eroded,0,1,1,1,1,0,0,0,0,1,1
734,0.07656121,2,734,Not eroded,0,0,0,0,0,0,1,0,1,1,1
735,0.2266641,5,735,Not eroded,0,1,1,0,0,0,0,0,0,0,1
736,0.05939282,4,736,Not eroded,0,0,0,0,0,0,0,0,0,1,1
737,0.1940029,0,737,Not eroded,0,1,0,0,0,0,1,1,1,1,1
738,0.1107676,4,738,Not eroded,0,0,0,0,0,0,0,0,0,1,1
739,0.2910113,0,739,ERODED,1,1,1,1,1,1,1,1,1,1,1
740,0.2192215,0,740,Not eroded,0,1,0,0,0,0,1,1,1,1,1
742,0.08726811,4,742,Not eroded,0,0,0,0,0,0,0,0,0,1,1
743,0.2230383,0,743,Not eroded,0,1,1,0,0,0,1,1,1,1,1
745,0.3085709,0,745,ERODED,1,1,1,1,1,1,1,1,1,1,1
746,0.05649029,0,746,Not eroded,0,0,0,0,0,0,1,1,1,1,1
747,0.253709,0,747,Not eroded,0,1,1,1,1,1,1,1,1,1,1
748,0.2451565,0,748,Not eroded,0,1,1,1,1,0,1,1,1,1,1
749,0.2099495,4,749,Not eroded,0,1,0,0,0,0,0,0,0,1,1
750,0.2927799,4,750,Not eroded,0,1,1,1,1,1,0,0,0,1,1
751,0.06802368,5,751,Not eroded,0,0,0,0,0,0,0,0,0,0,1
752,0.05625337,3,752,Not eroded,0,0,0,0,0,0,1,0,0,1,1
753,0.2558038,3,753,Not eroded,0,1,1,1,1,1,1,0,0,1,1
754,0.2764897,5,754,Not eroded,0,1,1,1,1,1,0,0,0,0,1
755,0.05638227,0,755,Not eroded,0,0,0,0,0,0,1,1,1,1,1
756,0.2402011,5,756,Not eroded,0,1,1,1,1,0,0,0,0,0,1
757,0.09200006,4,757,Not eroded,0,0,0,0,0,0,0,0,0,1,1
758,0.2292126,4,758,Not eroded,0,1,1,0,0,0,0,0,0,1,1
759,0.1082912,6,759,Not eroded,0,0,0,0,0,0,0,0,0,0,0
760,0.2563013,4,760,Not eroded,0,1,1,1,1,1,0,0,0,1,1
761,0.09200951,3,761,Not eroded,0,0,0,0,0,0,1,0,0,1,1
762,0.1058807,0,762,Not eroded,0,0,0,0,0,0,1,1,1,1,1
763,0.06492154,4,763,Not eroded,0,0,0,0,0,0,0,0,0,1,1
764,0.08118223,4,764,Not eroded,0,0,0,0,0,0,0,0,0,1,1
765,0.1821795,5,765,Not eroded,0,0,0,0,0,0,0,0,0,0,1
766,0.2224952,4,766,Not eroded,0,1,1,0,0,0,0,0,0,1,1
767,0.2292328,1,767,Not eroded,0,1,1,0,0,0,1,1,1,1,1
769,0.06705993,4,769,Not eroded,0,0,0,0,0,0,0,0,0,1,1
770,0.06995791,4,770,Not eroded,0,0,0,0,0,0,0,0,0,1,1
771,0.1023487,4,771,Not eroded,0,0,0,0,0,0,0,0,0,1,1
772,0.2624024,0,772,Not eroded,0,1,1,1,1,1,1,1,1,1,1
773,0.2444863,3,773,Not eroded,0,1,1,1,1,0,1,0,0,1,1
774,0.09036202,3,774,Not eroded,0,0,0,0,0,0,1,0,0,1,1
775,0.2308017,6,775,Not eroded,0,1,1,1,0,0,0,0,0,0,0
776,0.09349697,5,776,Not eroded,0,0,0,0,0,0,0,0,0,0,1
777,0.1792841,5,777,Not eroded,0,0,0,0,0,0,0,0,0,0,1
778,0.2946224,0,778,ERODED,1,1,1,1,1,1,1,1,1,1,1
779,0.2384595,4,779,Not eroded,0,1,1,1,0,0,0,0,0,1,1
780,0.2830687,4,780,Not eroded,0,1,1,1,1,1,0,0,0,1,1
781,0.1798662,4,781,Not eroded,0,0,0,0,0,0,0,0,0,1,1
782,0.056271,4,782,Not eroded,0,0,0,0,0,0,0,0,0,1,1
783,0.1832198,4,783,Not eroded,0,0,0,0,0,0,0,0,0,1,1
784,0.1831193,0,784,Not eroded,0,0,0,0,0,0,1,1,1,1,1
786,0.2780432,4,786,Not eroded,0,1,1,1,1,1,0,0,0,1,1
787,0.08201245,3,787,Not eroded,0,0,0,0,0,0,1,0,0,1,1
788,0.1265744,0,788,Not eroded,0,0,0,0,0,0,1,1,1,1,1
789,0.1881798,6,789,Not eroded,0,0,0,0,0,0,0,0,0,0,0
790,0.2878031,0,790,ERODED,1,1,1,1,1,1,1,1,1,1,1
791,0.3201914,0,791,ERODED,1,1,1,1,1,1,1,1,1,1,1
792,0.1377674,3,792,Not eroded,0,0,0,0,0,0,1,0,0,1,1
793,0.2115781,2,793,Not eroded,0,1,0,0,0,0,1,0,1,1,1
794,0.1479094,5,794,Not eroded,0,0,0,0,0,0,0,0,0,0,1
795,0.09069777,3,795,Not eroded,0,0,0,0,0,0,1,0,0,1,1
796,0.2914831,0,796,ERODED,1,1,1,1,1,1,1,1,1,1,1
798,0.15375,5,798,Not eroded,0,0,0,0,0,0,0,0,0,0,1
799,0.3255137,0,799,ERODED,1,1,1,1,1,1,1,1,1,1,1
800,0.08307166,4,800,Not eroded,0,0,0,0,0,0,0,0,0,1,1
801,0.2970391,0,801,ERODED,1,1,1,1,1,1,1,1,1,1,1
802,0.1758855,5,802,Not eroded,0,0,0,0,0,0,0,0,0,0,1
803,0.2607896,2,803,Not eroded,0,1,1,1,1,1,1,0,1,1,1
804,0.1082159,4,804,Not eroded,0,0,0,0,0,0,0,0,0,1,1
805,0.09415579,5,805,Not eroded,0,0,0,0,0,0,0,0,0,0,1
806,0.1464823,5,806,Not eroded,0,0,0,0,0,0,0,0,0,0,1
807,0.1740937,4,807,Not eroded,0,0,0,0,0,0,0,0,0,1,1
808,0.1150591,4,808,Not eroded,0,0,0,0,0,0,0,0,0,1,1
809,0.1840835,3,809,Not eroded,0,0,0,0,0,0,1,0,0,1,1
810,0.2281604,0,810,Not eroded,0,1,1,0,0,0,1,1,1,1,1
811,0.3154037,0,811,ERODED,1,1,1,1,1,1,1,1,1,1,1
812,0.3077273,0,812,ERODED,1,1,1,1,1,1,1,1,1,1,1
813,0.1415863,7,813,Not eroded,0,0,0,0,0,0,0,0,0,0,0
814,0.2483788,0,814,Not eroded,0,1,1,1,1,0,1,1,1,1,1
815,0.3250086,0,815,Not eroded,0,1,1,1,1,1,1,1,1,1,1
816,0.2434741,4,816,Not eroded,0,1,1,1,1,0,0,0,0,1,1
817,0.2454833,0,817,Not eroded,0,1,1,1,1,0,1,1,1,1,1
818,0.1402795,3,818,Not eroded,0,0,0,0,0,0,1,0,0,1,1
819,0.3255008,0,819,ERODED,1,1,1,1,1,1,1,1,1,1,1
820,0.1632567,4,820,Not eroded,0,0,0,0,0,0,0,0,0,1,1
821,0.2123852,3,821,Not eroded,0,1,0,0,0,0,1,0,0,1,1
822,0.107459,4,822,Not eroded,0,0,0,0,0,0,0,0,0,1,1
823,0.150997,7,823,Not eroded,0,0,0,0,0,0,0,0,0,0,0
824,0.2581097,4,824,Not eroded,0,1,1,1,1,1,0,0,0,1,1
825,0.1161486,5,825,Not eroded,0,0,0,0,0,0,0,0,0,0,1
826,0.2852729,5,826,Not eroded,0,1,1,1,1,1,0,0,0,0,1
827,0.3030085,0,827,ERODED,1,1,1,1,1,1,1,1,1,1,1
828,0.05980705,6,828,Not eroded,0,0,0,0,0,0,0,0,0,0,0
829,0.1191518,2,829,Not eroded,0,0,0,0,0,0,1,0,1,1,1
831,0.1351122,6,831,Not eroded,0,0,0,0,0,0,0,0,0,0,0
832,0.1778778,0,832,Not eroded,0,0,0,0,0,0,1,1,1,1,1
833,0.1479563,3,833,Not eroded,0,0,0,0,0,0,1,0,0,1,1
834,0.1610224,6,834,Not eroded,0,0,0,0,0,0,0,0,0,0,0
835,0.1892407,3,835,Not eroded,0,0,0,0,0,0,1,0,0,1,1
836,0.2282966,4,836,Not eroded,0,1,1,0,0,0,0,0,0,1,1
837,0.1720153,3,837,Not eroded,0,0,0,0,0,0,1,0,0,1,1
838,0.2296472,4,838,ERODED,1,1,1,0,0,0,0,0,0,1,1
839,0.3230258,0,839,ERODED,1,1,1,1,1,1,1,1,1,1,1
840,0.2117832,4,840,Not eroded,0,1,0,0,0,0,0,0,0,1,1
841,0.1801148,5,841,Not eroded,0,0,0,0,0,0,0,0,0,0,1
842,0.0589348,3,842,Not eroded,0,0,0,0,0,0,1,0,0,1,1
843,0.137173,5,843,Not eroded,0,0,0,0,0,0,0,0,0,0,1
844,0.1481988,3,844,Not eroded,0,0,0,0,0,0,1,0,0,1,1
846,0.2060657,3,846,Not eroded,0,1,0,0,0,0,1,0,0,1,1
847,0.1310598,4,847,Not eroded,0,0,0,0,0,0,0,0,0,1,1
848,0.2269979,4,848,Not eroded,0,1,1,0,0,0,0,0,0,1,1
849,0.2924536,0,849,ERODED,1,1,1,1,1,1,1,1,1,1,1
850,0.1152707,5,850,Not eroded,0,0,0,0,0,0,0,0,0,0,1
851,0.1465452,0,851,Not eroded,0,0,0,0,0,0,1,1,1,1,1
852,0.2418435,3,852,Not eroded,0,1,1,1,1,0,1,0,0,1,1
853,0.07669039,5,853,Not eroded,0,0,0,0,0,0,0,0,0,0,1
854,0.2555624,3,854,Not eroded,0,1,1,1,1,1,1,0,0,1,1
855,0.1437601,2,855,Not eroded,0,0,0,0,0,0,1,0,1,1,1
856,0.05617816,4,856,Not eroded,0,0,0,0,0,0,0,0,0,1,1
857,0.2817588,5,857,Not eroded,0,1,1,1,1,1,0,0,0,0,1
858,0.1369783,4,858,Not eroded,0,0,0,0,0,0,0,0,0,1,1
859,0.1559224,3,859,Not eroded,0,0,0,0,0,0,1,0,0,1,1
860,0.2901391,0,860,Not eroded,0,1,1,1,1,1,1,1,1,1,1
861,0.1130471,3,861,Not eroded,0,0,0,0,0,0,1,0,0,1,1
862,0.1310134,5,862,Not eroded,0,0,0,0,0,0,0,0,0,0,1
863,0.2419993,0,863,ERODED,1,1,1,1,1,0,1,1,1,1,1
864,0.1711351,5,864,Not eroded,0,0,0,0,0,0,0,0,0,0,1
865,0.1707277,3,865,Not eroded,0,0,0,0,0,0,1,0,0,1,1
866,0.05626981,3,866,Not eroded,0,0,0,0,0,0,1,0,0,1,1
867,0.2879164,3,867,ERODED,1,1,1,1,1,1,1,0,0,1,1
868,0.2241496,0,868,Not eroded,0,1,1,0,0,0,1,1,1,1,1
869,0.2377393,3,869,Not eroded,0,1,1,1,0,0,1,0,0,1,1
870,0.06822394,7,870,Not eroded,0,0,0,0,0,0,0,0,0,0,0
871,0.2326539,5,871,Not eroded,0,1,1,1,0,0,0,0,0,0,1
873,0.1439045,5,873,Not eroded,0,0,0,0,0,0,0,0,0,0,1
874,0.2187244,4,874,Not eroded,0,1,0,0,0,0,0,0,0,1,1
875,0.1750469,0,875,Not eroded,0,0,0,0,0,0,1,1,1,1,1
876,0.14024,0,876,Not eroded,0,0,0,0,0,0,1,1,1,1,1
877,0.2548486,4,877,Not eroded,0,1,1,1,1,1,0,0,0,1,1
878,0.123189,4,878,Not eroded,0,0,0,0,0,0,0,0,0,1,1
879,0.0645203,4,879,Not eroded,0,0,0,0,0,0,0,0,0,1,1
880,0.2040828,0,880,Not eroded,0,1,0,0,0,0,1,1,1,1,1
881,0.06853694,4,881,Not eroded,0,0,0,0,0,0,0,0,0,1,1
882,0.2232618,0,882,Not eroded,0,1,1,0,0,0,1,1,1,1,1
883,0.1974642,5,883,Not eroded,0,1,0,0,0,0,0,0,0,0,1
884,0.2925369,7,884,Not eroded,0,1,1,1,1,1,0,0,0,0,0
885,0.2866728,5,885,Not eroded,0,1,1,1,1,1,0,0,0,0,1
886,0.2442324,3,886,Not eroded,0,1,1,1,1,0,1,0,0,1,1
887,0.179765,5,887,Not eroded,0,0,0,0,0,0,0,0,0,0,1
888,0.2274569,0,888,Not eroded,0,1,1,0,0,0,1,1,1,1,1
889,0.1813249,0,889,Not eroded,0,0,0,0,0,0,1,1,1,1,1
890,0.1049379,4,890,Not eroded,0,0,0,0,0,0,0,0,0,1,1
891,0.05678671,0,891,Not eroded,0,0,0,0,0,0,1,1,1,1,1
892,0.0964087,2,892,Not eroded,0,0,0,0,0,0,1,0,1,1,1
893,0.2315844,2,893,Not eroded,0,1,1,1,0,0,1,0,1,1,1
894,0.09883262,4,894,Not eroded,0,0,0,0,0,0,0,0,0,1,1
895,0.2650453,4,895,Not eroded,0,1,1,1,1,1,0,0,0,1,1
896,0.333845,0,896,ERODED,1,1,1,1,1,1,1,1,1,1,1
897,0.06621892,2,897,Not eroded,0,0,0,0,0,0,1,0,1,1,1
898,0.1940805,0,898,Not eroded,0,1,0,0,0,0,1,1,1,1,1
899,0.2210264,4,899,Not eroded,0,1,1,0,0,0,0,0,0,1,1
900,0.2090739,3,900,Not eroded,0,1,0,0,0,0,1,0,0,1,1
901,0.1775882,4,901,Not eroded,0,0,0,0,0,0,0,0,0,1,1
902,0.202995,0,902,Not eroded,0,1,0,0,0,0,1,1,1,1,1
903,0.09719305,4,903,Not eroded,0,0,0,0,0,0,0,0,0,1,1
904,0.1305814,0,904,Not eroded,0,0,0,0,0,0,1,1,1,1,1
905,0.09016843,5,905,Not eroded,0,0,0,0,0,0,0,0,0,0,1
906,0.1874149,4,906,Not eroded,0,0,0,0,0,0,0,0,0,1,1
907,0.2187645,0,907,Not eroded,0,1,0,0,0,0,1,1,1,1,1
908,0.2147476,5,908,Not eroded,0,1,0,0,0,0,0,0,0,0,1
909,0.1352134,4,909,Not eroded,0,0,0,0,0,0,0,0,0,1,1
910,0.1240811,4,910,Not eroded,0,0,0,0,0,0,0,0,0,1,1
911,0.2228653,0,911,Not eroded,0,1,1,0,0,0,1,1,1,1,1
912,0.130739,5,912,Not eroded,0,0,0,0,0,0,0,0,0,0,1
913,0.244634,4,913,Not eroded,0,1,1,1,1,0,0,0,0,1,1
914,0.1395764,0,914,Not eroded,0,0,0,0,0,0,1,1,1,1,1
915,0.1366,0,915,Not eroded,0,0,0,0,0,0,1,1,1,1,1
916,0.05719249,3,916,Not eroded,0,0,0,0,0,0,1,0,0,1,1
917,0.1760292,0,917,Not eroded,0,0,0,0,0,0,1,1,1,1,1
918,0.05618898,2,918,Not eroded,0,0,0,0,0,0,1,0,1,1,1
919,0.1861634,5,919,Not eroded,0,0,0,0,0,0,0,0,0,0,1
920,0.08869331,4,920,Not eroded,0,0,0,0,0,0,0,0,0,1,1
921,0.3282406,0,921,ERODED,1,1,1,1,1,1,1,1,1,1,1
922,0.2643485,5,922,Not eroded,0,1,1,1,1,1,0,0,0,0,1
923,0.08425025,0,923,Not eroded,0,0,0,0,0,0,1,1,1,1,1
924,0.3173741,0,924,ERODED,1,1,1,1,1,1,1,1,1,1,1
925,0.09200929,3,925,Not eroded,0,0,0,0,0,0,1,0,0,1,1
926,0.1378239,0,926,Not eroded,0,0,0,0,0,0,1,1,1,1,1
927,0.1388104,4,927,Not eroded,0,0,0,0,0,0,0,0,0,1,1
928,0.1828345,0,928,Not eroded,0,0,0,0,0,0,1,1,1,1,1
929,0.2695445,0,929,ERODED,1,1,1,1,1,1,1,1,1,1,1
931,0.1793924,4,931,Not eroded,0,0,0,0,0,0,0,0,0,1,1
932,0.2263597,4,932,Not eroded,0,1,1,0,0,0,0,0,0,1,1
933,0.1451478,2,933,Not eroded,0,0,0,0,0,0,1,0,1,1,1
934,0.3277497,0,934,ERODED,1,1,1,1,1,1,1,1,1,1,1
935,0.05625922,3,935,Not eroded,0,0,0,0,0,0,1,0,0,1,1
936,0.2568311,0,936,Not eroded,0,1,1,1,1,1,1,1,1,1,1
937,0.1774166,5,937,Not eroded,0,0,0,0,0,0,0,0,0,0,1
938,0.06500065,5,938,Not eroded,0,0,0,0,0,0,0,0,0,0,1
939,0.2031955,3,939,Not eroded,0,1,0,0,0,0,1,0,0,1,1
941,0.1633765,0,941,Not eroded,0,0,0,0,0,0,1,1,1,1,1
942,0.2565636,4,942,Not eroded,0,1,1,1,1,1,0,0,0,1,1
943,0.2744939,4,943,Not eroded,0,1,1,1,1,1,0,0,0,1,1
944,0.1086662,4,944,Not eroded,0,0,0,0,0,0,0,0,0,1,1
945,0.3123157,0,945,ERODED,1,1,1,1,1,1,1,1,1,1,1
946,0.1423789,4,946,Not eroded,0,0,0,0,0,0,0,0,0,1,1
947,0.08851759,3,947,Not eroded,0,0,0,0,0,0,1,0,0,1,1
948,0.1545972,6,948,Not eroded,0,0,0,0,0,0,0,0,0,0,0
949,0.2731264,3,949,Not eroded,0,1,1,1,1,1,1,0,0,1,1
950,0.1146103,5,950,Not eroded,0,0,0,0,0,0,0,0,0,0,1
951,0.0753056,5,951,Not eroded,0,0,0,0,0,0,0,0,0,0,1
952,0.08861854,6,952,Not eroded,0,0,0,0,0,0,0,0,0,0,0
954,0.2375868,4,954,Not eroded,0,1,1,1,0,0,0,0,0,1,1
955,0.2993557,4,955,Not eroded,0,1,1,1,1,1,0,0,0,1,1
956,0.1718004,5,956,Not eroded,0,0,0,0,0,0,0,0,0,0,1
957,0.101212,0,957,Not eroded,0,0,0,0,0,0,1,1,1,1,1
958,0.1408246,0,958,Not eroded,0,0,0,0,0,0,1,1,1,1,1
959,0.1577677,3,959,Not eroded,0,0,0,0,0,0,1,0,0,1,1
960,0.07448002,4,960,Not eroded,0,0,0,0,0,0,0,0,0,1,1
961,0.25481,0,961,Not eroded,0,1,1,1,1,1,1,1,1,1,1
962,0.2288109,4,962,ERODED,1,1,1,0,0,0,0,0,0,1,1
963,0.1804354,5,963,Not eroded,0,0,0,0,0,0,0,0,0,0,1
965,0.164183,3,965,Not eroded,0,0,0,0,0,0,1,0,0,1,1
966,0.2337599,4,966,Not eroded,0,1,1,1,0,0,0,0,0,1,1
967,0.1881319,6,967,Not eroded,0,0,0,0,0,0,0,0,0,0,0
968,0.1379675,4,968,Not eroded,0,0,0,0,0,0,0,0,0,1,1
969,0.1372468,4,969,Not eroded,0,0,0,0,0,0,0,0,0,1,1
970,0.08765682,6,970,Not eroded,0,0,0,0,0,0,0,0,0,0,0
972,0.31633,0,972,ERODED,1,1,1,1,1,1,1,1,1,1,1
973,0.06874623,4,973,Not eroded,0,0,0,0,0,0,0,0,0,1,1
974,0.1539685,5,974,Not eroded,0,0,0,0,0,0,0,0,0,0,1
975,0.05626652,2,975,Not eroded,0,0,0,0,0,0,1,0,1,1,1
976,0.2981745,0,976,ERODED,1,1,1,1,1,1,1,1,1,1,1
977,0.1551967,5,977,Not eroded,0,0,0,0,0,0,0,0,0,0,1
978,0.2257327,3,978,Not eroded,0,1,1,0,0,0,1,0,0,1,1
980,0.1397557,6,980,Not eroded,0,0,0,0,0,0,0,0,0,0,0
981,0.05623348,3,981,Not eroded,0,0,0,0,0,0,1,0,0,1,1
982,0.09238878,0,982,Not eroded,0,0,0,0,0,0,1,1,1,1,1
983,0.0659811,3,983,Not eroded,0,0,0,0,0,0,1,0,0,1,1
984,0.1429838,4,984,Not eroded,0,0,0,0,0,0,0,0,0,1,1
985,0.2289631,4,985,ERODED,1,1,1,0,0,0,0,0,0,1,1
986,0.1599865,6,986,Not eroded,0,0,0,0,0,0,0,0,0,0,0
987,0.1104289,3,987,Not eroded,0,0,0,0,0,0,1,0,0,1,1
988,0.1508618,3,988,Not eroded,0,0,0,0,0,0,1,0,0,1,1
989,0.185936,7,989,Not eroded,0,0,0,0,0,0,0,0,0,0,0
990,0.2015974,6,990,Not eroded,0,1,0,0,0,0,0,0,0,0,0
991,0.1079217,3,991,Not eroded,0,0,0,0,0,0,1,0,0,1,1
992,0.2248284,0,992,Not eroded,0,1,1,0,0,0,1,1,1,1,1
993,0.06476605,5,993,Not eroded,0,0,0,0,0,0,0,0,0,0,1
995,0.1170369,5,995,Not eroded,0,0,0,0,0,0,0,0,0,0,1
996,0.08494129,5,996,Not eroded,0,0,0,0,0,0,0,0,0,0,1
997,0.2913416,5,997,Not eroded,0,1,1,1,1,1,0,0,0,0,1
998,0.1907208,5,998,Not eroded,0,1,0,0,0,0,0,0,0,0,1
999,0.06422169,6,999,Not eroded,0,0,0,0,0,0,0,0,0,0,0
1000,0.2246423,0,1000,Not eroded,0,1,1,0,0,0,1,1,1,1,1
1001,0.2406105,3,1001,Not eroded,0,1,1,1,1,0,1,0,0,1,1
1002,0.2415002,4,1002,Not eroded,0,1,1,1,1,0,0,0,0,1,1
1003,0.08766403,3,1003,Not eroded,0,0,0,0,0,0,1,0,0,1,1
1004,0.1414425,7,1004,Not eroded,0,0,0,0,0,0,0,0,0,0,0
1005,0.2478628,5,1005,Not eroded,0,1,1,1,1,0,0,0,0,0,1
1006,0.2800955,4,1006,Not eroded,0,1,1,1,1,1,0,0,0,1,1
1007,0.1417505,3,1007,Not eroded,0,0,0,0,0,0,1,0,0,1,1
1008,0.3086306,0,1008,ERODED,1,1,1,1,1,1,1,1,1,1,1
1009,0.1207803,0,1009,Not eroded,0,0,0,0,0,0,1,1,1,1,1
1010,0.303011,0,1010,Not eroded,0,1,1,1,1,1,1,1,1,1,1
1012,0.2431989,6,1012,Not eroded,0,1,1,1,1,0,0,0,0,0,0
1015,0.2388452,3,1015,Not eroded,0,1,1,1,0,0,1,0,0,1,1
1017,0.07379383,0,1017,Not eroded,0,0,0,0,0,0,1,1,1,1,1
1018,0.2665405,4,1018,Not eroded,0,1,1,1,1,1,0,0,0,1,1
1021,0.1155074,4,1021,Not eroded,0,0,0,0,0,0,0,0,0,1,1
1022,0.2572293,0,1022,Not eroded,0,1,1,1,1,1,1,1,1,1,1
1023,0.105553,5,1023,Not eroded,0,0,0,0,0,0,0,0,0,0,1
1024,0.3256055,0,1024,ERODED,1,1,1,1,1,1,1,1,1,1,1
1025,0.2248621,4,1025,Not eroded,0,1,1,0,0,0,0,0,0,1,1
1026,0.2733413,2,1026,Not eroded,0,1,1,1,1,1,1,0,1,1,1
1027,0.2978287,4,1027,Not eroded,0,1,1,1,1,1,0,0,0,1,1
1028,0.08029074,0,1028,Not eroded,0,0,0,0,0,0,1,1,1,1,1
1029,0.2222139,4,1029,Not eroded,0,1,1,0,0,0,0,0,0,1,1
1031,0.2113896,4,1031,Not eroded,0,1,0,0,0,0,0,0,0,1,1
1033,0.1194719,2,1033,Not eroded,0,0,0,0,0,0,1,0,1,1,1
1034,0.1974722,4,1034,Not eroded,0,1,0,0,0,0,0,0,0,1,1
1035,0.2028828,0,1035,Not eroded,0,1,0,0,0,0,1,1,1,1,1
1036,0.1011774,6,1036,Not eroded,0,0,0,0,0,0,0,0,0,0,0
1037,0.07529209,0,1037,Not eroded,0,0,0,0,0,0,1,1,1,1,1
1038,0.1750293,3,1038,Not eroded,0,0,0,0,0,0,1,0,0,1,1
1039,0.291391,0,1039,ERODED,1,1,1,1,1,1,1,1,1,1,1
1040,0.1604601,0,1040,Not eroded,0,0,0,0,0,0,1,1,1,1,1
1041,0.1953462,4,1041,Not eroded,0,1,0,0,0,0,0,0,0,1,1
1042,0.1380959,3,1042,Not eroded,0,0,0,0,0,0,1,0,0,1,1
1043,0.1517695,5,1043,Not eroded,0,0,0,0,0,0,0,0,0,0,1
1044,0.1037733,3,1044,Not eroded,0,0,0,0,0,0,1,0,0,1,1
1045,0.2566649,4,1045,Not eroded,0,1,1,1,1,1,0,0,0,1,1
1046,0.05626734,3,1046,Not eroded,0,0,0,0,0,0,1,0,0,1,1
1047,0.2090039,0,1047,Not eroded,0,1,0,0,0,0,1,1,1,1,1
1048,0.1003244,4,1048,Not eroded,0,0,0,0,0,0,0,0,0,1,1
1049,0.05699756,3,1049,Not eroded,0,0,0,0,0,0,1,0,0,1,1
1050,0.2438687,4,1050,Not eroded,0,1,1,1,1,0,0,0,0,1,1
1051,0.1571486,0,1051,Not eroded,0,0,0,0,0,0,1,1,1,1,1
1052,0.1573889,3,1052,Not eroded,0,0,0,0,0,0,1,0,0,1,1
1054,0.1792356,7,1054,Not eroded,0,0,0,0,0,0,0,0,0,0,0
1055,0.07540533,5,1055,Not eroded,0,0,0,0,0,0,0,0,0,0,1
1056,0.2819909,6,1056,Not eroded,0,1,1,1,1,1,0,0,0,0,0
1057,0.07596991,4,1057,Not eroded,0,0,0,0,0,0,0,0,0,1,1
1058,0.3146672,0,1058,ERODED,1,1,1,1,1,1,1,1,1,1,1
1059,0.07380188,3,1059,Not eroded,0,0,0,0,0,0,1,0,0,1,1
1060,0.1188258,4,1060,Not eroded,0,0,0,0,0,0,0,0,0,1,1
1062,0.1132909,0,1062,Not eroded,0,0,0,0,0,0,1,1,1,1,1
1063,0.1769034,4,1063,Not eroded,0,0,0,0,0,0,0,0,0,1,1
1064,0.2541785,4,1064,Not eroded,0,1,1,1,1,1,0,0,0,1,1
1065,0.05670686,4,1065,Not eroded,0,0,0,0,0,0,0,0,0,1,1
1067,0.1729788,3,1067,Not eroded,0,0,0,0,0,0,1,0,0,1,1
1069,0.2513506,4,1069,Not eroded,0,1,1,1,1,1,0,0,0,1,1
1070,0.2180547,0,1070,Not eroded,0,1,0,0,0,0,1,1,1,1,1
1071,0.06513122,5,1071,Not eroded,0,0,0,0,0,0,0,0,0,0,1
1072,0.1051456,4,1072,Not eroded,0,0,0,0,0,0,0,0,0,1,1
1073,0.2195312,4,1073,Not eroded,0,1,0,0,0,0,0,0,0,1,1
1074,0.08841359,6,1074,Not eroded,0,0,0,0,0,0,0,0,0,0,0
1075,0.1436168,3,1075,Not eroded,0,0,0,0,0,0,1,0,0,1,1
1076,0.1789376,3,1076,Not eroded,0,0,0,0,0,0,1,0,0,1,1
1077,0.2134792,4,1077,Not eroded,0,1,0,0,0,0,0,0,0,1,1
1078,0.2566555,0,1078,Not eroded,0,1,1,1,1,1,1,1,1,1,1
1079,0.2868592,4,1079,Not eroded,0,1,1,1,1,1,0,0,0,1,1
1080,0.1519589,7,1080,Not eroded,0,0,0,0,0,0,0,0,0,0,0
1081,0.06702632,2,1081,Not eroded,0,0,0,0,0,0,1,0,1,1,1
1082,0.06996039,0,1082,Not eroded,0,0,0,0,0,0,1,1,1,1,1
1083,0.2168771,0,1083,Not eroded,0,1,0,0,0,0,1,1,1,1,1
1084,0.2275096,5,1084,Not eroded,0,1,1,0,0,0,0,0,0,0,1
1085,0.1629781,0,1085,Not eroded,0,0,0,0,0,0,1,1,1,1,1
1086,0.2726498,0,1086,Not eroded,0,1,1,1,1,1,1,1,1,1,1
1088,0.09547975,2,1088,Not eroded,0,0,0,0,0,0,1,0,1,1,1
1089,0.209365,4,1089,Not eroded,0,1,0,0,0,0,0,0,0,1,1
1090,0.1872149,0,1090,Not eroded,0,0,0,0,0,0,1,1,1,1,1
1091,0.2060847,0,1091,Not eroded,0,1,0,0,0,0,1,1,1,1,1
1092,0.08973771,3,1092,Not eroded,0,0,0,0,0,0,1,0,0,1,1
1093,0.203877,3,1093,Not eroded,0,1,0,0,0,0,1,0,0,1,1
1094,0.1708574,6,1094,Not eroded,0,0,0,0,0,0,0,0,0,0,0
1095,0.2717573,0,1095,Not eroded,0,1,1,1,1,1,1,1,1,1,1
1096,0.2577744,7,1096,Not eroded,0,1,1,1,1,1,0,0,0,0,0
1097,0.08253479,4,1097,Not eroded,0,0,0,0,0,0,0,0,0,1,1
1099,0.1686121,0,1099,Not eroded,0,0,0,0,0,0,1,1,1,1,1
1100,0.2303592,5,1100,Not eroded,0,1,1,1,0,0,0,0,0,0,1
1101,0.2982985,0,1101,ERODED,1,1,1,1,1,1,1,1,1,1,1
1102,0.1001462,4,1102,Not eroded,0,0,0,0,0,0,0,0,0,1,1
1104,0.06714176,4,1104,Not eroded,0,0,0,0,0,0,0,0,0,1,1
1105,0.3253654,0,1105,ERODED,1,1,1,1,1,1,1,1,1,1,1
1106,0.1055384,3,1106,Not eroded,0,0,0,0,0,0,1,0,0,1,1
1107,0.2257843,0,1107,Not eroded,0,1,1,0,0,0,1,1,1,1,1
1109,0.225625,4,1109,Not eroded,0,1,1,0,0,0,0,0,0,1,1
1110,0.08280494,5,1110,Not eroded,0,0,0,0,0,0,0,0,0,0,1
1111,0.3249792,0,1111,ERODED,1,1,1,1,1,1,1,1,1,1,1
1112,0.1212643,0,1112,Not eroded,0,0,0,0,0,0,1,1,1,1,1
1114,0.05622184,4,1114,Not eroded,0,0,0,0,0,0,0,0,0,1,1
1115,0.2584461,0,1115,Not eroded,0,1,1,1,1,1,1,1,1,1,1
1116,0.118718,4,1116,Not eroded,0,0,0,0,0,0,0,0,0,1,1
1117,0.181998,6,1117,Not eroded,0,0,0,0,0,0,0,0,0,0,0
1118,0.2474074,0,1118,Not eroded,0,1,1,1,1,0,1,1,1,1,1
1119,0.1608655,0,1119,Not eroded,0,0,0,0,0,0,1,1,1,1,1
1120,0.09911574,3,1120,Not eroded,0,0,0,0,0,0,1,0,0,1,1
1121,0.09693859,6,1121,Not eroded,0,0,0,0,0,0,0,0,0,0,0
1122,0.1369747,4,1122,Not eroded,0,0,0,0,0,0,0,0,0,1,1
1124,0.2171034,0,1124,Not eroded,0,1,0,0,0,0,1,1,1,1,1
1125,0.05622305,4,1125,Not eroded,0,0,0,0,0,0,0,0,0,1,1
1126,0.1921784,5,1126,Not eroded,0,1,0,0,0,0,0,0,0,0,1
1127,0.1835,0,1127,Not eroded,0,0,0,0,0,0,1,1,1,1,1
1128,0.1369926,0,1128,Not eroded,0,0,0,0,0,0,1,1,1,1,1
1129,0.09854671,0,1129,Not eroded,0,0,0,0,0,0,1,1,1,1,1
1130,0.3119251,0,1130,ERODED,1,1,1,1,1,1,1,1,1,1,1
1131,0.2895668,0,1131,ERODED,1,1,1,1,1,1,1,1,1,1,1
1132,0.05627001,3,1132,Not eroded,0,0,0,0,0,0,1,0,0,1,1
1133,0.2188326,5,1133,Not eroded,0,1,0,0,0,0,0,0,0,0,1
1134,0.1021511,0,1134,Not eroded,0,0,0,0,0,0,1,1,1,1,1
1135,0.05672319,3,1135,Not eroded,0,0,0,0,0,0,1,0,0,1,1
1136,0.08319393,3,1136,Not eroded,0,0,0,0,0,0,1,0,0,1,1
1137,0.1027119,4,1137,Not eroded,0,0,0,0,0,0,0,0,0,1,1
1138,0.2800087,0,1138,Not eroded,0,1,1,1,1,1,1,1,1,1,1
1139,0.05622572,4,1139,Not eroded,0,0,0,0,0,0,0,0,0,1,1
1140,0.09472705,4,1140,Not eroded,0,0,0,0,0,0,0,0,0,1,1
1141,0.0621727,5,1141,Not eroded,0,0,0,0,0,0,0,0,0,0,1
1142,0.226931,3,1142,Not eroded,0,1,1,0,0,0,1,0,0,1,1
1143,0.2462944,4,1143,Not eroded,0,1,1,1,1,0,0,0,0,1,1
1144,0.1819216,4,1144,Not eroded,0,0,0,0,0,0,0,0,0,1,1
1145,0.09189649,5,1145,Not eroded,0,0,0,0,0,0,0,0,0,0,1
1147,0.2719991,0,1147,ERODED,1,1,1,1,1,1,1,1,1,1,1
1148,0.2047599,5,1148,Not eroded,0,1,0,0,0,0,0,0,0,0,1
1149,0.1466574,5,1149,Not eroded,0,0,0,0,0,0,0,0,0,0,1
1151,0.134359,4,1151,Not eroded,0,0,0,0,0,0,0,0,0,1,1
1152,0.06573962,3,1152,Not eroded,0,0,0,0,0,0,1,0,0,1,1
1153,0.0643594,6,1153,Not eroded,0,0,0,0,0,0,0,0,0,0,0
1154,0.2583683,0,1154,Not eroded,0,1,1,1,1,1,1,1,1,1,1
1155,0.1795077,3,1155,Not eroded,0,0,0,0,0,0,1,0,0,1,1
1156,0.1648015,5,1156,Not eroded,0,0,0,0,0,0,0,0,0,0,1
1157,0.1283764,3,1157,Not eroded,0,0,0,0,0,0,1,0,0,1,1
1158,0.1210394,4,1158,Not eroded,0,0,0,0,0,0,0,0,0,1,1
1160,0.1591279,3,1160,Not eroded,0,0,0,0,0,0,1,0,0,1,1
1161,0.1916831,4,1161,Not eroded,0,1,0,0,0,0,0,0,0,1,1
1162,0.1900885,4,1162,Not eroded,0,0,0,0,0,0,0,0,0,1,1
1163,0.09246575,0,1163,Not eroded,0,0,0,0,0,0,1,1,1,1,1
1164,0.3133637,0,1164,ERODED,1,1,1,1,1,1,1,1,1,1,1
1165,0.2234833,4,1165,Not eroded,0,1,1,0,0,0,0,0,0,1,1
1166,0.05691085,4,1166,Not eroded,0,0,0,0,0,0,0,0,0,1,1
1167,0.1051912,3,1167,Not eroded,0,0,0,0,0,0,1,0,0,1,1
1168,0.2920513,4,1168,Not eroded,0,1,1,1,1,1,0,0,0,1,1
1170,0.105565,5,1170,Not eroded,0,0,0,0,0,0,0,0,0,0,1
1171,0.05703476,0,1171,Not eroded,0,0,0,0,0,0,1,1,1,1,1
1172,0.1582993,0,1172,Not eroded,0,0,0,0,0,0,1,1,1,1,1
1175,0.2887967,0,1175,ERODED,1,1,1,1,1,1,1,1,1,1,1
1176,0.2211346,4,1176,Not eroded,0,1,1,0,0,0,0,0,0,1,1
1177,0.1790279,0,1177,Not eroded,0,0,0,0,0,0,1,1,1,1,1
1178,0.2629647,5,1178,Not eroded,0,1,1,1,1,1,0,0,0,0,1
1180,0.2302943,7,1180,Not eroded,0,1,1,1,0,0,0,0,0,0,0
1181,0.2759775,2,1181,Not eroded,0,1,1,1,1,1,1,0,1,1,1
1182,0.1898477,3,1182,Not eroded,0,0,0,0,0,0,1,0,0,1,1
1183,0.09210734,3,1183,Not eroded,0,0,0,0,0,0,1,0,0,1,1
1184,0.1638054,0,1184,Not eroded,0,0,0,0,0,0,1,1,1,1,1
1185,0.1132739,4,1185,Not eroded,0,0,0,0,0,0,0,0,0,1,1
1187,0.1227198,3,1187,Not eroded,0,0,0,0,0,0,1,0,0,1,1
1188,0.3175158,0,1188,ERODED,1,1,1,1,1,1,1,1,1,1,1
1189,0.1064032,4,1189,Not eroded,0,0,0,0,0,0,0,0,0,1,1
1190,0.1241773,6,1190,Not eroded,0,0,0,0,0,0,0,0,0,0,0
1191,0.2984428,4,1191,Not eroded,0,1,1,1,1,1,0,0,0,1,1
1192,0.05632409,0,1192,Not eroded,0,0,0,0,0,0,1,1,1,1,1
1193,0.2418269,0,1193,Not eroded,0,1,1,1,1,0,1,1,1,1,1
1194,0.09172263,5,1194,Not eroded,0,0,0,0,0,0,0,0,0,0,1
1195,0.3122929,0,1195,ERODED,1,1,1,1,1,1,1,1,1,1,1
1196,0.2865585,0,1196,ERODED,1,1,1,1,1,1,1,1,1,1,1
1197,0.1778283,3,1197,Not eroded,0,0,0,0,0,0,1,0,0,1,1
1198,0.2486588,5,1198,Not eroded,0,1,1,1,1,0,0,0,0,0,1
1199,0.07290704,5,1199,Not eroded,0,0,0,0,0,0,0,0,0,0,1
1200,0.1582586,6,1200,Not eroded,0,0,0,0,0,0,0,0,0,0,0
1201,0.2898351,0,1201,ERODED,1,1,1,1,1,1,1,1,1,1,1
1202,0.05627406,0,1202,Not eroded,0,0,0,0,0,0,1,1,1,1,1
1203,0.1314152,0,1203,Not eroded,0,0,0,0,0,0,1,1,1,1,1
1204,0.1108205,4,1204,Not eroded,0,0,0,0,0,0,0,0,0,1,1
1206,0.1307614,4,1206,Not eroded,0,0,0,0,0,0,0,0,0,1,1
1207,0.05627025,3,1207,Not eroded,0,0,0,0,0,0,1,0,0,1,1
1208,0.1577553,3,1208,Not eroded,0,0,0,0,0,0,1,0,0,1,1
1209,0.05615424,4,1209,Not eroded,0,0,0,0,0,0,0,0,0,1,1
1210,0.1336311,4,1210,Not eroded,0,0,0,0,0,0,0,0,0,1,1
1211,0.1510725,0,1211,Not eroded,0,0,0,0,0,0,1,1,1,1,1
1212,0.2017155,4,1212,Not eroded,0,1,0,0,0,0,0,0,0,1,1
1213,0.08148196,0,1213,Not eroded,0,0,0,0,0,0,1,1,1,1,1
1214,0.08936058,4,1214,Not eroded,0,0,0,0,0,0,0,0,0,1,1
1215,0.06509606,4,1215,Not eroded,0,0,0,0,0,0,0,0,0,1,1
1216,0.2408343,3,1216,Not eroded,0,1,1,1,1,0,1,0,0,1,1
1217,0.1266268,5,1217,Not eroded,0,0,0,0,0,0,0,0,0,0,1
1218,0.1014042,0,1218,Not eroded,0,0,0,0,0,0,1,1,1,1,1
1219,0.1300049,6,1219,Not eroded,0,0,0,0,0,0,0,0,0,0,0
1220,0.2972067,0,1220,Not eroded,0,1,1,1,1,1,1,1,1,1,1
1221,0.1638568,5,1221,Not eroded,0,0,0,0,0,0,0,0,0,0,1
1222,0.07190173,6,1222,Not eroded,0,0,0,0,0,0,0,0,0,0,0
1223,0.1967863,4,1223,Not eroded,0,1,0,0,0,0,0,0,0,1,1
1224,0.09777921,0,1224,Not eroded,0,0,0,0,0,0,1,1,1,1,1
1225,0.221842,5,1225,Not eroded,0,1,1,0,0,0,0,0,0,0,1
1226,0.1407067,3,1226,Not eroded,0,0,0,0,0,0,1,0,0,1,1
1227,0.2332437,0,1227,Not eroded,0,1,1,1,0,0,1,1,1,1,1
1228,0.3209991,0,1228,ERODED,1,1,1,1,1,1,1,1,1,1,1
1230,0.1957391,0,1230,Not eroded,0,1,0,0,0,0,1,1,1,1,1
1231,0.104751,5,1231,Not eroded,0,0,0,0,0,0,0,0,0,0,1
1232,0.2542356,0,1232,Not eroded,0,1,1,1,1,1,1,1,1,1,1
1233,0.2301285,6,1233,Not eroded,0,1,1,1,0,0,0,0,0,0,0
1234,0.2429494,3,1234,Not eroded,0,1,1,1,1,0,1,0,0,1,1
1235,0.3140433,0,1235,ERODED,1,1,1,1,1,1,1,1,1,1,1
1237,0.1185756,5,1237,Not eroded,0,0,0,0,0,0,0,0,0,0,1
1238,0.2671002,3,1238,Not eroded,0,1,1,1,1,1,1,0,0,1,1
1240,0.15949,7,1240,Not eroded,0,0,0,0,0,0,0,0,0,0,0
1241,0.1921449,0,1241,Not eroded,0,1,0,0,0,0,1,1,1,1,1
1242,0.2640005,3,1242,ERODED,1,1,1,1,1,1,1,0,0,1,1
1243,0.08271627,5,1243,Not eroded,0,0,0,0,0,0,0,0,0,0,1
1245,0.1382489,6,1245,Not eroded,0,0,0,0,0,0,0,0,0,0,0
1246,0.05625509,4,1246,Not eroded,0,0,0,0,0,0,0,0,0,1,1
1247,0.176503,0,1247,Not eroded,0,0,0,0,0,0,1,1,1,1,1
1248,0.2940088,0,1248,Not eroded,0,1,1,1,1,1,1,1,1,1,1
1249,0.1825429,4,1249,Not eroded,0,0,0,0,0,0,0,0,0,1,1
1250,0.2393686,5,1250,Not eroded,0,1,1,1,0,0,0,0,0,0,1
1251,0.2264811,0,1251,Not eroded,0,1,1,0,0,0,1,1,1,1,1
1252,0.2484573,0,1252,ERODED,1,1,1,1,1,0,1,1,1,1,1
1253,0.1127724,0,1253,Not eroded,0,0,0,0,0,0,1,1,1,1,1
1254,0.2448834,0,1254,Not eroded,0,1,1,1,1,0,1,1,1,1,1
1255,0.135098,4,1255,Not eroded,0,0,0,0,0,0,0,0,0,1,1
1256,0.2637064,0,1256,Not eroded,0,1,1,1,1,1,1,1,1,1,1
1257,0.1656123,0,1257,Not eroded,0,0,0,0,0,0,1,1,1,1,1
1258,0.08888943,5,1258,Not eroded,0,0,0,0,0,0,0,0,0,0,1
1259,0.2672572,0,1259,ERODED,1,1,1,1,1,1,1,1,1,1,1
1260,0.05621938,5,1260,Not eroded,0,0,0,0,0,0,0,0,0,0,1
1261,0.07101547,5,1261,Not eroded,0,0,0,0,0,0,0,0,0,0,1
1263,0.2492743,4,1263,Not eroded,0,1,1,1,1,0,0,0,0,1,1
1264,0.104502,3,1264,Not eroded,0,0,0,0,0,0,1,0,0,1,1
1265,0.1002037,5,1265,Not eroded,0,0,0,0,0,0,0,0,0,0,1
1267,0.05624958,4,1267,Not eroded,0,0,0,0,0,0,0,0,0,1,1
1268,0.05620279,2,1268,Not eroded,0,0,0,0,0,0,1,0,1,1,1
1269,0.3033068,0,1269,ERODED,1,1,1,1,1,1,1,1,1,1,1
1270,0.1401302,0,1270,Not eroded,0,0,0,0,0,0,1,1,1,1,1
1271,0.1737062,5,1271,Not eroded,0,0,0,0,0,0,0,0,0,0,1
1272,0.2015132,0,1272,Not eroded,0,1,0,0,0,0,1,1,1,1,1
1273,0.0892559,5,1273,Not eroded,0,0,0,0,0,0,0,0,0,0,1
1274,0.2327785,4,1274,Not eroded,0,1,1,1,0,0,0,0,0,1,1
1275,0.3035057,3,1275,Not eroded,0,1,1,1,1,1,1,0,0,1,1
1276,0.07286409,5,1276,Not eroded,0,0,0,0,0,0,0,0,0,0,1
1277,0.2897957,0,1277,ERODED,1,1,1,1,1,1,1,1,1,1,1
1278,0.1656792,0,1278,Not eroded,0,0,0,0,0,0,1,1,1,1,1
1279,0.1880391,3,1279,Not eroded,0,0,0,0,0,0,1,0,0,1,1
1280,0.05616517,4,1280,Not eroded,0,0,0,0,0,0,0,0,0,1,1
1281,0.2339982,3,1281,Not eroded,0,1,1,1,0,0,1,0,0,1,1
1282,0.05626551,3,1282,Not eroded,0,0,0,0,0,0,1,0,0,1,1
1283,0.1336303,0,1283,Not eroded,0,0,0,0,0,0,1,1,1,1,1
1284,0.2245571,3,1284,Not eroded,0,1,1,0,0,0,1,0,0,1,1
1285,0.2066101,4,1285,Not eroded,0,1,0,0,0,0,0,0,0,1,1
1286,0.2064313,5,1286,Not eroded,0,1,0,0,0,0,0,0,0,0,1
1287,0.1288892,5,1287,Not eroded,0,0,0,0,0,0,0,0,0,0,1
1288,0.2591477,7,1288,Not eroded,0,1,1,1,1,1,0,0,0,0,0
1289,0.1352238,4,1289,Not eroded,0,0,0,0,0,0,0,0,0,1,1
1290,0.08588998,0,1290,Not eroded,0,0,0,0,0,0,1,1,1,1,1
1291,0.2724439,0,1291,Not eroded,0,1,1,1,1,1,1,1,1,1,1
1292,0.1440434,0,1292,Not eroded,0,0,0,0,0,0,1,1,1,1,1
1293,0.2389188,4,1293,Not eroded,0,1,1,1,0,0,0,0,0,1,1
1294,0.2123878,5,1294,Not eroded,0,1,0,0,0,0,0,0,0,0,1
1295,0.09132588,3,1295,Not eroded,0,0,0,0,0,0,1,0,0,1,1
1296,0.1929228,4,1296,Not eroded,0,1,0,0,0,0,0,0,0,1,1
1298,0.05606021,3,1298,Not eroded,0,0,0,0,0,0,1,0,0,1,1
1299,0.05737137,4,1299,Not eroded,0,0,0,0,0,0,0,0,0,1,1
1300,0.2612089,0,1300,Not eroded,0,1,1,1,1,1,1,1,1,1,1
1301,0.1689699,4,1301,Not eroded,0,0,0,0,0,0,0,0,0,1,1
1302,0.1811876,4,1302,Not eroded,0,0,0,0,0,0,0,0,0,1,1
1303,0.05621249,3,1303,Not eroded,0,0,0,0,0,0,1,0,0,1,1
1304,0.1126241,3,1304,Not eroded,0,0,0,0,0,0,1,0,0,1,1
1306,0.2203032,0,1306,Not eroded,0,1,1,0,0,0,1,1,1,1,1
1308,0.07700925,4,1308,Not eroded,0,0,0,0,0,0,0,0,0,1,1
1309,0.2336475,0,1309,Not eroded,0,1,1,1,0,0,1,1,1,1,1
1310,0.09069391,4,1310,Not eroded,0,0,0,0,0,0,0,0,0,1,1
1312,0.1500196,4,1312,Not eroded,0,0,0,0,0,0,0,0,0,1,1
1314,0.0918573,4,1314,Not eroded,0,0,0,0,0,0,0,0,0,1,1
1315,0.2274909,3,1315,Not eroded,0,1,1,0,0,0,1,0,0,1,1
1316,0.2416165,5,1316,Not eroded,0,1,1,1,1,0,0,0,0,0,1
1317,0.1494365,4,1317,Not eroded,0,0,0,0,0,0,0,0,0,1,1
1318,0.1172402,5,1318,Not eroded,0,0,0,0,0,0,0,0,0,0,1
1319,0.1502741,0,1319,Not eroded,0,0,0,0,0,0,1,1,1,1,1
1321,0.08420998,4,1321,Not eroded,0,0,0,0,0,0,0,0,0,1,1
1322,0.0562719,2,1322,Not eroded,0,0,0,0,0,0,1,0,1,1,1
1323,0.2390801,0,1323,Not eroded,0,1,1,1,0,0,1,1,1,1,1
1324,0.288117,6,1324,Not eroded,0,1,1,1,1,1,0,0,0,0,0
1325,0.1330333,5,1325,Not eroded,0,0,0,0,0,0,0,0,0,0,1
1326,0.273108,0,1326,Not eroded,0,1,1,1,1,1,1,1,1,1,1
1327,0.2732446,3,1327,Not eroded,0,1,1,1,1,1,1,0,0,1,1
1328,0.2289899,0,1328,Not eroded,0,1,1,0,0,0,1,1,1,1,1
1329,0.2025883,1,1329,Not eroded,0,1,0,0,0,0,1,1,1,1,1
1330,0.1969259,0,1330,Not eroded,0,1,0,0,0,0,1,1,1,1,1
1331,0.0877105,3,1331,Not eroded,0,0,0,0,0,0,1,0,0,1,1
1332,0.06864485,5,1332,Not eroded,0,0,0,0,0,0,0,0,0,0,1
1333,0.2740214,3,1333,Not eroded,0,1,1,1,1,1,1,0,0,1,1
1334,0.09780982,6,1334,Not eroded,0,0,0,0,0,0,0,0,0,0,0
1335,0.2761731,2,1335,Not eroded,0,1,1,1,1,1,1,0,1,1,1
1336,0.2338657,4,1336,ERODED,1,1,1,1,0,0,0,0,0,1,1
1337,0.2780128,4,1337,Not eroded,0,1,1,1,1,1,0,0,0,1,1
1338,0.1775306,3,1338,Not eroded,0,0,0,0,0,0,1,0,0,1,1
1339,0.3055222,2,1339,ERODED,1,1,1,1,1,1,1,0,1,1,1
1341,0.2119487,4,1341,Not eroded,0,1,0,0,0,0,0,0,0,1,1
1342,0.1404331,4,1342,Not eroded,0,0,0,0,0,0,0,0,0,1,1
1343,0.1828366,4,1343,Not eroded,0,0,0,0,0,0,0,0,0,1,1
1345,0.07241039,0,1345,Not eroded,0,0,0,0,0,0,1,1,1,1,1
1346,0.333828,0,1346,ERODED,1,1,1,1,1,1,1,1,1,1,1
1347,0.2342735,0,1347,Not eroded,0,1,1,1,0,0,1,1,1,1,1
1348,0.09193134,4,1348,Not eroded,0,0,0,0,0,0,0,0,0,1,1
1349,0.1356608,4,1349,Not eroded,0,0,0,0,0,0,0,0,0,1,1
1350,0.065876,5,1350,Not eroded,0,0,0,0,0,0,0,0,0,0,1
1351,0.2867987,0,1351,ERODED,1,1,1,1,1,1,1,1,1,1,1
1352,0.1742373,2,1352,Not eroded,0,0,0,0,0,0,1,0,1,1,1
1353,0.1611057,3,1353,Not eroded,0,0,0,0,0,0,1,0,0,1,1
1354,0.2664644,0,1354,Not eroded,0,1,1,1,1,1,1,1,1,1,1
1355,0.2665526,0,1355,Not eroded,0,1,1,1,1,1,1,1,1,1,1
1356,0.2863007,2,1356,Not eroded,0,1,1,1,1,1,1,0,1,1,1
1357,0.2581259,4,1357,Not eroded,0,1,1,1,1,1,0,0,0,1,1
1358,0.1566956,0,1358,Not eroded,0,0,0,0,0,0,1,1,1,1,1
1359,0.1427916,4,1359,Not eroded,0,0,0,0,0,0,0,0,0,1,1
1360,0.1074337,6,1360,Not eroded,0,0,0,0,0,0,0,0,0,0,0
1361,0.0753046,0,1361,Not eroded,0,0,0,0,0,0,1,1,1,1,1
1362,0.1059456,6,1362,Not eroded,0,0,0,0,0,0,0,0,0,0,0
1363,0.1527577,0,1363,Not eroded,0,0,0,0,0,0,1,1,1,1,1
1364,0.1056876,2,1364,Not eroded,0,0,0,0,0,0,1,0,1,1,1
1365,0.09584868,5,1365,Not eroded,0,0,0,0,0,0,0,0,0,0,1
1366,0.1888248,4,1366,Not eroded,0,0,0,0,0,0,0,0,0,1,1
1367,0.1367382,3,1367,Not eroded,0,0,0,0,0,0,1,0,0,1,1
1368,0.3083955,0,1368,ERODED,1,1,1,1,1,1,1,1,1,1,1
1369,0.2712141,5,1369,Not eroded,0,1,1,1,1,1,0,0,0,0,1
1372,0.1861014,0,1372,Not eroded,0,0,0,0,0,0,1,1,1,1,1
1373,0.2918525,1,1373,ERODED,1,1,1,1,1,1,1,1,1,1,1
1374,0.1192181,3,1374,Not eroded,0,0,0,0,0,0,1,0,0,1,1
1375,0.1444079,4,1375,Not eroded,0,0,0,0,0,0,0,0,0,1,1
1377,0.08873004,4,1377,Not eroded,0,0,0,0,0,0,0,0,0,1,1
1378,0.271871,0,1378,Not eroded,0,1,1,1,1,1,1,1,1,1,1
1379,0.1384843,3,1379,Not eroded,0,0,0,0,0,0,1,0,0,1,1
1380,0.3113198,0,1380,ERODED,1,1,1,1,1,1,1,1,1,1,1
1381,0.1468436,3,1381,Not eroded,0,0,0,0,0,0,1,0,0,1,1
1382,0.05627029,5,1382,Not eroded,0,0,0,0,0,0,0,0,0,0,1
1383,0.248238,5,1383,Not eroded,0,1,1,1,1,0,0,0,0,0,1
1384,0.266148,0,1384,Not eroded,0,1,1,1,1,1,1,1,1,1,1
1385,0.09044409,5,1385,Not eroded,0,0,0,0,0,0,0,0,0,0,1
1386,0.2854479,0,1386,ERODED,1,1,1,1,1,1,1,1,1,1,1
1387,0.05626147,3,1387,Not eroded,0,0,0,0,0,0,1,0,0,1,1
1388,0.19809,5,1388,Not eroded,0,1,0,0,0,0,0,0,0,0,1
1389,0.1557831,3,1389,Not eroded,0,0,0,0,0,0,1,0,0,1,1
1390,0.1784442,4,1390,Not eroded,0,0,0,0,0,0,0,0,0,1,1
1391,0.1748514,6,1391,Not eroded,0,0,0,0,0,0,0,0,0,0,0
1392,0.2482423,3,1392,Not eroded,0,1,1,1,1,0,1,0,0,1,1
1393,0.2591291,0,1393,Not eroded,0,1,1,1,1,1,1,1,1,1,1
1394,0.2640587,3,1394,Not eroded,0,1,1,1,1,1,1,0,0,1,1
1395,0.1659804,0,1395,Not eroded,0,0,0,0,0,0,1,1,1,1,1
1396,0.2922082,4,1396,Not eroded,0,1,1,1,1,1,0,0,0,1,1
1397,0.2549163,4,1397,Not eroded,0,1,1,1,1,1,0,0,0,1,1
1398,0.134591,6,1398,Not eroded,0,0,0,0,0,0,0,0,0,0,0
1399,0.2311778,0,1399,Not eroded,0,1,1,1,0,0,1,1,1,1,1
1400,0.2947224,3,1400,Not eroded,0,1,1,1,1,1,1,0,0,1,1
1402,0.2903478,0,1402,ERODED,1,1,1,1,1,1,1,1,1,1,1
1403,0.05880199,4,1403,Not eroded,0,0,0,0,0,0,0,0,0,1,1
1404,0.09500282,0,1404,Not eroded,0,0,0,0,0,0,1,1,1,1,1
1405,0.09878844,5,1405,Not eroded,0,0,0,0,0,0,0,0,0,0,1
1407,0.1062323,5,1407,Not eroded,0,0,0,0,0,0,0,0,0,0,1
1408,0.2142716,0,1408,Not eroded,0,1,0,0,0,0,1,1,1,1,1
1409,0.10219,5,1409,Not eroded,0,0,0,0,0,0,0,0,0,0,1
1410,0.2646697,0,1410,Not eroded,0,1,1,1,1,1,1,1,1,1,1
1411,0.1687373,4,1411,Not eroded,0,0,0,0,0,0,0,0,0,1,1
1412,0.1935174,5,1412,Not eroded,0,1,0,0,0,0,0,0,0,0,1
1413,0.1517155,4,1413,Not eroded,0,0,0,0,0,0,0,0,0,1,1
1415,0.06408306,7,1415,Not eroded,0,0,0,0,0,0,0,0,0,0,0
1416,0.05827518,4,1416,Not eroded,0,0,0,0,0,0,0,0,0,1,1
1417,0.07603075,3,1417,Not eroded,0,0,0,0,0,0,1,0,0,1,1
1418,0.07412162,4,1418,Not eroded,0,0,0,0,0,0,0,0,0,1,1
1419,0.1889627,4,1419,Not eroded,0,0,0,0,0,0,0,0,0,1,1
1420,0.2243404,5,1420,Not eroded,0,1,1,0,0,0,0,0,0,0,1
1421,0.3004368,0,1421,ERODED,1,1,1,1,1,1,1,1,1,1,1
1423,0.1304041,4,1423,Not eroded,0,0,0,0,0,0,0,0,0,1,1
1424,0.2277077,4,1424,Not eroded,0,1,1,0,0,0,0,0,0,1,1
1425,0.1066327,5,1425,Not eroded,0,0,0,0,0,0,0,0,0,0,1
1426,0.300352,0,1426,Not eroded,0,1,1,1,1,1,1,1,1,1,1
1427,0.2937982,2,1427,Not eroded,0,1,1,1,1,1,1,0,1,1,1
1428,0.1550186,0,1428,Not eroded,0,0,0,0,0,0,1,1,1,1,1
1429,0.1185789,5,1429,Not eroded,0,0,0,0,0,0,0,0,0,0,1
1430,0.1297661,4,1430,Not eroded,0,0,0,0,0,0,0,0,0,1,1
1431,0.2040164,6,1431,Not eroded,0,1,0,0,0,0,0,0,0,0,0
1432,0.05627064,3,1432,Not eroded,0,0,0,0,0,0,1,0,0,1,1
1433,0.065118,4,1433,Not eroded,0,0,0,0,0,0,0,0,0,1,1
1434,0.1145449,4,1434,Not eroded,0,0,0,0,0,0,0,0,0,1,1
1435,0.09347269,5,1435,Not eroded,0,0,0,0,0,0,0,0,0,0,1
1436,0.2169063,0,1436,Not eroded,0,1,0,0,0,0,1,1,1,1,1
1437,0.326183,0,1437,ERODED,1,1,1,1,1,1,1,1,1,1,1
1438,0.07349,5,1438,Not eroded,0,0,0,0,0,0,0,0,0,0,1
1439,0.09338482,5,1439,Not eroded,0,0,0,0,0,0,0,0,0,0,1
1440,0.0701179,5,1440,Not eroded,0,0,0,0,0,0,0,0,0,0,1
1441,0.0740141,4,1441,Not eroded,0,0,0,0,0,0,0,0,0,1,1
1442,0.06066473,5,1442,Not eroded,0,0,0,0,0,0,0,0,0,0,1
1445,0.1182082,4,1445,Not eroded,0,0,0,0,0,0,0,0,0,1,1
1446,0.121502,3,1446,Not eroded,0,0,0,0,0,0,1,0,0,1,1
1447,0.1688052,5,1447,Not eroded,0,0,0,0,0,0,0,0,0,0,1
1448,0.164681,3,1448,Not eroded,0,0,0,0,0,0,1,0,0,1,1
1449,0.1511484,7,1449,Not eroded,0,0,0,0,0,0,0,0,0,0,0
1450,0.09755602,0,1450,Not eroded,0,0,0,0,0,0,1,1,1,1,1
1451,0.2425446,5,1451,Not eroded,0,1,1,1,1,0,0,0,0,0,1
1452,0.1817582,0,1452,Not eroded,0,0,0,0,0,0,1,1,1,1,1
1453,0.3004159,3,1453,Not eroded,0,1,1,1,1,1,1,0,0,1,1
1454,0.09711622,4,1454,Not eroded,0,0,0,0,0,0,0,0,0,1,1
1455,0.2241768,4,1455,Not eroded,0,1,1,0,0,0,0,0,0,1,1
1456,0.3177964,0,1456,ERODED,1,1,1,1,1,1,1,1,1,1,1
1457,0.217556,2,1457,Not eroded,0,1,0,0,0,0,1,0,1,1,1
1458,0.2060945,3,1458,Not eroded,0,1,0,0,0,0,1,0,0,1,1
1459,0.05772346,5,1459,Not eroded,0,0,0,0,0,0,0,0,0,0,1
1460,0.2979134,0,1460,ERODED,1,1,1,1,1,1,1,1,1,1,1
1461,0.1652675,4,1461,Not eroded,0,0,0,0,0,0,0,0,0,1,1
1463,0.08986498,4,1463,Not eroded,0,0,0,0,0,0,0,0,0,1,1
1464,0.08840239,0,1464,Not eroded,0,0,0,0,0,0,1,1,1,1,1
1465,0.1186328,5,1465,Not eroded,0,0,0,0,0,0,0,0,0,0,1
1466,0.292865,0,1466,ERODED,1,1,1,1,1,1,1,1,1,1,1
1467,0.1687489,4,1467,Not eroded,0,0,0,0,0,0,0,0,0,1,1
1468,0.06030103,3,1468,Not eroded,0,0,0,0,0,0,1,0,0,1,1
1469,0.07197485,5,1469,Not eroded,0,0,0,0,0,0,0,0,0,0,1
1470,0.1622003,6,1470,Not eroded,0,0,0,0,0,0,0,0,0,0,0
1471,0.1046114,4,1471,Not eroded,0,0,0,0,0,0,0,0,0,1,1
1472,0.1466048,7,1472,Not eroded,0,0,0,0,0,0,0,0,0,0,0
1473,0.08999873,2,1473,Not eroded,0,0,0,0,0,0,1,0,1,1,1
1474,0.2401665,0,1474,Not eroded,0,1,1,1,1,0,1,1,1,1,1
1475,0.08420799,5,1475,Not eroded,0,0,0,0,0,0,0,0,0,0,1
1476,0.3206402,0,1476,ERODED,1,1,1,1,1,1,1,1,1,1,1
1477,0.2291512,0,1477,Not eroded,0,1,1,0,0,0,1,1,1,1,1
1478,0.2412048,5,1478,Not eroded,0,1,1,1,1,0,0,0,0,0,1
1479,0.1459091,4,1479,Not eroded,0,0,0,0,0,0,0,0,0,1,1
1480,0.1707475,2,1480,Not eroded,0,0,0,0,0,0,1,0,1,1,1
1481,0.2450292,5,1481,Not eroded,0,1,1,1,1,0,0,0,0,0,1
1482,0.1692698,3,1482,Not eroded,0,0,0,0,0,0,1,0,0,1,1
1483,0.2932431,2,1483,Not eroded,0,1,1,1,1,1,1,0,1,1,1
1485,0.1798546,5,1485,Not eroded,0,0,0,0,0,0,0,0,0,0,1
1486,0.09884196,2,1486,Not eroded,0,0,0,0,0,0,1,0,1,1,1
1487,0.172003,6,1487,Not eroded,0,0,0,0,0,0,0,0,0,0,0
1488,0.2985741,0,1488,Not eroded,0,1,1,1,1,1,1,1,1,1,1
1489,0.2011048,6,1489,Not eroded,0,1,0,0,0,0,0,0,0,0,0
1490,0.179634,3,1490,Not eroded,0,0,0,0,0,0,1,0,0,1,1
1491,0.1850782,5,1491,Not eroded,0,0,0,0,0,0,0,0,0,0,1
1492,0.1540309,4,1492,Not eroded,0,0,0,0,0,0,0,0,0,1,1
1493,0.2619738,4,1493,Not eroded,0,1,1,1,1,1,0,0,0,1,1
1494,0.07112546,5,1494,Not eroded,0,0,0,0,0,0,0,0,0,0,1
1495,0.3019975,4,1495,Not eroded,0,1,1,1,1,1,0,0,0,1,1
1496,0.2019031,3,1496,Not eroded,0,1,0,0,0,0,1,0,0,1,1
1497,0.2467549,5,1497,Not eroded,0,1,1,1,1,0,0,0,0,0,1
1498,0.2731551,5,1498,Not eroded,0,1,1,1,1,1,0,0,0,0,1
1499,0.05658997,2,1499,Not eroded,0,0,0,0,0,0,1,0,1,1,1
1500,0.1714786,5,1500,Not eroded,0,0,0,0,0,0,0,0,0,0,1
1502,0.1532915,3,1502,Not eroded,0,0,0,0,0,0,1,0,0,1,1
1503,0.06386002,5,1503,Not eroded,0,0,0,0,0,0,0,0,0,0,1
1504,0.2339728,3,1504,Not eroded,0,1,1,1,0,0,1,0,0,1,1
1505,0.2781695,0,1505,ERODED,1,1,1,1,1,1,1,1,1,1,1
1506,0.2200537,4,1506,Not eroded,0,1,1,0,0,0,0,0,0,1,1
1507,0.2024524,4,1507,Not eroded,0,1,0,0,0,0,0,0,0,1,1
1508,0.2482104,3,1508,Not eroded,0,1,1,1,1,0,1,0,0,1,1
1509,0.2576688,5,1509,Not eroded,0,1,1,1,1,1,0,0,0,0,1
1510,0.1590089,0,1510,Not eroded,0,0,0,0,0,0,1,1,1,1,1
1511,0.269621,0,1511,Not eroded,0,1,1,1,1,1,1,1,1,1,1
1512,0.1016599,5,1512,Not eroded,0,0,0,0,0,0,0,0,0,0,1
1513,0.2638794,3,1513,Not eroded,0,1,1,1,1,1,1,0,0,1,1
1514,0.2328009,6,1514,Not eroded,0,1,1,1,0,0,0,0,0,0,0
1515,0.1431599,5,1515,Not eroded,0,0,0,0,0,0,0,0,0,0,1
1516,0.2356619,5,1516,Not eroded,0,1,1,1,0,0,0,0,0,0,1
1517,0.1602197,4,1517,Not eroded,0,0,0,0,0,0,0,0,0,1,1
1518,0.1489946,2,1518,Not eroded,0,0,0,0,0,0,1,0,1,1,1
1519,0.3249929,0,1519,ERODED,1,1,1,1,1,1,1,1,1,1,1
1520,0.0659145,4,1520,Not eroded,0,0,0,0,0,0,0,0,0,1,1
1521,0.204144,4,1521,Not eroded,0,1,0,0,0,0,0,0,0,1,1
1522,0.08059787,3,1522,Not eroded,0,0,0,0,0,0,1,0,0,1,1
1523,0.1161825,0,1523,Not eroded,0,0,0,0,0,0,1,1,1,1,1
1524,0.05673297,3,1524,Not eroded,0,0,0,0,0,0,1,0,0,1,1
1525,0.1351531,3,1525,Not eroded,0,0,0,0,0,0,1,0,0,1,1
1527,0.1647041,4,1527,Not eroded,0,0,0,0,0,0,0,0,0,1,1
1528,0.2507745,0,1528,Not eroded,0,1,1,1,1,1,1,1,1,1,1
1529,0.1729633,4,1529,Not eroded,0,0,0,0,0,0,0,0,0,1,1
1530,0.2057097,5,1530,Not eroded,0,1,0,0,0,0,0,0,0,0,1
1531,0.08090456,0,1531,Not eroded,0,0,0,0,0,0,1,1,1,1,1
1532,0.1293759,4,1532,Not eroded,0,0,0,0,0,0,0,0,0,1,1
1533,0.1297733,3,1533,Not eroded,0,0,0,0,0,0,1,0,0,1,1
1534,0.2638551,0,1534,Not eroded,0,1,1,1,1,1,1,1,1,1,1
1535,0.1397709,4,1535,Not eroded,0,0,0,0,0,0,0,0,0,1,1
1536,0.2449316,4,1536,Not eroded,0,1,1,1,1,0,0,0,0,1,1
1537,0.183722,0,1537,Not eroded,0,0,0,0,0,0,1,1,1,1,1
1539,0.08024982,3,1539,Not eroded,0,0,0,0,0,0,1,0,0,1,1
1540,0.1062832,4,1540,Not eroded,0,0,0,0,0,0,0,0,0,1,1
1541,0.165225,3,1541,Not eroded,0,0,0,0,0,0,1,0,0,1,1
1542,0.1367111,5,1542,Not eroded,0,0,0,0,0,0,0,0,0,0,1
1543,0.1223261,5,1543,Not eroded,0,0,0,0,0,0,0,0,0,0,1
1544,0.2845204,0,1544,ERODED,1,1,1,1,1,1,1,1,1,1,1
1545,0.1359808,4,1545,Not eroded,0,0,0,0,0,0,0,0,0,1,1
1546,0.0707698,5,1546,Not eroded,0,0,0,0,0,0,0,0,0,0,1
1547,0.1099351,0,1547,Not eroded,0,0,0,0,0,0,1,1,1,1,1
1549,0.2960142,0,1549,Not eroded,0,1,1,1,1,1,1,1,1,1,1
1550,0.07137366,3,1550,Not eroded,0,0,0,0,0,0,1,0,0,1,1
1551,0.05904211,4,1551,Not eroded,0,0,0,0,0,0,0,0,0,1,1
1552,0.1038918,4,1552,Not eroded,0,0,0,0,0,0,0,0,0,1,1
1553,0.1550993,5,1553,Not eroded,0,0,0,0,0,0,0,0,0,0,1
1554,0.1449277,3,1554,Not eroded,0,0,0,0,0,0,1,0,0,1,1
1555,0.0562478,3,1555,Not eroded,0,0,0,0,0,0,1,0,0,1,1
1556,0.1722207,3,1556,Not eroded,0,0,0,0,0,0,1,0,0,1,1
1557,0.1896619,2,1557,Not eroded,0,0,0,0,0,0,1,0,1,1,1
1558,0.2408467,2,1558,Not eroded,0,1,1,1,1,0,1,0,1,1,1
1559,0.213194,5,1559,Not eroded,0,1,0,0,0,0,0,0,0,0,1
1560,0.264751,0,1560,Not eroded,0,1,1,1,1,1,1,1,1,1,1
1561,0.1108064,0,1561,Not eroded,0,0,0,0,0,0,1,1,1,1,1
1562,0.2101916,0,1562,Not eroded,0,1,0,0,0,0,1,1,1,1,1
1563,0.2874549,0,1563,ERODED,1,1,1,1,1,1,1,1,1,1,1
1564,0.1787813,3,1564,Not eroded,0,0,0,0,0,0,1,0,0,1,1
1565,0.2913162,4,1565,Not eroded,0,1,1,1,1,1,0,0,0,1,1
1566,0.1426189,0,1566,Not eroded,0,0,0,0,0,0,1,1,1,1,1
1567,0.05631503,3,1567,Not eroded,0,0,0,0,0,0,1,0,0,1,1
1568,0.1738784,0,1568,Not eroded,0,0,0,0,0,0,1,1,1,1,1
1569,0.1569095,3,1569,Not eroded,0,0,0,0,0,0,1,0,0,1,1
1570,0.1663846,4,1570,Not eroded,0,0,0,0,0,0,0,0,0,1,1
1571,0.2409723,3,1571,Not eroded,0,1,1,1,1,0,1,0,0,1,1
1573,0.08197718,0,1573,Not eroded,0,0,0,0,0,0,1,1,1,1,1
1574,0.06434484,5,1574,Not eroded,0,0,0,0,0,0,0,0,0,0,1
1575,0.2385145,3,1575,Not eroded,0,1,1,1,0,0,1,0,0,1,1
1576,0.327983,0,1576,ERODED,1,1,1,1,1,1,1,1,1,1,1
1577,0.2866295,1,1577,Not eroded,0,1,1,1,1,1,1,1,1,1,1
1578,0.2122853,0,1578,Not eroded,0,1,0,0,0,0,1,1,1,1,1
1579,0.1582861,6,1579,Not eroded,0,0,0,0,0,0,0,0,0,0,0
1581,0.1521804,6,1581,Not eroded,0,0,0,0,0,0,0,0,0,0,0
1582,0.05620875,4,1582,Not eroded,0,0,0,0,0,0,0,0,0,1,1
1583,0.05626341,3,1583,Not eroded,0,0,0,0,0,0,1,0,0,1,1
1584,0.0886932,3,1584,Not eroded,0,0,0,0,0,0,1,0,0,1,1
1585,0.1569197,4,1585,Not eroded,0,0,0,0,0,0,0,0,0,1,1
1586,0.2105908,0,1586,Not eroded,0,1,0,0,0,0,1,1,1,1,1
1587,0.1714429,4,1587,Not eroded,0,0,0,0,0,0,0,0,0,1,1
1588,0.1604915,5,1588,Not eroded,0,0,0,0,0,0,0,0,0,0,1
1589,0.07901967,4,1589,Not eroded,0,0,0,0,0,0,0,0,0,1,1
1590,0.06439842,4,1590,Not eroded,0,0,0,0,0,0,0,0,0,1,1
1591,0.3307432,0,1591,ERODED,1,1,1,1,1,1,1,1,1,1,1
1593,0.2060703,4,1593,Not eroded,0,1,0,0,0,0,0,0,0,1,1
1594,0.1214364,5,1594,Not eroded,0,0,0,0,0,0,0,0,0,0,1
1595,0.2159224,3,1595,Not eroded,0,1,0,0,0,0,1,0,0,1,1
1596,0.07068629,6,1596,Not eroded,0,0,0,0,0,0,0,0,0,0,0
1597,0.2798744,3,1597,Not eroded,0,1,1,1,1,1,1,0,0,1,1
1598,0.2212115,6,1598,Not eroded,0,1,1,0,0,0,0,0,0,0,0
1599,0.2408986,5,1599,Not eroded,0,1,1,1,1,0,0,0,0,0,1
1600,0.2381726,0,1600,Not eroded,0,1,1,1,0,0,1,1,1,1,1
1601,0.2463632,0,1601,Not eroded,0,1,1,1,1,0,1,1,1,1,1
1602,0.05617608,6,1602,Not eroded,0,0,0,0,0,0,0,0,0,0,0
1603,0.1091326,4,1603,Not eroded,0,0,0,0,0,0,0,0,0,1,1
1604,0.125654,4,1604,Not eroded,0,0,0,0,0,0,0,0,0,1,1
1605,0.174846,6,1605,Not eroded,0,0,0,0,0,0,0,0,0,0,0
1607,0.1981982,4,1607,Not eroded,0,1,0,0,0,0,0,0,0,1,1
1608,0.2913031,0,1608,ERODED,1,1,1,1,1,1,1,1,1,1,1
1609,0.1430925,6,1609,Not eroded,0,0,0,0,0,0,0,0,0,0,0
1610,0.2005929,7,1610,Not eroded,0,1,0,0,0,0,0,0,0,0,0
1611,0.1590688,4,1611,Not eroded,0,0,0,0,0,0,0,0,0,1,1
1612,0.177502,4,1612,Not eroded,0,0,0,0,0,0,0,0,0,1,1
1613,0.1239324,2,1613,Not eroded,0,0,0,0,0,0,1,0,1,1,1
1614,0.2684739,4,1614,Not eroded,0,1,1,1,1,1,0,0,0,1,1
1615,0.2613373,4,1615,Not eroded,0,1,1,1,1,1,0,0,0,1,1
1616,0.2821897,0,1616,Not eroded,0,1,1,1,1,1,1,1,1,1,1
1617,0.2872598,4,1617,Not eroded,0,1,1,1,1,1,0,0,0,1,1
1618,0.2935774,0,1618,ERODED,1,1,1,1,1,1,1,1,1,1,1
1619,0.193695,4,1619,Not eroded,0,1,0,0,0,0,0,0,0,1,1
1620,0.1410795,4,1620,Not eroded,0,0,0,0,0,0,0,0,0,1,1
1621,0.2008259,3,1621,Not eroded,0,1,0,0,0,0,1,0,0,1,1
1622,0.1368067,4,1622,Not eroded,0,0,0,0,0,0,0,0,0,1,1
1623,0.05644031,4,1623,Not eroded,0,0,0,0,0,0,0,0,0,1,1
1625,0.331322,0,1625,ERODED,1,1,1,1,1,1,1,1,1,1,1
1626,0.2010307,6,1626,Not eroded,0,1,0,0,0,0,0,0,0,0,0
1627,0.2217813,0,1627,Not eroded,0,1,1,0,0,0,1,1,1,1,1
1628,0.187562,3,1628,Not eroded,0,0,0,0,0,0,1,0,0,1,1
1630,0.2287578,0,1630,Not eroded,0,1,1,0,0,0,1,1,1,1,1
1631,0.1507642,5,1631,Not eroded,0,0,0,0,0,0,0,0,0,0,1
1632,0.05624957,3,1632,Not eroded,0,0,0,0,0,0,1,0,0,1,1
1633,0.08874263,4,1633,Not eroded,0,0,0,0,0,0,0,0,0,1,1
1634,0.1312281,4,1634,Not eroded,0,0,0,0,0,0,0,0,0,1,1
1635,0.2882589,0,1635,ERODED,1,1,1,1,1,1,1,1,1,1,1
1636,0.3063345,0,1636,ERODED,1,1,1,1,1,1,1,1,1,1,1
1637,0.2408741,0,1637,Not eroded,0,1,1,1,1,0,1,1,1,1,1
1638,0.1109257,4,1638,Not eroded,0,0,0,0,0,0,0,0,0,1,1
1639,0.3163942,0,1639,Not eroded,0,1,1,1,1,1,1,1,1,1,1
1640,0.2219145,4,1640,Not eroded,0,1,1,0,0,0,0,0,0,1,1
1641,0.08350406,6,1641,Not eroded,0,0,0,0,0,0,0,0,0,0,0
1642,0.1172602,4,1642,Not eroded,0,0,0,0,0,0,0,0,0,1,1
1643,0.2886295,0,1643,ERODED,1,1,1,1,1,1,1,1,1,1,1
1644,0.237038,0,1644,Not eroded,0,1,1,1,0,0,1,1,1,1,1
1645,0.122494,5,1645,Not eroded,0,0,0,0,0,0,0,0,0,0,1
1646,0.3072275,0,1646,Not eroded,0,1,1,1,1,1,1,1,1,1,1
1647,0.2182177,4,1647,Not eroded,0,1,0,0,0,0,0,0,0,1,1
1648,0.05618137,4,1648,Not eroded,0,0,0,0,0,0,0,0,0,1,1
1649,0.1642798,0,1649,Not eroded,0,0,0,0,0,0,1,1,1,1,1
1650,0.2875492,2,1650,ERODED,1,1,1,1,1,1,1,0,1,1,1
1651,0.2712992,2,1651,Not eroded,0,1,1,1,1,1,1,0,1,1,1
1652,0.2147767,4,1652,Not eroded,0,1,0,0,0,0,0,0,0,1,1
1653,0.2851723,0,1653,Not eroded,0,1,1,1,1,1,1,1,1,1,1
1654,0.1132415,3,1654,Not eroded,0,0,0,0,0,0,1,0,0,1,1
1655,0.2352793,3,1655,Not eroded,0,1,1,1,0,0,1,0,0,1,1
1656,0.06644424,3,1656,Not eroded,0,0,0,0,0,0,1,0,0,1,1
1657,0.1241299,5,1657,Not eroded,0,0,0,0,0,0,0,0,0,0,1
1658,0.2355956,4,1658,Not eroded,0,1,1,1,0,0,0,0,0,1,1
1661,0.1817187,0,1661,Not eroded,0,0,0,0,0,0,1,1,1,1,1
1662,0.1762182,6,1662,Not eroded,0,0,0,0,0,0,0,0,0,0,0
1663,0.3269661,0,1663,ERODED,1,1,1,1,1,1,1,1,1,1,1
1664,0.08913129,4,1664,Not eroded,0,0,0,0,0,0,0,0,0,1,1
1665,0.1983699,5,1665,Not eroded,0,1,0,0,0,0,0,0,0,0,1
1666,0.1961535,4,1666,Not eroded,0,1,0,0,0,0,0,0,0,1,1
1667,0.2743293,0,1667,Not eroded,0,1,1,1,1,1,1,1,1,1,1
1668,0.2139684,0,1668,Not eroded,0,1,0,0,0,0,1,1,1,1,1
1670,0.1693317,5,1670,Not eroded,0,0,0,0,0,0,0,0,0,0,1
1671,0.08762924,6,1671,Not eroded,0,0,0,0,0,0,0,0,0,0,0
1672,0.0645724,3,1672,Not eroded,0,0,0,0,0,0,1,0,0,1,1
1673,0.2237088,3,1673,Not eroded,0,1,1,0,0,0,1,0,0,1,1
1674,0.1933,5,1674,Not eroded,0,1,0,0,0,0,0,0,0,0,1
1675,0.1924708,4,1675,Not eroded,0,1,0,0,0,0,0,0,0,1,1
1677,0.2621391,5,1677,Not eroded,0,1,1,1,1,1,0,0,0,0,1
1678,0.1853055,4,1678,Not eroded,0,0,0,0,0,0,0,0,0,1,1
1679,0.05626923,3,1679,Not eroded,0,0,0,0,0,0,1,0,0,1,1
1681,0.1182057,5,1681,Not eroded,0,0,0,0,0,0,0,0,0,0,1
1682,0.2377279,0,1682,Not eroded,0,1,1,1,0,0,1,1,1,1,1
1683,0.2554045,5,1683,Not eroded,0,1,1,1,1,1,0,0,0,0,1
1684,0.05658382,0,1684,Not eroded,0,0,0,0,0,0,1,1,1,1,1
1685,0.2476878,3,1685,Not eroded,0,1,1,1,1,0,1,0,0,1,1
1686,0.1306505,5,1686,Not eroded,0,0,0,0,0,0,0,0,0,0,1
1687,0.2745002,0,1687,ERODED,1,1,1,1,1,1,1,1,1,1,1
1688,0.2662135,4,1688,Not eroded,0,1,1,1,1,1,0,0,0,1,1
1691,0.09756796,6,1691,Not eroded,0,0,0,0,0,0,0,0,0,0,0
1692,0.1652107,3,1692,Not eroded,0,0,0,0,0,0,1,0,0,1,1
1693,0.0562154,4,1693,Not eroded,0,0,0,0,0,0,0,0,0,1,1
1694,0.1006584,0,1694,Not eroded,0,0,0,0,0,0,1,1,1,1,1
1696,0.2106086,0,1696,Not eroded,0,1,0,0,0,0,1,1,1,1,1
1697,0.05626308,4,1697,Not eroded,0,0,0,0,0,0,0,0,0,1,1
1698,0.06442665,3,1698,Not eroded,0,0,0,0,0,0,1,0,0,1,1
1699,0.1398103,5,1699,Not eroded,0,0,0,0,0,0,0,0,0,0,1
1700,0.1739268,4,1700,Not eroded,0,0,0,0,0,0,0,0,0,1,1
1702,0.07604952,0,1702,Not eroded,0,0,0,0,0,0,1,1,1,1,1
1703,0.1934761,0,1703,Not eroded,0,1,0,0,0,0,1,1,1,1,1
1704,0.2540574,0,1704,Not eroded,0,1,1,1,1,1,1,1,1,1,1
1705,0.1697251,4,1705,Not eroded,0,0,0,0,0,0,0,0,0,1,1
1706,0.1760001,0,1706,Not eroded,0,0,0,0,0,0,1,1,1,1,1
1707,0.3058348,0,1707,ERODED,1,1,1,1,1,1,1,1,1,1,1
1709,0.2644414,3,1709,Not eroded,0,1,1,1,1,1,1,0,0,1,1
1710,0.3020819,0,1710,ERODED,1,1,1,1,1,1,1,1,1,1,1
1711,0.05622708,4,1711,Not eroded,0,0,0,0,0,0,0,0,0,1,1
1712,0.1743823,4,1712,Not eroded,0,0,0,0,0,0,0,0,0,1,1
1713,0.1215744,0,1713,Not eroded,0,0,0,0,0,0,1,1,1,1,1
1714,0.1250202,5,1714,Not eroded,0,0,0,0,0,0,0,0,0,0,1
1715,0.1861733,4,1715,Not eroded,0,0,0,0,0,0,0,0,0,1,1
1716,0.1048341,5,1716,Not eroded,0,0,0,0,0,0,0,0,0,0,1
1717,0.225369,0,1717,Not eroded,0,1,1,0,0,0,1,1,1,1,1
1718,0.1508202,4,1718,Not eroded,0,0,0,0,0,0,0,0,0,1,1
1719,0.2770754,0,1719,Not eroded,0,1,1,1,1,1,1,1,1,1,1
1720,0.209397,6,1720,Not eroded,0,1,0,0,0,0,0,0,0,0,0
1721,0.1341329,4,1721,Not eroded,0,0,0,0,0,0,0,0,0,1,1
1722,0.192202,4,1722,Not eroded,0,1,0,0,0,0,0,0,0,1,1
1723,0.1314469,5,1723,Not eroded,0,0,0,0,0,0,0,0,0,0,1
1724,0.1072429,0,1724,Not eroded,0,0,0,0,0,0,1,1,1,1,1
1725,0.06630207,4,1725,Not eroded,0,0,0,0,0,0,0,0,0,1,1
1726,0.07972238,5,1726,Not eroded,0,0,0,0,0,0,0,0,0,0,1
1727,0.1121829,4,1727,Not eroded,0,0,0,0,0,0,0,0,0,1,1
1728,0.2939095,0,1728,ERODED,1,1,1,1,1,1,1,1,1,1,1
1729,0.2143,2,1729,Not eroded,0,1,0,0,0,0,1,0,1,1,1
1730,0.1260573,5,1730,Not eroded,0,0,0,0,0,0,0,0,0,0,1
1731,0.2794773,6,1731,Not eroded,0,1,1,1,1,1,0,0,0,0,0
1732,0.3253733,0,1732,ERODED,1,1,1,1,1,1,1,1,1,1,1
1733,0.08021528,4,1733,Not eroded,0,0,0,0,0,0,0,0,0,1,1
1734,0.1284652,0,1734,Not eroded,0,0,0,0,0,0,1,1,1,1,1
1735,0.09258381,4,1735,Not eroded,0,0,0,0,0,0,0,0,0,1,1
1738,0.1800263,0,1738,Not eroded,0,0,0,0,0,0,1,1,1,1,1
1739,0.1423908,3,1739,Not eroded,0,0,0,0,0,0,1,0,0,1,1
1740,0.1582443,5,1740,Not eroded,0,0,0,0,0,0,0,0,0,0,1
1741,0.1210872,3,1741,Not eroded,0,0,0,0,0,0,1,0,0,1,1
1742,0.07125798,5,1742,Not eroded,0,0,0,0,0,0,0,0,0,0,1
1743,0.1048893,4,1743,Not eroded,0,0,0,0,0,0,0,0,0,1,1
1744,0.1834034,4,1744,Not eroded,0,0,0,0,0,0,0,0,0,1,1
1745,0.176906,4,1745,Not eroded,0,0,0,0,0,0,0,0,0,1,1
1746,0.2720686,5,1746,Not eroded,0,1,1,1,1,1,0,0,0,0,1
1747,0.2141716,4,1747,Not eroded,0,1,0,0,0,0,0,0,0,1,1
1748,0.05624858,4,1748,Not eroded,0,0,0,0,0,0,0,0,0,1,1
1749,0.2026938,0,1749,Not eroded,0,1,0,0,0,0,1,1,1,1,1
1750,0.08721425,0,1750,Not eroded,0,0,0,0,0,0,1,1,1,1,1
1751,0.1178199,5,1751,Not eroded,0,0,0,0,0,0,0,0,0,0,1
1752,0.1536304,5,1752,Not eroded,0,0,0,0,0,0,0,0,0,0,1
1754,0.120609,4,1754,Not eroded,0,0,0,0,0,0,0,0,0,1,1
1755,0.2046235,2,1755,Not eroded,0,1,0,0,0,0,1,0,1,1,1
1756,0.2605837,4,1756,Not eroded,0,1,1,1,1,1,0,0,0,1,1
1757,0.07151412,2,1757,Not eroded,0,0,0,0,0,0,1,0,1,1,1
1758,0.1322358,4,1758,Not eroded,0,0,0,0,0,0,0,0,0,1,1
1759,0.1300904,3,1759,Not eroded,0,0,0,0,0,0,1,0,0,1,1
1760,0.2197842,4,1760,Not eroded,0,1,0,0,0,0,0,0,0,1,1
1761,0.2948167,0,1761,ERODED,1,1,1,1,1,1,1,1,1,1,1
1762,0.05622073,5,1762,Not eroded,0,0,0,0,0,0,0,0,0,0,1
1763,0.05626836,4,1763,Not eroded,0,0,0,0,0,0,0,0,0,1,1
1764,0.1817665,3,1764,Not eroded,0,0,0,0,0,0,1,0,0,1,1
1765,0.2616708,0,1765,ERODED,1,1,1,1,1,1,1,1,1,1,1
1766,0.1640737,4,1766,Not eroded,0,0,0,0,0,0,0,0,0,1,1
1767,0.1734679,6,1767,Not eroded,0,0,0,0,0,0,0,0,0,0,0
1768,0.2237926,4,1768,Not eroded,0,1,1,0,0,0,0,0,0,1,1
1769,0.1061491,0,1769,Not eroded,0,0,0,0,0,0,1,1,1,1,1
1770,0.1615286,4,1770,Not eroded,0,0,0,0,0,0,0,0,0,1,1
1771,0.3251071,0,1771,ERODED,1,1,1,1,1,1,1,1,1,1,1
1772,0.1921222,3,1772,Not eroded,0,1,0,0,0,0,1,0,0,1,1
1773,0.1025558,0,1773,Not eroded,0,0,0,0,0,0,1,1,1,1,1
1774,0.2866133,0,1774,ERODED,1,1,1,1,1,1,1,1,1,1,1
1775,0.2871501,0,1775,ERODED,1,1,1,1,1,1,1,1,1,1,1
1777,0.1840458,2,1777,Not eroded,0,0,0,0,0,0,1,0,1,1,1
1778,0.2506296,4,1778,Not eroded,0,1,1,1,1,1,0,0,0,1,1
1779,0.1433228,0,1779,Not eroded,0,0,0,0,0,0,1,1,1,1,1
1780,0.06963213,0,1780,Not eroded,0,0,0,0,0,0,1,1,1,1,1
1781,0.1952051,4,1781,Not eroded,0,1,0,0,0,0,0,0,0,1,1
1782,0.1972745,0,1782,Not eroded,0,1,0,0,0,0,1,1,1,1,1
1783,0.1692842,4,1783,Not eroded,0,0,0,0,0,0,0,0,0,1,1
1785,0.1838715,3,1785,Not eroded,0,0,0,0,0,0,1,0,0,1,1
1786,0.2505845,3,1786,Not eroded,0,1,1,1,1,1,1,0,0,1,1
1787,0.2116847,4,1787,Not eroded,0,1,0,0,0,0,0,0,0,1,1
1788,0.05626904,3,1788,Not eroded,0,0,0,0,0,0,1,0,0,1,1
1789,0.1691685,4,1789,Not eroded,0,0,0,0,0,0,0,0,0,1,1
1790,0.245631,4,1790,Not eroded,0,1,1,1,1,0,0,0,0,1,1
1791,0.2432659,0,1791,Not eroded,0,1,1,1,1,0,1,1,1,1,1
1792,0.1223994,4,1792,Not eroded,0,0,0,0,0,0,0,0,0,1,1
1793,0.1941182,6,1793,Not eroded,0,1,0,0,0,0,0,0,0,0,0
1794,0.3099183,0,1794,ERODED,1,1,1,1,1,1,1,1,1,1,1
1795,0.05622256,4,1795,Not eroded,0,0,0,0,0,0,0,0,0,1,1
1796,0.05624031,4,1796,Not eroded,0,0,0,0,0,0,0,0,0,1,1
1797,0.07828248,0,1797,Not eroded,0,0,0,0,0,0,1,1,1,1,1
1798,0.07267521,4,1798,Not eroded,0,0,0,0,0,0,0,0,0,1,1
1799,0.09041002,0,1799,Not eroded,0,0,0,0,0,0,1,1,1,1,1
1800,0.07653408,4,1800,Not eroded,0,0,0,0,0,0,0,0,0,1,1
1801,0.09883495,4,1801,Not eroded,0,0,0,0,0,0,0,0,0,1,1
1803,0.2107994,5,1803,Not eroded,0,1,0,0,0,0,0,0,0,0,1
1804,0.06993298,5,1804,Not eroded,0,0,0,0,0,0,0,0,0,0,1
1805,0.1097031,4,1805,Not eroded,0,0,0,0,0,0,0,0,0,1,1
1806,0.2526614,4,1806,Not eroded,0,1,1,1,1,1,0,0,0,1,1
1807,0.1003956,0,1807,Not eroded,0,0,0,0,0,0,1,1,1,1,1
1808,0.06998249,4,1808,Not eroded,0,0,0,0,0,0,0,0,0,1,1
1809,0.05618196,4,1809,Not eroded,0,0,0,0,0,0,0,0,0,1,1
1810,0.1797807,0,1810,Not eroded,0,0,0,0,0,0,1,1,1,1,1
1811,0.2288028,6,1811,Not eroded,0,1,1,0,0,0,0,0,0,0,0
1812,0.05627921,3,1812,Not eroded,0,0,0,0,0,0,1,0,0,1,1
1813,0.1847346,3,1813,Not eroded,0,0,0,0,0,0,1,0,0,1,1
1814,0.142947,5,1814,Not eroded,0,0,0,0,0,0,0,0,0,0,1
1815,0.09076671,3,1815,Not eroded,0,0,0,0,0,0,1,0,0,1,1
1816,0.07640334,4,1816,Not eroded,0,0,0,0,0,0,0,0,0,1,1
1817,0.2804553,0,1817,ERODED,1,1,1,1,1,1,1,1,1,1,1
1818,0.2351584,4,1818,Not eroded,0,1,1,1,0,0,0,0,0,1,1
1819,0.08437945,5,1819,Not eroded,0,0,0,0,0,0,0,0,0,0,1
1820,0.09580546,5,1820,Not eroded,0,0,0,0,0,0,0,0,0,0,1
1821,0.1404533,0,1821,Not eroded,0,0,0,0,0,0,1,1,1,1,1
1822,0.1963813,4,1822,Not eroded,0,1,0,0,0,0,0,0,0,1,1
1823,0.1711978,0,1823,Not eroded,0,0,0,0,0,0,1,1,1,1,1
1824,0.2089798,5,1824,Not eroded,0,1,0,0,0,0,0,0,0,0,1
1825,0.2071629,5,1825,Not eroded,0,1,0,0,0,0,0,0,0,0,1
1826,0.3222365,0,1826,ERODED,1,1,1,1,1,1,1,1,1,1,1
1828,0.1253903,4,1828,Not eroded,0,0,0,0,0,0,0,0,0,1,1
1829,0.2579208,5,1829,Not eroded,0,1,1,1,1,1,0,0,0,0,1
1830,0.1181817,4,1830,Not eroded,0,0,0,0,0,0,0,0,0,1,1
1831,0.2346809,4,1831,Not eroded,0,1,1,1,0,0,0,0,0,1,1
1833,0.07555393,6,1833,Not eroded,0,0,0,0,0,0,0,0,0,0,0
1834,0.2385875,6,1834,Not eroded,0,1,1,1,0,0,0,0,0,0,0
1835,0.2859207,0,1835,ERODED,1,1,1,1,1,1,1,1,1,1,1
1836,0.09100962,4,1836,Not eroded,0,0,0,0,0,0,0,0,0,1,1
1837,0.1933283,3,1837,Not eroded,0,1,0,0,0,0,1,0,0,1,1
1838,0.2721963,0,1838,Not eroded,0,1,1,1,1,1,1,1,1,1,1
1839,0.1945182,0,1839,Not eroded,0,1,0,0,0,0,1,1,1,1,1
1840,0.1926469,4,1840,Not eroded,0,1,0,0,0,0,0,0,0,1,1
1841,0.2894358,3,1841,Not eroded,0,1,1,1,1,1,1,0,0,1,1
1842,0.193488,4,1842,Not eroded,0,1,0,0,0,0,0,0,0,1,1
1844,0.1890743,5,1844,Not eroded,0,0,0,0,0,0,0,0,0,0,1
1845,0.05626563,3,1845,Not eroded,0,0,0,0,0,0,1,0,0,1,1
1846,0.2498816,4,1846,Not eroded,0,1,1,1,1,0,0,0,0,1,1
1847,0.1102247,4,1847,Not eroded,0,0,0,0,0,0,0,0,0,1,1
1848,0.3243524,0,1848,ERODED,1,1,1,1,1,1,1,1,1,1,1
1850,0.3155768,0,1850,ERODED,1,1,1,1,1,1,1,1,1,1,1
1851,0.1556004,0,1851,Not eroded,0,0,0,0,0,0,1,1,1,1,1
1852,0.1686898,3,1852,Not eroded,0,0,0,0,0,0,1,0,0,1,1
1853,0.2870406,0,1853,Not eroded,0,1,1,1,1,1,1,1,1,1,1
1854,0.325005,0,1854,ERODED,1,1,1,1,1,1,1,1,1,1,1
1855,0.3248805,0,1855,ERODED,1,1,1,1,1,1,1,1,1,1,1
1856,0.2167196,5,1856,Not eroded,0,1,0,0,0,0,0,0,0,0,1
1857,0.05650073,0,1857,Not eroded,0,0,0,0,0,0,1,1,1,1,1
1858,0.258367,5,1858,Not eroded,0,1,1,1,1,1,0,0,0,0,1
1859,0.1506878,2,1859,Not eroded,0,0,0,0,0,0,1,0,1,1,1
1860,0.2303887,4,1860,Not eroded,0,1,1,1,0,0,0,0,0,1,1
1861,0.2411625,3,1861,Not eroded,0,1,1,1,1,0,1,0,0,1,1
1862,0.09279263,3,1862,Not eroded,0,0,0,0,0,0,1,0,0,1,1
1863,0.1740371,4,1863,Not eroded,0,0,0,0,0,0,0,0,0,1,1
1864,0.1712821,0,1864,Not eroded,0,0,0,0,0,0,1,1,1,1,1
1865,0.1428238,6,1865,Not eroded,0,0,0,0,0,0,0,0,0,0,0
1866,0.2898447,0,1866,ERODED,1,1,1,1,1,1,1,1,1,1,1
1867,0.3155225,0,1867,ERODED,1,1,1,1,1,1,1,1,1,1,1
1868,0.176065,6,1868,Not eroded,0,0,0,0,0,0,0,0,0,0,0
1869,0.2306308,0,1869,Not eroded,0,1,1,1,0,0,1,1,1,1,1
1870,0.1436789,4,1870,Not eroded,0,0,0,0,0,0,0,0,0,1,1
1871,0.2573127,4,1871,Not eroded,0,1,1,1,1,1,0,0,0,1,1
1872,0.1305658,5,1872,Not eroded,0,0,0,0,0,0,0,0,0,0,1
1873,0.07639103,4,1873,Not eroded,0,0,0,0,0,0,0,0,0,1,1
1875,0.06376599,6,1875,Not eroded,0,0,0,0,0,0,0,0,0,0,0
1876,0.1774322,0,1876,Not eroded,0,0,0,0,0,0,1,1,1,1,1
1877,0.1114752,5,1877,Not eroded,0,0,0,0,0,0,0,0,0,0,1
1880,0.186318,3,1880,Not eroded,0,0,0,0,0,0,1,0,0,1,1
1881,0.2826077,0,1881,Not eroded,0,1,1,1,1,1,1,1,1,1,1
1882,0.1299614,4,1882,Not eroded,0,0,0,0,0,0,0,0,0,1,1
1883,0.1954753,4,1883,Not eroded,0,1,0,0,0,0,0,0,0,1,1
1884,0.2715391,4,1884,Not eroded,0,1,1,1,1,1,0,0,0,1,1
1885,0.2990596,0,1885,ERODED,1,1,1,1,1,1,1,1,1,1,1
1886,0.3090264,0,1886,ERODED,1,1,1,1,1,1,1,1,1,1,1
1887,0.1350827,4,1887,Not eroded,0,0,0,0,0,0,0,0,0,1,1
1888,0.1261047,2,1888,Not eroded,0,0,0,0,0,0,1,0,1,1,1
1889,0.2326829,0,1889,Not eroded,0,1,1,1,0,0,1,1,1,1,1
1890,0.05609162,4,1890,Not eroded,0,0,0,0,0,0,0,0,0,1,1
1891,0.1642441,4,1891,Not eroded,0,0,0,0,0,0,0,0,0,1,1
1892,0.1870895,0,1892,Not eroded,0,0,0,0,0,0,1,1,1,1,1
1893,0.05634133,0,1893,Not eroded,0,0,0,0,0,0,1,1,1,1,1
1894,0.2502292,5,1894,Not eroded,0,1,1,1,1,1,0,0,0,0,1
1895,0.2962847,0,1895,ERODED,1,1,1,1,1,1,1,1,1,1,1
1896,0.1163476,5,1896,Not eroded,0,0,0,0,0,0,0,0,0,0,1
1897,0.2440652,4,1897,Not eroded,0,1,1,1,1,0,0,0,0,1,1
1898,0.28919,0,1898,ERODED,1,1,1,1,1,1,1,1,1,1,1
1899,0.08891581,0,1899,Not eroded,0,0,0,0,0,0,1,1,1,1,1
1900,0.08839748,3,1900,Not eroded,0,0,0,0,0,0,1,0,0,1,1
1901,0.2428583,5,1901,Not eroded,0,1,1,1,1,0,0,0,0,0,1
1902,0.2476337,0,1902,Not eroded,0,1,1,1,1,0,1,1,1,1,1
1903,0.2481862,3,1903,Not eroded,0,1,1,1,1,0,1,0,0,1,1
1904,0.1449593,4,1904,Not eroded,0,0,0,0,0,0,0,0,0,1,1
1905,0.2450343,4,1905,Not eroded,0,1,1,1,1,0,0,0,0,1,1
1906,0.0654792,5,1906,Not eroded,0,0,0,0,0,0,0,0,0,0,1
1907,0.1710511,0,1907,Not eroded,0,0,0,0,0,0,1,1,1,1,1
1908,0.06347334,5,1908,Not eroded,0,0,0,0,0,0,0,0,0,0,1
1909,0.3188949,0,1909,ERODED,1,1,1,1,1,1,1,1,1,1,1
1910,0.2171629,6,1910,Not eroded,0,1,0,0,0,0,0,0,0,0,0
1911,0.2465283,2,1911,Not eroded,0,1,1,1,1,0,1,0,1,1,1
1913,0.07966216,4,1913,Not eroded,0,0,0,0,0,0,0,0,0,1,1
1914,0.2041137,4,1914,Not eroded,0,1,0,0,0,0,0,0,0,1,1
1916,0.2045325,3,1916,Not eroded,0,1,0,0,0,0,1,0,0,1,1
1917,0.2041312,5,1917,Not eroded,0,1,0,0,0,0,0,0,0,0,1
1918,0.07522377,2,1918,Not eroded,0,0,0,0,0,0,1,0,1,1,1
1919,0.1427002,5,1919,Not eroded,0,0,0,0,0,0,0,0,0,0,1
1920,0.1377638,4,1920,Not eroded,0,0,0,0,0,0,0,0,0,1,1
1921,0.2382403,4,1921,Not eroded,0,1,1,1,0,0,0,0,0,1,1
1922,0.2618887,4,1922,Not eroded,0,1,1,1,1,1,0,0,0,1,1
1924,0.1421333,3,1924,Not eroded,0,0,0,0,0,0,1,0,0,1,1
1925,0.3144258,0,1925,ERODED,1,1,1,1,1,1,1,1,1,1,1
1926,0.1040328,3,1926,Not eroded,0,0,0,0,0,0,1,0,0,1,1
1927,0.1991787,4,1927,Not eroded,0,1,0,0,0,0,0,0,0,1,1
1928,0.1188638,4,1928,Not eroded,0,0,0,0,0,0,0,0,0,1,1
1929,0.1515434,5,1929,Not eroded,0,0,0,0,0,0,0,0,0,0,1
1930,0.1258417,4,1930,Not eroded,0,0,0,0,0,0,0,0,0,1,1
1931,0.2902778,0,1931,ERODED,1,1,1,1,1,1,1,1,1,1,1
1932,0.2334811,2,1932,Not eroded,0,1,1,1,0,0,1,0,1,1,1
1933,0.06359888,6,1933,Not eroded,0,0,0,0,0,0,0,0,0,0,0
1934,0.2738451,0,1934,Not eroded,0,1,1,1,1,1,1,1,1,1,1
1935,0.1745955,4,1935,Not eroded,0,0,0,0,0,0,0,0,0,1,1
1936,0.2391045,0,1936,Not eroded,0,1,1,1,0,0,1,1,1,1,1
1937,0.06526754,4,1937,Not eroded,0,0,0,0,0,0,0,0,0,1,1
1938,0.06452056,5,1938,Not eroded,0,0,0,0,0,0,0,0,0,0,1
1939,0.274665,0,1939,ERODED,1,1,1,1,1,1,1,1,1,1,1
1940,0.06606769,4,1940,Not eroded,0,0,0,0,0,0,0,0,0,1,1
1941,0.3091903,0,1941,ERODED,1,1,1,1,1,1,1,1,1,1,1
1942,0.1485602,4,1942,Not eroded,0,0,0,0,0,0,0,0,0,1,1
1943,0.2056988,3,1943,Not eroded,0,1,0,0,0,0,1,0,0,1,1
1944,0.236976,2,1944,Not eroded,0,1,1,1,0,0,1,0,1,1,1
1945,0.2526139,0,1945,Not eroded,0,1,1,1,1,1,1,1,1,1,1
1946,0.2803476,0,1946,ERODED,1,1,1,1,1,1,1,1,1,1,1
1947,0.2997512,0,1947,ERODED,1,1,1,1,1,1,1,1,1,1,1
1948,0.1589631,5,1948,Not eroded,0,0,0,0,0,0,0,0,0,0,1
1949,0.2829587,2,1949,Not eroded,0,1,1,1,1,1,1,0,1,1,1
1950,0.2983599,0,1950,ERODED,1,1,1,1,1,1,1,1,1,1,1
1951,0.1947653,3,1951,Not eroded,0,1,0,0,0,0,1,0,0,1,1
1952,0.2553841,4,1952,Not eroded,0,1,1,1,1,1,0,0,0,1,1
1953,0.1724484,3,1953,Not eroded,0,0,0,0,0,0,1,0,0,1,1
1954,0.2373269,3,1954,Not eroded,0,1,1,1,0,0,1,0,0,1,1
1955,0.1884794,0,1955,Not eroded,0,0,0,0,0,0,1,1,1,1,1
1956,0.1073985,3,1956,Not eroded,0,0,0,0,0,0,1,0,0,1,1
1957,0.1318805,4,1957,Not eroded,0,0,0,0,0,0,0,0,0,1,1
1958,0.1144542,6,1958,Not eroded,0,0,0,0,0,0,0,0,0,0,0
1959,0.135059,0,1959,Not eroded,0,0,0,0,0,0,1,1,1,1,1
1960,0.162616,3,1960,Not eroded,0,0,0,0,0,0,1,0,0,1,1
1961,0.1817817,4,1961,Not eroded,0,0,0,0,0,0,0,0,0,1,1
1962,0.1011213,4,1962,Not eroded,0,0,0,0,0,0,0,0,0,1,1
1963,0.2095599,2,1963,Not eroded,0,1,0,0,0,0,1,0,1,1,1
1964,0.2396238,4,1964,Not eroded,0,1,1,1,0,0,0,0,0,1,1
1965,0.2421395,4,1965,Not eroded,0,1,1,1,1,0,0,0,0,1,1
1966,0.05629156,0,1966,Not eroded,0,0,0,0,0,0,1,1,1,1,1
1967,0.2544779,4,1967,Not eroded,0,1,1,1,1,1,0,0,0,1,1
1969,0.1241616,0,1969,Not eroded,0,0,0,0,0,0,1,1,1,1,1
1970,0.235658,5,1970,Not eroded,0,1,1,1,0,0,0,0,0,0,1
1971,0.161975,5,1971,Not eroded,0,0,0,0,0,0,0,0,0,0,1
1973,0.2903749,0,1973,ERODED,1,1,1,1,1,1,1,1,1,1,1
1974,0.2561816,4,1974,Not eroded,0,1,1,1,1,1,0,0,0,1,1
1975,0.2378968,3,1975,Not eroded,0,1,1,1,0,0,1,0,0,1,1
1976,0.08937937,7,1976,Not eroded,0,0,0,0,0,0,0,0,0,0,0
1977,0.2690911,0,1977,Not eroded,0,1,1,1,1,1,1,1,1,1,1
1978,0.2060684,3,1978,Not eroded,0,1,0,0,0,0,1,0,0,1,1
1979,0.08865911,5,1979,Not eroded,0,0,0,0,0,0,0,0,0,0,1
1980,0.1636169,4,1980,Not eroded,0,0,0,0,0,0,0,0,0,1,1
1981,0.1700598,7,1981,Not eroded,0,0,0,0,0,0,0,0,0,0,0
1982,0.1552737,0,1982,Not eroded,0,0,0,0,0,0,1,1,1,1,1
1983,0.1028493,2,1983,Not eroded,0,0,0,0,0,0,1,0,1,1,1
1984,0.2140547,5,1984,Not eroded,0,1,0,0,0,0,0,0,0,0,1
1985,0.1798503,4,1985,Not eroded,0,0,0,0,0,0,0,0,0,1,1
1986,0.2245514,4,1986,Not eroded,0,1,1,0,0,0,0,0,0,1,1
1987,0.1769201,4,1987,Not eroded,0,0,0,0,0,0,0,0,0,1,1
1988,0.07539518,5,1988,Not eroded,0,0,0,0,0,0,0,0,0,0,1
1989,0.1290531,3,1989,Not eroded,0,0,0,0,0,0,1,0,0,1,1
1990,0.2046476,4,1990,Not eroded,0,1,0,0,0,0,0,0,0,1,1
1991,0.1220185,3,1991,Not eroded,0,0,0,0,0,0,1,0,0,1,1
1992,0.06545796,0,1992,Not eroded,0,0,0,0,0,0,1,1,1,1,1
1993,0.2211026,4,1993,Not eroded,0,1,1,0,0,0,0,0,0,1,1
1994,0.2266619,4,1994,Not eroded,0,1,1,0,0,0,0,0,0,1,1
1996,0.1330819,4,1996,Not eroded,0,0,0,0,0,0,0,0,0,1,1
1997,0.08254501,4,1997,Not eroded,0,0,0,0,0,0,0,0,0,1,1
1998,0.05622724,4,1998,Not eroded,0,0,0,0,0,0,0,0,0,1,1
1999,0.2097183,6,1999,Not eroded,0,1,0,0,0,0,0,0,0,0,0
2000,0.3105366,0,2000,ERODED,1,1,1,1,1,1,1,1,1,1,1
2001,0.1414645,0,2001,Not eroded,0,0,0,0,0,0,1,1,1,1,1
2003,0.05636969,0,2003,Not eroded,0,0,0,0,0,0,1,1,1,1,1
2004,0.181851,0,2004,Not eroded,0,0,0,0,0,0,1,1,1,1,1
2005,0.2120752,3,2005,Not eroded,0,1,0,0,0,0,1,0,0,1,1
2006,0.1363236,3,2006,Not eroded,0,0,0,0,0,0,1,0,0,1,1
2007,0.09271424,5,2007,Not eroded,0,0,0,0,0,0,0,0,0,0,1
2008,0.09241073,3,2008,Not eroded,0,0,0,0,0,0,1,0,0,1,1
2009,0.2531013,4,2009,Not eroded,0,1,1,1,1,1,0,0,0,1,1
2010,0.1386373,0,2010,Not eroded,0,0,0,0,0,0,1,1,1,1,1
2011,0.2588561,4,2011,Not eroded,0,1,1,1,1,1,0,0,0,1,1
2012,0.2718785,0,2012,Not eroded,0,1,1,1,1,1,1,1,1,1,1
2013,0.1839791,4,2013,Not eroded,0,0,0,0,0,0,0,0,0,1,1
2014,0.2450043,3,2014,ERODED,1,1,1,1,1,0,1,0,0,1,1
2015,0.3160569,0,2015,ERODED,1,1,1,1,1,1,1,1,1,1,1
2016,0.07104936,5,2016,Not eroded,0,0,0,0,0,0,0,0,0,0,1
2017,0.1645831,3,2017,Not eroded,0,0,0,0,0,0,1,0,0,1,1
2018,0.1131112,5,2018,Not eroded,0,0,0,0,0,0,0,0,0,0,1
2019,0.1343133,4,2019,Not eroded,0,0,0,0,0,0,0,0,0,1,1
2020,0.2948225,4,2020,Not eroded,0,1,1,1,1,1,0,0,0,1,1
2021,0.2587031,4,2021,Not eroded,0,1,1,1,1,1,0,0,0,1,1
2022,0.05608999,4,2022,Not eroded,0,0,0,0,0,0,0,0,0,1,1
2023,0.06452061,4,2023,Not eroded,0,0,0,0,0,0,0,0,0,1,1
2024,0.2508585,4,2024,Not eroded,0,1,1,1,1,1,0,0,0,1,1
2025,0.249111,0,2025,ERODED,1,1,1,1,1,0,1,1,1,1,1
2026,0.2220184,0,2026,ERODED,1,1,1,0,0,0,1,1,1,1,1
2027,0.2484626,0,2027,Not eroded,0,1,1,1,1,0,1,1,1,1,1
2029,0.1485281,4,2029,Not eroded,0,0,0,0,0,0,0,0,0,1,1
2030,0.1472863,5,2030,Not eroded,0,0,0,0,0,0,0,0,0,0,1
2031,0.28252,0,2031,Not eroded,0,1,1,1,1,1,1,1,1,1,1
2032,0.2291007,0,2032,Not eroded,0,1,1,0,0,0,1,1,1,1,1
2033,0.07210511,0,2033,Not eroded,0,0,0,0,0,0,1,1,1,1,1
2035,0.0562464,3,2035,Not eroded,0,0,0,0,0,0,1,0,0,1,1
2036,0.307142,0,2036,ERODED,1,1,1,1,1,1,1,1,1,1,1
2038,0.2383405,3,2038,Not eroded,0,1,1,1,0,0,1,0,0,1,1
2039,0.1563696,4,2039,Not eroded,0,0,0,0,0,0,0,0,0,1,1
2040,0.1971942,4,2040,Not eroded,0,1,0,0,0,0,0,0,0,1,1
2041,0.2583625,0,2041,Not eroded,0,1,1,1,1,1,1,1,1,1,1
2042,0.2539476,4,2042,Not eroded,0,1,1,1,1,1,0,0,0,1,1
2043,0.05642709,0,2043,Not eroded,0,0,0,0,0,0,1,1,1,1,1
2044,0.2175702,4,2044,Not eroded,0,1,0,0,0,0,0,0,0,1,1
2045,0.06651102,0,2045,Not eroded,0,0,0,0,0,0,1,1,1,1,1
2046,0.3326133,0,2046,ERODED,1,1,1,1,1,1,1,1,1,1,1
2047,0.2501861,4,2047,Not eroded,0,1,1,1,1,1,0,0,0,1,1
2048,0.1755568,4,2048,Not eroded,0,0,0,0,0,0,0,0,0,1,1
2049,0.1570153,4,2049,Not eroded,0,0,0,0,0,0,0,0,0,1,1
2050,0.09403644,4,2050,Not eroded,0,0,0,0,0,0,0,0,0,1,1
2051,0.1647604,4,2051,Not eroded,0,0,0,0,0,0,0,0,0,1,1
2052,0.1691865,4,2052,Not eroded,0,0,0,0,0,0,0,0,0,1,1
2053,0.3055877,4,2053,Not eroded,0,1,1,1,1,1,0,0,0,1,1
2054,0.1659186,0,2054,Not eroded,0,0,0,0,0,0,1,1,1,1,1
2055,0.2977871,0,2055,ERODED,1,1,1,1,1,1,1,1,1,1,1
2057,0.2719387,0,2057,ERODED,1,1,1,1,1,1,1,1,1,1,1
2058,0.2216625,3,2058,Not eroded,0,1,1,0,0,0,1,0,0,1,1
2059,0.179911,0,2059,Not eroded,0,0,0,0,0,0,1,1,1,1,1
2060,0.1947124,4,2060,Not eroded,0,1,0,0,0,0,0,0,0,1,1
2061,0.2994854,0,2061,ERODED,1,1,1,1,1,1,1,1,1,1,1
2062,0.0562725,4,2062,Not eroded,0,0,0,0,0,0,0,0,0,1,1
2063,0.1386556,5,2063,Not eroded,0,0,0,0,0,0,0,0,0,0,1
2064,0.2190138,5,2064,Not eroded,0,1,0,0,0,0,0,0,0,0,1
2065,0.1480375,5,2065,Not eroded,0,0,0,0,0,0,0,0,0,0,1
2066,0.08258648,3,2066,Not eroded,0,0,0,0,0,0,1,0,0,1,1
2067,0.1215705,4,2067,Not eroded,0,0,0,0,0,0,0,0,0,1,1
2068,0.1669562,3,2068,Not eroded,0,0,0,0,0,0,1,0,0,1,1
2069,0.2280253,4,2069,Not eroded,0,1,1,0,0,0,0,0,0,1,1
2070,0.09336647,4,2070,Not eroded,0,0,0,0,0,0,0,0,0,1,1
2071,0.3049264,0,2071,ERODED,1,1,1,1,1,1,1,1,1,1,1
2072,0.2330827,5,2072,Not eroded,0,1,1,1,0,0,0,0,0,0,1
2073,0.1324197,3,2073,Not eroded,0,0,0,0,0,0,1,0,0,1,1
2074,0.1657922,5,2074,Not eroded,0,0,0,0,0,0,0,0,0,0,1
2075,0.1182045,3,2075,Not eroded,0,0,0,0,0,0,1,0,0,1,1
2076,0.1069379,0,2076,Not eroded,0,0,0,0,0,0,1,1,1,1,1
2077,0.06435586,4,2077,Not eroded,0,0,0,0,0,0,0,0,0,1,1
2078,0.3141787,0,2078,ERODED,1,1,1,1,1,1,1,1,1,1,1
2079,0.09434771,3,2079,Not eroded,0,0,0,0,0,0,1,0,0,1,1
2080,0.2585284,0,2080,Not eroded,0,1,1,1,1,1,1,1,1,1,1
2081,0.2963338,0,2081,ERODED,1,1,1,1,1,1,1,1,1,1,1
2082,0.2942338,3,2082,Not eroded,0,1,1,1,1,1,1,0,0,1,1
2083,0.183044,0,2083,Not eroded,0,0,0,0,0,0,1,1,1,1,1
2085,0.1786667,4,2085,Not eroded,0,0,0,0,0,0,0,0,0,1,1
2086,0.208266,0,2086,Not eroded,0,1,0,0,0,0,1,1,1,1,1
2087,0.1915734,0,2087,Not eroded,0,1,0,0,0,0,1,1,1,1,1
2089,0.1288086,0,2089,Not eroded,0,0,0,0,0,0,1,1,1,1,1
2090,0.05929174,4,2090,Not eroded,0,0,0,0,0,0,0,0,0,1,1
2091,0.1291893,3,2091,Not eroded,0,0,0,0,0,0,1,0,0,1,1
2092,0.05625215,3,2092,Not eroded,0,0,0,0,0,0,1,0,0,1,1
2093,0.1585005,3,2093,Not eroded,0,0,0,0,0,0,1,0,0,1,1
2094,0.1108172,3,2094,Not eroded,0,0,0,0,0,0,1,0,0,1,1
2095,0.2643554,4,2095,Not eroded,0,1,1,1,1,1,0,0,0,1,1
2096,0.2949366,0,2096,ERODED,1,1,1,1,1,1,1,1,1,1,1
2098,0.1722621,6,2098,Not eroded,0,0,0,0,0,0,0,0,0,0,0
2099,0.2009415,3,2099,Not eroded,0,1,0,0,0,0,1,0,0,1,1
2100,0.1454318,3,2100,Not eroded,0,0,0,0,0,0,1,0,0,1,1
2102,0.182866,0,2102,Not eroded,0,0,0,0,0,0,1,1,1,1,1
2103,0.1747443,5,2103,Not eroded,0,0,0,0,0,0,0,0,0,0,1
2104,0.06287321,4,2104,Not eroded,0,0,0,0,0,0,0,0,0,1,1
2105,0.291073,0,2105,ERODED,1,1,1,1,1,1,1,1,1,1,1
2106,0.1393824,0,2106,Not eroded,0,0,0,0,0,0,1,1,1,1,1
2107,0.1497963,4,2107,Not eroded,0,0,0,0,0,0,0,0,0,1,1
2108,0.1735891,4,2108,Not eroded,0,0,0,0,0,0,0,0,0,1,1
2109,0.07742966,4,2109,Not eroded,0,0,0,0,0,0,0,0,0,1,1
2110,0.2798546,5,2110,Not eroded,0,1,1,1,1,1,0,0,0,0,1
2111,0.05665756,5,2111,Not eroded,0,0,0,0,0,0,0,0,0,0,1
2112,0.09049224,4,2112,Not eroded,0,0,0,0,0,0,0,0,0,1,1
2114,0.2208611,0,2114,Not eroded,0,1,1,0,0,0,1,1,1,1,1
2115,0.152313,0,2115,Not eroded,0,0,0,0,0,0,1,1,1,1,1
2116,0.2842966,0,2116,Not eroded,0,1,1,1,1,1,1,1,1,1,1
2117,0.09653185,3,2117,Not eroded,0,0,0,0,0,0,1,0,0,1,1
2118,0.2463792,5,2118,Not eroded,0,1,1,1,1,0,0,0,0,0,1
2119,0.3093537,0,2119,ERODED,1,1,1,1,1,1,1,1,1,1,1
2120,0.0562429,3,2120,Not eroded,0,0,0,0,0,0,1,0,0,1,1
2121,0.1800846,0,2121,Not eroded,0,0,0,0,0,0,1,1,1,1,1
2122,0.2485019,3,2122,Not eroded,0,1,1,1,1,0,1,0,0,1,1
2123,0.238292,4,2123,ERODED,1,1,1,1,0,0,0,0,0,1,1
2124,0.3061458,0,2124,ERODED,1,1,1,1,1,1,1,1,1,1,1
2125,0.06446642,6,2125,Not eroded,0,0,0,0,0,0,0,0,0,0,0
2126,0.2217034,5,2126,Not eroded,0,1,1,0,0,0,0,0,0,0,1
2127,0.1409742,0,2127,Not eroded,0,0,0,0,0,0,1,1,1,1,1
2128,0.2936804,0,2128,ERODED,1,1,1,1,1,1,1,1,1,1,1
2129,0.1335978,5,2129,Not eroded,0,0,0,0,0,0,0,0,0,0,1
2130,0.2408777,4,2130,Not eroded,0,1,1,1,1,0,0,0,0,1,1
2131,0.3206415,0,2131,ERODED,1,1,1,1,1,1,1,1,1,1,1
2132,0.09965373,0,2132,Not eroded,0,0,0,0,0,0,1,1,1,1,1
2133,0.1197518,6,2133,Not eroded,0,0,0,0,0,0,0,0,0,0,0
2134,0.07369089,7,2134,Not eroded,0,0,0,0,0,0,0,0,0,0,0
2135,0.09410149,0,2135,Not eroded,0,0,0,0,0,0,1,1,1,1,1
2136,0.2297619,4,2136,Not eroded,0,1,1,0,0,0,0,0,0,1,1
2137,0.1374552,3,2137,Not eroded,0,0,0,0,0,0,1,0,0,1,1
2138,0.1614675,3,2138,Not eroded,0,0,0,0,0,0,1,0,0,1,1
2139,0.3289468,0,2139,ERODED,1,1,1,1,1,1,1,1,1,1,1
2140,0.1423908,4,2140,Not eroded,0,0,0,0,0,0,0,0,0,1,1
2141,0.1818299,5,2141,Not eroded,0,0,0,0,0,0,0,0,0,0,1
2143,0.25376,3,2143,Not eroded,0,1,1,1,1,1,1,0,0,1,1
2144,0.2914309,0,2144,ERODED,1,1,1,1,1,1,1,1,1,1,1
2145,0.164381,0,2145,Not eroded,0,0,0,0,0,0,1,1,1,1,1
2146,0.2010131,2,2146,Not eroded,0,1,0,0,0,0,1,0,1,1,1
2147,0.1981992,5,2147,Not eroded,0,1,0,0,0,0,0,0,0,0,1
2148,0.1228584,0,2148,Not eroded,0,0,0,0,0,0,1,1,1,1,1
2149,0.07750538,5,2149,Not eroded,0,0,0,0,0,0,0,0,0,0,1
2150,0.1082724,0,2150,Not eroded,0,0,0,0,0,0,1,1,1,1,1
2151,0.1259077,0,2151,Not eroded,0,0,0,0,0,0,1,1,1,1,1
2152,0.09416113,0,2152,Not eroded,0,0,0,0,0,0,1,1,1,1,1
2153,0.1276086,4,2153,Not eroded,0,0,0,0,0,0,0,0,0,1,1
2154,0.1883442,4,2154,Not eroded,0,0,0,0,0,0,0,0,0,1,1
2156,0.310106,0,2156,ERODED,1,1,1,1,1,1,1,1,1,1,1
2157,0.3253284,0,2157,ERODED,1,1,1,1,1,1,1,1,1,1,1
2158,0.3092189,0,2158,ERODED,1,1,1,1,1,1,1,1,1,1,1
2159,0.3020465,4,2159,Not eroded,0,1,1,1,1,1,0,0,0,1,1
2160,0.2779299,0,2160,ERODED,1,1,1,1,1,1,1,1,1,1,1
2161,0.2371341,3,2161,Not eroded,0,1,1,1,0,0,1,0,0,1,1
2162,0.06271027,5,2162,Not eroded,0,0,0,0,0,0,0,0,0,0,1
2163,0.2112223,2,2163,Not eroded,0,1,0,0,0,0,1,0,1,1,1
2164,0.161772,5,2164,Not eroded,0,0,0,0,0,0,0,0,0,0,1
2165,0.1727522,3,2165,Not eroded,0,0,0,0,0,0,1,0,0,1,1
2166,0.3054447,0,2166,ERODED,1,1,1,1,1,1,1,1,1,1,1
2167,0.09437037,6,2167,Not eroded,0,0,0,0,0,0,0,0,0,0,0
2168,0.09277858,6,2168,Not eroded,0,0,0,0,0,0,0,0,0,0,0
2169,0.06299176,4,2169,Not eroded,0,0,0,0,0,0,0,0,0,1,1
2170,0.1198154,4,2170,Not eroded,0,0,0,0,0,0,0,0,0,1,1
2171,0.1982523,5,2171,Not eroded,0,1,0,0,0,0,0,0,0,0,1
2172,0.1120828,4,2172,Not eroded,0,0,0,0,0,0,0,0,0,1,1
2173,0.2450751,3,2173,Not eroded,0,1,1,1,1,0,1,0,0,1,1
2174,0.2590796,3,2174,Not eroded,0,1,1,1,1,1,1,0,0,1,1
2175,0.119193,0,2175,Not eroded,0,0,0,0,0,0,1,1,1,1,1
2177,0.05626378,2,2177,Not eroded,0,0,0,0,0,0,1,0,1,1,1
2178,0.2131531,0,2178,Not eroded,0,1,0,0,0,0,1,1,1,1,1
2179,0.2832986,0,2179,ERODED,1,1,1,1,1,1,1,1,1,1,1
2180,0.1324303,4,2180,Not eroded,0,0,0,0,0,0,0,0,0,1,1
2181,0.2338094,4,2181,Not eroded,0,1,1,1,0,0,0,0,0,1,1
2182,0.3221581,0,2182,ERODED,1,1,1,1,1,1,1,1,1,1,1
2183,0.1696616,4,2183,Not eroded,0,0,0,0,0,0,0,0,0,1,1
2184,0.2114268,0,2184,Not eroded,0,1,0,0,0,0,1,1,1,1,1
2185,0.2881258,0,2185,ERODED,1,1,1,1,1,1,1,1,1,1,1
2186,0.2207072,4,2186,Not eroded,0,1,1,0,0,0,0,0,0,1,1
2188,0.08948945,4,2188,Not eroded,0,0,0,0,0,0,0,0,0,1,1
2189,0.1023771,5,2189,Not eroded,0,0,0,0,0,0,0,0,0,0,1
2190,0.05637244,5,2190,Not eroded,0,0,0,0,0,0,0,0,0,0,1
2191,0.1416402,4,2191,Not eroded,0,0,0,0,0,0,0,0,0,1,1
2192,0.07599474,4,2192,Not eroded,0,0,0,0,0,0,0,0,0,1,1
2193,0.2428994,3,2193,Not eroded,0,1,1,1,1,0,1,0,0,1,1
2194,0.1785578,0,2194,Not eroded,0,0,0,0,0,0,1,1,1,1,1
2195,0.08160039,3,2195,Not eroded,0,0,0,0,0,0,1,0,0,1,1
2196,0.3296751,0,2196,ERODED,1,1,1,1,1,1,1,1,1,1,1
2197,0.1215646,4,2197,Not eroded,0,0,0,0,0,0,0,0,0,1,1
2198,0.2304522,4,2198,Not eroded,0,1,1,1,0,0,0,0,0,1,1
2199,0.2722503,0,2199,Not eroded,0,1,1,1,1,1,1,1,1,1,1
2200,0.06645493,4,2200,Not eroded,0,0,0,0,0,0,0,0,0,1,1
2201,0.2528093,6,2201,Not eroded,0,1,1,1,1,1,0,0,0,0,0
2202,0.09517758,5,2202,Not eroded,0,0,0,0,0,0,0,0,0,0,1
2203,0.3206835,0,2203,ERODED,1,1,1,1,1,1,1,1,1,1,1
2204,0.1592878,0,2204,Not eroded,0,0,0,0,0,0,1,1,1,1,1
2205,0.130529,4,2205,Not eroded,0,0,0,0,0,0,0,0,0,1,1
2206,0.07404015,2,2206,Not eroded,0,0,0,0,0,0,1,0,1,1,1
2208,0.2404779,3,2208,Not eroded,0,1,1,1,1,0,1,0,0,1,1
2209,0.2345383,4,2209,Not eroded,0,1,1,1,0,0,0,0,0,1,1
2210,0.1609931,4,2210,Not eroded,0,0,0,0,0,0,0,0,0,1,1
2212,0.3249613,0,2212,ERODED,1,1,1,1,1,1,1,1,1,1,1
2214,0.112501,3,2214,Not eroded,0,0,0,0,0,0,1,0,0,1,1
2215,0.2603662,0,2215,Not eroded,0,1,1,1,1,1,1,1,1,1,1
2216,0.06596457,4,2216,Not eroded,0,0,0,0,0,0,0,0,0,1,1
2217,0.2964857,4,2217,Not eroded,0,1,1,1,1,1,0,0,0,1,1
2218,0.1959669,4,2218,Not eroded,0,1,0,0,0,0,0,0,0,1,1
2219,0.09698278,4,2219,Not eroded,0,0,0,0,0,0,0,0,0,1,1
2220,0.2697881,0,2220,Not eroded,0,1,1,1,1,1,1,1,1,1,1
2221,0.1069345,4,2221,Not eroded,0,0,0,0,0,0,0,0,0,1,1
2222,0.1128906,0,2222,Not eroded,0,0,0,0,0,0,1,1,1,1,1
2223,0.137832,3,2223,Not eroded,0,0,0,0,0,0,1,0,0,1,1
2225,0.05627088,4,2225,Not eroded,0,0,0,0,0,0,0,0,0,1,1
2228,0.1266059,3,2228,Not eroded,0,0,0,0,0,0,1,0,0,1,1
2229,0.2361426,6,2229,Not eroded,0,1,1,1,0,0,0,0,0,0,0
2231,0.1223594,0,2231,Not eroded,0,0,0,0,0,0,1,1,1,1,1
2232,0.2139156,0,2232,Not eroded,0,1,0,0,0,0,1,1,1,1,1
2233,0.1327796,0,2233,Not eroded,0,0,0,0,0,0,1,1,1,1,1
2234,0.07414426,4,2234,Not eroded,0,0,0,0,0,0,0,0,0,1,1
2235,0.2688086,0,2235,Not eroded,0,1,1,1,1,1,1,1,1,1,1
2236,0.1608744,5,2236,Not eroded,0,0,0,0,0,0,0,0,0,0,1
2237,0.2029463,0,2237,Not eroded,0,1,0,0,0,0,1,1,1,1,1
2238,0.2523824,0,2238,Not eroded,0,1,1,1,1,1,1,1,1,1,1
2239,0.2870423,0,2239,Not eroded,0,1,1,1,1,1,1,1,1,1,1
2241,0.2095635,4,2241,Not eroded,0,1,0,0,0,0,0,0,0,1,1
2242,0.05614988,3,2242,Not eroded,0,0,0,0,0,0,1,0,0,1,1
2243,0.3183672,0,2243,ERODED,1,1,1,1,1,1,1,1,1,1,1
2244,0.2621939,0,2244,ERODED,1,1,1,1,1,1,1,1,1,1,1
2246,0.2583609,4,2246,Not eroded,0,1,1,1,1,1,0,0,0,1,1
2247,0.1860366,4,2247,Not eroded,0,0,0,0,0,0,0,0,0,1,1
2248,0.09876888,4,2248,Not eroded,0,0,0,0,0,0,0,0,0,1,1
2249,0.2434139,0,2249,Not eroded,0,1,1,1,1,0,1,1,1,1,1
2250,0.05623874,3,2250,Not eroded,0,0,0,0,0,0,1,0,0,1,1
2251,0.2829269,6,2251,Not eroded,0,1,1,1,1,1,0,0,0,0,0
2252,0.1833814,0,2252,Not eroded,0,0,0,0,0,0,1,1,1,1,1
2254,0.0930094,4,2254,Not eroded,0,0,0,0,0,0,0,0,0,1,1
2255,0.1375586,3,2255,Not eroded,0,0,0,0,0,0,1,0,0,1,1
2256,0.08620564,4,2256,Not eroded,0,0,0,0,0,0,0,0,0,1,1
2259,0.2315848,5,2259,Not eroded,0,1,1,1,0,0,0,0,0,0,1
2260,0.08358657,4,2260,Not eroded,0,0,0,0,0,0,0,0,0,1,1
2261,0.3141412,0,2261,ERODED,1,1,1,1,1,1,1,1,1,1,1
2262,0.2979883,0,2262,ERODED,1,1,1,1,1,1,1,1,1,1,1
2263,0.2405218,4,2263,Not eroded,0,1,1,1,1,0,0,0,0,1,1
2265,0.09967218,0,2265,Not eroded,0,0,0,0,0,0,1,1,1,1,1
2266,0.2186976,2,2266,Not eroded,0,1,0,0,0,0,1,0,1,1,1
2267,0.06534523,4,2267,Not eroded,0,0,0,0,0,0,0,0,0,1,1
2268,0.08559021,4,2268,Not eroded,0,0,0,0,0,0,0,0,0,1,1
2269,0.1818039,4,2269,Not eroded,0,0,0,0,0,0,0,0,0,1,1
2270,0.05622595,4,2270,Not eroded,0,0,0,0,0,0,0,0,0,1,1
2271,0.2285635,0,2271,Not eroded,0,1,1,0,0,0,1,1,1,1,1
2272,0.07308235,5,2272,Not eroded,0,0,0,0,0,0,0,0,0,0,1
2273,0.1947978,6,2273,Not eroded,0,1,0,0,0,0,0,0,0,0,0
2274,0.2445504,4,2274,Not eroded,0,1,1,1,1,0,0,0,0,1,1
2275,0.2930617,5,2275,Not eroded,0,1,1,1,1,1,0,0,0,0,1
2276,0.3058909,2,2276,Not eroded,0,1,1,1,1,1,1,0,1,1,1
2277,0.09825274,4,2277,Not eroded,0,0,0,0,0,0,0,0,0,1,1
2278,0.1447288,0,2278,Not eroded,0,0,0,0,0,0,1,1,1,1,1
2279,0.3042953,0,2279,ERODED,1,1,1,1,1,1,1,1,1,1,1
2280,0.1401832,4,2280,Not eroded,0,0,0,0,0,0,0,0,0,1,1
2281,0.2863848,4,2281,Not eroded,0,1,1,1,1,1,0,0,0,1,1
2282,0.2803322,4,2282,Not eroded,0,1,1,1,1,1,0,0,0,1,1
2283,0.1604225,3,2283,Not eroded,0,0,0,0,0,0,1,0,0,1,1
2284,0.185797,5,2284,Not eroded,0,0,0,0,0,0,0,0,0,0,1
2285,0.06065836,4,2285,Not eroded,0,0,0,0,0,0,0,0,0,1,1
2287,0.07350597,4,2287,Not eroded,0,0,0,0,0,0,0,0,0,1,1
2288,0.1342282,5,2288,Not eroded,0,0,0,0,0,0,0,0,0,0,1
2289,0.1059085,0,2289,Not eroded,0,0,0,0,0,0,1,1,1,1,1
2293,0.1008208,5,2293,Not eroded,0,0,0,0,0,0,0,0,0,0,1
2294,0.325078,0,2294,ERODED,1,1,1,1,1,1,1,1,1,1,1
2295,0.2536238,0,2295,Not eroded,0,1,1,1,1,1,1,1,1,1,1
2296,0.1069706,3,2296,Not eroded,0,0,0,0,0,0,1,0,0,1,1
2298,0.1406361,6,2298,Not eroded,0,0,0,0,0,0,0,0,0,0,0
2299,0.1644354,4,2299,Not eroded,0,0,0,0,0,0,0,0,0,1,1
2300,0.241634,4,2300,Not eroded,0,1,1,1,1,0,0,0,0,1,1
2302,0.2867436,0,2302,ERODED,1,1,1,1,1,1,1,1,1,1,1
2303,0.2131092,3,2303,Not eroded,0,1,0,0,0,0,1,0,0,1,1
2304,0.2098872,3,2304,Not eroded,0,1,0,0,0,0,1,0,0,1,1
2305,0.09537158,0,2305,Not eroded,0,0,0,0,0,0,1,1,1,1,1
2306,0.2815851,0,2306,Not eroded,0,1,1,1,1,1,1,1,1,1,1
2307,0.09825349,4,2307,Not eroded,0,0,0,0,0,0,0,0,0,1,1
2308,0.1215399,0,2308,Not eroded,0,0,0,0,0,0,1,1,1,1,1
2309,0.1138574,3,2309,Not eroded,0,0,0,0,0,0,1,0,0,1,1
2310,0.2799296,0,2310,Not eroded,0,1,1,1,1,1,1,1,1,1,1
2311,0.2303609,0,2311,Not eroded,0,1,1,1,0,0,1,1,1,1,1
2312,0.2531442,0,2312,Not eroded,0,1,1,1,1,1,1,1,1,1,1
2313,0.2239875,4,2313,Not eroded,0,1,1,0,0,0,0,0,0,1,1
2314,0.1260102,5,2314,Not eroded,0,0,0,0,0,0,0,0,0,0,1
2315,0.1015107,0,2315,Not eroded,0,0,0,0,0,0,1,1,1,1,1
2316,0.1699428,4,2316,Not eroded,0,0,0,0,0,0,0,0,0,1,1
2317,0.09103093,3,2317,Not eroded,0,0,0,0,0,0,1,0,0,1,1
2318,0.05625311,2,2318,Not eroded,0,0,0,0,0,0,1,0,1,1,1
2319,0.06592002,4,2319,Not eroded,0,0,0,0,0,0,0,0,0,1,1
2320,0.2611939,0,2320,Not eroded,0,1,1,1,1,1,1,1,1,1,1
2321,0.1101191,6,2321,Not eroded,0,0,0,0,0,0,0,0,0,0,0
2323,0.1882408,3,2323,Not eroded,0,0,0,0,0,0,1,0,0,1,1
2324,0.2262455,5,2324,Not eroded,0,1,1,0,0,0,0,0,0,0,1
2325,0.3048723,3,2325,Not eroded,0,1,1,1,1,1,1,0,0,1,1
2326,0.2318493,3,2326,Not eroded,0,1,1,1,0,0,1,0,0,1,1
2327,0.2499225,6,2327,Not eroded,0,1,1,1,1,0,0,0,0,0,0
2328,0.1663477,4,2328,Not eroded,0,0,0,0,0,0,0,0,0,1,1
2329,0.3014442,0,2329,ERODED,1,1,1,1,1,1,1,1,1,1,1
2331,0.1604994,6,2331,Not eroded,0,0,0,0,0,0,0,0,0,0,0
2332,0.2389649,0,2332,Not eroded,0,1,1,1,0,0,1,1,1,1,1
2334,0.06204834,4,2334,Not eroded,0,0,0,0,0,0,0,0,0,1,1
2335,0.2574659,2,2335,Not eroded,0,1,1,1,1,1,1,0,1,1,1
2336,0.1772813,4,2336,Not eroded,0,0,0,0,0,0,0,0,0,1,1
2337,0.07856165,5,2337,Not eroded,0,0,0,0,0,0,0,0,0,0,1
2338,0.2438333,4,2338,Not eroded,0,1,1,1,1,0,0,0,0,1,1
2339,0.0838439,0,2339,Not eroded,0,0,0,0,0,0,1,1,1,1,1
2340,0.1504523,0,2340,Not eroded,0,0,0,0,0,0,1,1,1,1,1
2342,0.2305992,4,2342,Not eroded,0,1,1,1,0,0,0,0,0,1,1
2343,0.09410955,4,2343,Not eroded,0,0,0,0,0,0,0,0,0,1,1
2344,0.3049015,0,2344,ERODED,1,1,1,1,1,1,1,1,1,1,1
2345,0.2201766,5,2345,Not eroded,0,1,1,0,0,0,0,0,0,0,1
2346,0.2166054,4,2346,Not eroded,0,1,0,0,0,0,0,0,0,1,1
2347,0.2379945,4,2347,Not eroded,0,1,1,1,0,0,0,0,0,1,1
2348,0.1705134,5,2348,Not eroded,0,0,0,0,0,0,0,0,0,0,1
2349,0.1469432,5,2349,Not eroded,0,0,0,0,0,0,0,0,0,0,1
2350,0.2659628,3,2350,Not eroded,0,1,1,1,1,1,1,0,0,1,1
2351,0.1392205,0,2351,Not eroded,0,0,0,0,0,0,1,1,1,1,1
2353,0.2093142,4,2353,Not eroded,0,1,0,0,0,0,0,0,0,1,1
2356,0.2334044,5,2356,Not eroded,0,1,1,1,0,0,0,0,0,0,1
2357,0.1555922,4,2357,Not eroded,0,0,0,0,0,0,0,0,0,1,1
2358,0.1361123,5,2358,Not eroded,0,0,0,0,0,0,0,0,0,0,1
2359,0.05664409,5,2359,Not eroded,0,0,0,0,0,0,0,0,0,0,1
2360,0.1751145,3,2360,Not eroded,0,0,0,0,0,0,1,0,0,1,1
2361,0.1810393,4,2361,Not eroded,0,0,0,0,0,0,0,0,0,1,1
2362,0.05791602,7,2362,Not eroded,0,0,0,0,0,0,0,0,0,0,0
2363,0.2498401,3,2363,Not eroded,0,1,1,1,1,0,1,0,0,1,1
2364,0.2544144,0,2364,Not eroded,0,1,1,1,1,1,1,1,1,1,1
2366,0.1031354,4,2366,Not eroded,0,0,0,0,0,0,0,0,0,1,1
2367,0.2321834,3,2367,Not eroded,0,1,1,1,0,0,1,0,0,1,1
2368,0.2015771,0,2368,Not eroded,0,1,0,0,0,0,1,1,1,1,1
2369,0.1454021,3,2369,Not eroded,0,0,0,0,0,0,1,0,0,1,1
2370,0.1638207,5,2370,Not eroded,0,0,0,0,0,0,0,0,0,0,1
2371,0.1965806,5,2371,Not eroded,0,1,0,0,0,0,0,0,0,0,1
2372,0.2526619,0,2372,Not eroded,0,1,1,1,1,1,1,1,1,1,1
2373,0.1265732,4,2373,Not eroded,0,0,0,0,0,0,0,0,0,1,1
2374,0.2180996,3,2374,Not eroded,0,1,0,0,0,0,1,0,0,1,1
2375,0.1173241,5,2375,Not eroded,0,0,0,0,0,0,0,0,0,0,1
2376,0.1045107,5,2376,Not eroded,0,0,0,0,0,0,0,0,0,0,1
2377,0.1236192,3,2377,Not eroded,0,0,0,0,0,0,1,0,0,1,1
2378,0.08572579,3,2378,Not eroded,0,0,0,0,0,0,1,0,0,1,1
2379,0.2572231,5,2379,Not eroded,0,1,1,1,1,1,0,0,0,0,1
2380,0.2561859,3,2380,Not eroded,0,1,1,1,1,1,1,0,0,1,1
2381,0.05624583,3,2381,Not eroded,0,0,0,0,0,0,1,0,0,1,1
2382,0.09208244,3,2382,Not eroded,0,0,0,0,0,0,1,0,0,1,1
2383,0.2460687,3,2383,Not eroded,0,1,1,1,1,0,1,0,0,1,1
2384,0.2678821,0,2384,Not eroded,0,1,1,1,1,1,1,1,1,1,1
2385,0.312619,0,2385,ERODED,1,1,1,1,1,1,1,1,1,1,1
2386,0.3115187,0,2386,ERODED,1,1,1,1,1,1,1,1,1,1,1
2387,0.05605539,5,2387,Not eroded,0,0,0,0,0,0,0,0,0,0,1
2388,0.1841767,0,2388,Not eroded,0,0,0,0,0,0,1,1,1,1,1
2389,0.2908801,4,2389,Not eroded,0,1,1,1,1,1,0,0,0,1,1
2390,0.3051235,0,2390,ERODED,1,1,1,1,1,1,1,1,1,1,1
2391,0.05623994,4,2391,Not eroded,0,0,0,0,0,0,0,0,0,1,1
2392,0.106754,4,2392,Not eroded,0,0,0,0,0,0,0,0,0,1,1
2393,0.262219,0,2393,ERODED,1,1,1,1,1,1,1,1,1,1,1
2394,0.07393154,3,2394,Not eroded,0,0,0,0,0,0,1,0,0,1,1
2395,0.2690038,3,2395,ERODED,1,1,1,1,1,1,1,0,0,1,1
2396,0.1782378,0,2396,Not eroded,0,0,0,0,0,0,1,1,1,1,1
2397,0.1494564,4,2397,Not eroded,0,0,0,0,0,0,0,0,0,1,1
2398,0.1652319,4,2398,Not eroded,0,0,0,0,0,0,0,0,0,1,1
2399,0.3228777,0,2399,ERODED,1,1,1,1,1,1,1,1,1,1,1
2401,0.216075,0,2401,Not eroded,0,1,0,0,0,0,1,1,1,1,1
2402,0.1710105,0,2402,Not eroded,0,0,0,0,0,0,1,1,1,1,1
2403,0.2033641,4,2403,Not eroded,0,1,0,0,0,0,0,0,0,1,1
2404,0.1745606,4,2404,Not eroded,0,0,0,0,0,0,0,0,0,1,1
2405,0.07955005,5,2405,Not eroded,0,0,0,0,0,0,0,0,0,0,1
2407,0.2551154,4,2407,Not eroded,0,1,1,1,1,1,0,0,0,1,1
2408,0.2937249,0,2408,Not eroded,0,1,1,1,1,1,1,1,1,1,1
2409,0.07146066,4,2409,Not eroded,0,0,0,0,0,0,0,0,0,1,1
2410,0.2881819,0,2410,ERODED,1,1,1,1,1,1,1,1,1,1,1
2411,0.2054707,4,2411,Not eroded,0,1,0,0,0,0,0,0,0,1,1
2412,0.1392708,5,2412,Not eroded,0,0,0,0,0,0,0,0,0,0,1
2413,0.2835466,2,2413,Not eroded,0,1,1,1,1,1,1,0,1,1,1
2414,0.2968497,3,2414,Not eroded,0,1,1,1,1,1,1,0,0,1,1
2415,0.3253883,0,2415,Not eroded,0,1,1,1,1,1,1,1,1,1,1
2416,0.239265,5,2416,Not eroded,0,1,1,1,0,0,0,0,0,0,1
2417,0.2205145,5,2417,Not eroded,0,1,1,0,0,0,0,0,0,0,1
2418,0.09764632,6,2418,Not eroded,0,0,0,0,0,0,0,0,0,0,0
2419,0.1857408,5,2419,Not eroded,0,0,0,0,0,0,0,0,0,0,1
2420,0.2834741,5,2420,Not eroded,0,1,1,1,1,1,0,0,0,0,1
2421,0.07541106,4,2421,Not eroded,0,0,0,0,0,0,0,0,0,1,1
2422,0.08449152,3,2422,Not eroded,0,0,0,0,0,0,1,0,0,1,1
2423,0.1446757,6,2423,Not eroded,0,0,0,0,0,0,0,0,0,0,0
2424,0.06316767,3,2424,Not eroded,0,0,0,0,0,0,1,0,0,1,1
2425,0.07342711,3,2425,Not eroded,0,0,0,0,0,0,1,0,0,1,1
2426,0.05625303,3,2426,Not eroded,0,0,0,0,0,0,1,0,0,1,1
2427,0.1899362,4,2427,Not eroded,0,0,0,0,0,0,0,0,0,1,1
2428,0.2837058,0,2428,ERODED,1,1,1,1,1,1,1,1,1,1,1
2429,0.1149735,5,2429,Not eroded,0,0,0,0,0,0,0,0,0,0,1
2430,0.2378417,0,2430,Not eroded,0,1,1,1,0,0,1,1,1,1,1
2431,0.09996604,5,2431,Not eroded,0,0,0,0,0,0,0,0,0,0,1
2432,0.3135984,0,2432,ERODED,1,1,1,1,1,1,1,1,1,1,1
2433,0.09832393,0,2433,Not eroded,0,0,0,0,0,0,1,1,1,1,1
2434,0.2027642,0,2434,Not eroded,0,1,0,0,0,0,1,1,1,1,1
2435,0.09329846,5,2435,Not eroded,0,0,0,0,0,0,0,0,0,0,1
2436,0.2323024,5,2436,Not eroded,0,1,1,1,0,0,0,0,0,0,1
2437,0.2451513,5,2437,Not eroded,0,1,1,1,1,0,0,0,0,0,1
2438,0.1784116,5,2438,Not eroded,0,0,0,0,0,0,0,0,0,0,1
2439,0.2470828,3,2439,Not eroded,0,1,1,1,1,0,1,0,0,1,1
2440,0.2933314,3,2440,Not eroded,0,1,1,1,1,1,1,0,0,1,1
2441,0.1720461,5,2441,Not eroded,0,0,0,0,0,0,0,0,0,0,1
2442,0.2184813,3,2442,Not eroded,0,1,0,0,0,0,1,0,0,1,1
2443,0.1860162,3,2443,Not eroded,0,0,0,0,0,0,1,0,0,1,1
2444,0.3039439,0,2444,ERODED,1,1,1,1,1,1,1,1,1,1,1
2445,0.2390776,0,2445,Not eroded,0,1,1,1,0,0,1,1,1,1,1
2446,0.08109507,3,2446,Not eroded,0,0,0,0,0,0,1,0,0,1,1
2447,0.2884912,4,2447,Not eroded,0,1,1,1,1,1,0,0,0,1,1
2448,0.2440931,3,2448,Not eroded,0,1,1,1,1,0,1,0,0,1,1
2449,0.105233,5,2449,Not eroded,0,0,0,0,0,0,0,0,0,0,1
2450,0.3244715,0,2450,ERODED,1,1,1,1,1,1,1,1,1,1,1
2451,0.2686029,2,2451,Not eroded,0,1,1,1,1,1,1,0,1,1,1
2452,0.2402845,5,2452,Not eroded,0,1,1,1,1,0,0,0,0,0,1
2453,0.2521907,3,2453,Not eroded,0,1,1,1,1,1,1,0,0,1,1
2454,0.2594697,5,2454,Not eroded,0,1,1,1,1,1,0,0,0,0,1
2455,0.1390135,0,2455,Not eroded,0,0,0,0,0,0,1,1,1,1,1
2456,0.1571408,5,2456,Not eroded,0,0,0,0,0,0,0,0,0,0,1
2457,0.1757512,4,2457,Not eroded,0,0,0,0,0,0,0,0,0,1,1
2458,0.200089,4,2458,Not eroded,0,1,0,0,0,0,0,0,0,1,1
2459,0.2328954,4,2459,ERODED,1,1,1,1,0,0,0,0,0,1,1
2460,0.2237585,3,2460,Not eroded,0,1,1,0,0,0,1,0,0,1,1
2461,0.2312988,0,2461,Not eroded,0,1,1,1,0,0,1,1,1,1,1
2463,0.1336849,3,2463,Not eroded,0,0,0,0,0,0,1,0,0,1,1
2464,0.1631978,5,2464,Not eroded,0,0,0,0,0,0,0,0,0,0,1
2465,0.2361898,0,2465,ERODED,1,1,1,1,0,0,1,1,1,1,1
2466,0.208174,5,2466,Not eroded,0,1,0,0,0,0,0,0,0,0,1
2467,0.3249613,0,2467,ERODED,1,1,1,1,1,1,1,1,1,1,1
2468,0.129063,0,2468,Not eroded,0,0,0,0,0,0,1,1,1,1,1
2469,0.2601252,6,2469,Not eroded,0,1,1,1,1,1,0,0,0,0,0
2472,0.2302414,4,2472,Not eroded,0,1,1,1,0,0,0,0,0,1,1
2473,0.1318347,6,2473,Not eroded,0,0,0,0,0,0,0,0,0,0,0
2474,0.2044878,0,2474,Not eroded,0,1,0,0,0,0,1,1,1,1,1
2476,0.2225982,3,2476,Not eroded,0,1,1,0,0,0,1,0,0,1,1
2477,0.1488118,6,2477,Not eroded,0,0,0,0,0,0,0,0,0,0,0
2478,0.06575828,4,2478,Not eroded,0,0,0,0,0,0,0,0,0,1,1
2479,0.1659278,2,2479,Not eroded,0,0,0,0,0,0,1,0,1,1,1
2480,0.2731401,3,2480,Not eroded,0,1,1,1,1,1,1,0,0,1,1
2481,0.05624923,4,2481,Not eroded,0,0,0,0,0,0,0,0,0,1,1
2482,0.08418556,4,2482,Not eroded,0,0,0,0,0,0,0,0,0,1,1
2483,0.09015973,4,2483,Not eroded,0,0,0,0,0,0,0,0,0,1,1
2484,0.2191162,0,2484,Not eroded,0,1,0,0,0,0,1,1,1,1,1
2485,0.05946972,6,2485,Not eroded,0,0,0,0,0,0,0,0,0,0,0
2487,0.156773,3,2487,Not eroded,0,0,0,0,0,0,1,0,0,1,1
2488,0.1669015,7,2488,Not eroded,0,0,0,0,0,0,0,0,0,0,0
2489,0.3145586,0,2489,ERODED,1,1,1,1,1,1,1,1,1,1,1
2490,0.2442605,3,2490,ERODED,1,1,1,1,1,0,1,0,0,1,1
2491,0.07963145,3,2491,Not eroded,0,0,0,0,0,0,1,0,0,1,1
2492,0.2330069,0,2492,ERODED,1,1,1,1,0,0,1,1,1,1,1
2493,0.1748745,4,2493,Not eroded,0,0,0,0,0,0,0,0,0,1,1
2495,0.08731598,4,2495,Not eroded,0,0,0,0,0,0,0,0,0,1,1
2496,0.2138854,4,2496,Not eroded,0,1,0,0,0,0,0,0,0,1,1
2497,0.1323759,4,2497,Not eroded,0,0,0,0,0,0,0,0,0,1,1
2498,0.0562664,3,2498,Not eroded,0,0,0,0,0,0,1,0,0,1,1
2499,0.1367267,0,2499,Not eroded,0,0,0,0,0,0,1,1,1,1,1
2500,0.3335667,0,2500,ERODED,1,1,1,1,1,1,1,1,1,1,1
2501,0.06547041,3,2501,Not eroded,0,0,0,0,0,0,1,0,0,1,1
2502,0.09011836,6,2502,Not eroded,0,0,0,0,0,0,0,0,0,0,0
2504,0.1196689,3,2504,Not eroded,0,0,0,0,0,0,1,0,0,1,1
2507,0.2739507,0,2507,ERODED,1,1,1,1,1,1,1,1,1,1,1
2508,0.07956544,3,2508,Not eroded,0,0,0,0,0,0,1,0,0,1,1
2509,0.3085263,0,2509,ERODED,1,1,1,1,1,1,1,1,1,1,1
2510,0.2268151,4,2510,Not eroded,0,1,1,0,0,0,0,0,0,1,1
2512,0.166221,4,2512,Not eroded,0,0,0,0,0,0,0,0,0,1,1
2513,0.1829884,3,2513,Not eroded,0,0,0,0,0,0,1,0,0,1,1
2514,0.2922876,0,2514,ERODED,1,1,1,1,1,1,1,1,1,1,1
2515,0.2913951,0,2515,Not eroded,0,1,1,1,1,1,1,1,1,1,1
2517,0.207596,2,2517,Not eroded,0,1,0,0,0,0,1,0,1,1,1
2519,0.2632282,0,2519,Not eroded,0,1,1,1,1,1,1,1,1,1,1
2520,0.1511034,3,2520,Not eroded,0,0,0,0,0,0,1,0,0,1,1
2523,0.07081122,5,2523,Not eroded,0,0,0,0,0,0,0,0,0,0,1
2524,0.0562711,3,2524,Not eroded,0,0,0,0,0,0,1,0,0,1,1
2525,0.1751216,0,2525,Not eroded,0,0,0,0,0,0,1,1,1,1,1
2526,0.2341959,3,2526,Not eroded,0,1,1,1,0,0,1,0,0,1,1
2527,0.2564729,0,2527,Not eroded,0,1,1,1,1,1,1,1,1,1,1
2528,0.2728698,0,2528,Not eroded,0,1,1,1,1,1,1,1,1,1,1
2529,0.2926455,0,2529,ERODED,1,1,1,1,1,1,1,1,1,1,1
2530,0.1810732,5,2530,Not eroded,0,0,0,0,0,0,0,0,0,0,1
2531,0.2470816,3,2531,Not eroded,0,1,1,1,1,0,1,0,0,1,1
2532,0.1433235,3,2532,Not eroded,0,0,0,0,0,0,1,0,0,1,1
2533,0.214891,3,2533,Not eroded,0,1,0,0,0,0,1,0,0,1,1
2534,0.2198729,3,2534,Not eroded,0,1,0,0,0,0,1,0,0,1,1
2535,0.174933,3,2535,Not eroded,0,0,0,0,0,0,1,0,0,1,1
2536,0.2579498,4,2536,Not eroded,0,1,1,1,1,1,0,0,0,1,1
2537,0.07477812,3,2537,Not eroded,0,0,0,0,0,0,1,0,0,1,1
2538,0.288849,0,2538,Not eroded,0,1,1,1,1,1,1,1,1,1,1
2539,0.08117055,6,2539,Not eroded,0,0,0,0,0,0,0,0,0,0,0
2540,0.214599,3,2540,Not eroded,0,1,0,0,0,0,1,0,0,1,1
2541,0.2107373,5,2541,Not eroded,0,1,0,0,0,0,0,0,0,0,1
2542,0.2356813,0,2542,Not eroded,0,1,1,1,0,0,1,1,1,1,1
2543,0.06551394,5,2543,Not eroded,0,0,0,0,0,0,0,0,0,0,1
2544,0.2296109,5,2544,Not eroded,0,1,1,0,0,0,0,0,0,0,1
2546,0.2726677,1,2546,ERODED,1,1,1,1,1,1,1,1,1,1,1
2548,0.131116,4,2548,Not eroded,0,0,0,0,0,0,0,0,0,1,1
2549,0.1632489,4,2549,Not eroded,0,0,0,0,0,0,0,0,0,1,1
2550,0.08082608,5,2550,Not eroded,0,0,0,0,0,0,0,0,0,0,1
2551,0.1663529,5,2551,Not eroded,0,0,0,0,0,0,0,0,0,0,1
2552,0.3017412,0,2552,ERODED,1,1,1,1,1,1,1,1,1,1,1
2553,0.2899911,0,2553,ERODED,1,1,1,1,1,1,1,1,1,1,1
2554,0.1088392,3,2554,Not eroded,0,0,0,0,0,0,1,0,0,1,1
2555,0.1889935,6,2555,Not eroded,0,0,0,0,0,0,0,0,0,0,0
2556,0.1549593,3,2556,Not eroded,0,0,0,0,0,0,1,0,0,1,1
2557,0.08946407,3,2557,Not eroded,0,0,0,0,0,0,1,0,0,1,1
2558,0.1082133,4,2558,Not eroded,0,0,0,0,0,0,0,0,0,1,1
2560,0.295004,0,2560,ERODED,1,1,1,1,1,1,1,1,1,1,1
2561,0.09856928,0,2561,Not eroded,0,0,0,0,0,0,1,1,1,1,1
2562,0.09455806,4,2562,Not eroded,0,0,0,0,0,0,0,0,0,1,1
2563,0.2597693,0,2563,ERODED,1,1,1,1,1,1,1,1,1,1,1
2564,0.1774338,0,2564,Not eroded,0,0,0,0,0,0,1,1,1,1,1
2565,0.2816396,6,2565,Not eroded,0,1,1,1,1,1,0,0,0,0,0
2566,0.2770641,4,2566,Not eroded,0,1,1,1,1,1,0,0,0,1,1
2567,0.05536055,1,2567,Not eroded,0,0,0,0,0,0,1,1,1,1,1
2568,0.2962177,3,2568,Not eroded,0,1,1,1,1,1,1,0,0,1,1
2569,0.09167031,4,2569,Not eroded,0,0,0,0,0,0,0,0,0,1,1
2570,0.2398531,4,2570,Not eroded,0,1,1,1,0,0,0,0,0,1,1
2571,0.2115389,5,2571,Not eroded,0,1,0,0,0,0,0,0,0,0,1
2572,0.2082457,5,2572,Not eroded,0,1,0,0,0,0,0,0,0,0,1
2574,0.1899765,5,2574,Not eroded,0,0,0,0,0,0,0,0,0,0,1
2575,0.1499035,6,2575,Not eroded,0,0,0,0,0,0,0,0,0,0,0
2576,0.2528718,0,2576,Not eroded,0,1,1,1,1,1,1,1,1,1,1
2577,0.1793916,4,2577,Not eroded,0,0,0,0,0,0,0,0,0,1,1
2578,0.1196518,3,2578,Not eroded,0,0,0,0,0,0,1,0,0,1,1
2579,0.2785357,0,2579,ERODED,1,1,1,1,1,1,1,1,1,1,1
2580,0.09278481,5,2580,Not eroded,0,0,0,0,0,0,0,0,0,0,1
2581,0.2156153,0,2581,Not eroded,0,1,0,0,0,0,1,1,1,1,1
2582,0.2188377,4,2582,Not eroded,0,1,0,0,0,0,0,0,0,1,1
2583,0.1933624,3,2583,Not eroded,0,1,0,0,0,0,1,0,0,1,1
2584,0.1381159,6,2584,Not eroded,0,0,0,0,0,0,0,0,0,0,0
2585,0.2394443,5,2585,Not eroded,0,1,1,1,0,0,0,0,0,0,1
2587,0.133878,2,2587,Not eroded,0,0,0,0,0,0,1,0,1,1,1
2589,0.1741854,3,2589,Not eroded,0,0,0,0,0,0,1,0,0,1,1
2590,0.2719355,4,2590,Not eroded,0,1,1,1,1,1,0,0,0,1,1
2591,0.2786759,0,2591,ERODED,1,1,1,1,1,1,1,1,1,1,1
2592,0.1149877,3,2592,Not eroded,0,0,0,0,0,0,1,0,0,1,1
2593,0.2349646,0,2593,Not eroded,0,1,1,1,0,0,1,1,1,1,1
2594,0.1747888,4,2594,Not eroded,0,0,0,0,0,0,0,0,0,1,1
2595,0.1037856,8,2595,Not eroded,0,0,0,0,0,0,0,0,0,0,0
2596,0.2029329,6,2596,Not eroded,0,1,0,0,0,0,0,0,0,0,0
2597,0.1005728,3,2597,Not eroded,0,0,0,0,0,0,1,0,0,1,1
2598,0.09502907,0,2598,Not eroded,0,0,0,0,0,0,1,1,1,1,1
2599,0.1111649,4,2599,Not eroded,0,0,0,0,0,0,0,0,0,1,1
2601,0.3031102,0,2601,Not eroded,0,1,1,1,1,1,1,1,1,1,1
2602,0.2927675,0,2602,Not eroded,0,1,1,1,1,1,1,1,1,1,1
2603,0.3238667,0,2603,ERODED,1,1,1,1,1,1,1,1,1,1,1
2604,0.288051,6,2604,Not eroded,0,1,1,1,1,1,0,0,0,0,0
2605,0.2055682,3,2605,Not eroded,0,1,0,0,0,0,1,0,0,1,1
2606,0.167833,5,2606,Not eroded,0,0,0,0,0,0,0,0,0,0,1
2607,0.1001945,4,2607,Not eroded,0,0,0,0,0,0,0,0,0,1,1
2608,0.1313709,3,2608,Not eroded,0,0,0,0,0,0,1,0,0,1,1
2609,0.3124591,0,2609,ERODED,1,1,1,1,1,1,1,1,1,1,1
2610,0.2740824,0,2610,ERODED,1,1,1,1,1,1,1,1,1,1,1
2611,0.2495473,5,2611,Not eroded,0,1,1,1,1,0,0,0,0,0,1
2612,0.05658388,0,2612,Not eroded,0,0,0,0,0,0,1,1,1,1,1
2613,0.2960771,0,2613,ERODED,1,1,1,1,1,1,1,1,1,1,1
2614,0.1788875,6,2614,Not eroded,0,0,0,0,0,0,0,0,0,0,0
2615,0.2200441,2,2615,Not eroded,0,1,1,0,0,0,1,0,1,1,1
2616,0.1334642,4,2616,Not eroded,0,0,0,0,0,0,0,0,0,1,1
2617,0.06314023,6,2617,Not eroded,0,0,0,0,0,0,0,0,0,0,0
2618,0.2961379,0,2618,ERODED,1,1,1,1,1,1,1,1,1,1,1
2619,0.0671049,2,2619,Not eroded,0,0,0,0,0,0,1,0,1,1,1
2620,0.1999847,3,2620,Not eroded,0,1,0,0,0,0,1,0,0,1,1
2621,0.08263441,4,2621,Not eroded,0,0,0,0,0,0,0,0,0,1,1
2622,0.1621224,4,2622,Not eroded,0,0,0,0,0,0,0,0,0,1,1
2623,0.1444076,4,2623,Not eroded,0,0,0,0,0,0,0,0,0,1,1
2624,0.2679335,0,2624,Not eroded,0,1,1,1,1,1,1,1,1,1,1
2625,0.06487631,4,2625,Not eroded,0,0,0,0,0,0,0,0,0,1,1
2626,0.08383741,4,2626,Not eroded,0,0,0,0,0,0,0,0,0,1,1
2627,0.1072851,5,2627,Not eroded,0,0,0,0,0,0,0,0,0,0,1
2628,0.1074458,4,2628,Not eroded,0,0,0,0,0,0,0,0,0,1,1
2630,0.2970771,0,2630,ERODED,1,1,1,1,1,1,1,1,1,1,1
2631,0.2669618,2,2631,Not eroded,0,1,1,1,1,1,1,0,1,1,1
2632,0.279129,5,2632,Not eroded,0,1,1,1,1,1,0,0,0,0,1
2633,0.06441955,0,2633,Not eroded,0,0,0,0,0,0,1,1,1,1,1
2634,0.1533713,2,2634,Not eroded,0,0,0,0,0,0,1,0,1,1,1
2635,0.3171992,2,2635,Not eroded,0,1,1,1,1,1,1,0,1,1,1
2636,0.06778821,6,2636,Not eroded,0,0,0,0,0,0,0,0,0,0,0
2637,0.05626166,4,2637,Not eroded,0,0,0,0,0,0,0,0,0,1,1
2638,0.1552984,4,2638,Not eroded,0,0,0,0,0,0,0,0,0,1,1
2639,0.2259474,4,2639,Not eroded,0,1,1,0,0,0,0,0,0,1,1
2640,0.1051807,4,2640,Not eroded,0,0,0,0,0,0,0,0,0,1,1
2641,0.09441312,4,2641,Not eroded,0,0,0,0,0,0,0,0,0,1,1
2642,0.05715908,2,2642,Not eroded,0,0,0,0,0,0,1,0,1,1,1
2643,0.2876637,3,2643,Not eroded,0,1,1,1,1,1,1,0,0,1,1
2644,0.178794,3,2644,Not eroded,0,0,0,0,0,0,1,0,0,1,1
2645,0.2182008,4,2645,Not eroded,0,1,0,0,0,0,0,0,0,1,1
2646,0.1860482,5,2646,Not eroded,0,0,0,0,0,0,0,0,0,0,1
2647,0.166641,6,2647,Not eroded,0,0,0,0,0,0,0,0,0,0,0
2648,0.3108758,0,2648,ERODED,1,1,1,1,1,1,1,1,1,1,1
2649,0.2306232,2,2649,Not eroded,0,1,1,1,0,0,1,0,1,1,1
2650,0.2406413,4,2650,Not eroded,0,1,1,1,1,0,0,0,0,1,1
2651,0.238239,5,2651,Not eroded,0,1,1,1,0,0,0,0,0,0,1
2652,0.08548987,4,2652,Not eroded,0,0,0,0,0,0,0,0,0,1,1
2653,0.1273658,0,2653,Not eroded,0,0,0,0,0,0,1,1,1,1,1
2654,0.1014899,0,2654,Not eroded,0,0,0,0,0,0,1,1,1,1,1
2655,0.07319754,6,2655,Not eroded,0,0,0,0,0,0,0,0,0,0,0
2656,0.1777331,0,2656,Not eroded,0,0,0,0,0,0,1,1,1,1,1
2657,0.2785117,3,2657,Not eroded,0,1,1,1,1,1,1,0,0,1,1
2658,0.191451,4,2658,Not eroded,0,1,0,0,0,0,0,0,0,1,1
2659,0.198205,0,2659,Not eroded,0,1,0,0,0,0,1,1,1,1,1
2660,0.08864614,4,2660,Not eroded,0,0,0,0,0,0,0,0,0,1,1
2662,0.3268449,0,2662,ERODED,1,1,1,1,1,1,1,1,1,1,1
2663,0.1580115,6,2663,Not eroded,0,0,0,0,0,0,0,0,0,0,0
2665,0.09389832,3,2665,Not eroded,0,0,0,0,0,0,1,0,0,1,1
2666,0.09233693,5,2666,Not eroded,0,0,0,0,0,0,0,0,0,0,1
2667,0.2510052,4,2667,Not eroded,0,1,1,1,1,1,0,0,0,1,1
2668,0.1680478,5,2668,Not eroded,0,0,0,0,0,0,0,0,0,0,1
2669,0.2910217,0,2669,Not eroded,0,1,1,1,1,1,1,1,1,1,1
2671,0.3264633,0,2671,ERODED,1,1,1,1,1,1,1,1,1,1,1
2672,0.0732231,6,2672,Not eroded,0,0,0,0,0,0,0,0,0,0,0
2673,0.1930267,4,2673,Not eroded,0,1,0,0,0,0,0,0,0,1,1
2674,0.3259859,0,2674,Not eroded,0,1,1,1,1,1,1,1,1,1,1
2675,0.08470963,4,2675,Not eroded,0,0,0,0,0,0,0,0,0,1,1
2676,0.2415898,3,2676,ERODED,1,1,1,1,1,0,1,0,0,1,1
2677,0.06940173,5,2677,Not eroded,0,0,0,0,0,0,0,0,0,0,1
2678,0.1470947,4,2678,Not eroded,0,0,0,0,0,0,0,0,0,1,1
2679,0.2705385,0,2679,ERODED,1,1,1,1,1,1,1,1,1,1,1
2680,0.1790706,5,2680,Not eroded,0,0,0,0,0,0,0,0,0,0,1
2681,0.09558857,0,2681,Not eroded,0,0,0,0,0,0,1,1,1,1,1
2682,0.06795516,4,2682,Not eroded,0,0,0,0,0,0,0,0,0,1,1
2683,0.05626514,4,2683,Not eroded,0,0,0,0,0,0,0,0,0,1,1
2684,0.05957823,3,2684,Not eroded,0,0,0,0,0,0,1,0,0,1,1
2685,0.2267294,5,2685,Not eroded,0,1,1,0,0,0,0,0,0,0,1
2686,0.2000684,3,2686,Not eroded,0,1,0,0,0,0,1,0,0,1,1
2687,0.1021582,6,2687,Not eroded,0,0,0,0,0,0,0,0,0,0,0
2688,0.211707,4,2688,Not eroded,0,1,0,0,0,0,0,0,0,1,1
2689,0.2551351,3,2689,Not eroded,0,1,1,1,1,1,1,0,0,1,1
2690,0.1315339,5,2690,Not eroded,0,0,0,0,0,0,0,0,0,0,1
2691,0.1110984,0,2691,Not eroded,0,0,0,0,0,0,1,1,1,1,1
2692,0.2470397,3,2692,Not eroded,0,1,1,1,1,0,1,0,0,1,1
2693,0.2680957,4,2693,Not eroded,0,1,1,1,1,1,0,0,0,1,1
2694,0.09911965,6,2694,Not eroded,0,0,0,0,0,0,0,0,0,0,0
2695,0.07789202,3,2695,Not eroded,0,0,0,0,0,0,1,0,0,1,1
2696,0.10562,4,2696,Not eroded,0,0,0,0,0,0,0,0,0,1,1
2697,0.2606742,4,2697,Not eroded,0,1,1,1,1,1,0,0,0,1,1
2698,0.06324837,4,2698,Not eroded,0,0,0,0,0,0,0,0,0,1,1
2699,0.1362867,4,2699,Not eroded,0,0,0,0,0,0,0,0,0,1,1
2700,0.1477612,3,2700,Not eroded,0,0,0,0,0,0,1,0,0,1,1
2701,0.11181,0,2701,Not eroded,0,0,0,0,0,0,1,1,1,1,1
2702,0.1991245,6,2702,Not eroded,0,1,0,0,0,0,0,0,0,0,0
2704,0.128064,5,2704,Not eroded,0,0,0,0,0,0,0,0,0,0,1
2705,0.06316919,5,2705,Not eroded,0,0,0,0,0,0,0,0,0,0,1
2706,0.1062526,6,2706,Not eroded,0,0,0,0,0,0,0,0,0,0,0
2709,0.1372719,3,2709,Not eroded,0,0,0,0,0,0,1,0,0,1,1
2710,0.2739772,3,2710,Not eroded,0,1,1,1,1,1,1,0,0,1,1
2711,0.1116281,5,2711,Not eroded,0,0,0,0,0,0,0,0,0,0,1
2712,0.2429107,4,2712,Not eroded,0,1,1,1,1,0,0,0,0,1,1
2713,0.1287429,3,2713,Not eroded,0,0,0,0,0,0,1,0,0,1,1
2714,0.1860675,5,2714,Not eroded,0,0,0,0,0,0,0,0,0,0,1
2715,0.07434593,6,2715,Not eroded,0,0,0,0,0,0,0,0,0,0,0
2716,0.07517051,5,2716,Not eroded,0,0,0,0,0,0,0,0,0,0,1
2717,0.2539251,4,2717,Not eroded,0,1,1,1,1,1,0,0,0,1,1
2718,0.1630298,3,2718,Not eroded,0,0,0,0,0,0,1,0,0,1,1
2719,0.05624471,5,2719,Not eroded,0,0,0,0,0,0,0,0,0,0,1
2720,0.1235622,5,2720,Not eroded,0,0,0,0,0,0,0,0,0,0,1
2721,0.3050733,0,2721,ERODED,1,1,1,1,1,1,1,1,1,1,1
2722,0.1040824,3,2722,Not eroded,0,0,0,0,0,0,1,0,0,1,1
2723,0.2770476,0,2723,Not eroded,0,1,1,1,1,1,1,1,1,1,1
2724,0.2324795,4,2724,Not eroded,0,1,1,1,0,0,0,0,0,1,1
2725,0.07488545,4,2725,Not eroded,0,0,0,0,0,0,0,0,0,1,1
2726,0.1504042,5,2726,Not eroded,0,0,0,0,0,0,0,0,0,0,1
2727,0.1079342,3,2727,Not eroded,0,0,0,0,0,0,1,0,0,1,1
2728,0.2231282,4,2728,Not eroded,0,1,1,0,0,0,0,0,0,1,1
2729,0.2289522,3,2729,Not eroded,0,1,1,0,0,0,1,0,0,1,1
2731,0.152904,0,2731,Not eroded,0,0,0,0,0,0,1,1,1,1,1
2732,0.1228948,4,2732,Not eroded,0,0,0,0,0,0,0,0,0,1,1
2733,0.1465873,7,2733,Not eroded,0,0,0,0,0,0,0,0,0,0,0
2734,0.1568029,3,2734,Not eroded,0,0,0,0,0,0,1,0,0,1,1
2735,0.1792203,0,2735,Not eroded,0,0,0,0,0,0,1,1,1,1,1
2736,0.1048218,5,2736,Not eroded,0,0,0,0,0,0,0,0,0,0,1
2737,0.1964768,0,2737,Not eroded,0,1,0,0,0,0,1,1,1,1,1
2738,0.2720124,0,2738,Not eroded,0,1,1,1,1,1,1,1,1,1,1
2739,0.1520755,3,2739,Not eroded,0,0,0,0,0,0,1,0,0,1,1
2740,0.1725801,7,2740,Not eroded,0,0,0,0,0,0,0,0,0,0,0
2741,0.2215943,4,2741,Not eroded,0,1,1,0,0,0,0,0,0,1,1
2742,0.05626639,3,2742,Not eroded,0,0,0,0,0,0,1,0,0,1,1
2743,0.09223567,4,2743,Not eroded,0,0,0,0,0,0,0,0,0,1,1
2744,0.1369895,5,2744,Not eroded,0,0,0,0,0,0,0,0,0,0,1
2745,0.2862573,0,2745,Not eroded,0,1,1,1,1,1,1,1,1,1,1
2746,0.2555344,4,2746,Not eroded,0,1,1,1,1,1,0,0,0,1,1
2747,0.2827298,0,2747,Not eroded,0,1,1,1,1,1,1,1,1,1,1
2749,0.2821843,0,2749,Not eroded,0,1,1,1,1,1,1,1,1,1,1
2750,0.2547804,6,2750,Not eroded,0,1,1,1,1,1,0,0,0,0,0
2751,0.1401187,0,2751,Not eroded,0,0,0,0,0,0,1,1,1,1,1
2752,0.09191931,0,2752,Not eroded,0,0,0,0,0,0,1,1,1,1,1
2753,0.1487763,6,2753,Not eroded,0,0,0,0,0,0,0,0,0,0,0
2754,0.2997094,0,2754,ERODED,1,1,1,1,1,1,1,1,1,1,1
2755,0.3106482,0,2755,ERODED,1,1,1,1,1,1,1,1,1,1,1
2756,0.2210345,4,2756,Not eroded,0,1,1,0,0,0,0,0,0,1,1
2757,0.2063487,2,2757,Not eroded,0,1,0,0,0,0,1,0,1,1,1
2758,0.1733944,5,2758,Not eroded,0,0,0,0,0,0,0,0,0,0,1
2759,0.07264706,6,2759,Not eroded,0,0,0,0,0,0,0,0,0,0,0
2760,0.1552786,4,2760,Not eroded,0,0,0,0,0,0,0,0,0,1,1
2761,0.2151367,3,2761,Not eroded,0,1,0,0,0,0,1,0,0,1,1
2762,0.1119254,4,2762,Not eroded,0,0,0,0,0,0,0,0,0,1,1
2763,0.2201451,4,2763,Not eroded,0,1,1,0,0,0,0,0,0,1,1
2764,0.1716587,4,2764,Not eroded,0,0,0,0,0,0,0,0,0,1,1
2765,0.05625296,4,2765,Not eroded,0,0,0,0,0,0,0,0,0,1,1
2766,0.1232767,4,2766,Not eroded,0,0,0,0,0,0,0,0,0,1,1
2767,0.062835,7,2767,Not eroded,0,0,0,0,0,0,0,0,0,0,0
2769,0.2625717,0,2769,ERODED,1,1,1,1,1,1,1,1,1,1,1
2770,0.09565184,3,2770,Not eroded,0,0,0,0,0,0,1,0,0,1,1
2771,0.2351728,4,2771,Not eroded,0,1,1,1,0,0,0,0,0,1,1
2772,0.1121498,0,2772,Not eroded,0,0,0,0,0,0,1,1,1,1,1
2773,0.05863667,5,2773,Not eroded,0,0,0,0,0,0,0,0,0,0,1
2774,0.2894971,0,2774,ERODED,1,1,1,1,1,1,1,1,1,1,1
2775,0.06591645,3,2775,Not eroded,0,0,0,0,0,0,1,0,0,1,1
2776,0.3259134,0,2776,ERODED,1,1,1,1,1,1,1,1,1,1,1
2777,0.196056,3,2777,Not eroded,0,1,0,0,0,0,1,0,0,1,1
2778,0.2455832,3,2778,Not eroded,0,1,1,1,1,0,1,0,0,1,1
2779,0.2635537,0,2779,Not eroded,0,1,1,1,1,1,1,1,1,1,1
2780,0.06964692,5,2780,Not eroded,0,0,0,0,0,0,0,0,0,0,1
2781,0.05625064,2,2781,Not eroded,0,0,0,0,0,0,1,0,1,1,1
2782,0.1445918,0,2782,Not eroded,0,0,0,0,0,0,1,1,1,1,1
2783,0.1393244,4,2783,Not eroded,0,0,0,0,0,0,0,0,0,1,1
2784,0.2593856,6,2784,Not eroded,0,1,1,1,1,1,0,0,0,0,0
2785,0.1284405,6,2785,Not eroded,0,0,0,0,0,0,0,0,0,0,0
2786,0.1358088,0,2786,Not eroded,0,0,0,0,0,0,1,1,1,1,1
2787,0.1737814,0,2787,Not eroded,0,0,0,0,0,0,1,1,1,1,1
2789,0.06409491,5,2789,Not eroded,0,0,0,0,0,0,0,0,0,0,1
2790,0.2413317,5,2790,Not eroded,0,1,1,1,1,0,0,0,0,0,1
2791,0.3001947,0,2791,ERODED,1,1,1,1,1,1,1,1,1,1,1
2792,0.1523859,3,2792,Not eroded,0,0,0,0,0,0,1,0,0,1,1
2794,0.1819708,4,2794,Not eroded,0,0,0,0,0,0,0,0,0,1,1
2795,0.248301,4,2795,Not eroded,0,1,1,1,1,0,0,0,0,1,1
2796,0.2636158,3,2796,Not eroded,0,1,1,1,1,1,1,0,0,1,1
2797,0.2280535,4,2797,Not eroded,0,1,1,0,0,0,0,0,0,1,1
2798,0.0619009,5,2798,Not eroded,0,0,0,0,0,0,0,0,0,0,1
2799,0.1945022,4,2799,Not eroded,0,1,0,0,0,0,0,0,0,1,1
2800,0.2893729,0,2800,ERODED,1,1,1,1,1,1,1,1,1,1,1
2801,0.2988588,0,2801,ERODED,1,1,1,1,1,1,1,1,1,1,1
2802,0.2834845,0,2802,ERODED,1,1,1,1,1,1,1,1,1,1,1
2803,0.1291729,3,2803,Not eroded,0,0,0,0,0,0,1,0,0,1,1
2805,0.1625171,4,2805,Not eroded,0,0,0,0,0,0,0,0,0,1,1
2806,0.2441631,0,2806,Not eroded,0,1,1,1,1,0,1,1,1,1,1
2807,0.2165526,3,2807,Not eroded,0,1,0,0,0,0,1,0,0,1,1
2809,0.2931664,4,2809,Not eroded,0,1,1,1,1,1,0,0,0,1,1
2810,0.1939429,4,2810,Not eroded,0,1,0,0,0,0,0,0,0,1,1
2811,0.2888569,5,2811,Not eroded,0,1,1,1,1,1,0,0,0,0,1
2813,0.07441467,3,2813,Not eroded,0,0,0,0,0,0,1,0,0,1,1
2814,0.07537206,4,2814,Not eroded,0,0,0,0,0,0,0,0,0,1,1
2815,0.05627035,4,2815,Not eroded,0,0,0,0,0,0,0,0,0,1,1
2816,0.2932082,4,2816,Not eroded,0,1,1,1,1,1,0,0,0,1,1
2817,0.1194146,5,2817,Not eroded,0,0,0,0,0,0,0,0,0,0,1
2818,0.1314044,4,2818,Not eroded,0,0,0,0,0,0,0,0,0,1,1
2819,0.07903597,4,2819,Not eroded,0,0,0,0,0,0,0,0,0,1,1
2820,0.1475189,0,2820,Not eroded,0,0,0,0,0,0,1,1,1,1,1
2821,0.1111437,5,2821,Not eroded,0,0,0,0,0,0,0,0,0,0,1
2822,0.2640222,0,2822,Not eroded,0,1,1,1,1,1,1,1,1,1,1
2823,0.1427491,2,2823,Not eroded,0,0,0,0,0,0,1,0,1,1,1
2824,0.124719,3,2824,Not eroded,0,0,0,0,0,0,1,0,0,1,1
2825,0.1149996,0,2825,Not eroded,0,0,0,0,0,0,1,1,1,1,1
2827,0.09003446,6,2827,Not eroded,0,0,0,0,0,0,0,0,0,0,0
2828,0.32311,0,2828,ERODED,1,1,1,1,1,1,1,1,1,1,1
2829,0.2757353,3,2829,Not eroded,0,1,1,1,1,1,1,0,0,1,1
2830,0.05617694,4,2830,Not eroded,0,0,0,0,0,0,0,0,0,1,1
2831,0.2734247,0,2831,Not eroded,0,1,1,1,1,1,1,1,1,1,1
2832,0.1832506,0,2832,Not eroded,0,0,0,0,0,0,1,1,1,1,1
2834,0.07432905,2,2834,Not eroded,0,0,0,0,0,0,1,0,1,1,1
2835,0.05629354,0,2835,Not eroded,0,0,0,0,0,0,1,1,1,1,1
2837,0.1257156,3,2837,Not eroded,0,0,0,0,0,0,1,0,0,1,1
2838,0.05625004,5,2838,Not eroded,0,0,0,0,0,0,0,0,0,0,1
2839,0.3083546,2,2839,Not eroded,0,1,1,1,1,1,1,0,1,1,1
2840,0.2680221,0,2840,Not eroded,0,1,1,1,1,1,1,1,1,1,1
2841,0.1983353,0,2841,Not eroded,0,1,0,0,0,0,1,1,1,1,1
2842,0.2945461,0,2842,ERODED,1,1,1,1,1,1,1,1,1,1,1
2843,0.1921356,5,2843,Not eroded,0,1,0,0,0,0,0,0,0,0,1
2845,0.28036,0,2845,Not eroded,0,1,1,1,1,1,1,1,1,1,1
2846,0.2953552,0,2846,ERODED,1,1,1,1,1,1,1,1,1,1,1
2847,0.05641085,4,2847,Not eroded,0,0,0,0,0,0,0,0,0,1,1
2848,0.1975095,4,2848,Not eroded,0,1,0,0,0,0,0,0,0,1,1
2849,0.2577955,0,2849,Not eroded,0,1,1,1,1,1,1,1,1,1,1
2850,0.1440636,4,2850,Not eroded,0,0,0,0,0,0,0,0,0,1,1
2851,0.2694209,0,2851,Not eroded,0,1,1,1,1,1,1,1,1,1,1
2852,0.1675616,4,2852,Not eroded,0,0,0,0,0,0,0,0,0,1,1
2853,0.123949,3,2853,Not eroded,0,0,0,0,0,0,1,0,0,1,1
2855,0.2254157,5,2855,Not eroded,0,1,1,0,0,0,0,0,0,0,1
2856,0.2472025,0,2856,Not eroded,0,1,1,1,1,0,1,1,1,1,1
2858,0.2218068,4,2858,Not eroded,0,1,1,0,0,0,0,0,0,1,1
2859,0.2536631,2,2859,Not eroded,0,1,1,1,1,1,1,0,1,1,1
2860,0.1253308,0,2860,Not eroded,0,0,0,0,0,0,1,1,1,1,1
2861,0.1014691,3,2861,Not eroded,0,0,0,0,0,0,1,0,0,1,1
2862,0.2922043,4,2862,Not eroded,0,1,1,1,1,1,0,0,0,1,1
2863,0.1973891,5,2863,Not eroded,0,1,0,0,0,0,0,0,0,0,1
2864,0.1529231,0,2864,Not eroded,0,0,0,0,0,0,1,1,1,1,1
2865,0.277771,4,2865,Not eroded,0,1,1,1,1,1,0,0,0,1,1
2866,0.1256064,4,2866,Not eroded,0,0,0,0,0,0,0,0,0,1,1
2868,0.2912033,0,2868,ERODED,1,1,1,1,1,1,1,1,1,1,1
2869,0.2002043,2,2869,Not eroded,0,1,0,0,0,0,1,0,1,1,1
2870,0.2742502,0,2870,Not eroded,0,1,1,1,1,1,1,1,1,1,1
2871,0.1876727,3,2871,Not eroded,0,0,0,0,0,0,1,0,0,1,1
2872,0.2456954,3,2872,Not eroded,0,1,1,1,1,0,1,0,0,1,1
2874,0.2908449,5,2874,Not eroded,0,1,1,1,1,1,0,0,0,0,1
2875,0.2865898,3,2875,Not eroded,0,1,1,1,1,1,1,0,0,1,1
2877,0.1958948,3,2877,Not eroded,0,1,0,0,0,0,1,0,0,1,1
2878,0.1393805,4,2878,Not eroded,0,0,0,0,0,0,0,0,0,1,1
2879,0.3054127,0,2879,ERODED,1,1,1,1,1,1,1,1,1,1,1
2880,0.1743061,0,2880,Not eroded,0,0,0,0,0,0,1,1,1,1,1
2882,0.1544305,6,2882,Not eroded,0,0,0,0,0,0,0,0,0,0,0
2883,0.2391051,5,2883,Not eroded,0,1,1,1,0,0,0,0,0,0,1
2884,0.05628971,4,2884,Not eroded,0,0,0,0,0,0,0,0,0,1,1
2885,0.05784359,0,2885,Not eroded,0,0,0,0,0,0,1,1,1,1,1
2886,0.1841452,5,2886,Not eroded,0,0,0,0,0,0,0,0,0,0,1
2887,0.2379874,5,2887,Not eroded,0,1,1,1,0,0,0,0,0,0,1
2888,0.2919943,0,2888,Not eroded,0,1,1,1,1,1,1,1,1,1,1
2889,0.2931501,0,2889,Not eroded,0,1,1,1,1,1,1,1,1,1,1
2890,0.2405698,0,2890,Not eroded,0,1,1,1,1,0,1,1,1,1,1
2891,0.116087,0,2891,Not eroded,0,0,0,0,0,0,1,1,1,1,1
2892,0.1988662,0,2892,Not eroded,0,1,0,0,0,0,1,1,1,1,1
2893,0.1937502,4,2893,Not eroded,0,1,0,0,0,0,0,0,0,1,1
2894,0.06236874,5,2894,Not eroded,0,0,0,0,0,0,0,0,0,0,1
2895,0.1684743,0,2895,Not eroded,0,0,0,0,0,0,1,1,1,1,1
2896,0.08308129,3,2896,Not eroded,0,0,0,0,0,0,1,0,0,1,1
2897,0.1974259,0,2897,Not eroded,0,1,0,0,0,0,1,1,1,1,1
2898,0.1861959,5,2898,Not eroded,0,0,0,0,0,0,0,0,0,0,1
2899,0.1210118,4,2899,Not eroded,0,0,0,0,0,0,0,0,0,1,1
2900,0.240058,3,2900,Not eroded,0,1,1,1,1,0,1,0,0,1,1
2901,0.2272394,4,2901,Not eroded,0,1,1,0,0,0,0,0,0,1,1
2902,0.1345676,5,2902,Not eroded,0,0,0,0,0,0,0,0,0,0,1
2903,0.1535772,3,2903,Not eroded,0,0,0,0,0,0,1,0,0,1,1
2904,0.2941832,0,2904,ERODED,1,1,1,1,1,1,1,1,1,1,1
2905,0.2790002,4,2905,Not eroded,0,1,1,1,1,1,0,0,0,1,1
2906,0.2866486,0,2906,Not eroded,0,1,1,1,1,1,1,1,1,1,1
2907,0.1192232,6,2907,Not eroded,0,0,0,0,0,0,0,0,0,0,0
2909,0.3301992,0,2909,ERODED,1,1,1,1,1,1,1,1,1,1,1
2910,0.1714426,5,2910,Not eroded,0,0,0,0,0,0,0,0,0,0,1
2911,0.1604081,0,2911,Not eroded,0,0,0,0,0,0,1,1,1,1,1
2912,0.05623672,3,2912,Not eroded,0,0,0,0,0,0,1,0,0,1,1
2913,0.261532,4,2913,Not eroded,0,1,1,1,1,1,0,0,0,1,1
2914,0.2696178,0,2914,ERODED,1,1,1,1,1,1,1,1,1,1,1
2915,0.08608655,5,2915,Not eroded,0,0,0,0,0,0,0,0,0,0,1
2916,0.06461075,4,2916,Not eroded,0,0,0,0,0,0,0,0,0,1,1
2917,0.06532821,2,2917,Not eroded,0,0,0,0,0,0,1,0,1,1,1
2918,0.07072153,5,2918,Not eroded,0,0,0,0,0,0,0,0,0,0,1
2919,0.2712822,5,2919,Not eroded,0,1,1,1,1,1,0,0,0,0,1
2920,0.2779488,4,2920,Not eroded,0,1,1,1,1,1,0,0,0,1,1
2921,0.2442718,5,2921,Not eroded,0,1,1,1,1,0,0,0,0,0,1
2922,0.05626871,3,2922,Not eroded,0,0,0,0,0,0,1,0,0,1,1
2924,0.2063088,4,2924,Not eroded,0,1,0,0,0,0,0,0,0,1,1
2925,0.1279982,2,2925,Not eroded,0,0,0,0,0,0,1,0,1,1,1
2926,0.2454922,4,2926,Not eroded,0,1,1,1,1,0,0,0,0,1,1
2927,0.2368676,5,2927,Not eroded,0,1,1,1,0,0,0,0,0,0,1
2928,0.213014,3,2928,Not eroded,0,1,0,0,0,0,1,0,0,1,1
2929,0.06281918,5,2929,Not eroded,0,0,0,0,0,0,0,0,0,0,1
2930,0.2326364,0,2930,Not eroded,0,1,1,1,0,0,1,1,1,1,1
2931,0.1462617,4,2931,Not eroded,0,0,0,0,0,0,0,0,0,1,1
2932,0.09112998,5,2932,Not eroded,0,0,0,0,0,0,0,0,0,0,1
2933,0.1324045,3,2933,Not eroded,0,0,0,0,0,0,1,0,0,1,1
2934,0.05625456,2,2934,Not eroded,0,0,0,0,0,0,1,0,1,1,1
2935,0.1774726,4,2935,Not eroded,0,0,0,0,0,0,0,0,0,1,1
2936,0.1858629,2,2936,Not eroded,0,0,0,0,0,0,1,0,1,1,1
2937,0.05626905,3,2937,Not eroded,0,0,0,0,0,0,1,0,0,1,1
2939,0.1645404,5,2939,Not eroded,0,0,0,0,0,0,0,0,0,0,1
2940,0.07949854,6,2940,Not eroded,0,0,0,0,0,0,0,0,0,0,0
2941,0.3031188,0,2941,ERODED,1,1,1,1,1,1,1,1,1,1,1
2943,0.1978672,5,2943,Not eroded,0,1,0,0,0,0,0,0,0,0,1
2944,0.157219,7,2944,Not eroded,0,0,0,0,0,0,0,0,0,0,0
2945,0.2269259,4,2945,Not eroded,0,1,1,0,0,0,0,0,0,1,1
2946,0.1202057,4,2946,Not eroded,0,0,0,0,0,0,0,0,0,1,1
2947,0.2926018,0,2947,Not eroded,0,1,1,1,1,1,1,1,1,1,1
2948,0.128482,3,2948,Not eroded,0,0,0,0,0,0,1,0,0,1,1
2949,0.2751318,0,2949,Not eroded,0,1,1,1,1,1,1,1,1,1,1
2950,0.1896721,4,2950,Not eroded,0,0,0,0,0,0,0,0,0,1,1
2951,0.2867718,0,2951,Not eroded,0,1,1,1,1,1,1,1,1,1,1
2952,0.207852,2,2952,Not eroded,0,1,0,0,0,0,1,0,1,1,1
2953,0.1377159,4,2953,Not eroded,0,0,0,0,0,0,0,0,0,1,1
2954,0.1371169,3,2954,Not eroded,0,0,0,0,0,0,1,0,0,1,1
2955,0.1958369,5,2955,Not eroded,0,1,0,0,0,0,0,0,0,0,1
2957,0.09405032,3,2957,Not eroded,0,0,0,0,0,0,1,0,0,1,1
2958,0.08622243,5,2958,Not eroded,0,0,0,0,0,0,0,0,0,0,1
2960,0.2279461,5,2960,Not eroded,0,1,1,0,0,0,0,0,0,0,1
2961,0.05627284,4,2961,Not eroded,0,0,0,0,0,0,0,0,0,1,1
2962,0.132124,0,2962,Not eroded,0,0,0,0,0,0,1,1,1,1,1
2963,0.2642411,4,2963,Not eroded,0,1,1,1,1,1,0,0,0,1,1
2964,0.0732606,0,2964,Not eroded,0,0,0,0,0,0,1,1,1,1,1
2966,0.1536005,3,2966,Not eroded,0,0,0,0,0,0,1,0,0,1,1
2967,0.2843908,0,2967,ERODED,1,1,1,1,1,1,1,1,1,1,1
2968,0.06930424,4,2968,Not eroded,0,0,0,0,0,0,0,0,0,1,1
2970,0.2600814,5,2970,Not eroded,0,1,1,1,1,1,0,0,0,0,1
2971,0.1021953,5,2971,Not eroded,0,0,0,0,0,0,0,0,0,0,1
2972,0.1824123,5,2972,Not eroded,0,0,0,0,0,0,0,0,0,0,1
2974,0.2078454,5,2974,Not eroded,0,1,0,0,0,0,0,0,0,0,1
2975,0.06121485,4,2975,Not eroded,0,0,0,0,0,0,0,0,0,1,1
2976,0.2688567,3,2976,Not eroded,0,1,1,1,1,1,1,0,0,1,1
2977,0.1187602,0,2977,Not eroded,0,0,0,0,0,0,1,1,1,1,1
2978,0.3068189,0,2978,ERODED,1,1,1,1,1,1,1,1,1,1,1
2979,0.1485388,5,2979,Not eroded,0,0,0,0,0,0,0,0,0,0,1
2981,0.313669,0,2981,ERODED,1,1,1,1,1,1,1,1,1,1,1
2982,0.1797629,5,2982,Not eroded,0,0,0,0,0,0,0,0,0,0,1
2983,0.06533222,3,2983,Not eroded,0,0,0,0,0,0,1,0,0,1,1
2984,0.1194611,3,2984,Not eroded,0,0,0,0,0,0,1,0,0,1,1
2985,0.1080551,3,2985,Not eroded,0,0,0,0,0,0,1,0,0,1,1
2986,0.2572145,4,2986,Not eroded,0,1,1,1,1,1,0,0,0,1,1
2987,0.2314051,0,2987,Not eroded,0,1,1,1,0,0,1,1,1,1,1
2988,0.2936849,0,2988,ERODED,1,1,1,1,1,1,1,1,1,1,1
2989,0.2048245,2,2989,Not eroded,0,1,0,0,0,0,1,0,1,1,1
2991,0.1043462,3,2991,Not eroded,0,0,0,0,0,0,1,0,0,1,1
2992,0.1002337,0,2992,Not eroded,0,0,0,0,0,0,1,1,1,1,1
2993,0.141687,4,2993,Not eroded,0,0,0,0,0,0,0,0,0,1,1
2994,0.05624466,4,2994,Not eroded,0,0,0,0,0,0,0,0,0,1,1
2995,0.07379499,5,2995,Not eroded,0,0,0,0,0,0,0,0,0,0,1
2996,0.10579,4,2996,Not eroded,0,0,0,0,0,0,0,0,0,1,1
2997,0.2864898,0,2997,ERODED,1,1,1,1,1,1,1,1,1,1,1
2998,0.1804446,4,2998,Not eroded,0,0,0,0,0,0,0,0,0,1,1
2999,0.2973579,0,2999,ERODED,1,1,1,1,1,1,1,1,1,1,1
3000,0.08656002,0,3000,Not eroded,0,0,0,0,0,0,1,1,1,1,1
3001,0.2121709,7,3001,Not eroded,0,1,0,0,0,0,0,0,0,0,0
3002,0.1103433,4,3002,Not eroded,0,0,0,0,0,0,0,0,0,1,1
3003,0.1586446,5,3003,Not eroded,0,0,0,0,0,0,0,0,0,0,1
3004,0.1213686,4,3004,Not eroded,0,0,0,0,0,0,0,0,0,1,1
3005,0.2308271,4,3005,Not eroded,0,1,1,1,0,0,0,0,0,1,1
3006,0.1800062,6,3006,Not eroded,0,0,0,0,0,0,0,0,0,0,0
3007,0.2890485,0,3007,ERODED,1,1,1,1,1,1,1,1,1,1,1
3008,0.2116104,4,3008,Not eroded,0,1,0,0,0,0,0,0,0,1,1
3009,0.1029361,0,3009,Not eroded,0,0,0,0,0,0,1,1,1,1,1
3010,0.07594662,4,3010,Not eroded,0,0,0,0,0,0,0,0,0,1,1
3011,0.2225177,4,3011,Not eroded,0,1,1,0,0,0,0,0,0,1,1
3012,0.2238458,0,3012,Not eroded,0,1,1,0,0,0,1,1,1,1,1
3013,0.2880007,4,3013,Not eroded,0,1,1,1,1,1,0,0,0,1,1
3014,0.2157684,3,3014,Not eroded,0,1,0,0,0,0,1,0,0,1,1
3015,0.3126734,0,3015,ERODED,1,1,1,1,1,1,1,1,1,1,1
3017,0.2022562,4,3017,Not eroded,0,1,0,0,0,0,0,0,0,1,1
3018,0.2491651,2,3018,Not eroded,0,1,1,1,1,0,1,0,1,1,1
3019,0.05621398,3,3019,Not eroded,0,0,0,0,0,0,1,0,0,1,1
3020,0.1666077,5,3020,Not eroded,0,0,0,0,0,0,0,0,0,0,1
3021,0.07336988,6,3021,Not eroded,0,0,0,0,0,0,0,0,0,0,0
3022,0.1926333,4,3022,Not eroded,0,1,0,0,0,0,0,0,0,1,1
3024,0.2528549,0,3024,ERODED,1,1,1,1,1,1,1,1,1,1,1
3025,0.1561359,0,3025,Not eroded,0,0,0,0,0,0,1,1,1,1,1
3026,0.1201926,2,3026,Not eroded,0,0,0,0,0,0,1,0,1,1,1
3027,0.1569174,4,3027,Not eroded,0,0,0,0,0,0,0,0,0,1,1
3028,0.1801079,4,3028,Not eroded,0,0,0,0,0,0,0,0,0,1,1
3029,0.07279241,5,3029,Not eroded,0,0,0,0,0,0,0,0,0,0,1
3030,0.08656668,3,3030,Not eroded,0,0,0,0,0,0,1,0,0,1,1
3031,0.1899331,3,3031,Not eroded,0,0,0,0,0,0,1,0,0,1,1
3032,0.1941152,5,3032,Not eroded,0,1,0,0,0,0,0,0,0,0,1
3033,0.2374029,2,3033,ERODED,1,1,1,1,0,0,1,0,1,1,1
3034,0.1311611,4,3034,Not eroded,0,0,0,0,0,0,0,0,0,1,1
3035,0.2784998,3,3035,Not eroded,0,1,1,1,1,1,1,0,0,1,1
3036,0.176376,4,3036,Not eroded,0,0,0,0,0,0,0,0,0,1,1
3037,0.06603497,6,3037,Not eroded,0,0,0,0,0,0,0,0,0,0,0
3038,0.259152,5,3038,Not eroded,0,1,1,1,1,1,0,0,0,0,1
3039,0.2062278,5,3039,Not eroded,0,1,0,0,0,0,0,0,0,0,1
3040,0.1451686,0,3040,Not eroded,0,0,0,0,0,0,1,1,1,1,1
3041,0.06658689,4,3041,Not eroded,0,0,0,0,0,0,0,0,0,1,1
3042,0.1782649,3,3042,Not eroded,0,0,0,0,0,0,1,0,0,1,1
3043,0.08589286,6,3043,Not eroded,0,0,0,0,0,0,0,0,0,0,0
3044,0.2995702,0,3044,Not eroded,0,1,1,1,1,1,1,1,1,1,1
3045,0.2706761,0,3045,Not eroded,0,1,1,1,1,1,1,1,1,1,1
3046,0.2564912,0,3046,ERODED,1,1,1,1,1,1,1,1,1,1,1
3047,0.1604438,5,3047,Not eroded,0,0,0,0,0,0,0,0,0,0,1
3048,0.108911,3,3048,Not eroded,0,0,0,0,0,0,1,0,0,1,1
3049,0.2876988,0,3049,Not eroded,0,1,1,1,1,1,1,1,1,1,1
3050,0.2323894,3,3050,ERODED,1,1,1,1,0,0,1,0,0,1,1
3051,0.0647248,7,3051,Not eroded,0,0,0,0,0,0,0,0,0,0,0
3052,0.1675592,4,3052,Not eroded,0,0,0,0,0,0,0,0,0,1,1
3053,0.2145285,5,3053,Not eroded,0,1,0,0,0,0,0,0,0,0,1
3054,0.2908976,0,3054,Not eroded,0,1,1,1,1,1,1,1,1,1,1
3055,0.05634918,0,3055,Not eroded,0,0,0,0,0,0,1,1,1,1,1
3056,0.289219,0,3056,Not eroded,0,1,1,1,1,1,1,1,1,1,1
3057,0.2782734,5,3057,Not eroded,0,1,1,1,1,1,0,0,0,0,1
3058,0.1421531,4,3058,Not eroded,0,0,0,0,0,0,0,0,0,1,1
3059,0.1665849,6,3059,Not eroded,0,0,0,0,0,0,0,0,0,0,0
3061,0.220876,2,3061,Not eroded,0,1,1,0,0,0,1,0,1,1,1
3062,0.1462672,3,3062,Not eroded,0,0,0,0,0,0,1,0,0,1,1
3063,0.153531,6,3063,Not eroded,0,0,0,0,0,0,0,0,0,0,0
3064,0.05623863,4,3064,Not eroded,0,0,0,0,0,0,0,0,0,1,1
3065,0.1005626,5,3065,Not eroded,0,0,0,0,0,0,0,0,0,0,1
3066,0.1158921,7,3066,Not eroded,0,0,0,0,0,0,0,0,0,0,0
3067,0.05626027,3,3067,Not eroded,0,0,0,0,0,0,1,0,0,1,1
3068,0.1141106,4,3068,Not eroded,0,0,0,0,0,0,0,0,0,1,1
3069,0.1688849,5,3069,Not eroded,0,0,0,0,0,0,0,0,0,0,1
3070,0.2857287,0,3070,ERODED,1,1,1,1,1,1,1,1,1,1,1
3071,0.1278603,4,3071,Not eroded,0,0,0,0,0,0,0,0,0,1,1
3072,0.2778734,0,3072,ERODED,1,1,1,1,1,1,1,1,1,1,1
3073,0.2644547,3,3073,Not eroded,0,1,1,1,1,1,1,0,0,1,1
3074,0.1240053,3,3074,Not eroded,0,0,0,0,0,0,1,0,0,1,1
3076,0.2951241,0,3076,Not eroded,0,1,1,1,1,1,1,1,1,1,1
3077,0.1833927,3,3077,Not eroded,0,0,0,0,0,0,1,0,0,1,1
3078,0.1005646,4,3078,Not eroded,0,0,0,0,0,0,0,0,0,1,1
3079,0.2483178,4,3079,Not eroded,0,1,1,1,1,0,0,0,0,1,1
3080,0.2612773,4,3080,Not eroded,0,1,1,1,1,1,0,0,0,1,1
3081,0.2124385,0,3081,Not eroded,0,1,0,0,0,0,1,1,1,1,1
3083,0.09346845,4,3083,Not eroded,0,0,0,0,0,0,0,0,0,1,1
3084,0.05619456,4,3084,Not eroded,0,0,0,0,0,0,0,0,0,1,1
3085,0.1658126,0,3085,Not eroded,0,0,0,0,0,0,1,1,1,1,1
3086,0.2408955,5,3086,Not eroded,0,1,1,1,1,0,0,0,0,0,1
3087,0.09681965,5,3087,Not eroded,0,0,0,0,0,0,0,0,0,0,1
3088,0.2857122,4,3088,Not eroded,0,1,1,1,1,1,0,0,0,1,1
3089,0.2700747,0,3089,ERODED,1,1,1,1,1,1,1,1,1,1,1
3091,0.06152062,2,3091,Not eroded,0,0,0,0,0,0,1,0,1,1,1
3092,0.3179278,0,3092,ERODED,1,1,1,1,1,1,1,1,1,1,1
3093,0.1579886,3,3093,Not eroded,0,0,0,0,0,0,1,0,0,1,1
3095,0.1186244,6,3095,Not eroded,0,0,0,0,0,0,0,0,0,0,0
3096,0.248557,0,3096,ERODED,1,1,1,1,1,0,1,1,1,1,1
3097,0.05627071,2,3097,Not eroded,0,0,0,0,0,0,1,0,1,1,1
3098,0.1964677,5,3098,Not eroded,0,1,0,0,0,0,0,0,0,0,1
3099,0.309051,0,3099,ERODED,1,1,1,1,1,1,1,1,1,1,1
3100,0.2800159,5,3100,Not eroded,0,1,1,1,1,1,0,0,0,0,1
3101,0.09833108,8,3101,Not eroded,0,0,0,0,0,0,0,0,0,0,0
3102,0.2002764,0,3102,Not eroded,0,1,0,0,0,0,1,1,1,1,1
3103,0.2903429,0,3103,ERODED,1,1,1,1,1,1,1,1,1,1,1
3105,0.1117647,5,3105,Not eroded,0,0,0,0,0,0,0,0,0,0,1
3106,0.1536009,0,3106,Not eroded,0,0,0,0,0,0,1,1,1,1,1
3107,0.2828192,3,3107,Not eroded,0,1,1,1,1,1,1,0,0,1,1
3108,0.1751785,3,3108,Not eroded,0,0,0,0,0,0,1,0,0,1,1
3109,0.2970564,0,3109,ERODED,1,1,1,1,1,1,1,1,1,1,1
3110,0.09812515,5,3110,Not eroded,0,0,0,0,0,0,0,0,0,0,1
3112,0.0653684,3,3112,Not eroded,0,0,0,0,0,0,1,0,0,1,1
3113,0.06204596,6,3113,Not eroded,0,0,0,0,0,0,0,0,0,0,0
3114,0.1628411,3,3114,Not eroded,0,0,0,0,0,0,1,0,0,1,1
3115,0.2446727,3,3115,Not eroded,0,1,1,1,1,0,1,0,0,1,1
3116,0.3260377,0,3116,ERODED,1,1,1,1,1,1,1,1,1,1,1
3117,0.1905856,3,3117,Not eroded,0,0,0,0,0,0,1,0,0,1,1
3118,0.06250905,4,3118,Not eroded,0,0,0,0,0,0,0,0,0,1,1
3119,0.2613393,4,3119,Not eroded,0,1,1,1,1,1,0,0,0,1,1
3120,0.2014076,4,3120,Not eroded,0,1,0,0,0,0,0,0,0,1,1
3121,0.3016946,4,3121,Not eroded,0,1,1,1,1,1,0,0,0,1,1
3122,0.09912462,3,3122,Not eroded,0,0,0,0,0,0,1,0,0,1,1
3123,0.1048548,4,3123,Not eroded,0,0,0,0,0,0,0,0,0,1,1
3124,0.1989189,0,3124,Not eroded,0,1,0,0,0,0,1,1,1,1,1
3125,0.1721473,6,3125,Not eroded,0,0,0,0,0,0,0,0,0,0,0
3126,0.311948,0,3126,ERODED,1,1,1,1,1,1,1,1,1,1,1
3127,0.226921,3,3127,Not eroded,0,1,1,0,0,0,1,0,0,1,1
3128,0.1072232,5,3128,Not eroded,0,0,0,0,0,0,0,0,0,0,1
3129,0.1420292,4,3129,Not eroded,0,0,0,0,0,0,0,0,0,1,1
3132,0.151106,3,3132,Not eroded,0,0,0,0,0,0,1,0,0,1,1
3133,0.3339625,0,3133,ERODED,1,1,1,1,1,1,1,1,1,1,1
3134,0.06241909,4,3134,Not eroded,0,0,0,0,0,0,0,0,0,1,1
3135,0.1191135,3,3135,Not eroded,0,0,0,0,0,0,1,0,0,1,1
3136,0.1163274,2,3136,Not eroded,0,0,0,0,0,0,1,0,1,1,1
3137,0.1128492,4,3137,Not eroded,0,0,0,0,0,0,0,0,0,1,1
3138,0.1617589,5,3138,Not eroded,0,0,0,0,0,0,0,0,0,0,1
3139,0.06959532,0,3139,Not eroded,0,0,0,0,0,0,1,1,1,1,1
3140,0.06451723,5,3140,Not eroded,0,0,0,0,0,0,0,0,0,0,1
3141,0.1377762,5,3141,Not eroded,0,0,0,0,0,0,0,0,0,0,1
3142,0.1912042,0,3142,Not eroded,0,1,0,0,0,0,1,1,1,1,1
3143,0.0992394,5,3143,Not eroded,0,0,0,0,0,0,0,0,0,0,1
3144,0.2352827,3,3144,Not eroded,0,1,1,1,0,0,1,0,0,1,1
3145,0.2864491,0,3145,Not eroded,0,1,1,1,1,1,1,1,1,1,1
3146,0.1434243,2,3146,Not eroded,0,0,0,0,0,0,1,0,1,1,1
3147,0.09364837,5,3147,Not eroded,0,0,0,0,0,0,0,0,0,0,1
3148,0.06576915,3,3148,Not eroded,0,0,0,0,0,0,1,0,0,1,1
3149,0.1078347,3,3149,Not eroded,0,0,0,0,0,0,1,0,0,1,1
3150,0.3143551,0,3150,ERODED,1,1,1,1,1,1,1,1,1,1,1
3152,0.2602778,3,3152,ERODED,1,1,1,1,1,1,1,0,0,1,1
3153,0.2207528,4,3153,Not eroded,0,1,1,0,0,0,0,0,0,1,1
3154,0.2854962,0,3154,Not eroded,0,1,1,1,1,1,1,1,1,1,1
3155,0.2285677,0,3155,Not eroded,0,1,1,0,0,0,1,1,1,1,1
3156,0.2095478,4,3156,Not eroded,0,1,0,0,0,0,0,0,0,1,1
3157,0.206925,5,3157,Not eroded,0,1,0,0,0,0,0,0,0,0,1
3158,0.1805519,4,3158,Not eroded,0,0,0,0,0,0,0,0,0,1,1
3159,0.244758,5,3159,Not eroded,0,1,1,1,1,0,0,0,0,0,1
3160,0.3047244,4,3160,Not eroded,0,1,1,1,1,1,0,0,0,1,1
3161,0.1934036,4,3161,Not eroded,0,1,0,0,0,0,0,0,0,1,1
3162,0.150278,0,3162,Not eroded,0,0,0,0,0,0,1,1,1,1,1
3163,0.1740297,4,3163,Not eroded,0,0,0,0,0,0,0,0,0,1,1
3164,0.2909736,0,3164,ERODED,1,1,1,1,1,1,1,1,1,1,1
3165,0.1463842,4,3165,Not eroded,0,0,0,0,0,0,0,0,0,1,1
3166,0.2471081,5,3166,Not eroded,0,1,1,1,1,0,0,0,0,0,1
3167,0.1959766,0,3167,Not eroded,0,1,0,0,0,0,1,1,1,1,1
3168,0.1037017,0,3168,Not eroded,0,0,0,0,0,0,1,1,1,1,1
3169,0.244661,0,3169,Not eroded,0,1,1,1,1,0,1,1,1,1,1
3170,0.2302209,3,3170,Not eroded,0,1,1,1,0,0,1,0,0,1,1
3171,0.3126379,0,3171,ERODED,1,1,1,1,1,1,1,1,1,1,1
3172,0.3091289,0,3172,ERODED,1,1,1,1,1,1,1,1,1,1,1
3173,0.2319739,4,3173,Not eroded,0,1,1,1,0,0,0,0,0,1,1
3174,0.1954381,4,3174,Not eroded,0,1,0,0,0,0,0,0,0,1,1
3175,0.249244,4,3175,Not eroded,0,1,1,1,1,0,0,0,0,1,1
3176,0.06622862,4,3176,Not eroded,0,0,0,0,0,0,0,0,0,1,1
3177,0.2509438,5,3177,Not eroded,0,1,1,1,1,1,0,0,0,0,1
3179,0.212092,2,3179,Not eroded,0,1,0,0,0,0,1,0,1,1,1
3180,0.1316499,4,3180,Not eroded,0,0,0,0,0,0,0,0,0,1,1
3181,0.1654438,4,3181,Not eroded,0,0,0,0,0,0,0,0,0,1,1
3182,0.07108718,5,3182,Not eroded,0,0,0,0,0,0,0,0,0,0,1
3183,0.3085436,0,3183,ERODED,1,1,1,1,1,1,1,1,1,1,1
3184,0.1409162,5,3184,Not eroded,0,0,0,0,0,0,0,0,0,0,1
3185,0.3194933,0,3185,ERODED,1,1,1,1,1,1,1,1,1,1,1
3186,0.05625811,4,3186,Not eroded,0,0,0,0,0,0,0,0,0,1,1
3187,0.1266572,3,3187,Not eroded,0,0,0,0,0,0,1,0,0,1,1
3188,0.06624041,4,3188,Not eroded,0,0,0,0,0,0,0,0,0,1,1
3189,0.1705354,5,3189,Not eroded,0,0,0,0,0,0,0,0,0,0,1
3190,0.2117358,5,3190,Not eroded,0,1,0,0,0,0,0,0,0,0,1
3191,0.2106638,3,3191,Not eroded,0,1,0,0,0,0,1,0,0,1,1
3192,0.2450367,5,3192,Not eroded,0,1,1,1,1,0,0,0,0,0,1
3193,0.2641386,0,3193,Not eroded,0,1,1,1,1,1,1,1,1,1,1
3194,0.3253772,0,3194,ERODED,1,1,1,1,1,1,1,1,1,1,1
3195,0.2006714,4,3195,Not eroded,0,1,0,0,0,0,0,0,0,1,1
3197,0.111971,4,3197,Not eroded,0,0,0,0,0,0,0,0,0,1,1
3198,0.2841153,0,3198,ERODED,1,1,1,1,1,1,1,1,1,1,1
3199,0.2144278,5,3199,Not eroded,0,1,0,0,0,0,0,0,0,0,1
3200,0.2685355,0,3200,Not eroded,0,1,1,1,1,1,1,1,1,1,1
3201,0.2259774,0,3201,Not eroded,0,1,1,0,0,0,1,1,1,1,1
3202,0.066311,4,3202,Not eroded,0,0,0,0,0,0,0,0,0,1,1
3203,0.1872019,5,3203,Not eroded,0,0,0,0,0,0,0,0,0,0,1
3204,0.2636421,0,3204,Not eroded,0,1,1,1,1,1,1,1,1,1,1
3205,0.2866024,4,3205,Not eroded,0,1,1,1,1,1,0,0,0,1,1
3206,0.05624428,4,3206,Not eroded,0,0,0,0,0,0,0,0,0,1,1
3207,0.05625985,4,3207,Not eroded,0,0,0,0,0,0,0,0,0,1,1
3208,0.150974,5,3208,Not eroded,0,0,0,0,0,0,0,0,0,0,1
3210,0.3094613,0,3210,ERODED,1,1,1,1,1,1,1,1,1,1,1
3211,0.1715714,5,3211,Not eroded,0,0,0,0,0,0,0,0,0,0,1
3212,0.2748928,0,3212,ERODED,1,1,1,1,1,1,1,1,1,1,1
3213,0.08118181,5,3213,Not eroded,0,0,0,0,0,0,0,0,0,0,1
3214,0.08602097,4,3214,Not eroded,0,0,0,0,0,0,0,0,0,1,1
3215,0.12505,4,3215,Not eroded,0,0,0,0,0,0,0,0,0,1,1
3216,0.2914582,2,3216,Not eroded,0,1,1,1,1,1,1,0,1,1,1
3217,0.2872756,0,3217,Not eroded,0,1,1,1,1,1,1,1,1,1,1
3218,0.1188059,4,3218,Not eroded,0,0,0,0,0,0,0,0,0,1,1
3220,0.05624586,3,3220,Not eroded,0,0,0,0,0,0,1,0,0,1,1
3221,0.1447042,4,3221,Not eroded,0,0,0,0,0,0,0,0,0,1,1
3222,0.1493,0,3222,Not eroded,0,0,0,0,0,0,1,1,1,1,1
3223,0.3110004,0,3223,ERODED,1,1,1,1,1,1,1,1,1,1,1
3225,0.09748345,3,3225,Not eroded,0,0,0,0,0,0,1,0,0,1,1
3226,0.1734796,2,3226,Not eroded,0,0,0,0,0,0,1,0,1,1,1
3227,0.2201687,2,3227,Not eroded,0,1,1,0,0,0,1,0,1,1,1
3229,0.127816,0,3229,Not eroded,0,0,0,0,0,0,1,1,1,1,1
3230,0.09636843,4,3230,Not eroded,0,0,0,0,0,0,0,0,0,1,1
3232,0.1615355,0,3232,Not eroded,0,0,0,0,0,0,1,1,1,1,1
3233,0.142512,5,3233,Not eroded,0,0,0,0,0,0,0,0,0,0,1
3235,0.1256812,4,3235,Not eroded,0,0,0,0,0,0,0,0,0,1,1
3236,0.1232854,5,3236,Not eroded,0,0,0,0,0,0,0,0,0,0,1
3237,0.1231341,3,3237,Not eroded,0,0,0,0,0,0,1,0,0,1,1
3238,0.0910477,2,3238,Not eroded,0,0,0,0,0,0,1,0,1,1,1
3239,0.2420588,3,3239,Not eroded,0,1,1,1,1,0,1,0,0,1,1
3240,0.2584033,4,3240,Not eroded,0,1,1,1,1,1,0,0,0,1,1
3241,0.1805987,6,3241,Not eroded,0,0,0,0,0,0,0,0,0,0,0
3242,0.3100047,0,3242,ERODED,1,1,1,1,1,1,1,1,1,1,1
3243,0.09699854,4,3243,Not eroded,0,0,0,0,0,0,0,0,0,1,1
3244,0.1507306,3,3244,Not eroded,0,0,0,0,0,0,1,0,0,1,1
3245,0.1343212,3,3245,Not eroded,0,0,0,0,0,0,1,0,0,1,1
3247,0.2544226,5,3247,Not eroded,0,1,1,1,1,1,0,0,0,0,1
3248,0.1345372,3,3248,Not eroded,0,0,0,0,0,0,1,0,0,1,1
3249,0.1921288,4,3249,Not eroded,0,1,0,0,0,0,0,0,0,1,1
3250,0.2558861,3,3250,Not eroded,0,1,1,1,1,1,1,0,0,1,1
3252,0.2495711,2,3252,Not eroded,0,1,1,1,1,0,1,0,1,1,1
3253,0.2528568,3,3253,Not eroded,0,1,1,1,1,1,1,0,0,1,1
3254,0.2730481,5,3254,Not eroded,0,1,1,1,1,1,0,0,0,0,1
3255,0.2753133,3,3255,Not eroded,0,1,1,1,1,1,1,0,0,1,1
3256,0.2447516,4,3256,Not eroded,0,1,1,1,1,0,0,0,0,1,1
3257,0.08547164,3,3257,Not eroded,0,0,0,0,0,0,1,0,0,1,1
3258,0.2344004,0,3258,Not eroded,0,1,1,1,0,0,1,1,1,1,1
3259,0.2211689,4,3259,Not eroded,0,1,1,0,0,0,0,0,0,1,1
3260,0.08299478,4,3260,Not eroded,0,0,0,0,0,0,0,0,0,1,1
3262,0.1634528,5,3262,Not eroded,0,0,0,0,0,0,0,0,0,0,1
3263,0.1885919,3,3263,Not eroded,0,0,0,0,0,0,1,0,0,1,1
3264,0.2153046,0,3264,Not eroded,0,1,0,0,0,0,1,1,1,1,1
3265,0.1463271,6,3265,Not eroded,0,0,0,0,0,0,0,0,0,0,0
3266,0.0776875,6,3266,Not eroded,0,0,0,0,0,0,0,0,0,0,0
3267,0.2872801,0,3267,Not eroded,0,1,1,1,1,1,1,1,1,1,1
3268,0.2601478,6,3268,Not eroded,0,1,1,1,1,1,0,0,0,0,0
3269,0.0738205,3,3269,Not eroded,0,0,0,0,0,0,1,0,0,1,1
3270,0.05624342,5,3270,Not eroded,0,0,0,0,0,0,0,0,0,0,1
3271,0.1238303,4,3271,Not eroded,0,0,0,0,0,0,0,0,0,1,1
3272,0.2951787,0,3272,Not eroded,0,1,1,1,1,1,1,1,1,1,1
3274,0.2804767,5,3274,Not eroded,0,1,1,1,1,1,0,0,0,0,1
3275,0.09913503,3,3275,Not eroded,0,0,0,0,0,0,1,0,0,1,1
3276,0.1743511,4,3276,Not eroded,0,0,0,0,0,0,0,0,0,1,1
3277,0.2133073,0,3277,ERODED,1,1,0,0,0,0,1,1,1,1,1
3278,0.2312273,0,3278,Not eroded,0,1,1,1,0,0,1,1,1,1,1
3280,0.05625754,3,3280,Not eroded,0,0,0,0,0,0,1,0,0,1,1
3282,0.2166294,0,3282,Not eroded,0,1,0,0,0,0,1,1,1,1,1
3283,0.08112312,3,3283,Not eroded,0,0,0,0,0,0,1,0,0,1,1
3285,0.1076639,6,3285,Not eroded,0,0,0,0,0,0,0,0,0,0,0
3286,0.3063512,0,3286,Not eroded,0,1,1,1,1,1,1,1,1,1,1
3287,0.1655451,5,3287,Not eroded,0,0,0,0,0,0,0,0,0,0,1
3288,0.05624954,3,3288,Not eroded,0,0,0,0,0,0,1,0,0,1,1
3289,0.2965509,4,3289,Not eroded,0,1,1,1,1,1,0,0,0,1,1
3290,0.2892678,0,3290,ERODED,1,1,1,1,1,1,1,1,1,1,1
3291,0.121908,3,3291,Not eroded,0,0,0,0,0,0,1,0,0,1,1
3292,0.1031565,0,3292,Not eroded,0,0,0,0,0,0,1,1,1,1,1
3293,0.2911591,0,3293,ERODED,1,1,1,1,1,1,1,1,1,1,1
3294,0.1549842,4,3294,Not eroded,0,0,0,0,0,0,0,0,0,1,1
3295,0.1231426,0,3295,Not eroded,0,0,0,0,0,0,1,1,1,1,1
3296,0.1323776,4,3296,Not eroded,0,0,0,0,0,0,0,0,0,1,1
3297,0.3015896,0,3297,ERODED,1,1,1,1,1,1,1,1,1,1,1
3298,0.2313889,3,3298,Not eroded,0,1,1,1,0,0,1,0,0,1,1
3299,0.3039586,0,3299,ERODED,1,1,1,1,1,1,1,1,1,1,1
3300,0.09784542,0,3300,Not eroded,0,0,0,0,0,0,1,1,1,1,1
3301,0.1180607,0,3301,Not eroded,0,0,0,0,0,0,1,1,1,1,1
3302,0.2574917,3,3302,Not eroded,0,1,1,1,1,1,1,0,0,1,1
3303,0.06723673,3,3303,Not eroded,0,0,0,0,0,0,1,0,0,1,1
3304,0.05624494,4,3304,Not eroded,0,0,0,0,0,0,0,0,0,1,1
3305,0.2299209,3,3305,ERODED,1,1,1,0,0,0,1,0,0,1,1
3306,0.2845369,0,3306,Not eroded,0,1,1,1,1,1,1,1,1,1,1
3307,0.1754412,5,3307,Not eroded,0,0,0,0,0,0,0,0,0,0,1
3308,0.1751067,0,3308,Not eroded,0,0,0,0,0,0,1,1,1,1,1
3309,0.08515925,0,3309,Not eroded,0,0,0,0,0,0,1,1,1,1,1
3310,0.1527663,4,3310,Not eroded,0,0,0,0,0,0,0,0,0,1,1
3311,0.0639157,0,3311,Not eroded,0,0,0,0,0,0,1,1,1,1,1
3312,0.0980644,5,3312,Not eroded,0,0,0,0,0,0,0,0,0,0,1
3313,0.2583666,0,3313,Not eroded,0,1,1,1,1,1,1,1,1,1,1
3315,0.100432,5,3315,Not eroded,0,0,0,0,0,0,0,0,0,0,1
3316,0.1939681,0,3316,Not eroded,0,1,0,0,0,0,1,1,1,1,1
3317,0.05632563,3,3317,Not eroded,0,0,0,0,0,0,1,0,0,1,1
3318,0.1195435,5,3318,Not eroded,0,0,0,0,0,0,0,0,0,0,1
3319,0.1154064,3,3319,Not eroded,0,0,0,0,0,0,1,0,0,1,1
3320,0.1513954,6,3320,Not eroded,0,0,0,0,0,0,0,0,0,0,0
3322,0.09544014,4,3322,Not eroded,0,0,0,0,0,0,0,0,0,1,1
3323,0.1255404,4,3323,Not eroded,0,0,0,0,0,0,0,0,0,1,1
3324,0.177128,3,3324,Not eroded,0,0,0,0,0,0,1,0,0,1,1
3325,0.2876799,0,3325,ERODED,1,1,1,1,1,1,1,1,1,1,1
3326,0.05623795,4,3326,Not eroded,0,0,0,0,0,0,0,0,0,1,1
3328,0.1750516,5,3328,Not eroded,0,0,0,0,0,0,0,0,0,0,1
3329,0.1225037,4,3329,Not eroded,0,0,0,0,0,0,0,0,0,1,1
3330,0.1315865,2,3330,Not eroded,0,0,0,0,0,0,1,0,1,1,1
3331,0.2335073,4,3331,Not eroded,0,1,1,1,0,0,0,0,0,1,1
3332,0.1364804,4,3332,Not eroded,0,0,0,0,0,0,0,0,0,1,1
3333,0.1125517,4,3333,Not eroded,0,0,0,0,0,0,0,0,0,1,1
3334,0.133679,0,3334,Not eroded,0,0,0,0,0,0,1,1,1,1,1
3335,0.2373363,0,3335,Not eroded,0,1,1,1,0,0,1,1,1,1,1
3336,0.06533174,5,3336,Not eroded,0,0,0,0,0,0,0,0,0,0,1
3337,0.3082258,0,3337,ERODED,1,1,1,1,1,1,1,1,1,1,1
3338,0.06623215,4,3338,Not eroded,0,0,0,0,0,0,0,0,0,1,1
3339,0.1142044,3,3339,Not eroded,0,0,0,0,0,0,1,0,0,1,1
3340,0.1552531,7,3340,Not eroded,0,0,0,0,0,0,0,0,0,0,0
3341,0.0903908,5,3341,Not eroded,0,0,0,0,0,0,0,0,0,0,1
3342,0.1099024,5,3342,Not eroded,0,0,0,0,0,0,0,0,0,0,1
3343,0.07033523,4,3343,Not eroded,0,0,0,0,0,0,0,0,0,1,1
3344,0.08468825,3,3344,Not eroded,0,0,0,0,0,0,1,0,0,1,1
3345,0.3070191,0,3345,ERODED,1,1,1,1,1,1,1,1,1,1,1
3346,0.1817509,4,3346,Not eroded,0,0,0,0,0,0,0,0,0,1,1
3347,0.1422946,0,3347,Not eroded,0,0,0,0,0,0,1,1,1,1,1
3348,0.05625139,2,3348,Not eroded,0,0,0,0,0,0,1,0,1,1,1
3349,0.2632036,0,3349,Not eroded,0,1,1,1,1,1,1,1,1,1,1
3350,0.2593818,4,3350,Not eroded,0,1,1,1,1,1,0,0,0,1,1
3351,0.132408,4,3351,Not eroded,0,0,0,0,0,0,0,0,0,1,1
3352,0.2037194,2,3352,Not eroded,0,1,0,0,0,0,1,0,1,1,1
3354,0.2845775,0,3354,Not eroded,0,1,1,1,1,1,1,1,1,1,1
3355,0.07845579,4,3355,Not eroded,0,0,0,0,0,0,0,0,0,1,1
3356,0.2931755,0,3356,ERODED,1,1,1,1,1,1,1,1,1,1,1
3357,0.1806428,6,3357,Not eroded,0,0,0,0,0,0,0,0,0,0,0
3358,0.1011011,4,3358,Not eroded,0,0,0,0,0,0,0,0,0,1,1
3359,0.2085783,0,3359,Not eroded,0,1,0,0,0,0,1,1,1,1,1
3360,0.2927336,0,3360,ERODED,1,1,1,1,1,1,1,1,1,1,1
3361,0.2119347,4,3361,Not eroded,0,1,0,0,0,0,0,0,0,1,1
3362,0.1845402,4,3362,Not eroded,0,0,0,0,0,0,0,0,0,1,1
3363,0.1480967,3,3363,Not eroded,0,0,0,0,0,0,1,0,0,1,1
3364,0.1782315,4,3364,Not eroded,0,0,0,0,0,0,0,0,0,1,1
3365,0.1548308,6,3365,Not eroded,0,0,0,0,0,0,0,0,0,0,0
3366,0.08306004,3,3366,Not eroded,0,0,0,0,0,0,1,0,0,1,1
3367,0.182292,4,3367,Not eroded,0,0,0,0,0,0,0,0,0,1,1
3368,0.2679464,2,3368,Not eroded,0,1,1,1,1,1,1,0,1,1,1
3369,0.2615543,4,3369,Not eroded,0,1,1,1,1,1,0,0,0,1,1
3370,0.07115999,0,3370,Not eroded,0,0,0,0,0,0,1,1,1,1,1
3372,0.2175626,5,3372,Not eroded,0,1,0,0,0,0,0,0,0,0,1
3373,0.1549807,0,3373,Not eroded,0,0,0,0,0,0,1,1,1,1,1
3374,0.3178424,0,3374,ERODED,1,1,1,1,1,1,1,1,1,1,1
3375,0.1638089,3,3375,Not eroded,0,0,0,0,0,0,1,0,0,1,1
3376,0.2956982,4,3376,Not eroded,0,1,1,1,1,1,0,0,0,1,1
3377,0.08649075,0,3377,Not eroded,0,0,0,0,0,0,1,1,1,1,1
3378,0.163937,6,3378,Not eroded,0,0,0,0,0,0,0,0,0,0,0
3379,0.1345841,4,3379,Not eroded,0,0,0,0,0,0,0,0,0,1,1
3380,0.2998655,0,3380,ERODED,1,1,1,1,1,1,1,1,1,1,1
3381,0.2043533,5,3381,Not eroded,0,1,0,0,0,0,0,0,0,0,1
3382,0.2578564,3,3382,Not eroded,0,1,1,1,1,1,1,0,0,1,1
3383,0.1277332,3,3383,Not eroded,0,0,0,0,0,0,1,0,0,1,1
3385,0.2796893,0,3385,Not eroded,0,1,1,1,1,1,1,1,1,1,1
3386,0.1386634,4,3386,Not eroded,0,0,0,0,0,0,0,0,0,1,1
3387,0.1472548,4,3387,Not eroded,0,0,0,0,0,0,0,0,0,1,1
3388,0.1413517,4,3388,Not eroded,0,0,0,0,0,0,0,0,0,1,1
3389,0.1768476,4,3389,Not eroded,0,0,0,0,0,0,0,0,0,1,1
3390,0.2828294,0,3390,Not eroded,0,1,1,1,1,1,1,1,1,1,1
3391,0.1342307,0,3391,Not eroded,0,0,0,0,0,0,1,1,1,1,1
3392,0.2796897,0,3392,ERODED,1,1,1,1,1,1,1,1,1,1,1
3393,0.222682,4,3393,Not eroded,0,1,1,0,0,0,0,0,0,1,1
3394,0.1694797,2,3394,Not eroded,0,0,0,0,0,0,1,0,1,1,1
3395,0.2652666,5,3395,Not eroded,0,1,1,1,1,1,0,0,0,0,1
3396,0.06696022,3,3396,Not eroded,0,0,0,0,0,0,1,0,0,1,1
3397,0.2810982,0,3397,ERODED,1,1,1,1,1,1,1,1,1,1,1
3398,0.06774908,0,3398,Not eroded,0,0,0,0,0,0,1,1,1,1,1
3399,0.2166451,4,3399,Not eroded,0,1,0,0,0,0,0,0,0,1,1
3400,0.1077142,4,3400,Not eroded,0,0,0,0,0,0,0,0,0,1,1
3401,0.2997622,4,3401,Not eroded,0,1,1,1,1,1,0,0,0,1,1
3402,0.1275025,3,3402,Not eroded,0,0,0,0,0,0,1,0,0,1,1
3403,0.2240001,2,3403,Not eroded,0,1,1,0,0,0,1,0,1,1,1
3404,0.1790105,4,3404,Not eroded,0,0,0,0,0,0,0,0,0,1,1
3405,0.226776,3,3405,Not eroded,0,1,1,0,0,0,1,0,0,1,1
3406,0.09668609,5,3406,Not eroded,0,0,0,0,0,0,0,0,0,0,1
3407,0.08518406,4,3407,Not eroded,0,0,0,0,0,0,0,0,0,1,1
3408,0.09836238,4,3408,Not eroded,0,0,0,0,0,0,0,0,0,1,1
3410,0.255374,0,3410,ERODED,1,1,1,1,1,1,1,1,1,1,1
3411,0.1838267,2,3411,Not eroded,0,0,0,0,0,0,1,0,1,1,1
3412,0.109771,4,3412,Not eroded,0,0,0,0,0,0,0,0,0,1,1
3413,0.05625004,3,3413,Not eroded,0,0,0,0,0,0,1,0,0,1,1
3415,0.2646277,0,3415,ERODED,1,1,1,1,1,1,1,1,1,1,1
3416,0.05626517,2,3416,Not eroded,0,0,0,0,0,0,1,0,1,1,1
3417,0.07547922,2,3417,Not eroded,0,0,0,0,0,0,1,0,1,1,1
3418,0.188314,0,3418,Not eroded,0,0,0,0,0,0,1,1,1,1,1
3419,0.2755161,3,3419,Not eroded,0,1,1,1,1,1,1,0,0,1,1
3420,0.1014552,0,3420,Not eroded,0,0,0,0,0,0,1,1,1,1,1
3421,0.2539694,2,3421,Not eroded,0,1,1,1,1,1,1,0,1,1,1
3422,0.2384844,5,3422,Not eroded,0,1,1,1,0,0,0,0,0,0,1
3423,0.05626389,3,3423,Not eroded,0,0,0,0,0,0,1,0,0,1,1
3424,0.1631803,4,3424,Not eroded,0,0,0,0,0,0,0,0,0,1,1
3425,0.3175063,0,3425,ERODED,1,1,1,1,1,1,1,1,1,1,1
3426,0.1788127,0,3426,Not eroded,0,0,0,0,0,0,1,1,1,1,1
3427,0.2390145,0,3427,ERODED,1,1,1,1,0,0,1,1,1,1,1
3428,0.06185233,4,3428,Not eroded,0,0,0,0,0,0,0,0,0,1,1
3429,0.1595318,4,3429,Not eroded,0,0,0,0,0,0,0,0,0,1,1
3430,0.147018,3,3430,Not eroded,0,0,0,0,0,0,1,0,0,1,1
3431,0.260789,3,3431,Not eroded,0,1,1,1,1,1,1,0,0,1,1
3432,0.3034239,0,3432,ERODED,1,1,1,1,1,1,1,1,1,1,1
3433,0.2483393,4,3433,Not eroded,0,1,1,1,1,0,0,0,0,1,1
3434,0.2921381,0,3434,ERODED,1,1,1,1,1,1,1,1,1,1,1
3435,0.2920754,3,3435,Not eroded,0,1,1,1,1,1,1,0,0,1,1
3436,0.1645071,3,3436,Not eroded,0,0,0,0,0,0,1,0,0,1,1
3437,0.05624679,4,3437,Not eroded,0,0,0,0,0,0,0,0,0,1,1
3438,0.1053068,3,3438,Not eroded,0,0,0,0,0,0,1,0,0,1,1
3439,0.2385363,4,3439,Not eroded,0,1,1,1,0,0,0,0,0,1,1
3440,0.2170338,5,3440,Not eroded,0,1,0,0,0,0,0,0,0,0,1
3441,0.2658967,5,3441,Not eroded,0,1,1,1,1,1,0,0,0,0,1
3442,0.1691922,6,3442,Not eroded,0,0,0,0,0,0,0,0,0,0,0
3443,0.3098596,0,3443,ERODED,1,1,1,1,1,1,1,1,1,1,1
3444,0.08755795,4,3444,Not eroded,0,0,0,0,0,0,0,0,0,1,1
3445,0.0562403,4,3445,Not eroded,0,0,0,0,0,0,0,0,0,1,1
3447,0.1460156,2,3447,Not eroded,0,0,0,0,0,0,1,0,1,1,1
3448,0.1624088,3,3448,Not eroded,0,0,0,0,0,0,1,0,0,1,1
3449,0.1739775,0,3449,Not eroded,0,0,0,0,0,0,1,1,1,1,1
3450,0.2849415,0,3450,Not eroded,0,1,1,1,1,1,1,1,1,1,1
3451,0.1480275,5,3451,Not eroded,0,0,0,0,0,0,0,0,0,0,1
3452,0.1956601,5,3452,Not eroded,0,1,0,0,0,0,0,0,0,0,1
3454,0.07692319,4,3454,Not eroded,0,0,0,0,0,0,0,0,0,1,1
3455,0.2864702,0,3455,ERODED,1,1,1,1,1,1,1,1,1,1,1
3456,0.229285,0,3456,Not eroded,0,1,1,0,0,0,1,1,1,1,1
3457,0.08760628,6,3457,Not eroded,0,0,0,0,0,0,0,0,0,0,0
3458,0.1041894,0,3458,Not eroded,0,0,0,0,0,0,1,1,1,1,1
3459,0.05626997,4,3459,Not eroded,0,0,0,0,0,0,0,0,0,1,1
3460,0.3352018,0,3460,ERODED,1,1,1,1,1,1,1,1,1,1,1
3461,0.1769633,7,3461,Not eroded,0,0,0,0,0,0,0,0,0,0,0
3463,0.146412,5,3463,Not eroded,0,0,0,0,0,0,0,0,0,0,1
3465,0.2324402,3,3465,Not eroded,0,1,1,1,0,0,1,0,0,1,1
3466,0.2025135,3,3466,Not eroded,0,1,0,0,0,0,1,0,0,1,1
3467,0.3343965,0,3467,ERODED,1,1,1,1,1,1,1,1,1,1,1
3468,0.2787747,4,3468,Not eroded,0,1,1,1,1,1,0,0,0,1,1
3469,0.1003972,0,3469,Not eroded,0,0,0,0,0,0,1,1,1,1,1
3470,0.1292973,0,3470,Not eroded,0,0,0,0,0,0,1,1,1,1,1
3471,0.1701395,0,3471,Not eroded,0,0,0,0,0,0,1,1,1,1,1
3472,0.1360551,6,3472,Not eroded,0,0,0,0,0,0,0,0,0,0,0
3473,0.1445576,3,3473,Not eroded,0,0,0,0,0,0,1,0,0,1,1
3474,0.236436,5,3474,Not eroded,0,1,1,1,0,0,0,0,0,0,1
3476,0.17767,0,3476,Not eroded,0,0,0,0,0,0,1,1,1,1,1
3477,0.2821672,0,3477,Not eroded,0,1,1,1,1,1,1,1,1,1,1
3478,0.1068381,4,3478,Not eroded,0,0,0,0,0,0,0,0,0,1,1
3479,0.1139126,5,3479,Not eroded,0,0,0,0,0,0,0,0,0,0,1
3480,0.2050195,4,3480,Not eroded,0,1,0,0,0,0,0,0,0,1,1
3481,0.3168387,0,3481,ERODED,1,1,1,1,1,1,1,1,1,1,1
3482,0.1335944,0,3482,Not eroded,0,0,0,0,0,0,1,1,1,1,1
3483,0.2424355,0,3483,Not eroded,0,1,1,1,1,0,1,1,1,1,1
3484,0.1110271,4,3484,Not eroded,0,0,0,0,0,0,0,0,0,1,1
3485,0.06488677,3,3485,Not eroded,0,0,0,0,0,0,1,0,0,1,1
3486,0.1662833,5,3486,Not eroded,0,0,0,0,0,0,0,0,0,0,1
3487,0.08221006,2,3487,Not eroded,0,0,0,0,0,0,1,0,1,1,1
3488,0.1426696,5,3488,Not eroded,0,0,0,0,0,0,0,0,0,0,1
3489,0.3042988,0,3489,ERODED,1,1,1,1,1,1,1,1,1,1,1
3490,0.26115,0,3490,Not eroded,0,1,1,1,1,1,1,1,1,1,1
3491,0.232957,5,3491,Not eroded,0,1,1,1,0,0,0,0,0,0,1
3492,0.2318242,2,3492,Not eroded,0,1,1,1,0,0,1,0,1,1,1
3493,0.2190878,4,3493,Not eroded,0,1,0,0,0,0,0,0,0,1,1
3494,0.219464,0,3494,Not eroded,0,1,0,0,0,0,1,1,1,1,1
3495,0.257937,0,3495,Not eroded,0,1,1,1,1,1,1,1,1,1,1
3496,0.2586907,0,3496,Not eroded,0,1,1,1,1,1,1,1,1,1,1
3497,0.06767328,0,3497,Not eroded,0,0,0,0,0,0,1,1,1,1,1
3498,0.2728594,0,3498,ERODED,1,1,1,1,1,1,1,1,1,1,1
3499,0.08913157,0,3499,Not eroded,0,0,0,0,0,0,1,1,1,1,1
3500,0.2763967,3,3500,Not eroded,0,1,1,1,1,1,1,0,0,1,1
3501,0.08553937,3,3501,Not eroded,0,0,0,0,0,0,1,0,0,1,1
3502,0.05625202,5,3502,Not eroded,0,0,0,0,0,0,0,0,0,0,1
3503,0.05627097,2,3503,Not eroded,0,0,0,0,0,0,1,0,1,1,1
3504,0.2230856,4,3504,Not eroded,0,1,1,0,0,0,0,0,0,1,1
3505,0.06051852,7,3505,Not eroded,0,0,0,0,0,0,0,0,0,0,0
3506,0.218386,0,3506,Not eroded,0,1,0,0,0,0,1,1,1,1,1
3507,0.1817569,0,3507,Not eroded,0,0,0,0,0,0,1,1,1,1,1
3508,0.05624664,3,3508,Not eroded,0,0,0,0,0,0,1,0,0,1,1
3510,0.113082,6,3510,Not eroded,0,0,0,0,0,0,0,0,0,0,0
3511,0.1345387,4,3511,Not eroded,0,0,0,0,0,0,0,0,0,1,1
3512,0.2637823,3,3512,Not eroded,0,1,1,1,1,1,1,0,0,1,1
3513,0.302762,0,3513,ERODED,1,1,1,1,1,1,1,1,1,1,1
3514,0.2148667,5,3514,Not eroded,0,1,0,0,0,0,0,0,0,0,1
3515,0.2164989,2,3515,Not eroded,0,1,0,0,0,0,1,0,1,1,1
3516,0.241533,4,3516,Not eroded,0,1,1,1,1,0,0,0,0,1,1
3517,0.2215796,3,3517,Not eroded,0,1,1,0,0,0,1,0,0,1,1
3518,0.07081517,0,3518,Not eroded,0,0,0,0,0,0,1,1,1,1,1
3519,0.06396172,4,3519,Not eroded,0,0,0,0,0,0,0,0,0,1,1
3520,0.3078863,2,3520,Not eroded,0,1,1,1,1,1,1,0,1,1,1
3521,0.1909299,6,3521,Not eroded,0,1,0,0,0,0,0,0,0,0,0
3522,0.2780951,0,3522,Not eroded,0,1,1,1,1,1,1,1,1,1,1
3523,0.2795953,0,3523,Not eroded,0,1,1,1,1,1,1,1,1,1,1
3524,0.2423107,4,3524,Not eroded,0,1,1,1,1,0,0,0,0,1,1
3525,0.2322143,2,3525,Not eroded,0,1,1,1,0,0,1,0,1,1,1
3526,0.3225134,0,3526,ERODED,1,1,1,1,1,1,1,1,1,1,1
3527,0.2985003,0,3527,ERODED,1,1,1,1,1,1,1,1,1,1,1
3528,0.110134,3,3528,Not eroded,0,0,0,0,0,0,1,0,0,1,1
3529,0.2517269,5,3529,Not eroded,0,1,1,1,1,1,0,0,0,0,1
3530,0.2201676,3,3530,Not eroded,0,1,1,0,0,0,1,0,0,1,1
3531,0.1872875,5,3531,Not eroded,0,0,0,0,0,0,0,0,0,0,1
3532,0.18776,3,3532,Not eroded,0,0,0,0,0,0,1,0,0,1,1
3533,0.09223653,5,3533,Not eroded,0,0,0,0,0,0,0,0,0,0,1
3534,0.1441969,4,3534,Not eroded,0,0,0,0,0,0,0,0,0,1,1
3536,0.3176974,0,3536,ERODED,1,1,1,1,1,1,1,1,1,1,1
3537,0.1521229,7,3537,Not eroded,0,0,0,0,0,0,0,0,0,0,0
3538,0.220174,0,3538,Not eroded,0,1,1,0,0,0,1,1,1,1,1
3539,0.2815438,0,3539,ERODED,1,1,1,1,1,1,1,1,1,1,1
3540,0.07828152,5,3540,Not eroded,0,0,0,0,0,0,0,0,0,0,1
3541,0.3256235,0,3541,ERODED,1,1,1,1,1,1,1,1,1,1,1
3542,0.2051623,0,3542,Not eroded,0,1,0,0,0,0,1,1,1,1,1
3543,0.1297051,3,3543,Not eroded,0,0,0,0,0,0,1,0,0,1,1
3544,0.0706637,4,3544,Not eroded,0,0,0,0,0,0,0,0,0,1,1
3545,0.2278164,4,3545,Not eroded,0,1,1,0,0,0,0,0,0,1,1
3547,0.1462485,0,3547,Not eroded,0,0,0,0,0,0,1,1,1,1,1
3548,0.06808582,2,3548,Not eroded,0,0,0,0,0,0,1,0,1,1,1
3549,0.1217552,4,3549,Not eroded,0,0,0,0,0,0,0,0,0,1,1
3550,0.3161298,0,3550,ERODED,1,1,1,1,1,1,1,1,1,1,1
3551,0.30566,0,3551,ERODED,1,1,1,1,1,1,1,1,1,1,1
3552,0.08103232,4,3552,Not eroded,0,0,0,0,0,0,0,0,0,1,1
3553,0.2000654,6,3553,Not eroded,0,1,0,0,0,0,0,0,0,0,0
3554,0.1540276,4,3554,Not eroded,0,0,0,0,0,0,0,0,0,1,1
3555,0.1343518,5,3555,Not eroded,0,0,0,0,0,0,0,0,0,0,1
3556,0.09399998,4,3556,Not eroded,0,0,0,0,0,0,0,0,0,1,1
3557,0.150372,3,3557,Not eroded,0,0,0,0,0,0,1,0,0,1,1
3558,0.2457324,4,3558,Not eroded,0,1,1,1,1,0,0,0,0,1,1
3559,0.1533675,0,3559,Not eroded,0,0,0,0,0,0,1,1,1,1,1
3560,0.2264991,0,3560,Not eroded,0,1,1,0,0,0,1,1,1,1,1
3562,0.1090534,5,3562,Not eroded,0,0,0,0,0,0,0,0,0,0,1
3563,0.1982102,3,3563,Not eroded,0,1,0,0,0,0,1,0,0,1,1
3565,0.2461493,4,3565,Not eroded,0,1,1,1,1,0,0,0,0,1,1
3566,0.2541761,3,3566,Not eroded,0,1,1,1,1,1,1,0,0,1,1
3567,0.1791417,3,3567,Not eroded,0,0,0,0,0,0,1,0,0,1,1
3568,0.09270314,4,3568,Not eroded,0,0,0,0,0,0,0,0,0,1,1
3569,0.1501753,4,3569,Not eroded,0,0,0,0,0,0,0,0,0,1,1
3571,0.2198831,3,3571,Not eroded,0,1,0,0,0,0,1,0,0,1,1
3572,0.193305,0,3572,Not eroded,0,1,0,0,0,0,1,1,1,1,1
3573,0.1999351,0,3573,Not eroded,0,1,0,0,0,0,1,1,1,1,1
3574,0.3026523,0,3574,ERODED,1,1,1,1,1,1,1,1,1,1,1
3575,0.2078389,0,3575,Not eroded,0,1,0,0,0,0,1,1,1,1,1
3576,0.08961965,0,3576,Not eroded,0,0,0,0,0,0,1,1,1,1,1
3577,0.2425896,4,3577,Not eroded,0,1,1,1,1,0,0,0,0,1,1
3578,0.0895791,4,3578,Not eroded,0,0,0,0,0,0,0,0,0,1,1
3579,0.1440241,6,3579,Not eroded,0,0,0,0,0,0,0,0,0,0,0
3580,0.2792537,0,3580,ERODED,1,1,1,1,1,1,1,1,1,1,1
3581,0.1356446,5,3581,Not eroded,0,0,0,0,0,0,0,0,0,0,1
3582,0.2812325,0,3582,Not eroded,0,1,1,1,1,1,1,1,1,1,1
3583,0.1285038,7,3583,Not eroded,0,0,0,0,0,0,0,0,0,0,0
3584,0.07100623,3,3584,Not eroded,0,0,0,0,0,0,1,0,0,1,1
3585,0.172983,4,3585,Not eroded,0,0,0,0,0,0,0,0,0,1,1
3586,0.1336399,4,3586,Not eroded,0,0,0,0,0,0,0,0,0,1,1
3587,0.1097271,5,3587,Not eroded,0,0,0,0,0,0,0,0,0,0,1
3588,0.2124202,4,3588,Not eroded,0,1,0,0,0,0,0,0,0,1,1
3589,0.09497165,5,3589,Not eroded,0,0,0,0,0,0,0,0,0,0,1
3590,0.0961623,2,3590,Not eroded,0,0,0,0,0,0,1,0,1,1,1
3591,0.1816711,0,3591,Not eroded,0,0,0,0,0,0,1,1,1,1,1
3593,0.2312131,3,3593,Not eroded,0,1,1,1,0,0,1,0,0,1,1
3594,0.1065944,0,3594,Not eroded,0,0,0,0,0,0,1,1,1,1,1
3595,0.05625611,3,3595,Not eroded,0,0,0,0,0,0,1,0,0,1,1
3596,0.1858166,4,3596,Not eroded,0,0,0,0,0,0,0,0,0,1,1
3598,0.2246699,0,3598,Not eroded,0,1,1,0,0,0,1,1,1,1,1
3599,0.1019954,3,3599,Not eroded,0,0,0,0,0,0,1,0,0,1,1
3600,0.2085916,5,3600,Not eroded,0,1,0,0,0,0,0,0,0,0,1
3601,0.1066016,4,3601,Not eroded,0,0,0,0,0,0,0,0,0,1,1
3602,0.247714,0,3602,Not eroded,0,1,1,1,1,0,1,1,1,1,1
3603,0.1631009,2,3603,Not eroded,0,0,0,0,0,0,1,0,1,1,1
3604,0.1621347,5,3604,Not eroded,0,0,0,0,0,0,0,0,0,0,1
3605,0.316191,0,3605,ERODED,1,1,1,1,1,1,1,1,1,1,1
3606,0.2212401,3,3606,Not eroded,0,1,1,0,0,0,1,0,0,1,1
3607,0.1691431,5,3607,Not eroded,0,0,0,0,0,0,0,0,0,0,1
3608,0.230351,4,3608,Not eroded,0,1,1,1,0,0,0,0,0,1,1
3609,0.1074543,4,3609,Not eroded,0,0,0,0,0,0,0,0,0,1,1
3610,0.1791539,4,3610,Not eroded,0,0,0,0,0,0,0,0,0,1,1
3611,0.1942828,5,3611,Not eroded,0,1,0,0,0,0,0,0,0,0,1
3613,0.1929893,0,3613,Not eroded,0,1,0,0,0,0,1,1,1,1,1
3614,0.2321436,6,3614,Not eroded,0,1,1,1,0,0,0,0,0,0,0
3615,0.1691769,3,3615,Not eroded,0,0,0,0,0,0,1,0,0,1,1
3616,0.1533396,0,3616,Not eroded,0,0,0,0,0,0,1,1,1,1,1
3617,0.2716274,0,3617,ERODED,1,1,1,1,1,1,1,1,1,1,1
3618,0.2622996,6,3618,Not eroded,0,1,1,1,1,1,0,0,0,0,0
3619,0.1153334,6,3619,Not eroded,0,0,0,0,0,0,0,0,0,0,0
3620,0.06681793,4,3620,Not eroded,0,0,0,0,0,0,0,0,0,1,1
3621,0.1011633,2,3621,Not eroded,0,0,0,0,0,0,1,0,1,1,1
3622,0.1533265,3,3622,Not eroded,0,0,0,0,0,0,1,0,0,1,1
3623,0.236861,6,3623,Not eroded,0,1,1,1,0,0,0,0,0,0,0
3624,0.294569,0,3624,ERODED,1,1,1,1,1,1,1,1,1,1,1
3625,0.2780044,0,3625,Not eroded,0,1,1,1,1,1,1,1,1,1,1
3626,0.1554536,0,3626,Not eroded,0,0,0,0,0,0,1,1,1,1,1
3627,0.1309404,4,3627,Not eroded,0,0,0,0,0,0,0,0,0,1,1
3628,0.1884584,3,3628,Not eroded,0,0,0,0,0,0,1,0,0,1,1
3629,0.1946674,4,3629,Not eroded,0,1,0,0,0,0,0,0,0,1,1
3630,0.05659922,0,3630,Not eroded,0,0,0,0,0,0,1,1,1,1,1
3631,0.2102567,0,3631,Not eroded,0,1,0,0,0,0,1,1,1,1,1
3632,0.2537512,6,3632,Not eroded,0,1,1,1,1,1,0,0,0,0,0
3633,0.1644719,4,3633,Not eroded,0,0,0,0,0,0,0,0,0,1,1
3634,0.255763,4,3634,Not eroded,0,1,1,1,1,1,0,0,0,1,1
3635,0.1378526,6,3635,Not eroded,0,0,0,0,0,0,0,0,0,0,0
3636,0.05627362,0,3636,Not eroded,0,0,0,0,0,0,1,1,1,1,1
3637,0.1149131,0,3637,Not eroded,0,0,0,0,0,0,1,1,1,1,1
3639,0.1205442,4,3639,Not eroded,0,0,0,0,0,0,0,0,0,1,1
3640,0.1609751,4,3640,Not eroded,0,0,0,0,0,0,0,0,0,1,1
3641,0.3252104,0,3641,ERODED,1,1,1,1,1,1,1,1,1,1,1
3642,0.1678567,5,3642,Not eroded,0,0,0,0,0,0,0,0,0,0,1
3644,0.1888754,3,3644,Not eroded,0,0,0,0,0,0,1,0,0,1,1
3645,0.2131232,6,3645,Not eroded,0,1,0,0,0,0,0,0,0,0,0
3646,0.3141708,0,3646,ERODED,1,1,1,1,1,1,1,1,1,1,1
3647,0.2252772,2,3647,Not eroded,0,1,1,0,0,0,1,0,1,1,1
3648,0.1339459,0,3648,Not eroded,0,0,0,0,0,0,1,1,1,1,1
3649,0.06674096,0,3649,Not eroded,0,0,0,0,0,0,1,1,1,1,1
3650,0.2934459,0,3650,ERODED,1,1,1,1,1,1,1,1,1,1,1
3651,0.2660852,2,3651,Not eroded,0,1,1,1,1,1,1,0,1,1,1
3652,0.3125159,0,3652,ERODED,1,1,1,1,1,1,1,1,1,1,1
3653,0.1695999,3,3653,Not eroded,0,0,0,0,0,0,1,0,0,1,1
3654,0.2428917,5,3654,Not eroded,0,1,1,1,1,0,0,0,0,0,1
3655,0.07358116,0,3655,Not eroded,0,0,0,0,0,0,1,1,1,1,1
3656,0.2496793,0,3656,ERODED,1,1,1,1,1,0,1,1,1,1,1
3657,0.1008736,4,3657,Not eroded,0,0,0,0,0,0,0,0,0,1,1
3658,0.3152305,0,3658,ERODED,1,1,1,1,1,1,1,1,1,1,1
3659,0.105927,5,3659,Not eroded,0,0,0,0,0,0,0,0,0,0,1
3660,0.257043,0,3660,ERODED,1,1,1,1,1,1,1,1,1,1,1
3661,0.3287376,0,3661,ERODED,1,1,1,1,1,1,1,1,1,1,1
3662,0.3255336,0,3662,ERODED,1,1,1,1,1,1,1,1,1,1,1
3663,0.1510001,5,3663,Not eroded,0,0,0,0,0,0,0,0,0,0,1
3664,0.2772538,4,3664,Not eroded,0,1,1,1,1,1,0,0,0,1,1
3665,0.1794655,5,3665,Not eroded,0,0,0,0,0,0,0,0,0,0,1
3666,0.2654675,0,3666,Not eroded,0,1,1,1,1,1,1,1,1,1,1
3668,0.2675287,2,3668,Not eroded,0,1,1,1,1,1,1,0,1,1,1
3669,0.2942554,4,3669,Not eroded,0,1,1,1,1,1,0,0,0,1,1
3670,0.2685446,3,3670,Not eroded,0,1,1,1,1,1,1,0,0,1,1
3671,0.08162864,6,3671,Not eroded,0,0,0,0,0,0,0,0,0,0,0
3672,0.2930913,0,3672,ERODED,1,1,1,1,1,1,1,1,1,1,1
3673,0.2754888,0,3673,Not eroded,0,1,1,1,1,1,1,1,1,1,1
3674,0.1061041,7,3674,Not eroded,0,0,0,0,0,0,0,0,0,0,0
3676,0.05832406,6,3676,Not eroded,0,0,0,0,0,0,0,0,0,0,0
3677,0.2705837,3,3677,Not eroded,0,1,1,1,1,1,1,0,0,1,1
3678,0.06085878,5,3678,Not eroded,0,0,0,0,0,0,0,0,0,0,1
3679,0.136281,4,3679,Not eroded,0,0,0,0,0,0,0,0,0,1,1
3680,0.3146407,0,3680,ERODED,1,1,1,1,1,1,1,1,1,1,1
3681,0.254692,0,3681,ERODED,1,1,1,1,1,1,1,1,1,1,1
3682,0.2081818,3,3682,Not eroded,0,1,0,0,0,0,1,0,0,1,1
3683,0.1133957,5,3683,Not eroded,0,0,0,0,0,0,0,0,0,0,1
3684,0.1953307,3,3684,Not eroded,0,1,0,0,0,0,1,0,0,1,1
3685,0.2247552,3,3685,Not eroded,0,1,1,0,0,0,1,0,0,1,1
3686,0.2478253,0,3686,Not eroded,0,1,1,1,1,0,1,1,1,1,1
3687,0.0909766,3,3687,Not eroded,0,0,0,0,0,0,1,0,0,1,1
3688,0.1516515,4,3688,Not eroded,0,0,0,0,0,0,0,0,0,1,1
3689,0.2407266,5,3689,Not eroded,0,1,1,1,1,0,0,0,0,0,1
3690,0.1399354,0,3690,Not eroded,0,0,0,0,0,0,1,1,1,1,1
3691,0.2682721,0,3691,Not eroded,0,1,1,1,1,1,1,1,1,1,1
3692,0.2124741,4,3692,Not eroded,0,1,0,0,0,0,0,0,0,1,1
3693,0.1951409,4,3693,Not eroded,0,1,0,0,0,0,0,0,0,1,1
3694,0.2050352,3,3694,Not eroded,0,1,0,0,0,0,1,0,0,1,1
3696,0.2073223,0,3696,Not eroded,0,1,0,0,0,0,1,1,1,1,1
3697,0.08258013,2,3697,Not eroded,0,0,0,0,0,0,1,0,1,1,1
3698,0.1225794,4,3698,Not eroded,0,0,0,0,0,0,0,0,0,1,1
3699,0.1468936,4,3699,Not eroded,0,0,0,0,0,0,0,0,0,1,1
3700,0.2358339,6,3700,Not eroded,0,1,1,1,0,0,0,0,0,0,0
3701,0.2775531,1,3701,ERODED,1,1,1,1,1,1,1,1,1,1,1
3702,0.1416143,0,3702,Not eroded,0,0,0,0,0,0,1,1,1,1,1
3703,0.1242586,0,3703,Not eroded,0,0,0,0,0,0,1,1,1,1,1
3704,0.1501993,4,3704,Not eroded,0,0,0,0,0,0,0,0,0,1,1
3705,0.1140054,6,3705,Not eroded,0,0,0,0,0,0,0,0,0,0,0
3706,0.05994588,5,3706,Not eroded,0,0,0,0,0,0,0,0,0,0,1
3707,0.1081558,3,3707,Not eroded,0,0,0,0,0,0,1,0,0,1,1
3708,0.2576695,4,3708,Not eroded,0,1,1,1,1,1,0,0,0,1,1
3709,0.151696,4,3709,Not eroded,0,0,0,0,0,0,0,0,0,1,1
3710,0.09447672,0,3710,Not eroded,0,0,0,0,0,0,1,1,1,1,1
3711,0.07577384,3,3711,Not eroded,0,0,0,0,0,0,1,0,0,1,1
3712,0.2597562,5,3712,Not eroded,0,1,1,1,1,1,0,0,0,0,1
3713,0.1747034,3,3713,Not eroded,0,0,0,0,0,0,1,0,0,1,1
3714,0.2433286,4,3714,Not eroded,0,1,1,1,1,0,0,0,0,1,1
3715,0.2056123,4,3715,Not eroded,0,1,0,0,0,0,0,0,0,1,1
3716,0.2685301,5,3716,Not eroded,0,1,1,1,1,1,0,0,0,0,1
3717,0.09943795,5,3717,Not eroded,0,0,0,0,0,0,0,0,0,0,1
3718,0.2750113,0,3718,ERODED,1,1,1,1,1,1,1,1,1,1,1
3719,0.2110578,5,3719,Not eroded,0,1,0,0,0,0,0,0,0,0,1
3720,0.1348069,0,3720,Not eroded,0,0,0,0,0,0,1,1,1,1,1
3721,0.3295366,0,3721,ERODED,1,1,1,1,1,1,1,1,1,1,1
3722,0.1154575,4,3722,Not eroded,0,0,0,0,0,0,0,0,0,1,1
3723,0.06283344,5,3723,Not eroded,0,0,0,0,0,0,0,0,0,0,1
3724,0.1008238,3,3724,Not eroded,0,0,0,0,0,0,1,0,0,1,1
3725,0.2673066,4,3725,Not eroded,0,1,1,1,1,1,0,0,0,1,1
3726,0.1683809,0,3726,Not eroded,0,0,0,0,0,0,1,1,1,1,1
3727,0.2684728,0,3727,Not eroded,0,1,1,1,1,1,1,1,1,1,1
3729,0.09219092,5,3729,Not eroded,0,0,0,0,0,0,0,0,0,0,1
3730,0.3191685,0,3730,ERODED,1,1,1,1,1,1,1,1,1,1,1
3731,0.2740088,5,3731,Not eroded,0,1,1,1,1,1,0,0,0,0,1
3732,0.1777598,3,3732,Not eroded,0,0,0,0,0,0,1,0,0,1,1
3733,0.09464744,0,3733,Not eroded,0,0,0,0,0,0,1,1,1,1,1
3734,0.06479217,3,3734,Not eroded,0,0,0,0,0,0,1,0,0,1,1
3735,0.1415278,3,3735,Not eroded,0,0,0,0,0,0,1,0,0,1,1
3737,0.2536176,4,3737,Not eroded,0,1,1,1,1,1,0,0,0,1,1
3738,0.3119616,0,3738,ERODED,1,1,1,1,1,1,1,1,1,1,1
3739,0.06859446,5,3739,Not eroded,0,0,0,0,0,0,0,0,0,0,1
3741,0.1083423,0,3741,Not eroded,0,0,0,0,0,0,1,1,1,1,1
3742,0.2032988,4,3742,Not eroded,0,1,0,0,0,0,0,0,0,1,1
3743,0.05623312,4,3743,Not eroded,0,0,0,0,0,0,0,0,0,1,1
3744,0.2949383,3,3744,Not eroded,0,1,1,1,1,1,1,0,0,1,1
3745,0.1506694,0,3745,Not eroded,0,0,0,0,0,0,1,1,1,1,1
3746,0.2239696,5,3746,Not eroded,0,1,1,0,0,0,0,0,0,0,1
3748,0.1650034,7,3748,Not eroded,0,0,0,0,0,0,0,0,0,0,0
3749,0.227384,0,3749,Not eroded,0,1,1,0,0,0,1,1,1,1,1
3750,0.2696031,0,3750,Not eroded,0,1,1,1,1,1,1,1,1,1,1
3751,0.08088382,0,3751,Not eroded,0,0,0,0,0,0,1,1,1,1,1
3752,0.3308319,0,3752,ERODED,1,1,1,1,1,1,1,1,1,1,1
3754,0.0679131,3,3754,Not eroded,0,0,0,0,0,0,1,0,0,1,1
3755,0.3249439,0,3755,ERODED,1,1,1,1,1,1,1,1,1,1,1
3756,0.2187516,3,3756,Not eroded,0,1,0,0,0,0,1,0,0,1,1
3757,0.2347176,5,3757,Not eroded,0,1,1,1,0,0,0,0,0,0,1
3758,0.1033782,0,3758,Not eroded,0,0,0,0,0,0,1,1,1,1,1
3759,0.2132173,5,3759,Not eroded,0,1,0,0,0,0,0,0,0,0,1
3760,0.297344,0,3760,ERODED,1,1,1,1,1,1,1,1,1,1,1
3761,0.1928949,5,3761,Not eroded,0,1,0,0,0,0,0,0,0,0,1
3762,0.2603693,3,3762,Not eroded,0,1,1,1,1,1,1,0,0,1,1
3763,0.1040377,5,3763,Not eroded,0,0,0,0,0,0,0,0,0,0,1
3764,0.1006141,4,3764,Not eroded,0,0,0,0,0,0,0,0,0,1,1
3765,0.2010911,4,3765,Not eroded,0,1,0,0,0,0,0,0,0,1,1
3766,0.1146478,3,3766,Not eroded,0,0,0,0,0,0,1,0,0,1,1
3767,0.2114419,4,3767,Not eroded,0,1,0,0,0,0,0,0,0,1,1
3768,0.1738281,5,3768,Not eroded,0,0,0,0,0,0,0,0,0,0,1
3769,0.08113008,2,3769,Not eroded,0,0,0,0,0,0,1,0,1,1,1
3770,0.2191134,4,3770,Not eroded,0,1,0,0,0,0,0,0,0,1,1
3771,0.1438812,0,3771,Not eroded,0,0,0,0,0,0,1,1,1,1,1
3772,0.06956166,4,3772,Not eroded,0,0,0,0,0,0,0,0,0,1,1
3774,0.1365173,4,3774,Not eroded,0,0,0,0,0,0,0,0,0,1,1
3775,0.05624706,3,3775,Not eroded,0,0,0,0,0,0,1,0,0,1,1
3776,0.1617424,6,3776,Not eroded,0,0,0,0,0,0,0,0,0,0,0
3778,0.07048995,5,3778,Not eroded,0,0,0,0,0,0,0,0,0,0,1
3779,0.1912486,4,3779,Not eroded,0,1,0,0,0,0,0,0,0,1,1
3781,0.1658479,0,3781,Not eroded,0,0,0,0,0,0,1,1,1,1,1
3782,0.3016581,0,3782,ERODED,1,1,1,1,1,1,1,1,1,1,1
3783,0.3024831,0,3783,ERODED,1,1,1,1,1,1,1,1,1,1,1
3784,0.09107595,4,3784,Not eroded,0,0,0,0,0,0,0,0,0,1,1
3785,0.3083534,0,3785,ERODED,1,1,1,1,1,1,1,1,1,1,1
3786,0.2706626,4,3786,Not eroded,0,1,1,1,1,1,0,0,0,1,1
3787,0.1303555,0,3787,Not eroded,0,0,0,0,0,0,1,1,1,1,1
3788,0.1659021,3,3788,Not eroded,0,0,0,0,0,0,1,0,0,1,1
3789,0.2064947,3,3789,Not eroded,0,1,0,0,0,0,1,0,0,1,1
3790,0.136719,5,3790,Not eroded,0,0,0,0,0,0,0,0,0,0,1
3791,0.1594925,4,3791,Not eroded,0,0,0,0,0,0,0,0,0,1,1
3792,0.1626103,4,3792,Not eroded,0,0,0,0,0,0,0,0,0,1,1
3793,0.09115403,5,3793,Not eroded,0,0,0,0,0,0,0,0,0,0,1
3794,0.1168657,2,3794,Not eroded,0,0,0,0,0,0,1,0,1,1,1
3795,0.1172371,3,3795,Not eroded,0,0,0,0,0,0,1,0,0,1,1
3796,0.06374173,4,3796,Not eroded,0,0,0,0,0,0,0,0,0,1,1
3797,0.2386361,5,3797,Not eroded,0,1,1,1,0,0,0,0,0,0,1
3798,0.2885602,3,3798,Not eroded,0,1,1,1,1,1,1,0,0,1,1
3799,0.104018,0,3799,Not eroded,0,0,0,0,0,0,1,1,1,1,1
3800,0.2306436,0,3800,Not eroded,0,1,1,1,0,0,1,1,1,1,1
3802,0.2934174,0,3802,ERODED,1,1,1,1,1,1,1,1,1,1,1
3804,0.2933019,3,3804,Not eroded,0,1,1,1,1,1,1,0,0,1,1
3806,0.2111786,3,3806,Not eroded,0,1,0,0,0,0,1,0,0,1,1
3807,0.08421833,0,3807,Not eroded,0,0,0,0,0,0,1,1,1,1,1
3808,0.1766159,3,3808,Not eroded,0,0,0,0,0,0,1,0,0,1,1
3809,0.1494355,3,3809,Not eroded,0,0,0,0,0,0,1,0,0,1,1
3810,0.2490001,4,3810,Not eroded,0,1,1,1,1,0,0,0,0,1,1
3811,0.2489172,0,3811,Not eroded,0,1,1,1,1,0,1,1,1,1,1
3812,0.2255486,6,3812,Not eroded,0,1,1,0,0,0,0,0,0,0,0
3813,0.175486,4,3813,Not eroded,0,0,0,0,0,0,0,0,0,1,1
3814,0.2171629,3,3814,Not eroded,0,1,0,0,0,0,1,0,0,1,1
3815,0.1693452,5,3815,Not eroded,0,0,0,0,0,0,0,0,0,0,1
3816,0.05644861,0,3816,Not eroded,0,0,0,0,0,0,1,1,1,1,1
3817,0.1260978,3,3817,Not eroded,0,0,0,0,0,0,1,0,0,1,1
3818,0.1427864,0,3818,Not eroded,0,0,0,0,0,0,1,1,1,1,1
3819,0.05625616,4,3819,Not eroded,0,0,0,0,0,0,0,0,0,1,1
3821,0.09466518,3,3821,Not eroded,0,0,0,0,0,0,1,0,0,1,1
3826,0.1337239,2,3826,Not eroded,0,0,0,0,0,0,1,0,1,1,1
3827,0.09421541,4,3827,Not eroded,0,0,0,0,0,0,0,0,0,1,1
3828,0.3288511,0,3828,ERODED,1,1,1,1,1,1,1,1,1,1,1
3829,0.07897559,7,3829,Not eroded,0,0,0,0,0,0,0,0,0,0,0
3830,0.3252792,0,3830,ERODED,1,1,1,1,1,1,1,1,1,1,1
3831,0.1495169,4,3831,Not eroded,0,0,0,0,0,0,0,0,0,1,1
3832,0.1060449,5,3832,Not eroded,0,0,0,0,0,0,0,0,0,0,1
3833,0.06541207,4,3833,Not eroded,0,0,0,0,0,0,0,0,0,1,1
3834,0.1729974,3,3834,Not eroded,0,0,0,0,0,0,1,0,0,1,1
3835,0.1312971,3,3835,Not eroded,0,0,0,0,0,0,1,0,0,1,1
3836,0.2763597,3,3836,Not eroded,0,1,1,1,1,1,1,0,0,1,1
3837,0.2949398,0,3837,ERODED,1,1,1,1,1,1,1,1,1,1,1
3838,0.2681697,0,3838,Not eroded,0,1,1,1,1,1,1,1,1,1,1
3839,0.1519332,6,3839,Not eroded,0,0,0,0,0,0,0,0,0,0,0
3840,0.161179,6,3840,Not eroded,0,0,0,0,0,0,0,0,0,0,0
3841,0.05625846,3,3841,Not eroded,0,0,0,0,0,0,1,0,0,1,1
3842,0.1790524,3,3842,Not eroded,0,0,0,0,0,0,1,0,0,1,1
3843,0.1909842,4,3843,Not eroded,0,1,0,0,0,0,0,0,0,1,1
3844,0.1286243,5,3844,Not eroded,0,0,0,0,0,0,0,0,0,0,1
3845,0.2471355,3,3845,Not eroded,0,1,1,1,1,0,1,0,0,1,1
3846,0.2884828,0,3846,ERODED,1,1,1,1,1,1,1,1,1,1,1
3847,0.1205687,6,3847,Not eroded,0,0,0,0,0,0,0,0,0,0,0
3848,0.176055,4,3848,Not eroded,0,0,0,0,0,0,0,0,0,1,1
3849,0.1018135,4,3849,Not eroded,0,0,0,0,0,0,0,0,0,1,1
3850,0.12812,5,3850,Not eroded,0,0,0,0,0,0,0,0,0,0,1
3851,0.2774981,0,3851,ERODED,1,1,1,1,1,1,1,1,1,1,1
3852,0.2234728,0,3852,Not eroded,0,1,1,0,0,0,1,1,1,1,1
3853,0.2220806,4,3853,Not eroded,0,1,1,0,0,0,0,0,0,1,1
3854,0.1837097,4,3854,Not eroded,0,0,0,0,0,0,0,0,0,1,1
3855,0.2182122,2,3855,Not eroded,0,1,0,0,0,0,1,0,1,1,1
3856,0.1653832,4,3856,Not eroded,0,0,0,0,0,0,0,0,0,1,1
3857,0.2212745,0,3857,Not eroded,0,1,1,0,0,0,1,1,1,1,1
3858,0.3034097,0,3858,Not eroded,0,1,1,1,1,1,1,1,1,1,1
3859,0.09910487,6,3859,Not eroded,0,0,0,0,0,0,0,0,0,0,0
3860,0.230008,0,3860,Not eroded,0,1,1,1,0,0,1,1,1,1,1
3861,0.3046252,2,3861,Not eroded,0,1,1,1,1,1,1,0,1,1,1
3862,0.2271192,3,3862,Not eroded,0,1,1,0,0,0,1,0,0,1,1
3863,0.1298291,4,3863,Not eroded,0,0,0,0,0,0,0,0,0,1,1
3864,0.05626853,3,3864,Not eroded,0,0,0,0,0,0,1,0,0,1,1
3865,0.2352026,3,3865,Not eroded,0,1,1,1,0,0,1,0,0,1,1
3866,0.06659835,3,3866,Not eroded,0,0,0,0,0,0,1,0,0,1,1
3867,0.06473055,4,3867,Not eroded,0,0,0,0,0,0,0,0,0,1,1
3868,0.1023247,5,3868,Not eroded,0,0,0,0,0,0,0,0,0,0,1
3869,0.196362,3,3869,Not eroded,0,1,0,0,0,0,1,0,0,1,1
3870,0.1957712,0,3870,Not eroded,0,1,0,0,0,0,1,1,1,1,1
3871,0.1394632,5,3871,Not eroded,0,0,0,0,0,0,0,0,0,0,1
3872,0.1384983,0,3872,Not eroded,0,0,0,0,0,0,1,1,1,1,1
3873,0.09262439,7,3873,Not eroded,0,0,0,0,0,0,0,0,0,0,0
3874,0.1491095,4,3874,Not eroded,0,0,0,0,0,0,0,0,0,1,1
3875,0.09756585,4,3875,Not eroded,0,0,0,0,0,0,0,0,0,1,1
3876,0.2995618,0,3876,ERODED,1,1,1,1,1,1,1,1,1,1,1
3877,0.08363156,4,3877,Not eroded,0,0,0,0,0,0,0,0,0,1,1
3878,0.2626339,4,3878,Not eroded,0,1,1,1,1,1,0,0,0,1,1
3879,0.06766113,4,3879,Not eroded,0,0,0,0,0,0,0,0,0,1,1
3881,0.1432974,0,3881,Not eroded,0,0,0,0,0,0,1,1,1,1,1
3882,0.2210235,3,3882,Not eroded,0,1,1,0,0,0,1,0,0,1,1
3883,0.1886993,2,3883,Not eroded,0,0,0,0,0,0,1,0,1,1,1
3884,0.08773212,6,3884,Not eroded,0,0,0,0,0,0,0,0,0,0,0
3885,0.2506991,3,3885,Not eroded,0,1,1,1,1,1,1,0,0,1,1
3886,0.3330581,0,3886,ERODED,1,1,1,1,1,1,1,1,1,1,1
3887,0.09505249,5,3887,Not eroded,0,0,0,0,0,0,0,0,0,0,1
3888,0.0854849,3,3888,Not eroded,0,0,0,0,0,0,1,0,0,1,1
3889,0.191209,4,3889,Not eroded,0,1,0,0,0,0,0,0,0,1,1
3890,0.3350619,0,3890,ERODED,1,1,1,1,1,1,1,1,1,1,1
3891,0.3249986,0,3891,Not eroded,0,1,1,1,1,1,1,1,1,1,1
3892,0.1168583,3,3892,Not eroded,0,0,0,0,0,0,1,0,0,1,1
3893,0.1715014,6,3893,Not eroded,0,0,0,0,0,0,0,0,0,0,0
3894,0.2440358,3,3894,Not eroded,0,1,1,1,1,0,1,0,0,1,1
3895,0.06894924,4,3895,Not eroded,0,0,0,0,0,0,0,0,0,1,1
3896,0.1070044,3,3896,Not eroded,0,0,0,0,0,0,1,0,0,1,1
3897,0.08539081,3,3897,Not eroded,0,0,0,0,0,0,1,0,0,1,1
3898,0.1398046,4,3898,Not eroded,0,0,0,0,0,0,0,0,0,1,1
3899,0.1385482,3,3899,Not eroded,0,0,0,0,0,0,1,0,0,1,1
3900,0.1359093,6,3900,Not eroded,0,0,0,0,0,0,0,0,0,0,0
3901,0.2993182,0,3901,Not eroded,0,1,1,1,1,1,1,1,1,1,1
3902,0.07295679,6,3902,Not eroded,0,0,0,0,0,0,0,0,0,0,0
3903,0.3009292,0,3903,ERODED,1,1,1,1,1,1,1,1,1,1,1
3904,0.1034745,4,3904,Not eroded,0,0,0,0,0,0,0,0,0,1,1
3905,0.1930305,5,3905,Not eroded,0,1,0,0,0,0,0,0,0,0,1
3906,0.1317908,5,3906,Not eroded,0,0,0,0,0,0,0,0,0,0,1
3907,0.09239069,0,3907,Not eroded,0,0,0,0,0,0,1,1,1,1,1
3908,0.2995195,0,3908,ERODED,1,1,1,1,1,1,1,1,1,1,1
3909,0.2689148,4,3909,Not eroded,0,1,1,1,1,1,0,0,0,1,1
3910,0.1982992,5,3910,Not eroded,0,1,0,0,0,0,0,0,0,0,1
3911,0.1511536,5,3911,Not eroded,0,0,0,0,0,0,0,0,0,0,1
3912,0.2553537,3,3912,Not eroded,0,1,1,1,1,1,1,0,0,1,1
3913,0.3015297,0,3913,ERODED,1,1,1,1,1,1,1,1,1,1,1
3914,0.2367689,0,3914,Not eroded,0,1,1,1,0,0,1,1,1,1,1
3915,0.1546635,5,3915,Not eroded,0,0,0,0,0,0,0,0,0,0,1
3917,0.1972495,0,3917,Not eroded,0,1,0,0,0,0,1,1,1,1,1
3918,0.05622259,4,3918,Not eroded,0,0,0,0,0,0,0,0,0,1,1
3919,0.1911954,4,3919,Not eroded,0,1,0,0,0,0,0,0,0,1,1
3920,0.1963276,0,3920,Not eroded,0,1,0,0,0,0,1,1,1,1,1
3922,0.1153111,5,3922,Not eroded,0,0,0,0,0,0,0,0,0,0,1
3923,0.2238336,4,3923,Not eroded,0,1,1,0,0,0,0,0,0,1,1
3924,0.0717771,3,3924,Not eroded,0,0,0,0,0,0,1,0,0,1,1
3925,0.1597507,3,3925,Not eroded,0,0,0,0,0,0,1,0,0,1,1
3926,0.2216943,0,3926,Not eroded,0,1,1,0,0,0,1,1,1,1,1
3927,0.05626069,4,3927,Not eroded,0,0,0,0,0,0,0,0,0,1,1
3928,0.1385245,5,3928,Not eroded,0,0,0,0,0,0,0,0,0,0,1
3929,0.264341,0,3929,Not eroded,0,1,1,1,1,1,1,1,1,1,1
3930,0.09973929,6,3930,Not eroded,0,0,0,0,0,0,0,0,0,0,0
3931,0.2803926,4,3931,Not eroded,0,1,1,1,1,1,0,0,0,1,1
3932,0.1826687,3,3932,Not eroded,0,0,0,0,0,0,1,0,0,1,1
3933,0.2953819,3,3933,Not eroded,0,1,1,1,1,1,1,0,0,1,1
3934,0.2155288,3,3934,Not eroded,0,1,0,0,0,0,1,0,0,1,1
3936,0.2193441,0,3936,Not eroded,0,1,0,0,0,0,1,1,1,1,1
3937,0.1017728,2,3937,Not eroded,0,0,0,0,0,0,1,0,1,1,1
3938,0.1102491,3,3938,Not eroded,0,0,0,0,0,0,1,0,0,1,1
3939,0.2459739,0,3939,Not eroded,0,1,1,1,1,0,1,1,1,1,1
3940,0.08036217,4,3940,Not eroded,0,0,0,0,0,0,0,0,0,1,1
3941,0.2926878,4,3941,Not eroded,0,1,1,1,1,1,0,0,0,1,1
3943,0.3062078,0,3943,ERODED,1,1,1,1,1,1,1,1,1,1,1
3944,0.05618728,4,3944,Not eroded,0,0,0,0,0,0,0,0,0,1,1
3945,0.1065755,3,3945,Not eroded,0,0,0,0,0,0,1,0,0,1,1
3946,0.1693901,5,3946,Not eroded,0,0,0,0,0,0,0,0,0,0,1
3947,0.05626329,4,3947,Not eroded,0,0,0,0,0,0,0,0,0,1,1
3948,0.2853546,3,3948,Not eroded,0,1,1,1,1,1,1,0,0,1,1
3949,0.1294289,2,3949,Not eroded,0,0,0,0,0,0,1,0,1,1,1
3950,0.1318045,4,3950,Not eroded,0,0,0,0,0,0,0,0,0,1,1
3951,0.1909325,4,3951,Not eroded,0,1,0,0,0,0,0,0,0,1,1
3953,0.1683643,3,3953,Not eroded,0,0,0,0,0,0,1,0,0,1,1
3954,0.1357265,5,3954,Not eroded,0,0,0,0,0,0,0,0,0,0,1
3955,0.07935287,4,3955,Not eroded,0,0,0,0,0,0,0,0,0,1,1
3956,0.2058486,4,3956,Not eroded,0,1,0,0,0,0,0,0,0,1,1
3957,0.2310016,5,3957,Not eroded,0,1,1,1,0,0,0,0,0,0,1
3958,0.1240421,0,3958,Not eroded,0,0,0,0,0,0,1,1,1,1,1
3959,0.1842407,0,3959,Not eroded,0,0,0,0,0,0,1,1,1,1,1
3960,0.1324929,5,3960,Not eroded,0,0,0,0,0,0,0,0,0,0,1
3961,0.2517991,0,3961,Not eroded,0,1,1,1,1,1,1,1,1,1,1
3962,0.215379,5,3962,Not eroded,0,1,0,0,0,0,0,0,0,0,1
3963,0.1274503,5,3963,Not eroded,0,0,0,0,0,0,0,0,0,0,1
3964,0.1896214,3,3964,Not eroded,0,0,0,0,0,0,1,0,0,1,1
3965,0.2755345,0,3965,Not eroded,0,1,1,1,1,1,1,1,1,1,1
3966,0.2927048,4,3966,Not eroded,0,1,1,1,1,1,0,0,0,1,1
3967,0.05638475,3,3967,Not eroded,0,0,0,0,0,0,1,0,0,1,1
3968,0.06448371,6,3968,Not eroded,0,0,0,0,0,0,0,0,0,0,0
3969,0.2299281,4,3969,Not eroded,0,1,1,0,0,0,0,0,0,1,1
3970,0.1069359,0,3970,Not eroded,0,0,0,0,0,0,1,1,1,1,1
3971,0.3035337,0,3971,ERODED,1,1,1,1,1,1,1,1,1,1,1
3972,0.32168,0,3972,ERODED,1,1,1,1,1,1,1,1,1,1,1
3974,0.1176105,6,3974,Not eroded,0,0,0,0,0,0,0,0,0,0,0
3975,0.2790697,2,3975,ERODED,1,1,1,1,1,1,1,0,1,1,1
3976,0.1662998,5,3976,Not eroded,0,0,0,0,0,0,0,0,0,0,1
3977,0.2022404,0,3977,Not eroded,0,1,0,0,0,0,1,1,1,1,1
3978,0.1924288,3,3978,Not eroded,0,1,0,0,0,0,1,0,0,1,1
3980,0.07271955,3,3980,Not eroded,0,0,0,0,0,0,1,0,0,1,1
3981,0.2871169,0,3981,Not eroded,0,1,1,1,1,1,1,1,1,1,1
3982,0.1266182,0,3982,Not eroded,0,0,0,0,0,0,1,1,1,1,1
3983,0.05635497,3,3983,Not eroded,0,0,0,0,0,0,1,0,0,1,1
3984,0.08233134,4,3984,Not eroded,0,0,0,0,0,0,0,0,0,1,1
3985,0.1436318,5,3985,Not eroded,0,0,0,0,0,0,0,0,0,0,1
3986,0.2491788,0,3986,ERODED,1,1,1,1,1,0,1,1,1,1,1
3987,0.1435582,3,3987,Not eroded,0,0,0,0,0,0,1,0,0,1,1
3988,0.1205388,4,3988,Not eroded,0,0,0,0,0,0,0,0,0,1,1
3990,0.08212026,5,3990,Not eroded,0,0,0,0,0,0,0,0,0,0,1
3991,0.3305182,0,3991,ERODED,1,1,1,1,1,1,1,1,1,1,1
3992,0.1151442,5,3992,Not eroded,0,0,0,0,0,0,0,0,0,0,1
3993,0.06001882,3,3993,Not eroded,0,0,0,0,0,0,1,0,0,1,1
3994,0.05616607,3,3994,Not eroded,0,0,0,0,0,0,1,0,0,1,1
3995,0.1884352,0,3995,Not eroded,0,0,0,0,0,0,1,1,1,1,1
3996,0.3113666,0,3996,ERODED,1,1,1,1,1,1,1,1,1,1,1
3997,0.09013592,0,3997,Not eroded,0,0,0,0,0,0,1,1,1,1,1
3999,0.06610132,0,3999,Not eroded,0,0,0,0,0,0,1,1,1,1,1
4000,0.250913,4,4000,Not eroded,0,1,1,1,1,1,0,0,0,1,1
4001,0.2815556,3,4001,Not eroded,0,1,1,1,1,1,1,0,0,1,1
4002,0.1491704,5,4002,Not eroded,0,0,0,0,0,0,0,0,0,0,1
4003,0.1674936,5,4003,Not eroded,0,0,0,0,0,0,0,0,0,0,1
4004,0.2086351,0,4004,Not eroded,0,1,0,0,0,0,1,1,1,1,1
4005,0.1012518,3,4005,Not eroded,0,0,0,0,0,0,1,0,0,1,1
4007,0.2984375,0,4007,ERODED,1,1,1,1,1,1,1,1,1,1,1
4008,0.145534,6,4008,Not eroded,0,0,0,0,0,0,0,0,0,0,0
4009,0.2257418,0,4009,ERODED,1,1,1,0,0,0,1,1,1,1,1
4010,0.2231743,0,4010,Not eroded,0,1,1,0,0,0,1,1,1,1,1
4011,0.05633314,3,4011,Not eroded,0,0,0,0,0,0,1,0,0,1,1
4013,0.1560602,5,4013,Not eroded,0,0,0,0,0,0,0,0,0,0,1
4014,0.2391349,6,4014,Not eroded,0,1,1,1,0,0,0,0,0,0,0
4015,0.05629975,0,4015,Not eroded,0,0,0,0,0,0,1,1,1,1,1
4016,0.1714308,4,4016,Not eroded,0,0,0,0,0,0,0,0,0,1,1
4017,0.2071272,5,4017,Not eroded,0,1,0,0,0,0,0,0,0,0,1
4018,0.09960348,5,4018,Not eroded,0,0,0,0,0,0,0,0,0,0,1
4019,0.1323636,5,4019,Not eroded,0,0,0,0,0,0,0,0,0,0,1
4020,0.2676796,4,4020,Not eroded,0,1,1,1,1,1,0,0,0,1,1
4021,0.1361348,4,4021,Not eroded,0,0,0,0,0,0,0,0,0,1,1
4022,0.2667819,0,4022,ERODED,1,1,1,1,1,1,1,1,1,1,1
4023,0.05626947,3,4023,Not eroded,0,0,0,0,0,0,1,0,0,1,1
4024,0.2609552,4,4024,Not eroded,0,1,1,1,1,1,0,0,0,1,1
4025,0.1142426,2,4025,Not eroded,0,0,0,0,0,0,1,0,1,1,1
4026,0.06287942,2,4026,Not eroded,0,0,0,0,0,0,1,0,1,1,1
4027,0.1117697,3,4027,Not eroded,0,0,0,0,0,0,1,0,0,1,1
4028,0.1745423,0,4028,Not eroded,0,0,0,0,0,0,1,1,1,1,1
4029,0.1456277,4,4029,Not eroded,0,0,0,0,0,0,0,0,0,1,1
4030,0.1544618,0,4030,Not eroded,0,0,0,0,0,0,1,1,1,1,1
4031,0.08574511,3,4031,Not eroded,0,0,0,0,0,0,1,0,0,1,1
4032,0.1141174,4,4032,Not eroded,0,0,0,0,0,0,0,0,0,1,1
4033,0.1645405,3,4033,Not eroded,0,0,0,0,0,0,1,0,0,1,1
4034,0.2604521,5,4034,Not eroded,0,1,1,1,1,1,0,0,0,0,1
4035,0.1409041,4,4035,Not eroded,0,0,0,0,0,0,0,0,0,1,1
4036,0.2330029,2,4036,Not eroded,0,1,1,1,0,0,1,0,1,1,1
4037,0.2415407,5,4037,Not eroded,0,1,1,1,1,0,0,0,0,0,1
4038,0.09542049,4,4038,Not eroded,0,0,0,0,0,0,0,0,0,1,1
4039,0.2600924,4,4039,Not eroded,0,1,1,1,1,1,0,0,0,1,1
4040,0.2146606,3,4040,Not eroded,0,1,0,0,0,0,1,0,0,1,1
4041,0.123244,5,4041,Not eroded,0,0,0,0,0,0,0,0,0,0,1
4042,0.08496158,0,4042,Not eroded,0,0,0,0,0,0,1,1,1,1,1
4043,0.1489857,6,4043,Not eroded,0,0,0,0,0,0,0,0,0,0,0
4044,0.05802193,3,4044,Not eroded,0,0,0,0,0,0,1,0,0,1,1
4045,0.06868714,2,4045,Not eroded,0,0,0,0,0,0,1,0,1,1,1
4046,0.1549595,3,4046,Not eroded,0,0,0,0,0,0,1,0,0,1,1
4047,0.281625,0,4047,ERODED,1,1,1,1,1,1,1,1,1,1,1
4048,0.1354274,5,4048,Not eroded,0,0,0,0,0,0,0,0,0,0,1
4049,0.1725607,5,4049,Not eroded,0,0,0,0,0,0,0,0,0,0,1
4050,0.2622431,0,4050,ERODED,1,1,1,1,1,1,1,1,1,1,1
4051,0.09027682,3,4051,Not eroded,0,0,0,0,0,0,1,0,0,1,1
4052,0.1505319,7,4052,Not eroded,0,0,0,0,0,0,0,0,0,0,0
4053,0.1271184,5,4053,Not eroded,0,0,0,0,0,0,0,0,0,0,1
4054,0.181821,4,4054,Not eroded,0,0,0,0,0,0,0,0,0,1,1
4055,0.2524219,4,4055,Not eroded,0,1,1,1,1,1,0,0,0,1,1
4056,0.1273762,3,4056,Not eroded,0,0,0,0,0,0,1,0,0,1,1
4057,0.08582312,4,4057,Not eroded,0,0,0,0,0,0,0,0,0,1,1
4058,0.2194614,0,4058,Not eroded,0,1,0,0,0,0,1,1,1,1,1
4059,0.1678076,4,4059,Not eroded,0,0,0,0,0,0,0,0,0,1,1
4061,0.1355546,0,4061,Not eroded,0,0,0,0,0,0,1,1,1,1,1
4062,0.1506245,5,4062,Not eroded,0,0,0,0,0,0,0,0,0,0,1
4063,0.1564443,5,4063,Not eroded,0,0,0,0,0,0,0,0,0,0,1
4064,0.2532681,0,4064,ERODED,1,1,1,1,1,1,1,1,1,1,1
4065,0.2194523,0,4065,Not eroded,0,1,0,0,0,0,1,1,1,1,1
4066,0.1873396,3,4066,Not eroded,0,0,0,0,0,0,1,0,0,1,1
4067,0.05708555,4,4067,Not eroded,0,0,0,0,0,0,0,0,0,1,1
4068,0.06700315,4,4068,Not eroded,0,0,0,0,0,0,0,0,0,1,1
4069,0.2114928,5,4069,Not eroded,0,1,0,0,0,0,0,0,0,0,1
4070,0.1719093,0,4070,Not eroded,0,0,0,0,0,0,1,1,1,1,1
4071,0.2522086,3,4071,Not eroded,0,1,1,1,1,1,1,0,0,1,1
4072,0.2478562,0,4072,Not eroded,0,1,1,1,1,0,1,1,1,1,1
4073,0.2470848,3,4073,Not eroded,0,1,1,1,1,0,1,0,0,1,1
4074,0.102572,3,4074,Not eroded,0,0,0,0,0,0,1,0,0,1,1
4075,0.1820587,3,4075,Not eroded,0,0,0,0,0,0,1,0,0,1,1
4076,0.1324777,0,4076,Not eroded,0,0,0,0,0,0,1,1,1,1,1
4077,0.1864546,3,4077,Not eroded,0,0,0,0,0,0,1,0,0,1,1
4078,0.09062203,3,4078,Not eroded,0,0,0,0,0,0,1,0,0,1,1
4079,0.151485,0,4079,Not eroded,0,0,0,0,0,0,1,1,1,1,1
4080,0.09767317,6,4080,Not eroded,0,0,0,0,0,0,0,0,0,0,0
4081,0.2966819,0,4081,Not eroded,0,1,1,1,1,1,1,1,1,1,1
4082,0.09129488,3,4082,Not eroded,0,0,0,0,0,0,1,0,0,1,1
4083,0.2182663,4,4083,Not eroded,0,1,0,0,0,0,0,0,0,1,1
4084,0.2919687,5,4084,Not eroded,0,1,1,1,1,1,0,0,0,0,1
4085,0.1632069,4,4085,Not eroded,0,0,0,0,0,0,0,0,0,1,1
4086,0.107773,3,4086,Not eroded,0,0,0,0,0,0,1,0,0,1,1
4088,0.07862067,4,4088,Not eroded,0,0,0,0,0,0,0,0,0,1,1
4089,0.05626184,3,4089,Not eroded,0,0,0,0,0,0,1,0,0,1,1
4090,0.09459488,4,4090,Not eroded,0,0,0,0,0,0,0,0,0,1,1
4091,0.1784383,5,4091,Not eroded,0,0,0,0,0,0,0,0,0,0,1
4093,0.162667,6,4093,Not eroded,0,0,0,0,0,0,0,0,0,0,0
4094,0.2783207,4,4094,Not eroded,0,1,1,1,1,1,0,0,0,1,1
4095,0.3298131,0,4095,ERODED,1,1,1,1,1,1,1,1,1,1,1
4096,0.2016543,3,4096,Not eroded,0,1,0,0,0,0,1,0,0,1,1
4099,0.3252301,0,4099,ERODED,1,1,1,1,1,1,1,1,1,1,1
4100,0.1260836,5,4100,Not eroded,0,0,0,0,0,0,0,0,0,0,1
4103,0.2481016,5,4103,Not eroded,0,1,1,1,1,0,0,0,0,0,1
4104,0.1340782,5,4104,Not eroded,0,0,0,0,0,0,0,0,0,0,1
4105,0.2881009,0,4105,Not eroded,0,1,1,1,1,1,1,1,1,1,1
4107,0.2273047,3,4107,Not eroded,0,1,1,0,0,0,1,0,0,1,1
4108,0.1722614,0,4108,Not eroded,0,0,0,0,0,0,1,1,1,1,1
4109,0.05688852,0,4109,Not eroded,0,0,0,0,0,0,1,1,1,1,1
4110,0.05626787,3,4110,Not eroded,0,0,0,0,0,0,1,0,0,1,1
4111,0.308408,1,4111,ERODED,1,1,1,1,1,1,1,1,1,1,1
4112,0.1532976,4,4112,Not eroded,0,0,0,0,0,0,0,0,0,1,1
4113,0.272723,0,4113,ERODED,1,1,1,1,1,1,1,1,1,1,1
4114,0.09107166,4,4114,Not eroded,0,0,0,0,0,0,0,0,0,1,1
4115,0.09227574,6,4115,Not eroded,0,0,0,0,0,0,0,0,0,0,0
4116,0.2783272,0,4116,ERODED,1,1,1,1,1,1,1,1,1,1,1
4117,0.1609717,3,4117,Not eroded,0,0,0,0,0,0,1,0,0,1,1
4118,0.1930524,5,4118,Not eroded,0,1,0,0,0,0,0,0,0,0,1
4119,0.06247612,0,4119,Not eroded,0,0,0,0,0,0,1,1,1,1,1
4120,0.2675577,3,4120,Not eroded,0,1,1,1,1,1,1,0,0,1,1
4121,0.1694635,5,4121,Not eroded,0,0,0,0,0,0,0,0,0,0,1
4122,0.2567218,0,4122,ERODED,1,1,1,1,1,1,1,1,1,1,1
4123,0.2711718,0,4123,Not eroded,0,1,1,1,1,1,1,1,1,1,1
4124,0.2263966,0,4124,Not eroded,0,1,1,0,0,0,1,1,1,1,1
4125,0.1861569,2,4125,Not eroded,0,0,0,0,0,0,1,0,1,1,1
4126,0.1574303,4,4126,Not eroded,0,0,0,0,0,0,0,0,0,1,1
4127,0.07676156,0,4127,Not eroded,0,0,0,0,0,0,1,1,1,1,1
4128,0.09436412,4,4128,Not eroded,0,0,0,0,0,0,0,0,0,1,1
4129,0.1599546,0,4129,Not eroded,0,0,0,0,0,0,1,1,1,1,1
4130,0.148179,4,4130,Not eroded,0,0,0,0,0,0,0,0,0,1,1
4131,0.1589288,4,4131,Not eroded,0,0,0,0,0,0,0,0,0,1,1
4132,0.2827604,3,4132,Not eroded,0,1,1,1,1,1,1,0,0,1,1
4133,0.0731218,5,4133,Not eroded,0,0,0,0,0,0,0,0,0,0,1
4134,0.1844543,0,4134,Not eroded,0,0,0,0,0,0,1,1,1,1,1
4136,0.265384,4,4136,Not eroded,0,1,1,1,1,1,0,0,0,1,1
4138,0.3253229,0,4138,ERODED,1,1,1,1,1,1,1,1,1,1,1
4139,0.2261495,0,4139,Not eroded,0,1,1,0,0,0,1,1,1,1,1
4140,0.205482,3,4140,Not eroded,0,1,0,0,0,0,1,0,0,1,1
4141,0.05618931,3,4141,Not eroded,0,0,0,0,0,0,1,0,0,1,1
4142,0.1990963,2,4142,Not eroded,0,1,0,0,0,0,1,0,1,1,1
4143,0.07752376,4,4143,Not eroded,0,0,0,0,0,0,0,0,0,1,1
4144,0.05644758,0,4144,Not eroded,0,0,0,0,0,0,1,1,1,1,1
4145,0.1895237,0,4145,Not eroded,0,0,0,0,0,0,1,1,1,1,1
4146,0.08594227,3,4146,Not eroded,0,0,0,0,0,0,1,0,0,1,1
4147,0.1803656,4,4147,Not eroded,0,0,0,0,0,0,0,0,0,1,1
4148,0.2607873,4,4148,Not eroded,0,1,1,1,1,1,0,0,0,1,1
4149,0.2897587,0,4149,Not eroded,0,1,1,1,1,1,1,1,1,1,1
4150,0.0662765,5,4150,Not eroded,0,0,0,0,0,0,0,0,0,0,1
4151,0.3167918,0,4151,ERODED,1,1,1,1,1,1,1,1,1,1,1
4152,0.2739834,0,4152,ERODED,1,1,1,1,1,1,1,1,1,1,1
4153,0.2474123,5,4153,Not eroded,0,1,1,1,1,0,0,0,0,0,1
4154,0.07726263,3,4154,Not eroded,0,0,0,0,0,0,1,0,0,1,1
4156,0.1864577,0,4156,Not eroded,0,0,0,0,0,0,1,1,1,1,1
4157,0.1987567,4,4157,Not eroded,0,1,0,0,0,0,0,0,0,1,1
4158,0.2652398,0,4158,Not eroded,0,1,1,1,1,1,1,1,1,1,1
4159,0.2815011,0,4159,Not eroded,0,1,1,1,1,1,1,1,1,1,1
4160,0.1604572,3,4160,Not eroded,0,0,0,0,0,0,1,0,0,1,1
4161,0.05626122,3,4161,Not eroded,0,0,0,0,0,0,1,0,0,1,1
4162,0.1436475,3,4162,Not eroded,0,0,0,0,0,0,1,0,0,1,1
4163,0.08394914,7,4163,Not eroded,0,0,0,0,0,0,0,0,0,0,0
4164,0.265143,0,4164,Not eroded,0,1,1,1,1,1,1,1,1,1,1
4166,0.1042601,5,4166,Not eroded,0,0,0,0,0,0,0,0,0,0,1
4167,0.09493504,4,4167,Not eroded,0,0,0,0,0,0,0,0,0,1,1
4168,0.2613319,3,4168,Not eroded,0,1,1,1,1,1,1,0,0,1,1
4170,0.2513453,3,4170,Not eroded,0,1,1,1,1,1,1,0,0,1,1
4171,0.08428476,3,4171,Not eroded,0,0,0,0,0,0,1,0,0,1,1
4172,0.1512849,0,4172,Not eroded,0,0,0,0,0,0,1,1,1,1,1
4173,0.1268375,4,4173,Not eroded,0,0,0,0,0,0,0,0,0,1,1
4174,0.06713492,3,4174,Not eroded,0,0,0,0,0,0,1,0,0,1,1
4175,0.2018895,0,4175,Not eroded,0,1,0,0,0,0,1,1,1,1,1
4176,0.1098703,3,4176,Not eroded,0,0,0,0,0,0,1,0,0,1,1
4178,0.2177223,0,4178,Not eroded,0,1,0,0,0,0,1,1,1,1,1
4180,0.1973405,4,4180,Not eroded,0,1,0,0,0,0,0,0,0,1,1
4181,0.204759,4,4181,Not eroded,0,1,0,0,0,0,0,0,0,1,1
4182,0.1943176,5,4182,Not eroded,0,1,0,0,0,0,0,0,0,0,1
4183,0.3173395,2,4183,Not eroded,0,1,1,1,1,1,1,0,1,1,1
4184,0.1076861,2,4184,Not eroded,0,0,0,0,0,0,1,0,1,1,1
4185,0.226222,4,4185,Not eroded,0,1,1,0,0,0,0,0,0,1,1
4186,0.1432821,4,4186,Not eroded,0,0,0,0,0,0,0,0,0,1,1
4187,0.1806648,4,4187,Not eroded,0,0,0,0,0,0,0,0,0,1,1
4188,0.2208629,3,4188,Not eroded,0,1,1,0,0,0,1,0,0,1,1
4189,0.2288181,2,4189,Not eroded,0,1,1,0,0,0,1,0,1,1,1
4190,0.3256577,0,4190,ERODED,1,1,1,1,1,1,1,1,1,1,1
4191,0.0830768,7,4191,Not eroded,0,0,0,0,0,0,0,0,0,0,0
4193,0.294102,0,4193,ERODED,1,1,1,1,1,1,1,1,1,1,1
4194,0.09983777,5,4194,Not eroded,0,0,0,0,0,0,0,0,0,0,1
4195,0.09301541,0,4195,Not eroded,0,0,0,0,0,0,1,1,1,1,1
4196,0.1677598,2,4196,Not eroded,0,0,0,0,0,0,1,0,1,1,1
4197,0.2565652,0,4197,Not eroded,0,1,1,1,1,1,1,1,1,1,1
4198,0.2612254,0,4198,Not eroded,0,1,1,1,1,1,1,1,1,1,1
4200,0.08293593,3,4200,Not eroded,0,0,0,0,0,0,1,0,0,1,1
4201,0.2869078,0,4201,Not eroded,0,1,1,1,1,1,1,1,1,1,1
4202,0.1742669,4,4202,Not eroded,0,0,0,0,0,0,0,0,0,1,1
4203,0.1309129,0,4203,Not eroded,0,0,0,0,0,0,1,1,1,1,1
4204,0.1399848,4,4204,Not eroded,0,0,0,0,0,0,0,0,0,1,1
4205,0.2982964,0,4205,Not eroded,0,1,1,1,1,1,1,1,1,1,1
4206,0.1348118,3,4206,Not eroded,0,0,0,0,0,0,1,0,0,1,1
4207,0.2590832,0,4207,ERODED,1,1,1,1,1,1,1,1,1,1,1
4208,0.2501673,0,4208,Not eroded,0,1,1,1,1,1,1,1,1,1,1
4209,0.1339463,6,4209,Not eroded,0,0,0,0,0,0,0,0,0,0,0
4210,0.07806274,4,4210,Not eroded,0,0,0,0,0,0,0,0,0,1,1
4211,0.149907,4,4211,Not eroded,0,0,0,0,0,0,0,0,0,1,1
4212,0.275742,4,4212,Not eroded,0,1,1,1,1,1,0,0,0,1,1
4213,0.1541079,0,4213,Not eroded,0,0,0,0,0,0,1,1,1,1,1
4214,0.2598926,0,4214,Not eroded,0,1,1,1,1,1,1,1,1,1,1
4215,0.1443085,5,4215,Not eroded,0,0,0,0,0,0,0,0,0,0,1
4216,0.2377048,4,4216,Not eroded,0,1,1,1,0,0,0,0,0,1,1
4217,0.2400981,0,4217,ERODED,1,1,1,1,1,0,1,1,1,1,1
4218,0.2577529,4,4218,Not eroded,0,1,1,1,1,1,0,0,0,1,1
4219,0.1879746,4,4219,Not eroded,0,0,0,0,0,0,0,0,0,1,1
4220,0.3132171,0,4220,ERODED,1,1,1,1,1,1,1,1,1,1,1
4221,0.3059765,2,4221,ERODED,1,1,1,1,1,1,1,0,1,1,1
4222,0.1928482,5,4222,Not eroded,0,1,0,0,0,0,0,0,0,0,1
4223,0.09871385,4,4223,Not eroded,0,0,0,0,0,0,0,0,0,1,1
4224,0.06343678,7,4224,Not eroded,0,0,0,0,0,0,0,0,0,0,0
4225,0.2942041,0,4225,Not eroded,0,1,1,1,1,1,1,1,1,1,1
4226,0.2957182,0,4226,ERODED,1,1,1,1,1,1,1,1,1,1,1
4227,0.2608931,4,4227,Not eroded,0,1,1,1,1,1,0,0,0,1,1
4228,0.2076337,0,4228,Not eroded,0,1,0,0,0,0,1,1,1,1,1
4229,0.1331321,4,4229,Not eroded,0,0,0,0,0,0,0,0,0,1,1
4230,0.2014123,4,4230,Not eroded,0,1,0,0,0,0,0,0,0,1,1
4231,0.1984741,4,4231,Not eroded,0,1,0,0,0,0,0,0,0,1,1
4233,0.1678003,4,4233,Not eroded,0,0,0,0,0,0,0,0,0,1,1
4234,0.1482195,3,4234,Not eroded,0,0,0,0,0,0,1,0,0,1,1
4236,0.2879722,0,4236,ERODED,1,1,1,1,1,1,1,1,1,1,1
4237,0.2725068,2,4237,Not eroded,0,1,1,1,1,1,1,0,1,1,1
4239,0.2474409,2,4239,Not eroded,0,1,1,1,1,0,1,0,1,1,1
4240,0.2939888,0,4240,ERODED,1,1,1,1,1,1,1,1,1,1,1
4241,0.1287395,3,4241,Not eroded,0,0,0,0,0,0,1,0,0,1,1
4242,0.2597723,3,4242,Not eroded,0,1,1,1,1,1,1,0,0,1,1
4243,0.1539481,0,4243,Not eroded,0,0,0,0,0,0,1,1,1,1,1
4244,0.05625994,2,4244,Not eroded,0,0,0,0,0,0,1,0,1,1,1
4245,0.08812115,4,4245,Not eroded,0,0,0,0,0,0,0,0,0,1,1
4246,0.1559117,2,4246,Not eroded,0,0,0,0,0,0,1,0,1,1,1
4247,0.1796971,3,4247,Not eroded,0,0,0,0,0,0,1,0,0,1,1
4248,0.07531574,6,4248,Not eroded,0,0,0,0,0,0,0,0,0,0,0
4251,0.3061849,0,4251,ERODED,1,1,1,1,1,1,1,1,1,1,1
4252,0.09213129,0,4252,Not eroded,0,0,0,0,0,0,1,1,1,1,1
4253,0.3252047,0,4253,ERODED,1,1,1,1,1,1,1,1,1,1,1
4254,0.1106617,4,4254,Not eroded,0,0,0,0,0,0,0,0,0,1,1
4255,0.1438318,3,4255,Not eroded,0,0,0,0,0,0,1,0,0,1,1
4256,0.09245032,0,4256,Not eroded,0,0,0,0,0,0,1,1,1,1,1
4257,0.09793448,5,4257,Not eroded,0,0,0,0,0,0,0,0,0,0,1
4258,0.1489436,4,4258,Not eroded,0,0,0,0,0,0,0,0,0,1,1
4259,0.1186419,4,4259,Not eroded,0,0,0,0,0,0,0,0,0,1,1
4260,0.1706887,5,4260,Not eroded,0,0,0,0,0,0,0,0,0,0,1
4262,0.1020875,5,4262,Not eroded,0,0,0,0,0,0,0,0,0,0,1
4263,0.1951366,3,4263,Not eroded,0,1,0,0,0,0,1,0,0,1,1
4264,0.08510621,0,4264,Not eroded,0,0,0,0,0,0,1,1,1,1,1
4265,0.07148938,5,4265,Not eroded,0,0,0,0,0,0,0,0,0,0,1
4266,0.07367201,0,4266,Not eroded,0,0,0,0,0,0,1,1,1,1,1
4267,0.2324149,0,4267,Not eroded,0,1,1,1,0,0,1,1,1,1,1
4268,0.1994863,4,4268,Not eroded,0,1,0,0,0,0,0,0,0,1,1
4269,0.2118881,0,4269,Not eroded,0,1,0,0,0,0,1,1,1,1,1
4271,0.3147002,0,4271,ERODED,1,1,1,1,1,1,1,1,1,1,1
4272,0.1041971,0,4272,Not eroded,0,0,0,0,0,0,1,1,1,1,1
4273,0.06558078,4,4273,Not eroded,0,0,0,0,0,0,0,0,0,1,1
4274,0.1916795,5,4274,Not eroded,0,1,0,0,0,0,0,0,0,0,1
4275,0.09855811,6,4275,Not eroded,0,0,0,0,0,0,0,0,0,0,0
4276,0.1810623,6,4276,Not eroded,0,0,0,0,0,0,0,0,0,0,0
4277,0.2256967,5,4277,Not eroded,0,1,1,0,0,0,0,0,0,0,1
4279,0.2433645,4,4279,Not eroded,0,1,1,1,1,0,0,0,0,1,1
4280,0.2742161,5,4280,Not eroded,0,1,1,1,1,1,0,0,0,0,1
4281,0.063455,6,4281,Not eroded,0,0,0,0,0,0,0,0,0,0,0
4282,0.07389395,5,4282,Not eroded,0,0,0,0,0,0,0,0,0,0,1
4283,0.1925434,4,4283,Not eroded,0,1,0,0,0,0,0,0,0,1,1
4284,0.2170148,4,4284,Not eroded,0,1,0,0,0,0,0,0,0,1,1
4285,0.1242725,0,4285,Not eroded,0,0,0,0,0,0,1,1,1,1,1
4287,0.1432388,4,4287,Not eroded,0,0,0,0,0,0,0,0,0,1,1
4288,0.1243796,5,4288,Not eroded,0,0,0,0,0,0,0,0,0,0,1
4289,0.3067152,0,4289,ERODED,1,1,1,1,1,1,1,1,1,1,1
4290,0.05624745,3,4290,Not eroded,0,0,0,0,0,0,1,0,0,1,1
4291,0.08820364,5,4291,Not eroded,0,0,0,0,0,0,0,0,0,0,1
4292,0.1192319,4,4292,Not eroded,0,0,0,0,0,0,0,0,0,1,1
4293,0.1636855,4,4293,Not eroded,0,0,0,0,0,0,0,0,0,1,1
4295,0.2540134,4,4295,Not eroded,0,1,1,1,1,1,0,0,0,1,1
4296,0.2495549,5,4296,Not eroded,0,1,1,1,1,0,0,0,0,0,1
4297,0.1699677,5,4297,Not eroded,0,0,0,0,0,0,0,0,0,0,1
4298,0.09795288,5,4298,Not eroded,0,0,0,0,0,0,0,0,0,0,1
4299,0.05625212,3,4299,Not eroded,0,0,0,0,0,0,1,0,0,1,1
4300,0.2503297,4,4300,Not eroded,0,1,1,1,1,1,0,0,0,1,1
4301,0.27315,0,4301,Not eroded,0,1,1,1,1,1,1,1,1,1,1
4302,0.1694957,5,4302,Not eroded,0,0,0,0,0,0,0,0,0,0,1
4303,0.1531522,5,4303,Not eroded,0,0,0,0,0,0,0,0,0,0,1
4304,0.2574487,4,4304,Not eroded,0,1,1,1,1,1,0,0,0,1,1
4306,0.2545859,5,4306,Not eroded,0,1,1,1,1,1,0,0,0,0,1
4307,0.06384911,6,4307,Not eroded,0,0,0,0,0,0,0,0,0,0,0
4308,0.3233038,0,4308,ERODED,1,1,1,1,1,1,1,1,1,1,1
4309,0.250179,3,4309,Not eroded,0,1,1,1,1,1,1,0,0,1,1
4310,0.2793608,2,4310,Not eroded,0,1,1,1,1,1,1,0,1,1,1
4311,0.1765474,5,4311,Not eroded,0,0,0,0,0,0,0,0,0,0,1
4312,0.2991934,0,4312,ERODED,1,1,1,1,1,1,1,1,1,1,1
4313,0.1255812,6,4313,Not eroded,0,0,0,0,0,0,0,0,0,0,0
4314,0.1111373,6,4314,Not eroded,0,0,0,0,0,0,0,0,0,0,0
4315,0.2078989,4,4315,Not eroded,0,1,0,0,0,0,0,0,0,1,1
4316,0.08436404,5,4316,Not eroded,0,0,0,0,0,0,0,0,0,0,1
4317,0.1117337,5,4317,Not eroded,0,0,0,0,0,0,0,0,0,0,1
4318,0.09468189,4,4318,Not eroded,0,0,0,0,0,0,0,0,0,1,1
4319,0.3120021,0,4319,ERODED,1,1,1,1,1,1,1,1,1,1,1
4320,0.1784299,4,4320,Not eroded,0,0,0,0,0,0,0,0,0,1,1
4321,0.150685,0,4321,Not eroded,0,0,0,0,0,0,1,1,1,1,1
4322,0.2065051,1,4322,Not eroded,0,1,0,0,0,0,1,1,1,1,1
4323,0.1690664,4,4323,Not eroded,0,0,0,0,0,0,0,0,0,1,1
4324,0.1358938,0,4324,Not eroded,0,0,0,0,0,0,1,1,1,1,1
4325,0.1226085,4,4325,Not eroded,0,0,0,0,0,0,0,0,0,1,1
4326,0.2390738,2,4326,ERODED,1,1,1,1,0,0,1,0,1,1,1
4328,0.2936782,4,4328,Not eroded,0,1,1,1,1,1,0,0,0,1,1
4329,0.2476629,5,4329,Not eroded,0,1,1,1,1,0,0,0,0,0,1
4331,0.09861808,4,4331,Not eroded,0,0,0,0,0,0,0,0,0,1,1
4332,0.1129401,3,4332,Not eroded,0,0,0,0,0,0,1,0,0,1,1
4333,0.1046939,3,4333,Not eroded,0,0,0,0,0,0,1,0,0,1,1
4334,0.1778975,4,4334,Not eroded,0,0,0,0,0,0,0,0,0,1,1
4335,0.2114721,5,4335,Not eroded,0,1,0,0,0,0,0,0,0,0,1
4336,0.2308613,5,4336,Not eroded,0,1,1,1,0,0,0,0,0,0,1
4337,0.1238886,5,4337,Not eroded,0,0,0,0,0,0,0,0,0,0,1
4338,0.140364,3,4338,Not eroded,0,0,0,0,0,0,1,0,0,1,1
4339,0.08201434,0,4339,Not eroded,0,0,0,0,0,0,1,1,1,1,1
4340,0.2986057,0,4340,ERODED,1,1,1,1,1,1,1,1,1,1,1
4341,0.2780574,0,4341,ERODED,1,1,1,1,1,1,1,1,1,1,1
4342,0.06430947,4,4342,Not eroded,0,0,0,0,0,0,0,0,0,1,1
4343,0.2366698,4,4343,Not eroded,0,1,1,1,0,0,0,0,0,1,1
4344,0.2204949,5,4344,Not eroded,0,1,1,0,0,0,0,0,0,0,1
4345,0.2055328,0,4345,Not eroded,0,1,0,0,0,0,1,1,1,1,1
4346,0.3188262,0,4346,ERODED,1,1,1,1,1,1,1,1,1,1,1
4347,0.2847172,0,4347,ERODED,1,1,1,1,1,1,1,1,1,1,1
4348,0.0660979,4,4348,Not eroded,0,0,0,0,0,0,0,0,0,1,1
4349,0.1684777,0,4349,Not eroded,0,0,0,0,0,0,1,1,1,1,1
4350,0.3350816,0,4350,ERODED,1,1,1,1,1,1,1,1,1,1,1
4351,0.1040306,3,4351,Not eroded,0,0,0,0,0,0,1,0,0,1,1
4352,0.1169776,5,4352,Not eroded,0,0,0,0,0,0,0,0,0,0,1
4353,0.2252695,4,4353,Not eroded,0,1,1,0,0,0,0,0,0,1,1
4354,0.139701,4,4354,Not eroded,0,0,0,0,0,0,0,0,0,1,1
4355,0.2451231,1,4355,Not eroded,0,1,1,1,1,0,1,1,1,1,1
4356,0.1956098,4,4356,Not eroded,0,1,0,0,0,0,0,0,0,1,1
4357,0.1748662,5,4357,Not eroded,0,0,0,0,0,0,0,0,0,0,1
4358,0.2327601,0,4358,Not eroded,0,1,1,1,0,0,1,1,1,1,1
4359,0.2028106,0,4359,Not eroded,0,1,0,0,0,0,1,1,1,1,1
4360,0.232839,3,4360,Not eroded,0,1,1,1,0,0,1,0,0,1,1
4361,0.2171426,3,4361,Not eroded,0,1,0,0,0,0,1,0,0,1,1
4362,0.2297218,0,4362,Not eroded,0,1,1,0,0,0,1,1,1,1,1
4363,0.1898145,4,4363,Not eroded,0,0,0,0,0,0,0,0,0,1,1
4364,0.2285565,5,4364,Not eroded,0,1,1,0,0,0,0,0,0,0,1
4365,0.2306342,5,4365,Not eroded,0,1,1,1,0,0,0,0,0,0,1
4366,0.3231525,0,4366,ERODED,1,1,1,1,1,1,1,1,1,1,1
4367,0.09957149,7,4367,Not eroded,0,0,0,0,0,0,0,0,0,0,0
4368,0.09088481,6,4368,Not eroded,0,0,0,0,0,0,0,0,0,0,0
4369,0.06303588,6,4369,Not eroded,0,0,0,0,0,0,0,0,0,0,0
4370,0.2729249,4,4370,Not eroded,0,1,1,1,1,1,0,0,0,1,1
4371,0.1124343,5,4371,Not eroded,0,0,0,0,0,0,0,0,0,0,1
4372,0.1907604,4,4372,Not eroded,0,1,0,0,0,0,0,0,0,1,1
4373,0.2324631,4,4373,Not eroded,0,1,1,1,0,0,0,0,0,1,1
4374,0.2241862,0,4374,Not eroded,0,1,1,0,0,0,1,1,1,1,1
4375,0.1350244,4,4375,Not eroded,0,0,0,0,0,0,0,0,0,1,1
4376,0.2923702,0,4376,Not eroded,0,1,1,1,1,1,1,1,1,1,1
4377,0.213621,0,4377,Not eroded,0,1,0,0,0,0,1,1,1,1,1
4378,0.1803343,6,4378,Not eroded,0,0,0,0,0,0,0,0,0,0,0
4379,0.2489092,4,4379,Not eroded,0,1,1,1,1,0,0,0,0,1,1
4380,0.1851319,5,4380,Not eroded,0,0,0,0,0,0,0,0,0,0,1
4381,0.1831472,4,4381,Not eroded,0,0,0,0,0,0,0,0,0,1,1
4382,0.2796789,0,4382,Not eroded,0,1,1,1,1,1,1,1,1,1,1
4383,0.2292335,5,4383,Not eroded,0,1,1,0,0,0,0,0,0,0,1
4384,0.1333941,6,4384,Not eroded,0,0,0,0,0,0,0,0,0,0,0
4385,0.1379867,3,4385,Not eroded,0,0,0,0,0,0,1,0,0,1,1
4387,0.2237382,4,4387,Not eroded,0,1,1,0,0,0,0,0,0,1,1
4388,0.1418463,6,4388,Not eroded,0,0,0,0,0,0,0,0,0,0,0
4389,0.09455932,0,4389,Not eroded,0,0,0,0,0,0,1,1,1,1,1
4390,0.1866945,5,4390,Not eroded,0,0,0,0,0,0,0,0,0,0,1
4393,0.2695757,0,4393,Not eroded,0,1,1,1,1,1,1,1,1,1,1
4394,0.1731408,4,4394,Not eroded,0,0,0,0,0,0,0,0,0,1,1
4395,0.2446376,0,4395,Not eroded,0,1,1,1,1,0,1,1,1,1,1
4396,0.1796763,0,4396,Not eroded,0,0,0,0,0,0,1,1,1,1,1
4397,0.05691329,3,4397,Not eroded,0,0,0,0,0,0,1,0,0,1,1
4398,0.06157543,6,4398,Not eroded,0,0,0,0,0,0,0,0,0,0,0
4399,0.09701295,3,4399,Not eroded,0,0,0,0,0,0,1,0,0,1,1
4400,0.2234187,0,4400,Not eroded,0,1,1,0,0,0,1,1,1,1,1
4401,0.09850082,5,4401,Not eroded,0,0,0,0,0,0,0,0,0,0,1
4402,0.2219735,0,4402,Not eroded,0,1,1,0,0,0,1,1,1,1,1
4403,0.1372359,5,4403,Not eroded,0,0,0,0,0,0,0,0,0,0,1
4404,0.2248232,3,4404,Not eroded,0,1,1,0,0,0,1,0,0,1,1
4406,0.2816384,0,4406,Not eroded,0,1,1,1,1,1,1,1,1,1,1
4407,0.09066907,0,4407,Not eroded,0,0,0,0,0,0,1,1,1,1,1
4408,0.1506372,4,4408,Not eroded,0,0,0,0,0,0,0,0,0,1,1
4409,0.2636994,0,4409,ERODED,1,1,1,1,1,1,1,1,1,1,1
4410,0.2884809,4,4410,Not eroded,0,1,1,1,1,1,0,0,0,1,1
4411,0.06601359,3,4411,Not eroded,0,0,0,0,0,0,1,0,0,1,1
4412,0.1228737,4,4412,Not eroded,0,0,0,0,0,0,0,0,0,1,1
4413,0.2500681,4,4413,Not eroded,0,1,1,1,1,1,0,0,0,1,1
4414,0.09941817,5,4414,Not eroded,0,0,0,0,0,0,0,0,0,0,1
4415,0.1604932,3,4415,Not eroded,0,0,0,0,0,0,1,0,0,1,1
4416,0.1441321,6,4416,Not eroded,0,0,0,0,0,0,0,0,0,0,0
4417,0.1242684,3,4417,Not eroded,0,0,0,0,0,0,1,0,0,1,1
4418,0.1964114,4,4418,Not eroded,0,1,0,0,0,0,0,0,0,1,1
4420,0.05932541,4,4420,Not eroded,0,0,0,0,0,0,0,0,0,1,1
4421,0.1157406,5,4421,Not eroded,0,0,0,0,0,0,0,0,0,0,1
4422,0.3039557,0,4422,ERODED,1,1,1,1,1,1,1,1,1,1,1
4423,0.05626852,4,4423,Not eroded,0,0,0,0,0,0,0,0,0,1,1
4424,0.2938617,0,4424,ERODED,1,1,1,1,1,1,1,1,1,1,1
4425,0.2284167,5,4425,Not eroded,0,1,1,0,0,0,0,0,0,0,1
4427,0.200626,2,4427,Not eroded,0,1,0,0,0,0,1,0,1,1,1
4428,0.2291142,4,4428,Not eroded,0,1,1,0,0,0,0,0,0,1,1
4429,0.1596301,2,4429,Not eroded,0,0,0,0,0,0,1,0,1,1,1
4430,0.164644,5,4430,Not eroded,0,0,0,0,0,0,0,0,0,0,1
4433,0.2361973,4,4433,Not eroded,0,1,1,1,0,0,0,0,0,1,1
4434,0.280642,0,4434,Not eroded,0,1,1,1,1,1,1,1,1,1,1
4435,0.09785413,6,4435,Not eroded,0,0,0,0,0,0,0,0,0,0,0
4436,0.1911834,3,4436,Not eroded,0,1,0,0,0,0,1,0,0,1,1
4437,0.1154015,0,4437,Not eroded,0,0,0,0,0,0,1,1,1,1,1
4438,0.2954561,4,4438,Not eroded,0,1,1,1,1,1,0,0,0,1,1
4439,0.2906057,4,4439,Not eroded,0,1,1,1,1,1,0,0,0,1,1
4440,0.2032229,3,4440,Not eroded,0,1,0,0,0,0,1,0,0,1,1
4441,0.0845543,5,4441,Not eroded,0,0,0,0,0,0,0,0,0,0,1
4442,0.09629968,4,4442,Not eroded,0,0,0,0,0,0,0,0,0,1,1
4443,0.1373583,0,4443,Not eroded,0,0,0,0,0,0,1,1,1,1,1
4444,0.06091256,6,4444,Not eroded,0,0,0,0,0,0,0,0,0,0,0
4445,0.1229106,4,4445,Not eroded,0,0,0,0,0,0,0,0,0,1,1
4446,0.3134054,0,4446,ERODED,1,1,1,1,1,1,1,1,1,1,1
4447,0.1672482,4,4447,Not eroded,0,0,0,0,0,0,0,0,0,1,1
4448,0.2195977,2,4448,Not eroded,0,1,0,0,0,0,1,0,1,1,1
4449,0.2722935,4,4449,Not eroded,0,1,1,1,1,1,0,0,0,1,1
4451,0.2135612,4,4451,Not eroded,0,1,0,0,0,0,0,0,0,1,1
4452,0.06840915,4,4452,Not eroded,0,0,0,0,0,0,0,0,0,1,1
4454,0.1607207,5,4454,Not eroded,0,0,0,0,0,0,0,0,0,0,1
4455,0.176852,4,4455,Not eroded,0,0,0,0,0,0,0,0,0,1,1
4456,0.2875504,3,4456,Not eroded,0,1,1,1,1,1,1,0,0,1,1
4458,0.1688388,2,4458,Not eroded,0,0,0,0,0,0,1,0,1,1,1
4459,0.09889724,5,4459,Not eroded,0,0,0,0,0,0,0,0,0,0,1
4460,0.18166,3,4460,Not eroded,0,0,0,0,0,0,1,0,0,1,1
4461,0.1701601,0,4461,Not eroded,0,0,0,0,0,0,1,1,1,1,1
4462,0.120849,0,4462,Not eroded,0,0,0,0,0,0,1,1,1,1,1
4463,0.2123754,4,4463,Not eroded,0,1,0,0,0,0,0,0,0,1,1
4464,0.115926,5,4464,Not eroded,0,0,0,0,0,0,0,0,0,0,1
4465,0.2889804,0,4465,Not eroded,0,1,1,1,1,1,1,1,1,1,1
4466,0.2116444,0,4466,Not eroded,0,1,0,0,0,0,1,1,1,1,1
4467,0.1376554,5,4467,Not eroded,0,0,0,0,0,0,0,0,0,0,1
4468,0.1035678,0,4468,Not eroded,0,0,0,0,0,0,1,1,1,1,1
4469,0.2789548,0,4469,ERODED,1,1,1,1,1,1,1,1,1,1,1
4470,0.2510092,2,4470,Not eroded,0,1,1,1,1,1,1,0,1,1,1
4471,0.2634345,4,4471,Not eroded,0,1,1,1,1,1,0,0,0,1,1
4472,0.1442145,0,4472,Not eroded,0,0,0,0,0,0,1,1,1,1,1
4473,0.1319456,4,4473,Not eroded,0,0,0,0,0,0,0,0,0,1,1
4474,0.110057,4,4474,Not eroded,0,0,0,0,0,0,0,0,0,1,1
4475,0.2726086,0,4475,ERODED,1,1,1,1,1,1,1,1,1,1,1
4476,0.1353612,3,4476,Not eroded,0,0,0,0,0,0,1,0,0,1,1
4477,0.09535239,0,4477,Not eroded,0,0,0,0,0,0,1,1,1,1,1
4478,0.1280519,7,4478,Not eroded,0,0,0,0,0,0,0,0,0,0,0
4479,0.2194415,0,4479,Not eroded,0,1,0,0,0,0,1,1,1,1,1
4480,0.3090156,0,4480,ERODED,1,1,1,1,1,1,1,1,1,1,1
4482,0.2233858,4,4482,Not eroded,0,1,1,0,0,0,0,0,0,1,1
4483,0.1715457,4,4483,Not eroded,0,0,0,0,0,0,0,0,0,1,1
4484,0.1462812,4,4484,Not eroded,0,0,0,0,0,0,0,0,0,1,1
4485,0.07424159,5,4485,Not eroded,0,0,0,0,0,0,0,0,0,0,1
4486,0.2187961,0,4486,Not eroded,0,1,0,0,0,0,1,1,1,1,1
4487,0.2048894,3,4487,Not eroded,0,1,0,0,0,0,1,0,0,1,1
4488,0.323509,0,4488,ERODED,1,1,1,1,1,1,1,1,1,1,1
4489,0.06510259,0,4489,Not eroded,0,0,0,0,0,0,1,1,1,1,1
4490,0.1043851,3,4490,Not eroded,0,0,0,0,0,0,1,0,0,1,1
4491,0.09436242,4,4491,Not eroded,0,0,0,0,0,0,0,0,0,1,1
4492,0.1312603,4,4492,Not eroded,0,0,0,0,0,0,0,0,0,1,1
4494,0.05626468,4,4494,Not eroded,0,0,0,0,0,0,0,0,0,1,1
4495,0.1541487,5,4495,Not eroded,0,0,0,0,0,0,0,0,0,0,1
4496,0.07506968,0,4496,Not eroded,0,0,0,0,0,0,1,1,1,1,1
4498,0.1482752,5,4498,Not eroded,0,0,0,0,0,0,0,0,0,0,1
4499,0.0950916,5,4499,Not eroded,0,0,0,0,0,0,0,0,0,0,1
4500,0.1088667,3,4500,Not eroded,0,0,0,0,0,0,1,0,0,1,1
4501,0.2926601,0,4501,Not eroded,0,1,1,1,1,1,1,1,1,1,1
4502,0.219409,5,4502,Not eroded,0,1,0,0,0,0,0,0,0,0,1
4503,0.1341015,2,4503,Not eroded,0,0,0,0,0,0,1,0,1,1,1
4504,0.07537745,5,4504,Not eroded,0,0,0,0,0,0,0,0,0,0,1
4505,0.30807,0,4505,ERODED,1,1,1,1,1,1,1,1,1,1,1
4506,0.1103744,4,4506,Not eroded,0,0,0,0,0,0,0,0,0,1,1
4507,0.1678766,6,4507,Not eroded,0,0,0,0,0,0,0,0,0,0,0
4510,0.2764787,0,4510,ERODED,1,1,1,1,1,1,1,1,1,1,1
4511,0.2740379,5,4511,Not eroded,0,1,1,1,1,1,0,0,0,0,1
4512,0.3139736,0,4512,ERODED,1,1,1,1,1,1,1,1,1,1,1
4513,0.3154347,2,4513,Not eroded,0,1,1,1,1,1,1,0,1,1,1
4514,0.1177855,3,4514,Not eroded,0,0,0,0,0,0,1,0,0,1,1
4515,0.07210659,5,4515,Not eroded,0,0,0,0,0,0,0,0,0,0,1
4516,0.280658,5,4516,Not eroded,0,1,1,1,1,1,0,0,0,0,1
4517,0.1778293,3,4517,Not eroded,0,0,0,0,0,0,1,0,0,1,1
4518,0.1172666,3,4518,Not eroded,0,0,0,0,0,0,1,0,0,1,1
4519,0.1231388,4,4519,Not eroded,0,0,0,0,0,0,0,0,0,1,1
4520,0.1159679,4,4520,Not eroded,0,0,0,0,0,0,0,0,0,1,1
4521,0.2893713,5,4521,Not eroded,0,1,1,1,1,1,0,0,0,0,1
4522,0.06246027,5,4522,Not eroded,0,0,0,0,0,0,0,0,0,0,1
4523,0.06182874,4,4523,Not eroded,0,0,0,0,0,0,0,0,0,1,1
4524,0.3095151,0,4524,ERODED,1,1,1,1,1,1,1,1,1,1,1
4525,0.2099018,3,4525,Not eroded,0,1,0,0,0,0,1,0,0,1,1
4526,0.1733852,3,4526,Not eroded,0,0,0,0,0,0,1,0,0,1,1
4527,0.2536197,5,4527,Not eroded,0,1,1,1,1,1,0,0,0,0,1
4528,0.1484245,5,4528,Not eroded,0,0,0,0,0,0,0,0,0,0,1
4529,0.06482785,0,4529,Not eroded,0,0,0,0,0,0,1,1,1,1,1
4530,0.1317311,4,4530,Not eroded,0,0,0,0,0,0,0,0,0,1,1
4531,0.05626072,3,4531,Not eroded,0,0,0,0,0,0,1,0,0,1,1
4532,0.2118329,3,4532,Not eroded,0,1,0,0,0,0,1,0,0,1,1
4533,0.2912299,0,4533,ERODED,1,1,1,1,1,1,1,1,1,1,1
4534,0.09837254,5,4534,Not eroded,0,0,0,0,0,0,0,0,0,0,1
4535,0.1313647,2,4535,Not eroded,0,0,0,0,0,0,1,0,1,1,1
4536,0.1982366,4,4536,Not eroded,0,1,0,0,0,0,0,0,0,1,1
4537,0.2430333,6,4537,Not eroded,0,1,1,1,1,0,0,0,0,0,0
4538,0.3218283,0,4538,ERODED,1,1,1,1,1,1,1,1,1,1,1
4539,0.1169089,4,4539,Not eroded,0,0,0,0,0,0,0,0,0,1,1
4540,0.3062466,3,4540,Not eroded,0,1,1,1,1,1,1,0,0,1,1
4541,0.06520399,3,4541,Not eroded,0,0,0,0,0,0,1,0,0,1,1
4542,0.05621334,2,4542,Not eroded,0,0,0,0,0,0,1,0,1,1,1
4543,0.2420152,0,4543,Not eroded,0,1,1,1,1,0,1,1,1,1,1
4544,0.07515021,3,4544,Not eroded,0,0,0,0,0,0,1,0,0,1,1
4545,0.1115697,2,4545,Not eroded,0,0,0,0,0,0,1,0,1,1,1
4547,0.06068003,3,4547,Not eroded,0,0,0,0,0,0,1,0,0,1,1
4548,0.1069829,6,4548,Not eroded,0,0,0,0,0,0,0,0,0,0,0
4549,0.2840075,0,4549,ERODED,1,1,1,1,1,1,1,1,1,1,1
4550,0.08609395,4,4550,Not eroded,0,0,0,0,0,0,0,0,0,1,1
4551,0.2511626,5,4551,Not eroded,0,1,1,1,1,1,0,0,0,0,1
4552,0.1285682,7,4552,Not eroded,0,0,0,0,0,0,0,0,0,0,0
4553,0.2927929,4,4553,Not eroded,0,1,1,1,1,1,0,0,0,1,1
4554,0.1537801,0,4554,Not eroded,0,0,0,0,0,0,1,1,1,1,1
4555,0.1781041,2,4555,Not eroded,0,0,0,0,0,0,1,0,1,1,1
4556,0.1635511,5,4556,Not eroded,0,0,0,0,0,0,0,0,0,0,1
4557,0.2880969,0,4557,Not eroded,0,1,1,1,1,1,1,1,1,1,1
4558,0.2198386,0,4558,Not eroded,0,1,0,0,0,0,1,1,1,1,1
4559,0.0562162,3,4559,Not eroded,0,0,0,0,0,0,1,0,0,1,1
4560,0.3144603,0,4560,ERODED,1,1,1,1,1,1,1,1,1,1,1
4561,0.1574515,3,4561,Not eroded,0,0,0,0,0,0,1,0,0,1,1
4562,0.06588954,0,4562,Not eroded,0,0,0,0,0,0,1,1,1,1,1
4563,0.08485418,0,4563,Not eroded,0,0,0,0,0,0,1,1,1,1,1
4564,0.1829527,3,4564,Not eroded,0,0,0,0,0,0,1,0,0,1,1
4565,0.2242455,0,4565,Not eroded,0,1,1,0,0,0,1,1,1,1,1
4566,0.1695791,5,4566,Not eroded,0,0,0,0,0,0,0,0,0,0,1
4567,0.1012751,5,4567,Not eroded,0,0,0,0,0,0,0,0,0,0,1
4568,0.1255951,4,4568,Not eroded,0,0,0,0,0,0,0,0,0,1,1
4569,0.2033514,4,4569,Not eroded,0,1,0,0,0,0,0,0,0,1,1
4570,0.1201087,4,4570,Not eroded,0,0,0,0,0,0,0,0,0,1,1
4571,0.1649733,0,4571,Not eroded,0,0,0,0,0,0,1,1,1,1,1
4572,0.1852712,5,4572,Not eroded,0,0,0,0,0,0,0,0,0,0,1
4573,0.3073374,0,4573,Not eroded,0,1,1,1,1,1,1,1,1,1,1
4574,0.2494411,4,4574,Not eroded,0,1,1,1,1,0,0,0,0,1,1
4575,0.1497175,4,4575,Not eroded,0,0,0,0,0,0,0,0,0,1,1
4576,0.06395999,5,4576,Not eroded,0,0,0,0,0,0,0,0,0,0,1
4577,0.09939821,4,4577,Not eroded,0,0,0,0,0,0,0,0,0,1,1
4579,0.1404332,7,4579,Not eroded,0,0,0,0,0,0,0,0,0,0,0
4580,0.2601307,4,4580,Not eroded,0,1,1,1,1,1,0,0,0,1,1
4581,0.2359256,0,4581,Not eroded,0,1,1,1,0,0,1,1,1,1,1
4582,0.2242158,2,4582,Not eroded,0,1,1,0,0,0,1,0,1,1,1
4583,0.1842846,0,4583,Not eroded,0,0,0,0,0,0,1,1,1,1,1
4584,0.2027767,0,4584,Not eroded,0,1,0,0,0,0,1,1,1,1,1
4585,0.3002697,0,4585,ERODED,1,1,1,1,1,1,1,1,1,1,1
4586,0.1673179,3,4586,Not eroded,0,0,0,0,0,0,1,0,0,1,1
4587,0.2538939,2,4587,ERODED,1,1,1,1,1,1,1,0,1,1,1
4588,0.1864782,3,4588,Not eroded,0,0,0,0,0,0,1,0,0,1,1
4589,0.2856932,0,4589,Not eroded,0,1,1,1,1,1,1,1,1,1,1
4591,0.07555817,6,4591,Not eroded,0,0,0,0,0,0,0,0,0,0,0
4592,0.2036283,3,4592,Not eroded,0,1,0,0,0,0,1,0,0,1,1
4593,0.05703369,3,4593,Not eroded,0,0,0,0,0,0,1,0,0,1,1
4594,0.1031654,3,4594,Not eroded,0,0,0,0,0,0,1,0,0,1,1
4595,0.2529483,3,4595,ERODED,1,1,1,1,1,1,1,0,0,1,1
4596,0.1782451,5,4596,Not eroded,0,0,0,0,0,0,0,0,0,0,1
4597,0.2727089,4,4597,Not eroded,0,1,1,1,1,1,0,0,0,1,1
4598,0.3198108,0,4598,ERODED,1,1,1,1,1,1,1,1,1,1,1
4599,0.07161358,6,4599,Not eroded,0,0,0,0,0,0,0,0,0,0,0
4600,0.1006284,6,4600,Not eroded,0,0,0,0,0,0,0,0,0,0,0
4601,0.1832711,4,4601,Not eroded,0,0,0,0,0,0,0,0,0,1,1
4602,0.2378567,4,4602,Not eroded,0,1,1,1,0,0,0,0,0,1,1
4603,0.2102392,3,4603,Not eroded,0,1,0,0,0,0,1,0,0,1,1
4604,0.08368899,4,4604,Not eroded,0,0,0,0,0,0,0,0,0,1,1
4605,0.2272642,0,4605,Not eroded,0,1,1,0,0,0,1,1,1,1,1
4606,0.2997974,0,4606,ERODED,1,1,1,1,1,1,1,1,1,1,1
4607,0.1268781,4,4607,Not eroded,0,0,0,0,0,0,0,0,0,1,1
4608,0.15286,5,4608,Not eroded,0,0,0,0,0,0,0,0,0,0,1
4609,0.05624021,5,4609,Not eroded,0,0,0,0,0,0,0,0,0,0,1
4610,0.1891698,4,4610,Not eroded,0,0,0,0,0,0,0,0,0,1,1
4611,0.2581776,3,4611,Not eroded,0,1,1,1,1,1,1,0,0,1,1
4612,0.1306353,0,4612,Not eroded,0,0,0,0,0,0,1,1,1,1,1
4613,0.1813631,0,4613,Not eroded,0,0,0,0,0,0,1,1,1,1,1
4614,0.1456233,4,4614,Not eroded,0,0,0,0,0,0,0,0,0,1,1
4615,0.06157849,5,4615,Not eroded,0,0,0,0,0,0,0,0,0,0,1
4616,0.2009434,6,4616,Not eroded,0,1,0,0,0,0,0,0,0,0,0
4617,0.1923808,0,4617,Not eroded,0,1,0,0,0,0,1,1,1,1,1
4618,0.299949,0,4618,Not eroded,0,1,1,1,1,1,1,1,1,1,1
4619,0.1723172,4,4619,Not eroded,0,0,0,0,0,0,0,0,0,1,1
4620,0.2254346,3,4620,Not eroded,0,1,1,0,0,0,1,0,0,1,1
4621,0.1576803,4,4621,Not eroded,0,0,0,0,0,0,0,0,0,1,1
4622,0.324589,0,4622,ERODED,1,1,1,1,1,1,1,1,1,1,1
4623,0.05626824,3,4623,Not eroded,0,0,0,0,0,0,1,0,0,1,1
4624,0.1639524,5,4624,Not eroded,0,0,0,0,0,0,0,0,0,0,1
4625,0.3265311,0,4625,ERODED,1,1,1,1,1,1,1,1,1,1,1
4626,0.1852136,5,4626,Not eroded,0,0,0,0,0,0,0,0,0,0,1
4629,0.1696384,5,4629,Not eroded,0,0,0,0,0,0,0,0,0,0,1
4630,0.1216763,6,4630,Not eroded,0,0,0,0,0,0,0,0,0,0,0
4631,0.05625834,3,4631,Not eroded,0,0,0,0,0,0,1,0,0,1,1
4632,0.06647126,5,4632,Not eroded,0,0,0,0,0,0,0,0,0,0,1
4633,0.2867601,3,4633,Not eroded,0,1,1,1,1,1,1,0,0,1,1
4634,0.1780125,6,4634,Not eroded,0,0,0,0,0,0,0,0,0,0,0
4635,0.2670487,4,4635,Not eroded,0,1,1,1,1,1,0,0,0,1,1
4636,0.1978883,0,4636,Not eroded,0,1,0,0,0,0,1,1,1,1,1
4637,0.2384525,5,4637,Not eroded,0,1,1,1,0,0,0,0,0,0,1
4638,0.2623844,0,4638,Not eroded,0,1,1,1,1,1,1,1,1,1,1
4639,0.1311082,2,4639,Not eroded,0,0,0,0,0,0,1,0,1,1,1
4640,0.05623035,4,4640,Not eroded,0,0,0,0,0,0,0,0,0,1,1
4641,0.2649135,3,4641,Not eroded,0,1,1,1,1,1,1,0,0,1,1
4642,0.09280449,6,4642,Not eroded,0,0,0,0,0,0,0,0,0,0,0
4643,0.245974,6,4643,Not eroded,0,1,1,1,1,0,0,0,0,0,0
4644,0.07757185,3,4644,Not eroded,0,0,0,0,0,0,1,0,0,1,1
4645,0.1750912,5,4645,Not eroded,0,0,0,0,0,0,0,0,0,0,1
4646,0.1373166,3,4646,Not eroded,0,0,0,0,0,0,1,0,0,1,1
4647,0.1332405,4,4647,Not eroded,0,0,0,0,0,0,0,0,0,1,1
4648,0.1704995,3,4648,Not eroded,0,0,0,0,0,0,1,0,0,1,1
4649,0.2580284,5,4649,Not eroded,0,1,1,1,1,1,0,0,0,0,1
4650,0.1980128,3,4650,Not eroded,0,1,0,0,0,0,1,0,0,1,1
4651,0.2900809,3,4651,Not eroded,0,1,1,1,1,1,1,0,0,1,1
4652,0.2420053,5,4652,Not eroded,0,1,1,1,1,0,0,0,0,0,1
4653,0.2296096,7,4653,Not eroded,0,1,1,0,0,0,0,0,0,0,0
4654,0.2703614,3,4654,Not eroded,0,1,1,1,1,1,1,0,0,1,1
4655,0.1037268,6,4655,Not eroded,0,0,0,0,0,0,0,0,0,0,0
4656,0.2879812,0,4656,Not eroded,0,1,1,1,1,1,1,1,1,1,1
4657,0.09900538,4,4657,Not eroded,0,0,0,0,0,0,0,0,0,1,1
4658,0.07423763,2,4658,Not eroded,0,0,0,0,0,0,1,0,1,1,1
4659,0.09842984,3,4659,Not eroded,0,0,0,0,0,0,1,0,0,1,1
4661,0.07646263,3,4661,Not eroded,0,0,0,0,0,0,1,0,0,1,1
4662,0.1078273,3,4662,Not eroded,0,0,0,0,0,0,1,0,0,1,1
4663,0.3159064,0,4663,ERODED,1,1,1,1,1,1,1,1,1,1,1
4664,0.3018328,0,4664,Not eroded,0,1,1,1,1,1,1,1,1,1,1
4665,0.2090068,0,4665,Not eroded,0,1,0,0,0,0,1,1,1,1,1
4666,0.05626565,5,4666,Not eroded,0,0,0,0,0,0,0,0,0,0,1
4667,0.1485534,4,4667,Not eroded,0,0,0,0,0,0,0,0,0,1,1
4668,0.2645841,3,4668,Not eroded,0,1,1,1,1,1,1,0,0,1,1
4669,0.1362932,4,4669,Not eroded,0,0,0,0,0,0,0,0,0,1,1
4670,0.1308373,2,4670,Not eroded,0,0,0,0,0,0,1,0,1,1,1
4671,0.284254,4,4671,Not eroded,0,1,1,1,1,1,0,0,0,1,1
4672,0.1651098,0,4672,Not eroded,0,0,0,0,0,0,1,1,1,1,1
4673,0.1315928,3,4673,Not eroded,0,0,0,0,0,0,1,0,0,1,1
4674,0.233177,4,4674,Not eroded,0,1,1,1,0,0,0,0,0,1,1
4675,0.08331366,0,4675,Not eroded,0,0,0,0,0,0,1,1,1,1,1
4676,0.1007199,4,4676,Not eroded,0,0,0,0,0,0,0,0,0,1,1
4677,0.125869,4,4677,Not eroded,0,0,0,0,0,0,0,0,0,1,1
4678,0.1675395,3,4678,Not eroded,0,0,0,0,0,0,1,0,0,1,1
4679,0.2970393,0,4679,ERODED,1,1,1,1,1,1,1,1,1,1,1
4680,0.2490222,2,4680,Not eroded,0,1,1,1,1,0,1,0,1,1,1
4681,0.2803645,0,4681,ERODED,1,1,1,1,1,1,1,1,1,1,1
4682,0.1114471,4,4682,Not eroded,0,0,0,0,0,0,0,0,0,1,1
4683,0.2291714,6,4683,Not eroded,0,1,1,0,0,0,0,0,0,0,0
4684,0.2294691,3,4684,Not eroded,0,1,1,0,0,0,1,0,0,1,1
4685,0.1323598,7,4685,Not eroded,0,0,0,0,0,0,0,0,0,0,0
4686,0.1891408,0,4686,Not eroded,0,0,0,0,0,0,1,1,1,1,1
4687,0.2191274,4,4687,Not eroded,0,1,0,0,0,0,0,0,0,1,1
4688,0.2842999,0,4688,ERODED,1,1,1,1,1,1,1,1,1,1,1
4689,0.2702902,1,4689,ERODED,1,1,1,1,1,1,1,1,1,1,1
4690,0.2565943,0,4690,Not eroded,0,1,1,1,1,1,1,1,1,1,1
4691,0.2287647,3,4691,Not eroded,0,1,1,0,0,0,1,0,0,1,1
4692,0.07223523,5,4692,Not eroded,0,0,0,0,0,0,0,0,0,0,1
4693,0.07452261,0,4693,Not eroded,0,0,0,0,0,0,1,1,1,1,1
4694,0.06813394,3,4694,Not eroded,0,0,0,0,0,0,1,0,0,1,1
4695,0.281171,0,4695,ERODED,1,1,1,1,1,1,1,1,1,1,1
4697,0.1800845,4,4697,Not eroded,0,0,0,0,0,0,0,0,0,1,1
4698,0.2261066,7,4698,Not eroded,0,1,1,0,0,0,0,0,0,0,0
4699,0.2924241,0,4699,Not eroded,0,1,1,1,1,1,1,1,1,1,1
4700,0.1548389,5,4700,Not eroded,0,0,0,0,0,0,0,0,0,0,1
4701,0.3107166,0,4701,ERODED,1,1,1,1,1,1,1,1,1,1,1
4703,0.2686394,0,4703,Not eroded,0,1,1,1,1,1,1,1,1,1,1
4704,0.09290652,3,4704,Not eroded,0,0,0,0,0,0,1,0,0,1,1
4706,0.235313,5,4706,Not eroded,0,1,1,1,0,0,0,0,0,0,1
4707,0.1558081,0,4707,Not eroded,0,0,0,0,0,0,1,1,1,1,1
4708,0.2945004,0,4708,ERODED,1,1,1,1,1,1,1,1,1,1,1
4710,0.1136784,6,4710,Not eroded,0,0,0,0,0,0,0,0,0,0,0
4712,0.221094,5,4712,Not eroded,0,1,1,0,0,0,0,0,0,0,1
4713,0.3134336,0,4713,ERODED,1,1,1,1,1,1,1,1,1,1,1
4714,0.1010388,4,4714,Not eroded,0,0,0,0,0,0,0,0,0,1,1
4715,0.2644276,0,4715,ERODED,1,1,1,1,1,1,1,1,1,1,1
4716,0.0562782,0,4716,Not eroded,0,0,0,0,0,0,1,1,1,1,1
4717,0.1296078,5,4717,Not eroded,0,0,0,0,0,0,0,0,0,0,1
4718,0.1835181,0,4718,Not eroded,0,0,0,0,0,0,1,1,1,1,1
4719,0.1793966,0,4719,Not eroded,0,0,0,0,0,0,1,1,1,1,1
4720,0.2059179,0,4720,Not eroded,0,1,0,0,0,0,1,1,1,1,1
4721,0.3256882,0,4721,ERODED,1,1,1,1,1,1,1,1,1,1,1
4722,0.2841907,4,4722,Not eroded,0,1,1,1,1,1,0,0,0,1,1
4723,0.05626201,3,4723,Not eroded,0,0,0,0,0,0,1,0,0,1,1
4725,0.3161916,0,4725,ERODED,1,1,1,1,1,1,1,1,1,1,1
4726,0.1233113,5,4726,Not eroded,0,0,0,0,0,0,0,0,0,0,1
4727,0.1889906,4,4727,Not eroded,0,0,0,0,0,0,0,0,0,1,1
4729,0.2373285,0,4729,Not eroded,0,1,1,1,0,0,1,1,1,1,1
4730,0.2564569,4,4730,Not eroded,0,1,1,1,1,1,0,0,0,1,1
4731,0.07249205,2,4731,Not eroded,0,0,0,0,0,0,1,0,1,1,1
4732,0.1337956,3,4732,Not eroded,0,0,0,0,0,0,1,0,0,1,1
4733,0.05604423,2,4733,Not eroded,0,0,0,0,0,0,1,0,1,1,1
4734,0.1344419,5,4734,Not eroded,0,0,0,0,0,0,0,0,0,0,1
4735,0.1171072,6,4735,Not eroded,0,0,0,0,0,0,0,0,0,0,0
4736,0.2971586,0,4736,Not eroded,0,1,1,1,1,1,1,1,1,1,1
4737,0.09046263,3,4737,Not eroded,0,0,0,0,0,0,1,0,0,1,1
4739,0.1064791,6,4739,Not eroded,0,0,0,0,0,0,0,0,0,0,0
4740,0.2154157,3,4740,Not eroded,0,1,0,0,0,0,1,0,0,1,1
4741,0.1738881,0,4741,Not eroded,0,0,0,0,0,0,1,1,1,1,1
4745,0.2304397,0,4745,ERODED,1,1,1,1,0,0,1,1,1,1,1
4746,0.2264756,0,4746,Not eroded,0,1,1,0,0,0,1,1,1,1,1
4747,0.1573099,5,4747,Not eroded,0,0,0,0,0,0,0,0,0,0,1
4748,0.2018494,3,4748,Not eroded,0,1,0,0,0,0,1,0,0,1,1
4749,0.06188746,4,4749,Not eroded,0,0,0,0,0,0,0,0,0,1,1
4750,0.1427461,5,4750,Not eroded,0,0,0,0,0,0,0,0,0,0,1
4751,0.1836164,3,4751,Not eroded,0,0,0,0,0,0,1,0,0,1,1
4752,0.2551088,4,4752,Not eroded,0,1,1,1,1,1,0,0,0,1,1
4753,0.2955573,4,4753,Not eroded,0,1,1,1,1,1,0,0,0,1,1
4754,0.1413592,0,4754,Not eroded,0,0,0,0,0,0,1,1,1,1,1
4755,0.310334,0,4755,ERODED,1,1,1,1,1,1,1,1,1,1,1
4756,0.1901494,4,4756,Not eroded,0,0,0,0,0,0,0,0,0,1,1
4757,0.2207719,0,4757,Not eroded,0,1,1,0,0,0,1,1,1,1,1
4758,0.1826994,0,4758,Not eroded,0,0,0,0,0,0,1,1,1,1,1
4759,0.1483638,0,4759,Not eroded,0,0,0,0,0,0,1,1,1,1,1
4760,0.2587964,4,4760,Not eroded,0,1,1,1,1,1,0,0,0,1,1
4761,0.2981172,0,4761,Not eroded,0,1,1,1,1,1,1,1,1,1,1
4762,0.2955511,3,4762,Not eroded,0,1,1,1,1,1,1,0,0,1,1
4763,0.1542886,5,4763,Not eroded,0,0,0,0,0,0,0,0,0,0,1
4764,0.2786109,3,4764,Not eroded,0,1,1,1,1,1,1,0,0,1,1
4765,0.1271266,4,4765,Not eroded,0,0,0,0,0,0,0,0,0,1,1
4766,0.1040826,4,4766,Not eroded,0,0,0,0,0,0,0,0,0,1,1
4767,0.292708,3,4767,Not eroded,0,1,1,1,1,1,1,0,0,1,1
4768,0.2485491,0,4768,ERODED,1,1,1,1,1,0,1,1,1,1,1
4769,0.2659631,5,4769,Not eroded,0,1,1,1,1,1,0,0,0,0,1
4770,0.08800178,5,4770,Not eroded,0,0,0,0,0,0,0,0,0,0,1
4771,0.2574854,5,4771,Not eroded,0,1,1,1,1,1,0,0,0,0,1
4772,0.2125193,5,4772,Not eroded,0,1,0,0,0,0,0,0,0,0,1
4774,0.1830762,0,4774,Not eroded,0,0,0,0,0,0,1,1,1,1,1
4776,0.09836737,5,4776,Not eroded,0,0,0,0,0,0,0,0,0,0,1
4777,0.1565632,4,4777,Not eroded,0,0,0,0,0,0,0,0,0,1,1
4778,0.275892,3,4778,Not eroded,0,1,1,1,1,1,1,0,0,1,1
4779,0.2998194,0,4779,Not eroded,0,1,1,1,1,1,1,1,1,1,1
4780,0.1630844,2,4780,Not eroded,0,0,0,0,0,0,1,0,1,1,1
4781,0.1692993,4,4781,Not eroded,0,0,0,0,0,0,0,0,0,1,1
4782,0.2365597,3,4782,Not eroded,0,1,1,1,0,0,1,0,0,1,1
4783,0.1876124,0,4783,Not eroded,0,0,0,0,0,0,1,1,1,1,1
4784,0.1304425,3,4784,Not eroded,0,0,0,0,0,0,1,0,0,1,1
4785,0.2585709,0,4785,Not eroded,0,1,1,1,1,1,1,1,1,1,1
4786,0.3153712,0,4786,ERODED,1,1,1,1,1,1,1,1,1,1,1
4787,0.1213999,4,4787,Not eroded,0,0,0,0,0,0,0,0,0,1,1
4788,0.1265392,5,4788,Not eroded,0,0,0,0,0,0,0,0,0,0,1
4789,0.1196864,5,4789,Not eroded,0,0,0,0,0,0,0,0,0,0,1
4790,0.1841613,6,4790,Not eroded,0,0,0,0,0,0,0,0,0,0,0
4792,0.1669292,3,4792,Not eroded,0,0,0,0,0,0,1,0,0,1,1
4793,0.2585314,0,4793,ERODED,1,1,1,1,1,1,1,1,1,1,1
4794,0.2164055,5,4794,Not eroded,0,1,0,0,0,0,0,0,0,0,1
4795,0.1983404,0,4795,Not eroded,0,1,0,0,0,0,1,1,1,1,1
4796,0.2900906,2,4796,Not eroded,0,1,1,1,1,1,1,0,1,1,1
4797,0.1547086,0,4797,Not eroded,0,0,0,0,0,0,1,1,1,1,1
4798,0.05626685,4,4798,Not eroded,0,0,0,0,0,0,0,0,0,1,1
4799,0.2281046,4,4799,Not eroded,0,1,1,0,0,0,0,0,0,1,1
4800,0.1061476,5,4800,Not eroded,0,0,0,0,0,0,0,0,0,0,1
4801,0.1291287,4,4801,Not eroded,0,0,0,0,0,0,0,0,0,1,1
4802,0.1794252,5,4802,Not eroded,0,0,0,0,0,0,0,0,0,0,1
4803,0.2433698,5,4803,Not eroded,0,1,1,1,1,0,0,0,0,0,1
4804,0.06556325,0,4804,Not eroded,0,0,0,0,0,0,1,1,1,1,1
4805,0.2462674,3,4805,Not eroded,0,1,1,1,1,0,1,0,0,1,1
4806,0.07527487,0,4806,Not eroded,0,0,0,0,0,0,1,1,1,1,1
4807,0.1946294,2,4807,Not eroded,0,1,0,0,0,0,1,0,1,1,1
4808,0.1472963,4,4808,Not eroded,0,0,0,0,0,0,0,0,0,1,1
4809,0.1613004,2,4809,Not eroded,0,0,0,0,0,0,1,0,1,1,1
4810,0.2029225,4,4810,Not eroded,0,1,0,0,0,0,0,0,0,1,1
4811,0.06492522,6,4811,Not eroded,0,0,0,0,0,0,0,0,0,0,0
4812,0.05770478,0,4812,Not eroded,0,0,0,0,0,0,1,1,1,1,1
4813,0.2912578,4,4813,Not eroded,0,1,1,1,1,1,0,0,0,1,1
4815,0.2707833,3,4815,Not eroded,0,1,1,1,1,1,1,0,0,1,1
4816,0.2931688,0,4816,ERODED,1,1,1,1,1,1,1,1,1,1,1
4817,0.25643,2,4817,ERODED,1,1,1,1,1,1,1,0,1,1,1
4818,0.1727483,0,4818,Not eroded,0,0,0,0,0,0,1,1,1,1,1
4819,0.2425408,5,4819,Not eroded,0,1,1,1,1,0,0,0,0,0,1
4820,0.1057266,4,4820,Not eroded,0,0,0,0,0,0,0,0,0,1,1
4821,0.254403,4,4821,Not eroded,0,1,1,1,1,1,0,0,0,1,1
4822,0.1604227,4,4822,Not eroded,0,0,0,0,0,0,0,0,0,1,1
4823,0.1435759,0,4823,Not eroded,0,0,0,0,0,0,1,1,1,1,1
4824,0.16267,4,4824,Not eroded,0,0,0,0,0,0,0,0,0,1,1
4825,0.1288581,0,4825,Not eroded,0,0,0,0,0,0,1,1,1,1,1
4826,0.2160123,0,4826,Not eroded,0,1,0,0,0,0,1,1,1,1,1
4827,0.2895552,0,4827,Not eroded,0,1,1,1,1,1,1,1,1,1,1
4828,0.0563358,5,4828,Not eroded,0,0,0,0,0,0,0,0,0,0,1
4829,0.1267356,5,4829,Not eroded,0,0,0,0,0,0,0,0,0,0,1
4830,0.0820255,0,4830,Not eroded,0,0,0,0,0,0,1,1,1,1,1
4831,0.1830957,4,4831,Not eroded,0,0,0,0,0,0,0,0,0,1,1
4833,0.2451547,3,4833,Not eroded,0,1,1,1,1,0,1,0,0,1,1
4834,0.06451134,5,4834,Not eroded,0,0,0,0,0,0,0,0,0,0,1
4835,0.1819059,5,4835,Not eroded,0,0,0,0,0,0,0,0,0,0,1
4836,0.2144085,3,4836,Not eroded,0,1,0,0,0,0,1,0,0,1,1
4837,0.1215519,4,4837,Not eroded,0,0,0,0,0,0,0,0,0,1,1
4838,0.1786242,3,4838,Not eroded,0,0,0,0,0,0,1,0,0,1,1
4839,0.2822064,0,4839,ERODED,1,1,1,1,1,1,1,1,1,1,1
4840,0.1748493,3,4840,Not eroded,0,0,0,0,0,0,1,0,0,1,1
4841,0.09391017,4,4841,Not eroded,0,0,0,0,0,0,0,0,0,1,1
4842,0.05783013,2,4842,Not eroded,0,0,0,0,0,0,1,0,1,1,1
4844,0.1460702,4,4844,Not eroded,0,0,0,0,0,0,0,0,0,1,1
4845,0.320706,0,4845,ERODED,1,1,1,1,1,1,1,1,1,1,1
4846,0.1478101,0,4846,Not eroded,0,0,0,0,0,0,1,1,1,1,1
4847,0.1781626,3,4847,Not eroded,0,0,0,0,0,0,1,0,0,1,1
4848,0.203324,6,4848,Not eroded,0,1,0,0,0,0,0,0,0,0,0
4849,0.09893569,4,4849,Not eroded,0,0,0,0,0,0,0,0,0,1,1
4850,0.1326207,4,4850,Not eroded,0,0,0,0,0,0,0,0,0,1,1
4851,0.3282749,0,4851,ERODED,1,1,1,1,1,1,1,1,1,1,1
4852,0.09778385,5,4852,Not eroded,0,0,0,0,0,0,0,0,0,0,1
4854,0.1534873,4,4854,Not eroded,0,0,0,0,0,0,0,0,0,1,1
4855,0.2197491,0,4855,Not eroded,0,1,0,0,0,0,1,1,1,1,1
4856,0.1250547,4,4856,Not eroded,0,0,0,0,0,0,0,0,0,1,1
4859,0.187624,6,4859,Not eroded,0,0,0,0,0,0,0,0,0,0,0
4860,0.05625139,3,4860,Not eroded,0,0,0,0,0,0,1,0,0,1,1
4861,0.1036669,4,4861,Not eroded,0,0,0,0,0,0,0,0,0,1,1
4862,0.2238518,4,4862,Not eroded,0,1,1,0,0,0,0,0,0,1,1
4863,0.2897172,0,4863,ERODED,1,1,1,1,1,1,1,1,1,1,1
4866,0.1151629,4,4866,Not eroded,0,0,0,0,0,0,0,0,0,1,1
4867,0.1004839,3,4867,Not eroded,0,0,0,0,0,0,1,0,0,1,1
4868,0.08587484,7,4868,Not eroded,0,0,0,0,0,0,0,0,0,0,0
4869,0.1054109,4,4869,Not eroded,0,0,0,0,0,0,0,0,0,1,1
4870,0.167345,0,4870,Not eroded,0,0,0,0,0,0,1,1,1,1,1
4871,0.1556946,3,4871,Not eroded,0,0,0,0,0,0,1,0,0,1,1
4873,0.2256686,4,4873,Not eroded,0,1,1,0,0,0,0,0,0,1,1
4875,0.09096163,4,4875,Not eroded,0,0,0,0,0,0,0,0,0,1,1
4876,0.1131227,3,4876,Not eroded,0,0,0,0,0,0,1,0,0,1,1
4877,0.2935133,0,4877,ERODED,1,1,1,1,1,1,1,1,1,1,1
4878,0.2895766,0,4878,Not eroded,0,1,1,1,1,1,1,1,1,1,1
4879,0.1032719,3,4879,Not eroded,0,0,0,0,0,0,1,0,0,1,1
4880,0.1995153,4,4880,Not eroded,0,1,0,0,0,0,0,0,0,1,1
4881,0.2251278,5,4881,Not eroded,0,1,1,0,0,0,0,0,0,0,1
4882,0.05626904,5,4882,Not eroded,0,0,0,0,0,0,0,0,0,0,1
4883,0.1354869,4,4883,Not eroded,0,0,0,0,0,0,0,0,0,1,1
4884,0.1743405,4,4884,Not eroded,0,0,0,0,0,0,0,0,0,1,1
4886,0.2615316,0,4886,Not eroded,0,1,1,1,1,1,1,1,1,1,1
4887,0.2629632,6,4887,Not eroded,0,1,1,1,1,1,0,0,0,0,0
4888,0.08942539,5,4888,Not eroded,0,0,0,0,0,0,0,0,0,0,1
4889,0.0662707,4,4889,Not eroded,0,0,0,0,0,0,0,0,0,1,1
4891,0.149773,2,4891,Not eroded,0,0,0,0,0,0,1,0,1,1,1
4892,0.2848208,4,4892,Not eroded,0,1,1,1,1,1,0,0,0,1,1
4893,0.2941471,0,4893,ERODED,1,1,1,1,1,1,1,1,1,1,1
4894,0.1009433,0,4894,Not eroded,0,0,0,0,0,0,1,1,1,1,1
4895,0.1465566,3,4895,Not eroded,0,0,0,0,0,0,1,0,0,1,1
4896,0.1158405,5,4896,Not eroded,0,0,0,0,0,0,0,0,0,0,1
4898,0.2391788,0,4898,Not eroded,0,1,1,1,0,0,1,1,1,1,1
4899,0.09228838,4,4899,Not eroded,0,0,0,0,0,0,0,0,0,1,1
4900,0.09904609,4,4900,Not eroded,0,0,0,0,0,0,0,0,0,1,1
4901,0.1204932,4,4901,Not eroded,0,0,0,0,0,0,0,0,0,1,1
4902,0.3276012,0,4902,ERODED,1,1,1,1,1,1,1,1,1,1,1
4903,0.1583924,5,4903,Not eroded,0,0,0,0,0,0,0,0,0,0,1
4904,0.09623367,5,4904,Not eroded,0,0,0,0,0,0,0,0,0,0,1
4906,0.1661868,3,4906,Not eroded,0,0,0,0,0,0,1,0,0,1,1
4907,0.274125,4,4907,Not eroded,0,1,1,1,1,1,0,0,0,1,1
4908,0.2314333,4,4908,Not eroded,0,1,1,1,0,0,0,0,0,1,1
4909,0.05663105,4,4909,Not eroded,0,0,0,0,0,0,0,0,0,1,1
4910,0.1401853,4,4910,Not eroded,0,0,0,0,0,0,0,0,0,1,1
4911,0.2361613,0,4911,Not eroded,0,1,1,1,0,0,1,1,1,1,1
4913,0.2206748,4,4913,Not eroded,0,1,1,0,0,0,0,0,0,1,1
4914,0.3149903,0,4914,ERODED,1,1,1,1,1,1,1,1,1,1,1
4915,0.07832597,3,4915,Not eroded,0,0,0,0,0,0,1,0,0,1,1
4916,0.2889327,0,4916,ERODED,1,1,1,1,1,1,1,1,1,1,1
4917,0.2948119,3,4917,Not eroded,0,1,1,1,1,1,1,0,0,1,1
4918,0.09391066,0,4918,Not eroded,0,0,0,0,0,0,1,1,1,1,1
4919,0.05623388,5,4919,Not eroded,0,0,0,0,0,0,0,0,0,0,1
4922,0.2337175,3,4922,Not eroded,0,1,1,1,0,0,1,0,0,1,1
4923,0.2826376,4,4923,Not eroded,0,1,1,1,1,1,0,0,0,1,1
4924,0.266678,4,4924,Not eroded,0,1,1,1,1,1,0,0,0,1,1
4925,0.0647518,0,4925,Not eroded,0,0,0,0,0,0,1,1,1,1,1
4926,0.0683287,5,4926,Not eroded,0,0,0,0,0,0,0,0,0,0,1
4929,0.2988909,0,4929,ERODED,1,1,1,1,1,1,1,1,1,1,1
4930,0.1121084,4,4930,Not eroded,0,0,0,0,0,0,0,0,0,1,1
4931,0.2178251,4,4931,Not eroded,0,1,0,0,0,0,0,0,0,1,1
4932,0.2488468,0,4932,Not eroded,0,1,1,1,1,0,1,1,1,1,1
4933,0.2559193,4,4933,Not eroded,0,1,1,1,1,1,0,0,0,1,1
4934,0.1938606,5,4934,Not eroded,0,1,0,0,0,0,0,0,0,0,1
4935,0.2053412,0,4935,Not eroded,0,1,0,0,0,0,1,1,1,1,1
4936,0.1713369,4,4936,Not eroded,0,0,0,0,0,0,0,0,0,1,1
4937,0.1474533,3,4937,Not eroded,0,0,0,0,0,0,1,0,0,1,1
4938,0.05633603,0,4938,Not eroded,0,0,0,0,0,0,1,1,1,1,1
4939,0.317279,0,4939,ERODED,1,1,1,1,1,1,1,1,1,1,1
4940,0.2644542,0,4940,ERODED,1,1,1,1,1,1,1,1,1,1,1
4941,0.07835974,0,4941,Not eroded,0,0,0,0,0,0,1,1,1,1,1
4942,0.1877226,5,4942,Not eroded,0,0,0,0,0,0,0,0,0,0,1
4943,0.05626833,5,4943,Not eroded,0,0,0,0,0,0,0,0,0,0,1
4944,0.2030186,4,4944,Not eroded,0,1,0,0,0,0,0,0,0,1,1
4945,0.08548145,3,4945,Not eroded,0,0,0,0,0,0,1,0,0,1,1
4946,0.1254397,5,4946,Not eroded,0,0,0,0,0,0,0,0,0,0,1
4948,0.1056947,0,4948,Not eroded,0,0,0,0,0,0,1,1,1,1,1
4949,0.1720541,0,4949,Not eroded,0,0,0,0,0,0,1,1,1,1,1
4950,0.07285927,4,4950,Not eroded,0,0,0,0,0,0,0,0,0,1,1
4951,0.2609123,4,4951,Not eroded,0,1,1,1,1,1,0,0,0,1,1
4952,0.1452141,5,4952,Not eroded,0,0,0,0,0,0,0,0,0,0,1
4953,0.1309895,5,4953,Not eroded,0,0,0,0,0,0,0,0,0,0,1
4954,0.08134357,4,4954,Not eroded,0,0,0,0,0,0,0,0,0,1,1
4955,0.1755232,5,4955,Not eroded,0,0,0,0,0,0,0,0,0,0,1
4956,0.2078042,4,4956,Not eroded,0,1,0,0,0,0,0,0,0,1,1
4957,0.1378535,3,4957,Not eroded,0,0,0,0,0,0,1,0,0,1,1
4958,0.1872928,3,4958,Not eroded,0,0,0,0,0,0,1,0,0,1,1
4960,0.2337568,4,4960,Not eroded,0,1,1,1,0,0,0,0,0,1,1
4961,0.2019953,2,4961,Not eroded,0,1,0,0,0,0,1,0,1,1,1
4962,0.2230679,3,4962,Not eroded,0,1,1,0,0,0,1,0,0,1,1
4963,0.2077593,6,4963,Not eroded,0,1,0,0,0,0,0,0,0,0,0
4964,0.1952663,4,4964,Not eroded,0,1,0,0,0,0,0,0,0,1,1
4965,0.1703623,0,4965,Not eroded,0,0,0,0,0,0,1,1,1,1,1
4966,0.05626126,3,4966,Not eroded,0,0,0,0,0,0,1,0,0,1,1
4967,0.05625992,5,4967,Not eroded,0,0,0,0,0,0,0,0,0,0,1
4968,0.2623403,0,4968,Not eroded,0,1,1,1,1,1,1,1,1,1,1
4969,0.1287233,0,4969,Not eroded,0,0,0,0,0,0,1,1,1,1,1
4971,0.1528137,6,4971,Not eroded,0,0,0,0,0,0,0,0,0,0,0
4972,0.317805,0,4972,ERODED,1,1,1,1,1,1,1,1,1,1,1
4973,0.1818122,0,4973,Not eroded,0,0,0,0,0,0,1,1,1,1,1
4974,0.2192818,5,4974,Not eroded,0,1,0,0,0,0,0,0,0,0,1
4975,0.1706191,4,4975,Not eroded,0,0,0,0,0,0,0,0,0,1,1
4976,0.2143178,7,4976,Not eroded,0,1,0,0,0,0,0,0,0,0,0
4977,0.05669912,1,4977,Not eroded,0,0,0,0,0,0,1,1,1,1,1
4978,0.2576126,0,4978,Not eroded,0,1,1,1,1,1,1,1,1,1,1
4979,0.08305998,4,4979,Not eroded,0,0,0,0,0,0,0,0,0,1,1
4980,0.2235038,3,4980,Not eroded,0,1,1,0,0,0,1,0,0,1,1
4981,0.0658272,4,4981,Not eroded,0,0,0,0,0,0,0,0,0,1,1
4982,0.1001713,5,4982,Not eroded,0,0,0,0,0,0,0,0,0,0,1
4983,0.3196893,0,4983,ERODED,1,1,1,1,1,1,1,1,1,1,1
4984,0.2041663,5,4984,Not eroded,0,1,0,0,0,0,0,0,0,0,1
4985,0.05624653,3,4985,Not eroded,0,0,0,0,0,0,1,0,0,1,1
4986,0.1126521,4,4986,Not eroded,0,0,0,0,0,0,0,0,0,1,1
4987,0.285723,0,4987,ERODED,1,1,1,1,1,1,1,1,1,1,1
4990,0.2290638,0,4990,ERODED,1,1,1,0,0,0,1,1,1,1,1
4991,0.05620605,2,4991,Not eroded,0,0,0,0,0,0,1,0,1,1,1
4992,0.3182545,0,4992,ERODED,1,1,1,1,1,1,1,1,1,1,1
4993,0.174766,3,4993,Not eroded,0,0,0,0,0,0,1,0,0,1,1
4994,0.1779711,0,4994,Not eroded,0,0,0,0,0,0,1,1,1,1,1
4995,0.06645262,4,4995,Not eroded,0,0,0,0,0,0,0,0,0,1,1
4996,0.1695249,5,4996,Not eroded,0,0,0,0,0,0,0,0,0,0,1
4997,0.0815252,3,4997,Not eroded,0,0,0,0,0,0,1,0,0,1,1
4998,0.2780569,0,4998,Not eroded,0,1,1,1,1,1,1,1,1,1,1
4999,0.1424724,7,4999,Not eroded,0,0,0,0,0,0,0,0,0,0,0
5000,0.1575644,3,5000,Not eroded,0,0,0,0,0,0,1,0,0,1,1
5001,0.309392,0,5001,ERODED,1,1,1,1,1,1,1,1,1,1,1
5002,0.07674442,0,5002,Not eroded,0,0,0,0,0,0,1,1,1,1,1
5003,0.1058752,5,5003,Not eroded,0,0,0,0,0,0,0,0,0,0,1
5004,0.2031172,0,5004,Not eroded,0,1,0,0,0,0,1,1,1,1,1
5005,0.2853587,0,5005,ERODED,1,1,1,1,1,1,1,1,1,1,1
5006,0.1559158,4,5006,Not eroded,0,0,0,0,0,0,0,0,0,1,1
5007,0.326012,0,5007,ERODED,1,1,1,1,1,1,1,1,1,1,1
5008,0.05620164,4,5008,Not eroded,0,0,0,0,0,0,0,0,0,1,1
5010,0.1940253,5,5010,Not eroded,0,1,0,0,0,0,0,0,0,0,1
5011,0.3261706,0,5011,ERODED,1,1,1,1,1,1,1,1,1,1,1
5012,0.139323,5,5012,Not eroded,0,0,0,0,0,0,0,0,0,0,1
5013,0.05620105,5,5013,Not eroded,0,0,0,0,0,0,0,0,0,0,1
5016,0.227709,5,5016,Not eroded,0,1,1,0,0,0,0,0,0,0,1
5017,0.08931413,4,5017,Not eroded,0,0,0,0,0,0,0,0,0,1,1
5018,0.2591215,3,5018,Not eroded,0,1,1,1,1,1,1,0,0,1,1
5019,0.1484475,3,5019,Not eroded,0,0,0,0,0,0,1,0,0,1,1
5020,0.1119347,3,5020,Not eroded,0,0,0,0,0,0,1,0,0,1,1
5021,0.2035771,4,5021,Not eroded,0,1,0,0,0,0,0,0,0,1,1
5022,0.2103744,3,5022,Not eroded,0,1,0,0,0,0,1,0,0,1,1
5023,0.2081731,3,5023,Not eroded,0,1,0,0,0,0,1,0,0,1,1
5024,0.2109238,6,5024,Not eroded,0,1,0,0,0,0,0,0,0,0,0
5025,0.143912,4,5025,Not eroded,0,0,0,0,0,0,0,0,0,1,1
5026,0.232889,4,5026,ERODED,1,1,1,1,0,0,0,0,0,1,1
5027,0.2390762,4,5027,Not eroded,0,1,1,1,0,0,0,0,0,1,1
5028,0.2404264,5,5028,Not eroded,0,1,1,1,1,0,0,0,0,0,1
5029,0.1914491,5,5029,Not eroded,0,1,0,0,0,0,0,0,0,0,1
5030,0.2720899,4,5030,Not eroded,0,1,1,1,1,1,0,0,0,1,1
5031,0.3155509,0,5031,ERODED,1,1,1,1,1,1,1,1,1,1,1
5032,0.09425408,3,5032,Not eroded,0,0,0,0,0,0,1,0,0,1,1
5033,0.135118,3,5033,Not eroded,0,0,0,0,0,0,1,0,0,1,1
5034,0.2499464,5,5034,Not eroded,0,1,1,1,1,0,0,0,0,0,1
5035,0.1573853,4,5035,Not eroded,0,0,0,0,0,0,0,0,0,1,1
5036,0.3198403,0,5036,ERODED,1,1,1,1,1,1,1,1,1,1,1
5037,0.3136479,0,5037,ERODED,1,1,1,1,1,1,1,1,1,1,1
5038,0.07900611,4,5038,Not eroded,0,0,0,0,0,0,0,0,0,1,1
5039,0.3005003,0,5039,ERODED,1,1,1,1,1,1,1,1,1,1,1
5040,0.07432029,3,5040,Not eroded,0,0,0,0,0,0,1,0,0,1,1
5041,0.1583889,5,5041,Not eroded,0,0,0,0,0,0,0,0,0,0,1
5043,0.1134732,0,5043,Not eroded,0,0,0,0,0,0,1,1,1,1,1
5044,0.213245,2,5044,Not eroded,0,1,0,0,0,0,1,0,1,1,1
5045,0.247314,3,5045,ERODED,1,1,1,1,1,0,1,0,0,1,1
5046,0.2721288,0,5046,ERODED,1,1,1,1,1,1,1,1,1,1,1
5047,0.2891796,3,5047,Not eroded,0,1,1,1,1,1,1,0,0,1,1
5048,0.2615303,0,5048,Not eroded,0,1,1,1,1,1,1,1,1,1,1
5050,0.08202805,5,5050,Not eroded,0,0,0,0,0,0,0,0,0,0,1
5051,0.1203749,4,5051,Not eroded,0,0,0,0,0,0,0,0,0,1,1
5052,0.2643564,5,5052,Not eroded,0,1,1,1,1,1,0,0,0,0,1
5053,0.2327024,2,5053,Not eroded,0,1,1,1,0,0,1,0,1,1,1
5054,0.3071666,0,5054,ERODED,1,1,1,1,1,1,1,1,1,1,1
5055,0.05901595,4,5055,Not eroded,0,0,0,0,0,0,0,0,0,1,1
5056,0.2469689,4,5056,Not eroded,0,1,1,1,1,0,0,0,0,1,1
5057,0.08616029,4,5057,Not eroded,0,0,0,0,0,0,0,0,0,1,1
5058,0.1449811,3,5058,Not eroded,0,0,0,0,0,0,1,0,0,1,1
5059,0.1954428,3,5059,Not eroded,0,1,0,0,0,0,1,0,0,1,1
5060,0.313587,1,5060,ERODED,1,1,1,1,1,1,1,1,1,1,1
5061,0.2118285,3,5061,Not eroded,0,1,0,0,0,0,1,0,0,1,1
5062,0.1939877,3,5062,Not eroded,0,1,0,0,0,0,1,0,0,1,1
5063,0.0716865,4,5063,Not eroded,0,0,0,0,0,0,0,0,0,1,1
5064,0.2377587,5,5064,Not eroded,0,1,1,1,0,0,0,0,0,0,1
5065,0.3035663,0,5065,Not eroded,0,1,1,1,1,1,1,1,1,1,1
5067,0.3177517,0,5067,ERODED,1,1,1,1,1,1,1,1,1,1,1
5068,0.08656077,0,5068,Not eroded,0,0,0,0,0,0,1,1,1,1,1
5069,0.2420703,3,5069,Not eroded,0,1,1,1,1,0,1,0,0,1,1
5070,0.2498433,0,5070,Not eroded,0,1,1,1,1,0,1,1,1,1,1
5071,0.2056434,6,5071,Not eroded,0,1,0,0,0,0,0,0,0,0,0
5072,0.05624513,5,5072,Not eroded,0,0,0,0,0,0,0,0,0,0,1
5073,0.1395629,5,5073,Not eroded,0,0,0,0,0,0,0,0,0,0,1
5074,0.1252379,4,5074,Not eroded,0,0,0,0,0,0,0,0,0,1,1
5075,0.1383027,3,5075,Not eroded,0,0,0,0,0,0,1,0,0,1,1
5076,0.295994,0,5076,ERODED,1,1,1,1,1,1,1,1,1,1,1
5077,0.3186883,0,5077,ERODED,1,1,1,1,1,1,1,1,1,1,1
5078,0.2378908,0,5078,Not eroded,0,1,1,1,0,0,1,1,1,1,1
5079,0.1919017,4,5079,Not eroded,0,1,0,0,0,0,0,0,0,1,1
5080,0.07189564,3,5080,Not eroded,0,0,0,0,0,0,1,0,0,1,1
5081,0.0881195,5,5081,Not eroded,0,0,0,0,0,0,0,0,0,0,1
5082,0.2459085,3,5082,ERODED,1,1,1,1,1,0,1,0,0,1,1
5083,0.07824079,6,5083,Not eroded,0,0,0,0,0,0,0,0,0,0,0
5085,0.1293033,3,5085,Not eroded,0,0,0,0,0,0,1,0,0,1,1
5086,0.1834627,4,5086,Not eroded,0,0,0,0,0,0,0,0,0,1,1
5087,0.08219621,0,5087,Not eroded,0,0,0,0,0,0,1,1,1,1,1
5089,0.1792866,0,5089,Not eroded,0,0,0,0,0,0,1,1,1,1,1
5090,0.1223253,5,5090,Not eroded,0,0,0,0,0,0,0,0,0,0,1
5091,0.07864906,4,5091,Not eroded,0,0,0,0,0,0,0,0,0,1,1
5092,0.2129846,4,5092,Not eroded,0,1,0,0,0,0,0,0,0,1,1
5093,0.1888593,5,5093,Not eroded,0,0,0,0,0,0,0,0,0,0,1
5094,0.1309266,5,5094,Not eroded,0,0,0,0,0,0,0,0,0,0,1
5095,0.1406938,3,5095,Not eroded,0,0,0,0,0,0,1,0,0,1,1
5096,0.1001253,5,5096,Not eroded,0,0,0,0,0,0,0,0,0,0,1
5097,0.1882281,0,5097,Not eroded,0,0,0,0,0,0,1,1,1,1,1
5098,0.1755923,4,5098,Not eroded,0,0,0,0,0,0,0,0,0,1,1
5099,0.3025945,0,5099,ERODED,1,1,1,1,1,1,1,1,1,1,1
5102,0.06168229,5,5102,Not eroded,0,0,0,0,0,0,0,0,0,0,1
5103,0.1126238,4,5103,Not eroded,0,0,0,0,0,0,0,0,0,1,1
5104,0.312867,0,5104,ERODED,1,1,1,1,1,1,1,1,1,1,1
5105,0.05642241,0,5105,Not eroded,0,0,0,0,0,0,1,1,1,1,1
5106,0.1157824,5,5106,Not eroded,0,0,0,0,0,0,0,0,0,0,1
5107,0.1362545,0,5107,Not eroded,0,0,0,0,0,0,1,1,1,1,1
5108,0.2389438,0,5108,Not eroded,0,1,1,1,0,0,1,1,1,1,1
5109,0.2011118,3,5109,Not eroded,0,1,0,0,0,0,1,0,0,1,1
5110,0.06582181,5,5110,Not eroded,0,0,0,0,0,0,0,0,0,0,1
5111,0.1426612,2,5111,Not eroded,0,0,0,0,0,0,1,0,1,1,1
5113,0.0562479,5,5113,Not eroded,0,0,0,0,0,0,0,0,0,0,1
5114,0.1696657,5,5114,Not eroded,0,0,0,0,0,0,0,0,0,0,1
5115,0.06408346,5,5115,Not eroded,0,0,0,0,0,0,0,0,0,0,1
5116,0.08210085,0,5116,Not eroded,0,0,0,0,0,0,1,1,1,1,1
5117,0.238551,3,5117,Not eroded,0,1,1,1,0,0,1,0,0,1,1
5118,0.248504,0,5118,Not eroded,0,1,1,1,1,0,1,1,1,1,1
5120,0.05624869,4,5120,Not eroded,0,0,0,0,0,0,0,0,0,1,1
5121,0.2606823,0,5121,ERODED,1,1,1,1,1,1,1,1,1,1,1
5122,0.2715325,5,5122,Not eroded,0,1,1,1,1,1,0,0,0,0,1
5123,0.2903112,5,5123,Not eroded,0,1,1,1,1,1,0,0,0,0,1
5124,0.1038127,5,5124,Not eroded,0,0,0,0,0,0,0,0,0,0,1
5126,0.2745982,3,5126,Not eroded,0,1,1,1,1,1,1,0,0,1,1
5127,0.2388157,0,5127,Not eroded,0,1,1,1,0,0,1,1,1,1,1
5128,0.2777175,0,5128,Not eroded,0,1,1,1,1,1,1,1,1,1,1
5129,0.1780285,5,5129,Not eroded,0,0,0,0,0,0,0,0,0,0,1
5130,0.3171446,0,5130,ERODED,1,1,1,1,1,1,1,1,1,1,1
5131,0.3262285,0,5131,ERODED,1,1,1,1,1,1,1,1,1,1,1
5132,0.1002446,3,5132,Not eroded,0,0,0,0,0,0,1,0,0,1,1
5133,0.1401708,6,5133,Not eroded,0,0,0,0,0,0,0,0,0,0,0
5134,0.1677725,2,5134,Not eroded,0,0,0,0,0,0,1,0,1,1,1
5135,0.2013451,5,5135,Not eroded,0,1,0,0,0,0,0,0,0,0,1
5137,0.1927253,3,5137,Not eroded,0,1,0,0,0,0,1,0,0,1,1
5138,0.1467889,4,5138,Not eroded,0,0,0,0,0,0,0,0,0,1,1
5139,0.2606488,3,5139,Not eroded,0,1,1,1,1,1,1,0,0,1,1
5140,0.1292228,4,5140,Not eroded,0,0,0,0,0,0,0,0,0,1,1
5141,0.1696805,6,5141,Not eroded,0,0,0,0,0,0,0,0,0,0,0
5142,0.05624377,4,5142,Not eroded,0,0,0,0,0,0,0,0,0,1,1
5143,0.149094,5,5143,Not eroded,0,0,0,0,0,0,0,0,0,0,1
5144,0.08986903,5,5144,Not eroded,0,0,0,0,0,0,0,0,0,0,1
5145,0.141726,3,5145,Not eroded,0,0,0,0,0,0,1,0,0,1,1
5146,0.06229107,6,5146,Not eroded,0,0,0,0,0,0,0,0,0,0,0
5147,0.2177866,3,5147,Not eroded,0,1,0,0,0,0,1,0,0,1,1
5148,0.2464695,3,5148,Not eroded,0,1,1,1,1,0,1,0,0,1,1
5149,0.2628764,0,5149,ERODED,1,1,1,1,1,1,1,1,1,1,1
5150,0.2823853,0,5150,ERODED,1,1,1,1,1,1,1,1,1,1,1
5151,0.06677306,0,5151,Not eroded,0,0,0,0,0,0,1,1,1,1,1
5152,0.0653611,4,5152,Not eroded,0,0,0,0,0,0,0,0,0,1,1
5153,0.2892924,0,5153,ERODED,1,1,1,1,1,1,1,1,1,1,1
5154,0.2913403,0,5154,Not eroded,0,1,1,1,1,1,1,1,1,1,1
5155,0.0587127,2,5155,Not eroded,0,0,0,0,0,0,1,0,1,1,1
5156,0.1172389,5,5156,Not eroded,0,0,0,0,0,0,0,0,0,0,1
5157,0.0562694,4,5157,Not eroded,0,0,0,0,0,0,0,0,0,1,1
5158,0.1592223,6,5158,Not eroded,0,0,0,0,0,0,0,0,0,0,0
5159,0.2553022,5,5159,Not eroded,0,1,1,1,1,1,0,0,0,0,1
5160,0.1047751,5,5160,Not eroded,0,0,0,0,0,0,0,0,0,0,1
5161,0.2828664,6,5161,Not eroded,0,1,1,1,1,1,0,0,0,0,0
5162,0.2058179,5,5162,Not eroded,0,1,0,0,0,0,0,0,0,0,1
5165,0.2142444,4,5165,Not eroded,0,1,0,0,0,0,0,0,0,1,1
5167,0.2302008,5,5167,Not eroded,0,1,1,1,0,0,0,0,0,0,1
5168,0.2956913,0,5168,ERODED,1,1,1,1,1,1,1,1,1,1,1
5169,0.279085,0,5169,Not eroded,0,1,1,1,1,1,1,1,1,1,1
5170,0.05635219,4,5170,Not eroded,0,0,0,0,0,0,0,0,0,1,1
5171,0.3113476,0,5171,ERODED,1,1,1,1,1,1,1,1,1,1,1
5172,0.1738496,6,5172,Not eroded,0,0,0,0,0,0,0,0,0,0,0
5173,0.1416529,5,5173,Not eroded,0,0,0,0,0,0,0,0,0,0,1
5174,0.1296174,0,5174,Not eroded,0,0,0,0,0,0,1,1,1,1,1
5176,0.05624782,4,5176,Not eroded,0,0,0,0,0,0,0,0,0,1,1
5177,0.1962949,4,5177,Not eroded,0,1,0,0,0,0,0,0,0,1,1
5178,0.07141677,4,5178,Not eroded,0,0,0,0,0,0,0,0,0,1,1
5179,0.2429429,0,5179,Not eroded,0,1,1,1,1,0,1,1,1,1,1
5180,0.2474483,4,5180,Not eroded,0,1,1,1,1,0,0,0,0,1,1
5182,0.2335394,0,5182,Not eroded,0,1,1,1,0,0,1,1,1,1,1
5183,0.06750917,5,5183,Not eroded,0,0,0,0,0,0,0,0,0,0,1
5184,0.2170565,6,5184,Not eroded,0,1,0,0,0,0,0,0,0,0,0
5185,0.2027085,0,5185,Not eroded,0,1,0,0,0,0,1,1,1,1,1
5186,0.134663,6,5186,Not eroded,0,0,0,0,0,0,0,0,0,0,0
5187,0.08453591,3,5187,Not eroded,0,0,0,0,0,0,1,0,0,1,1
5188,0.2904993,4,5188,Not eroded,0,1,1,1,1,1,0,0,0,1,1
5189,0.06986597,4,5189,Not eroded,0,0,0,0,0,0,0,0,0,1,1
5191,0.1051873,0,5191,Not eroded,0,0,0,0,0,0,1,1,1,1,1
5193,0.1846432,4,5193,Not eroded,0,0,0,0,0,0,0,0,0,1,1
5194,0.2836014,3,5194,Not eroded,0,1,1,1,1,1,1,0,0,1,1
5195,0.2173636,5,5195,Not eroded,0,1,0,0,0,0,0,0,0,0,1
5196,0.240471,5,5196,Not eroded,0,1,1,1,1,0,0,0,0,0,1
5197,0.1806856,2,5197,Not eroded,0,0,0,0,0,0,1,0,1,1,1
5198,0.09742761,4,5198,Not eroded,0,0,0,0,0,0,0,0,0,1,1
5199,0.3273816,0,5199,ERODED,1,1,1,1,1,1,1,1,1,1,1
5200,0.1510155,3,5200,Not eroded,0,0,0,0,0,0,1,0,0,1,1
5201,0.1234099,3,5201,Not eroded,0,0,0,0,0,0,1,0,0,1,1
5202,0.05624378,4,5202,Not eroded,0,0,0,0,0,0,0,0,0,1,1
5204,0.2695446,0,5204,ERODED,1,1,1,1,1,1,1,1,1,1,1
5205,0.309468,0,5205,ERODED,1,1,1,1,1,1,1,1,1,1,1
5206,0.1016649,5,5206,Not eroded,0,0,0,0,0,0,0,0,0,0,1
5207,0.320524,0,5207,ERODED,1,1,1,1,1,1,1,1,1,1,1
5209,0.1316904,5,5209,Not eroded,0,0,0,0,0,0,0,0,0,0,1
5210,0.2265663,4,5210,Not eroded,0,1,1,0,0,0,0,0,0,1,1
5211,0.26859,0,5211,ERODED,1,1,1,1,1,1,1,1,1,1,1
5212,0.07177609,4,5212,Not eroded,0,0,0,0,0,0,0,0,0,1,1
5213,0.3041623,0,5213,ERODED,1,1,1,1,1,1,1,1,1,1,1
5214,0.08879481,2,5214,Not eroded,0,0,0,0,0,0,1,0,1,1,1
5215,0.2927274,0,5215,ERODED,1,1,1,1,1,1,1,1,1,1,1
5216,0.1907634,5,5216,Not eroded,0,1,0,0,0,0,0,0,0,0,1
5217,0.05700436,4,5217,Not eroded,0,0,0,0,0,0,0,0,0,1,1
5218,0.1240959,4,5218,Not eroded,0,0,0,0,0,0,0,0,0,1,1
5219,0.08226387,3,5219,Not eroded,0,0,0,0,0,0,1,0,0,1,1
5220,0.2280639,5,5220,Not eroded,0,1,1,0,0,0,0,0,0,0,1
5221,0.2922058,0,5221,Not eroded,0,1,1,1,1,1,1,1,1,1,1
5222,0.08756917,4,5222,Not eroded,0,0,0,0,0,0,0,0,0,1,1
5223,0.1303077,0,5223,Not eroded,0,0,0,0,0,0,1,1,1,1,1
5224,0.1279153,0,5224,Not eroded,0,0,0,0,0,0,1,1,1,1,1
5225,0.2754827,3,5225,Not eroded,0,1,1,1,1,1,1,0,0,1,1
5226,0.1825292,4,5226,Not eroded,0,0,0,0,0,0,0,0,0,1,1
5227,0.2825951,3,5227,Not eroded,0,1,1,1,1,1,1,0,0,1,1
5228,0.09453579,3,5228,Not eroded,0,0,0,0,0,0,1,0,0,1,1
5229,0.3002197,0,5229,ERODED,1,1,1,1,1,1,1,1,1,1,1
5230,0.06416851,4,5230,Not eroded,0,0,0,0,0,0,0,0,0,1,1
5231,0.1689336,4,5231,Not eroded,0,0,0,0,0,0,0,0,0,1,1
5232,0.08689548,0,5232,Not eroded,0,0,0,0,0,0,1,1,1,1,1
5233,0.1314451,4,5233,Not eroded,0,0,0,0,0,0,0,0,0,1,1
5234,0.1116341,4,5234,Not eroded,0,0,0,0,0,0,0,0,0,1,1
5235,0.06541693,5,5235,Not eroded,0,0,0,0,0,0,0,0,0,0,1
5236,0.05625516,3,5236,Not eroded,0,0,0,0,0,0,1,0,0,1,1
5237,0.1719244,3,5237,Not eroded,0,0,0,0,0,0,1,0,0,1,1
5238,0.1246361,3,5238,Not eroded,0,0,0,0,0,0,1,0,0,1,1
5239,0.2337437,4,5239,Not eroded,0,1,1,1,0,0,0,0,0,1,1
5240,0.05626697,5,5240,Not eroded,0,0,0,0,0,0,0,0,0,0,1
5241,0.05617559,4,5241,Not eroded,0,0,0,0,0,0,0,0,0,1,1
5242,0.211986,6,5242,Not eroded,0,1,0,0,0,0,0,0,0,0,0
5243,0.06658483,3,5243,Not eroded,0,0,0,0,0,0,1,0,0,1,1
5244,0.1030061,4,5244,Not eroded,0,0,0,0,0,0,0,0,0,1,1
5245,0.194439,0,5245,Not eroded,0,1,0,0,0,0,1,1,1,1,1
5246,0.06232222,4,5246,Not eroded,0,0,0,0,0,0,0,0,0,1,1
5248,0.2434488,5,5248,Not eroded,0,1,1,1,1,0,0,0,0,0,1
5249,0.1858754,0,5249,Not eroded,0,0,0,0,0,0,1,1,1,1,1
5251,0.09166475,6,5251,Not eroded,0,0,0,0,0,0,0,0,0,0,0
5253,0.2897535,2,5253,Not eroded,0,1,1,1,1,1,1,0,1,1,1
5254,0.2189764,4,5254,Not eroded,0,1,0,0,0,0,0,0,0,1,1
5255,0.1920822,0,5255,Not eroded,0,1,0,0,0,0,1,1,1,1,1
5256,0.2240175,5,5256,Not eroded,0,1,1,0,0,0,0,0,0,0,1
5257,0.05625657,3,5257,Not eroded,0,0,0,0,0,0,1,0,0,1,1
5258,0.1409064,5,5258,Not eroded,0,0,0,0,0,0,0,0,0,0,1
5259,0.2236707,0,5259,Not eroded,0,1,1,0,0,0,1,1,1,1,1
5260,0.2753792,3,5260,Not eroded,0,1,1,1,1,1,1,0,0,1,1
5261,0.1243674,5,5261,Not eroded,0,0,0,0,0,0,0,0,0,0,1
5262,0.2947045,0,5262,Not eroded,0,1,1,1,1,1,1,1,1,1,1
5263,0.194184,3,5263,Not eroded,0,1,0,0,0,0,1,0,0,1,1
5264,0.09696911,0,5264,Not eroded,0,0,0,0,0,0,1,1,1,1,1
5265,0.1116679,4,5265,Not eroded,0,0,0,0,0,0,0,0,0,1,1
5266,0.3009671,3,5266,Not eroded,0,1,1,1,1,1,1,0,0,1,1
5267,0.06556736,3,5267,Not eroded,0,0,0,0,0,0,1,0,0,1,1
5268,0.2694539,0,5268,ERODED,1,1,1,1,1,1,1,1,1,1,1
5269,0.1627267,5,5269,Not eroded,0,0,0,0,0,0,0,0,0,0,1
5270,0.2925212,2,5270,Not eroded,0,1,1,1,1,1,1,0,1,1,1
5271,0.056303,0,5271,Not eroded,0,0,0,0,0,0,1,1,1,1,1
5272,0.12296,5,5272,Not eroded,0,0,0,0,0,0,0,0,0,0,1
5273,0.1391909,4,5273,Not eroded,0,0,0,0,0,0,0,0,0,1,1
5274,0.09358708,3,5274,Not eroded,0,0,0,0,0,0,1,0,0,1,1
5275,0.112151,0,5275,Not eroded,0,0,0,0,0,0,1,1,1,1,1
5276,0.2699101,5,5276,Not eroded,0,1,1,1,1,1,0,0,0,0,1
5277,0.3274948,0,5277,ERODED,1,1,1,1,1,1,1,1,1,1,1
5278,0.1840207,3,5278,Not eroded,0,0,0,0,0,0,1,0,0,1,1
5279,0.2285921,2,5279,Not eroded,0,1,1,0,0,0,1,0,1,1,1
5280,0.2299865,4,5280,Not eroded,0,1,1,0,0,0,0,0,0,1,1
5281,0.1502508,5,5281,Not eroded,0,0,0,0,0,0,0,0,0,0,1
5282,0.2375095,3,5282,ERODED,1,1,1,1,0,0,1,0,0,1,1
5283,0.05626923,2,5283,Not eroded,0,0,0,0,0,0,1,0,1,1,1
5284,0.1977861,3,5284,Not eroded,0,1,0,0,0,0,1,0,0,1,1
5285,0.117365,5,5285,Not eroded,0,0,0,0,0,0,0,0,0,0,1
5286,0.3097232,0,5286,ERODED,1,1,1,1,1,1,1,1,1,1,1
5287,0.1298935,0,5287,Not eroded,0,0,0,0,0,0,1,1,1,1,1
5288,0.2944103,4,5288,Not eroded,0,1,1,1,1,1,0,0,0,1,1
5289,0.2610702,0,5289,Not eroded,0,1,1,1,1,1,1,1,1,1,1
5290,0.287742,4,5290,Not eroded,0,1,1,1,1,1,0,0,0,1,1
5291,0.1101884,4,5291,Not eroded,0,0,0,0,0,0,0,0,0,1,1
5292,0.2574207,0,5292,ERODED,1,1,1,1,1,1,1,1,1,1,1
5293,0.1133969,3,5293,Not eroded,0,0,0,0,0,0,1,0,0,1,1
5295,0.2270275,3,5295,Not eroded,0,1,1,0,0,0,1,0,0,1,1
5296,0.06439679,8,5296,Not eroded,0,0,0,0,0,0,0,0,0,0,0
5297,0.129208,4,5297,Not eroded,0,0,0,0,0,0,0,0,0,1,1
5298,0.1066541,0,5298,Not eroded,0,0,0,0,0,0,1,1,1,1,1
5299,0.06698332,4,5299,Not eroded,0,0,0,0,0,0,0,0,0,1,1
5300,0.1723524,4,5300,Not eroded,0,0,0,0,0,0,0,0,0,1,1
5301,0.1875387,0,5301,Not eroded,0,0,0,0,0,0,1,1,1,1,1
5303,0.252304,0,5303,Not eroded,0,1,1,1,1,1,1,1,1,1,1
5304,0.0954553,4,5304,Not eroded,0,0,0,0,0,0,0,0,0,1,1
5305,0.1639557,5,5305,Not eroded,0,0,0,0,0,0,0,0,0,0,1
5306,0.2400054,6,5306,Not eroded,0,1,1,1,1,0,0,0,0,0,0
5307,0.2079705,3,5307,Not eroded,0,1,0,0,0,0,1,0,0,1,1
5308,0.09123906,0,5308,Not eroded,0,0,0,0,0,0,1,1,1,1,1
5309,0.2487081,0,5309,ERODED,1,1,1,1,1,0,1,1,1,1,1
5310,0.1021131,3,5310,Not eroded,0,0,0,0,0,0,1,0,0,1,1
5311,0.06461286,3,5311,Not eroded,0,0,0,0,0,0,1,0,0,1,1
5312,0.251286,3,5312,Not eroded,0,1,1,1,1,1,1,0,0,1,1
5313,0.1070494,4,5313,Not eroded,0,0,0,0,0,0,0,0,0,1,1
5314,0.1540232,3,5314,Not eroded,0,0,0,0,0,0,1,0,0,1,1
5315,0.09897248,5,5315,Not eroded,0,0,0,0,0,0,0,0,0,0,1
5316,0.1494208,7,5316,Not eroded,0,0,0,0,0,0,0,0,0,0,0
5317,0.1634371,2,5317,Not eroded,0,0,0,0,0,0,1,0,1,1,1
5318,0.07788755,3,5318,Not eroded,0,0,0,0,0,0,1,0,0,1,1
5319,0.1514435,4,5319,Not eroded,0,0,0,0,0,0,0,0,0,1,1
5320,0.06253198,5,5320,Not eroded,0,0,0,0,0,0,0,0,0,0,1
5321,0.0652097,3,5321,Not eroded,0,0,0,0,0,0,1,0,0,1,1
5322,0.1395671,0,5322,Not eroded,0,0,0,0,0,0,1,1,1,1,1
5323,0.05626741,3,5323,Not eroded,0,0,0,0,0,0,1,0,0,1,1
5324,0.2642862,3,5324,Not eroded,0,1,1,1,1,1,1,0,0,1,1
5325,0.2206022,6,5325,Not eroded,0,1,1,0,0,0,0,0,0,0,0
5326,0.2388495,0,5326,Not eroded,0,1,1,1,0,0,1,1,1,1,1
5327,0.2481691,4,5327,Not eroded,0,1,1,1,1,0,0,0,0,1,1
5328,0.08183564,3,5328,Not eroded,0,0,0,0,0,0,1,0,0,1,1
5329,0.2790555,0,5329,Not eroded,0,1,1,1,1,1,1,1,1,1,1
5330,0.2401511,4,5330,Not eroded,0,1,1,1,1,0,0,0,0,1,1
5331,0.1290653,5,5331,Not eroded,0,0,0,0,0,0,0,0,0,0,1
5332,0.2420442,2,5332,Not eroded,0,1,1,1,1,0,1,0,1,1,1
5334,0.3043793,0,5334,Not eroded,0,1,1,1,1,1,1,1,1,1,1
5335,0.2212381,6,5335,Not eroded,0,1,1,0,0,0,0,0,0,0,0
5336,0.2827666,0,5336,ERODED,1,1,1,1,1,1,1,1,1,1,1
5338,0.05625472,5,5338,Not eroded,0,0,0,0,0,0,0,0,0,0,1
5339,0.2820041,4,5339,Not eroded,0,1,1,1,1,1,0,0,0,1,1
5340,0.3149542,0,5340,ERODED,1,1,1,1,1,1,1,1,1,1,1
5341,0.2151446,0,5341,Not eroded,0,1,0,0,0,0,1,1,1,1,1
5342,0.2490843,5,5342,Not eroded,0,1,1,1,1,0,0,0,0,0,1
5343,0.1854151,0,5343,Not eroded,0,0,0,0,0,0,1,1,1,1,1
5344,0.208342,0,5344,Not eroded,0,1,0,0,0,0,1,1,1,1,1
5345,0.2264261,3,5345,Not eroded,0,1,1,0,0,0,1,0,0,1,1
5346,0.1021066,5,5346,Not eroded,0,0,0,0,0,0,0,0,0,0,1
5348,0.159654,4,5348,Not eroded,0,0,0,0,0,0,0,0,0,1,1
5349,0.2223023,6,5349,Not eroded,0,1,1,0,0,0,0,0,0,0,0
5351,0.1319641,3,5351,Not eroded,0,0,0,0,0,0,1,0,0,1,1
5352,0.0639579,5,5352,Not eroded,0,0,0,0,0,0,0,0,0,0,1
5353,0.06406512,3,5353,Not eroded,0,0,0,0,0,0,1,0,0,1,1
5354,0.285239,0,5354,ERODED,1,1,1,1,1,1,1,1,1,1,1
5355,0.1762569,6,5355,Not eroded,0,0,0,0,0,0,0,0,0,0,0
5356,0.111827,3,5356,Not eroded,0,0,0,0,0,0,1,0,0,1,1
5357,0.06165293,6,5357,Not eroded,0,0,0,0,0,0,0,0,0,0,0
5358,0.1997371,4,5358,Not eroded,0,1,0,0,0,0,0,0,0,1,1
5359,0.1032576,6,5359,Not eroded,0,0,0,0,0,0,0,0,0,0,0
5360,0.1482225,3,5360,Not eroded,0,0,0,0,0,0,1,0,0,1,1
5361,0.3080975,0,5361,ERODED,1,1,1,1,1,1,1,1,1,1,1
5362,0.1343691,3,5362,Not eroded,0,0,0,0,0,0,1,0,0,1,1
5363,0.08424605,4,5363,Not eroded,0,0,0,0,0,0,0,0,0,1,1
5364,0.1974784,0,5364,Not eroded,0,1,0,0,0,0,1,1,1,1,1
5365,0.2635441,3,5365,Not eroded,0,1,1,1,1,1,1,0,0,1,1
5366,0.245266,0,5366,Not eroded,0,1,1,1,1,0,1,1,1,1,1
5367,0.3092234,0,5367,ERODED,1,1,1,1,1,1,1,1,1,1,1
5368,0.1336945,0,5368,Not eroded,0,0,0,0,0,0,1,1,1,1,1
5369,0.2741569,0,5369,Not eroded,0,1,1,1,1,1,1,1,1,1,1
5371,0.242342,0,5371,Not eroded,0,1,1,1,1,0,1,1,1,1,1
5372,0.1431321,3,5372,Not eroded,0,0,0,0,0,0,1,0,0,1,1
5374,0.07978428,5,5374,Not eroded,0,0,0,0,0,0,0,0,0,0,1
5375,0.1406197,5,5375,Not eroded,0,0,0,0,0,0,0,0,0,0,1
5376,0.1233766,5,5376,Not eroded,0,0,0,0,0,0,0,0,0,0,1
5377,0.2506211,3,5377,Not eroded,0,1,1,1,1,1,1,0,0,1,1
5378,0.2019209,3,5378,Not eroded,0,1,0,0,0,0,1,0,0,1,1
5379,0.2124833,3,5379,Not eroded,0,1,0,0,0,0,1,0,0,1,1
5380,0.267892,5,5380,Not eroded,0,1,1,1,1,1,0,0,0,0,1
5381,0.2681225,0,5381,Not eroded,0,1,1,1,1,1,1,1,1,1,1
5382,0.09379141,5,5382,Not eroded,0,0,0,0,0,0,0,0,0,0,1
5383,0.3141484,3,5383,Not eroded,0,1,1,1,1,1,1,0,0,1,1
5384,0.1541687,3,5384,Not eroded,0,0,0,0,0,0,1,0,0,1,1
5385,0.2970224,0,5385,ERODED,1,1,1,1,1,1,1,1,1,1,1
5386,0.1374324,6,5386,Not eroded,0,0,0,0,0,0,0,0,0,0,0
5387,0.09135647,0,5387,Not eroded,0,0,0,0,0,0,1,1,1,1,1
5388,0.09854276,4,5388,Not eroded,0,0,0,0,0,0,0,0,0,1,1
5389,0.06554032,4,5389,Not eroded,0,0,0,0,0,0,0,0,0,1,1
5390,0.3017305,0,5390,ERODED,1,1,1,1,1,1,1,1,1,1,1
5391,0.1364189,6,5391,Not eroded,0,0,0,0,0,0,0,0,0,0,0
5392,0.164823,3,5392,Not eroded,0,0,0,0,0,0,1,0,0,1,1
5393,0.2594036,4,5393,Not eroded,0,1,1,1,1,1,0,0,0,1,1
5394,0.1312858,4,5394,Not eroded,0,0,0,0,0,0,0,0,0,1,1
5395,0.3192691,0,5395,ERODED,1,1,1,1,1,1,1,1,1,1,1
5396,0.09560829,2,5396,Not eroded,0,0,0,0,0,0,1,0,1,1,1
5397,0.1435287,0,5397,Not eroded,0,0,0,0,0,0,1,1,1,1,1
5398,0.1190159,3,5398,Not eroded,0,0,0,0,0,0,1,0,0,1,1
5399,0.25348,0,5399,ERODED,1,1,1,1,1,1,1,1,1,1,1
5401,0.2504294,3,5401,Not eroded,0,1,1,1,1,1,1,0,0,1,1
5402,0.1082353,3,5402,Not eroded,0,0,0,0,0,0,1,0,0,1,1
5403,0.1324261,5,5403,Not eroded,0,0,0,0,0,0,0,0,0,0,1
5404,0.1142808,3,5404,Not eroded,0,0,0,0,0,0,1,0,0,1,1
5405,0.2251731,0,5405,Not eroded,0,1,1,0,0,0,1,1,1,1,1
5406,0.1229293,5,5406,Not eroded,0,0,0,0,0,0,0,0,0,0,1
5407,0.0743192,4,5407,Not eroded,0,0,0,0,0,0,0,0,0,1,1
5408,0.05627137,2,5408,Not eroded,0,0,0,0,0,0,1,0,1,1,1
5409,0.1847303,3,5409,Not eroded,0,0,0,0,0,0,1,0,0,1,1
5411,0.1256938,3,5411,Not eroded,0,0,0,0,0,0,1,0,0,1,1
5412,0.2840844,4,5412,Not eroded,0,1,1,1,1,1,0,0,0,1,1
5413,0.1604946,0,5413,Not eroded,0,0,0,0,0,0,1,1,1,1,1
5414,0.1566777,4,5414,Not eroded,0,0,0,0,0,0,0,0,0,1,1
5415,0.1948395,5,5415,Not eroded,0,1,0,0,0,0,0,0,0,0,1
5416,0.1668841,4,5416,Not eroded,0,0,0,0,0,0,0,0,0,1,1
5417,0.2208901,5,5417,Not eroded,0,1,1,0,0,0,0,0,0,0,1
5418,0.05624813,3,5418,Not eroded,0,0,0,0,0,0,1,0,0,1,1
5419,0.2068612,4,5419,Not eroded,0,1,0,0,0,0,0,0,0,1,1
5420,0.163325,4,5420,Not eroded,0,0,0,0,0,0,0,0,0,1,1
5421,0.06750012,5,5421,Not eroded,0,0,0,0,0,0,0,0,0,0,1
5422,0.1504713,6,5422,Not eroded,0,0,0,0,0,0,0,0,0,0,0
5423,0.1328072,8,5423,Not eroded,0,0,0,0,0,0,0,0,0,0,0
5424,0.1737546,4,5424,Not eroded,0,0,0,0,0,0,0,0,0,1,1
5425,0.1437615,5,5425,Not eroded,0,0,0,0,0,0,0,0,0,0,1
5426,0.147608,0,5426,Not eroded,0,0,0,0,0,0,1,1,1,1,1
5427,0.1705225,5,5427,Not eroded,0,0,0,0,0,0,0,0,0,0,1
5428,0.08472415,5,5428,Not eroded,0,0,0,0,0,0,0,0,0,0,1
5429,0.2521247,0,5429,ERODED,1,1,1,1,1,1,1,1,1,1,1
5430,0.2987519,4,5430,Not eroded,0,1,1,1,1,1,0,0,0,1,1
5432,0.2796546,3,5432,Not eroded,0,1,1,1,1,1,1,0,0,1,1
5433,0.2843792,4,5433,Not eroded,0,1,1,1,1,1,0,0,0,1,1
5434,0.29415,0,5434,ERODED,1,1,1,1,1,1,1,1,1,1,1
5435,0.0606711,6,5435,Not eroded,0,0,0,0,0,0,0,0,0,0,0
5436,0.1927955,4,5436,Not eroded,0,1,0,0,0,0,0,0,0,1,1
5437,0.0562829,3,5437,Not eroded,0,0,0,0,0,0,1,0,0,1,1
5438,0.2922836,0,5438,ERODED,1,1,1,1,1,1,1,1,1,1,1
5439,0.1028278,4,5439,Not eroded,0,0,0,0,0,0,0,0,0,1,1
5440,0.07453218,5,5440,Not eroded,0,0,0,0,0,0,0,0,0,0,1
5441,0.221349,3,5441,Not eroded,0,1,1,0,0,0,1,0,0,1,1
5442,0.07991601,6,5442,Not eroded,0,0,0,0,0,0,0,0,0,0,0
5443,0.1856434,0,5443,Not eroded,0,0,0,0,0,0,1,1,1,1,1
5444,0.2279828,0,5444,Not eroded,0,1,1,0,0,0,1,1,1,1,1
5445,0.1642444,4,5445,Not eroded,0,0,0,0,0,0,0,0,0,1,1
5446,0.1407674,5,5446,Not eroded,0,0,0,0,0,0,0,0,0,0,1
5447,0.1292453,5,5447,Not eroded,0,0,0,0,0,0,0,0,0,0,1
5448,0.1705867,3,5448,Not eroded,0,0,0,0,0,0,1,0,0,1,1
5449,0.2199935,3,5449,Not eroded,0,1,0,0,0,0,1,0,0,1,1
5450,0.2151046,2,5450,Not eroded,0,1,0,0,0,0,1,0,1,1,1
5451,0.2581739,7,5451,Not eroded,0,1,1,1,1,1,0,0,0,0,0
5452,0.1760798,2,5452,Not eroded,0,0,0,0,0,0,1,0,1,1,1
5453,0.1696295,7,5453,Not eroded,0,0,0,0,0,0,0,0,0,0,0
5454,0.2876398,5,5454,Not eroded,0,1,1,1,1,1,0,0,0,0,1
5456,0.2051965,0,5456,Not eroded,0,1,0,0,0,0,1,1,1,1,1
5457,0.2050051,0,5457,Not eroded,0,1,0,0,0,0,1,1,1,1,1
5458,0.1794826,0,5458,Not eroded,0,0,0,0,0,0,1,1,1,1,1
5459,0.09260414,5,5459,Not eroded,0,0,0,0,0,0,0,0,0,0,1
5460,0.07278356,4,5460,Not eroded,0,0,0,0,0,0,0,0,0,1,1
5461,0.1792025,5,5461,Not eroded,0,0,0,0,0,0,0,0,0,0,1
5462,0.05705551,3,5462,Not eroded,0,0,0,0,0,0,1,0,0,1,1
5463,0.1400822,3,5463,Not eroded,0,0,0,0,0,0,1,0,0,1,1
5464,0.3298762,0,5464,ERODED,1,1,1,1,1,1,1,1,1,1,1
5465,0.1674612,6,5465,Not eroded,0,0,0,0,0,0,0,0,0,0,0
5466,0.254874,4,5466,Not eroded,0,1,1,1,1,1,0,0,0,1,1
5467,0.13144,3,5467,Not eroded,0,0,0,0,0,0,1,0,0,1,1
5469,0.06983934,5,5469,Not eroded,0,0,0,0,0,0,0,0,0,0,1
5470,0.1385332,3,5470,Not eroded,0,0,0,0,0,0,1,0,0,1,1
5471,0.1575014,4,5471,Not eroded,0,0,0,0,0,0,0,0,0,1,1
5472,0.05747102,3,5472,Not eroded,0,0,0,0,0,0,1,0,0,1,1
5473,0.2318654,3,5473,Not eroded,0,1,1,1,0,0,1,0,0,1,1
5474,0.3024804,0,5474,Not eroded,0,1,1,1,1,1,1,1,1,1,1
5475,0.08065583,4,5475,Not eroded,0,0,0,0,0,0,0,0,0,1,1
5476,0.2050066,4,5476,Not eroded,0,1,0,0,0,0,0,0,0,1,1
5477,0.123778,0,5477,Not eroded,0,0,0,0,0,0,1,1,1,1,1
5478,0.1118144,6,5478,Not eroded,0,0,0,0,0,0,0,0,0,0,0
5479,0.2948128,0,5479,ERODED,1,1,1,1,1,1,1,1,1,1,1
5480,0.1664846,2,5480,Not eroded,0,0,0,0,0,0,1,0,1,1,1
5481,0.05626439,5,5481,Not eroded,0,0,0,0,0,0,0,0,0,0,1
5482,0.2911588,0,5482,ERODED,1,1,1,1,1,1,1,1,1,1,1
5483,0.1751716,5,5483,Not eroded,0,0,0,0,0,0,0,0,0,0,1
5484,0.1039391,5,5484,Not eroded,0,0,0,0,0,0,0,0,0,0,1
5485,0.09650199,5,5485,Not eroded,0,0,0,0,0,0,0,0,0,0,1
5486,0.196105,3,5486,Not eroded,0,1,0,0,0,0,1,0,0,1,1
5487,0.1276857,4,5487,Not eroded,0,0,0,0,0,0,0,0,0,1,1
5488,0.1152193,0,5488,Not eroded,0,0,0,0,0,0,1,1,1,1,1
5489,0.06516332,2,5489,Not eroded,0,0,0,0,0,0,1,0,1,1,1
5490,0.2141104,3,5490,Not eroded,0,1,0,0,0,0,1,0,0,1,1
5491,0.1394041,0,5491,Not eroded,0,0,0,0,0,0,1,1,1,1,1
5492,0.2223013,4,5492,Not eroded,0,1,1,0,0,0,0,0,0,1,1
5493,0.265776,3,5493,Not eroded,0,1,1,1,1,1,1,0,0,1,1
5494,0.3246981,0,5494,ERODED,1,1,1,1,1,1,1,1,1,1,1
5495,0.2831344,0,5495,ERODED,1,1,1,1,1,1,1,1,1,1,1
5496,0.07112431,5,5496,Not eroded,0,0,0,0,0,0,0,0,0,0,1
5497,0.1784476,0,5497,Not eroded,0,0,0,0,0,0,1,1,1,1,1
5498,0.05625352,5,5498,Not eroded,0,0,0,0,0,0,0,0,0,0,1
5499,0.1239861,5,5499,Not eroded,0,0,0,0,0,0,0,0,0,0,1
5500,0.1041502,4,5500,Not eroded,0,0,0,0,0,0,0,0,0,1,1
5501,0.3320939,0,5501,ERODED,1,1,1,1,1,1,1,1,1,1,1
5502,0.2175701,2,5502,Not eroded,0,1,0,0,0,0,1,0,1,1,1
5503,0.05621871,5,5503,Not eroded,0,0,0,0,0,0,0,0,0,0,1
5504,0.1266458,4,5504,Not eroded,0,0,0,0,0,0,0,0,0,1,1
5505,0.280231,0,5505,ERODED,1,1,1,1,1,1,1,1,1,1,1
5506,0.09723191,6,5506,Not eroded,0,0,0,0,0,0,0,0,0,0,0
5507,0.2199685,4,5507,Not eroded,0,1,0,0,0,0,0,0,0,1,1
5509,0.2367021,0,5509,Not eroded,0,1,1,1,0,0,1,1,1,1,1
5510,0.2787931,5,5510,Not eroded,0,1,1,1,1,1,0,0,0,0,1
5511,0.1851071,5,5511,Not eroded,0,0,0,0,0,0,0,0,0,0,1
5512,0.2812019,0,5512,Not eroded,0,1,1,1,1,1,1,1,1,1,1
5513,0.2159062,0,5513,Not eroded,0,1,0,0,0,0,1,1,1,1,1
5514,0.1115779,4,5514,Not eroded,0,0,0,0,0,0,0,0,0,1,1
5515,0.2364754,3,5515,Not eroded,0,1,1,1,0,0,1,0,0,1,1
5517,0.0950871,5,5517,Not eroded,0,0,0,0,0,0,0,0,0,0,1
5518,0.2735383,0,5518,Not eroded,0,1,1,1,1,1,1,1,1,1,1
5519,0.2761541,0,5519,Not eroded,0,1,1,1,1,1,1,1,1,1,1
5520,0.06416141,4,5520,Not eroded,0,0,0,0,0,0,0,0,0,1,1
5522,0.2884026,3,5522,Not eroded,0,1,1,1,1,1,1,0,0,1,1
5523,0.2274242,0,5523,Not eroded,0,1,1,0,0,0,1,1,1,1,1
5524,0.2972049,3,5524,ERODED,1,1,1,1,1,1,1,0,0,1,1
5525,0.06488162,4,5525,Not eroded,0,0,0,0,0,0,0,0,0,1,1
5526,0.3153712,0,5526,ERODED,1,1,1,1,1,1,1,1,1,1,1
5527,0.07899196,3,5527,Not eroded,0,0,0,0,0,0,1,0,0,1,1
5528,0.0817814,5,5528,Not eroded,0,0,0,0,0,0,0,0,0,0,1
5529,0.1369464,2,5529,Not eroded,0,0,0,0,0,0,1,0,1,1,1
5530,0.1682628,6,5530,Not eroded,0,0,0,0,0,0,0,0,0,0,0
5531,0.1338756,5,5531,Not eroded,0,0,0,0,0,0,0,0,0,0,1
5532,0.1822859,0,5532,Not eroded,0,0,0,0,0,0,1,1,1,1,1
5533,0.05626586,3,5533,Not eroded,0,0,0,0,0,0,1,0,0,1,1
5534,0.2877873,0,5534,Not eroded,0,1,1,1,1,1,1,1,1,1,1
5535,0.2127658,0,5535,Not eroded,0,1,0,0,0,0,1,1,1,1,1
5537,0.2299408,3,5537,Not eroded,0,1,1,0,0,0,1,0,0,1,1
5539,0.05627262,2,5539,Not eroded,0,0,0,0,0,0,1,0,1,1,1
5540,0.1018246,4,5540,Not eroded,0,0,0,0,0,0,0,0,0,1,1
5541,0.1755013,4,5541,Not eroded,0,0,0,0,0,0,0,0,0,1,1
5542,0.2933537,0,5542,Not eroded,0,1,1,1,1,1,1,1,1,1,1
5543,0.1996881,5,5543,Not eroded,0,1,0,0,0,0,0,0,0,0,1
5544,0.05627025,3,5544,Not eroded,0,0,0,0,0,0,1,0,0,1,1
5545,0.2108674,5,5545,Not eroded,0,1,0,0,0,0,0,0,0,0,1
5547,0.05661001,0,5547,Not eroded,0,0,0,0,0,0,1,1,1,1,1
5548,0.1909281,4,5548,Not eroded,0,1,0,0,0,0,0,0,0,1,1
5549,0.1335828,5,5549,Not eroded,0,0,0,0,0,0,0,0,0,0,1
5550,0.1690031,4,5550,Not eroded,0,0,0,0,0,0,0,0,0,1,1
5551,0.1092112,3,5551,Not eroded,0,0,0,0,0,0,1,0,0,1,1
5552,0.2693535,0,5552,Not eroded,0,1,1,1,1,1,1,1,1,1,1
5553,0.157613,4,5553,Not eroded,0,0,0,0,0,0,0,0,0,1,1
5554,0.2876859,4,5554,Not eroded,0,1,1,1,1,1,0,0,0,1,1
5555,0.1489105,6,5555,Not eroded,0,0,0,0,0,0,0,0,0,0,0
5556,0.232455,5,5556,Not eroded,0,1,1,1,0,0,0,0,0,0,1
5557,0.3225259,0,5557,ERODED,1,1,1,1,1,1,1,1,1,1,1
5558,0.2485003,4,5558,Not eroded,0,1,1,1,1,0,0,0,0,1,1
5559,0.2796469,4,5559,Not eroded,0,1,1,1,1,1,0,0,0,1,1
5560,0.2658955,0,5560,Not eroded,0,1,1,1,1,1,1,1,1,1,1
5561,0.3058592,0,5561,ERODED,1,1,1,1,1,1,1,1,1,1,1
5562,0.3120617,0,5562,ERODED,1,1,1,1,1,1,1,1,1,1,1
5563,0.2493919,0,5563,Not eroded,0,1,1,1,1,0,1,1,1,1,1
5564,0.2534735,0,5564,Not eroded,0,1,1,1,1,1,1,1,1,1,1
5565,0.1559093,3,5565,Not eroded,0,0,0,0,0,0,1,0,0,1,1
5566,0.1289457,4,5566,Not eroded,0,0,0,0,0,0,0,0,0,1,1
5567,0.1865175,0,5567,Not eroded,0,0,0,0,0,0,1,1,1,1,1
5568,0.2532227,4,5568,Not eroded,0,1,1,1,1,1,0,0,0,1,1
5569,0.2791665,0,5569,ERODED,1,1,1,1,1,1,1,1,1,1,1
5570,0.1977677,5,5570,Not eroded,0,1,0,0,0,0,0,0,0,0,1
5571,0.1129382,4,5571,Not eroded,0,0,0,0,0,0,0,0,0,1,1
5574,0.253343,4,5574,Not eroded,0,1,1,1,1,1,0,0,0,1,1
5575,0.06402075,4,5575,Not eroded,0,0,0,0,0,0,0,0,0,1,1
5576,0.2329414,0,5576,Not eroded,0,1,1,1,0,0,1,1,1,1,1
5577,0.2233741,7,5577,Not eroded,0,1,1,0,0,0,0,0,0,0,0
5578,0.2690139,3,5578,Not eroded,0,1,1,1,1,1,1,0,0,1,1
5579,0.08735219,0,5579,Not eroded,0,0,0,0,0,0,1,1,1,1,1
5580,0.1274147,5,5580,Not eroded,0,0,0,0,0,0,0,0,0,0,1
5581,0.06081485,0,5581,Not eroded,0,0,0,0,0,0,1,1,1,1,1
5582,0.1451077,3,5582,Not eroded,0,0,0,0,0,0,1,0,0,1,1
5583,0.2212011,4,5583,Not eroded,0,1,1,0,0,0,0,0,0,1,1
5584,0.1635829,5,5584,Not eroded,0,0,0,0,0,0,0,0,0,0,1
5586,0.1499534,4,5586,Not eroded,0,0,0,0,0,0,0,0,0,1,1
5587,0.2303774,6,5587,Not eroded,0,1,1,1,0,0,0,0,0,0,0
5588,0.1616508,4,5588,Not eroded,0,0,0,0,0,0,0,0,0,1,1
5589,0.1735825,4,5589,Not eroded,0,0,0,0,0,0,0,0,0,1,1
5590,0.139895,4,5590,Not eroded,0,0,0,0,0,0,0,0,0,1,1
5591,0.06520967,6,5591,Not eroded,0,0,0,0,0,0,0,0,0,0,0
5592,0.06480872,0,5592,Not eroded,0,0,0,0,0,0,1,1,1,1,1
5593,0.1600992,4,5593,Not eroded,0,0,0,0,0,0,0,0,0,1,1
5594,0.1582745,5,5594,Not eroded,0,0,0,0,0,0,0,0,0,0,1
5595,0.1252752,2,5595,Not eroded,0,0,0,0,0,0,1,0,1,1,1
5596,0.2830619,2,5596,Not eroded,0,1,1,1,1,1,1,0,1,1,1
5597,0.280658,0,5597,Not eroded,0,1,1,1,1,1,1,1,1,1,1
5598,0.06087292,5,5598,Not eroded,0,0,0,0,0,0,0,0,0,0,1
5599,0.24944,4,5599,Not eroded,0,1,1,1,1,0,0,0,0,1,1
5601,0.05625169,2,5601,Not eroded,0,0,0,0,0,0,1,0,1,1,1
5602,0.1362574,7,5602,Not eroded,0,0,0,0,0,0,0,0,0,0,0
5603,0.2954916,2,5603,Not eroded,0,1,1,1,1,1,1,0,1,1,1
5604,0.1841455,3,5604,Not eroded,0,0,0,0,0,0,1,0,0,1,1
5605,0.1380908,0,5605,Not eroded,0,0,0,0,0,0,1,1,1,1,1
5606,0.1832378,4,5606,Not eroded,0,0,0,0,0,0,0,0,0,1,1
5607,0.08562886,5,5607,Not eroded,0,0,0,0,0,0,0,0,0,0,1
5608,0.1031034,4,5608,Not eroded,0,0,0,0,0,0,0,0,0,1,1
5609,0.1120952,0,5609,Not eroded,0,0,0,0,0,0,1,1,1,1,1
5611,0.08900448,3,5611,Not eroded,0,0,0,0,0,0,1,0,0,1,1
5612,0.1968871,4,5612,Not eroded,0,1,0,0,0,0,0,0,0,1,1
5614,0.2135396,3,5614,Not eroded,0,1,0,0,0,0,1,0,0,1,1
5616,0.1705186,0,5616,Not eroded,0,0,0,0,0,0,1,1,1,1,1
5618,0.2697895,0,5618,ERODED,1,1,1,1,1,1,1,1,1,1,1
5619,0.07739387,8,5619,Not eroded,0,0,0,0,0,0,0,0,0,0,0
5620,0.1124473,4,5620,Not eroded,0,0,0,0,0,0,0,0,0,1,1
5622,0.08568091,4,5622,Not eroded,0,0,0,0,0,0,0,0,0,1,1
5623,0.09557668,4,5623,Not eroded,0,0,0,0,0,0,0,0,0,1,1
5624,0.2148942,4,5624,Not eroded,0,1,0,0,0,0,0,0,0,1,1
5626,0.208254,3,5626,Not eroded,0,1,0,0,0,0,1,0,0,1,1
5628,0.0654167,5,5628,Not eroded,0,0,0,0,0,0,0,0,0,0,1
5629,0.3235191,0,5629,ERODED,1,1,1,1,1,1,1,1,1,1,1
5630,0.2012853,2,5630,Not eroded,0,1,0,0,0,0,1,0,1,1,1
5631,0.2829687,4,5631,Not eroded,0,1,1,1,1,1,0,0,0,1,1
5632,0.09749761,5,5632,Not eroded,0,0,0,0,0,0,0,0,0,0,1
5633,0.06388768,3,5633,Not eroded,0,0,0,0,0,0,1,0,0,1,1
5634,0.09266746,4,5634,Not eroded,0,0,0,0,0,0,0,0,0,1,1
5635,0.2098788,3,5635,Not eroded,0,1,0,0,0,0,1,0,0,1,1
5637,0.1653351,4,5637,Not eroded,0,0,0,0,0,0,0,0,0,1,1
5638,0.1901358,5,5638,Not eroded,0,0,0,0,0,0,0,0,0,0,1
5639,0.315139,0,5639,ERODED,1,1,1,1,1,1,1,1,1,1,1
5641,0.2743342,4,5641,Not eroded,0,1,1,1,1,1,0,0,0,1,1
5642,0.06693059,4,5642,Not eroded,0,0,0,0,0,0,0,0,0,1,1
5643,0.1859395,0,5643,Not eroded,0,0,0,0,0,0,1,1,1,1,1
5644,0.2909604,3,5644,Not eroded,0,1,1,1,1,1,1,0,0,1,1
5645,0.2414649,0,5645,Not eroded,0,1,1,1,1,0,1,1,1,1,1
5646,0.2227803,2,5646,Not eroded,0,1,1,0,0,0,1,0,1,1,1
5647,0.2920262,0,5647,ERODED,1,1,1,1,1,1,1,1,1,1,1
5648,0.2346404,4,5648,Not eroded,0,1,1,1,0,0,0,0,0,1,1
5649,0.2603036,3,5649,Not eroded,0,1,1,1,1,1,1,0,0,1,1
5650,0.08003696,6,5650,Not eroded,0,0,0,0,0,0,0,0,0,0,0
5651,0.2125743,4,5651,Not eroded,0,1,0,0,0,0,0,0,0,1,1
5652,0.2347657,0,5652,Not eroded,0,1,1,1,0,0,1,1,1,1,1
5653,0.2330531,2,5653,Not eroded,0,1,1,1,0,0,1,0,1,1,1
5654,0.0720696,5,5654,Not eroded,0,0,0,0,0,0,0,0,0,0,1
5655,0.2274483,4,5655,Not eroded,0,1,1,0,0,0,0,0,0,1,1
5656,0.2537104,5,5656,Not eroded,0,1,1,1,1,1,0,0,0,0,1
5657,0.1621162,4,5657,Not eroded,0,0,0,0,0,0,0,0,0,1,1
5658,0.1727838,2,5658,Not eroded,0,0,0,0,0,0,1,0,1,1,1
5659,0.1880021,5,5659,Not eroded,0,0,0,0,0,0,0,0,0,0,1
5660,0.3011451,0,5660,ERODED,1,1,1,1,1,1,1,1,1,1,1
5661,0.07282681,0,5661,Not eroded,0,0,0,0,0,0,1,1,1,1,1
5662,0.09919169,0,5662,Not eroded,0,0,0,0,0,0,1,1,1,1,1
5663,0.1313408,5,5663,Not eroded,0,0,0,0,0,0,0,0,0,0,1
5664,0.2358993,4,5664,Not eroded,0,1,1,1,0,0,0,0,0,1,1
5665,0.1960929,5,5665,Not eroded,0,1,0,0,0,0,0,0,0,0,1
5666,0.2203108,0,5666,Not eroded,0,1,1,0,0,0,1,1,1,1,1
5667,0.1592274,5,5667,Not eroded,0,0,0,0,0,0,0,0,0,0,1
5668,0.1014863,4,5668,Not eroded,0,0,0,0,0,0,0,0,0,1,1
5669,0.1066127,4,5669,Not eroded,0,0,0,0,0,0,0,0,0,1,1
5670,0.2884182,0,5670,ERODED,1,1,1,1,1,1,1,1,1,1,1
5671,0.2102145,6,5671,Not eroded,0,1,0,0,0,0,0,0,0,0,0
5672,0.2306995,0,5672,Not eroded,0,1,1,1,0,0,1,1,1,1,1
5673,0.1355248,5,5673,Not eroded,0,0,0,0,0,0,0,0,0,0,1
5674,0.2366616,0,5674,Not eroded,0,1,1,1,0,0,1,1,1,1,1
5675,0.1208465,4,5675,Not eroded,0,0,0,0,0,0,0,0,0,1,1
5676,0.2014674,4,5676,Not eroded,0,1,0,0,0,0,0,0,0,1,1
5677,0.1504303,4,5677,Not eroded,0,0,0,0,0,0,0,0,0,1,1
5678,0.2486405,0,5678,ERODED,1,1,1,1,1,0,1,1,1,1,1
5679,0.2216049,4,5679,Not eroded,0,1,1,0,0,0,0,0,0,1,1
5680,0.3256522,0,5680,ERODED,1,1,1,1,1,1,1,1,1,1,1
5681,0.1072776,4,5681,Not eroded,0,0,0,0,0,0,0,0,0,1,1
5682,0.1696689,3,5682,Not eroded,0,0,0,0,0,0,1,0,0,1,1
5683,0.289882,0,5683,Not eroded,0,1,1,1,1,1,1,1,1,1,1
5684,0.1277985,0,5684,Not eroded,0,0,0,0,0,0,1,1,1,1,1
5685,0.05625283,3,5685,Not eroded,0,0,0,0,0,0,1,0,0,1,1
5686,0.2926665,0,5686,ERODED,1,1,1,1,1,1,1,1,1,1,1
5687,0.1498094,4,5687,Not eroded,0,0,0,0,0,0,0,0,0,1,1
5688,0.1967455,3,5688,Not eroded,0,1,0,0,0,0,1,0,0,1,1
5689,0.2407957,4,5689,Not eroded,0,1,1,1,1,0,0,0,0,1,1
5691,0.1006427,3,5691,Not eroded,0,0,0,0,0,0,1,0,0,1,1
5692,0.07403594,5,5692,Not eroded,0,0,0,0,0,0,0,0,0,0,1
5693,0.1277141,4,5693,Not eroded,0,0,0,0,0,0,0,0,0,1,1
5694,0.1180425,0,5694,Not eroded,0,0,0,0,0,0,1,1,1,1,1
5695,0.323521,0,5695,ERODED,1,1,1,1,1,1,1,1,1,1,1
5696,0.1466167,7,5696,Not eroded,0,0,0,0,0,0,0,0,0,0,0
5697,0.09119549,0,5697,Not eroded,0,0,0,0,0,0,1,1,1,1,1
5698,0.2617364,0,5698,Not eroded,0,1,1,1,1,1,1,1,1,1,1
5699,0.06632524,0,5699,Not eroded,0,0,0,0,0,0,1,1,1,1,1
5700,0.3008919,0,5700,ERODED,1,1,1,1,1,1,1,1,1,1,1
5701,0.2348738,4,5701,Not eroded,0,1,1,1,0,0,0,0,0,1,1
5703,0.1557835,3,5703,Not eroded,0,0,0,0,0,0,1,0,0,1,1
5704,0.06828258,5,5704,Not eroded,0,0,0,0,0,0,0,0,0,0,1
5705,0.2561003,5,5705,Not eroded,0,1,1,1,1,1,0,0,0,0,1
5706,0.2817035,0,5706,ERODED,1,1,1,1,1,1,1,1,1,1,1
5707,0.2112592,4,5707,Not eroded,0,1,0,0,0,0,0,0,0,1,1
5708,0.1202135,5,5708,Not eroded,0,0,0,0,0,0,0,0,0,0,1
5709,0.2082754,0,5709,Not eroded,0,1,0,0,0,0,1,1,1,1,1
5711,0.08228459,5,5711,Not eroded,0,0,0,0,0,0,0,0,0,0,1
5712,0.2564896,3,5712,Not eroded,0,1,1,1,1,1,1,0,0,1,1
5714,0.08552246,3,5714,Not eroded,0,0,0,0,0,0,1,0,0,1,1
5715,0.2169627,6,5715,Not eroded,0,1,0,0,0,0,0,0,0,0,0
5716,0.0965653,4,5716,Not eroded,0,0,0,0,0,0,0,0,0,1,1
5717,0.1536953,6,5717,Not eroded,0,0,0,0,0,0,0,0,0,0,0
5718,0.2849275,0,5718,Not eroded,0,1,1,1,1,1,1,1,1,1,1
5720,0.2349828,5,5720,Not eroded,0,1,1,1,0,0,0,0,0,0,1
5721,0.07256802,5,5721,Not eroded,0,0,0,0,0,0,0,0,0,0,1
5722,0.131909,3,5722,Not eroded,0,0,0,0,0,0,1,0,0,1,1
5723,0.1303531,5,5723,Not eroded,0,0,0,0,0,0,0,0,0,0,1
5724,0.2946734,0,5724,Not eroded,0,1,1,1,1,1,1,1,1,1,1
5725,0.172478,4,5725,Not eroded,0,0,0,0,0,0,0,0,0,1,1
5726,0.07477005,5,5726,Not eroded,0,0,0,0,0,0,0,0,0,0,1
5727,0.2559216,4,5727,Not eroded,0,1,1,1,1,1,0,0,0,1,1
5728,0.1765851,2,5728,Not eroded,0,0,0,0,0,0,1,0,1,1,1
5729,0.1626133,5,5729,Not eroded,0,0,0,0,0,0,0,0,0,0,1
5730,0.2977833,0,5730,Not eroded,0,1,1,1,1,1,1,1,1,1,1
5731,0.1964898,0,5731,Not eroded,0,1,0,0,0,0,1,1,1,1,1
5732,0.1459393,5,5732,Not eroded,0,0,0,0,0,0,0,0,0,0,1
5733,0.1204965,0,5733,Not eroded,0,0,0,0,0,0,1,1,1,1,1
5734,0.1384084,4,5734,Not eroded,0,0,0,0,0,0,0,0,0,1,1
5735,0.1810485,7,5735,Not eroded,0,0,0,0,0,0,0,0,0,0,0
5736,0.3234921,0,5736,ERODED,1,1,1,1,1,1,1,1,1,1,1
5737,0.07319372,4,5737,Not eroded,0,0,0,0,0,0,0,0,0,1,1
5738,0.2283314,4,5738,ERODED,1,1,1,0,0,0,0,0,0,1,1
5739,0.1874096,5,5739,Not eroded,0,0,0,0,0,0,0,0,0,0,1
5740,0.3249362,0,5740,ERODED,1,1,1,1,1,1,1,1,1,1,1
5741,0.265695,0,5741,ERODED,1,1,1,1,1,1,1,1,1,1,1
5742,0.1677571,0,5742,Not eroded,0,0,0,0,0,0,1,1,1,1,1
5743,0.07375657,5,5743,Not eroded,0,0,0,0,0,0,0,0,0,0,1
5744,0.2719396,0,5744,ERODED,1,1,1,1,1,1,1,1,1,1,1
5745,0.1435512,0,5745,Not eroded,0,0,0,0,0,0,1,1,1,1,1
5746,0.2539974,4,5746,Not eroded,0,1,1,1,1,1,0,0,0,1,1
5747,0.2972452,3,5747,Not eroded,0,1,1,1,1,1,1,0,0,1,1
5749,0.2040086,3,5749,Not eroded,0,1,0,0,0,0,1,0,0,1,1
5750,0.1275244,3,5750,Not eroded,0,0,0,0,0,0,1,0,0,1,1
5752,0.1320431,5,5752,Not eroded,0,0,0,0,0,0,0,0,0,0,1
5753,0.1386814,5,5753,Not eroded,0,0,0,0,0,0,0,0,0,0,1
5754,0.2099032,5,5754,Not eroded,0,1,0,0,0,0,0,0,0,0,1
5755,0.1328462,0,5755,Not eroded,0,0,0,0,0,0,1,1,1,1,1
5756,0.2066278,2,5756,Not eroded,0,1,0,0,0,0,1,0,1,1,1
5757,0.284518,0,5757,Not eroded,0,1,1,1,1,1,1,1,1,1,1
5758,0.1156,3,5758,Not eroded,0,0,0,0,0,0,1,0,0,1,1
5759,0.1628708,5,5759,Not eroded,0,0,0,0,0,0,0,0,0,0,1
5760,0.261091,3,5760,Not eroded,0,1,1,1,1,1,1,0,0,1,1
5761,0.0747862,6,5761,Not eroded,0,0,0,0,0,0,0,0,0,0,0
5762,0.09737232,4,5762,Not eroded,0,0,0,0,0,0,0,0,0,1,1
5763,0.2142236,4,5763,Not eroded,0,1,0,0,0,0,0,0,0,1,1
5764,0.1902159,4,5764,Not eroded,0,0,0,0,0,0,0,0,0,1,1
5765,0.3238871,0,5765,ERODED,1,1,1,1,1,1,1,1,1,1,1
5766,0.0835238,0,5766,Not eroded,0,0,0,0,0,0,1,1,1,1,1
5767,0.2016169,4,5767,Not eroded,0,1,0,0,0,0,0,0,0,1,1
5768,0.1788056,4,5768,Not eroded,0,0,0,0,0,0,0,0,0,1,1
5769,0.1754123,0,5769,Not eroded,0,0,0,0,0,0,1,1,1,1,1
5770,0.2472515,5,5770,Not eroded,0,1,1,1,1,0,0,0,0,0,1
5771,0.1753036,4,5771,Not eroded,0,0,0,0,0,0,0,0,0,1,1
5772,0.1077586,4,5772,Not eroded,0,0,0,0,0,0,0,0,0,1,1
5773,0.2110062,6,5773,Not eroded,0,1,0,0,0,0,0,0,0,0,0
5774,0.2962544,0,5774,ERODED,1,1,1,1,1,1,1,1,1,1,1
5775,0.2233675,5,5775,Not eroded,0,1,1,0,0,0,0,0,0,0,1
5776,0.06409458,5,5776,Not eroded,0,0,0,0,0,0,0,0,0,0,1
5777,0.2784677,0,5777,Not eroded,0,1,1,1,1,1,1,1,1,1,1
5778,0.2942227,0,5778,Not eroded,0,1,1,1,1,1,1,1,1,1,1
5779,0.0961943,6,5779,Not eroded,0,0,0,0,0,0,0,0,0,0,0
5780,0.1413823,5,5780,Not eroded,0,0,0,0,0,0,0,0,0,0,1
5783,0.09685528,0,5783,Not eroded,0,0,0,0,0,0,1,1,1,1,1
5784,0.2871547,5,5784,Not eroded,0,1,1,1,1,1,0,0,0,0,1
5785,0.0562694,4,5785,Not eroded,0,0,0,0,0,0,0,0,0,1,1
5786,0.1405293,5,5786,Not eroded,0,0,0,0,0,0,0,0,0,0,1
5787,0.2613279,4,5787,Not eroded,0,1,1,1,1,1,0,0,0,1,1
5788,0.1593811,3,5788,Not eroded,0,0,0,0,0,0,1,0,0,1,1
5789,0.1786197,0,5789,Not eroded,0,0,0,0,0,0,1,1,1,1,1
5790,0.2262501,0,5790,Not eroded,0,1,1,0,0,0,1,1,1,1,1
5791,0.06680673,5,5791,Not eroded,0,0,0,0,0,0,0,0,0,0,1
5792,0.1749873,0,5792,Not eroded,0,0,0,0,0,0,1,1,1,1,1
5793,0.1988288,4,5793,Not eroded,0,1,0,0,0,0,0,0,0,1,1
5794,0.08564682,4,5794,Not eroded,0,0,0,0,0,0,0,0,0,1,1
5795,0.2976076,0,5795,Not eroded,0,1,1,1,1,1,1,1,1,1,1
5796,0.1665168,5,5796,Not eroded,0,0,0,0,0,0,0,0,0,0,1
5797,0.3242534,0,5797,Not eroded,0,1,1,1,1,1,1,1,1,1,1
5798,0.06373596,4,5798,Not eroded,0,0,0,0,0,0,0,0,0,1,1
5799,0.0561252,4,5799,Not eroded,0,0,0,0,0,0,0,0,0,1,1
5800,0.05624985,4,5800,Not eroded,0,0,0,0,0,0,0,0,0,1,1
5801,0.1580991,4,5801,Not eroded,0,0,0,0,0,0,0,0,0,1,1
5802,0.2338318,5,5802,Not eroded,0,1,1,1,0,0,0,0,0,0,1
5803,0.08804966,5,5803,Not eroded,0,0,0,0,0,0,0,0,0,0,1
5805,0.05660259,4,5805,Not eroded,0,0,0,0,0,0,0,0,0,1,1
5806,0.2318797,4,5806,Not eroded,0,1,1,1,0,0,0,0,0,1,1
5807,0.2068695,0,5807,Not eroded,0,1,0,0,0,0,1,1,1,1,1
5808,0.287416,0,5808,ERODED,1,1,1,1,1,1,1,1,1,1,1
5809,0.1687547,4,5809,Not eroded,0,0,0,0,0,0,0,0,0,1,1
5810,0.1534583,6,5810,Not eroded,0,0,0,0,0,0,0,0,0,0,0
5811,0.2819084,3,5811,Not eroded,0,1,1,1,1,1,1,0,0,1,1
5813,0.3248855,0,5813,ERODED,1,1,1,1,1,1,1,1,1,1,1
5814,0.1334077,4,5814,Not eroded,0,0,0,0,0,0,0,0,0,1,1
5815,0.1037789,4,5815,Not eroded,0,0,0,0,0,0,0,0,0,1,1
5816,0.05622143,3,5816,Not eroded,0,0,0,0,0,0,1,0,0,1,1
5817,0.3298271,0,5817,ERODED,1,1,1,1,1,1,1,1,1,1,1
5818,0.1295243,4,5818,Not eroded,0,0,0,0,0,0,0,0,0,1,1
5819,0.07438687,5,5819,Not eroded,0,0,0,0,0,0,0,0,0,0,1
5820,0.09538614,3,5820,Not eroded,0,0,0,0,0,0,1,0,0,1,1
5821,0.1016436,2,5821,Not eroded,0,0,0,0,0,0,1,0,1,1,1
5823,0.2016162,0,5823,Not eroded,0,1,0,0,0,0,1,1,1,1,1
5824,0.3039498,3,5824,ERODED,1,1,1,1,1,1,1,0,0,1,1
5825,0.2599405,3,5825,Not eroded,0,1,1,1,1,1,1,0,0,1,1
5826,0.1245168,0,5826,Not eroded,0,0,0,0,0,0,1,1,1,1,1
5827,0.1365455,0,5827,Not eroded,0,0,0,0,0,0,1,1,1,1,1
5829,0.06537435,4,5829,Not eroded,0,0,0,0,0,0,0,0,0,1,1
5830,0.2244951,3,5830,Not eroded,0,1,1,0,0,0,1,0,0,1,1
5832,0.1281873,0,5832,Not eroded,0,0,0,0,0,0,1,1,1,1,1
5833,0.1762085,6,5833,Not eroded,0,0,0,0,0,0,0,0,0,0,0
5834,0.2223219,4,5834,Not eroded,0,1,1,0,0,0,0,0,0,1,1
5835,0.1453786,0,5835,Not eroded,0,0,0,0,0,0,1,1,1,1,1
5836,0.07608904,5,5836,Not eroded,0,0,0,0,0,0,0,0,0,0,1
5837,0.1873719,4,5837,Not eroded,0,0,0,0,0,0,0,0,0,1,1
5838,0.292936,0,5838,Not eroded,0,1,1,1,1,1,1,1,1,1,1
5839,0.164318,3,5839,Not eroded,0,0,0,0,0,0,1,0,0,1,1
5841,0.2396552,4,5841,Not eroded,0,1,1,1,0,0,0,0,0,1,1
5842,0.09194342,5,5842,Not eroded,0,0,0,0,0,0,0,0,0,0,1
5843,0.1492347,4,5843,Not eroded,0,0,0,0,0,0,0,0,0,1,1
5844,0.1705701,5,5844,Not eroded,0,0,0,0,0,0,0,0,0,0,1
5845,0.3226521,0,5845,ERODED,1,1,1,1,1,1,1,1,1,1,1
5846,0.08670683,0,5846,Not eroded,0,0,0,0,0,0,1,1,1,1,1
5847,0.1579393,4,5847,Not eroded,0,0,0,0,0,0,0,0,0,1,1
5848,0.0649033,5,5848,Not eroded,0,0,0,0,0,0,0,0,0,0,1
5851,0.3120029,0,5851,ERODED,1,1,1,1,1,1,1,1,1,1,1
5852,0.1486784,5,5852,Not eroded,0,0,0,0,0,0,0,0,0,0,1
5853,0.2982382,0,5853,Not eroded,0,1,1,1,1,1,1,1,1,1,1
5854,0.1339201,3,5854,Not eroded,0,0,0,0,0,0,1,0,0,1,1
5855,0.09582547,3,5855,Not eroded,0,0,0,0,0,0,1,0,0,1,1
5856,0.1991263,3,5856,Not eroded,0,1,0,0,0,0,1,0,0,1,1
5857,0.2314296,0,5857,Not eroded,0,1,1,1,0,0,1,1,1,1,1
5858,0.2436903,0,5858,Not eroded,0,1,1,1,1,0,1,1,1,1,1
5859,0.2004812,6,5859,Not eroded,0,1,0,0,0,0,0,0,0,0,0
5860,0.225762,4,5860,Not eroded,0,1,1,0,0,0,0,0,0,1,1
5861,0.1306912,3,5861,Not eroded,0,0,0,0,0,0,1,0,0,1,1
5862,0.2090013,4,5862,Not eroded,0,1,0,0,0,0,0,0,0,1,1
5863,0.2102512,4,5863,Not eroded,0,1,0,0,0,0,0,0,0,1,1
5864,0.2026665,5,5864,Not eroded,0,1,0,0,0,0,0,0,0,0,1
5865,0.139871,4,5865,Not eroded,0,0,0,0,0,0,0,0,0,1,1
5866,0.2377118,4,5866,Not eroded,0,1,1,1,0,0,0,0,0,1,1
5867,0.1372618,3,5867,Not eroded,0,0,0,0,0,0,1,0,0,1,1
5868,0.2125204,5,5868,Not eroded,0,1,0,0,0,0,0,0,0,0,1
5869,0.2103804,0,5869,Not eroded,0,1,0,0,0,0,1,1,1,1,1
5870,0.2237994,6,5870,Not eroded,0,1,1,0,0,0,0,0,0,0,0
5871,0.0946023,4,5871,Not eroded,0,0,0,0,0,0,0,0,0,1,1
5872,0.142641,4,5872,Not eroded,0,0,0,0,0,0,0,0,0,1,1
5873,0.1626896,3,5873,Not eroded,0,0,0,0,0,0,1,0,0,1,1
5874,0.07982219,5,5874,Not eroded,0,0,0,0,0,0,0,0,0,0,1
5875,0.1387344,5,5875,Not eroded,0,0,0,0,0,0,0,0,0,0,1
5876,0.2334045,3,5876,Not eroded,0,1,1,1,0,0,1,0,0,1,1
5877,0.1503079,2,5877,Not eroded,0,0,0,0,0,0,1,0,1,1,1
5878,0.07278738,4,5878,Not eroded,0,0,0,0,0,0,0,0,0,1,1
5879,0.3221858,0,5879,ERODED,1,1,1,1,1,1,1,1,1,1,1
5881,0.288827,0,5881,ERODED,1,1,1,1,1,1,1,1,1,1,1
5882,0.1692069,5,5882,Not eroded,0,0,0,0,0,0,0,0,0,0,1
5883,0.2793024,0,5883,ERODED,1,1,1,1,1,1,1,1,1,1,1
5884,0.1488142,4,5884,Not eroded,0,0,0,0,0,0,0,0,0,1,1
5885,0.1069471,0,5885,Not eroded,0,0,0,0,0,0,1,1,1,1,1
5886,0.09959686,4,5886,Not eroded,0,0,0,0,0,0,0,0,0,1,1
5887,0.05618773,3,5887,Not eroded,0,0,0,0,0,0,1,0,0,1,1
5888,0.2429833,4,5888,Not eroded,0,1,1,1,1,0,0,0,0,1,1
5889,0.2813369,0,5889,ERODED,1,1,1,1,1,1,1,1,1,1,1
5890,0.2097134,6,5890,Not eroded,0,1,0,0,0,0,0,0,0,0,0
5891,0.3055685,0,5891,ERODED,1,1,1,1,1,1,1,1,1,1,1
5893,0.2848646,0,5893,ERODED,1,1,1,1,1,1,1,1,1,1,1
5894,0.2193136,0,5894,Not eroded,0,1,0,0,0,0,1,1,1,1,1
5895,0.07368096,4,5895,Not eroded,0,0,0,0,0,0,0,0,0,1,1
5896,0.05891472,4,5896,Not eroded,0,0,0,0,0,0,0,0,0,1,1
5897,0.3044692,0,5897,ERODED,1,1,1,1,1,1,1,1,1,1,1
5898,0.09259818,5,5898,Not eroded,0,0,0,0,0,0,0,0,0,0,1
5899,0.1700815,0,5899,Not eroded,0,0,0,0,0,0,1,1,1,1,1
5900,0.05623639,4,5900,Not eroded,0,0,0,0,0,0,0,0,0,1,1
5901,0.1651004,6,5901,Not eroded,0,0,0,0,0,0,0,0,0,0,0
5902,0.1598256,2,5902,Not eroded,0,0,0,0,0,0,1,0,1,1,1
5903,0.221564,4,5903,Not eroded,0,1,1,0,0,0,0,0,0,1,1
5904,0.2914633,0,5904,ERODED,1,1,1,1,1,1,1,1,1,1,1
5905,0.2070959,5,5905,Not eroded,0,1,0,0,0,0,0,0,0,0,1
5906,0.06585187,4,5906,Not eroded,0,0,0,0,0,0,0,0,0,1,1
5907,0.1441907,4,5907,Not eroded,0,0,0,0,0,0,0,0,0,1,1
5908,0.05625054,5,5908,Not eroded,0,0,0,0,0,0,0,0,0,0,1
5909,0.2117285,2,5909,Not eroded,0,1,0,0,0,0,1,0,1,1,1
5910,0.179291,4,5910,Not eroded,0,0,0,0,0,0,0,0,0,1,1
5911,0.2951352,0,5911,Not eroded,0,1,1,1,1,1,1,1,1,1,1
5913,0.1221715,3,5913,Not eroded,0,0,0,0,0,0,1,0,0,1,1
5914,0.1148286,0,5914,Not eroded,0,0,0,0,0,0,1,1,1,1,1
5915,0.2008796,4,5915,Not eroded,0,1,0,0,0,0,0,0,0,1,1
5916,0.2888885,0,5916,ERODED,1,1,1,1,1,1,1,1,1,1,1
5917,0.1691481,2,5917,Not eroded,0,0,0,0,0,0,1,0,1,1,1
5918,0.230986,0,5918,Not eroded,0,1,1,1,0,0,1,1,1,1,1
5919,0.2380645,5,5919,Not eroded,0,1,1,1,0,0,0,0,0,0,1
5920,0.2830097,4,5920,Not eroded,0,1,1,1,1,1,0,0,0,1,1
5921,0.1626905,3,5921,Not eroded,0,0,0,0,0,0,1,0,0,1,1
5922,0.2372253,6,5922,Not eroded,0,1,1,1,0,0,0,0,0,0,0
5923,0.2669397,3,5923,Not eroded,0,1,1,1,1,1,1,0,0,1,1
5924,0.1967956,0,5924,Not eroded,0,1,0,0,0,0,1,1,1,1,1
5925,0.3170943,0,5925,ERODED,1,1,1,1,1,1,1,1,1,1,1
5926,0.2556847,4,5926,Not eroded,0,1,1,1,1,1,0,0,0,1,1
5927,0.3072955,0,5927,ERODED,1,1,1,1,1,1,1,1,1,1,1
5928,0.2913524,4,5928,Not eroded,0,1,1,1,1,1,0,0,0,1,1
5929,0.1868497,0,5929,Not eroded,0,0,0,0,0,0,1,1,1,1,1
5930,0.1295652,5,5930,Not eroded,0,0,0,0,0,0,0,0,0,0,1
5931,0.0663578,0,5931,Not eroded,0,0,0,0,0,0,1,1,1,1,1
5932,0.06465293,4,5932,Not eroded,0,0,0,0,0,0,0,0,0,1,1
5933,0.3034892,4,5933,Not eroded,0,1,1,1,1,1,0,0,0,1,1
5934,0.09228033,0,5934,Not eroded,0,0,0,0,0,0,1,1,1,1,1
5935,0.3172783,0,5935,ERODED,1,1,1,1,1,1,1,1,1,1,1
5936,0.07095411,4,5936,Not eroded,0,0,0,0,0,0,0,0,0,1,1
5937,0.1557495,3,5937,Not eroded,0,0,0,0,0,0,1,0,0,1,1
5939,0.2242477,4,5939,Not eroded,0,1,1,0,0,0,0,0,0,1,1
5940,0.1167377,4,5940,Not eroded,0,0,0,0,0,0,0,0,0,1,1
5941,0.2587294,2,5941,Not eroded,0,1,1,1,1,1,1,0,1,1,1
5942,0.2950732,5,5942,Not eroded,0,1,1,1,1,1,0,0,0,0,1
5943,0.2011721,5,5943,Not eroded,0,1,0,0,0,0,0,0,0,0,1
5944,0.1458846,0,5944,Not eroded,0,0,0,0,0,0,1,1,1,1,1
5945,0.1774803,5,5945,Not eroded,0,0,0,0,0,0,0,0,0,0,1
5946,0.2399689,0,5946,ERODED,1,1,1,1,0,0,1,1,1,1,1
5947,0.2790959,0,5947,ERODED,1,1,1,1,1,1,1,1,1,1,1
5948,0.2261773,5,5948,Not eroded,0,1,1,0,0,0,0,0,0,0,1
5949,0.1932957,4,5949,Not eroded,0,1,0,0,0,0,0,0,0,1,1
5950,0.246589,4,5950,Not eroded,0,1,1,1,1,0,0,0,0,1,1
5951,0.325128,0,5951,ERODED,1,1,1,1,1,1,1,1,1,1,1
5952,0.1421988,3,5952,Not eroded,0,0,0,0,0,0,1,0,0,1,1
5953,0.08773275,3,5953,Not eroded,0,0,0,0,0,0,1,0,0,1,1
5954,0.1613854,5,5954,Not eroded,0,0,0,0,0,0,0,0,0,0,1
5956,0.1336589,6,5956,Not eroded,0,0,0,0,0,0,0,0,0,0,0
5957,0.2954867,0,5957,ERODED,1,1,1,1,1,1,1,1,1,1,1
5958,0.2960679,0,5958,ERODED,1,1,1,1,1,1,1,1,1,1,1
5959,0.093972,6,5959,Not eroded,0,0,0,0,0,0,0,0,0,0,0
5960,0.3166745,0,5960,ERODED,1,1,1,1,1,1,1,1,1,1,1
5961,0.2917358,0,5961,ERODED,1,1,1,1,1,1,1,1,1,1,1
5962,0.09931528,0,5962,Not eroded,0,0,0,0,0,0,1,1,1,1,1
5963,0.2284924,3,5963,Not eroded,0,1,1,0,0,0,1,0,0,1,1
5964,0.07798498,6,5964,Not eroded,0,0,0,0,0,0,0,0,0,0,0
5965,0.1097265,4,5965,Not eroded,0,0,0,0,0,0,0,0,0,1,1
5966,0.2892245,3,5966,Not eroded,0,1,1,1,1,1,1,0,0,1,1
5967,0.2387809,3,5967,Not eroded,0,1,1,1,0,0,1,0,0,1,1
5969,0.2997021,2,5969,Not eroded,0,1,1,1,1,1,1,0,1,1,1
5970,0.2427041,0,5970,Not eroded,0,1,1,1,1,0,1,1,1,1,1
5971,0.1744696,5,5971,Not eroded,0,0,0,0,0,0,0,0,0,0,1
5973,0.1188654,5,5973,Not eroded,0,0,0,0,0,0,0,0,0,0,1
5974,0.3054453,0,5974,ERODED,1,1,1,1,1,1,1,1,1,1,1
5975,0.2840565,0,5975,Not eroded,0,1,1,1,1,1,1,1,1,1,1
5976,0.08435173,4,5976,Not eroded,0,0,0,0,0,0,0,0,0,1,1
5977,0.07360794,4,5977,Not eroded,0,0,0,0,0,0,0,0,0,1,1
5979,0.2509393,2,5979,Not eroded,0,1,1,1,1,1,1,0,1,1,1
5980,0.2236719,0,5980,Not eroded,0,1,1,0,0,0,1,1,1,1,1
5981,0.1422303,6,5981,Not eroded,0,0,0,0,0,0,0,0,0,0,0
5982,0.2113576,0,5982,Not eroded,0,1,0,0,0,0,1,1,1,1,1
5983,0.07464774,1,5983,Not eroded,0,0,0,0,0,0,1,1,1,1,1
5984,0.2554819,0,5984,Not eroded,0,1,1,1,1,1,1,1,1,1,1
5986,0.2547132,0,5986,Not eroded,0,1,1,1,1,1,1,1,1,1,1
5987,0.1906596,4,5987,Not eroded,0,1,0,0,0,0,0,0,0,1,1
5988,0.09444271,3,5988,Not eroded,0,0,0,0,0,0,1,0,0,1,1
5989,0.1817604,7,5989,Not eroded,0,0,0,0,0,0,0,0,0,0,0
5991,0.2379535,5,5991,Not eroded,0,1,1,1,0,0,0,0,0,0,1
5992,0.1765369,6,5992,Not eroded,0,0,0,0,0,0,0,0,0,0,0
5993,0.2392149,3,5993,Not eroded,0,1,1,1,0,0,1,0,0,1,1
5994,0.1210273,4,5994,Not eroded,0,0,0,0,0,0,0,0,0,1,1
5995,0.3271327,0,5995,ERODED,1,1,1,1,1,1,1,1,1,1,1
5996,0.07818229,5,5996,Not eroded,0,0,0,0,0,0,0,0,0,0,1
5997,0.1497972,4,5997,Not eroded,0,0,0,0,0,0,0,0,0,1,1
5998,0.06240298,5,5998,Not eroded,0,0,0,0,0,0,0,0,0,0,1
5999,0.1717011,3,5999,Not eroded,0,0,0,0,0,0,1,0,0,1,1
6000,0.325109,0,6000,ERODED,1,1,1,1,1,1,1,1,1,1,1
6001,0.1126625,4,6001,Not eroded,0,0,0,0,0,0,0,0,0,1,1
6002,0.1158344,0,6002,Not eroded,0,0,0,0,0,0,1,1,1,1,1
6003,0.2884887,2,6003,Not eroded,0,1,1,1,1,1,1,0,1,1,1
6004,0.1342079,3,6004,Not eroded,0,0,0,0,0,0,1,0,0,1,1
6006,0.2472173,4,6006,Not eroded,0,1,1,1,1,0,0,0,0,1,1
6007,0.1001141,5,6007,Not eroded,0,0,0,0,0,0,0,0,0,0,1
6008,0.24383,3,6008,Not eroded,0,1,1,1,1,0,1,0,0,1,1
6009,0.2070164,0,6009,Not eroded,0,1,0,0,0,0,1,1,1,1,1
6010,0.2210645,0,6010,Not eroded,0,1,1,0,0,0,1,1,1,1,1
6011,0.2448689,0,6011,Not eroded,0,1,1,1,1,0,1,1,1,1,1
6012,0.09555956,4,6012,Not eroded,0,0,0,0,0,0,0,0,0,1,1
6013,0.211441,2,6013,Not eroded,0,1,0,0,0,0,1,0,1,1,1
6014,0.1072978,3,6014,Not eroded,0,0,0,0,0,0,1,0,0,1,1
6016,0.1314125,0,6016,Not eroded,0,0,0,0,0,0,1,1,1,1,1
6018,0.2429065,5,6018,Not eroded,0,1,1,1,1,0,0,0,0,0,1
6019,0.1683397,5,6019,Not eroded,0,0,0,0,0,0,0,0,0,0,1
6021,0.296399,4,6021,Not eroded,0,1,1,1,1,1,0,0,0,1,1
6022,0.179319,3,6022,Not eroded,0,0,0,0,0,0,1,0,0,1,1
6024,0.252831,4,6024,Not eroded,0,1,1,1,1,1,0,0,0,1,1
6025,0.1853267,4,6025,Not eroded,0,0,0,0,0,0,0,0,0,1,1
6026,0.1696275,3,6026,Not eroded,0,0,0,0,0,0,1,0,0,1,1
6027,0.319398,0,6027,ERODED,1,1,1,1,1,1,1,1,1,1,1
6028,0.2476262,5,6028,Not eroded,0,1,1,1,1,0,0,0,0,0,1
6029,0.05627038,4,6029,Not eroded,0,0,0,0,0,0,0,0,0,1,1
6030,0.1303458,3,6030,Not eroded,0,0,0,0,0,0,1,0,0,1,1
6031,0.09170746,5,6031,Not eroded,0,0,0,0,0,0,0,0,0,0,1
6032,0.2143161,3,6032,Not eroded,0,1,0,0,0,0,1,0,0,1,1
6033,0.1375869,0,6033,Not eroded,0,0,0,0,0,0,1,1,1,1,1
6034,0.2290892,0,6034,Not eroded,0,1,1,0,0,0,1,1,1,1,1
6035,0.07778712,3,6035,Not eroded,0,0,0,0,0,0,1,0,0,1,1
6036,0.1049226,5,6036,Not eroded,0,0,0,0,0,0,0,0,0,0,1
6037,0.1881285,0,6037,Not eroded,0,0,0,0,0,0,1,1,1,1,1
6038,0.1479821,0,6038,Not eroded,0,0,0,0,0,0,1,1,1,1,1
6039,0.1951305,5,6039,Not eroded,0,1,0,0,0,0,0,0,0,0,1
6040,0.2517608,5,6040,Not eroded,0,1,1,1,1,1,0,0,0,0,1
6042,0.1533954,0,6042,Not eroded,0,0,0,0,0,0,1,1,1,1,1
6044,0.1791063,5,6044,Not eroded,0,0,0,0,0,0,0,0,0,0,1
6046,0.2521151,4,6046,Not eroded,0,1,1,1,1,1,0,0,0,1,1
6047,0.1411667,4,6047,Not eroded,0,0,0,0,0,0,0,0,0,1,1
6048,0.08284158,5,6048,Not eroded,0,0,0,0,0,0,0,0,0,0,1
6049,0.1183848,4,6049,Not eroded,0,0,0,0,0,0,0,0,0,1,1
6050,0.06643975,5,6050,Not eroded,0,0,0,0,0,0,0,0,0,0,1
6051,0.09037912,4,6051,Not eroded,0,0,0,0,0,0,0,0,0,1,1
6052,0.2401007,4,6052,Not eroded,0,1,1,1,1,0,0,0,0,1,1
6053,0.2072666,2,6053,Not eroded,0,1,0,0,0,0,1,0,1,1,1
6054,0.2917172,4,6054,Not eroded,0,1,1,1,1,1,0,0,0,1,1
6055,0.2776516,2,6055,Not eroded,0,1,1,1,1,1,1,0,1,1,1
6056,0.06619951,3,6056,Not eroded,0,0,0,0,0,0,1,0,0,1,1
6058,0.1031619,5,6058,Not eroded,0,0,0,0,0,0,0,0,0,0,1
6059,0.1131362,3,6059,Not eroded,0,0,0,0,0,0,1,0,0,1,1
6060,0.1549231,6,6060,Not eroded,0,0,0,0,0,0,0,0,0,0,0
6061,0.2847967,4,6061,Not eroded,0,1,1,1,1,1,0,0,0,1,1
6062,0.177547,5,6062,Not eroded,0,0,0,0,0,0,0,0,0,0,1
6063,0.2915229,0,6063,ERODED,1,1,1,1,1,1,1,1,1,1,1
6064,0.2519755,3,6064,Not eroded,0,1,1,1,1,1,1,0,0,1,1
6065,0.05627159,3,6065,Not eroded,0,0,0,0,0,0,1,0,0,1,1
6066,0.08856515,6,6066,Not eroded,0,0,0,0,0,0,0,0,0,0,0
6067,0.1847827,4,6067,Not eroded,0,0,0,0,0,0,0,0,0,1,1
6069,0.2727022,0,6069,Not eroded,0,1,1,1,1,1,1,1,1,1,1
6070,0.232741,0,6070,Not eroded,0,1,1,1,0,0,1,1,1,1,1
6071,0.1824509,0,6071,Not eroded,0,0,0,0,0,0,1,1,1,1,1
6072,0.1789282,7,6072,Not eroded,0,0,0,0,0,0,0,0,0,0,0
6073,0.05620319,3,6073,Not eroded,0,0,0,0,0,0,1,0,0,1,1
6074,0.05862996,3,6074,Not eroded,0,0,0,0,0,0,1,0,0,1,1
6075,0.2127714,3,6075,Not eroded,0,1,0,0,0,0,1,0,0,1,1
6076,0.2917206,0,6076,ERODED,1,1,1,1,1,1,1,1,1,1,1
6077,0.1518588,4,6077,Not eroded,0,0,0,0,0,0,0,0,0,1,1
6079,0.1910798,4,6079,Not eroded,0,1,0,0,0,0,0,0,0,1,1
6080,0.07734229,4,6080,Not eroded,0,0,0,0,0,0,0,0,0,1,1
6081,0.206046,0,6081,Not eroded,0,1,0,0,0,0,1,1,1,1,1
6082,0.190066,4,6082,Not eroded,0,0,0,0,0,0,0,0,0,1,1
6083,0.1955488,5,6083,Not eroded,0,1,0,0,0,0,0,0,0,0,1
6084,0.1479066,3,6084,Not eroded,0,0,0,0,0,0,1,0,0,1,1
6085,0.07666484,0,6085,Not eroded,0,0,0,0,0,0,1,1,1,1,1
6086,0.2036404,4,6086,Not eroded,0,1,0,0,0,0,0,0,0,1,1
6087,0.1165161,4,6087,Not eroded,0,0,0,0,0,0,0,0,0,1,1
6088,0.1883043,3,6088,Not eroded,0,0,0,0,0,0,1,0,0,1,1
6090,0.2853344,0,6090,ERODED,1,1,1,1,1,1,1,1,1,1,1
6091,0.1484113,4,6091,Not eroded,0,0,0,0,0,0,0,0,0,1,1
6092,0.2639753,5,6092,Not eroded,0,1,1,1,1,1,0,0,0,0,1
6093,0.2195222,0,6093,Not eroded,0,1,0,0,0,0,1,1,1,1,1
6094,0.1780632,4,6094,Not eroded,0,0,0,0,0,0,0,0,0,1,1
6096,0.06269037,4,6096,Not eroded,0,0,0,0,0,0,0,0,0,1,1
6097,0.09017005,6,6097,Not eroded,0,0,0,0,0,0,0,0,0,0,0
6098,0.2320835,0,6098,Not eroded,0,1,1,1,0,0,1,1,1,1,1
6099,0.1743673,5,6099,Not eroded,0,0,0,0,0,0,0,0,0,0,1
6100,0.2120585,3,6100,Not eroded,0,1,0,0,0,0,1,0,0,1,1
6101,0.1699194,4,6101,Not eroded,0,0,0,0,0,0,0,0,0,1,1
6102,0.1309799,0,6102,Not eroded,0,0,0,0,0,0,1,1,1,1,1
6103,0.2922708,3,6103,Not eroded,0,1,1,1,1,1,1,0,0,1,1
6104,0.1577201,5,6104,Not eroded,0,0,0,0,0,0,0,0,0,0,1
6105,0.1715679,5,6105,Not eroded,0,0,0,0,0,0,0,0,0,0,1
6106,0.1435737,4,6106,Not eroded,0,0,0,0,0,0,0,0,0,1,1
6107,0.1349249,0,6107,Not eroded,0,0,0,0,0,0,1,1,1,1,1
6108,0.1762759,6,6108,Not eroded,0,0,0,0,0,0,0,0,0,0,0
6109,0.08046798,4,6109,Not eroded,0,0,0,0,0,0,0,0,0,1,1
6110,0.2331053,5,6110,Not eroded,0,1,1,1,0,0,0,0,0,0,1
6111,0.2635665,0,6111,ERODED,1,1,1,1,1,1,1,1,1,1,1
6112,0.1842631,4,6112,Not eroded,0,0,0,0,0,0,0,0,0,1,1
6113,0.2126101,4,6113,Not eroded,0,1,0,0,0,0,0,0,0,1,1
6114,0.1414181,0,6114,Not eroded,0,0,0,0,0,0,1,1,1,1,1
6115,0.2197739,4,6115,Not eroded,0,1,0,0,0,0,0,0,0,1,1
6116,0.1228136,4,6116,Not eroded,0,0,0,0,0,0,0,0,0,1,1
6117,0.2329043,3,6117,Not eroded,0,1,1,1,0,0,1,0,0,1,1
6118,0.06678228,3,6118,Not eroded,0,0,0,0,0,0,1,0,0,1,1
6119,0.3157574,0,6119,ERODED,1,1,1,1,1,1,1,1,1,1,1
6120,0.08473666,3,6120,Not eroded,0,0,0,0,0,0,1,0,0,1,1
6121,0.1515912,0,6121,Not eroded,0,0,0,0,0,0,1,1,1,1,1
6122,0.1203173,3,6122,Not eroded,0,0,0,0,0,0,1,0,0,1,1
6123,0.1861231,3,6123,Not eroded,0,0,0,0,0,0,1,0,0,1,1
6125,0.1057026,5,6125,Not eroded,0,0,0,0,0,0,0,0,0,0,1
6126,0.22733,0,6126,Not eroded,0,1,1,0,0,0,1,1,1,1,1
6127,0.2178156,0,6127,Not eroded,0,1,0,0,0,0,1,1,1,1,1
6128,0.05670888,2,6128,Not eroded,0,0,0,0,0,0,1,0,1,1,1
6129,0.05621255,3,6129,Not eroded,0,0,0,0,0,0,1,0,0,1,1
6130,0.1179345,3,6130,Not eroded,0,0,0,0,0,0,1,0,0,1,1
6131,0.05915133,3,6131,Not eroded,0,0,0,0,0,0,1,0,0,1,1
6132,0.2805402,0,6132,ERODED,1,1,1,1,1,1,1,1,1,1,1
6133,0.2138269,3,6133,Not eroded,0,1,0,0,0,0,1,0,0,1,1
6134,0.2713213,0,6134,Not eroded,0,1,1,1,1,1,1,1,1,1,1
6135,0.2512654,0,6135,ERODED,1,1,1,1,1,1,1,1,1,1,1
6136,0.2340685,3,6136,Not eroded,0,1,1,1,0,0,1,0,0,1,1
6137,0.1065606,3,6137,Not eroded,0,0,0,0,0,0,1,0,0,1,1
6138,0.1698481,3,6138,Not eroded,0,0,0,0,0,0,1,0,0,1,1
6139,0.2191306,4,6139,Not eroded,0,1,0,0,0,0,0,0,0,1,1
6140,0.08151439,4,6140,Not eroded,0,0,0,0,0,0,0,0,0,1,1
6141,0.1483345,4,6141,Not eroded,0,0,0,0,0,0,0,0,0,1,1
6142,0.2794764,4,6142,Not eroded,0,1,1,1,1,1,0,0,0,1,1
6143,0.1711211,0,6143,Not eroded,0,0,0,0,0,0,1,1,1,1,1
6144,0.05625682,3,6144,Not eroded,0,0,0,0,0,0,1,0,0,1,1
6145,0.1839139,0,6145,Not eroded,0,0,0,0,0,0,1,1,1,1,1
6146,0.1905757,0,6146,Not eroded,0,0,0,0,0,0,1,1,1,1,1
6147,0.1747561,4,6147,Not eroded,0,0,0,0,0,0,0,0,0,1,1
6148,0.0568723,4,6148,Not eroded,0,0,0,0,0,0,0,0,0,1,1
6149,0.2475203,5,6149,Not eroded,0,1,1,1,1,0,0,0,0,0,1
6150,0.1933147,3,6150,Not eroded,0,1,0,0,0,0,1,0,0,1,1
6151,0.2702296,0,6151,ERODED,1,1,1,1,1,1,1,1,1,1,1
6152,0.08728163,6,6152,Not eroded,0,0,0,0,0,0,0,0,0,0,0
6153,0.3162565,0,6153,ERODED,1,1,1,1,1,1,1,1,1,1,1
6154,0.09459179,4,6154,Not eroded,0,0,0,0,0,0,0,0,0,1,1
6156,0.3000593,0,6156,ERODED,1,1,1,1,1,1,1,1,1,1,1
6157,0.3102915,0,6157,ERODED,1,1,1,1,1,1,1,1,1,1,1
6158,0.208081,5,6158,Not eroded,0,1,0,0,0,0,0,0,0,0,1
6159,0.0563435,3,6159,Not eroded,0,0,0,0,0,0,1,0,0,1,1
6160,0.08088519,5,6160,Not eroded,0,0,0,0,0,0,0,0,0,0,1
6161,0.07025885,6,6161,Not eroded,0,0,0,0,0,0,0,0,0,0,0
6162,0.116306,5,6162,Not eroded,0,0,0,0,0,0,0,0,0,0,1
6163,0.2585222,2,6163,Not eroded,0,1,1,1,1,1,1,0,1,1,1
6164,0.2571724,0,6164,Not eroded,0,1,1,1,1,1,1,1,1,1,1
6165,0.1739662,4,6165,Not eroded,0,0,0,0,0,0,0,0,0,1,1
6166,0.07455509,4,6166,Not eroded,0,0,0,0,0,0,0,0,0,1,1
6167,0.2826639,3,6167,ERODED,1,1,1,1,1,1,1,0,0,1,1
6168,0.2729854,5,6168,Not eroded,0,1,1,1,1,1,0,0,0,0,1
6169,0.2828878,0,6169,Not eroded,0,1,1,1,1,1,1,1,1,1,1
6171,0.05623108,4,6171,Not eroded,0,0,0,0,0,0,0,0,0,1,1
6172,0.278484,6,6172,Not eroded,0,1,1,1,1,1,0,0,0,0,0
6173,0.166867,5,6173,Not eroded,0,0,0,0,0,0,0,0,0,0,1
6174,0.2733498,6,6174,Not eroded,0,1,1,1,1,1,0,0,0,0,0
6175,0.1516215,5,6175,Not eroded,0,0,0,0,0,0,0,0,0,0,1
6176,0.265197,5,6176,Not eroded,0,1,1,1,1,1,0,0,0,0,1
6177,0.1675016,3,6177,Not eroded,0,0,0,0,0,0,1,0,0,1,1
6178,0.1236166,3,6178,Not eroded,0,0,0,0,0,0,1,0,0,1,1
6179,0.2497447,4,6179,Not eroded,0,1,1,1,1,0,0,0,0,1,1
6180,0.2713344,0,6180,Not eroded,0,1,1,1,1,1,1,1,1,1,1
6181,0.2289602,4,6181,Not eroded,0,1,1,0,0,0,0,0,0,1,1
6182,0.093329,3,6182,Not eroded,0,0,0,0,0,0,1,0,0,1,1
6183,0.2578724,0,6183,ERODED,1,1,1,1,1,1,1,1,1,1,1
6184,0.09432475,5,6184,Not eroded,0,0,0,0,0,0,0,0,0,0,1
6185,0.1939764,0,6185,Not eroded,0,1,0,0,0,0,1,1,1,1,1
6186,0.137328,0,6186,Not eroded,0,0,0,0,0,0,1,1,1,1,1
6187,0.2076539,6,6187,Not eroded,0,1,0,0,0,0,0,0,0,0,0
6188,0.2182681,0,6188,Not eroded,0,1,0,0,0,0,1,1,1,1,1
6189,0.09362952,5,6189,Not eroded,0,0,0,0,0,0,0,0,0,0,1
6190,0.0626223,4,6190,Not eroded,0,0,0,0,0,0,0,0,0,1,1
6191,0.165183,5,6191,Not eroded,0,0,0,0,0,0,0,0,0,0,1
6192,0.08936106,6,6192,Not eroded,0,0,0,0,0,0,0,0,0,0,0
6193,0.180487,7,6193,Not eroded,0,0,0,0,0,0,0,0,0,0,0
6194,0.1389464,0,6194,Not eroded,0,0,0,0,0,0,1,1,1,1,1
6195,0.09179136,0,6195,Not eroded,0,0,0,0,0,0,1,1,1,1,1
6196,0.1928459,2,6196,Not eroded,0,1,0,0,0,0,1,0,1,1,1
6197,0.2947211,0,6197,ERODED,1,1,1,1,1,1,1,1,1,1,1
6198,0.05610533,4,6198,Not eroded,0,0,0,0,0,0,0,0,0,1,1
6199,0.1876696,3,6199,Not eroded,0,0,0,0,0,0,1,0,0,1,1
6200,0.1196396,5,6200,Not eroded,0,0,0,0,0,0,0,0,0,0,1
6201,0.2626391,0,6201,Not eroded,0,1,1,1,1,1,1,1,1,1,1
6202,0.05627223,3,6202,Not eroded,0,0,0,0,0,0,1,0,0,1,1
6203,0.1216032,0,6203,Not eroded,0,0,0,0,0,0,1,1,1,1,1
6204,0.1272139,5,6204,Not eroded,0,0,0,0,0,0,0,0,0,0,1
6205,0.2644998,0,6205,Not eroded,0,1,1,1,1,1,1,1,1,1,1
6206,0.1535252,4,6206,Not eroded,0,0,0,0,0,0,0,0,0,1,1
6207,0.1600245,6,6207,Not eroded,0,0,0,0,0,0,0,0,0,0,0
6208,0.1695271,2,6208,Not eroded,0,0,0,0,0,0,1,0,1,1,1
6209,0.1995657,4,6209,Not eroded,0,1,0,0,0,0,0,0,0,1,1
6210,0.05626116,2,6210,Not eroded,0,0,0,0,0,0,1,0,1,1,1
6212,0.1824391,2,6212,Not eroded,0,0,0,0,0,0,1,0,1,1,1
6213,0.1816804,4,6213,Not eroded,0,0,0,0,0,0,0,0,0,1,1
6214,0.1547229,3,6214,Not eroded,0,0,0,0,0,0,1,0,0,1,1
6215,0.05626731,3,6215,Not eroded,0,0,0,0,0,0,1,0,0,1,1
6216,0.2108317,4,6216,Not eroded,0,1,0,0,0,0,0,0,0,1,1
6217,0.1408358,3,6217,Not eroded,0,0,0,0,0,0,1,0,0,1,1
6218,0.08452322,3,6218,Not eroded,0,0,0,0,0,0,1,0,0,1,1
6219,0.09564797,4,6219,Not eroded,0,0,0,0,0,0,0,0,0,1,1
6220,0.175468,4,6220,Not eroded,0,0,0,0,0,0,0,0,0,1,1
6221,0.08674538,0,6221,Not eroded,0,0,0,0,0,0,1,1,1,1,1
6222,0.2313386,3,6222,Not eroded,0,1,1,1,0,0,1,0,0,1,1
6223,0.1961397,4,6223,Not eroded,0,1,0,0,0,0,0,0,0,1,1
6224,0.224167,4,6224,Not eroded,0,1,1,0,0,0,0,0,0,1,1
6226,0.06485323,4,6226,Not eroded,0,0,0,0,0,0,0,0,0,1,1
6227,0.1547333,2,6227,Not eroded,0,0,0,0,0,0,1,0,1,1,1
6228,0.112618,4,6228,Not eroded,0,0,0,0,0,0,0,0,0,1,1
6229,0.1846796,4,6229,Not eroded,0,0,0,0,0,0,0,0,0,1,1
6230,0.0562534,4,6230,Not eroded,0,0,0,0,0,0,0,0,0,1,1
6233,0.3280151,0,6233,ERODED,1,1,1,1,1,1,1,1,1,1,1
6234,0.2540978,0,6234,ERODED,1,1,1,1,1,1,1,1,1,1,1
6235,0.1480094,5,6235,Not eroded,0,0,0,0,0,0,0,0,0,0,1
6236,0.1119391,4,6236,Not eroded,0,0,0,0,0,0,0,0,0,1,1
6237,0.2404856,5,6237,Not eroded,0,1,1,1,1,0,0,0,0,0,1
6238,0.2404182,3,6238,Not eroded,0,1,1,1,1,0,1,0,0,1,1
6239,0.0746044,4,6239,Not eroded,0,0,0,0,0,0,0,0,0,1,1
6240,0.2962216,3,6240,Not eroded,0,1,1,1,1,1,1,0,0,1,1
6241,0.2110117,2,6241,Not eroded,0,1,0,0,0,0,1,0,1,1,1
6242,0.2862916,0,6242,ERODED,1,1,1,1,1,1,1,1,1,1,1
6243,0.2317873,6,6243,Not eroded,0,1,1,1,0,0,0,0,0,0,0
6245,0.1064007,5,6245,Not eroded,0,0,0,0,0,0,0,0,0,0,1
6246,0.1120704,5,6246,Not eroded,0,0,0,0,0,0,0,0,0,0,1
6247,0.1080287,4,6247,Not eroded,0,0,0,0,0,0,0,0,0,1,1
6248,0.2037443,4,6248,Not eroded,0,1,0,0,0,0,0,0,0,1,1
6249,0.3190122,0,6249,ERODED,1,1,1,1,1,1,1,1,1,1,1
6250,0.1217093,4,6250,Not eroded,0,0,0,0,0,0,0,0,0,1,1
6251,0.08192833,5,6251,Not eroded,0,0,0,0,0,0,0,0,0,0,1
6252,0.2547299,3,6252,Not eroded,0,1,1,1,1,1,1,0,0,1,1
6253,0.1122469,5,6253,Not eroded,0,0,0,0,0,0,0,0,0,0,1
6254,0.180267,4,6254,Not eroded,0,0,0,0,0,0,0,0,0,1,1
6255,0.08412089,5,6255,Not eroded,0,0,0,0,0,0,0,0,0,0,1
6256,0.2563382,0,6256,Not eroded,0,1,1,1,1,1,1,1,1,1,1
6257,0.09180862,3,6257,Not eroded,0,0,0,0,0,0,1,0,0,1,1
6258,0.1055825,4,6258,Not eroded,0,0,0,0,0,0,0,0,0,1,1
6259,0.2860249,0,6259,Not eroded,0,1,1,1,1,1,1,1,1,1,1
6260,0.05620595,2,6260,Not eroded,0,0,0,0,0,0,1,0,1,1,1
6261,0.2702015,0,6261,Not eroded,0,1,1,1,1,1,1,1,1,1,1
6262,0.2613672,5,6262,Not eroded,0,1,1,1,1,1,0,0,0,0,1
6263,0.1229077,5,6263,Not eroded,0,0,0,0,0,0,0,0,0,0,1
6264,0.2834267,5,6264,Not eroded,0,1,1,1,1,1,0,0,0,0,1
6265,0.05625699,4,6265,Not eroded,0,0,0,0,0,0,0,0,0,1,1
6266,0.2218762,5,6266,Not eroded,0,1,1,0,0,0,0,0,0,0,1
6267,0.2739438,0,6267,Not eroded,0,1,1,1,1,1,1,1,1,1,1
6268,0.1770739,5,6268,Not eroded,0,0,0,0,0,0,0,0,0,0,1
6269,0.214831,6,6269,Not eroded,0,1,0,0,0,0,0,0,0,0,0
6270,0.1598274,5,6270,Not eroded,0,0,0,0,0,0,0,0,0,0,1
6271,0.1774143,5,6271,Not eroded,0,0,0,0,0,0,0,0,0,0,1
6272,0.2878073,2,6272,Not eroded,0,1,1,1,1,1,1,0,1,1,1
6273,0.08248274,6,6273,Not eroded,0,0,0,0,0,0,0,0,0,0,0
6274,0.05594286,4,6274,Not eroded,0,0,0,0,0,0,0,0,0,1,1
6275,0.2649933,3,6275,Not eroded,0,1,1,1,1,1,1,0,0,1,1
6276,0.2458176,4,6276,Not eroded,0,1,1,1,1,0,0,0,0,1,1
6277,0.1459369,3,6277,Not eroded,0,0,0,0,0,0,1,0,0,1,1
6278,0.1056972,5,6278,Not eroded,0,0,0,0,0,0,0,0,0,0,1
6279,0.06983789,3,6279,Not eroded,0,0,0,0,0,0,1,0,0,1,1
6280,0.2434024,0,6280,Not eroded,0,1,1,1,1,0,1,1,1,1,1
6281,0.09091827,6,6281,Not eroded,0,0,0,0,0,0,0,0,0,0,0
6282,0.1359888,4,6282,Not eroded,0,0,0,0,0,0,0,0,0,1,1
6283,0.1768648,5,6283,Not eroded,0,0,0,0,0,0,0,0,0,0,1
6284,0.1331498,4,6284,Not eroded,0,0,0,0,0,0,0,0,0,1,1
6285,0.2520885,6,6285,Not eroded,0,1,1,1,1,1,0,0,0,0,0
6286,0.3227427,0,6286,ERODED,1,1,1,1,1,1,1,1,1,1,1
6287,0.1322235,4,6287,Not eroded,0,0,0,0,0,0,0,0,0,1,1
6288,0.3268115,0,6288,ERODED,1,1,1,1,1,1,1,1,1,1,1
6289,0.05972965,4,6289,Not eroded,0,0,0,0,0,0,0,0,0,1,1
6291,0.185265,5,6291,Not eroded,0,0,0,0,0,0,0,0,0,0,1
6292,0.2600462,4,6292,Not eroded,0,1,1,1,1,1,0,0,0,1,1
6293,0.2532755,0,6293,Not eroded,0,1,1,1,1,1,1,1,1,1,1
6294,0.08385841,5,6294,Not eroded,0,0,0,0,0,0,0,0,0,0,1
6296,0.2157384,5,6296,Not eroded,0,1,0,0,0,0,0,0,0,0,1
6297,0.1382418,6,6297,Not eroded,0,0,0,0,0,0,0,0,0,0,0
6298,0.2972032,6,6298,Not eroded,0,1,1,1,1,1,0,0,0,0,0
6299,0.1477518,0,6299,Not eroded,0,0,0,0,0,0,1,1,1,1,1
6301,0.08355906,5,6301,Not eroded,0,0,0,0,0,0,0,0,0,0,1
6302,0.277305,3,6302,Not eroded,0,1,1,1,1,1,1,0,0,1,1
6303,0.2888506,0,6303,Not eroded,0,1,1,1,1,1,1,1,1,1,1
6304,0.183717,4,6304,Not eroded,0,0,0,0,0,0,0,0,0,1,1
6305,0.08900087,5,6305,Not eroded,0,0,0,0,0,0,0,0,0,0,1
6306,0.1645626,6,6306,Not eroded,0,0,0,0,0,0,0,0,0,0,0
6307,0.2180119,4,6307,Not eroded,0,1,0,0,0,0,0,0,0,1,1
6308,0.2842096,0,6308,Not eroded,0,1,1,1,1,1,1,1,1,1,1
6309,0.1944221,5,6309,Not eroded,0,1,0,0,0,0,0,0,0,0,1
6310,0.1326719,5,6310,Not eroded,0,0,0,0,0,0,0,0,0,0,1
6311,0.1021703,4,6311,Not eroded,0,0,0,0,0,0,0,0,0,1,1
6312,0.1506563,0,6312,Not eroded,0,0,0,0,0,0,1,1,1,1,1
6313,0.08398394,5,6313,Not eroded,0,0,0,0,0,0,0,0,0,0,1
6314,0.19331,0,6314,Not eroded,0,1,0,0,0,0,1,1,1,1,1
6315,0.05624803,4,6315,Not eroded,0,0,0,0,0,0,0,0,0,1,1
6316,0.2409857,0,6316,Not eroded,0,1,1,1,1,0,1,1,1,1,1
6317,0.1647346,3,6317,Not eroded,0,0,0,0,0,0,1,0,0,1,1
6318,0.2409804,0,6318,ERODED,1,1,1,1,1,0,1,1,1,1,1
6319,0.06259308,5,6319,Not eroded,0,0,0,0,0,0,0,0,0,0,1
6320,0.1493586,0,6320,Not eroded,0,0,0,0,0,0,1,1,1,1,1
6321,0.2246944,4,6321,Not eroded,0,1,1,0,0,0,0,0,0,1,1
6322,0.2303596,5,6322,Not eroded,0,1,1,1,0,0,0,0,0,0,1
6323,0.1741862,5,6323,Not eroded,0,0,0,0,0,0,0,0,0,0,1
6324,0.2225483,0,6324,Not eroded,0,1,1,0,0,0,1,1,1,1,1
6325,0.2630674,4,6325,Not eroded,0,1,1,1,1,1,0,0,0,1,1
6326,0.2631284,0,6326,ERODED,1,1,1,1,1,1,1,1,1,1,1
6327,0.07513119,3,6327,Not eroded,0,0,0,0,0,0,1,0,0,1,1
6328,0.2699229,4,6328,Not eroded,0,1,1,1,1,1,0,0,0,1,1
6329,0.1036523,4,6329,Not eroded,0,0,0,0,0,0,0,0,0,1,1
6331,0.1055436,4,6331,Not eroded,0,0,0,0,0,0,0,0,0,1,1
6332,0.2057732,5,6332,Not eroded,0,1,0,0,0,0,0,0,0,0,1
6334,0.2171436,0,6334,Not eroded,0,1,0,0,0,0,1,1,1,1,1
6335,0.1032867,3,6335,Not eroded,0,0,0,0,0,0,1,0,0,1,1
6337,0.2514614,4,6337,Not eroded,0,1,1,1,1,1,0,0,0,1,1
6338,0.2860943,3,6338,Not eroded,0,1,1,1,1,1,1,0,0,1,1
6339,0.2640222,0,6339,Not eroded,0,1,1,1,1,1,1,1,1,1,1
6340,0.2904016,4,6340,Not eroded,0,1,1,1,1,1,0,0,0,1,1
6341,0.1271142,5,6341,Not eroded,0,0,0,0,0,0,0,0,0,0,1
6342,0.06532567,3,6342,Not eroded,0,0,0,0,0,0,1,0,0,1,1
6343,0.1388223,8,6343,Not eroded,0,0,0,0,0,0,0,0,0,0,0
6344,0.1021619,0,6344,Not eroded,0,0,0,0,0,0,1,1,1,1,1
6345,0.1418894,5,6345,Not eroded,0,0,0,0,0,0,0,0,0,0,1
6346,0.2921484,5,6346,Not eroded,0,1,1,1,1,1,0,0,0,0,1
6348,0.3238405,0,6348,Not eroded,0,1,1,1,1,1,1,1,1,1,1
6349,0.068742,3,6349,Not eroded,0,0,0,0,0,0,1,0,0,1,1
6350,0.3072047,0,6350,ERODED,1,1,1,1,1,1,1,1,1,1,1
6351,0.2024446,3,6351,Not eroded,0,1,0,0,0,0,1,0,0,1,1
6352,0.08257996,5,6352,Not eroded,0,0,0,0,0,0,0,0,0,0,1
6353,0.2886451,2,6353,Not eroded,0,1,1,1,1,1,1,0,1,1,1
6354,0.09880531,4,6354,Not eroded,0,0,0,0,0,0,0,0,0,1,1
6355,0.06523625,0,6355,Not eroded,0,0,0,0,0,0,1,1,1,1,1
6356,0.1657304,3,6356,Not eroded,0,0,0,0,0,0,1,0,0,1,1
6357,0.1096214,4,6357,Not eroded,0,0,0,0,0,0,0,0,0,1,1
6358,0.1888419,4,6358,Not eroded,0,0,0,0,0,0,0,0,0,1,1
6359,0.1401057,2,6359,Not eroded,0,0,0,0,0,0,1,0,1,1,1
6360,0.2727626,4,6360,Not eroded,0,1,1,1,1,1,0,0,0,1,1
6361,0.2338097,0,6361,Not eroded,0,1,1,1,0,0,1,1,1,1,1
6362,0.2571478,2,6362,Not eroded,0,1,1,1,1,1,1,0,1,1,1
6363,0.2804491,0,6363,ERODED,1,1,1,1,1,1,1,1,1,1,1
6364,0.2714075,0,6364,ERODED,1,1,1,1,1,1,1,1,1,1,1
6365,0.0659762,4,6365,Not eroded,0,0,0,0,0,0,0,0,0,1,1
6366,0.2473075,3,6366,Not eroded,0,1,1,1,1,0,1,0,0,1,1
6368,0.1088151,5,6368,Not eroded,0,0,0,0,0,0,0,0,0,0,1
6370,0.05626652,3,6370,Not eroded,0,0,0,0,0,0,1,0,0,1,1
6371,0.3178378,0,6371,ERODED,1,1,1,1,1,1,1,1,1,1,1
6372,0.2857503,0,6372,ERODED,1,1,1,1,1,1,1,1,1,1,1
6375,0.2148926,4,6375,Not eroded,0,1,0,0,0,0,0,0,0,1,1
6376,0.2740865,0,6376,Not eroded,0,1,1,1,1,1,1,1,1,1,1
6379,0.2666093,0,6379,Not eroded,0,1,1,1,1,1,1,1,1,1,1
6380,0.1067015,0,6380,Not eroded,0,0,0,0,0,0,1,1,1,1,1
6381,0.2657341,3,6381,Not eroded,0,1,1,1,1,1,1,0,0,1,1
6382,0.2151781,4,6382,Not eroded,0,1,0,0,0,0,0,0,0,1,1
6383,0.2479668,5,6383,Not eroded,0,1,1,1,1,0,0,0,0,0,1
6384,0.2047319,4,6384,Not eroded,0,1,0,0,0,0,0,0,0,1,1
6385,0.05620573,3,6385,Not eroded,0,0,0,0,0,0,1,0,0,1,1
6386,0.2194531,4,6386,Not eroded,0,1,0,0,0,0,0,0,0,1,1
6387,0.08934565,3,6387,Not eroded,0,0,0,0,0,0,1,0,0,1,1
6389,0.2211373,4,6389,ERODED,1,1,1,0,0,0,0,0,0,1,1
6390,0.2622002,0,6390,Not eroded,0,1,1,1,1,1,1,1,1,1,1
6391,0.2354987,2,6391,Not eroded,0,1,1,1,0,0,1,0,1,1,1
6392,0.131663,4,6392,Not eroded,0,0,0,0,0,0,0,0,0,1,1
6393,0.1541289,5,6393,Not eroded,0,0,0,0,0,0,0,0,0,0,1
6394,0.1610399,4,6394,Not eroded,0,0,0,0,0,0,0,0,0,1,1
6395,0.1315612,5,6395,Not eroded,0,0,0,0,0,0,0,0,0,0,1
6396,0.2602721,3,6396,Not eroded,0,1,1,1,1,1,1,0,0,1,1
6397,0.0561496,2,6397,Not eroded,0,0,0,0,0,0,1,0,1,1,1
6398,0.1758285,5,6398,Not eroded,0,0,0,0,0,0,0,0,0,0,1
6399,0.1290524,5,6399,Not eroded,0,0,0,0,0,0,0,0,0,0,1
6400,0.05626522,5,6400,Not eroded,0,0,0,0,0,0,0,0,0,0,1
6401,0.2625595,0,6401,Not eroded,0,1,1,1,1,1,1,1,1,1,1
6402,0.09014698,4,6402,Not eroded,0,0,0,0,0,0,0,0,0,1,1
6403,0.1287998,5,6403,Not eroded,0,0,0,0,0,0,0,0,0,0,1
6405,0.2888754,0,6405,ERODED,1,1,1,1,1,1,1,1,1,1,1
6406,0.05624775,5,6406,Not eroded,0,0,0,0,0,0,0,0,0,0,1
6407,0.281644,0,6407,Not eroded,0,1,1,1,1,1,1,1,1,1,1
6408,0.3000754,0,6408,ERODED,1,1,1,1,1,1,1,1,1,1,1
6409,0.2308272,4,6409,Not eroded,0,1,1,1,0,0,0,0,0,1,1
6410,0.207279,5,6410,Not eroded,0,1,0,0,0,0,0,0,0,0,1
6411,0.221287,6,6411,Not eroded,0,1,1,0,0,0,0,0,0,0,0
6412,0.2806648,0,6412,Not eroded,0,1,1,1,1,1,1,1,1,1,1
6413,0.230715,5,6413,Not eroded,0,1,1,1,0,0,0,0,0,0,1
6414,0.2232601,4,6414,Not eroded,0,1,1,0,0,0,0,0,0,1,1
6415,0.2432202,3,6415,Not eroded,0,1,1,1,1,0,1,0,0,1,1
6416,0.2234928,0,6416,Not eroded,0,1,1,0,0,0,1,1,1,1,1
6417,0.32201,0,6417,ERODED,1,1,1,1,1,1,1,1,1,1,1
6418,0.201186,3,6418,Not eroded,0,1,0,0,0,0,1,0,0,1,1
6420,0.08790373,5,6420,Not eroded,0,0,0,0,0,0,0,0,0,0,1
6421,0.2171291,5,6421,Not eroded,0,1,0,0,0,0,0,0,0,0,1
6422,0.0656797,5,6422,Not eroded,0,0,0,0,0,0,0,0,0,0,1
6424,0.07359104,6,6424,Not eroded,0,0,0,0,0,0,0,0,0,0,0
6427,0.1796028,5,6427,Not eroded,0,0,0,0,0,0,0,0,0,0,1
6428,0.140237,3,6428,Not eroded,0,0,0,0,0,0,1,0,0,1,1
6430,0.06507272,5,6430,Not eroded,0,0,0,0,0,0,0,0,0,0,1
6431,0.2368024,0,6431,Not eroded,0,1,1,1,0,0,1,1,1,1,1
6432,0.3003007,0,6432,ERODED,1,1,1,1,1,1,1,1,1,1,1
6433,0.1975283,4,6433,Not eroded,0,1,0,0,0,0,0,0,0,1,1
6434,0.257636,3,6434,Not eroded,0,1,1,1,1,1,1,0,0,1,1
6435,0.08313375,3,6435,Not eroded,0,0,0,0,0,0,1,0,0,1,1
6436,0.2685188,3,6436,Not eroded,0,1,1,1,1,1,1,0,0,1,1
6437,0.1664614,4,6437,Not eroded,0,0,0,0,0,0,0,0,0,1,1
6438,0.09548983,4,6438,Not eroded,0,0,0,0,0,0,0,0,0,1,1
6439,0.1351097,5,6439,Not eroded,0,0,0,0,0,0,0,0,0,0,1
6442,0.05622807,3,6442,Not eroded,0,0,0,0,0,0,1,0,0,1,1
6443,0.158382,5,6443,Not eroded,0,0,0,0,0,0,0,0,0,0,1
6444,0.161095,5,6444,Not eroded,0,0,0,0,0,0,0,0,0,0,1
6445,0.1681054,4,6445,Not eroded,0,0,0,0,0,0,0,0,0,1,1
6446,0.2339366,3,6446,ERODED,1,1,1,1,0,0,1,0,0,1,1
6447,0.08080134,6,6447,Not eroded,0,0,0,0,0,0,0,0,0,0,0
6448,0.1209295,4,6448,Not eroded,0,0,0,0,0,0,0,0,0,1,1
6449,0.1186732,5,6449,Not eroded,0,0,0,0,0,0,0,0,0,0,1
6450,0.2708698,3,6450,Not eroded,0,1,1,1,1,1,1,0,0,1,1
6451,0.1853533,6,6451,Not eroded,0,0,0,0,0,0,0,0,0,0,0
6452,0.2334653,6,6452,Not eroded,0,1,1,1,0,0,0,0,0,0,0
6453,0.08170289,0,6453,Not eroded,0,0,0,0,0,0,1,1,1,1,1
6454,0.06117514,4,6454,Not eroded,0,0,0,0,0,0,0,0,0,1,1
6455,0.1583749,3,6455,Not eroded,0,0,0,0,0,0,1,0,0,1,1
6456,0.2089662,3,6456,Not eroded,0,1,0,0,0,0,1,0,0,1,1
6457,0.278902,3,6457,Not eroded,0,1,1,1,1,1,1,0,0,1,1
6458,0.2228215,0,6458,ERODED,1,1,1,0,0,0,1,1,1,1,1
6459,0.1946529,6,6459,Not eroded,0,1,0,0,0,0,0,0,0,0,0
6460,0.1593237,5,6460,Not eroded,0,0,0,0,0,0,0,0,0,0,1
6461,0.2389228,3,6461,Not eroded,0,1,1,1,0,0,1,0,0,1,1
6462,0.1754217,6,6462,Not eroded,0,0,0,0,0,0,0,0,0,0,0
6463,0.2139059,0,6463,Not eroded,0,1,0,0,0,0,1,1,1,1,1
6464,0.188082,6,6464,Not eroded,0,0,0,0,0,0,0,0,0,0,0
6465,0.3042214,0,6465,ERODED,1,1,1,1,1,1,1,1,1,1,1
6466,0.2595672,3,6466,Not eroded,0,1,1,1,1,1,1,0,0,1,1
6467,0.2359161,3,6467,Not eroded,0,1,1,1,0,0,1,0,0,1,1
6468,0.1869738,5,6468,Not eroded,0,0,0,0,0,0,0,0,0,0,1
6469,0.0575305,2,6469,Not eroded,0,0,0,0,0,0,1,0,1,1,1
6470,0.3251272,0,6470,ERODED,1,1,1,1,1,1,1,1,1,1,1
6471,0.09048249,0,6471,Not eroded,0,0,0,0,0,0,1,1,1,1,1
6472,0.1061459,3,6472,Not eroded,0,0,0,0,0,0,1,0,0,1,1
6473,0.2035107,5,6473,Not eroded,0,1,0,0,0,0,0,0,0,0,1
6474,0.1352495,3,6474,Not eroded,0,0,0,0,0,0,1,0,0,1,1
6476,0.151391,5,6476,Not eroded,0,0,0,0,0,0,0,0,0,0,1
6477,0.2334126,4,6477,Not eroded,0,1,1,1,0,0,0,0,0,1,1
6479,0.1592612,4,6479,Not eroded,0,0,0,0,0,0,0,0,0,1,1
6480,0.1900883,0,6480,Not eroded,0,0,0,0,0,0,1,1,1,1,1
6481,0.2196003,0,6481,Not eroded,0,1,0,0,0,0,1,1,1,1,1
6482,0.1017742,0,6482,Not eroded,0,0,0,0,0,0,1,1,1,1,1
6483,0.1339254,5,6483,Not eroded,0,0,0,0,0,0,0,0,0,0,1
6484,0.2407162,5,6484,Not eroded,0,1,1,1,1,0,0,0,0,0,1
6485,0.1852467,3,6485,Not eroded,0,0,0,0,0,0,1,0,0,1,1
6486,0.2729553,0,6486,ERODED,1,1,1,1,1,1,1,1,1,1,1
6487,0.2121725,5,6487,Not eroded,0,1,0,0,0,0,0,0,0,0,1
6488,0.06659696,0,6488,Not eroded,0,0,0,0,0,0,1,1,1,1,1
6489,0.2960489,0,6489,ERODED,1,1,1,1,1,1,1,1,1,1,1
6490,0.06807016,2,6490,Not eroded,0,0,0,0,0,0,1,0,1,1,1
6491,0.2760657,0,6491,ERODED,1,1,1,1,1,1,1,1,1,1,1
6492,0.06666998,4,6492,Not eroded,0,0,0,0,0,0,0,0,0,1,1
6493,0.2200185,5,6493,Not eroded,0,1,1,0,0,0,0,0,0,0,1
6494,0.3275633,0,6494,ERODED,1,1,1,1,1,1,1,1,1,1,1
6495,0.2921232,0,6495,ERODED,1,1,1,1,1,1,1,1,1,1,1
6496,0.08953145,5,6496,Not eroded,0,0,0,0,0,0,0,0,0,0,1
6497,0.1533222,0,6497,Not eroded,0,0,0,0,0,0,1,1,1,1,1
6498,0.1937282,0,6498,Not eroded,0,1,0,0,0,0,1,1,1,1,1
6499,0.2664488,0,6499,Not eroded,0,1,1,1,1,1,1,1,1,1,1
6500,0.0802011,0,6500,Not eroded,0,0,0,0,0,0,1,1,1,1,1
6501,0.219407,5,6501,Not eroded,0,1,0,0,0,0,0,0,0,0,1
6502,0.1560741,4,6502,Not eroded,0,0,0,0,0,0,0,0,0,1,1
6503,0.1832958,4,6503,Not eroded,0,0,0,0,0,0,0,0,0,1,1
6504,0.05623328,2,6504,Not eroded,0,0,0,0,0,0,1,0,1,1,1
6505,0.1031254,5,6505,Not eroded,0,0,0,0,0,0,0,0,0,0,1
6506,0.319821,0,6506,ERODED,1,1,1,1,1,1,1,1,1,1,1
6507,0.1557914,5,6507,Not eroded,0,0,0,0,0,0,0,0,0,0,1
6508,0.1376483,4,6508,Not eroded,0,0,0,0,0,0,0,0,0,1,1
6509,0.2526492,5,6509,Not eroded,0,1,1,1,1,1,0,0,0,0,1
6510,0.3055911,0,6510,ERODED,1,1,1,1,1,1,1,1,1,1,1
6511,0.08530485,0,6511,Not eroded,0,0,0,0,0,0,1,1,1,1,1
6512,0.2524118,5,6512,Not eroded,0,1,1,1,1,1,0,0,0,0,1
6513,0.1840636,5,6513,Not eroded,0,0,0,0,0,0,0,0,0,0,1
6514,0.2942625,3,6514,Not eroded,0,1,1,1,1,1,1,0,0,1,1
6516,0.1771241,5,6516,Not eroded,0,0,0,0,0,0,0,0,0,0,1
6517,0.1217275,4,6517,Not eroded,0,0,0,0,0,0,0,0,0,1,1
6518,0.2563604,0,6518,ERODED,1,1,1,1,1,1,1,1,1,1,1
6519,0.3090598,0,6519,ERODED,1,1,1,1,1,1,1,1,1,1,1
6520,0.08285847,5,6520,Not eroded,0,0,0,0,0,0,0,0,0,0,1
6521,0.06522916,3,6521,Not eroded,0,0,0,0,0,0,1,0,0,1,1
6522,0.3001223,0,6522,ERODED,1,1,1,1,1,1,1,1,1,1,1
6523,0.2026966,5,6523,Not eroded,0,1,0,0,0,0,0,0,0,0,1
6524,0.2202861,3,6524,Not eroded,0,1,1,0,0,0,1,0,0,1,1
6525,0.2881053,0,6525,ERODED,1,1,1,1,1,1,1,1,1,1,1
6526,0.143987,3,6526,Not eroded,0,0,0,0,0,0,1,0,0,1,1
6527,0.2599191,4,6527,Not eroded,0,1,1,1,1,1,0,0,0,1,1
6528,0.1126779,5,6528,Not eroded,0,0,0,0,0,0,0,0,0,0,1
6529,0.2345922,0,6529,ERODED,1,1,1,1,0,0,1,1,1,1,1
6530,0.2659948,0,6530,Not eroded,0,1,1,1,1,1,1,1,1,1,1
6531,0.2282572,3,6531,Not eroded,0,1,1,0,0,0,1,0,0,1,1
6532,0.2808953,2,6532,Not eroded,0,1,1,1,1,1,1,0,1,1,1
6534,0.2088177,4,6534,Not eroded,0,1,0,0,0,0,0,0,0,1,1
6535,0.1603217,6,6535,Not eroded,0,0,0,0,0,0,0,0,0,0,0
6536,0.05629731,3,6536,Not eroded,0,0,0,0,0,0,1,0,0,1,1
6537,0.2116237,0,6537,Not eroded,0,1,0,0,0,0,1,1,1,1,1
6538,0.2907628,0,6538,ERODED,1,1,1,1,1,1,1,1,1,1,1
6539,0.1852104,3,6539,Not eroded,0,0,0,0,0,0,1,0,0,1,1
6540,0.2220702,0,6540,Not eroded,0,1,1,0,0,0,1,1,1,1,1
6541,0.2723728,5,6541,Not eroded,0,1,1,1,1,1,0,0,0,0,1
6542,0.2259758,5,6542,Not eroded,0,1,1,0,0,0,0,0,0,0,1
6543,0.2917755,0,6543,ERODED,1,1,1,1,1,1,1,1,1,1,1
6544,0.1095288,4,6544,Not eroded,0,0,0,0,0,0,0,0,0,1,1
6545,0.05624901,5,6545,Not eroded,0,0,0,0,0,0,0,0,0,0,1
6547,0.1202086,4,6547,Not eroded,0,0,0,0,0,0,0,0,0,1,1
6548,0.2630346,3,6548,Not eroded,0,1,1,1,1,1,1,0,0,1,1
6549,0.2704186,0,6549,Not eroded,0,1,1,1,1,1,1,1,1,1,1
6550,0.233186,0,6550,Not eroded,0,1,1,1,0,0,1,1,1,1,1
6551,0.05625096,4,6551,Not eroded,0,0,0,0,0,0,0,0,0,1,1
6552,0.1581346,6,6552,Not eroded,0,0,0,0,0,0,0,0,0,0,0
6553,0.2858961,0,6553,ERODED,1,1,1,1,1,1,1,1,1,1,1
6554,0.1823213,3,6554,Not eroded,0,0,0,0,0,0,1,0,0,1,1
6555,0.2751594,3,6555,Not eroded,0,1,1,1,1,1,1,0,0,1,1
6557,0.2149376,0,6557,Not eroded,0,1,0,0,0,0,1,1,1,1,1
6558,0.1139345,4,6558,Not eroded,0,0,0,0,0,0,0,0,0,1,1
6559,0.1542044,0,6559,Not eroded,0,0,0,0,0,0,1,1,1,1,1
6560,0.1608073,5,6560,Not eroded,0,0,0,0,0,0,0,0,0,0,1
6561,0.2202639,3,6561,Not eroded,0,1,1,0,0,0,1,0,0,1,1
6562,0.215386,3,6562,Not eroded,0,1,0,0,0,0,1,0,0,1,1
6563,0.259912,4,6563,Not eroded,0,1,1,1,1,1,0,0,0,1,1
6564,0.2777623,0,6564,ERODED,1,1,1,1,1,1,1,1,1,1,1
6565,0.05625118,4,6565,Not eroded,0,0,0,0,0,0,0,0,0,1,1
6566,0.1512059,3,6566,Not eroded,0,0,0,0,0,0,1,0,0,1,1
6567,0.08827036,6,6567,Not eroded,0,0,0,0,0,0,0,0,0,0,0
6568,0.1659244,0,6568,Not eroded,0,0,0,0,0,0,1,1,1,1,1
6569,0.193902,2,6569,Not eroded,0,1,0,0,0,0,1,0,1,1,1
6570,0.2958685,2,6570,Not eroded,0,1,1,1,1,1,1,0,1,1,1
6571,0.2306532,5,6571,Not eroded,0,1,1,1,0,0,0,0,0,0,1
6574,0.05627288,2,6574,Not eroded,0,0,0,0,0,0,1,0,1,1,1
6575,0.2578868,5,6575,Not eroded,0,1,1,1,1,1,0,0,0,0,1
6576,0.05624437,2,6576,Not eroded,0,0,0,0,0,0,1,0,1,1,1
6577,0.2399717,3,6577,Not eroded,0,1,1,1,0,0,1,0,0,1,1
6578,0.08372051,0,6578,Not eroded,0,0,0,0,0,0,1,1,1,1,1
6579,0.1438905,5,6579,Not eroded,0,0,0,0,0,0,0,0,0,0,1
6580,0.3243129,0,6580,ERODED,1,1,1,1,1,1,1,1,1,1,1
6581,0.05626915,4,6581,Not eroded,0,0,0,0,0,0,0,0,0,1,1
6582,0.1944199,3,6582,Not eroded,0,1,0,0,0,0,1,0,0,1,1
6583,0.3124048,0,6583,ERODED,1,1,1,1,1,1,1,1,1,1,1
6584,0.3017656,0,6584,ERODED,1,1,1,1,1,1,1,1,1,1,1
6585,0.09513834,4,6585,Not eroded,0,0,0,0,0,0,0,0,0,1,1
6586,0.08775964,4,6586,Not eroded,0,0,0,0,0,0,0,0,0,1,1
6587,0.2142295,3,6587,Not eroded,0,1,0,0,0,0,1,0,0,1,1
6588,0.1494934,5,6588,Not eroded,0,0,0,0,0,0,0,0,0,0,1
6589,0.1510255,2,6589,Not eroded,0,0,0,0,0,0,1,0,1,1,1
6590,0.2228189,4,6590,Not eroded,0,1,1,0,0,0,0,0,0,1,1
6591,0.3229102,0,6591,ERODED,1,1,1,1,1,1,1,1,1,1,1
6592,0.2476623,4,6592,Not eroded,0,1,1,1,1,0,0,0,0,1,1
6593,0.2014876,0,6593,Not eroded,0,1,0,0,0,0,1,1,1,1,1
6594,0.1829483,5,6594,Not eroded,0,0,0,0,0,0,0,0,0,0,1
6596,0.2567124,5,6596,Not eroded,0,1,1,1,1,1,0,0,0,0,1
6597,0.1668766,4,6597,Not eroded,0,0,0,0,0,0,0,0,0,1,1
6598,0.1804918,0,6598,Not eroded,0,0,0,0,0,0,1,1,1,1,1
6599,0.1783352,0,6599,Not eroded,0,0,0,0,0,0,1,1,1,1,1
6600,0.1363674,5,6600,Not eroded,0,0,0,0,0,0,0,0,0,0,1
6601,0.06208241,5,6601,Not eroded,0,0,0,0,0,0,0,0,0,0,1
6602,0.3247516,0,6602,Not eroded,0,1,1,1,1,1,1,1,1,1,1
6604,0.09546741,5,6604,Not eroded,0,0,0,0,0,0,0,0,0,0,1
6605,0.2657822,0,6605,ERODED,1,1,1,1,1,1,1,1,1,1,1
6606,0.2254029,5,6606,Not eroded,0,1,1,0,0,0,0,0,0,0,1
6607,0.2867734,3,6607,Not eroded,0,1,1,1,1,1,1,0,0,1,1
6608,0.2187809,5,6608,Not eroded,0,1,0,0,0,0,0,0,0,0,1
6609,0.102656,3,6609,Not eroded,0,0,0,0,0,0,1,0,0,1,1
6610,0.1046028,5,6610,Not eroded,0,0,0,0,0,0,0,0,0,0,1
6611,0.1145264,4,6611,Not eroded,0,0,0,0,0,0,0,0,0,1,1
6612,0.3243444,0,6612,ERODED,1,1,1,1,1,1,1,1,1,1,1
6613,0.1902016,4,6613,Not eroded,0,0,0,0,0,0,0,0,0,1,1
6614,0.06259604,6,6614,Not eroded,0,0,0,0,0,0,0,0,0,0,0
6615,0.1741096,3,6615,Not eroded,0,0,0,0,0,0,1,0,0,1,1
6616,0.05624083,4,6616,Not eroded,0,0,0,0,0,0,0,0,0,1,1
6617,0.1337861,0,6617,Not eroded,0,0,0,0,0,0,1,1,1,1,1
6618,0.1364687,4,6618,Not eroded,0,0,0,0,0,0,0,0,0,1,1
6619,0.298551,4,6619,Not eroded,0,1,1,1,1,1,0,0,0,1,1
6620,0.2113712,3,6620,Not eroded,0,1,0,0,0,0,1,0,0,1,1
6621,0.1468747,6,6621,Not eroded,0,0,0,0,0,0,0,0,0,0,0
6622,0.1133188,4,6622,Not eroded,0,0,0,0,0,0,0,0,0,1,1
6623,0.05685681,0,6623,Not eroded,0,0,0,0,0,0,1,1,1,1,1
6624,0.1035189,7,6624,Not eroded,0,0,0,0,0,0,0,0,0,0,0
6625,0.1549075,4,6625,Not eroded,0,0,0,0,0,0,0,0,0,1,1
6626,0.2028784,3,6626,Not eroded,0,1,0,0,0,0,1,0,0,1,1
6627,0.269665,4,6627,Not eroded,0,1,1,1,1,1,0,0,0,1,1
6628,0.06419509,6,6628,Not eroded,0,0,0,0,0,0,0,0,0,0,0
6629,0.2633243,0,6629,Not eroded,0,1,1,1,1,1,1,1,1,1,1
6630,0.3312327,0,6630,ERODED,1,1,1,1,1,1,1,1,1,1,1
6631,0.07372023,5,6631,Not eroded,0,0,0,0,0,0,0,0,0,0,1
6632,0.1001058,0,6632,Not eroded,0,0,0,0,0,0,1,1,1,1,1
6633,0.05671749,0,6633,Not eroded,0,0,0,0,0,0,1,1,1,1,1
6634,0.1106601,5,6634,Not eroded,0,0,0,0,0,0,0,0,0,0,1
6635,0.05623657,4,6635,Not eroded,0,0,0,0,0,0,0,0,0,1,1
6636,0.2217248,4,6636,Not eroded,0,1,1,0,0,0,0,0,0,1,1
6637,0.06525423,4,6637,Not eroded,0,0,0,0,0,0,0,0,0,1,1
6638,0.06665579,4,6638,Not eroded,0,0,0,0,0,0,0,0,0,1,1
6639,0.2937143,0,6639,ERODED,1,1,1,1,1,1,1,1,1,1,1
6640,0.1176713,3,6640,Not eroded,0,0,0,0,0,0,1,0,0,1,1
6641,0.243788,0,6641,Not eroded,0,1,1,1,1,0,1,1,1,1,1
6643,0.1628688,0,6643,Not eroded,0,0,0,0,0,0,1,1,1,1,1
6644,0.3247829,0,6644,ERODED,1,1,1,1,1,1,1,1,1,1,1
6645,0.08302822,6,6645,Not eroded,0,0,0,0,0,0,0,0,0,0,0
6646,0.08965089,6,6646,Not eroded,0,0,0,0,0,0,0,0,0,0,0
6647,0.2498011,0,6647,Not eroded,0,1,1,1,1,0,1,1,1,1,1
6648,0.133175,0,6648,Not eroded,0,0,0,0,0,0,1,1,1,1,1
6649,0.2860101,0,6649,ERODED,1,1,1,1,1,1,1,1,1,1,1
6650,0.2937207,0,6650,ERODED,1,1,1,1,1,1,1,1,1,1,1
6652,0.1936835,0,6652,Not eroded,0,1,0,0,0,0,1,1,1,1,1
6653,0.1095363,5,6653,Not eroded,0,0,0,0,0,0,0,0,0,0,1
6654,0.05725081,3,6654,Not eroded,0,0,0,0,0,0,1,0,0,1,1
6656,0.09139721,0,6656,Not eroded,0,0,0,0,0,0,1,1,1,1,1
6657,0.3349813,0,6657,ERODED,1,1,1,1,1,1,1,1,1,1,1
6659,0.1377664,4,6659,Not eroded,0,0,0,0,0,0,0,0,0,1,1
6661,0.3207093,0,6661,ERODED,1,1,1,1,1,1,1,1,1,1,1
6662,0.09805947,5,6662,Not eroded,0,0,0,0,0,0,0,0,0,0,1
6663,0.1883868,6,6663,Not eroded,0,0,0,0,0,0,0,0,0,0,0
6664,0.08089362,5,6664,Not eroded,0,0,0,0,0,0,0,0,0,0,1
6665,0.1560375,0,6665,Not eroded,0,0,0,0,0,0,1,1,1,1,1
6666,0.09938776,5,6666,Not eroded,0,0,0,0,0,0,0,0,0,0,1
6667,0.2510425,4,6667,Not eroded,0,1,1,1,1,1,0,0,0,1,1
6668,0.2182999,0,6668,Not eroded,0,1,0,0,0,0,1,1,1,1,1
6669,0.07776023,5,6669,Not eroded,0,0,0,0,0,0,0,0,0,0,1
6670,0.1916804,4,6670,Not eroded,0,1,0,0,0,0,0,0,0,1,1
6671,0.2601286,4,6671,Not eroded,0,1,1,1,1,1,0,0,0,1,1
6672,0.229566,3,6672,Not eroded,0,1,1,0,0,0,1,0,0,1,1
6673,0.3250991,0,6673,ERODED,1,1,1,1,1,1,1,1,1,1,1
6674,0.1369769,4,6674,Not eroded,0,0,0,0,0,0,0,0,0,1,1
6675,0.1284136,4,6675,Not eroded,0,0,0,0,0,0,0,0,0,1,1
6676,0.2636355,3,6676,Not eroded,0,1,1,1,1,1,1,0,0,1,1
6677,0.2043853,3,6677,Not eroded,0,1,0,0,0,0,1,0,0,1,1
6679,0.2257565,0,6679,ERODED,1,1,1,0,0,0,1,1,1,1,1
6680,0.2646374,4,6680,Not eroded,0,1,1,1,1,1,0,0,0,1,1
6681,0.1594858,0,6681,Not eroded,0,0,0,0,0,0,1,1,1,1,1
6682,0.107647,3,6682,Not eroded,0,0,0,0,0,0,1,0,0,1,1
6683,0.2305503,3,6683,Not eroded,0,1,1,1,0,0,1,0,0,1,1
6684,0.1963061,4,6684,Not eroded,0,1,0,0,0,0,0,0,0,1,1
6685,0.2944195,0,6685,ERODED,1,1,1,1,1,1,1,1,1,1,1
6686,0.2017389,4,6686,Not eroded,0,1,0,0,0,0,0,0,0,1,1
6687,0.1172475,4,6687,Not eroded,0,0,0,0,0,0,0,0,0,1,1
6688,0.09273078,0,6688,Not eroded,0,0,0,0,0,0,1,1,1,1,1
6689,0.207021,2,6689,Not eroded,0,1,0,0,0,0,1,0,1,1,1
6690,0.2350973,3,6690,Not eroded,0,1,1,1,0,0,1,0,0,1,1
6691,0.05625763,4,6691,Not eroded,0,0,0,0,0,0,0,0,0,1,1
6693,0.2367169,4,6693,Not eroded,0,1,1,1,0,0,0,0,0,1,1
6694,0.1777456,4,6694,Not eroded,0,0,0,0,0,0,0,0,0,1,1
6695,0.1859988,4,6695,Not eroded,0,0,0,0,0,0,0,0,0,1,1
6696,0.2717264,0,6696,Not eroded,0,1,1,1,1,1,1,1,1,1,1
6697,0.06605712,3,6697,Not eroded,0,0,0,0,0,0,1,0,0,1,1
6698,0.1215196,0,6698,Not eroded,0,0,0,0,0,0,1,1,1,1,1
6699,0.173896,0,6699,Not eroded,0,0,0,0,0,0,1,1,1,1,1
6700,0.2992069,4,6700,Not eroded,0,1,1,1,1,1,0,0,0,1,1
6701,0.2729468,0,6701,ERODED,1,1,1,1,1,1,1,1,1,1,1
6702,0.2312835,0,6702,Not eroded,0,1,1,1,0,0,1,1,1,1,1
6703,0.076345,3,6703,Not eroded,0,0,0,0,0,0,1,0,0,1,1
6704,0.09433792,0,6704,Not eroded,0,0,0,0,0,0,1,1,1,1,1
6705,0.1773427,5,6705,Not eroded,0,0,0,0,0,0,0,0,0,0,1
6706,0.290459,4,6706,Not eroded,0,1,1,1,1,1,0,0,0,1,1
6707,0.1646146,4,6707,Not eroded,0,0,0,0,0,0,0,0,0,1,1
6708,0.1118592,4,6708,Not eroded,0,0,0,0,0,0,0,0,0,1,1
6709,0.220978,4,6709,Not eroded,0,1,1,0,0,0,0,0,0,1,1
6711,0.2328484,0,6711,Not eroded,0,1,1,1,0,0,1,1,1,1,1
6712,0.08296335,4,6712,Not eroded,0,0,0,0,0,0,0,0,0,1,1
6713,0.2126239,4,6713,Not eroded,0,1,0,0,0,0,0,0,0,1,1
6714,0.201401,6,6714,Not eroded,0,1,0,0,0,0,0,0,0,0,0
6715,0.1265356,6,6715,Not eroded,0,0,0,0,0,0,0,0,0,0,0
6716,0.2292017,3,6716,Not eroded,0,1,1,0,0,0,1,0,0,1,1
6717,0.1282418,4,6717,Not eroded,0,0,0,0,0,0,0,0,0,1,1
6718,0.08775628,4,6718,Not eroded,0,0,0,0,0,0,0,0,0,1,1
6719,0.09778637,7,6719,Not eroded,0,0,0,0,0,0,0,0,0,0,0
6720,0.05623569,2,6720,Not eroded,0,0,0,0,0,0,1,0,1,1,1
6721,0.084462,4,6721,Not eroded,0,0,0,0,0,0,0,0,0,1,1
6722,0.1883275,4,6722,Not eroded,0,0,0,0,0,0,0,0,0,1,1
6723,0.2207897,3,6723,Not eroded,0,1,1,0,0,0,1,0,0,1,1
6724,0.19548,4,6724,Not eroded,0,1,0,0,0,0,0,0,0,1,1
6725,0.1281285,0,6725,Not eroded,0,0,0,0,0,0,1,1,1,1,1
6726,0.2615389,4,6726,Not eroded,0,1,1,1,1,1,0,0,0,1,1
6727,0.08890691,5,6727,Not eroded,0,0,0,0,0,0,0,0,0,0,1
6728,0.2484879,5,6728,Not eroded,0,1,1,1,1,0,0,0,0,0,1
6729,0.1563326,4,6729,Not eroded,0,0,0,0,0,0,0,0,0,1,1
6730,0.3172301,0,6730,ERODED,1,1,1,1,1,1,1,1,1,1,1
6731,0.2057809,3,6731,Not eroded,0,1,0,0,0,0,1,0,0,1,1
6732,0.1228625,3,6732,Not eroded,0,0,0,0,0,0,1,0,0,1,1
6734,0.3064066,0,6734,ERODED,1,1,1,1,1,1,1,1,1,1,1
6735,0.09809479,4,6735,Not eroded,0,0,0,0,0,0,0,0,0,1,1
6736,0.3247908,0,6736,ERODED,1,1,1,1,1,1,1,1,1,1,1
6737,0.140928,0,6737,Not eroded,0,0,0,0,0,0,1,1,1,1,1
6738,0.1758486,2,6738,Not eroded,0,0,0,0,0,0,1,0,1,1,1
6739,0.1923125,0,6739,Not eroded,0,1,0,0,0,0,1,1,1,1,1
6740,0.07496419,4,6740,Not eroded,0,0,0,0,0,0,0,0,0,1,1
6741,0.1237079,3,6741,Not eroded,0,0,0,0,0,0,1,0,0,1,1
6742,0.1110237,4,6742,Not eroded,0,0,0,0,0,0,0,0,0,1,1
6743,0.1439055,5,6743,Not eroded,0,0,0,0,0,0,0,0,0,0,1
6744,0.2243461,2,6744,Not eroded,0,1,1,0,0,0,1,0,1,1,1
6745,0.08154205,4,6745,Not eroded,0,0,0,0,0,0,0,0,0,1,1
6747,0.2822372,0,6747,Not eroded,0,1,1,1,1,1,1,1,1,1,1
6748,0.2028997,4,6748,Not eroded,0,1,0,0,0,0,0,0,0,1,1
6749,0.2375727,4,6749,Not eroded,0,1,1,1,0,0,0,0,0,1,1
6750,0.1325795,3,6750,Not eroded,0,0,0,0,0,0,1,0,0,1,1
6751,0.1037562,4,6751,Not eroded,0,0,0,0,0,0,0,0,0,1,1
6752,0.1905704,6,6752,Not eroded,0,0,0,0,0,0,0,0,0,0,0
6753,0.2010955,4,6753,Not eroded,0,1,0,0,0,0,0,0,0,1,1
6754,0.2470614,2,6754,Not eroded,0,1,1,1,1,0,1,0,1,1,1
6755,0.3032598,0,6755,ERODED,1,1,1,1,1,1,1,1,1,1,1
6757,0.07443661,4,6757,Not eroded,0,0,0,0,0,0,0,0,0,1,1
6759,0.1528253,3,6759,Not eroded,0,0,0,0,0,0,1,0,0,1,1
6761,0.2368712,5,6761,Not eroded,0,1,1,1,0,0,0,0,0,0,1
6762,0.251417,4,6762,Not eroded,0,1,1,1,1,1,0,0,0,1,1
6763,0.2979239,0,6763,ERODED,1,1,1,1,1,1,1,1,1,1,1
6764,0.08780506,4,6764,Not eroded,0,0,0,0,0,0,0,0,0,1,1
6766,0.09122944,2,6766,Not eroded,0,0,0,0,0,0,1,0,1,1,1
6767,0.2389739,2,6767,Not eroded,0,1,1,1,0,0,1,0,1,1,1
6768,0.3056775,4,6768,Not eroded,0,1,1,1,1,1,0,0,0,1,1
6769,0.3314499,0,6769,ERODED,1,1,1,1,1,1,1,1,1,1,1
6770,0.2521997,0,6770,Not eroded,0,1,1,1,1,1,1,1,1,1,1
6771,0.1817727,4,6771,Not eroded,0,0,0,0,0,0,0,0,0,1,1
6772,0.1422538,3,6772,Not eroded,0,0,0,0,0,0,1,0,0,1,1
6773,0.3264793,0,6773,ERODED,1,1,1,1,1,1,1,1,1,1,1
6774,0.06457456,5,6774,Not eroded,0,0,0,0,0,0,0,0,0,0,1
6775,0.09664007,5,6775,Not eroded,0,0,0,0,0,0,0,0,0,0,1
6776,0.1089054,2,6776,Not eroded,0,0,0,0,0,0,1,0,1,1,1
6778,0.1266928,4,6778,Not eroded,0,0,0,0,0,0,0,0,0,1,1
6779,0.1772988,5,6779,Not eroded,0,0,0,0,0,0,0,0,0,0,1
6780,0.09003575,4,6780,Not eroded,0,0,0,0,0,0,0,0,0,1,1
6781,0.2980352,3,6781,Not eroded,0,1,1,1,1,1,1,0,0,1,1
6782,0.3299939,0,6782,ERODED,1,1,1,1,1,1,1,1,1,1,1
6784,0.05626513,3,6784,Not eroded,0,0,0,0,0,0,1,0,0,1,1
6786,0.1187893,4,6786,Not eroded,0,0,0,0,0,0,0,0,0,1,1
6787,0.2348273,3,6787,Not eroded,0,1,1,1,0,0,1,0,0,1,1
6789,0.262711,3,6789,Not eroded,0,1,1,1,1,1,1,0,0,1,1
6790,0.1113058,4,6790,Not eroded,0,0,0,0,0,0,0,0,0,1,1
6791,0.2392951,2,6791,Not eroded,0,1,1,1,0,0,1,0,1,1,1
6792,0.2544091,0,6792,Not eroded,0,1,1,1,1,1,1,1,1,1,1
6793,0.2289609,4,6793,Not eroded,0,1,1,0,0,0,0,0,0,1,1
6794,0.1542928,0,6794,Not eroded,0,0,0,0,0,0,1,1,1,1,1
6795,0.2501547,4,6795,Not eroded,0,1,1,1,1,1,0,0,0,1,1
6796,0.1472233,0,6796,Not eroded,0,0,0,0,0,0,1,1,1,1,1
6797,0.1949421,4,6797,Not eroded,0,1,0,0,0,0,0,0,0,1,1
6799,0.2657721,4,6799,Not eroded,0,1,1,1,1,1,0,0,0,1,1
6800,0.2912137,4,6800,Not eroded,0,1,1,1,1,1,0,0,0,1,1
6801,0.1672378,6,6801,Not eroded,0,0,0,0,0,0,0,0,0,0,0
6802,0.05686747,3,6802,Not eroded,0,0,0,0,0,0,1,0,0,1,1
6803,0.2466883,0,6803,ERODED,1,1,1,1,1,0,1,1,1,1,1
6804,0.3249783,0,6804,ERODED,1,1,1,1,1,1,1,1,1,1,1
6805,0.287398,0,6805,ERODED,1,1,1,1,1,1,1,1,1,1,1
6806,0.06526992,5,6806,Not eroded,0,0,0,0,0,0,0,0,0,0,1
6807,0.1813407,3,6807,Not eroded,0,0,0,0,0,0,1,0,0,1,1
6808,0.2195607,4,6808,Not eroded,0,1,0,0,0,0,0,0,0,1,1
6809,0.09448536,4,6809,Not eroded,0,0,0,0,0,0,0,0,0,1,1
6810,0.1173903,3,6810,Not eroded,0,0,0,0,0,0,1,0,0,1,1
6811,0.1419112,4,6811,Not eroded,0,0,0,0,0,0,0,0,0,1,1
6812,0.2393792,3,6812,Not eroded,0,1,1,1,0,0,1,0,0,1,1
6813,0.1810717,3,6813,Not eroded,0,0,0,0,0,0,1,0,0,1,1
6814,0.2749245,4,6814,Not eroded,0,1,1,1,1,1,0,0,0,1,1
6816,0.2229079,3,6816,Not eroded,0,1,1,0,0,0,1,0,0,1,1
6817,0.0807536,3,6817,Not eroded,0,0,0,0,0,0,1,0,0,1,1
6818,0.2689382,4,6818,Not eroded,0,1,1,1,1,1,0,0,0,1,1
6819,0.100335,3,6819,Not eroded,0,0,0,0,0,0,1,0,0,1,1
6820,0.1042729,4,6820,Not eroded,0,0,0,0,0,0,0,0,0,1,1
6821,0.223932,0,6821,Not eroded,0,1,1,0,0,0,1,1,1,1,1
6822,0.2050122,4,6822,Not eroded,0,1,0,0,0,0,0,0,0,1,1
6823,0.2876752,3,6823,Not eroded,0,1,1,1,1,1,1,0,0,1,1
6825,0.1701619,4,6825,Not eroded,0,0,0,0,0,0,0,0,0,1,1
6826,0.1963012,3,6826,Not eroded,0,1,0,0,0,0,1,0,0,1,1
6828,0.2282469,3,6828,Not eroded,0,1,1,0,0,0,1,0,0,1,1
6829,0.1536583,4,6829,Not eroded,0,0,0,0,0,0,0,0,0,1,1
6830,0.2144984,0,6830,Not eroded,0,1,0,0,0,0,1,1,1,1,1
6832,0.2306617,2,6832,Not eroded,0,1,1,1,0,0,1,0,1,1,1
6833,0.09841301,3,6833,Not eroded,0,0,0,0,0,0,1,0,0,1,1
6834,0.2466421,3,6834,Not eroded,0,1,1,1,1,0,1,0,0,1,1
6836,0.1745088,0,6836,Not eroded,0,0,0,0,0,0,1,1,1,1,1
6837,0.07224417,4,6837,Not eroded,0,0,0,0,0,0,0,0,0,1,1
6838,0.3112413,0,6838,ERODED,1,1,1,1,1,1,1,1,1,1,1
6839,0.1845217,0,6839,Not eroded,0,0,0,0,0,0,1,1,1,1,1
6840,0.05636818,2,6840,Not eroded,0,0,0,0,0,0,1,0,1,1,1
6841,0.3191167,0,6841,ERODED,1,1,1,1,1,1,1,1,1,1,1
6842,0.2753449,0,6842,Not eroded,0,1,1,1,1,1,1,1,1,1,1
6843,0.05621108,4,6843,Not eroded,0,0,0,0,0,0,0,0,0,1,1
6844,0.3147578,0,6844,ERODED,1,1,1,1,1,1,1,1,1,1,1
6845,0.1662448,4,6845,Not eroded,0,0,0,0,0,0,0,0,0,1,1
6847,0.2215179,0,6847,Not eroded,0,1,1,0,0,0,1,1,1,1,1
6848,0.05627109,5,6848,Not eroded,0,0,0,0,0,0,0,0,0,0,1
6849,0.134562,5,6849,Not eroded,0,0,0,0,0,0,0,0,0,0,1
6850,0.1622255,4,6850,Not eroded,0,0,0,0,0,0,0,0,0,1,1
6851,0.2212083,4,6851,Not eroded,0,1,1,0,0,0,0,0,0,1,1
6852,0.2209978,4,6852,Not eroded,0,1,1,0,0,0,0,0,0,1,1
6853,0.2292283,0,6853,Not eroded,0,1,1,0,0,0,1,1,1,1,1
6854,0.1534317,4,6854,Not eroded,0,0,0,0,0,0,0,0,0,1,1
6855,0.1436011,4,6855,Not eroded,0,0,0,0,0,0,0,0,0,1,1
6856,0.1162963,4,6856,Not eroded,0,0,0,0,0,0,0,0,0,1,1
6857,0.2503089,5,6857,Not eroded,0,1,1,1,1,1,0,0,0,0,1
6858,0.2274061,4,6858,Not eroded,0,1,1,0,0,0,0,0,0,1,1
6859,0.1103374,7,6859,Not eroded,0,0,0,0,0,0,0,0,0,0,0
6860,0.1642852,0,6860,Not eroded,0,0,0,0,0,0,1,1,1,1,1
6861,0.1759877,4,6861,Not eroded,0,0,0,0,0,0,0,0,0,1,1
6863,0.273052,0,6863,Not eroded,0,1,1,1,1,1,1,1,1,1,1
6864,0.247549,4,6864,Not eroded,0,1,1,1,1,0,0,0,0,1,1
6865,0.09355333,4,6865,Not eroded,0,0,0,0,0,0,0,0,0,1,1
6866,0.2970097,3,6866,Not eroded,0,1,1,1,1,1,1,0,0,1,1
6867,0.1815717,3,6867,Not eroded,0,0,0,0,0,0,1,0,0,1,1
6868,0.1461823,0,6868,Not eroded,0,0,0,0,0,0,1,1,1,1,1
6869,0.1705575,3,6869,Not eroded,0,0,0,0,0,0,1,0,0,1,1
6870,0.1997534,5,6870,Not eroded,0,1,0,0,0,0,0,0,0,0,1
6873,0.05956463,6,6873,Not eroded,0,0,0,0,0,0,0,0,0,0,0
6874,0.2073914,5,6874,Not eroded,0,1,0,0,0,0,0,0,0,0,1
6875,0.2951118,0,6875,ERODED,1,1,1,1,1,1,1,1,1,1,1
6876,0.2192267,4,6876,Not eroded,0,1,0,0,0,0,0,0,0,1,1
6878,0.1887065,6,6878,Not eroded,0,0,0,0,0,0,0,0,0,0,0
6879,0.2854902,0,6879,ERODED,1,1,1,1,1,1,1,1,1,1,1
6880,0.1591874,4,6880,Not eroded,0,0,0,0,0,0,0,0,0,1,1
6881,0.05626063,4,6881,Not eroded,0,0,0,0,0,0,0,0,0,1,1
6883,0.1785977,6,6883,Not eroded,0,0,0,0,0,0,0,0,0,0,0
6884,0.2004166,3,6884,Not eroded,0,1,0,0,0,0,1,0,0,1,1
6885,0.05626567,3,6885,Not eroded,0,0,0,0,0,0,1,0,0,1,1
6886,0.2120155,3,6886,Not eroded,0,1,0,0,0,0,1,0,0,1,1
6888,0.05623819,3,6888,Not eroded,0,0,0,0,0,0,1,0,0,1,1
6889,0.126616,5,6889,Not eroded,0,0,0,0,0,0,0,0,0,0,1
6890,0.2371591,3,6890,Not eroded,0,1,1,1,0,0,1,0,0,1,1
6891,0.2156155,0,6891,Not eroded,0,1,0,0,0,0,1,1,1,1,1
6892,0.300777,0,6892,ERODED,1,1,1,1,1,1,1,1,1,1,1
6894,0.233107,5,6894,Not eroded,0,1,1,1,0,0,0,0,0,0,1
6895,0.2930815,3,6895,Not eroded,0,1,1,1,1,1,1,0,0,1,1
6896,0.3042269,0,6896,ERODED,1,1,1,1,1,1,1,1,1,1,1
6897,0.2179945,3,6897,Not eroded,0,1,0,0,0,0,1,0,0,1,1
6898,0.1475138,0,6898,Not eroded,0,0,0,0,0,0,1,1,1,1,1
6899,0.1205537,2,6899,Not eroded,0,0,0,0,0,0,1,0,1,1,1
6900,0.2647915,4,6900,Not eroded,0,1,1,1,1,1,0,0,0,1,1
6901,0.2444588,3,6901,Not eroded,0,1,1,1,1,0,1,0,0,1,1
6902,0.2055064,4,6902,Not eroded,0,1,0,0,0,0,0,0,0,1,1
6903,0.121529,4,6903,Not eroded,0,0,0,0,0,0,0,0,0,1,1
6904,0.2210047,0,6904,Not eroded,0,1,1,0,0,0,1,1,1,1,1
6905,0.1690266,0,6905,Not eroded,0,0,0,0,0,0,1,1,1,1,1
6906,0.2485259,5,6906,Not eroded,0,1,1,1,1,0,0,0,0,0,1
6907,0.1867826,4,6907,Not eroded,0,0,0,0,0,0,0,0,0,1,1
6908,0.2616661,4,6908,Not eroded,0,1,1,1,1,1,0,0,0,1,1
6909,0.09722083,5,6909,Not eroded,0,0,0,0,0,0,0,0,0,0,1
6911,0.08854034,5,6911,Not eroded,0,0,0,0,0,0,0,0,0,0,1
6912,0.1771655,6,6912,Not eroded,0,0,0,0,0,0,0,0,0,0,0
6913,0.2719023,5,6913,Not eroded,0,1,1,1,1,1,0,0,0,0,1
6914,0.1971947,5,6914,Not eroded,0,1,0,0,0,0,0,0,0,0,1
6915,0.2064677,4,6915,Not eroded,0,1,0,0,0,0,0,0,0,1,1
6916,0.06836641,4,6916,Not eroded,0,0,0,0,0,0,0,0,0,1,1
6917,0.2956473,0,6917,Not eroded,0,1,1,1,1,1,1,1,1,1,1
6918,0.3000625,3,6918,Not eroded,0,1,1,1,1,1,1,0,0,1,1
6919,0.1650927,3,6919,Not eroded,0,0,0,0,0,0,1,0,0,1,1
6920,0.0808988,4,6920,Not eroded,0,0,0,0,0,0,0,0,0,1,1
6921,0.1500184,3,6921,Not eroded,0,0,0,0,0,0,1,0,0,1,1
6922,0.1134304,0,6922,Not eroded,0,0,0,0,0,0,1,1,1,1,1
6923,0.1431783,3,6923,Not eroded,0,0,0,0,0,0,1,0,0,1,1
6924,0.3132907,0,6924,ERODED,1,1,1,1,1,1,1,1,1,1,1
6926,0.291413,0,6926,ERODED,1,1,1,1,1,1,1,1,1,1,1
6927,0.1248964,6,6927,Not eroded,0,0,0,0,0,0,0,0,0,0,0
6928,0.1703791,3,6928,Not eroded,0,0,0,0,0,0,1,0,0,1,1
6929,0.09937001,5,6929,Not eroded,0,0,0,0,0,0,0,0,0,0,1
6930,0.2352986,0,6930,Not eroded,0,1,1,1,0,0,1,1,1,1,1
6931,0.2468673,0,6931,Not eroded,0,1,1,1,1,0,1,1,1,1,1
6932,0.2433262,0,6932,Not eroded,0,1,1,1,1,0,1,1,1,1,1
6933,0.0800921,5,6933,Not eroded,0,0,0,0,0,0,0,0,0,0,1
6934,0.08703938,6,6934,Not eroded,0,0,0,0,0,0,0,0,0,0,0
6935,0.2522758,3,6935,Not eroded,0,1,1,1,1,1,1,0,0,1,1
6936,0.2385639,4,6936,Not eroded,0,1,1,1,0,0,0,0,0,1,1
6937,0.1498987,3,6937,Not eroded,0,0,0,0,0,0,1,0,0,1,1
6938,0.3025191,2,6938,Not eroded,0,1,1,1,1,1,1,0,1,1,1
6939,0.2236489,3,6939,Not eroded,0,1,1,0,0,0,1,0,0,1,1
6940,0.05638068,3,6940,Not eroded,0,0,0,0,0,0,1,0,0,1,1
6942,0.2580862,6,6942,Not eroded,0,1,1,1,1,1,0,0,0,0,0
6943,0.09950152,5,6943,Not eroded,0,0,0,0,0,0,0,0,0,0,1
6944,0.1772874,4,6944,Not eroded,0,0,0,0,0,0,0,0,0,1,1
6945,0.2400115,0,6945,Not eroded,0,1,1,1,1,0,1,1,1,1,1
6946,0.2890554,0,6946,Not eroded,0,1,1,1,1,1,1,1,1,1,1
6947,0.2022436,2,6947,Not eroded,0,1,0,0,0,0,1,0,1,1,1
6948,0.06490203,3,6948,Not eroded,0,0,0,0,0,0,1,0,0,1,1
6949,0.1676944,7,6949,Not eroded,0,0,0,0,0,0,0,0,0,0,0
6950,0.2553018,6,6950,Not eroded,0,1,1,1,1,1,0,0,0,0,0
6951,0.3244065,0,6951,ERODED,1,1,1,1,1,1,1,1,1,1,1
6952,0.1878514,3,6952,Not eroded,0,0,0,0,0,0,1,0,0,1,1
6953,0.2142087,0,6953,Not eroded,0,1,0,0,0,0,1,1,1,1,1
6954,0.1903686,0,6954,Not eroded,0,0,0,0,0,0,1,1,1,1,1
6955,0.2957403,0,6955,ERODED,1,1,1,1,1,1,1,1,1,1,1
6957,0.07387777,5,6957,Not eroded,0,0,0,0,0,0,0,0,0,0,1
6958,0.09929256,4,6958,Not eroded,0,0,0,0,0,0,0,0,0,1,1
6959,0.2757707,0,6959,ERODED,1,1,1,1,1,1,1,1,1,1,1
6960,0.2464388,3,6960,Not eroded,0,1,1,1,1,0,1,0,0,1,1
6961,0.1187513,6,6961,Not eroded,0,0,0,0,0,0,0,0,0,0,0
6962,0.2425036,6,6962,Not eroded,0,1,1,1,1,0,0,0,0,0,0
6963,0.1483912,4,6963,Not eroded,0,0,0,0,0,0,0,0,0,1,1
6965,0.3121344,0,6965,ERODED,1,1,1,1,1,1,1,1,1,1,1
6966,0.153136,4,6966,Not eroded,0,0,0,0,0,0,0,0,0,1,1
6967,0.07775939,5,6967,Not eroded,0,0,0,0,0,0,0,0,0,0,1
6968,0.1177846,3,6968,Not eroded,0,0,0,0,0,0,1,0,0,1,1
6969,0.1867182,6,6969,Not eroded,0,0,0,0,0,0,0,0,0,0,0
6970,0.148222,5,6970,Not eroded,0,0,0,0,0,0,0,0,0,0,1
6971,0.1906502,3,6971,Not eroded,0,1,0,0,0,0,1,0,0,1,1
6972,0.1155177,5,6972,Not eroded,0,0,0,0,0,0,0,0,0,0,1
6973,0.1962786,5,6973,Not eroded,0,1,0,0,0,0,0,0,0,0,1
6974,0.3091794,0,6974,ERODED,1,1,1,1,1,1,1,1,1,1,1
6975,0.08052972,2,6975,Not eroded,0,0,0,0,0,0,1,0,1,1,1
6976,0.3043882,0,6976,ERODED,1,1,1,1,1,1,1,1,1,1,1
6977,0.1034853,0,6977,Not eroded,0,0,0,0,0,0,1,1,1,1,1
6978,0.2022219,0,6978,Not eroded,0,1,0,0,0,0,1,1,1,1,1
6979,0.09518361,3,6979,Not eroded,0,0,0,0,0,0,1,0,0,1,1
6980,0.287025,3,6980,Not eroded,0,1,1,1,1,1,1,0,0,1,1
6981,0.1938924,5,6981,Not eroded,0,1,0,0,0,0,0,0,0,0,1
6982,0.1198655,5,6982,Not eroded,0,0,0,0,0,0,0,0,0,0,1
6984,0.1623917,4,6984,Not eroded,0,0,0,0,0,0,0,0,0,1,1
6985,0.1110569,3,6985,Not eroded,0,0,0,0,0,0,1,0,0,1,1
6986,0.0887679,6,6986,Not eroded,0,0,0,0,0,0,0,0,0,0,0
6987,0.1269756,5,6987,Not eroded,0,0,0,0,0,0,0,0,0,0,1
6988,0.08672544,4,6988,Not eroded,0,0,0,0,0,0,0,0,0,1,1
6990,0.2571369,4,6990,Not eroded,0,1,1,1,1,1,0,0,0,1,1
6991,0.1474271,5,6991,Not eroded,0,0,0,0,0,0,0,0,0,0,1
6992,0.1139162,4,6992,Not eroded,0,0,0,0,0,0,0,0,0,1,1
6993,0.1110605,4,6993,Not eroded,0,0,0,0,0,0,0,0,0,1,1
6994,0.1297804,0,6994,Not eroded,0,0,0,0,0,0,1,1,1,1,1
6995,0.240197,5,6995,Not eroded,0,1,1,1,1,0,0,0,0,0,1
6996,0.199442,4,6996,Not eroded,0,1,0,0,0,0,0,0,0,1,1
6997,0.2607922,0,6997,Not eroded,0,1,1,1,1,1,1,1,1,1,1
6998,0.318055,0,6998,ERODED,1,1,1,1,1,1,1,1,1,1,1
6999,0.2038438,6,6999,Not eroded,0,1,0,0,0,0,0,0,0,0,0
7000,0.2713816,0,7000,Not eroded,0,1,1,1,1,1,1,1,1,1,1
7001,0.1853925,0,7001,Not eroded,0,0,0,0,0,0,1,1,1,1,1
7002,0.2928406,6,7002,Not eroded,0,1,1,1,1,1,0,0,0,0,0
7003,0.123269,2,7003,Not eroded,0,0,0,0,0,0,1,0,1,1,1
7004,0.2385137,2,7004,Not eroded,0,1,1,1,0,0,1,0,1,1,1
7005,0.2534568,4,7005,Not eroded,0,1,1,1,1,1,0,0,0,1,1
7006,0.1907852,0,7006,Not eroded,0,1,0,0,0,0,1,1,1,1,1
7007,0.278564,4,7007,Not eroded,0,1,1,1,1,1,0,0,0,1,1
7008,0.09957953,3,7008,Not eroded,0,0,0,0,0,0,1,0,0,1,1
7009,0.08234126,5,7009,Not eroded,0,0,0,0,0,0,0,0,0,0,1
7010,0.1174975,4,7010,Not eroded,0,0,0,0,0,0,0,0,0,1,1
7011,0.1311851,3,7011,Not eroded,0,0,0,0,0,0,1,0,0,1,1
7012,0.2123522,4,7012,Not eroded,0,1,0,0,0,0,0,0,0,1,1
7013,0.1659002,0,7013,Not eroded,0,0,0,0,0,0,1,1,1,1,1
7014,0.06650775,5,7014,Not eroded,0,0,0,0,0,0,0,0,0,0,1
7015,0.1915397,0,7015,Not eroded,0,1,0,0,0,0,1,1,1,1,1
7016,0.1214232,5,7016,Not eroded,0,0,0,0,0,0,0,0,0,0,1
7017,0.05631692,3,7017,Not eroded,0,0,0,0,0,0,1,0,0,1,1
7018,0.1086583,3,7018,Not eroded,0,0,0,0,0,0,1,0,0,1,1
7019,0.1798765,3,7019,Not eroded,0,0,0,0,0,0,1,0,0,1,1
7020,0.1743033,4,7020,Not eroded,0,0,0,0,0,0,0,0,0,1,1
7021,0.2510749,4,7021,Not eroded,0,1,1,1,1,1,0,0,0,1,1
7022,0.1319859,0,7022,Not eroded,0,0,0,0,0,0,1,1,1,1,1
7023,0.291331,3,7023,Not eroded,0,1,1,1,1,1,1,0,0,1,1
7024,0.3091811,0,7024,ERODED,1,1,1,1,1,1,1,1,1,1,1
7025,0.1599237,5,7025,Not eroded,0,0,0,0,0,0,0,0,0,0,1
7026,0.2938546,0,7026,Not eroded,0,1,1,1,1,1,1,1,1,1,1
7027,0.3065838,0,7027,ERODED,1,1,1,1,1,1,1,1,1,1,1
7028,0.1094496,5,7028,Not eroded,0,0,0,0,0,0,0,0,0,0,1
7029,0.2168473,7,7029,Not eroded,0,1,0,0,0,0,0,0,0,0,0
7030,0.1610292,0,7030,Not eroded,0,0,0,0,0,0,1,1,1,1,1
7031,0.2015138,6,7031,Not eroded,0,1,0,0,0,0,0,0,0,0,0
7032,0.05623624,4,7032,Not eroded,0,0,0,0,0,0,0,0,0,1,1
7033,0.0984519,4,7033,Not eroded,0,0,0,0,0,0,0,0,0,1,1
7034,0.2748006,3,7034,Not eroded,0,1,1,1,1,1,1,0,0,1,1
7035,0.2050578,5,7035,Not eroded,0,1,0,0,0,0,0,0,0,0,1
7038,0.08447402,5,7038,Not eroded,0,0,0,0,0,0,0,0,0,0,1
7039,0.09967942,5,7039,Not eroded,0,0,0,0,0,0,0,0,0,0,1
7040,0.3002266,0,7040,ERODED,1,1,1,1,1,1,1,1,1,1,1
7042,0.155997,6,7042,Not eroded,0,0,0,0,0,0,0,0,0,0,0
7043,0.05626703,4,7043,Not eroded,0,0,0,0,0,0,0,0,0,1,1
7044,0.2162561,5,7044,Not eroded,0,1,0,0,0,0,0,0,0,0,1
7045,0.2844483,5,7045,Not eroded,0,1,1,1,1,1,0,0,0,0,1
7046,0.1643988,0,7046,Not eroded,0,0,0,0,0,0,1,1,1,1,1
7047,0.05622866,2,7047,Not eroded,0,0,0,0,0,0,1,0,1,1,1
7048,0.2776159,3,7048,Not eroded,0,1,1,1,1,1,1,0,0,1,1
7049,0.3260307,0,7049,ERODED,1,1,1,1,1,1,1,1,1,1,1
7050,0.07836784,4,7050,Not eroded,0,0,0,0,0,0,0,0,0,1,1
7051,0.06452607,4,7051,Not eroded,0,0,0,0,0,0,0,0,0,1,1
7052,0.2668305,4,7052,Not eroded,0,1,1,1,1,1,0,0,0,1,1
7053,0.2458679,0,7053,Not eroded,0,1,1,1,1,0,1,1,1,1,1
7054,0.1652456,2,7054,Not eroded,0,0,0,0,0,0,1,0,1,1,1
7055,0.242403,5,7055,Not eroded,0,1,1,1,1,0,0,0,0,0,1
7056,0.1017427,0,7056,Not eroded,0,0,0,0,0,0,1,1,1,1,1
7058,0.09237279,4,7058,Not eroded,0,0,0,0,0,0,0,0,0,1,1
7059,0.2372878,0,7059,Not eroded,0,1,1,1,0,0,1,1,1,1,1
7061,0.1704491,4,7061,Not eroded,0,0,0,0,0,0,0,0,0,1,1
7062,0.09230361,3,7062,Not eroded,0,0,0,0,0,0,1,0,0,1,1
7063,0.07123044,5,7063,Not eroded,0,0,0,0,0,0,0,0,0,0,1
7064,0.2850368,0,7064,Not eroded,0,1,1,1,1,1,1,1,1,1,1
7065,0.1831864,0,7065,Not eroded,0,0,0,0,0,0,1,1,1,1,1
7067,0.08973706,0,7067,Not eroded,0,0,0,0,0,0,1,1,1,1,1
7068,0.1172439,4,7068,Not eroded,0,0,0,0,0,0,0,0,0,1,1
7069,0.2325461,4,7069,Not eroded,0,1,1,1,0,0,0,0,0,1,1
7070,0.3186778,0,7070,ERODED,1,1,1,1,1,1,1,1,1,1,1
7071,0.2824223,0,7071,ERODED,1,1,1,1,1,1,1,1,1,1,1
7072,0.2365918,5,7072,ERODED,1,1,1,1,0,0,0,0,0,0,1
7073,0.3154243,0,7073,ERODED,1,1,1,1,1,1,1,1,1,1,1
7074,0.2868611,5,7074,Not eroded,0,1,1,1,1,1,0,0,0,0,1
7075,0.06628343,2,7075,Not eroded,0,0,0,0,0,0,1,0,1,1,1
7076,0.1833695,5,7076,Not eroded,0,0,0,0,0,0,0,0,0,0,1
7077,0.2671002,0,7077,ERODED,1,1,1,1,1,1,1,1,1,1,1
7078,0.1408479,5,7078,Not eroded,0,0,0,0,0,0,0,0,0,0,1
7079,0.05935332,4,7079,Not eroded,0,0,0,0,0,0,0,0,0,1,1
7080,0.3264908,0,7080,ERODED,1,1,1,1,1,1,1,1,1,1,1
7081,0.07321642,5,7081,Not eroded,0,0,0,0,0,0,0,0,0,0,1
7082,0.2747688,0,7082,Not eroded,0,1,1,1,1,1,1,1,1,1,1
7083,0.1329122,0,7083,Not eroded,0,0,0,0,0,0,1,1,1,1,1
7084,0.208393,4,7084,Not eroded,0,1,0,0,0,0,0,0,0,1,1
7085,0.2233291,5,7085,Not eroded,0,1,1,0,0,0,0,0,0,0,1
7086,0.2770965,0,7086,ERODED,1,1,1,1,1,1,1,1,1,1,1
7088,0.2717645,4,7088,Not eroded,0,1,1,1,1,1,0,0,0,1,1
7089,0.09465359,3,7089,Not eroded,0,0,0,0,0,0,1,0,0,1,1
7090,0.05670434,3,7090,Not eroded,0,0,0,0,0,0,1,0,0,1,1
7091,0.1110164,4,7091,Not eroded,0,0,0,0,0,0,0,0,0,1,1
7092,0.06514626,5,7092,Not eroded,0,0,0,0,0,0,0,0,0,0,1
7093,0.146982,5,7093,Not eroded,0,0,0,0,0,0,0,0,0,0,1
7094,0.1245757,5,7094,Not eroded,0,0,0,0,0,0,0,0,0,0,1
7095,0.06519515,4,7095,Not eroded,0,0,0,0,0,0,0,0,0,1,1
7096,0.253375,5,7096,Not eroded,0,1,1,1,1,1,0,0,0,0,1
7097,0.1434443,4,7097,Not eroded,0,0,0,0,0,0,0,0,0,1,1
7098,0.2636439,0,7098,Not eroded,0,1,1,1,1,1,1,1,1,1,1
7099,0.05622874,2,7099,Not eroded,0,0,0,0,0,0,1,0,1,1,1
7100,0.163674,0,7100,Not eroded,0,0,0,0,0,0,1,1,1,1,1
7101,0.1536053,0,7101,Not eroded,0,0,0,0,0,0,1,1,1,1,1
7102,0.1590005,0,7102,Not eroded,0,0,0,0,0,0,1,1,1,1,1
7103,0.141866,4,7103,Not eroded,0,0,0,0,0,0,0,0,0,1,1
7104,0.2134432,4,7104,Not eroded,0,1,0,0,0,0,0,0,0,1,1
7106,0.2844771,0,7106,Not eroded,0,1,1,1,1,1,1,1,1,1,1
7107,0.09905102,5,7107,Not eroded,0,0,0,0,0,0,0,0,0,0,1
7108,0.2416519,0,7108,ERODED,1,1,1,1,1,0,1,1,1,1,1
7109,0.1090106,0,7109,Not eroded,0,0,0,0,0,0,1,1,1,1,1
7110,0.3147064,0,7110,ERODED,1,1,1,1,1,1,1,1,1,1,1
7111,0.2847854,0,7111,Not eroded,0,1,1,1,1,1,1,1,1,1,1
7112,0.2281068,5,7112,Not eroded,0,1,1,0,0,0,0,0,0,0,1
7113,0.274775,3,7113,Not eroded,0,1,1,1,1,1,1,0,0,1,1
7114,0.13401,4,7114,Not eroded,0,0,0,0,0,0,0,0,0,1,1
7115,0.2303593,0,7115,Not eroded,0,1,1,1,0,0,1,1,1,1,1
7116,0.2640592,0,7116,Not eroded,0,1,1,1,1,1,1,1,1,1,1
7118,0.1266443,6,7118,Not eroded,0,0,0,0,0,0,0,0,0,0,0
7121,0.08244793,6,7121,Not eroded,0,0,0,0,0,0,0,0,0,0,0
7122,0.2324163,4,7122,Not eroded,0,1,1,1,0,0,0,0,0,1,1
7123,0.1034199,6,7123,Not eroded,0,0,0,0,0,0,0,0,0,0,0
7124,0.278551,4,7124,Not eroded,0,1,1,1,1,1,0,0,0,1,1
7125,0.2288896,3,7125,Not eroded,0,1,1,0,0,0,1,0,0,1,1
7126,0.2790497,0,7126,ERODED,1,1,1,1,1,1,1,1,1,1,1
7127,0.3015722,0,7127,ERODED,1,1,1,1,1,1,1,1,1,1,1
7128,0.1756262,0,7128,Not eroded,0,0,0,0,0,0,1,1,1,1,1
7129,0.05623458,4,7129,Not eroded,0,0,0,0,0,0,0,0,0,1,1
7131,0.1525186,0,7131,Not eroded,0,0,0,0,0,0,1,1,1,1,1
7132,0.3039726,0,7132,ERODED,1,1,1,1,1,1,1,1,1,1,1
7133,0.1267889,3,7133,Not eroded,0,0,0,0,0,0,1,0,0,1,1
7134,0.1067365,5,7134,Not eroded,0,0,0,0,0,0,0,0,0,0,1
7135,0.06751451,6,7135,Not eroded,0,0,0,0,0,0,0,0,0,0,0
7137,0.241055,5,7137,Not eroded,0,1,1,1,1,0,0,0,0,0,1
7138,0.05625785,4,7138,Not eroded,0,0,0,0,0,0,0,0,0,1,1
7139,0.06550543,3,7139,Not eroded,0,0,0,0,0,0,1,0,0,1,1
7140,0.2200123,4,7140,Not eroded,0,1,1,0,0,0,0,0,0,1,1
7141,0.3021191,0,7141,ERODED,1,1,1,1,1,1,1,1,1,1,1
7142,0.2099203,3,7142,Not eroded,0,1,0,0,0,0,1,0,0,1,1
7143,0.2438295,5,7143,Not eroded,0,1,1,1,1,0,0,0,0,0,1
7145,0.1298067,5,7145,Not eroded,0,0,0,0,0,0,0,0,0,0,1
7146,0.3152135,0,7146,ERODED,1,1,1,1,1,1,1,1,1,1,1
7147,0.1944285,4,7147,Not eroded,0,1,0,0,0,0,0,0,0,1,1
7148,0.06492266,6,7148,Not eroded,0,0,0,0,0,0,0,0,0,0,0
7149,0.2223427,4,7149,Not eroded,0,1,1,0,0,0,0,0,0,1,1
7150,0.06518948,4,7150,Not eroded,0,0,0,0,0,0,0,0,0,1,1
7151,0.3266028,0,7151,ERODED,1,1,1,1,1,1,1,1,1,1,1
7152,0.1268561,4,7152,Not eroded,0,0,0,0,0,0,0,0,0,1,1
7153,0.2573997,4,7153,Not eroded,0,1,1,1,1,1,0,0,0,1,1
7154,0.1086417,0,7154,Not eroded,0,0,0,0,0,0,1,1,1,1,1
7155,0.319978,0,7155,ERODED,1,1,1,1,1,1,1,1,1,1,1
7156,0.2673473,4,7156,Not eroded,0,1,1,1,1,1,0,0,0,1,1
7158,0.2896246,0,7158,ERODED,1,1,1,1,1,1,1,1,1,1,1
7159,0.1384082,0,7159,Not eroded,0,0,0,0,0,0,1,1,1,1,1
7160,0.1308015,3,7160,Not eroded,0,0,0,0,0,0,1,0,0,1,1
7161,0.06599942,4,7161,Not eroded,0,0,0,0,0,0,0,0,0,1,1
7162,0.1290062,4,7162,Not eroded,0,0,0,0,0,0,0,0,0,1,1
7163,0.172881,3,7163,Not eroded,0,0,0,0,0,0,1,0,0,1,1
7164,0.2224747,4,7164,Not eroded,0,1,1,0,0,0,0,0,0,1,1
7165,0.2616503,0,7165,Not eroded,0,1,1,1,1,1,1,1,1,1,1
7166,0.1816038,3,7166,Not eroded,0,0,0,0,0,0,1,0,0,1,1
7167,0.2780173,0,7167,Not eroded,0,1,1,1,1,1,1,1,1,1,1
7168,0.1929994,3,7168,Not eroded,0,1,0,0,0,0,1,0,0,1,1
7169,0.1789343,4,7169,Not eroded,0,0,0,0,0,0,0,0,0,1,1
7170,0.2324051,4,7170,Not eroded,0,1,1,1,0,0,0,0,0,1,1
7171,0.13334,0,7171,Not eroded,0,0,0,0,0,0,1,1,1,1,1
7172,0.1522257,5,7172,Not eroded,0,0,0,0,0,0,0,0,0,0,1
7173,0.05624168,4,7173,Not eroded,0,0,0,0,0,0,0,0,0,1,1
7174,0.2203091,3,7174,Not eroded,0,1,1,0,0,0,1,0,0,1,1
7175,0.2991895,0,7175,ERODED,1,1,1,1,1,1,1,1,1,1,1
7176,0.09506064,3,7176,Not eroded,0,0,0,0,0,0,1,0,0,1,1
7177,0.2677216,5,7177,Not eroded,0,1,1,1,1,1,0,0,0,0,1
7178,0.1336069,3,7178,Not eroded,0,0,0,0,0,0,1,0,0,1,1
7179,0.1861249,3,7179,Not eroded,0,0,0,0,0,0,1,0,0,1,1
7181,0.2869905,5,7181,Not eroded,0,1,1,1,1,1,0,0,0,0,1
7182,0.05636416,0,7182,Not eroded,0,0,0,0,0,0,1,1,1,1,1
7183,0.05624619,4,7183,Not eroded,0,0,0,0,0,0,0,0,0,1,1
7184,0.06025502,4,7184,Not eroded,0,0,0,0,0,0,0,0,0,1,1
7185,0.2905972,3,7185,Not eroded,0,1,1,1,1,1,1,0,0,1,1
7186,0.07366604,4,7186,Not eroded,0,0,0,0,0,0,0,0,0,1,1
7187,0.2664674,5,7187,Not eroded,0,1,1,1,1,1,0,0,0,0,1
7188,0.30885,0,7188,ERODED,1,1,1,1,1,1,1,1,1,1,1
7189,0.188918,5,7189,Not eroded,0,0,0,0,0,0,0,0,0,0,1
7190,0.1164103,5,7190,Not eroded,0,0,0,0,0,0,0,0,0,0,1
7191,0.134814,3,7191,Not eroded,0,0,0,0,0,0,1,0,0,1,1
7192,0.2716311,1,7192,Not eroded,0,1,1,1,1,1,1,1,1,1,1
7193,0.2442299,4,7193,Not eroded,0,1,1,1,1,0,0,0,0,1,1
7196,0.2987529,0,7196,ERODED,1,1,1,1,1,1,1,1,1,1,1
7197,0.1153306,5,7197,Not eroded,0,0,0,0,0,0,0,0,0,0,1
7198,0.05626173,3,7198,Not eroded,0,0,0,0,0,0,1,0,0,1,1
7200,0.2541398,5,7200,Not eroded,0,1,1,1,1,1,0,0,0,0,1
7201,0.1695665,3,7201,Not eroded,0,0,0,0,0,0,1,0,0,1,1
7202,0.130291,4,7202,Not eroded,0,0,0,0,0,0,0,0,0,1,1
7203,0.07661764,4,7203,Not eroded,0,0,0,0,0,0,0,0,0,1,1
7204,0.1295361,6,7204,Not eroded,0,0,0,0,0,0,0,0,0,0,0
7205,0.05626502,3,7205,Not eroded,0,0,0,0,0,0,1,0,0,1,1
7206,0.06269124,4,7206,Not eroded,0,0,0,0,0,0,0,0,0,1,1
7207,0.3204445,0,7207,ERODED,1,1,1,1,1,1,1,1,1,1,1
7208,0.2722914,5,7208,Not eroded,0,1,1,1,1,1,0,0,0,0,1
7210,0.08707088,3,7210,Not eroded,0,0,0,0,0,0,1,0,0,1,1
7211,0.2090608,4,7211,Not eroded,0,1,0,0,0,0,0,0,0,1,1
7212,0.1090273,3,7212,Not eroded,0,0,0,0,0,0,1,0,0,1,1
7213,0.3214543,0,7213,ERODED,1,1,1,1,1,1,1,1,1,1,1
7214,0.1049425,3,7214,Not eroded,0,0,0,0,0,0,1,0,0,1,1
7215,0.06391454,3,7215,Not eroded,0,0,0,0,0,0,1,0,0,1,1
7216,0.1297482,5,7216,Not eroded,0,0,0,0,0,0,0,0,0,0,1
7217,0.2472324,4,7217,Not eroded,0,1,1,1,1,0,0,0,0,1,1
7218,0.2266734,4,7218,Not eroded,0,1,1,0,0,0,0,0,0,1,1
7219,0.3067391,0,7219,ERODED,1,1,1,1,1,1,1,1,1,1,1
7220,0.05929987,3,7220,Not eroded,0,0,0,0,0,0,1,0,0,1,1
7221,0.2482206,0,7221,Not eroded,0,1,1,1,1,0,1,1,1,1,1
7222,0.08744996,3,7222,Not eroded,0,0,0,0,0,0,1,0,0,1,1
7223,0.1499542,4,7223,Not eroded,0,0,0,0,0,0,0,0,0,1,1
7224,0.1333913,4,7224,Not eroded,0,0,0,0,0,0,0,0,0,1,1
7225,0.1076687,4,7225,Not eroded,0,0,0,0,0,0,0,0,0,1,1
7226,0.1042171,6,7226,Not eroded,0,0,0,0,0,0,0,0,0,0,0
7227,0.3087827,0,7227,ERODED,1,1,1,1,1,1,1,1,1,1,1
7228,0.1596248,0,7228,Not eroded,0,0,0,0,0,0,1,1,1,1,1
7230,0.1092883,4,7230,Not eroded,0,0,0,0,0,0,0,0,0,1,1
7231,0.2819364,0,7231,Not eroded,0,1,1,1,1,1,1,1,1,1,1
7232,0.07385405,4,7232,Not eroded,0,0,0,0,0,0,0,0,0,1,1
7233,0.08155691,0,7233,Not eroded,0,0,0,0,0,0,1,1,1,1,1
7234,0.07023607,5,7234,Not eroded,0,0,0,0,0,0,0,0,0,0,1
7235,0.1286695,4,7235,Not eroded,0,0,0,0,0,0,0,0,0,1,1
7236,0.2892326,0,7236,ERODED,1,1,1,1,1,1,1,1,1,1,1
7237,0.2647572,0,7237,Not eroded,0,1,1,1,1,1,1,1,1,1,1
7238,0.2139219,6,7238,Not eroded,0,1,0,0,0,0,0,0,0,0,0
7239,0.09711687,5,7239,Not eroded,0,0,0,0,0,0,0,0,0,0,1
7240,0.07331335,4,7240,Not eroded,0,0,0,0,0,0,0,0,0,1,1
7241,0.05625306,3,7241,Not eroded,0,0,0,0,0,0,1,0,0,1,1
7242,0.2293463,4,7242,Not eroded,0,1,1,0,0,0,0,0,0,1,1
7243,0.305371,0,7243,ERODED,1,1,1,1,1,1,1,1,1,1,1
7244,0.1621951,3,7244,Not eroded,0,0,0,0,0,0,1,0,0,1,1
7245,0.1771452,4,7245,Not eroded,0,0,0,0,0,0,0,0,0,1,1
7246,0.2351268,0,7246,Not eroded,0,1,1,1,0,0,1,1,1,1,1
7247,0.0717712,5,7247,Not eroded,0,0,0,0,0,0,0,0,0,0,1
7248,0.05625493,4,7248,Not eroded,0,0,0,0,0,0,0,0,0,1,1
7249,0.05622308,3,7249,Not eroded,0,0,0,0,0,0,1,0,0,1,1
7250,0.2279339,0,7250,Not eroded,0,1,1,0,0,0,1,1,1,1,1
7251,0.2440131,2,7251,Not eroded,0,1,1,1,1,0,1,0,1,1,1
7252,0.2093607,3,7252,Not eroded,0,1,0,0,0,0,1,0,0,1,1
7253,0.1995355,0,7253,Not eroded,0,1,0,0,0,0,1,1,1,1,1
7254,0.2033551,4,7254,Not eroded,0,1,0,0,0,0,0,0,0,1,1
7255,0.1540909,4,7255,Not eroded,0,0,0,0,0,0,0,0,0,1,1
7257,0.2508804,3,7257,Not eroded,0,1,1,1,1,1,1,0,0,1,1
7258,0.2325231,4,7258,Not eroded,0,1,1,1,0,0,0,0,0,1,1
7259,0.1168901,5,7259,Not eroded,0,0,0,0,0,0,0,0,0,0,1
7260,0.05626794,3,7260,Not eroded,0,0,0,0,0,0,1,0,0,1,1
7261,0.2239271,5,7261,Not eroded,0,1,1,0,0,0,0,0,0,0,1
7262,0.2529513,4,7262,Not eroded,0,1,1,1,1,1,0,0,0,1,1
7264,0.1419978,5,7264,Not eroded,0,0,0,0,0,0,0,0,0,0,1
7265,0.1376902,0,7265,Not eroded,0,0,0,0,0,0,1,1,1,1,1
7266,0.1002143,3,7266,Not eroded,0,0,0,0,0,0,1,0,0,1,1
7268,0.1515307,6,7268,Not eroded,0,0,0,0,0,0,0,0,0,0,0
7269,0.2550667,0,7269,Not eroded,0,1,1,1,1,1,1,1,1,1,1
7270,0.2591365,0,7270,Not eroded,0,1,1,1,1,1,1,1,1,1,1
7272,0.1179487,5,7272,Not eroded,0,0,0,0,0,0,0,0,0,0,1
7273,0.06164326,4,7273,Not eroded,0,0,0,0,0,0,0,0,0,1,1
7274,0.1304476,3,7274,Not eroded,0,0,0,0,0,0,1,0,0,1,1
7275,0.1525987,3,7275,Not eroded,0,0,0,0,0,0,1,0,0,1,1
7276,0.06336207,5,7276,Not eroded,0,0,0,0,0,0,0,0,0,0,1
7277,0.2822442,0,7277,ERODED,1,1,1,1,1,1,1,1,1,1,1
7278,0.1366219,0,7278,Not eroded,0,0,0,0,0,0,1,1,1,1,1
7279,0.2720969,1,7279,ERODED,1,1,1,1,1,1,1,1,1,1,1
7280,0.1759182,5,7280,Not eroded,0,0,0,0,0,0,0,0,0,0,1
7281,0.05639962,0,7281,Not eroded,0,0,0,0,0,0,1,1,1,1,1
7282,0.1491828,4,7282,Not eroded,0,0,0,0,0,0,0,0,0,1,1
7283,0.229962,6,7283,Not eroded,0,1,1,0,0,0,0,0,0,0,0
7284,0.2667458,0,7284,ERODED,1,1,1,1,1,1,1,1,1,1,1
7285,0.1502298,6,7285,Not eroded,0,0,0,0,0,0,0,0,0,0,0
7286,0.1007468,0,7286,Not eroded,0,0,0,0,0,0,1,1,1,1,1
7287,0.1439511,4,7287,Not eroded,0,0,0,0,0,0,0,0,0,1,1
7288,0.1215345,3,7288,Not eroded,0,0,0,0,0,0,1,0,0,1,1
7289,0.1777069,4,7289,Not eroded,0,0,0,0,0,0,0,0,0,1,1
7290,0.3012344,0,7290,ERODED,1,1,1,1,1,1,1,1,1,1,1
7291,0.06403694,5,7291,Not eroded,0,0,0,0,0,0,0,0,0,0,1
7292,0.2100666,3,7292,Not eroded,0,1,0,0,0,0,1,0,0,1,1
7293,0.1985354,3,7293,Not eroded,0,1,0,0,0,0,1,0,0,1,1
7294,0.2950057,7,7294,Not eroded,0,1,1,1,1,1,0,0,0,0,0
7295,0.08980015,4,7295,Not eroded,0,0,0,0,0,0,0,0,0,1,1
7296,0.07930596,3,7296,Not eroded,0,0,0,0,0,0,1,0,0,1,1
7297,0.1068276,3,7297,Not eroded,0,0,0,0,0,0,1,0,0,1,1
7298,0.2150044,5,7298,Not eroded,0,1,0,0,0,0,0,0,0,0,1
7299,0.1850558,3,7299,Not eroded,0,0,0,0,0,0,1,0,0,1,1
7300,0.1614503,4,7300,Not eroded,0,0,0,0,0,0,0,0,0,1,1
7301,0.1310168,0,7301,Not eroded,0,0,0,0,0,0,1,1,1,1,1
7302,0.103968,6,7302,Not eroded,0,0,0,0,0,0,0,0,0,0,0
7303,0.06374308,5,7303,Not eroded,0,0,0,0,0,0,0,0,0,0,1
7304,0.2155616,0,7304,Not eroded,0,1,0,0,0,0,1,1,1,1,1
7305,0.228288,3,7305,Not eroded,0,1,1,0,0,0,1,0,0,1,1
7306,0.308122,0,7306,ERODED,1,1,1,1,1,1,1,1,1,1,1
7307,0.2299556,5,7307,Not eroded,0,1,1,0,0,0,0,0,0,0,1
7308,0.1592782,6,7308,Not eroded,0,0,0,0,0,0,0,0,0,0,0
7309,0.1831169,4,7309,Not eroded,0,0,0,0,0,0,0,0,0,1,1
7310,0.06390617,5,7310,Not eroded,0,0,0,0,0,0,0,0,0,0,1
7311,0.1436746,5,7311,Not eroded,0,0,0,0,0,0,0,0,0,0,1
7312,0.1543201,0,7312,Not eroded,0,0,0,0,0,0,1,1,1,1,1
7313,0.05623304,4,7313,Not eroded,0,0,0,0,0,0,0,0,0,1,1
7314,0.2000735,4,7314,Not eroded,0,1,0,0,0,0,0,0,0,1,1
7315,0.304393,0,7315,ERODED,1,1,1,1,1,1,1,1,1,1,1
7317,0.1776721,3,7317,Not eroded,0,0,0,0,0,0,1,0,0,1,1
7318,0.3206013,0,7318,ERODED,1,1,1,1,1,1,1,1,1,1,1
7319,0.05623635,3,7319,Not eroded,0,0,0,0,0,0,1,0,0,1,1
7320,0.2836952,3,7320,Not eroded,0,1,1,1,1,1,1,0,0,1,1
7321,0.09351629,2,7321,Not eroded,0,0,0,0,0,0,1,0,1,1,1
7322,0.3140653,0,7322,ERODED,1,1,1,1,1,1,1,1,1,1,1
7323,0.1875372,3,7323,Not eroded,0,0,0,0,0,0,1,0,0,1,1
7324,0.1890346,4,7324,Not eroded,0,0,0,0,0,0,0,0,0,1,1
7325,0.2741325,3,7325,Not eroded,0,1,1,1,1,1,1,0,0,1,1
7326,0.1138395,3,7326,Not eroded,0,0,0,0,0,0,1,0,0,1,1
7327,0.2894379,4,7327,Not eroded,0,1,1,1,1,1,0,0,0,1,1
7328,0.08872468,0,7328,Not eroded,0,0,0,0,0,0,1,1,1,1,1
7329,0.1623862,4,7329,Not eroded,0,0,0,0,0,0,0,0,0,1,1
7330,0.2124816,4,7330,Not eroded,0,1,0,0,0,0,0,0,0,1,1
7331,0.2892939,3,7331,Not eroded,0,1,1,1,1,1,1,0,0,1,1
7332,0.1014034,5,7332,Not eroded,0,0,0,0,0,0,0,0,0,0,1
7333,0.135449,5,7333,Not eroded,0,0,0,0,0,0,0,0,0,0,1
7334,0.142156,3,7334,Not eroded,0,0,0,0,0,0,1,0,0,1,1
7335,0.2502038,4,7335,Not eroded,0,1,1,1,1,1,0,0,0,1,1
7336,0.1167642,6,7336,Not eroded,0,0,0,0,0,0,0,0,0,0,0
7337,0.2566744,0,7337,ERODED,1,1,1,1,1,1,1,1,1,1,1
7338,0.1303774,5,7338,Not eroded,0,0,0,0,0,0,0,0,0,0,1
7339,0.1106057,3,7339,Not eroded,0,0,0,0,0,0,1,0,0,1,1
7340,0.1555495,0,7340,Not eroded,0,0,0,0,0,0,1,1,1,1,1
7342,0.06879525,4,7342,Not eroded,0,0,0,0,0,0,0,0,0,1,1
7343,0.1315399,6,7343,Not eroded,0,0,0,0,0,0,0,0,0,0,0
7344,0.05626276,4,7344,Not eroded,0,0,0,0,0,0,0,0,0,1,1
7345,0.1224536,2,7345,Not eroded,0,0,0,0,0,0,1,0,1,1,1
7346,0.2025765,3,7346,Not eroded,0,1,0,0,0,0,1,0,0,1,1
7347,0.2423532,3,7347,Not eroded,0,1,1,1,1,0,1,0,0,1,1
7348,0.27791,0,7348,Not eroded,0,1,1,1,1,1,1,1,1,1,1
7349,0.107209,4,7349,Not eroded,0,0,0,0,0,0,0,0,0,1,1
7350,0.2756147,4,7350,Not eroded,0,1,1,1,1,1,0,0,0,1,1
7351,0.074385,4,7351,Not eroded,0,0,0,0,0,0,0,0,0,1,1
7352,0.2506555,4,7352,ERODED,1,1,1,1,1,1,0,0,0,1,1
7354,0.2568978,4,7354,Not eroded,0,1,1,1,1,1,0,0,0,1,1
7355,0.1477983,4,7355,Not eroded,0,0,0,0,0,0,0,0,0,1,1
7357,0.05622738,4,7357,Not eroded,0,0,0,0,0,0,0,0,0,1,1
7358,0.1528125,0,7358,Not eroded,0,0,0,0,0,0,1,1,1,1,1
7359,0.2350996,4,7359,Not eroded,0,1,1,1,0,0,0,0,0,1,1
7360,0.1794118,4,7360,Not eroded,0,0,0,0,0,0,0,0,0,1,1
7361,0.1233067,4,7361,Not eroded,0,0,0,0,0,0,0,0,0,1,1
7362,0.2503539,5,7362,Not eroded,0,1,1,1,1,1,0,0,0,0,1
7363,0.213043,5,7363,Not eroded,0,1,0,0,0,0,0,0,0,0,1
7364,0.2662392,5,7364,Not eroded,0,1,1,1,1,1,0,0,0,0,1
7365,0.144573,4,7365,Not eroded,0,0,0,0,0,0,0,0,0,1,1
7366,0.1680162,5,7366,Not eroded,0,0,0,0,0,0,0,0,0,0,1
7367,0.08018299,4,7367,Not eroded,0,0,0,0,0,0,0,0,0,1,1
7368,0.09552602,0,7368,Not eroded,0,0,0,0,0,0,1,1,1,1,1
7369,0.05624363,4,7369,Not eroded,0,0,0,0,0,0,0,0,0,1,1
7370,0.09133953,6,7370,Not eroded,0,0,0,0,0,0,0,0,0,0,0
7371,0.2811887,3,7371,Not eroded,0,1,1,1,1,1,1,0,0,1,1
7372,0.296338,2,7372,Not eroded,0,1,1,1,1,1,1,0,1,1,1
7373,0.11215,4,7373,Not eroded,0,0,0,0,0,0,0,0,0,1,1
7374,0.2150611,2,7374,Not eroded,0,1,0,0,0,0,1,0,1,1,1
7375,0.1957219,3,7375,Not eroded,0,1,0,0,0,0,1,0,0,1,1
7376,0.05627048,2,7376,Not eroded,0,0,0,0,0,0,1,0,1,1,1
7377,0.2166179,3,7377,Not eroded,0,1,0,0,0,0,1,0,0,1,1
7379,0.1063124,6,7379,Not eroded,0,0,0,0,0,0,0,0,0,0,0
7380,0.2423692,5,7380,Not eroded,0,1,1,1,1,0,0,0,0,0,1
7381,0.2913852,3,7381,Not eroded,0,1,1,1,1,1,1,0,0,1,1
7382,0.2937934,0,7382,ERODED,1,1,1,1,1,1,1,1,1,1,1
7383,0.2306768,0,7383,Not eroded,0,1,1,1,0,0,1,1,1,1,1
7384,0.05628561,0,7384,Not eroded,0,0,0,0,0,0,1,1,1,1,1
7385,0.1168795,4,7385,Not eroded,0,0,0,0,0,0,0,0,0,1,1
7386,0.2280573,4,7386,Not eroded,0,1,1,0,0,0,0,0,0,1,1
7387,0.23288,0,7387,Not eroded,0,1,1,1,0,0,1,1,1,1,1
7388,0.249337,4,7388,Not eroded,0,1,1,1,1,0,0,0,0,1,1
7389,0.1955937,6,7389,Not eroded,0,1,0,0,0,0,0,0,0,0,0
7390,0.2880337,2,7390,Not eroded,0,1,1,1,1,1,1,0,1,1,1
7391,0.0799399,0,7391,Not eroded,0,0,0,0,0,0,1,1,1,1,1
7392,0.1575245,5,7392,Not eroded,0,0,0,0,0,0,0,0,0,0,1
7394,0.07043894,6,7394,Not eroded,0,0,0,0,0,0,0,0,0,0,0
7395,0.1326264,5,7395,Not eroded,0,0,0,0,0,0,0,0,0,0,1
7396,0.1645334,3,7396,Not eroded,0,0,0,0,0,0,1,0,0,1,1
7397,0.1076123,6,7397,Not eroded,0,0,0,0,0,0,0,0,0,0,0
7398,0.2177913,0,7398,Not eroded,0,1,0,0,0,0,1,1,1,1,1
7399,0.09170412,0,7399,Not eroded,0,0,0,0,0,0,1,1,1,1,1
7401,0.1572762,2,7401,Not eroded,0,0,0,0,0,0,1,0,1,1,1
7402,0.0741051,7,7402,Not eroded,0,0,0,0,0,0,0,0,0,0,0
7403,0.1144833,0,7403,Not eroded,0,0,0,0,0,0,1,1,1,1,1
7404,0.173191,3,7404,Not eroded,0,0,0,0,0,0,1,0,0,1,1
7405,0.1698267,3,7405,Not eroded,0,0,0,0,0,0,1,0,0,1,1
7406,0.3246634,0,7406,ERODED,1,1,1,1,1,1,1,1,1,1,1
7408,0.2316788,3,7408,Not eroded,0,1,1,1,0,0,1,0,0,1,1
7409,0.2252892,3,7409,Not eroded,0,1,1,0,0,0,1,0,0,1,1
7410,0.1798731,5,7410,Not eroded,0,0,0,0,0,0,0,0,0,0,1
7411,0.2426549,3,7411,Not eroded,0,1,1,1,1,0,1,0,0,1,1
7413,0.1942458,6,7413,Not eroded,0,1,0,0,0,0,0,0,0,0,0
7414,0.2943551,0,7414,ERODED,1,1,1,1,1,1,1,1,1,1,1
7415,0.3109315,0,7415,ERODED,1,1,1,1,1,1,1,1,1,1,1
7416,0.2502454,5,7416,Not eroded,0,1,1,1,1,1,0,0,0,0,1
7417,0.08431096,3,7417,Not eroded,0,0,0,0,0,0,1,0,0,1,1
7418,0.2738883,0,7418,ERODED,1,1,1,1,1,1,1,1,1,1,1
7419,0.1088748,4,7419,Not eroded,0,0,0,0,0,0,0,0,0,1,1
7420,0.2528839,0,7420,Not eroded,0,1,1,1,1,1,1,1,1,1,1
7421,0.09515376,3,7421,Not eroded,0,0,0,0,0,0,1,0,0,1,1
7422,0.1699332,0,7422,Not eroded,0,0,0,0,0,0,1,1,1,1,1
7423,0.05627185,2,7423,Not eroded,0,0,0,0,0,0,1,0,1,1,1
7424,0.237988,4,7424,Not eroded,0,1,1,1,0,0,0,0,0,1,1
7425,0.2899401,0,7425,Not eroded,0,1,1,1,1,1,1,1,1,1,1
7426,0.2526179,0,7426,Not eroded,0,1,1,1,1,1,1,1,1,1,1
7427,0.1296638,3,7427,Not eroded,0,0,0,0,0,0,1,0,0,1,1
7428,0.2386963,0,7428,Not eroded,0,1,1,1,0,0,1,1,1,1,1
7430,0.1329784,5,7430,Not eroded,0,0,0,0,0,0,0,0,0,0,1
7431,0.2489192,4,7431,Not eroded,0,1,1,1,1,0,0,0,0,1,1
7432,0.3130012,0,7432,ERODED,1,1,1,1,1,1,1,1,1,1,1
7433,0.06887726,5,7433,Not eroded,0,0,0,0,0,0,0,0,0,0,1
7434,0.1580507,4,7434,Not eroded,0,0,0,0,0,0,0,0,0,1,1
7435,0.108701,4,7435,Not eroded,0,0,0,0,0,0,0,0,0,1,1
7436,0.2687649,5,7436,Not eroded,0,1,1,1,1,1,0,0,0,0,1
7437,0.1129067,0,7437,Not eroded,0,0,0,0,0,0,1,1,1,1,1
7438,0.2119136,3,7438,Not eroded,0,1,0,0,0,0,1,0,0,1,1
7439,0.2180464,0,7439,Not eroded,0,1,0,0,0,0,1,1,1,1,1
7440,0.1697869,3,7440,Not eroded,0,0,0,0,0,0,1,0,0,1,1
7441,0.2047721,3,7441,Not eroded,0,1,0,0,0,0,1,0,0,1,1
7442,0.1387043,4,7442,Not eroded,0,0,0,0,0,0,0,0,0,1,1
7443,0.2755055,0,7443,Not eroded,0,1,1,1,1,1,1,1,1,1,1
7444,0.1300386,3,7444,Not eroded,0,0,0,0,0,0,1,0,0,1,1
7445,0.1784314,4,7445,Not eroded,0,0,0,0,0,0,0,0,0,1,1
7447,0.296683,0,7447,ERODED,1,1,1,1,1,1,1,1,1,1,1
7448,0.06214663,3,7448,Not eroded,0,0,0,0,0,0,1,0,0,1,1
7449,0.3243422,0,7449,Not eroded,0,1,1,1,1,1,1,1,1,1,1
7450,0.1316786,3,7450,Not eroded,0,0,0,0,0,0,1,0,0,1,1
7451,0.1575102,2,7451,Not eroded,0,0,0,0,0,0,1,0,1,1,1
7452,0.2929173,4,7452,Not eroded,0,1,1,1,1,1,0,0,0,1,1
7453,0.1350753,3,7453,Not eroded,0,0,0,0,0,0,1,0,0,1,1
7454,0.192176,3,7454,Not eroded,0,1,0,0,0,0,1,0,0,1,1
7455,0.2609444,0,7455,ERODED,1,1,1,1,1,1,1,1,1,1,1
7456,0.246393,4,7456,Not eroded,0,1,1,1,1,0,0,0,0,1,1
7457,0.1333921,2,7457,Not eroded,0,0,0,0,0,0,1,0,1,1,1
7458,0.1752952,4,7458,Not eroded,0,0,0,0,0,0,0,0,0,1,1
7459,0.3265092,0,7459,ERODED,1,1,1,1,1,1,1,1,1,1,1
7460,0.1578249,6,7460,Not eroded,0,0,0,0,0,0,0,0,0,0,0
7461,0.2304099,2,7461,Not eroded,0,1,1,1,0,0,1,0,1,1,1
7462,0.3092784,0,7462,ERODED,1,1,1,1,1,1,1,1,1,1,1
7463,0.2147649,3,7463,Not eroded,0,1,0,0,0,0,1,0,0,1,1
7464,0.2044495,2,7464,Not eroded,0,1,0,0,0,0,1,0,1,1,1
7465,0.2530695,5,7465,Not eroded,0,1,1,1,1,1,0,0,0,0,1
7466,0.1888113,5,7466,Not eroded,0,0,0,0,0,0,0,0,0,0,1
7467,0.2730345,0,7467,Not eroded,0,1,1,1,1,1,1,1,1,1,1
7468,0.2968507,0,7468,ERODED,1,1,1,1,1,1,1,1,1,1,1
7469,0.2606853,0,7469,Not eroded,0,1,1,1,1,1,1,1,1,1,1
7470,0.191243,3,7470,Not eroded,0,1,0,0,0,0,1,0,0,1,1
7471,0.08704521,4,7471,Not eroded,0,0,0,0,0,0,0,0,0,1,1
7472,0.3176079,0,7472,ERODED,1,1,1,1,1,1,1,1,1,1,1
7473,0.2969412,0,7473,ERODED,1,1,1,1,1,1,1,1,1,1,1
7474,0.3259061,0,7474,Not eroded,0,1,1,1,1,1,1,1,1,1,1
7476,0.2504591,4,7476,Not eroded,0,1,1,1,1,1,0,0,0,1,1
7477,0.2296327,2,7477,Not eroded,0,1,1,0,0,0,1,0,1,1,1
7479,0.1182159,3,7479,Not eroded,0,0,0,0,0,0,1,0,0,1,1
7480,0.2789049,0,7480,Not eroded,0,1,1,1,1,1,1,1,1,1,1
7481,0.1536467,6,7481,Not eroded,0,0,0,0,0,0,0,0,0,0,0
7482,0.06434703,6,7482,Not eroded,0,0,0,0,0,0,0,0,0,0,0
7483,0.1795398,5,7483,Not eroded,0,0,0,0,0,0,0,0,0,0,1
7484,0.319038,0,7484,ERODED,1,1,1,1,1,1,1,1,1,1,1
7485,0.3246149,0,7485,ERODED,1,1,1,1,1,1,1,1,1,1,1
7487,0.07333249,4,7487,Not eroded,0,0,0,0,0,0,0,0,0,1,1
7488,0.2103381,3,7488,Not eroded,0,1,0,0,0,0,1,0,0,1,1
7489,0.1959242,0,7489,Not eroded,0,1,0,0,0,0,1,1,1,1,1
7490,0.07687964,2,7490,Not eroded,0,0,0,0,0,0,1,0,1,1,1
7492,0.1248066,3,7492,Not eroded,0,0,0,0,0,0,1,0,0,1,1
7493,0.1101822,4,7493,Not eroded,0,0,0,0,0,0,0,0,0,1,1
7494,0.1240777,4,7494,Not eroded,0,0,0,0,0,0,0,0,0,1,1
7495,0.2500805,6,7495,Not eroded,0,1,1,1,1,1,0,0,0,0,0
7496,0.05622933,3,7496,Not eroded,0,0,0,0,0,0,1,0,0,1,1
7497,0.1423443,0,7497,Not eroded,0,0,0,0,0,0,1,1,1,1,1
7498,0.2270849,4,7498,Not eroded,0,1,1,0,0,0,0,0,0,1,1
7499,0.1996889,5,7499,Not eroded,0,1,0,0,0,0,0,0,0,0,1
7500,0.2739717,2,7500,Not eroded,0,1,1,1,1,1,1,0,1,1,1
7501,0.1331848,4,7501,Not eroded,0,0,0,0,0,0,0,0,0,1,1
7504,0.06555063,0,7504,Not eroded,0,0,0,0,0,0,1,1,1,1,1
7505,0.1064876,4,7505,Not eroded,0,0,0,0,0,0,0,0,0,1,1
7506,0.2839079,3,7506,Not eroded,0,1,1,1,1,1,1,0,0,1,1
7507,0.2416789,4,7507,Not eroded,0,1,1,1,1,0,0,0,0,1,1
7510,0.05625258,4,7510,Not eroded,0,0,0,0,0,0,0,0,0,1,1
7511,0.2803903,0,7511,ERODED,1,1,1,1,1,1,1,1,1,1,1
7512,0.2184565,0,7512,Not eroded,0,1,0,0,0,0,1,1,1,1,1
7513,0.31686,0,7513,ERODED,1,1,1,1,1,1,1,1,1,1,1
7514,0.2541004,5,7514,Not eroded,0,1,1,1,1,1,0,0,0,0,1
7515,0.2133687,4,7515,Not eroded,0,1,0,0,0,0,0,0,0,1,1
7516,0.1974103,4,7516,Not eroded,0,1,0,0,0,0,0,0,0,1,1
7517,0.1502314,0,7517,Not eroded,0,0,0,0,0,0,1,1,1,1,1
7518,0.137791,0,7518,Not eroded,0,0,0,0,0,0,1,1,1,1,1
7519,0.3236884,0,7519,ERODED,1,1,1,1,1,1,1,1,1,1,1
7521,0.07410788,4,7521,Not eroded,0,0,0,0,0,0,0,0,0,1,1
7522,0.133441,2,7522,Not eroded,0,0,0,0,0,0,1,0,1,1,1
7523,0.2207248,4,7523,Not eroded,0,1,1,0,0,0,0,0,0,1,1
7524,0.1712124,3,7524,Not eroded,0,0,0,0,0,0,1,0,0,1,1
7525,0.2436904,4,7525,Not eroded,0,1,1,1,1,0,0,0,0,1,1
7527,0.07605846,2,7527,Not eroded,0,0,0,0,0,0,1,0,1,1,1
7528,0.2377528,4,7528,Not eroded,0,1,1,1,0,0,0,0,0,1,1
7529,0.2397789,0,7529,ERODED,1,1,1,1,0,0,1,1,1,1,1
7531,0.05622304,3,7531,Not eroded,0,0,0,0,0,0,1,0,0,1,1
7533,0.0847501,4,7533,Not eroded,0,0,0,0,0,0,0,0,0,1,1
7534,0.2574196,4,7534,Not eroded,0,1,1,1,1,1,0,0,0,1,1
7535,0.0768383,3,7535,Not eroded,0,0,0,0,0,0,1,0,0,1,1
7536,0.2192436,4,7536,Not eroded,0,1,0,0,0,0,0,0,0,1,1
7537,0.08803446,0,7537,Not eroded,0,0,0,0,0,0,1,1,1,1,1
7538,0.08003665,0,7538,Not eroded,0,0,0,0,0,0,1,1,1,1,1
7539,0.2131084,3,7539,Not eroded,0,1,0,0,0,0,1,0,0,1,1
7540,0.1490474,3,7540,Not eroded,0,0,0,0,0,0,1,0,0,1,1
7541,0.2494242,0,7541,ERODED,1,1,1,1,1,0,1,1,1,1,1
7542,0.1234669,3,7542,Not eroded,0,0,0,0,0,0,1,0,0,1,1
7543,0.06523473,4,7543,Not eroded,0,0,0,0,0,0,0,0,0,1,1
7544,0.1089766,5,7544,Not eroded,0,0,0,0,0,0,0,0,0,0,1
7545,0.2920804,0,7545,Not eroded,0,1,1,1,1,1,1,1,1,1,1
7546,0.08687667,3,7546,Not eroded,0,0,0,0,0,0,1,0,0,1,1
7547,0.05624679,5,7547,Not eroded,0,0,0,0,0,0,0,0,0,0,1
7548,0.2495295,5,7548,Not eroded,0,1,1,1,1,0,0,0,0,0,1
7549,0.07411357,0,7549,Not eroded,0,0,0,0,0,0,1,1,1,1,1
7550,0.1771395,6,7550,Not eroded,0,0,0,0,0,0,0,0,0,0,0
7551,0.1771352,5,7551,Not eroded,0,0,0,0,0,0,0,0,0,0,1
7552,0.16742,4,7552,Not eroded,0,0,0,0,0,0,0,0,0,1,1
7555,0.121048,4,7555,Not eroded,0,0,0,0,0,0,0,0,0,1,1
7557,0.1553185,0,7557,Not eroded,0,0,0,0,0,0,1,1,1,1,1
7558,0.2258191,4,7558,Not eroded,0,1,1,0,0,0,0,0,0,1,1
7559,0.09576957,0,7559,Not eroded,0,0,0,0,0,0,1,1,1,1,1
7560,0.1891287,4,7560,Not eroded,0,0,0,0,0,0,0,0,0,1,1
7561,0.2087972,0,7561,Not eroded,0,1,0,0,0,0,1,1,1,1,1
7562,0.2100106,0,7562,Not eroded,0,1,0,0,0,0,1,1,1,1,1
7563,0.09384845,3,7563,Not eroded,0,0,0,0,0,0,1,0,0,1,1
7564,0.1468485,0,7564,Not eroded,0,0,0,0,0,0,1,1,1,1,1
7565,0.1295534,3,7565,Not eroded,0,0,0,0,0,0,1,0,0,1,1
7566,0.2012072,4,7566,Not eroded,0,1,0,0,0,0,0,0,0,1,1
7567,0.1727419,0,7567,Not eroded,0,0,0,0,0,0,1,1,1,1,1
7568,0.1898239,4,7568,Not eroded,0,0,0,0,0,0,0,0,0,1,1
7569,0.1627456,3,7569,Not eroded,0,0,0,0,0,0,1,0,0,1,1
7570,0.08747639,0,7570,Not eroded,0,0,0,0,0,0,1,1,1,1,1
7571,0.1224378,7,7571,Not eroded,0,0,0,0,0,0,0,0,0,0,0
7572,0.2781918,3,7572,Not eroded,0,1,1,1,1,1,1,0,0,1,1
7573,0.06801627,4,7573,Not eroded,0,0,0,0,0,0,0,0,0,1,1
7575,0.1354229,0,7575,Not eroded,0,0,0,0,0,0,1,1,1,1,1
7576,0.111243,4,7576,Not eroded,0,0,0,0,0,0,0,0,0,1,1
7577,0.1266186,6,7577,Not eroded,0,0,0,0,0,0,0,0,0,0,0
7578,0.3072312,0,7578,ERODED,1,1,1,1,1,1,1,1,1,1,1
7579,0.0645656,4,7579,Not eroded,0,0,0,0,0,0,0,0,0,1,1
7580,0.2024835,4,7580,Not eroded,0,1,0,0,0,0,0,0,0,1,1
7581,0.1109449,5,7581,Not eroded,0,0,0,0,0,0,0,0,0,0,1
7582,0.1302762,5,7582,Not eroded,0,0,0,0,0,0,0,0,0,0,1
7583,0.06763983,5,7583,Not eroded,0,0,0,0,0,0,0,0,0,0,1
7584,0.1954053,5,7584,Not eroded,0,1,0,0,0,0,0,0,0,0,1
7585,0.180611,0,7585,Not eroded,0,0,0,0,0,0,1,1,1,1,1
7586,0.07391838,6,7586,Not eroded,0,0,0,0,0,0,0,0,0,0,0
7587,0.2439636,4,7587,Not eroded,0,1,1,1,1,0,0,0,0,1,1
7588,0.1269459,4,7588,Not eroded,0,0,0,0,0,0,0,0,0,1,1
7589,0.135762,4,7589,Not eroded,0,0,0,0,0,0,0,0,0,1,1
7590,0.1081372,0,7590,Not eroded,0,0,0,0,0,0,1,1,1,1,1
7591,0.3223581,0,7591,ERODED,1,1,1,1,1,1,1,1,1,1,1
7592,0.2846098,0,7592,ERODED,1,1,1,1,1,1,1,1,1,1,1
7593,0.2976413,0,7593,ERODED,1,1,1,1,1,1,1,1,1,1,1
7594,0.2751214,0,7594,Not eroded,0,1,1,1,1,1,1,1,1,1,1
7595,0.1560307,4,7595,Not eroded,0,0,0,0,0,0,0,0,0,1,1
7596,0.1832367,4,7596,Not eroded,0,0,0,0,0,0,0,0,0,1,1
7597,0.2258115,4,7597,Not eroded,0,1,1,0,0,0,0,0,0,1,1
7598,0.1795001,0,7598,Not eroded,0,0,0,0,0,0,1,1,1,1,1
7599,0.2831791,0,7599,ERODED,1,1,1,1,1,1,1,1,1,1,1
7600,0.230018,6,7600,Not eroded,0,1,1,1,0,0,0,0,0,0,0
7601,0.2769426,0,7601,ERODED,1,1,1,1,1,1,1,1,1,1,1
7602,0.2914653,4,7602,Not eroded,0,1,1,1,1,1,0,0,0,1,1
7603,0.1641263,4,7603,Not eroded,0,0,0,0,0,0,0,0,0,1,1
7604,0.129903,6,7604,Not eroded,0,0,0,0,0,0,0,0,0,0,0
7605,0.0967238,2,7605,Not eroded,0,0,0,0,0,0,1,0,1,1,1
7606,0.2754726,6,7606,Not eroded,0,1,1,1,1,1,0,0,0,0,0
7607,0.2753032,5,7607,Not eroded,0,1,1,1,1,1,0,0,0,0,1
7608,0.2656177,0,7608,Not eroded,0,1,1,1,1,1,1,1,1,1,1
7609,0.2369212,5,7609,Not eroded,0,1,1,1,0,0,0,0,0,0,1
7610,0.1396084,3,7610,Not eroded,0,0,0,0,0,0,1,0,0,1,1
7611,0.08006046,4,7611,Not eroded,0,0,0,0,0,0,0,0,0,1,1
7612,0.299578,0,7612,ERODED,1,1,1,1,1,1,1,1,1,1,1
7614,0.1602829,4,7614,Not eroded,0,0,0,0,0,0,0,0,0,1,1
7615,0.2833598,0,7615,ERODED,1,1,1,1,1,1,1,1,1,1,1
7616,0.170611,4,7616,Not eroded,0,0,0,0,0,0,0,0,0,1,1
7617,0.1549623,0,7617,Not eroded,0,0,0,0,0,0,1,1,1,1,1
7618,0.06859929,3,7618,Not eroded,0,0,0,0,0,0,1,0,0,1,1
7619,0.2914554,4,7619,Not eroded,0,1,1,1,1,1,0,0,0,1,1
7620,0.1781283,3,7620,Not eroded,0,0,0,0,0,0,1,0,0,1,1
7621,0.05926336,4,7621,Not eroded,0,0,0,0,0,0,0,0,0,1,1
7622,0.2499673,0,7622,ERODED,1,1,1,1,1,0,1,1,1,1,1
7624,0.1797745,0,7624,Not eroded,0,0,0,0,0,0,1,1,1,1,1
7625,0.2323917,2,7625,Not eroded,0,1,1,1,0,0,1,0,1,1,1
7626,0.1191512,4,7626,Not eroded,0,0,0,0,0,0,0,0,0,1,1
7627,0.1692451,5,7627,Not eroded,0,0,0,0,0,0,0,0,0,0,1
7628,0.09733266,4,7628,Not eroded,0,0,0,0,0,0,0,0,0,1,1
7629,0.1538163,5,7629,Not eroded,0,0,0,0,0,0,0,0,0,0,1
7630,0.232569,5,7630,Not eroded,0,1,1,1,0,0,0,0,0,0,1
7632,0.2448861,5,7632,Not eroded,0,1,1,1,1,0,0,0,0,0,1
7633,0.1243886,5,7633,Not eroded,0,0,0,0,0,0,0,0,0,0,1
7635,0.2458986,0,7635,Not eroded,0,1,1,1,1,0,1,1,1,1,1
7636,0.09967425,5,7636,Not eroded,0,0,0,0,0,0,0,0,0,0,1
7637,0.05626036,4,7637,Not eroded,0,0,0,0,0,0,0,0,0,1,1
7638,0.05624575,5,7638,Not eroded,0,0,0,0,0,0,0,0,0,0,1
7639,0.09569137,5,7639,Not eroded,0,0,0,0,0,0,0,0,0,0,1
7640,0.1071948,4,7640,Not eroded,0,0,0,0,0,0,0,0,0,1,1
7641,0.09081086,4,7641,Not eroded,0,0,0,0,0,0,0,0,0,1,1
7642,0.2329118,0,7642,ERODED,1,1,1,1,0,0,1,1,1,1,1
7643,0.2286938,2,7643,Not eroded,0,1,1,0,0,0,1,0,1,1,1
7644,0.2801851,0,7644,Not eroded,0,1,1,1,1,1,1,1,1,1,1
7645,0.2534302,3,7645,Not eroded,0,1,1,1,1,1,1,0,0,1,1
7646,0.1578493,4,7646,Not eroded,0,0,0,0,0,0,0,0,0,1,1
7647,0.2705362,0,7647,Not eroded,0,1,1,1,1,1,1,1,1,1,1
7648,0.2193222,3,7648,Not eroded,0,1,0,0,0,0,1,0,0,1,1
7649,0.0562273,3,7649,Not eroded,0,0,0,0,0,0,1,0,0,1,1
7650,0.06382262,5,7650,Not eroded,0,0,0,0,0,0,0,0,0,0,1
7652,0.2857457,0,7652,Not eroded,0,1,1,1,1,1,1,1,1,1,1
7653,0.2984817,3,7653,Not eroded,0,1,1,1,1,1,1,0,0,1,1
7654,0.05620908,5,7654,Not eroded,0,0,0,0,0,0,0,0,0,0,1
7655,0.279178,0,7655,ERODED,1,1,1,1,1,1,1,1,1,1,1
7656,0.2507545,0,7656,Not eroded,0,1,1,1,1,1,1,1,1,1,1
7657,0.143345,4,7657,Not eroded,0,0,0,0,0,0,0,0,0,1,1
7658,0.2726086,2,7658,Not eroded,0,1,1,1,1,1,1,0,1,1,1
7660,0.107519,5,7660,Not eroded,0,0,0,0,0,0,0,0,0,0,1
7661,0.1790127,2,7661,Not eroded,0,0,0,0,0,0,1,0,1,1,1
7662,0.150323,5,7662,Not eroded,0,0,0,0,0,0,0,0,0,0,1
7663,0.2435206,2,7663,Not eroded,0,1,1,1,1,0,1,0,1,1,1
7664,0.3196663,0,7664,ERODED,1,1,1,1,1,1,1,1,1,1,1
7665,0.06684264,2,7665,Not eroded,0,0,0,0,0,0,1,0,1,1,1
7666,0.1754498,3,7666,Not eroded,0,0,0,0,0,0,1,0,0,1,1
7667,0.239431,3,7667,Not eroded,0,1,1,1,0,0,1,0,0,1,1
7668,0.112086,0,7668,Not eroded,0,0,0,0,0,0,1,1,1,1,1
7669,0.06092544,2,7669,Not eroded,0,0,0,0,0,0,1,0,1,1,1
7670,0.1132764,6,7670,Not eroded,0,0,0,0,0,0,0,0,0,0,0
7671,0.3144844,0,7671,ERODED,1,1,1,1,1,1,1,1,1,1,1
7674,0.2551516,3,7674,Not eroded,0,1,1,1,1,1,1,0,0,1,1
7675,0.2910334,2,7675,Not eroded,0,1,1,1,1,1,1,0,1,1,1
7676,0.1473749,0,7676,Not eroded,0,0,0,0,0,0,1,1,1,1,1
7677,0.1093243,4,7677,Not eroded,0,0,0,0,0,0,0,0,0,1,1
7678,0.2992191,0,7678,ERODED,1,1,1,1,1,1,1,1,1,1,1
7679,0.09375714,0,7679,Not eroded,0,0,0,0,0,0,1,1,1,1,1
7680,0.05622838,3,7680,Not eroded,0,0,0,0,0,0,1,0,0,1,1
7681,0.1185912,4,7681,Not eroded,0,0,0,0,0,0,0,0,0,1,1
7682,0.1147851,4,7682,Not eroded,0,0,0,0,0,0,0,0,0,1,1
7683,0.3099108,0,7683,ERODED,1,1,1,1,1,1,1,1,1,1,1
7684,0.171366,4,7684,Not eroded,0,0,0,0,0,0,0,0,0,1,1
7685,0.2619337,0,7685,Not eroded,0,1,1,1,1,1,1,1,1,1,1
7686,0.1718515,3,7686,Not eroded,0,0,0,0,0,0,1,0,0,1,1
7687,0.308089,0,7687,ERODED,1,1,1,1,1,1,1,1,1,1,1
7688,0.2491602,4,7688,Not eroded,0,1,1,1,1,0,0,0,0,1,1
7689,0.1292227,3,7689,Not eroded,0,0,0,0,0,0,1,0,0,1,1
7690,0.177387,0,7690,Not eroded,0,0,0,0,0,0,1,1,1,1,1
7693,0.1618144,3,7693,Not eroded,0,0,0,0,0,0,1,0,0,1,1
7694,0.2902396,0,7694,ERODED,1,1,1,1,1,1,1,1,1,1,1
7695,0.3092953,0,7695,ERODED,1,1,1,1,1,1,1,1,1,1,1
7696,0.09481639,0,7696,Not eroded,0,0,0,0,0,0,1,1,1,1,1
7697,0.2362397,0,7697,Not eroded,0,1,1,1,0,0,1,1,1,1,1
7698,0.1393752,3,7698,Not eroded,0,0,0,0,0,0,1,0,0,1,1
7699,0.3105003,0,7699,ERODED,1,1,1,1,1,1,1,1,1,1,1
7700,0.109365,0,7700,Not eroded,0,0,0,0,0,0,1,1,1,1,1
7701,0.1290709,3,7701,Not eroded,0,0,0,0,0,0,1,0,0,1,1
7702,0.05633837,4,7702,Not eroded,0,0,0,0,0,0,0,0,0,1,1
7703,0.07548644,6,7703,Not eroded,0,0,0,0,0,0,0,0,0,0,0
7704,0.1021155,5,7704,Not eroded,0,0,0,0,0,0,0,0,0,0,1
7705,0.2628083,0,7705,Not eroded,0,1,1,1,1,1,1,1,1,1,1
7706,0.1447703,5,7706,Not eroded,0,0,0,0,0,0,0,0,0,0,1
7707,0.06767109,4,7707,Not eroded,0,0,0,0,0,0,0,0,0,1,1
7708,0.1704708,3,7708,Not eroded,0,0,0,0,0,0,1,0,0,1,1
7709,0.2202605,3,7709,Not eroded,0,1,1,0,0,0,1,0,0,1,1
7710,0.2508537,0,7710,Not eroded,0,1,1,1,1,1,1,1,1,1,1
7711,0.2864169,0,7711,ERODED,1,1,1,1,1,1,1,1,1,1,1
7712,0.2235343,0,7712,Not eroded,0,1,1,0,0,0,1,1,1,1,1
7713,0.1883799,3,7713,Not eroded,0,0,0,0,0,0,1,0,0,1,1
7714,0.172989,4,7714,Not eroded,0,0,0,0,0,0,0,0,0,1,1
7715,0.2408383,5,7715,Not eroded,0,1,1,1,1,0,0,0,0,0,1
7716,0.1591474,3,7716,Not eroded,0,0,0,0,0,0,1,0,0,1,1
7717,0.1998766,4,7717,Not eroded,0,1,0,0,0,0,0,0,0,1,1
7718,0.1213433,0,7718,Not eroded,0,0,0,0,0,0,1,1,1,1,1
7719,0.1048611,4,7719,Not eroded,0,0,0,0,0,0,0,0,0,1,1
7720,0.1343843,4,7720,Not eroded,0,0,0,0,0,0,0,0,0,1,1
7721,0.2425632,0,7721,Not eroded,0,1,1,1,1,0,1,1,1,1,1
7722,0.2560803,4,7722,Not eroded,0,1,1,1,1,1,0,0,0,1,1
7723,0.1151428,4,7723,Not eroded,0,0,0,0,0,0,0,0,0,1,1
7724,0.1463351,4,7724,Not eroded,0,0,0,0,0,0,0,0,0,1,1
7725,0.1831053,0,7725,Not eroded,0,0,0,0,0,0,1,1,1,1,1
7726,0.2944492,0,7726,Not eroded,0,1,1,1,1,1,1,1,1,1,1
7727,0.2224241,4,7727,Not eroded,0,1,1,0,0,0,0,0,0,1,1
7728,0.07911715,4,7728,Not eroded,0,0,0,0,0,0,0,0,0,1,1
7729,0.1297365,3,7729,Not eroded,0,0,0,0,0,0,1,0,0,1,1
7730,0.06224266,4,7730,Not eroded,0,0,0,0,0,0,0,0,0,1,1
7731,0.05623853,5,7731,Not eroded,0,0,0,0,0,0,0,0,0,0,1
7732,0.2681408,3,7732,Not eroded,0,1,1,1,1,1,1,0,0,1,1
7733,0.1743848,5,7733,Not eroded,0,0,0,0,0,0,0,0,0,0,1
7734,0.1027304,2,7734,Not eroded,0,0,0,0,0,0,1,0,1,1,1
7735,0.262962,0,7735,ERODED,1,1,1,1,1,1,1,1,1,1,1
7736,0.278191,3,7736,Not eroded,0,1,1,1,1,1,1,0,0,1,1
7737,0.2599106,5,7737,Not eroded,0,1,1,1,1,1,0,0,0,0,1
7738,0.0564787,0,7738,Not eroded,0,0,0,0,0,0,1,1,1,1,1
7739,0.1009118,4,7739,Not eroded,0,0,0,0,0,0,0,0,0,1,1
7740,0.2850346,0,7740,ERODED,1,1,1,1,1,1,1,1,1,1,1
7741,0.2304083,6,7741,Not eroded,0,1,1,1,0,0,0,0,0,0,0
7742,0.1602605,0,7742,Not eroded,0,0,0,0,0,0,1,1,1,1,1
7743,0.1178129,3,7743,Not eroded,0,0,0,0,0,0,1,0,0,1,1
7744,0.1465425,5,7744,Not eroded,0,0,0,0,0,0,0,0,0,0,1
7745,0.1883374,3,7745,Not eroded,0,0,0,0,0,0,1,0,0,1,1
7746,0.1103927,4,7746,Not eroded,0,0,0,0,0,0,0,0,0,1,1
7747,0.1990564,0,7747,Not eroded,0,1,0,0,0,0,1,1,1,1,1
7748,0.09143512,5,7748,Not eroded,0,0,0,0,0,0,0,0,0,0,1
7749,0.2986653,0,7749,Not eroded,0,1,1,1,1,1,1,1,1,1,1
7750,0.1003491,6,7750,Not eroded,0,0,0,0,0,0,0,0,0,0,0
7751,0.2741426,0,7751,Not eroded,0,1,1,1,1,1,1,1,1,1,1
7752,0.1548001,0,7752,Not eroded,0,0,0,0,0,0,1,1,1,1,1
7753,0.09301128,5,7753,Not eroded,0,0,0,0,0,0,0,0,0,0,1
7755,0.05626569,2,7755,Not eroded,0,0,0,0,0,0,1,0,1,1,1
7756,0.09571874,4,7756,Not eroded,0,0,0,0,0,0,0,0,0,1,1
7757,0.0960761,4,7757,Not eroded,0,0,0,0,0,0,0,0,0,1,1
7758,0.05621936,4,7758,Not eroded,0,0,0,0,0,0,0,0,0,1,1
7759,0.2545485,3,7759,Not eroded,0,1,1,1,1,1,1,0,0,1,1
7760,0.1379378,5,7760,Not eroded,0,0,0,0,0,0,0,0,0,0,1
7761,0.22774,0,7761,Not eroded,0,1,1,0,0,0,1,1,1,1,1
7762,0.1112925,5,7762,Not eroded,0,0,0,0,0,0,0,0,0,0,1
7763,0.228143,0,7763,Not eroded,0,1,1,0,0,0,1,1,1,1,1
7764,0.1940943,2,7764,Not eroded,0,1,0,0,0,0,1,0,1,1,1
7766,0.2249225,4,7766,Not eroded,0,1,1,0,0,0,0,0,0,1,1
7767,0.2531329,4,7767,Not eroded,0,1,1,1,1,1,0,0,0,1,1
7768,0.1101386,5,7768,Not eroded,0,0,0,0,0,0,0,0,0,0,1
7769,0.179183,5,7769,Not eroded,0,0,0,0,0,0,0,0,0,0,1
7770,0.2978091,0,7770,ERODED,1,1,1,1,1,1,1,1,1,1,1
7771,0.1423813,3,7771,Not eroded,0,0,0,0,0,0,1,0,0,1,1
7772,0.09735464,3,7772,Not eroded,0,0,0,0,0,0,1,0,0,1,1
7773,0.2838474,7,7773,Not eroded,0,1,1,1,1,1,0,0,0,0,0
7774,0.2401291,0,7774,Not eroded,0,1,1,1,1,0,1,1,1,1,1
7775,0.1441838,0,7775,Not eroded,0,0,0,0,0,0,1,1,1,1,1
7776,0.3077143,0,7776,Not eroded,0,1,1,1,1,1,1,1,1,1,1
7777,0.2021476,0,7777,Not eroded,0,1,0,0,0,0,1,1,1,1,1
7779,0.1413658,5,7779,Not eroded,0,0,0,0,0,0,0,0,0,0,1
7780,0.3102169,0,7780,ERODED,1,1,1,1,1,1,1,1,1,1,1
7782,0.05593365,4,7782,Not eroded,0,0,0,0,0,0,0,0,0,1,1
7783,0.05624886,5,7783,Not eroded,0,0,0,0,0,0,0,0,0,0,1
7784,0.313862,0,7784,ERODED,1,1,1,1,1,1,1,1,1,1,1
7785,0.2174932,2,7785,Not eroded,0,1,0,0,0,0,1,0,1,1,1
7786,0.1383525,4,7786,Not eroded,0,0,0,0,0,0,0,0,0,1,1
7787,0.08925646,4,7787,Not eroded,0,0,0,0,0,0,0,0,0,1,1
7788,0.3204149,0,7788,ERODED,1,1,1,1,1,1,1,1,1,1,1
7789,0.1061243,6,7789,Not eroded,0,0,0,0,0,0,0,0,0,0,0
7790,0.05623075,3,7790,Not eroded,0,0,0,0,0,0,1,0,0,1,1
7791,0.2693258,0,7791,ERODED,1,1,1,1,1,1,1,1,1,1,1
7792,0.1785605,3,7792,Not eroded,0,0,0,0,0,0,1,0,0,1,1
7793,0.1160664,4,7793,Not eroded,0,0,0,0,0,0,0,0,0,1,1
7794,0.1491926,6,7794,Not eroded,0,0,0,0,0,0,0,0,0,0,0
7795,0.2889208,0,7795,ERODED,1,1,1,1,1,1,1,1,1,1,1
7796,0.1379157,4,7796,Not eroded,0,0,0,0,0,0,0,0,0,1,1
7797,0.274623,5,7797,Not eroded,0,1,1,1,1,1,0,0,0,0,1
7798,0.258828,0,7798,ERODED,1,1,1,1,1,1,1,1,1,1,1
7799,0.1617281,5,7799,Not eroded,0,0,0,0,0,0,0,0,0,0,1
7800,0.05714554,4,7800,Not eroded,0,0,0,0,0,0,0,0,0,1,1
7801,0.3071721,3,7801,Not eroded,0,1,1,1,1,1,1,0,0,1,1
7802,0.08365515,6,7802,Not eroded,0,0,0,0,0,0,0,0,0,0,0
7803,0.1474196,6,7803,Not eroded,0,0,0,0,0,0,0,0,0,0,0
7804,0.2206205,3,7804,Not eroded,0,1,1,0,0,0,1,0,0,1,1
7805,0.3249924,0,7805,Not eroded,0,1,1,1,1,1,1,1,1,1,1
7806,0.1244495,3,7806,Not eroded,0,0,0,0,0,0,1,0,0,1,1
7807,0.2270483,4,7807,Not eroded,0,1,1,0,0,0,0,0,0,1,1
7808,0.149057,0,7808,Not eroded,0,0,0,0,0,0,1,1,1,1,1
7809,0.320039,0,7809,ERODED,1,1,1,1,1,1,1,1,1,1,1
7810,0.1509517,4,7810,Not eroded,0,0,0,0,0,0,0,0,0,1,1
7811,0.06155863,6,7811,Not eroded,0,0,0,0,0,0,0,0,0,0,0
7812,0.1289374,4,7812,Not eroded,0,0,0,0,0,0,0,0,0,1,1
7813,0.1734432,0,7813,Not eroded,0,0,0,0,0,0,1,1,1,1,1
7814,0.05624569,5,7814,Not eroded,0,0,0,0,0,0,0,0,0,0,1
7815,0.1290217,3,7815,Not eroded,0,0,0,0,0,0,1,0,0,1,1
7816,0.3202386,0,7816,ERODED,1,1,1,1,1,1,1,1,1,1,1
7817,0.1044981,4,7817,Not eroded,0,0,0,0,0,0,0,0,0,1,1
7818,0.05619987,4,7818,Not eroded,0,0,0,0,0,0,0,0,0,1,1
7819,0.2513414,0,7819,Not eroded,0,1,1,1,1,1,1,1,1,1,1
7820,0.2228215,0,7820,Not eroded,0,1,1,0,0,0,1,1,1,1,1
7821,0.08053916,5,7821,Not eroded,0,0,0,0,0,0,0,0,0,0,1
7822,0.2709253,0,7822,ERODED,1,1,1,1,1,1,1,1,1,1,1
7823,0.1256435,0,7823,Not eroded,0,0,0,0,0,0,1,1,1,1,1
7824,0.1286511,4,7824,Not eroded,0,0,0,0,0,0,0,0,0,1,1
7826,0.1005415,3,7826,Not eroded,0,0,0,0,0,0,1,0,0,1,1
7827,0.2264396,4,7827,Not eroded,0,1,1,0,0,0,0,0,0,1,1
7828,0.1801715,4,7828,Not eroded,0,0,0,0,0,0,0,0,0,1,1
7829,0.1611119,4,7829,Not eroded,0,0,0,0,0,0,0,0,0,1,1
7830,0.2826874,3,7830,Not eroded,0,1,1,1,1,1,1,0,0,1,1
7831,0.2445098,0,7831,Not eroded,0,1,1,1,1,0,1,1,1,1,1
7832,0.1860204,6,7832,Not eroded,0,0,0,0,0,0,0,0,0,0,0
7833,0.2481273,3,7833,Not eroded,0,1,1,1,1,0,1,0,0,1,1
7834,0.2877169,0,7834,ERODED,1,1,1,1,1,1,1,1,1,1,1
7835,0.1514022,3,7835,Not eroded,0,0,0,0,0,0,1,0,0,1,1
7836,0.2011045,3,7836,Not eroded,0,1,0,0,0,0,1,0,0,1,1
7837,0.3024964,0,7837,ERODED,1,1,1,1,1,1,1,1,1,1,1
7838,0.06892716,4,7838,Not eroded,0,0,0,0,0,0,0,0,0,1,1
7839,0.1964167,3,7839,Not eroded,0,1,0,0,0,0,1,0,0,1,1
7840,0.1814043,0,7840,Not eroded,0,0,0,0,0,0,1,1,1,1,1
7842,0.2004911,5,7842,Not eroded,0,1,0,0,0,0,0,0,0,0,1
7843,0.2759279,0,7843,Not eroded,0,1,1,1,1,1,1,1,1,1,1
7844,0.1076234,0,7844,Not eroded,0,0,0,0,0,0,1,1,1,1,1
7845,0.2427079,0,7845,Not eroded,0,1,1,1,1,0,1,1,1,1,1
7846,0.3268623,0,7846,ERODED,1,1,1,1,1,1,1,1,1,1,1
7847,0.08108955,5,7847,Not eroded,0,0,0,0,0,0,0,0,0,0,1
7848,0.2596512,2,7848,Not eroded,0,1,1,1,1,1,1,0,1,1,1
7849,0.05627078,3,7849,Not eroded,0,0,0,0,0,0,1,0,0,1,1
7851,0.152432,0,7851,Not eroded,0,0,0,0,0,0,1,1,1,1,1
7852,0.2944842,5,7852,Not eroded,0,1,1,1,1,1,0,0,0,0,1
7853,0.1091162,4,7853,Not eroded,0,0,0,0,0,0,0,0,0,1,1
7854,0.05626138,3,7854,Not eroded,0,0,0,0,0,0,1,0,0,1,1
7855,0.2927058,0,7855,ERODED,1,1,1,1,1,1,1,1,1,1,1
7856,0.09298053,0,7856,Not eroded,0,0,0,0,0,0,1,1,1,1,1
7857,0.1740026,4,7857,Not eroded,0,0,0,0,0,0,0,0,0,1,1
7858,0.1863141,4,7858,Not eroded,0,0,0,0,0,0,0,0,0,1,1
7859,0.2959891,0,7859,ERODED,1,1,1,1,1,1,1,1,1,1,1
7861,0.07494253,3,7861,Not eroded,0,0,0,0,0,0,1,0,0,1,1
7862,0.2258402,0,7862,Not eroded,0,1,1,0,0,0,1,1,1,1,1
7863,0.108798,5,7863,Not eroded,0,0,0,0,0,0,0,0,0,0,1
7864,0.209716,1,7864,Not eroded,0,1,0,0,0,0,1,1,1,1,1
7865,0.1666612,3,7865,Not eroded,0,0,0,0,0,0,1,0,0,1,1
7866,0.2823292,3,7866,Not eroded,0,1,1,1,1,1,1,0,0,1,1
7868,0.1914098,5,7868,Not eroded,0,1,0,0,0,0,0,0,0,0,1
7869,0.1115175,4,7869,Not eroded,0,0,0,0,0,0,0,0,0,1,1
7870,0.2295281,4,7870,Not eroded,0,1,1,0,0,0,0,0,0,1,1
7871,0.2535243,6,7871,Not eroded,0,1,1,1,1,1,0,0,0,0,0
7872,0.2985473,0,7872,ERODED,1,1,1,1,1,1,1,1,1,1,1
7873,0.1255397,0,7873,Not eroded,0,0,0,0,0,0,1,1,1,1,1
7874,0.08027019,4,7874,Not eroded,0,0,0,0,0,0,0,0,0,1,1
7875,0.1653438,4,7875,Not eroded,0,0,0,0,0,0,0,0,0,1,1
7876,0.06541649,0,7876,Not eroded,0,0,0,0,0,0,1,1,1,1,1
7877,0.0701048,3,7877,Not eroded,0,0,0,0,0,0,1,0,0,1,1
7878,0.06998978,3,7878,Not eroded,0,0,0,0,0,0,1,0,0,1,1
7879,0.2986228,4,7879,Not eroded,0,1,1,1,1,1,0,0,0,1,1
7880,0.280769,3,7880,Not eroded,0,1,1,1,1,1,1,0,0,1,1
7881,0.298619,3,7881,Not eroded,0,1,1,1,1,1,1,0,0,1,1
7882,0.2661123,5,7882,Not eroded,0,1,1,1,1,1,0,0,0,0,1
7884,0.09913425,0,7884,Not eroded,0,0,0,0,0,0,1,1,1,1,1
7885,0.2123371,4,7885,Not eroded,0,1,0,0,0,0,0,0,0,1,1
7886,0.187889,0,7886,Not eroded,0,0,0,0,0,0,1,1,1,1,1
7887,0.2533586,3,7887,Not eroded,0,1,1,1,1,1,1,0,0,1,1
7888,0.3028081,0,7888,ERODED,1,1,1,1,1,1,1,1,1,1,1
7889,0.05835478,4,7889,Not eroded,0,0,0,0,0,0,0,0,0,1,1
7890,0.2059802,3,7890,Not eroded,0,1,0,0,0,0,1,0,0,1,1
7891,0.2534126,0,7891,Not eroded,0,1,1,1,1,1,1,1,1,1,1
7892,0.124218,4,7892,Not eroded,0,0,0,0,0,0,0,0,0,1,1
7893,0.2362024,3,7893,Not eroded,0,1,1,1,0,0,1,0,0,1,1
7894,0.1524092,0,7894,Not eroded,0,0,0,0,0,0,1,1,1,1,1
7895,0.1733031,0,7895,Not eroded,0,0,0,0,0,0,1,1,1,1,1
7896,0.09202917,6,7896,Not eroded,0,0,0,0,0,0,0,0,0,0,0
7897,0.1486392,4,7897,Not eroded,0,0,0,0,0,0,0,0,0,1,1
7898,0.1199941,5,7898,Not eroded,0,0,0,0,0,0,0,0,0,0,1
7899,0.1241993,4,7899,Not eroded,0,0,0,0,0,0,0,0,0,1,1
7900,0.2493527,0,7900,Not eroded,0,1,1,1,1,0,1,1,1,1,1
7901,0.2008001,5,7901,Not eroded,0,1,0,0,0,0,0,0,0,0,1
7902,0.0946023,3,7902,Not eroded,0,0,0,0,0,0,1,0,0,1,1
7903,0.1713913,0,7903,Not eroded,0,0,0,0,0,0,1,1,1,1,1
7904,0.3251667,0,7904,ERODED,1,1,1,1,1,1,1,1,1,1,1
7906,0.310628,2,7906,Not eroded,0,1,1,1,1,1,1,0,1,1,1
7907,0.2420532,5,7907,Not eroded,0,1,1,1,1,0,0,0,0,0,1
7908,0.2056988,0,7908,Not eroded,0,1,0,0,0,0,1,1,1,1,1
7909,0.1615163,0,7909,Not eroded,0,0,0,0,0,0,1,1,1,1,1
7910,0.1162305,3,7910,Not eroded,0,0,0,0,0,0,1,0,0,1,1
7911,0.1969783,4,7911,Not eroded,0,1,0,0,0,0,0,0,0,1,1
7912,0.1216348,0,7912,Not eroded,0,0,0,0,0,0,1,1,1,1,1
7913,0.2405201,0,7913,Not eroded,0,1,1,1,1,0,1,1,1,1,1
7914,0.253403,0,7914,Not eroded,0,1,1,1,1,1,1,1,1,1,1
7916,0.1484353,6,7916,Not eroded,0,0,0,0,0,0,0,0,0,0,0
7918,0.1082803,4,7918,Not eroded,0,0,0,0,0,0,0,0,0,1,1
7919,0.1832023,0,7919,Not eroded,0,0,0,0,0,0,1,1,1,1,1
7920,0.2105385,3,7920,Not eroded,0,1,0,0,0,0,1,0,0,1,1
7922,0.2714909,0,7922,ERODED,1,1,1,1,1,1,1,1,1,1,1
7924,0.05625704,5,7924,Not eroded,0,0,0,0,0,0,0,0,0,0,1
7925,0.1919125,4,7925,Not eroded,0,1,0,0,0,0,0,0,0,1,1
7926,0.07896292,3,7926,Not eroded,0,0,0,0,0,0,1,0,0,1,1
7927,0.2492302,3,7927,ERODED,1,1,1,1,1,0,1,0,0,1,1
7928,0.170315,4,7928,Not eroded,0,0,0,0,0,0,0,0,0,1,1
7930,0.2696155,0,7930,Not eroded,0,1,1,1,1,1,1,1,1,1,1
7931,0.1118539,6,7931,Not eroded,0,0,0,0,0,0,0,0,0,0,0
7932,0.2558652,4,7932,Not eroded,0,1,1,1,1,1,0,0,0,1,1
7933,0.2129786,6,7933,Not eroded,0,1,0,0,0,0,0,0,0,0,0
7934,0.09966557,6,7934,Not eroded,0,0,0,0,0,0,0,0,0,0,0
7936,0.09469716,5,7936,Not eroded,0,0,0,0,0,0,0,0,0,0,1
7937,0.1265953,5,7937,Not eroded,0,0,0,0,0,0,0,0,0,0,1
7938,0.2857109,3,7938,Not eroded,0,1,1,1,1,1,1,0,0,1,1
7939,0.06307282,4,7939,Not eroded,0,0,0,0,0,0,0,0,0,1,1
7940,0.07565697,2,7940,Not eroded,0,0,0,0,0,0,1,0,1,1,1
7941,0.1440773,4,7941,Not eroded,0,0,0,0,0,0,0,0,0,1,1
7942,0.209377,3,7942,Not eroded,0,1,0,0,0,0,1,0,0,1,1
7943,0.0562556,3,7943,Not eroded,0,0,0,0,0,0,1,0,0,1,1
7944,0.2202986,4,7944,Not eroded,0,1,1,0,0,0,0,0,0,1,1
7945,0.08790886,4,7945,Not eroded,0,0,0,0,0,0,0,0,0,1,1
7946,0.2439048,5,7946,Not eroded,0,1,1,1,1,0,0,0,0,0,1
7947,0.1623926,3,7947,Not eroded,0,0,0,0,0,0,1,0,0,1,1
7948,0.0666729,4,7948,Not eroded,0,0,0,0,0,0,0,0,0,1,1
7949,0.1122923,4,7949,Not eroded,0,0,0,0,0,0,0,0,0,1,1
7950,0.05914976,5,7950,Not eroded,0,0,0,0,0,0,0,0,0,0,1
7951,0.2019026,3,7951,Not eroded,0,1,0,0,0,0,1,0,0,1,1
7952,0.05623594,4,7952,Not eroded,0,0,0,0,0,0,0,0,0,1,1
7954,0.2336942,5,7954,Not eroded,0,1,1,1,0,0,0,0,0,0,1
7955,0.2326944,3,7955,Not eroded,0,1,1,1,0,0,1,0,0,1,1
7956,0.1980466,4,7956,Not eroded,0,1,0,0,0,0,0,0,0,1,1
7957,0.2214308,0,7957,Not eroded,0,1,1,0,0,0,1,1,1,1,1
7958,0.2832008,0,7958,ERODED,1,1,1,1,1,1,1,1,1,1,1
7959,0.2363682,5,7959,Not eroded,0,1,1,1,0,0,0,0,0,0,1
7960,0.1749099,4,7960,Not eroded,0,0,0,0,0,0,0,0,0,1,1
7961,0.2827392,0,7961,ERODED,1,1,1,1,1,1,1,1,1,1,1
7962,0.2288139,5,7962,Not eroded,0,1,1,0,0,0,0,0,0,0,1
7963,0.1022828,4,7963,Not eroded,0,0,0,0,0,0,0,0,0,1,1
7964,0.2374193,0,7964,Not eroded,0,1,1,1,0,0,1,1,1,1,1
7965,0.09754191,5,7965,Not eroded,0,0,0,0,0,0,0,0,0,0,1
7966,0.2555341,3,7966,Not eroded,0,1,1,1,1,1,1,0,0,1,1
7967,0.09585785,5,7967,Not eroded,0,0,0,0,0,0,0,0,0,0,1
7968,0.05622538,4,7968,Not eroded,0,0,0,0,0,0,0,0,0,1,1
7969,0.2871971,0,7969,Not eroded,0,1,1,1,1,1,1,1,1,1,1
7970,0.3068134,0,7970,ERODED,1,1,1,1,1,1,1,1,1,1,1
7971,0.1321737,3,7971,Not eroded,0,0,0,0,0,0,1,0,0,1,1
7973,0.2634782,4,7973,Not eroded,0,1,1,1,1,1,0,0,0,1,1
7974,0.145973,6,7974,Not eroded,0,0,0,0,0,0,0,0,0,0,0
7976,0.2682846,0,7976,Not eroded,0,1,1,1,1,1,1,1,1,1,1
7977,0.2967366,0,7977,ERODED,1,1,1,1,1,1,1,1,1,1,1
7978,0.1782699,5,7978,Not eroded,0,0,0,0,0,0,0,0,0,0,1
7979,0.05622891,3,7979,Not eroded,0,0,0,0,0,0,1,0,0,1,1
7980,0.1273247,0,7980,Not eroded,0,0,0,0,0,0,1,1,1,1,1
7981,0.1982179,6,7981,Not eroded,0,1,0,0,0,0,0,0,0,0,0
7982,0.2168262,4,7982,Not eroded,0,1,0,0,0,0,0,0,0,1,1
7983,0.1784564,5,7983,Not eroded,0,0,0,0,0,0,0,0,0,0,1
7984,0.2780952,4,7984,Not eroded,0,1,1,1,1,1,0,0,0,1,1
7985,0.1526787,6,7985,Not eroded,0,0,0,0,0,0,0,0,0,0,0
7986,0.2248991,4,7986,Not eroded,0,1,1,0,0,0,0,0,0,1,1
7987,0.1407006,5,7987,Not eroded,0,0,0,0,0,0,0,0,0,0,1
7988,0.1324836,4,7988,Not eroded,0,0,0,0,0,0,0,0,0,1,1
7989,0.1386273,5,7989,Not eroded,0,0,0,0,0,0,0,0,0,0,1
7991,0.1950485,2,7991,Not eroded,0,1,0,0,0,0,1,0,1,1,1
7992,0.3185101,0,7992,ERODED,1,1,1,1,1,1,1,1,1,1,1
7993,0.26478,3,7993,Not eroded,0,1,1,1,1,1,1,0,0,1,1
7995,0.07331126,5,7995,Not eroded,0,0,0,0,0,0,0,0,0,0,1
7996,0.1584536,0,7996,Not eroded,0,0,0,0,0,0,1,1,1,1,1
7997,0.2078848,5,7997,Not eroded,0,1,0,0,0,0,0,0,0,0,1
7998,0.1299496,0,7998,Not eroded,0,0,0,0,0,0,1,1,1,1,1
8000,0.1692144,4,8000,Not eroded,0,0,0,0,0,0,0,0,0,1,1
8001,0.1658017,0,8001,Not eroded,0,0,0,0,0,0,1,1,1,1,1
8002,0.2127935,4,8002,Not eroded,0,1,0,0,0,0,0,0,0,1,1
8003,0.1274434,5,8003,Not eroded,0,0,0,0,0,0,0,0,0,0,1
8004,0.3259945,0,8004,ERODED,1,1,1,1,1,1,1,1,1,1,1
8005,0.1724626,3,8005,Not eroded,0,0,0,0,0,0,1,0,0,1,1
8006,0.1292574,4,8006,Not eroded,0,0,0,0,0,0,0,0,0,1,1
8007,0.2988341,0,8007,ERODED,1,1,1,1,1,1,1,1,1,1,1
8008,0.1931999,4,8008,Not eroded,0,1,0,0,0,0,0,0,0,1,1
8009,0.1396192,5,8009,Not eroded,0,0,0,0,0,0,0,0,0,0,1
8010,0.1584733,3,8010,Not eroded,0,0,0,0,0,0,1,0,0,1,1
8011,0.1850383,0,8011,Not eroded,0,0,0,0,0,0,1,1,1,1,1
8012,0.2617028,5,8012,Not eroded,0,1,1,1,1,1,0,0,0,0,1
8013,0.05623134,3,8013,Not eroded,0,0,0,0,0,0,1,0,0,1,1
8014,0.1046553,5,8014,Not eroded,0,0,0,0,0,0,0,0,0,0,1
8016,0.1780089,4,8016,Not eroded,0,0,0,0,0,0,0,0,0,1,1
8017,0.2935128,0,8017,ERODED,1,1,1,1,1,1,1,1,1,1,1
8018,0.0976216,6,8018,Not eroded,0,0,0,0,0,0,0,0,0,0,0
8019,0.1354058,7,8019,Not eroded,0,0,0,0,0,0,0,0,0,0,0
8020,0.06698974,4,8020,Not eroded,0,0,0,0,0,0,0,0,0,1,1
8021,0.1383693,3,8021,Not eroded,0,0,0,0,0,0,1,0,0,1,1
8022,0.05627095,3,8022,Not eroded,0,0,0,0,0,0,1,0,0,1,1
8024,0.09126737,3,8024,Not eroded,0,0,0,0,0,0,1,0,0,1,1
8025,0.1406293,6,8025,Not eroded,0,0,0,0,0,0,0,0,0,0,0
8026,0.2142763,0,8026,Not eroded,0,1,0,0,0,0,1,1,1,1,1
8027,0.2422039,7,8027,Not eroded,0,1,1,1,1,0,0,0,0,0,0
8028,0.1066495,0,8028,Not eroded,0,0,0,0,0,0,1,1,1,1,1
8029,0.1386733,5,8029,Not eroded,0,0,0,0,0,0,0,0,0,0,1
8030,0.1489404,2,8030,Not eroded,0,0,0,0,0,0,1,0,1,1,1
8031,0.2729317,0,8031,Not eroded,0,1,1,1,1,1,1,1,1,1,1
8032,0.1819164,5,8032,Not eroded,0,0,0,0,0,0,0,0,0,0,1
8033,0.1756992,7,8033,Not eroded,0,0,0,0,0,0,0,0,0,0,0
8034,0.2156151,6,8034,Not eroded,0,1,0,0,0,0,0,0,0,0,0
8036,0.1988699,0,8036,Not eroded,0,1,0,0,0,0,1,1,1,1,1
8037,0.05626822,3,8037,Not eroded,0,0,0,0,0,0,1,0,0,1,1
8039,0.1714165,0,8039,Not eroded,0,0,0,0,0,0,1,1,1,1,1
8040,0.07814552,4,8040,Not eroded,0,0,0,0,0,0,0,0,0,1,1
8041,0.063937,4,8041,Not eroded,0,0,0,0,0,0,0,0,0,1,1
8042,0.1331406,3,8042,Not eroded,0,0,0,0,0,0,1,0,0,1,1
8043,0.1244017,4,8043,Not eroded,0,0,0,0,0,0,0,0,0,1,1
8044,0.1758978,0,8044,Not eroded,0,0,0,0,0,0,1,1,1,1,1
8045,0.2539368,3,8045,Not eroded,0,1,1,1,1,1,1,0,0,1,1
8046,0.2630197,3,8046,Not eroded,0,1,1,1,1,1,1,0,0,1,1
8047,0.1677466,4,8047,Not eroded,0,0,0,0,0,0,0,0,0,1,1
8048,0.2214874,4,8048,Not eroded,0,1,1,0,0,0,0,0,0,1,1
8049,0.1505773,3,8049,Not eroded,0,0,0,0,0,0,1,0,0,1,1
8050,0.2255757,3,8050,Not eroded,0,1,1,0,0,0,1,0,0,1,1
8051,0.07278885,4,8051,Not eroded,0,0,0,0,0,0,0,0,0,1,1
8052,0.2937565,0,8052,ERODED,1,1,1,1,1,1,1,1,1,1,1
8053,0.1973505,3,8053,Not eroded,0,1,0,0,0,0,1,0,0,1,1
8054,0.2056719,5,8054,Not eroded,0,1,0,0,0,0,0,0,0,0,1
8055,0.1434583,5,8055,Not eroded,0,0,0,0,0,0,0,0,0,0,1
8056,0.2518856,3,8056,Not eroded,0,1,1,1,1,1,1,0,0,1,1
8057,0.3222276,0,8057,ERODED,1,1,1,1,1,1,1,1,1,1,1
8059,0.1518007,6,8059,Not eroded,0,0,0,0,0,0,0,0,0,0,0
8060,0.06112701,5,8060,Not eroded,0,0,0,0,0,0,0,0,0,0,1
8061,0.1416915,4,8061,Not eroded,0,0,0,0,0,0,0,0,0,1,1
8062,0.2669705,0,8062,Not eroded,0,1,1,1,1,1,1,1,1,1,1
8063,0.1795003,3,8063,Not eroded,0,0,0,0,0,0,1,0,0,1,1
8064,0.1762832,4,8064,Not eroded,0,0,0,0,0,0,0,0,0,1,1
8065,0.05623518,3,8065,Not eroded,0,0,0,0,0,0,1,0,0,1,1
8066,0.09607374,4,8066,Not eroded,0,0,0,0,0,0,0,0,0,1,1
8067,0.2112021,0,8067,Not eroded,0,1,0,0,0,0,1,1,1,1,1
8068,0.2423487,3,8068,Not eroded,0,1,1,1,1,0,1,0,0,1,1
8069,0.1098939,4,8069,Not eroded,0,0,0,0,0,0,0,0,0,1,1
8070,0.2436407,5,8070,Not eroded,0,1,1,1,1,0,0,0,0,0,1
8071,0.2751329,0,8071,ERODED,1,1,1,1,1,1,1,1,1,1,1
8072,0.1933278,5,8072,Not eroded,0,1,0,0,0,0,0,0,0,0,1
8073,0.243552,0,8073,Not eroded,0,1,1,1,1,0,1,1,1,1,1
8074,0.1800054,2,8074,Not eroded,0,0,0,0,0,0,1,0,1,1,1
8075,0.05626531,2,8075,Not eroded,0,0,0,0,0,0,1,0,1,1,1
8076,0.2001801,0,8076,Not eroded,0,1,0,0,0,0,1,1,1,1,1
8077,0.1737668,5,8077,Not eroded,0,0,0,0,0,0,0,0,0,0,1
8078,0.2303731,0,8078,Not eroded,0,1,1,1,0,0,1,1,1,1,1
8079,0.2869142,7,8079,Not eroded,0,1,1,1,1,1,0,0,0,0,0
8080,0.1787463,8,8080,Not eroded,0,0,0,0,0,0,0,0,0,0,0
8081,0.2611073,0,8081,ERODED,1,1,1,1,1,1,1,1,1,1,1
8082,0.2594005,3,8082,Not eroded,0,1,1,1,1,1,1,0,0,1,1
8083,0.1915218,4,8083,Not eroded,0,1,0,0,0,0,0,0,0,1,1
8084,0.1445027,6,8084,Not eroded,0,0,0,0,0,0,0,0,0,0,0
8085,0.1468255,0,8085,Not eroded,0,0,0,0,0,0,1,1,1,1,1
8086,0.06557416,5,8086,Not eroded,0,0,0,0,0,0,0,0,0,0,1
8087,0.0562406,4,8087,Not eroded,0,0,0,0,0,0,0,0,0,1,1
8088,0.2134267,2,8088,Not eroded,0,1,0,0,0,0,1,0,1,1,1
8089,0.05634205,3,8089,Not eroded,0,0,0,0,0,0,1,0,0,1,1
8090,0.1259632,0,8090,Not eroded,0,0,0,0,0,0,1,1,1,1,1
8091,0.1842073,0,8091,Not eroded,0,0,0,0,0,0,1,1,1,1,1
8092,0.1254986,5,8092,Not eroded,0,0,0,0,0,0,0,0,0,0,1
8093,0.1380933,4,8093,Not eroded,0,0,0,0,0,0,0,0,0,1,1
8095,0.1147815,3,8095,Not eroded,0,0,0,0,0,0,1,0,0,1,1
8096,0.221853,4,8096,Not eroded,0,1,1,0,0,0,0,0,0,1,1
8097,0.1423768,2,8097,Not eroded,0,0,0,0,0,0,1,0,1,1,1
8098,0.3197019,0,8098,ERODED,1,1,1,1,1,1,1,1,1,1,1
8099,0.2587941,6,8099,Not eroded,0,1,1,1,1,1,0,0,0,0,0
8100,0.05597868,4,8100,Not eroded,0,0,0,0,0,0,0,0,0,1,1
8101,0.133007,4,8101,Not eroded,0,0,0,0,0,0,0,0,0,1,1
8102,0.1428659,5,8102,Not eroded,0,0,0,0,0,0,0,0,0,0,1
8103,0.09391125,3,8103,Not eroded,0,0,0,0,0,0,1,0,0,1,1
8104,0.05624958,4,8104,Not eroded,0,0,0,0,0,0,0,0,0,1,1
8105,0.1857037,0,8105,Not eroded,0,0,0,0,0,0,1,1,1,1,1
8106,0.2352657,0,8106,Not eroded,0,1,1,1,0,0,1,1,1,1,1
8107,0.2214074,0,8107,Not eroded,0,1,1,0,0,0,1,1,1,1,1
8108,0.2640871,0,8108,ERODED,1,1,1,1,1,1,1,1,1,1,1
8109,0.1757616,3,8109,Not eroded,0,0,0,0,0,0,1,0,0,1,1
8110,0.05622325,3,8110,Not eroded,0,0,0,0,0,0,1,0,0,1,1
8111,0.05673621,3,8111,Not eroded,0,0,0,0,0,0,1,0,0,1,1
8112,0.199964,5,8112,Not eroded,0,1,0,0,0,0,0,0,0,0,1
8113,0.06447678,4,8113,Not eroded,0,0,0,0,0,0,0,0,0,1,1
8114,0.1345101,0,8114,Not eroded,0,0,0,0,0,0,1,1,1,1,1
8115,0.182914,5,8115,Not eroded,0,0,0,0,0,0,0,0,0,0,1
8116,0.2150663,2,8116,Not eroded,0,1,0,0,0,0,1,0,1,1,1
8117,0.1180956,0,8117,Not eroded,0,0,0,0,0,0,1,1,1,1,1
8118,0.2774065,0,8118,ERODED,1,1,1,1,1,1,1,1,1,1,1
8120,0.1485911,0,8120,Not eroded,0,0,0,0,0,0,1,1,1,1,1
8121,0.2051048,4,8121,Not eroded,0,1,0,0,0,0,0,0,0,1,1
8122,0.1014921,0,8122,Not eroded,0,0,0,0,0,0,1,1,1,1,1
8123,0.1403395,0,8123,Not eroded,0,0,0,0,0,0,1,1,1,1,1
8124,0.2077421,0,8124,Not eroded,0,1,0,0,0,0,1,1,1,1,1
8125,0.08469181,4,8125,Not eroded,0,0,0,0,0,0,0,0,0,1,1
8126,0.3139882,0,8126,ERODED,1,1,1,1,1,1,1,1,1,1,1
8127,0.2506773,3,8127,Not eroded,0,1,1,1,1,1,1,0,0,1,1
8128,0.2801578,0,8128,Not eroded,0,1,1,1,1,1,1,1,1,1,1
8129,0.133496,4,8129,Not eroded,0,0,0,0,0,0,0,0,0,1,1
8130,0.1030533,4,8130,Not eroded,0,0,0,0,0,0,0,0,0,1,1
8131,0.1675336,0,8131,Not eroded,0,0,0,0,0,0,1,1,1,1,1
8132,0.313318,0,8132,ERODED,1,1,1,1,1,1,1,1,1,1,1
8133,0.1470242,0,8133,Not eroded,0,0,0,0,0,0,1,1,1,1,1
8134,0.2943639,3,8134,Not eroded,0,1,1,1,1,1,1,0,0,1,1
8135,0.2222015,5,8135,Not eroded,0,1,1,0,0,0,0,0,0,0,1
8137,0.1660566,4,8137,Not eroded,0,0,0,0,0,0,0,0,0,1,1
8138,0.2913344,4,8138,Not eroded,0,1,1,1,1,1,0,0,0,1,1
8139,0.2640854,3,8139,Not eroded,0,1,1,1,1,1,1,0,0,1,1
8140,0.1147614,4,8140,Not eroded,0,0,0,0,0,0,0,0,0,1,1
8141,0.274412,0,8141,ERODED,1,1,1,1,1,1,1,1,1,1,1
8142,0.1093513,6,8142,Not eroded,0,0,0,0,0,0,0,0,0,0,0
8143,0.302382,2,8143,ERODED,1,1,1,1,1,1,1,0,1,1,1
8144,0.1406982,0,8144,Not eroded,0,0,0,0,0,0,1,1,1,1,1
8145,0.05695192,4,8145,Not eroded,0,0,0,0,0,0,0,0,0,1,1
8146,0.06543739,0,8146,Not eroded,0,0,0,0,0,0,1,1,1,1,1
8147,0.08597098,5,8147,Not eroded,0,0,0,0,0,0,0,0,0,0,1
8148,0.1048713,5,8148,Not eroded,0,0,0,0,0,0,0,0,0,0,1
8150,0.09637518,4,8150,Not eroded,0,0,0,0,0,0,0,0,0,1,1
8152,0.1734467,3,8152,Not eroded,0,0,0,0,0,0,1,0,0,1,1
8153,0.2860646,3,8153,Not eroded,0,1,1,1,1,1,1,0,0,1,1
8154,0.2620869,0,8154,Not eroded,0,1,1,1,1,1,1,1,1,1,1
8155,0.1880253,0,8155,Not eroded,0,0,0,0,0,0,1,1,1,1,1
8156,0.2412264,0,8156,Not eroded,0,1,1,1,1,0,1,1,1,1,1
8157,0.2623289,0,8157,Not eroded,0,1,1,1,1,1,1,1,1,1,1
8158,0.2479665,4,8158,Not eroded,0,1,1,1,1,0,0,0,0,1,1
8159,0.2622669,4,8159,Not eroded,0,1,1,1,1,1,0,0,0,1,1
8160,0.1380623,6,8160,Not eroded,0,0,0,0,0,0,0,0,0,0,0
8161,0.2347533,0,8161,Not eroded,0,1,1,1,0,0,1,1,1,1,1
8162,0.08924427,3,8162,Not eroded,0,0,0,0,0,0,1,0,0,1,1
8163,0.2700818,3,8163,Not eroded,0,1,1,1,1,1,1,0,0,1,1
8165,0.0773378,4,8165,Not eroded,0,0,0,0,0,0,0,0,0,1,1
8166,0.2941529,0,8166,Not eroded,0,1,1,1,1,1,1,1,1,1,1
8167,0.09214997,5,8167,Not eroded,0,0,0,0,0,0,0,0,0,0,1
8168,0.1494664,6,8168,Not eroded,0,0,0,0,0,0,0,0,0,0,0
8169,0.1723646,4,8169,Not eroded,0,0,0,0,0,0,0,0,0,1,1
8170,0.1767743,3,8170,Not eroded,0,0,0,0,0,0,1,0,0,1,1
8171,0.2207606,3,8171,Not eroded,0,1,1,0,0,0,1,0,0,1,1
8172,0.2604789,0,8172,Not eroded,0,1,1,1,1,1,1,1,1,1,1
8173,0.2436937,3,8173,Not eroded,0,1,1,1,1,0,1,0,0,1,1
8175,0.1461348,5,8175,Not eroded,0,0,0,0,0,0,0,0,0,0,1
8176,0.1235042,4,8176,Not eroded,0,0,0,0,0,0,0,0,0,1,1
8177,0.1504757,4,8177,Not eroded,0,0,0,0,0,0,0,0,0,1,1
8178,0.1912691,6,8178,Not eroded,0,1,0,0,0,0,0,0,0,0,0
8179,0.10504,0,8179,Not eroded,0,0,0,0,0,0,1,1,1,1,1
8180,0.1827837,0,8180,Not eroded,0,0,0,0,0,0,1,1,1,1,1
8181,0.3303684,0,8181,ERODED,1,1,1,1,1,1,1,1,1,1,1
8182,0.3155835,0,8182,Not eroded,0,1,1,1,1,1,1,1,1,1,1
8183,0.1079158,4,8183,Not eroded,0,0,0,0,0,0,0,0,0,1,1
8185,0.1411275,0,8185,Not eroded,0,0,0,0,0,0,1,1,1,1,1
8186,0.1757486,2,8186,Not eroded,0,0,0,0,0,0,1,0,1,1,1
8187,0.09243748,4,8187,Not eroded,0,0,0,0,0,0,0,0,0,1,1
8188,0.1429659,5,8188,Not eroded,0,0,0,0,0,0,0,0,0,0,1
8189,0.263107,3,8189,Not eroded,0,1,1,1,1,1,1,0,0,1,1
8191,0.0885169,4,8191,Not eroded,0,0,0,0,0,0,0,0,0,1,1
8192,0.2482824,0,8192,Not eroded,0,1,1,1,1,0,1,1,1,1,1
8193,0.2848603,0,8193,Not eroded,0,1,1,1,1,1,1,1,1,1,1
8194,0.08965118,0,8194,Not eroded,0,0,0,0,0,0,1,1,1,1,1
8195,0.283907,0,8195,ERODED,1,1,1,1,1,1,1,1,1,1,1
8196,0.05624614,4,8196,Not eroded,0,0,0,0,0,0,0,0,0,1,1
8197,0.2975285,4,8197,Not eroded,0,1,1,1,1,1,0,0,0,1,1
8198,0.3246398,0,8198,ERODED,1,1,1,1,1,1,1,1,1,1,1
8199,0.2905135,6,8199,Not eroded,0,1,1,1,1,1,0,0,0,0,0
8200,0.3016891,0,8200,ERODED,1,1,1,1,1,1,1,1,1,1,1
8201,0.08229599,4,8201,Not eroded,0,0,0,0,0,0,0,0,0,1,1
8202,0.06628956,4,8202,Not eroded,0,0,0,0,0,0,0,0,0,1,1
8203,0.2116965,3,8203,Not eroded,0,1,0,0,0,0,1,0,0,1,1
8204,0.08393383,5,8204,Not eroded,0,0,0,0,0,0,0,0,0,0,1
8205,0.1083522,3,8205,Not eroded,0,0,0,0,0,0,1,0,0,1,1
8206,0.2368803,6,8206,Not eroded,0,1,1,1,0,0,0,0,0,0,0
8207,0.06857661,4,8207,Not eroded,0,0,0,0,0,0,0,0,0,1,1
8208,0.06447466,4,8208,Not eroded,0,0,0,0,0,0,0,0,0,1,1
8210,0.1621442,4,8210,Not eroded,0,0,0,0,0,0,0,0,0,1,1
8211,0.1150192,0,8211,Not eroded,0,0,0,0,0,0,1,1,1,1,1
8212,0.189223,5,8212,Not eroded,0,0,0,0,0,0,0,0,0,0,1
8213,0.2961014,4,8213,Not eroded,0,1,1,1,1,1,0,0,0,1,1
8214,0.2613938,0,8214,Not eroded,0,1,1,1,1,1,1,1,1,1,1
8215,0.16324,3,8215,Not eroded,0,0,0,0,0,0,1,0,0,1,1
8216,0.1569755,3,8216,Not eroded,0,0,0,0,0,0,1,0,0,1,1
8217,0.2976568,0,8217,ERODED,1,1,1,1,1,1,1,1,1,1,1
8218,0.1823946,5,8218,Not eroded,0,0,0,0,0,0,0,0,0,0,1
8219,0.2668533,6,8219,Not eroded,0,1,1,1,1,1,0,0,0,0,0
8220,0.2410658,4,8220,Not eroded,0,1,1,1,1,0,0,0,0,1,1
8221,0.2898961,4,8221,Not eroded,0,1,1,1,1,1,0,0,0,1,1
8222,0.3236139,0,8222,ERODED,1,1,1,1,1,1,1,1,1,1,1
8223,0.1366549,3,8223,Not eroded,0,0,0,0,0,0,1,0,0,1,1
8224,0.2993975,0,8224,ERODED,1,1,1,1,1,1,1,1,1,1,1
8225,0.07539271,3,8225,Not eroded,0,0,0,0,0,0,1,0,0,1,1
8226,0.2838907,0,8226,Not eroded,0,1,1,1,1,1,1,1,1,1,1
8227,0.1080276,4,8227,Not eroded,0,0,0,0,0,0,0,0,0,1,1
8228,0.09518736,6,8228,Not eroded,0,0,0,0,0,0,0,0,0,0,0
8229,0.2162632,5,8229,Not eroded,0,1,0,0,0,0,0,0,0,0,1
8230,0.2422923,3,8230,Not eroded,0,1,1,1,1,0,1,0,0,1,1
8231,0.09069785,5,8231,Not eroded,0,0,0,0,0,0,0,0,0,0,1
8232,0.1137317,2,8232,Not eroded,0,0,0,0,0,0,1,0,1,1,1
8233,0.2879437,0,8233,ERODED,1,1,1,1,1,1,1,1,1,1,1
8234,0.2516339,2,8234,Not eroded,0,1,1,1,1,1,1,0,1,1,1
8236,0.1436094,3,8236,Not eroded,0,0,0,0,0,0,1,0,0,1,1
8237,0.3240828,0,8237,ERODED,1,1,1,1,1,1,1,1,1,1,1
8238,0.1467177,4,8238,Not eroded,0,0,0,0,0,0,0,0,0,1,1
8239,0.1761905,5,8239,Not eroded,0,0,0,0,0,0,0,0,0,0,1
8240,0.3200842,0,8240,ERODED,1,1,1,1,1,1,1,1,1,1,1
8241,0.2204621,4,8241,Not eroded,0,1,1,0,0,0,0,0,0,1,1
8242,0.1071631,0,8242,Not eroded,0,0,0,0,0,0,1,1,1,1,1
8243,0.1466876,3,8243,Not eroded,0,0,0,0,0,0,1,0,0,1,1
8244,0.1270694,0,8244,Not eroded,0,0,0,0,0,0,1,1,1,1,1
8245,0.3314993,0,8245,ERODED,1,1,1,1,1,1,1,1,1,1,1
8246,0.07320658,3,8246,Not eroded,0,0,0,0,0,0,1,0,0,1,1
8247,0.1654908,4,8247,Not eroded,0,0,0,0,0,0,0,0,0,1,1
8248,0.1847779,4,8248,Not eroded,0,0,0,0,0,0,0,0,0,1,1
8249,0.09470832,3,8249,Not eroded,0,0,0,0,0,0,1,0,0,1,1
8250,0.1889449,0,8250,Not eroded,0,0,0,0,0,0,1,1,1,1,1
8251,0.1957327,5,8251,Not eroded,0,1,0,0,0,0,0,0,0,0,1
8252,0.05620049,3,8252,Not eroded,0,0,0,0,0,0,1,0,0,1,1
8253,0.05625988,3,8253,Not eroded,0,0,0,0,0,0,1,0,0,1,1
8254,0.1393979,0,8254,Not eroded,0,0,0,0,0,0,1,1,1,1,1
8255,0.1557979,4,8255,Not eroded,0,0,0,0,0,0,0,0,0,1,1
8256,0.1433835,5,8256,Not eroded,0,0,0,0,0,0,0,0,0,0,1
8257,0.09504874,0,8257,Not eroded,0,0,0,0,0,0,1,1,1,1,1
8258,0.1577022,3,8258,Not eroded,0,0,0,0,0,0,1,0,0,1,1
8259,0.3191917,0,8259,ERODED,1,1,1,1,1,1,1,1,1,1,1
8260,0.1192647,4,8260,Not eroded,0,0,0,0,0,0,0,0,0,1,1
8261,0.09184748,5,8261,Not eroded,0,0,0,0,0,0,0,0,0,0,1
8262,0.05701982,2,8262,Not eroded,0,0,0,0,0,0,1,0,1,1,1
8263,0.2860986,0,8263,ERODED,1,1,1,1,1,1,1,1,1,1,1
8264,0.3184653,0,8264,ERODED,1,1,1,1,1,1,1,1,1,1,1
8265,0.112564,2,8265,Not eroded,0,0,0,0,0,0,1,0,1,1,1
8267,0.2737684,4,8267,Not eroded,0,1,1,1,1,1,0,0,0,1,1
8268,0.07439491,2,8268,Not eroded,0,0,0,0,0,0,1,0,1,1,1
8269,0.06426065,6,8269,Not eroded,0,0,0,0,0,0,0,0,0,0,0
8270,0.1952562,4,8270,Not eroded,0,1,0,0,0,0,0,0,0,1,1
8271,0.3249838,0,8271,ERODED,1,1,1,1,1,1,1,1,1,1,1
8272,0.1529314,3,8272,Not eroded,0,0,0,0,0,0,1,0,0,1,1
8273,0.1232196,2,8273,Not eroded,0,0,0,0,0,0,1,0,1,1,1
8274,0.2053386,3,8274,Not eroded,0,1,0,0,0,0,1,0,0,1,1
8276,0.1335802,4,8276,Not eroded,0,0,0,0,0,0,0,0,0,1,1
8277,0.2374706,5,8277,Not eroded,0,1,1,1,0,0,0,0,0,0,1
8278,0.126391,0,8278,Not eroded,0,0,0,0,0,0,1,1,1,1,1
8279,0.1475257,3,8279,Not eroded,0,0,0,0,0,0,1,0,0,1,1
8280,0.1262836,5,8280,Not eroded,0,0,0,0,0,0,0,0,0,0,1
8281,0.1973074,0,8281,Not eroded,0,1,0,0,0,0,1,1,1,1,1
8282,0.0647323,5,8282,Not eroded,0,0,0,0,0,0,0,0,0,0,1
8283,0.2498175,4,8283,Not eroded,0,1,1,1,1,0,0,0,0,1,1
8284,0.2284523,4,8284,Not eroded,0,1,1,0,0,0,0,0,0,1,1
8285,0.2515743,0,8285,ERODED,1,1,1,1,1,1,1,1,1,1,1
8286,0.1315311,3,8286,Not eroded,0,0,0,0,0,0,1,0,0,1,1
8287,0.1387677,5,8287,Not eroded,0,0,0,0,0,0,0,0,0,0,1
8288,0.2962083,5,8288,Not eroded,0,1,1,1,1,1,0,0,0,0,1
8289,0.2063092,5,8289,Not eroded,0,1,0,0,0,0,0,0,0,0,1
8290,0.2057466,2,8290,Not eroded,0,1,0,0,0,0,1,0,1,1,1
8291,0.1970019,4,8291,Not eroded,0,1,0,0,0,0,0,0,0,1,1
8292,0.05626884,3,8292,Not eroded,0,0,0,0,0,0,1,0,0,1,1
8293,0.210995,2,8293,Not eroded,0,1,0,0,0,0,1,0,1,1,1
8294,0.2525443,5,8294,Not eroded,0,1,1,1,1,1,0,0,0,0,1
8295,0.2619388,0,8295,ERODED,1,1,1,1,1,1,1,1,1,1,1
8296,0.256321,4,8296,Not eroded,0,1,1,1,1,1,0,0,0,1,1
8297,0.08389526,3,8297,Not eroded,0,0,0,0,0,0,1,0,0,1,1
8298,0.2670005,0,8298,ERODED,1,1,1,1,1,1,1,1,1,1,1
8299,0.0562271,4,8299,Not eroded,0,0,0,0,0,0,0,0,0,1,1
8300,0.0659617,5,8300,Not eroded,0,0,0,0,0,0,0,0,0,0,1
8301,0.2037969,4,8301,Not eroded,0,1,0,0,0,0,0,0,0,1,1
8302,0.2633802,3,8302,Not eroded,0,1,1,1,1,1,1,0,0,1,1
8303,0.1086664,6,8303,Not eroded,0,0,0,0,0,0,0,0,0,0,0
8304,0.1965999,0,8304,Not eroded,0,1,0,0,0,0,1,1,1,1,1
8306,0.163008,5,8306,Not eroded,0,0,0,0,0,0,0,0,0,0,1
8307,0.1655853,4,8307,Not eroded,0,0,0,0,0,0,0,0,0,1,1
8308,0.129327,4,8308,Not eroded,0,0,0,0,0,0,0,0,0,1,1
8310,0.07795593,6,8310,Not eroded,0,0,0,0,0,0,0,0,0,0,0
8311,0.06346929,5,8311,Not eroded,0,0,0,0,0,0,0,0,0,0,1
8313,0.06323804,5,8313,Not eroded,0,0,0,0,0,0,0,0,0,0,1
8314,0.06737895,4,8314,Not eroded,0,0,0,0,0,0,0,0,0,1,1
8315,0.1514245,7,8315,Not eroded,0,0,0,0,0,0,0,0,0,0,0
8316,0.1889246,3,8316,Not eroded,0,0,0,0,0,0,1,0,0,1,1
8317,0.1890647,4,8317,Not eroded,0,0,0,0,0,0,0,0,0,1,1
8318,0.1537612,4,8318,Not eroded,0,0,0,0,0,0,0,0,0,1,1
8319,0.2049263,4,8319,Not eroded,0,1,0,0,0,0,0,0,0,1,1
8320,0.05625649,2,8320,Not eroded,0,0,0,0,0,0,1,0,1,1,1
8321,0.2639863,0,8321,Not eroded,0,1,1,1,1,1,1,1,1,1,1
8322,0.07006719,3,8322,Not eroded,0,0,0,0,0,0,1,0,0,1,1
8323,0.05627176,4,8323,Not eroded,0,0,0,0,0,0,0,0,0,1,1
8324,0.2868399,3,8324,Not eroded,0,1,1,1,1,1,1,0,0,1,1
8325,0.2843624,0,8325,ERODED,1,1,1,1,1,1,1,1,1,1,1
8326,0.1050831,0,8326,Not eroded,0,0,0,0,0,0,1,1,1,1,1
8327,0.1606949,0,8327,Not eroded,0,0,0,0,0,0,1,1,1,1,1
8328,0.0694078,5,8328,Not eroded,0,0,0,0,0,0,0,0,0,0,1
8329,0.1611155,0,8329,Not eroded,0,0,0,0,0,0,1,1,1,1,1
8330,0.07643337,6,8330,Not eroded,0,0,0,0,0,0,0,0,0,0,0
8331,0.1465647,0,8331,Not eroded,0,0,0,0,0,0,1,1,1,1,1
8332,0.2560592,7,8332,Not eroded,0,1,1,1,1,1,0,0,0,0,0
8333,0.2882241,4,8333,Not eroded,0,1,1,1,1,1,0,0,0,1,1
8334,0.3068904,3,8334,Not eroded,0,1,1,1,1,1,1,0,0,1,1
8335,0.2697538,4,8335,Not eroded,0,1,1,1,1,1,0,0,0,1,1
8336,0.1899583,3,8336,Not eroded,0,0,0,0,0,0,1,0,0,1,1
8337,0.16045,4,8337,Not eroded,0,0,0,0,0,0,0,0,0,1,1
8338,0.06598882,4,8338,Not eroded,0,0,0,0,0,0,0,0,0,1,1
8339,0.2817569,5,8339,Not eroded,0,1,1,1,1,1,0,0,0,0,1
8340,0.06376776,4,8340,Not eroded,0,0,0,0,0,0,0,0,0,1,1
8341,0.1421016,3,8341,Not eroded,0,0,0,0,0,0,1,0,0,1,1
8342,0.2436453,0,8342,Not eroded,0,1,1,1,1,0,1,1,1,1,1
8343,0.2524943,4,8343,Not eroded,0,1,1,1,1,1,0,0,0,1,1
8344,0.05627163,3,8344,Not eroded,0,0,0,0,0,0,1,0,0,1,1
8346,0.1467065,5,8346,Not eroded,0,0,0,0,0,0,0,0,0,0,1
8347,0.1735261,5,8347,Not eroded,0,0,0,0,0,0,0,0,0,0,1
8348,0.2438297,4,8348,Not eroded,0,1,1,1,1,0,0,0,0,1,1
8349,0.2361553,5,8349,Not eroded,0,1,1,1,0,0,0,0,0,0,1
8350,0.1737294,4,8350,Not eroded,0,0,0,0,0,0,0,0,0,1,1
8352,0.2255537,0,8352,Not eroded,0,1,1,0,0,0,1,1,1,1,1
8353,0.06557031,2,8353,Not eroded,0,0,0,0,0,0,1,0,1,1,1
8354,0.1696367,0,8354,Not eroded,0,0,0,0,0,0,1,1,1,1,1
8356,0.0700398,3,8356,Not eroded,0,0,0,0,0,0,1,0,0,1,1
8357,0.3162278,0,8357,ERODED,1,1,1,1,1,1,1,1,1,1,1
8358,0.1908582,0,8358,Not eroded,0,1,0,0,0,0,1,1,1,1,1
8359,0.2563921,3,8359,Not eroded,0,1,1,1,1,1,1,0,0,1,1
8360,0.2987299,3,8360,Not eroded,0,1,1,1,1,1,1,0,0,1,1
8361,0.2105692,0,8361,Not eroded,0,1,0,0,0,0,1,1,1,1,1
8362,0.3057561,0,8362,ERODED,1,1,1,1,1,1,1,1,1,1,1
8363,0.11564,0,8363,Not eroded,0,0,0,0,0,0,1,1,1,1,1
8366,0.09804188,0,8366,Not eroded,0,0,0,0,0,0,1,1,1,1,1
8367,0.08221013,3,8367,Not eroded,0,0,0,0,0,0,1,0,0,1,1
8368,0.07058993,7,8368,Not eroded,0,0,0,0,0,0,0,0,0,0,0
8369,0.2207602,0,8369,Not eroded,0,1,1,0,0,0,1,1,1,1,1
8371,0.2130437,6,8371,Not eroded,0,1,0,0,0,0,0,0,0,0,0
8372,0.1852348,6,8372,Not eroded,0,0,0,0,0,0,0,0,0,0,0
8373,0.2477626,6,8373,Not eroded,0,1,1,1,1,0,0,0,0,0,0
8374,0.07128688,5,8374,Not eroded,0,0,0,0,0,0,0,0,0,0,1
8375,0.2161741,3,8375,Not eroded,0,1,0,0,0,0,1,0,0,1,1
8376,0.1081047,5,8376,Not eroded,0,0,0,0,0,0,0,0,0,0,1
8377,0.1558277,5,8377,Not eroded,0,0,0,0,0,0,0,0,0,0,1
8378,0.1512769,0,8378,Not eroded,0,0,0,0,0,0,1,1,1,1,1
8380,0.09143492,6,8380,Not eroded,0,0,0,0,0,0,0,0,0,0,0
8381,0.08650895,0,8381,Not eroded,0,0,0,0,0,0,1,1,1,1,1
8382,0.1068357,5,8382,Not eroded,0,0,0,0,0,0,0,0,0,0,1
8383,0.3164391,0,8383,ERODED,1,1,1,1,1,1,1,1,1,1,1
8384,0.2917654,0,8384,Not eroded,0,1,1,1,1,1,1,1,1,1,1
8385,0.05625477,3,8385,Not eroded,0,0,0,0,0,0,1,0,0,1,1
8387,0.1678608,4,8387,Not eroded,0,0,0,0,0,0,0,0,0,1,1
8388,0.2043375,3,8388,Not eroded,0,1,0,0,0,0,1,0,0,1,1
8389,0.1372506,5,8389,Not eroded,0,0,0,0,0,0,0,0,0,0,1
8390,0.1765804,5,8390,Not eroded,0,0,0,0,0,0,0,0,0,0,1
8391,0.263161,0,8391,Not eroded,0,1,1,1,1,1,1,1,1,1,1
8393,0.1811219,0,8393,Not eroded,0,0,0,0,0,0,1,1,1,1,1
8394,0.2243627,0,8394,Not eroded,0,1,1,0,0,0,1,1,1,1,1
8395,0.1767862,4,8395,Not eroded,0,0,0,0,0,0,0,0,0,1,1
8396,0.2046464,0,8396,Not eroded,0,1,0,0,0,0,1,1,1,1,1
8397,0.1669805,0,8397,Not eroded,0,0,0,0,0,0,1,1,1,1,1
8398,0.2914865,0,8398,ERODED,1,1,1,1,1,1,1,1,1,1,1
8399,0.126617,3,8399,Not eroded,0,0,0,0,0,0,1,0,0,1,1
8400,0.07966078,6,8400,Not eroded,0,0,0,0,0,0,0,0,0,0,0
8401,0.2433742,3,8401,Not eroded,0,1,1,1,1,0,1,0,0,1,1
8402,0.3137942,0,8402,ERODED,1,1,1,1,1,1,1,1,1,1,1
8403,0.1267567,3,8403,Not eroded,0,0,0,0,0,0,1,0,0,1,1
8404,0.05621525,6,8404,Not eroded,0,0,0,0,0,0,0,0,0,0,0
8405,0.09851013,4,8405,Not eroded,0,0,0,0,0,0,0,0,0,1,1
8406,0.2570542,3,8406,Not eroded,0,1,1,1,1,1,1,0,0,1,1
8407,0.2922715,0,8407,ERODED,1,1,1,1,1,1,1,1,1,1,1
8408,0.06615214,6,8408,Not eroded,0,0,0,0,0,0,0,0,0,0,0
8410,0.2202476,0,8410,Not eroded,0,1,1,0,0,0,1,1,1,1,1
8411,0.2029476,4,8411,Not eroded,0,1,0,0,0,0,0,0,0,1,1
8412,0.2047167,5,8412,Not eroded,0,1,0,0,0,0,0,0,0,0,1
8413,0.1806905,5,8413,Not eroded,0,0,0,0,0,0,0,0,0,0,1
8414,0.09066168,5,8414,Not eroded,0,0,0,0,0,0,0,0,0,0,1
8415,0.1592077,4,8415,Not eroded,0,0,0,0,0,0,0,0,0,1,1
8416,0.08691801,3,8416,Not eroded,0,0,0,0,0,0,1,0,0,1,1
8419,0.1050472,3,8419,Not eroded,0,0,0,0,0,0,1,0,0,1,1
8420,0.2363579,4,8420,Not eroded,0,1,1,1,0,0,0,0,0,1,1
8422,0.1346695,4,8422,Not eroded,0,0,0,0,0,0,0,0,0,1,1
8423,0.2119749,0,8423,Not eroded,0,1,0,0,0,0,1,1,1,1,1
8424,0.2114931,3,8424,Not eroded,0,1,0,0,0,0,1,0,0,1,1
8425,0.05626999,3,8425,Not eroded,0,0,0,0,0,0,1,0,0,1,1
8426,0.1504152,4,8426,Not eroded,0,0,0,0,0,0,0,0,0,1,1
8427,0.09400682,4,8427,Not eroded,0,0,0,0,0,0,0,0,0,1,1
8428,0.2815985,3,8428,Not eroded,0,1,1,1,1,1,1,0,0,1,1
8429,0.230127,4,8429,Not eroded,0,1,1,1,0,0,0,0,0,1,1
8430,0.09348235,2,8430,Not eroded,0,0,0,0,0,0,1,0,1,1,1
8431,0.2457739,4,8431,Not eroded,0,1,1,1,1,0,0,0,0,1,1
8432,0.1218134,7,8432,Not eroded,0,0,0,0,0,0,0,0,0,0,0
8433,0.1845663,0,8433,Not eroded,0,0,0,0,0,0,1,1,1,1,1
8434,0.2740717,4,8434,Not eroded,0,1,1,1,1,1,0,0,0,1,1
8435,0.09471453,4,8435,Not eroded,0,0,0,0,0,0,0,0,0,1,1
8436,0.3017449,0,8436,ERODED,1,1,1,1,1,1,1,1,1,1,1
8437,0.07209764,4,8437,Not eroded,0,0,0,0,0,0,0,0,0,1,1
8438,0.2639044,4,8438,Not eroded,0,1,1,1,1,1,0,0,0,1,1
8439,0.1219974,4,8439,Not eroded,0,0,0,0,0,0,0,0,0,1,1
8440,0.1340959,5,8440,Not eroded,0,0,0,0,0,0,0,0,0,0,1
8441,0.2956926,3,8441,Not eroded,0,1,1,1,1,1,1,0,0,1,1
8442,0.07966712,4,8442,Not eroded,0,0,0,0,0,0,0,0,0,1,1
8443,0.2753393,0,8443,ERODED,1,1,1,1,1,1,1,1,1,1,1
8444,0.05625866,4,8444,Not eroded,0,0,0,0,0,0,0,0,0,1,1
8445,0.2510409,4,8445,Not eroded,0,1,1,1,1,1,0,0,0,1,1
8446,0.1097898,4,8446,Not eroded,0,0,0,0,0,0,0,0,0,1,1
8447,0.1873315,4,8447,Not eroded,0,0,0,0,0,0,0,0,0,1,1
8448,0.1784601,5,8448,Not eroded,0,0,0,0,0,0,0,0,0,0,1
8449,0.09985596,4,8449,Not eroded,0,0,0,0,0,0,0,0,0,1,1
8450,0.08713274,4,8450,Not eroded,0,0,0,0,0,0,0,0,0,1,1
8451,0.1091884,4,8451,Not eroded,0,0,0,0,0,0,0,0,0,1,1
8452,0.2535172,0,8452,Not eroded,0,1,1,1,1,1,1,1,1,1,1
8453,0.154951,6,8453,Not eroded,0,0,0,0,0,0,0,0,0,0,0
8454,0.07247712,0,8454,Not eroded,0,0,0,0,0,0,1,1,1,1,1
8455,0.1043979,0,8455,Not eroded,0,0,0,0,0,0,1,1,1,1,1
8456,0.2167919,3,8456,Not eroded,0,1,0,0,0,0,1,0,0,1,1
8457,0.06502461,5,8457,Not eroded,0,0,0,0,0,0,0,0,0,0,1
8458,0.2164361,0,8458,Not eroded,0,1,0,0,0,0,1,1,1,1,1
8459,0.2881197,4,8459,Not eroded,0,1,1,1,1,1,0,0,0,1,1
8460,0.2472306,5,8460,Not eroded,0,1,1,1,1,0,0,0,0,0,1
8461,0.2817132,4,8461,Not eroded,0,1,1,1,1,1,0,0,0,1,1
8462,0.2331384,0,8462,ERODED,1,1,1,1,0,0,1,1,1,1,1
8463,0.2445535,5,8463,Not eroded,0,1,1,1,1,0,0,0,0,0,1
8464,0.1398017,0,8464,Not eroded,0,0,0,0,0,0,1,1,1,1,1
8465,0.1476097,5,8465,Not eroded,0,0,0,0,0,0,0,0,0,0,1
8466,0.1970817,4,8466,Not eroded,0,1,0,0,0,0,0,0,0,1,1
8467,0.2221684,0,8467,Not eroded,0,1,1,0,0,0,1,1,1,1,1
8468,0.1652241,3,8468,Not eroded,0,0,0,0,0,0,1,0,0,1,1
8469,0.131956,3,8469,Not eroded,0,0,0,0,0,0,1,0,0,1,1
8470,0.2647025,0,8470,Not eroded,0,1,1,1,1,1,1,1,1,1,1
8471,0.09646958,3,8471,Not eroded,0,0,0,0,0,0,1,0,0,1,1
8472,0.07696137,4,8472,Not eroded,0,0,0,0,0,0,0,0,0,1,1
8473,0.1236769,0,8473,Not eroded,0,0,0,0,0,0,1,1,1,1,1
8474,0.1229932,5,8474,Not eroded,0,0,0,0,0,0,0,0,0,0,1
8475,0.2400484,3,8475,Not eroded,0,1,1,1,1,0,1,0,0,1,1
8476,0.0561735,4,8476,Not eroded,0,0,0,0,0,0,0,0,0,1,1
8477,0.2118157,0,8477,Not eroded,0,1,0,0,0,0,1,1,1,1,1
8479,0.1252872,0,8479,Not eroded,0,0,0,0,0,0,1,1,1,1,1
8480,0.1377546,0,8480,Not eroded,0,0,0,0,0,0,1,1,1,1,1
8481,0.2242554,3,8481,Not eroded,0,1,1,0,0,0,1,0,0,1,1
8482,0.147345,0,8482,Not eroded,0,0,0,0,0,0,1,1,1,1,1
8483,0.1684193,4,8483,Not eroded,0,0,0,0,0,0,0,0,0,1,1
8484,0.2609975,5,8484,Not eroded,0,1,1,1,1,1,0,0,0,0,1
8485,0.2227453,0,8485,Not eroded,0,1,1,0,0,0,1,1,1,1,1
8486,0.2357515,5,8486,Not eroded,0,1,1,1,0,0,0,0,0,0,1
8487,0.2516864,3,8487,Not eroded,0,1,1,1,1,1,1,0,0,1,1
8488,0.1658343,0,8488,Not eroded,0,0,0,0,0,0,1,1,1,1,1
8489,0.2736482,3,8489,Not eroded,0,1,1,1,1,1,1,0,0,1,1
8490,0.1323446,5,8490,Not eroded,0,0,0,0,0,0,0,0,0,0,1
8491,0.2476772,3,8491,Not eroded,0,1,1,1,1,0,1,0,0,1,1
8492,0.07314389,4,8492,Not eroded,0,0,0,0,0,0,0,0,0,1,1
8493,0.1812244,5,8493,Not eroded,0,0,0,0,0,0,0,0,0,0,1
8494,0.08868127,4,8494,Not eroded,0,0,0,0,0,0,0,0,0,1,1
8495,0.2026629,0,8495,Not eroded,0,1,0,0,0,0,1,1,1,1,1
8496,0.1752018,5,8496,Not eroded,0,0,0,0,0,0,0,0,0,0,1
8497,0.2026009,4,8497,Not eroded,0,1,0,0,0,0,0,0,0,1,1
8498,0.1988369,0,8498,Not eroded,0,1,0,0,0,0,1,1,1,1,1
8499,0.1205466,4,8499,Not eroded,0,0,0,0,0,0,0,0,0,1,1
8500,0.06557036,6,8500,Not eroded,0,0,0,0,0,0,0,0,0,0,0
8501,0.1498638,2,8501,Not eroded,0,0,0,0,0,0,1,0,1,1,1
8502,0.1834009,5,8502,Not eroded,0,0,0,0,0,0,0,0,0,0,1
8503,0.2592852,0,8503,Not eroded,0,1,1,1,1,1,1,1,1,1,1
8504,0.1254702,5,8504,Not eroded,0,0,0,0,0,0,0,0,0,0,1
8505,0.2138481,3,8505,Not eroded,0,1,0,0,0,0,1,0,0,1,1
8506,0.1732781,3,8506,Not eroded,0,0,0,0,0,0,1,0,0,1,1
8507,0.05624419,4,8507,Not eroded,0,0,0,0,0,0,0,0,0,1,1
8508,0.1897353,2,8508,Not eroded,0,0,0,0,0,0,1,0,1,1,1
8509,0.142202,0,8509,Not eroded,0,0,0,0,0,0,1,1,1,1,1
8510,0.2330473,4,8510,Not eroded,0,1,1,1,0,0,0,0,0,1,1
8511,0.2047286,6,8511,Not eroded,0,1,0,0,0,0,0,0,0,0,0
8512,0.2250528,4,8512,Not eroded,0,1,1,0,0,0,0,0,0,1,1
8513,0.2453995,0,8513,Not eroded,0,1,1,1,1,0,1,1,1,1,1
8514,0.05626178,3,8514,Not eroded,0,0,0,0,0,0,1,0,0,1,1
8515,0.07652874,3,8515,Not eroded,0,0,0,0,0,0,1,0,0,1,1
8516,0.2850941,0,8516,ERODED,1,1,1,1,1,1,1,1,1,1,1
8517,0.1001253,3,8517,Not eroded,0,0,0,0,0,0,1,0,0,1,1
8518,0.06225397,5,8518,Not eroded,0,0,0,0,0,0,0,0,0,0,1
8519,0.1225358,4,8519,Not eroded,0,0,0,0,0,0,0,0,0,1,1
8520,0.261741,3,8520,Not eroded,0,1,1,1,1,1,1,0,0,1,1
8521,0.1832597,5,8521,Not eroded,0,0,0,0,0,0,0,0,0,0,1
8522,0.2353261,3,8522,Not eroded,0,1,1,1,0,0,1,0,0,1,1
8523,0.07483686,0,8523,Not eroded,0,0,0,0,0,0,1,1,1,1,1
8524,0.1923221,4,8524,Not eroded,0,1,0,0,0,0,0,0,0,1,1
8525,0.2991455,0,8525,ERODED,1,1,1,1,1,1,1,1,1,1,1
8526,0.08626653,3,8526,Not eroded,0,0,0,0,0,0,1,0,0,1,1
8527,0.05835314,4,8527,Not eroded,0,0,0,0,0,0,0,0,0,1,1
8528,0.06618658,3,8528,Not eroded,0,0,0,0,0,0,1,0,0,1,1
8529,0.06288573,3,8529,Not eroded,0,0,0,0,0,0,1,0,0,1,1
8530,0.2182496,6,8530,Not eroded,0,1,0,0,0,0,0,0,0,0,0
8531,0.1773491,0,8531,Not eroded,0,0,0,0,0,0,1,1,1,1,1
8532,0.2635557,2,8532,ERODED,1,1,1,1,1,1,1,0,1,1,1
8533,0.2886539,0,8533,Not eroded,0,1,1,1,1,1,1,1,1,1,1
8534,0.2971985,3,8534,Not eroded,0,1,1,1,1,1,1,0,0,1,1
8535,0.221542,3,8535,Not eroded,0,1,1,0,0,0,1,0,0,1,1
8536,0.06482539,6,8536,Not eroded,0,0,0,0,0,0,0,0,0,0,0
8537,0.2603823,0,8537,Not eroded,0,1,1,1,1,1,1,1,1,1,1
8538,0.09313755,5,8538,Not eroded,0,0,0,0,0,0,0,0,0,0,1
8539,0.1063945,3,8539,Not eroded,0,0,0,0,0,0,1,0,0,1,1
8540,0.06755116,5,8540,Not eroded,0,0,0,0,0,0,0,0,0,0,1
8541,0.1138205,5,8541,Not eroded,0,0,0,0,0,0,0,0,0,0,1
8542,0.1038787,4,8542,Not eroded,0,0,0,0,0,0,0,0,0,1,1
8544,0.1472231,7,8544,Not eroded,0,0,0,0,0,0,0,0,0,0,0
8545,0.2898198,3,8545,Not eroded,0,1,1,1,1,1,1,0,0,1,1
8546,0.2547858,3,8546,Not eroded,0,1,1,1,1,1,1,0,0,1,1
8547,0.103235,4,8547,Not eroded,0,0,0,0,0,0,0,0,0,1,1
8548,0.279392,5,8548,Not eroded,0,1,1,1,1,1,0,0,0,0,1
8549,0.08893336,4,8549,Not eroded,0,0,0,0,0,0,0,0,0,1,1
8550,0.3046575,4,8550,Not eroded,0,1,1,1,1,1,0,0,0,1,1
8551,0.1180061,6,8551,Not eroded,0,0,0,0,0,0,0,0,0,0,0
8552,0.05628285,3,8552,Not eroded,0,0,0,0,0,0,1,0,0,1,1
8553,0.05672176,4,8553,Not eroded,0,0,0,0,0,0,0,0,0,1,1
8554,0.1238527,4,8554,Not eroded,0,0,0,0,0,0,0,0,0,1,1
8555,0.3129037,0,8555,ERODED,1,1,1,1,1,1,1,1,1,1,1
8556,0.2170916,0,8556,Not eroded,0,1,0,0,0,0,1,1,1,1,1
8557,0.06093533,5,8557,Not eroded,0,0,0,0,0,0,0,0,0,0,1
8558,0.3244093,0,8558,ERODED,1,1,1,1,1,1,1,1,1,1,1
8559,0.325019,0,8559,ERODED,1,1,1,1,1,1,1,1,1,1,1
8560,0.288564,0,8560,ERODED,1,1,1,1,1,1,1,1,1,1,1
8561,0.08933296,4,8561,Not eroded,0,0,0,0,0,0,0,0,0,1,1
8562,0.3201047,0,8562,ERODED,1,1,1,1,1,1,1,1,1,1,1
8563,0.1718069,4,8563,Not eroded,0,0,0,0,0,0,0,0,0,1,1
8564,0.2502896,4,8564,Not eroded,0,1,1,1,1,1,0,0,0,1,1
8565,0.09654258,0,8565,Not eroded,0,0,0,0,0,0,1,1,1,1,1
8566,0.1554496,6,8566,Not eroded,0,0,0,0,0,0,0,0,0,0,0
8567,0.0856747,5,8567,Not eroded,0,0,0,0,0,0,0,0,0,0,1
8568,0.0562698,4,8568,Not eroded,0,0,0,0,0,0,0,0,0,1,1
8569,0.2743825,4,8569,Not eroded,0,1,1,1,1,1,0,0,0,1,1
8570,0.2912378,0,8570,Not eroded,0,1,1,1,1,1,1,1,1,1,1
8572,0.2914153,0,8572,ERODED,1,1,1,1,1,1,1,1,1,1,1
8574,0.2284858,0,8574,Not eroded,0,1,1,0,0,0,1,1,1,1,1
8575,0.2471908,6,8575,Not eroded,0,1,1,1,1,0,0,0,0,0,0
8577,0.2449729,0,8577,Not eroded,0,1,1,1,1,0,1,1,1,1,1
8578,0.2689105,4,8578,Not eroded,0,1,1,1,1,1,0,0,0,1,1
8579,0.1602244,4,8579,Not eroded,0,0,0,0,0,0,0,0,0,1,1
8580,0.0646591,0,8580,Not eroded,0,0,0,0,0,0,1,1,1,1,1
8581,0.314012,0,8581,ERODED,1,1,1,1,1,1,1,1,1,1,1
8582,0.1301338,5,8582,Not eroded,0,0,0,0,0,0,0,0,0,0,1
8583,0.1924855,5,8583,Not eroded,0,1,0,0,0,0,0,0,0,0,1
8584,0.232307,3,8584,Not eroded,0,1,1,1,0,0,1,0,0,1,1
8585,0.294381,0,8585,Not eroded,0,1,1,1,1,1,1,1,1,1,1
8586,0.2749948,2,8586,Not eroded,0,1,1,1,1,1,1,0,1,1,1
8587,0.1534796,3,8587,Not eroded,0,0,0,0,0,0,1,0,0,1,1
8588,0.1683105,0,8588,Not eroded,0,0,0,0,0,0,1,1,1,1,1
8589,0.05626244,2,8589,Not eroded,0,0,0,0,0,0,1,0,1,1,1
8590,0.2296658,4,8590,Not eroded,0,1,1,0,0,0,0,0,0,1,1
8591,0.09075982,4,8591,Not eroded,0,0,0,0,0,0,0,0,0,1,1
8592,0.07800599,3,8592,Not eroded,0,0,0,0,0,0,1,0,0,1,1
8593,0.07346797,0,8593,Not eroded,0,0,0,0,0,0,1,1,1,1,1
8594,0.05624055,5,8594,Not eroded,0,0,0,0,0,0,0,0,0,0,1
8595,0.1480085,4,8595,Not eroded,0,0,0,0,0,0,0,0,0,1,1
8596,0.1095715,4,8596,Not eroded,0,0,0,0,0,0,0,0,0,1,1
8597,0.2861374,3,8597,Not eroded,0,1,1,1,1,1,1,0,0,1,1
8598,0.140524,5,8598,Not eroded,0,0,0,0,0,0,0,0,0,0,1
8599,0.215286,4,8599,Not eroded,0,1,0,0,0,0,0,0,0,1,1
8600,0.1715022,0,8600,Not eroded,0,0,0,0,0,0,1,1,1,1,1
8601,0.2725062,0,8601,Not eroded,0,1,1,1,1,1,1,1,1,1,1
8602,0.1535764,2,8602,Not eroded,0,0,0,0,0,0,1,0,1,1,1
8603,0.1881427,0,8603,Not eroded,0,0,0,0,0,0,1,1,1,1,1
8604,0.3217144,0,8604,ERODED,1,1,1,1,1,1,1,1,1,1,1
8605,0.05627277,3,8605,Not eroded,0,0,0,0,0,0,1,0,0,1,1
8607,0.09814544,5,8607,Not eroded,0,0,0,0,0,0,0,0,0,0,1
8608,0.1180985,5,8608,Not eroded,0,0,0,0,0,0,0,0,0,0,1
8609,0.2838425,3,8609,Not eroded,0,1,1,1,1,1,1,0,0,1,1
8610,0.1322197,5,8610,Not eroded,0,0,0,0,0,0,0,0,0,0,1
8611,0.323857,0,8611,ERODED,1,1,1,1,1,1,1,1,1,1,1
8612,0.2126496,5,8612,Not eroded,0,1,0,0,0,0,0,0,0,0,1
8613,0.1056623,5,8613,Not eroded,0,0,0,0,0,0,0,0,0,0,1
8614,0.1185127,4,8614,Not eroded,0,0,0,0,0,0,0,0,0,1,1
8615,0.1965925,6,8615,Not eroded,0,1,0,0,0,0,0,0,0,0,0
8616,0.05611311,5,8616,Not eroded,0,0,0,0,0,0,0,0,0,0,1
8617,0.125913,4,8617,Not eroded,0,0,0,0,0,0,0,0,0,1,1
8618,0.2668231,4,8618,Not eroded,0,1,1,1,1,1,0,0,0,1,1
8619,0.05625325,5,8619,Not eroded,0,0,0,0,0,0,0,0,0,0,1
8620,0.2339846,3,8620,Not eroded,0,1,1,1,0,0,1,0,0,1,1
8621,0.214654,0,8621,Not eroded,0,1,0,0,0,0,1,1,1,1,1
8624,0.1931051,5,8624,Not eroded,0,1,0,0,0,0,0,0,0,0,1
8625,0.2170976,4,8625,Not eroded,0,1,0,0,0,0,0,0,0,1,1
8626,0.1591413,6,8626,Not eroded,0,0,0,0,0,0,0,0,0,0,0
8627,0.2401514,3,8627,Not eroded,0,1,1,1,1,0,1,0,0,1,1
8628,0.2513538,0,8628,ERODED,1,1,1,1,1,1,1,1,1,1,1
8629,0.3003012,3,8629,Not eroded,0,1,1,1,1,1,1,0,0,1,1
8630,0.2928042,0,8630,ERODED,1,1,1,1,1,1,1,1,1,1,1
8631,0.3155707,0,8631,ERODED,1,1,1,1,1,1,1,1,1,1,1
8632,0.1380008,4,8632,Not eroded,0,0,0,0,0,0,0,0,0,1,1
8633,0.2337934,0,8633,ERODED,1,1,1,1,0,0,1,1,1,1,1
8634,0.1283255,6,8634,Not eroded,0,0,0,0,0,0,0,0,0,0,0
8635,0.254604,0,8635,Not eroded,0,1,1,1,1,1,1,1,1,1,1
8636,0.2985495,0,8636,ERODED,1,1,1,1,1,1,1,1,1,1,1
8637,0.2700115,3,8637,Not eroded,0,1,1,1,1,1,1,0,0,1,1
8638,0.2573124,4,8638,Not eroded,0,1,1,1,1,1,0,0,0,1,1
8639,0.2955785,0,8639,Not eroded,0,1,1,1,1,1,1,1,1,1,1
8640,0.1003123,4,8640,Not eroded,0,0,0,0,0,0,0,0,0,1,1
8641,0.217051,4,8641,Not eroded,0,1,0,0,0,0,0,0,0,1,1
8642,0.154716,4,8642,Not eroded,0,0,0,0,0,0,0,0,0,1,1
8643,0.1196835,3,8643,Not eroded,0,0,0,0,0,0,1,0,0,1,1
8644,0.1437608,5,8644,Not eroded,0,0,0,0,0,0,0,0,0,0,1
8645,0.2489386,6,8645,Not eroded,0,1,1,1,1,0,0,0,0,0,0
8646,0.1634413,3,8646,Not eroded,0,0,0,0,0,0,1,0,0,1,1
8647,0.05626621,3,8647,Not eroded,0,0,0,0,0,0,1,0,0,1,1
8648,0.1059207,4,8648,Not eroded,0,0,0,0,0,0,0,0,0,1,1
8649,0.190893,4,8649,Not eroded,0,1,0,0,0,0,0,0,0,1,1
8650,0.2833881,0,8650,Not eroded,0,1,1,1,1,1,1,1,1,1,1
8651,0.05624135,4,8651,Not eroded,0,0,0,0,0,0,0,0,0,1,1
8652,0.05616213,4,8652,Not eroded,0,0,0,0,0,0,0,0,0,1,1
8653,0.2665225,0,8653,Not eroded,0,1,1,1,1,1,1,1,1,1,1
8654,0.09837245,3,8654,Not eroded,0,0,0,0,0,0,1,0,0,1,1
8655,0.1878548,4,8655,Not eroded,0,0,0,0,0,0,0,0,0,1,1
8657,0.2519224,4,8657,Not eroded,0,1,1,1,1,1,0,0,0,1,1
8658,0.05625521,3,8658,Not eroded,0,0,0,0,0,0,1,0,0,1,1
8659,0.3187393,0,8659,ERODED,1,1,1,1,1,1,1,1,1,1,1
8660,0.2211974,3,8660,Not eroded,0,1,1,0,0,0,1,0,0,1,1
8661,0.09166633,4,8661,Not eroded,0,0,0,0,0,0,0,0,0,1,1
8662,0.1275174,0,8662,Not eroded,0,0,0,0,0,0,1,1,1,1,1
8663,0.09686859,3,8663,Not eroded,0,0,0,0,0,0,1,0,0,1,1
8664,0.2770207,3,8664,Not eroded,0,1,1,1,1,1,1,0,0,1,1
8665,0.1301329,0,8665,Not eroded,0,0,0,0,0,0,1,1,1,1,1
8666,0.1698666,0,8666,Not eroded,0,0,0,0,0,0,1,1,1,1,1
8667,0.2611661,0,8667,Not eroded,0,1,1,1,1,1,1,1,1,1,1
8668,0.1460041,3,8668,Not eroded,0,0,0,0,0,0,1,0,0,1,1
8669,0.07202208,5,8669,Not eroded,0,0,0,0,0,0,0,0,0,0,1
8671,0.1086058,3,8671,Not eroded,0,0,0,0,0,0,1,0,0,1,1
8672,0.254624,3,8672,Not eroded,0,1,1,1,1,1,1,0,0,1,1
8673,0.1152379,5,8673,Not eroded,0,0,0,0,0,0,0,0,0,0,1
8674,0.1517624,4,8674,Not eroded,0,0,0,0,0,0,0,0,0,1,1
8675,0.2089015,4,8675,Not eroded,0,1,0,0,0,0,0,0,0,1,1
8676,0.2591429,0,8676,Not eroded,0,1,1,1,1,1,1,1,1,1,1
8677,0.277183,0,8677,Not eroded,0,1,1,1,1,1,1,1,1,1,1
8678,0.2581081,0,8678,Not eroded,0,1,1,1,1,1,1,1,1,1,1
8679,0.09142508,4,8679,Not eroded,0,0,0,0,0,0,0,0,0,1,1
8680,0.2865247,3,8680,Not eroded,0,1,1,1,1,1,1,0,0,1,1
8681,0.2833816,5,8681,Not eroded,0,1,1,1,1,1,0,0,0,0,1
8683,0.263331,3,8683,Not eroded,0,1,1,1,1,1,1,0,0,1,1
8684,0.1456778,3,8684,Not eroded,0,0,0,0,0,0,1,0,0,1,1
8685,0.1135873,6,8685,Not eroded,0,0,0,0,0,0,0,0,0,0,0
8686,0.1580721,5,8686,Not eroded,0,0,0,0,0,0,0,0,0,0,1
8687,0.1787392,5,8687,Not eroded,0,0,0,0,0,0,0,0,0,0,1
8688,0.1323217,5,8688,Not eroded,0,0,0,0,0,0,0,0,0,0,1
8689,0.06381222,4,8689,Not eroded,0,0,0,0,0,0,0,0,0,1,1
8690,0.262543,3,8690,Not eroded,0,1,1,1,1,1,1,0,0,1,1
8691,0.132062,4,8691,Not eroded,0,0,0,0,0,0,0,0,0,1,1
8692,0.2606477,4,8692,Not eroded,0,1,1,1,1,1,0,0,0,1,1
8693,0.2365984,4,8693,Not eroded,0,1,1,1,0,0,0,0,0,1,1
8694,0.3071978,0,8694,ERODED,1,1,1,1,1,1,1,1,1,1,1
8695,0.228164,6,8695,Not eroded,0,1,1,0,0,0,0,0,0,0,0
8696,0.2088771,5,8696,Not eroded,0,1,0,0,0,0,0,0,0,0,1
8697,0.2955806,3,8697,Not eroded,0,1,1,1,1,1,1,0,0,1,1
8698,0.2115611,7,8698,Not eroded,0,1,0,0,0,0,0,0,0,0,0
8699,0.1902647,0,8699,Not eroded,0,0,0,0,0,0,1,1,1,1,1
8700,0.2298441,3,8700,Not eroded,0,1,1,0,0,0,1,0,0,1,1
8704,0.1701204,0,8704,Not eroded,0,0,0,0,0,0,1,1,1,1,1
8705,0.2016174,5,8705,Not eroded,0,1,0,0,0,0,0,0,0,0,1
8707,0.1230741,0,8707,Not eroded,0,0,0,0,0,0,1,1,1,1,1
8708,0.1411829,0,8708,Not eroded,0,0,0,0,0,0,1,1,1,1,1
8709,0.1761443,4,8709,Not eroded,0,0,0,0,0,0,0,0,0,1,1
8711,0.2145396,4,8711,Not eroded,0,1,0,0,0,0,0,0,0,1,1
8712,0.2875491,3,8712,Not eroded,0,1,1,1,1,1,1,0,0,1,1
8713,0.3241141,0,8713,ERODED,1,1,1,1,1,1,1,1,1,1,1
8714,0.2439792,5,8714,Not eroded,0,1,1,1,1,0,0,0,0,0,1
8716,0.1346017,4,8716,Not eroded,0,0,0,0,0,0,0,0,0,1,1
8719,0.09122254,6,8719,Not eroded,0,0,0,0,0,0,0,0,0,0,0
8720,0.1615071,5,8720,Not eroded,0,0,0,0,0,0,0,0,0,0,1
8721,0.1397831,0,8721,Not eroded,0,0,0,0,0,0,1,1,1,1,1
8722,0.1573499,4,8722,Not eroded,0,0,0,0,0,0,0,0,0,1,1
8725,0.1089088,5,8725,Not eroded,0,0,0,0,0,0,0,0,0,0,1
8726,0.08718689,6,8726,Not eroded,0,0,0,0,0,0,0,0,0,0,0
8727,0.2975642,5,8727,Not eroded,0,1,1,1,1,1,0,0,0,0,1
8729,0.1307215,2,8729,Not eroded,0,0,0,0,0,0,1,0,1,1,1
8730,0.1276412,3,8730,Not eroded,0,0,0,0,0,0,1,0,0,1,1
8731,0.2237862,3,8731,Not eroded,0,1,1,0,0,0,1,0,0,1,1
8732,0.2251629,3,8732,Not eroded,0,1,1,0,0,0,1,0,0,1,1
8733,0.1617447,3,8733,Not eroded,0,0,0,0,0,0,1,0,0,1,1
8734,0.1886935,3,8734,Not eroded,0,0,0,0,0,0,1,0,0,1,1
8735,0.2205343,5,8735,Not eroded,0,1,1,0,0,0,0,0,0,0,1
8736,0.330609,0,8736,ERODED,1,1,1,1,1,1,1,1,1,1,1
8737,0.09297507,3,8737,Not eroded,0,0,0,0,0,0,1,0,0,1,1
8738,0.1462842,0,8738,Not eroded,0,0,0,0,0,0,1,1,1,1,1
8739,0.2808448,0,8739,Not eroded,0,1,1,1,1,1,1,1,1,1,1
8740,0.09196187,5,8740,Not eroded,0,0,0,0,0,0,0,0,0,0,1
8741,0.06989109,7,8741,Not eroded,0,0,0,0,0,0,0,0,0,0,0
8743,0.06329972,8,8743,Not eroded,0,0,0,0,0,0,0,0,0,0,0
8744,0.2841248,0,8744,ERODED,1,1,1,1,1,1,1,1,1,1,1
8745,0.2333548,6,8745,Not eroded,0,1,1,1,0,0,0,0,0,0,0
8746,0.1917137,0,8746,Not eroded,0,1,0,0,0,0,1,1,1,1,1
8747,0.2540662,0,8747,ERODED,1,1,1,1,1,1,1,1,1,1,1
8748,0.1217383,5,8748,Not eroded,0,0,0,0,0,0,0,0,0,0,1
8749,0.1442381,4,8749,Not eroded,0,0,0,0,0,0,0,0,0,1,1
8750,0.1896351,6,8750,Not eroded,0,0,0,0,0,0,0,0,0,0,0
8751,0.08336245,6,8751,Not eroded,0,0,0,0,0,0,0,0,0,0,0
8752,0.2010167,4,8752,Not eroded,0,1,0,0,0,0,0,0,0,1,1
8753,0.1309011,4,8753,Not eroded,0,0,0,0,0,0,0,0,0,1,1
8754,0.0562128,6,8754,Not eroded,0,0,0,0,0,0,0,0,0,0,0
8755,0.07922832,8,8755,Not eroded,0,0,0,0,0,0,0,0,0,0,0
8756,0.2519069,4,8756,Not eroded,0,1,1,1,1,1,0,0,0,1,1
8758,0.1784449,4,8758,Not eroded,0,0,0,0,0,0,0,0,0,1,1
8759,0.1243178,6,8759,Not eroded,0,0,0,0,0,0,0,0,0,0,0
8760,0.0562431,4,8760,Not eroded,0,0,0,0,0,0,0,0,0,1,1
8761,0.05626999,3,8761,Not eroded,0,0,0,0,0,0,1,0,0,1,1
8762,0.2391752,5,8762,Not eroded,0,1,1,1,0,0,0,0,0,0,1
8763,0.06355901,6,8763,Not eroded,0,0,0,0,0,0,0,0,0,0,0
8764,0.07040557,5,8764,Not eroded,0,0,0,0,0,0,0,0,0,0,1
8765,0.1985573,0,8765,Not eroded,0,1,0,0,0,0,1,1,1,1,1
8766,0.1899361,0,8766,Not eroded,0,0,0,0,0,0,1,1,1,1,1
8767,0.136773,3,8767,Not eroded,0,0,0,0,0,0,1,0,0,1,1
8768,0.1969592,4,8768,Not eroded,0,1,0,0,0,0,0,0,0,1,1
8769,0.08155284,5,8769,Not eroded,0,0,0,0,0,0,0,0,0,0,1
8770,0.08385384,5,8770,Not eroded,0,0,0,0,0,0,0,0,0,0,1
8771,0.1528035,7,8771,Not eroded,0,0,0,0,0,0,0,0,0,0,0
8772,0.2620218,0,8772,Not eroded,0,1,1,1,1,1,1,1,1,1,1
8773,0.1011639,0,8773,Not eroded,0,0,0,0,0,0,1,1,1,1,1
8774,0.06350023,3,8774,Not eroded,0,0,0,0,0,0,1,0,0,1,1
8775,0.07674271,3,8775,Not eroded,0,0,0,0,0,0,1,0,0,1,1
8776,0.2456402,3,8776,Not eroded,0,1,1,1,1,0,1,0,0,1,1
8777,0.1476326,0,8777,Not eroded,0,0,0,0,0,0,1,1,1,1,1
8778,0.2774717,0,8778,Not eroded,0,1,1,1,1,1,1,1,1,1,1
8779,0.2986041,0,8779,ERODED,1,1,1,1,1,1,1,1,1,1,1
8780,0.1555251,3,8780,Not eroded,0,0,0,0,0,0,1,0,0,1,1
8781,0.120545,4,8781,Not eroded,0,0,0,0,0,0,0,0,0,1,1
8782,0.2611836,0,8782,Not eroded,0,1,1,1,1,1,1,1,1,1,1
8783,0.119806,4,8783,Not eroded,0,0,0,0,0,0,0,0,0,1,1
8784,0.2420124,6,8784,Not eroded,0,1,1,1,1,0,0,0,0,0,0
8785,0.2886593,4,8785,Not eroded,0,1,1,1,1,1,0,0,0,1,1
8786,0.2893053,3,8786,Not eroded,0,1,1,1,1,1,1,0,0,1,1
8787,0.2499839,4,8787,Not eroded,0,1,1,1,1,0,0,0,0,1,1
8788,0.2779861,0,8788,ERODED,1,1,1,1,1,1,1,1,1,1,1
8789,0.2981013,0,8789,ERODED,1,1,1,1,1,1,1,1,1,1,1
8790,0.0880487,5,8790,Not eroded,0,0,0,0,0,0,0,0,0,0,1
8791,0.2530553,3,8791,Not eroded,0,1,1,1,1,1,1,0,0,1,1
8792,0.09362537,4,8792,Not eroded,0,0,0,0,0,0,0,0,0,1,1
8793,0.2181252,4,8793,Not eroded,0,1,0,0,0,0,0,0,0,1,1
8794,0.1002951,3,8794,Not eroded,0,0,0,0,0,0,1,0,0,1,1
8795,0.114358,7,8795,Not eroded,0,0,0,0,0,0,0,0,0,0,0
8796,0.2354202,3,8796,Not eroded,0,1,1,1,0,0,1,0,0,1,1
8797,0.2880075,0,8797,ERODED,1,1,1,1,1,1,1,1,1,1,1
8798,0.1672008,3,8798,Not eroded,0,0,0,0,0,0,1,0,0,1,1
8799,0.2201712,0,8799,Not eroded,0,1,1,0,0,0,1,1,1,1,1
8800,0.242086,0,8800,Not eroded,0,1,1,1,1,0,1,1,1,1,1
8802,0.1587614,5,8802,Not eroded,0,0,0,0,0,0,0,0,0,0,1
8803,0.1563707,0,8803,Not eroded,0,0,0,0,0,0,1,1,1,1,1
8804,0.2280228,0,8804,Not eroded,0,1,1,0,0,0,1,1,1,1,1
8806,0.1366311,4,8806,Not eroded,0,0,0,0,0,0,0,0,0,1,1
8807,0.09575974,2,8807,Not eroded,0,0,0,0,0,0,1,0,1,1,1
8808,0.09697452,4,8808,Not eroded,0,0,0,0,0,0,0,0,0,1,1
8809,0.2655473,5,8809,Not eroded,0,1,1,1,1,1,0,0,0,0,1
8810,0.1807777,4,8810,Not eroded,0,0,0,0,0,0,0,0,0,1,1
8811,0.1041207,3,8811,Not eroded,0,0,0,0,0,0,1,0,0,1,1
8813,0.2675646,0,8813,Not eroded,0,1,1,1,1,1,1,1,1,1,1
8815,0.1153673,3,8815,Not eroded,0,0,0,0,0,0,1,0,0,1,1
8816,0.1735574,4,8816,Not eroded,0,0,0,0,0,0,0,0,0,1,1
8817,0.06032451,4,8817,Not eroded,0,0,0,0,0,0,0,0,0,1,1
8818,0.2293897,4,8818,Not eroded,0,1,1,0,0,0,0,0,0,1,1
8819,0.05625803,2,8819,Not eroded,0,0,0,0,0,0,1,0,1,1,1
8820,0.2578929,4,8820,Not eroded,0,1,1,1,1,1,0,0,0,1,1
8821,0.1009708,4,8821,Not eroded,0,0,0,0,0,0,0,0,0,1,1
8822,0.228115,4,8822,Not eroded,0,1,1,0,0,0,0,0,0,1,1
8823,0.1595407,5,8823,Not eroded,0,0,0,0,0,0,0,0,0,0,1
8824,0.06930477,2,8824,Not eroded,0,0,0,0,0,0,1,0,1,1,1
8825,0.06494413,6,8825,Not eroded,0,0,0,0,0,0,0,0,0,0,0
8826,0.1138713,2,8826,Not eroded,0,0,0,0,0,0,1,0,1,1,1
8827,0.2865401,0,8827,ERODED,1,1,1,1,1,1,1,1,1,1,1
8828,0.2989833,0,8828,ERODED,1,1,1,1,1,1,1,1,1,1,1
8829,0.2915376,0,8829,Not eroded,0,1,1,1,1,1,1,1,1,1,1
8830,0.1926898,4,8830,Not eroded,0,1,0,0,0,0,0,0,0,1,1
8831,0.1717271,3,8831,Not eroded,0,0,0,0,0,0,1,0,0,1,1
8832,0.2944033,0,8832,ERODED,1,1,1,1,1,1,1,1,1,1,1
8833,0.05652954,5,8833,Not eroded,0,0,0,0,0,0,0,0,0,0,1
8834,0.1395743,4,8834,Not eroded,0,0,0,0,0,0,0,0,0,1,1
8835,0.1363762,5,8835,Not eroded,0,0,0,0,0,0,0,0,0,0,1
8836,0.107867,0,8836,Not eroded,0,0,0,0,0,0,1,1,1,1,1
8837,0.0561619,3,8837,Not eroded,0,0,0,0,0,0,1,0,0,1,1
8838,0.06677143,5,8838,Not eroded,0,0,0,0,0,0,0,0,0,0,1
8839,0.1353998,5,8839,Not eroded,0,0,0,0,0,0,0,0,0,0,1
8840,0.2121193,3,8840,Not eroded,0,1,0,0,0,0,1,0,0,1,1
8841,0.2119793,5,8841,Not eroded,0,1,0,0,0,0,0,0,0,0,1
8842,0.09544629,0,8842,Not eroded,0,0,0,0,0,0,1,1,1,1,1
8843,0.2528386,0,8843,Not eroded,0,1,1,1,1,1,1,1,1,1,1
8847,0.0999559,0,8847,Not eroded,0,0,0,0,0,0,1,1,1,1,1
8848,0.0892133,3,8848,Not eroded,0,0,0,0,0,0,1,0,0,1,1
8849,0.161129,5,8849,Not eroded,0,0,0,0,0,0,0,0,0,0,1
8850,0.2897642,0,8850,ERODED,1,1,1,1,1,1,1,1,1,1,1
8851,0.1384486,3,8851,Not eroded,0,0,0,0,0,0,1,0,0,1,1
8852,0.08503591,3,8852,Not eroded,0,0,0,0,0,0,1,0,0,1,1
8853,0.2101419,6,8853,Not eroded,0,1,0,0,0,0,0,0,0,0,0
8854,0.09028246,4,8854,Not eroded,0,0,0,0,0,0,0,0,0,1,1
8855,0.1544413,3,8855,Not eroded,0,0,0,0,0,0,1,0,0,1,1
8856,0.1801535,4,8856,Not eroded,0,0,0,0,0,0,0,0,0,1,1
8857,0.1326431,4,8857,Not eroded,0,0,0,0,0,0,0,0,0,1,1
8858,0.1872253,6,8858,Not eroded,0,0,0,0,0,0,0,0,0,0,0
8859,0.2735508,0,8859,Not eroded,0,1,1,1,1,1,1,1,1,1,1
8860,0.2883102,0,8860,ERODED,1,1,1,1,1,1,1,1,1,1,1
8861,0.1543739,6,8861,Not eroded,0,0,0,0,0,0,0,0,0,0,0
8862,0.1335634,5,8862,Not eroded,0,0,0,0,0,0,0,0,0,0,1
8863,0.2924648,3,8863,Not eroded,0,1,1,1,1,1,1,0,0,1,1
8864,0.2333371,0,8864,Not eroded,0,1,1,1,0,0,1,1,1,1,1
8865,0.1142418,3,8865,Not eroded,0,0,0,0,0,0,1,0,0,1,1
8866,0.11663,0,8866,Not eroded,0,0,0,0,0,0,1,1,1,1,1
8867,0.08775391,5,8867,Not eroded,0,0,0,0,0,0,0,0,0,0,1
8868,0.2946736,0,8868,ERODED,1,1,1,1,1,1,1,1,1,1,1
8869,0.1837066,4,8869,Not eroded,0,0,0,0,0,0,0,0,0,1,1
8870,0.2978151,0,8870,Not eroded,0,1,1,1,1,1,1,1,1,1,1
8871,0.08969671,4,8871,Not eroded,0,0,0,0,0,0,0,0,0,1,1
8872,0.2768223,0,8872,ERODED,1,1,1,1,1,1,1,1,1,1,1
8873,0.0558442,2,8873,Not eroded,0,0,0,0,0,0,1,0,1,1,1
8874,0.172377,5,8874,Not eroded,0,0,0,0,0,0,0,0,0,0,1
8875,0.1612285,0,8875,Not eroded,0,0,0,0,0,0,1,1,1,1,1
8876,0.1080901,0,8876,Not eroded,0,0,0,0,0,0,1,1,1,1,1
8877,0.1585918,3,8877,Not eroded,0,0,0,0,0,0,1,0,0,1,1
8878,0.1611751,5,8878,Not eroded,0,0,0,0,0,0,0,0,0,0,1
8879,0.3258499,2,8879,Not eroded,0,1,1,1,1,1,1,0,1,1,1
8880,0.2847982,3,8880,Not eroded,0,1,1,1,1,1,1,0,0,1,1
8881,0.09047645,4,8881,Not eroded,0,0,0,0,0,0,0,0,0,1,1
8882,0.1656359,4,8882,Not eroded,0,0,0,0,0,0,0,0,0,1,1
8883,0.2254626,2,8883,Not eroded,0,1,1,0,0,0,1,0,1,1,1
8884,0.195978,6,8884,Not eroded,0,1,0,0,0,0,0,0,0,0,0
8885,0.2974439,4,8885,Not eroded,0,1,1,1,1,1,0,0,0,1,1
8886,0.1444527,4,8886,Not eroded,0,0,0,0,0,0,0,0,0,1,1
8887,0.1166518,5,8887,Not eroded,0,0,0,0,0,0,0,0,0,0,1
8888,0.2419592,3,8888,ERODED,1,1,1,1,1,0,1,0,0,1,1
8889,0.1008048,5,8889,Not eroded,0,0,0,0,0,0,0,0,0,0,1
8890,0.2364014,0,8890,Not eroded,0,1,1,1,0,0,1,1,1,1,1
8891,0.2360683,4,8891,Not eroded,0,1,1,1,0,0,0,0,0,1,1
8892,0.2258564,4,8892,Not eroded,0,1,1,0,0,0,0,0,0,1,1
8893,0.325408,0,8893,ERODED,1,1,1,1,1,1,1,1,1,1,1
8894,0.05622762,3,8894,Not eroded,0,0,0,0,0,0,1,0,0,1,1
8895,0.3295514,0,8895,ERODED,1,1,1,1,1,1,1,1,1,1,1
8896,0.0926271,0,8896,Not eroded,0,0,0,0,0,0,1,1,1,1,1
8897,0.1210618,3,8897,Not eroded,0,0,0,0,0,0,1,0,0,1,1
8898,0.2669171,0,8898,ERODED,1,1,1,1,1,1,1,1,1,1,1
8900,0.1665958,5,8900,Not eroded,0,0,0,0,0,0,0,0,0,0,1
8901,0.1085946,3,8901,Not eroded,0,0,0,0,0,0,1,0,0,1,1
8902,0.2002061,0,8902,Not eroded,0,1,0,0,0,0,1,1,1,1,1
8903,0.1993194,5,8903,Not eroded,0,1,0,0,0,0,0,0,0,0,1
8904,0.05626742,5,8904,Not eroded,0,0,0,0,0,0,0,0,0,0,1
8905,0.2144939,3,8905,Not eroded,0,1,0,0,0,0,1,0,0,1,1
8906,0.07736271,3,8906,Not eroded,0,0,0,0,0,0,1,0,0,1,1
8907,0.157101,0,8907,Not eroded,0,0,0,0,0,0,1,1,1,1,1
8908,0.2579861,3,8908,Not eroded,0,1,1,1,1,1,1,0,0,1,1
8909,0.2374029,3,8909,Not eroded,0,1,1,1,0,0,1,0,0,1,1
8910,0.1248684,6,8910,Not eroded,0,0,0,0,0,0,0,0,0,0,0
8911,0.05955558,5,8911,Not eroded,0,0,0,0,0,0,0,0,0,0,1
8912,0.2802643,0,8912,ERODED,1,1,1,1,1,1,1,1,1,1,1
8913,0.2694204,6,8913,Not eroded,0,1,1,1,1,1,0,0,0,0,0
8914,0.250678,0,8914,Not eroded,0,1,1,1,1,1,1,1,1,1,1
8915,0.1138287,6,8915,Not eroded,0,0,0,0,0,0,0,0,0,0,0
8916,0.1233331,0,8916,Not eroded,0,0,0,0,0,0,1,1,1,1,1
8917,0.1812669,0,8917,Not eroded,0,0,0,0,0,0,1,1,1,1,1
8918,0.3079678,0,8918,ERODED,1,1,1,1,1,1,1,1,1,1,1
8919,0.2962122,0,8919,ERODED,1,1,1,1,1,1,1,1,1,1,1
8920,0.2030314,3,8920,Not eroded,0,1,0,0,0,0,1,0,0,1,1
8921,0.2181073,4,8921,Not eroded,0,1,0,0,0,0,0,0,0,1,1
8922,0.0675583,0,8922,Not eroded,0,0,0,0,0,0,1,1,1,1,1
8923,0.3243093,0,8923,ERODED,1,1,1,1,1,1,1,1,1,1,1
8924,0.1436078,4,8924,Not eroded,0,0,0,0,0,0,0,0,0,1,1
8925,0.2477569,4,8925,Not eroded,0,1,1,1,1,0,0,0,0,1,1
8926,0.2828123,0,8926,ERODED,1,1,1,1,1,1,1,1,1,1,1
8927,0.3251051,0,8927,ERODED,1,1,1,1,1,1,1,1,1,1,1
8929,0.2269097,2,8929,Not eroded,0,1,1,0,0,0,1,0,1,1,1
8930,0.2197858,4,8930,Not eroded,0,1,0,0,0,0,0,0,0,1,1
8931,0.1166267,0,8931,Not eroded,0,0,0,0,0,0,1,1,1,1,1
8932,0.2019445,3,8932,Not eroded,0,1,0,0,0,0,1,0,0,1,1
8933,0.1922691,3,8933,Not eroded,0,1,0,0,0,0,1,0,0,1,1
8934,0.1672594,3,8934,Not eroded,0,0,0,0,0,0,1,0,0,1,1
8935,0.2289688,4,8935,Not eroded,0,1,1,0,0,0,0,0,0,1,1
8937,0.1237728,0,8937,Not eroded,0,0,0,0,0,0,1,1,1,1,1
8938,0.2216499,0,8938,Not eroded,0,1,1,0,0,0,1,1,1,1,1
8939,0.2780439,0,8939,ERODED,1,1,1,1,1,1,1,1,1,1,1
8940,0.2180273,4,8940,Not eroded,0,1,0,0,0,0,0,0,0,1,1
8941,0.2934272,4,8941,Not eroded,0,1,1,1,1,1,0,0,0,1,1
8942,0.253059,5,8942,Not eroded,0,1,1,1,1,1,0,0,0,0,1
8943,0.07027108,4,8943,Not eroded,0,0,0,0,0,0,0,0,0,1,1
8944,0.273251,2,8944,Not eroded,0,1,1,1,1,1,1,0,1,1,1
8945,0.2700772,3,8945,Not eroded,0,1,1,1,1,1,1,0,0,1,1
8946,0.2358404,0,8946,ERODED,1,1,1,1,0,0,1,1,1,1,1
8947,0.06431207,4,8947,Not eroded,0,0,0,0,0,0,0,0,0,1,1
8948,0.2450045,4,8948,Not eroded,0,1,1,1,1,0,0,0,0,1,1
8950,0.2179844,3,8950,Not eroded,0,1,0,0,0,0,1,0,0,1,1
8951,0.3149652,0,8951,ERODED,1,1,1,1,1,1,1,1,1,1,1
8952,0.2865126,0,8952,ERODED,1,1,1,1,1,1,1,1,1,1,1
8953,0.239166,4,8953,Not eroded,0,1,1,1,0,0,0,0,0,1,1
8954,0.141888,6,8954,Not eroded,0,0,0,0,0,0,0,0,0,0,0
8955,0.1607289,0,8955,Not eroded,0,0,0,0,0,0,1,1,1,1,1
8956,0.2070844,3,8956,Not eroded,0,1,0,0,0,0,1,0,0,1,1
8957,0.06532413,0,8957,Not eroded,0,0,0,0,0,0,1,1,1,1,1
8958,0.1621905,4,8958,Not eroded,0,0,0,0,0,0,0,0,0,1,1
8959,0.1289521,4,8959,Not eroded,0,0,0,0,0,0,0,0,0,1,1
8960,0.2898038,0,8960,Not eroded,0,1,1,1,1,1,1,1,1,1,1
8961,0.2786294,6,8961,Not eroded,0,1,1,1,1,1,0,0,0,0,0
8962,0.1009533,4,8962,Not eroded,0,0,0,0,0,0,0,0,0,1,1
8963,0.2261901,0,8963,Not eroded,0,1,1,0,0,0,1,1,1,1,1
8964,0.1528537,3,8964,Not eroded,0,0,0,0,0,0,1,0,0,1,1
8965,0.2754166,0,8965,ERODED,1,1,1,1,1,1,1,1,1,1,1
8966,0.1791488,0,8966,Not eroded,0,0,0,0,0,0,1,1,1,1,1
8967,0.06224636,4,8967,Not eroded,0,0,0,0,0,0,0,0,0,1,1
8968,0.1790481,3,8968,Not eroded,0,0,0,0,0,0,1,0,0,1,1
8969,0.303736,0,8969,ERODED,1,1,1,1,1,1,1,1,1,1,1
8970,0.06270111,4,8970,Not eroded,0,0,0,0,0,0,0,0,0,1,1
8971,0.1566591,7,8971,Not eroded,0,0,0,0,0,0,0,0,0,0,0
8972,0.2467026,4,8972,Not eroded,0,1,1,1,1,0,0,0,0,1,1
8974,0.09449403,3,8974,Not eroded,0,0,0,0,0,0,1,0,0,1,1
8975,0.2178543,3,8975,Not eroded,0,1,0,0,0,0,1,0,0,1,1
8976,0.2298495,3,8976,Not eroded,0,1,1,0,0,0,1,0,0,1,1
8977,0.06404822,4,8977,Not eroded,0,0,0,0,0,0,0,0,0,1,1
8978,0.2146548,4,8978,Not eroded,0,1,0,0,0,0,0,0,0,1,1
8979,0.2336281,5,8979,Not eroded,0,1,1,1,0,0,0,0,0,0,1
8980,0.2147827,3,8980,Not eroded,0,1,0,0,0,0,1,0,0,1,1
8981,0.08284879,4,8981,Not eroded,0,0,0,0,0,0,0,0,0,1,1
8982,0.1988853,5,8982,Not eroded,0,1,0,0,0,0,0,0,0,0,1
8984,0.07320175,5,8984,Not eroded,0,0,0,0,0,0,0,0,0,0,1
8985,0.3257592,0,8985,ERODED,1,1,1,1,1,1,1,1,1,1,1
8987,0.1040469,5,8987,Not eroded,0,0,0,0,0,0,0,0,0,0,1
8988,0.2544728,3,8988,Not eroded,0,1,1,1,1,1,1,0,0,1,1
8989,0.2286074,0,8989,Not eroded,0,1,1,0,0,0,1,1,1,1,1
8990,0.1623343,0,8990,Not eroded,0,0,0,0,0,0,1,1,1,1,1
8991,0.2393115,3,8991,Not eroded,0,1,1,1,0,0,1,0,0,1,1
8992,0.108881,5,8992,Not eroded,0,0,0,0,0,0,0,0,0,0,1
8993,0.2574202,3,8993,Not eroded,0,1,1,1,1,1,1,0,0,1,1
8994,0.1874052,4,8994,Not eroded,0,0,0,0,0,0,0,0,0,1,1
8995,0.1249694,3,8995,Not eroded,0,0,0,0,0,0,1,0,0,1,1
8996,0.0562366,4,8996,Not eroded,0,0,0,0,0,0,0,0,0,1,1
8997,0.1509829,0,8997,Not eroded,0,0,0,0,0,0,1,1,1,1,1
8998,0.2650008,0,8998,ERODED,1,1,1,1,1,1,1,1,1,1,1
8999,0.1226406,5,8999,Not eroded,0,0,0,0,0,0,0,0,0,0,1
9000,0.3106986,0,9000,ERODED,1,1,1,1,1,1,1,1,1,1,1
9001,0.2686692,0,9001,Not eroded,0,1,1,1,1,1,1,1,1,1,1
9002,0.1244764,5,9002,Not eroded,0,0,0,0,0,0,0,0,0,0,1
9003,0.1942998,3,9003,Not eroded,0,1,0,0,0,0,1,0,0,1,1
9004,0.2986218,0,9004,ERODED,1,1,1,1,1,1,1,1,1,1,1
9005,0.1477866,5,9005,Not eroded,0,0,0,0,0,0,0,0,0,0,1
9006,0.0687062,4,9006,Not eroded,0,0,0,0,0,0,0,0,0,1,1
9008,0.0795992,4,9008,Not eroded,0,0,0,0,0,0,0,0,0,1,1
9009,0.2475903,5,9009,Not eroded,0,1,1,1,1,0,0,0,0,0,1
9010,0.2500976,5,9010,Not eroded,0,1,1,1,1,1,0,0,0,0,1
9011,0.2851823,0,9011,ERODED,1,1,1,1,1,1,1,1,1,1,1
9012,0.1902942,4,9012,Not eroded,0,0,0,0,0,0,0,0,0,1,1
9013,0.3163981,0,9013,ERODED,1,1,1,1,1,1,1,1,1,1,1
9014,0.09318715,5,9014,Not eroded,0,0,0,0,0,0,0,0,0,0,1
9015,0.2461142,7,9015,Not eroded,0,1,1,1,1,0,0,0,0,0,0
9017,0.1198255,4,9017,Not eroded,0,0,0,0,0,0,0,0,0,1,1
9018,0.1196522,4,9018,Not eroded,0,0,0,0,0,0,0,0,0,1,1
9019,0.1362577,3,9019,Not eroded,0,0,0,0,0,0,1,0,0,1,1
9020,0.1825475,0,9020,Not eroded,0,0,0,0,0,0,1,1,1,1,1
9022,0.3095705,0,9022,ERODED,1,1,1,1,1,1,1,1,1,1,1
9023,0.107273,3,9023,Not eroded,0,0,0,0,0,0,1,0,0,1,1
9024,0.1126699,5,9024,Not eroded,0,0,0,0,0,0,0,0,0,0,1
9025,0.1737498,3,9025,Not eroded,0,0,0,0,0,0,1,0,0,1,1
9026,0.0647213,5,9026,Not eroded,0,0,0,0,0,0,0,0,0,0,1
9027,0.3220848,0,9027,ERODED,1,1,1,1,1,1,1,1,1,1,1
9028,0.2336912,0,9028,Not eroded,0,1,1,1,0,0,1,1,1,1,1
9029,0.2164351,3,9029,Not eroded,0,1,0,0,0,0,1,0,0,1,1
9030,0.08113727,3,9030,Not eroded,0,0,0,0,0,0,1,0,0,1,1
9031,0.05635992,0,9031,Not eroded,0,0,0,0,0,0,1,1,1,1,1
9032,0.1239419,0,9032,Not eroded,0,0,0,0,0,0,1,1,1,1,1
9034,0.09155129,0,9034,Not eroded,0,0,0,0,0,0,1,1,1,1,1
9035,0.307262,0,9035,ERODED,1,1,1,1,1,1,1,1,1,1,1
9036,0.238412,0,9036,Not eroded,0,1,1,1,0,0,1,1,1,1,1
9037,0.3235214,0,9037,ERODED,1,1,1,1,1,1,1,1,1,1,1
9038,0.1407738,3,9038,Not eroded,0,0,0,0,0,0,1,0,0,1,1
9039,0.2021041,3,9039,Not eroded,0,1,0,0,0,0,1,0,0,1,1
9040,0.102472,3,9040,Not eroded,0,0,0,0,0,0,1,0,0,1,1
9041,0.09881744,4,9041,Not eroded,0,0,0,0,0,0,0,0,0,1,1
9042,0.1849886,4,9042,Not eroded,0,0,0,0,0,0,0,0,0,1,1
9044,0.2581536,0,9044,ERODED,1,1,1,1,1,1,1,1,1,1,1
9045,0.3169191,0,9045,ERODED,1,1,1,1,1,1,1,1,1,1,1
9046,0.223872,0,9046,Not eroded,0,1,1,0,0,0,1,1,1,1,1
9047,0.06288581,5,9047,Not eroded,0,0,0,0,0,0,0,0,0,0,1
9048,0.06669109,5,9048,Not eroded,0,0,0,0,0,0,0,0,0,0,1
9049,0.1064156,2,9049,Not eroded,0,0,0,0,0,0,1,0,1,1,1
9050,0.1719737,6,9050,Not eroded,0,0,0,0,0,0,0,0,0,0,0
9051,0.1958865,0,9051,Not eroded,0,1,0,0,0,0,1,1,1,1,1
9053,0.05626566,4,9053,Not eroded,0,0,0,0,0,0,0,0,0,1,1
9054,0.06408626,0,9054,Not eroded,0,0,0,0,0,0,1,1,1,1,1
9055,0.1250526,4,9055,Not eroded,0,0,0,0,0,0,0,0,0,1,1
9057,0.1076356,6,9057,Not eroded,0,0,0,0,0,0,0,0,0,0,0
9058,0.173483,5,9058,Not eroded,0,0,0,0,0,0,0,0,0,0,1
9059,0.06207887,3,9059,Not eroded,0,0,0,0,0,0,1,0,0,1,1
9060,0.2727265,4,9060,Not eroded,0,1,1,1,1,1,0,0,0,1,1
9061,0.3035118,0,9061,ERODED,1,1,1,1,1,1,1,1,1,1,1
9062,0.2904152,0,9062,ERODED,1,1,1,1,1,1,1,1,1,1,1
9064,0.2111197,2,9064,Not eroded,0,1,0,0,0,0,1,0,1,1,1
9065,0.3157447,0,9065,ERODED,1,1,1,1,1,1,1,1,1,1,1
9066,0.158875,5,9066,Not eroded,0,0,0,0,0,0,0,0,0,0,1
9068,0.1026346,4,9068,Not eroded,0,0,0,0,0,0,0,0,0,1,1
9069,0.2190251,5,9069,Not eroded,0,1,0,0,0,0,0,0,0,0,1
9070,0.2879102,4,9070,Not eroded,0,1,1,1,1,1,0,0,0,1,1
9071,0.1228412,0,9071,Not eroded,0,0,0,0,0,0,1,1,1,1,1
9072,0.2309337,5,9072,Not eroded,0,1,1,1,0,0,0,0,0,0,1
9073,0.2631354,4,9073,Not eroded,0,1,1,1,1,1,0,0,0,1,1
9074,0.07329003,4,9074,Not eroded,0,0,0,0,0,0,0,0,0,1,1
9075,0.308579,0,9075,ERODED,1,1,1,1,1,1,1,1,1,1,1
9076,0.3021097,0,9076,ERODED,1,1,1,1,1,1,1,1,1,1,1
9078,0.1670306,5,9078,Not eroded,0,0,0,0,0,0,0,0,0,0,1
9080,0.1540057,5,9080,Not eroded,0,0,0,0,0,0,0,0,0,0,1
9081,0.1918281,3,9081,Not eroded,0,1,0,0,0,0,1,0,0,1,1
9082,0.2187679,0,9082,Not eroded,0,1,0,0,0,0,1,1,1,1,1
9083,0.06503186,4,9083,Not eroded,0,0,0,0,0,0,0,0,0,1,1
9084,0.2487357,0,9084,ERODED,1,1,1,1,1,0,1,1,1,1,1
9085,0.2212614,3,9085,Not eroded,0,1,1,0,0,0,1,0,0,1,1
9086,0.31679,0,9086,ERODED,1,1,1,1,1,1,1,1,1,1,1
9087,0.0562527,4,9087,Not eroded,0,0,0,0,0,0,0,0,0,1,1
9088,0.204658,4,9088,Not eroded,0,1,0,0,0,0,0,0,0,1,1
9089,0.2736518,0,9089,ERODED,1,1,1,1,1,1,1,1,1,1,1
9090,0.1492042,4,9090,Not eroded,0,0,0,0,0,0,0,0,0,1,1
9091,0.2165474,5,9091,Not eroded,0,1,0,0,0,0,0,0,0,0,1
9092,0.3255696,0,9092,ERODED,1,1,1,1,1,1,1,1,1,1,1
9093,0.2001319,3,9093,Not eroded,0,1,0,0,0,0,1,0,0,1,1
9094,0.06165645,6,9094,Not eroded,0,0,0,0,0,0,0,0,0,0,0
9095,0.2861901,0,9095,ERODED,1,1,1,1,1,1,1,1,1,1,1
9096,0.1104088,3,9096,Not eroded,0,0,0,0,0,0,1,0,0,1,1
9097,0.1737562,0,9097,Not eroded,0,0,0,0,0,0,1,1,1,1,1
9098,0.1362196,5,9098,Not eroded,0,0,0,0,0,0,0,0,0,0,1
9099,0.2092047,0,9099,Not eroded,0,1,0,0,0,0,1,1,1,1,1
9100,0.1669189,3,9100,Not eroded,0,0,0,0,0,0,1,0,0,1,1
9101,0.06092804,4,9101,Not eroded,0,0,0,0,0,0,0,0,0,1,1
9102,0.05626032,2,9102,Not eroded,0,0,0,0,0,0,1,0,1,1,1
9103,0.2022528,0,9103,Not eroded,0,1,0,0,0,0,1,1,1,1,1
9104,0.2775655,0,9104,ERODED,1,1,1,1,1,1,1,1,1,1,1
9105,0.2205238,4,9105,Not eroded,0,1,1,0,0,0,0,0,0,1,1
9106,0.1437074,0,9106,Not eroded,0,0,0,0,0,0,1,1,1,1,1
9107,0.2561934,0,9107,Not eroded,0,1,1,1,1,1,1,1,1,1,1
9108,0.214511,4,9108,Not eroded,0,1,0,0,0,0,0,0,0,1,1
9109,0.157919,5,9109,Not eroded,0,0,0,0,0,0,0,0,0,0,1
9110,0.06612954,4,9110,Not eroded,0,0,0,0,0,0,0,0,0,1,1
9111,0.1821136,4,9111,Not eroded,0,0,0,0,0,0,0,0,0,1,1
9112,0.1733433,4,9112,Not eroded,0,0,0,0,0,0,0,0,0,1,1
9113,0.2214479,4,9113,Not eroded,0,1,1,0,0,0,0,0,0,1,1
9114,0.2176013,0,9114,Not eroded,0,1,0,0,0,0,1,1,1,1,1
9115,0.2284048,5,9115,Not eroded,0,1,1,0,0,0,0,0,0,0,1
9116,0.164025,6,9116,Not eroded,0,0,0,0,0,0,0,0,0,0,0
9117,0.06565117,4,9117,Not eroded,0,0,0,0,0,0,0,0,0,1,1
9118,0.09607136,5,9118,Not eroded,0,0,0,0,0,0,0,0,0,0,1
9119,0.2114636,0,9119,Not eroded,0,1,0,0,0,0,1,1,1,1,1
9121,0.1198669,4,9121,Not eroded,0,0,0,0,0,0,0,0,0,1,1
9123,0.3207295,0,9123,ERODED,1,1,1,1,1,1,1,1,1,1,1
9124,0.3134015,2,9124,Not eroded,0,1,1,1,1,1,1,0,1,1,1
9125,0.150744,5,9125,Not eroded,0,0,0,0,0,0,0,0,0,0,1
9126,0.2406483,0,9126,Not eroded,0,1,1,1,1,0,1,1,1,1,1
9127,0.1281116,4,9127,Not eroded,0,0,0,0,0,0,0,0,0,1,1
9128,0.1676167,4,9128,Not eroded,0,0,0,0,0,0,0,0,0,1,1
9129,0.1597834,5,9129,Not eroded,0,0,0,0,0,0,0,0,0,0,1
9130,0.2029582,5,9130,Not eroded,0,1,0,0,0,0,0,0,0,0,1
9131,0.3249086,0,9131,ERODED,1,1,1,1,1,1,1,1,1,1,1
9132,0.276275,4,9132,Not eroded,0,1,1,1,1,1,0,0,0,1,1
9134,0.1905885,4,9134,Not eroded,0,0,0,0,0,0,0,0,0,1,1
9135,0.2959523,3,9135,Not eroded,0,1,1,1,1,1,1,0,0,1,1
9136,0.1456521,3,9136,Not eroded,0,0,0,0,0,0,1,0,0,1,1
9137,0.1209033,0,9137,Not eroded,0,0,0,0,0,0,1,1,1,1,1
9138,0.05624312,5,9138,Not eroded,0,0,0,0,0,0,0,0,0,0,1
9139,0.3250258,0,9139,ERODED,1,1,1,1,1,1,1,1,1,1,1
9140,0.2175506,5,9140,Not eroded,0,1,0,0,0,0,0,0,0,0,1
9141,0.05626791,2,9141,Not eroded,0,0,0,0,0,0,1,0,1,1,1
9142,0.08716841,5,9142,Not eroded,0,0,0,0,0,0,0,0,0,0,1
9143,0.1551671,0,9143,Not eroded,0,0,0,0,0,0,1,1,1,1,1
9144,0.1266618,4,9144,Not eroded,0,0,0,0,0,0,0,0,0,1,1
9145,0.0922345,5,9145,Not eroded,0,0,0,0,0,0,0,0,0,0,1
9146,0.287659,4,9146,Not eroded,0,1,1,1,1,1,0,0,0,1,1
9147,0.2120177,5,9147,Not eroded,0,1,0,0,0,0,0,0,0,0,1
9148,0.1900224,4,9148,Not eroded,0,0,0,0,0,0,0,0,0,1,1
9149,0.09293935,4,9149,Not eroded,0,0,0,0,0,0,0,0,0,1,1
9150,0.1931358,0,9150,Not eroded,0,1,0,0,0,0,1,1,1,1,1
9151,0.3122102,0,9151,ERODED,1,1,1,1,1,1,1,1,1,1,1
9152,0.2756402,3,9152,Not eroded,0,1,1,1,1,1,1,0,0,1,1
9153,0.1420205,5,9153,Not eroded,0,0,0,0,0,0,0,0,0,0,1
9154,0.1688351,5,9154,Not eroded,0,0,0,0,0,0,0,0,0,0,1
9155,0.2638653,4,9155,Not eroded,0,1,1,1,1,1,0,0,0,1,1
9156,0.1095871,4,9156,Not eroded,0,0,0,0,0,0,0,0,0,1,1
9157,0.08755761,0,9157,Not eroded,0,0,0,0,0,0,1,1,1,1,1
9158,0.1032021,4,9158,Not eroded,0,0,0,0,0,0,0,0,0,1,1
9159,0.2547744,4,9159,Not eroded,0,1,1,1,1,1,0,0,0,1,1
9160,0.2052425,3,9160,Not eroded,0,1,0,0,0,0,1,0,0,1,1
9161,0.2658159,2,9161,Not eroded,0,1,1,1,1,1,1,0,1,1,1
9162,0.2684553,0,9162,ERODED,1,1,1,1,1,1,1,1,1,1,1
9163,0.09303432,2,9163,Not eroded,0,0,0,0,0,0,1,0,1,1,1
9164,0.05627286,3,9164,Not eroded,0,0,0,0,0,0,1,0,0,1,1
9165,0.05624594,4,9165,Not eroded,0,0,0,0,0,0,0,0,0,1,1
9166,0.2240697,4,9166,Not eroded,0,1,1,0,0,0,0,0,0,1,1
9168,0.07349732,4,9168,Not eroded,0,0,0,0,0,0,0,0,0,1,1
9169,0.1613652,5,9169,Not eroded,0,0,0,0,0,0,0,0,0,0,1
9170,0.1437224,4,9170,Not eroded,0,0,0,0,0,0,0,0,0,1,1
9171,0.2537989,0,9171,Not eroded,0,1,1,1,1,1,1,1,1,1,1
9172,0.3123306,0,9172,ERODED,1,1,1,1,1,1,1,1,1,1,1
9173,0.237739,6,9173,Not eroded,0,1,1,1,0,0,0,0,0,0,0
9174,0.2758621,3,9174,Not eroded,0,1,1,1,1,1,1,0,0,1,1
9175,0.07038678,0,9175,Not eroded,0,0,0,0,0,0,1,1,1,1,1
9176,0.1676755,5,9176,Not eroded,0,0,0,0,0,0,0,0,0,0,1
9177,0.2126692,4,9177,Not eroded,0,1,0,0,0,0,0,0,0,1,1
9178,0.2473672,6,9178,Not eroded,0,1,1,1,1,0,0,0,0,0,0
9179,0.2596607,3,9179,Not eroded,0,1,1,1,1,1,1,0,0,1,1
9180,0.1852325,4,9180,Not eroded,0,0,0,0,0,0,0,0,0,1,1
9181,0.1779866,3,9181,Not eroded,0,0,0,0,0,0,1,0,0,1,1
9182,0.2480062,0,9182,Not eroded,0,1,1,1,1,0,1,1,1,1,1
9183,0.2520216,3,9183,Not eroded,0,1,1,1,1,1,1,0,0,1,1
9184,0.05630525,0,9184,Not eroded,0,0,0,0,0,0,1,1,1,1,1
9185,0.2667879,4,9185,Not eroded,0,1,1,1,1,1,0,0,0,1,1
9186,0.2251125,5,9186,Not eroded,0,1,1,0,0,0,0,0,0,0,1
9187,0.0694255,0,9187,Not eroded,0,0,0,0,0,0,1,1,1,1,1
9188,0.1057618,3,9188,Not eroded,0,0,0,0,0,0,1,0,0,1,1
9189,0.1352845,5,9189,Not eroded,0,0,0,0,0,0,0,0,0,0,1
9190,0.1213734,3,9190,Not eroded,0,0,0,0,0,0,1,0,0,1,1
9191,0.1825198,0,9191,Not eroded,0,0,0,0,0,0,1,1,1,1,1
9192,0.1832732,4,9192,Not eroded,0,0,0,0,0,0,0,0,0,1,1
9193,0.1838187,3,9193,Not eroded,0,0,0,0,0,0,1,0,0,1,1
9194,0.1219738,0,9194,Not eroded,0,0,0,0,0,0,1,1,1,1,1
9195,0.08234649,6,9195,Not eroded,0,0,0,0,0,0,0,0,0,0,0
9196,0.1331245,3,9196,Not eroded,0,0,0,0,0,0,1,0,0,1,1
9198,0.2647343,4,9198,Not eroded,0,1,1,1,1,1,0,0,0,1,1
9199,0.1065549,4,9199,Not eroded,0,0,0,0,0,0,0,0,0,1,1
9200,0.1171458,0,9200,Not eroded,0,0,0,0,0,0,1,1,1,1,1
9201,0.2422445,0,9201,Not eroded,0,1,1,1,1,0,1,1,1,1,1
9202,0.2152262,0,9202,Not eroded,0,1,0,0,0,0,1,1,1,1,1
9203,0.08163275,0,9203,Not eroded,0,0,0,0,0,0,1,1,1,1,1
9204,0.153772,5,9204,Not eroded,0,0,0,0,0,0,0,0,0,0,1
9205,0.3009609,3,9205,Not eroded,0,1,1,1,1,1,1,0,0,1,1
9206,0.1536818,5,9206,Not eroded,0,0,0,0,0,0,0,0,0,0,1
9207,0.2357277,5,9207,Not eroded,0,1,1,1,0,0,0,0,0,0,1
9208,0.1368509,5,9208,Not eroded,0,0,0,0,0,0,0,0,0,0,1
9209,0.09129396,4,9209,Not eroded,0,0,0,0,0,0,0,0,0,1,1
9210,0.192413,4,9210,Not eroded,0,1,0,0,0,0,0,0,0,1,1
9211,0.1163357,4,9211,Not eroded,0,0,0,0,0,0,0,0,0,1,1
9212,0.281513,4,9212,Not eroded,0,1,1,1,1,1,0,0,0,1,1
9213,0.2337218,3,9213,Not eroded,0,1,1,1,0,0,1,0,0,1,1
9214,0.1099073,6,9214,Not eroded,0,0,0,0,0,0,0,0,0,0,0
9215,0.2250758,4,9215,Not eroded,0,1,1,0,0,0,0,0,0,1,1
9216,0.2931744,0,9216,ERODED,1,1,1,1,1,1,1,1,1,1,1
9217,0.2363046,4,9217,Not eroded,0,1,1,1,0,0,0,0,0,1,1
9218,0.2986682,0,9218,ERODED,1,1,1,1,1,1,1,1,1,1,1
9219,0.08988456,4,9219,Not eroded,0,0,0,0,0,0,0,0,0,1,1
9220,0.2958587,4,9220,Not eroded,0,1,1,1,1,1,0,0,0,1,1
9221,0.3205653,0,9221,ERODED,1,1,1,1,1,1,1,1,1,1,1
9222,0.2289186,3,9222,Not eroded,0,1,1,0,0,0,1,0,0,1,1
9223,0.2848485,0,9223,Not eroded,0,1,1,1,1,1,1,1,1,1,1
9224,0.1345396,0,9224,Not eroded,0,0,0,0,0,0,1,1,1,1,1
9225,0.120037,4,9225,Not eroded,0,0,0,0,0,0,0,0,0,1,1
9226,0.09849623,3,9226,Not eroded,0,0,0,0,0,0,1,0,0,1,1
9227,0.1221302,4,9227,Not eroded,0,0,0,0,0,0,0,0,0,1,1
9229,0.175173,6,9229,Not eroded,0,0,0,0,0,0,0,0,0,0,0
9230,0.1795391,5,9230,Not eroded,0,0,0,0,0,0,0,0,0,0,1
9231,0.1680068,4,9231,Not eroded,0,0,0,0,0,0,0,0,0,1,1
9232,0.1695727,0,9232,Not eroded,0,0,0,0,0,0,1,1,1,1,1
9233,0.1319851,6,9233,Not eroded,0,0,0,0,0,0,0,0,0,0,0
9234,0.2646733,3,9234,Not eroded,0,1,1,1,1,1,1,0,0,1,1
9235,0.2513787,3,9235,Not eroded,0,1,1,1,1,1,1,0,0,1,1
9236,0.117435,2,9236,Not eroded,0,0,0,0,0,0,1,0,1,1,1
9239,0.05627279,3,9239,Not eroded,0,0,0,0,0,0,1,0,0,1,1
9240,0.2473682,3,9240,ERODED,1,1,1,1,1,0,1,0,0,1,1
9241,0.1277563,3,9241,Not eroded,0,0,0,0,0,0,1,0,0,1,1
9242,0.05627118,3,9242,Not eroded,0,0,0,0,0,0,1,0,0,1,1
9243,0.1045752,6,9243,Not eroded,0,0,0,0,0,0,0,0,0,0,0
9244,0.2638946,4,9244,Not eroded,0,1,1,1,1,1,0,0,0,1,1
9245,0.2807844,0,9245,Not eroded,0,1,1,1,1,1,1,1,1,1,1
9246,0.1004033,5,9246,Not eroded,0,0,0,0,0,0,0,0,0,0,1
9247,0.2525154,4,9247,Not eroded,0,1,1,1,1,1,0,0,0,1,1
9248,0.1559308,3,9248,Not eroded,0,0,0,0,0,0,1,0,0,1,1
9249,0.1037293,4,9249,Not eroded,0,0,0,0,0,0,0,0,0,1,1
9250,0.1121644,5,9250,Not eroded,0,0,0,0,0,0,0,0,0,0,1
9251,0.0911133,0,9251,Not eroded,0,0,0,0,0,0,1,1,1,1,1
9252,0.1392867,4,9252,Not eroded,0,0,0,0,0,0,0,0,0,1,1
9253,0.148793,6,9253,Not eroded,0,0,0,0,0,0,0,0,0,0,0
9254,0.2522959,4,9254,Not eroded,0,1,1,1,1,1,0,0,0,1,1
9255,0.08505234,4,9255,Not eroded,0,0,0,0,0,0,0,0,0,1,1
9256,0.2386789,3,9256,Not eroded,0,1,1,1,0,0,1,0,0,1,1
9257,0.1614924,5,9257,Not eroded,0,0,0,0,0,0,0,0,0,0,1
9258,0.1636018,6,9258,Not eroded,0,0,0,0,0,0,0,0,0,0,0
9259,0.3077841,0,9259,ERODED,1,1,1,1,1,1,1,1,1,1,1
9260,0.1246979,3,9260,Not eroded,0,0,0,0,0,0,1,0,0,1,1
9262,0.2600799,4,9262,Not eroded,0,1,1,1,1,1,0,0,0,1,1
9263,0.2583124,4,9263,Not eroded,0,1,1,1,1,1,0,0,0,1,1
9264,0.1549158,3,9264,Not eroded,0,0,0,0,0,0,1,0,0,1,1
9265,0.2960473,0,9265,ERODED,1,1,1,1,1,1,1,1,1,1,1
9266,0.1526691,5,9266,Not eroded,0,0,0,0,0,0,0,0,0,0,1
9267,0.1943002,4,9267,Not eroded,0,1,0,0,0,0,0,0,0,1,1
9268,0.06396301,4,9268,Not eroded,0,0,0,0,0,0,0,0,0,1,1
9269,0.3194716,0,9269,ERODED,1,1,1,1,1,1,1,1,1,1,1
9270,0.3137516,0,9270,ERODED,1,1,1,1,1,1,1,1,1,1,1
9271,0.08392776,0,9271,Not eroded,0,0,0,0,0,0,1,1,1,1,1
9272,0.2479993,3,9272,Not eroded,0,1,1,1,1,0,1,0,0,1,1
9273,0.05696928,3,9273,Not eroded,0,0,0,0,0,0,1,0,0,1,1
9274,0.1078611,4,9274,Not eroded,0,0,0,0,0,0,0,0,0,1,1
9275,0.1437227,5,9275,Not eroded,0,0,0,0,0,0,0,0,0,0,1
9276,0.09821021,5,9276,Not eroded,0,0,0,0,0,0,0,0,0,0,1
9277,0.221172,0,9277,Not eroded,0,1,1,0,0,0,1,1,1,1,1
9279,0.3077789,0,9279,ERODED,1,1,1,1,1,1,1,1,1,1,1
9280,0.1271036,0,9280,Not eroded,0,0,0,0,0,0,1,1,1,1,1
9281,0.1485396,0,9281,Not eroded,0,0,0,0,0,0,1,1,1,1,1
9282,0.1980191,0,9282,Not eroded,0,1,0,0,0,0,1,1,1,1,1
9283,0.1261307,5,9283,Not eroded,0,0,0,0,0,0,0,0,0,0,1
9285,0.09999004,4,9285,Not eroded,0,0,0,0,0,0,0,0,0,1,1
9286,0.05625289,3,9286,Not eroded,0,0,0,0,0,0,1,0,0,1,1
9287,0.144159,5,9287,Not eroded,0,0,0,0,0,0,0,0,0,0,1
9288,0.1159728,0,9288,Not eroded,0,0,0,0,0,0,1,1,1,1,1
9289,0.2417663,5,9289,Not eroded,0,1,1,1,1,0,0,0,0,0,1
9290,0.2646017,0,9290,Not eroded,0,1,1,1,1,1,1,1,1,1,1
9291,0.2181297,4,9291,Not eroded,0,1,0,0,0,0,0,0,0,1,1
9292,0.1331697,3,9292,Not eroded,0,0,0,0,0,0,1,0,0,1,1
9293,0.05625452,3,9293,Not eroded,0,0,0,0,0,0,1,0,0,1,1
9294,0.1609371,4,9294,Not eroded,0,0,0,0,0,0,0,0,0,1,1
9296,0.1888957,2,9296,Not eroded,0,0,0,0,0,0,1,0,1,1,1
9297,0.2705921,6,9297,Not eroded,0,1,1,1,1,1,0,0,0,0,0
9298,0.2498951,0,9298,Not eroded,0,1,1,1,1,0,1,1,1,1,1
9299,0.3070417,0,9299,ERODED,1,1,1,1,1,1,1,1,1,1,1
9300,0.1811531,0,9300,Not eroded,0,0,0,0,0,0,1,1,1,1,1
9302,0.1582625,4,9302,Not eroded,0,0,0,0,0,0,0,0,0,1,1
9304,0.2134286,0,9304,Not eroded,0,1,0,0,0,0,1,1,1,1,1
9305,0.3178362,0,9305,ERODED,1,1,1,1,1,1,1,1,1,1,1
9306,0.06921749,5,9306,Not eroded,0,0,0,0,0,0,0,0,0,0,1
9307,0.235003,6,9307,Not eroded,0,1,1,1,0,0,0,0,0,0,0
9308,0.2880241,3,9308,Not eroded,0,1,1,1,1,1,1,0,0,1,1
9309,0.1158809,4,9309,Not eroded,0,0,0,0,0,0,0,0,0,1,1
9310,0.06749223,4,9310,Not eroded,0,0,0,0,0,0,0,0,0,1,1
9311,0.1407139,4,9311,Not eroded,0,0,0,0,0,0,0,0,0,1,1
9312,0.1547297,5,9312,Not eroded,0,0,0,0,0,0,0,0,0,0,1
9313,0.1116407,5,9313,Not eroded,0,0,0,0,0,0,0,0,0,0,1
9314,0.2079705,4,9314,Not eroded,0,1,0,0,0,0,0,0,0,1,1
9315,0.2306419,0,9315,Not eroded,0,1,1,1,0,0,1,1,1,1,1
9317,0.1604983,5,9317,Not eroded,0,0,0,0,0,0,0,0,0,0,1
9318,0.2075442,3,9318,Not eroded,0,1,0,0,0,0,1,0,0,1,1
9319,0.09875834,5,9319,Not eroded,0,0,0,0,0,0,0,0,0,0,1
9320,0.2680107,0,9320,Not eroded,0,1,1,1,1,1,1,1,1,1,1
9321,0.08547551,4,9321,Not eroded,0,0,0,0,0,0,0,0,0,1,1
9322,0.1955911,4,9322,Not eroded,0,1,0,0,0,0,0,0,0,1,1
9323,0.07269179,5,9323,Not eroded,0,0,0,0,0,0,0,0,0,0,1
9324,0.146243,3,9324,Not eroded,0,0,0,0,0,0,1,0,0,1,1
9325,0.2719783,0,9325,Not eroded,0,1,1,1,1,1,1,1,1,1,1
9326,0.1168856,4,9326,Not eroded,0,0,0,0,0,0,0,0,0,1,1
9327,0.05946368,5,9327,Not eroded,0,0,0,0,0,0,0,0,0,0,1
9328,0.1651355,5,9328,Not eroded,0,0,0,0,0,0,0,0,0,0,1
9330,0.1334587,5,9330,Not eroded,0,0,0,0,0,0,0,0,0,0,1
9331,0.1594106,5,9331,Not eroded,0,0,0,0,0,0,0,0,0,0,1
9332,0.0705596,5,9332,Not eroded,0,0,0,0,0,0,0,0,0,0,1
9333,0.2103288,6,9333,Not eroded,0,1,0,0,0,0,0,0,0,0,0
9334,0.05623894,5,9334,Not eroded,0,0,0,0,0,0,0,0,0,0,1
9335,0.08328842,3,9335,Not eroded,0,0,0,0,0,0,1,0,0,1,1
9336,0.1118813,0,9336,Not eroded,0,0,0,0,0,0,1,1,1,1,1
9338,0.2938444,0,9338,ERODED,1,1,1,1,1,1,1,1,1,1,1
9339,0.08606218,6,9339,Not eroded,0,0,0,0,0,0,0,0,0,0,0
9340,0.1219767,4,9340,Not eroded,0,0,0,0,0,0,0,0,0,1,1
9341,0.08689444,6,9341,Not eroded,0,0,0,0,0,0,0,0,0,0,0
9342,0.1674136,0,9342,Not eroded,0,0,0,0,0,0,1,1,1,1,1
9343,0.1187399,4,9343,Not eroded,0,0,0,0,0,0,0,0,0,1,1
9344,0.2264676,0,9344,Not eroded,0,1,1,0,0,0,1,1,1,1,1
9345,0.2262331,0,9345,Not eroded,0,1,1,0,0,0,1,1,1,1,1
9346,0.05625134,5,9346,Not eroded,0,0,0,0,0,0,0,0,0,0,1
9347,0.279653,0,9347,Not eroded,0,1,1,1,1,1,1,1,1,1,1
9348,0.2008194,3,9348,Not eroded,0,1,0,0,0,0,1,0,0,1,1
9349,0.1146144,3,9349,Not eroded,0,0,0,0,0,0,1,0,0,1,1
9351,0.1261165,4,9351,Not eroded,0,0,0,0,0,0,0,0,0,1,1
9352,0.2526345,4,9352,Not eroded,0,1,1,1,1,1,0,0,0,1,1
9353,0.1732846,3,9353,Not eroded,0,0,0,0,0,0,1,0,0,1,1
9354,0.2931077,0,9354,Not eroded,0,1,1,1,1,1,1,1,1,1,1
9355,0.1070392,5,9355,Not eroded,0,0,0,0,0,0,0,0,0,0,1
9356,0.07717481,0,9356,Not eroded,0,0,0,0,0,0,1,1,1,1,1
9357,0.2512599,3,9357,Not eroded,0,1,1,1,1,1,1,0,0,1,1
9358,0.2959743,3,9358,Not eroded,0,1,1,1,1,1,1,0,0,1,1
9359,0.1846096,6,9359,Not eroded,0,0,0,0,0,0,0,0,0,0,0
9361,0.2194911,3,9361,Not eroded,0,1,0,0,0,0,1,0,0,1,1
9362,0.3242407,0,9362,ERODED,1,1,1,1,1,1,1,1,1,1,1
9363,0.06102933,0,9363,Not eroded,0,0,0,0,0,0,1,1,1,1,1
9364,0.1903451,4,9364,Not eroded,0,0,0,0,0,0,0,0,0,1,1
9365,0.1744686,6,9365,Not eroded,0,0,0,0,0,0,0,0,0,0,0
9366,0.2987818,0,9366,ERODED,1,1,1,1,1,1,1,1,1,1,1
9367,0.06661186,0,9367,Not eroded,0,0,0,0,0,0,1,1,1,1,1
9368,0.1374734,4,9368,Not eroded,0,0,0,0,0,0,0,0,0,1,1
9369,0.1499579,3,9369,Not eroded,0,0,0,0,0,0,1,0,0,1,1
9370,0.05622279,3,9370,Not eroded,0,0,0,0,0,0,1,0,0,1,1
9371,0.1064312,0,9371,Not eroded,0,0,0,0,0,0,1,1,1,1,1
9372,0.2348551,5,9372,Not eroded,0,1,1,1,0,0,0,0,0,0,1
9373,0.2616729,6,9373,Not eroded,0,1,1,1,1,1,0,0,0,0,0
9374,0.1095412,4,9374,Not eroded,0,0,0,0,0,0,0,0,0,1,1
9375,0.07196412,6,9375,Not eroded,0,0,0,0,0,0,0,0,0,0,0
9376,0.2910244,0,9376,Not eroded,0,1,1,1,1,1,1,1,1,1,1
9377,0.1619696,6,9377,Not eroded,0,0,0,0,0,0,0,0,0,0,0
9379,0.1414112,3,9379,Not eroded,0,0,0,0,0,0,1,0,0,1,1
9380,0.2557662,0,9380,Not eroded,0,1,1,1,1,1,1,1,1,1,1
9381,0.07365924,6,9381,Not eroded,0,0,0,0,0,0,0,0,0,0,0
9382,0.1337813,5,9382,Not eroded,0,0,0,0,0,0,0,0,0,0,1
9383,0.159675,5,9383,Not eroded,0,0,0,0,0,0,0,0,0,0,1
9384,0.3020505,0,9384,ERODED,1,1,1,1,1,1,1,1,1,1,1
9385,0.2091193,3,9385,Not eroded,0,1,0,0,0,0,1,0,0,1,1
9386,0.2691604,0,9386,Not eroded,0,1,1,1,1,1,1,1,1,1,1
9387,0.3173808,0,9387,ERODED,1,1,1,1,1,1,1,1,1,1,1
9388,0.09263168,4,9388,Not eroded,0,0,0,0,0,0,0,0,0,1,1
9389,0.2116029,2,9389,Not eroded,0,1,0,0,0,0,1,0,1,1,1
9390,0.3053917,0,9390,ERODED,1,1,1,1,1,1,1,1,1,1,1
9391,0.187822,4,9391,Not eroded,0,0,0,0,0,0,0,0,0,1,1
9393,0.2201643,3,9393,Not eroded,0,1,1,0,0,0,1,0,0,1,1
9394,0.31095,0,9394,ERODED,1,1,1,1,1,1,1,1,1,1,1
9395,0.08697943,0,9395,Not eroded,0,0,0,0,0,0,1,1,1,1,1
9396,0.1263483,5,9396,Not eroded,0,0,0,0,0,0,0,0,0,0,1
9397,0.0923186,0,9397,Not eroded,0,0,0,0,0,0,1,1,1,1,1
9398,0.2163118,6,9398,Not eroded,0,1,0,0,0,0,0,0,0,0,0
9399,0.3075012,0,9399,ERODED,1,1,1,1,1,1,1,1,1,1,1
9400,0.256775,5,9400,Not eroded,0,1,1,1,1,1,0,0,0,0,1
9401,0.09186923,3,9401,Not eroded,0,0,0,0,0,0,1,0,0,1,1
9402,0.1106577,5,9402,Not eroded,0,0,0,0,0,0,0,0,0,0,1
9403,0.1757111,0,9403,Not eroded,0,0,0,0,0,0,1,1,1,1,1
9405,0.2788339,4,9405,Not eroded,0,1,1,1,1,1,0,0,0,1,1
9406,0.1660379,4,9406,Not eroded,0,0,0,0,0,0,0,0,0,1,1
9407,0.1471103,4,9407,Not eroded,0,0,0,0,0,0,0,0,0,1,1
9408,0.1835953,5,9408,Not eroded,0,0,0,0,0,0,0,0,0,0,1
9409,0.2915782,0,9409,Not eroded,0,1,1,1,1,1,1,1,1,1,1
9410,0.215959,4,9410,Not eroded,0,1,0,0,0,0,0,0,0,1,1
9411,0.06896305,6,9411,Not eroded,0,0,0,0,0,0,0,0,0,0,0
9412,0.3062905,0,9412,ERODED,1,1,1,1,1,1,1,1,1,1,1
9413,0.2428477,0,9413,ERODED,1,1,1,1,1,0,1,1,1,1,1
9415,0.268935,3,9415,Not eroded,0,1,1,1,1,1,1,0,0,1,1
9416,0.3149491,0,9416,ERODED,1,1,1,1,1,1,1,1,1,1,1
9417,0.2672044,0,9417,Not eroded,0,1,1,1,1,1,1,1,1,1,1
9418,0.2387323,0,9418,ERODED,1,1,1,1,0,0,1,1,1,1,1
9419,0.148329,3,9419,Not eroded,0,0,0,0,0,0,1,0,0,1,1
9420,0.1726975,0,9420,Not eroded,0,0,0,0,0,0,1,1,1,1,1
9421,0.2940978,0,9421,ERODED,1,1,1,1,1,1,1,1,1,1,1
9422,0.08184478,4,9422,Not eroded,0,0,0,0,0,0,0,0,0,1,1
9423,0.0835591,0,9423,Not eroded,0,0,0,0,0,0,1,1,1,1,1
9424,0.1381308,0,9424,Not eroded,0,0,0,0,0,0,1,1,1,1,1
9425,0.0941953,6,9425,Not eroded,0,0,0,0,0,0,0,0,0,0,0
9426,0.1848015,4,9426,Not eroded,0,0,0,0,0,0,0,0,0,1,1
9427,0.1291002,3,9427,Not eroded,0,0,0,0,0,0,1,0,0,1,1
9428,0.2553884,3,9428,Not eroded,0,1,1,1,1,1,1,0,0,1,1
9429,0.2744339,0,9429,Not eroded,0,1,1,1,1,1,1,1,1,1,1
9430,0.1385014,4,9430,Not eroded,0,0,0,0,0,0,0,0,0,1,1
9431,0.2196659,0,9431,Not eroded,0,1,0,0,0,0,1,1,1,1,1
9432,0.1471316,0,9432,Not eroded,0,0,0,0,0,0,1,1,1,1,1
9434,0.1571808,7,9434,Not eroded,0,0,0,0,0,0,0,0,0,0,0
9435,0.2556339,1,9435,ERODED,1,1,1,1,1,1,1,1,1,1,1
9436,0.2870722,3,9436,Not eroded,0,1,1,1,1,1,1,0,0,1,1
9437,0.2139283,4,9437,Not eroded,0,1,0,0,0,0,0,0,0,1,1
9438,0.2743607,0,9438,Not eroded,0,1,1,1,1,1,1,1,1,1,1
9439,0.2277553,3,9439,Not eroded,0,1,1,0,0,0,1,0,0,1,1
9440,0.2700318,0,9440,ERODED,1,1,1,1,1,1,1,1,1,1,1
9443,0.06147888,3,9443,Not eroded,0,0,0,0,0,0,1,0,0,1,1
9444,0.05816288,3,9444,Not eroded,0,0,0,0,0,0,1,0,0,1,1
9445,0.2549543,5,9445,Not eroded,0,1,1,1,1,1,0,0,0,0,1
9446,0.1535485,3,9446,Not eroded,0,0,0,0,0,0,1,0,0,1,1
9447,0.2790518,4,9447,Not eroded,0,1,1,1,1,1,0,0,0,1,1
9448,0.2625445,5,9448,Not eroded,0,1,1,1,1,1,0,0,0,0,1
9449,0.1944334,4,9449,Not eroded,0,1,0,0,0,0,0,0,0,1,1
9450,0.2331002,2,9450,Not eroded,0,1,1,1,0,0,1,0,1,1,1
9451,0.2829314,0,9451,Not eroded,0,1,1,1,1,1,1,1,1,1,1
9452,0.1489947,0,9452,Not eroded,0,0,0,0,0,0,1,1,1,1,1
9454,0.1836108,3,9454,Not eroded,0,0,0,0,0,0,1,0,0,1,1
9456,0.2790474,0,9456,Not eroded,0,1,1,1,1,1,1,1,1,1,1
9457,0.07359154,5,9457,Not eroded,0,0,0,0,0,0,0,0,0,0,1
9458,0.2911097,3,9458,Not eroded,0,1,1,1,1,1,1,0,0,1,1
9459,0.2388632,6,9459,Not eroded,0,1,1,1,0,0,0,0,0,0,0
9460,0.139135,5,9460,Not eroded,0,0,0,0,0,0,0,0,0,0,1
9461,0.1294263,4,9461,Not eroded,0,0,0,0,0,0,0,0,0,1,1
9462,0.2200556,3,9462,Not eroded,0,1,1,0,0,0,1,0,0,1,1
9463,0.272128,0,9463,ERODED,1,1,1,1,1,1,1,1,1,1,1
9464,0.1418233,5,9464,Not eroded,0,0,0,0,0,0,0,0,0,0,1
9465,0.1727683,5,9465,Not eroded,0,0,0,0,0,0,0,0,0,0,1
9466,0.3151467,0,9466,ERODED,1,1,1,1,1,1,1,1,1,1,1
9467,0.2243152,0,9467,Not eroded,0,1,1,0,0,0,1,1,1,1,1
9468,0.09085156,0,9468,Not eroded,0,0,0,0,0,0,1,1,1,1,1
9470,0.1799885,4,9470,Not eroded,0,0,0,0,0,0,0,0,0,1,1
9471,0.1188395,6,9471,Not eroded,0,0,0,0,0,0,0,0,0,0,0
9472,0.1198482,4,9472,Not eroded,0,0,0,0,0,0,0,0,0,1,1
9473,0.2702218,0,9473,Not eroded,0,1,1,1,1,1,1,1,1,1,1
9474,0.3038452,0,9474,ERODED,1,1,1,1,1,1,1,1,1,1,1
9475,0.1700384,6,9475,Not eroded,0,0,0,0,0,0,0,0,0,0,0
9476,0.3103225,0,9476,ERODED,1,1,1,1,1,1,1,1,1,1,1
9477,0.2975528,0,9477,ERODED,1,1,1,1,1,1,1,1,1,1,1
9478,0.2827737,0,9478,Not eroded,0,1,1,1,1,1,1,1,1,1,1
9479,0.3167936,0,9479,ERODED,1,1,1,1,1,1,1,1,1,1,1
9480,0.2666038,0,9480,ERODED,1,1,1,1,1,1,1,1,1,1,1
9482,0.1088189,3,9482,Not eroded,0,0,0,0,0,0,1,0,0,1,1
9483,0.2466382,3,9483,Not eroded,0,1,1,1,1,0,1,0,0,1,1
9484,0.2335414,0,9484,Not eroded,0,1,1,1,0,0,1,1,1,1,1
9485,0.1781389,6,9485,Not eroded,0,0,0,0,0,0,0,0,0,0,0
9486,0.2632347,0,9486,Not eroded,0,1,1,1,1,1,1,1,1,1,1
9487,0.1225338,3,9487,Not eroded,0,0,0,0,0,0,1,0,0,1,1
9488,0.09158125,3,9488,Not eroded,0,0,0,0,0,0,1,0,0,1,1
9490,0.1286376,5,9490,Not eroded,0,0,0,0,0,0,0,0,0,0,1
9491,0.05623724,3,9491,Not eroded,0,0,0,0,0,0,1,0,0,1,1
9492,0.2701163,0,9492,Not eroded,0,1,1,1,1,1,1,1,1,1,1
9493,0.1867132,4,9493,Not eroded,0,0,0,0,0,0,0,0,0,1,1
9494,0.2336918,3,9494,Not eroded,0,1,1,1,0,0,1,0,0,1,1
9495,0.1708463,4,9495,Not eroded,0,0,0,0,0,0,0,0,0,1,1
9496,0.3266222,0,9496,ERODED,1,1,1,1,1,1,1,1,1,1,1
9499,0.1938159,6,9499,Not eroded,0,1,0,0,0,0,0,0,0,0,0
9500,0.2967723,0,9500,ERODED,1,1,1,1,1,1,1,1,1,1,1
9501,0.1640382,4,9501,Not eroded,0,0,0,0,0,0,0,0,0,1,1
9502,0.238073,5,9502,Not eroded,0,1,1,1,0,0,0,0,0,0,1
9503,0.1763805,0,9503,Not eroded,0,0,0,0,0,0,1,1,1,1,1
9504,0.3120026,2,9504,Not eroded,0,1,1,1,1,1,1,0,1,1,1
9505,0.1569474,0,9505,Not eroded,0,0,0,0,0,0,1,1,1,1,1
9506,0.2575017,3,9506,Not eroded,0,1,1,1,1,1,1,0,0,1,1
9507,0.2789811,0,9507,ERODED,1,1,1,1,1,1,1,1,1,1,1
9508,0.08243134,5,9508,Not eroded,0,0,0,0,0,0,0,0,0,0,1
9509,0.06386381,5,9509,Not eroded,0,0,0,0,0,0,0,0,0,0,1
9510,0.1148808,0,9510,Not eroded,0,0,0,0,0,0,1,1,1,1,1
9511,0.05626526,4,9511,Not eroded,0,0,0,0,0,0,0,0,0,1,1
9512,0.2093929,6,9512,Not eroded,0,1,0,0,0,0,0,0,0,0,0
9513,0.06496744,0,9513,Not eroded,0,0,0,0,0,0,1,1,1,1,1
9514,0.05625479,3,9514,Not eroded,0,0,0,0,0,0,1,0,0,1,1
9515,0.1193681,0,9515,Not eroded,0,0,0,0,0,0,1,1,1,1,1
9516,0.2123063,2,9516,Not eroded,0,1,0,0,0,0,1,0,1,1,1
9517,0.2524882,3,9517,Not eroded,0,1,1,1,1,1,1,0,0,1,1
9518,0.1407301,0,9518,Not eroded,0,0,0,0,0,0,1,1,1,1,1
9519,0.228868,4,9519,Not eroded,0,1,1,0,0,0,0,0,0,1,1
9520,0.06393299,5,9520,Not eroded,0,0,0,0,0,0,0,0,0,0,1
9521,0.2223756,0,9521,Not eroded,0,1,1,0,0,0,1,1,1,1,1
9522,0.0562899,0,9522,Not eroded,0,0,0,0,0,0,1,1,1,1,1
9523,0.2365855,2,9523,Not eroded,0,1,1,1,0,0,1,0,1,1,1
9524,0.3279491,0,9524,ERODED,1,1,1,1,1,1,1,1,1,1,1
9525,0.2655682,4,9525,Not eroded,0,1,1,1,1,1,0,0,0,1,1
9527,0.3274526,0,9527,ERODED,1,1,1,1,1,1,1,1,1,1,1
9528,0.2633328,4,9528,Not eroded,0,1,1,1,1,1,0,0,0,1,1
9529,0.1091425,5,9529,Not eroded,0,0,0,0,0,0,0,0,0,0,1
9530,0.08397618,4,9530,Not eroded,0,0,0,0,0,0,0,0,0,1,1
9531,0.2373681,3,9531,Not eroded,0,1,1,1,0,0,1,0,0,1,1
9532,0.07797795,2,9532,Not eroded,0,0,0,0,0,0,1,0,1,1,1
9533,0.1492902,4,9533,Not eroded,0,0,0,0,0,0,0,0,0,1,1
9534,0.3256312,0,9534,ERODED,1,1,1,1,1,1,1,1,1,1,1
9535,0.1890295,5,9535,Not eroded,0,0,0,0,0,0,0,0,0,0,1
9537,0.1902287,0,9537,Not eroded,0,0,0,0,0,0,1,1,1,1,1
9538,0.1701509,7,9538,Not eroded,0,0,0,0,0,0,0,0,0,0,0
9539,0.09795731,5,9539,Not eroded,0,0,0,0,0,0,0,0,0,0,1
9540,0.2646664,0,9540,Not eroded,0,1,1,1,1,1,1,1,1,1,1
9541,0.2374812,0,9541,Not eroded,0,1,1,1,0,0,1,1,1,1,1
9542,0.08154571,4,9542,Not eroded,0,0,0,0,0,0,0,0,0,1,1
9543,0.1573663,3,9543,Not eroded,0,0,0,0,0,0,1,0,0,1,1
9545,0.08029865,5,9545,Not eroded,0,0,0,0,0,0,0,0,0,0,1
9546,0.1385798,0,9546,Not eroded,0,0,0,0,0,0,1,1,1,1,1
9547,0.09070334,3,9547,Not eroded,0,0,0,0,0,0,1,0,0,1,1
9548,0.1285405,5,9548,Not eroded,0,0,0,0,0,0,0,0,0,0,1
9549,0.1244928,2,9549,Not eroded,0,0,0,0,0,0,1,0,1,1,1
9550,0.1277219,4,9550,Not eroded,0,0,0,0,0,0,0,0,0,1,1
9551,0.08186956,0,9551,Not eroded,0,0,0,0,0,0,1,1,1,1,1
9552,0.1636895,3,9552,Not eroded,0,0,0,0,0,0,1,0,0,1,1
9553,0.3251493,0,9553,ERODED,1,1,1,1,1,1,1,1,1,1,1
9554,0.1311228,0,9554,Not eroded,0,0,0,0,0,0,1,1,1,1,1
9556,0.1777989,3,9556,Not eroded,0,0,0,0,0,0,1,0,0,1,1
9557,0.1485379,3,9557,Not eroded,0,0,0,0,0,0,1,0,0,1,1
9558,0.2649158,4,9558,Not eroded,0,1,1,1,1,1,0,0,0,1,1
9559,0.2212452,5,9559,Not eroded,0,1,1,0,0,0,0,0,0,0,1
9560,0.1906431,0,9560,Not eroded,0,1,0,0,0,0,1,1,1,1,1
9561,0.307527,4,9561,Not eroded,0,1,1,1,1,1,0,0,0,1,1
9562,0.2528785,6,9562,Not eroded,0,1,1,1,1,1,0,0,0,0,0
9564,0.296185,0,9564,ERODED,1,1,1,1,1,1,1,1,1,1,1
9565,0.1342321,4,9565,Not eroded,0,0,0,0,0,0,0,0,0,1,1
9566,0.06845111,7,9566,Not eroded,0,0,0,0,0,0,0,0,0,0,0
9567,0.151436,0,9567,Not eroded,0,0,0,0,0,0,1,1,1,1,1
9568,0.2888482,0,9568,ERODED,1,1,1,1,1,1,1,1,1,1,1
9570,0.07114645,4,9570,Not eroded,0,0,0,0,0,0,0,0,0,1,1
9571,0.2056805,0,9571,Not eroded,0,1,0,0,0,0,1,1,1,1,1
9572,0.1255081,5,9572,Not eroded,0,0,0,0,0,0,0,0,0,0,1
9573,0.07257629,4,9573,Not eroded,0,0,0,0,0,0,0,0,0,1,1
9574,0.1879131,0,9574,Not eroded,0,0,0,0,0,0,1,1,1,1,1
9575,0.08648142,0,9575,Not eroded,0,0,0,0,0,0,1,1,1,1,1
9576,0.2097285,4,9576,Not eroded,0,1,0,0,0,0,0,0,0,1,1
9577,0.09863958,6,9577,Not eroded,0,0,0,0,0,0,0,0,0,0,0
9578,0.2239456,4,9578,Not eroded,0,1,1,0,0,0,0,0,0,1,1
9579,0.0562722,3,9579,Not eroded,0,0,0,0,0,0,1,0,0,1,1
9580,0.163024,5,9580,Not eroded,0,0,0,0,0,0,0,0,0,0,1
9581,0.1092758,4,9581,Not eroded,0,0,0,0,0,0,0,0,0,1,1
9582,0.2431679,3,9582,Not eroded,0,1,1,1,1,0,1,0,0,1,1
9583,0.1350447,3,9583,Not eroded,0,0,0,0,0,0,1,0,0,1,1
9584,0.1615359,3,9584,Not eroded,0,0,0,0,0,0,1,0,0,1,1
9585,0.1492749,5,9585,Not eroded,0,0,0,0,0,0,0,0,0,0,1
9586,0.2324367,0,9586,ERODED,1,1,1,1,0,0,1,1,1,1,1
9587,0.06494256,2,9587,Not eroded,0,0,0,0,0,0,1,0,1,1,1
9588,0.08396164,0,9588,Not eroded,0,0,0,0,0,0,1,1,1,1,1
9589,0.1139057,0,9589,Not eroded,0,0,0,0,0,0,1,1,1,1,1
9590,0.08233254,5,9590,Not eroded,0,0,0,0,0,0,0,0,0,0,1
9591,0.07662615,3,9591,Not eroded,0,0,0,0,0,0,1,0,0,1,1
9592,0.09461716,6,9592,Not eroded,0,0,0,0,0,0,0,0,0,0,0
9593,0.2443068,3,9593,Not eroded,0,1,1,1,1,0,1,0,0,1,1
9594,0.1350591,4,9594,Not eroded,0,0,0,0,0,0,0,0,0,1,1
9595,0.2949426,0,9595,Not eroded,0,1,1,1,1,1,1,1,1,1,1
9596,0.27562,0,9596,Not eroded,0,1,1,1,1,1,1,1,1,1,1
9597,0.2936952,0,9597,ERODED,1,1,1,1,1,1,1,1,1,1,1
9598,0.2288502,3,9598,Not eroded,0,1,1,0,0,0,1,0,0,1,1
9600,0.09376954,0,9600,Not eroded,0,0,0,0,0,0,1,1,1,1,1
9601,0.1520156,5,9601,Not eroded,0,0,0,0,0,0,0,0,0,0,1
9602,0.1268365,3,9602,Not eroded,0,0,0,0,0,0,1,0,0,1,1
9603,0.2943399,0,9603,Not eroded,0,1,1,1,1,1,1,1,1,1,1
9604,0.1432892,6,9604,Not eroded,0,0,0,0,0,0,0,0,0,0,0
9605,0.1711365,4,9605,Not eroded,0,0,0,0,0,0,0,0,0,1,1
9606,0.1418047,6,9606,Not eroded,0,0,0,0,0,0,0,0,0,0,0
9607,0.09161843,4,9607,Not eroded,0,0,0,0,0,0,0,0,0,1,1
9608,0.1153067,5,9608,Not eroded,0,0,0,0,0,0,0,0,0,0,1
9609,0.2023125,4,9609,Not eroded,0,1,0,0,0,0,0,0,0,1,1
9610,0.2621352,0,9610,Not eroded,0,1,1,1,1,1,1,1,1,1,1
9611,0.3058189,0,9611,ERODED,1,1,1,1,1,1,1,1,1,1,1
9612,0.2126726,3,9612,Not eroded,0,1,0,0,0,0,1,0,0,1,1
9613,0.1199937,4,9613,Not eroded,0,0,0,0,0,0,0,0,0,1,1
9614,0.05624317,5,9614,Not eroded,0,0,0,0,0,0,0,0,0,0,1
9617,0.2309369,4,9617,Not eroded,0,1,1,1,0,0,0,0,0,1,1
9618,0.237371,6,9618,Not eroded,0,1,1,1,0,0,0,0,0,0,0
9619,0.1217661,4,9619,Not eroded,0,0,0,0,0,0,0,0,0,1,1
9620,0.1685815,5,9620,Not eroded,0,0,0,0,0,0,0,0,0,0,1
9621,0.08871137,6,9621,Not eroded,0,0,0,0,0,0,0,0,0,0,0
9623,0.1380048,4,9623,Not eroded,0,0,0,0,0,0,0,0,0,1,1
9624,0.3254416,0,9624,ERODED,1,1,1,1,1,1,1,1,1,1,1
9625,0.1917513,6,9625,Not eroded,0,1,0,0,0,0,0,0,0,0,0
9626,0.2004217,4,9626,Not eroded,0,1,0,0,0,0,0,0,0,1,1
9627,0.264971,0,9627,Not eroded,0,1,1,1,1,1,1,1,1,1,1
9628,0.2317159,5,9628,Not eroded,0,1,1,1,0,0,0,0,0,0,1
9629,0.2988323,0,9629,ERODED,1,1,1,1,1,1,1,1,1,1,1
9630,0.3019095,0,9630,ERODED,1,1,1,1,1,1,1,1,1,1,1
9631,0.2883451,4,9631,Not eroded,0,1,1,1,1,1,0,0,0,1,1
9632,0.2732457,0,9632,ERODED,1,1,1,1,1,1,1,1,1,1,1
9633,0.1514902,4,9633,Not eroded,0,0,0,0,0,0,0,0,0,1,1
9634,0.2033542,4,9634,Not eroded,0,1,0,0,0,0,0,0,0,1,1
9636,0.1831607,6,9636,Not eroded,0,0,0,0,0,0,0,0,0,0,0
9638,0.08739756,5,9638,Not eroded,0,0,0,0,0,0,0,0,0,0,1
9639,0.1176176,0,9639,Not eroded,0,0,0,0,0,0,1,1,1,1,1
9640,0.2323771,0,9640,ERODED,1,1,1,1,0,0,1,1,1,1,1
9641,0.3260575,0,9641,ERODED,1,1,1,1,1,1,1,1,1,1,1
9644,0.2293056,0,9644,ERODED,1,1,1,0,0,0,1,1,1,1,1
9646,0.2038634,0,9646,Not eroded,0,1,0,0,0,0,1,1,1,1,1
9647,0.2127392,0,9647,Not eroded,0,1,0,0,0,0,1,1,1,1,1
9648,0.3033924,0,9648,ERODED,1,1,1,1,1,1,1,1,1,1,1
9649,0.09664228,3,9649,Not eroded,0,0,0,0,0,0,1,0,0,1,1
9650,0.1654878,0,9650,Not eroded,0,0,0,0,0,0,1,1,1,1,1
9651,0.3252859,0,9651,ERODED,1,1,1,1,1,1,1,1,1,1,1
9652,0.2243249,4,9652,Not eroded,0,1,1,0,0,0,0,0,0,1,1
9653,0.2584343,0,9653,Not eroded,0,1,1,1,1,1,1,1,1,1,1
9654,0.1063752,5,9654,Not eroded,0,0,0,0,0,0,0,0,0,0,1
9655,0.3254619,0,9655,ERODED,1,1,1,1,1,1,1,1,1,1,1
9656,0.1291411,5,9656,Not eroded,0,0,0,0,0,0,0,0,0,0,1
9657,0.2848674,5,9657,Not eroded,0,1,1,1,1,1,0,0,0,0,1
9658,0.08376211,4,9658,Not eroded,0,0,0,0,0,0,0,0,0,1,1
9659,0.05624426,5,9659,Not eroded,0,0,0,0,0,0,0,0,0,0,1
9660,0.119349,3,9660,Not eroded,0,0,0,0,0,0,1,0,0,1,1
9661,0.1768389,3,9661,Not eroded,0,0,0,0,0,0,1,0,0,1,1
9662,0.1682196,5,9662,Not eroded,0,0,0,0,0,0,0,0,0,0,1
9663,0.3054722,0,9663,ERODED,1,1,1,1,1,1,1,1,1,1,1
9664,0.3015301,3,9664,Not eroded,0,1,1,1,1,1,1,0,0,1,1
9665,0.1240398,3,9665,Not eroded,0,0,0,0,0,0,1,0,0,1,1
9666,0.2277288,0,9666,Not eroded,0,1,1,0,0,0,1,1,1,1,1
9667,0.264238,4,9667,Not eroded,0,1,1,1,1,1,0,0,0,1,1
9668,0.2444255,3,9668,Not eroded,0,1,1,1,1,0,1,0,0,1,1
9669,0.2170617,3,9669,Not eroded,0,1,0,0,0,0,1,0,0,1,1
9670,0.2809533,0,9670,ERODED,1,1,1,1,1,1,1,1,1,1,1
9671,0.1900528,0,9671,Not eroded,0,0,0,0,0,0,1,1,1,1,1
9672,0.05622969,4,9672,Not eroded,0,0,0,0,0,0,0,0,0,1,1
9673,0.1360076,5,9673,Not eroded,0,0,0,0,0,0,0,0,0,0,1
9675,0.1942864,5,9675,Not eroded,0,1,0,0,0,0,0,0,0,0,1
9676,0.07639692,4,9676,Not eroded,0,0,0,0,0,0,0,0,0,1,1
9677,0.2061579,4,9677,Not eroded,0,1,0,0,0,0,0,0,0,1,1
9678,0.2470941,3,9678,Not eroded,0,1,1,1,1,0,1,0,0,1,1
9679,0.09520068,4,9679,Not eroded,0,0,0,0,0,0,0,0,0,1,1
9680,0.2865588,0,9680,Not eroded,0,1,1,1,1,1,1,1,1,1,1
9681,0.06735875,2,9681,Not eroded,0,0,0,0,0,0,1,0,1,1,1
9682,0.1408473,4,9682,Not eroded,0,0,0,0,0,0,0,0,0,1,1
9683,0.1212737,3,9683,Not eroded,0,0,0,0,0,0,1,0,0,1,1
9685,0.115636,0,9685,Not eroded,0,0,0,0,0,0,1,1,1,1,1
9686,0.1541087,5,9686,Not eroded,0,0,0,0,0,0,0,0,0,0,1
9687,0.2671222,0,9687,ERODED,1,1,1,1,1,1,1,1,1,1,1
9688,0.3272265,0,9688,ERODED,1,1,1,1,1,1,1,1,1,1,1
9690,0.1511174,3,9690,Not eroded,0,0,0,0,0,0,1,0,0,1,1
9691,0.1279555,4,9691,Not eroded,0,0,0,0,0,0,0,0,0,1,1
9692,0.08399239,6,9692,Not eroded,0,0,0,0,0,0,0,0,0,0,0
9693,0.3255981,0,9693,ERODED,1,1,1,1,1,1,1,1,1,1,1
9695,0.1651504,3,9695,Not eroded,0,0,0,0,0,0,1,0,0,1,1
9696,0.05632843,0,9696,Not eroded,0,0,0,0,0,0,1,1,1,1,1
9697,0.06266183,6,9697,Not eroded,0,0,0,0,0,0,0,0,0,0,0
9698,0.1499868,0,9698,Not eroded,0,0,0,0,0,0,1,1,1,1,1
9699,0.09003092,2,9699,Not eroded,0,0,0,0,0,0,1,0,1,1,1
9700,0.1026673,0,9700,Not eroded,0,0,0,0,0,0,1,1,1,1,1
9701,0.2582988,0,9701,ERODED,1,1,1,1,1,1,1,1,1,1,1
9702,0.2060144,4,9702,Not eroded,0,1,0,0,0,0,0,0,0,1,1
9703,0.09605749,7,9703,Not eroded,0,0,0,0,0,0,0,0,0,0,0
9705,0.2958338,4,9705,Not eroded,0,1,1,1,1,1,0,0,0,1,1
9706,0.09255768,2,9706,Not eroded,0,0,0,0,0,0,1,0,1,1,1
9707,0.09024942,3,9707,Not eroded,0,0,0,0,0,0,1,0,0,1,1
9708,0.2880192,0,9708,Not eroded,0,1,1,1,1,1,1,1,1,1,1
9709,0.1729441,4,9709,Not eroded,0,0,0,0,0,0,0,0,0,1,1
9710,0.3250561,0,9710,ERODED,1,1,1,1,1,1,1,1,1,1,1
9711,0.09138438,3,9711,Not eroded,0,0,0,0,0,0,1,0,0,1,1
9712,0.2378296,0,9712,Not eroded,0,1,1,1,0,0,1,1,1,1,1
9713,0.3052441,0,9713,ERODED,1,1,1,1,1,1,1,1,1,1,1
9714,0.130143,6,9714,Not eroded,0,0,0,0,0,0,0,0,0,0,0
9715,0.2627709,4,9715,Not eroded,0,1,1,1,1,1,0,0,0,1,1
9716,0.223757,0,9716,Not eroded,0,1,1,0,0,0,1,1,1,1,1
9717,0.06467235,4,9717,Not eroded,0,0,0,0,0,0,0,0,0,1,1
9718,0.1373017,5,9718,Not eroded,0,0,0,0,0,0,0,0,0,0,1
9719,0.08150213,6,9719,Not eroded,0,0,0,0,0,0,0,0,0,0,0
9720,0.1053217,6,9720,Not eroded,0,0,0,0,0,0,0,0,0,0,0
9722,0.1237926,0,9722,Not eroded,0,0,0,0,0,0,1,1,1,1,1
9723,0.2811516,6,9723,Not eroded,0,1,1,1,1,1,0,0,0,0,0
9724,0.09393015,4,9724,Not eroded,0,0,0,0,0,0,0,0,0,1,1
9726,0.1787115,5,9726,Not eroded,0,0,0,0,0,0,0,0,0,0,1
9727,0.1814273,5,9727,Not eroded,0,0,0,0,0,0,0,0,0,0,1
9728,0.187538,0,9728,Not eroded,0,0,0,0,0,0,1,1,1,1,1
9729,0.2253791,4,9729,Not eroded,0,1,1,0,0,0,0,0,0,1,1
9730,0.2957182,0,9730,ERODED,1,1,1,1,1,1,1,1,1,1,1
9731,0.1883071,0,9731,Not eroded,0,0,0,0,0,0,1,1,1,1,1
9732,0.167735,4,9732,Not eroded,0,0,0,0,0,0,0,0,0,1,1
9733,0.155333,4,9733,Not eroded,0,0,0,0,0,0,0,0,0,1,1
9734,0.1628126,3,9734,Not eroded,0,0,0,0,0,0,1,0,0,1,1
9735,0.1395871,4,9735,Not eroded,0,0,0,0,0,0,0,0,0,1,1
9736,0.1660337,3,9736,Not eroded,0,0,0,0,0,0,1,0,0,1,1
9738,0.2625276,5,9738,Not eroded,0,1,1,1,1,1,0,0,0,0,1
9739,0.2929379,0,9739,ERODED,1,1,1,1,1,1,1,1,1,1,1
9741,0.2220448,2,9741,Not eroded,0,1,1,0,0,0,1,0,1,1,1
9743,0.1469133,4,9743,Not eroded,0,0,0,0,0,0,0,0,0,1,1
9744,0.09833547,3,9744,Not eroded,0,0,0,0,0,0,1,0,0,1,1
9745,0.2509488,0,9745,Not eroded,0,1,1,1,1,1,1,1,1,1,1
9746,0.2487651,5,9746,Not eroded,0,1,1,1,1,0,0,0,0,0,1
9747,0.2794325,0,9747,Not eroded,0,1,1,1,1,1,1,1,1,1,1
9748,0.2090607,0,9748,Not eroded,0,1,0,0,0,0,1,1,1,1,1
9749,0.2392214,5,9749,Not eroded,0,1,1,1,0,0,0,0,0,0,1
9750,0.167671,4,9750,Not eroded,0,0,0,0,0,0,0,0,0,1,1
9751,0.1214213,3,9751,Not eroded,0,0,0,0,0,0,1,0,0,1,1
9752,0.3249127,0,9752,ERODED,1,1,1,1,1,1,1,1,1,1,1
9753,0.1263567,5,9753,Not eroded,0,0,0,0,0,0,0,0,0,0,1
9754,0.1205363,5,9754,Not eroded,0,0,0,0,0,0,0,0,0,0,1
9755,0.1166822,4,9755,Not eroded,0,0,0,0,0,0,0,0,0,1,1
9756,0.302002,4,9756,Not eroded,0,1,1,1,1,1,0,0,0,1,1
9757,0.2056122,4,9757,Not eroded,0,1,0,0,0,0,0,0,0,1,1
9758,0.194077,4,9758,Not eroded,0,1,0,0,0,0,0,0,0,1,1
9759,0.2135438,5,9759,Not eroded,0,1,0,0,0,0,0,0,0,0,1
9760,0.05625631,4,9760,Not eroded,0,0,0,0,0,0,0,0,0,1,1
9761,0.1766719,3,9761,Not eroded,0,0,0,0,0,0,1,0,0,1,1
9762,0.3256238,0,9762,ERODED,1,1,1,1,1,1,1,1,1,1,1
9763,0.112076,3,9763,Not eroded,0,0,0,0,0,0,1,0,0,1,1
9764,0.09184262,0,9764,Not eroded,0,0,0,0,0,0,1,1,1,1,1
9765,0.2426039,0,9765,Not eroded,0,1,1,1,1,0,1,1,1,1,1
9766,0.1068302,6,9766,Not eroded,0,0,0,0,0,0,0,0,0,0,0
9767,0.1707396,4,9767,Not eroded,0,0,0,0,0,0,0,0,0,1,1
9768,0.2416091,6,9768,Not eroded,0,1,1,1,1,0,0,0,0,0,0
9769,0.06495853,4,9769,Not eroded,0,0,0,0,0,0,0,0,0,1,1
9770,0.09340732,4,9770,Not eroded,0,0,0,0,0,0,0,0,0,1,1
9771,0.2396153,4,9771,Not eroded,0,1,1,1,0,0,0,0,0,1,1
9772,0.1091682,0,9772,Not eroded,0,0,0,0,0,0,1,1,1,1,1
9773,0.1075866,5,9773,Not eroded,0,0,0,0,0,0,0,0,0,0,1
9774,0.217898,4,9774,Not eroded,0,1,0,0,0,0,0,0,0,1,1
9775,0.07917999,4,9775,Not eroded,0,0,0,0,0,0,0,0,0,1,1
9776,0.2002804,3,9776,Not eroded,0,1,0,0,0,0,1,0,0,1,1
9777,0.1865106,4,9777,Not eroded,0,0,0,0,0,0,0,0,0,1,1
9778,0.2129278,0,9778,Not eroded,0,1,0,0,0,0,1,1,1,1,1
9779,0.2302741,5,9779,Not eroded,0,1,1,1,0,0,0,0,0,0,1
9780,0.2931678,0,9780,ERODED,1,1,1,1,1,1,1,1,1,1,1
9781,0.1530357,4,9781,Not eroded,0,0,0,0,0,0,0,0,0,1,1
9782,0.05617167,4,9782,Not eroded,0,0,0,0,0,0,0,0,0,1,1
9783,0.1992443,0,9783,Not eroded,0,1,0,0,0,0,1,1,1,1,1
9784,0.1909535,4,9784,Not eroded,0,1,0,0,0,0,0,0,0,1,1
9785,0.2745026,4,9785,Not eroded,0,1,1,1,1,1,0,0,0,1,1
9786,0.1215692,4,9786,Not eroded,0,0,0,0,0,0,0,0,0,1,1
9788,0.2545573,4,9788,Not eroded,0,1,1,1,1,1,0,0,0,1,1
9789,0.05730585,0,9789,Not eroded,0,0,0,0,0,0,1,1,1,1,1
9790,0.161813,0,9790,Not eroded,0,0,0,0,0,0,1,1,1,1,1
9791,0.1192997,4,9791,Not eroded,0,0,0,0,0,0,0,0,0,1,1
9792,0.2075917,3,9792,Not eroded,0,1,0,0,0,0,1,0,0,1,1
9793,0.2073875,3,9793,Not eroded,0,1,0,0,0,0,1,0,0,1,1
9794,0.1099635,4,9794,Not eroded,0,0,0,0,0,0,0,0,0,1,1
9795,0.1999264,0,9795,Not eroded,0,1,0,0,0,0,1,1,1,1,1
9796,0.2871844,3,9796,Not eroded,0,1,1,1,1,1,1,0,0,1,1
9797,0.2817271,0,9797,ERODED,1,1,1,1,1,1,1,1,1,1,1
9798,0.2193294,4,9798,Not eroded,0,1,0,0,0,0,0,0,0,1,1
9799,0.2479534,0,9799,Not eroded,0,1,1,1,1,0,1,1,1,1,1
9800,0.05624336,3,9800,Not eroded,0,0,0,0,0,0,1,0,0,1,1
9801,0.2040403,0,9801,Not eroded,0,1,0,0,0,0,1,1,1,1,1
9802,0.1325376,4,9802,Not eroded,0,0,0,0,0,0,0,0,0,1,1
9803,0.3252962,0,9803,ERODED,1,1,1,1,1,1,1,1,1,1,1
9804,0.1168292,0,9804,Not eroded,0,0,0,0,0,0,1,1,1,1,1
9805,0.2669808,0,9805,Not eroded,0,1,1,1,1,1,1,1,1,1,1
9806,0.1631471,6,9806,Not eroded,0,0,0,0,0,0,0,0,0,0,0
9807,0.06227893,5,9807,Not eroded,0,0,0,0,0,0,0,0,0,0,1
9808,0.05626546,3,9808,Not eroded,0,0,0,0,0,0,1,0,0,1,1
9809,0.1824936,0,9809,Not eroded,0,0,0,0,0,0,1,1,1,1,1
9810,0.07495679,3,9810,Not eroded,0,0,0,0,0,0,1,0,0,1,1
9811,0.3287009,0,9811,ERODED,1,1,1,1,1,1,1,1,1,1,1
9812,0.227629,4,9812,Not eroded,0,1,1,0,0,0,0,0,0,1,1
9813,0.1948451,3,9813,Not eroded,0,1,0,0,0,0,1,0,0,1,1
9814,0.180447,4,9814,Not eroded,0,0,0,0,0,0,0,0,0,1,1
9815,0.3245664,0,9815,ERODED,1,1,1,1,1,1,1,1,1,1,1
9816,0.2760254,3,9816,Not eroded,0,1,1,1,1,1,1,0,0,1,1
9818,0.2518602,3,9818,Not eroded,0,1,1,1,1,1,1,0,0,1,1
9819,0.1471336,5,9819,Not eroded,0,0,0,0,0,0,0,0,0,0,1
9820,0.05646422,4,9820,Not eroded,0,0,0,0,0,0,0,0,0,1,1
9821,0.1943589,0,9821,Not eroded,0,1,0,0,0,0,1,1,1,1,1
9822,0.09360227,5,9822,Not eroded,0,0,0,0,0,0,0,0,0,0,1
9823,0.09363859,0,9823,Not eroded,0,0,0,0,0,0,1,1,1,1,1
9824,0.1522412,0,9824,Not eroded,0,0,0,0,0,0,1,1,1,1,1
9825,0.1692959,4,9825,Not eroded,0,0,0,0,0,0,0,0,0,1,1
9826,0.1442063,2,9826,Not eroded,0,0,0,0,0,0,1,0,1,1,1
9827,0.235783,4,9827,Not eroded,0,1,1,1,0,0,0,0,0,1,1
9828,0.05624053,5,9828,Not eroded,0,0,0,0,0,0,0,0,0,0,1
9829,0.1503739,4,9829,Not eroded,0,0,0,0,0,0,0,0,0,1,1
9830,0.2379973,5,9830,Not eroded,0,1,1,1,0,0,0,0,0,0,1
9831,0.2723197,0,9831,ERODED,1,1,1,1,1,1,1,1,1,1,1
9832,0.2522276,2,9832,Not eroded,0,1,1,1,1,1,1,0,1,1,1
9833,0.2681626,2,9833,Not eroded,0,1,1,1,1,1,1,0,1,1,1
9834,0.1702603,4,9834,Not eroded,0,0,0,0,0,0,0,0,0,1,1
9835,0.1159433,3,9835,Not eroded,0,0,0,0,0,0,1,0,0,1,1
9836,0.2879507,0,9836,Not eroded,0,1,1,1,1,1,1,1,1,1,1
9837,0.1923139,5,9837,Not eroded,0,1,0,0,0,0,0,0,0,0,1
9838,0.06520903,3,9838,Not eroded,0,0,0,0,0,0,1,0,0,1,1
9839,0.09155921,0,9839,Not eroded,0,0,0,0,0,0,1,1,1,1,1
9840,0.2268631,0,9840,Not eroded,0,1,1,0,0,0,1,1,1,1,1
9842,0.2031788,0,9842,Not eroded,0,1,0,0,0,0,1,1,1,1,1
9843,0.2094051,3,9843,Not eroded,0,1,0,0,0,0,1,0,0,1,1
9844,0.08548931,5,9844,Not eroded,0,0,0,0,0,0,0,0,0,0,1
9845,0.2418059,3,9845,Not eroded,0,1,1,1,1,0,1,0,0,1,1
9846,0.3023105,0,9846,ERODED,1,1,1,1,1,1,1,1,1,1,1
9847,0.3077167,2,9847,Not eroded,0,1,1,1,1,1,1,0,1,1,1
9848,0.286617,0,9848,ERODED,1,1,1,1,1,1,1,1,1,1,1
9850,0.06424139,6,9850,Not eroded,0,0,0,0,0,0,0,0,0,0,0
9851,0.0775901,5,9851,Not eroded,0,0,0,0,0,0,0,0,0,0,1
9852,0.08962351,4,9852,Not eroded,0,0,0,0,0,0,0,0,0,1,1
9853,0.1731924,3,9853,Not eroded,0,0,0,0,0,0,1,0,0,1,1
9855,0.2850121,0,9855,ERODED,1,1,1,1,1,1,1,1,1,1,1
9856,0.2230527,4,9856,Not eroded,0,1,1,0,0,0,0,0,0,1,1
9858,0.05652094,3,9858,Not eroded,0,0,0,0,0,0,1,0,0,1,1
9859,0.2478482,2,9859,Not eroded,0,1,1,1,1,0,1,0,1,1,1
9860,0.2575509,3,9860,Not eroded,0,1,1,1,1,1,1,0,0,1,1
9862,0.2083901,2,9862,Not eroded,0,1,0,0,0,0,1,0,1,1,1
9864,0.2696483,6,9864,Not eroded,0,1,1,1,1,1,0,0,0,0,0
9865,0.266128,4,9865,Not eroded,0,1,1,1,1,1,0,0,0,1,1
9866,0.1759382,0,9866,Not eroded,0,0,0,0,0,0,1,1,1,1,1
9867,0.2903334,0,9867,ERODED,1,1,1,1,1,1,1,1,1,1,1
9868,0.1323371,6,9868,Not eroded,0,0,0,0,0,0,0,0,0,0,0
9869,0.2900831,3,9869,Not eroded,0,1,1,1,1,1,1,0,0,1,1
9870,0.1928943,4,9870,Not eroded,0,1,0,0,0,0,0,0,0,1,1
9871,0.1504566,6,9871,Not eroded,0,0,0,0,0,0,0,0,0,0,0
9872,0.1913801,5,9872,Not eroded,0,1,0,0,0,0,0,0,0,0,1
9874,0.2710671,0,9874,Not eroded,0,1,1,1,1,1,1,1,1,1,1
9875,0.2335461,4,9875,Not eroded,0,1,1,1,0,0,0,0,0,1,1
9876,0.2865965,0,9876,ERODED,1,1,1,1,1,1,1,1,1,1,1
9877,0.06616193,0,9877,Not eroded,0,0,0,0,0,0,1,1,1,1,1
9878,0.0562523,3,9878,Not eroded,0,0,0,0,0,0,1,0,0,1,1
9879,0.05625748,2,9879,Not eroded,0,0,0,0,0,0,1,0,1,1,1
9881,0.1024671,4,9881,Not eroded,0,0,0,0,0,0,0,0,0,1,1
9884,0.1735031,6,9884,Not eroded,0,0,0,0,0,0,0,0,0,0,0
9885,0.2786517,0,9885,Not eroded,0,1,1,1,1,1,1,1,1,1,1
9887,0.1036064,4,9887,Not eroded,0,0,0,0,0,0,0,0,0,1,1
9888,0.2547233,4,9888,Not eroded,0,1,1,1,1,1,0,0,0,1,1
9889,0.05688789,0,9889,Not eroded,0,0,0,0,0,0,1,1,1,1,1
9890,0.2143977,2,9890,Not eroded,0,1,0,0,0,0,1,0,1,1,1
9891,0.3095752,0,9891,ERODED,1,1,1,1,1,1,1,1,1,1,1
9892,0.2708769,0,9892,Not eroded,0,1,1,1,1,1,1,1,1,1,1
9893,0.2017747,5,9893,Not eroded,0,1,0,0,0,0,0,0,0,0,1
9894,0.2529537,4,9894,Not eroded,0,1,1,1,1,1,0,0,0,1,1
9895,0.2561799,3,9895,Not eroded,0,1,1,1,1,1,1,0,0,1,1
9896,0.1682921,6,9896,Not eroded,0,0,0,0,0,0,0,0,0,0,0
9897,0.1932034,3,9897,Not eroded,0,1,0,0,0,0,1,0,0,1,1
9898,0.09089534,0,9898,Not eroded,0,0,0,0,0,0,1,1,1,1,1
9899,0.0682514,5,9899,Not eroded,0,0,0,0,0,0,0,0,0,0,1
9900,0.2279371,4,9900,Not eroded,0,1,1,0,0,0,0,0,0,1,1
9902,0.2252396,5,9902,Not eroded,0,1,1,0,0,0,0,0,0,0,1
9904,0.05622293,3,9904,Not eroded,0,0,0,0,0,0,1,0,0,1,1
9906,0.05662763,0,9906,Not eroded,0,0,0,0,0,0,1,1,1,1,1
9908,0.2416822,4,9908,Not eroded,0,1,1,1,1,0,0,0,0,1,1
9910,0.2511496,0,9910,ERODED,1,1,1,1,1,1,1,1,1,1,1
9911,0.056208,4,9911,Not eroded,0,0,0,0,0,0,0,0,0,1,1
9912,0.2132764,2,9912,Not eroded,0,1,0,0,0,0,1,0,1,1,1
9913,0.101468,0,9913,Not eroded,0,0,0,0,0,0,1,1,1,1,1
9914,0.1773522,2,9914,Not eroded,0,0,0,0,0,0,1,0,1,1,1
9915,0.05621895,3,9915,Not eroded,0,0,0,0,0,0,1,0,0,1,1
9916,0.1027896,6,9916,Not eroded,0,0,0,0,0,0,0,0,0,0,0
9917,0.2265121,0,9917,Not eroded,0,1,1,0,0,0,1,1,1,1,1
9918,0.2273121,0,9918,Not eroded,0,1,1,0,0,0,1,1,1,1,1
9919,0.1462173,0,9919,Not eroded,0,0,0,0,0,0,1,1,1,1,1
9921,0.3165561,0,9921,ERODED,1,1,1,1,1,1,1,1,1,1,1
9922,0.3032788,0,9922,ERODED,1,1,1,1,1,1,1,1,1,1,1
9923,0.1879797,5,9923,Not eroded,0,0,0,0,0,0,0,0,0,0,1
9924,0.1865309,3,9924,Not eroded,0,0,0,0,0,0,1,0,0,1,1
9925,0.3133504,0,9925,ERODED,1,1,1,1,1,1,1,1,1,1,1
9926,0.151411,4,9926,Not eroded,0,0,0,0,0,0,0,0,0,1,1
9927,0.116336,3,9927,Not eroded,0,0,0,0,0,0,1,0,0,1,1
9928,0.156446,0,9928,Not eroded,0,0,0,0,0,0,1,1,1,1,1
9929,0.1888783,4,9929,Not eroded,0,0,0,0,0,0,0,0,0,1,1
9930,0.1813205,4,9930,Not eroded,0,0,0,0,0,0,0,0,0,1,1
9931,0.2368428,4,9931,Not eroded,0,1,1,1,0,0,0,0,0,1,1
9932,0.2431541,3,9932,Not eroded,0,1,1,1,1,0,1,0,0,1,1
9933,0.2559427,0,9933,ERODED,1,1,1,1,1,1,1,1,1,1,1
9934,0.2688014,3,9934,Not eroded,0,1,1,1,1,1,1,0,0,1,1
9935,0.1870578,5,9935,Not eroded,0,0,0,0,0,0,0,0,0,0,1
9936,0.3143485,0,9936,ERODED,1,1,1,1,1,1,1,1,1,1,1
9937,0.1857237,0,9937,Not eroded,0,0,0,0,0,0,1,1,1,1,1
9938,0.1501092,0,9938,Not eroded,0,0,0,0,0,0,1,1,1,1,1
9939,0.2542008,0,9939,Not eroded,0,1,1,1,1,1,1,1,1,1,1
9940,0.1114638,4,9940,Not eroded,0,0,0,0,0,0,0,0,0,1,1
9941,0.1308232,5,9941,Not eroded,0,0,0,0,0,0,0,0,0,0,1
9942,0.1606629,4,9942,Not eroded,0,0,0,0,0,0,0,0,0,1,1
9943,0.06367381,6,9943,Not eroded,0,0,0,0,0,0,0,0,0,0,0
9944,0.3330256,0,9944,ERODED,1,1,1,1,1,1,1,1,1,1,1
9945,0.3187657,0,9945,ERODED,1,1,1,1,1,1,1,1,1,1,1
9946,0.2489413,4,9946,Not eroded,0,1,1,1,1,0,0,0,0,1,1
9947,0.06602193,5,9947,Not eroded,0,0,0,0,0,0,0,0,0,0,1
9948,0.1948655,4,9948,Not eroded,0,1,0,0,0,0,0,0,0,1,1
9949,0.3000813,0,9949,ERODED,1,1,1,1,1,1,1,1,1,1,1
9950,0.3081483,0,9950,ERODED,1,1,1,1,1,1,1,1,1,1,1
9951,0.1099129,4,9951,Not eroded,0,0,0,0,0,0,0,0,0,1,1
9952,0.2441392,2,9952,Not eroded,0,1,1,1,1,0,1,0,1,1,1
9954,0.07309294,3,9954,Not eroded,0,0,0,0,0,0,1,0,0,1,1
9955,0.2850396,0,9955,Not eroded,0,1,1,1,1,1,1,1,1,1,1
9956,0.09283907,3,9956,Not eroded,0,0,0,0,0,0,1,0,0,1,1
9958,0.1572577,0,9958,Not eroded,0,0,0,0,0,0,1,1,1,1,1
9960,0.279824,0,9960,ERODED,1,1,1,1,1,1,1,1,1,1,1
9961,0.195294,4,9961,Not eroded,0,1,0,0,0,0,0,0,0,1,1
9962,0.2073959,5,9962,Not eroded,0,1,0,0,0,0,0,0,0,0,1
9963,0.1369842,3,9963,Not eroded,0,0,0,0,0,0,1,0,0,1,1
9964,0.2012323,0,9964,Not eroded,0,1,0,0,0,0,1,1,1,1,1
9965,0.2127582,4,9965,Not eroded,0,1,0,0,0,0,0,0,0,1,1
9966,0.1717172,3,9966,Not eroded,0,0,0,0,0,0,1,0,0,1,1
9967,0.3084831,0,9967,ERODED,1,1,1,1,1,1,1,1,1,1,1
9968,0.09505744,4,9968,Not eroded,0,0,0,0,0,0,0,0,0,1,1
9969,0.174272,4,9969,Not eroded,0,0,0,0,0,0,0,0,0,1,1
9971,0.05625423,4,9971,Not eroded,0,0,0,0,0,0,0,0,0,1,1
9972,0.1509538,5,9972,Not eroded,0,0,0,0,0,0,0,0,0,0,1
9973,0.2495274,3,9973,Not eroded,0,1,1,1,1,0,1,0,0,1,1
9974,0.1903749,4,9974,Not eroded,0,0,0,0,0,0,0,0,0,1,1
9975,0.1205406,4,9975,Not eroded,0,0,0,0,0,0,0,0,0,1,1
9976,0.1022725,3,9976,Not eroded,0,0,0,0,0,0,1,0,0,1,1
9977,0.2950522,0,9977,ERODED,1,1,1,1,1,1,1,1,1,1,1
9978,0.2136264,0,9978,Not eroded,0,1,0,0,0,0,1,1,1,1,1
9979,0.1046218,4,9979,Not eroded,0,0,0,0,0,0,0,0,0,1,1
9980,0.2928547,0,9980,ERODED,1,1,1,1,1,1,1,1,1,1,1
9981,0.2709427,4,9981,Not eroded,0,1,1,1,1,1,0,0,0,1,1
9982,0.2264258,0,9982,Not eroded,0,1,1,0,0,0,1,1,1,1,1
9983,0.05674274,4,9983,Not eroded,0,0,0,0,0,0,0,0,0,1,1
9984,0.1930175,0,9984,Not eroded,0,1,0,0,0,0,1,1,1,1,1
9985,0.2855671,5,9985,Not eroded,0,1,1,1,1,1,0,0,0,0,1
9986,0.2299139,5,9986,Not eroded,0,1,1,0,0,0,0,0,0,0,1
9987,0.05831771,5,9987,Not eroded,0,0,0,0,0,0,0,0,0,0,1
9988,0.305487,4,9988,Not eroded,0,1,1,1,1,1,0,0,0,1,1
9990,0.2259488,7,9990,Not eroded,0,1,1,0,0,0,0,0,0,0,0
9991,0.1168769,6,9991,Not eroded,0,0,0,0,0,0,0,0,0,0,0
9993,0.1171364,2,9993,Not eroded,0,0,0,0,0,0,1,0,1,1,1
9994,0.1629175,3,9994,Not eroded,0,0,0,0,0,0,1,0,0,1,1
9995,0.2447238,4,9995,Not eroded,0,1,1,1,1,0,0,0,0,1,1
9996,0.2903851,0,9996,Not eroded,0,1,1,1,1,1,1,1,1,1,1
9997,0.2625063,3,9997,Not eroded,0,1,1,1,1,1,1,0,0,1,1
9998,0.05622255,2,9998,Not eroded,0,0,0,0,0,0,1,0,1,1,1
9999,0.07076391,0,9999,Not eroded,0,0,0,0,0,0,1,1,1,1,1
10000,0.09602084,5,10000,Not eroded,0,0,0,0,0,0,0,0,0,0,1
10001,0.05626626,3,10001,Not eroded,0,0,0,0,0,0,1,0,0,1,1
10002,0.2974414,0,10002,ERODED,1,1,1,1,1,1,1,1,1,1,1
10005,0.2256965,4,10005,Not eroded,0,1,1,0,0,0,0,0,0,1,1
10006,0.0560251,4,10006,Not eroded,0,0,0,0,0,0,0,0,0,1,1
10007,0.2284294,0,10007,Not eroded,0,1,1,0,0,0,1,1,1,1,1
10008,0.1742816,0,10008,Not eroded,0,0,0,0,0,0,1,1,1,1,1
10009,0.1831206,0,10009,Not eroded,0,0,0,0,0,0,1,1,1,1,1
10010,0.2725294,5,10010,Not eroded,0,1,1,1,1,1,0,0,0,0,1
10011,0.317376,2,10011,Not eroded,0,1,1,1,1,1,1,0,1,1,1
10012,0.2885379,0,10012,Not eroded,0,1,1,1,1,1,1,1,1,1,1
10013,0.1578667,6,10013,Not eroded,0,0,0,0,0,0,0,0,0,0,0
10014,0.05627203,3,10014,Not eroded,0,0,0,0,0,0,1,0,0,1,1
10016,0.06612718,4,10016,Not eroded,0,0,0,0,0,0,0,0,0,1,1
10018,0.2862188,5,10018,Not eroded,0,1,1,1,1,1,0,0,0,0,1
10019,0.106182,5,10019,Not eroded,0,0,0,0,0,0,0,0,0,0,1
10020,0.2787305,5,10020,Not eroded,0,1,1,1,1,1,0,0,0,0,1
10021,0.1014483,2,10021,Not eroded,0,0,0,0,0,0,1,0,1,1,1
10022,0.3059156,0,10022,ERODED,1,1,1,1,1,1,1,1,1,1,1
10023,0.256386,4,10023,Not eroded,0,1,1,1,1,1,0,0,0,1,1
10025,0.05624337,3,10025,Not eroded,0,0,0,0,0,0,1,0,0,1,1
10026,0.2818068,0,10026,ERODED,1,1,1,1,1,1,1,1,1,1,1
10027,0.06546228,0,10027,Not eroded,0,0,0,0,0,0,1,1,1,1,1
10028,0.2073213,3,10028,Not eroded,0,1,0,0,0,0,1,0,0,1,1
10029,0.2702148,0,10029,Not eroded,0,1,1,1,1,1,1,1,1,1,1
10030,0.269886,0,10030,ERODED,1,1,1,1,1,1,1,1,1,1,1
10032,0.2855919,0,10032,ERODED,1,1,1,1,1,1,1,1,1,1,1
10033,0.0567615,0,10033,Not eroded,0,0,0,0,0,0,1,1,1,1,1
10034,0.1252441,3,10034,Not eroded,0,0,0,0,0,0,1,0,0,1,1
10035,0.2311892,2,10035,Not eroded,0,1,1,1,0,0,1,0,1,1,1
10036,0.1587295,5,10036,Not eroded,0,0,0,0,0,0,0,0,0,0,1
10037,0.1364238,3,10037,Not eroded,0,0,0,0,0,0,1,0,0,1,1
10038,0.2956492,0,10038,ERODED,1,1,1,1,1,1,1,1,1,1,1
10039,0.1756917,4,10039,Not eroded,0,0,0,0,0,0,0,0,0,1,1
10040,0.2653178,0,10040,Not eroded,0,1,1,1,1,1,1,1,1,1,1
10041,0.2589804,3,10041,Not eroded,0,1,1,1,1,1,1,0,0,1,1
10042,0.2768449,0,10042,Not eroded,0,1,1,1,1,1,1,1,1,1,1
10043,0.118303,5,10043,Not eroded,0,0,0,0,0,0,0,0,0,0,1
10044,0.239563,5,10044,Not eroded,0,1,1,1,0,0,0,0,0,0,1
10046,0.2286675,4,10046,Not eroded,0,1,1,0,0,0,0,0,0,1,1
10047,0.1725509,5,10047,Not eroded,0,0,0,0,0,0,0,0,0,0,1
10048,0.1642195,3,10048,Not eroded,0,0,0,0,0,0,1,0,0,1,1
10049,0.2233393,4,10049,Not eroded,0,1,1,0,0,0,0,0,0,1,1
10050,0.1682164,3,10050,Not eroded,0,0,0,0,0,0,1,0,0,1,1
10051,0.09568982,0,10051,Not eroded,0,0,0,0,0,0,1,1,1,1,1
10052,0.170222,4,10052,Not eroded,0,0,0,0,0,0,0,0,0,1,1
10054,0.1628231,4,10054,Not eroded,0,0,0,0,0,0,0,0,0,1,1
10055,0.194869,2,10055,Not eroded,0,1,0,0,0,0,1,0,1,1,1
10056,0.1707799,4,10056,Not eroded,0,0,0,0,0,0,0,0,0,1,1
10057,0.186313,4,10057,Not eroded,0,0,0,0,0,0,0,0,0,1,1
10058,0.1866097,7,10058,Not eroded,0,0,0,0,0,0,0,0,0,0,0
10059,0.1306523,0,10059,Not eroded,0,0,0,0,0,0,1,1,1,1,1
10060,0.1689261,0,10060,Not eroded,0,0,0,0,0,0,1,1,1,1,1
10061,0.1980322,4,10061,Not eroded,0,1,0,0,0,0,0,0,0,1,1
10062,0.1189451,4,10062,Not eroded,0,0,0,0,0,0,0,0,0,1,1
10063,0.2600514,6,10063,Not eroded,0,1,1,1,1,1,0,0,0,0,0
10064,0.06714774,4,10064,Not eroded,0,0,0,0,0,0,0,0,0,1,1
10065,0.05839768,4,10065,Not eroded,0,0,0,0,0,0,0,0,0,1,1
10066,0.1888788,3,10066,Not eroded,0,0,0,0,0,0,1,0,0,1,1
10067,0.287586,5,10067,Not eroded,0,1,1,1,1,1,0,0,0,0,1
10068,0.2121533,4,10068,Not eroded,0,1,0,0,0,0,0,0,0,1,1
10069,0.2206821,3,10069,Not eroded,0,1,1,0,0,0,1,0,0,1,1
10070,0.1913365,2,10070,Not eroded,0,1,0,0,0,0,1,0,1,1,1
10071,0.1552518,4,10071,Not eroded,0,0,0,0,0,0,0,0,0,1,1
10072,0.1834044,4,10072,Not eroded,0,0,0,0,0,0,0,0,0,1,1
10073,0.3039072,0,10073,ERODED,1,1,1,1,1,1,1,1,1,1,1
10074,0.1486792,4,10074,Not eroded,0,0,0,0,0,0,0,0,0,1,1
10075,0.08074416,4,10075,Not eroded,0,0,0,0,0,0,0,0,0,1,1
10076,0.2428565,4,10076,Not eroded,0,1,1,1,1,0,0,0,0,1,1
10077,0.2102287,0,10077,Not eroded,0,1,0,0,0,0,1,1,1,1,1
10078,0.2064473,4,10078,Not eroded,0,1,0,0,0,0,0,0,0,1,1
10079,0.2638855,0,10079,Not eroded,0,1,1,1,1,1,1,1,1,1,1
10080,0.1459526,5,10080,Not eroded,0,0,0,0,0,0,0,0,0,0,1
10082,0.2320149,3,10082,Not eroded,0,1,1,1,0,0,1,0,0,1,1
10084,0.2652697,0,10084,Not eroded,0,1,1,1,1,1,1,1,1,1,1
10085,0.1532602,2,10085,Not eroded,0,0,0,0,0,0,1,0,1,1,1
10086,0.270976,3,10086,Not eroded,0,1,1,1,1,1,1,0,0,1,1
10087,0.09447352,0,10087,Not eroded,0,0,0,0,0,0,1,1,1,1,1
10088,0.06571678,3,10088,Not eroded,0,0,0,0,0,0,1,0,0,1,1
10089,0.2737113,6,10089,Not eroded,0,1,1,1,1,1,0,0,0,0,0
10090,0.1532075,3,10090,Not eroded,0,0,0,0,0,0,1,0,0,1,1
10091,0.2222323,5,10091,Not eroded,0,1,1,0,0,0,0,0,0,0,1
10092,0.1869386,0,10092,Not eroded,0,0,0,0,0,0,1,1,1,1,1
10093,0.1008882,4,10093,Not eroded,0,0,0,0,0,0,0,0,0,1,1
10094,0.09114866,5,10094,Not eroded,0,0,0,0,0,0,0,0,0,0,1
10095,0.2194863,4,10095,Not eroded,0,1,0,0,0,0,0,0,0,1,1
10096,0.1926019,3,10096,Not eroded,0,1,0,0,0,0,1,0,0,1,1
10097,0.05626834,3,10097,Not eroded,0,0,0,0,0,0,1,0,0,1,1
10098,0.08103057,5,10098,Not eroded,0,0,0,0,0,0,0,0,0,0,1
10099,0.1615573,4,10099,Not eroded,0,0,0,0,0,0,0,0,0,1,1
10100,0.3071881,0,10100,ERODED,1,1,1,1,1,1,1,1,1,1,1
10101,0.1071728,3,10101,Not eroded,0,0,0,0,0,0,1,0,0,1,1
10102,0.3138339,0,10102,ERODED,1,1,1,1,1,1,1,1,1,1,1
10103,0.05625009,3,10103,Not eroded,0,0,0,0,0,0,1,0,0,1,1
10104,0.05625247,5,10104,Not eroded,0,0,0,0,0,0,0,0,0,0,1
10105,0.198518,0,10105,Not eroded,0,1,0,0,0,0,1,1,1,1,1
10107,0.2437444,3,10107,ERODED,1,1,1,1,1,0,1,0,0,1,1
10108,0.1604002,6,10108,Not eroded,0,0,0,0,0,0,0,0,0,0,0
10109,0.1411601,4,10109,Not eroded,0,0,0,0,0,0,0,0,0,1,1
10110,0.1139799,2,10110,Not eroded,0,0,0,0,0,0,1,0,1,1,1
10111,0.08893008,3,10111,Not eroded,0,0,0,0,0,0,1,0,0,1,1
10112,0.09916028,3,10112,Not eroded,0,0,0,0,0,0,1,0,0,1,1
10113,0.1395461,5,10113,Not eroded,0,0,0,0,0,0,0,0,0,0,1
10114,0.07134892,4,10114,Not eroded,0,0,0,0,0,0,0,0,0,1,1
10115,0.1288137,4,10115,Not eroded,0,0,0,0,0,0,0,0,0,1,1
10117,0.2217227,5,10117,Not eroded,0,1,1,0,0,0,0,0,0,0,1
10118,0.1159597,6,10118,Not eroded,0,0,0,0,0,0,0,0,0,0,0
10120,0.2067869,0,10120,Not eroded,0,1,0,0,0,0,1,1,1,1,1
10121,0.1505882,5,10121,Not eroded,0,0,0,0,0,0,0,0,0,0,1
10122,0.2725246,4,10122,Not eroded,0,1,1,1,1,1,0,0,0,1,1
10123,0.2545703,5,10123,Not eroded,0,1,1,1,1,1,0,0,0,0,1
10124,0.1371723,5,10124,Not eroded,0,0,0,0,0,0,0,0,0,0,1
10125,0.3316281,0,10125,ERODED,1,1,1,1,1,1,1,1,1,1,1
10126,0.08900966,5,10126,Not eroded,0,0,0,0,0,0,0,0,0,0,1
10127,0.2976214,0,10127,ERODED,1,1,1,1,1,1,1,1,1,1,1
10128,0.2875724,0,10128,Not eroded,0,1,1,1,1,1,1,1,1,1,1
10129,0.0783989,3,10129,Not eroded,0,0,0,0,0,0,1,0,0,1,1
10130,0.05632712,3,10130,Not eroded,0,0,0,0,0,0,1,0,0,1,1
10131,0.2152522,0,10131,Not eroded,0,1,0,0,0,0,1,1,1,1,1
10132,0.2504511,0,10132,Not eroded,0,1,1,1,1,1,1,1,1,1,1
10133,0.1900978,5,10133,Not eroded,0,0,0,0,0,0,0,0,0,0,1
10134,0.2373476,5,10134,Not eroded,0,1,1,1,0,0,0,0,0,0,1
10135,0.1277147,4,10135,Not eroded,0,0,0,0,0,0,0,0,0,1,1
10137,0.06356253,5,10137,Not eroded,0,0,0,0,0,0,0,0,0,0,1
10138,0.2287354,0,10138,Not eroded,0,1,1,0,0,0,1,1,1,1,1
10139,0.3070566,0,10139,ERODED,1,1,1,1,1,1,1,1,1,1,1
10140,0.1677425,3,10140,Not eroded,0,0,0,0,0,0,1,0,0,1,1
10141,0.298276,0,10141,ERODED,1,1,1,1,1,1,1,1,1,1,1
10142,0.1495647,6,10142,Not eroded,0,0,0,0,0,0,0,0,0,0,0
10143,0.3163774,0,10143,ERODED,1,1,1,1,1,1,1,1,1,1,1
10144,0.2234208,5,10144,Not eroded,0,1,1,0,0,0,0,0,0,0,1
10145,0.1964012,4,10145,Not eroded,0,1,0,0,0,0,0,0,0,1,1
10147,0.238044,0,10147,ERODED,1,1,1,1,0,0,1,1,1,1,1
10148,0.1490295,5,10148,Not eroded,0,0,0,0,0,0,0,0,0,0,1
10149,0.2046875,4,10149,Not eroded,0,1,0,0,0,0,0,0,0,1,1
10152,0.1050739,4,10152,Not eroded,0,0,0,0,0,0,0,0,0,1,1
10153,0.06766975,5,10153,Not eroded,0,0,0,0,0,0,0,0,0,0,1
10154,0.1612814,3,10154,Not eroded,0,0,0,0,0,0,1,0,0,1,1
10155,0.3241622,0,10155,ERODED,1,1,1,1,1,1,1,1,1,1,1
10156,0.2279128,4,10156,Not eroded,0,1,1,0,0,0,0,0,0,1,1
10157,0.2986334,0,10157,ERODED,1,1,1,1,1,1,1,1,1,1,1
10158,0.1119597,6,10158,Not eroded,0,0,0,0,0,0,0,0,0,0,0
10159,0.07938436,4,10159,Not eroded,0,0,0,0,0,0,0,0,0,1,1
10160,0.09742487,5,10160,Not eroded,0,0,0,0,0,0,0,0,0,0,1
10161,0.3055235,0,10161,ERODED,1,1,1,1,1,1,1,1,1,1,1
10162,0.1721836,3,10162,Not eroded,0,0,0,0,0,0,1,0,0,1,1
10163,0.2920786,3,10163,Not eroded,0,1,1,1,1,1,1,0,0,1,1
10164,0.2620024,0,10164,Not eroded,0,1,1,1,1,1,1,1,1,1,1
10165,0.2197815,0,10165,Not eroded,0,1,0,0,0,0,1,1,1,1,1
10166,0.1423823,6,10166,Not eroded,0,0,0,0,0,0,0,0,0,0,0
10167,0.05702502,0,10167,Not eroded,0,0,0,0,0,0,1,1,1,1,1
10168,0.2340426,3,10168,Not eroded,0,1,1,1,0,0,1,0,0,1,1
10169,0.05626959,4,10169,Not eroded,0,0,0,0,0,0,0,0,0,1,1
10170,0.1922538,4,10170,Not eroded,0,1,0,0,0,0,0,0,0,1,1
10171,0.1512644,5,10171,Not eroded,0,0,0,0,0,0,0,0,0,0,1
10172,0.08349035,4,10172,Not eroded,0,0,0,0,0,0,0,0,0,1,1
10173,0.08981435,5,10173,Not eroded,0,0,0,0,0,0,0,0,0,0,1
10174,0.1005393,4,10174,Not eroded,0,0,0,0,0,0,0,0,0,1,1
10175,0.2609648,0,10175,Not eroded,0,1,1,1,1,1,1,1,1,1,1
10176,0.2254423,4,10176,Not eroded,0,1,1,0,0,0,0,0,0,1,1
10177,0.3042258,0,10177,ERODED,1,1,1,1,1,1,1,1,1,1,1
10178,0.2556369,4,10178,Not eroded,0,1,1,1,1,1,0,0,0,1,1
10179,0.05627134,3,10179,Not eroded,0,0,0,0,0,0,1,0,0,1,1
10180,0.218062,4,10180,Not eroded,0,1,0,0,0,0,0,0,0,1,1
10182,0.3134438,0,10182,ERODED,1,1,1,1,1,1,1,1,1,1,1
10183,0.1852971,0,10183,Not eroded,0,0,0,0,0,0,1,1,1,1,1
10184,0.2850294,5,10184,Not eroded,0,1,1,1,1,1,0,0,0,0,1
10185,0.06463294,4,10185,Not eroded,0,0,0,0,0,0,0,0,0,1,1
10186,0.09287117,4,10186,Not eroded,0,0,0,0,0,0,0,0,0,1,1
10187,0.2741628,3,10187,Not eroded,0,1,1,1,1,1,1,0,0,1,1
10188,0.2634581,0,10188,ERODED,1,1,1,1,1,1,1,1,1,1,1
10189,0.05625482,4,10189,Not eroded,0,0,0,0,0,0,0,0,0,1,1
10190,0.09280184,5,10190,Not eroded,0,0,0,0,0,0,0,0,0,0,1
10191,0.2190503,5,10191,Not eroded,0,1,0,0,0,0,0,0,0,0,1
10192,0.1583433,6,10192,Not eroded,0,0,0,0,0,0,0,0,0,0,0
10193,0.1451745,3,10193,Not eroded,0,0,0,0,0,0,1,0,0,1,1
10194,0.1283961,4,10194,Not eroded,0,0,0,0,0,0,0,0,0,1,1
10195,0.3057851,0,10195,ERODED,1,1,1,1,1,1,1,1,1,1,1
10196,0.1037446,3,10196,Not eroded,0,0,0,0,0,0,1,0,0,1,1
10197,0.1477118,5,10197,Not eroded,0,0,0,0,0,0,0,0,0,0,1
10198,0.087081,5,10198,Not eroded,0,0,0,0,0,0,0,0,0,0,1
10199,0.1641888,4,10199,Not eroded,0,0,0,0,0,0,0,0,0,1,1
10200,0.1163668,0,10200,Not eroded,0,0,0,0,0,0,1,1,1,1,1
10201,0.123988,4,10201,Not eroded,0,0,0,0,0,0,0,0,0,1,1
10202,0.1639191,0,10202,Not eroded,0,0,0,0,0,0,1,1,1,1,1
10204,0.2739786,5,10204,Not eroded,0,1,1,1,1,1,0,0,0,0,1
10205,0.0562549,5,10205,Not eroded,0,0,0,0,0,0,0,0,0,0,1
10206,0.1592317,3,10206,Not eroded,0,0,0,0,0,0,1,0,0,1,1
10207,0.2213639,5,10207,Not eroded,0,1,1,0,0,0,0,0,0,0,1
10208,0.05626946,3,10208,Not eroded,0,0,0,0,0,0,1,0,0,1,1
10209,0.1280732,0,10209,Not eroded,0,0,0,0,0,0,1,1,1,1,1
10210,0.09034453,4,10210,Not eroded,0,0,0,0,0,0,0,0,0,1,1
10211,0.1391763,3,10211,Not eroded,0,0,0,0,0,0,1,0,0,1,1
10212,0.09776116,5,10212,Not eroded,0,0,0,0,0,0,0,0,0,0,1
10213,0.2312596,5,10213,Not eroded,0,1,1,1,0,0,0,0,0,0,1
10214,0.1383664,4,10214,Not eroded,0,0,0,0,0,0,0,0,0,1,1
10215,0.0776023,4,10215,Not eroded,0,0,0,0,0,0,0,0,0,1,1
10216,0.2707939,0,10216,ERODED,1,1,1,1,1,1,1,1,1,1,1
10217,0.2345038,6,10217,Not eroded,0,1,1,1,0,0,0,0,0,0,0
10218,0.1143315,0,10218,Not eroded,0,0,0,0,0,0,1,1,1,1,1
10219,0.2730425,0,10219,ERODED,1,1,1,1,1,1,1,1,1,1,1
10220,0.1687368,3,10220,Not eroded,0,0,0,0,0,0,1,0,0,1,1
10221,0.09417752,3,10221,Not eroded,0,0,0,0,0,0,1,0,0,1,1
10222,0.07812454,3,10222,Not eroded,0,0,0,0,0,0,1,0,0,1,1
10223,0.1154061,5,10223,Not eroded,0,0,0,0,0,0,0,0,0,0,1
10224,0.1793038,5,10224,Not eroded,0,0,0,0,0,0,0,0,0,0,1
10225,0.1607291,4,10225,Not eroded,0,0,0,0,0,0,0,0,0,1,1
10226,0.1271571,3,10226,Not eroded,0,0,0,0,0,0,1,0,0,1,1
10227,0.2121963,0,10227,Not eroded,0,1,0,0,0,0,1,1,1,1,1
10228,0.06520572,4,10228,Not eroded,0,0,0,0,0,0,0,0,0,1,1
10229,0.06243332,4,10229,Not eroded,0,0,0,0,0,0,0,0,0,1,1
10230,0.1649865,3,10230,Not eroded,0,0,0,0,0,0,1,0,0,1,1
10231,0.1073022,0,10231,Not eroded,0,0,0,0,0,0,1,1,1,1,1
10232,0.2855385,0,10232,Not eroded,0,1,1,1,1,1,1,1,1,1,1
10233,0.07413623,0,10233,Not eroded,0,0,0,0,0,0,1,1,1,1,1
10234,0.1728327,5,10234,Not eroded,0,0,0,0,0,0,0,0,0,0,1
10235,0.2978137,3,10235,Not eroded,0,1,1,1,1,1,1,0,0,1,1
10236,0.1651217,3,10236,Not eroded,0,0,0,0,0,0,1,0,0,1,1
10237,0.1135504,4,10237,Not eroded,0,0,0,0,0,0,0,0,0,1,1
10238,0.2153787,4,10238,Not eroded,0,1,0,0,0,0,0,0,0,1,1
10239,0.2418313,0,10239,Not eroded,0,1,1,1,1,0,1,1,1,1,1
10240,0.05626168,3,10240,Not eroded,0,0,0,0,0,0,1,0,0,1,1
10241,0.286895,0,10241,ERODED,1,1,1,1,1,1,1,1,1,1,1
10242,0.2131706,6,10242,Not eroded,0,1,0,0,0,0,0,0,0,0,0
10243,0.1067671,4,10243,Not eroded,0,0,0,0,0,0,0,0,0,1,1
10245,0.14453,5,10245,Not eroded,0,0,0,0,0,0,0,0,0,0,1
10246,0.1351666,2,10246,Not eroded,0,0,0,0,0,0,1,0,1,1,1
10247,0.0972135,3,10247,Not eroded,0,0,0,0,0,0,1,0,0,1,1
10248,0.2344737,3,10248,ERODED,1,1,1,1,0,0,1,0,0,1,1
10249,0.1643965,0,10249,Not eroded,0,0,0,0,0,0,1,1,1,1,1
10251,0.2248863,4,10251,Not eroded,0,1,1,0,0,0,0,0,0,1,1
10252,0.1528093,0,10252,Not eroded,0,0,0,0,0,0,1,1,1,1,1
10253,0.1207263,3,10253,Not eroded,0,0,0,0,0,0,1,0,0,1,1
10254,0.3223375,0,10254,ERODED,1,1,1,1,1,1,1,1,1,1,1
10255,0.1343249,3,10255,Not eroded,0,0,0,0,0,0,1,0,0,1,1
10256,0.1675108,5,10256,Not eroded,0,0,0,0,0,0,0,0,0,0,1
10257,0.2813419,4,10257,Not eroded,0,1,1,1,1,1,0,0,0,1,1
10258,0.1397795,6,10258,Not eroded,0,0,0,0,0,0,0,0,0,0,0
10259,0.1013118,3,10259,Not eroded,0,0,0,0,0,0,1,0,0,1,1
10260,0.1009543,3,10260,Not eroded,0,0,0,0,0,0,1,0,0,1,1
10262,0.1670973,5,10262,Not eroded,0,0,0,0,0,0,0,0,0,0,1
10263,0.06524385,5,10263,Not eroded,0,0,0,0,0,0,0,0,0,0,1
10264,0.1828978,3,10264,Not eroded,0,0,0,0,0,0,1,0,0,1,1
10265,0.1220546,0,10265,Not eroded,0,0,0,0,0,0,1,1,1,1,1
10266,0.3143305,0,10266,ERODED,1,1,1,1,1,1,1,1,1,1,1
10268,0.2066754,0,10268,Not eroded,0,1,0,0,0,0,1,1,1,1,1
10269,0.1649427,0,10269,Not eroded,0,0,0,0,0,0,1,1,1,1,1
10270,0.2228251,0,10270,Not eroded,0,1,1,0,0,0,1,1,1,1,1
10271,0.2481455,3,10271,Not eroded,0,1,1,1,1,0,1,0,0,1,1
