Before erosion ID,Initial Z,Initial connectivity,Before erosion ID,Erosion state,Encoded erosion state,Z location Half,Z location 0.22,Z location 0.23,Z location 0.24,Z location 0.25,Force X,Force Y,Force Z,Sum of contact force (vector),Sum force by connectivity,3 connectivity,,4Connectivity,5Connectivity,2Connectivity,1Connectivity,0Connectivity
1,9.80E-02,3,1,Not eroded,0,0,0,0,0,0,-4.47E-07,-7.58E-07,5.93E-07,1.06E-06,3.54E-07,1,1.90E-03,1,1,0,0,0
2,8.79E-02,4,2,Not eroded,0,0,0,0,0,0,3.69E-08,3.00E-07,-1.23E-07,3.26E-07,8.16E-08,0,5.83E-04,1,1,0,0,0
3,1.64E-01,4,3,Not eroded,0,0,0,0,0,0,4.23E-07,-1.25E-07,-3.34E-08,4.43E-07,1.11E-07,0,7.92E-04,1,1,0,0,0
4,1.77E-01,0,4,Not eroded,0,0,0,0,0,0,0,0.00E+00,0.00E+00,0,0,1,0.00E+00,1,1,1,1,1
5,1.79E-01,0,5,Not eroded,0,0,0,0,0,0,0,0.00E+00,0.00E+00,0,0,1,0.00E+00,1,1,1,1,1
6,2.17E-01,5,6,Not eroded,0,1,0,0,0,0,1.37E-08,1.42E-06,-2.94E-07,1.45E-06,2.90E-07,0,2.59E-03,0,1,0,0,0
7,2.55E-01,3,7,Not eroded,0,1,1,1,1,1,1.09E-07,-8.72E-07,-1.01E-06,1.34E-06,4.45E-07,1,2.40E-03,1,1,0,0,0
8,8.76E-02,5,8,Not eroded,0,0,0,0,0,0,-1.95E-07,1.67E-08,1.81E-07,2.67E-07,5.33E-08,0,4.78E-04,0,1,0,0,0
9,2.36E-01,3,9,Not eroded,0,1,1,1,0,0,3.50E-07,7.50E-07,4.34E-07,9.35E-07,3.12E-07,1,1.67E-03,1,1,0,0,0
10,1.32E-01,0,10,Not eroded,0,0,0,0,0,0,0,0.00E+00,0.00E+00,0,0,1,0.00E+00,1,1,1,1,1
11,1.10E-01,0,11,Not eroded,0,0,0,0,0,0,0,0.00E+00,0.00E+00,0,0,1,0.00E+00,1,1,1,1,1
12,1.00E-01,3,12,Not eroded,0,0,0,0,0,0,-8.88E-08,8.06E-08,2.11E-07,2.43E-07,8.10E-08,1,4.35E-04,1,1,0,0,0
13,3.28E-01,0,13,ERODED,1,1,1,1,1,1,0,0.00E+00,0.00E+00,0,0,1,0.00E+00,1,1,1,1,1
14,8.74E-02,5,14,Not eroded,0,0,0,0,0,0,-3.25E-07,1.29E-06,9.31E-07,1.62E-06,3.24E-07,0,2.90E-03,0,1,0,0,0
15,2.48E-01,3,15,Not eroded,0,1,1,1,1,0,1.65E-07,2.63E-07,-1.75E-07,3.57E-07,1.19E-07,1,6.39E-04,1,1,0,0,0
16,2.37E-01,0,16,Not eroded,0,1,1,1,0,0,0,0.00E+00,0.00E+00,0,0,1,0.00E+00,1,1,1,1,1
17,1.90E-01,3,17,Not eroded,0,0,0,0,0,0,3.07E-07,1.08E-06,9.09E-08,1.12E-06,3.74E-07,1,2.00E-03,1,1,0,0,0
18,1.96E-01,3,18,Not eroded,0,1,0,0,0,0,1.81E-08,1.27E-07,2.28E-08,1.31E-07,4.35E-08,1,2.34E-04,1,1,0,0,0
19,1.84E-01,3,19,Not eroded,0,0,0,0,0,0,7.95E-07,1.48E-07,3.45E-07,8.79E-07,2.93E-07,1,1.57E-03,1,1,0,0,0
20,1.35E-01,0,20,Not eroded,0,0,0,0,0,0,0,0.00E+00,0.00E+00,0,0,1,0.00E+00,1,1,1,1,1
21,1.53E-01,5,21,Not eroded,0,0,0,0,0,0,-1.48E-07,2.76E-07,-1.16E-07,3.34E-07,6.68E-08,0,5.97E-04,0,1,0,0,0
22,9.79E-02,5,22,Not eroded,0,0,0,0,0,0,8.55E-07,1.02E-06,4.21E-07,1.40E-06,2.80E-07,0,2.50E-03,0,1,0,0,0
23,3.09E-01,0,23,ERODED,1,1,1,1,1,1,0,0.00E+00,0.00E+00,0,0,1,0.00E+00,1,1,1,1,1
24,1.91E-01,3,24,Not eroded,0,1,0,0,0,0,-3.37E-07,2.25E-07,-5.33E-08,4.08E-07,1.36E-07,1,7.30E-04,1,1,0,0,0
25,2.43E-01,4,25,Not eroded,0,1,1,1,1,0,-2.00E-08,6.53E-07,1.08E-06,1.26E-06,3.15E-07,0,2.25E-03,1,1,0,0,0
27,9.68E-02,3,27,Not eroded,0,0,0,0,0,0,2.57E-08,-2.85E-08,-2.37E-08,4.51E-08,1.50E-08,1,8.07E-05,1,1,0,0,0
28,1.17E-01,0,28,Not eroded,0,0,0,0,0,0,0,0.00E+00,0.00E+00,0,0,1,0.00E+00,1,1,1,1,1
29,3.32E-01,0,29,ERODED,1,1,1,1,1,1,0,0.00E+00,0.00E+00,0,0,1,0.00E+00,1,1,1,1,1
30,9.96E-02,4,30,Not eroded,0,0,0,0,0,0,9.21E-08,6.79E-07,3.40E-07,7.65E-07,1.91E-07,0,1.37E-03,1,1,0,0,0
31,1.91E-01,2,31,Not eroded,0,1,0,0,0,0,5.87E-07,-1.37E-06,-2.29E-07,1.51E-06,7.54E-07,1,2.70E-03,1,1,1,0,0
32,2.23E-01,2,32,Not eroded,0,1,1,0,0,0,1.75E-07,1.89E-07,2.33E-06,2.34E-06,1.17E-06,1,4.19E-03,1,1,1,0,0
33,5.65E-02,3,33,Not eroded,0,0,0,0,0,0,4.09E-07,5.00E-07,-1.87E-06,1.98E-06,6.61E-07,1,3.54E-03,1,1,0,0,0
34,1.43E-01,8,34,Not eroded,0,0,0,0,0,0,-7.64E-07,-1.09E-07,3.26E-06,3.35E-06,4.18E-07,0,5.99E-03,0,0,0,0,0
35,1.98E-01,0,35,Not eroded,0,1,0,0,0,0,0,0.00E+00,0.00E+00,0,0,1,0.00E+00,1,1,1,1,1
36,5.65E-02,5,36,Not eroded,0,0,0,0,0,0,3.53E-07,-5.97E-08,-1.65E-06,1.69E-06,3.38E-07,0,3.02E-03,0,1,0,0,0
37,9.36E-02,5,37,Not eroded,0,0,0,0,0,0,1.22E-06,1.83E-07,2.11E-07,1.25E-06,2.50E-07,0,2.24E-03,0,1,0,0,0
38,7.74E-02,3,38,Not eroded,0,0,0,0,0,0,1.52E-08,-5.41E-08,-5.45E-08,7.83E-08,2.61E-08,1,1.40E-04,1,1,0,0,0
39,2.78E-01,0,39,ERODED,1,1,1,1,1,1,0,0.00E+00,0.00E+00,0,0,1,0.00E+00,1,1,1,1,1
40,5.65E-02,3,40,Not eroded,0,0,0,0,0,0,1.27E-07,3.65E-07,-1.39E-06,1.44E-06,4.79E-07,1,2.58E-03,1,1,0,0,0
41,2.72E-01,4,41,Not eroded,0,1,1,1,1,1,-5.16E-08,1.57E-07,7.16E-07,7.35E-07,1.84E-07,0,1.31E-03,1,1,0,0,0
42,1.75E-01,4,42,Not eroded,0,0,0,0,0,0,3.40E-07,4.61E-08,1.34E-07,3.68E-07,9.21E-08,0,6.58E-04,1,1,0,0,0
43,1.62E-01,6,43,Not eroded,0,0,0,0,0,0,1.36E-08,4.60E-07,2.66E-07,5.32E-07,8.87E-08,0,9.52E-04,0,0,0,0,0
44,2.25E-01,0,44,Not eroded,0,1,1,0,0,0,0,0.00E+00,0.00E+00,0,0,1,0.00E+00,1,1,1,1,1
45,2.49E-01,3,45,Not eroded,0,1,1,1,1,0,2.96E-07,6.48E-08,-1.92E-08,3.03E-07,1.01E-07,1,5.42E-04,1,1,0,0,0
46,2.48E-01,0,46,Not eroded,0,1,1,1,1,0,0,0.00E+00,0.00E+00,0,0,1,0.00E+00,1,1,1,1,1
47,3.25E-01,0,47,ERODED,1,1,1,1,1,1,0,0.00E+00,0.00E+00,0,0,1,0.00E+00,1,1,1,1,1
49,2.90E-01,3,49,Not eroded,0,1,1,1,1,1,4.86E-07,2.85E-07,4.68E-07,7.32E-07,2.44E-07,1,1.31E-03,1,1,0,0,0
50,9.83E-02,6,50,Not eroded,0,0,0,0,0,0,1.13E-07,-3.99E-08,-1.18E-07,1.68E-07,2.80E-08,0,3.01E-04,0,0,0,0,0
51,9.92E-02,3,51,Not eroded,0,0,0,0,0,0,-2.31E-07,-1.11E-06,1.88E-07,1.15E-06,3.83E-07,1,2.06E-03,1,1,0,0,0
52,1.14E-01,4,52,Not eroded,0,0,0,0,0,0,-3.91E-07,3.89E-07,2.75E-06,2.80E-06,7.00E-07,0,5.01E-03,1,1,0,0,0
53,1.13E-01,0,53,Not eroded,0,0,0,0,0,0,0,0.00E+00,0.00E+00,0,0,1,0.00E+00,1,1,1,1,1
55,5.68E-02,5,55,Not eroded,0,0,0,0,0,0,4.54E-07,1.51E-07,-1.09E-08,4.78E-07,9.57E-08,0,8.55E-04,0,1,0,0,0
56,2.85E-01,3,56,Not eroded,0,1,1,1,1,1,1.83E-06,3.49E-05,-1.47E-06,3.50E-05,1.17E-05,1,6.26E-02,1,1,0,0,0
58,8.63E-02,0,58,Not eroded,0,0,0,0,0,0,0,0.00E+00,0.00E+00,0,0,1,0.00E+00,1,1,1,1,1
59,9.47E-02,4,59,Not eroded,0,0,0,0,0,0,2.12E-07,-6.85E-08,6.17E-08,2.31E-07,5.77E-08,0,4.13E-04,1,1,0,0,0
60,2.63E-01,0,60,Not eroded,0,1,1,1,1,1,0,0.00E+00,0.00E+00,0,0,1,0.00E+00,1,1,1,1,1
61,9.81E-02,0,61,Not eroded,0,0,0,0,0,0,0,0.00E+00,0.00E+00,0,0,1,0.00E+00,1,1,1,1,1
62,1.21E-01,0,62,Not eroded,0,0,0,0,0,0,0,0.00E+00,0.00E+00,0,0,1,0.00E+00,1,1,1,1,1
63,9.97E-02,0,63,Not eroded,0,0,0,0,0,0,0,0.00E+00,0.00E+00,0,0,1,0.00E+00,1,1,1,1,1
64,1.95E-01,0,64,Not eroded,0,1,0,0,0,0,0,0.00E+00,0.00E+00,0,0,1,0.00E+00,1,1,1,1,1
65,2.59E-01,0,65,Not eroded,0,1,1,1,1,1,0,0.00E+00,0.00E+00,0,0,1,0.00E+00,1,1,1,1,1
66,1.33E-01,4,66,Not eroded,0,0,0,0,0,0,3.51E-08,7.95E-09,6.37E-09,3.66E-08,9.14E-09,0,6.55E-05,1,1,0,0,0
67,1.49E-01,4,67,Not eroded,0,0,0,0,0,0,1.24E-06,4.47E-07,-2.11E-07,1.34E-06,3.34E-07,0,2.40E-03,1,1,0,0,0
68,9.73E-02,4,68,Not eroded,0,0,0,0,0,0,-1.51E-07,-7.55E-07,-9.74E-08,7.76E-07,1.94E-07,0,1.39E-03,1,1,0,0,0
69,7.28E-02,0,69,Not eroded,0,0,0,0,0,0,0,0.00E+00,0.00E+00,0,0,1,0.00E+00,1,1,1,1,1
70,1.85E-01,0,70,Not eroded,0,0,0,0,0,0,0,0.00E+00,0.00E+00,0,0,1,0.00E+00,1,1,1,1,1
71,2.71E-01,0,71,ERODED,1,1,1,1,1,1,0,0.00E+00,0.00E+00,0,0,1,0.00E+00,1,1,1,1,1
73,1.12E-01,4,73,Not eroded,0,0,0,0,0,0,-3.30E-08,-5.36E-07,9.33E-08,5.45E-07,1.36E-07,0,9.75E-04,1,1,0,0,0
74,5.65E-02,4,74,Not eroded,0,0,0,0,0,0,1.25E-07,-2.51E-07,-1.45E-06,1.48E-06,3.69E-07,0,2.65E-03,1,1,0,0,0
75,1.03E-01,4,75,Not eroded,0,0,0,0,0,0,2.74E-07,-9.00E-08,-1.02E-09,2.88E-07,7.21E-08,0,5.15E-04,1,1,0,0,0
77,2.76E-01,0,77,Not eroded,0,1,1,1,1,1,0,0.00E+00,0.00E+00,0,0,1,0.00E+00,1,1,1,1,1
78,8.81E-02,4,78,Not eroded,0,0,0,0,0,0,-1.81E-06,2.95E-07,2.18E-07,1.85E-06,4.62E-07,0,3.31E-03,1,1,0,0,0
79,1.26E-01,5,79,Not eroded,0,0,0,0,0,0,5.79E-07,1.38E-07,6.02E-07,8.47E-07,1.69E-07,0,1.52E-03,0,1,0,0,0
80,2.80E-01,0,80,Not eroded,0,1,1,1,1,1,0,0.00E+00,0.00E+00,0,0,1,0.00E+00,1,1,1,1,1
81,2.12E-01,5,81,Not eroded,0,1,0,0,0,0,4.23E-08,1.73E-07,-6.63E-08,1.90E-07,3.81E-08,0,3.40E-04,0,1,0,0,0
83,1.99E-01,2,83,Not eroded,0,1,0,0,0,0,1.94E-07,3.26E-07,2.28E-07,4.42E-07,2.21E-07,1,7.91E-04,1,1,1,0,0
84,1.57E-01,4,84,Not eroded,0,0,0,0,0,0,-6.41E-07,1.18E-06,7.43E-08,1.35E-06,3.36E-07,0,2.41E-03,1,1,0,0,0
85,3.04E-01,0,85,ERODED,1,1,1,1,1,1,0,0.00E+00,0.00E+00,0,0,1,0.00E+00,1,1,1,1,1
86,1.07E-01,5,86,Not eroded,0,0,0,0,0,0,1.67E-08,3.63E-07,1.16E-07,3.82E-07,7.63E-08,0,6.83E-04,0,1,0,0,0
87,3.25E-01,0,87,Not eroded,0,1,1,1,1,1,0,0.00E+00,0.00E+00,0,0,1,0.00E+00,1,1,1,1,1
88,2.96E-01,0,88,ERODED,1,1,1,1,1,1,0,0.00E+00,0.00E+00,0,0,1,0.00E+00,1,1,1,1,1
89,3.20E-01,0,89,ERODED,1,1,1,1,1,1,0,0.00E+00,0.00E+00,0,0,1,0.00E+00,1,1,1,1,1
90,1.56E-01,3,90,Not eroded,0,0,0,0,0,0,2.96E-07,-4.85E-07,-9.88E-08,5.76E-07,1.92E-07,1,1.03E-03,1,1,0,0,0
91,1.32E-01,5,91,Not eroded,0,0,0,0,0,0,-1.45E-06,-2.15E-06,5.71E-07,2.65E-06,5.30E-07,0,4.74E-03,0,1,0,0,0
92,2.88E-01,2,92,Not eroded,0,1,1,1,1,1,1.48E-06,1.13E-06,1.34E-06,2.29E-06,1.15E-06,1,4.10E-03,1,1,1,0,0
93,3.13E-01,4,93,Not eroded,0,1,1,1,1,1,-3.03E-06,-5.12E-06,-2.07E-06,6.30E-06,1.57E-06,0,1.13E-02,1,1,0,0,0
94,1.47E-01,4,94,Not eroded,0,0,0,0,0,0,1.41E-07,-4.24E-08,1.03E-06,1.04E-06,2.61E-07,0,1.86E-03,1,1,0,0,0
95,2.30E-01,4,95,Not eroded,0,1,1,0,0,0,2.89E-07,2.26E-07,9.14E-08,3.78E-07,9.45E-08,0,6.76E-04,1,1,0,0,0
97,9.73E-02,0,97,Not eroded,0,0,0,0,0,0,0,0.00E+00,0.00E+00,0,0,1,0.00E+00,1,1,1,1,1
98,2.22E-01,3,98,Not eroded,0,1,1,0,0,0,-1.27E-07,-3.32E-08,8.02E-09,1.31E-07,4.37E-08,1,2.34E-04,1,1,0,0,0
99,2.40E-01,5,99,Not eroded,0,1,1,1,0,0,-4.00E-06,2.63E-06,4.96E-06,6.89E-06,1.38E-06,0,1.23E-02,0,1,0,0,0
100,2.13E-01,4,100,Not eroded,0,1,0,0,0,0,8.08E-07,-7.20E-08,4.13E-07,9.10E-07,2.28E-07,0,1.63E-03,1,1,0,0,0
101,1.57E-01,5,101,Not eroded,0,0,0,0,0,0,-1.46E-06,9.13E-07,1.77E-07,1.73E-06,3.46E-07,0,3.09E-03,0,1,0,0,0
102,1.47E-01,0,102,Not eroded,0,0,0,0,0,0,0,0.00E+00,0.00E+00,0,0,1,0.00E+00,1,1,1,1,1
103,1.64E-01,4,103,Not eroded,0,0,0,0,0,0,-3.00E-08,-1.04E-06,4.70E-07,1.15E-06,2.86E-07,0,2.06E-03,1,1,0,0,0
104,1.87E-01,5,104,Not eroded,0,0,0,0,0,0,-5.69E-08,4.96E-07,1.19E-07,5.13E-07,1.03E-07,0,9.18E-04,0,1,0,0,0
105,1.34E-01,5,105,Not eroded,0,0,0,0,0,0,1.11E-07,2.20E-07,2.24E-07,3.33E-07,6.66E-08,0,5.96E-04,0,1,0,0,0
106,1.47E-01,0,106,Not eroded,0,0,0,0,0,0,0,0.00E+00,0.00E+00,0,0,1,0.00E+00,1,1,1,1,1
107,2.97E-01,7,107,Not eroded,0,1,1,1,1,1,3.91E-06,-8.28E-07,2.55E-06,4.74E-06,6.77E-07,0,8.48E-03,0,0,0,0,0
108,2.59E-01,0,108,Not eroded,0,1,1,1,1,1,0,0.00E+00,0.00E+00,0,0,1,0.00E+00,1,1,1,1,1
109,2.60E-01,3,109,Not eroded,0,1,1,1,1,1,2.17E-07,2.65E-07,1.46E-07,3.72E-07,1.24E-07,1,6.65E-04,1,1,0,0,0
110,2.69E-01,3,110,Not eroded,0,1,1,1,1,1,3.26E-07,1.10E-07,-8.92E-08,3.55E-07,1.18E-07,1,6.35E-04,1,1,0,0,0
111,2.14E-01,2,111,Not eroded,0,1,0,0,0,0,-1.89E-07,3.37E-06,3.55E-07,3.39E-06,1.70E-06,1,6.06E-03,1,1,1,0,0
112,1.71E-01,0,112,Not eroded,0,0,0,0,0,0,0,0.00E+00,0.00E+00,0,0,1,0.00E+00,1,1,1,1,1
114,2.65E-01,0,114,Not eroded,0,1,1,1,1,1,0,0.00E+00,0.00E+00,0,0,1,0.00E+00,1,1,1,1,1
115,1.16E-01,4,115,Not eroded,0,0,0,0,0,0,-1.68E-08,-2.97E-07,6.61E-08,3.04E-07,7.61E-08,0,5.44E-04,1,1,0,0,0
116,2.75E-01,0,116,ERODED,1,1,1,1,1,1,0,0.00E+00,0.00E+00,0,0,1,0.00E+00,1,1,1,1,1
117,1.90E-01,3,117,Not eroded,0,0,0,0,0,0,-1.23E-07,-3.48E-07,-5.39E-08,3.73E-07,1.24E-07,1,6.67E-04,1,1,0,0,0
118,6.94E-02,4,118,Not eroded,0,0,0,0,0,0,6.07E-07,-1.24E-06,-4.86E-07,1.47E-06,3.67E-07,0,2.63E-03,1,1,0,0,0
119,1.11E-01,3,119,Not eroded,0,0,0,0,0,0,6.65E-07,3.83E-08,7.44E-07,9.98E-07,3.33E-07,1,1.79E-03,1,1,0,0,0
120,1.94E-01,0,120,Not eroded,0,1,0,0,0,0,0,0.00E+00,0.00E+00,0,0,1,0.00E+00,1,1,1,1,1
121,1.96E-01,3,121,Not eroded,0,1,0,0,0,0,5.94E-07,-1.03E-06,1.71E-07,1.20E-06,4.00E-07,1,2.15E-03,1,1,0,0,0
122,1.12E-01,5,122,Not eroded,0,0,0,0,0,0,2.66E-07,-9.50E-08,2.47E-07,3.75E-07,7.49E-08,0,6.71E-04,0,1,0,0,0
123,2.76E-01,5,123,Not eroded,0,1,1,1,1,1,-1.39E-08,-4.46E-08,-3.63E-07,3.66E-07,7.33E-08,0,6.55E-04,0,1,0,0,0
124,1.46E-01,4,124,Not eroded,0,0,0,0,0,0,1.27E-07,-2.20E-07,2.98E-07,3.92E-07,9.79E-08,0,7.01E-04,1,1,0,0,0
125,1.29E-01,3,125,Not eroded,0,0,0,0,0,0,-1.51E-06,-2.53E-07,3.14E-07,1.56E-06,5.19E-07,1,2.79E-03,1,1,0,0,0
126,5.65E-02,3,126,Not eroded,0,0,0,0,0,0,-5.66E-07,-7.70E-07,-1.09E-06,1.45E-06,4.83E-07,1,2.59E-03,1,1,0,0,0
127,1.36E-01,0,127,Not eroded,0,0,0,0,0,0,0,0.00E+00,0.00E+00,0,0,1,0.00E+00,1,1,1,1,1
128,3.03E-01,4,128,Not eroded,0,1,1,1,1,1,9.27E-06,5.16E-06,6.95E-08,1.06E-05,2.65E-06,0,1.90E-02,1,1,0,0,0
129,2.91E-01,0,129,Not eroded,0,1,1,1,1,1,0,0.00E+00,0.00E+00,0,0,1,0.00E+00,1,1,1,1,1
131,2.47E-01,4,131,Not eroded,0,1,1,1,1,0,1.11E-07,2.01E-07,9.09E-08,2.47E-07,6.18E-08,0,4.42E-04,1,1,0,0,0
132,1.06E-01,5,132,Not eroded,0,0,0,0,0,0,1.11E-07,2.76E-08,8.81E-07,8.89E-07,1.78E-07,0,1.59E-03,0,1,0,0,0
133,1.26E-01,0,133,Not eroded,0,0,0,0,0,0,0,0.00E+00,0.00E+00,0,0,1,0.00E+00,1,1,1,1,1
134,1.80E-01,4,134,Not eroded,0,0,0,0,0,0,4.75E-07,1.37E-06,6.54E-07,1.59E-06,3.97E-07,0,2.84E-03,1,1,0,0,0
135,2.40E-01,0,135,Not eroded,0,1,1,1,0,0,0,0.00E+00,0.00E+00,0,0,1,0.00E+00,1,1,1,1,1
136,5.66E-02,2,136,Not eroded,0,0,0,0,0,0,9.06E-08,-5.31E-08,9.69E-08,1.43E-07,7.14E-08,1,2.56E-04,1,1,1,0,0
137,6.47E-02,4,137,Not eroded,0,0,0,0,0,0,5.22E-07,-6.92E-07,4.86E-09,8.67E-07,2.17E-07,0,1.55E-03,1,1,0,0,0
138,9.62E-02,5,138,Not eroded,0,0,0,0,0,0,-9.91E-08,-4.89E-07,9.20E-08,5.07E-07,1.01E-07,0,9.07E-04,0,1,0,0,0
139,2.92E-01,2,139,Not eroded,0,1,1,1,1,1,-4.53E-08,-1.76E-08,-9.01E-08,1.02E-07,5.12E-08,1,1.82E-04,1,1,1,0,0
140,2.24E-01,5,140,Not eroded,0,1,1,0,0,0,3.04E-07,8.41E-07,5.49E-08,8.96E-07,1.79E-07,0,1.60E-03,0,1,0,0,0
141,3.25E-01,0,141,ERODED,1,1,1,1,1,1,0,0.00E+00,0.00E+00,0,0,1,0.00E+00,1,1,1,1,1
142,2.50E-01,3,142,Not eroded,0,1,1,1,1,0,3.83E-07,-1.43E-07,-9.97E-08,4.21E-07,1.40E-07,1,7.53E-04,1,1,0,0,0
143,3.18E-01,0,143,ERODED,1,1,1,1,1,1,0,0.00E+00,0.00E+00,0,0,1,0.00E+00,1,1,1,1,1
144,1.38E-01,5,144,Not eroded,0,0,0,0,0,0,3.53E-08,3.22E-07,5.07E-08,3.28E-07,6.57E-08,0,5.87E-04,0,1,0,0,0
145,2.31E-01,4,145,Not eroded,0,1,1,1,0,0,-2.65E-07,4.35E-08,3.67E-07,4.55E-07,1.14E-07,0,8.14E-04,1,1,0,0,0
146,1.87E-01,4,146,Not eroded,0,0,0,0,0,0,4.38E-08,2.15E-07,1.33E-07,2.56E-07,6.40E-08,0,4.58E-04,1,1,0,0,0
147,1.08E-01,4,147,Not eroded,0,0,0,0,0,0,5.09E-07,1.31E-06,-1.66E-06,2.17E-06,5.43E-07,0,3.88E-03,1,1,0,0,0
148,6.99E-02,3,148,Not eroded,0,0,0,0,0,0,1.60E-07,-9.92E-07,-7.43E-07,1.25E-06,4.17E-07,1,2.24E-03,1,1,0,0,0
149,1.96E-01,4,149,Not eroded,0,1,0,0,0,0,-5.75E-08,-8.11E-08,-1.21E-07,1.57E-07,3.92E-08,0,2.81E-04,1,1,0,0,0
150,3.23E-01,0,150,ERODED,1,1,1,1,1,1,0,0.00E+00,0.00E+00,0,0,1,0.00E+00,1,1,1,1,1
151,8.09E-02,6,151,Not eroded,0,0,0,0,0,0,5.95E-08,-3.81E-07,2.06E-07,4.37E-07,7.28E-08,0,7.82E-04,0,0,0,0,0
152,1.78E-01,0,152,Not eroded,0,0,0,0,0,0,0,0.00E+00,0.00E+00,0,0,1,0.00E+00,1,1,1,1,1
153,1.57E-01,4,153,Not eroded,0,0,0,0,0,0,-2.71E-09,-6.49E-08,1.23E-07,1.39E-07,3.47E-08,0,2.49E-04,1,1,0,0,0
154,2.03E-01,0,154,Not eroded,0,1,0,0,0,0,0,0.00E+00,0.00E+00,0,0,1,0.00E+00,1,1,1,1,1
155,5.73E-02,3,155,Not eroded,0,0,0,0,0,0,3.31E-07,3.32E-07,3.37E-08,4.70E-07,1.57E-07,1,8.41E-04,1,1,0,0,0
156,1.77E-01,3,156,Not eroded,0,0,0,0,0,0,2.34E-07,-1.04E-07,5.88E-09,2.56E-07,8.53E-08,1,4.58E-04,1,1,0,0,0
157,1.21E-01,0,157,Not eroded,0,0,0,0,0,0,0,0.00E+00,0.00E+00,0,0,1,0.00E+00,1,1,1,1,1
158,2.95E-01,0,158,ERODED,1,1,1,1,1,1,0,0.00E+00,0.00E+00,0,0,1,0.00E+00,1,1,1,1,1
160,1.95E-01,3,160,Not eroded,0,1,0,0,0,0,1.23E-06,1.47E-07,7.51E-07,1.45E-06,4.83E-07,1,2.59E-03,1,1,0,0,0
161,1.84E-01,0,161,Not eroded,0,0,0,0,0,0,0,0.00E+00,0.00E+00,0,0,1,0.00E+00,1,1,1,1,1
162,5.66E-02,3,162,Not eroded,0,0,0,0,0,0,-2.43E-08,-5.47E-07,-1.30E-06,1.41E-06,4.70E-07,1,2.52E-03,1,1,0,0,0
164,2.80E-01,5,164,Not eroded,0,1,1,1,1,1,1.45E-07,1.41E-06,-1.20E-08,1.42E-06,2.84E-07,0,2.54E-03,0,1,0,0,0
166,1.59E-01,0,166,Not eroded,0,0,0,0,0,0,0,0.00E+00,0.00E+00,0,0,1,0.00E+00,1,1,1,1,1
167,1.03E-01,7,167,Not eroded,0,0,0,0,0,0,6.86E-08,1.39E-06,-3.75E-08,1.39E-06,1.99E-07,0,2.49E-03,0,0,0,0,0
168,1.17E-01,6,168,Not eroded,0,0,0,0,0,0,1.16E-06,-2.73E-07,1.11E-06,1.63E-06,2.71E-07,0,2.92E-03,0,0,0,0,0
169,1.19E-01,2,169,Not eroded,0,0,0,0,0,0,3.02E-08,2.31E-07,2.08E-07,3.13E-07,1.56E-07,1,5.60E-04,1,1,1,0,0
170,5.66E-02,0,170,Not eroded,0,0,0,0,0,0,0,0.00E+00,0.00E+00,0,0,1,0.00E+00,1,1,1,1,1
171,2.17E-01,0,171,Not eroded,0,1,0,0,0,0,0,0.00E+00,0.00E+00,0,0,1,0.00E+00,1,1,1,1,1
172,3.27E-01,0,172,ERODED,1,1,1,1,1,1,0,0.00E+00,0.00E+00,0,0,1,0.00E+00,1,1,1,1,1
173,9.81E-02,0,173,Not eroded,0,0,0,0,0,0,0,0.00E+00,0.00E+00,0,0,1,0.00E+00,1,1,1,1,1
174,2.70E-01,0,174,Not eroded,0,1,1,1,1,1,0,0.00E+00,0.00E+00,0,0,1,0.00E+00,1,1,1,1,1
175,1.70E-01,4,175,Not eroded,0,0,0,0,0,0,1.50E-07,1.45E-07,1.04E-07,2.33E-07,5.82E-08,0,4.17E-04,1,1,0,0,0
176,5.66E-02,2,176,Not eroded,0,0,0,0,0,0,1.27E-07,2.70E-07,-1.32E-06,1.36E-06,6.78E-07,1,2.43E-03,1,1,1,0,0
177,1.16E-01,5,177,Not eroded,0,0,0,0,0,0,6.30E-07,8.47E-08,4.18E-06,4.23E-06,8.46E-07,0,7.57E-03,0,1,0,0,0
178,1.98E-01,4,178,Not eroded,0,1,0,0,0,0,4.52E-07,-6.27E-08,1.05E-07,4.68E-07,1.17E-07,0,8.37E-04,1,1,0,0,0
179,8.75E-02,4,179,Not eroded,0,0,0,0,0,0,3.42E-07,-1.60E-07,1.98E-07,4.26E-07,1.07E-07,0,7.62E-04,1,1,0,0,0
180,1.65E-01,6,180,Not eroded,0,0,0,0,0,0,3.11E-07,2.47E-07,3.01E-08,3.99E-07,6.64E-08,0,7.14E-04,0,0,0,0,0
181,1.23E-01,0,181,Not eroded,0,0,0,0,0,0,0,0.00E+00,0.00E+00,0,0,1,0.00E+00,1,1,1,1,1
182,2.06E-01,4,182,Not eroded,0,1,0,0,0,0,2.53E-07,4.06E-07,5.55E-07,7.33E-07,1.83E-07,0,1.31E-03,1,1,0,0,0
185,1.44E-01,6,185,Not eroded,0,0,0,0,0,0,-4.71E-07,-3.63E-07,1.10E-07,6.05E-07,1.01E-07,0,1.08E-03,0,0,0,0,0
186,2.81E-01,0,186,Not eroded,0,1,1,1,1,1,0,0.00E+00,0.00E+00,0,0,1,0.00E+00,1,1,1,1,1
187,2.71E-01,0,187,ERODED,1,1,1,1,1,1,0,0.00E+00,0.00E+00,0,0,1,0.00E+00,1,1,1,1,1
190,1.40E-01,5,190,Not eroded,0,0,0,0,0,0,1.09E-07,-2.37E-07,2.97E-07,3.95E-07,7.90E-08,0,7.07E-04,0,1,0,0,0
191,2.74E-01,4,191,Not eroded,0,1,1,1,1,1,9.74E-08,-1.34E-08,5.91E-08,1.15E-07,2.87E-08,0,2.06E-04,1,1,0,0,0
192,6.93E-02,3,192,Not eroded,0,0,0,0,0,0,3.23E-07,1.00E-07,9.20E-07,9.80E-07,3.27E-07,1,1.75E-03,1,1,0,0,0
193,1.99E-01,0,193,Not eroded,0,1,0,0,0,0,0,0.00E+00,0.00E+00,0,0,1,0.00E+00,1,1,1,1,1
194,2.78E-01,3,194,Not eroded,0,1,1,1,1,1,-1.01E-06,4.79E-07,2.24E-07,1.14E-06,3.79E-07,1,2.04E-03,1,1,0,0,0
195,1.51E-01,0,195,Not eroded,0,0,0,0,0,0,0,0.00E+00,0.00E+00,0,0,1,0.00E+00,1,1,1,1,1
196,1.73E-01,3,196,Not eroded,0,0,0,0,0,0,8.52E-08,-7.69E-07,1.66E-07,7.91E-07,2.64E-07,1,1.41E-03,1,1,0,0,0
197,1.40E-01,6,197,Not eroded,0,0,0,0,0,0,4.05E-07,-1.53E-07,1.15E-07,4.48E-07,7.47E-08,0,8.01E-04,0,0,0,0,0
198,2.31E-01,0,198,Not eroded,0,1,1,1,0,0,0,0.00E+00,0.00E+00,0,0,1,0.00E+00,1,1,1,1,1
199,7.03E-02,0,199,Not eroded,0,0,0,0,0,0,0,0.00E+00,0.00E+00,0,0,1,0.00E+00,1,1,1,1,1
200,1.44E-01,4,200,Not eroded,0,0,0,0,0,0,3.08E-06,1.15E-05,4.26E-06,1.26E-05,3.16E-06,0,2.25E-02,1,1,0,0,0
201,3.19E-01,0,201,ERODED,1,1,1,1,1,1,0,0.00E+00,0.00E+00,0,0,1,0.00E+00,1,1,1,1,1
202,2.31E-01,5,202,Not eroded,0,1,1,1,0,0,2.59E-07,4.72E-07,2.24E-07,5.83E-07,1.17E-07,0,1.04E-03,0,1,0,0,0
204,1.13E-01,3,204,Not eroded,0,0,0,0,0,0,-1.64E-07,-7.51E-07,5.34E-07,9.36E-07,3.12E-07,1,1.67E-03,1,1,0,0,0
205,1.35E-01,3,205,Not eroded,0,0,0,0,0,0,-4.57E-06,-1.42E-05,-4.73E-06,1.56E-05,5.21E-06,1,2.79E-02,1,1,0,0,0
206,2.08E-01,4,206,Not eroded,0,1,0,0,0,0,2.34E-07,-4.47E-08,4.13E-07,4.77E-07,1.19E-07,0,8.53E-04,1,1,0,0,0
207,9.79E-02,5,207,Not eroded,0,0,0,0,0,0,-1.30E-07,-1.19E-07,5.67E-07,5.94E-07,1.19E-07,0,1.06E-03,0,1,0,0,0
208,2.90E-01,5,208,Not eroded,0,1,1,1,1,1,2.30E-07,-1.15E-07,2.28E-07,3.44E-07,6.88E-08,0,6.15E-04,0,1,0,0,0
209,2.14E-01,0,209,Not eroded,0,1,0,0,0,0,0,0.00E+00,0.00E+00,0,0,1,0.00E+00,1,1,1,1,1
210,1.15E-01,3,210,Not eroded,0,0,0,0,0,0,-1.06E-06,-1.33E-06,-3.92E-07,1.75E-06,5.82E-07,1,3.13E-03,1,1,0,0,0
211,1.77E-01,3,211,Not eroded,0,0,0,0,0,0,8.60E-08,3.07E-07,8.11E-09,3.19E-07,1.06E-07,1,5.71E-04,1,1,0,0,0
213,5.64E-02,4,213,Not eroded,0,0,0,0,0,0,2.71E-08,-4.83E-08,-1.42E-06,1.42E-06,3.56E-07,0,2.54E-03,1,1,0,0,0
214,2.55E-01,4,214,Not eroded,0,1,1,1,1,1,-5.70E-06,3.92E-06,2.03E-06,7.21E-06,1.80E-06,0,1.29E-02,1,1,0,0,0
216,2.86E-01,4,216,Not eroded,0,1,1,1,1,1,-1.59E-06,3.00E-07,-2.46E-07,1.64E-06,4.09E-07,0,2.93E-03,1,1,0,0,0
217,2.95E-01,3,217,Not eroded,0,1,1,1,1,1,2.56E-07,7.01E-07,-3.89E-07,8.41E-07,2.80E-07,1,1.50E-03,1,1,0,0,0
218,2.81E-01,4,218,Not eroded,0,1,1,1,1,1,1.79E-05,-1.12E-06,1.04E-05,2.07E-05,5.17E-06,0,3.70E-02,1,1,0,0,0
220,1.89E-01,3,220,Not eroded,0,0,0,0,0,0,1.41E-07,8.54E-07,1.55E-06,1.77E-06,5.91E-07,1,3.17E-03,1,1,0,0,0
221,1.51E-01,0,221,Not eroded,0,0,0,0,0,0,0,0.00E+00,0.00E+00,0,0,1,0.00E+00,1,1,1,1,1
222,8.60E-02,4,222,Not eroded,0,0,0,0,0,0,-6.03E-08,-2.26E-08,-2.59E-08,6.95E-08,1.74E-08,0,1.24E-04,1,1,0,0,0
223,8.48E-02,5,223,Not eroded,0,0,0,0,0,0,1.44E-07,1.08E-07,-3.16E-07,3.64E-07,7.28E-08,0,6.51E-04,0,1,0,0,0
224,6.65E-02,4,224,Not eroded,0,0,0,0,0,0,-2.24E-07,1.94E-07,2.93E-08,2.98E-07,7.44E-08,0,5.33E-04,1,1,0,0,0
225,3.13E-01,3,225,Not eroded,0,1,1,1,1,1,-1.41E-07,-7.04E-07,-2.89E-08,7.19E-07,2.40E-07,1,1.29E-03,1,1,0,0,0
226,2.36E-01,2,226,Not eroded,0,1,1,1,0,0,6.17E-08,8.12E-08,8.59E-07,8.65E-07,4.32E-07,1,1.55E-03,1,1,1,0,0
227,2.24E-01,5,227,Not eroded,0,1,1,0,0,0,-7.83E-07,-7.16E-07,-3.63E-07,1.12E-06,2.24E-07,0,2.00E-03,0,1,0,0,0
228,2.58E-01,0,228,Not eroded,0,1,1,1,1,1,0,0.00E+00,0.00E+00,0,0,1,0.00E+00,1,1,1,1,1
229,2.41E-01,4,229,Not eroded,0,1,1,1,1,0,3.15E-07,-3.72E-08,3.94E-07,5.06E-07,1.27E-07,0,9.05E-04,1,1,0,0,0
231,7.31E-02,5,231,Not eroded,0,0,0,0,0,0,5.90E-07,-1.42E-07,3.34E-07,6.93E-07,1.39E-07,0,1.24E-03,0,1,0,0,0
232,2.71E-01,6,232,Not eroded,0,1,1,1,1,1,2.81E-07,9.57E-08,6.17E-08,3.03E-07,5.06E-08,0,5.42E-04,0,0,0,0,0
233,8.10E-02,3,233,Not eroded,0,0,0,0,0,0,-2.42E-08,3.21E-07,-4.58E-08,3.25E-07,1.08E-07,1,5.81E-04,1,1,0,0,0
234,2.14E-01,0,234,Not eroded,0,1,0,0,0,0,0,0.00E+00,0.00E+00,0,0,1,0.00E+00,1,1,1,1,1
235,2.66E-01,4,235,Not eroded,0,1,1,1,1,1,1.78E-07,-8.65E-07,7.94E-08,8.87E-07,2.22E-07,0,1.59E-03,1,1,0,0,0
236,1.71E-01,4,236,Not eroded,0,0,0,0,0,0,-1.59E-06,-3.85E-07,9.68E-07,1.90E-06,4.75E-07,0,3.40E-03,1,1,0,0,0
237,2.89E-01,0,237,Not eroded,0,1,1,1,1,1,0,0.00E+00,0.00E+00,0,0,1,0.00E+00,1,1,1,1,1
238,2.90E-01,3,238,Not eroded,0,1,1,1,1,1,8.99E-08,-6.74E-07,-3.13E-08,6.80E-07,2.27E-07,1,1.22E-03,1,1,0,0,0
239,2.34E-01,3,239,Not eroded,0,1,1,1,0,0,1.16E-06,1.02E-07,8.42E-07,1.44E-06,4.80E-07,1,2.58E-03,1,1,0,0,0
240,1.56E-01,4,240,Not eroded,0,0,0,0,0,0,3.44E-07,2.14E-07,2.92E-07,4.99E-07,1.25E-07,0,8.93E-04,1,1,0,0,0
241,1.43E-01,5,241,Not eroded,0,0,0,0,0,0,7.51E-07,-8.55E-09,2.05E-07,7.79E-07,1.56E-07,0,1.39E-03,0,1,0,0,0
242,1.65E-01,0,242,Not eroded,0,0,0,0,0,0,0,0.00E+00,0.00E+00,0,0,1,0.00E+00,1,1,1,1,1
243,2.82E-01,0,243,ERODED,1,1,1,1,1,1,0,0.00E+00,0.00E+00,0,0,1,0.00E+00,1,1,1,1,1
244,9.40E-02,6,244,Not eroded,0,0,0,0,0,0,-1.39E-07,-2.08E-08,-8.60E-09,1.41E-07,2.34E-08,0,2.52E-04,0,0,0,0,0
245,8.12E-02,4,245,Not eroded,0,0,0,0,0,0,7.39E-07,-3.97E-07,-2.33E-07,8.70E-07,2.18E-07,0,1.56E-03,1,1,0,0,0
247,2.61E-01,4,247,Not eroded,0,1,1,1,1,1,5.08E-07,2.92E-07,3.56E-07,6.86E-07,1.72E-07,0,1.23E-03,1,1,0,0,0
248,1.67E-01,3,248,Not eroded,0,0,0,0,0,0,4.61E-07,3.94E-08,-4.20E-08,4.64E-07,1.55E-07,1,8.30E-04,1,1,0,0,0
249,2.25E-01,0,249,Not eroded,0,1,1,0,0,0,0,0.00E+00,0.00E+00,0,0,1,0.00E+00,1,1,1,1,1
250,2.96E-01,0,250,Not eroded,0,1,1,1,1,1,0,0.00E+00,0.00E+00,0,0,1,0.00E+00,1,1,1,1,1
251,2.84E-01,0,251,ERODED,1,1,1,1,1,1,0,0.00E+00,0.00E+00,0,0,1,0.00E+00,1,1,1,1,1
252,1.03E-01,0,252,Not eroded,0,0,0,0,0,0,0,0.00E+00,0.00E+00,0,0,1,0.00E+00,1,1,1,1,1
253,2.85E-01,0,253,Not eroded,0,1,1,1,1,1,0,0.00E+00,0.00E+00,0,0,1,0.00E+00,1,1,1,1,1
254,1.46E-01,3,254,Not eroded,0,0,0,0,0,0,2.94E-07,3.29E-08,3.80E-07,4.82E-07,1.61E-07,1,8.62E-04,1,1,0,0,0
255,1.41E-01,6,255,Not eroded,0,0,0,0,0,0,6.21E-08,-3.58E-08,3.13E-08,7.82E-08,1.30E-08,0,1.40E-04,0,0,0,0,0
256,2.19E-01,3,256,Not eroded,0,1,0,0,0,0,-3.98E-08,-7.45E-07,5.29E-07,9.14E-07,3.05E-07,1,1.63E-03,1,1,0,0,0
257,1.64E-01,0,257,Not eroded,0,0,0,0,0,0,0,0.00E+00,0.00E+00,0,0,1,0.00E+00,1,1,1,1,1
258,1.52E-01,3,258,Not eroded,0,0,0,0,0,0,2.53E-06,-1.42E-07,-2.05E-07,2.54E-06,8.48E-07,1,4.54E-03,1,1,0,0,0
260,1.43E-01,3,260,Not eroded,0,0,0,0,0,0,-2.46E-08,-1.36E-07,2.45E-07,2.82E-07,9.39E-08,1,5.04E-04,1,1,0,0,0
262,2.19E-01,6,262,Not eroded,0,1,0,0,0,0,-4.24E-08,-2.02E-08,-7.46E-08,8.81E-08,1.47E-08,0,1.58E-04,0,0,0,0,0
263,2.82E-01,0,263,Not eroded,0,1,1,1,1,1,0,0.00E+00,0.00E+00,0,0,1,0.00E+00,1,1,1,1,1
264,2.40E-01,2,264,Not eroded,0,1,1,1,0,0,2.49E-07,3.10E-06,1.30E-06,3.37E-06,1.68E-06,1,6.03E-03,1,1,1,0,0
265,2.30E-01,0,265,Not eroded,0,1,1,0,0,0,0,0.00E+00,0.00E+00,0,0,1,0.00E+00,1,1,1,1,1
266,2.83E-01,3,266,Not eroded,0,1,1,1,1,1,2.93E-07,1.06E-07,1.08E-07,3.30E-07,1.10E-07,1,5.90E-04,1,1,0,0,0
267,3.13E-01,0,267,ERODED,1,1,1,1,1,1,0,0.00E+00,0.00E+00,0,0,1,0.00E+00,1,1,1,1,1
268,2.10E-01,4,268,Not eroded,0,1,0,0,0,0,2.93E-07,-6.18E-07,2.85E-07,7.41E-07,1.85E-07,0,1.33E-03,1,1,0,0,0
269,2.01E-01,4,269,Not eroded,0,1,0,0,0,0,-1.03E-06,-5.24E-07,1.35E-07,1.17E-06,2.92E-07,0,2.09E-03,1,1,0,0,0
270,1.28E-01,3,270,Not eroded,0,0,0,0,0,0,-7.32E-07,-7.34E-07,-2.54E-07,1.07E-06,3.56E-07,1,1.91E-03,1,1,0,0,0
271,1.70E-01,4,271,Not eroded,0,0,0,0,0,0,-6.01E-08,1.63E-07,5.55E-07,5.81E-07,1.45E-07,0,1.04E-03,1,1,0,0,0
272,6.05E-02,4,272,Not eroded,0,0,0,0,0,0,5.32E-07,9.74E-09,-1.05E-07,5.42E-07,1.36E-07,0,9.69E-04,1,1,0,0,0
273,2.71E-01,4,273,Not eroded,0,1,1,1,1,1,3.92E-07,1.62E-06,-9.77E-08,1.67E-06,4.19E-07,0,2.99E-03,1,1,0,0,0
277,1.47E-01,3,277,Not eroded,0,0,0,0,0,0,2.99E-07,4.13E-08,-1.86E-07,3.55E-07,1.18E-07,1,6.35E-04,1,1,0,0,0
279,8.06E-02,3,279,Not eroded,0,0,0,0,0,0,3.48E-08,-6.88E-07,9.59E-08,6.96E-07,2.32E-07,1,1.24E-03,1,1,0,0,0
280,1.72E-01,0,280,Not eroded,0,0,0,0,0,0,0,0.00E+00,0.00E+00,0,0,1,0.00E+00,1,1,1,1,1
281,2.22E-01,0,281,Not eroded,0,1,1,0,0,0,0,0.00E+00,0.00E+00,0,0,1,0.00E+00,1,1,1,1,1
282,1.88E-01,0,282,Not eroded,0,0,0,0,0,0,0,0.00E+00,0.00E+00,0,0,1,0.00E+00,1,1,1,1,1
283,7.48E-02,3,283,Not eroded,0,0,0,0,0,0,5.25E-08,-2.99E-07,1.65E-07,3.46E-07,1.15E-07,1,6.19E-04,1,1,0,0,0
284,6.50E-02,6,284,Not eroded,0,0,0,0,0,0,5.51E-08,-5.12E-08,-1.19E-07,1.41E-07,2.35E-08,0,2.52E-04,0,0,0,0,0
285,1.99E-01,0,285,Not eroded,0,1,0,0,0,0,0,0.00E+00,0.00E+00,0,0,1,0.00E+00,1,1,1,1,1
286,2.71E-01,0,286,ERODED,1,1,1,1,1,1,0,0.00E+00,0.00E+00,0,0,1,0.00E+00,1,1,1,1,1
288,6.78E-02,4,288,Not eroded,0,0,0,0,0,0,2.22E-07,3.70E-08,-1.09E-07,2.50E-07,6.26E-08,0,4.47E-04,1,1,0,0,0
289,1.98E-01,4,289,Not eroded,0,1,0,0,0,0,2.07E-07,-6.10E-07,-1.97E-07,6.74E-07,1.69E-07,0,1.21E-03,1,1,0,0,0
290,1.62E-01,5,290,Not eroded,0,0,0,0,0,0,2.14E-08,1.09E-07,-5.16E-08,1.22E-07,2.45E-08,0,2.18E-04,0,1,0,0,0
291,2.41E-01,5,291,Not eroded,0,1,1,1,1,0,2.29E-07,-2.59E-07,1.44E-06,1.48E-06,2.97E-07,0,2.65E-03,0,1,0,0,0
292,2.78E-01,0,292,Not eroded,0,1,1,1,1,1,0,0.00E+00,0.00E+00,0,0,1,0.00E+00,1,1,1,1,1
293,5.66E-02,2,293,Not eroded,0,0,0,0,0,0,5.64E-07,-1.28E-07,-1.40E-06,1.52E-06,7.58E-07,1,2.72E-03,1,1,1,0,0
294,1.55E-01,3,294,Not eroded,0,0,0,0,0,0,3.09E-08,1.60E-07,6.35E-07,6.55E-07,2.18E-07,1,1.17E-03,1,1,0,0,0
295,2.43E-01,4,295,Not eroded,0,1,1,1,1,0,3.14E-07,5.87E-07,-4.73E-08,6.68E-07,1.67E-07,0,1.19E-03,1,1,0,0,0
296,7.48E-02,4,296,Not eroded,0,0,0,0,0,0,1.46E-07,4.40E-08,2.63E-07,3.04E-07,7.61E-08,0,5.44E-04,1,1,0,0,0
297,2.21E-01,3,297,Not eroded,0,1,1,0,0,0,-1.21E-07,-4.53E-07,9.45E-09,4.69E-07,1.56E-07,1,8.39E-04,1,1,0,0,0
298,3.25E-01,0,298,ERODED,1,1,1,1,1,1,0,0.00E+00,0.00E+00,0,0,1,0.00E+00,1,1,1,1,1
299,2.52E-01,5,299,Not eroded,0,1,1,1,1,1,-1.05E-06,3.50E-07,-1.05E-06,1.52E-06,3.05E-07,0,2.72E-03,0,1,0,0,0
300,1.98E-01,6,300,Not eroded,0,1,0,0,0,0,3.41E-07,1.22E-07,2.88E-07,4.63E-07,7.72E-08,0,8.28E-04,0,0,0,0,0
301,2.44E-01,4,301,Not eroded,0,1,1,1,1,0,2.63E-06,-7.73E-07,-5.54E-07,2.80E-06,6.99E-07,0,5.01E-03,1,1,0,0,0
302,1.23E-01,5,302,Not eroded,0,0,0,0,0,0,-4.10E-08,-2.54E-07,1.49E-07,2.98E-07,5.96E-08,0,5.33E-04,0,1,0,0,0
303,1.36E-01,6,303,Not eroded,0,0,0,0,0,0,-1.17E-06,-3.34E-08,1.98E-06,2.30E-06,3.83E-07,0,4.11E-03,0,0,0,0,0
304,1.20E-01,3,304,Not eroded,0,0,0,0,0,0,1.10E-07,-1.19E-07,-7.30E-09,1.63E-07,5.42E-08,1,2.92E-04,1,1,0,0,0
305,2.36E-01,0,305,Not eroded,0,1,1,1,0,0,0,0.00E+00,0.00E+00,0,0,1,0.00E+00,1,1,1,1,1
306,2.87E-01,6,306,Not eroded,0,1,1,1,1,1,3.72E-07,7.65E-07,6.51E-07,1.07E-06,1.79E-07,0,1.91E-03,0,0,0,0,0
308,1.57E-01,0,308,Not eroded,0,0,0,0,0,0,0,0.00E+00,0.00E+00,0,0,1,0.00E+00,1,1,1,1,1
309,3.09E-01,0,309,Not eroded,0,1,1,1,1,1,0,0.00E+00,0.00E+00,0,0,1,0.00E+00,1,1,1,1,1
310,1.21E-01,7,310,Not eroded,0,0,0,0,0,0,3.77E-08,2.90E-07,1.54E-07,3.30E-07,4.72E-08,0,5.90E-04,0,0,0,0,0
312,2.14E-01,5,312,Not eroded,0,1,0,0,0,0,2.32E-07,4.73E-07,8.31E-08,5.34E-07,1.07E-07,0,9.55E-04,0,1,0,0,0
314,2.40E-01,3,314,Not eroded,0,1,1,1,0,0,2.31E-06,3.45E-07,4.61E-06,5.17E-06,1.72E-06,1,9.25E-03,1,1,0,0,0
315,2.90E-01,0,315,ERODED,1,1,1,1,1,1,0,0.00E+00,0.00E+00,0,0,1,0.00E+00,1,1,1,1,1
316,2.22E-01,4,316,Not eroded,0,1,1,0,0,0,1.51E-07,2.73E-08,-1.16E-07,1.92E-07,4.80E-08,0,3.43E-04,1,1,0,0,0
317,7.35E-02,5,317,Not eroded,0,0,0,0,0,0,1.24E-08,1.71E-07,4.92E-07,5.21E-07,1.04E-07,0,9.32E-04,0,1,0,0,0
318,1.88E-01,0,318,Not eroded,0,0,0,0,0,0,0,0.00E+00,0.00E+00,0,0,1,0.00E+00,1,1,1,1,1
319,1.89E-01,5,319,Not eroded,0,0,0,0,0,0,8.34E-07,1.06E-07,9.00E-07,1.23E-06,2.46E-07,0,2.20E-03,0,1,0,0,0
320,1.49E-01,0,320,Not eroded,0,0,0,0,0,0,0,0.00E+00,0.00E+00,0,0,1,0.00E+00,1,1,1,1,1
321,2.52E-01,3,321,Not eroded,0,1,1,1,1,1,-2.33E-07,9.46E-09,6.00E-08,2.41E-07,8.03E-08,1,4.31E-04,1,1,0,0,0
323,1.46E-01,4,323,Not eroded,0,0,0,0,0,0,4.41E-09,8.50E-08,3.56E-07,3.66E-07,9.14E-08,0,6.55E-04,1,1,0,0,0
324,3.01E-01,0,324,ERODED,1,1,1,1,1,1,0,0.00E+00,0.00E+00,0,0,1,0.00E+00,1,1,1,1,1
325,1.81E-01,0,325,Not eroded,0,0,0,0,0,0,0,0.00E+00,0.00E+00,0,0,1,0.00E+00,1,1,1,1,1
326,7.58E-02,6,326,Not eroded,0,0,0,0,0,0,5.29E-08,-7.76E-08,5.76E-08,1.10E-07,1.84E-08,0,1.97E-04,0,0,0,0,0
327,2.70E-01,4,327,Not eroded,0,1,1,1,1,1,3.92E-07,-1.88E-07,-3.04E-07,5.31E-07,1.33E-07,0,9.50E-04,1,1,0,0,0
328,2.05E-01,0,328,Not eroded,0,1,0,0,0,0,0,0.00E+00,0.00E+00,0,0,1,0.00E+00,1,1,1,1,1
329,1.16E-01,5,329,Not eroded,0,0,0,0,0,0,-6.50E-09,2.53E-07,-4.03E-09,2.53E-07,5.06E-08,0,4.53E-04,0,1,0,0,0
330,2.14E-01,0,330,Not eroded,0,1,0,0,0,0,0,0.00E+00,0.00E+00,0,0,1,0.00E+00,1,1,1,1,1
331,2.00E-01,0,331,Not eroded,0,1,0,0,0,0,0,0.00E+00,0.00E+00,0,0,1,0.00E+00,1,1,1,1,1
332,1.32E-01,0,332,Not eroded,0,0,0,0,0,0,0,0.00E+00,0.00E+00,0,0,1,0.00E+00,1,1,1,1,1
333,1.39E-01,4,333,Not eroded,0,0,0,0,0,0,2.82E-07,-6.89E-08,1.14E-07,3.12E-07,7.79E-08,0,5.58E-04,1,1,0,0,0
334,2.56E-01,4,334,Not eroded,0,1,1,1,1,1,6.86E-07,-9.99E-07,6.89E-08,1.21E-06,3.04E-07,0,2.16E-03,1,1,0,0,0
335,1.03E-01,5,335,Not eroded,0,0,0,0,0,0,-1.43E-07,1.38E-08,5.22E-08,1.53E-07,3.06E-08,0,2.74E-04,0,1,0,0,0
336,6.57E-02,3,336,Not eroded,0,0,0,0,0,0,-5.27E-08,-1.26E-07,-1.65E-08,1.37E-07,4.58E-08,1,2.45E-04,1,1,0,0,0
338,5.64E-02,4,338,Not eroded,0,0,0,0,0,0,-7.89E-09,-1.88E-08,-1.22E-06,1.22E-06,3.05E-07,0,2.18E-03,1,1,0,0,0
339,2.98E-01,0,339,Not eroded,0,1,1,1,1,1,0,0.00E+00,0.00E+00,0,0,1,0.00E+00,1,1,1,1,1
340,2.44E-01,3,340,Not eroded,0,1,1,1,1,0,4.49E-07,-5.01E-08,1.48E-07,4.76E-07,1.59E-07,1,8.51E-04,1,1,0,0,0
341,2.72E-01,0,341,Not eroded,0,1,1,1,1,1,0,0.00E+00,0.00E+00,0,0,1,0.00E+00,1,1,1,1,1
342,1.89E-01,0,342,Not eroded,0,0,0,0,0,0,0,0.00E+00,0.00E+00,0,0,1,0.00E+00,1,1,1,1,1
343,2.38E-01,0,343,Not eroded,0,1,1,1,0,0,0,0.00E+00,0.00E+00,0,0,1,0.00E+00,1,1,1,1,1
344,6.57E-02,5,344,Not eroded,0,0,0,0,0,0,6.40E-08,-3.73E-07,-1.20E-07,3.97E-07,7.93E-08,0,7.10E-04,0,1,0,0,0
345,2.86E-01,3,345,Not eroded,0,1,1,1,1,1,-2.01E-07,-1.93E-07,-1.88E-07,3.36E-07,1.12E-07,1,6.01E-04,1,1,0,0,0
346,2.78E-01,2,346,Not eroded,0,1,1,1,1,1,-3.04E-07,1.46E-06,-8.47E-07,1.72E-06,8.59E-07,1,3.08E-03,1,1,1,0,0
347,1.32E-01,0,347,Not eroded,0,0,0,0,0,0,0,0.00E+00,0.00E+00,0,0,1,0.00E+00,1,1,1,1,1
348,9.68E-02,0,348,Not eroded,0,0,0,0,0,0,0,0.00E+00,0.00E+00,0,0,1,0.00E+00,1,1,1,1,1
349,7.20E-02,5,349,Not eroded,0,0,0,0,0,0,-1.04E-07,-7.57E-08,4.86E-08,1.38E-07,2.76E-08,0,2.47E-04,0,1,0,0,0
350,2.11E-01,4,350,Not eroded,0,1,0,0,0,0,6.74E-09,-6.24E-07,7.71E-09,6.24E-07,1.56E-07,0,1.12E-03,1,1,0,0,0
351,1.21E-01,4,351,Not eroded,0,0,0,0,0,0,2.14E-07,2.43E-07,7.30E-08,3.32E-07,8.29E-08,0,5.94E-04,1,1,0,0,0
352,9.10E-02,4,352,Not eroded,0,0,0,0,0,0,1.19E-07,-6.28E-08,-4.94E-08,1.44E-07,3.59E-08,0,2.58E-04,1,1,0,0,0
353,1.06E-01,4,353,Not eroded,0,0,0,0,0,0,-1.59E-07,-1.15E-07,-2.52E-07,3.20E-07,7.99E-08,0,5.72E-04,1,1,0,0,0
355,1.16E-01,0,355,Not eroded,0,0,0,0,0,0,0,0.00E+00,0.00E+00,0,0,1,0.00E+00,1,1,1,1,1
357,1.10E-01,3,357,Not eroded,0,0,0,0,0,0,2.65E-08,1.20E-07,7.05E-07,7.15E-07,2.38E-07,1,1.28E-03,1,1,0,0,0
358,2.33E-01,0,358,Not eroded,0,1,1,1,0,0,0,0.00E+00,0.00E+00,0,0,1,0.00E+00,1,1,1,1,1
359,6.23E-02,4,359,Not eroded,0,0,0,0,0,0,3.44E-07,4.85E-08,2.28E-07,4.16E-07,1.04E-07,0,7.44E-04,1,1,0,0,0
360,1.01E-01,0,360,Not eroded,0,0,0,0,0,0,0,0.00E+00,0.00E+00,0,0,1,0.00E+00,1,1,1,1,1
361,2.34E-01,0,361,Not eroded,0,1,1,1,0,0,0,0.00E+00,0.00E+00,0,0,1,0.00E+00,1,1,1,1,1
362,6.55E-02,0,362,Not eroded,0,0,0,0,0,0,0,0.00E+00,0.00E+00,0,0,1,0.00E+00,1,1,1,1,1
363,2.36E-01,4,363,Not eroded,0,1,1,1,0,0,2.72E-07,2.07E-07,1.85E-07,3.89E-07,9.71E-08,0,6.96E-04,1,1,0,0,0
364,2.84E-01,0,364,ERODED,1,1,1,1,1,1,0,0.00E+00,0.00E+00,0,0,1,0.00E+00,1,1,1,1,1
365,2.00E-01,4,365,Not eroded,0,1,0,0,0,0,2.44E-07,6.19E-07,6.89E-07,9.58E-07,2.39E-07,0,1.71E-03,1,1,0,0,0
366,1.79E-01,3,366,Not eroded,0,0,0,0,0,0,6.87E-08,-1.36E-07,1.06E-07,1.86E-07,6.20E-08,1,3.33E-04,1,1,0,0,0
367,7.47E-02,4,367,Not eroded,0,0,0,0,0,0,-4.93E-08,-2.06E-08,1.69E-08,5.60E-08,1.40E-08,0,1.00E-04,1,1,0,0,0
368,1.48E-01,0,368,Not eroded,0,0,0,0,0,0,0,0.00E+00,0.00E+00,0,0,1,0.00E+00,1,1,1,1,1
369,9.45E-02,3,369,Not eroded,0,0,0,0,0,0,2.04E-07,1.93E-07,4.50E-07,5.30E-07,1.77E-07,1,9.48E-04,1,1,0,0,0
370,2.83E-01,2,370,Not eroded,0,1,1,1,1,1,-2.43E-07,1.29E-06,6.23E-07,1.45E-06,7.26E-07,1,2.59E-03,1,1,1,0,0
372,2.73E-01,0,372,Not eroded,0,1,1,1,1,1,0,0.00E+00,0.00E+00,0,0,1,0.00E+00,1,1,1,1,1
373,2.24E-01,6,373,Not eroded,0,1,1,0,0,0,-3.29E-07,-1.14E-06,3.77E-06,3.95E-06,6.58E-07,0,7.07E-03,0,0,0,0,0
374,2.29E-01,3,374,Not eroded,0,1,1,0,0,0,6.25E-08,-9.09E-07,-6.55E-09,9.11E-07,3.04E-07,1,1.63E-03,1,1,0,0,0
375,1.09E-01,4,375,Not eroded,0,0,0,0,0,0,-2.71E-07,2.13E-06,9.67E-07,2.36E-06,5.89E-07,0,4.22E-03,1,1,0,0,0
377,3.00E-01,0,377,Not eroded,0,1,1,1,1,1,0,0.00E+00,0.00E+00,0,0,1,0.00E+00,1,1,1,1,1
378,1.71E-01,0,378,Not eroded,0,0,0,0,0,0,0,0.00E+00,0.00E+00,0,0,1,0.00E+00,1,1,1,1,1
379,2.91E-01,0,379,Not eroded,0,1,1,1,1,1,0,0.00E+00,0.00E+00,0,0,1,0.00E+00,1,1,1,1,1
380,7.59E-02,0,380,Not eroded,0,0,0,0,0,0,0,0.00E+00,0.00E+00,0,0,1,0.00E+00,1,1,1,1,1
381,2.85E-01,0,381,ERODED,1,1,1,1,1,1,0,0.00E+00,0.00E+00,0,0,1,0.00E+00,1,1,1,1,1
382,1.55E-01,1,382,Not eroded,0,0,0,0,0,0,1.60E-05,-1.97E-04,3.46E-04,0.000398268,0.000398268,1,7.12E-01,1,1,1,1,0
383,2.97E-01,4,383,Not eroded,0,1,1,1,1,1,2.94E-07,-7.83E-07,6.56E-08,8.39E-07,2.10E-07,0,1.50E-03,1,1,0,0,0
384,6.49E-02,3,384,Not eroded,0,0,0,0,0,0,-7.67E-08,4.16E-07,3.62E-07,5.57E-07,1.86E-07,1,9.96E-04,1,1,0,0,0
385,1.85E-01,3,385,Not eroded,0,0,0,0,0,0,2.32E-07,6.90E-07,2.44E-06,2.54E-06,8.47E-07,1,4.54E-03,1,1,0,0,0
386,1.34E-01,0,386,Not eroded,0,0,0,0,0,0,0,0.00E+00,0.00E+00,0,0,1,0.00E+00,1,1,1,1,1
387,1.83E-01,3,387,Not eroded,0,0,0,0,0,0,2.43E-07,3.84E-07,1.60E-07,4.82E-07,1.61E-07,1,8.62E-04,1,1,0,0,0
388,2.98E-01,5,388,Not eroded,0,1,1,1,1,1,1.56E-06,8.48E-06,-4.17E-06,9.58E-06,1.92E-06,0,1.71E-02,0,1,0,0,0
389,1.45E-01,6,389,Not eroded,0,0,0,0,0,0,-1.67E-07,-5.27E-06,-1.26E-06,5.42E-06,9.04E-07,0,9.69E-03,0,0,0,0,0
391,2.77E-01,0,391,ERODED,1,1,1,1,1,1,0,0.00E+00,0.00E+00,0,0,1,0.00E+00,1,1,1,1,1
392,2.38E-01,0,392,Not eroded,0,1,1,1,0,0,0,0.00E+00,0.00E+00,0,0,1,0.00E+00,1,1,1,1,1
393,2.42E-01,2,393,Not eroded,0,1,1,1,1,0,1.19E-07,6.20E-08,1.08E-07,1.72E-07,8.62E-08,1,3.08E-04,1,1,1,0,0
394,2.84E-01,3,394,Not eroded,0,1,1,1,1,1,2.39E-07,1.83E-06,1.40E-07,1.86E-06,6.18E-07,1,3.33E-03,1,1,0,0,0
395,2.66E-01,0,395,ERODED,1,1,1,1,1,1,0,0.00E+00,0.00E+00,0,0,1,0.00E+00,1,1,1,1,1
398,1.28E-01,0,398,Not eroded,0,0,0,0,0,0,0,0.00E+00,0.00E+00,0,0,1,0.00E+00,1,1,1,1,1
400,2.91E-01,4,400,Not eroded,0,1,1,1,1,1,3.15E-07,2.27E-07,9.04E-08,3.99E-07,9.97E-08,0,7.14E-04,1,1,0,0,0
401,3.00E-01,0,401,ERODED,1,1,1,1,1,1,0,0.00E+00,0.00E+00,0,0,1,0.00E+00,1,1,1,1,1
402,1.03E-01,6,402,Not eroded,0,0,0,0,0,0,-2.30E-08,2.29E-07,1.87E-07,2.96E-07,4.94E-08,0,5.29E-04,0,0,0,0,0
403,2.33E-01,0,403,Not eroded,0,1,1,1,0,0,0,0.00E+00,0.00E+00,0,0,1,0.00E+00,1,1,1,1,1
405,9.22E-02,4,405,Not eroded,0,0,0,0,0,0,-4.14E-07,1.27E-07,5.45E-08,4.37E-07,1.09E-07,0,7.82E-04,1,1,0,0,0
406,1.11E-01,0,406,Not eroded,0,0,0,0,0,0,0,0.00E+00,0.00E+00,0,0,1,0.00E+00,1,1,1,1,1
407,2.21E-01,0,407,Not eroded,0,1,1,0,0,0,0,0.00E+00,0.00E+00,0,0,1,0.00E+00,1,1,1,1,1
408,5.63E-02,3,408,Not eroded,0,0,0,0,0,0,-6.54E-07,-3.06E-07,-1.29E-06,1.48E-06,4.92E-07,1,2.65E-03,1,1,0,0,0
409,2.86E-01,0,409,ERODED,1,1,1,1,1,1,0,0.00E+00,0.00E+00,0,0,1,0.00E+00,1,1,1,1,1
410,2.63E-01,0,410,Not eroded,0,1,1,1,1,1,0,0.00E+00,0.00E+00,0,0,1,0.00E+00,1,1,1,1,1
411,2.39E-01,0,411,Not eroded,0,1,1,1,0,0,0,0.00E+00,0.00E+00,0,0,1,0.00E+00,1,1,1,1,1
412,1.64E-01,5,412,Not eroded,0,0,0,0,0,0,2.95E-07,2.48E-07,3.44E-07,5.17E-07,1.03E-07,0,9.25E-04,0,1,0,0,0
413,8.52E-02,3,413,Not eroded,0,0,0,0,0,0,4.24E-07,5.70E-09,7.53E-07,8.64E-07,2.88E-07,1,1.55E-03,1,1,0,0,0
414,2.55E-01,0,414,ERODED,1,1,1,1,1,1,0,0.00E+00,0.00E+00,0,0,1,0.00E+00,1,1,1,1,1
415,8.48E-02,5,415,Not eroded,0,0,0,0,0,0,4.32E-07,4.39E-07,1.23E-07,6.28E-07,1.26E-07,0,1.12E-03,0,1,0,0,0
416,9.00E-02,4,416,Not eroded,0,0,0,0,0,0,2.79E-07,-1.27E-10,2.00E-07,3.43E-07,8.58E-08,0,6.14E-04,1,1,0,0,0
417,1.17E-01,0,417,Not eroded,0,0,0,0,0,0,0,0.00E+00,0.00E+00,0,0,1,0.00E+00,1,1,1,1,1
418,2.60E-01,3,418,Not eroded,0,1,1,1,1,1,-1.14E-06,9.69E-07,2.68E-07,1.52E-06,5.06E-07,1,2.72E-03,1,1,0,0,0
419,2.49E-01,3,419,Not eroded,0,1,1,1,1,0,4.34E-07,-1.00E-06,2.13E-07,1.11E-06,3.71E-07,1,1.99E-03,1,1,0,0,0
420,2.84E-01,3,420,Not eroded,0,1,1,1,1,1,-1.48E-06,1.25E-06,3.15E-07,1.96E-06,6.54E-07,1,3.51E-03,1,1,0,0,0
421,8.58E-02,4,421,Not eroded,0,0,0,0,0,0,-1.27E-07,-3.41E-07,-1.16E-07,3.82E-07,9.55E-08,0,6.83E-04,1,1,0,0,0
422,7.92E-02,4,422,Not eroded,0,0,0,0,0,0,1.02E-06,1.19E-08,-6.67E-08,1.02E-06,2.55E-07,0,1.82E-03,1,1,0,0,0
423,8.82E-02,4,423,Not eroded,0,0,0,0,0,0,1.21E-07,1.70E-07,-9.78E-10,2.09E-07,5.21E-08,0,3.74E-04,1,1,0,0,0
424,2.22E-01,0,424,Not eroded,0,1,1,0,0,0,0,0.00E+00,0.00E+00,0,0,1,0.00E+00,1,1,1,1,1
425,3.14E-01,0,425,ERODED,1,1,1,1,1,1,0,0.00E+00,0.00E+00,0,0,1,0.00E+00,1,1,1,1,1
426,6.32E-02,6,426,Not eroded,0,0,0,0,0,0,-8.39E-08,2.95E-10,-2.97E-09,8.40E-08,1.40E-08,0,1.50E-04,0,0,0,0,0
427,1.31E-01,5,427,Not eroded,0,0,0,0,0,0,6.20E-08,1.28E-07,1.01E-07,1.74E-07,3.49E-08,0,3.11E-04,0,1,0,0,0
428,5.66E-02,4,428,Not eroded,0,0,0,0,0,0,1.12E-07,5.88E-08,-1.31E-06,1.31E-06,3.28E-07,0,2.34E-03,1,1,0,0,0
429,1.00E-01,5,429,Not eroded,0,0,0,0,0,0,-8.27E-07,-5.79E-07,9.40E-07,1.38E-06,2.76E-07,0,2.47E-03,0,1,0,0,0
430,1.97E-01,4,430,Not eroded,0,1,0,0,0,0,-3.19E-07,1.08E-06,2.76E-06,2.98E-06,7.44E-07,0,5.33E-03,1,1,0,0,0
431,2.84E-01,4,431,Not eroded,0,1,1,1,1,1,2.81E-07,-8.30E-07,1.42E-07,8.87E-07,2.22E-07,0,1.59E-03,1,1,0,0,0
432,2.49E-01,4,432,Not eroded,0,1,1,1,1,0,-3.46E-08,7.64E-07,4.65E-07,8.95E-07,2.24E-07,0,1.60E-03,1,1,0,0,0
433,2.96E-01,0,433,ERODED,1,1,1,1,1,1,0,0.00E+00,0.00E+00,0,0,1,0.00E+00,1,1,1,1,1
434,1.47E-01,5,434,Not eroded,0,0,0,0,0,0,1.23E-06,3.33E-07,9.62E-07,1.60E-06,3.19E-07,0,2.86E-03,0,1,0,0,0
435,5.63E-02,4,435,Not eroded,0,0,0,0,0,0,2.03E-07,-5.34E-07,-1.35E-06,1.46E-06,3.65E-07,0,2.61E-03,1,1,0,0,0
436,1.08E-01,4,436,Not eroded,0,0,0,0,0,0,1.75E-06,-1.67E-06,-1.66E-07,2.43E-06,6.07E-07,0,4.35E-03,1,1,0,0,0
437,2.84E-01,0,437,ERODED,1,1,1,1,1,1,0,0.00E+00,0.00E+00,0,0,1,0.00E+00,1,1,1,1,1
438,1.61E-01,5,438,Not eroded,0,0,0,0,0,0,9.68E-07,7.91E-07,1.36E-06,1.85E-06,3.70E-07,0,3.31E-03,0,1,0,0,0
440,5.77E-02,0,440,Not eroded,0,0,0,0,0,0,0,0.00E+00,0.00E+00,0,0,1,0.00E+00,1,1,1,1,1
441,1.90E-01,6,441,Not eroded,0,0,0,0,0,0,-3.31E-08,-6.36E-07,4.87E-08,6.39E-07,1.07E-07,0,1.14E-03,0,0,0,0,0
442,2.63E-01,0,442,ERODED,1,1,1,1,1,1,0,0.00E+00,0.00E+00,0,0,1,0.00E+00,1,1,1,1,1
443,2.51E-01,2,443,Not eroded,0,1,1,1,1,1,-1.91E-07,2.35E-07,-5.86E-08,3.08E-07,1.54E-07,1,5.51E-04,1,1,1,0,0
444,2.13E-01,0,444,Not eroded,0,1,0,0,0,0,0,0.00E+00,0.00E+00,0,0,1,0.00E+00,1,1,1,1,1
445,1.51E-01,0,445,Not eroded,0,0,0,0,0,0,0,0.00E+00,0.00E+00,0,0,1,0.00E+00,1,1,1,1,1
446,1.48E-01,2,446,Not eroded,0,0,0,0,0,0,1.62E-07,4.40E-07,5.71E-07,7.39E-07,3.69E-07,1,1.32E-03,1,1,1,0,0
447,2.17E-01,6,447,Not eroded,0,1,0,0,0,0,6.45E-08,-2.95E-08,2.75E-08,7.61E-08,1.27E-08,0,1.36E-04,0,0,0,0,0
448,2.51E-01,2,448,Not eroded,0,1,1,1,1,1,7.77E-08,8.74E-08,2.34E-07,2.61E-07,1.31E-07,1,4.67E-04,1,1,1,0,0
449,3.05E-01,0,449,Not eroded,0,1,1,1,1,1,0,0.00E+00,0.00E+00,0,0,1,0.00E+00,1,1,1,1,1
451,7.48E-02,3,451,Not eroded,0,0,0,0,0,0,2.33E-07,-1.42E-07,4.69E-08,2.77E-07,9.22E-08,1,4.95E-04,1,1,0,0,0
452,2.09E-01,3,452,Not eroded,0,1,0,0,0,0,1.88E-07,-1.14E-06,3.96E-06,4.13E-06,1.38E-06,1,7.39E-03,1,1,0,0,0
453,1.78E-01,4,453,Not eroded,0,0,0,0,0,0,-3.14E-07,2.62E-07,1.07E-07,4.23E-07,1.06E-07,0,7.57E-04,1,1,0,0,0
454,1.64E-01,0,454,Not eroded,0,0,0,0,0,0,0,0.00E+00,0.00E+00,0,0,1,0.00E+00,1,1,1,1,1
455,2.43E-01,6,455,Not eroded,0,1,1,1,1,0,4.07E-06,3.35E-06,5.18E-06,7.39E-06,1.23E-06,0,1.32E-02,0,0,0,0,0
456,1.76E-01,0,456,Not eroded,0,0,0,0,0,0,0,0.00E+00,0.00E+00,0,0,1,0.00E+00,1,1,1,1,1
457,8.73E-02,4,457,Not eroded,0,0,0,0,0,0,1.77E-07,2.03E-08,-2.48E-07,3.06E-07,7.64E-08,0,5.47E-04,1,1,0,0,0
458,1.33E-01,3,458,Not eroded,0,0,0,0,0,0,2.00E-07,-1.39E-07,5.26E-07,5.80E-07,1.93E-07,1,1.04E-03,1,1,0,0,0
459,1.77E-01,5,459,Not eroded,0,0,0,0,0,0,4.96E-07,6.50E-07,2.41E-06,2.55E-06,5.09E-07,0,4.56E-03,0,1,0,0,0
460,1.47E-01,3,460,Not eroded,0,0,0,0,0,0,2.82E-05,1.18E-05,-3.57E-06,3.07E-05,1.02E-05,1,5.49E-02,1,1,0,0,0
461,1.65E-01,4,461,Not eroded,0,0,0,0,0,0,1.76E-07,2.30E-07,-1.59E-08,2.90E-07,7.25E-08,0,5.19E-04,1,1,0,0,0
462,8.10E-02,3,462,Not eroded,0,0,0,0,0,0,-2.13E-07,-8.53E-07,1.02E-08,8.79E-07,2.93E-07,1,1.57E-03,1,1,0,0,0
463,2.99E-01,5,463,Not eroded,0,1,1,1,1,1,-7.69E-06,-7.24E-06,-3.62E-05,3.77E-05,7.54E-06,0,6.74E-02,0,1,0,0,0
464,2.07E-01,0,464,Not eroded,0,1,0,0,0,0,0,0.00E+00,0.00E+00,0,0,1,0.00E+00,1,1,1,1,1
465,1.88E-01,0,465,Not eroded,0,0,0,0,0,0,0,0.00E+00,0.00E+00,0,0,1,0.00E+00,1,1,1,1,1
466,2.83E-01,0,466,Not eroded,0,1,1,1,1,1,0,0.00E+00,0.00E+00,0,0,1,0.00E+00,1,1,1,1,1
467,6.31E-02,5,467,Not eroded,0,0,0,0,0,0,4.28E-08,1.20E-07,1.13E-07,1.71E-07,3.41E-08,0,3.06E-04,0,1,0,0,0
468,1.27E-01,2,468,Not eroded,0,0,0,0,0,0,2.33E-07,2.54E-06,1.03E-06,2.75E-06,1.37E-06,1,4.92E-03,1,1,1,0,0
469,7.96E-02,3,469,Not eroded,0,0,0,0,0,0,-1.09E-07,3.62E-08,3.40E-07,3.59E-07,1.20E-07,1,6.42E-04,1,1,0,0,0
470,9.40E-02,0,470,Not eroded,0,0,0,0,0,0,0,0.00E+00,0.00E+00,0,0,1,0.00E+00,1,1,1,1,1
471,1.89E-01,0,471,Not eroded,0,0,0,0,0,0,0,0.00E+00,0.00E+00,0,0,1,0.00E+00,1,1,1,1,1
472,2.56E-01,0,472,Not eroded,0,1,1,1,1,1,0,0.00E+00,0.00E+00,0,0,1,0.00E+00,1,1,1,1,1
473,2.98E-01,5,473,Not eroded,0,1,1,1,1,1,7.24E-08,2.62E-07,-8.68E-08,2.85E-07,5.71E-08,0,5.10E-04,0,1,0,0,0
474,2.77E-01,5,474,Not eroded,0,1,1,1,1,1,-2.00E-06,-7.70E-07,-1.84E-06,2.82E-06,5.64E-07,0,5.04E-03,0,1,0,0,0
475,2.23E-01,3,475,Not eroded,0,1,1,0,0,0,1.37E-07,3.41E-07,-7.18E-08,3.74E-07,1.25E-07,1,6.69E-04,1,1,0,0,0
476,2.23E-01,4,476,Not eroded,0,1,1,0,0,0,2.42E-07,2.26E-07,1.81E-07,3.77E-07,9.43E-08,0,6.74E-04,1,1,0,0,0
477,2.12E-01,6,477,Not eroded,0,1,0,0,0,0,-3.51E-08,2.14E-07,6.41E-07,6.77E-07,1.13E-07,0,1.21E-03,0,0,0,0,0
479,7.62E-02,4,479,Not eroded,0,0,0,0,0,0,-6.25E-08,-9.09E-08,-7.09E-08,1.31E-07,3.28E-08,0,2.34E-04,1,1,0,0,0
480,1.65E-01,5,480,Not eroded,0,0,0,0,0,0,-4.57E-07,7.97E-07,5.78E-07,1.09E-06,2.17E-07,0,1.95E-03,0,1,0,0,0
481,2.43E-01,0,481,Not eroded,0,1,1,1,1,0,0,0.00E+00,0.00E+00,0,0,1,0.00E+00,1,1,1,1,1
482,7.71E-02,5,482,Not eroded,0,0,0,0,0,0,8.75E-09,-3.33E-07,9.25E-08,3.46E-07,6.92E-08,0,6.19E-04,0,1,0,0,0
483,5.65E-02,3,483,Not eroded,0,0,0,0,0,0,4.75E-07,7.44E-07,-1.44E-06,1.69E-06,5.64E-07,1,3.02E-03,1,1,0,0,0
484,1.41E-01,3,484,Not eroded,0,0,0,0,0,0,-7.95E-08,-7.34E-07,4.77E-08,7.40E-07,2.47E-07,1,1.32E-03,1,1,0,0,0
485,1.16E-01,5,485,Not eroded,0,0,0,0,0,0,2.44E-07,-2.15E-08,1.01E-08,2.45E-07,4.91E-08,0,4.38E-04,0,1,0,0,0
486,2.06E-01,5,486,Not eroded,0,1,0,0,0,0,4.94E-09,7.38E-08,1.46E-07,1.64E-07,3.28E-08,0,2.93E-04,0,1,0,0,0
487,2.23E-01,4,487,Not eroded,0,1,1,0,0,0,3.07E-07,5.82E-07,1.26E-07,6.70E-07,1.67E-07,0,1.20E-03,1,1,0,0,0
488,2.68E-01,0,488,Not eroded,0,1,1,1,1,1,0,0.00E+00,0.00E+00,0,0,1,0.00E+00,1,1,1,1,1
489,1.20E-01,4,489,Not eroded,0,0,0,0,0,0,7.73E-08,-7.07E-08,-1.15E-08,1.05E-07,2.64E-08,0,1.88E-04,1,1,0,0,0
490,2.08E-01,0,490,Not eroded,0,1,0,0,0,0,0,0.00E+00,0.00E+00,0,0,1,0.00E+00,1,1,1,1,1
491,2.30E-01,5,491,Not eroded,0,1,1,0,0,0,2.29E-06,-2.11E-07,-3.20E-07,2.32E-06,4.64E-07,0,4.15E-03,0,1,0,0,0
492,2.47E-01,0,492,Not eroded,0,1,1,1,1,0,0,0.00E+00,0.00E+00,0,0,1,0.00E+00,1,1,1,1,1
493,2.21E-01,3,493,Not eroded,0,1,1,0,0,0,-1.08E-07,2.96E-07,1.49E-07,3.49E-07,1.16E-07,1,6.24E-04,1,1,0,0,0
495,1.49E-01,3,495,Not eroded,0,0,0,0,0,0,-1.80E-05,2.54E-06,-3.13E-06,1.85E-05,6.16E-06,1,3.31E-02,1,1,0,0,0
496,1.67E-01,5,496,Not eroded,0,0,0,0,0,0,-1.08E-08,1.27E-07,2.62E-07,2.92E-07,5.84E-08,0,5.22E-04,0,1,0,0,0
497,2.75E-01,4,497,Not eroded,0,1,1,1,1,1,8.77E-06,2.89E-06,1.82E-05,2.04E-05,5.10E-06,0,3.65E-02,1,1,0,0,0
498,1.85E-01,6,498,Not eroded,0,0,0,0,0,0,7.06E-07,1.68E-07,1.68E-07,7.45E-07,1.24E-07,0,1.33E-03,0,0,0,0,0
499,2.87E-01,0,499,ERODED,1,1,1,1,1,1,0,0.00E+00,0.00E+00,0,0,1,0.00E+00,1,1,1,1,1
500,2.77E-01,3,500,Not eroded,0,1,1,1,1,1,4.45E-08,-8.20E-07,-8.28E-09,8.21E-07,2.74E-07,1,1.47E-03,1,1,0,0,0
501,2.42E-01,4,501,Not eroded,0,1,1,1,1,0,-2.66E-07,-1.47E-08,1.27E-07,2.95E-07,7.37E-08,0,5.28E-04,1,1,0,0,0
502,5.66E-02,2,502,Not eroded,0,0,0,0,0,0,-3.57E-07,1.42E-07,-1.33E-06,1.38E-06,6.91E-07,1,2.47E-03,1,1,1,0,0
503,1.78E-01,3,503,Not eroded,0,0,0,0,0,0,8.89E-08,-8.32E-08,-1.33E-07,1.80E-07,6.00E-08,1,3.22E-04,1,1,0,0,0
504,1.40E-01,3,504,Not eroded,0,0,0,0,0,0,8.02E-08,-7.51E-07,1.20E-07,7.65E-07,2.55E-07,1,1.37E-03,1,1,0,0,0
505,2.35E-01,3,505,Not eroded,0,1,1,1,0,0,8.17E-08,-6.81E-07,2.61E-08,6.86E-07,2.29E-07,1,1.23E-03,1,1,0,0,0
506,9.83E-02,4,506,Not eroded,0,0,0,0,0,0,3.90E-07,-1.52E-07,5.53E-07,6.94E-07,1.73E-07,0,1.24E-03,1,1,0,0,0
508,1.80E-01,2,508,Not eroded,0,0,0,0,0,0,-9.08E-08,1.38E-07,5.73E-07,5.96E-07,2.98E-07,1,1.07E-03,1,1,1,0,0
509,1.30E-01,3,509,Not eroded,0,0,0,0,0,0,4.27E-08,-1.82E-07,-3.73E-08,1.91E-07,6.36E-08,1,3.42E-04,1,1,0,0,0
510,1.45E-01,3,510,Not eroded,0,0,0,0,0,0,-1.67E-07,5.11E-07,4.85E-07,7.24E-07,2.41E-07,1,1.30E-03,1,1,0,0,0
511,1.81E-01,3,511,Not eroded,0,0,0,0,0,0,-2.66E-07,4.54E-07,1.00E-08,5.26E-07,1.75E-07,1,9.41E-04,1,1,0,0,0
512,5.66E-02,3,512,Not eroded,0,0,0,0,0,0,1.73E-08,-2.84E-07,-1.13E-06,1.16E-06,3.88E-07,1,2.07E-03,1,1,0,0,0
513,3.26E-01,0,513,ERODED,1,1,1,1,1,1,0,0.00E+00,0.00E+00,0,0,1,0.00E+00,1,1,1,1,1
514,1.36E-01,5,514,Not eroded,0,0,0,0,0,0,6.86E-08,-6.83E-08,-1.10E-07,1.46E-07,2.92E-08,0,2.61E-04,0,1,0,0,0
515,3.10E-01,0,515,ERODED,1,1,1,1,1,1,0,0.00E+00,0.00E+00,0,0,1,0.00E+00,1,1,1,1,1
517,1.27E-01,6,517,Not eroded,0,0,0,0,0,0,1.00E-07,-6.51E-08,1.87E-07,2.22E-07,3.70E-08,0,3.97E-04,0,0,0,0,0
518,2.51E-01,0,518,Not eroded,0,1,1,1,1,1,0,0.00E+00,0.00E+00,0,0,1,0.00E+00,1,1,1,1,1
519,8.29E-02,6,519,Not eroded,0,0,0,0,0,0,3.12E-07,-4.50E-08,1.70E-07,3.58E-07,5.97E-08,0,6.40E-04,0,0,0,0,0
520,2.23E-01,3,520,Not eroded,0,1,1,0,0,0,-5.41E-08,4.93E-08,6.48E-07,6.52E-07,2.17E-07,1,1.17E-03,1,1,0,0,0
521,1.19E-01,4,521,Not eroded,0,0,0,0,0,0,-2.04E-07,8.01E-07,7.09E-07,1.09E-06,2.72E-07,0,1.95E-03,1,1,0,0,0
522,2.67E-01,3,522,Not eroded,0,1,1,1,1,1,-5.11E-08,1.90E-06,1.38E-06,2.35E-06,7.83E-07,1,4.20E-03,1,1,0,0,0
523,2.69E-01,0,523,Not eroded,0,1,1,1,1,1,0,0.00E+00,0.00E+00,0,0,1,0.00E+00,1,1,1,1,1
524,1.64E-01,0,524,Not eroded,0,0,0,0,0,0,0,0.00E+00,0.00E+00,0,0,1,0.00E+00,1,1,1,1,1
525,3.26E-01,0,525,ERODED,1,1,1,1,1,1,0,0.00E+00,0.00E+00,0,0,1,0.00E+00,1,1,1,1,1
526,1.41E-01,3,526,Not eroded,0,0,0,0,0,0,-2.70E-07,1.93E-07,2.35E-07,4.07E-07,1.36E-07,1,7.28E-04,1,1,0,0,0
527,2.30E-01,5,527,Not eroded,0,1,1,0,0,0,1.49E-06,-3.05E-06,6.66E-06,7.48E-06,1.50E-06,0,1.34E-02,0,1,0,0,0
528,7.48E-02,4,528,Not eroded,0,0,0,0,0,0,4.04E-08,-1.95E-07,5.33E-07,5.69E-07,1.42E-07,0,1.02E-03,1,1,0,0,0
529,9.91E-02,4,529,Not eroded,0,0,0,0,0,0,-6.09E-08,-1.10E-07,1.58E-07,2.02E-07,5.05E-08,0,3.61E-04,1,1,0,0,0
530,1.64E-01,0,530,Not eroded,0,0,0,0,0,0,0,0.00E+00,0.00E+00,0,0,1,0.00E+00,1,1,1,1,1
532,2.59E-01,4,532,Not eroded,0,1,1,1,1,1,2.60E-07,-9.48E-08,8.97E-08,2.91E-07,7.28E-08,0,5.21E-04,1,1,0,0,0
533,2.94E-01,0,533,Not eroded,0,1,1,1,1,1,0,0.00E+00,0.00E+00,0,0,1,0.00E+00,1,1,1,1,1
534,3.20E-01,0,534,ERODED,1,1,1,1,1,1,0,0.00E+00,0.00E+00,0,0,1,0.00E+00,1,1,1,1,1
535,2.59E-01,6,535,Not eroded,0,1,1,1,1,1,2.71E-07,-8.32E-07,9.49E-08,8.80E-07,1.47E-07,0,1.57E-03,0,0,0,0,0
536,1.04E-01,0,536,Not eroded,0,0,0,0,0,0,0,0.00E+00,0.00E+00,0,0,1,0.00E+00,1,1,1,1,1
537,2.21E-01,4,537,Not eroded,0,1,1,0,0,0,1.57E-06,1.43E-06,2.18E-06,3.05E-06,7.61E-07,0,5.46E-03,1,1,0,0,0
538,2.19E-01,5,538,Not eroded,0,1,0,0,0,0,3.64E-08,-6.18E-07,1.24E-07,6.32E-07,1.26E-07,0,1.13E-03,0,1,0,0,0
539,1.06E-01,3,539,Not eroded,0,0,0,0,0,0,-4.71E-08,-2.92E-07,-4.31E-07,5.23E-07,1.74E-07,1,9.35E-04,1,1,0,0,0
540,2.05E-01,6,540,Not eroded,0,1,0,0,0,0,9.49E-08,1.01E-07,2.04E-07,2.47E-07,4.11E-08,0,4.42E-04,0,0,0,0,0
541,8.84E-02,4,541,Not eroded,0,0,0,0,0,0,-8.44E-08,2.46E-07,5.71E-08,2.66E-07,6.65E-08,0,4.76E-04,1,1,0,0,0
542,1.24E-01,0,542,Not eroded,0,0,0,0,0,0,0,0.00E+00,0.00E+00,0,0,1,0.00E+00,1,1,1,1,1
543,1.59E-01,4,543,Not eroded,0,0,0,0,0,0,1.93E-06,-6.44E-08,9.76E-07,2.17E-06,5.41E-07,0,3.88E-03,1,1,0,0,0
544,3.26E-01,4,544,ERODED,1,1,1,1,1,1,4.14E-05,1.09E-05,-1.49E-05,4.53E-05,1.13E-05,0,8.10E-02,1,1,0,0,0
545,1.87E-01,0,545,Not eroded,0,0,0,0,0,0,0,0.00E+00,0.00E+00,0,0,1,0.00E+00,1,1,1,1,1
547,1.99E-01,0,547,Not eroded,0,1,0,0,0,0,0,0.00E+00,0.00E+00,0,0,1,0.00E+00,1,1,1,1,1
548,1.57E-01,5,548,Not eroded,0,0,0,0,0,0,-5.94E-08,-3.09E-07,1.47E-07,3.47E-07,6.94E-08,0,6.21E-04,0,1,0,0,0
549,1.15E-01,5,549,Not eroded,0,0,0,0,0,0,2.71E-08,-4.92E-07,3.77E-07,6.21E-07,1.24E-07,0,1.11E-03,0,1,0,0,0
550,1.98E-01,0,550,Not eroded,0,1,0,0,0,0,0,0.00E+00,0.00E+00,0,0,1,0.00E+00,1,1,1,1,1
551,3.22E-01,0,551,ERODED,1,1,1,1,1,1,0,0.00E+00,0.00E+00,0,0,1,0.00E+00,1,1,1,1,1
552,3.10E-01,0,552,ERODED,1,1,1,1,1,1,0,0.00E+00,0.00E+00,0,0,1,0.00E+00,1,1,1,1,1
553,2.34E-01,5,553,Not eroded,0,1,1,1,0,0,1.48E-07,-5.11E-08,2.29E-08,1.58E-07,3.16E-08,0,2.83E-04,0,1,0,0,0
554,1.91E-01,0,554,Not eroded,0,1,0,0,0,0,0,0.00E+00,0.00E+00,0,0,1,0.00E+00,1,1,1,1,1
555,1.69E-01,5,555,Not eroded,0,0,0,0,0,0,6.79E-08,-3.01E-07,9.31E-08,3.22E-07,6.45E-08,0,5.76E-04,0,1,0,0,0
557,3.07E-01,0,557,ERODED,1,1,1,1,1,1,0,0.00E+00,0.00E+00,0,0,1,0.00E+00,1,1,1,1,1
559,5.74E-02,3,559,Not eroded,0,0,0,0,0,0,6.43E-07,2.11E-07,-6.60E-07,9.45E-07,3.15E-07,1,1.69E-03,1,1,0,0,0
560,1.28E-01,4,560,Not eroded,0,0,0,0,0,0,1.04E-07,-1.27E-06,-1.29E-07,1.28E-06,3.20E-07,0,2.29E-03,1,1,0,0,0
561,1.93E-01,2,561,Not eroded,0,1,0,0,0,0,-8.67E-07,1.71E-06,1.47E-06,2.42E-06,1.21E-06,1,4.33E-03,1,1,1,0,0
562,6.71E-02,5,562,Not eroded,0,0,0,0,0,0,9.38E-08,2.55E-07,2.09E-08,2.73E-07,5.45E-08,0,4.88E-04,0,1,0,0,0
563,2.56E-01,4,563,Not eroded,0,1,1,1,1,1,2.77E-08,-7.60E-07,4.01E-09,7.60E-07,1.90E-07,0,1.36E-03,1,1,0,0,0
564,2.09E-01,4,564,Not eroded,0,1,0,0,0,0,7.92E-08,-2.23E-06,4.87E-06,5.35E-06,1.34E-06,0,9.57E-03,1,1,0,0,0
565,2.99E-01,0,565,Not eroded,0,1,1,1,1,1,0,0.00E+00,0.00E+00,0,0,1,0.00E+00,1,1,1,1,1
566,2.88E-01,0,566,Not eroded,0,1,1,1,1,1,0,0.00E+00,0.00E+00,0,0,1,0.00E+00,1,1,1,1,1
567,1.11E-01,6,567,Not eroded,0,0,0,0,0,0,-1.90E-07,-4.29E-07,2.35E-07,5.24E-07,8.74E-08,0,9.37E-04,0,0,0,0,0
569,1.86E-01,5,569,Not eroded,0,0,0,0,0,0,1.27E-06,1.29E-07,5.84E-07,1.40E-06,2.80E-07,0,2.50E-03,0,1,0,0,0
570,2.58E-01,0,570,Not eroded,0,1,1,1,1,1,0,0.00E+00,0.00E+00,0,0,1,0.00E+00,1,1,1,1,1
571,3.11E-01,0,571,ERODED,1,1,1,1,1,1,0,0.00E+00,0.00E+00,0,0,1,0.00E+00,1,1,1,1,1
572,1.07E-01,3,572,Not eroded,0,0,0,0,0,0,-1.08E-07,1.58E-08,3.03E-07,3.22E-07,1.07E-07,1,5.76E-04,1,1,0,0,0
573,1.59E-01,4,573,Not eroded,0,0,0,0,0,0,3.11E-07,7.94E-08,2.74E-08,3.22E-07,8.05E-08,0,5.76E-04,1,1,0,0,0
574,8.88E-02,6,574,Not eroded,0,0,0,0,0,0,-1.96E-07,3.60E-07,-5.14E-07,6.58E-07,1.10E-07,0,1.18E-03,0,0,0,0,0
575,2.35E-01,4,575,Not eroded,0,1,1,1,0,0,3.78E-07,1.46E-06,1.28E-06,1.98E-06,4.95E-07,0,3.54E-03,1,1,0,0,0
576,7.03E-02,3,576,Not eroded,0,0,0,0,0,0,-5.53E-08,-9.23E-07,3.27E-07,9.81E-07,3.27E-07,1,1.75E-03,1,1,0,0,0
577,2.81E-01,0,577,Not eroded,0,1,1,1,1,1,0,0.00E+00,0.00E+00,0,0,1,0.00E+00,1,1,1,1,1
578,5.69E-02,4,578,Not eroded,0,0,0,0,0,0,-3.06E-08,4.79E-07,7.97E-08,4.87E-07,1.22E-07,0,8.71E-04,1,1,0,0,0
579,2.37E-01,3,579,Not eroded,0,1,1,1,0,0,-3.13E-08,-4.08E-07,2.14E-07,4.62E-07,1.54E-07,1,8.26E-04,1,1,0,0,0
580,2.76E-01,0,580,ERODED,1,1,1,1,1,1,0,0.00E+00,0.00E+00,0,0,1,0.00E+00,1,1,1,1,1
581,2.74E-01,5,581,Not eroded,0,1,1,1,1,1,2.47E-06,-1.95E-06,6.35E-06,7.09E-06,1.42E-06,0,1.27E-02,0,1,0,0,0
582,2.46E-01,0,582,Not eroded,0,1,1,1,1,0,0,0.00E+00,0.00E+00,0,0,1,0.00E+00,1,1,1,1,1
583,1.99E-01,3,583,Not eroded,0,1,0,0,0,0,-1.16E-07,3.36E-07,3.48E-07,4.98E-07,1.66E-07,1,8.91E-04,1,1,0,0,0
584,2.89E-01,5,584,Not eroded,0,1,1,1,1,1,-2.54E-06,4.94E-06,-1.25E-06,5.69E-06,1.14E-06,0,1.02E-02,0,1,0,0,0
585,2.52E-01,3,585,Not eroded,0,1,1,1,1,1,-2.05E-07,-1.08E-06,-8.27E-07,1.38E-06,4.58E-07,1,2.47E-03,1,1,0,0,0
586,6.46E-02,4,586,Not eroded,0,0,0,0,0,0,2.89E-08,-4.37E-07,2.55E-07,5.06E-07,1.27E-07,0,9.05E-04,1,1,0,0,0
587,1.37E-01,0,587,Not eroded,0,0,0,0,0,0,0,0.00E+00,0.00E+00,0,0,1,0.00E+00,1,1,1,1,1
588,9.60E-02,0,588,Not eroded,0,0,0,0,0,0,0,0.00E+00,0.00E+00,0,0,1,0.00E+00,1,1,1,1,1
589,2.37E-01,0,589,Not eroded,0,1,1,1,0,0,0,0.00E+00,0.00E+00,0,0,1,0.00E+00,1,1,1,1,1
590,6.57E-02,4,590,Not eroded,0,0,0,0,0,0,6.69E-08,1.66E-08,9.70E-08,1.19E-07,2.97E-08,0,2.13E-04,1,1,0,0,0
591,1.74E-01,4,591,Not eroded,0,0,0,0,0,0,2.20E-07,9.99E-08,4.35E-07,4.98E-07,1.24E-07,0,8.91E-04,1,1,0,0,0
592,2.59E-01,0,592,Not eroded,0,1,1,1,1,1,0,0.00E+00,0.00E+00,0,0,1,0.00E+00,1,1,1,1,1
593,1.24E-01,0,593,Not eroded,0,0,0,0,0,0,0,0.00E+00,0.00E+00,0,0,1,0.00E+00,1,1,1,1,1
594,2.08E-01,3,594,Not eroded,0,1,0,0,0,0,5.14E-06,-1.84E-06,-2.25E-06,5.90E-06,1.97E-06,1,1.06E-02,1,1,0,0,0
595,1.88E-01,5,595,Not eroded,0,0,0,0,0,0,3.27E-07,1.19E-07,1.11E-07,3.65E-07,7.29E-08,0,6.53E-04,0,1,0,0,0
596,2.39E-01,4,596,Not eroded,0,1,1,1,0,0,-7.33E-08,1.94E-06,1.84E-06,2.68E-06,6.70E-07,0,4.79E-03,1,1,0,0,0
597,2.47E-01,4,597,Not eroded,0,1,1,1,1,0,1.00E-07,-7.61E-07,1.96E-07,7.92E-07,1.98E-07,0,1.42E-03,1,1,0,0,0
599,3.13E-01,0,599,ERODED,1,1,1,1,1,1,0,0.00E+00,0.00E+00,0,0,1,0.00E+00,1,1,1,1,1
600,3.18E-01,0,600,ERODED,1,1,1,1,1,1,0,0.00E+00,0.00E+00,0,0,1,0.00E+00,1,1,1,1,1
601,7.10E-02,4,601,Not eroded,0,0,0,0,0,0,-5.18E-07,-6.19E-08,-3.88E-07,6.51E-07,1.63E-07,0,1.16E-03,1,1,0,0,0
602,6.51E-02,5,602,Not eroded,0,0,0,0,0,0,-3.16E-07,2.33E-07,-7.72E-08,4.00E-07,8.00E-08,0,7.15E-04,0,1,0,0,0
603,1.64E-01,5,603,Not eroded,0,0,0,0,0,0,1.94E-07,-1.27E-07,9.63E-08,2.51E-07,5.02E-08,0,4.49E-04,0,1,0,0,0
604,2.46E-01,0,604,Not eroded,0,1,1,1,1,0,0,0.00E+00,0.00E+00,0,0,1,0.00E+00,1,1,1,1,1
605,1.70E-01,6,605,Not eroded,0,0,0,0,0,0,-2.01E-07,1.68E-07,8.97E-09,2.62E-07,4.37E-08,0,4.69E-04,0,0,0,0,0
606,1.01E-01,0,606,Not eroded,0,0,0,0,0,0,0,0.00E+00,0.00E+00,0,0,1,0.00E+00,1,1,1,1,1
607,2.54E-01,0,607,Not eroded,0,1,1,1,1,1,0,0.00E+00,0.00E+00,0,0,1,0.00E+00,1,1,1,1,1
608,1.23E-01,6,608,Not eroded,0,0,0,0,0,0,-7.97E-08,3.63E-07,-1.70E-07,4.09E-07,6.81E-08,0,7.32E-04,0,0,0,0,0
609,1.42E-01,5,609,Not eroded,0,0,0,0,0,0,-4.21E-06,3.16E-07,1.76E-06,4.57E-06,9.14E-07,0,8.17E-03,0,1,0,0,0
610,2.79E-01,0,610,ERODED,1,1,1,1,1,1,0,0.00E+00,0.00E+00,0,0,1,0.00E+00,1,1,1,1,1
611,2.44E-01,0,611,Not eroded,0,1,1,1,1,0,0,0.00E+00,0.00E+00,0,0,1,0.00E+00,1,1,1,1,1
612,3.02E-01,0,612,ERODED,1,1,1,1,1,1,0,0.00E+00,0.00E+00,0,0,1,0.00E+00,1,1,1,1,1
614,1.71E-01,0,614,Not eroded,0,0,0,0,0,0,0,0.00E+00,0.00E+00,0,0,1,0.00E+00,1,1,1,1,1
615,2.15E-01,0,615,Not eroded,0,1,0,0,0,0,0,0.00E+00,0.00E+00,0,0,1,0.00E+00,1,1,1,1,1
616,2.94E-01,4,616,Not eroded,0,1,1,1,1,1,1.16E-05,6.39E-07,1.37E-06,1.17E-05,2.93E-06,0,2.09E-02,1,1,0,0,0
617,2.33E-01,4,617,Not eroded,0,1,1,1,0,0,-4.47E-08,2.31E-07,-7.84E-08,2.48E-07,6.20E-08,0,4.44E-04,1,1,0,0,0
618,2.28E-01,0,618,Not eroded,0,1,1,0,0,0,0,0.00E+00,0.00E+00,0,0,1,0.00E+00,1,1,1,1,1
619,2.50E-01,3,619,Not eroded,0,1,1,1,1,0,1.07E-06,-8.33E-07,-6.30E-07,1.49E-06,4.98E-07,1,2.67E-03,1,1,0,0,0
620,2.93E-01,0,620,ERODED,1,1,1,1,1,1,0,0.00E+00,0.00E+00,0,0,1,0.00E+00,1,1,1,1,1
621,8.74E-02,3,621,Not eroded,0,0,0,0,0,0,-5.18E-07,7.02E-07,5.16E-07,1.01E-06,3.38E-07,1,1.81E-03,1,1,0,0,0
622,1.59E-01,0,622,Not eroded,0,0,0,0,0,0,0,0.00E+00,0.00E+00,0,0,1,0.00E+00,1,1,1,1,1
623,2.36E-01,0,623,Not eroded,0,1,1,1,0,0,0,0.00E+00,0.00E+00,0,0,1,0.00E+00,1,1,1,1,1
624,1.24E-01,0,624,Not eroded,0,0,0,0,0,0,0,0.00E+00,0.00E+00,0,0,1,0.00E+00,1,1,1,1,1
626,2.80E-01,0,626,Not eroded,0,1,1,1,1,1,0,0.00E+00,0.00E+00,0,0,1,0.00E+00,1,1,1,1,1
627,3.09E-01,0,627,ERODED,1,1,1,1,1,1,0,0.00E+00,0.00E+00,0,0,1,0.00E+00,1,1,1,1,1
628,1.87E-01,5,628,Not eroded,0,0,0,0,0,0,3.72E-07,4.59E-07,7.56E-08,5.96E-07,1.19E-07,0,1.07E-03,0,1,0,0,0
630,2.92E-01,0,630,ERODED,1,1,1,1,1,1,0,0.00E+00,0.00E+00,0,0,1,0.00E+00,1,1,1,1,1
631,2.34E-01,0,631,Not eroded,0,1,1,1,0,0,0,0.00E+00,0.00E+00,0,0,1,0.00E+00,1,1,1,1,1
632,9.51E-02,4,632,Not eroded,0,0,0,0,0,0,-4.16E-08,-5.47E-08,3.67E-07,3.74E-07,9.34E-08,0,6.69E-04,1,1,0,0,0
633,1.66E-01,3,633,Not eroded,0,0,0,0,0,0,7.81E-08,-6.07E-07,-1.38E-07,6.28E-07,2.09E-07,1,1.12E-03,1,1,0,0,0
634,1.84E-01,4,634,Not eroded,0,0,0,0,0,0,-1.74E-07,-3.29E-08,1.95E-07,2.63E-07,6.57E-08,0,4.70E-04,1,1,0,0,0
636,2.40E-01,0,636,Not eroded,0,1,1,1,0,0,0,0.00E+00,0.00E+00,0,0,1,0.00E+00,1,1,1,1,1
637,9.04E-02,0,637,Not eroded,0,0,0,0,0,0,0,0.00E+00,0.00E+00,0,0,1,0.00E+00,1,1,1,1,1
638,1.59E-01,4,638,Not eroded,0,0,0,0,0,0,-4.04E-07,6.34E-07,5.03E-07,9.04E-07,2.26E-07,0,1.62E-03,1,1,0,0,0
639,2.88E-01,4,639,Not eroded,0,1,1,1,1,1,-6.08E-07,1.09E-06,2.60E-06,2.89E-06,7.22E-07,0,5.17E-03,1,1,0,0,0
640,6.97E-02,4,640,Not eroded,0,0,0,0,0,0,8.70E-09,2.82E-07,9.23E-08,2.96E-07,7.41E-08,0,5.29E-04,1,1,0,0,0
642,1.67E-01,5,642,Not eroded,0,0,0,0,0,0,1.42E-07,1.74E-09,-5.44E-08,1.52E-07,3.05E-08,0,2.72E-04,0,1,0,0,0
643,3.27E-01,0,643,ERODED,1,1,1,1,1,1,0,0.00E+00,0.00E+00,0,0,1,0.00E+00,1,1,1,1,1
644,2.03E-01,4,644,Not eroded,0,1,0,0,0,0,1.46E-07,1.03E-07,-9.17E-08,2.01E-07,5.03E-08,0,3.60E-04,1,1,0,0,0
645,1.58E-01,5,645,Not eroded,0,0,0,0,0,0,-1.85E-07,4.87E-08,4.60E-07,4.98E-07,9.97E-08,0,8.91E-04,0,1,0,0,0
646,2.55E-01,4,646,Not eroded,0,1,1,1,1,1,6.98E-08,1.51E-07,4.45E-08,1.72E-07,4.30E-08,0,3.08E-04,1,1,0,0,0
647,2.17E-01,5,647,Not eroded,0,1,0,0,0,0,-3.33E-07,-1.86E-06,-1.19E-06,2.23E-06,4.46E-07,0,3.99E-03,0,1,0,0,0
648,9.42E-02,4,648,Not eroded,0,0,0,0,0,0,-1.86E-08,-1.57E-07,1.24E-07,2.01E-07,5.02E-08,0,3.60E-04,1,1,0,0,0
650,2.16E-01,0,650,Not eroded,0,1,0,0,0,0,0,0.00E+00,0.00E+00,0,0,1,0.00E+00,1,1,1,1,1
651,6.43E-02,4,651,Not eroded,0,0,0,0,0,0,6.27E-09,-3.00E-07,1.44E-07,3.33E-07,8.31E-08,0,5.96E-04,1,1,0,0,0
652,1.53E-01,5,652,Not eroded,0,0,0,0,0,0,-3.05E-07,1.34E-06,-5.03E-07,1.47E-06,2.93E-07,0,2.63E-03,0,1,0,0,0
653,1.36E-01,2,653,Not eroded,0,0,0,0,0,0,2.63E-07,3.66E-07,-1.53E-07,4.76E-07,2.38E-07,1,8.51E-04,1,1,1,0,0
654,2.59E-01,0,654,Not eroded,0,1,1,1,1,1,0,0.00E+00,0.00E+00,0,0,1,0.00E+00,1,1,1,1,1
655,1.03E-01,4,655,Not eroded,0,0,0,0,0,0,-3.87E-08,-9.10E-08,2.33E-08,1.02E-07,2.54E-08,0,1.82E-04,1,1,0,0,0
656,1.05E-01,5,656,Not eroded,0,0,0,0,0,0,3.48E-07,3.44E-07,2.08E-07,5.32E-07,1.06E-07,0,9.52E-04,0,1,0,0,0
657,2.90E-01,0,657,Not eroded,0,1,1,1,1,1,0,0.00E+00,0.00E+00,0,0,1,0.00E+00,1,1,1,1,1
658,1.31E-01,7,658,Not eroded,0,0,0,0,0,0,5.14E-07,7.94E-07,5.75E-07,1.11E-06,1.58E-07,0,1.99E-03,0,0,0,0,0
659,9.51E-02,3,659,Not eroded,0,0,0,0,0,0,2.18E-07,4.86E-08,1.64E-07,2.77E-07,9.25E-08,1,4.95E-04,1,1,0,0,0
660,2.67E-01,3,660,Not eroded,0,1,1,1,1,1,-2.96E-06,-1.55E-06,3.43E-07,3.36E-06,1.12E-06,1,6.01E-03,1,1,0,0,0
661,2.27E-01,3,661,Not eroded,0,1,1,0,0,0,6.54E-07,2.33E-07,-3.97E-07,8.00E-07,2.67E-07,1,1.43E-03,1,1,0,0,0
662,1.04E-01,0,662,Not eroded,0,0,0,0,0,0,0,0.00E+00,0.00E+00,0,0,1,0.00E+00,1,1,1,1,1
663,9.55E-02,0,663,Not eroded,0,0,0,0,0,0,0,0.00E+00,0.00E+00,0,0,1,0.00E+00,1,1,1,1,1
664,3.32E-01,0,664,ERODED,1,1,1,1,1,1,0,0.00E+00,0.00E+00,0,0,1,0.00E+00,1,1,1,1,1
665,1.35E-01,0,665,Not eroded,0,0,0,0,0,0,0,0.00E+00,0.00E+00,0,0,1,0.00E+00,1,1,1,1,1
667,7.34E-02,4,667,Not eroded,0,0,0,0,0,0,-6.53E-07,-3.83E-07,-3.73E-07,8.44E-07,2.11E-07,0,1.51E-03,1,1,0,0,0
668,9.83E-02,5,668,Not eroded,0,0,0,0,0,0,4.28E-07,-1.21E-06,4.19E-07,1.35E-06,2.70E-07,0,2.41E-03,0,1,0,0,0
669,1.89E-01,4,669,Not eroded,0,0,0,0,0,0,1.24E-06,1.30E-06,8.64E-07,1.99E-06,4.98E-07,0,3.56E-03,1,1,0,0,0
670,2.54E-01,4,670,Not eroded,0,1,1,1,1,1,-5.48E-08,-2.54E-07,-1.44E-07,2.98E-07,7.44E-08,0,5.33E-04,1,1,0,0,0
671,2.14E-01,4,671,Not eroded,0,1,0,0,0,0,-3.00E-08,-7.61E-07,3.74E-08,7.62E-07,1.91E-07,0,1.36E-03,1,1,0,0,0
672,1.04E-01,3,672,Not eroded,0,0,0,0,0,0,1.69E-07,2.59E-06,1.29E-06,2.90E-06,9.68E-07,1,5.19E-03,1,1,0,0,0
673,2.34E-01,3,673,Not eroded,0,1,1,1,0,0,-2.51E-06,1.08E-06,-3.53E-07,2.76E-06,9.20E-07,1,4.94E-03,1,1,0,0,0
674,1.91E-01,0,674,Not eroded,0,0,0,0,0,0,0,0.00E+00,0.00E+00,0,0,1,0.00E+00,1,1,1,1,1
675,8.88E-02,0,675,Not eroded,0,0,0,0,0,0,0,0.00E+00,0.00E+00,0,0,1,0.00E+00,1,1,1,1,1
676,2.18E-01,4,676,Not eroded,0,1,0,0,0,0,-1.79E-07,-2.64E-07,7.32E-08,3.27E-07,8.18E-08,0,5.85E-04,1,1,0,0,0
677,3.35E-01,0,677,ERODED,1,1,1,1,1,1,0,0.00E+00,0.00E+00,0,0,1,0.00E+00,1,1,1,1,1
679,2.90E-01,3,679,Not eroded,0,1,1,1,1,1,3.81E-06,7.81E-06,-1.35E-06,8.79E-06,2.93E-06,1,1.57E-02,1,1,0,0,0
680,5.66E-02,0,680,Not eroded,0,0,0,0,0,0,0,0.00E+00,0.00E+00,0,0,1,0.00E+00,1,1,1,1,1
682,1.19E-01,5,682,Not eroded,0,0,0,0,0,0,-2.95E-08,-8.42E-08,-6.36E-09,8.94E-08,1.79E-08,0,1.60E-04,0,1,0,0,0
683,2.32E-01,0,683,Not eroded,0,1,1,1,0,0,0,0.00E+00,0.00E+00,0,0,1,0.00E+00,1,1,1,1,1
684,1.35E-01,4,684,Not eroded,0,0,0,0,0,0,5.00E-06,-2.27E-06,7.15E-06,9.01E-06,2.25E-06,0,1.61E-02,1,1,0,0,0
685,6.82E-02,4,685,Not eroded,0,0,0,0,0,0,-2.86E-07,-4.69E-08,4.21E-07,5.11E-07,1.28E-07,0,9.14E-04,1,1,0,0,0
686,3.04E-01,3,686,Not eroded,0,1,1,1,1,1,3.46E-07,-6.92E-07,-1.81E-08,7.74E-07,2.58E-07,1,1.38E-03,1,1,0,0,0
687,2.00E-01,2,687,Not eroded,0,1,0,0,0,0,3.84E-07,-7.57E-07,1.34E-06,1.59E-06,7.94E-07,1,2.84E-03,1,1,1,0,0
688,3.02E-01,0,688,ERODED,1,1,1,1,1,1,0,0.00E+00,0.00E+00,0,0,1,0.00E+00,1,1,1,1,1
689,2.07E-01,5,689,Not eroded,0,1,0,0,0,0,3.66E-08,-5.31E-07,2.13E-07,5.73E-07,1.15E-07,0,1.02E-03,0,1,0,0,0
690,1.42E-01,0,690,Not eroded,0,0,0,0,0,0,0,0.00E+00,0.00E+00,0,0,1,0.00E+00,1,1,1,1,1
691,2.29E-01,6,691,Not eroded,0,1,1,0,0,0,1.00E-07,1.28E-07,2.55E-07,3.02E-07,5.04E-08,0,5.40E-04,0,0,0,0,0
692,9.12E-02,4,692,Not eroded,0,0,0,0,0,0,1.61E-07,-6.02E-07,-2.27E-07,6.63E-07,1.66E-07,0,1.19E-03,1,1,0,0,0
693,8.03E-02,5,693,Not eroded,0,0,0,0,0,0,1.27E-06,8.02E-08,4.73E-07,1.35E-06,2.71E-07,0,2.41E-03,0,1,0,0,0
694,1.24E-01,3,694,Not eroded,0,0,0,0,0,0,-8.44E-08,-7.77E-09,8.15E-07,8.20E-07,2.73E-07,1,1.47E-03,1,1,0,0,0
695,2.83E-01,5,695,Not eroded,0,1,1,1,1,1,-5.33E-06,-7.79E-07,3.46E-05,3.50E-05,7.01E-06,0,6.26E-02,0,1,0,0,0
696,1.02E-01,3,696,Not eroded,0,0,0,0,0,0,-1.62E-08,-9.12E-07,2.03E-07,9.35E-07,3.12E-07,1,1.67E-03,1,1,0,0,0
697,1.12E-01,4,697,Not eroded,0,0,0,0,0,0,-1.16E-06,-6.34E-07,1.45E-06,1.97E-06,4.91E-07,0,3.52E-03,1,1,0,0,0
698,1.91E-01,0,698,Not eroded,0,1,0,0,0,0,0,0.00E+00,0.00E+00,0,0,1,0.00E+00,1,1,1,1,1
699,1.31E-01,3,699,Not eroded,0,0,0,0,0,0,-1.36E-07,4.29E-07,4.66E-07,6.48E-07,2.16E-07,1,1.16E-03,1,1,0,0,0
700,5.64E-02,4,700,Not eroded,0,0,0,0,0,0,3.02E-07,4.21E-07,-1.17E-06,1.28E-06,3.20E-07,0,2.29E-03,1,1,0,0,0
701,1.47E-01,6,701,Not eroded,0,0,0,0,0,0,-1.62E-08,-5.78E-08,2.73E-07,2.79E-07,4.65E-08,0,4.99E-04,0,0,0,0,0
702,5.66E-02,5,702,Not eroded,0,0,0,0,0,0,2.39E-07,1.65E-07,-1.37E-06,1.40E-06,2.80E-07,0,2.50E-03,0,1,0,0,0
703,2.41E-01,3,703,Not eroded,0,1,1,1,1,0,3.70E-07,-7.00E-07,-1.98E-07,8.17E-07,2.72E-07,1,1.46E-03,1,1,0,0,0
704,1.97E-01,0,704,Not eroded,0,1,0,0,0,0,0,0.00E+00,0.00E+00,0,0,1,0.00E+00,1,1,1,1,1
705,2.72E-01,0,705,ERODED,1,1,1,1,1,1,0,0.00E+00,0.00E+00,0,0,1,0.00E+00,1,1,1,1,1
707,2.96E-01,3,707,Not eroded,0,1,1,1,1,1,-2.54E-06,4.09E-06,8.20E-07,4.88E-06,1.63E-06,1,8.73E-03,1,1,0,0,0
708,2.38E-01,3,708,Not eroded,0,1,1,1,0,0,4.02E-07,5.06E-07,2.07E-07,6.78E-07,2.26E-07,1,1.21E-03,1,1,0,0,0
709,1.25E-01,4,709,Not eroded,0,0,0,0,0,0,-1.31E-06,1.53E-06,3.22E-06,3.80E-06,9.50E-07,0,6.80E-03,1,1,0,0,0
710,2.29E-01,0,710,Not eroded,0,1,1,0,0,0,0,0.00E+00,0.00E+00,0,0,1,0.00E+00,1,1,1,1,1
711,1.86E-01,7,711,Not eroded,0,0,0,0,0,0,1.30E-07,-5.99E-08,6.07E-07,6.23E-07,8.90E-08,0,1.11E-03,0,0,0,0,0
712,2.81E-01,0,712,ERODED,1,1,1,1,1,1,0,0.00E+00,0.00E+00,0,0,1,0.00E+00,1,1,1,1,1
713,2.39E-01,4,713,Not eroded,0,1,1,1,0,0,-1.09E-06,-3.70E-06,1.86E-06,4.28E-06,1.07E-06,0,7.66E-03,1,1,0,0,0
714,2.29E-01,0,714,Not eroded,0,1,1,0,0,0,0,0.00E+00,0.00E+00,0,0,1,0.00E+00,1,1,1,1,1
715,2.47E-01,6,715,Not eroded,0,1,1,1,1,0,3.01E-07,-8.99E-07,2.50E-07,9.80E-07,1.63E-07,0,1.75E-03,0,0,0,0,0
716,1.88E-01,0,716,Not eroded,0,0,0,0,0,0,0,0.00E+00,0.00E+00,0,0,1,0.00E+00,1,1,1,1,1
717,1.13E-01,3,717,Not eroded,0,0,0,0,0,0,-7.85E-08,-8.81E-08,-3.81E-08,1.24E-07,4.13E-08,1,2.22E-04,1,1,0,0,0
718,2.81E-01,5,718,Not eroded,0,1,1,1,1,1,-9.54E-07,5.10E-07,1.37E-06,1.75E-06,3.49E-07,0,3.13E-03,0,1,0,0,0
719,1.95E-01,4,719,Not eroded,0,1,0,0,0,0,-2.25E-06,3.90E-06,-2.82E-06,5.31E-06,1.33E-06,0,9.50E-03,1,1,0,0,0
720,9.74E-02,6,720,Not eroded,0,0,0,0,0,0,1.45E-07,2.65E-07,1.63E-07,3.43E-07,5.72E-08,0,6.14E-04,0,0,0,0,0
721,2.25E-01,4,721,Not eroded,0,1,1,0,0,0,8.13E-06,1.26E-06,5.91E-06,1.01E-05,2.53E-06,0,1.81E-02,1,1,0,0,0
722,1.03E-01,5,722,Not eroded,0,0,0,0,0,0,1.48E-07,1.23E-07,1.06E-07,2.20E-07,4.40E-08,0,3.94E-04,0,1,0,0,0
723,6.32E-02,5,723,Not eroded,0,0,0,0,0,0,-1.43E-07,6.68E-08,-1.53E-07,2.19E-07,4.38E-08,0,3.92E-04,0,1,0,0,0
724,2.14E-01,6,724,Not eroded,0,1,0,0,0,0,4.01E-07,-2.45E-08,5.03E-07,6.44E-07,1.07E-07,0,1.15E-03,0,0,0,0,0
725,1.09E-01,3,725,Not eroded,0,0,0,0,0,0,3.85E-08,-5.26E-08,-8.60E-08,1.08E-07,3.60E-08,1,1.93E-04,1,1,0,0,0
726,2.08E-01,5,726,Not eroded,0,1,0,0,0,0,2.45E-07,1.29E-07,-3.33E-08,2.79E-07,5.57E-08,0,4.99E-04,0,1,0,0,0
728,1.51E-01,0,728,Not eroded,0,0,0,0,0,0,0,0.00E+00,0.00E+00,0,0,1,0.00E+00,1,1,1,1,1
729,2.83E-01,4,729,Not eroded,0,1,1,1,1,1,1.14E-07,2.01E-06,-2.63E-07,2.03E-06,5.08E-07,0,3.63E-03,1,1,0,0,0
730,2.13E-01,0,730,Not eroded,0,1,0,0,0,0,0,0.00E+00,0.00E+00,0,0,1,0.00E+00,1,1,1,1,1
731,2.33E-01,6,731,Not eroded,0,1,1,1,0,0,7.30E-07,2.45E-06,-1.88E-07,2.56E-06,4.27E-07,0,4.58E-03,0,0,0,0,0
732,2.85E-01,0,732,Not eroded,0,1,1,1,1,1,0,0.00E+00,0.00E+00,0,0,1,0.00E+00,1,1,1,1,1
733,2.38E-01,4,733,Not eroded,0,1,1,1,0,0,-6.89E-07,1.57E-06,2.63E-06,3.14E-06,7.85E-07,0,5.62E-03,1,1,0,0,0
734,1.13E-01,8,734,Not eroded,0,0,0,0,0,0,1.66E-07,2.32E-07,-4.34E-08,2.89E-07,3.61E-08,0,5.17E-04,0,0,0,0,0
735,1.66E-01,4,735,Not eroded,0,0,0,0,0,0,2.07E-07,-1.14E-07,7.92E-08,2.49E-07,6.23E-08,0,4.45E-04,1,1,0,0,0
736,2.24E-01,6,736,Not eroded,0,1,1,0,0,0,-1.74E-06,3.08E-06,5.36E-06,6.42E-06,1.07E-06,0,1.15E-02,0,0,0,0,0
737,2.96E-01,0,737,ERODED,1,1,1,1,1,1,0,0.00E+00,0.00E+00,0,0,1,0.00E+00,1,1,1,1,1
738,3.25E-01,0,738,ERODED,1,1,1,1,1,1,0,0.00E+00,0.00E+00,0,0,1,0.00E+00,1,1,1,1,1
739,1.71E-01,4,739,Not eroded,0,0,0,0,0,0,6.21E-07,6.18E-07,1.32E-06,1.58E-06,3.96E-07,0,2.83E-03,1,1,0,0,0
740,2.06E-01,0,740,Not eroded,0,1,0,0,0,0,0,0.00E+00,0.00E+00,0,0,1,0.00E+00,1,1,1,1,1
741,5.65E-02,4,741,Not eroded,0,0,0,0,0,0,4.14E-07,6.29E-08,-1.44E-06,1.50E-06,3.75E-07,0,2.68E-03,1,1,0,0,0
742,2.38E-01,3,742,Not eroded,0,1,1,1,0,0,5.49E-07,-3.59E-07,4.33E-07,7.86E-07,2.62E-07,1,1.41E-03,1,1,0,0,0
743,1.34E-01,0,743,Not eroded,0,0,0,0,0,0,0,0.00E+00,0.00E+00,0,0,1,0.00E+00,1,1,1,1,1
744,2.35E-01,0,744,Not eroded,0,1,1,1,0,0,0,0.00E+00,0.00E+00,0,0,1,0.00E+00,1,1,1,1,1
745,9.64E-02,0,745,Not eroded,0,0,0,0,0,0,0,0.00E+00,0.00E+00,0,0,1,0.00E+00,1,1,1,1,1
746,8.68E-02,0,746,Not eroded,0,0,0,0,0,0,0,0.00E+00,0.00E+00,0,0,1,0.00E+00,1,1,1,1,1
747,1.93E-01,3,747,Not eroded,0,1,0,0,0,0,1.74E-08,-7.52E-07,2.90E-08,7.53E-07,2.51E-07,1,1.35E-03,1,1,0,0,0
748,2.23E-01,3,748,Not eroded,0,1,1,0,0,0,1.48E-07,8.45E-08,2.00E-07,2.63E-07,8.77E-08,1,4.70E-04,1,1,0,0,0
749,8.64E-02,0,749,Not eroded,0,0,0,0,0,0,0,0.00E+00,0.00E+00,0,0,1,0.00E+00,1,1,1,1,1
750,2.01E-01,5,750,Not eroded,0,1,0,0,0,0,-2.38E-07,1.57E-07,4.26E-07,5.12E-07,1.02E-07,0,9.16E-04,0,1,0,0,0
751,9.26E-02,5,751,Not eroded,0,0,0,0,0,0,-3.28E-08,3.05E-07,3.65E-07,4.77E-07,9.54E-08,0,8.53E-04,0,1,0,0,0
752,2.13E-01,0,752,Not eroded,0,1,0,0,0,0,0,0.00E+00,0.00E+00,0,0,1,0.00E+00,1,1,1,1,1
754,1.33E-01,5,754,Not eroded,0,0,0,0,0,0,2.00E-08,6.71E-07,-2.18E-06,2.28E-06,4.56E-07,0,4.08E-03,0,1,0,0,0
755,2.05E-01,6,755,Not eroded,0,1,0,0,0,0,2.60E-07,4.86E-07,2.00E-08,5.52E-07,9.20E-08,0,9.87E-04,0,0,0,0,0
756,1.71E-01,4,756,Not eroded,0,0,0,0,0,0,3.15E-07,-3.96E-07,1.36E-06,1.45E-06,3.63E-07,0,2.59E-03,1,1,0,0,0
757,1.55E-01,5,757,Not eroded,0,0,0,0,0,0,-7.88E-07,1.80E-07,3.54E-07,8.83E-07,1.77E-07,0,1.58E-03,0,1,0,0,0
758,9.50E-02,0,758,Not eroded,0,0,0,0,0,0,0,0.00E+00,0.00E+00,0,0,1,0.00E+00,1,1,1,1,1
759,1.56E-01,3,759,Not eroded,0,0,0,0,0,0,-2.51E-07,-7.61E-07,4.70E-08,8.03E-07,2.68E-07,1,1.44E-03,1,1,0,0,0
760,2.94E-01,0,760,ERODED,1,1,1,1,1,1,0,0.00E+00,0.00E+00,0,0,1,0.00E+00,1,1,1,1,1
761,1.96E-01,0,761,Not eroded,0,1,0,0,0,0,0,0.00E+00,0.00E+00,0,0,1,0.00E+00,1,1,1,1,1
762,2.91E-01,0,762,ERODED,1,1,1,1,1,1,0,0.00E+00,0.00E+00,0,0,1,0.00E+00,1,1,1,1,1
763,7.18E-02,5,763,Not eroded,0,0,0,0,0,0,1.83E-07,1.90E-07,-1.83E-08,2.64E-07,5.29E-08,0,4.72E-04,0,1,0,0,0
764,2.69E-01,0,764,ERODED,1,1,1,1,1,1,0,0.00E+00,0.00E+00,0,0,1,0.00E+00,1,1,1,1,1
765,1.26E-01,4,765,Not eroded,0,0,0,0,0,0,-3.27E-08,-7.65E-08,3.75E-08,9.13E-08,2.28E-08,0,1.63E-04,1,1,0,0,0
766,6.60E-02,5,766,Not eroded,0,0,0,0,0,0,3.47E-07,-6.63E-07,-1.00E-07,7.55E-07,1.51E-07,0,1.35E-03,0,1,0,0,0
767,3.25E-01,0,767,ERODED,1,1,1,1,1,1,0,0.00E+00,0.00E+00,0,0,1,0.00E+00,1,1,1,1,1
768,2.47E-01,5,768,Not eroded,0,1,1,1,1,0,-1.12E-05,9.87E-06,-6.99E-05,7.15E-05,1.43E-05,0,1.28E-01,0,1,0,0,0
769,5.66E-02,4,769,Not eroded,0,0,0,0,0,0,1.12E-07,-2.47E-07,-1.12E-06,1.15E-06,2.89E-07,0,2.06E-03,1,1,0,0,0
770,8.46E-02,3,770,Not eroded,0,0,0,0,0,0,-2.52E-08,-9.29E-08,5.13E-08,1.09E-07,3.63E-08,1,1.95E-04,1,1,0,0,0
771,5.76E-02,0,771,Not eroded,0,0,0,0,0,0,0,0.00E+00,0.00E+00,0,0,1,0.00E+00,1,1,1,1,1
772,7.02E-02,6,772,Not eroded,0,0,0,0,0,0,-1.85E-08,2.42E-07,1.43E-07,2.81E-07,4.69E-08,0,5.03E-04,0,0,0,0,0
773,1.05E-01,4,773,Not eroded,0,0,0,0,0,0,1.36E-06,5.21E-08,1.23E-06,1.84E-06,4.59E-07,0,3.29E-03,1,1,0,0,0
774,1.60E-01,3,774,Not eroded,0,0,0,0,0,0,-4.57E-07,9.68E-07,8.32E-08,1.07E-06,3.58E-07,1,1.91E-03,1,1,0,0,0
775,1.13E-01,0,775,Not eroded,0,0,0,0,0,0,0,0.00E+00,0.00E+00,0,0,1,0.00E+00,1,1,1,1,1
776,1.39E-01,3,776,Not eroded,0,0,0,0,0,0,7.24E-08,5.77E-08,-1.41E-07,1.69E-07,5.62E-08,1,3.02E-04,1,1,0,0,0
777,3.31E-01,0,777,ERODED,1,1,1,1,1,1,0,0.00E+00,0.00E+00,0,0,1,0.00E+00,1,1,1,1,1
778,1.24E-01,5,778,Not eroded,0,0,0,0,0,0,-2.19E-07,3.99E-07,3.65E-07,5.83E-07,1.17E-07,0,1.04E-03,0,1,0,0,0
779,2.79E-01,0,779,ERODED,1,1,1,1,1,1,0,0.00E+00,0.00E+00,0,0,1,0.00E+00,1,1,1,1,1
780,1.23E-01,0,780,Not eroded,0,0,0,0,0,0,0,0.00E+00,0.00E+00,0,0,1,0.00E+00,1,1,1,1,1
781,1.63E-01,4,781,Not eroded,0,0,0,0,0,0,-6.02E-08,4.73E-08,-3.51E-08,8.42E-08,2.11E-08,0,1.51E-04,1,1,0,0,0
782,2.90E-01,0,782,Not eroded,0,1,1,1,1,1,0,0.00E+00,0.00E+00,0,0,1,0.00E+00,1,1,1,1,1
783,2.06E-01,4,783,Not eroded,0,1,0,0,0,0,6.17E-07,-1.08E-07,1.11E-07,6.37E-07,1.59E-07,0,1.14E-03,1,1,0,0,0
784,2.01E-01,0,784,Not eroded,0,1,0,0,0,0,0,0.00E+00,0.00E+00,0,0,1,0.00E+00,1,1,1,1,1
785,5.80E-02,4,785,Not eroded,0,0,0,0,0,0,-1.11E-07,5.91E-08,-1.38E-07,1.87E-07,4.67E-08,0,3.34E-04,1,1,0,0,0
786,1.99E-01,0,786,Not eroded,0,1,0,0,0,0,0,0.00E+00,0.00E+00,0,0,1,0.00E+00,1,1,1,1,1
787,9.75E-02,5,787,Not eroded,0,0,0,0,0,0,-1.62E-07,9.62E-07,1.73E-07,9.91E-07,1.98E-07,0,1.77E-03,0,1,0,0,0
788,1.38E-01,5,788,Not eroded,0,0,0,0,0,0,-1.49E-06,2.00E-06,3.77E-07,2.52E-06,5.05E-07,0,4.51E-03,0,1,0,0,0
789,2.24E-01,6,789,Not eroded,0,1,1,0,0,0,-8.77E-07,5.05E-07,6.50E-09,1.01E-06,1.69E-07,0,1.81E-03,0,0,0,0,0
790,9.10E-02,3,790,Not eroded,0,0,0,0,0,0,7.60E-07,6.76E-07,7.02E-08,1.02E-06,3.40E-07,1,1.82E-03,1,1,0,0,0
792,1.75E-01,0,792,Not eroded,0,0,0,0,0,0,0,0.00E+00,0.00E+00,0,0,1,0.00E+00,1,1,1,1,1
793,2.37E-01,0,793,Not eroded,0,1,1,1,0,0,0,0.00E+00,0.00E+00,0,0,1,0.00E+00,1,1,1,1,1
794,1.63E-01,4,794,Not eroded,0,0,0,0,0,0,-7.59E-06,2.07E-06,1.22E-06,7.96E-06,1.99E-06,0,1.42E-02,1,1,0,0,0
795,1.49E-01,5,795,Not eroded,0,0,0,0,0,0,2.54E-07,2.86E-07,-2.83E-08,3.83E-07,7.67E-08,0,6.85E-04,0,1,0,0,0
796,8.02E-02,0,796,Not eroded,0,0,0,0,0,0,0,0.00E+00,0.00E+00,0,0,1,0.00E+00,1,1,1,1,1
797,2.30E-01,4,797,Not eroded,0,1,1,0,0,0,3.03E-07,-8.59E-07,-1.47E-09,9.11E-07,2.28E-07,0,1.63E-03,1,1,0,0,0
798,2.49E-01,3,798,Not eroded,0,1,1,1,1,0,3.37E-07,-2.75E-08,4.41E-08,3.41E-07,1.14E-07,1,6.10E-04,1,1,0,0,0
799,7.00E-02,3,799,Not eroded,0,0,0,0,0,0,-1.65E-07,-3.96E-07,2.64E-07,5.03E-07,1.68E-07,1,9.00E-04,1,1,0,0,0
800,6.51E-02,0,800,Not eroded,0,0,0,0,0,0,0,0.00E+00,0.00E+00,0,0,1,0.00E+00,1,1,1,1,1
801,6.62E-02,5,801,Not eroded,0,0,0,0,0,0,2.13E-07,-1.29E-07,1.80E-07,3.07E-07,6.14E-08,0,5.49E-04,0,1,0,0,0
802,3.22E-01,0,802,ERODED,1,1,1,1,1,1,0,0.00E+00,0.00E+00,0,0,1,0.00E+00,1,1,1,1,1
803,5.70E-02,0,803,Not eroded,0,0,0,0,0,0,0,0.00E+00,0.00E+00,0,0,1,0.00E+00,1,1,1,1,1
804,1.52E-01,3,804,Not eroded,0,0,0,0,0,0,6.43E-07,1.62E-07,1.14E-06,1.31E-06,4.38E-07,1,2.34E-03,1,1,0,0,0
805,2.69E-01,0,805,ERODED,1,1,1,1,1,1,0,0.00E+00,0.00E+00,0,0,1,0.00E+00,1,1,1,1,1
806,6.01E-02,6,806,Not eroded,0,0,0,0,0,0,-6.53E-08,-6.08E-08,-9.69E-08,1.32E-07,2.20E-08,0,2.36E-04,0,0,0,0,0
807,2.35E-01,4,807,Not eroded,0,1,1,1,0,0,-5.49E-07,1.17E-07,-4.37E-07,7.11E-07,1.78E-07,0,1.27E-03,1,1,0,0,0
809,2.86E-01,3,809,Not eroded,0,1,1,1,1,1,1.07E-07,-8.40E-07,-2.42E-08,8.47E-07,2.82E-07,1,1.52E-03,1,1,0,0,0
810,9.20E-02,6,810,Not eroded,0,0,0,0,0,0,1.04E-07,1.04E-07,1.97E-07,2.46E-07,4.10E-08,0,4.40E-04,0,0,0,0,0
811,2.43E-01,2,811,Not eroded,0,1,1,1,1,0,-2.34E-07,1.09E-06,5.64E-07,1.25E-06,6.24E-07,1,2.24E-03,1,1,1,0,0
812,1.60E-01,3,812,Not eroded,0,0,0,0,0,0,-7.79E-07,-1.01E-07,3.95E-06,4.03E-06,1.34E-06,1,7.21E-03,1,1,0,0,0
813,8.32E-02,4,813,Not eroded,0,0,0,0,0,0,8.91E-08,1.95E-06,7.49E-07,2.09E-06,5.22E-07,0,3.74E-03,1,1,0,0,0
814,1.95E-01,0,814,Not eroded,0,1,0,0,0,0,0,0.00E+00,0.00E+00,0,0,1,0.00E+00,1,1,1,1,1
815,2.93E-01,0,815,Not eroded,0,1,1,1,1,1,0,0.00E+00,0.00E+00,0,0,1,0.00E+00,1,1,1,1,1
817,2.62E-01,0,817,ERODED,1,1,1,1,1,1,0,0.00E+00,0.00E+00,0,0,1,0.00E+00,1,1,1,1,1
818,2.19E-01,3,818,Not eroded,0,1,0,0,0,0,-4.53E-06,4.05E-06,2.79E-06,6.69E-06,2.23E-06,1,1.20E-02,1,1,0,0,0
819,5.66E-02,0,819,Not eroded,0,0,0,0,0,0,0,0.00E+00,0.00E+00,0,0,1,0.00E+00,1,1,1,1,1
820,2.67E-01,7,820,Not eroded,0,1,1,1,1,1,1.48E-07,1.87E-07,9.33E-08,2.57E-07,3.67E-08,0,4.60E-04,0,0,0,0,0
821,7.24E-02,3,821,Not eroded,0,0,0,0,0,0,6.55E-07,4.77E-07,9.05E-09,8.10E-07,2.70E-07,1,1.45E-03,1,1,0,0,0
822,1.14E-01,5,822,Not eroded,0,0,0,0,0,0,1.75E-07,-3.64E-09,2.50E-07,3.05E-07,6.10E-08,0,5.46E-04,0,1,0,0,0
823,7.63E-02,4,823,Not eroded,0,0,0,0,0,0,1.17E-06,5.51E-08,3.16E-07,1.22E-06,3.04E-07,0,2.18E-03,1,1,0,0,0
824,1.23E-01,6,824,Not eroded,0,0,0,0,0,0,-8.48E-07,5.10E-07,4.45E-07,1.09E-06,1.81E-07,0,1.95E-03,0,0,0,0,0
825,1.93E-01,5,825,Not eroded,0,1,0,0,0,0,2.26E-08,-7.70E-07,3.12E-07,8.31E-07,1.66E-07,0,1.49E-03,0,1,0,0,0
826,1.34E-01,6,826,Not eroded,0,0,0,0,0,0,2.62E-07,1.14E-07,2.18E-07,3.60E-07,6.00E-08,0,6.44E-04,0,0,0,0,0
827,1.55E-01,5,827,Not eroded,0,0,0,0,0,0,7.58E-08,-5.09E-08,1.75E-07,1.98E-07,3.95E-08,0,3.54E-04,0,1,0,0,0
828,2.10E-01,5,828,Not eroded,0,1,0,0,0,0,1.54E-06,5.43E-07,2.94E-07,1.66E-06,3.31E-07,0,2.97E-03,0,1,0,0,0
829,2.54E-01,7,829,Not eroded,0,1,1,1,1,1,1.45E-07,2.88E-07,-2.56E-08,3.23E-07,4.62E-08,0,5.78E-04,0,0,0,0,0
830,8.89E-02,4,830,Not eroded,0,0,0,0,0,0,5.62E-07,-2.08E-07,1.16E-06,1.31E-06,3.27E-07,0,2.34E-03,1,1,0,0,0
831,1.42E-01,4,831,Not eroded,0,0,0,0,0,0,3.67E-06,5.43E-06,4.86E-06,8.16E-06,2.04E-06,0,1.46E-02,1,1,0,0,0
832,1.06E-01,5,832,Not eroded,0,0,0,0,0,0,2.70E-07,-4.76E-07,9.51E-07,1.10E-06,2.19E-07,0,1.97E-03,0,1,0,0,0
833,2.71E-01,0,833,ERODED,1,1,1,1,1,1,0,0.00E+00,0.00E+00,0,0,1,0.00E+00,1,1,1,1,1
834,1.40E-01,6,834,Not eroded,0,0,0,0,0,0,-2.00E-07,-3.92E-07,2.63E-07,5.13E-07,8.55E-08,0,9.18E-04,0,0,0,0,0
835,1.16E-01,3,835,Not eroded,0,0,0,0,0,0,-1.03E-07,-3.80E-07,2.74E-07,4.80E-07,1.60E-07,1,8.59E-04,1,1,0,0,0
836,7.56E-02,4,836,Not eroded,0,0,0,0,0,0,3.94E-09,-6.31E-07,-7.63E-08,6.35E-07,1.59E-07,0,1.14E-03,1,1,0,0,0
837,1.55E-01,5,837,Not eroded,0,0,0,0,0,0,-7.20E-08,1.58E-07,2.66E-07,3.18E-07,6.36E-08,0,5.69E-04,0,1,0,0,0
838,2.07E-01,3,838,Not eroded,0,1,0,0,0,0,-4.05E-07,-2.39E-06,1.62E-06,2.91E-06,9.71E-07,1,5.21E-03,1,1,0,0,0
839,7.90E-02,5,839,Not eroded,0,0,0,0,0,0,2.33E-07,-8.31E-09,2.83E-07,3.67E-07,7.33E-08,0,6.56E-04,0,1,0,0,0
841,1.55E-01,6,841,Not eroded,0,0,0,0,0,0,4.98E-08,1.59E-07,1.23E-07,2.07E-07,3.45E-08,0,3.70E-04,0,0,0,0,0
842,9.13E-02,2,842,Not eroded,0,0,0,0,0,0,9.17E-07,-6.64E-07,-9.39E-07,1.47E-06,7.35E-07,1,2.63E-03,1,1,1,0,0
843,1.26E-01,7,843,Not eroded,0,0,0,0,0,0,-2.32E-07,1.73E-06,2.02E-07,1.76E-06,2.51E-07,0,3.15E-03,0,0,0,0,0
844,1.08E-01,4,844,Not eroded,0,0,0,0,0,0,-6.66E-08,2.62E-08,2.32E-07,2.43E-07,6.07E-08,0,4.35E-04,1,1,0,0,0
845,2.43E-01,2,845,Not eroded,0,1,1,1,1,0,8.86E-08,-7.98E-07,-1.44E-07,8.15E-07,4.08E-07,1,1.46E-03,1,1,1,0,0
846,2.50E-01,4,846,Not eroded,0,1,1,1,1,0,2.52E-07,-5.31E-07,-1.62E-06,1.72E-06,4.31E-07,0,3.08E-03,1,1,0,0,0
847,2.32E-01,0,847,Not eroded,0,1,1,1,0,0,0,0.00E+00,0.00E+00,0,0,1,0.00E+00,1,1,1,1,1
848,2.32E-01,4,848,Not eroded,0,1,1,1,0,0,6.10E-07,-8.71E-07,2.54E-07,1.09E-06,2.73E-07,0,1.95E-03,1,1,0,0,0
849,2.69E-01,3,849,Not eroded,0,1,1,1,1,1,3.89E-07,5.01E-07,-5.61E-08,6.37E-07,2.12E-07,1,1.14E-03,1,1,0,0,0
850,1.77E-01,0,850,Not eroded,0,0,0,0,0,0,0,0.00E+00,0.00E+00,0,0,1,0.00E+00,1,1,1,1,1
851,2.39E-01,6,851,Not eroded,0,1,1,1,0,0,1.23E-05,-1.72E-05,5.67E-06,2.19E-05,3.64E-06,0,3.92E-02,0,0,0,0,0
852,1.68E-01,3,852,Not eroded,0,0,0,0,0,0,2.83E-07,5.33E-07,-1.36E-08,6.04E-07,2.01E-07,1,1.08E-03,1,1,0,0,0
853,2.18E-01,0,853,Not eroded,0,1,0,0,0,0,0,0.00E+00,0.00E+00,0,0,1,0.00E+00,1,1,1,1,1
854,1.76E-01,2,854,Not eroded,0,0,0,0,0,0,-5.39E-08,2.57E-07,2.29E-07,3.49E-07,1.74E-07,1,6.24E-04,1,1,1,0,0
855,7.91E-02,3,855,Not eroded,0,0,0,0,0,0,-2.72E-07,6.08E-08,3.63E-08,2.81E-07,9.38E-08,1,5.03E-04,1,1,0,0,0
856,2.05E-01,4,856,Not eroded,0,1,0,0,0,0,4.86E-07,-4.80E-08,2.01E-07,5.28E-07,1.32E-07,0,9.44E-04,1,1,0,0,0
857,6.62E-02,3,857,Not eroded,0,0,0,0,0,0,-2.51E-07,-8.76E-08,-1.10E-07,2.88E-07,9.59E-08,1,5.15E-04,1,1,0,0,0
859,7.50E-02,4,859,Not eroded,0,0,0,0,0,0,1.05E-07,3.36E-08,1.35E-06,1.35E-06,3.39E-07,0,2.41E-03,1,1,0,0,0
860,1.88E-01,7,860,Not eroded,0,0,0,0,0,0,-2.32E-07,1.94E-07,-8.03E-08,3.13E-07,4.47E-08,0,5.60E-04,0,0,0,0,0
861,2.40E-01,4,861,Not eroded,0,1,1,1,0,0,2.09E-07,-1.92E-06,3.26E-06,3.79E-06,9.47E-07,0,6.78E-03,1,1,0,0,0
862,2.70E-01,3,862,Not eroded,0,1,1,1,1,1,1.73E-06,1.31E-07,1.83E-06,2.53E-06,8.42E-07,1,4.53E-03,1,1,0,0,0
863,6.46E-02,5,863,Not eroded,0,0,0,0,0,0,1.88E-07,4.37E-07,-8.43E-08,4.83E-07,9.66E-08,0,8.64E-04,0,1,0,0,0
864,1.42E-01,4,864,Not eroded,0,0,0,0,0,0,-9.41E-08,-9.75E-07,6.47E-08,9.82E-07,2.46E-07,0,1.76E-03,1,1,0,0,0
865,2.83E-01,0,865,Not eroded,0,1,1,1,1,1,0,0.00E+00,0.00E+00,0,0,1,0.00E+00,1,1,1,1,1
867,1.01E-01,0,867,Not eroded,0,0,0,0,0,0,0,0.00E+00,0.00E+00,0,0,1,0.00E+00,1,1,1,1,1
868,3.16E-01,0,868,ERODED,1,1,1,1,1,1,0,0.00E+00,0.00E+00,0,0,1,0.00E+00,1,1,1,1,1
869,2.14E-01,0,869,Not eroded,0,1,0,0,0,0,0,0.00E+00,0.00E+00,0,0,1,0.00E+00,1,1,1,1,1
870,6.43E-02,2,870,Not eroded,0,0,0,0,0,0,4.25E-08,1.59E-07,6.22E-09,1.65E-07,8.25E-08,1,2.95E-04,1,1,1,0,0
871,1.56E-01,4,871,Not eroded,0,0,0,0,0,0,8.95E-08,-1.46E-07,-1.30E-07,2.15E-07,5.37E-08,0,3.85E-04,1,1,0,0,0
872,1.13E-01,4,872,Not eroded,0,0,0,0,0,0,1.15E-07,4.96E-07,6.08E-08,5.12E-07,1.28E-07,0,9.16E-04,1,1,0,0,0
873,5.68E-02,3,873,Not eroded,0,0,0,0,0,0,7.24E-08,4.33E-10,-4.91E-08,8.74E-08,2.91E-08,1,1.56E-04,1,1,0,0,0
874,2.70E-01,4,874,Not eroded,0,1,1,1,1,1,2.09E-07,1.70E-07,6.77E-08,2.78E-07,6.96E-08,0,4.97E-04,1,1,0,0,0
875,2.84E-01,3,875,Not eroded,0,1,1,1,1,1,-3.35E-07,-8.19E-08,-5.50E-07,6.49E-07,2.16E-07,1,1.16E-03,1,1,0,0,0
876,2.23E-01,4,876,Not eroded,0,1,1,0,0,0,2.28E-08,-5.80E-08,5.72E-07,5.76E-07,1.44E-07,0,1.03E-03,1,1,0,0,0
877,2.70E-01,0,877,Not eroded,0,1,1,1,1,1,0,0.00E+00,0.00E+00,0,0,1,0.00E+00,1,1,1,1,1
878,1.19E-01,5,878,Not eroded,0,0,0,0,0,0,-1.55E-07,2.19E-07,4.15E-07,4.95E-07,9.89E-08,0,8.85E-04,0,1,0,0,0
879,8.02E-02,4,879,Not eroded,0,0,0,0,0,0,-1.69E-07,-2.81E-07,4.32E-07,5.42E-07,1.36E-07,0,9.69E-04,1,1,0,0,0
880,8.55E-02,3,880,Not eroded,0,0,0,0,0,0,1.12E-07,1.64E-07,2.86E-07,3.48E-07,1.16E-07,1,6.22E-04,1,1,0,0,0
881,1.10E-01,5,881,Not eroded,0,0,0,0,0,0,-5.39E-08,-1.18E-07,1.46E-07,1.95E-07,3.90E-08,0,3.49E-04,0,1,0,0,0
882,2.94E-01,0,882,Not eroded,0,1,1,1,1,1,0,0.00E+00,0.00E+00,0,0,1,0.00E+00,1,1,1,1,1
884,1.91E-01,0,884,Not eroded,0,1,0,0,0,0,0,0.00E+00,0.00E+00,0,0,1,0.00E+00,1,1,1,1,1
885,6.51E-02,6,885,Not eroded,0,0,0,0,0,0,-1.14E-07,-1.23E-07,1.91E-07,2.54E-07,4.24E-08,0,4.54E-04,0,0,0,0,0
886,2.81E-01,4,886,Not eroded,0,1,1,1,1,1,-1.20E-07,1.62E-07,4.05E-08,2.06E-07,5.14E-08,0,3.68E-04,1,1,0,0,0
888,2.29E-01,0,888,Not eroded,0,1,1,0,0,0,0,0.00E+00,0.00E+00,0,0,1,0.00E+00,1,1,1,1,1
889,3.07E-01,0,889,ERODED,1,1,1,1,1,1,0,0.00E+00,0.00E+00,0,0,1,0.00E+00,1,1,1,1,1
890,1.24E-01,4,890,Not eroded,0,0,0,0,0,0,-2.99E-07,6.93E-08,2.86E-07,4.19E-07,1.05E-07,0,7.49E-04,1,1,0,0,0
891,3.09E-01,0,891,ERODED,1,1,1,1,1,1,0,0.00E+00,0.00E+00,0,0,1,0.00E+00,1,1,1,1,1
892,1.32E-01,4,892,Not eroded,0,0,0,0,0,0,1.20E-08,2.58E-08,2.07E-07,2.09E-07,5.23E-08,0,3.74E-04,1,1,0,0,0
893,9.45E-02,0,893,Not eroded,0,0,0,0,0,0,0,0.00E+00,0.00E+00,0,0,1,0.00E+00,1,1,1,1,1
894,2.16E-01,4,894,Not eroded,0,1,0,0,0,0,-5.69E-10,-8.30E-07,2.84E-08,8.30E-07,2.08E-07,0,1.48E-03,1,1,0,0,0
895,2.42E-01,6,895,Not eroded,0,1,1,1,1,0,2.92E-07,1.33E-07,5.09E-08,3.25E-07,5.41E-08,0,5.81E-04,0,0,0,0,0
896,1.40E-01,3,896,Not eroded,0,0,0,0,0,0,2.03E-07,2.88E-07,3.69E-07,5.11E-07,1.70E-07,1,9.14E-04,1,1,0,0,0
897,2.12E-01,5,897,Not eroded,0,1,0,0,0,0,1.42E-07,-7.08E-09,1.91E-07,2.38E-07,4.75E-08,0,4.26E-04,0,1,0,0,0
898,6.25E-02,4,898,Not eroded,0,0,0,0,0,0,-8.78E-08,-1.89E-07,-1.43E-07,2.53E-07,6.32E-08,0,4.53E-04,1,1,0,0,0
899,1.34E-01,4,899,Not eroded,0,0,0,0,0,0,-1.26E-07,1.56E-07,-9.44E-08,2.22E-07,5.54E-08,0,3.97E-04,1,1,0,0,0
900,1.18E-01,2,900,Not eroded,0,0,0,0,0,0,4.63E-08,1.30E-07,1.26E-07,1.87E-07,9.35E-08,1,3.34E-04,1,1,1,0,0
901,1.69E-01,0,901,Not eroded,0,0,0,0,0,0,0,0.00E+00,0.00E+00,0,0,1,0.00E+00,1,1,1,1,1
902,2.56E-01,0,902,Not eroded,0,1,1,1,1,1,0,0.00E+00,0.00E+00,0,0,1,0.00E+00,1,1,1,1,1
903,1.11E-01,0,903,Not eroded,0,0,0,0,0,0,0,0.00E+00,0.00E+00,0,0,1,0.00E+00,1,1,1,1,1
904,2.73E-01,0,904,ERODED,1,1,1,1,1,1,0,0.00E+00,0.00E+00,0,0,1,0.00E+00,1,1,1,1,1
905,1.38E-01,3,905,Not eroded,0,0,0,0,0,0,1.08E-05,-2.73E-06,2.84E-06,1.15E-05,3.83E-06,1,2.06E-02,1,1,0,0,0
906,1.28E-01,5,906,Not eroded,0,0,0,0,0,0,2.67E-08,-7.08E-08,2.18E-07,2.30E-07,4.61E-08,0,4.11E-04,0,1,0,0,0
907,2.88E-01,4,907,Not eroded,0,1,1,1,1,1,1.89E-08,-1.38E-08,2.04E-07,2.05E-07,5.14E-08,0,3.67E-04,1,1,0,0,0
908,1.49E-01,4,908,Not eroded,0,0,0,0,0,0,1.78E-07,-5.09E-08,1.73E-07,2.53E-07,6.33E-08,0,4.53E-04,1,1,0,0,0
909,1.74E-01,3,909,Not eroded,0,0,0,0,0,0,-1.49E-07,2.18E-06,1.82E-06,2.85E-06,9.48E-07,1,5.10E-03,1,1,0,0,0
910,9.97E-02,0,910,Not eroded,0,0,0,0,0,0,0,0.00E+00,0.00E+00,0,0,1,0.00E+00,1,1,1,1,1
911,8.99E-02,4,911,Not eroded,0,0,0,0,0,0,-4.94E-08,8.19E-08,3.99E-07,4.11E-07,1.03E-07,0,7.35E-04,1,1,0,0,0
913,7.24E-02,5,913,Not eroded,0,0,0,0,0,0,-3.23E-07,-1.40E-07,-2.96E-07,4.60E-07,9.20E-08,0,8.23E-04,0,1,0,0,0
914,1.82E-01,3,914,Not eroded,0,0,0,0,0,0,1.28E-08,-6.67E-07,-2.14E-08,6.68E-07,2.23E-07,1,1.19E-03,1,1,0,0,0
917,6.41E-02,6,917,Not eroded,0,0,0,0,0,0,3.94E-07,-1.43E-08,-2.01E-07,4.42E-07,7.37E-08,0,7.91E-04,0,0,0,0,0
918,1.26E-01,3,918,Not eroded,0,0,0,0,0,0,5.42E-08,1.79E-07,1.49E-07,2.40E-07,7.99E-08,1,4.29E-04,1,1,0,0,0
919,7.93E-02,6,919,Not eroded,0,0,0,0,0,0,-2.24E-07,9.35E-08,4.71E-07,5.30E-07,8.84E-08,0,9.48E-04,0,0,0,0,0
920,1.45E-01,5,920,Not eroded,0,0,0,0,0,0,-2.72E-08,-4.56E-08,1.51E-07,1.60E-07,3.21E-08,0,2.86E-04,0,1,0,0,0
921,1.87E-01,4,921,Not eroded,0,0,0,0,0,0,6.08E-07,-2.02E-07,6.66E-07,9.24E-07,2.31E-07,0,1.65E-03,1,1,0,0,0
922,8.36E-02,0,922,Not eroded,0,0,0,0,0,0,0,0.00E+00,0.00E+00,0,0,1,0.00E+00,1,1,1,1,1
923,2.07E-01,0,923,Not eroded,0,1,0,0,0,0,0,0.00E+00,0.00E+00,0,0,1,0.00E+00,1,1,1,1,1
924,2.78E-01,0,924,Not eroded,0,1,1,1,1,1,0,0.00E+00,0.00E+00,0,0,1,0.00E+00,1,1,1,1,1
925,1.62E-01,3,925,Not eroded,0,0,0,0,0,0,-1.24E-07,-2.15E-07,7.20E-07,7.62E-07,2.54E-07,1,1.36E-03,1,1,0,0,0
926,1.97E-01,0,926,Not eroded,0,1,0,0,0,0,0,0.00E+00,0.00E+00,0,0,1,0.00E+00,1,1,1,1,1
927,6.37E-02,6,927,Not eroded,0,0,0,0,0,0,-7.24E-08,2.83E-08,-1.58E-07,1.76E-07,2.93E-08,0,3.15E-04,0,0,0,0,0
928,3.08E-01,2,928,Not eroded,0,1,1,1,1,1,-1.16E-07,-8.53E-08,-8.16E-08,1.66E-07,8.28E-08,1,2.97E-04,1,1,1,0,0
929,5.66E-02,0,929,Not eroded,0,0,0,0,0,0,0,0.00E+00,0.00E+00,0,0,1,0.00E+00,1,1,1,1,1
930,1.32E-01,4,930,Not eroded,0,0,0,0,0,0,1.17E-07,2.86E-08,-9.61E-08,1.54E-07,3.85E-08,0,2.75E-04,1,1,0,0,0
932,1.35E-01,4,932,Not eroded,0,0,0,0,0,0,5.74E-08,5.07E-08,-7.00E-08,1.04E-07,2.59E-08,0,1.86E-04,1,1,0,0,0
933,1.63E-01,4,933,Not eroded,0,0,0,0,0,0,3.28E-07,-1.70E-07,-6.26E-10,3.70E-07,9.25E-08,0,6.62E-04,1,1,0,0,0
934,2.46E-01,4,934,Not eroded,0,1,1,1,1,0,1.72E-07,8.26E-08,-2.92E-09,1.91E-07,4.76E-08,0,3.42E-04,1,1,0,0,0
935,1.12E-01,0,935,Not eroded,0,0,0,0,0,0,0,0.00E+00,0.00E+00,0,0,1,0.00E+00,1,1,1,1,1
936,3.21E-01,0,936,ERODED,1,1,1,1,1,1,0,0.00E+00,0.00E+00,0,0,1,0.00E+00,1,1,1,1,1
937,1.47E-01,6,937,Not eroded,0,0,0,0,0,0,1.04E-06,1.14E-07,2.69E-07,1.08E-06,1.81E-07,0,1.93E-03,0,0,0,0,0
938,1.92E-01,5,938,Not eroded,0,1,0,0,0,0,-9.35E-08,-3.03E-07,-7.51E-08,3.26E-07,6.52E-08,0,5.83E-04,0,1,0,0,0
939,2.96E-01,4,939,Not eroded,0,1,1,1,1,1,2.34E-06,2.58E-06,-9.33E-07,3.60E-06,9.01E-07,0,6.44E-03,1,1,0,0,0
940,2.01E-01,4,940,Not eroded,0,1,0,0,0,0,2.88E-07,-9.45E-07,3.28E-07,1.04E-06,2.60E-07,0,1.86E-03,1,1,0,0,0
941,2.92E-01,5,941,Not eroded,0,1,1,1,1,1,2.33E-07,3.29E-06,2.48E-07,3.31E-06,6.61E-07,0,5.92E-03,0,1,0,0,0
942,3.15E-01,0,942,ERODED,1,1,1,1,1,1,0,0.00E+00,0.00E+00,0,0,1,0.00E+00,1,1,1,1,1
943,1.01E-01,3,943,Not eroded,0,0,0,0,0,0,2.42E-07,1.83E-07,-7.83E-08,3.14E-07,1.05E-07,1,5.62E-04,1,1,0,0,0
944,2.69E-01,4,944,Not eroded,0,1,1,1,1,1,-2.37E-07,1.03E-07,-4.55E-07,5.24E-07,1.31E-07,0,9.37E-04,1,1,0,0,0
947,1.45E-01,4,947,Not eroded,0,0,0,0,0,0,-3.09E-07,3.23E-07,2.40E-07,5.08E-07,1.27E-07,0,9.09E-04,1,1,0,0,0
948,1.38E-01,4,948,Not eroded,0,0,0,0,0,0,6.70E-07,2.81E-07,-3.96E-07,8.27E-07,2.07E-07,0,1.48E-03,1,1,0,0,0
949,1.50E-01,4,949,Not eroded,0,0,0,0,0,0,1.47E-07,1.65E-07,2.14E-07,3.08E-07,7.69E-08,0,5.51E-04,1,1,0,0,0
950,2.69E-01,4,950,Not eroded,0,1,1,1,1,1,-1.28E-06,3.05E-07,4.88E-06,5.06E-06,1.26E-06,0,9.05E-03,1,1,0,0,0
951,2.19E-01,3,951,Not eroded,0,1,0,0,0,0,-1.61E-07,-8.90E-07,1.05E-09,9.04E-07,3.01E-07,1,1.62E-03,1,1,0,0,0
952,5.66E-02,2,952,Not eroded,0,0,0,0,0,0,3.89E-08,2.21E-07,-1.34E-06,1.36E-06,6.81E-07,1,2.43E-03,1,1,1,0,0
953,1.74E-01,5,953,Not eroded,0,0,0,0,0,0,1.82E-07,8.55E-08,1.68E-07,2.62E-07,5.24E-08,0,4.69E-04,0,1,0,0,0
954,3.23E-01,0,954,ERODED,1,1,1,1,1,1,0,0.00E+00,0.00E+00,0,0,1,0.00E+00,1,1,1,1,1
955,2.85E-01,1,955,ERODED,1,1,1,1,1,1,0.000183628,1.90E-04,2.67E-05,0.000265627,0.000265627,1,4.75E-01,1,1,1,1,0
956,2.26E-01,2,956,Not eroded,0,1,1,0,0,0,9.57E-07,-1.14E-07,7.94E-07,1.25E-06,6.24E-07,1,2.24E-03,1,1,1,0,0
957,1.91E-01,0,957,Not eroded,0,1,0,0,0,0,0,0.00E+00,0.00E+00,0,0,1,0.00E+00,1,1,1,1,1
958,2.41E-01,3,958,Not eroded,0,1,1,1,1,0,-1.27E-08,1.50E-08,6.57E-07,6.57E-07,2.19E-07,1,1.18E-03,1,1,0,0,0
959,1.13E-01,4,959,Not eroded,0,0,0,0,0,0,-2.63E-05,-1.30E-05,2.32E-05,3.74E-05,9.35E-06,0,6.69E-02,1,1,0,0,0
960,1.92E-01,5,960,Not eroded,0,1,0,0,0,0,2.42E-06,4.29E-07,6.68E-07,2.54E-06,5.09E-07,0,4.54E-03,0,1,0,0,0
962,2.82E-01,6,962,Not eroded,0,1,1,1,1,1,1.46E-08,1.82E-07,-3.55E-07,3.99E-07,6.66E-08,0,7.14E-04,0,0,0,0,0
963,2.96E-01,3,963,Not eroded,0,1,1,1,1,1,7.81E-08,-1.03E-07,1.99E-07,2.37E-07,7.91E-08,1,4.24E-04,1,1,0,0,0
964,7.55E-02,5,964,Not eroded,0,0,0,0,0,0,-1.97E-08,1.47E-06,-3.84E-07,1.52E-06,3.05E-07,0,2.72E-03,0,1,0,0,0
965,1.45E-01,4,965,Not eroded,0,0,0,0,0,0,-1.18E-07,-1.18E-07,-1.78E-07,2.44E-07,6.09E-08,0,4.36E-04,1,1,0,0,0
966,9.28E-02,3,966,Not eroded,0,0,0,0,0,0,8.08E-08,-5.71E-07,3.54E-06,3.58E-06,1.19E-06,1,6.40E-03,1,1,0,0,0
967,5.66E-02,3,967,Not eroded,0,0,0,0,0,0,1.60E-07,8.97E-07,-1.34E-06,1.62E-06,5.39E-07,1,2.90E-03,1,1,0,0,0
968,9.38E-02,0,968,Not eroded,0,0,0,0,0,0,0,0.00E+00,0.00E+00,0,0,1,0.00E+00,1,1,1,1,1
969,7.15E-02,3,969,Not eroded,0,0,0,0,0,0,8.37E-08,-6.70E-07,-7.46E-08,6.79E-07,2.26E-07,1,1.21E-03,1,1,0,0,0
970,2.14E-01,0,970,Not eroded,0,1,0,0,0,0,0,0.00E+00,0.00E+00,0,0,1,0.00E+00,1,1,1,1,1
971,1.63E-01,0,971,Not eroded,0,0,0,0,0,0,0,0.00E+00,0.00E+00,0,0,1,0.00E+00,1,1,1,1,1
972,2.87E-01,0,972,Not eroded,0,1,1,1,1,1,0,0.00E+00,0.00E+00,0,0,1,0.00E+00,1,1,1,1,1
973,5.69E-02,0,973,Not eroded,0,0,0,0,0,0,0,0.00E+00,0.00E+00,0,0,1,0.00E+00,1,1,1,1,1
974,5.66E-02,4,974,Not eroded,0,0,0,0,0,0,-4.41E-08,7.25E-07,-1.15E-06,1.36E-06,3.41E-07,0,2.43E-03,1,1,0,0,0
975,1.75E-01,3,975,Not eroded,0,0,0,0,0,0,4.65E-07,3.04E-07,1.78E-08,5.56E-07,1.85E-07,1,9.95E-04,1,1,0,0,0
976,9.97E-02,5,976,Not eroded,0,0,0,0,0,0,-9.44E-08,5.57E-08,1.79E-07,2.10E-07,4.19E-08,0,3.76E-04,0,1,0,0,0
978,2.92E-01,3,978,Not eroded,0,1,1,1,1,1,4.14E-07,4.29E-06,-3.28E-06,5.42E-06,1.81E-06,1,9.69E-03,1,1,0,0,0
980,2.68E-01,2,980,Not eroded,0,1,1,1,1,1,-1.43E-06,-8.41E-07,7.65E-07,1.82E-06,9.12E-07,1,3.26E-03,1,1,1,0,0
981,2.87E-01,3,981,Not eroded,0,1,1,1,1,1,2.04E-07,1.54E-06,1.43E-06,2.11E-06,7.03E-07,1,3.77E-03,1,1,0,0,0
983,2.54E-01,0,983,Not eroded,0,1,1,1,1,1,0,0.00E+00,0.00E+00,0,0,1,0.00E+00,1,1,1,1,1
984,1.03E-01,0,984,Not eroded,0,0,0,0,0,0,0,0.00E+00,0.00E+00,0,0,1,0.00E+00,1,1,1,1,1
985,1.28E-01,4,985,Not eroded,0,0,0,0,0,0,1.17E-08,-9.34E-07,-4.22E-08,9.35E-07,2.34E-07,0,1.67E-03,1,1,0,0,0
986,2.34E-01,4,986,Not eroded,0,1,1,1,0,0,4.74E-06,1.11E-06,-2.77E-06,5.60E-06,1.40E-06,0,1.00E-02,1,1,0,0,0
987,2.97E-01,0,987,ERODED,1,1,1,1,1,1,0,0.00E+00,0.00E+00,0,0,1,0.00E+00,1,1,1,1,1
988,1.91E-01,0,988,Not eroded,0,0,0,0,0,0,0,0.00E+00,0.00E+00,0,0,1,0.00E+00,1,1,1,1,1
989,2.41E-01,0,989,Not eroded,0,1,1,1,1,0,0,0.00E+00,0.00E+00,0,0,1,0.00E+00,1,1,1,1,1
990,1.54E-01,0,990,Not eroded,0,0,0,0,0,0,0,0.00E+00,0.00E+00,0,0,1,0.00E+00,1,1,1,1,1
991,1.87E-01,2,991,Not eroded,0,0,0,0,0,0,-2.36E-08,-2.55E-08,9.06E-08,9.71E-08,4.85E-08,1,1.74E-04,1,1,1,0,0
992,2.21E-01,4,992,Not eroded,0,1,1,0,0,0,1.40E-07,-1.67E-07,3.13E-07,3.81E-07,9.53E-08,0,6.81E-04,1,1,0,0,0
993,2.86E-01,3,993,Not eroded,0,1,1,1,1,1,3.55E-07,4.87E-07,2.48E-07,6.52E-07,2.17E-07,1,1.17E-03,1,1,0,0,0
994,2.92E-01,6,994,Not eroded,0,1,1,1,1,1,-6.72E-08,2.39E-08,4.79E-07,4.85E-07,8.08E-08,0,8.68E-04,0,0,0,0,0
995,8.96E-02,5,995,Not eroded,0,0,0,0,0,0,-6.97E-07,-1.02E-07,-2.02E-07,7.33E-07,1.47E-07,0,1.31E-03,0,1,0,0,0
996,3.14E-01,4,996,Not eroded,0,1,1,1,1,1,-2.66E-07,1.10E-06,3.96E-08,1.14E-06,2.84E-07,0,2.04E-03,1,1,0,0,0
997,5.66E-02,2,997,Not eroded,0,0,0,0,0,0,2.18E-07,-7.21E-07,-1.57E-06,1.74E-06,8.69E-07,1,3.11E-03,1,1,1,0,0
998,9.23E-02,3,998,Not eroded,0,0,0,0,0,0,-2.40E-07,-1.05E-06,-1.99E-07,1.10E-06,3.67E-07,1,1.97E-03,1,1,0,0,0
999,1.22E-01,4,999,Not eroded,0,0,0,0,0,0,-5.63E-08,5.47E-07,1.92E-07,5.83E-07,1.46E-07,0,1.04E-03,1,1,0,0,0
1000,2.75E-01,0,1000,ERODED,1,1,1,1,1,1,0,0.00E+00,0.00E+00,0,0,1,0.00E+00,1,1,1,1,1
1001,2.66E-01,3,1001,Not eroded,0,1,1,1,1,1,1.49E-07,1.75E-07,1.44E-07,2.71E-07,9.04E-08,1,4.85E-04,1,1,0,0,0
1002,1.85E-01,5,1002,Not eroded,0,0,0,0,0,0,-1.23E-07,4.76E-07,1.06E-07,5.03E-07,1.01E-07,0,9.00E-04,0,1,0,0,0
1003,9.43E-02,4,1003,Not eroded,0,0,0,0,0,0,1.67E-07,-6.55E-07,3.79E-07,7.75E-07,1.94E-07,0,1.39E-03,1,1,0,0,0
1004,7.52E-02,0,1004,Not eroded,0,0,0,0,0,0,0,0.00E+00,0.00E+00,0,0,1,0.00E+00,1,1,1,1,1
1005,1.57E-01,4,1005,Not eroded,0,0,0,0,0,0,1.80E-07,-6.62E-07,2.22E-07,7.21E-07,1.80E-07,0,1.29E-03,1,1,0,0,0
1006,2.72E-01,6,1006,Not eroded,0,1,1,1,1,1,-5.57E-07,3.01E-06,1.90E-06,3.61E-06,6.01E-07,0,6.46E-03,0,0,0,0,0
1007,2.87E-01,5,1007,Not eroded,0,1,1,1,1,1,-1.76E-07,2.59E-07,7.81E-08,3.23E-07,6.46E-08,0,5.78E-04,0,1,0,0,0
1008,1.23E-01,3,1008,Not eroded,0,0,0,0,0,0,-8.09E-07,1.49E-06,1.97E-06,2.60E-06,8.67E-07,1,4.65E-03,1,1,0,0,0
1010,2.37E-01,0,1010,Not eroded,0,1,1,1,0,0,0,0.00E+00,0.00E+00,0,0,1,0.00E+00,1,1,1,1,1
1011,1.95E-01,3,1011,Not eroded,0,1,0,0,0,0,-1.01E-06,2.56E-06,-2.82E-07,2.77E-06,9.23E-07,1,4.95E-03,1,1,0,0,0
1012,1.84E-01,0,1012,Not eroded,0,0,0,0,0,0,0,0.00E+00,0.00E+00,0,0,1,0.00E+00,1,1,1,1,1
1013,8.50E-02,5,1013,Not eroded,0,0,0,0,0,0,-4.36E-08,-2.00E-07,-1.85E-07,2.76E-07,5.52E-08,0,4.94E-04,0,1,0,0,0
1014,9.17E-02,3,1014,Not eroded,0,0,0,0,0,0,2.92E-07,8.27E-08,-4.44E-08,3.06E-07,1.02E-07,1,5.47E-04,1,1,0,0,0
1015,1.57E-01,0,1015,Not eroded,0,0,0,0,0,0,0,0.00E+00,0.00E+00,0,0,1,0.00E+00,1,1,1,1,1
1016,2.35E-01,5,1016,Not eroded,0,1,1,1,0,0,2.75E-07,4.25E-08,1.64E-07,3.23E-07,6.46E-08,0,5.78E-04,0,1,0,0,0
1017,1.42E-01,5,1017,Not eroded,0,0,0,0,0,0,-4.17E-06,-2.94E-06,3.47E-06,6.18E-06,1.24E-06,0,1.11E-02,0,1,0,0,0
1018,2.02E-01,0,1018,Not eroded,0,1,0,0,0,0,0,0.00E+00,0.00E+00,0,0,1,0.00E+00,1,1,1,1,1
1019,2.84E-01,4,1019,Not eroded,0,1,1,1,1,1,1.04E-07,-5.11E-07,-4.35E-07,6.79E-07,1.70E-07,0,1.21E-03,1,1,0,0,0
1020,5.66E-02,3,1020,Not eroded,0,0,0,0,0,0,3.31E-07,1.15E-07,-1.53E-06,1.56E-06,5.22E-07,1,2.79E-03,1,1,0,0,0
1021,2.23E-01,0,1021,Not eroded,0,1,1,0,0,0,0,0.00E+00,0.00E+00,0,0,1,0.00E+00,1,1,1,1,1
1022,2.45E-01,0,1022,Not eroded,0,1,1,1,1,0,0,0.00E+00,0.00E+00,0,0,1,0.00E+00,1,1,1,1,1
1023,1.68E-01,5,1023,Not eroded,0,0,0,0,0,0,-2.59E-08,-7.11E-08,2.39E-07,2.51E-07,5.01E-08,0,4.49E-04,0,1,0,0,0
1024,1.32E-01,0,1024,Not eroded,0,0,0,0,0,0,0,0.00E+00,0.00E+00,0,0,1,0.00E+00,1,1,1,1,1
1025,1.51E-01,0,1025,Not eroded,0,0,0,0,0,0,0,0.00E+00,0.00E+00,0,0,1,0.00E+00,1,1,1,1,1
1026,1.90E-01,4,1026,Not eroded,0,0,0,0,0,0,-1.77E-07,-4.23E-08,6.51E-07,6.76E-07,1.69E-07,0,1.21E-03,1,1,0,0,0
1027,1.69E-01,5,1027,Not eroded,0,0,0,0,0,0,2.80E-07,-1.30E-07,2.67E-07,4.08E-07,8.16E-08,0,7.30E-04,0,1,0,0,0
1028,2.97E-01,0,1028,Not eroded,0,1,1,1,1,1,0,0.00E+00,0.00E+00,0,0,1,0.00E+00,1,1,1,1,1
1029,2.37E-01,6,1029,Not eroded,0,1,1,1,0,0,-4.22E-07,-5.00E-06,8.30E-06,9.70E-06,1.62E-06,0,1.74E-02,0,0,0,0,0
1030,2.68E-01,3,1030,Not eroded,0,1,1,1,1,1,2.77E-07,-3.36E-07,-1.97E-07,4.78E-07,1.59E-07,1,8.55E-04,1,1,0,0,0
1031,2.83E-01,4,1031,Not eroded,0,1,1,1,1,1,-3.12E-06,9.91E-06,5.31E-06,1.17E-05,2.92E-06,0,2.09E-02,1,1,0,0,0
1033,7.29E-02,5,1033,Not eroded,0,0,0,0,0,0,-1.69E-07,2.58E-07,-2.31E-07,3.85E-07,7.70E-08,0,6.89E-04,0,1,0,0,0
1034,2.49E-01,4,1034,Not eroded,0,1,1,1,1,0,5.58E-07,7.59E-07,1.39E-06,1.68E-06,4.20E-07,0,3.01E-03,1,1,0,0,0
1036,1.90E-01,0,1036,Not eroded,0,0,0,0,0,0,0,0.00E+00,0.00E+00,0,0,1,0.00E+00,1,1,1,1,1
1037,5.67E-02,0,1037,Not eroded,0,0,0,0,0,0,0,0.00E+00,0.00E+00,0,0,1,0.00E+00,1,1,1,1,1
1038,3.20E-01,0,1038,ERODED,1,1,1,1,1,1,0,0.00E+00,0.00E+00,0,0,1,0.00E+00,1,1,1,1,1
1041,2.97E-01,6,1041,Not eroded,0,1,1,1,1,1,-3.45E-06,-3.43E-06,-1.24E-06,5.02E-06,8.37E-07,0,8.98E-03,0,0,0,0,0
1042,2.81E-01,0,1042,Not eroded,0,1,1,1,1,1,0,0.00E+00,0.00E+00,0,0,1,0.00E+00,1,1,1,1,1
1043,3.25E-01,0,1043,ERODED,1,1,1,1,1,1,0,0.00E+00,0.00E+00,0,0,1,0.00E+00,1,1,1,1,1
1044,1.56E-01,3,1044,Not eroded,0,0,0,0,0,0,7.50E-09,3.31E-07,4.10E-07,5.27E-07,1.76E-07,1,9.43E-04,1,1,0,0,0
1045,1.87E-01,0,1045,Not eroded,0,0,0,0,0,0,0,0.00E+00,0.00E+00,0,0,1,0.00E+00,1,1,1,1,1
1046,2.80E-01,0,1046,Not eroded,0,1,1,1,1,1,0,0.00E+00,0.00E+00,0,0,1,0.00E+00,1,1,1,1,1
1047,5.81E-02,2,1047,Not eroded,0,0,0,0,0,0,6.85E-08,7.14E-08,-7.71E-08,1.25E-07,6.27E-08,1,2.24E-04,1,1,1,0,0
1049,9.57E-02,5,1049,Not eroded,0,0,0,0,0,0,1.76E-07,3.67E-09,-1.98E-07,2.65E-07,5.30E-08,0,4.74E-04,0,1,0,0,0
1050,1.07E-01,6,1050,Not eroded,0,0,0,0,0,0,4.77E-07,2.81E-08,-2.22E-07,5.26E-07,8.77E-08,0,9.41E-04,0,0,0,0,0
1051,8.98E-02,5,1051,Not eroded,0,0,0,0,0,0,1.85E-06,-8.79E-07,1.60E-06,2.60E-06,5.21E-07,0,4.65E-03,0,1,0,0,0
1053,1.34E-01,4,1053,Not eroded,0,0,0,0,0,0,1.78E-08,-3.08E-07,-3.07E-08,3.10E-07,7.75E-08,0,5.54E-04,1,1,0,0,0
1056,3.16E-01,0,1056,ERODED,1,1,1,1,1,1,0,0.00E+00,0.00E+00,0,0,1,0.00E+00,1,1,1,1,1
1057,1.38E-01,4,1057,Not eroded,0,0,0,0,0,0,2.73E-06,3.96E-06,8.39E-06,9.67E-06,2.42E-06,0,1.73E-02,1,1,0,0,0
1058,2.98E-01,4,1058,Not eroded,0,1,1,1,1,1,3.90E-06,-2.15E-06,-2.05E-06,4.90E-06,1.22E-06,0,8.76E-03,1,1,0,0,0
1059,2.71E-01,0,1059,Not eroded,0,1,1,1,1,1,0,0.00E+00,0.00E+00,0,0,1,0.00E+00,1,1,1,1,1
1061,2.76E-01,0,1061,Not eroded,0,1,1,1,1,1,0,0.00E+00,0.00E+00,0,0,1,0.00E+00,1,1,1,1,1
1062,1.88E-01,0,1062,Not eroded,0,0,0,0,0,0,0,0.00E+00,0.00E+00,0,0,1,0.00E+00,1,1,1,1,1
1064,7.49E-02,4,1064,Not eroded,0,0,0,0,0,0,1.49E-07,4.96E-08,-7.01E-08,1.72E-07,4.29E-08,0,3.08E-04,1,1,0,0,0
1065,1.73E-01,0,1065,Not eroded,0,0,0,0,0,0,0,0.00E+00,0.00E+00,0,0,1,0.00E+00,1,1,1,1,1
1066,2.40E-01,5,1066,Not eroded,0,1,1,1,0,0,-9.12E-08,-2.14E-08,-9.73E-09,9.42E-08,1.88E-08,0,1.68E-04,0,1,0,0,0
1067,2.74E-01,0,1067,ERODED,1,1,1,1,1,1,0,0.00E+00,0.00E+00,0,0,1,0.00E+00,1,1,1,1,1
1069,2.75E-01,2,1069,Not eroded,0,1,1,1,1,1,1.36E-07,-3.59E-07,3.71E-07,5.34E-07,2.67E-07,1,9.55E-04,1,1,1,0,0
1070,2.83E-01,0,1070,ERODED,1,1,1,1,1,1,0,0.00E+00,0.00E+00,0,0,1,0.00E+00,1,1,1,1,1
1071,1.04E-01,4,1071,Not eroded,0,0,0,0,0,0,-3.70E-08,-1.61E-08,2.52E-07,2.55E-07,6.39E-08,0,4.56E-04,1,1,0,0,0
1074,2.74E-01,4,1074,Not eroded,0,1,1,1,1,1,1.03E-06,7.21E-07,2.29E-06,2.61E-06,6.52E-07,0,4.67E-03,1,1,0,0,0
1075,1.95E-01,3,1075,Not eroded,0,1,0,0,0,0,-1.76E-09,-4.40E-07,-2.12E-07,4.88E-07,1.63E-07,1,8.73E-04,1,1,0,0,0
1076,1.78E-01,0,1076,Not eroded,0,0,0,0,0,0,0,0.00E+00,0.00E+00,0,0,1,0.00E+00,1,1,1,1,1
1077,6.80E-02,5,1077,Not eroded,0,0,0,0,0,0,-6.24E-07,-1.01E-07,-2.09E-07,6.66E-07,1.33E-07,0,1.19E-03,0,1,0,0,0
1078,1.44E-01,0,1078,Not eroded,0,0,0,0,0,0,0,0.00E+00,0.00E+00,0,0,1,0.00E+00,1,1,1,1,1
1079,1.23E-01,3,1079,Not eroded,0,0,0,0,0,0,4.58E-08,4.97E-09,1.28E-07,1.36E-07,4.52E-08,1,2.43E-04,1,1,0,0,0
1080,3.18E-01,0,1080,ERODED,1,1,1,1,1,1,0,0.00E+00,0.00E+00,0,0,1,0.00E+00,1,1,1,1,1
1081,7.17E-02,0,1081,Not eroded,0,0,0,0,0,0,0,0.00E+00,0.00E+00,0,0,1,0.00E+00,1,1,1,1,1
1082,9.93E-02,5,1082,Not eroded,0,0,0,0,0,0,-1.98E-07,-1.63E-08,3.36E-07,3.90E-07,7.80E-08,0,6.98E-04,0,1,0,0,0
1083,2.11E-01,4,1083,Not eroded,0,1,0,0,0,0,4.44E-07,4.35E-08,9.98E-08,4.57E-07,1.14E-07,0,8.17E-04,1,1,0,0,0
1084,2.63E-01,0,1084,Not eroded,0,1,1,1,1,1,0,0.00E+00,0.00E+00,0,0,1,0.00E+00,1,1,1,1,1
1085,1.04E-01,5,1085,Not eroded,0,0,0,0,0,0,9.99E-08,-9.95E-08,2.75E-07,3.09E-07,6.18E-08,0,5.53E-04,0,1,0,0,0
1086,2.14E-01,2,1086,Not eroded,0,1,0,0,0,0,-1.66E-07,-1.19E-07,1.13E-07,2.33E-07,1.17E-07,1,4.17E-04,1,1,1,0,0
1087,1.33E-01,4,1087,Not eroded,0,0,0,0,0,0,-2.46E-06,2.23E-06,8.48E-06,9.11E-06,2.28E-06,0,1.63E-02,1,1,0,0,0
1088,7.36E-02,5,1088,Not eroded,0,0,0,0,0,0,-1.52E-08,-1.62E-07,-1.50E-08,1.63E-07,3.27E-08,0,2.92E-04,0,1,0,0,0
1089,2.62E-01,4,1089,Not eroded,0,1,1,1,1,1,2.32E-07,3.17E-07,-5.29E-10,3.93E-07,9.83E-08,0,7.03E-04,1,1,0,0,0
1090,1.74E-01,5,1090,Not eroded,0,0,0,0,0,0,3.36E-08,2.67E-07,2.26E-07,3.51E-07,7.03E-08,0,6.28E-04,0,1,0,0,0
1091,3.28E-01,0,1091,ERODED,1,1,1,1,1,1,0,0.00E+00,0.00E+00,0,0,1,0.00E+00,1,1,1,1,1
1092,1.70E-01,4,1092,Not eroded,0,0,0,0,0,0,6.14E-07,1.52E-07,3.64E-07,7.29E-07,1.82E-07,0,1.30E-03,1,1,0,0,0
1093,1.30E-01,4,1093,Not eroded,0,0,0,0,0,0,-2.66E-07,-3.00E-08,9.62E-07,9.99E-07,2.50E-07,0,1.79E-03,1,1,0,0,0
1094,1.15E-01,4,1094,Not eroded,0,0,0,0,0,0,2.70E-07,1.73E-06,-6.42E-07,1.87E-06,4.67E-07,0,3.34E-03,1,1,0,0,0
1095,2.17E-01,3,1095,Not eroded,0,1,0,0,0,0,1.69E-07,9.80E-07,2.24E-06,2.45E-06,8.16E-07,1,4.38E-03,1,1,0,0,0
1096,1.85E-01,6,1096,Not eroded,0,0,0,0,0,0,2.06E-07,1.45E-09,5.13E-08,2.12E-07,3.53E-08,0,3.79E-04,0,0,0,0,0
1097,2.12E-01,5,1097,Not eroded,0,1,0,0,0,0,1.28E-07,2.52E-07,2.61E-07,3.85E-07,7.71E-08,0,6.89E-04,0,1,0,0,0
1098,2.45E-01,0,1098,Not eroded,0,1,1,1,1,0,0,0.00E+00,0.00E+00,0,0,1,0.00E+00,1,1,1,1,1
1099,1.71E-01,3,1099,Not eroded,0,0,0,0,0,0,-8.73E-08,-1.87E-07,2.06E-07,2.92E-07,9.72E-08,1,5.22E-04,1,1,0,0,0
1100,2.14E-01,4,1100,Not eroded,0,1,0,0,0,0,3.54E-08,5.57E-07,-3.94E-07,6.84E-07,1.71E-07,0,1.22E-03,1,1,0,0,0
1101,1.50E-01,4,1101,Not eroded,0,0,0,0,0,0,1.72E-06,-1.50E-06,6.75E-07,2.38E-06,5.96E-07,0,4.26E-03,1,1,0,0,0
1103,1.08E-01,3,1103,Not eroded,0,0,0,0,0,0,-9.18E-09,1.79E-07,1.08E-07,2.09E-07,6.97E-08,1,3.74E-04,1,1,0,0,0
1104,3.27E-01,0,1104,ERODED,1,1,1,1,1,1,0,0.00E+00,0.00E+00,0,0,1,0.00E+00,1,1,1,1,1
1105,2.09E-01,0,1105,Not eroded,0,1,0,0,0,0,0,0.00E+00,0.00E+00,0,0,1,0.00E+00,1,1,1,1,1
1106,2.29E-01,3,1106,Not eroded,0,1,1,0,0,0,-1.06E-07,3.96E-08,7.77E-08,1.38E-07,4.59E-08,1,2.47E-04,1,1,0,0,0
1108,5.63E-02,4,1108,Not eroded,0,0,0,0,0,0,7.73E-08,9.72E-08,-1.45E-06,1.45E-06,3.63E-07,0,2.59E-03,1,1,0,0,0
1109,7.00E-02,5,1109,Not eroded,0,0,0,0,0,0,3.61E-07,-5.63E-07,1.27E-06,1.43E-06,2.87E-07,0,2.56E-03,0,1,0,0,0
1110,2.29E-01,5,1110,Not eroded,0,1,1,0,0,0,-2.56E-07,-2.01E-07,2.59E-07,4.16E-07,8.33E-08,0,7.44E-04,0,1,0,0,0
1112,2.97E-01,2,1112,Not eroded,0,1,1,1,1,1,9.25E-07,6.08E-07,9.90E-07,1.49E-06,7.43E-07,1,2.67E-03,1,1,1,0,0
1113,2.14E-01,3,1113,Not eroded,0,1,0,0,0,0,1.61E-06,-2.57E-07,1.16E-06,2.00E-06,6.66E-07,1,3.58E-03,1,1,0,0,0
1114,6.14E-02,4,1114,Not eroded,0,0,0,0,0,0,7.12E-07,-6.87E-07,1.16E-06,1.52E-06,3.80E-07,0,2.72E-03,1,1,0,0,0
1115,1.23E-01,3,1115,Not eroded,0,0,0,0,0,0,1.60E-07,4.20E-07,-4.94E-08,4.52E-07,1.51E-07,1,8.08E-04,1,1,0,0,0
1116,1.68E-01,4,1116,Not eroded,0,0,0,0,0,0,1.36E-07,-5.92E-08,2.84E-07,3.20E-07,8.00E-08,0,5.72E-04,1,1,0,0,0
1117,1.46E-01,4,1117,Not eroded,0,0,0,0,0,0,-1.21E-05,-1.77E-07,1.37E-05,1.83E-05,4.58E-06,0,3.27E-02,1,1,0,0,0
1118,1.80E-01,0,1118,Not eroded,0,0,0,0,0,0,0,0.00E+00,0.00E+00,0,0,1,0.00E+00,1,1,1,1,1
1119,1.52E-01,4,1119,Not eroded,0,0,0,0,0,0,6.34E-08,3.03E-07,8.02E-08,3.20E-07,7.99E-08,0,5.72E-04,1,1,0,0,0
1120,1.26E-01,4,1120,Not eroded,0,0,0,0,0,0,-9.65E-08,1.21E-06,9.19E-07,1.52E-06,3.80E-07,0,2.72E-03,1,1,0,0,0
1121,8.66E-02,4,1121,Not eroded,0,0,0,0,0,0,6.14E-08,2.42E-07,-8.01E-08,2.62E-07,6.56E-08,0,4.69E-04,1,1,0,0,0
1122,1.64E-01,3,1122,Not eroded,0,0,0,0,0,0,-3.71E-08,-5.54E-08,1.47E-08,6.83E-08,2.28E-08,1,1.22E-04,1,1,0,0,0
1123,9.22E-02,0,1123,Not eroded,0,0,0,0,0,0,0,0.00E+00,0.00E+00,0,0,1,0.00E+00,1,1,1,1,1
1124,2.11E-01,5,1124,Not eroded,0,1,0,0,0,0,1.72E-07,1.06E-07,-1.49E-07,2.51E-07,5.03E-08,0,4.49E-04,0,1,0,0,0
1125,2.46E-01,3,1125,Not eroded,0,1,1,1,1,0,8.40E-07,4.12E-07,5.41E-07,1.08E-06,3.60E-07,1,1.93E-03,1,1,0,0,0
1126,2.14E-01,0,1126,Not eroded,0,1,0,0,0,0,0,0.00E+00,0.00E+00,0,0,1,0.00E+00,1,1,1,1,1
1127,1.97E-01,4,1127,Not eroded,0,1,0,0,0,0,-5.85E-08,-6.27E-08,6.48E-08,1.08E-07,2.69E-08,0,1.93E-04,1,1,0,0,0
1128,1.93E-01,4,1128,Not eroded,0,1,0,0,0,0,-1.61E-07,7.63E-07,8.35E-07,1.14E-06,2.86E-07,0,2.04E-03,1,1,0,0,0
1129,1.32E-01,3,1129,Not eroded,0,0,0,0,0,0,1.40E-07,2.08E-08,-1.05E-07,1.76E-07,5.86E-08,1,3.15E-04,1,1,0,0,0
1130,6.63E-02,4,1130,Not eroded,0,0,0,0,0,0,1.27E-07,-1.30E-07,1.49E-07,2.35E-07,5.89E-08,0,4.20E-04,1,1,0,0,0
1131,2.67E-01,4,1131,Not eroded,0,1,1,1,1,1,6.68E-08,-8.95E-07,8.35E-07,1.23E-06,3.06E-07,0,2.20E-03,1,1,0,0,0
1132,1.29E-01,5,1132,Not eroded,0,0,0,0,0,0,4.01E-07,-2.65E-08,7.28E-08,4.09E-07,8.17E-08,0,7.32E-04,0,1,0,0,0
1133,2.48E-01,3,1133,Not eroded,0,1,1,1,1,0,-3.88E-08,1.39E-07,1.27E-07,1.92E-07,6.41E-08,1,3.43E-04,1,1,0,0,0
1134,5.65E-02,4,1134,Not eroded,0,0,0,0,0,0,-3.51E-07,-3.52E-07,-1.46E-06,1.54E-06,3.85E-07,0,2.75E-03,1,1,0,0,0
1135,7.48E-02,5,1135,Not eroded,0,0,0,0,0,0,-2.85E-08,-7.72E-08,1.96E-08,8.47E-08,1.69E-08,0,1.52E-04,0,1,0,0,0
1136,6.43E-02,4,1136,Not eroded,0,0,0,0,0,0,1.04E-07,-6.26E-07,-8.42E-08,6.40E-07,1.60E-07,0,1.14E-03,1,1,0,0,0
1137,6.55E-02,0,1137,Not eroded,0,0,0,0,0,0,0,0.00E+00,0.00E+00,0,0,1,0.00E+00,1,1,1,1,1
1138,1.46E-01,4,1138,Not eroded,0,0,0,0,0,0,2.51E-07,-8.50E-07,-2.06E-08,8.87E-07,2.22E-07,0,1.59E-03,1,1,0,0,0
1139,2.37E-01,4,1139,Not eroded,0,1,1,1,0,0,-9.16E-08,-5.66E-07,5.59E-08,5.76E-07,1.44E-07,0,1.03E-03,1,1,0,0,0
1140,5.66E-02,4,1140,Not eroded,0,0,0,0,0,0,1.26E-07,-6.25E-08,-1.45E-06,1.46E-06,3.65E-07,0,2.61E-03,1,1,0,0,0
1141,2.63E-01,5,1141,Not eroded,0,1,1,1,1,1,-2.48E-06,4.00E-06,3.98E-07,4.73E-06,9.46E-07,0,8.46E-03,0,1,0,0,0
1142,2.98E-01,4,1142,Not eroded,0,1,1,1,1,1,8.67E-05,-1.49E-04,-1.38E-04,0.000220934,5.52E-05,0,3.95E-01,1,1,0,0,0
1143,1.63E-01,6,1143,Not eroded,0,0,0,0,0,0,2.09E-07,2.42E-07,6.31E-07,7.08E-07,1.18E-07,0,1.27E-03,0,0,0,0,0
1144,5.66E-02,3,1144,Not eroded,0,0,0,0,0,0,-1.15E-07,1.35E-08,-1.47E-06,1.48E-06,4.93E-07,1,2.65E-03,1,1,0,0,0
1145,1.66E-01,4,1145,Not eroded,0,0,0,0,0,0,4.16E-07,2.93E-07,5.25E-07,7.31E-07,1.83E-07,0,1.31E-03,1,1,0,0,0
1146,1.56E-01,0,1146,Not eroded,0,0,0,0,0,0,0,0.00E+00,0.00E+00,0,0,1,0.00E+00,1,1,1,1,1
1147,5.66E-02,4,1147,Not eroded,0,0,0,0,0,0,-1.76E-07,1.68E-07,-1.48E-06,1.50E-06,3.74E-07,0,2.68E-03,1,1,0,0,0
1148,1.66E-01,0,1148,Not eroded,0,0,0,0,0,0,0,0.00E+00,0.00E+00,0,0,1,0.00E+00,1,1,1,1,1
1149,1.35E-01,0,1149,Not eroded,0,0,0,0,0,0,0,0.00E+00,0.00E+00,0,0,1,0.00E+00,1,1,1,1,1
1151,1.67E-01,0,1151,Not eroded,0,0,0,0,0,0,0,0.00E+00,0.00E+00,0,0,1,0.00E+00,1,1,1,1,1
1152,2.62E-01,4,1152,Not eroded,0,1,1,1,1,1,5.80E-07,5.31E-07,4.96E-07,9.29E-07,2.32E-07,0,1.66E-03,1,1,0,0,0
1153,2.69E-01,5,1153,Not eroded,0,1,1,1,1,1,-1.25E-07,2.26E-07,7.13E-07,7.58E-07,1.52E-07,0,1.36E-03,0,1,0,0,0
1154,1.65E-01,0,1154,Not eroded,0,0,0,0,0,0,0,0.00E+00,0.00E+00,0,0,1,0.00E+00,1,1,1,1,1
1155,1.61E-01,5,1155,Not eroded,0,0,0,0,0,0,-5.07E-08,4.49E-08,-9.77E-08,1.19E-07,2.38E-08,0,2.13E-04,0,1,0,0,0
1156,1.82E-01,3,1156,Not eroded,0,0,0,0,0,0,7.18E-07,-3.31E-07,-2.30E-08,7.91E-07,2.64E-07,1,1.41E-03,1,1,0,0,0
1157,1.38E-01,0,1157,Not eroded,0,0,0,0,0,0,0,0.00E+00,0.00E+00,0,0,1,0.00E+00,1,1,1,1,1
1158,5.65E-02,4,1158,Not eroded,0,0,0,0,0,0,1.96E-07,-4.60E-07,-1.18E-06,1.28E-06,3.21E-07,0,2.29E-03,1,1,0,0,0
1159,2.10E-01,3,1159,Not eroded,0,1,0,0,0,0,1.15E-07,1.54E-07,5.23E-09,1.92E-07,6.40E-08,1,3.43E-04,1,1,0,0,0
1160,2.27E-01,5,1160,Not eroded,0,1,1,0,0,0,1.81E-07,6.97E-06,3.76E-06,7.92E-06,1.58E-06,0,1.42E-02,0,1,0,0,0
1161,6.52E-02,6,1161,Not eroded,0,0,0,0,0,0,7.40E-08,-3.74E-08,4.87E-08,9.62E-08,1.60E-08,0,1.72E-04,0,0,0,0,0
1162,5.74E-02,0,1162,Not eroded,0,0,0,0,0,0,0,0.00E+00,0.00E+00,0,0,1,0.00E+00,1,1,1,1,1
1163,2.88E-01,5,1163,Not eroded,0,1,1,1,1,1,-2.56E-07,-2.50E-07,1.47E-06,1.52E-06,3.03E-07,0,2.72E-03,0,1,0,0,0
1164,5.66E-02,0,1164,Not eroded,0,0,0,0,0,0,0,0.00E+00,0.00E+00,0,0,1,0.00E+00,1,1,1,1,1
1165,2.54E-01,0,1165,Not eroded,0,1,1,1,1,1,0,0.00E+00,0.00E+00,0,0,1,0.00E+00,1,1,1,1,1
1166,9.65E-02,4,1166,Not eroded,0,0,0,0,0,0,1.41E-08,5.91E-07,2.01E-07,6.25E-07,1.56E-07,0,1.12E-03,1,1,0,0,0
1167,1.06E-01,4,1167,Not eroded,0,0,0,0,0,0,1.60E-06,1.08E-06,-2.67E-06,3.30E-06,8.24E-07,0,5.90E-03,1,1,0,0,0
1168,3.18E-01,0,1168,ERODED,1,1,1,1,1,1,0,0.00E+00,0.00E+00,0,0,1,0.00E+00,1,1,1,1,1
1169,6.60E-02,3,1169,Not eroded,0,0,0,0,0,0,6.47E-07,6.46E-07,-2.00E-07,9.36E-07,3.12E-07,1,1.67E-03,1,1,0,0,0
1170,1.70E-01,0,1170,Not eroded,0,0,0,0,0,0,0,0.00E+00,0.00E+00,0,0,1,0.00E+00,1,1,1,1,1
1171,2.52E-01,5,1171,Not eroded,0,1,1,1,1,1,1.39E-07,-3.08E-07,7.88E-08,3.47E-07,6.94E-08,0,6.21E-04,0,1,0,0,0
1172,1.08E-01,3,1172,Not eroded,0,0,0,0,0,0,2.50E-07,-3.58E-07,9.38E-09,4.37E-07,1.46E-07,1,7.82E-04,1,1,0,0,0
1173,3.11E-01,0,1173,ERODED,1,1,1,1,1,1,0,0.00E+00,0.00E+00,0,0,1,0.00E+00,1,1,1,1,1
1174,1.33E-01,5,1174,Not eroded,0,0,0,0,0,0,-2.85E-07,2.85E-07,3.48E-07,5.33E-07,1.07E-07,0,9.53E-04,0,1,0,0,0
1175,1.87E-01,0,1175,Not eroded,0,0,0,0,0,0,0,0.00E+00,0.00E+00,0,0,1,0.00E+00,1,1,1,1,1
1176,2.41E-01,4,1176,Not eroded,0,1,1,1,1,0,-5.75E-06,8.75E-07,9.06E-06,1.08E-05,2.69E-06,0,1.93E-02,1,1,0,0,0
1177,2.81E-01,4,1177,Not eroded,0,1,1,1,1,1,4.00E-07,4.13E-08,5.55E-07,6.85E-07,1.71E-07,0,1.23E-03,1,1,0,0,0
1178,3.10E-01,0,1178,ERODED,1,1,1,1,1,1,0,0.00E+00,0.00E+00,0,0,1,0.00E+00,1,1,1,1,1
1179,5.93E-02,5,1179,Not eroded,0,0,0,0,0,0,-7.58E-08,-1.88E-07,1.71E-07,2.65E-07,5.30E-08,0,4.74E-04,0,1,0,0,0
1180,2.80E-01,5,1180,Not eroded,0,1,1,1,1,1,1.42E-06,3.47E-06,8.38E-07,3.84E-06,7.68E-07,0,6.87E-03,0,1,0,0,0
1181,2.86E-01,0,1181,Not eroded,0,1,1,1,1,1,0,0.00E+00,0.00E+00,0,0,1,0.00E+00,1,1,1,1,1
1182,2.71E-01,0,1182,Not eroded,0,1,1,1,1,1,0,0.00E+00,0.00E+00,0,0,1,0.00E+00,1,1,1,1,1
1183,1.43E-01,4,1183,Not eroded,0,0,0,0,0,0,7.73E-08,-1.06E-10,1.37E-07,1.58E-07,3.94E-08,0,2.83E-04,1,1,0,0,0
1184,2.60E-01,3,1184,Not eroded,0,1,1,1,1,1,3.30E-07,-8.72E-07,1.02E-07,9.38E-07,3.13E-07,1,1.68E-03,1,1,0,0,0
1185,2.22E-01,0,1185,Not eroded,0,1,1,0,0,0,0,0.00E+00,0.00E+00,0,0,1,0.00E+00,1,1,1,1,1
1186,5.66E-02,3,1186,Not eroded,0,0,0,0,0,0,5.72E-07,1.16E-07,-4.26E-07,7.23E-07,2.41E-07,1,1.29E-03,1,1,0,0,0
1187,2.00E-01,4,1187,Not eroded,0,1,0,0,0,0,5.38E-08,3.93E-07,4.37E-07,5.91E-07,1.48E-07,0,1.06E-03,1,1,0,0,0
1188,2.85E-01,4,1188,Not eroded,0,1,1,1,1,1,-7.97E-07,1.16E-07,-1.11E-08,8.05E-07,2.01E-07,0,1.44E-03,1,1,0,0,0
1189,1.03E-01,4,1189,Not eroded,0,0,0,0,0,0,5.27E-07,1.63E-08,-1.17E-07,5.40E-07,1.35E-07,0,9.66E-04,1,1,0,0,0
1190,2.00E-01,0,1190,Not eroded,0,1,0,0,0,0,0,0.00E+00,0.00E+00,0,0,1,0.00E+00,1,1,1,1,1
1191,1.36E-01,0,1191,Not eroded,0,0,0,0,0,0,0,0.00E+00,0.00E+00,0,0,1,0.00E+00,1,1,1,1,1
1193,1.50E-01,0,1193,Not eroded,0,0,0,0,0,0,0,0.00E+00,0.00E+00,0,0,1,0.00E+00,1,1,1,1,1
1194,2.32E-01,3,1194,Not eroded,0,1,1,1,0,0,-1.35E-07,-6.34E-07,2.37E-07,6.90E-07,2.30E-07,1,1.23E-03,1,1,0,0,0
1195,1.48E-01,3,1195,Not eroded,0,0,0,0,0,0,1.09E-06,2.54E-06,2.32E-06,3.61E-06,1.20E-06,1,6.46E-03,1,1,0,0,0
1196,8.92E-02,4,1196,Not eroded,0,0,0,0,0,0,1.99E-07,-9.66E-08,1.14E-07,2.49E-07,6.23E-08,0,4.45E-04,1,1,0,0,0
1197,2.95E-01,3,1197,Not eroded,0,1,1,1,1,1,2.36E-07,7.91E-07,1.34E-07,8.37E-07,2.79E-07,1,1.50E-03,1,1,0,0,0
1198,2.27E-01,6,1198,Not eroded,0,1,1,0,0,0,3.71E-06,9.25E-07,1.76E-06,4.21E-06,7.01E-07,0,7.53E-03,0,0,0,0,0
1199,2.98E-01,4,1199,Not eroded,0,1,1,1,1,1,-2.21E-07,5.89E-07,1.16E-06,1.32E-06,3.29E-07,0,2.36E-03,1,1,0,0,0
1200,2.88E-01,0,1200,ERODED,1,1,1,1,1,1,0,0.00E+00,0.00E+00,0,0,1,0.00E+00,1,1,1,1,1
1201,2.17E-01,3,1201,Not eroded,0,1,0,0,0,0,9.05E-07,-3.79E-06,5.89E-06,7.06E-06,2.35E-06,1,1.26E-02,1,1,0,0,0
1202,2.79E-01,0,1202,Not eroded,0,1,1,1,1,1,0,0.00E+00,0.00E+00,0,0,1,0.00E+00,1,1,1,1,1
1203,7.35E-02,6,1203,Not eroded,0,0,0,0,0,0,-2.78E-08,-2.27E-07,9.49E-08,2.48E-07,4.13E-08,0,4.44E-04,0,0,0,0,0
1204,1.01E-01,2,1204,Not eroded,0,0,0,0,0,0,1.49E-06,-1.48E-07,2.21E-07,1.52E-06,7.58E-07,1,2.72E-03,1,1,1,0,0
1205,1.89E-01,0,1205,Not eroded,0,0,0,0,0,0,0,0.00E+00,0.00E+00,0,0,1,0.00E+00,1,1,1,1,1
1206,5.67E-02,0,1206,Not eroded,0,0,0,0,0,0,0,0.00E+00,0.00E+00,0,0,1,0.00E+00,1,1,1,1,1
1207,3.17E-01,0,1207,ERODED,1,1,1,1,1,1,0,0.00E+00,0.00E+00,0,0,1,0.00E+00,1,1,1,1,1
1208,1.11E-01,2,1208,Not eroded,0,0,0,0,0,0,-1.08E-07,3.37E-08,1.45E-07,1.84E-07,9.19E-08,1,3.29E-04,1,1,1,0,0
1209,1.70E-01,6,1209,Not eroded,0,0,0,0,0,0,-1.58E-07,-9.85E-08,-2.42E-07,3.05E-07,5.08E-08,0,5.46E-04,0,0,0,0,0
1210,2.52E-01,0,1210,ERODED,1,1,1,1,1,1,0,0.00E+00,0.00E+00,0,0,1,0.00E+00,1,1,1,1,1
1211,1.44E-01,0,1211,Not eroded,0,0,0,0,0,0,0,0.00E+00,0.00E+00,0,0,1,0.00E+00,1,1,1,1,1
1212,5.66E-02,3,1212,Not eroded,0,0,0,0,0,0,3.66E-07,-3.77E-08,-1.42E-06,1.47E-06,4.89E-07,1,2.63E-03,1,1,0,0,0
1213,1.43E-01,6,1213,Not eroded,0,0,0,0,0,0,7.96E-08,2.15E-08,4.69E-08,9.48E-08,1.58E-08,0,1.70E-04,0,0,0,0,0
1215,7.69E-02,5,1215,Not eroded,0,0,0,0,0,0,-1.41E-06,1.12E-07,1.03E-07,1.42E-06,2.83E-07,0,2.54E-03,0,1,0,0,0
1216,2.77E-01,5,1216,Not eroded,0,1,1,1,1,1,1.21E-06,3.15E-07,-1.06E-06,1.64E-06,3.28E-07,0,2.93E-03,0,1,0,0,0
1217,1.77E-01,0,1217,Not eroded,0,0,0,0,0,0,0,0.00E+00,0.00E+00,0,0,1,0.00E+00,1,1,1,1,1
1218,3.07E-01,0,1218,ERODED,1,1,1,1,1,1,0,0.00E+00,0.00E+00,0,0,1,0.00E+00,1,1,1,1,1
1219,2.34E-01,3,1219,Not eroded,0,1,1,1,0,0,-3.28E-07,-3.14E-08,3.25E-07,4.62E-07,1.54E-07,1,8.26E-04,1,1,0,0,0
1220,5.67E-02,2,1220,Not eroded,0,0,0,0,0,0,-5.78E-08,-3.80E-09,-9.07E-08,1.08E-07,5.38E-08,1,1.93E-04,1,1,1,0,0
1221,6.95E-02,6,1221,Not eroded,0,0,0,0,0,0,2.21E-07,2.20E-07,1.81E-07,3.61E-07,6.01E-08,0,6.46E-04,0,0,0,0,0
1222,2.07E-01,0,1222,Not eroded,0,1,0,0,0,0,0,0.00E+00,0.00E+00,0,0,1,0.00E+00,1,1,1,1,1
1223,1.89E-01,5,1223,Not eroded,0,0,0,0,0,0,-3.85E-07,5.32E-07,-1.84E-07,6.82E-07,1.36E-07,0,1.22E-03,0,1,0,0,0
1224,5.66E-02,2,1224,Not eroded,0,0,0,0,0,0,9.56E-07,-1.46E-06,-1.16E-06,2.09E-06,1.05E-06,1,3.74E-03,1,1,1,0,0
1225,2.72E-01,0,1225,Not eroded,0,1,1,1,1,1,0,0.00E+00,0.00E+00,0,0,1,0.00E+00,1,1,1,1,1
1226,5.65E-02,3,1226,Not eroded,0,0,0,0,0,0,6.92E-07,9.83E-08,-1.25E-06,1.43E-06,4.77E-07,1,2.56E-03,1,1,0,0,0
1227,2.16E-01,4,1227,Not eroded,0,1,0,0,0,0,-2.97E-07,1.52E-07,-1.23E-07,3.55E-07,8.88E-08,0,6.35E-04,1,1,0,0,0
1228,1.55E-01,0,1228,Not eroded,0,0,0,0,0,0,0,0.00E+00,0.00E+00,0,0,1,0.00E+00,1,1,1,1,1
1230,2.25E-01,6,1230,Not eroded,0,1,1,0,0,0,-9.72E-08,-9.60E-08,3.36E-07,3.63E-07,6.05E-08,0,6.49E-04,0,0,0,0,0
1231,2.41E-01,5,1231,Not eroded,0,1,1,1,1,0,-2.16E-07,9.41E-08,1.71E-07,2.91E-07,5.82E-08,0,5.21E-04,0,1,0,0,0
1232,2.89E-01,0,1232,Not eroded,0,1,1,1,1,1,0,0.00E+00,0.00E+00,0,0,1,0.00E+00,1,1,1,1,1
1233,2.17E-01,0,1233,Not eroded,0,1,0,0,0,0,0,0.00E+00,0.00E+00,0,0,1,0.00E+00,1,1,1,1,1
1234,1.86E-01,3,1234,Not eroded,0,0,0,0,0,0,3.59E-07,2.16E-07,1.42E-07,4.42E-07,1.47E-07,1,7.91E-04,1,1,0,0,0
1235,3.25E-01,0,1235,ERODED,1,1,1,1,1,1,0,0.00E+00,0.00E+00,0,0,1,0.00E+00,1,1,1,1,1
1236,2.41E-01,0,1236,Not eroded,0,1,1,1,1,0,0,0.00E+00,0.00E+00,0,0,1,0.00E+00,1,1,1,1,1
1237,1.59E-01,0,1237,Not eroded,0,0,0,0,0,0,0,0.00E+00,0.00E+00,0,0,1,0.00E+00,1,1,1,1,1
1239,2.24E-01,0,1239,Not eroded,0,1,1,0,0,0,0,0.00E+00,0.00E+00,0,0,1,0.00E+00,1,1,1,1,1
1240,2.82E-01,3,1240,Not eroded,0,1,1,1,1,1,1.18E-06,2.52E-06,2.21E-06,3.56E-06,1.19E-06,1,6.37E-03,1,1,0,0,0
1241,2.05E-01,4,1241,Not eroded,0,1,0,0,0,0,1.16E-07,4.38E-08,1.87E-07,2.25E-07,5.61E-08,0,4.02E-04,1,1,0,0,0
1242,5.66E-02,4,1242,Not eroded,0,0,0,0,0,0,9.94E-08,-5.88E-11,-1.37E-06,1.37E-06,3.42E-07,0,2.45E-03,1,1,0,0,0
1243,3.00E-01,0,1243,ERODED,1,1,1,1,1,1,0,0.00E+00,0.00E+00,0,0,1,0.00E+00,1,1,1,1,1
1244,3.24E-01,0,1244,ERODED,1,1,1,1,1,1,0,0.00E+00,0.00E+00,0,0,1,0.00E+00,1,1,1,1,1
1245,1.34E-01,5,1245,Not eroded,0,0,0,0,0,0,1.74E-06,3.88E-07,9.81E-07,2.04E-06,4.07E-07,0,3.65E-03,0,1,0,0,0
1246,9.55E-02,4,1246,Not eroded,0,0,0,0,0,0,7.94E-08,-2.96E-08,-4.85E-08,9.76E-08,2.44E-08,0,1.75E-04,1,1,0,0,0
1247,2.17E-01,0,1247,Not eroded,0,1,0,0,0,0,0,0.00E+00,0.00E+00,0,0,1,0.00E+00,1,1,1,1,1
1248,7.33E-02,4,1248,Not eroded,0,0,0,0,0,0,2.29E-08,-3.53E-07,6.67E-08,3.60E-07,9.01E-08,0,6.44E-04,1,1,0,0,0
1249,2.88E-01,0,1249,ERODED,1,1,1,1,1,1,0,0.00E+00,0.00E+00,0,0,1,0.00E+00,1,1,1,1,1
1250,2.00E-01,0,1250,Not eroded,0,1,0,0,0,0,0,0.00E+00,0.00E+00,0,0,1,0.00E+00,1,1,1,1,1
1251,1.63E-01,4,1251,Not eroded,0,0,0,0,0,0,-3.53E-07,6.33E-07,-8.42E-08,7.29E-07,1.82E-07,0,1.30E-03,1,1,0,0,0
1252,2.77E-01,0,1252,Not eroded,0,1,1,1,1,1,0,0.00E+00,0.00E+00,0,0,1,0.00E+00,1,1,1,1,1
1253,2.89E-01,6,1253,Not eroded,0,1,1,1,1,1,-5.54E-06,-8.42E-06,-2.24E-05,2.46E-05,4.10E-06,0,4.40E-02,0,0,0,0,0
1254,1.40E-01,5,1254,Not eroded,0,0,0,0,0,0,3.67E-08,1.72E-07,-1.23E-08,1.77E-07,3.54E-08,0,3.17E-04,0,1,0,0,0
1255,6.54E-02,4,1255,Not eroded,0,0,0,0,0,0,8.52E-08,5.61E-08,-1.65E-07,1.94E-07,4.84E-08,0,3.47E-04,1,1,0,0,0
1256,3.22E-01,0,1256,ERODED,1,1,1,1,1,1,0,0.00E+00,0.00E+00,0,0,1,0.00E+00,1,1,1,1,1
1257,2.16E-01,3,1257,Not eroded,0,1,0,0,0,0,4.32E-08,-4.46E-07,-4.12E-08,4.50E-07,1.50E-07,1,8.05E-04,1,1,0,0,0
1259,1.08E-01,4,1259,Not eroded,0,0,0,0,0,0,-2.45E-07,-1.97E-08,3.47E-07,4.25E-07,1.06E-07,0,7.60E-04,1,1,0,0,0
1260,1.91E-01,5,1260,Not eroded,0,0,0,0,0,0,8.32E-07,6.28E-07,1.45E-06,1.79E-06,3.57E-07,0,3.20E-03,0,1,0,0,0
1261,6.56E-02,0,1261,Not eroded,0,0,0,0,0,0,0,0.00E+00,0.00E+00,0,0,1,0.00E+00,1,1,1,1,1
1262,1.67E-01,3,1262,Not eroded,0,0,0,0,0,0,1.20E-06,2.41E-06,-1.17E-07,2.70E-06,8.99E-07,1,4.83E-03,1,1,0,0,0
1263,1.61E-01,4,1263,Not eroded,0,0,0,0,0,0,-1.68E-07,1.24E-07,3.94E-07,4.46E-07,1.12E-07,0,7.98E-04,1,1,0,0,0
1264,5.66E-02,3,1264,Not eroded,0,0,0,0,0,0,4.71E-09,-1.10E-08,-1.47E-06,1.47E-06,4.89E-07,1,2.63E-03,1,1,0,0,0
1265,2.30E-01,4,1265,Not eroded,0,1,1,0,0,0,1.58E-06,9.88E-07,-2.62E-08,1.86E-06,4.66E-07,0,3.33E-03,1,1,0,0,0
1266,1.95E-01,0,1266,Not eroded,0,1,0,0,0,0,0,0.00E+00,0.00E+00,0,0,1,0.00E+00,1,1,1,1,1
1267,8.99E-02,4,1267,Not eroded,0,0,0,0,0,0,-7.58E-08,1.49E-07,5.08E-07,5.35E-07,1.34E-07,0,9.57E-04,1,1,0,0,0
1268,2.86E-01,5,1268,Not eroded,0,1,1,1,1,1,1.18E-07,-2.12E-07,-4.40E-07,5.02E-07,1.00E-07,0,8.98E-04,0,1,0,0,0
1269,2.17E-01,5,1269,Not eroded,0,1,0,0,0,0,7.75E-07,9.60E-07,4.60E-07,1.32E-06,2.63E-07,0,2.36E-03,0,1,0,0,0
1270,2.04E-01,0,1270,Not eroded,0,1,0,0,0,0,0,0.00E+00,0.00E+00,0,0,1,0.00E+00,1,1,1,1,1
1271,2.76E-01,0,1271,ERODED,1,1,1,1,1,1,0,0.00E+00,0.00E+00,0,0,1,0.00E+00,1,1,1,1,1
1272,2.16E-01,4,1272,Not eroded,0,1,0,0,0,0,-1.72E-06,-3.70E-07,-5.79E-07,1.85E-06,4.63E-07,0,3.31E-03,1,1,0,0,0
1273,6.48E-02,4,1273,Not eroded,0,0,0,0,0,0,-8.97E-08,7.71E-08,7.54E-07,7.63E-07,1.91E-07,0,1.36E-03,1,1,0,0,0
1274,5.66E-02,3,1274,Not eroded,0,0,0,0,0,0,-9.29E-08,1.74E-07,-1.30E-06,1.32E-06,4.38E-07,1,2.36E-03,1,1,0,0,0
1275,1.90E-01,4,1275,Not eroded,0,0,0,0,0,0,-2.74E-07,-1.67E-07,1.62E-06,1.65E-06,4.14E-07,0,2.95E-03,1,1,0,0,0
1276,5.66E-02,4,1276,Not eroded,0,0,0,0,0,0,3.22E-08,7.68E-09,3.72E-07,3.73E-07,9.33E-08,0,6.67E-04,1,1,0,0,0
1277,2.89E-01,6,1277,Not eroded,0,1,1,1,1,1,3.13E-05,4.29E-07,2.97E-06,3.14E-05,5.23E-06,0,5.62E-02,0,0,0,0,0
1278,2.64E-01,0,1278,ERODED,1,1,1,1,1,1,0,0.00E+00,0.00E+00,0,0,1,0.00E+00,1,1,1,1,1
1279,2.34E-01,6,1279,Not eroded,0,1,1,1,0,0,1.17E-07,5.11E-08,4.42E-07,4.60E-07,7.67E-08,0,8.23E-04,0,0,0,0,0
1280,2.07E-01,3,1280,Not eroded,0,1,0,0,0,0,-2.80E-07,5.92E-07,9.55E-07,1.16E-06,3.86E-07,1,2.07E-03,1,1,0,0,0
1281,2.84E-01,0,1281,Not eroded,0,1,1,1,1,1,0,0.00E+00,0.00E+00,0,0,1,0.00E+00,1,1,1,1,1
1282,8.73E-02,5,1282,Not eroded,0,0,0,0,0,0,1.06E-07,4.28E-07,3.09E-07,5.39E-07,1.08E-07,0,9.64E-04,0,1,0,0,0
1283,2.85E-01,0,1283,ERODED,1,1,1,1,1,1,0,0.00E+00,0.00E+00,0,0,1,0.00E+00,1,1,1,1,1
1284,1.88E-01,4,1284,Not eroded,0,0,0,0,0,0,2.18E-07,1.90E-07,5.77E-08,2.95E-07,7.36E-08,0,5.28E-04,1,1,0,0,0
1285,1.40E-01,4,1285,Not eroded,0,0,0,0,0,0,-3.21E-06,-1.42E-08,-2.01E-07,3.21E-06,8.03E-07,0,5.74E-03,1,1,0,0,0
1286,6.69E-02,5,1286,Not eroded,0,0,0,0,0,0,-1.49E-07,7.63E-08,1.46E-07,2.22E-07,4.44E-08,0,3.97E-04,0,1,0,0,0
1287,2.73E-01,5,1287,Not eroded,0,1,1,1,1,1,1.08E-07,4.53E-08,4.07E-07,4.23E-07,8.47E-08,0,7.57E-04,0,1,0,0,0
1288,1.06E-01,2,1288,Not eroded,0,0,0,0,0,0,9.77E-08,-2.39E-09,7.49E-07,7.55E-07,3.77E-07,1,1.35E-03,1,1,1,0,0
1289,6.46E-02,3,1289,Not eroded,0,0,0,0,0,0,5.33E-07,-1.87E-07,-1.84E-07,5.94E-07,1.98E-07,1,1.06E-03,1,1,0,0,0
1290,2.55E-01,4,1290,Not eroded,0,1,1,1,1,1,3.83E-06,2.03E-06,8.26E-06,9.33E-06,2.33E-06,0,1.67E-02,1,1,0,0,0
1291,8.42E-02,0,1291,Not eroded,0,0,0,0,0,0,0,0.00E+00,0.00E+00,0,0,1,0.00E+00,1,1,1,1,1
1292,2.47E-01,6,1292,Not eroded,0,1,1,1,1,0,7.53E-07,-6.82E-07,-5.78E-07,1.17E-06,1.95E-07,0,2.09E-03,0,0,0,0,0
1293,2.48E-01,5,1293,Not eroded,0,1,1,1,1,0,1.15E-06,3.16E-06,-9.41E-07,3.49E-06,6.98E-07,0,6.24E-03,0,1,0,0,0
1294,9.38E-02,4,1294,Not eroded,0,0,0,0,0,0,4.77E-08,-5.97E-08,5.32E-08,9.31E-08,2.33E-08,0,1.67E-04,1,1,0,0,0
1295,8.21E-02,4,1295,Not eroded,0,0,0,0,0,0,-6.19E-08,5.31E-08,-1.51E-08,8.30E-08,2.07E-08,0,1.48E-04,1,1,0,0,0
1297,2.16E-01,0,1297,Not eroded,0,1,0,0,0,0,0,0.00E+00,0.00E+00,0,0,1,0.00E+00,1,1,1,1,1
1298,1.02E-01,7,1298,Not eroded,0,0,0,0,0,0,3.36E-06,-6.46E-07,3.69E-06,5.04E-06,7.19E-07,0,9.02E-03,0,0,0,0,0
1299,6.01E-02,5,1299,Not eroded,0,0,0,0,0,0,-1.70E-07,3.52E-07,6.70E-08,3.97E-07,7.94E-08,0,7.10E-04,0,1,0,0,0
1300,1.57E-01,4,1300,Not eroded,0,0,0,0,0,0,1.15E-07,1.61E-07,1.30E-07,2.37E-07,5.92E-08,0,4.24E-04,1,1,0,0,0
1301,9.31E-02,5,1301,Not eroded,0,0,0,0,0,0,-5.68E-07,7.70E-07,1.06E-07,9.63E-07,1.93E-07,0,1.72E-03,0,1,0,0,0
1302,6.36E-02,4,1302,Not eroded,0,0,0,0,0,0,-1.82E-07,1.17E-07,1.79E-07,2.80E-07,7.01E-08,0,5.01E-04,1,1,0,0,0
1303,1.41E-01,4,1303,Not eroded,0,0,0,0,0,0,-4.88E-08,2.93E-06,3.35E-06,4.46E-06,1.11E-06,0,7.98E-03,1,1,0,0,0
1304,2.20E-01,4,1304,Not eroded,0,1,0,0,0,0,2.25E-07,-4.76E-08,2.86E-09,2.30E-07,5.74E-08,0,4.11E-04,1,1,0,0,0
1305,2.89E-01,0,1305,Not eroded,0,1,1,1,1,1,0,0.00E+00,0.00E+00,0,0,1,0.00E+00,1,1,1,1,1
1306,1.74E-01,4,1306,Not eroded,0,0,0,0,0,0,3.03E-07,-6.58E-07,-2.76E-07,7.75E-07,1.94E-07,0,1.39E-03,1,1,0,0,0
1307,2.33E-01,5,1307,Not eroded,0,1,1,1,0,0,-4.44E-07,-3.02E-06,-9.77E-07,3.20E-06,6.40E-07,0,5.72E-03,0,1,0,0,0
1308,1.57E-01,3,1308,Not eroded,0,0,0,0,0,0,-1.33E-07,-5.52E-08,1.54E-07,2.11E-07,7.03E-08,1,3.77E-04,1,1,0,0,0
1309,2.79E-01,0,1309,Not eroded,0,1,1,1,1,1,0,0.00E+00,0.00E+00,0,0,1,0.00E+00,1,1,1,1,1
1310,2.47E-01,5,1310,Not eroded,0,1,1,1,1,0,3.11E-08,-7.04E-07,1.11E-08,7.05E-07,1.41E-07,0,1.26E-03,0,1,0,0,0
1311,1.65E-01,6,1311,Not eroded,0,0,0,0,0,0,-5.35E-08,1.74E-07,1.65E-08,1.82E-07,3.04E-08,0,3.26E-04,0,0,0,0,0
1312,2.60E-01,0,1312,ERODED,1,1,1,1,1,1,0,0.00E+00,0.00E+00,0,0,1,0.00E+00,1,1,1,1,1
1313,1.40E-01,4,1313,Not eroded,0,0,0,0,0,0,1.52E-08,1.39E-07,-6.28E-08,1.53E-07,3.83E-08,0,2.74E-04,1,1,0,0,0
1314,5.78E-02,3,1314,Not eroded,0,0,0,0,0,0,-5.44E-08,1.60E-07,-1.60E-08,1.70E-07,5.66E-08,1,3.04E-04,1,1,0,0,0
1315,2.94E-01,0,1315,ERODED,1,1,1,1,1,1,0,0.00E+00,0.00E+00,0,0,1,0.00E+00,1,1,1,1,1
1317,1.94E-01,0,1317,Not eroded,0,1,0,0,0,0,0,0.00E+00,0.00E+00,0,0,1,0.00E+00,1,1,1,1,1
1318,1.95E-01,0,1318,Not eroded,0,1,0,0,0,0,0,0.00E+00,0.00E+00,0,0,1,0.00E+00,1,1,1,1,1
1319,5.66E-02,3,1319,Not eroded,0,0,0,0,0,0,2.78E-07,5.87E-08,-1.41E-06,1.44E-06,4.78E-07,1,2.58E-03,1,1,0,0,0
1320,7.31E-02,3,1320,Not eroded,0,0,0,0,0,0,1.73E-07,-4.58E-08,2.69E-07,3.24E-07,1.08E-07,1,5.80E-04,1,1,0,0,0
1321,3.26E-01,0,1321,ERODED,1,1,1,1,1,1,0,0.00E+00,0.00E+00,0,0,1,0.00E+00,1,1,1,1,1
1323,1.36E-01,0,1323,Not eroded,0,0,0,0,0,0,0,0.00E+00,0.00E+00,0,0,1,0.00E+00,1,1,1,1,1
1324,1.28E-01,5,1324,Not eroded,0,0,0,0,0,0,2.12E-08,1.02E-07,-1.66E-07,1.96E-07,3.92E-08,0,3.51E-04,0,1,0,0,0
1325,2.69E-01,0,1325,ERODED,1,1,1,1,1,1,0,0.00E+00,0.00E+00,0,0,1,0.00E+00,1,1,1,1,1
1326,2.70E-01,2,1326,Not eroded,0,1,1,1,1,1,2.92E-08,4.34E-08,5.11E-08,7.31E-08,3.65E-08,1,1.31E-04,1,1,1,0,0
1327,1.43E-01,4,1327,Not eroded,0,0,0,0,0,0,3.37E-06,-1.11E-06,4.12E-06,5.44E-06,1.36E-06,0,9.73E-03,1,1,0,0,0
1328,1.04E-01,5,1328,Not eroded,0,0,0,0,0,0,3.07E-07,4.87E-09,7.95E-08,3.17E-07,6.34E-08,0,5.67E-04,0,1,0,0,0
1329,2.51E-01,5,1329,Not eroded,0,1,1,1,1,1,-1.78E-06,4.87E-05,-6.19E-06,4.91E-05,9.82E-06,0,8.78E-02,0,1,0,0,0
1331,1.52E-01,2,1331,Not eroded,0,0,0,0,0,0,-1.19E-07,-6.41E-07,3.90E-07,7.59E-07,3.80E-07,1,1.36E-03,1,1,1,0,0
1332,2.63E-01,3,1332,Not eroded,0,1,1,1,1,1,4.14E-08,-1.04E-07,-9.61E-08,1.48E-07,4.92E-08,1,2.65E-04,1,1,0,0,0
1333,2.14E-01,5,1333,Not eroded,0,1,0,0,0,0,-6.82E-08,-5.18E-07,-3.10E-08,5.24E-07,1.05E-07,0,9.37E-04,0,1,0,0,0
1335,2.07E-01,0,1335,Not eroded,0,1,0,0,0,0,0,0.00E+00,0.00E+00,0,0,1,0.00E+00,1,1,1,1,1
1336,3.23E-01,0,1336,ERODED,1,1,1,1,1,1,0,0.00E+00,0.00E+00,0,0,1,0.00E+00,1,1,1,1,1
1337,8.46E-02,4,1337,Not eroded,0,0,0,0,0,0,-5.67E-07,1.29E-06,9.41E-07,1.69E-06,4.23E-07,0,3.02E-03,1,1,0,0,0
1339,1.38E-01,0,1339,Not eroded,0,0,0,0,0,0,0,0.00E+00,0.00E+00,0,0,1,0.00E+00,1,1,1,1,1
1340,9.40E-02,4,1340,Not eroded,0,0,0,0,0,0,-1.76E-07,2.62E-07,-1.45E-07,3.47E-07,8.68E-08,0,6.21E-04,1,1,0,0,0
1342,1.20E-01,4,1342,Not eroded,0,0,0,0,0,0,-3.58E-08,2.08E-07,-2.18E-08,2.12E-07,5.29E-08,0,3.79E-04,1,1,0,0,0
1343,2.05E-01,0,1343,Not eroded,0,1,0,0,0,0,0,0.00E+00,0.00E+00,0,0,1,0.00E+00,1,1,1,1,1
1344,1.75E-01,3,1344,Not eroded,0,0,0,0,0,0,-6.57E-08,1.09E-07,-9.29E-08,1.57E-07,5.24E-08,1,2.81E-04,1,1,0,0,0
1345,2.06E-01,4,1345,Not eroded,0,1,0,0,0,0,-1.06E-07,2.23E-07,-3.07E-08,2.49E-07,6.22E-08,0,4.45E-04,1,1,0,0,0
1346,2.31E-01,0,1346,Not eroded,0,1,1,1,0,0,0,0.00E+00,0.00E+00,0,0,1,0.00E+00,1,1,1,1,1
1347,7.82E-02,4,1347,Not eroded,0,0,0,0,0,0,4.07E-07,6.95E-08,1.93E-07,4.56E-07,1.14E-07,0,8.16E-04,1,1,0,0,0
1348,2.30E-01,0,1348,Not eroded,0,1,1,0,0,0,0,0.00E+00,0.00E+00,0,0,1,0.00E+00,1,1,1,1,1
1349,2.59E-01,0,1349,Not eroded,0,1,1,1,1,1,0,0.00E+00,0.00E+00,0,0,1,0.00E+00,1,1,1,1,1
1350,2.89E-01,0,1350,ERODED,1,1,1,1,1,1,0,0.00E+00,0.00E+00,0,0,1,0.00E+00,1,1,1,1,1
1351,2.30E-01,4,1351,Not eroded,0,1,1,0,0,0,2.54E-07,1.96E-07,1.28E-07,3.46E-07,8.64E-08,0,6.19E-04,1,1,0,0,0
1352,5.65E-02,6,1352,Not eroded,0,0,0,0,0,0,1.00E-07,1.64E-07,-1.28E-06,1.30E-06,2.16E-07,0,2.33E-03,0,0,0,0,0
1353,1.61E-01,4,1353,Not eroded,0,0,0,0,0,0,2.79E-07,-8.12E-07,2.38E-07,8.91E-07,2.23E-07,0,1.59E-03,1,1,0,0,0
1354,1.40E-01,0,1354,Not eroded,0,0,0,0,0,0,0,0.00E+00,0.00E+00,0,0,1,0.00E+00,1,1,1,1,1
1355,6.59E-02,0,1355,Not eroded,0,0,0,0,0,0,0,0.00E+00,0.00E+00,0,0,1,0.00E+00,1,1,1,1,1
1357,2.93E-01,4,1357,Not eroded,0,1,1,1,1,1,9.34E-07,-6.90E-07,-2.94E-06,3.16E-06,7.90E-07,0,5.65E-03,1,1,0,0,0
1358,2.14E-01,3,1358,Not eroded,0,1,0,0,0,0,-3.93E-08,-1.80E-07,1.45E-06,1.46E-06,4.86E-07,1,2.61E-03,1,1,0,0,0
1359,2.14E-01,3,1359,Not eroded,0,1,0,0,0,0,1.16E-08,1.10E-07,1.02E-07,1.50E-07,5.02E-08,1,2.68E-04,1,1,0,0,0
1360,2.22E-01,4,1360,Not eroded,0,1,1,0,0,0,3.98E-09,5.84E-08,5.56E-07,5.59E-07,1.40E-07,0,1.00E-03,1,1,0,0,0
1361,2.51E-01,0,1361,Not eroded,0,1,1,1,1,1,0,0.00E+00,0.00E+00,0,0,1,0.00E+00,1,1,1,1,1
1362,1.68E-01,4,1362,Not eroded,0,0,0,0,0,0,-7.25E-07,1.38E-06,-1.07E-06,1.89E-06,4.72E-07,0,3.38E-03,1,1,0,0,0
1363,1.18E-01,3,1363,Not eroded,0,0,0,0,0,0,-7.47E-08,-1.32E-07,-1.83E-07,2.38E-07,7.92E-08,1,4.26E-04,1,1,0,0,0
1364,1.16E-01,4,1364,Not eroded,0,0,0,0,0,0,-6.89E-08,-9.15E-08,2.53E-07,2.77E-07,6.93E-08,0,4.95E-04,1,1,0,0,0
1365,6.87E-02,4,1365,Not eroded,0,0,0,0,0,0,2.26E-07,-5.91E-08,1.06E-07,2.57E-07,6.42E-08,0,4.60E-04,1,1,0,0,0
1366,1.37E-01,4,1366,Not eroded,0,0,0,0,0,0,1.54E-06,3.00E-07,-2.07E-07,1.59E-06,3.96E-07,0,2.84E-03,1,1,0,0,0
1368,2.80E-01,0,1368,Not eroded,0,1,1,1,1,1,0,0.00E+00,0.00E+00,0,0,1,0.00E+00,1,1,1,1,1
1369,1.61E-01,3,1369,Not eroded,0,0,0,0,0,0,8.82E-09,-4.39E-07,-2.14E-08,4.39E-07,1.46E-07,1,7.85E-04,1,1,0,0,0
1370,6.55E-02,4,1370,Not eroded,0,0,0,0,0,0,-4.07E-08,-8.19E-08,-6.91E-08,1.15E-07,2.87E-08,0,2.06E-04,1,1,0,0,0
1371,2.54E-01,5,1371,Not eroded,0,1,1,1,1,1,3.92E-06,4.84E-06,6.62E-07,6.26E-06,1.25E-06,0,1.12E-02,0,1,0,0,0
1372,1.85E-01,5,1372,Not eroded,0,0,0,0,0,0,-2.05E-07,4.03E-07,3.66E-07,5.82E-07,1.16E-07,0,1.04E-03,0,1,0,0,0
1373,1.62E-01,3,1373,Not eroded,0,0,0,0,0,0,1.08E-06,-2.95E-07,1.21E-06,1.65E-06,5.49E-07,1,2.95E-03,1,1,0,0,0
1375,1.74E-01,0,1375,Not eroded,0,0,0,0,0,0,0,0.00E+00,0.00E+00,0,0,1,0.00E+00,1,1,1,1,1
1376,1.57E-01,0,1376,Not eroded,0,0,0,0,0,0,0,0.00E+00,0.00E+00,0,0,1,0.00E+00,1,1,1,1,1
1377,3.16E-01,0,1377,ERODED,1,1,1,1,1,1,0,0.00E+00,0.00E+00,0,0,1,0.00E+00,1,1,1,1,1
1378,1.20E-01,3,1378,Not eroded,0,0,0,0,0,0,1.12E-08,-7.04E-08,2.49E-07,2.59E-07,8.63E-08,1,4.63E-04,1,1,0,0,0
1379,1.79E-01,4,1379,Not eroded,0,0,0,0,0,0,5.34E-07,1.06E-07,1.31E-07,5.60E-07,1.40E-07,0,1.00E-03,1,1,0,0,0
1380,5.66E-02,4,1380,Not eroded,0,0,0,0,0,0,4.02E-07,7.86E-08,-1.37E-06,1.43E-06,3.57E-07,0,2.56E-03,1,1,0,0,0
1381,2.86E-01,5,1381,Not eroded,0,1,1,1,1,1,1.07E-06,2.23E-06,-6.47E-07,2.56E-06,5.11E-07,0,4.58E-03,0,1,0,0,0
1382,1.61E-01,0,1382,Not eroded,0,0,0,0,0,0,0,0.00E+00,0.00E+00,0,0,1,0.00E+00,1,1,1,1,1
1383,3.25E-01,3,1383,ERODED,1,1,1,1,1,1,-6.71E-06,7.52E-06,1.23E-06,1.02E-05,3.39E-06,1,1.82E-02,1,1,0,0,0
1384,9.49E-02,5,1384,Not eroded,0,0,0,0,0,0,3.64E-07,2.77E-07,6.80E-07,8.20E-07,1.64E-07,0,1.47E-03,0,1,0,0,0
1385,8.60E-02,0,1385,Not eroded,0,0,0,0,0,0,0,0.00E+00,0.00E+00,0,0,1,0.00E+00,1,1,1,1,1
1386,2.91E-01,3,1386,Not eroded,0,1,1,1,1,1,2.66E-07,2.34E-08,5.98E-08,2.73E-07,9.10E-08,1,4.88E-04,1,1,0,0,0
1387,1.62E-01,0,1387,Not eroded,0,0,0,0,0,0,0,0.00E+00,0.00E+00,0,0,1,0.00E+00,1,1,1,1,1
1388,1.30E-01,5,1388,Not eroded,0,0,0,0,0,0,1.94E-07,-2.78E-08,-9.43E-08,2.17E-07,4.34E-08,0,3.88E-04,0,1,0,0,0
1389,1.37E-01,5,1389,Not eroded,0,0,0,0,0,0,2.27E-08,1.44E-07,2.58E-07,2.96E-07,5.92E-08,0,5.29E-04,0,1,0,0,0
1390,2.87E-01,0,1390,ERODED,1,1,1,1,1,1,0,0.00E+00,0.00E+00,0,0,1,0.00E+00,1,1,1,1,1
1391,2.56E-01,0,1391,Not eroded,0,1,1,1,1,1,0,0.00E+00,0.00E+00,0,0,1,0.00E+00,1,1,1,1,1
1392,8.94E-02,5,1392,Not eroded,0,0,0,0,0,0,4.18E-07,-1.04E-07,-1.41E-07,4.53E-07,9.07E-08,0,8.10E-04,0,1,0,0,0
1393,3.13E-01,3,1393,ERODED,1,1,1,1,1,1,-1.31E-05,4.28E-06,-1.07E-06,1.38E-05,4.60E-06,1,2.47E-02,1,1,0,0,0
1394,2.48E-01,0,1394,Not eroded,0,1,1,1,1,0,0,0.00E+00,0.00E+00,0,0,1,0.00E+00,1,1,1,1,1
1395,2.53E-01,4,1395,Not eroded,0,1,1,1,1,1,1.63E-07,6.32E-08,-2.28E-08,1.76E-07,4.40E-08,0,3.15E-04,1,1,0,0,0
1396,1.48E-01,5,1396,Not eroded,0,0,0,0,0,0,5.83E-07,4.78E-08,-1.17E-06,1.31E-06,2.62E-07,0,2.34E-03,0,1,0,0,0
1397,1.46E-01,3,1397,Not eroded,0,0,0,0,0,0,-2.80E-07,4.43E-08,3.84E-07,4.77E-07,1.59E-07,1,8.53E-04,1,1,0,0,0
1398,1.77E-01,0,1398,Not eroded,0,0,0,0,0,0,0,0.00E+00,0.00E+00,0,0,1,0.00E+00,1,1,1,1,1
1399,3.25E-01,0,1399,ERODED,1,1,1,1,1,1,0,0.00E+00,0.00E+00,0,0,1,0.00E+00,1,1,1,1,1
1400,1.03E-01,3,1400,Not eroded,0,0,0,0,0,0,3.96E-08,-1.51E-08,-1.73E-07,1.79E-07,5.95E-08,1,3.20E-04,1,1,0,0,0
1401,1.06E-01,0,1401,Not eroded,0,0,0,0,0,0,0,0.00E+00,0.00E+00,0,0,1,0.00E+00,1,1,1,1,1
1402,1.72E-01,0,1402,Not eroded,0,0,0,0,0,0,0,0.00E+00,0.00E+00,0,0,1,0.00E+00,1,1,1,1,1
1403,2.28E-01,6,1403,Not eroded,0,1,1,0,0,0,1.34E-07,1.46E-06,-4.88E-07,1.55E-06,2.58E-07,0,2.77E-03,0,0,0,0,0
1404,2.01E-01,3,1404,Not eroded,0,1,0,0,0,0,3.16E-07,4.52E-07,1.23E-07,5.65E-07,1.88E-07,1,1.01E-03,1,1,0,0,0
1405,2.94E-01,0,1405,Not eroded,0,1,1,1,1,1,0,0.00E+00,0.00E+00,0,0,1,0.00E+00,1,1,1,1,1
1406,2.72E-01,7,1406,Not eroded,0,1,1,1,1,1,5.52E-08,1.27E-07,9.35E-10,1.39E-07,1.98E-08,0,2.49E-04,0,0,0,0,0
1407,5.65E-02,5,1407,Not eroded,0,0,0,0,0,0,-4.19E-08,-3.42E-07,-1.31E-06,1.35E-06,2.71E-07,0,2.41E-03,0,1,0,0,0
1408,1.09E-01,3,1408,Not eroded,0,0,0,0,0,0,5.68E-07,-8.81E-07,3.52E-07,1.11E-06,3.68E-07,1,1.99E-03,1,1,0,0,0
1409,2.24E-01,0,1409,Not eroded,0,1,1,0,0,0,0,0.00E+00,0.00E+00,0,0,1,0.00E+00,1,1,1,1,1
1410,1.05E-01,3,1410,Not eroded,0,0,0,0,0,0,5.82E-08,1.42E-07,4.95E-07,5.18E-07,1.73E-07,1,9.27E-04,1,1,0,0,0
1411,2.28E-01,0,1411,Not eroded,0,1,1,0,0,0,0,0.00E+00,0.00E+00,0,0,1,0.00E+00,1,1,1,1,1
1412,2.99E-01,5,1412,Not eroded,0,1,1,1,1,1,1.25E-07,5.33E-07,2.59E-06,2.65E-06,5.30E-07,0,4.74E-03,0,1,0,0,0
1413,6.23E-02,0,1413,Not eroded,0,0,0,0,0,0,0,0.00E+00,0.00E+00,0,0,1,0.00E+00,1,1,1,1,1
1414,6.50E-02,5,1414,Not eroded,0,0,0,0,0,0,6.69E-07,6.74E-07,1.26E-07,9.58E-07,1.92E-07,0,1.71E-03,0,1,0,0,0
1415,1.87E-01,0,1415,Not eroded,0,0,0,0,0,0,0,0.00E+00,0.00E+00,0,0,1,0.00E+00,1,1,1,1,1
1416,3.12E-01,0,1416,ERODED,1,1,1,1,1,1,0,0.00E+00,0.00E+00,0,0,1,0.00E+00,1,1,1,1,1
1417,2.13E-01,3,1417,Not eroded,0,1,0,0,0,0,2.77E-06,-7.43E-07,-1.07E-06,3.07E-06,1.02E-06,1,5.49E-03,1,1,0,0,0
1418,1.03E-01,4,1418,Not eroded,0,0,0,0,0,0,6.65E-07,1.14E-06,7.16E-07,1.50E-06,3.75E-07,0,2.68E-03,1,1,0,0,0
1419,1.42E-01,4,1419,Not eroded,0,0,0,0,0,0,-6.85E-07,-6.24E-07,-1.37E-06,1.65E-06,4.13E-07,0,2.95E-03,1,1,0,0,0
1420,2.33E-01,5,1420,Not eroded,0,1,1,1,0,0,-4.18E-07,-2.68E-07,-6.30E-07,8.03E-07,1.61E-07,0,1.44E-03,0,1,0,0,0
1421,1.98E-01,6,1421,Not eroded,0,1,0,0,0,0,1.41E-07,-9.29E-08,3.56E-09,1.69E-07,2.81E-08,0,3.02E-04,0,0,0,0,0
1422,2.84E-01,5,1422,Not eroded,0,1,1,1,1,1,4.14E-07,2.44E-06,-4.83E-07,2.52E-06,5.05E-07,0,4.51E-03,0,1,0,0,0
1423,8.53E-02,5,1423,Not eroded,0,0,0,0,0,0,2.65E-08,-4.75E-08,-4.64E-08,7.15E-08,1.43E-08,0,1.28E-04,0,1,0,0,0
1424,5.66E-02,4,1424,Not eroded,0,0,0,0,0,0,1.86E-07,-2.10E-07,-1.31E-06,1.34E-06,3.35E-07,0,2.40E-03,1,1,0,0,0
1425,1.37E-01,4,1425,Not eroded,0,0,0,0,0,0,5.76E-07,-1.74E-07,5.32E-07,8.03E-07,2.01E-07,0,1.44E-03,1,1,0,0,0
1426,2.54E-01,2,1426,Not eroded,0,1,1,1,1,1,-2.07E-07,7.56E-08,-2.10E-07,3.05E-07,1.52E-07,1,5.46E-04,1,1,1,0,0
1427,7.89E-02,4,1427,Not eroded,0,0,0,0,0,0,4.85E-07,4.09E-07,-2.26E-08,6.35E-07,1.59E-07,0,1.14E-03,1,1,0,0,0
1428,1.31E-01,3,1428,Not eroded,0,0,0,0,0,0,-9.62E-07,1.18E-06,-1.54E-06,2.17E-06,7.22E-07,1,3.88E-03,1,1,0,0,0
1429,2.78E-01,0,1429,Not eroded,0,1,1,1,1,1,0,0.00E+00,0.00E+00,0,0,1,0.00E+00,1,1,1,1,1
1430,7.51E-02,4,1430,Not eroded,0,0,0,0,0,0,-2.46E-07,-2.67E-08,4.19E-08,2.51E-07,6.28E-08,0,4.49E-04,1,1,0,0,0
1431,2.79E-01,4,1431,Not eroded,0,1,1,1,1,1,7.71E-07,1.65E-07,4.82E-07,9.24E-07,2.31E-07,0,1.65E-03,1,1,0,0,0
1432,1.04E-01,4,1432,Not eroded,0,0,0,0,0,0,-2.08E-08,1.37E-07,2.71E-07,3.05E-07,7.61E-08,0,5.46E-04,1,1,0,0,0
1433,2.25E-01,3,1433,Not eroded,0,1,1,0,0,0,-1.77E-06,-3.41E-07,-1.24E-06,2.18E-06,7.28E-07,1,3.90E-03,1,1,0,0,0
1434,1.18E-01,7,1434,Not eroded,0,0,0,0,0,0,-6.30E-07,2.58E-07,-6.73E-07,9.57E-07,1.37E-07,0,1.71E-03,0,0,0,0,0
1435,1.55E-01,4,1435,Not eroded,0,0,0,0,0,0,5.41E-08,9.47E-08,7.52E-07,7.60E-07,1.90E-07,0,1.36E-03,1,1,0,0,0
1436,1.83E-01,2,1436,Not eroded,0,0,0,0,0,0,1.69E-07,-1.06E-07,2.73E-07,3.38E-07,1.69E-07,1,6.05E-04,1,1,1,0,0
1437,3.30E-01,0,1437,ERODED,1,1,1,1,1,1,0,0.00E+00,0.00E+00,0,0,1,0.00E+00,1,1,1,1,1
1438,2.28E-01,5,1438,Not eroded,0,1,1,0,0,0,1.75E-07,1.84E-07,-8.25E-08,2.67E-07,5.33E-08,0,4.78E-04,0,1,0,0,0
1439,2.74E-01,4,1439,Not eroded,0,1,1,1,1,1,1.91E-07,1.34E-07,6.08E-07,6.52E-07,1.63E-07,0,1.17E-03,1,1,0,0,0
1440,2.90E-01,0,1440,ERODED,1,1,1,1,1,1,0,0.00E+00,0.00E+00,0,0,1,0.00E+00,1,1,1,1,1
1441,6.26E-02,0,1441,Not eroded,0,0,0,0,0,0,0,0.00E+00,0.00E+00,0,0,1,0.00E+00,1,1,1,1,1
1442,1.17E-01,4,1442,Not eroded,0,0,0,0,0,0,5.43E-07,-1.13E-06,1.65E-06,2.08E-06,5.19E-07,0,3.72E-03,1,1,0,0,0
1443,1.54E-01,3,1443,Not eroded,0,0,0,0,0,0,9.50E-07,-5.76E-07,7.25E-07,1.33E-06,4.42E-07,1,2.38E-03,1,1,0,0,0
1444,9.20E-02,0,1444,Not eroded,0,0,0,0,0,0,0,0.00E+00,0.00E+00,0,0,1,0.00E+00,1,1,1,1,1
1445,2.04E-01,5,1445,Not eroded,0,1,0,0,0,0,4.67E-08,2.14E-07,4.08E-08,2.23E-07,4.46E-08,0,3.99E-04,0,1,0,0,0
1446,3.05E-01,0,1446,ERODED,1,1,1,1,1,1,0,0.00E+00,0.00E+00,0,0,1,0.00E+00,1,1,1,1,1
1447,2.16E-01,4,1447,Not eroded,0,1,0,0,0,0,1.08E-07,1.98E-08,5.34E-07,5.46E-07,1.36E-07,0,9.77E-04,1,1,0,0,0
1449,1.35E-01,0,1449,Not eroded,0,0,0,0,0,0,0,0.00E+00,0.00E+00,0,0,1,0.00E+00,1,1,1,1,1
1450,1.58E-01,2,1450,Not eroded,0,0,0,0,0,0,2.22E-06,-1.82E-06,9.43E-07,3.02E-06,1.51E-06,1,5.40E-03,1,1,1,0,0
1451,1.33E-01,5,1451,Not eroded,0,0,0,0,0,0,1.54E-08,-6.15E-07,-3.09E-08,6.16E-07,1.23E-07,0,1.10E-03,0,1,0,0,0
1452,5.66E-02,2,1452,Not eroded,0,0,0,0,0,0,8.18E-07,-3.67E-08,-1.50E-06,1.71E-06,8.56E-07,1,3.06E-03,1,1,1,0,0
1453,2.25E-01,0,1453,Not eroded,0,1,1,0,0,0,0,0.00E+00,0.00E+00,0,0,1,0.00E+00,1,1,1,1,1
1454,2.71E-01,0,1454,ERODED,1,1,1,1,1,1,0,0.00E+00,0.00E+00,0,0,1,0.00E+00,1,1,1,1,1
1455,1.82E-01,3,1455,Not eroded,0,0,0,0,0,0,-1.15E-07,-1.13E-06,1.13E-06,1.60E-06,5.33E-07,1,2.86E-03,1,1,0,0,0
1457,1.13E-01,8,1457,Not eroded,0,0,0,0,0,0,2.35E-07,-1.50E-07,1.75E-07,3.29E-07,4.12E-08,0,5.88E-04,0,0,0,0,0
1458,1.16E-01,4,1458,Not eroded,0,0,0,0,0,0,-3.10E-07,3.02E-07,6.96E-08,4.38E-07,1.10E-07,0,7.83E-04,1,1,0,0,0
1460,2.85E-01,0,1460,ERODED,1,1,1,1,1,1,0,0.00E+00,0.00E+00,0,0,1,0.00E+00,1,1,1,1,1
1462,2.83E-01,0,1462,Not eroded,0,1,1,1,1,1,0,0.00E+00,0.00E+00,0,0,1,0.00E+00,1,1,1,1,1
1463,8.05E-02,6,1463,Not eroded,0,0,0,0,0,0,2.00E-08,-8.58E-08,-6.02E-08,1.07E-07,1.78E-08,0,1.91E-04,0,0,0,0,0
1464,2.67E-01,5,1464,Not eroded,0,1,1,1,1,1,-1.81E-06,5.43E-06,4.85E-06,7.50E-06,1.50E-06,0,1.34E-02,0,1,0,0,0
1465,2.08E-01,4,1465,Not eroded,0,1,0,0,0,0,-2.03E-08,5.61E-08,2.11E-07,2.19E-07,5.48E-08,0,3.92E-04,1,1,0,0,0
1466,2.08E-01,6,1466,Not eroded,0,1,0,0,0,0,3.57E-07,-5.70E-08,2.71E-07,4.52E-07,7.53E-08,0,8.08E-04,0,0,0,0,0
1467,2.81E-01,3,1467,Not eroded,0,1,1,1,1,1,6.42E-08,1.35E-07,-9.88E-07,9.99E-07,3.33E-07,1,1.79E-03,1,1,0,0,0
1468,1.97E-01,4,1468,Not eroded,0,1,0,0,0,0,6.36E-09,-7.64E-07,1.66E-07,7.81E-07,1.95E-07,0,1.40E-03,1,1,0,0,0
1470,1.23E-01,5,1470,Not eroded,0,0,0,0,0,0,2.29E-07,1.58E-08,4.60E-07,5.14E-07,1.03E-07,0,9.19E-04,0,1,0,0,0
1471,2.56E-01,3,1471,Not eroded,0,1,1,1,1,1,2.69E-07,-1.97E-08,1.15E-07,2.93E-07,9.78E-08,1,5.24E-04,1,1,0,0,0
1472,1.80E-01,0,1472,Not eroded,0,0,0,0,0,0,0,0.00E+00,0.00E+00,0,0,1,0.00E+00,1,1,1,1,1
1473,6.49E-02,6,1473,Not eroded,0,0,0,0,0,0,-1.81E-07,8.93E-09,-1.04E-07,2.09E-07,3.49E-08,0,3.74E-04,0,0,0,0,0
1474,2.06E-01,4,1474,Not eroded,0,1,0,0,0,0,-8.77E-09,-9.94E-07,2.69E-07,1.03E-06,2.57E-07,0,1.84E-03,1,1,0,0,0
1475,2.11E-01,4,1475,Not eroded,0,1,0,0,0,0,-8.27E-08,3.78E-07,4.05E-08,3.89E-07,9.73E-08,0,6.96E-04,1,1,0,0,0
1477,1.67E-01,0,1477,Not eroded,0,0,0,0,0,0,0,0.00E+00,0.00E+00,0,0,1,0.00E+00,1,1,1,1,1
1478,1.23E-01,3,1478,Not eroded,0,0,0,0,0,0,-5.10E-07,4.07E-07,5.13E-07,8.30E-07,2.77E-07,1,1.48E-03,1,1,0,0,0
1479,1.82E-01,4,1479,Not eroded,0,0,0,0,0,0,9.40E-09,-9.78E-07,1.15E-07,9.84E-07,2.46E-07,0,1.76E-03,1,1,0,0,0
1480,2.79E-01,3,1480,Not eroded,0,1,1,1,1,1,5.29E-07,-1.83E-07,3.42E-07,6.56E-07,2.19E-07,1,1.17E-03,1,1,0,0,0
1481,6.33E-02,5,1481,Not eroded,0,0,0,0,0,0,-4.06E-08,4.64E-07,-3.81E-07,6.02E-07,1.20E-07,0,1.08E-03,0,1,0,0,0
1483,1.32E-01,4,1483,Not eroded,0,0,0,0,0,0,-4.40E-08,7.65E-07,7.64E-07,1.08E-06,2.70E-07,0,1.93E-03,1,1,0,0,0
1484,2.32E-01,3,1484,Not eroded,0,1,1,1,0,0,1.34E-06,2.10E-06,2.35E-05,2.36E-05,7.88E-06,1,4.22E-02,1,1,0,0,0
1485,1.35E-01,5,1485,Not eroded,0,0,0,0,0,0,-2.58E-08,9.07E-08,2.07E-07,2.27E-07,4.54E-08,0,4.06E-04,0,1,0,0,0
1486,2.84E-01,0,1486,ERODED,1,1,1,1,1,1,0,0.00E+00,0.00E+00,0,0,1,0.00E+00,1,1,1,1,1
1487,1.93E-01,0,1487,Not eroded,0,1,0,0,0,0,0,0.00E+00,0.00E+00,0,0,1,0.00E+00,1,1,1,1,1
1488,2.87E-01,6,1488,Not eroded,0,1,1,1,1,1,1.85E-05,-8.70E-06,1.49E-06,2.05E-05,3.41E-06,0,3.67E-02,0,0,0,0,0
1489,2.87E-01,0,1489,Not eroded,0,1,1,1,1,1,0,0.00E+00,0.00E+00,0,0,1,0.00E+00,1,1,1,1,1
1490,3.19E-01,0,1490,ERODED,1,1,1,1,1,1,0,0.00E+00,0.00E+00,0,0,1,0.00E+00,1,1,1,1,1
1491,9.64E-02,4,1491,Not eroded,0,0,0,0,0,0,-3.22E-07,-1.75E-09,-7.36E-08,3.30E-07,8.25E-08,0,5.90E-04,1,1,0,0,0
1492,1.22E-01,4,1492,Not eroded,0,0,0,0,0,0,-1.67E-07,6.88E-08,2.71E-07,3.26E-07,8.15E-08,0,5.83E-04,1,1,0,0,0
1493,1.14E-01,5,1493,Not eroded,0,0,0,0,0,0,5.41E-08,-1.39E-07,-2.46E-08,1.51E-07,3.03E-08,0,2.70E-04,0,1,0,0,0
1494,1.83E-01,0,1494,Not eroded,0,0,0,0,0,0,0,0.00E+00,0.00E+00,0,0,1,0.00E+00,1,1,1,1,1
1495,1.10E-01,3,1495,Not eroded,0,0,0,0,0,0,6.73E-07,1.25E-07,5.55E-07,8.81E-07,2.94E-07,1,1.58E-03,1,1,0,0,0
1496,8.78E-02,3,1496,Not eroded,0,0,0,0,0,0,-3.46E-08,6.63E-07,6.36E-07,9.19E-07,3.06E-07,1,1.64E-03,1,1,0,0,0
1497,6.18E-02,5,1497,Not eroded,0,0,0,0,0,0,-5.33E-08,-7.29E-08,1.13E-07,1.45E-07,2.90E-08,0,2.59E-04,0,1,0,0,0
1498,1.83E-01,0,1498,Not eroded,0,0,0,0,0,0,0,0.00E+00,0.00E+00,0,0,1,0.00E+00,1,1,1,1,1
1499,2.90E-01,0,1499,ERODED,1,1,1,1,1,1,0,0.00E+00,0.00E+00,0,0,1,0.00E+00,1,1,1,1,1
1500,8.79E-02,4,1500,Not eroded,0,0,0,0,0,0,-3.70E-07,2.45E-07,4.10E-07,6.04E-07,1.51E-07,0,1.08E-03,1,1,0,0,0
1501,2.32E-01,4,1501,Not eroded,0,1,1,1,0,0,4.68E-07,1.33E-06,8.43E-07,1.64E-06,4.10E-07,0,2.93E-03,1,1,0,0,0
1502,1.57E-01,3,1502,Not eroded,0,0,0,0,0,0,5.38E-08,2.31E-07,-7.64E-08,2.50E-07,8.32E-08,1,4.47E-04,1,1,0,0,0
1504,1.73E-01,5,1504,Not eroded,0,0,0,0,0,0,7.19E-08,-2.27E-07,3.15E-07,3.95E-07,7.91E-08,0,7.07E-04,0,1,0,0,0
1505,3.12E-01,0,1505,ERODED,1,1,1,1,1,1,0,0.00E+00,0.00E+00,0,0,1,0.00E+00,1,1,1,1,1
1506,1.00E-01,5,1506,Not eroded,0,0,0,0,0,0,-4.52E-07,4.38E-07,3.27E-07,7.09E-07,1.42E-07,0,1.27E-03,0,1,0,0,0
1507,7.44E-02,5,1507,Not eroded,0,0,0,0,0,0,1.34E-07,-1.53E-07,4.73E-07,5.15E-07,1.03E-07,0,9.21E-04,0,1,0,0,0
1508,1.30E-01,2,1508,Not eroded,0,0,0,0,0,0,3.08E-06,-1.38E-06,1.10E-06,3.55E-06,1.77E-06,1,6.35E-03,1,1,1,0,0
1509,2.77E-01,3,1509,Not eroded,0,1,1,1,1,1,-1.55E-08,1.83E-07,4.60E-07,4.95E-07,1.65E-07,1,8.85E-04,1,1,0,0,0
1510,1.05E-01,5,1510,Not eroded,0,0,0,0,0,0,1.45E-07,5.12E-08,5.22E-08,1.62E-07,3.24E-08,0,2.90E-04,0,1,0,0,0
1511,2.20E-01,0,1511,Not eroded,0,1,0,0,0,0,0,0.00E+00,0.00E+00,0,0,1,0.00E+00,1,1,1,1,1
1512,6.62E-02,5,1512,Not eroded,0,0,0,0,0,0,3.84E-08,3.11E-07,1.19E-07,3.35E-07,6.70E-08,0,5.99E-04,0,1,0,0,0
1513,2.69E-01,0,1513,ERODED,1,1,1,1,1,1,0,0.00E+00,0.00E+00,0,0,1,0.00E+00,1,1,1,1,1
1514,1.20E-01,5,1514,Not eroded,0,0,0,0,0,0,1.20E-07,7.49E-07,-1.36E-07,7.70E-07,1.54E-07,0,1.38E-03,0,1,0,0,0
1515,3.28E-01,0,1515,ERODED,1,1,1,1,1,1,0,0.00E+00,0.00E+00,0,0,1,0.00E+00,1,1,1,1,1
1516,1.60E-01,3,1516,Not eroded,0,0,0,0,0,0,9.07E-07,1.51E-07,-4.10E-08,9.20E-07,3.07E-07,1,1.65E-03,1,1,0,0,0
1517,2.29E-01,0,1517,Not eroded,0,1,1,0,0,0,0,0.00E+00,0.00E+00,0,0,1,0.00E+00,1,1,1,1,1
1518,6.57E-02,4,1518,Not eroded,0,0,0,0,0,0,-1.29E-07,9.41E-07,-5.71E-08,9.51E-07,2.38E-07,0,1.70E-03,1,1,0,0,0
1519,1.43E-01,0,1519,Not eroded,0,0,0,0,0,0,0,0.00E+00,0.00E+00,0,0,1,0.00E+00,1,1,1,1,1
1520,2.64E-01,9,1520,Not eroded,0,1,1,1,1,1,-4.52E-08,1.05E-07,7.06E-08,1.34E-07,1.49E-08,0,2.40E-04,0,0,0,0,0
1521,9.58E-02,5,1521,Not eroded,0,0,0,0,0,0,1.89E-07,5.76E-07,1.36E-07,6.22E-07,1.24E-07,0,1.11E-03,0,1,0,0,0
1522,2.69E-01,0,1522,ERODED,1,1,1,1,1,1,0,0.00E+00,0.00E+00,0,0,1,0.00E+00,1,1,1,1,1
1524,3.26E-01,0,1524,ERODED,1,1,1,1,1,1,0,0.00E+00,0.00E+00,0,0,1,0.00E+00,1,1,1,1,1
1526,3.02E-01,3,1526,Not eroded,0,1,1,1,1,1,4.75E-07,-2.72E-07,2.99E-07,6.24E-07,2.08E-07,1,1.12E-03,1,1,0,0,0
1527,3.06E-01,5,1527,Not eroded,0,1,1,1,1,1,3.08E-06,1.96E-06,5.20E-06,6.35E-06,1.27E-06,0,1.14E-02,0,1,0,0,0
1528,8.89E-02,6,1528,Not eroded,0,0,0,0,0,0,3.71E-07,2.34E-06,8.36E-07,2.51E-06,4.19E-07,0,4.49E-03,0,0,0,0,0
1529,2.38E-01,4,1529,Not eroded,0,1,1,1,0,0,1.93E-07,1.02E-07,3.32E-07,3.97E-07,9.93E-08,0,7.10E-04,1,1,0,0,0
1530,1.03E-01,6,1530,Not eroded,0,0,0,0,0,0,-3.45E-07,-2.06E-07,9.74E-07,1.05E-06,1.76E-07,0,1.88E-03,0,0,0,0,0
1532,2.10E-01,4,1532,Not eroded,0,1,0,0,0,0,-4.10E-08,9.25E-08,2.18E-06,2.18E-06,5.46E-07,0,3.90E-03,1,1,0,0,0
1534,1.16E-01,3,1534,Not eroded,0,0,0,0,0,0,2.25E-07,-1.28E-07,1.59E-07,3.04E-07,1.01E-07,1,5.44E-04,1,1,0,0,0
1535,9.73E-02,0,1535,Not eroded,0,0,0,0,0,0,0,0.00E+00,0.00E+00,0,0,1,0.00E+00,1,1,1,1,1
1536,1.72E-01,4,1536,Not eroded,0,0,0,0,0,0,2.64E-07,2.12E-07,4.32E-07,5.49E-07,1.37E-07,0,9.82E-04,1,1,0,0,0
1537,2.70E-01,0,1537,Not eroded,0,1,1,1,1,1,0,0.00E+00,0.00E+00,0,0,1,0.00E+00,1,1,1,1,1
1538,1.73E-01,0,1538,Not eroded,0,0,0,0,0,0,0,0.00E+00,0.00E+00,0,0,1,0.00E+00,1,1,1,1,1
1541,9.72E-02,6,1541,Not eroded,0,0,0,0,0,0,2.27E-08,3.25E-07,3.83E-07,5.03E-07,8.39E-08,0,9.00E-04,0,0,0,0,0
1543,1.35E-01,3,1543,Not eroded,0,0,0,0,0,0,-1.46E-07,-5.17E-07,7.50E-07,9.23E-07,3.08E-07,1,1.65E-03,1,1,0,0,0
1544,1.32E-01,6,1544,Not eroded,0,0,0,0,0,0,-6.83E-09,8.81E-08,3.34E-07,3.45E-07,5.75E-08,0,6.17E-04,0,0,0,0,0
1545,5.64E-02,3,1545,Not eroded,0,0,0,0,0,0,1.21E-06,-1.46E-07,-1.24E-06,1.74E-06,5.79E-07,1,3.11E-03,1,1,0,0,0
1547,2.09E-01,0,1547,Not eroded,0,1,0,0,0,0,0,0.00E+00,0.00E+00,0,0,1,0.00E+00,1,1,1,1,1
1548,3.24E-01,0,1548,ERODED,1,1,1,1,1,1,0,0.00E+00,0.00E+00,0,0,1,0.00E+00,1,1,1,1,1
1549,2.15E-01,0,1549,Not eroded,0,1,0,0,0,0,0,0.00E+00,0.00E+00,0,0,1,0.00E+00,1,1,1,1,1
1550,9.67E-02,4,1550,Not eroded,0,0,0,0,0,0,4.00E-07,1.48E-07,3.74E-07,5.67E-07,1.42E-07,0,1.01E-03,1,1,0,0,0
1551,9.99E-02,3,1551,Not eroded,0,0,0,0,0,0,9.12E-09,-1.02E-05,-1.11E-06,1.03E-05,3.42E-06,1,1.84E-02,1,1,0,0,0
1552,1.84E-01,4,1552,Not eroded,0,0,0,0,0,0,1.16E-07,-1.59E-06,3.17E-07,1.63E-06,4.07E-07,0,2.92E-03,1,1,0,0,0
1553,1.20E-01,5,1553,Not eroded,0,0,0,0,0,0,-3.64E-07,-1.66E-06,-6.28E-07,1.82E-06,3.63E-07,0,3.26E-03,0,1,0,0,0
1554,7.46E-02,4,1554,Not eroded,0,0,0,0,0,0,2.13E-08,3.25E-07,-2.78E-08,3.27E-07,8.16E-08,0,5.85E-04,1,1,0,0,0
1555,2.67E-01,3,1555,Not eroded,0,1,1,1,1,1,-1.13E-07,9.93E-09,2.85E-08,1.17E-07,3.90E-08,1,2.09E-04,1,1,0,0,0
1556,1.55E-01,5,1556,Not eroded,0,0,0,0,0,0,2.08E-07,3.41E-07,3.12E-07,5.07E-07,1.01E-07,0,9.07E-04,0,1,0,0,0
1557,2.01E-01,0,1557,Not eroded,0,1,0,0,0,0,0,0.00E+00,0.00E+00,0,0,1,0.00E+00,1,1,1,1,1
1558,2.01E-01,4,1558,Not eroded,0,1,0,0,0,0,-9.99E-08,-8.35E-09,2.55E-07,2.74E-07,6.86E-08,0,4.90E-04,1,1,0,0,0
1559,2.88E-01,3,1559,Not eroded,0,1,1,1,1,1,1.17E-05,-5.04E-06,-1.49E-05,1.96E-05,6.52E-06,1,3.51E-02,1,1,0,0,0
1561,2.63E-01,0,1561,ERODED,1,1,1,1,1,1,0,0.00E+00,0.00E+00,0,0,1,0.00E+00,1,1,1,1,1
1562,7.70E-02,5,1562,Not eroded,0,0,0,0,0,0,-2.48E-07,3.95E-08,-5.14E-08,2.57E-07,5.13E-08,0,4.60E-04,0,1,0,0,0
1563,1.06E-01,3,1563,Not eroded,0,0,0,0,0,0,2.57E-07,7.75E-08,-3.56E-08,2.71E-07,9.02E-08,1,4.85E-04,1,1,0,0,0
1565,2.61E-01,2,1565,Not eroded,0,1,1,1,1,1,4.47E-08,4.97E-07,-2.84E-07,5.74E-07,2.87E-07,1,1.03E-03,1,1,1,0,0
1566,2.37E-01,4,1566,Not eroded,0,1,1,1,0,0,1.10E-05,1.59E-06,2.21E-05,2.48E-05,6.19E-06,0,4.44E-02,1,1,0,0,0
1567,8.02E-02,0,1567,Not eroded,0,0,0,0,0,0,0,0.00E+00,0.00E+00,0,0,1,0.00E+00,1,1,1,1,1
1568,6.66E-02,5,1568,Not eroded,0,0,0,0,0,0,-4.89E-08,-2.25E-07,1.46E-07,2.72E-07,5.45E-08,0,4.87E-04,0,1,0,0,0
1569,5.66E-02,2,1569,Not eroded,0,0,0,0,0,0,9.87E-07,1.55E-08,-1.30E-06,1.63E-06,8.16E-07,1,2.92E-03,1,1,1,0,0
1570,9.85E-02,4,1570,Not eroded,0,0,0,0,0,0,-1.30E-07,3.25E-07,2.11E-07,4.09E-07,1.02E-07,0,7.32E-04,1,1,0,0,0
1571,7.30E-02,6,1571,Not eroded,0,0,0,0,0,0,-1.82E-07,-3.46E-08,1.69E-07,2.51E-07,4.18E-08,0,4.49E-04,0,0,0,0,0
1572,3.21E-01,0,1572,ERODED,1,1,1,1,1,1,0,0.00E+00,0.00E+00,0,0,1,0.00E+00,1,1,1,1,1
1574,5.70E-02,0,1574,Not eroded,0,0,0,0,0,0,0,0.00E+00,0.00E+00,0,0,1,0.00E+00,1,1,1,1,1
1575,1.46E-01,4,1575,Not eroded,0,0,0,0,0,0,-3.20E-08,1.27E-07,2.49E-08,1.33E-07,3.33E-08,0,2.38E-04,1,1,0,0,0
1576,2.99E-01,0,1576,ERODED,1,1,1,1,1,1,0,0.00E+00,0.00E+00,0,0,1,0.00E+00,1,1,1,1,1
1577,1.84E-01,0,1577,Not eroded,0,0,0,0,0,0,0,0.00E+00,0.00E+00,0,0,1,0.00E+00,1,1,1,1,1
1578,1.78E-01,4,1578,Not eroded,0,0,0,0,0,0,4.71E-07,6.17E-07,3.94E-07,8.70E-07,2.18E-07,0,1.56E-03,1,1,0,0,0
1579,5.65E-02,4,1579,Not eroded,0,0,0,0,0,0,-5.97E-08,-1.04E-08,-1.37E-06,1.37E-06,3.42E-07,0,2.45E-03,1,1,0,0,0
1580,1.97E-01,0,1580,Not eroded,0,1,0,0,0,0,0,0.00E+00,0.00E+00,0,0,1,0.00E+00,1,1,1,1,1
1581,2.68E-01,4,1581,Not eroded,0,1,1,1,1,1,9.77E-08,2.58E-07,-6.18E-08,2.82E-07,7.06E-08,0,5.04E-04,1,1,0,0,0
1582,1.51E-01,5,1582,Not eroded,0,0,0,0,0,0,1.18E-06,-7.09E-07,3.33E-07,1.42E-06,2.83E-07,0,2.54E-03,0,1,0,0,0
1583,2.74E-01,5,1583,Not eroded,0,1,1,1,1,1,8.96E-07,-1.56E-07,9.49E-07,1.31E-06,2.63E-07,0,2.34E-03,0,1,0,0,0
1584,1.78E-01,5,1584,Not eroded,0,0,0,0,0,0,2.86E-07,-1.26E-07,1.07E-06,1.11E-06,2.22E-07,0,1.99E-03,0,1,0,0,0
1585,1.91E-01,0,1585,Not eroded,0,1,0,0,0,0,0,0.00E+00,0.00E+00,0,0,1,0.00E+00,1,1,1,1,1
1586,1.25E-01,0,1586,Not eroded,0,0,0,0,0,0,0,0.00E+00,0.00E+00,0,0,1,0.00E+00,1,1,1,1,1
1588,2.19E-01,5,1588,Not eroded,0,1,0,0,0,0,2.96E-07,1.53E-06,3.88E-07,1.60E-06,3.21E-07,0,2.86E-03,0,1,0,0,0
1589,8.60E-02,0,1589,Not eroded,0,0,0,0,0,0,0,0.00E+00,0.00E+00,0,0,1,0.00E+00,1,1,1,1,1
1590,2.09E-01,3,1590,Not eroded,0,1,0,0,0,0,-6.00E-08,-4.90E-08,3.45E-07,3.54E-07,1.18E-07,1,6.33E-04,1,1,0,0,0
1592,1.40E-01,0,1592,Not eroded,0,0,0,0,0,0,0,0.00E+00,0.00E+00,0,0,1,0.00E+00,1,1,1,1,1
1593,1.21E-01,3,1593,Not eroded,0,0,0,0,0,0,6.42E-08,-4.95E-07,3.72E-07,6.23E-07,2.08E-07,1,1.11E-03,1,1,0,0,0
1594,1.95E-01,4,1594,Not eroded,0,1,0,0,0,0,4.96E-07,1.70E-07,-5.86E-08,5.28E-07,1.32E-07,0,9.44E-04,1,1,0,0,0
1595,1.02E-01,4,1595,Not eroded,0,0,0,0,0,0,1.23E-07,1.35E-08,1.37E-07,1.84E-07,4.61E-08,0,3.29E-04,1,1,0,0,0
1596,1.92E-01,0,1596,Not eroded,0,1,0,0,0,0,0,0.00E+00,0.00E+00,0,0,1,0.00E+00,1,1,1,1,1
1597,2.27E-01,0,1597,Not eroded,0,1,1,0,0,0,0,0.00E+00,0.00E+00,0,0,1,0.00E+00,1,1,1,1,1
1598,1.96E-01,5,1598,Not eroded,0,1,0,0,0,0,3.93E-07,2.80E-07,-6.86E-07,8.39E-07,1.68E-07,0,1.50E-03,0,1,0,0,0
1600,1.96E-01,6,1600,Not eroded,0,1,0,0,0,0,-5.07E-07,9.57E-07,3.70E-06,3.86E-06,6.43E-07,0,6.90E-03,0,0,0,0,0
1601,1.50E-01,0,1601,Not eroded,0,0,0,0,0,0,0,0.00E+00,0.00E+00,0,0,1,0.00E+00,1,1,1,1,1
1602,9.91E-02,5,1602,Not eroded,0,0,0,0,0,0,1.50E-07,7.25E-09,1.42E-07,2.07E-07,4.14E-08,0,3.70E-04,0,1,0,0,0
1603,2.11E-01,6,1603,Not eroded,0,1,0,0,0,0,2.08E-07,1.02E-07,6.21E-08,2.40E-07,4.00E-08,0,4.29E-04,0,0,0,0,0
1604,2.03E-01,5,1604,Not eroded,0,1,0,0,0,0,-3.67E-08,3.00E-07,-1.55E-09,3.02E-07,6.04E-08,0,5.40E-04,0,1,0,0,0
1605,2.23E-01,5,1605,Not eroded,0,1,1,0,0,0,2.99E-07,4.62E-07,9.19E-08,5.58E-07,1.12E-07,0,9.98E-04,0,1,0,0,0
1606,1.72E-01,3,1606,Not eroded,0,0,0,0,0,0,2.31E-06,1.21E-06,1.60E-07,2.61E-06,8.70E-07,1,4.67E-03,1,1,0,0,0
1607,5.83E-02,5,1607,Not eroded,0,0,0,0,0,0,-3.05E-08,1.49E-07,4.65E-08,1.59E-07,3.18E-08,0,2.84E-04,0,1,0,0,0
1608,5.66E-02,0,1608,Not eroded,0,0,0,0,0,0,0,0.00E+00,0.00E+00,0,0,1,0.00E+00,1,1,1,1,1
1609,1.34E-01,4,1609,Not eroded,0,0,0,0,0,0,-3.18E-07,1.32E-07,1.77E-07,3.87E-07,9.67E-08,0,6.92E-04,1,1,0,0,0
1610,1.01E-01,4,1610,Not eroded,0,0,0,0,0,0,1.42E-06,-1.51E-07,-9.22E-08,1.43E-06,3.57E-07,0,2.56E-03,1,1,0,0,0
1612,1.36E-01,3,1612,Not eroded,0,0,0,0,0,0,-2.91E-07,-6.99E-07,-8.32E-08,7.62E-07,2.54E-07,1,1.36E-03,1,1,0,0,0
1613,1.34E-01,4,1613,Not eroded,0,0,0,0,0,0,1.34E-08,-6.38E-07,5.48E-08,6.41E-07,1.60E-07,0,1.15E-03,1,1,0,0,0
1614,9.47E-02,6,1614,Not eroded,0,0,0,0,0,0,-1.46E-07,-1.59E-07,9.37E-07,9.62E-07,1.60E-07,0,1.72E-03,0,0,0,0,0
1616,1.55E-01,0,1616,Not eroded,0,0,0,0,0,0,0,0.00E+00,0.00E+00,0,0,1,0.00E+00,1,1,1,1,1
1617,2.75E-01,0,1617,ERODED,1,1,1,1,1,1,0,0.00E+00,0.00E+00,0,0,1,0.00E+00,1,1,1,1,1
1618,1.63E-01,5,1618,Not eroded,0,0,0,0,0,0,4.33E-07,1.30E-07,1.21E-07,4.68E-07,9.35E-08,0,8.37E-04,0,1,0,0,0
1619,1.48E-01,3,1619,Not eroded,0,0,0,0,0,0,1.05E-06,-1.62E-06,2.86E-07,1.96E-06,6.52E-07,1,3.51E-03,1,1,0,0,0
1620,6.56E-02,6,1620,Not eroded,0,0,0,0,0,0,2.16E-07,3.10E-07,4.82E-08,3.81E-07,6.35E-08,0,6.81E-04,0,0,0,0,0
1621,2.76E-01,3,1621,Not eroded,0,1,1,1,1,1,1.52E-07,5.69E-07,1.91E-07,6.19E-07,2.06E-07,1,1.11E-03,1,1,0,0,0
1623,1.74E-01,5,1623,Not eroded,0,0,0,0,0,0,-3.81E-07,1.72E-07,1.92E-07,4.61E-07,9.21E-08,0,8.25E-04,0,1,0,0,0
1624,3.00E-01,2,1624,Not eroded,0,1,1,1,1,1,9.61E-07,7.37E-07,1.08E-06,1.62E-06,8.12E-07,1,2.90E-03,1,1,1,0,0
1625,6.15E-02,6,1625,Not eroded,0,0,0,0,0,0,-5.24E-07,4.21E-10,-2.17E-07,5.67E-07,9.46E-08,0,1.01E-03,0,0,0,0,0
1626,1.94E-01,0,1626,Not eroded,0,1,0,0,0,0,0,0.00E+00,0.00E+00,0,0,1,0.00E+00,1,1,1,1,1
1627,1.95E-01,3,1627,Not eroded,0,1,0,0,0,0,2.59E-07,-6.65E-07,1.17E-07,7.23E-07,2.41E-07,1,1.29E-03,1,1,0,0,0
1628,7.67E-02,4,1628,Not eroded,0,0,0,0,0,0,8.42E-07,-1.04E-06,-4.26E-07,1.40E-06,3.51E-07,0,2.50E-03,1,1,0,0,0
1629,8.51E-02,7,1629,Not eroded,0,0,0,0,0,0,-4.74E-08,-4.07E-07,1.34E-07,4.31E-07,6.16E-08,0,7.71E-04,0,0,0,0,0
1630,2.13E-01,0,1630,Not eroded,0,1,0,0,0,0,0,0.00E+00,0.00E+00,0,0,1,0.00E+00,1,1,1,1,1
1631,1.73E-01,3,1631,Not eroded,0,0,0,0,0,0,3.99E-07,-1.90E-07,5.81E-07,7.30E-07,2.43E-07,1,1.31E-03,1,1,0,0,0
1632,2.39E-01,0,1632,Not eroded,0,1,1,1,0,0,0,0.00E+00,0.00E+00,0,0,1,0.00E+00,1,1,1,1,1
1633,3.12E-01,0,1633,ERODED,1,1,1,1,1,1,0,0.00E+00,0.00E+00,0,0,1,0.00E+00,1,1,1,1,1
1634,3.21E-01,0,1634,ERODED,1,1,1,1,1,1,0,0.00E+00,0.00E+00,0,0,1,0.00E+00,1,1,1,1,1
1635,1.39E-01,4,1635,Not eroded,0,0,0,0,0,0,1.84E-07,2.30E-07,-5.45E-08,2.99E-07,7.48E-08,0,5.35E-04,1,1,0,0,0
1636,1.38E-01,0,1636,Not eroded,0,0,0,0,0,0,0,0.00E+00,0.00E+00,0,0,1,0.00E+00,1,1,1,1,1
1637,2.24E-01,0,1637,Not eroded,0,1,1,0,0,0,0,0.00E+00,0.00E+00,0,0,1,0.00E+00,1,1,1,1,1
1638,2.37E-01,4,1638,Not eroded,0,1,1,1,0,0,1.32E-07,1.35E-07,1.34E-08,1.89E-07,4.72E-08,0,3.38E-04,1,1,0,0,0
1639,3.15E-01,0,1639,ERODED,1,1,1,1,1,1,0,0.00E+00,0.00E+00,0,0,1,0.00E+00,1,1,1,1,1
1640,8.99E-02,4,1640,Not eroded,0,0,0,0,0,0,-1.28E-06,-9.08E-08,-1.32E-06,1.84E-06,4.60E-07,0,3.29E-03,1,1,0,0,0
1641,2.47E-01,5,1641,Not eroded,0,1,1,1,1,0,1.12E-07,3.25E-07,2.36E-06,2.38E-06,4.76E-07,0,4.26E-03,0,1,0,0,0
1642,9.06E-02,4,1642,Not eroded,0,0,0,0,0,0,-7.95E-08,5.53E-08,4.05E-07,4.16E-07,1.04E-07,0,7.44E-04,1,1,0,0,0
1643,2.05E-01,3,1643,Not eroded,0,1,0,0,0,0,6.17E-08,8.96E-08,4.29E-07,4.43E-07,1.48E-07,1,7.92E-04,1,1,0,0,0
1645,1.51E-01,4,1645,Not eroded,0,0,0,0,0,0,3.33E-07,-8.78E-08,5.25E-08,3.48E-07,8.70E-08,0,6.22E-04,1,1,0,0,0
1646,1.87E-01,5,1646,Not eroded,0,0,0,0,0,0,4.48E-07,-6.27E-08,7.68E-08,4.59E-07,9.18E-08,0,8.21E-04,0,1,0,0,0
1647,1.44E-01,3,1647,Not eroded,0,0,0,0,0,0,-2.15E-07,6.11E-08,6.11E-09,2.23E-07,7.44E-08,1,3.99E-04,1,1,0,0,0
1648,3.29E-01,0,1648,ERODED,1,1,1,1,1,1,0,0.00E+00,0.00E+00,0,0,1,0.00E+00,1,1,1,1,1
1649,1.78E-01,4,1649,Not eroded,0,0,0,0,0,0,1.72E-07,1.00E-07,1.23E-07,2.34E-07,5.84E-08,0,4.19E-04,1,1,0,0,0
1650,1.29E-01,4,1650,Not eroded,0,0,0,0,0,0,-2.73E-07,2.03E-08,2.88E-07,3.97E-07,9.93E-08,0,7.10E-04,1,1,0,0,0
1651,6.23E-02,5,1651,Not eroded,0,0,0,0,0,0,-6.75E-08,2.80E-07,8.69E-08,3.01E-07,6.02E-08,0,5.38E-04,0,1,0,0,0
1652,7.38E-02,3,1652,Not eroded,0,0,0,0,0,0,-9.05E-08,-5.93E-07,1.96E-07,6.31E-07,2.10E-07,1,1.13E-03,1,1,0,0,0
1653,2.89E-01,4,1653,Not eroded,0,1,1,1,1,1,-9.74E-07,2.26E-06,7.82E-08,2.46E-06,6.14E-07,0,4.40E-03,1,1,0,0,0
1654,2.08E-01,3,1654,Not eroded,0,1,0,0,0,0,2.65E-08,-3.22E-08,2.00E-07,2.04E-07,6.80E-08,1,3.65E-04,1,1,0,0,0
1655,5.65E-02,3,1655,Not eroded,0,0,0,0,0,0,1.58E-07,1.96E-07,-1.32E-06,1.35E-06,4.49E-07,1,2.41E-03,1,1,0,0,0
1656,1.09E-01,4,1656,Not eroded,0,0,0,0,0,0,1.91E-07,1.68E-07,1.27E-07,2.85E-07,7.11E-08,0,5.10E-04,1,1,0,0,0
1657,1.93E-01,4,1657,Not eroded,0,1,0,0,0,0,-3.87E-08,3.96E-08,-5.88E-09,5.57E-08,1.39E-08,0,9.96E-05,1,1,0,0,0
1658,2.29E-01,0,1658,Not eroded,0,1,1,0,0,0,0,0.00E+00,0.00E+00,0,0,1,0.00E+00,1,1,1,1,1
1659,1.41E-01,4,1659,Not eroded,0,0,0,0,0,0,-6.61E-07,4.06E-06,3.51E-06,5.41E-06,1.35E-06,0,9.68E-03,1,1,0,0,0
1660,2.46E-01,0,1660,Not eroded,0,1,1,1,1,0,0,0.00E+00,0.00E+00,0,0,1,0.00E+00,1,1,1,1,1
1661,5.64E-02,3,1661,Not eroded,0,0,0,0,0,0,1.61E-09,1.32E-07,-1.28E-06,1.29E-06,4.29E-07,1,2.31E-03,1,1,0,0,0
1663,1.51E-01,3,1663,Not eroded,0,0,0,0,0,0,-5.23E-09,4.18E-08,4.41E-07,4.43E-07,1.48E-07,1,7.92E-04,1,1,0,0,0
1664,1.44E-01,3,1664,Not eroded,0,0,0,0,0,0,7.64E-07,4.69E-07,6.87E-07,1.13E-06,3.76E-07,1,2.02E-03,1,1,0,0,0
1666,2.01E-01,3,1666,Not eroded,0,1,0,0,0,0,9.19E-08,-1.20E-07,-1.17E-07,1.91E-07,6.36E-08,1,3.42E-04,1,1,0,0,0
1667,9.18E-02,4,1667,Not eroded,0,0,0,0,0,0,7.56E-07,1.87E-07,3.84E-07,8.68E-07,2.17E-07,0,1.55E-03,1,1,0,0,0
1668,6.27E-02,6,1668,Not eroded,0,0,0,0,0,0,5.03E-09,-1.25E-06,-3.73E-07,1.31E-06,2.18E-07,0,2.34E-03,0,0,0,0,0
1669,2.74E-01,4,1669,Not eroded,0,1,1,1,1,1,-1.11E-06,3.89E-07,-1.31E-07,1.18E-06,2.95E-07,0,2.11E-03,1,1,0,0,0
1670,1.02E-01,4,1670,Not eroded,0,0,0,0,0,0,3.09E-07,-9.53E-09,4.93E-07,5.82E-07,1.46E-07,0,1.04E-03,1,1,0,0,0
1671,1.06E-01,4,1671,Not eroded,0,0,0,0,0,0,9.44E-08,4.83E-08,-3.32E-08,1.11E-07,2.78E-08,0,1.99E-04,1,1,0,0,0
1672,7.82E-02,5,1672,Not eroded,0,0,0,0,0,0,2.28E-07,-6.54E-09,7.42E-08,2.39E-07,4.79E-08,0,4.28E-04,0,1,0,0,0
1673,1.60E-01,4,1673,Not eroded,0,0,0,0,0,0,8.08E-08,-9.25E-08,4.04E-07,4.22E-07,1.05E-07,0,7.55E-04,1,1,0,0,0
1674,7.73E-02,5,1674,Not eroded,0,0,0,0,0,0,-4.00E-07,-1.24E-07,5.93E-08,4.23E-07,8.46E-08,0,7.57E-04,0,1,0,0,0
1675,1.36E-01,2,1675,Not eroded,0,0,0,0,0,0,-3.69E-08,2.14E-07,3.87E-07,4.44E-07,2.22E-07,1,7.94E-04,1,1,1,0,0
1677,2.32E-01,2,1677,Not eroded,0,1,1,1,0,0,1.48E-07,1.97E-07,7.30E-08,2.57E-07,1.29E-07,1,4.60E-04,1,1,1,0,0
1678,1.14E-01,0,1678,Not eroded,0,0,0,0,0,0,0,0.00E+00,0.00E+00,0,0,1,0.00E+00,1,1,1,1,1
1679,2.48E-01,0,1679,Not eroded,0,1,1,1,1,0,0,0.00E+00,0.00E+00,0,0,1,0.00E+00,1,1,1,1,1
1680,1.15E-01,5,1680,Not eroded,0,0,0,0,0,0,1.42E-07,1.47E-08,1.59E-08,1.43E-07,2.86E-08,0,2.56E-04,0,1,0,0,0
1681,2.01E-01,3,1681,Not eroded,0,1,0,0,0,0,-2.40E-07,2.74E-07,1.37E-07,3.90E-07,1.30E-07,1,6.98E-04,1,1,0,0,0
1682,1.42E-01,4,1682,Not eroded,0,0,0,0,0,0,-3.06E-06,2.33E-06,3.92E-07,3.87E-06,9.67E-07,0,6.92E-03,1,1,0,0,0
1683,1.68E-01,4,1683,Not eroded,0,0,0,0,0,0,-1.15E-07,3.06E-07,6.78E-08,3.34E-07,8.35E-08,0,5.97E-04,1,1,0,0,0
1685,1.33E-01,0,1685,Not eroded,0,0,0,0,0,0,0,0.00E+00,0.00E+00,0,0,1,0.00E+00,1,1,1,1,1
1686,1.77E-01,0,1686,Not eroded,0,0,0,0,0,0,0,0.00E+00,0.00E+00,0,0,1,0.00E+00,1,1,1,1,1
1687,2.65E-01,4,1687,Not eroded,0,1,1,1,1,1,-8.24E-08,-1.20E-07,1.04E-06,1.05E-06,2.62E-07,0,1.88E-03,1,1,0,0,0
1688,1.76E-01,4,1688,Not eroded,0,0,0,0,0,0,2.06E-07,-1.26E-07,5.98E-08,2.49E-07,6.22E-08,0,4.45E-04,1,1,0,0,0
1689,9.27E-02,5,1689,Not eroded,0,0,0,0,0,0,-1.14E-07,2.85E-07,4.23E-07,5.22E-07,1.04E-07,0,9.34E-04,0,1,0,0,0
1690,1.06E-01,4,1690,Not eroded,0,0,0,0,0,0,4.61E-06,1.05E-06,1.37E-06,4.92E-06,1.23E-06,0,8.80E-03,1,1,0,0,0
1691,2.53E-01,4,1691,Not eroded,0,1,1,1,1,1,2.06E-06,2.34E-06,6.59E-07,3.19E-06,7.97E-07,0,5.71E-03,1,1,0,0,0
1692,1.07E-01,0,1692,Not eroded,0,0,0,0,0,0,0,0.00E+00,0.00E+00,0,0,1,0.00E+00,1,1,1,1,1
1693,1.56E-01,4,1693,Not eroded,0,0,0,0,0,0,1.48E-08,-7.49E-08,-1.12E-07,1.36E-07,3.40E-08,0,2.43E-04,1,1,0,0,0
1694,2.00E-01,6,1694,Not eroded,0,1,0,0,0,0,-1.91E-08,3.44E-07,-5.56E-08,3.49E-07,5.81E-08,0,6.24E-04,0,0,0,0,0
1695,1.75E-01,0,1695,Not eroded,0,0,0,0,0,0,0,0.00E+00,0.00E+00,0,0,1,0.00E+00,1,1,1,1,1
1696,1.04E-01,0,1696,Not eroded,0,0,0,0,0,0,0,0.00E+00,0.00E+00,0,0,1,0.00E+00,1,1,1,1,1
1698,2.02E-01,0,1698,Not eroded,0,1,0,0,0,0,0,0.00E+00,0.00E+00,0,0,1,0.00E+00,1,1,1,1,1
1699,5.66E-02,4,1699,Not eroded,0,0,0,0,0,0,2.69E-07,2.92E-07,-1.37E-06,1.42E-06,3.56E-07,0,2.54E-03,1,1,0,0,0
1700,2.31E-01,0,1700,Not eroded,0,1,1,1,0,0,0,0.00E+00,0.00E+00,0,0,1,0.00E+00,1,1,1,1,1
1702,1.29E-01,0,1702,Not eroded,0,0,0,0,0,0,0,0.00E+00,0.00E+00,0,0,1,0.00E+00,1,1,1,1,1
1703,1.82E-01,3,1703,Not eroded,0,0,0,0,0,0,-3.44E-08,-5.05E-07,-2.20E-07,5.51E-07,1.84E-07,1,9.86E-04,1,1,0,0,0
1704,1.95E-01,0,1704,Not eroded,0,1,0,0,0,0,0,0.00E+00,0.00E+00,0,0,1,0.00E+00,1,1,1,1,1
1705,6.76E-02,5,1705,Not eroded,0,0,0,0,0,0,-2.09E-08,-1.05E-07,1.52E-06,1.52E-06,3.04E-07,0,2.72E-03,0,1,0,0,0
1706,9.98E-02,4,1706,Not eroded,0,0,0,0,0,0,-4.66E-08,-8.98E-07,6.69E-07,1.12E-06,2.80E-07,0,2.00E-03,1,1,0,0,0
1707,7.57E-02,4,1707,Not eroded,0,0,0,0,0,0,7.23E-08,-9.20E-08,5.41E-07,5.53E-07,1.38E-07,0,9.89E-04,1,1,0,0,0
1708,7.16E-02,3,1708,Not eroded,0,0,0,0,0,0,-1.12E-07,-2.72E-07,7.90E-08,3.04E-07,1.01E-07,1,5.44E-04,1,1,0,0,0
1709,1.11E-01,4,1709,Not eroded,0,0,0,0,0,0,-1.78E-07,1.93E-07,1.13E-07,2.86E-07,7.15E-08,0,5.12E-04,1,1,0,0,0
1711,6.84E-02,2,1711,Not eroded,0,0,0,0,0,0,-2.84E-07,-3.41E-08,1.51E-07,3.24E-07,1.62E-07,1,5.80E-04,1,1,1,0,0
1712,6.85E-02,3,1712,Not eroded,0,0,0,0,0,0,2.25E-07,-1.49E-07,1.07E-07,2.90E-07,9.67E-08,1,5.19E-04,1,1,0,0,0
1713,9.79E-02,3,1713,Not eroded,0,0,0,0,0,0,2.33E-07,-5.78E-08,6.68E-08,2.49E-07,8.31E-08,1,4.45E-04,1,1,0,0,0
1714,1.74E-01,5,1714,Not eroded,0,0,0,0,0,0,1.77E-07,8.01E-09,8.60E-08,1.97E-07,3.93E-08,0,3.52E-04,0,1,0,0,0
1715,5.66E-02,3,1715,Not eroded,0,0,0,0,0,0,-1.28E-09,-8.83E-08,-1.33E-06,1.33E-06,4.44E-07,1,2.38E-03,1,1,0,0,0
1716,5.66E-02,4,1716,Not eroded,0,0,0,0,0,0,-3.19E-07,3.37E-07,-9.04E-07,1.02E-06,2.54E-07,0,1.82E-03,1,1,0,0,0
1717,2.43E-01,3,1717,Not eroded,0,1,1,1,1,0,-9.45E-08,2.45E-07,5.65E-08,2.69E-07,8.95E-08,1,4.81E-04,1,1,0,0,0
1718,2.89E-01,0,1718,Not eroded,0,1,1,1,1,1,0,0.00E+00,0.00E+00,0,0,1,0.00E+00,1,1,1,1,1
1719,2.03E-01,4,1719,Not eroded,0,1,0,0,0,0,1.42E-07,7.38E-08,3.30E-06,3.30E-06,8.25E-07,0,5.90E-03,1,1,0,0,0
1720,2.65E-01,3,1720,Not eroded,0,1,1,1,1,1,-1.08E-07,3.51E-07,3.35E-07,4.97E-07,1.66E-07,1,8.89E-04,1,1,0,0,0
1721,1.32E-01,4,1721,Not eroded,0,0,0,0,0,0,1.36E-07,2.14E-07,-1.06E-07,2.75E-07,6.87E-08,0,4.92E-04,1,1,0,0,0
1722,2.91E-01,5,1722,Not eroded,0,1,1,1,1,1,2.53E-06,3.69E-06,1.89E-06,4.86E-06,9.71E-07,0,8.69E-03,0,1,0,0,0
1723,1.93E-01,5,1723,Not eroded,0,1,0,0,0,0,9.22E-09,2.30E-07,2.29E-07,3.24E-07,6.48E-08,0,5.80E-04,0,1,0,0,0
1724,3.18E-01,0,1724,ERODED,1,1,1,1,1,1,0,0.00E+00,0.00E+00,0,0,1,0.00E+00,1,1,1,1,1
1725,1.51E-01,4,1725,Not eroded,0,0,0,0,0,0,8.53E-07,1.60E-07,7.55E-07,1.15E-06,2.87E-07,0,2.06E-03,1,1,0,0,0
1726,1.94E-01,6,1726,Not eroded,0,1,0,0,0,0,-2.21E-07,1.12E-06,9.05E-07,1.46E-06,2.43E-07,0,2.61E-03,0,0,0,0,0
1727,1.50E-01,0,1727,Not eroded,0,0,0,0,0,0,0,0.00E+00,0.00E+00,0,0,1,0.00E+00,1,1,1,1,1
1729,2.02E-01,5,1729,Not eroded,0,1,0,0,0,0,2.20E-07,5.82E-07,-1.68E-08,6.22E-07,1.24E-07,0,1.11E-03,0,1,0,0,0
1731,2.30E-01,5,1731,Not eroded,0,1,1,0,0,0,-2.21E-07,4.46E-07,-4.44E-07,6.67E-07,1.33E-07,0,1.19E-03,0,1,0,0,0
1732,2.85E-01,3,1732,Not eroded,0,1,1,1,1,1,-4.50E-09,-2.78E-07,4.28E-08,2.81E-07,9.37E-08,1,5.03E-04,1,1,0,0,0
1733,1.44E-01,3,1733,Not eroded,0,0,0,0,0,0,-2.30E-07,1.03E-08,1.94E-07,3.01E-07,1.00E-07,1,5.38E-04,1,1,0,0,0
1735,7.60E-02,0,1735,Not eroded,0,0,0,0,0,0,0,0.00E+00,0.00E+00,0,0,1,0.00E+00,1,1,1,1,1
1737,9.04E-02,3,1737,Not eroded,0,0,0,0,0,0,8.91E-07,-1.86E-06,-9.49E-08,2.07E-06,6.89E-07,1,3.70E-03,1,1,0,0,0
1738,2.97E-01,0,1738,ERODED,1,1,1,1,1,1,0,0.00E+00,0.00E+00,0,0,1,0.00E+00,1,1,1,1,1
1739,2.44E-01,5,1739,Not eroded,0,1,1,1,1,0,2.54E-06,-3.18E-06,5.80E-06,7.09E-06,1.42E-06,0,1.27E-02,0,1,0,0,0
1740,1.59E-01,5,1740,Not eroded,0,0,0,0,0,0,2.34E-08,2.36E-07,1.70E-07,2.92E-07,5.83E-08,0,5.22E-04,0,1,0,0,0
1741,2.28E-01,0,1741,Not eroded,0,1,1,0,0,0,0,0.00E+00,0.00E+00,0,0,1,0.00E+00,1,1,1,1,1
1742,2.88E-01,0,1742,ERODED,1,1,1,1,1,1,0,0.00E+00,0.00E+00,0,0,1,0.00E+00,1,1,1,1,1
1743,5.87E-02,0,1743,Not eroded,0,0,0,0,0,0,0,0.00E+00,0.00E+00,0,0,1,0.00E+00,1,1,1,1,1
1744,5.66E-02,3,1744,Not eroded,0,0,0,0,0,0,-1.41E-06,1.02E-07,-1.51E-06,2.07E-06,6.89E-07,1,3.70E-03,1,1,0,0,0
1745,1.00E-01,0,1745,Not eroded,0,0,0,0,0,0,0,0.00E+00,0.00E+00,0,0,1,0.00E+00,1,1,1,1,1
1746,2.41E-01,4,1746,Not eroded,0,1,1,1,1,0,3.17E-07,2.34E-07,1.23E-07,4.13E-07,1.03E-07,0,7.39E-04,1,1,0,0,0
1747,7.99E-02,4,1747,Not eroded,0,0,0,0,0,0,5.22E-07,1.10E-07,5.01E-07,7.31E-07,1.83E-07,0,1.31E-03,1,1,0,0,0
1748,2.73E-01,3,1748,Not eroded,0,1,1,1,1,1,2.04E-09,-8.09E-07,-7.54E-08,8.13E-07,2.71E-07,1,1.45E-03,1,1,0,0,0
1749,1.69E-01,3,1749,Not eroded,0,0,0,0,0,0,7.12E-07,3.85E-07,5.35E-08,8.12E-07,2.71E-07,1,1.45E-03,1,1,0,0,0
1750,1.76E-01,0,1750,Not eroded,0,0,0,0,0,0,0,0.00E+00,0.00E+00,0,0,1,0.00E+00,1,1,1,1,1
1751,1.71E-01,0,1751,Not eroded,0,0,0,0,0,0,0,0.00E+00,0.00E+00,0,0,1,0.00E+00,1,1,1,1,1
1752,2.13E-01,3,1752,Not eroded,0,1,0,0,0,0,-1.32E-08,-6.11E-07,1.59E-07,6.31E-07,2.10E-07,1,1.13E-03,1,1,0,0,0
1753,2.41E-01,0,1753,Not eroded,0,1,1,1,1,0,0,0.00E+00,0.00E+00,0,0,1,0.00E+00,1,1,1,1,1
1754,1.47E-01,6,1754,Not eroded,0,0,0,0,0,0,-9.41E-08,-7.39E-08,3.35E-07,3.56E-07,5.93E-08,0,6.37E-04,0,0,0,0,0
1755,1.93E-01,5,1755,Not eroded,0,1,0,0,0,0,1.95E-07,1.02E-07,2.40E-07,3.26E-07,6.51E-08,0,5.83E-04,0,1,0,0,0
1756,2.32E-01,3,1756,Not eroded,0,1,1,1,0,0,-5.26E-08,-5.71E-07,-2.24E-07,6.15E-07,2.05E-07,1,1.10E-03,1,1,0,0,0
1757,5.65E-02,3,1757,Not eroded,0,0,0,0,0,0,-8.01E-07,-2.91E-07,-9.53E-07,1.28E-06,4.26E-07,1,2.29E-03,1,1,0,0,0
1758,2.58E-01,4,1758,Not eroded,0,1,1,1,1,1,6.24E-08,-6.98E-08,-3.09E-07,3.23E-07,8.06E-08,0,5.78E-04,1,1,0,0,0
1759,6.47E-02,5,1759,Not eroded,0,0,0,0,0,0,5.76E-08,-2.75E-07,4.78E-07,5.55E-07,1.11E-07,0,9.93E-04,0,1,0,0,0
1760,1.03E-01,6,1760,Not eroded,0,0,0,0,0,0,-2.46E-08,-8.69E-08,-2.95E-08,9.50E-08,1.58E-08,0,1.70E-04,0,0,0,0,0
1761,5.66E-02,3,1761,Not eroded,0,0,0,0,0,0,4.79E-08,-1.48E-07,-1.48E-06,1.49E-06,4.95E-07,1,2.67E-03,1,1,0,0,0
1763,1.17E-01,5,1763,Not eroded,0,0,0,0,0,0,4.86E-07,8.32E-07,1.17E-07,9.71E-07,1.94E-07,0,1.74E-03,0,1,0,0,0
1764,2.18E-01,4,1764,Not eroded,0,1,0,0,0,0,6.50E-08,6.85E-07,1.57E-07,7.05E-07,1.76E-07,0,1.26E-03,1,1,0,0,0
1765,1.25E-01,5,1765,Not eroded,0,0,0,0,0,0,1.77E-07,-8.01E-07,2.68E-07,8.63E-07,1.73E-07,0,1.54E-03,0,1,0,0,0
1766,2.83E-01,4,1766,Not eroded,0,1,1,1,1,1,-1.86E-07,4.31E-09,-3.08E-07,3.60E-07,9.01E-08,0,6.44E-04,1,1,0,0,0
1768,5.66E-02,4,1768,Not eroded,0,0,0,0,0,0,2.24E-07,6.54E-07,-1.52E-06,1.67E-06,4.17E-07,0,2.99E-03,1,1,0,0,0
1770,2.78E-01,0,1770,Not eroded,0,1,1,1,1,1,0,0.00E+00,0.00E+00,0,0,1,0.00E+00,1,1,1,1,1
1771,1.78E-01,5,1771,Not eroded,0,0,0,0,0,0,-7.59E-08,-1.74E-07,-6.05E-08,1.99E-07,3.98E-08,0,3.56E-04,0,1,0,0,0
1772,1.50E-01,4,1772,Not eroded,0,0,0,0,0,0,1.34E-07,2.17E-07,4.57E-07,5.24E-07,1.31E-07,0,9.37E-04,1,1,0,0,0
1773,1.36E-01,4,1773,Not eroded,0,0,0,0,0,0,-8.31E-08,-4.55E-08,-1.08E-07,1.44E-07,3.60E-08,0,2.58E-04,1,1,0,0,0
1774,8.91E-02,5,1774,Not eroded,0,0,0,0,0,0,3.32E-07,7.06E-07,9.32E-07,1.22E-06,2.43E-07,0,2.18E-03,0,1,0,0,0
1775,2.96E-01,4,1775,Not eroded,0,1,1,1,1,1,6.73E-08,-5.89E-07,-3.30E-08,5.94E-07,1.48E-07,0,1.06E-03,1,1,0,0,0
1776,2.31E-01,3,1776,Not eroded,0,1,1,1,0,0,-1.15E-07,-3.92E-07,2.33E-08,4.09E-07,1.36E-07,1,7.32E-04,1,1,0,0,0
1777,2.02E-01,4,1777,Not eroded,0,1,0,0,0,0,1.93E-07,-2.40E-08,5.41E-07,5.75E-07,1.44E-07,0,1.03E-03,1,1,0,0,0
1778,1.07E-01,3,1778,Not eroded,0,0,0,0,0,0,1.59E-07,1.07E-07,-7.35E-08,2.05E-07,6.84E-08,1,3.67E-04,1,1,0,0,0
1779,7.46E-02,0,1779,Not eroded,0,0,0,0,0,0,0,0.00E+00,0.00E+00,0,0,1,0.00E+00,1,1,1,1,1
1780,2.57E-01,3,1780,Not eroded,0,1,1,1,1,1,4.21E-07,-2.20E-07,6.84E-07,8.32E-07,2.77E-07,1,1.49E-03,1,1,0,0,0
1781,9.30E-02,3,1781,Not eroded,0,0,0,0,0,0,4.50E-10,5.19E-08,6.00E-07,6.02E-07,2.01E-07,1,1.08E-03,1,1,0,0,0
1782,2.29E-01,0,1782,Not eroded,0,1,1,0,0,0,0,0.00E+00,0.00E+00,0,0,1,0.00E+00,1,1,1,1,1
1783,1.42E-01,4,1783,Not eroded,0,0,0,0,0,0,2.07E-07,-4.14E-08,7.48E-07,7.78E-07,1.94E-07,0,1.39E-03,1,1,0,0,0
1784,2.54E-01,4,1784,Not eroded,0,1,1,1,1,1,-3.89E-07,3.85E-07,6.58E-08,5.51E-07,1.38E-07,0,9.86E-04,1,1,0,0,0
1785,2.13E-01,5,1785,Not eroded,0,1,0,0,0,0,3.18E-07,1.74E-07,3.99E-08,3.65E-07,7.30E-08,0,6.53E-04,0,1,0,0,0
1786,1.29E-01,4,1786,Not eroded,0,0,0,0,0,0,-2.03E-07,1.81E-07,6.58E-08,2.80E-07,6.99E-08,0,5.01E-04,1,1,0,0,0
1787,3.19E-01,2,1787,Not eroded,0,1,1,1,1,1,-3.76E-07,5.72E-09,6.12E-08,3.81E-07,1.90E-07,1,6.81E-04,1,1,1,0,0
1788,5.65E-02,4,1788,Not eroded,0,0,0,0,0,0,6.95E-08,4.11E-09,-1.42E-06,1.42E-06,3.55E-07,0,2.54E-03,1,1,0,0,0
1789,1.76E-01,5,1789,Not eroded,0,0,0,0,0,0,2.37E-07,-4.01E-08,4.54E-07,5.14E-07,1.03E-07,0,9.19E-04,0,1,0,0,0
1790,5.66E-02,4,1790,Not eroded,0,0,0,0,0,0,1.57E-07,9.08E-08,-1.30E-06,1.32E-06,3.29E-07,0,2.36E-03,1,1,0,0,0
1791,2.14E-01,5,1791,Not eroded,0,1,0,0,0,0,8.71E-08,2.62E-07,9.88E-08,2.93E-07,5.86E-08,0,5.24E-04,0,1,0,0,0
1792,9.65E-02,3,1792,Not eroded,0,0,0,0,0,0,9.77E-07,7.98E-07,6.36E-06,6.49E-06,2.16E-06,1,1.16E-02,1,1,0,0,0
1793,9.29E-02,4,1793,Not eroded,0,0,0,0,0,0,-5.22E-07,1.12E-07,4.59E-07,7.04E-07,1.76E-07,0,1.26E-03,1,1,0,0,0
1794,2.36E-01,4,1794,Not eroded,0,1,1,1,0,0,-5.40E-08,-7.09E-07,-3.25E-08,7.12E-07,1.78E-07,0,1.27E-03,1,1,0,0,0
1795,1.44E-01,4,1795,Not eroded,0,0,0,0,0,0,5.97E-07,-3.50E-06,-6.61E-06,7.50E-06,1.88E-06,0,1.34E-02,1,1,0,0,0
1796,1.97E-01,4,1796,Not eroded,0,1,0,0,0,0,-1.14E-07,-4.37E-08,5.62E-07,5.75E-07,1.44E-07,0,1.03E-03,1,1,0,0,0
1797,2.00E-01,0,1797,Not eroded,0,1,0,0,0,0,0,0.00E+00,0.00E+00,0,0,1,0.00E+00,1,1,1,1,1
1798,7.36E-02,0,1798,Not eroded,0,0,0,0,0,0,0,0.00E+00,0.00E+00,0,0,1,0.00E+00,1,1,1,1,1
1799,1.60E-01,0,1799,Not eroded,0,0,0,0,0,0,0,0.00E+00,0.00E+00,0,0,1,0.00E+00,1,1,1,1,1
1800,1.35E-01,5,1800,Not eroded,0,0,0,0,0,0,6.96E-07,-2.75E-06,1.41E-06,3.17E-06,6.33E-07,0,5.67E-03,0,1,0,0,0
1801,5.66E-02,2,1801,Not eroded,0,0,0,0,0,0,4.24E-08,1.44E-07,-7.44E-08,1.67E-07,8.37E-08,1,2.99E-04,1,1,1,0,0
1802,1.25E-01,6,1802,Not eroded,0,0,0,0,0,0,3.35E-06,-6.00E-08,8.47E-06,9.10E-06,1.52E-06,0,1.63E-02,0,0,0,0,0
1803,1.95E-01,0,1803,Not eroded,0,1,0,0,0,0,0,0.00E+00,0.00E+00,0,0,1,0.00E+00,1,1,1,1,1
1804,2.60E-01,2,1804,Not eroded,0,1,1,1,1,1,7.30E-08,1.00E-06,1.04E-06,1.44E-06,7.22E-07,1,2.58E-03,1,1,1,0,0
1805,8.44E-02,6,1805,Not eroded,0,0,0,0,0,0,7.90E-08,-9.04E-08,-4.20E-08,1.27E-07,2.12E-08,0,2.27E-04,0,0,0,0,0
1806,1.49E-01,3,1806,Not eroded,0,0,0,0,0,0,-8.98E-08,1.06E-07,1.12E-07,1.78E-07,5.94E-08,1,3.18E-04,1,1,0,0,0
1807,8.17E-02,3,1807,Not eroded,0,0,0,0,0,0,7.11E-07,-3.24E-07,2.24E-07,8.13E-07,2.71E-07,1,1.45E-03,1,1,0,0,0
1808,5.66E-02,4,1808,Not eroded,0,0,0,0,0,0,3.55E-07,-1.89E-07,-1.35E-06,1.41E-06,3.52E-07,0,2.52E-03,1,1,0,0,0
1809,7.27E-02,4,1809,Not eroded,0,0,0,0,0,0,2.84E-07,6.90E-08,7.72E-07,8.25E-07,2.06E-07,0,1.48E-03,1,1,0,0,0
1811,1.54E-01,0,1811,Not eroded,0,0,0,0,0,0,0,0.00E+00,0.00E+00,0,0,1,0.00E+00,1,1,1,1,1
1812,1.04E-01,4,1812,Not eroded,0,0,0,0,0,0,7.66E-08,1.05E-07,-6.69E-08,1.46E-07,3.65E-08,0,2.61E-04,1,1,0,0,0
1813,2.35E-01,0,1813,Not eroded,0,1,1,1,0,0,0,0.00E+00,0.00E+00,0,0,1,0.00E+00,1,1,1,1,1
1814,6.41E-02,5,1814,Not eroded,0,0,0,0,0,0,6.83E-08,-1.64E-07,1.22E-07,2.16E-07,4.31E-08,0,3.86E-04,0,1,0,0,0
1815,1.14E-01,0,1815,Not eroded,0,0,0,0,0,0,0,0.00E+00,0.00E+00,0,0,1,0.00E+00,1,1,1,1,1
1816,9.75E-02,4,1816,Not eroded,0,0,0,0,0,0,7.25E-07,-3.28E-07,2.67E-07,8.39E-07,2.10E-07,0,1.50E-03,1,1,0,0,0
1818,1.57E-01,0,1818,Not eroded,0,0,0,0,0,0,0,0.00E+00,0.00E+00,0,0,1,0.00E+00,1,1,1,1,1
1819,1.91E-01,0,1819,Not eroded,0,1,0,0,0,0,0,0.00E+00,0.00E+00,0,0,1,0.00E+00,1,1,1,1,1
1820,2.80E-01,4,1820,Not eroded,0,1,1,1,1,1,4.36E-08,1.85E-07,-1.29E-07,2.30E-07,5.74E-08,0,4.11E-04,1,1,0,0,0
1821,2.89E-01,2,1821,Not eroded,0,1,1,1,1,1,2.45E-07,9.97E-08,-1.51E-07,3.05E-07,1.52E-07,1,5.46E-04,1,1,1,0,0
1822,1.32E-01,5,1822,Not eroded,0,0,0,0,0,0,5.47E-07,3.74E-07,1.48E-07,6.79E-07,1.36E-07,0,1.21E-03,0,1,0,0,0
1823,7.22E-02,4,1823,Not eroded,0,0,0,0,0,0,6.21E-07,7.22E-07,4.13E-07,1.04E-06,2.60E-07,0,1.86E-03,1,1,0,0,0
1824,8.52E-02,3,1824,Not eroded,0,0,0,0,0,0,5.68E-07,3.09E-07,-2.11E-08,6.47E-07,2.16E-07,1,1.16E-03,1,1,0,0,0
1825,3.22E-01,0,1825,ERODED,1,1,1,1,1,1,0,0.00E+00,0.00E+00,0,0,1,0.00E+00,1,1,1,1,1
1826,2.00E-01,5,1826,Not eroded,0,1,0,0,0,0,-1.79E-07,-4.99E-07,1.75E-07,5.58E-07,1.12E-07,0,9.98E-04,0,1,0,0,0
1827,2.24E-01,4,1827,Not eroded,0,1,1,0,0,0,1.75E-07,-8.91E-07,3.49E-07,9.73E-07,2.43E-07,0,1.74E-03,1,1,0,0,0
1828,1.13E-01,5,1828,Not eroded,0,0,0,0,0,0,5.76E-08,3.06E-07,2.74E-07,4.15E-07,8.29E-08,0,7.42E-04,0,1,0,0,0
1829,1.74E-01,0,1829,Not eroded,0,0,0,0,0,0,0,0.00E+00,0.00E+00,0,0,1,0.00E+00,1,1,1,1,1
1831,5.66E-02,3,1831,Not eroded,0,0,0,0,0,0,5.88E-08,8.50E-08,-1.24E-06,1.24E-06,4.14E-07,1,2.22E-03,1,1,0,0,0
1833,7.60E-02,3,1833,Not eroded,0,0,0,0,0,0,-1.36E-06,-3.08E-08,-1.72E-07,1.37E-06,4.57E-07,1,2.45E-03,1,1,0,0,0
1834,2.00E-01,6,1834,Not eroded,0,1,0,0,0,0,-1.44E-08,7.82E-08,-5.20E-09,7.97E-08,1.33E-08,0,1.43E-04,0,0,0,0,0
1835,1.04E-01,0,1835,Not eroded,0,0,0,0,0,0,0,0.00E+00,0.00E+00,0,0,1,0.00E+00,1,1,1,1,1
1836,2.30E-01,2,1836,Not eroded,0,1,1,0,0,0,4.26E-07,-2.38E-08,2.13E-07,4.77E-07,2.38E-07,1,8.53E-04,1,1,1,0,0
1838,2.38E-01,3,1838,Not eroded,0,1,1,1,0,0,-2.24E-06,5.07E-06,2.35E-06,6.02E-06,2.01E-06,1,1.08E-02,1,1,0,0,0
1839,3.25E-01,0,1839,ERODED,1,1,1,1,1,1,0,0.00E+00,0.00E+00,0,0,1,0.00E+00,1,1,1,1,1
1840,2.94E-01,6,1840,Not eroded,0,1,1,1,1,1,9.99E-06,-2.26E-07,-4.40E-06,1.09E-05,1.82E-06,0,1.95E-02,0,0,0,0,0
1841,3.30E-01,0,1841,ERODED,1,1,1,1,1,1,0,0.00E+00,0.00E+00,0,0,1,0.00E+00,1,1,1,1,1
1842,1.10E-01,5,1842,Not eroded,0,0,0,0,0,0,1.05E-07,-1.40E-07,4.89E-09,1.75E-07,3.50E-08,0,3.13E-04,0,1,0,0,0
1843,2.30E-01,6,1843,Not eroded,0,1,1,0,0,0,2.02E-07,-2.31E-07,1.95E-08,3.07E-07,5.12E-08,0,5.49E-04,0,0,0,0,0
1844,3.15E-01,0,1844,ERODED,1,1,1,1,1,1,0,0.00E+00,0.00E+00,0,0,1,0.00E+00,1,1,1,1,1
1846,1.29E-01,0,1846,Not eroded,0,0,0,0,0,0,0,0.00E+00,0.00E+00,0,0,1,0.00E+00,1,1,1,1,1
1847,1.82E-01,5,1847,Not eroded,0,0,0,0,0,0,-2.33E-07,1.63E-07,-2.68E-07,3.91E-07,7.81E-08,0,6.99E-04,0,1,0,0,0
1848,1.96E-01,4,1848,Not eroded,0,1,0,0,0,0,-1.11E-07,2.23E-07,1.22E-06,1.25E-06,3.12E-07,0,2.24E-03,1,1,0,0,0
1849,1.07E-01,0,1849,Not eroded,0,0,0,0,0,0,0,0.00E+00,0.00E+00,0,0,1,0.00E+00,1,1,1,1,1
1851,2.22E-01,0,1851,Not eroded,0,1,1,0,0,0,0,0.00E+00,0.00E+00,0,0,1,0.00E+00,1,1,1,1,1
1852,1.51E-01,3,1852,Not eroded,0,0,0,0,0,0,4.09E-07,-4.05E-08,2.05E-07,4.60E-07,1.53E-07,1,8.23E-04,1,1,0,0,0
1853,2.28E-01,6,1853,Not eroded,0,1,1,0,0,0,8.60E-08,1.37E-06,1.08E-06,1.74E-06,2.91E-07,0,3.11E-03,0,0,0,0,0
1854,1.59E-01,4,1854,Not eroded,0,0,0,0,0,0,1.33E-07,-6.30E-08,8.57E-08,1.70E-07,4.26E-08,0,3.04E-04,1,1,0,0,0
1855,2.27E-01,4,1855,Not eroded,0,1,1,0,0,0,5.94E-06,1.84E-06,4.26E-06,7.53E-06,1.88E-06,0,1.35E-02,1,1,0,0,0
1856,1.16E-01,0,1856,Not eroded,0,0,0,0,0,0,0,0.00E+00,0.00E+00,0,0,1,0.00E+00,1,1,1,1,1
1857,2.08E-01,0,1857,Not eroded,0,1,0,0,0,0,0,0.00E+00,0.00E+00,0,0,1,0.00E+00,1,1,1,1,1
1858,9.19E-02,7,1858,Not eroded,0,0,0,0,0,0,1.31E-07,2.01E-07,-5.31E-08,2.46E-07,3.51E-08,0,4.40E-04,0,0,0,0,0
1859,8.97E-02,0,1859,Not eroded,0,0,0,0,0,0,0,0.00E+00,0.00E+00,0,0,1,0.00E+00,1,1,1,1,1
1860,2.92E-01,5,1860,Not eroded,0,1,1,1,1,1,3.55E-08,-1.05E-06,1.14E-07,1.05E-06,2.11E-07,0,1.88E-03,0,1,0,0,0
1861,2.16E-01,0,1861,Not eroded,0,1,0,0,0,0,0,0.00E+00,0.00E+00,0,0,1,0.00E+00,1,1,1,1,1
1863,1.83E-01,0,1863,Not eroded,0,0,0,0,0,0,0,0.00E+00,0.00E+00,0,0,1,0.00E+00,1,1,1,1,1
1864,1.42E-01,0,1864,Not eroded,0,0,0,0,0,0,0,0.00E+00,0.00E+00,0,0,1,0.00E+00,1,1,1,1,1
1865,9.18E-02,4,1865,Not eroded,0,0,0,0,0,0,8.01E-08,-5.14E-08,-4.43E-08,1.05E-07,2.62E-08,0,1.88E-04,1,1,0,0,0
1866,2.41E-01,5,1866,Not eroded,0,1,1,1,1,0,-5.37E-06,1.40E-05,3.06E-07,1.50E-05,3.00E-06,0,2.68E-02,0,1,0,0,0
1867,2.21E-01,0,1867,Not eroded,0,1,1,0,0,0,0,0.00E+00,0.00E+00,0,0,1,0.00E+00,1,1,1,1,1
1868,1.18E-01,4,1868,Not eroded,0,0,0,0,0,0,4.13E-07,-7.43E-08,-8.05E-09,4.20E-07,1.05E-07,0,7.51E-04,1,1,0,0,0
1869,5.66E-02,3,1869,Not eroded,0,0,0,0,0,0,3.50E-07,-4.08E-08,-1.31E-06,1.36E-06,4.53E-07,1,2.43E-03,1,1,0,0,0
1870,2.70E-01,0,1870,Not eroded,0,1,1,1,1,1,0,0.00E+00,0.00E+00,0,0,1,0.00E+00,1,1,1,1,1
1871,1.53E-01,5,1871,Not eroded,0,0,0,0,0,0,-2.57E-08,2.46E-07,2.68E-07,3.65E-07,7.30E-08,0,6.53E-04,0,1,0,0,0
1872,1.57E-01,3,1872,Not eroded,0,0,0,0,0,0,8.63E-06,5.56E-05,4.13E-05,6.98E-05,2.33E-05,1,1.25E-01,1,1,0,0,0
1873,8.26E-02,4,1873,Not eroded,0,0,0,0,0,0,3.14E-07,2.20E-07,-8.02E-07,8.89E-07,2.22E-07,0,1.59E-03,1,1,0,0,0
1874,1.49E-01,0,1874,Not eroded,0,0,0,0,0,0,0,0.00E+00,0.00E+00,0,0,1,0.00E+00,1,1,1,1,1
1875,1.25E-01,3,1875,Not eroded,0,0,0,0,0,0,4.06E-07,-3.10E-08,-2.57E-07,4.81E-07,1.60E-07,1,8.60E-04,1,1,0,0,0
1876,1.27E-01,4,1876,Not eroded,0,0,0,0,0,0,1.75E-06,1.25E-06,2.09E-06,3.00E-06,7.51E-07,0,5.37E-03,1,1,0,0,0
1877,2.75E-01,4,1877,Not eroded,0,1,1,1,1,1,2.69E-08,-8.00E-07,4.57E-08,8.02E-07,2.01E-07,0,1.43E-03,1,1,0,0,0
1878,2.92E-01,6,1878,Not eroded,0,1,1,1,1,1,7.04E-06,3.12E-07,4.05E-07,7.06E-06,1.18E-06,0,1.26E-02,0,0,0,0,0
1879,2.51E-01,3,1879,Not eroded,0,1,1,1,1,1,-2.94E-08,-7.76E-08,5.53E-07,5.59E-07,1.86E-07,1,1.00E-03,1,1,0,0,0
1880,3.30E-01,0,1880,ERODED,1,1,1,1,1,1,0,0.00E+00,0.00E+00,0,0,1,0.00E+00,1,1,1,1,1
1881,1.49E-01,4,1881,Not eroded,0,0,0,0,0,0,1.11E-06,5.70E-07,3.38E-07,1.29E-06,3.23E-07,0,2.31E-03,1,1,0,0,0
1882,2.38E-01,0,1882,Not eroded,0,1,1,1,0,0,0,0.00E+00,0.00E+00,0,0,1,0.00E+00,1,1,1,1,1
1883,2.14E-01,3,1883,Not eroded,0,1,0,0,0,0,4.99E-08,1.49E-07,3.52E-08,1.61E-07,5.37E-08,1,2.88E-04,1,1,0,0,0
1884,2.61E-01,2,1884,Not eroded,0,1,1,1,1,1,1.06E-08,3.40E-07,-4.44E-07,5.59E-07,2.79E-07,1,1.00E-03,1,1,1,0,0
1885,2.47E-01,2,1885,Not eroded,0,1,1,1,1,0,1.87E-06,1.70E-07,1.49E-06,2.40E-06,1.20E-06,1,4.29E-03,1,1,1,0,0
1886,1.10E-01,4,1886,Not eroded,0,0,0,0,0,0,-1.00E-06,-1.50E-06,5.51E-08,1.81E-06,4.52E-07,0,3.24E-03,1,1,0,0,0
1887,3.31E-01,0,1887,ERODED,1,1,1,1,1,1,0,0.00E+00,0.00E+00,0,0,1,0.00E+00,1,1,1,1,1
1888,2.91E-01,0,1888,Not eroded,0,1,1,1,1,1,0,0.00E+00,0.00E+00,0,0,1,0.00E+00,1,1,1,1,1
1889,2.56E-01,0,1889,Not eroded,0,1,1,1,1,1,0,0.00E+00,0.00E+00,0,0,1,0.00E+00,1,1,1,1,1
1890,9.35E-02,0,1890,Not eroded,0,0,0,0,0,0,0,0.00E+00,0.00E+00,0,0,1,0.00E+00,1,1,1,1,1
1891,2.69E-01,0,1891,ERODED,1,1,1,1,1,1,0,0.00E+00,0.00E+00,0,0,1,0.00E+00,1,1,1,1,1
1892,9.73E-02,0,1892,Not eroded,0,0,0,0,0,0,0,0.00E+00,0.00E+00,0,0,1,0.00E+00,1,1,1,1,1
1893,1.49E-01,3,1893,Not eroded,0,0,0,0,0,0,1.55E-07,1.60E-07,3.80E-07,4.40E-07,1.47E-07,1,7.87E-04,1,1,0,0,0
1894,9.02E-02,4,1894,Not eroded,0,0,0,0,0,0,6.56E-08,1.06E-07,-6.65E-07,6.76E-07,1.69E-07,0,1.21E-03,1,1,0,0,0
1895,2.10E-01,4,1895,Not eroded,0,1,0,0,0,0,1.23E-07,-7.49E-09,-1.20E-07,1.72E-07,4.29E-08,0,3.08E-04,1,1,0,0,0
1896,2.00E-01,3,1896,Not eroded,0,1,0,0,0,0,3.44E-07,4.70E-07,4.88E-07,7.60E-07,2.53E-07,1,1.36E-03,1,1,0,0,0
1898,8.90E-02,4,1898,Not eroded,0,0,0,0,0,0,-8.10E-08,-1.21E-07,5.12E-08,1.55E-07,3.87E-08,0,2.77E-04,1,1,0,0,0
1899,2.90E-01,0,1899,ERODED,1,1,1,1,1,1,0,0.00E+00,0.00E+00,0,0,1,0.00E+00,1,1,1,1,1
1900,2.11E-01,5,1900,Not eroded,0,1,0,0,0,0,-1.59E-06,1.68E-06,4.82E-07,2.36E-06,4.72E-07,0,4.22E-03,0,1,0,0,0
1901,2.43E-01,4,1901,Not eroded,0,1,1,1,1,0,-2.52E-07,-9.44E-07,-8.44E-08,9.80E-07,2.45E-07,0,1.75E-03,1,1,0,0,0
1902,9.01E-02,4,1902,Not eroded,0,0,0,0,0,0,1.66E-07,4.80E-07,-1.03E-07,5.19E-07,1.30E-07,0,9.28E-04,1,1,0,0,0
1903,2.01E-01,6,1903,Not eroded,0,1,0,0,0,0,3.03E-06,2.83E-06,8.04E-07,4.22E-06,7.04E-07,0,7.55E-03,0,0,0,0,0
1904,6.57E-02,5,1904,Not eroded,0,0,0,0,0,0,-1.44E-07,-1.65E-07,-1.65E-07,2.74E-07,5.48E-08,0,4.90E-04,0,1,0,0,0
1905,2.49E-01,4,1905,Not eroded,0,1,1,1,1,0,2.60E-07,-1.67E-07,4.28E-07,5.28E-07,1.32E-07,0,9.44E-04,1,1,0,0,0
1906,1.07E-01,5,1906,Not eroded,0,0,0,0,0,0,-4.62E-08,-2.13E-08,-1.20E-08,5.23E-08,1.05E-08,0,9.35E-05,0,1,0,0,0
1908,3.08E-01,0,1908,Not eroded,0,1,1,1,1,1,0,0.00E+00,0.00E+00,0,0,1,0.00E+00,1,1,1,1,1
1909,1.19E-01,3,1909,Not eroded,0,0,0,0,0,0,1.48E-07,6.09E-08,2.02E-07,2.58E-07,8.60E-08,1,4.61E-04,1,1,0,0,0
1911,2.36E-01,0,1911,Not eroded,0,1,1,1,0,0,0,0.00E+00,0.00E+00,0,0,1,0.00E+00,1,1,1,1,1
1912,9.08E-02,4,1912,Not eroded,0,0,0,0,0,0,4.56E-08,-7.39E-08,-1.67E-08,8.84E-08,2.21E-08,0,1.58E-04,1,1,0,0,0
1913,2.75E-01,0,1913,ERODED,1,1,1,1,1,1,0,0.00E+00,0.00E+00,0,0,1,0.00E+00,1,1,1,1,1
1914,1.01E-01,2,1914,Not eroded,0,0,0,0,0,0,5.04E-08,-1.02E-07,3.56E-07,3.74E-07,1.87E-07,1,6.69E-04,1,1,1,0,0
1915,6.15E-02,4,1915,Not eroded,0,0,0,0,0,0,-2.84E-08,-7.62E-08,4.89E-08,9.49E-08,2.37E-08,0,1.70E-04,1,1,0,0,0
1916,3.06E-01,3,1916,Not eroded,0,1,1,1,1,1,2.49E-06,1.12E-06,1.75E-06,3.24E-06,1.08E-06,1,5.80E-03,1,1,0,0,0
1917,6.25E-02,7,1917,Not eroded,0,0,0,0,0,0,-1.06E-07,-4.47E-08,-5.94E-08,1.29E-07,1.85E-08,0,2.31E-04,0,0,0,0,0
1918,1.31E-01,0,1918,Not eroded,0,0,0,0,0,0,0,0.00E+00,0.00E+00,0,0,1,0.00E+00,1,1,1,1,1
1919,3.15E-01,0,1919,ERODED,1,1,1,1,1,1,0,0.00E+00,0.00E+00,0,0,1,0.00E+00,1,1,1,1,1
1920,8.54E-02,4,1920,Not eroded,0,0,0,0,0,0,1.01E-07,-5.85E-08,1.51E-07,1.91E-07,4.76E-08,0,3.42E-04,1,1,0,0,0
1921,2.59E-01,0,1921,Not eroded,0,1,1,1,1,1,0,0.00E+00,0.00E+00,0,0,1,0.00E+00,1,1,1,1,1
1922,1.36E-01,4,1922,Not eroded,0,0,0,0,0,0,3.45E-07,-1.51E-07,3.18E-07,4.93E-07,1.23E-07,0,8.82E-04,1,1,0,0,0
1924,2.24E-01,0,1924,Not eroded,0,1,1,0,0,0,0,0.00E+00,0.00E+00,0,0,1,0.00E+00,1,1,1,1,1
1925,1.48E-01,0,1925,Not eroded,0,0,0,0,0,0,0,0.00E+00,0.00E+00,0,0,1,0.00E+00,1,1,1,1,1
1926,1.94E-01,0,1926,Not eroded,0,1,0,0,0,0,0,0.00E+00,0.00E+00,0,0,1,0.00E+00,1,1,1,1,1
1927,6.72E-02,4,1927,Not eroded,0,0,0,0,0,0,-7.08E-07,-2.62E-07,4.50E-07,8.79E-07,2.20E-07,0,1.57E-03,1,1,0,0,0
1928,1.83E-01,3,1928,Not eroded,0,0,0,0,0,0,6.24E-07,-1.02E-07,5.42E-07,8.33E-07,2.78E-07,1,1.49E-03,1,1,0,0,0
1929,1.69E-01,0,1929,Not eroded,0,0,0,0,0,0,0,0.00E+00,0.00E+00,0,0,1,0.00E+00,1,1,1,1,1
1930,3.18E-01,0,1930,ERODED,1,1,1,1,1,1,0,0.00E+00,0.00E+00,0,0,1,0.00E+00,1,1,1,1,1
1932,1.82E-01,0,1932,Not eroded,0,0,0,0,0,0,0,0.00E+00,0.00E+00,0,0,1,0.00E+00,1,1,1,1,1
1933,1.38E-01,0,1933,Not eroded,0,0,0,0,0,0,0,0.00E+00,0.00E+00,0,0,1,0.00E+00,1,1,1,1,1
1935,3.33E-01,0,1935,ERODED,1,1,1,1,1,1,0,0.00E+00,0.00E+00,0,0,1,0.00E+00,1,1,1,1,1
1936,1.76E-01,5,1936,Not eroded,0,0,0,0,0,0,2.93E-07,3.25E-08,8.07E-07,8.59E-07,1.72E-07,0,1.54E-03,0,1,0,0,0
1937,5.98E-02,5,1937,Not eroded,0,0,0,0,0,0,-7.02E-08,-1.38E-07,1.03E-07,1.86E-07,3.71E-08,0,3.33E-04,0,1,0,0,0
1938,2.88E-01,0,1938,ERODED,1,1,1,1,1,1,0,0.00E+00,0.00E+00,0,0,1,0.00E+00,1,1,1,1,1
1939,3.00E-01,0,1939,Not eroded,0,1,1,1,1,1,0,0.00E+00,0.00E+00,0,0,1,0.00E+00,1,1,1,1,1
1940,1.76E-01,4,1940,Not eroded,0,0,0,0,0,0,8.01E-07,6.07E-07,-1.97E-07,1.02E-06,2.56E-07,0,1.82E-03,1,1,0,0,0
1941,2.92E-01,0,1941,ERODED,1,1,1,1,1,1,0,0.00E+00,0.00E+00,0,0,1,0.00E+00,1,1,1,1,1
1942,2.90E-01,2,1942,Not eroded,0,1,1,1,1,1,2.08E-07,3.30E-07,1.01E-07,4.03E-07,2.02E-07,1,7.21E-04,1,1,1,0,0
1943,1.68E-01,4,1943,Not eroded,0,0,0,0,0,0,-1.17E-07,-9.35E-07,1.90E-07,9.62E-07,2.40E-07,0,1.72E-03,1,1,0,0,0
1944,1.96E-01,5,1944,Not eroded,0,1,0,0,0,0,4.95E-08,1.38E-07,2.34E-07,2.76E-07,5.53E-08,0,4.94E-04,0,1,0,0,0
1945,3.25E-01,0,1945,ERODED,1,1,1,1,1,1,0,0.00E+00,0.00E+00,0,0,1,0.00E+00,1,1,1,1,1
1946,1.90E-01,0,1946,Not eroded,0,0,0,0,0,0,0,0.00E+00,0.00E+00,0,0,1,0.00E+00,1,1,1,1,1
1947,5.65E-02,4,1947,Not eroded,0,0,0,0,0,0,2.21E-07,1.27E-07,-1.34E-06,1.37E-06,3.42E-07,0,2.45E-03,1,1,0,0,0
1949,2.97E-01,2,1949,Not eroded,0,1,1,1,1,1,-1.92E-07,9.72E-06,1.25E-06,9.80E-06,4.90E-06,1,1.75E-02,1,1,1,0,0
1950,1.95E-01,4,1950,Not eroded,0,1,0,0,0,0,-1.18E-07,-3.84E-07,-1.98E-08,4.03E-07,1.01E-07,0,7.21E-04,1,1,0,0,0
1951,1.56E-01,4,1951,Not eroded,0,0,0,0,0,0,1.81E-08,-2.40E-08,-1.11E-07,1.15E-07,2.86E-08,0,2.06E-04,1,1,0,0,0
1952,2.11E-01,5,1952,Not eroded,0,1,0,0,0,0,1.80E-07,1.11E-07,8.88E-08,2.29E-07,4.58E-08,0,4.10E-04,0,1,0,0,0
1953,2.22E-01,3,1953,Not eroded,0,1,1,0,0,0,5.38E-08,-6.64E-07,9.85E-07,1.19E-06,3.96E-07,1,2.13E-03,1,1,0,0,0
1955,5.65E-02,3,1955,Not eroded,0,0,0,0,0,0,-2.74E-07,-3.38E-08,-1.57E-06,1.59E-06,5.30E-07,1,2.84E-03,1,1,0,0,0
1956,2.98E-01,5,1956,Not eroded,0,1,1,1,1,1,-2.74E-05,-1.16E-05,-1.77E-06,2.98E-05,5.96E-06,0,5.33E-02,0,1,0,0,0
1957,2.98E-01,4,1957,Not eroded,0,1,1,1,1,1,-2.01E-06,1.72E-06,2.51E-06,3.65E-06,9.11E-07,0,6.53E-03,1,1,0,0,0
1958,2.04E-01,0,1958,Not eroded,0,1,0,0,0,0,0,0.00E+00,0.00E+00,0,0,1,0.00E+00,1,1,1,1,1
1959,6.90E-02,5,1959,Not eroded,0,0,0,0,0,0,5.85E-08,1.03E-07,1.71E-07,2.08E-07,4.17E-08,0,3.72E-04,0,1,0,0,0
1960,5.92E-02,5,1960,Not eroded,0,0,0,0,0,0,2.88E-07,-5.94E-08,8.49E-08,3.06E-07,6.13E-08,0,5.47E-04,0,1,0,0,0
1961,2.95E-01,0,1961,ERODED,1,1,1,1,1,1,0,0.00E+00,0.00E+00,0,0,1,0.00E+00,1,1,1,1,1
1962,2.87E-01,0,1962,ERODED,1,1,1,1,1,1,0,0.00E+00,0.00E+00,0,0,1,0.00E+00,1,1,1,1,1
1964,2.08E-01,3,1964,Not eroded,0,1,0,0,0,0,8.94E-07,9.52E-07,-6.31E-07,1.45E-06,4.84E-07,1,2.59E-03,1,1,0,0,0
1965,2.48E-01,4,1965,Not eroded,0,1,1,1,1,0,-3.73E-07,5.13E-07,4.47E-07,7.76E-07,1.94E-07,0,1.39E-03,1,1,0,0,0
1966,3.09E-01,0,1966,ERODED,1,1,1,1,1,1,0,0.00E+00,0.00E+00,0,0,1,0.00E+00,1,1,1,1,1
1967,9.29E-02,6,1967,Not eroded,0,0,0,0,0,0,1.77E-07,3.84E-07,3.51E-07,5.49E-07,9.16E-08,0,9.82E-04,0,0,0,0,0
1968,1.29E-01,4,1968,Not eroded,0,0,0,0,0,0,2.89E-07,1.04E-07,-5.55E-08,3.12E-07,7.80E-08,0,5.58E-04,1,1,0,0,0
1970,1.50E-01,4,1970,Not eroded,0,0,0,0,0,0,8.52E-09,1.60E-07,9.96E-08,1.89E-07,4.72E-08,0,3.38E-04,1,1,0,0,0
1971,1.15E-01,5,1971,Not eroded,0,0,0,0,0,0,2.48E-07,-1.72E-07,2.76E-07,4.09E-07,8.18E-08,0,7.32E-04,0,1,0,0,0
1972,2.93E-01,0,1972,ERODED,1,1,1,1,1,1,0,0.00E+00,0.00E+00,0,0,1,0.00E+00,1,1,1,1,1
1973,2.20E-01,3,1973,Not eroded,0,1,0,0,0,0,1.29E-07,-2.02E-08,3.02E-08,1.34E-07,4.47E-08,1,2.40E-04,1,1,0,0,0
1974,2.63E-01,4,1974,Not eroded,0,1,1,1,1,1,6.95E-08,-1.04E-08,-7.38E-10,7.03E-08,1.76E-08,0,1.26E-04,1,1,0,0,0
1975,1.38E-01,0,1975,Not eroded,0,0,0,0,0,0,0,0.00E+00,0.00E+00,0,0,1,0.00E+00,1,1,1,1,1
1976,1.03E-01,4,1976,Not eroded,0,0,0,0,0,0,6.09E-07,1.28E-07,7.15E-07,9.48E-07,2.37E-07,0,1.70E-03,1,1,0,0,0
1978,2.74E-01,0,1978,Not eroded,0,1,1,1,1,1,0,0.00E+00,0.00E+00,0,0,1,0.00E+00,1,1,1,1,1
1979,6.36E-02,3,1979,Not eroded,0,0,0,0,0,0,-1.12E-06,8.50E-08,1.95E-07,1.14E-06,3.80E-07,1,2.04E-03,1,1,0,0,0
1980,2.37E-01,0,1980,Not eroded,0,1,1,1,0,0,0,0.00E+00,0.00E+00,0,0,1,0.00E+00,1,1,1,1,1
1981,1.84E-01,0,1981,Not eroded,0,0,0,0,0,0,0,0.00E+00,0.00E+00,0,0,1,0.00E+00,1,1,1,1,1
1982,1.99E-01,4,1982,Not eroded,0,1,0,0,0,0,8.66E-07,-5.61E-08,1.05E-06,1.36E-06,3.40E-07,0,2.43E-03,1,1,0,0,0
1983,1.81E-01,2,1983,Not eroded,0,0,0,0,0,0,2.86E-07,9.05E-08,1.84E-07,3.52E-07,1.76E-07,1,6.30E-04,1,1,1,0,0
1985,7.27E-02,3,1985,Not eroded,0,0,0,0,0,0,8.82E-08,-4.75E-08,-5.72E-08,1.15E-07,3.85E-08,1,2.06E-04,1,1,0,0,0
1986,1.02E-01,3,1986,Not eroded,0,0,0,0,0,0,-3.24E-07,-1.14E-08,-4.45E-08,3.27E-07,1.09E-07,1,5.85E-04,1,1,0,0,0
1987,2.31E-01,0,1987,Not eroded,0,1,1,1,0,0,0,0.00E+00,0.00E+00,0,0,1,0.00E+00,1,1,1,1,1
1988,1.92E-01,5,1988,Not eroded,0,1,0,0,0,0,-2.30E-08,1.59E-07,1.61E-07,2.28E-07,4.56E-08,0,4.08E-04,0,1,0,0,0
1989,2.67E-01,0,1989,Not eroded,0,1,1,1,1,1,0,0.00E+00,0.00E+00,0,0,1,0.00E+00,1,1,1,1,1
1990,8.25E-02,5,1990,Not eroded,0,0,0,0,0,0,1.37E-07,3.51E-08,3.08E-07,3.39E-07,6.78E-08,0,6.06E-04,0,1,0,0,0
1991,1.61E-01,4,1991,Not eroded,0,0,0,0,0,0,3.77E-08,2.36E-07,-2.64E-08,2.41E-07,6.02E-08,0,4.31E-04,1,1,0,0,0
1992,9.70E-02,4,1992,Not eroded,0,0,0,0,0,0,6.85E-08,1.64E-07,3.37E-07,3.81E-07,9.53E-08,0,6.81E-04,1,1,0,0,0
1993,3.07E-01,5,1993,Not eroded,0,1,1,1,1,1,1.21E-05,1.75E-06,4.98E-06,1.32E-05,2.64E-06,0,2.36E-02,0,1,0,0,0
1994,1.27E-01,0,1994,Not eroded,0,0,0,0,0,0,0,0.00E+00,0.00E+00,0,0,1,0.00E+00,1,1,1,1,1
1995,1.46E-01,4,1995,Not eroded,0,0,0,0,0,0,-5.64E-08,-8.60E-08,2.26E-08,1.05E-07,2.63E-08,0,1.88E-04,1,1,0,0,0
1996,1.03E-01,4,1996,Not eroded,0,0,0,0,0,0,7.66E-08,3.04E-07,1.35E-08,3.13E-07,7.83E-08,0,5.60E-04,1,1,0,0,0
1997,1.31E-01,3,1997,Not eroded,0,0,0,0,0,0,-1.95E-07,-3.54E-07,3.19E-07,5.15E-07,1.72E-07,1,9.21E-04,1,1,0,0,0
1999,1.96E-01,4,1999,Not eroded,0,1,0,0,0,0,4.80E-07,1.03E-07,1.99E-08,4.91E-07,1.23E-07,0,8.78E-04,1,1,0,0,0
2000,8.90E-02,2,2000,Not eroded,0,0,0,0,0,0,-3.23E-07,-1.06E-07,-2.96E-07,4.51E-07,2.25E-07,1,8.07E-04,1,1,1,0,0
2001,2.20E-01,0,2001,Not eroded,0,1,0,0,0,0,0,0.00E+00,0.00E+00,0,0,1,0.00E+00,1,1,1,1,1
2002,2.26E-01,0,2002,Not eroded,0,1,1,0,0,0,0,0.00E+00,0.00E+00,0,0,1,0.00E+00,1,1,1,1,1
2003,1.66E-01,0,2003,Not eroded,0,0,0,0,0,0,0,0.00E+00,0.00E+00,0,0,1,0.00E+00,1,1,1,1,1
2004,1.34E-01,4,2004,Not eroded,0,0,0,0,0,0,6.98E-07,-3.91E-07,3.10E-06,3.20E-06,8.01E-07,0,5.72E-03,1,1,0,0,0
2005,5.66E-02,3,2005,Not eroded,0,0,0,0,0,0,-9.07E-08,-1.90E-07,-1.28E-06,1.30E-06,4.33E-07,1,2.33E-03,1,1,0,0,0
2007,3.31E-01,0,2007,ERODED,1,1,1,1,1,1,0,0.00E+00,0.00E+00,0,0,1,0.00E+00,1,1,1,1,1
2008,1.27E-01,3,2008,Not eroded,0,0,0,0,0,0,2.53E-06,-4.93E-07,2.54E-06,3.62E-06,1.21E-06,1,6.48E-03,1,1,0,0,0
2010,9.33E-02,0,2010,Not eroded,0,0,0,0,0,0,0,0.00E+00,0.00E+00,0,0,1,0.00E+00,1,1,1,1,1
2011,2.92E-01,0,2011,ERODED,1,1,1,1,1,1,0,0.00E+00,0.00E+00,0,0,1,0.00E+00,1,1,1,1,1
2012,1.95E-01,4,2012,Not eroded,0,1,0,0,0,0,2.00E-07,-1.34E-07,2.55E-08,2.42E-07,6.05E-08,0,4.33E-04,1,1,0,0,0
2013,8.04E-02,5,2013,Not eroded,0,0,0,0,0,0,-5.77E-08,2.44E-07,1.00E-07,2.70E-07,5.41E-08,0,4.83E-04,0,1,0,0,0
2014,1.47E-01,5,2014,Not eroded,0,0,0,0,0,0,8.79E-08,1.34E-07,3.46E-07,3.81E-07,7.62E-08,0,6.81E-04,0,1,0,0,0
2015,1.26E-01,4,2015,Not eroded,0,0,0,0,0,0,1.94E-07,1.52E-08,-1.15E-07,2.26E-07,5.64E-08,0,4.04E-04,1,1,0,0,0
2016,2.40E-01,3,2016,Not eroded,0,1,1,1,0,0,-9.12E-08,1.03E-07,1.06E-06,1.06E-06,3.55E-07,1,1.90E-03,1,1,0,0,0
2017,1.77E-01,4,2017,Not eroded,0,0,0,0,0,0,-4.62E-09,5.55E-07,1.13E-06,1.26E-06,3.15E-07,0,2.25E-03,1,1,0,0,0
2018,1.24E-01,0,2018,Not eroded,0,0,0,0,0,0,0,0.00E+00,0.00E+00,0,0,1,0.00E+00,1,1,1,1,1
2019,7.01E-02,2,2019,Not eroded,0,0,0,0,0,0,3.22E-07,8.16E-08,-2.64E-08,3.33E-07,1.67E-07,1,5.96E-04,1,1,1,0,0
2020,2.95E-01,4,2020,Not eroded,0,1,1,1,1,1,5.17E-07,9.78E-07,-3.49E-06,3.66E-06,9.16E-07,0,6.55E-03,1,1,0,0,0
2021,2.81E-01,4,2021,Not eroded,0,1,1,1,1,1,2.04E-07,3.67E-07,2.94E-07,5.13E-07,1.28E-07,0,9.18E-04,1,1,0,0,0
2022,8.25E-02,3,2022,Not eroded,0,0,0,0,0,0,1.34E-07,-5.48E-09,1.17E-07,1.78E-07,5.92E-08,1,3.18E-04,1,1,0,0,0
2023,1.75E-01,3,2023,Not eroded,0,0,0,0,0,0,3.86E-07,1.37E-07,2.77E-07,4.94E-07,1.65E-07,1,8.84E-04,1,1,0,0,0
2024,5.93E-02,5,2024,Not eroded,0,0,0,0,0,0,4.14E-07,-2.45E-07,-8.73E-08,4.89E-07,9.79E-08,0,8.75E-04,0,1,0,0,0
2026,2.06E-01,5,2026,Not eroded,0,1,0,0,0,0,-1.81E-08,-4.44E-07,8.54E-08,4.53E-07,9.06E-08,0,8.10E-04,0,1,0,0,0
2028,2.86E-01,4,2028,Not eroded,0,1,1,1,1,1,-1.95E-07,5.36E-07,1.39E-07,5.87E-07,1.47E-07,0,1.05E-03,1,1,0,0,0
2029,2.09E-01,3,2029,Not eroded,0,1,0,0,0,0,6.08E-07,1.09E-06,8.47E-08,1.25E-06,4.18E-07,1,2.24E-03,1,1,0,0,0
2030,5.67E-02,0,2030,Not eroded,0,0,0,0,0,0,0,0.00E+00,0.00E+00,0,0,1,0.00E+00,1,1,1,1,1
2031,2.88E-01,0,2031,Not eroded,0,1,1,1,1,1,0,0.00E+00,0.00E+00,0,0,1,0.00E+00,1,1,1,1,1
2032,2.00E-01,4,2032,Not eroded,0,1,0,0,0,0,2.85E-07,8.05E-07,2.82E-07,8.99E-07,2.25E-07,0,1.61E-03,1,1,0,0,0
2033,1.94E-01,3,2033,Not eroded,0,1,0,0,0,0,7.11E-07,-1.38E-06,-8.96E-07,1.79E-06,5.96E-07,1,3.20E-03,1,1,0,0,0
2034,1.78E-01,0,2034,Not eroded,0,0,0,0,0,0,0,0.00E+00,0.00E+00,0,0,1,0.00E+00,1,1,1,1,1
2035,2.35E-01,0,2035,Not eroded,0,1,1,1,0,0,0,0.00E+00,0.00E+00,0,0,1,0.00E+00,1,1,1,1,1
2036,2.58E-01,4,2036,Not eroded,0,1,1,1,1,1,3.44E-07,2.42E-07,-1.35E-08,4.21E-07,1.05E-07,0,7.53E-04,1,1,0,0,0
2037,7.04E-02,0,2037,Not eroded,0,0,0,0,0,0,0,0.00E+00,0.00E+00,0,0,1,0.00E+00,1,1,1,1,1
2038,5.66E-02,2,2038,Not eroded,0,0,0,0,0,0,-2.12E-07,4.84E-08,-1.14E-06,1.16E-06,5.82E-07,1,2.07E-03,1,1,1,0,0
2039,1.45E-01,5,2039,Not eroded,0,0,0,0,0,0,3.92E-07,4.89E-08,-2.97E-08,3.96E-07,7.93E-08,0,7.08E-04,0,1,0,0,0
2040,1.56E-01,5,2040,Not eroded,0,0,0,0,0,0,8.67E-07,1.25E-06,2.41E-07,1.54E-06,3.08E-07,0,2.75E-03,0,1,0,0,0
2041,1.84E-01,0,2041,Not eroded,0,0,0,0,0,0,0,0.00E+00,0.00E+00,0,0,1,0.00E+00,1,1,1,1,1
2042,9.34E-02,4,2042,Not eroded,0,0,0,0,0,0,9.67E-08,1.09E-07,-2.36E-08,1.47E-07,3.68E-08,0,2.63E-04,1,1,0,0,0
2043,3.20E-01,0,2043,ERODED,1,1,1,1,1,1,0,0.00E+00,0.00E+00,0,0,1,0.00E+00,1,1,1,1,1
2044,1.93E-01,0,2044,Not eroded,0,1,0,0,0,0,0,0.00E+00,0.00E+00,0,0,1,0.00E+00,1,1,1,1,1
2045,1.77E-01,4,2045,Not eroded,0,0,0,0,0,0,3.51E-07,-2.09E-07,4.02E-07,5.73E-07,1.43E-07,0,1.02E-03,1,1,0,0,0
2046,1.04E-01,4,2046,Not eroded,0,0,0,0,0,0,-8.95E-08,-3.29E-08,-1.37E-07,1.67E-07,4.18E-08,0,2.99E-04,1,1,0,0,0
2048,2.07E-01,4,2048,Not eroded,0,1,0,0,0,0,1.01E-07,2.02E-07,-1.84E-08,2.27E-07,5.68E-08,0,4.06E-04,1,1,0,0,0
2049,2.35E-01,2,2049,Not eroded,0,1,1,1,0,0,1.65E-06,-1.33E-06,1.22E-06,2.44E-06,1.22E-06,1,4.36E-03,1,1,1,0,0
2050,2.69E-01,2,2050,Not eroded,0,1,1,1,1,1,2.27E-07,-1.17E-06,-5.41E-08,1.19E-06,5.96E-07,1,2.13E-03,1,1,1,0,0
2051,3.01E-01,0,2051,ERODED,1,1,1,1,1,1,0,0.00E+00,0.00E+00,0,0,1,0.00E+00,1,1,1,1,1
2052,2.45E-01,0,2052,Not eroded,0,1,1,1,1,0,0,0.00E+00,0.00E+00,0,0,1,0.00E+00,1,1,1,1,1
2053,1.02E-01,4,2053,Not eroded,0,0,0,0,0,0,3.14E-07,8.99E-07,1.02E-07,9.58E-07,2.39E-07,0,1.71E-03,1,1,0,0,0
2054,9.16E-02,7,2054,Not eroded,0,0,0,0,0,0,2.44E-07,6.88E-07,-1.95E-07,7.56E-07,1.08E-07,0,1.35E-03,0,0,0,0,0
2055,5.65E-02,6,2055,Not eroded,0,0,0,0,0,0,2.53E-07,8.33E-08,-1.40E-06,1.42E-06,2.37E-07,0,2.54E-03,0,0,0,0,0
2057,2.63E-01,3,2057,Not eroded,0,1,1,1,1,1,9.95E-07,-8.33E-07,-3.06E-09,1.30E-06,4.33E-07,1,2.33E-03,1,1,0,0,0
2058,9.69E-02,0,2058,Not eroded,0,0,0,0,0,0,0,0.00E+00,0.00E+00,0,0,1,0.00E+00,1,1,1,1,1
2059,2.50E-01,4,2059,Not eroded,0,1,1,1,1,0,-4.15E-10,4.36E-08,3.08E-07,3.11E-07,7.78E-08,0,5.56E-04,1,1,0,0,0
2060,1.28E-01,4,2060,Not eroded,0,0,0,0,0,0,-5.58E-07,5.89E-08,1.66E-06,1.75E-06,4.37E-07,0,3.13E-03,1,1,0,0,0
2061,2.49E-01,0,2061,Not eroded,0,1,1,1,1,0,0,0.00E+00,0.00E+00,0,0,1,0.00E+00,1,1,1,1,1
2063,1.47E-01,4,2063,Not eroded,0,0,0,0,0,0,4.31E-07,-1.31E-06,6.29E-07,1.51E-06,3.78E-07,0,2.70E-03,1,1,0,0,0
2064,8.82E-02,5,2064,Not eroded,0,0,0,0,0,0,7.58E-08,-1.67E-07,-6.84E-08,1.96E-07,3.92E-08,0,3.51E-04,0,1,0,0,0
2065,2.14E-01,5,2065,Not eroded,0,1,0,0,0,0,5.95E-07,-3.94E-08,5.15E-07,7.88E-07,1.58E-07,0,1.41E-03,0,1,0,0,0
2066,2.58E-01,4,2066,Not eroded,0,1,1,1,1,1,-4.48E-06,5.91E-06,-7.48E-06,1.05E-05,2.63E-06,0,1.88E-02,1,1,0,0,0
2067,2.31E-01,4,2067,Not eroded,0,1,1,1,0,0,4.38E-07,3.44E-07,1.18E-06,1.31E-06,3.27E-07,0,2.34E-03,1,1,0,0,0
2068,2.97E-01,0,2068,Not eroded,0,1,1,1,1,1,0,0.00E+00,0.00E+00,0,0,1,0.00E+00,1,1,1,1,1
2069,1.32E-01,4,2069,Not eroded,0,0,0,0,0,0,1.82E-07,7.08E-08,5.66E-08,2.03E-07,5.09E-08,0,3.63E-04,1,1,0,0,0
2070,5.65E-02,4,2070,Not eroded,0,0,0,0,0,0,1.10E-07,2.05E-07,-1.33E-06,1.35E-06,3.36E-07,0,2.41E-03,1,1,0,0,0
2071,2.19E-01,0,2071,Not eroded,0,1,0,0,0,0,0,0.00E+00,0.00E+00,0,0,1,0.00E+00,1,1,1,1,1
2072,1.68E-01,6,2072,Not eroded,0,0,0,0,0,0,-3.11E-07,4.43E-07,-3.90E-07,6.67E-07,1.11E-07,0,1.19E-03,0,0,0,0,0
2073,1.05E-01,4,2073,Not eroded,0,0,0,0,0,0,3.65E-07,4.48E-07,2.19E-07,6.18E-07,1.54E-07,0,1.11E-03,1,1,0,0,0
2074,3.04E-01,0,2074,ERODED,1,1,1,1,1,1,0,0.00E+00,0.00E+00,0,0,1,0.00E+00,1,1,1,1,1
2075,1.90E-01,0,2075,Not eroded,0,0,0,0,0,0,0,0.00E+00,0.00E+00,0,0,1,0.00E+00,1,1,1,1,1
2076,9.66E-02,3,2076,Not eroded,0,0,0,0,0,0,-3.14E-07,1.15E-07,1.08E-06,1.13E-06,3.77E-07,1,2.02E-03,1,1,0,0,0
2077,5.65E-02,3,2077,Not eroded,0,0,0,0,0,0,3.04E-07,6.23E-08,-1.48E-06,1.51E-06,5.04E-07,1,2.70E-03,1,1,0,0,0
2078,1.76E-01,0,2078,Not eroded,0,0,0,0,0,0,0,0.00E+00,0.00E+00,0,0,1,0.00E+00,1,1,1,1,1
2079,2.52E-01,0,2079,Not eroded,0,1,1,1,1,1,0,0.00E+00,0.00E+00,0,0,1,0.00E+00,1,1,1,1,1
2080,9.64E-02,3,2080,Not eroded,0,0,0,0,0,0,1.59E-07,1.60E-07,2.98E-08,2.27E-07,7.58E-08,1,4.06E-04,1,1,0,0,0
2081,3.26E-01,0,2081,ERODED,1,1,1,1,1,1,0,0.00E+00,0.00E+00,0,0,1,0.00E+00,1,1,1,1,1
2082,5.65E-02,4,2082,Not eroded,0,0,0,0,0,0,4.67E-07,2.99E-07,-1.45E-06,1.56E-06,3.89E-07,0,2.79E-03,1,1,0,0,0
2084,1.03E-01,3,2084,Not eroded,0,0,0,0,0,0,-1.71E-07,-1.29E-07,2.54E-07,3.33E-07,1.11E-07,1,5.96E-04,1,1,0,0,0
2085,6.68E-02,4,2085,Not eroded,0,0,0,0,0,0,-1.53E-07,1.93E-07,1.16E-07,2.72E-07,6.81E-08,0,4.87E-04,1,1,0,0,0
2086,1.75E-01,0,2086,Not eroded,0,0,0,0,0,0,0,0.00E+00,0.00E+00,0,0,1,0.00E+00,1,1,1,1,1
2087,1.18E-01,4,2087,Not eroded,0,0,0,0,0,0,3.86E-07,4.61E-07,1.74E-07,6.26E-07,1.56E-07,0,1.12E-03,1,1,0,0,0
2088,6.49E-02,5,2088,Not eroded,0,0,0,0,0,0,-1.05E-07,1.22E-06,3.50E-07,1.27E-06,2.54E-07,0,2.27E-03,0,1,0,0,0
2091,2.50E-01,0,2091,Not eroded,0,1,1,1,1,0,0,0.00E+00,0.00E+00,0,0,1,0.00E+00,1,1,1,1,1
2092,1.87E-01,0,2092,Not eroded,0,0,0,0,0,0,0,0.00E+00,0.00E+00,0,0,1,0.00E+00,1,1,1,1,1
2093,9.15E-02,0,2093,Not eroded,0,0,0,0,0,0,0,0.00E+00,0.00E+00,0,0,1,0.00E+00,1,1,1,1,1
2094,2.92E-01,0,2094,Not eroded,0,1,1,1,1,1,0,0.00E+00,0.00E+00,0,0,1,0.00E+00,1,1,1,1,1
2095,1.20E-01,0,2095,Not eroded,0,0,0,0,0,0,0,0.00E+00,0.00E+00,0,0,1,0.00E+00,1,1,1,1,1
2096,1.73E-01,0,2096,Not eroded,0,0,0,0,0,0,0,0.00E+00,0.00E+00,0,0,1,0.00E+00,1,1,1,1,1
2098,3.05E-01,0,2098,ERODED,1,1,1,1,1,1,0,0.00E+00,0.00E+00,0,0,1,0.00E+00,1,1,1,1,1
2099,5.65E-02,3,2099,Not eroded,0,0,0,0,0,0,2.20E-07,2.31E-07,-1.22E-06,1.26E-06,4.20E-07,1,2.25E-03,1,1,0,0,0
2100,2.44E-01,3,2100,Not eroded,0,1,1,1,1,0,4.10E-08,2.82E-07,2.09E-07,3.53E-07,1.18E-07,1,6.31E-04,1,1,0,0,0
2101,2.98E-01,4,2101,Not eroded,0,1,1,1,1,1,5.06E-09,2.07E-07,6.61E-08,2.18E-07,5.44E-08,0,3.90E-04,1,1,0,0,0
2102,1.43E-01,3,2102,Not eroded,0,0,0,0,0,0,5.92E-08,-7.16E-07,-4.44E-08,7.20E-07,2.40E-07,1,1.29E-03,1,1,0,0,0
2103,2.96E-01,4,2103,Not eroded,0,1,1,1,1,1,-2.84E-08,-7.92E-07,3.19E-07,8.54E-07,2.13E-07,0,1.53E-03,1,1,0,0,0
2104,9.45E-02,3,2104,Not eroded,0,0,0,0,0,0,2.32E-07,-8.06E-08,4.15E-07,4.82E-07,1.61E-07,1,8.62E-04,1,1,0,0,0
2105,6.02E-02,3,2105,Not eroded,0,0,0,0,0,0,-2.60E-08,1.79E-07,2.54E-07,3.12E-07,1.04E-07,1,5.58E-04,1,1,0,0,0
2106,2.41E-01,0,2106,Not eroded,0,1,1,1,1,0,0,0.00E+00,0.00E+00,0,0,1,0.00E+00,1,1,1,1,1
2107,1.06E-01,0,2107,Not eroded,0,0,0,0,0,0,0,0.00E+00,0.00E+00,0,0,1,0.00E+00,1,1,1,1,1
2109,2.04E-01,4,2109,Not eroded,0,1,0,0,0,0,7.48E-08,8.62E-08,6.17E-07,6.28E-07,1.57E-07,0,1.12E-03,1,1,0,0,0
2110,2.97E-01,5,2110,Not eroded,0,1,1,1,1,1,-1.28E-08,6.42E-07,6.64E-08,6.46E-07,1.29E-07,0,1.16E-03,0,1,0,0,0
2111,1.61E-01,2,2111,Not eroded,0,0,0,0,0,0,7.25E-07,-4.63E-07,-6.66E-07,1.09E-06,5.44E-07,1,1.95E-03,1,1,1,0,0
2112,6.55E-02,0,2112,Not eroded,0,0,0,0,0,0,0,0.00E+00,0.00E+00,0,0,1,0.00E+00,1,1,1,1,1
2113,2.92E-01,4,2113,Not eroded,0,1,1,1,1,1,5.98E-08,4.18E-07,-1.14E-06,1.22E-06,3.05E-07,0,2.18E-03,1,1,0,0,0
2114,2.90E-01,2,2114,Not eroded,0,1,1,1,1,1,-0.000154424,1.31E-04,1.56E-04,0.000255621,0.000127811,1,4.57E-01,1,1,1,0,0
2115,2.89E-01,5,2115,Not eroded,0,1,1,1,1,1,1.82E-06,-2.78E-07,8.35E-07,2.02E-06,4.04E-07,0,3.61E-03,0,1,0,0,0
2117,1.35E-01,6,2117,Not eroded,0,0,0,0,0,0,-5.55E-08,-2.86E-08,3.26E-08,7.05E-08,1.17E-08,0,1.26E-04,0,0,0,0,0
2118,1.08E-01,0,2118,Not eroded,0,0,0,0,0,0,0,0.00E+00,0.00E+00,0,0,1,0.00E+00,1,1,1,1,1
2119,2.30E-01,5,2119,Not eroded,0,1,1,0,0,0,2.63E-07,2.19E-07,5.25E-08,3.46E-07,6.93E-08,0,6.19E-04,0,1,0,0,0
2120,1.67E-01,7,2120,Not eroded,0,0,0,0,0,0,6.39E-07,-1.13E-07,2.78E-07,7.06E-07,1.01E-07,0,1.26E-03,0,0,0,0,0
2121,2.85E-01,0,2121,Not eroded,0,1,1,1,1,1,0,0.00E+00,0.00E+00,0,0,1,0.00E+00,1,1,1,1,1
2122,1.57E-01,0,2122,Not eroded,0,0,0,0,0,0,0,0.00E+00,0.00E+00,0,0,1,0.00E+00,1,1,1,1,1
2123,7.30E-02,4,2123,Not eroded,0,0,0,0,0,0,-1.09E-06,-2.62E-07,5.67E-07,1.26E-06,3.15E-07,0,2.25E-03,1,1,0,0,0
2124,2.49E-01,0,2124,Not eroded,0,1,1,1,1,0,0,0.00E+00,0.00E+00,0,0,1,0.00E+00,1,1,1,1,1
2125,2.96E-01,5,2125,Not eroded,0,1,1,1,1,1,3.38E-07,-8.53E-07,1.17E-06,1.49E-06,2.98E-07,0,2.67E-03,0,1,0,0,0
2126,2.13E-01,4,2126,Not eroded,0,1,0,0,0,0,2.72E-07,3.19E-07,2.18E-07,4.72E-07,1.18E-07,0,8.44E-04,1,1,0,0,0
2127,1.77E-01,0,2127,Not eroded,0,0,0,0,0,0,0,0.00E+00,0.00E+00,0,0,1,0.00E+00,1,1,1,1,1
2128,1.92E-01,0,2128,Not eroded,0,1,0,0,0,0,0,0.00E+00,0.00E+00,0,0,1,0.00E+00,1,1,1,1,1
2129,1.94E-01,0,2129,Not eroded,0,1,0,0,0,0,0,0.00E+00,0.00E+00,0,0,1,0.00E+00,1,1,1,1,1
2130,7.96E-02,4,2130,Not eroded,0,0,0,0,0,0,-1.77E-07,-8.42E-08,3.99E-08,2.00E-07,5.00E-08,0,3.58E-04,1,1,0,0,0
2131,2.24E-01,4,2131,Not eroded,0,1,1,0,0,0,2.14E-07,2.22E-07,-8.09E-09,3.08E-07,7.70E-08,0,5.51E-04,1,1,0,0,0
2132,2.14E-01,3,2132,Not eroded,0,1,0,0,0,0,-5.01E-07,-2.12E-07,3.96E-07,6.72E-07,2.24E-07,1,1.20E-03,1,1,0,0,0
2133,1.30E-01,2,2133,Not eroded,0,0,0,0,0,0,4.10E-06,-3.52E-07,-5.90E-07,4.16E-06,2.08E-06,1,7.44E-03,1,1,1,0,0
2134,1.50E-01,5,2134,Not eroded,0,0,0,0,0,0,-1.92E-08,7.45E-08,-6.71E-08,1.02E-07,2.04E-08,0,1.82E-04,0,1,0,0,0
2135,9.34E-02,0,2135,Not eroded,0,0,0,0,0,0,0,0.00E+00,0.00E+00,0,0,1,0.00E+00,1,1,1,1,1
2136,1.38E-01,5,2136,Not eroded,0,0,0,0,0,0,-1.00E-07,3.42E-08,8.99E-08,1.39E-07,2.78E-08,0,2.49E-04,0,1,0,0,0
2137,1.91E-01,4,2137,Not eroded,0,0,0,0,0,0,5.45E-07,8.80E-09,5.46E-07,7.72E-07,1.93E-07,0,1.38E-03,1,1,0,0,0
2138,2.24E-01,3,2138,Not eroded,0,1,1,0,0,0,-8.47E-07,2.10E-06,1.70E-07,2.27E-06,7.56E-07,1,4.06E-03,1,1,0,0,0
2140,1.68E-01,0,2140,Not eroded,0,0,0,0,0,0,0,0.00E+00,0.00E+00,0,0,1,0.00E+00,1,1,1,1,1
2141,1.73E-01,0,2141,Not eroded,0,0,0,0,0,0,0,0.00E+00,0.00E+00,0,0,1,0.00E+00,1,1,1,1,1
2143,2.03E-01,4,2143,Not eroded,0,1,0,0,0,0,1.63E-06,2.44E-06,1.85E-06,3.47E-06,8.67E-07,0,6.21E-03,1,1,0,0,0
2144,2.44E-01,0,2144,Not eroded,0,1,1,1,1,0,0,0.00E+00,0.00E+00,0,0,1,0.00E+00,1,1,1,1,1
2145,2.12E-01,0,2145,Not eroded,0,1,0,0,0,0,0,0.00E+00,0.00E+00,0,0,1,0.00E+00,1,1,1,1,1
2146,2.85E-01,0,2146,Not eroded,0,1,1,1,1,1,0,0.00E+00,0.00E+00,0,0,1,0.00E+00,1,1,1,1,1
2147,2.21E-01,5,2147,Not eroded,0,1,1,0,0,0,3.12E-07,1.97E-07,3.83E-08,3.71E-07,7.42E-08,0,6.64E-04,0,1,0,0,0
2148,2.10E-01,0,2148,Not eroded,0,1,0,0,0,0,0,0.00E+00,0.00E+00,0,0,1,0.00E+00,1,1,1,1,1
2149,9.89E-02,4,2149,Not eroded,0,0,0,0,0,0,-9.76E-07,4.55E-07,2.43E-07,1.10E-06,2.76E-07,0,1.97E-03,1,1,0,0,0
2150,7.82E-02,0,2150,Not eroded,0,0,0,0,0,0,0,0.00E+00,0.00E+00,0,0,1,0.00E+00,1,1,1,1,1
2151,6.96E-02,3,2151,Not eroded,0,0,0,0,0,0,-2.71E-07,-1.90E-07,3.42E-08,3.33E-07,1.11E-07,1,5.96E-04,1,1,0,0,0
2152,2.96E-01,4,2152,Not eroded,0,1,1,1,1,1,4.04E-07,5.26E-08,1.81E-07,4.46E-07,1.12E-07,0,7.98E-04,1,1,0,0,0
2153,3.05E-01,3,2153,Not eroded,0,1,1,1,1,1,1.53E-05,-4.10E-06,-5.32E-08,1.59E-05,5.29E-06,1,2.84E-02,1,1,0,0,0
2154,1.56E-01,4,2154,Not eroded,0,0,0,0,0,0,-8.44E-07,6.19E-07,2.08E-07,1.07E-06,2.67E-07,0,1.91E-03,1,1,0,0,0
2155,1.16E-01,5,2155,Not eroded,0,0,0,0,0,0,1.99E-07,-2.81E-07,-1.33E-07,3.69E-07,7.38E-08,0,6.60E-04,0,1,0,0,0
2156,9.06E-02,0,2156,Not eroded,0,0,0,0,0,0,0,0.00E+00,0.00E+00,0,0,1,0.00E+00,1,1,1,1,1
2157,2.53E-01,4,2157,Not eroded,0,1,1,1,1,1,-1.77E-07,1.24E-07,6.47E-07,6.82E-07,1.70E-07,0,1.22E-03,1,1,0,0,0
2158,2.08E-01,5,2158,Not eroded,0,1,0,0,0,0,1.15E-07,6.94E-08,4.05E-07,4.27E-07,8.54E-08,0,7.64E-04,0,1,0,0,0
2159,1.74E-01,3,2159,Not eroded,0,0,0,0,0,0,5.07E-11,7.92E-08,-4.98E-08,9.36E-08,3.12E-08,1,1.67E-04,1,1,0,0,0
2160,2.24E-01,3,2160,Not eroded,0,1,1,0,0,0,-1.69E-07,4.32E-08,2.80E-07,3.30E-07,1.10E-07,1,5.90E-04,1,1,0,0,0
2161,1.04E-01,4,2161,Not eroded,0,0,0,0,0,0,-2.97E-07,1.66E-07,1.12E-07,3.58E-07,8.95E-08,0,6.40E-04,1,1,0,0,0
2162,2.71E-01,0,2162,Not eroded,0,1,1,1,1,1,0,0.00E+00,0.00E+00,0,0,1,0.00E+00,1,1,1,1,1
2163,1.42E-01,3,2163,Not eroded,0,0,0,0,0,0,3.67E-07,-8.73E-07,1.74E-06,1.98E-06,6.61E-07,1,3.54E-03,1,1,0,0,0
2164,1.99E-01,4,2164,Not eroded,0,1,0,0,0,0,-2.16E-08,-2.59E-06,2.01E-06,3.28E-06,8.20E-07,0,5.87E-03,1,1,0,0,0
2165,2.19E-01,0,2165,Not eroded,0,1,0,0,0,0,0,0.00E+00,0.00E+00,0,0,1,0.00E+00,1,1,1,1,1
2166,2.79E-01,5,2166,Not eroded,0,1,1,1,1,1,-9.90E-07,6.12E-06,8.36E-07,6.25E-06,1.25E-06,0,1.12E-02,0,1,0,0,0
2167,2.18E-01,0,2167,Not eroded,0,1,0,0,0,0,0,0.00E+00,0.00E+00,0,0,1,0.00E+00,1,1,1,1,1
2168,5.66E-02,3,2168,Not eroded,0,0,0,0,0,0,3.05E-08,3.76E-08,-1.25E-06,1.25E-06,4.18E-07,1,2.24E-03,1,1,0,0,0
2169,5.66E-02,0,2169,Not eroded,0,0,0,0,0,0,0,0.00E+00,0.00E+00,0,0,1,0.00E+00,1,1,1,1,1
2170,9.59E-02,4,2170,Not eroded,0,0,0,0,0,0,4.89E-08,1.37E-07,-9.31E-08,1.73E-07,4.32E-08,0,3.09E-04,1,1,0,0,0
2172,2.73E-01,0,2172,Not eroded,0,1,1,1,1,1,0,0.00E+00,0.00E+00,0,0,1,0.00E+00,1,1,1,1,1
2173,1.46E-01,4,2173,Not eroded,0,0,0,0,0,0,-7.22E-07,-2.47E-07,1.28E-06,1.49E-06,3.72E-07,0,2.67E-03,1,1,0,0,0
2174,1.21E-01,3,2174,Not eroded,0,0,0,0,0,0,8.79E-08,-4.58E-07,-3.27E-08,4.68E-07,1.56E-07,1,8.37E-04,1,1,0,0,0
2175,9.73E-02,4,2175,Not eroded,0,0,0,0,0,0,-5.78E-08,4.25E-08,-4.92E-10,7.18E-08,1.79E-08,0,1.28E-04,1,1,0,0,0
2176,6.77E-02,0,2176,Not eroded,0,0,0,0,0,0,0,0.00E+00,0.00E+00,0,0,1,0.00E+00,1,1,1,1,1
2177,1.65E-01,4,2177,Not eroded,0,0,0,0,0,0,3.37E-07,1.66E-07,-2.55E-08,3.76E-07,9.41E-08,0,6.73E-04,1,1,0,0,0
2178,1.99E-01,3,2178,Not eroded,0,1,0,0,0,0,-1.20E-07,2.90E-07,-5.19E-08,3.18E-07,1.06E-07,1,5.69E-04,1,1,0,0,0
2180,8.88E-02,6,2180,Not eroded,0,0,0,0,0,0,4.06E-07,-2.15E-07,1.66E-07,4.89E-07,8.14E-08,0,8.75E-04,0,0,0,0,0
2181,2.66E-01,0,2181,Not eroded,0,1,1,1,1,1,0,0.00E+00,0.00E+00,0,0,1,0.00E+00,1,1,1,1,1
2182,1.66E-01,0,2182,Not eroded,0,0,0,0,0,0,0,0.00E+00,0.00E+00,0,0,1,0.00E+00,1,1,1,1,1
2183,1.70E-01,4,2183,Not eroded,0,0,0,0,0,0,-3.69E-07,-5.86E-07,1.80E-06,1.93E-06,4.82E-07,0,3.45E-03,1,1,0,0,0
2184,1.26E-01,4,2184,Not eroded,0,0,0,0,0,0,-4.44E-07,6.62E-07,3.46E-06,3.55E-06,8.88E-07,0,6.35E-03,1,1,0,0,0
2185,6.16E-02,5,2185,Not eroded,0,0,0,0,0,0,1.60E-07,5.61E-08,-9.76E-09,1.70E-07,3.39E-08,0,3.04E-04,0,1,0,0,0
2186,1.68E-01,4,2186,Not eroded,0,0,0,0,0,0,-1.74E-08,-7.11E-07,5.34E-08,7.13E-07,1.78E-07,0,1.28E-03,1,1,0,0,0
2187,5.66E-02,4,2187,Not eroded,0,0,0,0,0,0,-3.18E-07,1.97E-07,-1.15E-06,1.21E-06,3.01E-07,0,2.16E-03,1,1,0,0,0
2188,2.31E-01,3,2188,Not eroded,0,1,1,1,0,0,2.55E-07,9.13E-07,-1.07E-08,9.48E-07,3.16E-07,1,1.70E-03,1,1,0,0,0
2189,1.64E-01,5,2189,Not eroded,0,0,0,0,0,0,3.75E-07,3.41E-08,6.29E-07,7.33E-07,1.47E-07,0,1.31E-03,0,1,0,0,0
2190,1.96E-01,5,2190,Not eroded,0,1,0,0,0,0,1.52E-07,1.32E-07,1.30E-07,2.40E-07,4.80E-08,0,4.29E-04,0,1,0,0,0
2191,2.68E-01,4,2191,Not eroded,0,1,1,1,1,1,-1.34E-06,-2.15E-06,-6.42E-06,6.90E-06,1.72E-06,0,1.23E-02,1,1,0,0,0
2192,1.10E-01,4,2192,Not eroded,0,0,0,0,0,0,-9.43E-08,-1.37E-07,1.45E-07,2.21E-07,5.53E-08,0,3.95E-04,1,1,0,0,0
2193,1.20E-01,0,2193,Not eroded,0,0,0,0,0,0,0,0.00E+00,0.00E+00,0,0,1,0.00E+00,1,1,1,1,1
2194,1.90E-01,3,2194,Not eroded,0,0,0,0,0,0,-7.61E-07,2.58E-07,2.99E-06,3.09E-06,1.03E-06,1,5.53E-03,1,1,0,0,0
2195,2.87E-01,0,2195,Not eroded,0,1,1,1,1,1,0,0.00E+00,0.00E+00,0,0,1,0.00E+00,1,1,1,1,1
2196,2.75E-01,0,2196,Not eroded,0,1,1,1,1,1,0,0.00E+00,0.00E+00,0,0,1,0.00E+00,1,1,1,1,1
2197,6.53E-02,5,2197,Not eroded,0,0,0,0,0,0,3.72E-08,-1.57E-07,-5.91E-08,1.72E-07,3.44E-08,0,3.08E-04,0,1,0,0,0
2198,1.86E-01,3,2198,Not eroded,0,0,0,0,0,0,-2.47E-07,-8.03E-08,2.17E-07,3.39E-07,1.13E-07,1,6.06E-04,1,1,0,0,0
2199,1.60E-01,0,2199,Not eroded,0,0,0,0,0,0,0,0.00E+00,0.00E+00,0,0,1,0.00E+00,1,1,1,1,1
2200,7.32E-02,4,2200,Not eroded,0,0,0,0,0,0,1.09E-07,-3.31E-07,-2.35E-07,4.20E-07,1.05E-07,0,7.51E-04,1,1,0,0,0
2202,2.43E-01,4,2202,Not eroded,0,1,1,1,1,0,-5.53E-06,2.54E-06,-1.51E-06,6.27E-06,1.57E-06,0,1.12E-02,1,1,0,0,0
2203,2.09E-01,3,2203,Not eroded,0,1,0,0,0,0,-2.59E-08,1.04E-07,6.90E-07,6.99E-07,2.33E-07,1,1.25E-03,1,1,0,0,0
2204,1.51E-01,4,2204,Not eroded,0,0,0,0,0,0,1.04E-07,4.74E-07,3.01E-07,5.71E-07,1.43E-07,0,1.02E-03,1,1,0,0,0
2205,1.01E-01,0,2205,Not eroded,0,0,0,0,0,0,0,0.00E+00,0.00E+00,0,0,1,0.00E+00,1,1,1,1,1
2207,1.39E-01,7,2207,Not eroded,0,0,0,0,0,0,1.77E-07,2.72E-07,1.21E-07,3.46E-07,4.94E-08,0,6.19E-04,0,0,0,0,0
2208,5.64E-02,3,2208,Not eroded,0,0,0,0,0,0,-8.75E-08,6.73E-07,-1.37E-06,1.53E-06,5.10E-07,1,2.74E-03,1,1,0,0,0
2209,1.55E-01,0,2209,Not eroded,0,0,0,0,0,0,0,0.00E+00,0.00E+00,0,0,1,0.00E+00,1,1,1,1,1
2210,1.33E-01,5,2210,Not eroded,0,0,0,0,0,0,-6.44E-09,-1.33E-07,3.07E-08,1.36E-07,2.73E-08,0,2.43E-04,0,1,0,0,0
2211,2.20E-01,5,2211,Not eroded,0,1,0,0,0,0,5.64E-08,2.76E-07,2.40E-07,3.70E-07,7.41E-08,0,6.62E-04,0,1,0,0,0
2212,1.92E-01,3,2212,Not eroded,0,1,0,0,0,0,6.30E-07,-4.47E-08,-1.03E-07,6.40E-07,2.13E-07,1,1.14E-03,1,1,0,0,0
2213,8.42E-02,0,2213,Not eroded,0,0,0,0,0,0,0,0.00E+00,0.00E+00,0,0,1,0.00E+00,1,1,1,1,1
2214,1.81E-01,0,2214,Not eroded,0,0,0,0,0,0,0,0.00E+00,0.00E+00,0,0,1,0.00E+00,1,1,1,1,1
2215,5.65E-02,3,2215,Not eroded,0,0,0,0,0,0,1.44E-07,2.26E-07,-1.42E-06,1.44E-06,4.80E-07,1,2.58E-03,1,1,0,0,0
2216,1.51E-01,5,2216,Not eroded,0,0,0,0,0,0,-8.60E-08,6.60E-08,1.37E-07,1.74E-07,3.49E-08,0,3.11E-04,0,1,0,0,0
2217,2.35E-01,3,2217,Not eroded,0,1,1,1,0,0,8.83E-07,-1.06E-06,5.82E-07,1.50E-06,5.00E-07,1,2.68E-03,1,1,0,0,0
2218,1.05E-01,4,2218,Not eroded,0,0,0,0,0,0,2.09E-07,-7.76E-08,1.20E-07,2.53E-07,6.32E-08,0,4.53E-04,1,1,0,0,0
2219,5.66E-02,2,2219,Not eroded,0,0,0,0,0,0,2.91E-07,2.81E-07,-1.42E-06,1.47E-06,7.36E-07,1,2.63E-03,1,1,1,0,0
2220,5.66E-02,5,2220,Not eroded,0,0,0,0,0,0,2.32E-07,-1.51E-07,-1.37E-06,1.40E-06,2.80E-07,0,2.50E-03,0,1,0,0,0
2221,1.72E-01,4,2221,Not eroded,0,0,0,0,0,0,-1.22E-07,4.59E-07,-7.95E-08,4.82E-07,1.20E-07,0,8.62E-04,1,1,0,0,0
2222,6.71E-02,2,2222,Not eroded,0,0,0,0,0,0,-1.91E-07,2.30E-07,2.02E-07,3.61E-07,1.80E-07,1,6.46E-04,1,1,1,0,0
2223,1.30E-01,3,2223,Not eroded,0,0,0,0,0,0,7.46E-07,-2.54E-07,-1.87E-07,8.10E-07,2.70E-07,1,1.45E-03,1,1,0,0,0
2224,1.14E-01,3,2224,Not eroded,0,0,0,0,0,0,2.29E-07,-1.22E-07,1.12E-07,2.82E-07,9.41E-08,1,5.04E-04,1,1,0,0,0
2225,2.45E-01,4,2225,Not eroded,0,1,1,1,1,0,-3.46E-09,-1.55E-07,-2.36E-07,2.83E-07,7.07E-08,0,5.06E-04,1,1,0,0,0
2226,2.47E-01,3,2226,Not eroded,0,1,1,1,1,0,-3.14E-07,-1.06E-06,-1.60E-07,1.11E-06,3.72E-07,1,1.99E-03,1,1,0,0,0
2227,1.62E-01,4,2227,Not eroded,0,0,0,0,0,0,5.99E-07,8.55E-07,-2.22E-07,1.07E-06,2.67E-07,0,1.91E-03,1,1,0,0,0
2228,1.18E-01,4,2228,Not eroded,0,0,0,0,0,0,2.86E-07,-5.68E-08,2.48E-08,2.93E-07,7.32E-08,0,5.24E-04,1,1,0,0,0
2229,2.79E-01,3,2229,Not eroded,0,1,1,1,1,1,6.00E-07,1.03E-06,5.52E-07,1.31E-06,4.37E-07,1,2.34E-03,1,1,0,0,0
2230,8.23E-02,5,2230,Not eroded,0,0,0,0,0,0,5.90E-08,-6.33E-09,8.25E-08,1.02E-07,2.03E-08,0,1.82E-04,0,1,0,0,0
2231,1.90E-01,0,2231,Not eroded,0,0,0,0,0,0,0,0.00E+00,0.00E+00,0,0,1,0.00E+00,1,1,1,1,1
2232,1.01E-01,4,2232,Not eroded,0,0,0,0,0,0,1.77E-07,1.39E-07,-1.17E-07,2.54E-07,6.34E-08,0,4.54E-04,1,1,0,0,0
2233,2.58E-01,2,2233,Not eroded,0,1,1,1,1,1,7.23E-07,3.24E-07,2.10E-08,7.92E-07,3.96E-07,1,1.42E-03,1,1,1,0,0
2234,2.87E-01,0,2234,ERODED,1,1,1,1,1,1,0,0.00E+00,0.00E+00,0,0,1,0.00E+00,1,1,1,1,1
2235,1.75E-01,4,2235,Not eroded,0,0,0,0,0,0,-2.74E-07,-2.65E-07,-1.59E-06,1.64E-06,4.09E-07,0,2.93E-03,1,1,0,0,0
2236,9.76E-02,0,2236,Not eroded,0,0,0,0,0,0,0,0.00E+00,0.00E+00,0,0,1,0.00E+00,1,1,1,1,1
2237,5.66E-02,3,2237,Not eroded,0,0,0,0,0,0,6.19E-08,4.65E-07,-1.32E-06,1.40E-06,4.67E-07,1,2.50E-03,1,1,0,0,0
2238,2.40E-01,6,2238,Not eroded,0,1,1,1,0,0,3.08E-05,9.57E-06,-1.83E-05,3.71E-05,6.18E-06,0,6.64E-02,0,0,0,0,0
2239,5.68E-02,0,2239,Not eroded,0,0,0,0,0,0,0,0.00E+00,0.00E+00,0,0,1,0.00E+00,1,1,1,1,1
2240,6.35E-02,6,2240,Not eroded,0,0,0,0,0,0,2.62E-07,-1.82E-08,1.79E-07,3.18E-07,5.30E-08,0,5.69E-04,0,0,0,0,0
2241,1.92E-01,5,2241,Not eroded,0,1,0,0,0,0,-9.02E-08,3.02E-07,2.14E-07,3.81E-07,7.62E-08,0,6.81E-04,0,1,0,0,0
2242,1.42E-01,4,2242,Not eroded,0,0,0,0,0,0,1.19E-05,9.47E-06,2.89E-06,1.55E-05,3.87E-06,0,2.77E-02,1,1,0,0,0
2243,1.75E-01,4,2243,Not eroded,0,0,0,0,0,0,-3.41E-07,6.86E-07,-1.03E-07,7.73E-07,1.93E-07,0,1.38E-03,1,1,0,0,0
2244,2.87E-01,0,2244,ERODED,1,1,1,1,1,1,0,0.00E+00,0.00E+00,0,0,1,0.00E+00,1,1,1,1,1
2245,5.65E-02,3,2245,Not eroded,0,0,0,0,0,0,3.08E-07,-7.30E-08,-1.50E-06,1.53E-06,5.11E-07,1,2.74E-03,1,1,0,0,0
2246,1.43E-01,5,2246,Not eroded,0,0,0,0,0,0,7.41E-07,-2.75E-07,1.25E-06,1.48E-06,2.95E-07,0,2.65E-03,0,1,0,0,0
2247,2.38E-01,2,2247,Not eroded,0,1,1,1,0,0,-8.54E-08,2.24E-08,2.31E-07,2.47E-07,1.24E-07,1,4.42E-04,1,1,1,0,0
2248,5.72E-02,5,2248,Not eroded,0,0,0,0,0,0,-4.84E-07,-1.97E-08,-6.29E-08,4.88E-07,9.76E-08,0,8.73E-04,0,1,0,0,0
2249,1.85E-01,4,2249,Not eroded,0,0,0,0,0,0,6.78E-08,6.19E-09,2.21E-07,2.31E-07,5.78E-08,0,4.13E-04,1,1,0,0,0
2250,2.90E-01,0,2250,ERODED,1,1,1,1,1,1,0,0.00E+00,0.00E+00,0,0,1,0.00E+00,1,1,1,1,1
2251,1.80E-01,5,2251,Not eroded,0,0,0,0,0,0,-1.14E-06,3.41E-07,-7.55E-07,1.41E-06,2.81E-07,0,2.52E-03,0,1,0,0,0
2252,1.40E-01,3,2252,Not eroded,0,0,0,0,0,0,-2.29E-07,6.18E-07,1.03E-07,6.67E-07,2.22E-07,1,1.19E-03,1,1,0,0,0
2253,1.54E-01,0,2253,Not eroded,0,0,0,0,0,0,0,0.00E+00,0.00E+00,0,0,1,0.00E+00,1,1,1,1,1
2254,7.24E-02,4,2254,Not eroded,0,0,0,0,0,0,9.41E-09,3.11E-08,3.43E-07,3.44E-07,8.60E-08,0,6.15E-04,1,1,0,0,0
2255,1.99E-01,0,2255,Not eroded,0,1,0,0,0,0,0,0.00E+00,0.00E+00,0,0,1,0.00E+00,1,1,1,1,1
2256,1.25E-01,3,2256,Not eroded,0,0,0,0,0,0,2.10E-07,-6.77E-07,1.39E-06,1.56E-06,5.20E-07,1,2.79E-03,1,1,0,0,0
2257,2.06E-01,5,2257,Not eroded,0,1,0,0,0,0,3.06E-08,2.25E-09,-8.46E-08,9.00E-08,1.80E-08,0,1.61E-04,0,1,0,0,0
2258,1.38E-01,3,2258,Not eroded,0,0,0,0,0,0,5.64E-08,3.67E-08,4.90E-07,4.94E-07,1.65E-07,1,8.84E-04,1,1,0,0,0
2260,1.95E-01,0,2260,Not eroded,0,1,0,0,0,0,0,0.00E+00,0.00E+00,0,0,1,0.00E+00,1,1,1,1,1
2261,1.13E-01,4,2261,Not eroded,0,0,0,0,0,0,-2.65E-07,4.00E-07,-1.30E-07,4.97E-07,1.24E-07,0,8.89E-04,1,1,0,0,0
2262,1.00E-01,3,2262,Not eroded,0,0,0,0,0,0,-4.50E-07,7.03E-07,-3.78E-07,9.16E-07,3.05E-07,1,1.64E-03,1,1,0,0,0
2263,3.25E-01,0,2263,ERODED,1,1,1,1,1,1,0,0.00E+00,0.00E+00,0,0,1,0.00E+00,1,1,1,1,1
2264,5.86E-02,6,2264,Not eroded,0,0,0,0,0,0,3.27E-07,-6.32E-07,2.88E-07,7.67E-07,1.28E-07,0,1.37E-03,0,0,0,0,0
2265,2.64E-01,3,2265,Not eroded,0,1,1,1,1,1,5.87E-07,-6.03E-07,9.73E-07,1.29E-06,4.29E-07,1,2.31E-03,1,1,0,0,0
2266,2.36E-01,5,2266,Not eroded,0,1,1,1,0,0,5.57E-07,-4.32E-08,-4.21E-08,5.60E-07,1.12E-07,0,1.00E-03,0,1,0,0,0
2267,1.15E-01,5,2267,Not eroded,0,0,0,0,0,0,1.60E-07,6.24E-07,-1.10E-08,6.44E-07,1.29E-07,0,1.15E-03,0,1,0,0,0
2268,6.47E-02,3,2268,Not eroded,0,0,0,0,0,0,-1.13E-07,-3.34E-07,1.89E-07,4.00E-07,1.33E-07,1,7.15E-04,1,1,0,0,0
2269,9.57E-02,2,2269,Not eroded,0,0,0,0,0,0,2.79E-07,4.37E-07,2.13E-07,5.61E-07,2.80E-07,1,1.00E-03,1,1,1,0,0
2271,2.82E-01,2,2271,Not eroded,0,1,1,1,1,1,-2.58E-06,2.95E-06,-3.57E-07,3.93E-06,1.97E-06,1,7.03E-03,1,1,1,0,0
2273,1.51E-01,0,2273,Not eroded,0,0,0,0,0,0,0,0.00E+00,0.00E+00,0,0,1,0.00E+00,1,1,1,1,1
2275,2.15E-01,4,2275,Not eroded,0,1,0,0,0,0,-6.29E-08,9.49E-08,6.15E-07,6.25E-07,1.56E-07,0,1.12E-03,1,1,0,0,0
2276,1.81E-01,5,2276,Not eroded,0,0,0,0,0,0,6.64E-07,-8.54E-07,1.74E-06,2.05E-06,4.10E-07,0,3.67E-03,0,1,0,0,0
2277,2.40E-01,4,2277,Not eroded,0,1,1,1,0,0,1.13E-06,-2.57E-06,-5.56E-06,6.23E-06,1.56E-06,0,1.11E-02,1,1,0,0,0
2278,2.79E-01,0,2278,Not eroded,0,1,1,1,1,1,0,0.00E+00,0.00E+00,0,0,1,0.00E+00,1,1,1,1,1
2279,2.57E-01,0,2279,Not eroded,0,1,1,1,1,1,0,0.00E+00,0.00E+00,0,0,1,0.00E+00,1,1,1,1,1
2280,1.75E-01,0,2280,Not eroded,0,0,0,0,0,0,0,0.00E+00,0.00E+00,0,0,1,0.00E+00,1,1,1,1,1
2281,6.92E-02,6,2281,Not eroded,0,0,0,0,0,0,-8.97E-08,-7.13E-08,1.49E-07,1.88E-07,3.13E-08,0,3.36E-04,0,0,0,0,0
2282,1.09E-01,3,2282,Not eroded,0,0,0,0,0,0,7.20E-09,-1.15E-07,-5.11E-08,1.26E-07,4.19E-08,1,2.25E-04,1,1,0,0,0
2284,1.57E-01,3,2284,Not eroded,0,0,0,0,0,0,2.50E-07,-1.55E-07,9.57E-08,3.10E-07,1.03E-07,1,5.54E-04,1,1,0,0,0
2285,2.10E-01,5,2285,Not eroded,0,1,0,0,0,0,-4.67E-08,-2.57E-08,6.04E-09,5.37E-08,1.07E-08,0,9.61E-05,0,1,0,0,0
2286,2.95E-01,0,2286,Not eroded,0,1,1,1,1,1,0,0.00E+00,0.00E+00,0,0,1,0.00E+00,1,1,1,1,1
2288,2.78E-01,0,2288,Not eroded,0,1,1,1,1,1,0,0.00E+00,0.00E+00,0,0,1,0.00E+00,1,1,1,1,1
2289,1.50E-01,6,2289,Not eroded,0,0,0,0,0,0,5.66E-07,2.42E-06,1.25E-07,2.49E-06,4.15E-07,0,4.45E-03,0,0,0,0,0
2291,3.18E-01,0,2291,ERODED,1,1,1,1,1,1,0,0.00E+00,0.00E+00,0,0,1,0.00E+00,1,1,1,1,1
2292,3.21E-01,0,2292,ERODED,1,1,1,1,1,1,0,0.00E+00,0.00E+00,0,0,1,0.00E+00,1,1,1,1,1
2293,1.19E-01,6,2293,Not eroded,0,0,0,0,0,0,1.98E-07,3.24E-07,-4.04E-08,3.82E-07,6.37E-08,0,6.83E-04,0,0,0,0,0
2296,6.91E-02,4,2296,Not eroded,0,0,0,0,0,0,4.35E-08,-4.13E-08,3.82E-08,7.11E-08,1.78E-08,0,1.27E-04,1,1,0,0,0
2297,1.68E-01,3,2297,Not eroded,0,0,0,0,0,0,6.31E-07,-1.53E-06,-1.94E-08,1.65E-06,5.51E-07,1,2.95E-03,1,1,0,0,0
2298,2.49E-01,0,2298,Not eroded,0,1,1,1,1,0,0,0.00E+00,0.00E+00,0,0,1,0.00E+00,1,1,1,1,1
2299,2.29E-01,4,2299,Not eroded,0,1,1,0,0,0,1.83E-06,9.93E-07,-3.03E-08,2.08E-06,5.21E-07,0,3.72E-03,1,1,0,0,0
2300,1.42E-01,4,2300,Not eroded,0,0,0,0,0,0,1.10E-07,-3.14E-08,1.59E-07,1.95E-07,4.88E-08,0,3.49E-04,1,1,0,0,0
2301,1.53E-01,0,2301,Not eroded,0,0,0,0,0,0,0,0.00E+00,0.00E+00,0,0,1,0.00E+00,1,1,1,1,1
2302,1.39E-01,6,2302,Not eroded,0,0,0,0,0,0,2.05E-07,1.31E-06,1.93E-07,1.34E-06,2.24E-07,0,2.40E-03,0,0,0,0,0
2303,8.96E-02,4,2303,Not eroded,0,0,0,0,0,0,1.26E-08,-1.57E-07,-1.14E-07,1.95E-07,4.87E-08,0,3.49E-04,1,1,0,0,0
2304,1.77E-01,0,2304,Not eroded,0,0,0,0,0,0,0,0.00E+00,0.00E+00,0,0,1,0.00E+00,1,1,1,1,1
2305,1.04E-01,0,2305,Not eroded,0,0,0,0,0,0,0,0.00E+00,0.00E+00,0,0,1,0.00E+00,1,1,1,1,1
2306,9.23E-02,4,2306,Not eroded,0,0,0,0,0,0,5.77E-07,1.91E-07,-1.32E-06,1.45E-06,3.63E-07,0,2.59E-03,1,1,0,0,0
2307,5.65E-02,5,2307,Not eroded,0,0,0,0,0,0,-3.06E-09,-1.18E-07,-1.34E-06,1.35E-06,2.69E-07,0,2.41E-03,0,1,0,0,0
2308,2.44E-01,3,2308,Not eroded,0,1,1,1,1,0,-1.12E-06,-2.98E-06,-1.47E-06,3.50E-06,1.17E-06,1,6.26E-03,1,1,0,0,0
2309,9.46E-02,0,2309,Not eroded,0,0,0,0,0,0,0,0.00E+00,0.00E+00,0,0,1,0.00E+00,1,1,1,1,1
2311,2.82E-01,0,2311,ERODED,1,1,1,1,1,1,0,0.00E+00,0.00E+00,0,0,1,0.00E+00,1,1,1,1,1
2312,5.66E-02,2,2312,Not eroded,0,0,0,0,0,0,1.60E-07,5.48E-07,-1.42E-06,1.53E-06,7.65E-07,1,2.74E-03,1,1,1,0,0
2313,1.15E-01,4,2313,Not eroded,0,0,0,0,0,0,8.20E-08,-2.58E-07,-1.03E-07,2.90E-07,7.24E-08,0,5.19E-04,1,1,0,0,0
2314,7.08E-02,0,2314,Not eroded,0,0,0,0,0,0,0,0.00E+00,0.00E+00,0,0,1,0.00E+00,1,1,1,1,1
2315,3.24E-01,0,2315,ERODED,1,1,1,1,1,1,0,0.00E+00,0.00E+00,0,0,1,0.00E+00,1,1,1,1,1
2316,1.81E-01,5,2316,Not eroded,0,0,0,0,0,0,-1.19E-07,-5.55E-08,1.08E-07,1.70E-07,3.40E-08,0,3.04E-04,0,1,0,0,0
2317,2.26E-01,0,2317,Not eroded,0,1,1,0,0,0,0,0.00E+00,0.00E+00,0,0,1,0.00E+00,1,1,1,1,1
2318,9.28E-02,5,2318,Not eroded,0,0,0,0,0,0,-5.93E-07,-7.88E-07,7.31E-07,1.23E-06,2.45E-07,0,2.20E-03,0,1,0,0,0
2319,1.15E-01,2,2319,Not eroded,0,0,0,0,0,0,3.28E-07,-2.63E-07,-4.09E-08,4.22E-07,2.11E-07,1,7.55E-04,1,1,1,0,0
2321,5.64E-02,3,2321,Not eroded,0,0,0,0,0,0,3.11E-07,4.10E-07,-1.55E-06,1.63E-06,5.43E-07,1,2.92E-03,1,1,0,0,0
2322,1.32E-01,6,2322,Not eroded,0,0,0,0,0,0,-9.86E-08,1.76E-10,-1.11E-07,1.48E-07,2.47E-08,0,2.65E-04,0,0,0,0,0
2323,1.73E-01,5,2323,Not eroded,0,0,0,0,0,0,1.22E-07,4.10E-07,1.53E-07,4.54E-07,9.08E-08,0,8.12E-04,0,1,0,0,0
2324,2.88E-01,3,2324,Not eroded,0,1,1,1,1,1,3.88E-07,-8.86E-07,4.11E-08,9.68E-07,3.23E-07,1,1.73E-03,1,1,0,0,0
2325,2.43E-01,3,2325,Not eroded,0,1,1,1,1,0,6.85E-07,9.90E-08,8.15E-07,1.07E-06,3.56E-07,1,1.91E-03,1,1,0,0,0
2326,1.73E-01,0,2326,Not eroded,0,0,0,0,0,0,0,0.00E+00,0.00E+00,0,0,1,0.00E+00,1,1,1,1,1
2327,1.39E-01,2,2327,Not eroded,0,0,0,0,0,0,8.83E-07,-8.45E-07,1.27E-06,1.76E-06,8.81E-07,1,3.15E-03,1,1,1,0,0
2328,2.28E-01,5,2328,Not eroded,0,1,1,0,0,0,1.81E-07,4.85E-09,-3.51E-08,1.85E-07,3.69E-08,0,3.31E-04,0,1,0,0,0
2330,1.82E-01,0,2330,Not eroded,0,0,0,0,0,0,0,0.00E+00,0.00E+00,0,0,1,0.00E+00,1,1,1,1,1
2331,1.40E-01,3,2331,Not eroded,0,0,0,0,0,0,-4.51E-07,-4.78E-07,-1.19E-07,6.68E-07,2.23E-07,1,1.19E-03,1,1,0,0,0
2333,2.45E-01,0,2333,Not eroded,0,1,1,1,1,0,0,0.00E+00,0.00E+00,0,0,1,0.00E+00,1,1,1,1,1
2334,2.31E-01,0,2334,Not eroded,0,1,1,1,0,0,0,0.00E+00,0.00E+00,0,0,1,0.00E+00,1,1,1,1,1
2335,2.43E-01,3,2335,Not eroded,0,1,1,1,1,0,2.99E-07,3.43E-07,6.84E-07,8.22E-07,2.74E-07,1,1.47E-03,1,1,0,0,0
2336,5.88E-02,3,2336,Not eroded,0,0,0,0,0,0,2.67E-07,-1.08E-07,-1.13E-07,3.09E-07,1.03E-07,1,5.53E-04,1,1,0,0,0
2337,1.09E-01,0,2337,Not eroded,0,0,0,0,0,0,0,0.00E+00,0.00E+00,0,0,1,0.00E+00,1,1,1,1,1
2338,2.12E-01,5,2338,Not eroded,0,1,0,0,0,0,-2.33E-08,1.55E-07,2.60E-07,3.04E-07,6.07E-08,0,5.44E-04,0,1,0,0,0
2339,1.24E-01,5,2339,Not eroded,0,0,0,0,0,0,3.61E-07,-3.08E-07,1.29E-06,1.38E-06,2.76E-07,0,2.47E-03,0,1,0,0,0
2340,8.93E-02,3,2340,Not eroded,0,0,0,0,0,0,2.48E-08,-3.49E-07,1.18E-07,3.69E-07,1.23E-07,1,6.60E-04,1,1,0,0,0
2341,2.01E-01,4,2341,Not eroded,0,1,0,0,0,0,-2.85E-06,-2.13E-06,6.01E-07,3.60E-06,9.01E-07,0,6.44E-03,1,1,0,0,0
2342,1.36E-01,4,2342,Not eroded,0,0,0,0,0,0,1.66E-07,-6.91E-08,3.35E-07,3.80E-07,9.50E-08,0,6.80E-04,1,1,0,0,0
2343,2.21E-01,0,2343,Not eroded,0,1,1,0,0,0,0,0.00E+00,0.00E+00,0,0,1,0.00E+00,1,1,1,1,1
2344,1.39E-01,0,2344,Not eroded,0,0,0,0,0,0,0,0.00E+00,0.00E+00,0,0,1,0.00E+00,1,1,1,1,1
2345,9.57E-02,0,2345,Not eroded,0,0,0,0,0,0,0,0.00E+00,0.00E+00,0,0,1,0.00E+00,1,1,1,1,1
2346,3.08E-01,3,2346,Not eroded,0,1,1,1,1,1,2.31E-06,-2.65E-06,1.71E-06,3.91E-06,1.30E-06,1,6.99E-03,1,1,0,0,0
2348,1.24E-01,6,2348,Not eroded,0,0,0,0,0,0,-3.16E-08,-1.12E-07,6.20E-07,6.31E-07,1.05E-07,0,1.13E-03,0,0,0,0,0
2349,9.30E-02,3,2349,Not eroded,0,0,0,0,0,0,1.79E-07,-3.44E-07,2.18E-07,4.44E-07,1.48E-07,1,7.94E-04,1,1,0,0,0
2351,1.67E-01,4,2351,Not eroded,0,0,0,0,0,0,1.97E-07,1.59E-07,2.79E-07,3.77E-07,9.42E-08,0,6.74E-04,1,1,0,0,0
2352,2.56E-01,3,2352,Not eroded,0,1,1,1,1,1,5.27E-07,1.12E-06,-3.69E-07,1.29E-06,4.30E-07,1,2.31E-03,1,1,0,0,0
2353,2.61E-01,4,2353,Not eroded,0,1,1,1,1,1,-1.01E-07,1.21E-07,-2.58E-07,3.03E-07,7.57E-08,0,5.42E-04,1,1,0,0,0
2354,2.17E-01,0,2354,Not eroded,0,1,0,0,0,0,0,0.00E+00,0.00E+00,0,0,1,0.00E+00,1,1,1,1,1
2355,9.45E-02,5,2355,Not eroded,0,0,0,0,0,0,4.30E-07,-4.42E-08,3.65E-07,5.66E-07,1.13E-07,0,1.01E-03,0,1,0,0,0
2356,2.71E-01,0,2356,Not eroded,0,1,1,1,1,1,0,0.00E+00,0.00E+00,0,0,1,0.00E+00,1,1,1,1,1
2357,1.09E-01,0,2357,Not eroded,0,0,0,0,0,0,0,0.00E+00,0.00E+00,0,0,1,0.00E+00,1,1,1,1,1
2358,2.91E-01,3,2358,Not eroded,0,1,1,1,1,1,7.39E-07,-1.15E-07,3.65E-06,3.72E-06,1.24E-06,1,6.65E-03,1,1,0,0,0
2359,2.68E-01,4,2359,Not eroded,0,1,1,1,1,1,8.76E-07,1.11E-05,7.14E-07,1.11E-05,2.78E-06,0,1.99E-02,1,1,0,0,0
2360,2.19E-01,0,2360,Not eroded,0,1,0,0,0,0,0,0.00E+00,0.00E+00,0,0,1,0.00E+00,1,1,1,1,1
2361,9.02E-02,4,2361,Not eroded,0,0,0,0,0,0,1.65E-08,-4.47E-08,6.63E-08,8.17E-08,2.04E-08,0,1.46E-04,1,1,0,0,0
2362,1.35E-01,4,2362,Not eroded,0,0,0,0,0,0,-3.03E-10,1.28E-09,1.74E-07,1.74E-07,4.35E-08,0,3.11E-04,1,1,0,0,0
2363,2.37E-01,4,2363,Not eroded,0,1,1,1,0,0,3.95E-07,1.20E-07,-6.36E-08,4.18E-07,1.05E-07,0,7.48E-04,1,1,0,0,0
2364,1.64E-01,3,2364,Not eroded,0,0,0,0,0,0,5.56E-08,-9.33E-08,1.69E-07,2.01E-07,6.71E-08,1,3.60E-04,1,1,0,0,0
2365,7.66E-02,5,2365,Not eroded,0,0,0,0,0,0,2.97E-07,-2.46E-07,1.28E-06,1.33E-06,2.67E-07,0,2.38E-03,0,1,0,0,0
2366,2.15E-01,5,2366,Not eroded,0,1,0,0,0,0,-8.60E-08,1.54E-06,7.12E-07,1.70E-06,3.41E-07,0,3.04E-03,0,1,0,0,0
2367,1.82E-01,0,2367,Not eroded,0,0,0,0,0,0,0,0.00E+00,0.00E+00,0,0,1,0.00E+00,1,1,1,1,1
2368,1.31E-01,5,2368,Not eroded,0,0,0,0,0,0,5.89E-07,-4.30E-07,1.05E-07,7.36E-07,1.47E-07,0,1.32E-03,0,1,0,0,0
2369,1.05E-01,0,2369,Not eroded,0,0,0,0,0,0,0,0.00E+00,0.00E+00,0,0,1,0.00E+00,1,1,1,1,1
2370,1.66E-01,4,2370,Not eroded,0,0,0,0,0,0,2.84E-07,6.90E-07,1.70E-07,7.65E-07,1.91E-07,0,1.37E-03,1,1,0,0,0
2371,6.48E-02,0,2371,Not eroded,0,0,0,0,0,0,0,0.00E+00,0.00E+00,0,0,1,0.00E+00,1,1,1,1,1
2372,1.36E-01,0,2372,Not eroded,0,0,0,0,0,0,0,0.00E+00,0.00E+00,0,0,1,0.00E+00,1,1,1,1,1
2373,2.51E-01,5,2373,Not eroded,0,1,1,1,1,1,1.01E-06,3.67E-08,1.54E-06,1.84E-06,3.67E-07,0,3.29E-03,0,1,0,0,0
2374,1.81E-01,3,2374,Not eroded,0,0,0,0,0,0,5.37E-08,-7.18E-08,-5.08E-08,1.03E-07,3.44E-08,1,1.84E-04,1,1,0,0,0
2375,2.20E-01,4,2375,Not eroded,0,1,0,0,0,0,1.95E-07,-1.27E-07,3.21E-07,3.97E-07,9.92E-08,0,7.10E-04,1,1,0,0,0
2376,2.46E-01,4,2376,Not eroded,0,1,1,1,1,0,5.21E-07,-1.66E-08,2.91E-07,5.97E-07,1.49E-07,0,1.07E-03,1,1,0,0,0
2377,2.70E-01,0,2377,Not eroded,0,1,1,1,1,1,0,0.00E+00,0.00E+00,0,0,1,0.00E+00,1,1,1,1,1
2378,2.93E-01,3,2378,Not eroded,0,1,1,1,1,1,-4.37E-08,-7.17E-07,3.81E-07,8.13E-07,2.71E-07,1,1.45E-03,1,1,0,0,0
2379,8.92E-02,4,2379,Not eroded,0,0,0,0,0,0,1.80E-06,-4.09E-07,1.46E-06,2.35E-06,5.88E-07,0,4.20E-03,1,1,0,0,0
2380,2.89E-01,4,2380,Not eroded,0,1,1,1,1,1,4.84E-07,1.34E-06,-6.70E-08,1.43E-06,3.57E-07,0,2.56E-03,1,1,0,0,0
2381,2.88E-01,0,2381,ERODED,1,1,1,1,1,1,0,0.00E+00,0.00E+00,0,0,1,0.00E+00,1,1,1,1,1
2382,2.36E-01,0,2382,Not eroded,0,1,1,1,0,0,0,0.00E+00,0.00E+00,0,0,1,0.00E+00,1,1,1,1,1
2383,1.23E-01,5,2383,Not eroded,0,0,0,0,0,0,9.71E-09,5.79E-08,-5.96E-08,8.36E-08,1.67E-08,0,1.50E-04,0,1,0,0,0
2384,2.54E-01,4,2384,Not eroded,0,1,1,1,1,1,1.09E-08,-7.96E-07,2.30E-07,8.28E-07,2.07E-07,0,1.48E-03,1,1,0,0,0
2385,2.51E-01,4,2385,Not eroded,0,1,1,1,1,1,-1.04E-07,-9.03E-08,2.00E-07,2.43E-07,6.07E-08,0,4.35E-04,1,1,0,0,0
2386,1.10E-01,3,2386,Not eroded,0,0,0,0,0,0,-4.35E-08,-3.53E-08,1.60E-07,1.70E-07,5.65E-08,1,3.04E-04,1,1,0,0,0
2387,2.54E-01,0,2387,Not eroded,0,1,1,1,1,1,0,0.00E+00,0.00E+00,0,0,1,0.00E+00,1,1,1,1,1
2388,3.14E-01,0,2388,ERODED,1,1,1,1,1,1,0,0.00E+00,0.00E+00,0,0,1,0.00E+00,1,1,1,1,1
2389,5.65E-02,4,2389,Not eroded,0,0,0,0,0,0,1.26E-07,4.80E-08,-1.41E-06,1.42E-06,3.55E-07,0,2.54E-03,1,1,0,0,0
2390,1.65E-01,3,2390,Not eroded,0,0,0,0,0,0,2.35E-07,2.27E-07,2.17E-07,3.92E-07,1.31E-07,1,7.01E-04,1,1,0,0,0
2391,3.35E-01,0,2391,ERODED,1,1,1,1,1,1,0,0.00E+00,0.00E+00,0,0,1,0.00E+00,1,1,1,1,1
2392,1.96E-01,0,2392,Not eroded,0,1,0,0,0,0,0,0.00E+00,0.00E+00,0,0,1,0.00E+00,1,1,1,1,1
2393,2.64E-01,3,2393,Not eroded,0,1,1,1,1,1,-3.74E-06,8.90E-06,-1.75E-07,9.65E-06,3.22E-06,1,1.73E-02,1,1,0,0,0
2394,1.72E-01,4,2394,Not eroded,0,0,0,0,0,0,1.35E-07,-8.30E-07,-2.53E-08,8.41E-07,2.10E-07,0,1.50E-03,1,1,0,0,0
2398,1.00E-01,4,2398,Not eroded,0,0,0,0,0,0,-1.16E-07,-2.51E-07,-9.02E-08,2.91E-07,7.26E-08,0,5.21E-04,1,1,0,0,0
2399,9.80E-02,4,2399,Not eroded,0,0,0,0,0,0,-1.14E-07,-2.17E-07,8.00E-07,8.37E-07,2.09E-07,0,1.50E-03,1,1,0,0,0
2400,1.64E-01,4,2400,Not eroded,0,0,0,0,0,0,1.16E-07,1.09E-07,-7.41E-08,1.75E-07,4.38E-08,0,3.13E-04,1,1,0,0,0
2401,2.06E-01,8,2401,Not eroded,0,1,0,0,0,0,8.26E-08,1.23E-07,-1.02E-07,1.80E-07,2.25E-08,0,3.22E-04,0,0,0,0,0
2403,9.19E-02,0,2403,Not eroded,0,0,0,0,0,0,0,0.00E+00,0.00E+00,0,0,1,0.00E+00,1,1,1,1,1
2404,8.09E-02,0,2404,Not eroded,0,0,0,0,0,0,0,0.00E+00,0.00E+00,0,0,1,0.00E+00,1,1,1,1,1
2406,2.36E-01,6,2406,Not eroded,0,1,1,1,0,0,3.58E-07,2.12E-07,1.75E-08,4.17E-07,6.94E-08,0,7.46E-04,0,0,0,0,0
2407,2.97E-01,4,2407,Not eroded,0,1,1,1,1,1,4.27E-06,-4.72E-05,-1.22E-04,0.000130763,3.27E-05,0,2.34E-01,1,1,0,0,0
2408,1.21E-01,2,2408,Not eroded,0,0,0,0,0,0,-1.78E-08,1.00E-07,4.16E-07,4.28E-07,2.14E-07,1,7.66E-04,1,1,1,0,0
2409,9.08E-02,3,2409,Not eroded,0,0,0,0,0,0,3.66E-09,-9.83E-08,3.61E-07,3.74E-07,1.25E-07,1,6.69E-04,1,1,0,0,0
2411,1.66E-01,0,2411,Not eroded,0,0,0,0,0,0,0,0.00E+00,0.00E+00,0,0,1,0.00E+00,1,1,1,1,1
2412,1.02E-01,4,2412,Not eroded,0,0,0,0,0,0,2.12E-06,1.32E-06,2.94E-06,3.86E-06,9.65E-07,0,6.90E-03,1,1,0,0,0
2413,3.15E-01,0,2413,ERODED,1,1,1,1,1,1,0,0.00E+00,0.00E+00,0,0,1,0.00E+00,1,1,1,1,1
2414,8.28E-02,5,2414,Not eroded,0,0,0,0,0,0,-7.31E-07,-2.39E-06,2.02E-08,2.50E-06,5.01E-07,0,4.47E-03,0,1,0,0,0
2415,2.28E-01,6,2415,Not eroded,0,1,1,0,0,0,9.33E-07,1.78E-08,2.08E-06,2.28E-06,3.80E-07,0,4.08E-03,0,0,0,0,0
2416,1.14E-01,5,2416,Not eroded,0,0,0,0,0,0,-1.15E-06,1.11E-06,1.47E-06,2.17E-06,4.34E-07,0,3.88E-03,0,1,0,0,0
2417,1.93E-01,0,2417,Not eroded,0,1,0,0,0,0,0,0.00E+00,0.00E+00,0,0,1,0.00E+00,1,1,1,1,1
2418,6.62E-02,3,2418,Not eroded,0,0,0,0,0,0,7.26E-07,-3.25E-08,1.34E-07,7.39E-07,2.46E-07,1,1.32E-03,1,1,0,0,0
2419,1.55E-01,0,2419,Not eroded,0,0,0,0,0,0,0,0.00E+00,0.00E+00,0,0,1,0.00E+00,1,1,1,1,1
2420,1.46E-01,4,2420,Not eroded,0,0,0,0,0,0,3.72E-07,-1.53E-07,1.62E-07,4.33E-07,1.08E-07,0,7.75E-04,1,1,0,0,0
2421,5.66E-02,3,2421,Not eroded,0,0,0,0,0,0,-4.65E-08,-5.02E-08,-1.28E-06,1.29E-06,4.29E-07,1,2.31E-03,1,1,0,0,0
2422,1.00E-01,4,2422,Not eroded,0,0,0,0,0,0,2.35E-07,5.67E-07,2.33E-07,6.56E-07,1.64E-07,0,1.17E-03,1,1,0,0,0
2423,3.07E-01,4,2423,Not eroded,0,1,1,1,1,1,4.86E-07,2.59E-06,1.45E-07,2.64E-06,6.61E-07,0,4.72E-03,1,1,0,0,0
2424,2.66E-01,4,2424,Not eroded,0,1,1,1,1,1,3.45E-07,4.63E-06,2.88E-06,5.46E-06,1.37E-06,0,9.77E-03,1,1,0,0,0
2425,1.74E-01,4,2425,Not eroded,0,0,0,0,0,0,-3.44E-07,5.69E-07,2.40E-06,2.49E-06,6.24E-07,0,4.45E-03,1,1,0,0,0
2426,2.36E-01,3,2426,Not eroded,0,1,1,1,0,0,-7.60E-08,2.89E-07,3.57E-07,4.66E-07,1.55E-07,1,8.34E-04,1,1,0,0,0
2427,1.39E-01,5,2427,Not eroded,0,0,0,0,0,0,3.07E-07,1.88E-08,2.37E-08,3.09E-07,6.18E-08,0,5.53E-04,0,1,0,0,0
2428,2.60E-01,4,2428,Not eroded,0,1,1,1,1,1,1.85E-07,3.62E-07,7.20E-07,8.26E-07,2.07E-07,0,1.48E-03,1,1,0,0,0
2429,2.26E-01,3,2429,Not eroded,0,1,1,0,0,0,1.23E-06,4.54E-07,1.63E-06,2.09E-06,6.96E-07,1,3.74E-03,1,1,0,0,0
2431,5.66E-02,3,2431,Not eroded,0,0,0,0,0,0,-1.91E-07,-3.34E-07,-1.00E-06,1.07E-06,3.57E-07,1,1.91E-03,1,1,0,0,0
2432,1.08E-01,3,2432,Not eroded,0,0,0,0,0,0,6.52E-07,-4.52E-07,1.95E-06,2.11E-06,7.03E-07,1,3.77E-03,1,1,0,0,0
2433,1.94E-01,5,2433,Not eroded,0,1,0,0,0,0,2.06E-06,-1.23E-07,1.63E-06,2.63E-06,5.26E-07,0,4.70E-03,0,1,0,0,0
2435,1.41E-01,0,2435,Not eroded,0,0,0,0,0,0,0,0.00E+00,0.00E+00,0,0,1,0.00E+00,1,1,1,1,1
2436,1.67E-01,4,2436,Not eroded,0,0,0,0,0,0,1.03E-07,8.35E-08,1.18E-07,1.77E-07,4.44E-08,0,3.17E-04,1,1,0,0,0
2437,2.06E-01,3,2437,Not eroded,0,1,0,0,0,0,-1.90E-07,-1.45E-08,2.52E-07,3.16E-07,1.05E-07,1,5.65E-04,1,1,0,0,0
2438,2.31E-01,5,2438,Not eroded,0,1,1,1,0,0,2.24E-06,-3.73E-07,1.23E-06,2.58E-06,5.17E-07,0,4.61E-03,0,1,0,0,0
2439,9.87E-02,5,2439,Not eroded,0,0,0,0,0,0,5.52E-08,-1.39E-07,3.15E-07,3.49E-07,6.97E-08,0,6.24E-04,0,1,0,0,0
2440,2.58E-01,0,2440,Not eroded,0,1,1,1,1,1,0,0.00E+00,0.00E+00,0,0,1,0.00E+00,1,1,1,1,1
2441,1.37E-01,5,2441,Not eroded,0,0,0,0,0,0,5.51E-07,-1.76E-07,6.04E-08,5.82E-07,1.16E-07,0,1.04E-03,0,1,0,0,0
2442,1.59E-01,3,2442,Not eroded,0,0,0,0,0,0,2.42E-07,1.24E-07,-6.49E-09,2.72E-07,9.07E-08,1,4.87E-04,1,1,0,0,0
2443,1.74E-01,3,2443,Not eroded,0,0,0,0,0,0,-9.94E-09,9.25E-07,1.18E-06,1.50E-06,5.01E-07,1,2.68E-03,1,1,0,0,0
2444,2.31E-01,4,2444,Not eroded,0,1,1,1,0,0,-7.04E-08,6.63E-08,-1.50E-06,1.51E-06,3.77E-07,0,2.70E-03,1,1,0,0,0
2445,1.28E-01,3,2445,Not eroded,0,0,0,0,0,0,-4.17E-08,-1.03E-08,1.70E-08,4.62E-08,1.54E-08,1,8.26E-05,1,1,0,0,0
2446,1.91E-01,5,2446,Not eroded,0,1,0,0,0,0,1.52E-07,1.94E-07,-6.14E-09,2.47E-07,4.94E-08,0,4.42E-04,0,1,0,0,0
2447,1.90E-01,5,2447,Not eroded,0,0,0,0,0,0,-9.99E-08,1.49E-07,3.46E-07,3.90E-07,7.80E-08,0,6.98E-04,0,1,0,0,0
2448,1.03E-01,0,2448,Not eroded,0,0,0,0,0,0,0,0.00E+00,0.00E+00,0,0,1,0.00E+00,1,1,1,1,1
2449,9.92E-02,0,2449,Not eroded,0,0,0,0,0,0,0,0.00E+00,0.00E+00,0,0,1,0.00E+00,1,1,1,1,1
2450,1.51E-01,6,2450,Not eroded,0,0,0,0,0,0,-3.46E-07,-7.05E-07,4.95E-07,9.28E-07,1.55E-07,0,1.66E-03,0,0,0,0,0
2451,1.12E-01,5,2451,Not eroded,0,0,0,0,0,0,1.41E-07,2.87E-07,-7.81E-08,3.29E-07,6.57E-08,0,5.88E-04,0,1,0,0,0
2452,1.30E-01,0,2452,Not eroded,0,0,0,0,0,0,0,0.00E+00,0.00E+00,0,0,1,0.00E+00,1,1,1,1,1
2453,2.41E-01,0,2453,Not eroded,0,1,1,1,1,0,0,0.00E+00,0.00E+00,0,0,1,0.00E+00,1,1,1,1,1
2454,1.83E-01,7,2454,Not eroded,0,0,0,0,0,0,2.66E-07,5.77E-07,-6.03E-08,6.38E-07,9.12E-08,0,1.14E-03,0,0,0,0,0
2456,1.24E-01,0,2456,Not eroded,0,0,0,0,0,0,0,0.00E+00,0.00E+00,0,0,1,0.00E+00,1,1,1,1,1
2457,2.03E-01,4,2457,Not eroded,0,1,0,0,0,0,2.13E-07,-1.24E-07,2.49E-08,2.48E-07,6.19E-08,0,4.44E-04,1,1,0,0,0
2458,2.95E-01,0,2458,ERODED,1,1,1,1,1,1,0,0.00E+00,0.00E+00,0,0,1,0.00E+00,1,1,1,1,1
2459,1.22E-01,0,2459,Not eroded,0,0,0,0,0,0,0,0.00E+00,0.00E+00,0,0,1,0.00E+00,1,1,1,1,1
2461,1.96E-01,4,2461,Not eroded,0,1,0,0,0,0,1.10E-07,5.40E-07,2.34E-07,5.99E-07,1.50E-07,0,1.07E-03,1,1,0,0,0
2462,9.45E-02,6,2462,Not eroded,0,0,0,0,0,0,1.65E-06,6.70E-08,-7.74E-07,1.82E-06,3.04E-07,0,3.26E-03,0,0,0,0,0
2463,2.88E-01,3,2463,Not eroded,0,1,1,1,1,1,1.70E-07,2.50E-07,-2.42E-07,3.87E-07,1.29E-07,1,6.92E-04,1,1,0,0,0
2464,3.00E-01,0,2464,Not eroded,0,1,1,1,1,1,0,0.00E+00,0.00E+00,0,0,1,0.00E+00,1,1,1,1,1
2465,1.81E-01,2,2465,Not eroded,0,0,0,0,0,0,7.15E-07,-2.22E-07,3.33E-07,8.19E-07,4.10E-07,1,1.46E-03,1,1,1,0,0
2466,1.66E-01,2,2466,Not eroded,0,0,0,0,0,0,6.78E-07,-2.95E-07,1.06E-06,1.30E-06,6.48E-07,1,2.33E-03,1,1,1,0,0
2467,1.92E-01,4,2467,Not eroded,0,1,0,0,0,0,-3.36E-08,-4.21E-08,1.81E-07,1.89E-07,4.73E-08,0,3.38E-04,1,1,0,0,0
2468,9.60E-02,6,2468,Not eroded,0,0,0,0,0,0,1.78E-07,-1.48E-07,1.37E-07,2.69E-07,4.48E-08,0,4.81E-04,0,0,0,0,0
2470,2.44E-01,0,2470,Not eroded,0,1,1,1,1,0,0,0.00E+00,0.00E+00,0,0,1,0.00E+00,1,1,1,1,1
2471,5.66E-02,3,2471,Not eroded,0,0,0,0,0,0,5.56E-07,2.28E-07,-1.59E-06,1.70E-06,5.67E-07,1,3.04E-03,1,1,0,0,0
2472,7.73E-02,3,2472,Not eroded,0,0,0,0,0,0,-9.46E-08,-9.85E-08,5.12E-08,1.46E-07,4.86E-08,1,2.61E-04,1,1,0,0,0
2473,1.81E-01,0,2473,Not eroded,0,0,0,0,0,0,0,0.00E+00,0.00E+00,0,0,1,0.00E+00,1,1,1,1,1
2474,2.44E-01,0,2474,Not eroded,0,1,1,1,1,0,0,0.00E+00,0.00E+00,0,0,1,0.00E+00,1,1,1,1,1
2475,2.63E-01,3,2475,Not eroded,0,1,1,1,1,1,-2.43E-07,-4.53E-07,2.79E-08,5.15E-07,1.72E-07,1,9.21E-04,1,1,0,0,0
2476,2.00E-01,3,2476,Not eroded,0,1,0,0,0,0,5.77E-07,1.61E-06,8.10E-07,1.89E-06,6.30E-07,1,3.38E-03,1,1,0,0,0
2477,5.66E-02,4,2477,Not eroded,0,0,0,0,0,0,5.54E-08,3.79E-07,-1.26E-06,1.32E-06,3.29E-07,0,2.36E-03,1,1,0,0,0
2478,2.01E-01,4,2478,Not eroded,0,1,0,0,0,0,3.02E-07,2.33E-08,7.64E-08,3.12E-07,7.81E-08,0,5.58E-04,1,1,0,0,0
2479,2.30E-01,0,2479,Not eroded,0,1,1,0,0,0,0,0.00E+00,0.00E+00,0,0,1,0.00E+00,1,1,1,1,1
2480,2.89E-01,0,2480,Not eroded,0,1,1,1,1,1,0,0.00E+00,0.00E+00,0,0,1,0.00E+00,1,1,1,1,1
2481,1.30E-01,3,2481,Not eroded,0,0,0,0,0,0,3.41E-08,3.43E-07,5.37E-07,6.38E-07,2.13E-07,1,1.14E-03,1,1,0,0,0
2482,2.93E-01,0,2482,ERODED,1,1,1,1,1,1,0,0.00E+00,0.00E+00,0,0,1,0.00E+00,1,1,1,1,1
2483,7.94E-02,0,2483,Not eroded,0,0,0,0,0,0,0,0.00E+00,0.00E+00,0,0,1,0.00E+00,1,1,1,1,1
2484,1.42E-01,5,2484,Not eroded,0,0,0,0,0,0,9.59E-07,1.33E-06,9.64E-08,1.65E-06,3.29E-07,0,2.95E-03,0,1,0,0,0
2485,2.49E-01,0,2485,ERODED,1,1,1,1,1,0,0,0.00E+00,0.00E+00,0,0,1,0.00E+00,1,1,1,1,1
2486,1.80E-01,0,2486,Not eroded,0,0,0,0,0,0,0,0.00E+00,0.00E+00,0,0,1,0.00E+00,1,1,1,1,1
2487,1.07E-01,4,2487,Not eroded,0,0,0,0,0,0,-8.45E-10,-6.31E-07,2.90E-08,6.32E-07,1.58E-07,0,1.13E-03,1,1,0,0,0
2488,1.27E-01,5,2488,Not eroded,0,0,0,0,0,0,2.95E-06,1.82E-06,-2.51E-06,4.28E-06,8.56E-07,0,7.66E-03,0,1,0,0,0
2489,1.59E-01,6,2489,Not eroded,0,0,0,0,0,0,-7.87E-08,3.29E-07,1.39E-08,3.38E-07,5.64E-08,0,6.05E-04,0,0,0,0,0
2490,9.39E-02,6,2490,Not eroded,0,0,0,0,0,0,3.18E-07,-8.75E-08,6.54E-07,7.33E-07,1.22E-07,0,1.31E-03,0,0,0,0,0
2491,2.59E-01,0,2491,Not eroded,0,1,1,1,1,1,0,0.00E+00,0.00E+00,0,0,1,0.00E+00,1,1,1,1,1
2492,1.03E-01,5,2492,Not eroded,0,0,0,0,0,0,-3.10E-06,1.10E-06,-2.62E-07,3.30E-06,6.61E-07,0,5.90E-03,0,1,0,0,0
2493,7.09E-02,5,2493,Not eroded,0,0,0,0,0,0,7.85E-08,-5.29E-07,-4.68E-08,5.37E-07,1.07E-07,0,9.61E-04,0,1,0,0,0
2494,7.32E-02,5,2494,Not eroded,0,0,0,0,0,0,-1.52E-08,1.61E-07,2.19E-07,2.72E-07,5.44E-08,0,4.87E-04,0,1,0,0,0
2495,1.76E-01,4,2495,Not eroded,0,0,0,0,0,0,2.61E-07,-3.90E-07,-5.72E-08,4.72E-07,1.18E-07,0,8.44E-04,1,1,0,0,0
2496,1.18E-01,3,2496,Not eroded,0,0,0,0,0,0,2.19E-07,4.31E-08,-8.81E-08,2.40E-07,7.99E-08,1,4.29E-04,1,1,0,0,0
2497,2.48E-01,5,2497,Not eroded,0,1,1,1,1,0,2.20E-08,1.39E-07,-1.32E-07,1.93E-07,3.87E-08,0,3.45E-04,0,1,0,0,0
2498,1.88E-01,5,2498,Not eroded,0,0,0,0,0,0,1.96E-06,6.88E-07,1.80E-06,2.75E-06,5.51E-07,0,4.92E-03,0,1,0,0,0
2499,1.12E-01,3,2499,Not eroded,0,0,0,0,0,0,1.66E-07,-5.67E-07,-7.62E-08,5.96E-07,1.99E-07,1,1.07E-03,1,1,0,0,0
2500,2.54E-01,5,2500,Not eroded,0,1,1,1,1,1,2.57E-07,1.98E-07,7.54E-08,3.33E-07,6.66E-08,0,5.96E-04,0,1,0,0,0
2501,2.11E-01,6,2501,Not eroded,0,1,0,0,0,0,8.63E-07,5.31E-07,8.00E-07,1.29E-06,2.15E-07,0,2.31E-03,0,0,0,0,0
2502,2.25E-01,0,2502,Not eroded,0,1,1,0,0,0,0,0.00E+00,0.00E+00,0,0,1,0.00E+00,1,1,1,1,1
2503,3.13E-01,0,2503,ERODED,1,1,1,1,1,1,0,0.00E+00,0.00E+00,0,0,1,0.00E+00,1,1,1,1,1
2504,3.21E-01,0,2504,ERODED,1,1,1,1,1,1,0,0.00E+00,0.00E+00,0,0,1,0.00E+00,1,1,1,1,1
2505,2.01E-01,4,2505,Not eroded,0,1,0,0,0,0,2.79E-07,4.96E-07,2.83E-07,6.36E-07,1.59E-07,0,1.14E-03,1,1,0,0,0
2506,2.77E-01,6,2506,Not eroded,0,1,1,1,1,1,4.11E-07,1.27E-05,1.21E-05,1.76E-05,2.94E-06,0,3.15E-02,0,0,0,0,0
2507,1.67E-01,6,2507,Not eroded,0,0,0,0,0,0,2.28E-07,7.96E-08,4.43E-08,2.45E-07,4.09E-08,0,4.38E-04,0,0,0,0,0
2508,2.31E-01,4,2508,Not eroded,0,1,1,1,0,0,-2.08E-06,6.84E-07,1.34E-06,2.57E-06,6.43E-07,0,4.60E-03,1,1,0,0,0
2509,2.67E-01,4,2509,Not eroded,0,1,1,1,1,1,4.31E-07,7.23E-07,1.27E-08,8.42E-07,2.10E-07,0,1.51E-03,1,1,0,0,0
2510,2.92E-01,3,2510,Not eroded,0,1,1,1,1,1,1.51E-05,2.94E-05,-8.13E-06,3.40E-05,1.13E-05,1,6.08E-02,1,1,0,0,0
2511,2.89E-01,3,2511,Not eroded,0,1,1,1,1,1,7.79E-05,-7.01E-05,-6.69E-05,0.000124377,4.15E-05,1,2.22E-01,1,1,0,0,0
2512,9.80E-02,4,2512,Not eroded,0,0,0,0,0,0,-6.08E-07,4.56E-07,5.03E-07,9.11E-07,2.28E-07,0,1.63E-03,1,1,0,0,0
2515,2.28E-01,4,2515,Not eroded,0,1,1,0,0,0,6.55E-09,2.96E-07,1.54E-07,3.34E-07,8.34E-08,0,5.97E-04,1,1,0,0,0
2516,1.43E-01,4,2516,Not eroded,0,0,0,0,0,0,-2.22E-06,-2.92E-07,1.52E-06,2.70E-06,6.75E-07,0,4.83E-03,1,1,0,0,0
2517,2.88E-01,0,2517,Not eroded,0,1,1,1,1,1,0,0.00E+00,0.00E+00,0,0,1,0.00E+00,1,1,1,1,1
2518,2.34E-01,0,2518,Not eroded,0,1,1,1,0,0,0,0.00E+00,0.00E+00,0,0,1,0.00E+00,1,1,1,1,1
2519,7.14E-02,4,2519,Not eroded,0,0,0,0,0,0,-2.48E-07,9.31E-08,-1.02E-07,2.84E-07,7.10E-08,0,5.08E-04,1,1,0,0,0
2520,3.10E-01,0,2520,ERODED,1,1,1,1,1,1,0,0.00E+00,0.00E+00,0,0,1,0.00E+00,1,1,1,1,1
2522,3.25E-01,0,2522,ERODED,1,1,1,1,1,1,0,0.00E+00,0.00E+00,0,0,1,0.00E+00,1,1,1,1,1
2523,1.64E-01,4,2523,Not eroded,0,0,0,0,0,0,1.25E-07,2.52E-07,2.01E-07,3.46E-07,8.65E-08,0,6.19E-04,1,1,0,0,0
2524,2.72E-01,3,2524,Not eroded,0,1,1,1,1,1,1.05E-06,2.90E-07,5.35E-07,1.21E-06,4.04E-07,1,2.16E-03,1,1,0,0,0
2525,7.24E-02,4,2525,Not eroded,0,0,0,0,0,0,5.71E-08,1.01E-07,3.02E-07,3.24E-07,8.09E-08,0,5.80E-04,1,1,0,0,0
2526,1.15E-01,0,2526,Not eroded,0,0,0,0,0,0,0,0.00E+00,0.00E+00,0,0,1,0.00E+00,1,1,1,1,1
2528,3.31E-01,0,2528,ERODED,1,1,1,1,1,1,0,0.00E+00,0.00E+00,0,0,1,0.00E+00,1,1,1,1,1
2529,2.38E-01,0,2529,Not eroded,0,1,1,1,0,0,0,0.00E+00,0.00E+00,0,0,1,0.00E+00,1,1,1,1,1
2530,1.48E-01,6,2530,Not eroded,0,0,0,0,0,0,2.86E-07,1.95E-07,5.77E-07,6.73E-07,1.12E-07,0,1.20E-03,0,0,0,0,0
2531,1.22E-01,3,2531,Not eroded,0,0,0,0,0,0,-1.00E-07,-1.89E-07,1.62E-07,2.69E-07,8.95E-08,1,4.81E-04,1,1,0,0,0
2532,2.34E-01,4,2532,Not eroded,0,1,1,1,0,0,-3.44E-06,8.27E-06,6.23E-06,1.09E-05,2.73E-06,0,1.95E-02,1,1,0,0,0
2533,2.71E-01,4,2533,Not eroded,0,1,1,1,1,1,1.19E-07,-3.71E-07,8.66E-08,3.99E-07,9.97E-08,0,7.14E-04,1,1,0,0,0
2534,2.77E-01,0,2534,Not eroded,0,1,1,1,1,1,0,0.00E+00,0.00E+00,0,0,1,0.00E+00,1,1,1,1,1
2535,5.66E-02,4,2535,Not eroded,0,0,0,0,0,0,2.88E-07,2.18E-07,-1.37E-06,1.42E-06,3.54E-07,0,2.54E-03,1,1,0,0,0
2536,2.20E-01,3,2536,Not eroded,0,1,0,0,0,0,-1.35E-07,6.64E-08,-1.24E-07,1.95E-07,6.51E-08,1,3.49E-04,1,1,0,0,0
2537,1.49E-01,6,2537,Not eroded,0,0,0,0,0,0,-5.07E-07,-3.13E-07,4.40E-07,7.40E-07,1.23E-07,0,1.32E-03,0,0,0,0,0
2538,2.21E-01,0,2538,Not eroded,0,1,1,0,0,0,0,0.00E+00,0.00E+00,0,0,1,0.00E+00,1,1,1,1,1
2539,2.38E-01,0,2539,Not eroded,0,1,1,1,0,0,0,0.00E+00,0.00E+00,0,0,1,0.00E+00,1,1,1,1,1
2541,7.76E-02,4,2541,Not eroded,0,0,0,0,0,0,3.02E-07,-1.40E-07,2.20E-07,3.99E-07,9.97E-08,0,7.14E-04,1,1,0,0,0
2543,2.42E-01,4,2543,Not eroded,0,1,1,1,1,0,2.51E-06,-1.37E-06,-3.15E-07,2.87E-06,7.18E-07,0,5.13E-03,1,1,0,0,0
2544,1.85E-01,3,2544,Not eroded,0,0,0,0,0,0,2.05E-06,-1.52E-07,-2.23E-07,2.07E-06,6.88E-07,1,3.70E-03,1,1,0,0,0
2546,1.04E-01,0,2546,Not eroded,0,0,0,0,0,0,0,0.00E+00,0.00E+00,0,0,1,0.00E+00,1,1,1,1,1
2547,1.51E-01,5,2547,Not eroded,0,0,0,0,0,0,1.43E-06,1.95E-06,1.32E-06,2.76E-06,5.51E-07,0,4.94E-03,0,1,0,0,0
2548,3.25E-01,0,2548,ERODED,1,1,1,1,1,1,0,0.00E+00,0.00E+00,0,0,1,0.00E+00,1,1,1,1,1
2549,2.08E-01,4,2549,Not eroded,0,1,0,0,0,0,5.74E-07,-4.44E-07,-3.51E-07,8.06E-07,2.02E-07,0,1.44E-03,1,1,0,0,0
2550,1.41E-01,4,2550,Not eroded,0,0,0,0,0,0,2.02E-07,2.32E-07,2.13E-07,3.74E-07,9.35E-08,0,6.69E-04,1,1,0,0,0
2551,1.85E-01,5,2551,Not eroded,0,0,0,0,0,0,3.86E-08,-5.44E-08,5.34E-07,5.38E-07,1.08E-07,0,9.62E-04,0,1,0,0,0
2552,3.33E-01,0,2552,ERODED,1,1,1,1,1,1,0,0.00E+00,0.00E+00,0,0,1,0.00E+00,1,1,1,1,1
2553,2.67E-01,4,2553,Not eroded,0,1,1,1,1,1,-3.23E-07,-1.31E-06,6.62E-07,1.50E-06,3.76E-07,0,2.68E-03,1,1,0,0,0
2554,7.57E-02,4,2554,Not eroded,0,0,0,0,0,0,-1.52E-07,-7.87E-08,-9.56E-08,1.96E-07,4.91E-08,0,3.51E-04,1,1,0,0,0
2556,1.19E-01,3,2556,Not eroded,0,0,0,0,0,0,-1.05E-08,8.47E-08,1.03E-07,1.34E-07,4.46E-08,1,2.40E-04,1,1,0,0,0
2557,6.50E-02,5,2557,Not eroded,0,0,0,0,0,0,1.05E-08,1.32E-07,1.92E-07,2.34E-07,4.67E-08,0,4.19E-04,0,1,0,0,0
2559,1.66E-01,4,2559,Not eroded,0,0,0,0,0,0,6.81E-07,-1.13E-07,4.64E-07,8.32E-07,2.08E-07,0,1.49E-03,1,1,0,0,0
2560,3.03E-01,0,2560,ERODED,1,1,1,1,1,1,0,0.00E+00,0.00E+00,0,0,1,0.00E+00,1,1,1,1,1
2561,1.19E-01,0,2561,Not eroded,0,0,0,0,0,0,0,0.00E+00,0.00E+00,0,0,1,0.00E+00,1,1,1,1,1
2562,1.48E-01,0,2562,Not eroded,0,0,0,0,0,0,0,0.00E+00,0.00E+00,0,0,1,0.00E+00,1,1,1,1,1
2563,1.19E-01,3,2563,Not eroded,0,0,0,0,0,0,1.34E-07,-5.29E-07,-1.24E-07,5.60E-07,1.87E-07,1,1.00E-03,1,1,0,0,0
2564,2.09E-01,0,2564,Not eroded,0,1,0,0,0,0,0,0.00E+00,0.00E+00,0,0,1,0.00E+00,1,1,1,1,1
2565,2.73E-01,5,2565,Not eroded,0,1,1,1,1,1,-2.13E-07,-1.11E-07,-1.24E-08,2.41E-07,4.81E-08,0,4.31E-04,0,1,0,0,0
2566,3.25E-01,0,2566,ERODED,1,1,1,1,1,1,0,0.00E+00,0.00E+00,0,0,1,0.00E+00,1,1,1,1,1
2567,1.65E-01,0,2567,Not eroded,0,0,0,0,0,0,0,0.00E+00,0.00E+00,0,0,1,0.00E+00,1,1,1,1,1
2568,9.82E-02,4,2568,Not eroded,0,0,0,0,0,0,2.26E-07,-1.95E-07,-5.03E-08,3.03E-07,7.57E-08,0,5.42E-04,1,1,0,0,0
2569,2.86E-01,6,2569,Not eroded,0,1,1,1,1,1,1.29E-07,2.73E-07,7.90E-08,3.12E-07,5.20E-08,0,5.58E-04,0,0,0,0,0
2570,8.95E-02,4,2570,Not eroded,0,0,0,0,0,0,-1.22E-07,8.25E-07,9.09E-07,1.23E-06,3.08E-07,0,2.20E-03,1,1,0,0,0
2571,1.49E-01,5,2571,Not eroded,0,0,0,0,0,0,2.57E-07,-4.70E-08,2.75E-07,3.80E-07,7.60E-08,0,6.80E-04,0,1,0,0,0
2572,1.33E-01,5,2572,Not eroded,0,0,0,0,0,0,-1.17E-07,8.96E-08,6.47E-08,1.61E-07,3.22E-08,0,2.88E-04,0,1,0,0,0
2574,1.38E-01,6,2574,Not eroded,0,0,0,0,0,0,1.77E-07,1.45E-07,-7.17E-08,2.39E-07,3.99E-08,0,4.28E-04,0,0,0,0,0
2575,1.05E-01,5,2575,Not eroded,0,0,0,0,0,0,-1.84E-07,-3.10E-09,2.01E-07,2.72E-07,5.44E-08,0,4.87E-04,0,1,0,0,0
2576,2.39E-01,4,2576,Not eroded,0,1,1,1,0,0,6.34E-07,1.22E-06,1.83E-06,2.29E-06,5.73E-07,0,4.10E-03,1,1,0,0,0
2577,1.37E-01,3,2577,Not eroded,0,0,0,0,0,0,2.94E-07,-9.44E-08,-1.44E-07,3.40E-07,1.13E-07,1,6.08E-04,1,1,0,0,0
2578,1.28E-01,4,2578,Not eroded,0,0,0,0,0,0,1.18E-07,-1.60E-07,3.28E-07,3.84E-07,9.59E-08,0,6.87E-04,1,1,0,0,0
2579,3.14E-01,0,2579,ERODED,1,1,1,1,1,1,0,0.00E+00,0.00E+00,0,0,1,0.00E+00,1,1,1,1,1
2580,1.14E-01,2,2580,Not eroded,0,0,0,0,0,0,-1.36E-06,-3.60E-06,-1.77E-07,3.86E-06,1.93E-06,1,6.90E-03,1,1,1,0,0
2581,6.06E-02,3,2581,Not eroded,0,0,0,0,0,0,-1.06E-07,-1.56E-07,-7.00E-08,2.01E-07,6.70E-08,1,3.60E-04,1,1,0,0,0
2582,1.65E-01,0,2582,Not eroded,0,0,0,0,0,0,0,0.00E+00,0.00E+00,0,0,1,0.00E+00,1,1,1,1,1
2583,2.01E-01,0,2583,Not eroded,0,1,0,0,0,0,0,0.00E+00,0.00E+00,0,0,1,0.00E+00,1,1,1,1,1
2584,2.75E-01,4,2584,Not eroded,0,1,1,1,1,1,7.09E-08,-1.25E-07,1.71E-07,2.23E-07,5.58E-08,0,3.99E-04,1,1,0,0,0
2586,9.11E-02,0,2586,Not eroded,0,0,0,0,0,0,0,0.00E+00,0.00E+00,0,0,1,0.00E+00,1,1,1,1,1
2587,1.59E-01,0,2587,Not eroded,0,0,0,0,0,0,0,0.00E+00,0.00E+00,0,0,1,0.00E+00,1,1,1,1,1
2588,2.69E-01,0,2588,Not eroded,0,1,1,1,1,1,0,0.00E+00,0.00E+00,0,0,1,0.00E+00,1,1,1,1,1
2589,5.65E-02,6,2589,Not eroded,0,0,0,0,0,0,-3.25E-07,1.40E-08,-1.53E-06,1.57E-06,2.61E-07,0,2.81E-03,0,0,0,0,0
2591,1.64E-01,4,2591,Not eroded,0,0,0,0,0,0,5.41E-09,-4.68E-08,3.58E-08,5.92E-08,1.48E-08,0,1.06E-04,1,1,0,0,0
2593,8.96E-02,0,2593,Not eroded,0,0,0,0,0,0,0,0.00E+00,0.00E+00,0,0,1,0.00E+00,1,1,1,1,1
2594,2.54E-01,5,2594,Not eroded,0,1,1,1,1,1,4.02E-08,-1.90E-07,-1.58E-07,2.50E-07,5.01E-08,0,4.47E-04,0,1,0,0,0
2595,1.73E-01,2,2595,Not eroded,0,0,0,0,0,0,1.59E-07,1.46E-07,3.22E-07,3.88E-07,1.94E-07,1,6.94E-04,1,1,1,0,0
2596,1.25E-01,7,2596,Not eroded,0,0,0,0,0,0,-7.62E-08,6.79E-07,2.31E-08,6.84E-07,9.77E-08,0,1.22E-03,0,0,0,0,0
2597,8.16E-02,2,2597,Not eroded,0,0,0,0,0,0,6.80E-07,4.69E-07,1.35E-07,8.37E-07,4.19E-07,1,1.50E-03,1,1,1,0,0
2598,2.59E-01,4,2598,Not eroded,0,1,1,1,1,1,1.36E-07,-7.30E-07,1.70E-07,7.61E-07,1.90E-07,0,1.36E-03,1,1,0,0,0
2599,7.46E-02,4,2599,Not eroded,0,0,0,0,0,0,1.80E-07,-1.81E-07,-1.73E-07,3.09E-07,7.71E-08,0,5.53E-04,1,1,0,0,0
2601,2.90E-01,0,2601,Not eroded,0,1,1,1,1,1,0,0.00E+00,0.00E+00,0,0,1,0.00E+00,1,1,1,1,1
2602,2.46E-01,4,2602,Not eroded,0,1,1,1,1,0,1.56E-07,-2.29E-07,3.53E-08,2.80E-07,6.99E-08,0,5.01E-04,1,1,0,0,0
2603,1.29E-01,3,2603,Not eroded,0,0,0,0,0,0,1.04E-07,5.84E-08,1.93E-07,2.27E-07,7.56E-08,1,4.06E-04,1,1,0,0,0
2604,1.29E-01,3,2604,Not eroded,0,0,0,0,0,0,-2.30E-07,-5.80E-07,-2.71E-08,6.24E-07,2.08E-07,1,1.12E-03,1,1,0,0,0
2606,1.19E-01,6,2606,Not eroded,0,0,0,0,0,0,1.05E-07,1.32E-07,3.76E-07,4.12E-07,6.87E-08,0,7.37E-04,0,0,0,0,0
2607,3.11E-01,0,2607,ERODED,1,1,1,1,1,1,0,0.00E+00,0.00E+00,0,0,1,0.00E+00,1,1,1,1,1
2608,9.06E-02,4,2608,Not eroded,0,0,0,0,0,0,-2.29E-07,1.14E-06,7.80E-07,1.40E-06,3.50E-07,0,2.50E-03,1,1,0,0,0
2609,2.53E-01,3,2609,Not eroded,0,1,1,1,1,1,-4.53E-08,-6.27E-07,1.30E-07,6.42E-07,2.14E-07,1,1.15E-03,1,1,0,0,0
2610,5.66E-02,5,2610,Not eroded,0,0,0,0,0,0,1.70E-07,-1.50E-07,-1.32E-06,1.34E-06,2.69E-07,0,2.40E-03,0,1,0,0,0
2611,1.79E-01,0,2611,Not eroded,0,0,0,0,0,0,0,0.00E+00,0.00E+00,0,0,1,0.00E+00,1,1,1,1,1
2612,2.28E-01,0,2612,Not eroded,0,1,1,0,0,0,0,0.00E+00,0.00E+00,0,0,1,0.00E+00,1,1,1,1,1
2613,2.09E-01,0,2613,Not eroded,0,1,0,0,0,0,0,0.00E+00,0.00E+00,0,0,1,0.00E+00,1,1,1,1,1
2614,1.03E-01,4,2614,Not eroded,0,0,0,0,0,0,2.10E-06,6.36E-07,9.88E-07,2.41E-06,6.02E-07,0,4.31E-03,1,1,0,0,0
2615,1.85E-01,0,2615,Not eroded,0,0,0,0,0,0,0,0.00E+00,0.00E+00,0,0,1,0.00E+00,1,1,1,1,1
2616,2.89E-01,4,2616,Not eroded,0,1,1,1,1,1,1.09E-07,4.41E-07,3.93E-08,4.56E-07,1.14E-07,0,8.16E-04,1,1,0,0,0
2617,2.39E-01,3,2617,Not eroded,0,1,1,1,0,0,3.47E-06,2.59E-07,-2.13E-07,3.48E-06,1.16E-06,1,6.22E-03,1,1,0,0,0
2618,6.32E-02,4,2618,Not eroded,0,0,0,0,0,0,3.41E-07,-9.49E-07,-2.15E-07,1.03E-06,2.58E-07,0,1.84E-03,1,1,0,0,0
2619,9.31E-02,0,2619,Not eroded,0,0,0,0,0,0,0,0.00E+00,0.00E+00,0,0,1,0.00E+00,1,1,1,1,1
2621,9.17E-02,4,2621,Not eroded,0,0,0,0,0,0,1.75E-07,-6.23E-07,-4.43E-08,6.48E-07,1.62E-07,0,1.16E-03,1,1,0,0,0
2622,8.65E-02,3,2622,Not eroded,0,0,0,0,0,0,2.11E-07,4.83E-08,-8.42E-08,2.32E-07,7.74E-08,1,4.15E-04,1,1,0,0,0
2623,3.25E-01,0,2623,ERODED,1,1,1,1,1,1,0,0.00E+00,0.00E+00,0,0,1,0.00E+00,1,1,1,1,1
2625,2.46E-01,4,2625,Not eroded,0,1,1,1,1,0,6.71E-08,2.07E-07,3.87E-07,4.44E-07,1.11E-07,0,7.94E-04,1,1,0,0,0
2626,1.18E-01,5,2626,Not eroded,0,0,0,0,0,0,8.55E-08,-7.13E-07,2.86E-07,7.73E-07,1.55E-07,0,1.38E-03,0,1,0,0,0
2627,9.73E-02,0,2627,Not eroded,0,0,0,0,0,0,0,0.00E+00,0.00E+00,0,0,1,0.00E+00,1,1,1,1,1
2628,1.25E-01,8,2628,Not eroded,0,0,0,0,0,0,-3.09E-08,-3.30E-08,4.86E-07,4.88E-07,6.11E-08,0,8.73E-04,0,0,0,0,0
2629,2.96E-01,3,2629,Not eroded,0,1,1,1,1,1,4.35E-08,-9.86E-07,1.65E-08,9.87E-07,3.29E-07,1,1.77E-03,1,1,0,0,0
2630,2.88E-01,0,2630,ERODED,1,1,1,1,1,1,0,0.00E+00,0.00E+00,0,0,1,0.00E+00,1,1,1,1,1
2632,1.68E-01,5,2632,Not eroded,0,0,0,0,0,0,2.27E-07,-4.23E-08,5.66E-08,2.37E-07,4.75E-08,0,4.24E-04,0,1,0,0,0
2633,1.26E-01,4,2633,Not eroded,0,0,0,0,0,0,9.46E-07,1.38E-06,-3.61E-06,3.98E-06,9.94E-07,0,7.12E-03,1,1,0,0,0
2634,1.91E-01,4,2634,Not eroded,0,1,0,0,0,0,2.58E-07,8.36E-08,1.97E-07,3.35E-07,8.39E-08,0,5.99E-04,1,1,0,0,0
2637,3.03E-01,0,2637,ERODED,1,1,1,1,1,1,0,0.00E+00,0.00E+00,0,0,1,0.00E+00,1,1,1,1,1
2638,2.15E-01,6,2638,Not eroded,0,1,0,0,0,0,4.16E-08,3.02E-07,1.45E-07,3.38E-07,5.63E-08,0,6.05E-04,0,0,0,0,0
2639,2.70E-01,0,2639,ERODED,1,1,1,1,1,1,0,0.00E+00,0.00E+00,0,0,1,0.00E+00,1,1,1,1,1
2640,7.65E-02,5,2640,Not eroded,0,0,0,0,0,0,-4.66E-09,-3.50E-08,-2.75E-07,2.78E-07,5.55E-08,0,4.97E-04,0,1,0,0,0
2641,5.64E-02,4,2641,Not eroded,0,0,0,0,0,0,-2.02E-07,8.61E-07,-1.34E-06,1.61E-06,4.02E-07,0,2.88E-03,1,1,0,0,0
2642,1.56E-01,3,2642,Not eroded,0,0,0,0,0,0,-9.07E-08,-3.83E-08,1.52E-07,1.81E-07,6.03E-08,1,3.24E-04,1,1,0,0,0
2643,1.55E-01,3,2643,Not eroded,0,0,0,0,0,0,8.82E-08,-6.83E-07,2.93E-07,7.49E-07,2.50E-07,1,1.34E-03,1,1,0,0,0
2644,2.78E-01,4,2644,Not eroded,0,1,1,1,1,1,-9.45E-08,2.74E-07,-2.84E-07,4.06E-07,1.02E-07,0,7.26E-04,1,1,0,0,0
2645,1.35E-01,4,2645,Not eroded,0,0,0,0,0,0,4.03E-07,1.70E-06,1.28E-07,1.75E-06,4.38E-07,0,3.13E-03,1,1,0,0,0
2646,2.82E-01,0,2646,ERODED,1,1,1,1,1,1,0,0.00E+00,0.00E+00,0,0,1,0.00E+00,1,1,1,1,1
2647,1.42E-01,4,2647,Not eroded,0,0,0,0,0,0,-1.93E-07,-3.24E-07,-2.03E-07,4.28E-07,1.07E-07,0,7.66E-04,1,1,0,0,0
2648,1.66E-01,6,2648,Not eroded,0,0,0,0,0,0,-1.60E-07,2.84E-07,-1.24E-07,3.49E-07,5.81E-08,0,6.24E-04,0,0,0,0,0
2649,1.15E-01,4,2649,Not eroded,0,0,0,0,0,0,-3.79E-08,-1.27E-07,-4.40E-08,1.39E-07,3.49E-08,0,2.49E-04,1,1,0,0,0
2650,2.57E-01,0,2650,Not eroded,0,1,1,1,1,1,0,0.00E+00,0.00E+00,0,0,1,0.00E+00,1,1,1,1,1
2653,1.56E-01,3,2653,Not eroded,0,0,0,0,0,0,2.59E-07,-1.79E-08,-2.02E-07,3.29E-07,1.10E-07,1,5.88E-04,1,1,0,0,0
2654,2.88E-01,0,2654,ERODED,1,1,1,1,1,1,0,0.00E+00,0.00E+00,0,0,1,0.00E+00,1,1,1,1,1
2655,6.63E-02,3,2655,Not eroded,0,0,0,0,0,0,-8.21E-09,-1.31E-07,9.22E-09,1.31E-07,4.38E-08,1,2.34E-04,1,1,0,0,0
2656,1.47E-01,0,2656,Not eroded,0,0,0,0,0,0,0,0.00E+00,0.00E+00,0,0,1,0.00E+00,1,1,1,1,1
2657,7.63E-02,4,2657,Not eroded,0,0,0,0,0,0,2.21E-07,2.49E-07,9.78E-07,1.03E-06,2.58E-07,0,1.84E-03,1,1,0,0,0
2658,2.81E-01,4,2658,Not eroded,0,1,1,1,1,1,1.11E-06,9.07E-06,1.47E-06,9.25E-06,2.31E-06,0,1.65E-02,1,1,0,0,0
2659,2.62E-01,4,2659,Not eroded,0,1,1,1,1,1,9.84E-08,3.11E-07,4.22E-07,5.33E-07,1.33E-07,0,9.53E-04,1,1,0,0,0
2660,5.66E-02,6,2660,Not eroded,0,0,0,0,0,0,2.04E-07,2.26E-07,-1.04E-06,1.09E-06,1.81E-07,0,1.95E-03,0,0,0,0,0
2661,1.75E-01,0,2661,Not eroded,0,0,0,0,0,0,0,0.00E+00,0.00E+00,0,0,1,0.00E+00,1,1,1,1,1
2662,2.09E-01,4,2662,Not eroded,0,1,0,0,0,0,2.16E-07,9.08E-08,-3.29E-08,2.36E-07,5.91E-08,0,4.22E-04,1,1,0,0,0
2663,1.82E-01,6,2663,Not eroded,0,0,0,0,0,0,2.38E-07,-6.52E-08,4.31E-07,4.96E-07,8.27E-08,0,8.87E-04,0,0,0,0,0
2664,3.21E-01,0,2664,ERODED,1,1,1,1,1,1,0,0.00E+00,0.00E+00,0,0,1,0.00E+00,1,1,1,1,1
2665,1.84E-01,3,2665,Not eroded,0,0,0,0,0,0,-3.25E-07,3.97E-08,1.90E-07,3.79E-07,1.26E-07,1,6.78E-04,1,1,0,0,0
2666,7.25E-02,4,2666,Not eroded,0,0,0,0,0,0,-7.14E-07,-1.50E-07,1.08E-06,1.30E-06,3.25E-07,0,2.33E-03,1,1,0,0,0
2667,2.91E-01,4,2667,Not eroded,0,1,1,1,1,1,-5.67E-07,-3.94E-07,-2.14E-07,7.23E-07,1.81E-07,0,1.29E-03,1,1,0,0,0
2668,5.72E-02,3,2668,Not eroded,0,0,0,0,0,0,-1.12E-07,1.65E-07,3.70E-07,4.21E-07,1.40E-07,1,7.53E-04,1,1,0,0,0
2669,2.71E-01,5,2669,Not eroded,0,1,1,1,1,1,7.52E-07,-1.27E-06,-1.69E-08,1.48E-06,2.95E-07,0,2.65E-03,0,1,0,0,0
2670,2.76E-01,0,2670,Not eroded,0,1,1,1,1,1,0,0.00E+00,0.00E+00,0,0,1,0.00E+00,1,1,1,1,1
2672,2.99E-01,0,2672,Not eroded,0,1,1,1,1,1,0,0.00E+00,0.00E+00,0,0,1,0.00E+00,1,1,1,1,1
2673,2.07E-01,4,2673,Not eroded,0,1,0,0,0,0,-1.10E-06,8.69E-08,1.00E-06,1.49E-06,3.72E-07,0,2.67E-03,1,1,0,0,0
2674,2.51E-01,4,2674,Not eroded,0,1,1,1,1,1,2.41E-07,2.23E-07,7.25E-08,3.36E-07,8.40E-08,0,6.01E-04,1,1,0,0,0
2675,6.19E-02,0,2675,Not eroded,0,0,0,0,0,0,0,0.00E+00,0.00E+00,0,0,1,0.00E+00,1,1,1,1,1
2676,8.91E-02,5,2676,Not eroded,0,0,0,0,0,0,9.42E-08,2.25E-07,-5.12E-08,2.49E-07,4.98E-08,0,4.45E-04,0,1,0,0,0
2678,2.89E-01,0,2678,Not eroded,0,1,1,1,1,1,0,0.00E+00,0.00E+00,0,0,1,0.00E+00,1,1,1,1,1
2679,1.58E-01,4,2679,Not eroded,0,0,0,0,0,0,2.87E-07,1.49E-07,-1.49E-07,3.56E-07,8.90E-08,0,6.37E-04,1,1,0,0,0
2680,1.90E-01,4,2680,Not eroded,0,0,0,0,0,0,-2.78E-07,2.80E-07,-1.08E-07,4.09E-07,1.02E-07,0,7.32E-04,1,1,0,0,0
2681,2.92E-01,0,2681,ERODED,1,1,1,1,1,1,0,0.00E+00,0.00E+00,0,0,1,0.00E+00,1,1,1,1,1
2682,1.02E-01,3,2682,Not eroded,0,0,0,0,0,0,-6.36E-07,-1.43E-06,-1.72E-07,1.58E-06,5.26E-07,1,2.83E-03,1,1,0,0,0
2683,5.65E-02,3,2683,Not eroded,0,0,0,0,0,0,-1.85E-07,-6.82E-08,-1.39E-06,1.41E-06,4.69E-07,1,2.52E-03,1,1,0,0,0
2684,1.04E-01,4,2684,Not eroded,0,0,0,0,0,0,-1.77E-07,1.67E-08,4.91E-08,1.84E-07,4.60E-08,0,3.29E-04,1,1,0,0,0
2685,2.16E-01,6,2685,Not eroded,0,1,0,0,0,0,2.79E-07,3.79E-07,-2.11E-07,5.16E-07,8.60E-08,0,9.23E-04,0,0,0,0,0
2686,2.32E-01,0,2686,Not eroded,0,1,1,1,0,0,0,0.00E+00,0.00E+00,0,0,1,0.00E+00,1,1,1,1,1
2687,2.75E-01,2,2687,Not eroded,0,1,1,1,1,1,-1.43E-07,6.68E-09,1.04E-07,1.76E-07,8.82E-08,1,3.15E-04,1,1,1,0,0
2689,1.91E-01,4,2689,Not eroded,0,1,0,0,0,0,3.89E-08,-1.66E-07,7.65E-08,1.87E-07,4.67E-08,0,3.34E-04,1,1,0,0,0
2690,1.91E-01,2,2690,Not eroded,0,1,0,0,0,0,-2.09E-08,6.63E-08,1.94E-07,2.06E-07,1.03E-07,1,3.68E-04,1,1,1,0,0
2691,2.23E-01,0,2691,Not eroded,0,1,1,0,0,0,0,0.00E+00,0.00E+00,0,0,1,0.00E+00,1,1,1,1,1
2692,1.63E-01,5,2692,Not eroded,0,0,0,0,0,0,4.84E-07,4.87E-08,6.65E-07,8.24E-07,1.65E-07,0,1.47E-03,0,1,0,0,0
2693,2.91E-01,0,2693,Not eroded,0,1,1,1,1,1,0,0.00E+00,0.00E+00,0,0,1,0.00E+00,1,1,1,1,1
2694,6.37E-02,3,2694,Not eroded,0,0,0,0,0,0,8.89E-08,2.09E-07,2.68E-07,3.51E-07,1.17E-07,1,6.28E-04,1,1,0,0,0
2695,1.39E-01,2,2695,Not eroded,0,0,0,0,0,0,-1.46E-08,8.51E-08,-4.77E-08,9.86E-08,4.93E-08,1,1.76E-04,1,1,1,0,0
2696,1.45E-01,6,2696,Not eroded,0,0,0,0,0,0,9.24E-08,8.11E-07,1.55E-07,8.31E-07,1.39E-07,0,1.49E-03,0,0,0,0,0
2697,2.50E-01,3,2697,Not eroded,0,1,1,1,1,0,1.42E-07,-5.45E-07,4.63E-07,7.29E-07,2.43E-07,1,1.30E-03,1,1,0,0,0
2698,1.16E-01,4,2698,Not eroded,0,0,0,0,0,0,9.46E-08,2.02E-08,7.20E-08,1.21E-07,3.01E-08,0,2.16E-04,1,1,0,0,0
2699,1.07E-01,6,2699,Not eroded,0,0,0,0,0,0,5.23E-07,1.26E-07,5.80E-07,7.91E-07,1.32E-07,0,1.41E-03,0,0,0,0,0
2701,1.49E-01,0,2701,Not eroded,0,0,0,0,0,0,0,0.00E+00,0.00E+00,0,0,1,0.00E+00,1,1,1,1,1
2702,2.39E-01,4,2702,Not eroded,0,1,1,1,0,0,-1.77E-07,5.73E-08,-2.85E-09,1.86E-07,4.64E-08,0,3.33E-04,1,1,0,0,0
2703,1.87E-01,0,2703,Not eroded,0,0,0,0,0,0,0,0.00E+00,0.00E+00,0,0,1,0.00E+00,1,1,1,1,1
2704,5.66E-02,4,2704,Not eroded,0,0,0,0,0,0,-2.71E-07,1.77E-07,-1.56E-06,1.59E-06,3.98E-07,0,2.84E-03,1,1,0,0,0
2705,1.53E-01,6,2705,Not eroded,0,0,0,0,0,0,-1.20E-07,6.73E-08,3.29E-07,3.56E-07,5.93E-08,0,6.37E-04,0,0,0,0,0
2706,1.65E-01,6,2706,Not eroded,0,0,0,0,0,0,-1.13E-07,2.45E-08,-8.70E-09,1.16E-07,1.94E-08,0,2.07E-04,0,0,0,0,0
2707,1.04E-01,4,2707,Not eroded,0,0,0,0,0,0,2.40E-08,4.29E-07,2.49E-07,4.97E-07,1.24E-07,0,8.89E-04,1,1,0,0,0
2708,2.31E-01,5,2708,Not eroded,0,1,1,1,0,0,2.20E-07,-3.36E-08,4.00E-08,2.26E-07,4.53E-08,0,4.04E-04,0,1,0,0,0
2709,2.06E-01,5,2709,Not eroded,0,1,0,0,0,0,-8.25E-07,8.60E-08,7.82E-07,1.14E-06,2.28E-07,0,2.04E-03,0,1,0,0,0
2710,1.97E-01,4,2710,Not eroded,0,1,0,0,0,0,2.32E-06,2.94E-07,9.33E-07,2.52E-06,6.30E-07,0,4.51E-03,1,1,0,0,0
2711,2.97E-01,3,2711,Not eroded,0,1,1,1,1,1,-9.29E-08,2.95E-08,2.47E-07,2.66E-07,8.86E-08,1,4.76E-04,1,1,0,0,0
2712,2.98E-01,5,2712,Not eroded,0,1,1,1,1,1,3.03E-06,6.88E-06,-2.27E-06,7.85E-06,1.57E-06,0,1.40E-02,0,1,0,0,0
2713,2.95E-01,0,2713,ERODED,1,1,1,1,1,1,0,0.00E+00,0.00E+00,0,0,1,0.00E+00,1,1,1,1,1
2714,9.77E-02,5,2714,Not eroded,0,0,0,0,0,0,4.16E-08,3.92E-07,2.36E-07,4.59E-07,9.18E-08,0,8.21E-04,0,1,0,0,0
2715,1.58E-01,2,2715,Not eroded,0,0,0,0,0,0,-1.47E-08,-8.15E-08,5.97E-07,6.03E-07,3.01E-07,1,1.08E-03,1,1,1,0,0
2716,1.66E-01,5,2716,Not eroded,0,0,0,0,0,0,2.36E-07,4.00E-08,1.76E-07,2.98E-07,5.95E-08,0,5.33E-04,0,1,0,0,0
2717,5.66E-02,4,2717,Not eroded,0,0,0,0,0,0,1.45E-07,-9.94E-08,-1.28E-06,1.29E-06,3.23E-07,0,2.31E-03,1,1,0,0,0
2718,2.35E-01,0,2718,Not eroded,0,1,1,1,0,0,0,0.00E+00,0.00E+00,0,0,1,0.00E+00,1,1,1,1,1
2719,3.21E-01,0,2719,ERODED,1,1,1,1,1,1,0,0.00E+00,0.00E+00,0,0,1,0.00E+00,1,1,1,1,1
2720,1.02E-01,4,2720,Not eroded,0,0,0,0,0,0,1.58E-07,2.87E-07,1.83E-07,3.75E-07,9.38E-08,0,6.71E-04,1,1,0,0,0
2721,9.38E-02,0,2721,Not eroded,0,0,0,0,0,0,0,0.00E+00,0.00E+00,0,0,1,0.00E+00,1,1,1,1,1
2722,1.78E-01,0,2722,Not eroded,0,0,0,0,0,0,0,0.00E+00,0.00E+00,0,0,1,0.00E+00,1,1,1,1,1
2723,1.46E-01,3,2723,Not eroded,0,0,0,0,0,0,5.53E-08,-6.67E-07,-4.69E-08,6.71E-07,2.24E-07,1,1.20E-03,1,1,0,0,0
2724,1.72E-01,4,2724,Not eroded,0,0,0,0,0,0,9.75E-08,2.57E-07,3.79E-07,4.68E-07,1.17E-07,0,8.37E-04,1,1,0,0,0
2725,2.03E-01,2,2725,Not eroded,0,1,0,0,0,0,-7.44E-07,2.48E-06,6.79E-07,2.68E-06,1.34E-06,1,4.79E-03,1,1,1,0,0
2726,1.09E-01,4,2726,Not eroded,0,0,0,0,0,0,9.63E-09,1.42E-07,3.61E-08,1.46E-07,3.66E-08,0,2.61E-04,1,1,0,0,0
2727,1.03E-01,4,2727,Not eroded,0,0,0,0,0,0,1.34E-07,8.69E-08,-1.97E-08,1.61E-07,4.02E-08,0,2.88E-04,1,1,0,0,0
2728,2.14E-01,7,2728,Not eroded,0,1,0,0,0,0,3.54E-07,3.30E-07,3.52E-07,5.99E-07,8.55E-08,0,1.07E-03,0,0,0,0,0
2729,1.44E-01,0,2729,Not eroded,0,0,0,0,0,0,0,0.00E+00,0.00E+00,0,0,1,0.00E+00,1,1,1,1,1
2731,3.18E-01,0,2731,ERODED,1,1,1,1,1,1,0,0.00E+00,0.00E+00,0,0,1,0.00E+00,1,1,1,1,1
2733,1.67E-01,5,2733,Not eroded,0,0,0,0,0,0,-6.12E-08,-5.46E-08,2.85E-07,2.96E-07,5.93E-08,0,5.29E-04,0,1,0,0,0
2734,5.66E-02,5,2734,Not eroded,0,0,0,0,0,0,3.01E-07,6.34E-09,-1.49E-06,1.52E-06,3.03E-07,0,2.72E-03,0,1,0,0,0
2735,1.62E-01,4,2735,Not eroded,0,0,0,0,0,0,1.57E-07,9.57E-08,-5.45E-08,1.92E-07,4.80E-08,0,3.43E-04,1,1,0,0,0
2736,2.44E-01,0,2736,Not eroded,0,1,1,1,1,0,0,0.00E+00,0.00E+00,0,0,1,0.00E+00,1,1,1,1,1
2737,1.68E-01,4,2737,Not eroded,0,0,0,0,0,0,3.80E-08,6.26E-08,-3.35E-08,8.05E-08,2.01E-08,0,1.44E-04,1,1,0,0,0
2738,2.80E-01,0,2738,ERODED,1,1,1,1,1,1,0,0.00E+00,0.00E+00,0,0,1,0.00E+00,1,1,1,1,1
2739,2.15E-01,3,2739,Not eroded,0,1,0,0,0,0,-1.02E-06,-5.38E-07,4.98E-06,5.11E-06,1.70E-06,1,9.14E-03,1,1,0,0,0
2740,2.63E-01,0,2740,ERODED,1,1,1,1,1,1,0,0.00E+00,0.00E+00,0,0,1,0.00E+00,1,1,1,1,1
2742,1.96E-01,2,2742,Not eroded,0,1,0,0,0,0,-1.24E-07,-9.41E-08,1.09E-06,1.10E-06,5.49E-07,1,1.97E-03,1,1,1,0,0
2743,1.90E-01,3,2743,Not eroded,0,0,0,0,0,0,3.86E-07,5.72E-08,4.07E-07,5.64E-07,1.88E-07,1,1.01E-03,1,1,0,0,0
2744,2.28E-01,2,2744,Not eroded,0,1,1,0,0,0,4.78E-07,-2.08E-07,8.98E-07,1.04E-06,5.19E-07,1,1.86E-03,1,1,1,0,0
2745,1.31E-01,4,2745,Not eroded,0,0,0,0,0,0,1.08E-07,1.65E-07,2.42E-07,3.12E-07,7.80E-08,0,5.58E-04,1,1,0,0,0
2746,1.36E-01,5,2746,Not eroded,0,0,0,0,0,0,2.49E-07,-3.76E-09,-5.26E-08,2.54E-07,5.09E-08,0,4.54E-04,0,1,0,0,0
2747,1.54E-01,4,2747,Not eroded,0,0,0,0,0,0,-1.19E-07,4.84E-07,1.39E-07,5.17E-07,1.29E-07,0,9.25E-04,1,1,0,0,0
2748,2.27E-01,4,2748,Not eroded,0,1,1,0,0,0,1.69E-07,2.82E-07,5.17E-07,6.13E-07,1.53E-07,0,1.10E-03,1,1,0,0,0
2750,2.26E-01,4,2750,Not eroded,0,1,1,0,0,0,1.77E-07,2.72E-07,-2.91E-08,3.26E-07,8.16E-08,0,5.83E-04,1,1,0,0,0
2751,2.40E-01,5,2751,Not eroded,0,1,1,1,0,0,8.70E-08,1.53E-08,9.47E-07,9.51E-07,1.90E-07,0,1.70E-03,0,1,0,0,0
2752,1.77E-01,5,2752,Not eroded,0,0,0,0,0,0,-1.97E-06,4.34E-06,-8.49E-07,4.84E-06,9.68E-07,0,8.66E-03,0,1,0,0,0
2754,2.26E-01,5,2754,Not eroded,0,1,1,0,0,0,3.70E-07,7.25E-07,9.87E-07,1.28E-06,2.56E-07,0,2.29E-03,0,1,0,0,0
2755,1.83E-01,4,2755,Not eroded,0,0,0,0,0,0,-2.37E-07,1.71E-07,1.80E-07,3.44E-07,8.59E-08,0,6.15E-04,1,1,0,0,0
2756,2.56E-01,3,2756,Not eroded,0,1,1,1,1,1,-3.99E-05,-1.23E-05,-3.25E-05,5.30E-05,1.77E-05,1,9.48E-02,1,1,0,0,0
2757,2.95E-01,0,2757,Not eroded,0,1,1,1,1,1,0,0.00E+00,0.00E+00,0,0,1,0.00E+00,1,1,1,1,1
2758,9.41E-02,4,2758,Not eroded,0,0,0,0,0,0,2.78E-07,-4.37E-07,-9.85E-08,5.27E-07,1.32E-07,0,9.43E-04,1,1,0,0,0
2759,2.03E-01,3,2759,Not eroded,0,1,0,0,0,0,-9.38E-07,7.77E-07,4.02E-07,1.28E-06,4.28E-07,1,2.29E-03,1,1,0,0,0
2760,7.38E-02,5,2760,Not eroded,0,0,0,0,0,0,-4.22E-07,1.11E-07,4.65E-08,4.39E-07,8.77E-08,0,7.85E-04,0,1,0,0,0
2761,1.25E-01,3,2761,Not eroded,0,0,0,0,0,0,2.08E-07,1.75E-07,3.84E-07,4.70E-07,1.57E-07,1,8.41E-04,1,1,0,0,0
2762,1.39E-01,2,2762,Not eroded,0,0,0,0,0,0,-1.27E-07,1.63E-07,-2.49E-08,2.08E-07,1.04E-07,1,3.72E-04,1,1,1,0,0
2763,2.63E-01,0,2763,Not eroded,0,1,1,1,1,1,0,0.00E+00,0.00E+00,0,0,1,0.00E+00,1,1,1,1,1
2764,2.23E-01,4,2764,Not eroded,0,1,1,0,0,0,1.83E-06,6.83E-08,-2.03E-07,1.84E-06,4.61E-07,0,3.29E-03,1,1,0,0,0
2765,1.32E-01,4,2765,Not eroded,0,0,0,0,0,0,1.60E-06,5.70E-06,-1.84E-06,6.20E-06,1.55E-06,0,1.11E-02,1,1,0,0,0
2767,1.47E-01,4,2767,Not eroded,0,0,0,0,0,0,-1.01E-07,1.25E-07,6.97E-08,1.75E-07,4.38E-08,0,3.13E-04,1,1,0,0,0
2770,1.50E-01,7,2770,Not eroded,0,0,0,0,0,0,8.23E-07,1.61E-07,4.93E-09,8.38E-07,1.20E-07,0,1.50E-03,0,0,0,0,0
2771,1.72E-01,4,2771,Not eroded,0,0,0,0,0,0,-1.77E-07,-7.39E-07,6.38E-08,7.62E-07,1.91E-07,0,1.36E-03,1,1,0,0,0
2772,9.76E-02,0,2772,Not eroded,0,0,0,0,0,0,0,0.00E+00,0.00E+00,0,0,1,0.00E+00,1,1,1,1,1
2773,3.17E-01,0,2773,ERODED,1,1,1,1,1,1,0,0.00E+00,0.00E+00,0,0,1,0.00E+00,1,1,1,1,1
2774,2.42E-01,0,2774,Not eroded,0,1,1,1,1,0,0,0.00E+00,0.00E+00,0,0,1,0.00E+00,1,1,1,1,1
2775,3.06E-01,3,2775,Not eroded,0,1,1,1,1,1,3.06E-05,2.10E-05,-6.29E-06,3.77E-05,1.26E-05,1,6.74E-02,1,1,0,0,0
2776,3.16E-01,0,2776,ERODED,1,1,1,1,1,1,0,0.00E+00,0.00E+00,0,0,1,0.00E+00,1,1,1,1,1
2777,2.09E-01,5,2777,Not eroded,0,1,0,0,0,0,8.59E-08,-2.90E-08,1.07E-07,1.40E-07,2.81E-08,0,2.50E-04,0,1,0,0,0
2778,2.29E-01,0,2778,Not eroded,0,1,1,0,0,0,0,0.00E+00,0.00E+00,0,0,1,0.00E+00,1,1,1,1,1
2779,3.05E-01,0,2779,ERODED,1,1,1,1,1,1,0,0.00E+00,0.00E+00,0,0,1,0.00E+00,1,1,1,1,1
2780,2.57E-01,5,2780,Not eroded,0,1,1,1,1,1,1.40E-07,1.73E-07,3.75E-08,2.26E-07,4.51E-08,0,4.04E-04,0,1,0,0,0
2781,1.58E-01,5,2781,Not eroded,0,0,0,0,0,0,1.83E-07,-6.41E-07,8.48E-09,6.66E-07,1.33E-07,0,1.19E-03,0,1,0,0,0
2782,1.16E-01,5,2782,Not eroded,0,0,0,0,0,0,3.42E-07,2.25E-07,5.79E-08,4.13E-07,8.27E-08,0,7.39E-04,0,1,0,0,0
2783,1.54E-01,3,2783,Not eroded,0,0,0,0,0,0,1.04E-07,9.26E-08,8.73E-08,1.64E-07,5.47E-08,1,2.93E-04,1,1,0,0,0
2785,1.31E-01,4,2785,Not eroded,0,0,0,0,0,0,-4.72E-08,-1.74E-07,-1.23E-08,1.81E-07,4.52E-08,0,3.24E-04,1,1,0,0,0
2786,1.96E-01,4,2786,Not eroded,0,1,0,0,0,0,9.55E-08,6.62E-07,7.22E-07,9.84E-07,2.46E-07,0,1.76E-03,1,1,0,0,0
2787,1.20E-01,4,2787,Not eroded,0,0,0,0,0,0,3.86E-08,-5.68E-08,9.40E-07,9.42E-07,2.36E-07,0,1.68E-03,1,1,0,0,0
2789,1.63E-01,5,2789,Not eroded,0,0,0,0,0,0,5.46E-07,3.84E-07,4.02E-08,6.69E-07,1.34E-07,0,1.20E-03,0,1,0,0,0
2790,9.34E-02,0,2790,Not eroded,0,0,0,0,0,0,0,0.00E+00,0.00E+00,0,0,1,0.00E+00,1,1,1,1,1
2791,7.52E-02,0,2791,Not eroded,0,0,0,0,0,0,0,0.00E+00,0.00E+00,0,0,1,0.00E+00,1,1,1,1,1
2792,5.66E-02,3,2792,Not eroded,0,0,0,0,0,0,3.18E-08,-1.04E-07,-1.39E-06,1.39E-06,4.63E-07,1,2.49E-03,1,1,0,0,0
2793,2.78E-01,2,2793,Not eroded,0,1,1,1,1,1,-4.81E-07,-2.59E-07,1.05E-08,5.47E-07,2.73E-07,1,9.78E-04,1,1,1,0,0
2794,2.41E-01,5,2794,Not eroded,0,1,1,1,1,0,3.33E-08,2.03E-07,1.51E-07,2.55E-07,5.10E-08,0,4.56E-04,0,1,0,0,0
2795,2.21E-01,3,2795,Not eroded,0,1,1,0,0,0,-1.41E-07,1.31E-07,-1.35E-07,2.36E-07,7.86E-08,1,4.22E-04,1,1,0,0,0
2796,1.65E-01,4,2796,Not eroded,0,0,0,0,0,0,-4.08E-06,-1.69E-06,-1.28E-06,4.60E-06,1.15E-06,0,8.23E-03,1,1,0,0,0
2797,1.64E-01,5,2797,Not eroded,0,0,0,0,0,0,-5.64E-08,2.69E-07,1.32E-07,3.04E-07,6.09E-08,0,5.44E-04,0,1,0,0,0
2798,1.95E-01,4,2798,Not eroded,0,1,0,0,0,0,1.08E-06,-3.90E-07,5.58E-07,1.28E-06,3.19E-07,0,2.29E-03,1,1,0,0,0
2799,5.67E-02,0,2799,Not eroded,0,0,0,0,0,0,0,0.00E+00,0.00E+00,0,0,1,0.00E+00,1,1,1,1,1
2800,1.31E-01,3,2800,Not eroded,0,0,0,0,0,0,2.38E-06,-4.68E-06,2.55E-06,5.84E-06,1.95E-06,1,1.04E-02,1,1,0,0,0
2801,1.42E-01,6,2801,Not eroded,0,0,0,0,0,0,-4.42E-08,-2.36E-07,2.49E-07,3.46E-07,5.76E-08,0,6.19E-04,0,0,0,0,0
2802,2.09E-01,0,2802,Not eroded,0,1,0,0,0,0,0,0.00E+00,0.00E+00,0,0,1,0.00E+00,1,1,1,1,1
2804,1.68E-01,4,2804,Not eroded,0,0,0,0,0,0,-1.25E-07,1.21E-06,-3.86E-07,1.28E-06,3.19E-07,0,2.29E-03,1,1,0,0,0
2805,1.36E-01,4,2805,Not eroded,0,0,0,0,0,0,-2.48E-07,-6.18E-08,1.42E-07,2.93E-07,7.32E-08,0,5.24E-04,1,1,0,0,0
2806,3.11E-01,0,2806,ERODED,1,1,1,1,1,1,0,0.00E+00,0.00E+00,0,0,1,0.00E+00,1,1,1,1,1
2807,9.80E-02,5,2807,Not eroded,0,0,0,0,0,0,-4.47E-07,7.40E-07,2.20E-06,2.36E-06,4.73E-07,0,4.22E-03,0,1,0,0,0
2808,1.96E-01,0,2808,Not eroded,0,1,0,0,0,0,0,0.00E+00,0.00E+00,0,0,1,0.00E+00,1,1,1,1,1
2809,2.85E-01,0,2809,ERODED,1,1,1,1,1,1,0,0.00E+00,0.00E+00,0,0,1,0.00E+00,1,1,1,1,1
2810,1.88E-01,5,2810,Not eroded,0,0,0,0,0,0,4.76E-08,6.57E-08,-5.31E-08,9.70E-08,1.94E-08,0,1.74E-04,0,1,0,0,0
2811,1.26E-01,5,2811,Not eroded,0,0,0,0,0,0,-7.64E-07,4.15E-06,-4.34E-07,4.24E-06,8.49E-07,0,7.58E-03,0,1,0,0,0
2812,8.40E-02,3,2812,Not eroded,0,0,0,0,0,0,1.59E-07,-9.13E-07,-1.76E-07,9.43E-07,3.14E-07,1,1.69E-03,1,1,0,0,0
2813,9.83E-02,5,2813,Not eroded,0,0,0,0,0,0,9.23E-07,-8.09E-07,-9.46E-07,1.55E-06,3.10E-07,0,2.77E-03,0,1,0,0,0
2814,1.06E-01,4,2814,Not eroded,0,0,0,0,0,0,-8.32E-08,8.58E-08,-1.49E-08,1.20E-07,3.01E-08,0,2.15E-04,1,1,0,0,0
2815,1.70E-01,4,2815,Not eroded,0,0,0,0,0,0,4.96E-08,4.87E-08,2.04E-07,2.16E-07,5.39E-08,0,3.86E-04,1,1,0,0,0
2816,2.46E-01,0,2816,Not eroded,0,1,1,1,1,0,0,0.00E+00,0.00E+00,0,0,1,0.00E+00,1,1,1,1,1
2817,1.36E-01,4,2817,Not eroded,0,0,0,0,0,0,1.38E-05,-9.86E-06,1.31E-05,2.14E-05,5.35E-06,0,3.83E-02,1,1,0,0,0
2818,2.79E-01,0,2818,Not eroded,0,1,1,1,1,1,0,0.00E+00,0.00E+00,0,0,1,0.00E+00,1,1,1,1,1
2819,2.24E-01,0,2819,Not eroded,0,1,1,0,0,0,0,0.00E+00,0.00E+00,0,0,1,0.00E+00,1,1,1,1,1
2822,8.46E-02,4,2822,Not eroded,0,0,0,0,0,0,1.40E-07,2.25E-07,-4.94E-08,2.69E-07,6.73E-08,0,4.81E-04,1,1,0,0,0
2823,5.66E-02,4,2823,Not eroded,0,0,0,0,0,0,-2.35E-08,5.96E-08,-1.41E-06,1.41E-06,3.53E-07,0,2.52E-03,1,1,0,0,0
2824,2.55E-01,4,2824,Not eroded,0,1,1,1,1,1,-7.07E-07,-2.88E-06,7.44E-07,3.06E-06,7.64E-07,0,5.47E-03,1,1,0,0,0
2825,2.89E-01,6,2825,Not eroded,0,1,1,1,1,1,8.70E-06,1.24E-05,9.24E-06,1.77E-05,2.95E-06,0,3.17E-02,0,0,0,0,0
2826,2.80E-01,0,2826,Not eroded,0,1,1,1,1,1,0,0.00E+00,0.00E+00,0,0,1,0.00E+00,1,1,1,1,1
2827,8.09E-02,3,2827,Not eroded,0,0,0,0,0,0,-3.43E-07,-9.57E-07,6.43E-07,1.20E-06,4.01E-07,1,2.15E-03,1,1,0,0,0
2828,1.14E-01,5,2828,Not eroded,0,0,0,0,0,0,2.11E-07,8.82E-09,-8.82E-08,2.29E-07,4.58E-08,0,4.10E-04,0,1,0,0,0
2829,1.68E-01,5,2829,Not eroded,0,0,0,0,0,0,6.98E-07,5.12E-07,1.11E-06,1.41E-06,2.81E-07,0,2.52E-03,0,1,0,0,0
2830,2.87E-01,5,2830,Not eroded,0,1,1,1,1,1,-8.13E-07,7.03E-07,2.84E-06,3.03E-06,6.07E-07,0,5.42E-03,0,1,0,0,0
2831,2.01E-01,2,2831,Not eroded,0,1,0,0,0,0,2.81E-07,-6.70E-07,1.99E-08,7.27E-07,3.64E-07,1,1.30E-03,1,1,1,0,0
2832,1.79E-01,3,2832,Not eroded,0,0,0,0,0,0,-1.23E-07,1.52E-07,1.62E-07,2.54E-07,8.46E-08,1,4.54E-04,1,1,0,0,0
2833,6.63E-02,7,2833,Not eroded,0,0,0,0,0,0,-1.08E-07,1.18E-07,7.99E-07,8.15E-07,1.16E-07,0,1.46E-03,0,0,0,0,0
2834,2.03E-01,3,2834,Not eroded,0,1,0,0,0,0,1.15E-06,-1.27E-06,9.89E-07,1.98E-06,6.61E-07,1,3.54E-03,1,1,0,0,0
2835,2.79E-01,0,2835,Not eroded,0,1,1,1,1,1,0,0.00E+00,0.00E+00,0,0,1,0.00E+00,1,1,1,1,1
2836,1.47E-01,4,2836,Not eroded,0,0,0,0,0,0,-9.65E-08,-4.49E-08,1.03E-07,1.48E-07,3.70E-08,0,2.65E-04,1,1,0,0,0
2837,2.90E-01,0,2837,Not eroded,0,1,1,1,1,1,0,0.00E+00,0.00E+00,0,0,1,0.00E+00,1,1,1,1,1
2838,9.58E-02,4,2838,Not eroded,0,0,0,0,0,0,7.37E-07,-5.46E-07,8.45E-07,1.25E-06,3.12E-07,0,2.24E-03,1,1,0,0,0
2839,2.08E-01,4,2839,Not eroded,0,1,0,0,0,0,2.08E-08,-1.84E-07,1.25E-07,2.23E-07,5.58E-08,0,3.99E-04,1,1,0,0,0
2840,1.59E-01,5,2840,Not eroded,0,0,0,0,0,0,3.93E-07,2.01E-07,7.34E-07,8.56E-07,1.71E-07,0,1.53E-03,0,1,0,0,0
2841,6.41E-02,5,2841,Not eroded,0,0,0,0,0,0,1.46E-07,3.60E-07,-1.56E-07,4.18E-07,8.36E-08,0,7.48E-04,0,1,0,0,0
2842,2.56E-01,0,2842,ERODED,1,1,1,1,1,1,0,0.00E+00,0.00E+00,0,0,1,0.00E+00,1,1,1,1,1
2843,2.03E-01,4,2843,Not eroded,0,1,0,0,0,0,4.36E-08,-4.35E-08,4.52E-07,4.57E-07,1.14E-07,0,8.17E-04,1,1,0,0,0
2845,3.26E-01,0,2845,ERODED,1,1,1,1,1,1,0,0.00E+00,0.00E+00,0,0,1,0.00E+00,1,1,1,1,1
2846,2.18E-01,4,2846,Not eroded,0,1,0,0,0,0,-4.07E-07,7.88E-08,2.51E-07,4.85E-07,1.21E-07,0,8.68E-04,1,1,0,0,0
2847,9.34E-02,0,2847,Not eroded,0,0,0,0,0,0,0,0.00E+00,0.00E+00,0,0,1,0.00E+00,1,1,1,1,1
2848,1.24E-01,5,2848,Not eroded,0,0,0,0,0,0,4.40E-07,3.45E-08,2.27E-08,4.42E-07,8.84E-08,0,7.91E-04,0,1,0,0,0
2849,6.55E-02,5,2849,Not eroded,0,0,0,0,0,0,1.42E-07,9.00E-08,-1.93E-08,1.69E-07,3.39E-08,0,3.02E-04,0,1,0,0,0
2850,2.73E-01,0,2850,Not eroded,0,1,1,1,1,1,0,0.00E+00,0.00E+00,0,0,1,0.00E+00,1,1,1,1,1
2851,2.94E-01,4,2851,Not eroded,0,1,1,1,1,1,-5.28E-08,2.80E-06,7.96E-06,8.44E-06,2.11E-06,0,1.51E-02,1,1,0,0,0
2852,1.52E-01,4,2852,Not eroded,0,0,0,0,0,0,3.22E-07,-9.05E-07,1.38E-07,9.71E-07,2.43E-07,0,1.74E-03,1,1,0,0,0
2853,9.63E-02,4,2853,Not eroded,0,0,0,0,0,0,1.72E-07,4.78E-08,-1.75E-07,2.49E-07,6.23E-08,0,4.45E-04,1,1,0,0,0
2854,1.39E-01,5,2854,Not eroded,0,0,0,0,0,0,-2.74E-08,5.39E-08,-2.54E-08,6.56E-08,1.31E-08,0,1.17E-04,0,1,0,0,0
2857,2.16E-01,4,2857,Not eroded,0,1,0,0,0,0,7.44E-08,1.45E-07,8.72E-08,1.85E-07,4.62E-08,0,3.31E-04,1,1,0,0,0
2858,1.10E-01,4,2858,Not eroded,0,0,0,0,0,0,1.25E-06,-1.13E-07,-6.40E-07,1.40E-06,3.51E-07,0,2.50E-03,1,1,0,0,0
2859,1.46E-01,3,2859,Not eroded,0,0,0,0,0,0,1.20E-07,6.54E-07,-4.50E-07,8.03E-07,2.68E-07,1,1.44E-03,1,1,0,0,0
2860,2.02E-01,0,2860,Not eroded,0,1,0,0,0,0,0,0.00E+00,0.00E+00,0,0,1,0.00E+00,1,1,1,1,1
2861,1.22E-01,0,2861,Not eroded,0,0,0,0,0,0,0,0.00E+00,0.00E+00,0,0,1,0.00E+00,1,1,1,1,1
2862,2.25E-01,4,2862,Not eroded,0,1,1,0,0,0,1.09E-07,6.38E-07,-1.42E-08,6.48E-07,1.62E-07,0,1.16E-03,1,1,0,0,0
2863,2.77E-01,0,2863,ERODED,1,1,1,1,1,1,0,0.00E+00,0.00E+00,0,0,1,0.00E+00,1,1,1,1,1
2864,6.51E-02,3,2864,Not eroded,0,0,0,0,0,0,-1.32E-07,2.28E-07,5.10E-07,5.73E-07,1.91E-07,1,1.02E-03,1,1,0,0,0
2865,9.63E-02,0,2865,Not eroded,0,0,0,0,0,0,0,0.00E+00,0.00E+00,0,0,1,0.00E+00,1,1,1,1,1
2866,8.28E-02,4,2866,Not eroded,0,0,0,0,0,0,-2.40E-07,-3.11E-07,-2.13E-07,4.46E-07,1.12E-07,0,7.98E-04,1,1,0,0,0
2867,1.89E-01,6,2867,Not eroded,0,0,0,0,0,0,-1.25E-07,1.53E-07,1.28E-06,1.30E-06,2.17E-07,0,2.33E-03,0,0,0,0,0
2868,1.34E-01,5,2868,Not eroded,0,0,0,0,0,0,4.67E-07,1.51E-07,-1.76E-07,5.21E-07,1.04E-07,0,9.32E-04,0,1,0,0,0
2869,3.15E-01,0,2869,ERODED,1,1,1,1,1,1,0,0.00E+00,0.00E+00,0,0,1,0.00E+00,1,1,1,1,1
2870,3.01E-01,0,2870,Not eroded,0,1,1,1,1,1,0,0.00E+00,0.00E+00,0,0,1,0.00E+00,1,1,1,1,1
2871,1.38E-01,4,2871,Not eroded,0,0,0,0,0,0,-1.52E-06,4.83E-07,-3.20E-06,3.58E-06,8.95E-07,0,6.40E-03,1,1,0,0,0
2872,7.23E-02,0,2872,Not eroded,0,0,0,0,0,0,0,0.00E+00,0.00E+00,0,0,1,0.00E+00,1,1,1,1,1
2873,9.58E-02,4,2873,Not eroded,0,0,0,0,0,0,1.04E-07,-2.51E-06,1.06E-06,2.72E-06,6.81E-07,0,4.87E-03,1,1,0,0,0
2874,5.66E-02,0,2874,Not eroded,0,0,0,0,0,0,0,0.00E+00,0.00E+00,0,0,1,0.00E+00,1,1,1,1,1
2875,8.80E-02,0,2875,Not eroded,0,0,0,0,0,0,0,0.00E+00,0.00E+00,0,0,1,0.00E+00,1,1,1,1,1
2876,9.47E-02,3,2876,Not eroded,0,0,0,0,0,0,2.28E-07,-1.53E-07,1.30E-07,3.04E-07,1.01E-07,1,5.44E-04,1,1,0,0,0
2877,8.17E-02,5,2877,Not eroded,0,0,0,0,0,0,3.09E-07,2.36E-08,2.53E-07,4.00E-07,8.00E-08,0,7.15E-04,0,1,0,0,0
2878,7.80E-02,5,2878,Not eroded,0,0,0,0,0,0,-2.09E-07,-2.51E-07,-7.11E-09,3.27E-07,6.53E-08,0,5.85E-04,0,1,0,0,0
2879,6.51E-02,4,2879,Not eroded,0,0,0,0,0,0,-3.60E-07,1.02E-07,5.46E-07,6.63E-07,1.66E-07,0,1.19E-03,1,1,0,0,0
2881,2.56E-01,0,2881,Not eroded,0,1,1,1,1,1,0,0.00E+00,0.00E+00,0,0,1,0.00E+00,1,1,1,1,1
2882,1.28E-01,4,2882,Not eroded,0,0,0,0,0,0,3.60E-07,1.23E-07,3.34E-07,5.06E-07,1.26E-07,0,9.05E-04,1,1,0,0,0
2883,1.47E-01,3,2883,Not eroded,0,0,0,0,0,0,-8.99E-08,-5.80E-07,1.50E-07,6.06E-07,2.02E-07,1,1.08E-03,1,1,0,0,0
2884,8.97E-02,5,2884,Not eroded,0,0,0,0,0,0,7.13E-08,-8.71E-09,1.88E-07,2.01E-07,4.02E-08,0,3.60E-04,0,1,0,0,0
2885,1.90E-01,3,2885,Not eroded,0,0,0,0,0,0,-1.26E-07,1.47E-07,4.54E-07,4.93E-07,1.64E-07,1,8.82E-04,1,1,0,0,0
2886,2.63E-01,0,2886,Not eroded,0,1,1,1,1,1,0,0.00E+00,0.00E+00,0,0,1,0.00E+00,1,1,1,1,1
2887,6.94E-02,3,2887,Not eroded,0,0,0,0,0,0,1.41E-07,3.68E-07,2.36E-08,3.95E-07,1.32E-07,1,7.07E-04,1,1,0,0,0
2888,5.66E-02,4,2888,Not eroded,0,0,0,0,0,0,-5.69E-07,-1.87E-07,-1.41E-06,1.53E-06,3.83E-07,0,2.74E-03,1,1,0,0,0
2889,1.56E-01,5,2889,Not eroded,0,0,0,0,0,0,2.43E-07,-6.87E-08,8.57E-08,2.67E-07,5.34E-08,0,4.78E-04,0,1,0,0,0
2890,2.88E-01,0,2890,Not eroded,0,1,1,1,1,1,0,0.00E+00,0.00E+00,0,0,1,0.00E+00,1,1,1,1,1
2891,1.15E-01,0,2891,Not eroded,0,0,0,0,0,0,0,0.00E+00,0.00E+00,0,0,1,0.00E+00,1,1,1,1,1
2892,2.42E-01,4,2892,Not eroded,0,1,1,1,1,0,1.56E-06,-3.06E-07,1.56E-06,2.23E-06,5.57E-07,0,3.99E-03,1,1,0,0,0
2893,2.86E-01,3,2893,Not eroded,0,1,1,1,1,1,-1.75E-05,1.97E-05,-5.43E-06,2.69E-05,8.96E-06,1,4.81E-02,1,1,0,0,0
2894,1.60E-01,0,2894,Not eroded,0,0,0,0,0,0,0,0.00E+00,0.00E+00,0,0,1,0.00E+00,1,1,1,1,1
2895,2.50E-01,4,2895,Not eroded,0,1,1,1,1,0,3.88E-07,-1.12E-07,2.28E-08,4.04E-07,1.01E-07,0,7.23E-04,1,1,0,0,0
2896,2.49E-01,5,2896,Not eroded,0,1,1,1,1,0,1.27E-07,1.34E-07,-4.60E-08,1.91E-07,3.81E-08,0,3.42E-04,0,1,0,0,0
2897,7.26E-02,5,2897,Not eroded,0,0,0,0,0,0,2.29E-07,-7.60E-08,3.06E-08,2.44E-07,4.87E-08,0,4.36E-04,0,1,0,0,0
2898,1.98E-01,0,2898,Not eroded,0,1,0,0,0,0,0,0.00E+00,0.00E+00,0,0,1,0.00E+00,1,1,1,1,1
2899,2.18E-01,0,2899,Not eroded,0,1,0,0,0,0,0,0.00E+00,0.00E+00,0,0,1,0.00E+00,1,1,1,1,1
2900,8.90E-02,5,2900,Not eroded,0,0,0,0,0,0,-1.57E-07,-8.31E-08,-5.28E-09,1.77E-07,3.55E-08,0,3.17E-04,0,1,0,0,0
2901,1.92E-01,0,2901,Not eroded,0,1,0,0,0,0,0,0.00E+00,0.00E+00,0,0,1,0.00E+00,1,1,1,1,1
2902,2.09E-01,0,2902,Not eroded,0,1,0,0,0,0,0,0.00E+00,0.00E+00,0,0,1,0.00E+00,1,1,1,1,1
2904,1.14E-01,2,2904,Not eroded,0,0,0,0,0,0,2.58E-06,9.84E-07,1.10E-06,2.98E-06,1.49E-06,1,5.33E-03,1,1,1,0,0
2905,1.39E-01,0,2905,Not eroded,0,0,0,0,0,0,0,0.00E+00,0.00E+00,0,0,1,0.00E+00,1,1,1,1,1
2906,7.38E-02,4,2906,Not eroded,0,0,0,0,0,0,-3.00E-07,9.55E-09,3.69E-07,4.76E-07,1.19E-07,0,8.51E-04,1,1,0,0,0
2908,2.42E-01,5,2908,Not eroded,0,1,1,1,1,0,1.68E-06,-4.69E-07,1.05E-06,2.03E-06,4.07E-07,0,3.63E-03,0,1,0,0,0
2909,2.64E-01,3,2909,Not eroded,0,1,1,1,1,1,-9.70E-08,2.30E-07,3.94E-08,2.53E-07,8.43E-08,1,4.53E-04,1,1,0,0,0
2910,2.51E-01,0,2910,Not eroded,0,1,1,1,1,1,0,0.00E+00,0.00E+00,0,0,1,0.00E+00,1,1,1,1,1
2911,5.66E-02,3,2911,Not eroded,0,0,0,0,0,0,-1.23E-08,-1.61E-09,-1.31E-06,1.31E-06,4.36E-07,1,2.34E-03,1,1,0,0,0
2912,5.65E-02,3,2912,Not eroded,0,0,0,0,0,0,2.28E-07,1.36E-07,-1.25E-06,1.28E-06,4.27E-07,1,2.29E-03,1,1,0,0,0
2913,1.01E-01,0,2913,Not eroded,0,0,0,0,0,0,0,0.00E+00,0.00E+00,0,0,1,0.00E+00,1,1,1,1,1
2914,2.14E-01,3,2914,Not eroded,0,1,0,0,0,0,1.54E-07,-3.21E-07,2.53E-07,4.37E-07,1.46E-07,1,7.82E-04,1,1,0,0,0
2915,3.05E-01,0,2915,ERODED,1,1,1,1,1,1,0,0.00E+00,0.00E+00,0,0,1,0.00E+00,1,1,1,1,1
2916,7.89E-02,5,2916,Not eroded,0,0,0,0,0,0,1.07E-07,-2.20E-07,1.09E-07,2.68E-07,5.36E-08,0,4.79E-04,0,1,0,0,0
2917,1.79E-01,0,2917,Not eroded,0,0,0,0,0,0,0,0.00E+00,0.00E+00,0,0,1,0.00E+00,1,1,1,1,1
2918,2.62E-01,0,2918,Not eroded,0,1,1,1,1,1,0,0.00E+00,0.00E+00,0,0,1,0.00E+00,1,1,1,1,1
2920,1.27E-01,4,2920,Not eroded,0,0,0,0,0,0,2.06E-08,9.26E-08,-1.76E-07,2.00E-07,5.00E-08,0,3.58E-04,1,1,0,0,0
2921,2.17E-01,4,2921,Not eroded,0,1,0,0,0,0,6.21E-07,-1.78E-07,4.20E-07,7.70E-07,1.93E-07,0,1.38E-03,1,1,0,0,0
2922,2.36E-01,7,2922,Not eroded,0,1,1,1,0,0,-2.37E-08,2.81E-07,2.21E-07,3.59E-07,5.12E-08,0,6.42E-04,0,0,0,0,0
2923,1.83E-01,0,2923,Not eroded,0,0,0,0,0,0,0,0.00E+00,0.00E+00,0,0,1,0.00E+00,1,1,1,1,1
2924,9.54E-02,5,2924,Not eroded,0,0,0,0,0,0,-6.96E-07,7.81E-07,1.76E-06,2.05E-06,4.10E-07,0,3.67E-03,0,1,0,0,0
2925,3.27E-01,0,2925,ERODED,1,1,1,1,1,1,0,0.00E+00,0.00E+00,0,0,1,0.00E+00,1,1,1,1,1
2926,1.81E-01,0,2926,Not eroded,0,0,0,0,0,0,0,0.00E+00,0.00E+00,0,0,1,0.00E+00,1,1,1,1,1
2927,2.48E-01,0,2927,Not eroded,0,1,1,1,1,0,0,0.00E+00,0.00E+00,0,0,1,0.00E+00,1,1,1,1,1
2928,1.14E-01,4,2928,Not eroded,0,0,0,0,0,0,-1.55E-07,1.26E-07,6.18E-07,6.50E-07,1.62E-07,0,1.16E-03,1,1,0,0,0
2929,2.35E-01,3,2929,Not eroded,0,1,1,1,0,0,1.18E-06,-8.47E-07,5.39E-07,1.55E-06,5.17E-07,1,2.77E-03,1,1,0,0,0
2930,1.60E-01,4,2930,Not eroded,0,0,0,0,0,0,4.18E-07,6.12E-10,5.88E-08,4.22E-07,1.06E-07,0,7.55E-04,1,1,0,0,0
2931,1.16E-01,4,2931,Not eroded,0,0,0,0,0,0,8.59E-08,1.36E-07,2.21E-07,2.74E-07,6.84E-08,0,4.90E-04,1,1,0,0,0
2932,2.46E-01,0,2932,Not eroded,0,1,1,1,1,0,0,0.00E+00,0.00E+00,0,0,1,0.00E+00,1,1,1,1,1
2933,1.14E-01,2,2933,Not eroded,0,0,0,0,0,0,4.06E-08,1.12E-07,3.53E-07,3.73E-07,1.87E-07,1,6.67E-04,1,1,1,0,0
2934,2.02E-01,0,2934,Not eroded,0,1,0,0,0,0,0,0.00E+00,0.00E+00,0,0,1,0.00E+00,1,1,1,1,1
2935,2.23E-01,5,2935,Not eroded,0,1,1,0,0,0,8.47E-07,-1.30E-07,5.43E-07,1.01E-06,2.03E-07,0,1.81E-03,0,1,0,0,0
2936,3.01E-01,0,2936,ERODED,1,1,1,1,1,1,0,0.00E+00,0.00E+00,0,0,1,0.00E+00,1,1,1,1,1
2937,1.87E-01,5,2937,Not eroded,0,0,0,0,0,0,3.36E-07,2.74E-07,6.84E-07,8.10E-07,1.62E-07,0,1.45E-03,0,1,0,0,0
2938,8.43E-02,3,2938,Not eroded,0,0,0,0,0,0,1.90E-07,5.13E-07,1.62E-07,5.71E-07,1.90E-07,1,1.02E-03,1,1,0,0,0
2940,2.04E-01,7,2940,Not eroded,0,1,0,0,0,0,5.54E-08,2.25E-07,7.58E-08,2.44E-07,3.49E-08,0,4.36E-04,0,0,0,0,0
2941,1.41E-01,4,2941,Not eroded,0,0,0,0,0,0,1.37E-07,9.54E-08,1.55E-07,2.27E-07,5.68E-08,0,4.06E-04,1,1,0,0,0
2942,6.81E-02,4,2942,Not eroded,0,0,0,0,0,0,3.13E-07,8.49E-07,4.97E-07,1.03E-06,2.58E-07,0,1.84E-03,1,1,0,0,0
2943,2.95E-01,5,2943,Not eroded,0,1,1,1,1,1,-8.54E-08,2.46E-07,-5.32E-08,2.66E-07,5.31E-08,0,4.76E-04,0,1,0,0,0
2945,2.04E-01,0,2945,Not eroded,0,1,0,0,0,0,0,0.00E+00,0.00E+00,0,0,1,0.00E+00,1,1,1,1,1
2946,1.56E-01,5,2946,Not eroded,0,0,0,0,0,0,3.80E-07,-8.99E-07,-1.16E-08,9.76E-07,1.95E-07,0,1.75E-03,0,1,0,0,0
2947,2.96E-01,3,2947,Not eroded,0,1,1,1,1,1,3.66E-06,-5.87E-05,-4.01E-05,7.12E-05,2.37E-05,1,1.27E-01,1,1,0,0,0
2948,6.22E-02,4,2948,Not eroded,0,0,0,0,0,0,1.43E-07,-6.49E-07,7.96E-08,6.70E-07,1.67E-07,0,1.20E-03,1,1,0,0,0
2949,1.22E-01,5,2949,Not eroded,0,0,0,0,0,0,-2.49E-08,2.52E-07,3.96E-07,4.70E-07,9.41E-08,0,8.41E-04,0,1,0,0,0
2950,5.67E-02,3,2950,Not eroded,0,0,0,0,0,0,1.14E-07,1.63E-07,-5.32E-08,2.06E-07,6.86E-08,1,3.68E-04,1,1,0,0,0
2951,2.09E-01,6,2951,Not eroded,0,1,0,0,0,0,-1.22E-07,4.14E-08,1.79E-07,2.20E-07,3.67E-08,0,3.94E-04,0,0,0,0,0
2952,7.42E-02,4,2952,Not eroded,0,0,0,0,0,0,5.46E-08,-3.14E-09,-4.18E-07,4.21E-07,1.05E-07,0,7.53E-04,1,1,0,0,0
2953,2.17E-01,0,2953,Not eroded,0,1,0,0,0,0,0,0.00E+00,0.00E+00,0,0,1,0.00E+00,1,1,1,1,1
2954,2.72E-01,6,2954,Not eroded,0,1,1,1,1,1,1.96E-07,4.77E-09,3.86E-06,3.86E-06,6.44E-07,0,6.90E-03,0,0,0,0,0
2955,2.12E-01,3,2955,Not eroded,0,1,0,0,0,0,4.12E-08,2.63E-08,-1.34E-08,5.07E-08,1.69E-08,1,9.07E-05,1,1,0,0,0
2956,2.49E-01,5,2956,Not eroded,0,1,1,1,1,0,2.97E-06,6.06E-06,8.41E-06,1.08E-05,2.16E-06,0,1.93E-02,0,1,0,0,0
2958,9.67E-02,0,2958,Not eroded,0,0,0,0,0,0,0,0.00E+00,0.00E+00,0,0,1,0.00E+00,1,1,1,1,1
2960,2.52E-01,2,2960,Not eroded,0,1,1,1,1,1,5.14E-07,3.16E-07,2.29E-07,6.45E-07,3.23E-07,1,1.15E-03,1,1,1,0,0
2961,1.46E-01,6,2961,Not eroded,0,0,0,0,0,0,2.65E-07,4.17E-07,4.76E-07,6.86E-07,1.14E-07,0,1.23E-03,0,0,0,0,0
2963,1.56E-01,0,2963,Not eroded,0,0,0,0,0,0,0,0.00E+00,0.00E+00,0,0,1,0.00E+00,1,1,1,1,1
2964,7.24E-02,3,2964,Not eroded,0,0,0,0,0,0,4.21E-07,-3.10E-07,2.46E-07,5.78E-07,1.93E-07,1,1.03E-03,1,1,0,0,0
2965,2.30E-01,0,2965,Not eroded,0,1,1,0,0,0,0,0.00E+00,0.00E+00,0,0,1,0.00E+00,1,1,1,1,1
2966,1.17E-01,3,2966,Not eroded,0,0,0,0,0,0,9.78E-08,9.88E-08,-1.76E-08,1.40E-07,4.67E-08,1,2.50E-04,1,1,0,0,0
2967,9.78E-02,6,2967,Not eroded,0,0,0,0,0,0,-9.14E-09,-7.99E-08,1.64E-07,1.83E-07,3.05E-08,0,3.27E-04,0,0,0,0,0
2968,1.26E-01,5,2968,Not eroded,0,0,0,0,0,0,5.64E-07,7.16E-08,9.41E-08,5.76E-07,1.15E-07,0,1.03E-03,0,1,0,0,0
2970,1.33E-01,3,2970,Not eroded,0,0,0,0,0,0,5.50E-06,4.29E-07,1.80E-06,5.81E-06,1.94E-06,1,1.04E-02,1,1,0,0,0
2971,1.27E-01,3,2971,Not eroded,0,0,0,0,0,0,-6.13E-07,-5.00E-06,1.11E-06,5.15E-06,1.72E-06,1,9.21E-03,1,1,0,0,0
2972,5.65E-02,4,2972,Not eroded,0,0,0,0,0,0,2.22E-07,-4.08E-08,-1.23E-06,1.25E-06,3.12E-07,0,2.24E-03,1,1,0,0,0
2973,2.24E-01,4,2973,Not eroded,0,1,1,0,0,0,2.77E-07,-4.86E-08,-3.55E-09,2.81E-07,7.02E-08,0,5.03E-04,1,1,0,0,0
2974,1.66E-01,2,2974,Not eroded,0,0,0,0,0,0,2.31E-07,-2.95E-08,-1.26E-07,2.64E-07,1.32E-07,1,4.72E-04,1,1,1,0,0
2975,6.63E-02,4,2975,Not eroded,0,0,0,0,0,0,-1.58E-07,2.75E-07,1.29E-07,3.42E-07,8.56E-08,0,6.12E-04,1,1,0,0,0
2976,1.67E-01,0,2976,Not eroded,0,0,0,0,0,0,0,0.00E+00,0.00E+00,0,0,1,0.00E+00,1,1,1,1,1
2977,2.40E-01,4,2977,Not eroded,0,1,1,1,0,0,1.36E-07,2.06E-07,-1.65E-08,2.48E-07,6.19E-08,0,4.44E-04,1,1,0,0,0
2978,9.10E-02,4,2978,Not eroded,0,0,0,0,0,0,-2.25E-07,5.75E-08,-5.23E-08,2.38E-07,5.94E-08,0,4.26E-04,1,1,0,0,0
2979,8.54E-02,4,2979,Not eroded,0,0,0,0,0,0,3.43E-08,8.33E-08,2.65E-07,2.80E-07,7.00E-08,0,5.01E-04,1,1,0,0,0
2980,1.46E-01,0,2980,Not eroded,0,0,0,0,0,0,0,0.00E+00,0.00E+00,0,0,1,0.00E+00,1,1,1,1,1
2981,2.01E-01,0,2981,Not eroded,0,1,0,0,0,0,0,0.00E+00,0.00E+00,0,0,1,0.00E+00,1,1,1,1,1
2982,2.38E-01,0,2982,Not eroded,0,1,1,1,0,0,0,0.00E+00,0.00E+00,0,0,1,0.00E+00,1,1,1,1,1
2983,3.11E-01,0,2983,ERODED,1,1,1,1,1,1,0,0.00E+00,0.00E+00,0,0,1,0.00E+00,1,1,1,1,1
2984,1.30E-01,4,2984,Not eroded,0,0,0,0,0,0,4.88E-07,8.59E-07,3.02E-06,3.18E-06,7.95E-07,0,5.69E-03,1,1,0,0,0
2985,3.36E-01,0,2985,ERODED,1,1,1,1,1,1,0,0.00E+00,0.00E+00,0,0,1,0.00E+00,1,1,1,1,1
2986,7.73E-02,5,2986,Not eroded,0,0,0,0,0,0,-8.29E-07,-3.02E-07,1.02E-07,8.88E-07,1.78E-07,0,1.59E-03,0,1,0,0,0
2987,1.09E-01,4,2987,Not eroded,0,0,0,0,0,0,-8.94E-08,3.28E-07,6.23E-08,3.45E-07,8.64E-08,0,6.17E-04,1,1,0,0,0
2988,1.32E-01,6,2988,Not eroded,0,0,0,0,0,0,-1.68E-07,-3.60E-07,7.46E-07,8.45E-07,1.41E-07,0,1.51E-03,0,0,0,0,0
2989,2.46E-01,4,2989,Not eroded,0,1,1,1,1,0,2.82E-07,3.45E-07,8.91E-08,4.54E-07,1.14E-07,0,8.12E-04,1,1,0,0,0
2990,9.47E-02,4,2990,Not eroded,0,0,0,0,0,0,1.61E-07,1.24E-07,-4.11E-08,2.08E-07,5.19E-08,0,3.72E-04,1,1,0,0,0
2991,2.19E-01,3,2991,Not eroded,0,1,0,0,0,0,-1.81E-08,-3.87E-08,-5.93E-09,4.32E-08,1.44E-08,1,7.73E-05,1,1,0,0,0
2992,2.79E-01,0,2992,ERODED,1,1,1,1,1,1,0,0.00E+00,0.00E+00,0,0,1,0.00E+00,1,1,1,1,1
2993,1.54E-01,4,2993,Not eroded,0,0,0,0,0,0,6.57E-08,-1.50E-08,8.30E-08,1.07E-07,2.67E-08,0,1.91E-04,1,1,0,0,0
2995,1.73E-01,4,2995,Not eroded,0,0,0,0,0,0,-1.33E-07,4.36E-07,1.16E-07,4.71E-07,1.18E-07,0,8.42E-04,1,1,0,0,0
2997,5.66E-02,3,2997,Not eroded,0,0,0,0,0,0,-3.97E-07,-1.35E-07,-1.22E-06,1.29E-06,4.29E-07,1,2.31E-03,1,1,0,0,0
2998,2.97E-01,0,2998,ERODED,1,1,1,1,1,1,0,0.00E+00,0.00E+00,0,0,1,0.00E+00,1,1,1,1,1
2999,8.82E-02,4,2999,Not eroded,0,0,0,0,0,0,-2.40E-07,-6.15E-07,1.05E-06,1.24E-06,3.09E-07,0,2.22E-03,1,1,0,0,0
3000,3.27E-01,0,3000,ERODED,1,1,1,1,1,1,0,0.00E+00,0.00E+00,0,0,1,0.00E+00,1,1,1,1,1
3001,7.35E-02,7,3001,Not eroded,0,0,0,0,0,0,-1.51E-08,-1.48E-07,-1.12E-09,1.48E-07,2.12E-08,0,2.65E-04,0,0,0,0,0
3002,2.37E-01,4,3002,Not eroded,0,1,1,1,0,0,3.71E-07,-1.13E-06,-2.73E-08,1.19E-06,2.98E-07,0,2.13E-03,1,1,0,0,0
3003,2.53E-01,3,3003,Not eroded,0,1,1,1,1,1,-4.85E-07,-9.17E-07,3.56E-06,3.71E-06,1.24E-06,1,6.64E-03,1,1,0,0,0
3004,2.93E-01,0,3004,Not eroded,0,1,1,1,1,1,0,0.00E+00,0.00E+00,0,0,1,0.00E+00,1,1,1,1,1
3005,6.47E-02,4,3005,Not eroded,0,0,0,0,0,0,-1.66E-07,-5.80E-08,-9.02E-08,1.97E-07,4.94E-08,0,3.52E-04,1,1,0,0,0
3006,2.51E-01,3,3006,Not eroded,0,1,1,1,1,1,-2.86E-06,-8.94E-07,-7.40E-07,3.09E-06,1.03E-06,1,5.53E-03,1,1,0,0,0
3007,1.29E-01,4,3007,Not eroded,0,0,0,0,0,0,9.43E-08,1.64E-07,2.66E-08,1.91E-07,4.77E-08,0,3.42E-04,1,1,0,0,0
3008,8.56E-02,6,3008,Not eroded,0,0,0,0,0,0,1.25E-06,-3.98E-07,2.17E-06,2.53E-06,4.22E-07,0,4.53E-03,0,0,0,0,0
3009,2.38E-01,0,3009,Not eroded,0,1,1,1,0,0,0,0.00E+00,0.00E+00,0,0,1,0.00E+00,1,1,1,1,1
3010,2.53E-01,2,3010,Not eroded,0,1,1,1,1,1,5.57E-07,1.56E-07,7.43E-07,9.42E-07,4.71E-07,1,1.68E-03,1,1,1,0,0
3011,6.26E-02,4,3011,Not eroded,0,0,0,0,0,0,-1.83E-07,2.94E-07,-1.72E-07,3.87E-07,9.68E-08,0,6.92E-04,1,1,0,0,0
3012,1.05E-01,4,3012,Not eroded,0,0,0,0,0,0,-3.23E-07,-1.09E-06,1.32E-06,1.74E-06,4.36E-07,0,3.11E-03,1,1,0,0,0
3013,8.73E-02,3,3013,Not eroded,0,0,0,0,0,0,-3.24E-07,-1.84E-07,2.23E-07,4.34E-07,1.45E-07,1,7.76E-04,1,1,0,0,0
3014,1.47E-01,5,3014,Not eroded,0,0,0,0,0,0,-4.49E-07,-1.26E-06,-7.71E-07,1.54E-06,3.08E-07,0,2.75E-03,0,1,0,0,0
3015,1.62E-01,5,3015,Not eroded,0,0,0,0,0,0,1.61E-06,1.39E-06,8.32E-07,2.28E-06,4.56E-07,0,4.08E-03,0,1,0,0,0
3016,1.87E-01,2,3016,Not eroded,0,0,0,0,0,0,3.48E-07,1.74E-08,-4.12E-07,5.39E-07,2.70E-07,1,9.64E-04,1,1,1,0,0
3017,1.16E-01,4,3017,Not eroded,0,0,0,0,0,0,-1.03E-06,-1.72E-06,-2.32E-07,2.02E-06,5.06E-07,0,3.61E-03,1,1,0,0,0
3018,2.33E-01,3,3018,Not eroded,0,1,1,1,0,0,-2.01E-07,-8.88E-07,1.15E-06,1.47E-06,4.89E-07,1,2.63E-03,1,1,0,0,0
3019,2.41E-01,0,3019,Not eroded,0,1,1,1,1,0,0,0.00E+00,0.00E+00,0,0,1,0.00E+00,1,1,1,1,1
3020,1.22E-01,3,3020,Not eroded,0,0,0,0,0,0,1.02E-07,8.15E-08,3.43E-08,1.35E-07,4.50E-08,1,2.41E-04,1,1,0,0,0
3021,1.09E-01,3,3021,Not eroded,0,0,0,0,0,0,-2.56E-07,-2.94E-08,-8.04E-08,2.70E-07,8.99E-08,1,4.83E-04,1,1,0,0,0
3022,5.66E-02,0,3022,Not eroded,0,0,0,0,0,0,0,0.00E+00,0.00E+00,0,0,1,0.00E+00,1,1,1,1,1
3024,1.36E-01,4,3024,Not eroded,0,0,0,0,0,0,-2.64E-06,6.04E-06,-4.15E-07,6.61E-06,1.65E-06,0,1.18E-02,1,1,0,0,0
3025,1.55E-01,4,3025,Not eroded,0,0,0,0,0,0,-1.06E-06,4.95E-07,3.43E-06,3.63E-06,9.07E-07,0,6.49E-03,1,1,0,0,0
3026,2.79E-01,0,3026,Not eroded,0,1,1,1,1,1,0,0.00E+00,0.00E+00,0,0,1,0.00E+00,1,1,1,1,1
3027,1.27E-01,0,3027,Not eroded,0,0,0,0,0,0,0,0.00E+00,0.00E+00,0,0,1,0.00E+00,1,1,1,1,1
3028,1.57E-01,0,3028,Not eroded,0,0,0,0,0,0,0,0.00E+00,0.00E+00,0,0,1,0.00E+00,1,1,1,1,1
3029,3.25E-01,0,3029,ERODED,1,1,1,1,1,1,0,0.00E+00,0.00E+00,0,0,1,0.00E+00,1,1,1,1,1
3030,2.65E-01,3,3030,Not eroded,0,1,1,1,1,1,-1.12E-07,6.84E-08,5.99E-07,6.13E-07,2.04E-07,1,1.10E-03,1,1,0,0,0
3031,1.63E-01,0,3031,Not eroded,0,0,0,0,0,0,0,0.00E+00,0.00E+00,0,0,1,0.00E+00,1,1,1,1,1
3032,1.24E-01,7,3032,Not eroded,0,0,0,0,0,0,1.73E-07,-5.64E-08,-7.86E-08,1.99E-07,2.84E-08,0,3.56E-04,0,0,0,0,0
3033,2.63E-01,4,3033,Not eroded,0,1,1,1,1,1,1.60E-06,3.29E-06,1.29E-08,3.66E-06,9.14E-07,0,6.55E-03,1,1,0,0,0
3034,1.93E-01,5,3034,Not eroded,0,1,0,0,0,0,4.77E-07,2.51E-07,6.99E-07,8.83E-07,1.77E-07,0,1.58E-03,0,1,0,0,0
3035,2.62E-01,0,3035,Not eroded,0,1,1,1,1,1,0,0.00E+00,0.00E+00,0,0,1,0.00E+00,1,1,1,1,1
3036,1.60E-01,5,3036,Not eroded,0,0,0,0,0,0,1.42E-07,4.43E-07,2.62E-07,5.34E-07,1.07E-07,0,9.55E-04,0,1,0,0,0
3037,1.55E-01,6,3037,Not eroded,0,0,0,0,0,0,-1.11E-06,1.07E-06,9.06E-07,1.78E-06,2.97E-07,0,3.18E-03,0,0,0,0,0
3038,1.50E-01,5,3038,Not eroded,0,0,0,0,0,0,-1.75E-08,6.67E-08,2.37E-07,2.47E-07,4.94E-08,0,4.42E-04,0,1,0,0,0
3039,1.27E-01,4,3039,Not eroded,0,0,0,0,0,0,-3.38E-07,-7.13E-08,1.89E-07,3.94E-07,9.84E-08,0,7.05E-04,1,1,0,0,0
3040,6.07E-02,3,3040,Not eroded,0,0,0,0,0,0,4.47E-07,2.31E-08,-5.05E-08,4.50E-07,1.50E-07,1,8.05E-04,1,1,0,0,0
3041,1.56E-01,4,3041,Not eroded,0,0,0,0,0,0,1.87E-07,-3.64E-08,-6.83E-09,1.91E-07,4.78E-08,0,3.42E-04,1,1,0,0,0
3042,2.86E-01,3,3042,Not eroded,0,1,1,1,1,1,-5.80E-06,-3.86E-06,2.37E-05,2.47E-05,8.24E-06,1,4.42E-02,1,1,0,0,0
3043,5.66E-02,3,3043,Not eroded,0,0,0,0,0,0,1.37E-07,-3.27E-07,-1.18E-06,1.23E-06,4.11E-07,1,2.20E-03,1,1,0,0,0
3045,5.75E-02,5,3045,Not eroded,0,0,0,0,0,0,1.71E-07,9.79E-07,8.32E-07,1.30E-06,2.59E-07,0,2.33E-03,0,1,0,0,0
3046,2.37E-01,0,3046,Not eroded,0,1,1,1,0,0,0,0.00E+00,0.00E+00,0,0,1,0.00E+00,1,1,1,1,1
3047,2.75E-01,6,3047,Not eroded,0,1,1,1,1,1,1.64E-06,5.78E-07,2.48E-06,3.03E-06,5.05E-07,0,5.42E-03,0,0,0,0,0
3048,1.50E-01,0,3048,Not eroded,0,0,0,0,0,0,0,0.00E+00,0.00E+00,0,0,1,0.00E+00,1,1,1,1,1
3049,6.86E-02,5,3049,Not eroded,0,0,0,0,0,0,-5.84E-09,8.36E-08,1.10E-07,1.38E-07,2.77E-08,0,2.47E-04,0,1,0,0,0
3050,3.10E-01,0,3050,ERODED,1,1,1,1,1,1,0,0.00E+00,0.00E+00,0,0,1,0.00E+00,1,1,1,1,1
3051,5.68E-02,0,3051,Not eroded,0,0,0,0,0,0,0,0.00E+00,0.00E+00,0,0,1,0.00E+00,1,1,1,1,1
3053,2.78E-01,7,3053,Not eroded,0,1,1,1,1,1,2.99E-07,1.29E-07,-5.67E-09,3.26E-07,4.66E-08,0,5.83E-04,0,0,0,0,0
3055,2.30E-01,0,3055,Not eroded,0,1,1,0,0,0,0,0.00E+00,0.00E+00,0,0,1,0.00E+00,1,1,1,1,1
3056,1.48E-01,0,3056,Not eroded,0,0,0,0,0,0,0,0.00E+00,0.00E+00,0,0,1,0.00E+00,1,1,1,1,1
3057,2.40E-01,4,3057,Not eroded,0,1,1,1,0,0,6.61E-06,-3.13E-06,-1.11E-05,1.33E-05,3.33E-06,0,2.38E-02,1,1,0,0,0
3059,2.18E-01,5,3059,Not eroded,0,1,0,0,0,0,-1.41E-07,-2.37E-07,-1.45E-07,3.12E-07,6.24E-08,0,5.58E-04,0,1,0,0,0
3060,5.83E-02,4,3060,Not eroded,0,0,0,0,0,0,6.54E-08,2.90E-07,-6.55E-08,3.04E-07,7.60E-08,0,5.44E-04,1,1,0,0,0
3061,2.98E-01,4,3061,Not eroded,0,1,1,1,1,1,4.93E-07,3.22E-06,-8.36E-07,3.37E-06,8.42E-07,0,6.03E-03,1,1,0,0,0
3062,3.02E-01,4,3062,Not eroded,0,1,1,1,1,1,-5.52E-08,-2.69E-07,-1.65E-07,3.20E-07,8.01E-08,0,5.72E-04,1,1,0,0,0
3063,2.12E-01,4,3063,Not eroded,0,1,0,0,0,0,9.45E-07,4.94E-07,3.33E-07,1.12E-06,2.79E-07,0,2.00E-03,1,1,0,0,0
3064,2.32E-01,2,3064,Not eroded,0,1,1,1,0,0,-2.36E-06,7.87E-07,-1.39E-06,2.85E-06,1.42E-06,1,5.10E-03,1,1,1,0,0
3065,1.00E-01,4,3065,Not eroded,0,0,0,0,0,0,3.80E-07,3.67E-07,-5.05E-07,7.30E-07,1.83E-07,0,1.31E-03,1,1,0,0,0
3066,2.42E-01,4,3066,Not eroded,0,1,1,1,1,0,5.37E-06,-1.64E-06,3.90E-06,6.83E-06,1.71E-06,0,1.22E-02,1,1,0,0,0
3067,2.43E-01,3,3067,Not eroded,0,1,1,1,1,0,3.89E-08,-7.04E-08,-1.49E-07,1.69E-07,5.64E-08,1,3.02E-04,1,1,0,0,0
3068,2.13E-01,4,3068,Not eroded,0,1,0,0,0,0,2.39E-07,-7.61E-08,-3.31E-07,4.15E-07,1.04E-07,0,7.42E-04,1,1,0,0,0
3070,6.43E-02,4,3070,Not eroded,0,0,0,0,0,0,-7.20E-08,9.20E-08,-5.26E-08,1.28E-07,3.20E-08,0,2.29E-04,1,1,0,0,0
3071,7.82E-02,5,3071,Not eroded,0,0,0,0,0,0,2.84E-07,-3.49E-07,1.75E-07,4.83E-07,9.66E-08,0,8.64E-04,0,1,0,0,0
3072,2.38E-01,5,3072,Not eroded,0,1,1,1,0,0,5.34E-07,5.28E-07,1.09E-07,7.59E-07,1.52E-07,0,1.36E-03,0,1,0,0,0
3073,1.99E-01,4,3073,Not eroded,0,1,0,0,0,0,4.09E-08,4.13E-07,1.33E-07,4.36E-07,1.09E-07,0,7.80E-04,1,1,0,0,0
3074,8.91E-02,0,3074,Not eroded,0,0,0,0,0,0,0,0.00E+00,0.00E+00,0,0,1,0.00E+00,1,1,1,1,1
3075,1.25E-01,5,3075,Not eroded,0,0,0,0,0,0,7.67E-08,1.60E-07,4.11E-07,4.47E-07,8.95E-08,0,8.00E-04,0,1,0,0,0
3076,2.87E-01,5,3076,Not eroded,0,1,1,1,1,1,-8.04E-08,2.63E-08,1.15E-08,8.54E-08,1.71E-08,0,1.53E-04,0,1,0,0,0
3077,2.56E-01,4,3077,Not eroded,0,1,1,1,1,1,1.74E-07,4.49E-07,1.04E-07,4.93E-07,1.23E-07,0,8.82E-04,1,1,0,0,0
3078,2.13E-01,6,3078,Not eroded,0,1,0,0,0,0,2.87E-07,-5.65E-08,1.14E-07,3.14E-07,5.23E-08,0,5.62E-04,0,0,0,0,0
3080,1.90E-01,4,3080,Not eroded,0,0,0,0,0,0,2.41E-07,7.53E-07,9.55E-08,7.97E-07,1.99E-07,0,1.43E-03,1,1,0,0,0
3081,1.14E-01,0,3081,Not eroded,0,0,0,0,0,0,0,0.00E+00,0.00E+00,0,0,1,0.00E+00,1,1,1,1,1
3083,3.11E-01,0,3083,ERODED,1,1,1,1,1,1,0,0.00E+00,0.00E+00,0,0,1,0.00E+00,1,1,1,1,1
3085,1.68E-01,5,3085,Not eroded,0,0,0,0,0,0,1.11E-07,7.28E-08,5.18E-07,5.35E-07,1.07E-07,0,9.57E-04,0,1,0,0,0
3086,1.75E-01,0,3086,Not eroded,0,0,0,0,0,0,0,0.00E+00,0.00E+00,0,0,1,0.00E+00,1,1,1,1,1
3087,2.29E-01,4,3087,Not eroded,0,1,1,0,0,0,2.38E-07,2.20E-07,3.94E-07,5.10E-07,1.28E-07,0,9.12E-04,1,1,0,0,0
3088,3.21E-01,0,3088,ERODED,1,1,1,1,1,1,0,0.00E+00,0.00E+00,0,0,1,0.00E+00,1,1,1,1,1
3089,1.10E-01,4,3089,Not eroded,0,0,0,0,0,0,2.99E-07,3.10E-07,4.51E-08,4.33E-07,1.08E-07,0,7.75E-04,1,1,0,0,0
3090,7.25E-02,7,3090,Not eroded,0,0,0,0,0,0,-4.35E-07,-5.31E-07,-1.67E-07,7.06E-07,1.01E-07,0,1.26E-03,0,0,0,0,0
3091,1.63E-01,5,3091,Not eroded,0,0,0,0,0,0,1.91E-08,-4.65E-08,4.64E-07,4.67E-07,9.34E-08,0,8.35E-04,0,1,0,0,0
3092,5.66E-02,4,3092,Not eroded,0,0,0,0,0,0,2.00E-07,-4.14E-07,-1.29E-06,1.37E-06,3.42E-07,0,2.45E-03,1,1,0,0,0
3093,2.80E-01,3,3093,Not eroded,0,1,1,1,1,1,-2.24E-07,1.15E-06,3.31E-07,1.21E-06,4.04E-07,1,2.16E-03,1,1,0,0,0
3094,6.85E-02,6,3094,Not eroded,0,0,0,0,0,0,4.67E-08,4.12E-08,-5.47E-08,8.29E-08,1.38E-08,0,1.48E-04,0,0,0,0,0
3095,2.67E-01,0,3095,Not eroded,0,1,1,1,1,1,0,0.00E+00,0.00E+00,0,0,1,0.00E+00,1,1,1,1,1
3096,1.53E-01,4,3096,Not eroded,0,0,0,0,0,0,6.36E-08,-1.22E-07,4.51E-07,4.72E-07,1.18E-07,0,8.44E-04,1,1,0,0,0
3097,2.02E-01,4,3097,Not eroded,0,1,0,0,0,0,-1.28E-07,-2.06E-07,5.83E-06,5.84E-06,1.46E-06,0,1.04E-02,1,1,0,0,0
3098,3.25E-01,0,3098,ERODED,1,1,1,1,1,1,0,0.00E+00,0.00E+00,0,0,1,0.00E+00,1,1,1,1,1
3099,2.44E-01,0,3099,Not eroded,0,1,1,1,1,0,0,0.00E+00,0.00E+00,0,0,1,0.00E+00,1,1,1,1,1
3100,1.83E-01,2,3100,Not eroded,0,0,0,0,0,0,8.29E-07,-7.77E-07,2.28E-07,1.16E-06,5.79E-07,1,2.07E-03,1,1,1,0,0
3102,1.18E-01,4,3102,Not eroded,0,0,0,0,0,0,2.18E-07,-5.35E-08,2.71E-07,3.52E-07,8.80E-08,0,6.30E-04,1,1,0,0,0
3103,2.38E-01,0,3103,Not eroded,0,1,1,1,0,0,0,0.00E+00,0.00E+00,0,0,1,0.00E+00,1,1,1,1,1
3104,1.46E-01,4,3104,Not eroded,0,0,0,0,0,0,5.61E-07,-4.98E-07,6.18E-07,9.72E-07,2.43E-07,0,1.74E-03,1,1,0,0,0
3105,1.92E-01,0,3105,Not eroded,0,1,0,0,0,0,0,0.00E+00,0.00E+00,0,0,1,0.00E+00,1,1,1,1,1
3106,9.58E-02,0,3106,Not eroded,0,0,0,0,0,0,0,0.00E+00,0.00E+00,0,0,1,0.00E+00,1,1,1,1,1
3107,1.19E-01,5,3107,Not eroded,0,0,0,0,0,0,-6.72E-08,-6.51E-08,1.11E-09,9.36E-08,1.87E-08,0,1.67E-04,0,1,0,0,0
3108,1.61E-01,0,3108,Not eroded,0,0,0,0,0,0,0,0.00E+00,0.00E+00,0,0,1,0.00E+00,1,1,1,1,1
3109,1.29E-01,4,3109,Not eroded,0,0,0,0,0,0,5.04E-08,-4.99E-07,-2.05E-07,5.42E-07,1.35E-07,0,9.69E-04,1,1,0,0,0
3110,5.65E-02,4,3110,Not eroded,0,0,0,0,0,0,4.09E-07,-1.36E-07,-7.48E-07,8.63E-07,2.16E-07,0,1.54E-03,1,1,0,0,0
3111,7.12E-02,4,3111,Not eroded,0,0,0,0,0,0,-1.21E-07,-1.38E-07,-4.30E-08,1.88E-07,4.70E-08,0,3.36E-04,1,1,0,0,0
3112,9.54E-02,4,3112,Not eroded,0,0,0,0,0,0,-2.08E-08,1.74E-07,2.03E-07,2.68E-07,6.69E-08,0,4.79E-04,1,1,0,0,0
3113,5.66E-02,1,3113,Not eroded,0,0,0,0,0,0,1.83E-07,-3.14E-07,-1.59E-06,1.63E-06,1.63E-06,1,2.92E-03,1,1,1,1,0
3115,2.78E-01,6,3115,Not eroded,0,1,1,1,1,1,8.02E-07,1.53E-06,3.15E-07,1.75E-06,2.92E-07,0,3.13E-03,0,0,0,0,0
3116,1.92E-01,4,3116,Not eroded,0,1,0,0,0,0,1.62E-07,2.85E-07,8.19E-08,3.38E-07,8.45E-08,0,6.05E-04,1,1,0,0,0
3117,2.26E-01,3,3117,Not eroded,0,1,1,0,0,0,-1.09E-08,-7.21E-07,-1.35E-08,7.22E-07,2.41E-07,1,1.29E-03,1,1,0,0,0
3118,1.39E-01,3,3118,Not eroded,0,0,0,0,0,0,-1.55E-07,-5.19E-07,6.46E-07,8.43E-07,2.81E-07,1,1.51E-03,1,1,0,0,0
3119,2.85E-01,4,3119,Not eroded,0,1,1,1,1,1,1.39E-07,5.67E-07,4.94E-07,7.65E-07,1.91E-07,0,1.37E-03,1,1,0,0,0
3120,1.78E-01,4,3120,Not eroded,0,0,0,0,0,0,3.80E-07,-1.28E-07,-1.97E-08,4.01E-07,1.00E-07,0,7.17E-04,1,1,0,0,0
3121,8.46E-02,3,3121,Not eroded,0,0,0,0,0,0,1.62E-07,6.77E-08,7.16E-08,1.89E-07,6.31E-08,1,3.38E-04,1,1,0,0,0
3122,2.36E-01,5,3122,Not eroded,0,1,1,1,0,0,1.84E-06,1.01E-06,1.18E-07,2.11E-06,4.22E-07,0,3.77E-03,0,1,0,0,0
3123,1.98E-01,0,3123,Not eroded,0,1,0,0,0,0,0,0.00E+00,0.00E+00,0,0,1,0.00E+00,1,1,1,1,1
3124,2.26E-01,4,3124,Not eroded,0,1,1,0,0,0,1.54E-07,1.16E-07,2.86E-07,3.45E-07,8.61E-08,0,6.17E-04,1,1,0,0,0
3125,2.63E-01,0,3125,Not eroded,0,1,1,1,1,1,0,0.00E+00,0.00E+00,0,0,1,0.00E+00,1,1,1,1,1
3126,2.39E-01,0,3126,Not eroded,0,1,1,1,0,0,0,0.00E+00,0.00E+00,0,0,1,0.00E+00,1,1,1,1,1
3127,1.98E-01,0,3127,Not eroded,0,1,0,0,0,0,0,0.00E+00,0.00E+00,0,0,1,0.00E+00,1,1,1,1,1
3128,1.02E-01,6,3128,Not eroded,0,0,0,0,0,0,-2.32E-08,2.61E-07,1.10E-06,1.13E-06,1.88E-07,0,2.02E-03,0,0,0,0,0
3130,9.21E-02,0,3130,Not eroded,0,0,0,0,0,0,0,0.00E+00,0.00E+00,0,0,1,0.00E+00,1,1,1,1,1
3131,3.01E-01,0,3131,Not eroded,0,1,1,1,1,1,0,0.00E+00,0.00E+00,0,0,1,0.00E+00,1,1,1,1,1
3132,9.93E-02,4,3132,Not eroded,0,0,0,0,0,0,-3.55E-08,-7.02E-08,1.11E-07,1.36E-07,3.39E-08,0,2.43E-04,1,1,0,0,0
3133,2.08E-01,4,3133,Not eroded,0,1,0,0,0,0,1.61E-07,-2.09E-07,-1.86E-08,2.64E-07,6.61E-08,0,4.72E-04,1,1,0,0,0
3134,1.39E-01,3,3134,Not eroded,0,0,0,0,0,0,-1.44E-07,-3.63E-07,2.44E-07,4.60E-07,1.53E-07,1,8.23E-04,1,1,0,0,0
3135,1.90E-01,3,3135,Not eroded,0,0,0,0,0,0,5.46E-07,2.43E-07,5.30E-07,7.99E-07,2.66E-07,1,1.43E-03,1,1,0,0,0
3136,2.37E-01,4,3136,Not eroded,0,1,1,1,0,0,1.41E-07,-2.60E-08,3.30E-07,3.60E-07,9.01E-08,0,6.44E-04,1,1,0,0,0
3137,2.18E-01,1,3137,Not eroded,0,1,0,0,0,0,1.96E-07,-6.72E-07,5.20E-07,8.71E-07,8.71E-07,1,1.56E-03,1,1,1,1,0
3138,2.31E-01,0,3138,Not eroded,0,1,1,1,0,0,0,0.00E+00,0.00E+00,0,0,1,0.00E+00,1,1,1,1,1
3139,6.21E-02,5,3139,Not eroded,0,0,0,0,0,0,4.16E-08,7.03E-08,-1.52E-07,1.72E-07,3.45E-08,0,3.08E-04,0,1,0,0,0
3140,1.20E-01,3,3140,Not eroded,0,0,0,0,0,0,1.33E-07,2.32E-07,4.58E-07,5.31E-07,1.77E-07,1,9.50E-04,1,1,0,0,0
3142,1.16E-01,5,3142,Not eroded,0,0,0,0,0,0,-5.38E-08,-2.49E-08,-4.41E-08,7.39E-08,1.48E-08,0,1.32E-04,0,1,0,0,0
3143,1.09E-01,0,3143,Not eroded,0,0,0,0,0,0,0,0.00E+00,0.00E+00,0,0,1,0.00E+00,1,1,1,1,1
3144,1.58E-01,0,3144,Not eroded,0,0,0,0,0,0,0,0.00E+00,0.00E+00,0,0,1,0.00E+00,1,1,1,1,1
3145,1.26E-01,4,3145,Not eroded,0,0,0,0,0,0,-2.17E-07,-5.73E-07,-1.01E-06,1.18E-06,2.95E-07,0,2.11E-03,1,1,0,0,0
3146,3.27E-01,0,3146,ERODED,1,1,1,1,1,1,0,0.00E+00,0.00E+00,0,0,1,0.00E+00,1,1,1,1,1
3147,1.34E-01,3,3147,Not eroded,0,0,0,0,0,0,-8.65E-08,-1.02E-07,4.69E-08,1.41E-07,4.71E-08,1,2.52E-04,1,1,0,0,0
3148,2.21E-01,3,3148,Not eroded,0,1,1,0,0,0,3.82E-07,-2.05E-07,4.64E-07,6.35E-07,2.12E-07,1,1.14E-03,1,1,0,0,0
3149,1.67E-01,4,3149,Not eroded,0,0,0,0,0,0,1.70E-07,4.00E-08,-7.42E-08,1.90E-07,4.74E-08,0,3.40E-04,1,1,0,0,0
3150,1.44E-01,2,3150,Not eroded,0,0,0,0,0,0,2.92E-07,-5.80E-08,-1.81E-08,2.98E-07,1.49E-07,1,5.33E-04,1,1,1,0,0
3151,2.19E-01,4,3151,Not eroded,0,1,0,0,0,0,2.42E-06,6.34E-07,2.10E-07,2.51E-06,6.28E-07,0,4.49E-03,1,1,0,0,0
3152,1.21E-01,4,3152,Not eroded,0,0,0,0,0,0,1.77E-08,6.17E-08,-5.33E-08,8.34E-08,2.09E-08,0,1.49E-04,1,1,0,0,0
3153,2.18E-01,5,3153,Not eroded,0,1,0,0,0,0,-6.49E-07,-6.59E-08,1.34E-07,6.66E-07,1.33E-07,0,1.19E-03,0,1,0,0,0
3154,2.59E-01,4,3154,Not eroded,0,1,1,1,1,1,2.22E-07,-8.44E-07,2.58E-07,9.10E-07,2.28E-07,0,1.63E-03,1,1,0,0,0
3155,5.65E-02,3,3155,Not eroded,0,0,0,0,0,0,-1.19E-07,-4.57E-07,-1.36E-06,1.44E-06,4.81E-07,1,2.58E-03,1,1,0,0,0
3156,2.30E-01,5,3156,Not eroded,0,1,1,0,0,0,7.26E-07,-1.23E-07,6.34E-08,7.39E-07,1.48E-07,0,1.32E-03,0,1,0,0,0
3157,2.26E-01,4,3157,Not eroded,0,1,1,0,0,0,3.19E-07,-2.28E-06,-1.19E-08,2.31E-06,5.76E-07,0,4.13E-03,1,1,0,0,0
3158,1.07E-01,5,3158,Not eroded,0,0,0,0,0,0,-4.44E-07,-1.39E-07,1.54E-06,1.61E-06,3.22E-07,0,2.88E-03,0,1,0,0,0
3159,8.99E-02,4,3159,Not eroded,0,0,0,0,0,0,7.86E-08,1.53E-07,-4.42E-08,1.78E-07,4.44E-08,0,3.18E-04,1,1,0,0,0
3160,1.70E-01,4,3160,Not eroded,0,0,0,0,0,0,1.49E-07,3.84E-08,-1.10E-08,1.55E-07,3.87E-08,0,2.77E-04,1,1,0,0,0
3162,1.06E-01,5,3162,Not eroded,0,0,0,0,0,0,-1.46E-07,3.64E-07,2.19E-07,4.49E-07,8.99E-08,0,8.03E-04,0,1,0,0,0
3163,2.53E-01,4,3163,Not eroded,0,1,1,1,1,1,1.39E-06,3.84E-06,-8.56E-08,4.09E-06,1.02E-06,0,7.32E-03,1,1,0,0,0
3164,1.92E-01,0,3164,Not eroded,0,1,0,0,0,0,0,0.00E+00,0.00E+00,0,0,1,0.00E+00,1,1,1,1,1
3165,1.54E-01,3,3165,Not eroded,0,0,0,0,0,0,2.85E-07,-1.25E-07,2.12E-07,3.76E-07,1.25E-07,1,6.73E-04,1,1,0,0,0
3166,2.85E-01,3,3166,Not eroded,0,1,1,1,1,1,-4.75E-07,6.12E-07,-1.39E-06,1.59E-06,5.29E-07,1,2.84E-03,1,1,0,0,0
3167,1.96E-01,0,3167,Not eroded,0,1,0,0,0,0,0,0.00E+00,0.00E+00,0,0,1,0.00E+00,1,1,1,1,1
3169,1.47E-01,3,3169,Not eroded,0,0,0,0,0,0,9.42E-06,6.84E-06,2.15E-06,1.18E-05,3.95E-06,1,2.11E-02,1,1,0,0,0
3170,2.41E-01,5,3170,Not eroded,0,1,1,1,1,0,-1.62E-07,1.47E-06,1.27E-06,1.95E-06,3.90E-07,0,3.49E-03,0,1,0,0,0
3171,2.81E-01,5,3171,Not eroded,0,1,1,1,1,1,1.16E-07,-1.61E-07,2.77E-07,3.41E-07,6.81E-08,0,6.10E-04,0,1,0,0,0
3172,7.58E-02,6,3172,Not eroded,0,0,0,0,0,0,1.72E-07,-3.15E-07,1.71E-07,3.98E-07,6.63E-08,0,7.12E-04,0,0,0,0,0
3173,5.64E-02,2,3173,Not eroded,0,0,0,0,0,0,9.90E-08,-1.95E-07,-1.48E-06,1.50E-06,7.48E-07,1,2.68E-03,1,1,1,0,0
3174,2.00E-01,0,3174,Not eroded,0,1,0,0,0,0,0,0.00E+00,0.00E+00,0,0,1,0.00E+00,1,1,1,1,1
3175,1.18E-01,5,3175,Not eroded,0,0,0,0,0,0,1.94E-07,-3.75E-08,-5.45E-09,1.98E-07,3.96E-08,0,3.54E-04,0,1,0,0,0
3176,1.78E-01,0,3176,Not eroded,0,0,0,0,0,0,0,0.00E+00,0.00E+00,0,0,1,0.00E+00,1,1,1,1,1
3177,3.26E-01,0,3177,ERODED,1,1,1,1,1,1,0,0.00E+00,0.00E+00,0,0,1,0.00E+00,1,1,1,1,1
3178,1.94E-01,0,3178,Not eroded,0,1,0,0,0,0,0,0.00E+00,0.00E+00,0,0,1,0.00E+00,1,1,1,1,1
3179,1.02E-01,3,3179,Not eroded,0,0,0,0,0,0,-1.91E-07,2.72E-07,1.58E-07,3.68E-07,1.23E-07,1,6.58E-04,1,1,0,0,0
3180,1.68E-01,4,3180,Not eroded,0,0,0,0,0,0,1.57E-07,1.54E-07,-1.13E-07,2.47E-07,6.19E-08,0,4.42E-04,1,1,0,0,0
3183,2.62E-01,0,3183,ERODED,1,1,1,1,1,1,0,0.00E+00,0.00E+00,0,0,1,0.00E+00,1,1,1,1,1
3184,1.86E-01,0,3184,Not eroded,0,0,0,0,0,0,0,0.00E+00,0.00E+00,0,0,1,0.00E+00,1,1,1,1,1
3185,1.60E-01,0,3185,Not eroded,0,0,0,0,0,0,0,0.00E+00,0.00E+00,0,0,1,0.00E+00,1,1,1,1,1
3186,2.28E-01,3,3186,Not eroded,0,1,1,0,0,0,6.20E-07,3.82E-07,2.59E-07,7.73E-07,2.58E-07,1,1.38E-03,1,1,0,0,0
3187,1.17E-01,5,3187,Not eroded,0,0,0,0,0,0,-1.80E-06,4.09E-07,2.68E-06,3.26E-06,6.52E-07,0,5.83E-03,0,1,0,0,0
3189,9.05E-02,7,3189,Not eroded,0,0,0,0,0,0,6.60E-08,2.41E-07,-3.57E-08,2.53E-07,3.61E-08,0,4.53E-04,0,0,0,0,0
3190,2.08E-01,4,3190,Not eroded,0,1,0,0,0,0,-4.42E-09,8.26E-07,1.28E-07,8.36E-07,2.09E-07,0,1.50E-03,1,1,0,0,0
3191,1.86E-01,5,3191,Not eroded,0,0,0,0,0,0,-1.86E-07,2.58E-07,2.20E-07,3.87E-07,7.74E-08,0,6.92E-04,0,1,0,0,0
3192,2.55E-01,5,3192,Not eroded,0,1,1,1,1,1,7.80E-06,1.49E-06,3.88E-07,7.95E-06,1.59E-06,0,1.42E-02,0,1,0,0,0
3193,9.35E-02,0,3193,Not eroded,0,0,0,0,0,0,0,0.00E+00,0.00E+00,0,0,1,0.00E+00,1,1,1,1,1
3194,3.20E-01,4,3194,Not eroded,0,1,1,1,1,1,1.82E-07,-7.01E-07,2.74E-07,7.74E-07,1.93E-07,0,1.38E-03,1,1,0,0,0
3195,1.23E-01,4,3195,Not eroded,0,0,0,0,0,0,2.99E-07,-4.50E-07,4.83E-07,7.25E-07,1.81E-07,0,1.30E-03,1,1,0,0,0
3196,1.32E-01,4,3196,Not eroded,0,0,0,0,0,0,-6.84E-07,2.89E-07,5.04E-07,8.98E-07,2.24E-07,0,1.61E-03,1,1,0,0,0
3197,2.78E-01,8,3197,Not eroded,0,1,1,1,1,1,2.67E-07,4.27E-08,-1.03E-08,2.70E-07,3.38E-08,0,4.83E-04,0,0,0,0,0
3198,1.96E-01,4,3198,Not eroded,0,1,0,0,0,0,-3.02E-08,8.59E-08,-2.22E-08,9.38E-08,2.34E-08,0,1.68E-04,1,1,0,0,0
3200,2.36E-01,6,3200,Not eroded,0,1,1,1,0,0,1.96E-08,-1.51E-08,-8.19E-08,8.55E-08,1.43E-08,0,1.53E-04,0,0,0,0,0
3201,5.66E-02,3,3201,Not eroded,0,0,0,0,0,0,1.91E-07,2.36E-07,-1.41E-06,1.45E-06,4.82E-07,1,2.59E-03,1,1,0,0,0
3202,2.24E-01,7,3202,Not eroded,0,1,1,0,0,0,4.69E-07,2.82E-07,-2.51E-08,5.48E-07,7.83E-08,0,9.80E-04,0,0,0,0,0
3203,2.65E-01,6,3203,Not eroded,0,1,1,1,1,1,2.78E-07,4.71E-07,-7.55E-08,5.52E-07,9.20E-08,0,9.87E-04,0,0,0,0,0
3204,2.14E-01,4,3204,Not eroded,0,1,0,0,0,0,1.69E-06,5.64E-07,4.32E-08,1.78E-06,4.46E-07,0,3.18E-03,1,1,0,0,0
3205,9.98E-02,6,3205,Not eroded,0,0,0,0,0,0,5.10E-07,7.47E-08,2.06E-07,5.55E-07,9.25E-08,0,9.93E-04,0,0,0,0,0
3206,2.57E-01,5,3206,Not eroded,0,1,1,1,1,1,-2.56E-06,7.24E-07,7.84E-07,2.78E-06,5.55E-07,0,4.97E-03,0,1,0,0,0
3207,2.09E-01,5,3207,Not eroded,0,1,0,0,0,0,1.43E-07,6.52E-08,2.15E-08,1.58E-07,3.17E-08,0,2.83E-04,0,1,0,0,0
3208,3.07E-01,0,3208,ERODED,1,1,1,1,1,1,0,0.00E+00,0.00E+00,0,0,1,0.00E+00,1,1,1,1,1
3209,5.65E-02,3,3209,Not eroded,0,0,0,0,0,0,1.13E-07,1.19E-07,-1.50E-06,1.51E-06,5.03E-07,1,2.70E-03,1,1,0,0,0
3210,2.61E-01,3,3210,Not eroded,0,1,1,1,1,1,-2.95E-06,-1.46E-05,-1.48E-06,1.50E-05,4.99E-06,1,2.68E-02,1,1,0,0,0
3211,3.21E-01,0,3211,ERODED,1,1,1,1,1,1,0,0.00E+00,0.00E+00,0,0,1,0.00E+00,1,1,1,1,1
3212,1.00E-01,3,3212,Not eroded,0,0,0,0,0,0,-5.25E-07,5.61E-07,5.75E-08,7.70E-07,2.57E-07,1,1.38E-03,1,1,0,0,0
3214,1.07E-01,4,3214,Not eroded,0,0,0,0,0,0,8.86E-07,-1.99E-06,1.37E-06,2.57E-06,6.43E-07,0,4.60E-03,1,1,0,0,0
3215,1.95E-01,4,3215,Not eroded,0,1,0,0,0,0,1.02E-07,6.07E-07,1.83E-07,6.42E-07,1.61E-07,0,1.15E-03,1,1,0,0,0
3216,2.54E-01,0,3216,Not eroded,0,1,1,1,1,1,0,0.00E+00,0.00E+00,0,0,1,0.00E+00,1,1,1,1,1
3217,1.61E-01,5,3217,Not eroded,0,0,0,0,0,0,7.00E-07,6.72E-08,5.09E-07,8.68E-07,1.74E-07,0,1.55E-03,0,1,0,0,0
3218,1.94E-01,4,3218,Not eroded,0,1,0,0,0,0,4.73E-07,-3.41E-08,5.67E-07,7.39E-07,1.85E-07,0,1.32E-03,1,1,0,0,0
3219,2.87E-01,6,3219,Not eroded,0,1,1,1,1,1,2.68E-07,7.80E-08,7.16E-08,2.88E-07,4.80E-08,0,5.15E-04,0,0,0,0,0
3220,3.22E-01,0,3220,ERODED,1,1,1,1,1,1,0,0.00E+00,0.00E+00,0,0,1,0.00E+00,1,1,1,1,1
3221,1.14E-01,2,3221,Not eroded,0,0,0,0,0,0,4.54E-07,8.97E-09,-1.52E-07,4.79E-07,2.39E-07,1,8.57E-04,1,1,1,0,0
3222,8.44E-02,4,3222,Not eroded,0,0,0,0,0,0,-6.60E-08,-6.91E-07,-4.65E-08,6.96E-07,1.74E-07,0,1.24E-03,1,1,0,0,0
3224,1.99E-01,6,3224,Not eroded,0,1,0,0,0,0,1.16E-07,7.83E-08,3.80E-08,1.45E-07,2.41E-08,0,2.59E-04,0,0,0,0,0
3225,2.57E-01,0,3225,Not eroded,0,1,1,1,1,1,0,0.00E+00,0.00E+00,0,0,1,0.00E+00,1,1,1,1,1
3226,1.22E-01,3,3226,Not eroded,0,0,0,0,0,0,2.98E-08,6.72E-08,7.56E-09,7.39E-08,2.46E-08,1,1.32E-04,1,1,0,0,0
3227,5.66E-02,4,3227,Not eroded,0,0,0,0,0,0,2.16E-07,2.03E-07,-1.25E-06,1.29E-06,3.21E-07,0,2.31E-03,1,1,0,0,0
3228,1.82E-01,6,3228,Not eroded,0,0,0,0,0,0,3.23E-07,8.87E-07,5.04E-07,1.07E-06,1.78E-07,0,1.91E-03,0,0,0,0,0
3229,2.24E-01,3,3229,Not eroded,0,1,1,0,0,0,8.41E-07,-6.83E-07,8.74E-09,1.08E-06,3.61E-07,1,1.93E-03,1,1,0,0,0
3230,9.26E-02,3,3230,Not eroded,0,0,0,0,0,0,-2.01E-06,4.08E-08,3.89E-07,2.04E-06,6.81E-07,1,3.65E-03,1,1,0,0,0
3231,1.03E-01,4,3231,Not eroded,0,0,0,0,0,0,1.31E-07,4.83E-08,1.57E-08,1.41E-07,3.52E-08,0,2.52E-04,1,1,0,0,0
3233,6.65E-02,3,3233,Not eroded,0,0,0,0,0,0,8.94E-08,-8.18E-07,-8.75E-08,8.28E-07,2.76E-07,1,1.48E-03,1,1,0,0,0
3234,1.19E-01,4,3234,Not eroded,0,0,0,0,0,0,6.31E-07,-2.87E-07,5.49E-08,6.95E-07,1.74E-07,0,1.24E-03,1,1,0,0,0
3235,2.37E-01,3,3235,Not eroded,0,1,1,1,0,0,-1.17E-07,-5.37E-07,-2.16E-07,5.91E-07,1.97E-07,1,1.06E-03,1,1,0,0,0
3236,1.22E-01,4,3236,Not eroded,0,0,0,0,0,0,1.15E-06,1.33E-06,-1.76E-07,1.76E-06,4.41E-07,0,3.15E-03,1,1,0,0,0
3237,3.04E-01,0,3237,ERODED,1,1,1,1,1,1,0,0.00E+00,0.00E+00,0,0,1,0.00E+00,1,1,1,1,1
3238,2.54E-01,4,3238,Not eroded,0,1,1,1,1,1,3.38E-07,4.72E-07,1.04E-06,1.19E-06,2.98E-07,0,2.13E-03,1,1,0,0,0
3239,2.58E-01,3,3239,Not eroded,0,1,1,1,1,1,7.64E-08,-3.69E-07,1.78E-07,4.16E-07,1.39E-07,1,7.44E-04,1,1,0,0,0
3240,1.66E-01,3,3240,Not eroded,0,0,0,0,0,0,8.91E-07,-3.95E-07,-1.59E-07,9.87E-07,3.29E-07,1,1.77E-03,1,1,0,0,0
3241,1.69E-01,4,3241,Not eroded,0,0,0,0,0,0,1.74E-07,1.60E-07,6.64E-07,7.04E-07,1.76E-07,0,1.26E-03,1,1,0,0,0
3242,2.24E-01,0,3242,Not eroded,0,1,1,0,0,0,0,0.00E+00,0.00E+00,0,0,1,0.00E+00,1,1,1,1,1
3243,1.32E-01,3,3243,Not eroded,0,0,0,0,0,0,7.34E-07,-2.45E-07,7.56E-08,7.78E-07,2.59E-07,1,1.39E-03,1,1,0,0,0
3244,2.19E-01,4,3244,Not eroded,0,1,0,0,0,0,-3.13E-07,2.35E-07,5.36E-07,6.63E-07,1.66E-07,0,1.19E-03,1,1,0,0,0
3245,1.42E-01,5,3245,Not eroded,0,0,0,0,0,0,-1.96E-07,-7.65E-08,-4.97E-08,2.16E-07,4.32E-08,0,3.86E-04,0,1,0,0,0
3246,2.03E-01,0,3246,Not eroded,0,1,0,0,0,0,0,0.00E+00,0.00E+00,0,0,1,0.00E+00,1,1,1,1,1
3248,5.86E-02,3,3248,Not eroded,0,0,0,0,0,0,-9.18E-09,-9.38E-09,-1.36E-07,1.37E-07,4.57E-08,1,2.45E-04,1,1,0,0,0
3249,1.98E-01,4,3249,Not eroded,0,1,0,0,0,0,4.18E-08,-5.65E-08,6.41E-08,9.51E-08,2.38E-08,0,1.70E-04,1,1,0,0,0
3250,8.59E-02,3,3250,Not eroded,0,0,0,0,0,0,4.82E-07,3.35E-07,5.64E-07,8.14E-07,2.71E-07,1,1.46E-03,1,1,0,0,0
3251,1.48E-01,0,3251,Not eroded,0,0,0,0,0,0,0,0.00E+00,0.00E+00,0,0,1,0.00E+00,1,1,1,1,1
3252,2.23E-01,4,3252,Not eroded,0,1,1,0,0,0,8.29E-07,1.45E-07,3.96E-07,9.30E-07,2.33E-07,0,1.66E-03,1,1,0,0,0
3253,2.43E-01,5,3253,Not eroded,0,1,1,1,1,0,-3.92E-06,-2.67E-06,1.10E-05,1.19E-05,2.39E-06,0,2.13E-02,0,1,0,0,0
3254,5.65E-02,3,3254,Not eroded,0,0,0,0,0,0,1.23E-07,-1.63E-08,-1.39E-06,1.40E-06,4.66E-07,1,2.50E-03,1,1,0,0,0
3256,2.66E-01,0,3256,Not eroded,0,1,1,1,1,1,0,0.00E+00,0.00E+00,0,0,1,0.00E+00,1,1,1,1,1
3257,2.85E-01,4,3257,Not eroded,0,1,1,1,1,1,3.94E-07,-4.80E-08,4.35E-08,3.99E-07,9.98E-08,0,7.14E-04,1,1,0,0,0
3259,8.16E-02,0,3259,Not eroded,0,0,0,0,0,0,0,0.00E+00,0.00E+00,0,0,1,0.00E+00,1,1,1,1,1
3260,2.06E-01,5,3260,Not eroded,0,1,0,0,0,0,3.04E-06,2.67E-06,-9.15E-07,4.15E-06,8.30E-07,0,7.42E-03,0,1,0,0,0
3262,7.97E-02,2,3262,Not eroded,0,0,0,0,0,0,-1.61E-08,-6.30E-07,2.84E-07,6.91E-07,3.46E-07,1,1.24E-03,1,1,1,0,0
3263,2.68E-01,0,3263,ERODED,1,1,1,1,1,1,0,0.00E+00,0.00E+00,0,0,1,0.00E+00,1,1,1,1,1
3264,2.33E-01,0,3264,Not eroded,0,1,1,1,0,0,0,0.00E+00,0.00E+00,0,0,1,0.00E+00,1,1,1,1,1
3265,7.60E-02,5,3265,Not eroded,0,0,0,0,0,0,4.97E-07,5.84E-07,7.85E-07,1.10E-06,2.20E-07,0,1.97E-03,0,1,0,0,0
3266,7.00E-02,5,3266,Not eroded,0,0,0,0,0,0,4.67E-08,4.48E-08,-3.63E-08,7.42E-08,1.48E-08,0,1.33E-04,0,1,0,0,0
3267,2.26E-01,3,3267,Not eroded,0,1,1,0,0,0,7.24E-07,1.99E-07,2.52E-07,7.92E-07,2.64E-07,1,1.42E-03,1,1,0,0,0
3268,5.65E-02,4,3268,Not eroded,0,0,0,0,0,0,-1.58E-09,2.43E-08,-1.26E-06,1.26E-06,3.15E-07,0,2.25E-03,1,1,0,0,0
3269,2.77E-01,4,3269,Not eroded,0,1,1,1,1,1,-4.17E-06,6.23E-06,-1.79E-06,7.71E-06,1.93E-06,0,1.38E-02,1,1,0,0,0
3270,2.05E-01,4,3270,Not eroded,0,1,0,0,0,0,5.22E-07,-2.13E-07,1.12E-07,5.75E-07,1.44E-07,0,1.03E-03,1,1,0,0,0
3271,2.89E-01,0,3271,ERODED,1,1,1,1,1,1,0,0.00E+00,0.00E+00,0,0,1,0.00E+00,1,1,1,1,1
3274,5.72E-02,5,3274,Not eroded,0,0,0,0,0,0,4.08E-07,-1.89E-08,1.39E-07,4.32E-07,8.64E-08,0,7.73E-04,0,1,0,0,0
3275,2.06E-01,0,3275,Not eroded,0,1,0,0,0,0,0,0.00E+00,0.00E+00,0,0,1,0.00E+00,1,1,1,1,1
3276,2.30E-01,4,3276,Not eroded,0,1,1,0,0,0,2.34E-07,2.26E-08,2.75E-08,2.37E-07,5.92E-08,0,4.24E-04,1,1,0,0,0
3277,3.19E-01,0,3277,ERODED,1,1,1,1,1,1,0,0.00E+00,0.00E+00,0,0,1,0.00E+00,1,1,1,1,1
3278,3.25E-01,0,3278,ERODED,1,1,1,1,1,1,0,0.00E+00,0.00E+00,0,0,1,0.00E+00,1,1,1,1,1
3279,1.75E-01,2,3279,Not eroded,0,0,0,0,0,0,4.26E-07,5.29E-07,-7.51E-08,6.83E-07,3.42E-07,1,1.22E-03,1,1,1,0,0
3280,2.73E-01,0,3280,ERODED,1,1,1,1,1,1,0,0.00E+00,0.00E+00,0,0,1,0.00E+00,1,1,1,1,1
3281,2.08E-01,4,3281,Not eroded,0,1,0,0,0,0,1.01E-08,9.89E-08,-3.18E-08,1.04E-07,2.61E-08,0,1.86E-04,1,1,0,0,0
3282,2.00E-01,4,3282,Not eroded,0,1,0,0,0,0,1.90E-07,6.97E-08,8.52E-08,2.19E-07,5.48E-08,0,3.92E-04,1,1,0,0,0
3283,2.91E-01,3,3283,Not eroded,0,1,1,1,1,1,7.34E-06,9.50E-07,5.39E-06,9.16E-06,3.05E-06,1,1.64E-02,1,1,0,0,0
3284,1.06E-01,0,3284,Not eroded,0,0,0,0,0,0,0,0.00E+00,0.00E+00,0,0,1,0.00E+00,1,1,1,1,1
3286,2.92E-01,4,3286,Not eroded,0,1,1,1,1,1,-6.16E-06,6.44E-06,7.93E-08,8.91E-06,2.23E-06,0,1.59E-02,1,1,0,0,0
3287,1.18E-01,2,3287,Not eroded,0,0,0,0,0,0,1.45E-07,-1.10E-06,5.71E-10,1.11E-06,5.54E-07,1,1.99E-03,1,1,1,0,0
3288,2.50E-01,0,3288,Not eroded,0,1,1,1,1,0,0,0.00E+00,0.00E+00,0,0,1,0.00E+00,1,1,1,1,1
3289,2.85E-01,0,3289,Not eroded,0,1,1,1,1,1,0,0.00E+00,0.00E+00,0,0,1,0.00E+00,1,1,1,1,1
3290,2.50E-01,6,3290,Not eroded,0,1,1,1,1,0,4.15E-07,-4.36E-07,4.94E-06,4.98E-06,8.30E-07,0,8.91E-03,0,0,0,0,0
3291,6.45E-02,5,3291,Not eroded,0,0,0,0,0,0,-7.33E-08,-1.69E-07,5.96E-08,1.94E-07,3.88E-08,0,3.47E-04,0,1,0,0,0
3292,1.37E-01,5,3292,Not eroded,0,0,0,0,0,0,-6.97E-07,-6.13E-08,9.36E-07,1.17E-06,2.34E-07,0,2.09E-03,0,1,0,0,0
3293,6.97E-02,6,3293,Not eroded,0,0,0,0,0,0,-4.70E-08,-7.75E-08,-5.89E-08,1.08E-07,1.80E-08,0,1.93E-04,0,0,0,0,0
3294,2.38E-01,4,3294,Not eroded,0,1,1,1,0,0,3.99E-06,1.04E-05,3.36E-05,3.54E-05,8.84E-06,0,6.33E-02,1,1,0,0,0
3295,1.89E-01,4,3295,Not eroded,0,0,0,0,0,0,1.74E-07,-5.99E-08,3.53E-07,3.99E-07,9.97E-08,0,7.14E-04,1,1,0,0,0
3296,2.76E-01,0,3296,ERODED,1,1,1,1,1,1,0,0.00E+00,0.00E+00,0,0,1,0.00E+00,1,1,1,1,1
3297,2.35E-01,7,3297,Not eroded,0,1,1,1,0,0,1.23E-08,5.77E-08,3.05E-07,3.11E-07,4.44E-08,0,5.56E-04,0,0,0,0,0
3298,2.64E-01,4,3298,Not eroded,0,1,1,1,1,1,4.35E-07,2.89E-07,6.28E-08,5.26E-07,1.32E-07,0,9.41E-04,1,1,0,0,0
3299,7.38E-02,6,3299,Not eroded,0,0,0,0,0,0,1.60E-07,7.74E-08,7.37E-08,1.92E-07,3.20E-08,0,3.43E-04,0,0,0,0,0
3300,1.59E-01,0,3300,Not eroded,0,0,0,0,0,0,0,0.00E+00,0.00E+00,0,0,1,0.00E+00,1,1,1,1,1
3301,1.90E-01,0,3301,Not eroded,0,0,0,0,0,0,0,0.00E+00,0.00E+00,0,0,1,0.00E+00,1,1,1,1,1
3302,2.97E-01,4,3302,Not eroded,0,1,1,1,1,1,-7.15E-07,-8.54E-07,1.84E-07,1.13E-06,2.82E-07,0,2.02E-03,1,1,0,0,0
3303,1.07E-01,4,3303,Not eroded,0,0,0,0,0,0,1.36E-06,-1.00E-06,6.71E-07,1.82E-06,4.54E-07,0,3.26E-03,1,1,0,0,0
3304,1.05E-01,2,3304,Not eroded,0,0,0,0,0,0,1.39E-06,2.55E-07,-1.10E-07,1.41E-06,7.07E-07,1,2.52E-03,1,1,1,0,0
3305,8.01E-02,3,3305,Not eroded,0,0,0,0,0,0,-2.83E-07,4.01E-07,5.35E-08,4.94E-07,1.65E-07,1,8.84E-04,1,1,0,0,0
3306,5.65E-02,3,3306,Not eroded,0,0,0,0,0,0,1.09E-07,-5.33E-08,-1.47E-06,1.47E-06,4.91E-07,1,2.63E-03,1,1,0,0,0
3307,5.98E-02,4,3307,Not eroded,0,0,0,0,0,0,1.54E-07,8.81E-08,-1.30E-07,2.20E-07,5.51E-08,0,3.94E-04,1,1,0,0,0
3308,2.89E-01,5,3308,Not eroded,0,1,1,1,1,1,-2.94E-06,6.75E-06,5.10E-06,8.96E-06,1.79E-06,0,1.60E-02,0,1,0,0,0
3309,2.99E-01,2,3309,Not eroded,0,1,1,1,1,1,2.63E-06,-1.98E-07,1.27E-06,2.93E-06,1.46E-06,1,5.24E-03,1,1,1,0,0
3310,1.16E-01,4,3310,Not eroded,0,0,0,0,0,0,2.17E-07,1.08E-06,-9.52E-07,1.46E-06,3.64E-07,0,2.61E-03,1,1,0,0,0
3311,1.56E-01,4,3311,Not eroded,0,0,0,0,0,0,-7.70E-08,4.58E-08,2.72E-07,2.87E-07,7.17E-08,0,5.13E-04,1,1,0,0,0
3312,5.66E-02,3,3312,Not eroded,0,0,0,0,0,0,1.32E-07,1.98E-08,-1.48E-06,1.49E-06,4.96E-07,1,2.67E-03,1,1,0,0,0
3313,2.96E-01,0,3313,Not eroded,0,1,1,1,1,1,0,0.00E+00,0.00E+00,0,0,1,0.00E+00,1,1,1,1,1
3314,5.65E-02,5,3314,Not eroded,0,0,0,0,0,0,6.70E-08,8.91E-09,-1.49E-06,1.50E-06,2.99E-07,0,2.68E-03,0,1,0,0,0
3315,3.07E-01,0,3315,ERODED,1,1,1,1,1,1,0,0.00E+00,0.00E+00,0,0,1,0.00E+00,1,1,1,1,1
3316,1.52E-01,0,3316,Not eroded,0,0,0,0,0,0,0,0.00E+00,0.00E+00,0,0,1,0.00E+00,1,1,1,1,1
3318,3.19E-01,0,3318,ERODED,1,1,1,1,1,1,0,0.00E+00,0.00E+00,0,0,1,0.00E+00,1,1,1,1,1
3319,2.56E-01,0,3319,Not eroded,0,1,1,1,1,1,0,0.00E+00,0.00E+00,0,0,1,0.00E+00,1,1,1,1,1
3320,1.16E-01,0,3320,Not eroded,0,0,0,0,0,0,0,0.00E+00,0.00E+00,0,0,1,0.00E+00,1,1,1,1,1
3321,1.15E-01,5,3321,Not eroded,0,0,0,0,0,0,2.10E-07,2.94E-06,-2.76E-07,2.96E-06,5.92E-07,0,5.29E-03,0,1,0,0,0
3322,1.80E-01,3,3322,Not eroded,0,0,0,0,0,0,7.77E-07,1.25E-07,7.02E-07,1.06E-06,3.52E-07,1,1.90E-03,1,1,0,0,0
3323,1.86E-01,5,3323,Not eroded,0,0,0,0,0,0,3.17E-07,6.68E-07,2.13E-06,2.26E-06,4.52E-07,0,4.04E-03,0,1,0,0,0
3324,1.14E-01,4,3324,Not eroded,0,0,0,0,0,0,-7.19E-08,8.21E-09,1.20E-07,1.40E-07,3.50E-08,0,2.50E-04,1,1,0,0,0
3325,2.44E-01,4,3325,Not eroded,0,1,1,1,1,0,4.30E-07,1.61E-07,1.67E-07,4.89E-07,1.22E-07,0,8.75E-04,1,1,0,0,0
3326,1.87E-01,4,3326,Not eroded,0,0,0,0,0,0,1.34E-07,3.63E-07,8.13E-09,3.87E-07,9.69E-08,0,6.92E-04,1,1,0,0,0
3327,1.01E-01,4,3327,Not eroded,0,0,0,0,0,0,4.53E-07,-4.38E-07,-4.32E-08,6.31E-07,1.58E-07,0,1.13E-03,1,1,0,0,0
3328,1.37E-01,4,3328,Not eroded,0,0,0,0,0,0,3.22E-07,1.62E-06,-2.61E-06,3.08E-06,7.71E-07,0,5.51E-03,1,1,0,0,0
3329,5.69E-02,0,3329,Not eroded,0,0,0,0,0,0,0,0.00E+00,0.00E+00,0,0,1,0.00E+00,1,1,1,1,1
3330,7.23E-02,5,3330,Not eroded,0,0,0,0,0,0,-7.60E-08,1.72E-07,2.97E-07,3.52E-07,7.03E-08,0,6.30E-04,0,1,0,0,0
3331,6.49E-02,5,3331,Not eroded,0,0,0,0,0,0,2.74E-07,-1.73E-07,2.14E-08,3.25E-07,6.49E-08,0,5.81E-04,0,1,0,0,0
3332,3.19E-01,0,3332,ERODED,1,1,1,1,1,1,0,0.00E+00,0.00E+00,0,0,1,0.00E+00,1,1,1,1,1
3333,1.77E-01,0,3333,Not eroded,0,0,0,0,0,0,0,0.00E+00,0.00E+00,0,0,1,0.00E+00,1,1,1,1,1
3334,5.66E-02,3,3334,Not eroded,0,0,0,0,0,0,-2.19E-08,-1.65E-08,4.68E-08,5.42E-08,1.81E-08,1,9.69E-05,1,1,0,0,0
3335,1.41E-01,4,3335,Not eroded,0,0,0,0,0,0,-5.48E-08,-1.47E-07,1.27E-07,2.01E-07,5.03E-08,0,3.60E-04,1,1,0,0,0
3337,1.26E-01,4,3337,Not eroded,0,0,0,0,0,0,2.53E-07,-1.53E-07,4.74E-07,5.59E-07,1.40E-07,0,1.00E-03,1,1,0,0,0
3338,2.98E-01,0,3338,ERODED,1,1,1,1,1,1,0,0.00E+00,0.00E+00,0,0,1,0.00E+00,1,1,1,1,1
3339,2.40E-01,3,3339,Not eroded,0,1,1,1,0,0,4.07E-06,-9.73E-07,5.53E-07,4.22E-06,1.41E-06,1,7.55E-03,1,1,0,0,0
3340,7.46E-02,2,3340,Not eroded,0,0,0,0,0,0,-9.61E-08,-2.73E-08,-8.78E-08,1.33E-07,6.65E-08,1,2.38E-04,1,1,1,0,0
3341,2.06E-01,4,3341,Not eroded,0,1,0,0,0,0,6.42E-08,-1.71E-07,-1.12E-08,1.83E-07,4.58E-08,0,3.27E-04,1,1,0,0,0
3342,8.01E-02,0,3342,Not eroded,0,0,0,0,0,0,0,0.00E+00,0.00E+00,0,0,1,0.00E+00,1,1,1,1,1
3343,1.62E-01,0,3343,Not eroded,0,0,0,0,0,0,0,0.00E+00,0.00E+00,0,0,1,0.00E+00,1,1,1,1,1
3344,5.66E-02,4,3344,Not eroded,0,0,0,0,0,0,-5.13E-07,6.41E-07,-1.90E-06,2.07E-06,5.17E-07,0,3.70E-03,1,1,0,0,0
3345,1.26E-01,4,3345,Not eroded,0,0,0,0,0,0,-8.00E-07,3.96E-07,-1.27E-07,9.02E-07,2.25E-07,0,1.61E-03,1,1,0,0,0
3346,1.88E-01,0,3346,Not eroded,0,0,0,0,0,0,0,0.00E+00,0.00E+00,0,0,1,0.00E+00,1,1,1,1,1
3347,2.56E-01,0,3347,Not eroded,0,1,1,1,1,1,0,0.00E+00,0.00E+00,0,0,1,0.00E+00,1,1,1,1,1
3348,1.47E-01,7,3348,Not eroded,0,0,0,0,0,0,1.36E-06,3.39E-07,1.10E-06,1.78E-06,2.54E-07,0,3.18E-03,0,0,0,0,0
3349,1.03E-01,3,3349,Not eroded,0,0,0,0,0,0,1.16E-07,3.91E-08,2.32E-07,2.63E-07,8.75E-08,1,4.70E-04,1,1,0,0,0
3350,1.81E-01,0,3350,Not eroded,0,0,0,0,0,0,0,0.00E+00,0.00E+00,0,0,1,0.00E+00,1,1,1,1,1
3351,2.98E-01,0,3351,Not eroded,0,1,1,1,1,1,0,0.00E+00,0.00E+00,0,0,1,0.00E+00,1,1,1,1,1
3352,1.52E-01,0,3352,Not eroded,0,0,0,0,0,0,0,0.00E+00,0.00E+00,0,0,1,0.00E+00,1,1,1,1,1
3353,1.32E-01,5,3353,Not eroded,0,0,0,0,0,0,1.93E-07,2.66E-07,-1.67E-09,3.29E-07,6.58E-08,0,5.88E-04,0,1,0,0,0
3354,2.64E-01,0,3354,Not eroded,0,1,1,1,1,1,0,0.00E+00,0.00E+00,0,0,1,0.00E+00,1,1,1,1,1
3355,7.92E-02,0,3355,Not eroded,0,0,0,0,0,0,0,0.00E+00,0.00E+00,0,0,1,0.00E+00,1,1,1,1,1
3356,2.18E-01,5,3356,Not eroded,0,1,0,0,0,0,5.63E-08,-2.79E-07,1.85E-07,3.40E-07,6.80E-08,0,6.08E-04,0,1,0,0,0
3357,2.32E-01,3,3357,Not eroded,0,1,1,1,0,0,-6.57E-06,3.37E-06,-5.33E-07,7.40E-06,2.47E-06,1,1.32E-02,1,1,0,0,0
3358,7.01E-02,3,3358,Not eroded,0,0,0,0,0,0,-6.07E-08,9.47E-08,-1.14E-07,1.60E-07,5.33E-08,1,2.86E-04,1,1,0,0,0
3359,2.23E-01,3,3359,Not eroded,0,1,1,0,0,0,2.37E-07,6.61E-07,3.81E-07,7.99E-07,2.66E-07,1,1.43E-03,1,1,0,0,0
3360,9.87E-02,0,3360,Not eroded,0,0,0,0,0,0,0,0.00E+00,0.00E+00,0,0,1,0.00E+00,1,1,1,1,1
3361,2.88E-01,5,3361,Not eroded,0,1,1,1,1,1,-1.48E-06,-2.42E-06,2.26E-06,3.63E-06,7.26E-07,0,6.49E-03,0,1,0,0,0
3362,1.99E-01,0,3362,Not eroded,0,1,0,0,0,0,0,0.00E+00,0.00E+00,0,0,1,0.00E+00,1,1,1,1,1
3363,2.99E-01,4,3363,Not eroded,0,1,1,1,1,1,4.36E-06,7.04E-06,3.54E-06,9.01E-06,2.25E-06,0,1.61E-02,1,1,0,0,0
3364,1.36E-01,6,3364,Not eroded,0,0,0,0,0,0,2.17E-07,-3.38E-08,1.96E-07,2.94E-07,4.90E-08,0,5.26E-04,0,0,0,0,0
3365,1.51E-01,0,3365,Not eroded,0,0,0,0,0,0,0,0.00E+00,0.00E+00,0,0,1,0.00E+00,1,1,1,1,1
3366,1.84E-01,6,3366,Not eroded,0,0,0,0,0,0,2.46E-07,-1.77E-07,3.21E-07,4.41E-07,7.35E-08,0,7.89E-04,0,0,0,0,0
3368,1.91E-01,3,3368,Not eroded,0,1,0,0,0,0,-2.87E-07,1.10E-07,4.91E-08,3.11E-07,1.04E-07,1,5.56E-04,1,1,0,0,0
3369,2.96E-01,0,3369,ERODED,1,1,1,1,1,1,0,0.00E+00,0.00E+00,0,0,1,0.00E+00,1,1,1,1,1
3370,2.62E-01,4,3370,Not eroded,0,1,1,1,1,1,4.84E-05,-1.24E-05,5.55E-05,7.47E-05,1.87E-05,0,1.34E-01,1,1,0,0,0
3372,3.25E-01,0,3372,ERODED,1,1,1,1,1,1,0,0.00E+00,0.00E+00,0,0,1,0.00E+00,1,1,1,1,1
3373,3.03E-01,0,3373,Not eroded,0,1,1,1,1,1,0,0.00E+00,0.00E+00,0,0,1,0.00E+00,1,1,1,1,1
3374,1.79E-01,4,3374,Not eroded,0,0,0,0,0,0,2.15E-07,3.39E-08,-3.56E-09,2.18E-07,5.45E-08,0,3.90E-04,1,1,0,0,0
3375,1.19E-01,4,3375,Not eroded,0,0,0,0,0,0,8.05E-08,-1.16E-07,-1.15E-07,1.82E-07,4.56E-08,0,3.26E-04,1,1,0,0,0
3376,2.55E-01,4,3376,Not eroded,0,1,1,1,1,1,-5.43E-06,1.99E-07,8.46E-08,5.43E-06,1.36E-06,0,9.71E-03,1,1,0,0,0
3377,2.73E-01,4,3377,Not eroded,0,1,1,1,1,1,-3.55E-06,4.24E-06,-8.44E-07,5.59E-06,1.40E-06,0,1.00E-02,1,1,0,0,0
3378,1.60E-01,0,3378,Not eroded,0,0,0,0,0,0,0,0.00E+00,0.00E+00,0,0,1,0.00E+00,1,1,1,1,1
3379,1.82E-01,3,3379,Not eroded,0,0,0,0,0,0,4.00E-07,2.70E-07,1.44E-07,5.04E-07,1.68E-07,1,9.02E-04,1,1,0,0,0
3380,1.94E-01,4,3380,Not eroded,0,1,0,0,0,0,2.25E-08,-3.32E-08,1.95E-07,1.99E-07,4.97E-08,0,3.56E-04,1,1,0,0,0
3381,1.61E-01,3,3381,Not eroded,0,0,0,0,0,0,4.32E-07,7.52E-08,4.34E-07,6.17E-07,2.06E-07,1,1.10E-03,1,1,0,0,0
3382,2.66E-01,3,3382,Not eroded,0,1,1,1,1,1,3.34E-07,1.56E-06,8.67E-07,1.82E-06,6.05E-07,1,3.26E-03,1,1,0,0,0
3383,2.99E-01,0,3383,ERODED,1,1,1,1,1,1,0,0.00E+00,0.00E+00,0,0,1,0.00E+00,1,1,1,1,1
3384,6.53E-02,4,3384,Not eroded,0,0,0,0,0,0,1.24E-07,-2.55E-07,1.37E-07,3.15E-07,7.88E-08,0,5.63E-04,1,1,0,0,0
3385,5.71E-02,3,3385,Not eroded,0,0,0,0,0,0,2.84E-08,1.02E-07,1.66E-06,1.66E-06,5.53E-07,1,2.97E-03,1,1,0,0,0
3386,1.28E-01,4,3386,Not eroded,0,0,0,0,0,0,-3.20E-08,-1.25E-07,-4.26E-08,1.36E-07,3.39E-08,0,2.43E-04,1,1,0,0,0
3387,3.02E-01,3,3387,Not eroded,0,1,1,1,1,1,3.13E-05,-1.61E-06,-9.00E-07,3.13E-05,1.04E-05,1,5.60E-02,1,1,0,0,0
3388,1.12E-01,4,3388,Not eroded,0,0,0,0,0,0,9.21E-07,9.26E-07,1.31E-07,1.31E-06,3.28E-07,0,2.34E-03,1,1,0,0,0
3389,6.97E-02,3,3389,Not eroded,0,0,0,0,0,0,5.85E-08,-4.76E-08,1.72E-07,1.88E-07,6.26E-08,1,3.36E-04,1,1,0,0,0
3390,8.92E-02,6,3390,Not eroded,0,0,0,0,0,0,5.56E-07,4.42E-07,5.76E-07,9.15E-07,1.52E-07,0,1.64E-03,0,0,0,0,0
3391,5.65E-02,6,3391,Not eroded,0,0,0,0,0,0,-4.69E-07,-3.60E-07,-1.34E-06,1.46E-06,2.44E-07,0,2.61E-03,0,0,0,0,0
3392,2.69E-01,6,3392,Not eroded,0,1,1,1,1,1,-2.70E-08,4.63E-07,-2.26E-08,4.64E-07,7.73E-08,0,8.30E-04,0,0,0,0,0
3393,2.32E-01,0,3393,Not eroded,0,1,1,1,0,0,0,0.00E+00,0.00E+00,0,0,1,0.00E+00,1,1,1,1,1
3394,1.92E-01,4,3394,Not eroded,0,1,0,0,0,0,1.02E-07,-7.93E-07,1.20E-07,8.09E-07,2.02E-07,0,1.45E-03,1,1,0,0,0
3395,1.56E-01,3,3395,Not eroded,0,0,0,0,0,0,-1.43E-06,-1.28E-06,-2.20E-07,1.93E-06,6.42E-07,1,3.45E-03,1,1,0,0,0
3396,1.87E-01,3,3396,Not eroded,0,0,0,0,0,0,7.16E-07,-4.73E-07,2.07E-07,8.83E-07,2.94E-07,1,1.58E-03,1,1,0,0,0
3397,2.35E-01,0,3397,Not eroded,0,1,1,1,0,0,0,0.00E+00,0.00E+00,0,0,1,0.00E+00,1,1,1,1,1
3398,1.84E-01,0,3398,Not eroded,0,0,0,0,0,0,0,0.00E+00,0.00E+00,0,0,1,0.00E+00,1,1,1,1,1
3399,2.81E-01,6,3399,Not eroded,0,1,1,1,1,1,-5.16E-07,2.05E-06,-1.38E-07,2.12E-06,3.53E-07,0,3.79E-03,0,0,0,0,0
3400,2.13E-01,5,3400,Not eroded,0,1,0,0,0,0,-1.90E-08,3.31E-07,1.18E-07,3.52E-07,7.03E-08,0,6.30E-04,0,1,0,0,0
3401,2.64E-01,5,3401,Not eroded,0,1,1,1,1,1,-3.60E-08,1.46E-07,6.09E-08,1.62E-07,3.24E-08,0,2.90E-04,0,1,0,0,0
3402,2.87E-01,6,3402,Not eroded,0,1,1,1,1,1,-4.11E-07,-2.76E-06,1.02E-06,2.97E-06,4.95E-07,0,5.31E-03,0,0,0,0,0
3403,2.80E-01,0,3403,ERODED,1,1,1,1,1,1,0,0.00E+00,0.00E+00,0,0,1,0.00E+00,1,1,1,1,1
3404,2.44E-01,3,3404,Not eroded,0,1,1,1,1,0,-3.12E-07,1.09E-06,3.93E-06,4.09E-06,1.36E-06,1,7.32E-03,1,1,0,0,0
3405,2.92E-01,3,3405,Not eroded,0,1,1,1,1,1,4.28E-07,6.62E-09,6.57E-07,7.84E-07,2.61E-07,1,1.40E-03,1,1,0,0,0
3406,2.72E-01,4,3406,Not eroded,0,1,1,1,1,1,-2.89E-07,2.29E-07,9.15E-08,3.80E-07,9.50E-08,0,6.80E-04,1,1,0,0,0
3407,1.85E-01,0,3407,Not eroded,0,0,0,0,0,0,0,0.00E+00,0.00E+00,0,0,1,0.00E+00,1,1,1,1,1
3408,2.33E-01,0,3408,Not eroded,0,1,1,1,0,0,0,0.00E+00,0.00E+00,0,0,1,0.00E+00,1,1,1,1,1
3409,3.02E-01,2,3409,Not eroded,0,1,1,1,1,1,8.99E-09,-7.95E-07,-2.29E-07,8.27E-07,4.14E-07,1,1.48E-03,1,1,1,0,0
3410,2.00E-01,3,3410,Not eroded,0,1,0,0,0,0,1.71E-07,2.00E-07,3.26E-08,2.65E-07,8.83E-08,1,4.74E-04,1,1,0,0,0
3411,6.71E-02,4,3411,Not eroded,0,0,0,0,0,0,-6.75E-08,-3.09E-08,8.36E-08,1.12E-07,2.80E-08,0,2.00E-04,1,1,0,0,0
3412,8.55E-02,4,3412,Not eroded,0,0,0,0,0,0,-4.70E-07,1.11E-07,1.18E-07,4.97E-07,1.24E-07,0,8.89E-04,1,1,0,0,0
3413,2.83E-01,0,3413,ERODED,1,1,1,1,1,1,0,0.00E+00,0.00E+00,0,0,1,0.00E+00,1,1,1,1,1
3414,1.02E-01,0,3414,Not eroded,0,0,0,0,0,0,0,0.00E+00,0.00E+00,0,0,1,0.00E+00,1,1,1,1,1
3415,1.65E-01,3,3415,Not eroded,0,0,0,0,0,0,4.09E-07,-5.86E-07,2.18E-07,7.48E-07,2.49E-07,1,1.34E-03,1,1,0,0,0
3416,9.87E-02,5,3416,Not eroded,0,0,0,0,0,0,-8.73E-09,-2.51E-07,2.49E-07,3.54E-07,7.08E-08,0,6.33E-04,0,1,0,0,0
3417,2.17E-01,0,3417,Not eroded,0,1,0,0,0,0,0,0.00E+00,0.00E+00,0,0,1,0.00E+00,1,1,1,1,1
3418,6.49E-02,6,3418,Not eroded,0,0,0,0,0,0,3.46E-08,5.88E-07,-5.06E-07,7.77E-07,1.30E-07,0,1.39E-03,0,0,0,0,0
3419,1.62E-01,0,3419,Not eroded,0,0,0,0,0,0,0,0.00E+00,0.00E+00,0,0,1,0.00E+00,1,1,1,1,1
3420,1.75E-01,4,3420,Not eroded,0,0,0,0,0,0,1.18E-06,1.06E-07,2.19E-06,2.49E-06,6.23E-07,0,4.45E-03,1,1,0,0,0
3421,2.97E-01,0,3421,ERODED,1,1,1,1,1,1,0,0.00E+00,0.00E+00,0,0,1,0.00E+00,1,1,1,1,1
3422,1.91E-01,3,3422,Not eroded,0,1,0,0,0,0,-1.25E-07,-9.36E-07,8.67E-08,9.48E-07,3.16E-07,1,1.70E-03,1,1,0,0,0
3423,1.58E-01,5,3423,Not eroded,0,0,0,0,0,0,1.71E-07,1.90E-07,4.12E-08,2.59E-07,5.18E-08,0,4.63E-04,0,1,0,0,0
3425,2.91E-01,0,3425,ERODED,1,1,1,1,1,1,0,0.00E+00,0.00E+00,0,0,1,0.00E+00,1,1,1,1,1
3426,9.76E-02,4,3426,Not eroded,0,0,0,0,0,0,-2.77E-07,3.04E-07,7.45E-09,4.11E-07,1.03E-07,0,7.35E-04,1,1,0,0,0
3427,2.96E-01,0,3427,ERODED,1,1,1,1,1,1,0,0.00E+00,0.00E+00,0,0,1,0.00E+00,1,1,1,1,1
3428,1.51E-01,4,3428,Not eroded,0,0,0,0,0,0,3.46E-07,8.16E-08,3.08E-07,4.70E-07,1.17E-07,0,8.41E-04,1,1,0,0,0
3430,1.84E-01,5,3430,Not eroded,0,0,0,0,0,0,3.12E-07,-6.05E-07,1.89E-06,2.01E-06,4.01E-07,0,3.60E-03,0,1,0,0,0
3431,2.82E-01,0,3431,Not eroded,0,1,1,1,1,1,0,0.00E+00,0.00E+00,0,0,1,0.00E+00,1,1,1,1,1
3432,2.75E-01,0,3432,ERODED,1,1,1,1,1,1,0,0.00E+00,0.00E+00,0,0,1,0.00E+00,1,1,1,1,1
3434,2.89E-01,4,3434,Not eroded,0,1,1,1,1,1,6.22E-06,2.19E-05,1.26E-05,2.60E-05,6.50E-06,0,4.65E-02,1,1,0,0,0
3435,2.94E-01,2,3435,Not eroded,0,1,1,1,1,1,6.29E-07,8.07E-07,8.07E-08,1.03E-06,5.13E-07,1,1.84E-03,1,1,1,0,0
3436,3.07E-01,0,3436,ERODED,1,1,1,1,1,1,0,0.00E+00,0.00E+00,0,0,1,0.00E+00,1,1,1,1,1
3437,2.26E-01,4,3437,Not eroded,0,1,1,0,0,0,3.95E-08,-1.52E-06,2.03E-06,2.53E-06,6.33E-07,0,4.53E-03,1,1,0,0,0
3438,2.28E-01,4,3438,Not eroded,0,1,1,0,0,0,-2.07E-08,-1.10E-08,1.22E-07,1.24E-07,3.11E-08,0,2.22E-04,1,1,0,0,0
3439,5.69E-02,0,3439,Not eroded,0,0,0,0,0,0,0,0.00E+00,0.00E+00,0,0,1,0.00E+00,1,1,1,1,1
3440,1.83E-01,0,3440,Not eroded,0,0,0,0,0,0,0,0.00E+00,0.00E+00,0,0,1,0.00E+00,1,1,1,1,1
3441,3.03E-01,0,3441,ERODED,1,1,1,1,1,1,0,0.00E+00,0.00E+00,0,0,1,0.00E+00,1,1,1,1,1
3442,1.85E-01,0,3442,Not eroded,0,0,0,0,0,0,0,0.00E+00,0.00E+00,0,0,1,0.00E+00,1,1,1,1,1
3443,2.24E-01,0,3443,Not eroded,0,1,1,0,0,0,0,0.00E+00,0.00E+00,0,0,1,0.00E+00,1,1,1,1,1
3444,7.63E-02,3,3444,Not eroded,0,0,0,0,0,0,-1.45E-07,1.33E-07,2.97E-07,3.57E-07,1.19E-07,1,6.39E-04,1,1,0,0,0
3445,1.67E-01,0,3445,Not eroded,0,0,0,0,0,0,0,0.00E+00,0.00E+00,0,0,1,0.00E+00,1,1,1,1,1
3446,3.20E-01,0,3446,ERODED,1,1,1,1,1,1,0,0.00E+00,0.00E+00,0,0,1,0.00E+00,1,1,1,1,1
3447,3.01E-01,3,3447,Not eroded,0,1,1,1,1,1,-2.49E-07,7.77E-07,2.66E-08,8.16E-07,2.72E-07,1,1.46E-03,1,1,0,0,0
3448,2.38E-01,0,3448,Not eroded,0,1,1,1,0,0,0,0.00E+00,0.00E+00,0,0,1,0.00E+00,1,1,1,1,1
3449,6.58E-02,3,3449,Not eroded,0,0,0,0,0,0,-1.60E-06,-1.63E-06,1.17E-06,2.56E-06,8.55E-07,1,4.58E-03,1,1,0,0,0
3450,1.87E-01,3,3450,Not eroded,0,0,0,0,0,0,-6.28E-08,1.75E-07,5.00E-08,1.93E-07,6.43E-08,1,3.45E-04,1,1,0,0,0
3451,2.87E-01,3,3451,Not eroded,0,1,1,1,1,1,-1.30E-07,9.72E-08,3.21E-08,1.65E-07,5.51E-08,1,2.95E-04,1,1,0,0,0
3452,7.08E-02,4,3452,Not eroded,0,0,0,0,0,0,-1.78E-07,-1.24E-08,-2.54E-08,1.80E-07,4.50E-08,0,3.22E-04,1,1,0,0,0
3453,2.59E-01,4,3453,Not eroded,0,1,1,1,1,1,3.45E-07,6.47E-07,5.38E-08,7.36E-07,1.84E-07,0,1.32E-03,1,1,0,0,0
3454,1.79E-01,4,3454,Not eroded,0,0,0,0,0,0,3.71E-08,-4.85E-08,1.14E-07,1.29E-07,3.23E-08,0,2.31E-04,1,1,0,0,0
3455,5.68E-02,4,3455,Not eroded,0,0,0,0,0,0,1.24E-07,2.99E-07,1.14E-07,3.43E-07,8.59E-08,0,6.14E-04,1,1,0,0,0
3456,2.74E-01,0,3456,Not eroded,0,1,1,1,1,1,0,0.00E+00,0.00E+00,0,0,1,0.00E+00,1,1,1,1,1
3457,2.80E-01,1,3457,Not eroded,0,1,1,1,1,1,-1.33E-07,-1.04E-06,6.35E-08,1.05E-06,1.05E-06,1,1.88E-03,1,1,1,1,0
3458,5.65E-02,3,3458,Not eroded,0,0,0,0,0,0,3.72E-07,5.23E-07,-1.41E-06,1.55E-06,5.16E-07,1,2.77E-03,1,1,0,0,0
3459,1.83E-01,5,3459,Not eroded,0,0,0,0,0,0,8.62E-07,4.09E-07,1.80E-06,2.04E-06,4.07E-07,0,3.65E-03,0,1,0,0,0
3460,1.78E-01,5,3460,Not eroded,0,0,0,0,0,0,1.08E-07,2.74E-07,1.55E-07,3.33E-07,6.66E-08,0,5.96E-04,0,1,0,0,0
3462,9.58E-02,3,3462,Not eroded,0,0,0,0,0,0,1.57E-06,1.08E-06,9.03E-07,2.11E-06,7.02E-07,1,3.77E-03,1,1,0,0,0
3463,6.96E-02,0,3463,Not eroded,0,0,0,0,0,0,0,0.00E+00,0.00E+00,0,0,1,0.00E+00,1,1,1,1,1
3464,6.80E-02,5,3464,Not eroded,0,0,0,0,0,0,3.41E-07,-5.72E-08,3.27E-08,3.48E-07,6.95E-08,0,6.22E-04,0,1,0,0,0
3465,1.64E-01,0,3465,Not eroded,0,0,0,0,0,0,0,0.00E+00,0.00E+00,0,0,1,0.00E+00,1,1,1,1,1
3466,2.53E-01,4,3466,Not eroded,0,1,1,1,1,1,4.07E-07,2.56E-06,1.32E-06,2.91E-06,7.26E-07,0,5.21E-03,1,1,0,0,0
3467,9.34E-02,4,3467,Not eroded,0,0,0,0,0,0,3.84E-07,5.66E-07,1.16E-06,1.35E-06,3.37E-07,0,2.41E-03,1,1,0,0,0
3468,1.07E-01,2,3468,Not eroded,0,0,0,0,0,0,-8.14E-08,3.48E-08,-5.61E-08,1.05E-07,5.24E-08,1,1.88E-04,1,1,1,0,0
3469,2.47E-01,3,3469,Not eroded,0,1,1,1,1,0,2.71E-07,-6.16E-07,1.50E-07,6.89E-07,2.30E-07,1,1.23E-03,1,1,0,0,0
3470,6.40E-02,0,3470,Not eroded,0,0,0,0,0,0,0,0.00E+00,0.00E+00,0,0,1,0.00E+00,1,1,1,1,1
3472,2.62E-01,4,3472,Not eroded,0,1,1,1,1,1,-9.97E-07,-7.21E-07,5.83E-06,5.96E-06,1.49E-06,0,1.07E-02,1,1,0,0,0
3473,2.77E-01,4,3473,Not eroded,0,1,1,1,1,1,6.70E-08,-5.44E-08,1.85E-07,2.04E-07,5.10E-08,0,3.65E-04,1,1,0,0,0
3474,6.54E-02,5,3474,Not eroded,0,0,0,0,0,0,-1.08E-07,-8.16E-08,5.18E-08,1.45E-07,2.89E-08,0,2.59E-04,0,1,0,0,0
3475,3.02E-01,2,3475,Not eroded,0,1,1,1,1,1,7.44E-07,8.35E-10,-1.70E-07,7.63E-07,3.81E-07,1,1.36E-03,1,1,1,0,0
3476,2.74E-01,3,3476,Not eroded,0,1,1,1,1,1,-4.39E-07,3.13E-07,-5.50E-07,7.70E-07,2.57E-07,1,1.38E-03,1,1,0,0,0
3477,1.08E-01,5,3477,Not eroded,0,0,0,0,0,0,-5.67E-07,-4.89E-07,1.35E-06,1.54E-06,3.08E-07,0,2.75E-03,0,1,0,0,0
3478,8.11E-02,3,3478,Not eroded,0,0,0,0,0,0,-2.19E-07,6.24E-07,1.14E-06,1.32E-06,4.40E-07,1,2.36E-03,1,1,0,0,0
3479,1.24E-01,0,3479,Not eroded,0,0,0,0,0,0,0,0.00E+00,0.00E+00,0,0,1,0.00E+00,1,1,1,1,1
3480,2.26E-01,0,3480,Not eroded,0,1,1,0,0,0,0,0.00E+00,0.00E+00,0,0,1,0.00E+00,1,1,1,1,1
3481,1.40E-01,5,3481,Not eroded,0,0,0,0,0,0,-1.21E-07,6.14E-09,3.90E-08,1.28E-07,2.55E-08,0,2.29E-04,0,1,0,0,0
3482,5.66E-02,0,3482,Not eroded,0,0,0,0,0,0,0,0.00E+00,0.00E+00,0,0,1,0.00E+00,1,1,1,1,1
3483,1.10E-01,3,3483,Not eroded,0,0,0,0,0,0,1.69E-07,-2.43E-07,-1.51E-07,3.32E-07,1.11E-07,1,5.94E-04,1,1,0,0,0
3485,2.94E-01,4,3485,Not eroded,0,1,1,1,1,1,-4.46E-06,-1.78E-05,-8.35E-06,2.02E-05,5.04E-06,0,3.61E-02,1,1,0,0,0
3487,2.84E-01,6,3487,Not eroded,0,1,1,1,1,1,-6.58E-08,6.51E-07,1.07E-06,1.26E-06,2.10E-07,0,2.25E-03,0,0,0,0,0
3488,1.25E-01,0,3488,Not eroded,0,0,0,0,0,0,0,0.00E+00,0.00E+00,0,0,1,0.00E+00,1,1,1,1,1
3489,1.66E-01,6,3489,Not eroded,0,0,0,0,0,0,3.65E-08,2.58E-07,-9.60E-10,2.60E-07,4.34E-08,0,4.65E-04,0,0,0,0,0
3490,2.93E-01,4,3490,Not eroded,0,1,1,1,1,1,-5.12E-07,-7.44E-08,4.81E-07,7.07E-07,1.77E-07,0,1.26E-03,1,1,0,0,0
3491,7.77E-02,3,3491,Not eroded,0,0,0,0,0,0,-8.59E-08,-1.11E-08,5.49E-07,5.56E-07,1.85E-07,1,9.95E-04,1,1,0,0,0
3493,1.59E-01,0,3493,Not eroded,0,0,0,0,0,0,0,0.00E+00,0.00E+00,0,0,1,0.00E+00,1,1,1,1,1
3494,2.77E-01,0,3494,Not eroded,0,1,1,1,1,1,0,0.00E+00,0.00E+00,0,0,1,0.00E+00,1,1,1,1,1
3495,2.06E-01,4,3495,Not eroded,0,1,0,0,0,0,9.66E-07,1.35E-06,8.22E-07,1.85E-06,4.63E-07,0,3.31E-03,1,1,0,0,0
3496,1.54E-01,0,3496,Not eroded,0,0,0,0,0,0,0,0.00E+00,0.00E+00,0,0,1,0.00E+00,1,1,1,1,1
3497,2.74E-01,2,3497,Not eroded,0,1,1,1,1,1,-9.16E-07,1.83E-06,5.86E-07,2.13E-06,1.07E-06,1,3.81E-03,1,1,1,0,0
3498,7.52E-02,0,3498,Not eroded,0,0,0,0,0,0,0,0.00E+00,0.00E+00,0,0,1,0.00E+00,1,1,1,1,1
3499,1.55E-01,3,3499,Not eroded,0,0,0,0,0,0,5.39E-07,-5.77E-07,3.38E-07,8.58E-07,2.86E-07,1,1.53E-03,1,1,0,0,0
3500,2.88E-01,0,3500,ERODED,1,1,1,1,1,1,0,0.00E+00,0.00E+00,0,0,1,0.00E+00,1,1,1,1,1
3501,2.88E-01,0,3501,Not eroded,0,1,1,1,1,1,0,0.00E+00,0.00E+00,0,0,1,0.00E+00,1,1,1,1,1
3502,1.44E-01,5,3502,Not eroded,0,0,0,0,0,0,2.40E-07,-6.27E-08,4.39E-07,5.04E-07,1.01E-07,0,9.02E-04,0,1,0,0,0
3503,1.11E-01,0,3503,Not eroded,0,0,0,0,0,0,0,0.00E+00,0.00E+00,0,0,1,0.00E+00,1,1,1,1,1
3504,1.72E-01,3,3504,Not eroded,0,0,0,0,0,0,2.62E-08,9.55E-08,2.37E-07,2.56E-07,8.55E-08,1,4.58E-04,1,1,0,0,0
3505,9.35E-02,3,3505,Not eroded,0,0,0,0,0,0,6.10E-08,6.53E-08,-1.33E-07,1.60E-07,5.34E-08,1,2.86E-04,1,1,0,0,0
3506,1.36E-01,5,3506,Not eroded,0,0,0,0,0,0,2.24E-07,8.82E-08,4.35E-08,2.45E-07,4.89E-08,0,4.38E-04,0,1,0,0,0
3507,1.71E-01,2,3507,Not eroded,0,0,0,0,0,0,2.25E-07,5.21E-07,3.77E-07,6.81E-07,3.41E-07,1,1.22E-03,1,1,1,0,0
3508,2.31E-01,5,3508,Not eroded,0,1,1,1,0,0,-1.94E-07,1.42E-07,4.34E-07,4.96E-07,9.92E-08,0,8.87E-04,0,1,0,0,0
3509,9.42E-02,0,3509,Not eroded,0,0,0,0,0,0,0,0.00E+00,0.00E+00,0,0,1,0.00E+00,1,1,1,1,1
3510,2.87E-01,3,3510,Not eroded,0,1,1,1,1,1,-4.61E-07,-8.49E-08,5.65E-08,4.73E-07,1.58E-07,1,8.46E-04,1,1,0,0,0
3511,1.61E-01,6,3511,Not eroded,0,0,0,0,0,0,1.90E-07,1.48E-07,1.71E-07,2.96E-07,4.93E-08,0,5.29E-04,0,0,0,0,0
3513,1.74E-01,2,3513,Not eroded,0,0,0,0,0,0,-5.60E-08,-5.24E-08,4.88E-07,4.94E-07,2.47E-07,1,8.84E-04,1,1,1,0,0
3514,1.39E-01,0,3514,Not eroded,0,0,0,0,0,0,0,0.00E+00,0.00E+00,0,0,1,0.00E+00,1,1,1,1,1
3515,2.91E-01,4,3515,Not eroded,0,1,1,1,1,1,3.48E-08,-4.66E-07,-2.25E-07,5.18E-07,1.30E-07,0,9.27E-04,1,1,0,0,0
3516,2.88E-01,4,3516,Not eroded,0,1,1,1,1,1,1.75E-08,-8.37E-07,-7.68E-08,8.41E-07,2.10E-07,0,1.50E-03,1,1,0,0,0
3517,2.02E-01,5,3517,Not eroded,0,1,0,0,0,0,2.79E-07,-1.72E-08,1.35E-07,3.10E-07,6.21E-08,0,5.54E-04,0,1,0,0,0
3518,2.96E-01,0,3518,Not eroded,0,1,1,1,1,1,0,0.00E+00,0.00E+00,0,0,1,0.00E+00,1,1,1,1,1
3519,5.66E-02,4,3519,Not eroded,0,0,0,0,0,0,1.59E-07,-4.98E-08,-1.35E-06,1.36E-06,3.39E-07,0,2.43E-03,1,1,0,0,0
3520,3.14E-01,0,3520,ERODED,1,1,1,1,1,1,0,0.00E+00,0.00E+00,0,0,1,0.00E+00,1,1,1,1,1
3521,1.89E-01,4,3521,Not eroded,0,0,0,0,0,0,2.82E-07,2.42E-07,2.98E-08,3.73E-07,9.32E-08,0,6.67E-04,1,1,0,0,0
3522,2.82E-01,0,3522,ERODED,1,1,1,1,1,1,0,0.00E+00,0.00E+00,0,0,1,0.00E+00,1,1,1,1,1
3523,1.75E-01,0,3523,Not eroded,0,0,0,0,0,0,0,0.00E+00,0.00E+00,0,0,1,0.00E+00,1,1,1,1,1
3524,2.34E-01,0,3524,Not eroded,0,1,1,1,0,0,0,0.00E+00,0.00E+00,0,0,1,0.00E+00,1,1,1,1,1
3525,2.61E-01,2,3525,Not eroded,0,1,1,1,1,1,1.36E-06,-2.92E-07,7.38E-07,1.58E-06,7.88E-07,1,2.83E-03,1,1,1,0,0
3526,2.29E-01,5,3526,Not eroded,0,1,1,0,0,0,3.83E-07,1.24E-07,-1.38E-07,4.26E-07,8.51E-08,0,7.62E-04,0,1,0,0,0
3527,1.22E-01,4,3527,Not eroded,0,0,0,0,0,0,7.56E-08,-7.18E-08,1.74E-07,2.03E-07,5.07E-08,0,3.63E-04,1,1,0,0,0
3528,2.33E-01,5,3528,Not eroded,0,1,1,1,0,0,1.67E-07,1.63E-07,1.17E-07,2.61E-07,5.22E-08,0,4.67E-04,0,1,0,0,0
3529,2.41E-01,7,3529,Not eroded,0,1,1,1,1,0,-3.67E-07,-3.87E-08,-1.45E-07,3.97E-07,5.67E-08,0,7.10E-04,0,0,0,0,0
3530,1.65E-01,5,3530,Not eroded,0,0,0,0,0,0,-4.43E-08,1.61E-07,6.54E-08,1.79E-07,3.58E-08,0,3.20E-04,0,1,0,0,0
3531,2.24E-01,5,3531,Not eroded,0,1,1,0,0,0,3.44E-07,1.62E-07,2.69E-08,3.82E-07,7.63E-08,0,6.83E-04,0,1,0,0,0
3532,1.88E-01,4,3532,Not eroded,0,0,0,0,0,0,7.76E-07,4.73E-08,1.54E-06,1.72E-06,4.31E-07,0,3.08E-03,1,1,0,0,0
3535,3.00E-01,3,3535,Not eroded,0,1,1,1,1,1,3.47E-06,7.32E-07,-2.82E-06,4.53E-06,1.51E-06,1,8.10E-03,1,1,0,0,0
3536,3.05E-01,2,3536,ERODED,1,1,1,1,1,1,-8.42E-06,-1.63E-07,-2.22E-06,8.70E-06,4.35E-06,1,1.56E-02,1,1,1,0,0
3537,1.74E-01,0,3537,Not eroded,0,0,0,0,0,0,0,0.00E+00,0.00E+00,0,0,1,0.00E+00,1,1,1,1,1
3538,1.78E-01,0,3538,Not eroded,0,0,0,0,0,0,0,0.00E+00,0.00E+00,0,0,1,0.00E+00,1,1,1,1,1
3539,1.01E-01,6,3539,Not eroded,0,0,0,0,0,0,-2.66E-08,-2.71E-08,8.76E-08,9.55E-08,1.59E-08,0,1.71E-04,0,0,0,0,0
3540,1.14E-01,0,3540,Not eroded,0,0,0,0,0,0,0,0.00E+00,0.00E+00,0,0,1,0.00E+00,1,1,1,1,1
3541,1.03E-01,4,3541,Not eroded,0,0,0,0,0,0,1.88E-07,2.11E-07,8.71E-08,2.96E-07,7.39E-08,0,5.29E-04,1,1,0,0,0
3542,1.89E-01,2,3542,Not eroded,0,0,0,0,0,0,-1.40E-08,5.34E-07,1.42E-06,1.52E-06,7.61E-07,1,2.72E-03,1,1,1,0,0
3544,1.97E-01,3,3544,Not eroded,0,1,0,0,0,0,6.16E-08,-6.85E-07,1.26E-07,6.99E-07,2.33E-07,1,1.25E-03,1,1,0,0,0
3545,1.36E-01,5,3545,Not eroded,0,0,0,0,0,0,-6.20E-07,3.08E-07,-4.83E-08,6.94E-07,1.39E-07,0,1.24E-03,0,1,0,0,0
3546,1.53E-01,0,3546,Not eroded,0,0,0,0,0,0,0,0.00E+00,0.00E+00,0,0,1,0.00E+00,1,1,1,1,1
3547,2.94E-01,0,3547,Not eroded,0,1,1,1,1,1,0,0.00E+00,0.00E+00,0,0,1,0.00E+00,1,1,1,1,1
3548,2.34E-01,4,3548,Not eroded,0,1,1,1,0,0,-9.66E-07,-2.78E-06,6.45E-06,7.09E-06,1.77E-06,0,1.27E-02,1,1,0,0,0
3549,2.36E-01,0,3549,Not eroded,0,1,1,1,0,0,0,0.00E+00,0.00E+00,0,0,1,0.00E+00,1,1,1,1,1
3550,5.81E-02,5,3550,Not eroded,0,0,0,0,0,0,-8.34E-07,4.68E-07,-2.00E-07,9.77E-07,1.95E-07,0,1.75E-03,0,1,0,0,0
3551,1.41E-01,0,3551,Not eroded,0,0,0,0,0,0,0,0.00E+00,0.00E+00,0,0,1,0.00E+00,1,1,1,1,1
3552,2.72E-01,4,3552,Not eroded,0,1,1,1,1,1,-2.65E-07,2.46E-07,2.26E-08,3.62E-07,9.05E-08,0,6.48E-04,1,1,0,0,0
3553,1.54E-01,4,3553,Not eroded,0,0,0,0,0,0,4.18E-08,5.13E-08,1.21E-07,1.38E-07,3.46E-08,0,2.47E-04,1,1,0,0,0
3554,1.45E-01,4,3554,Not eroded,0,0,0,0,0,0,2.62E-07,1.23E-07,3.35E-07,4.42E-07,1.11E-07,0,7.91E-04,1,1,0,0,0
3555,7.99E-02,5,3555,Not eroded,0,0,0,0,0,0,8.00E-07,-4.73E-07,9.90E-07,1.36E-06,2.72E-07,0,2.43E-03,0,1,0,0,0
3556,1.70E-01,3,3556,Not eroded,0,0,0,0,0,0,4.17E-08,4.91E-08,1.03E-07,1.22E-07,4.06E-08,1,2.18E-04,1,1,0,0,0
3557,1.21E-01,4,3557,Not eroded,0,0,0,0,0,0,-8.88E-09,2.26E-07,6.54E-08,2.36E-07,5.89E-08,0,4.22E-04,1,1,0,0,0
3558,1.12E-01,5,3558,Not eroded,0,0,0,0,0,0,-5.90E-06,1.01E-06,-3.04E-09,5.99E-06,1.20E-06,0,1.07E-02,0,1,0,0,0
3559,1.61E-01,0,3559,Not eroded,0,0,0,0,0,0,0,0.00E+00,0.00E+00,0,0,1,0.00E+00,1,1,1,1,1
3560,1.20E-01,4,3560,Not eroded,0,0,0,0,0,0,1.87E-07,4.31E-08,2.87E-07,3.45E-07,8.64E-08,0,6.17E-04,1,1,0,0,0
3561,1.18E-01,0,3561,Not eroded,0,0,0,0,0,0,0,0.00E+00,0.00E+00,0,0,1,0.00E+00,1,1,1,1,1
3562,6.42E-02,5,3562,Not eroded,0,0,0,0,0,0,1.32E-08,-2.70E-07,2.14E-07,3.45E-07,6.90E-08,0,6.17E-04,0,1,0,0,0
3563,2.63E-01,0,3563,Not eroded,0,1,1,1,1,1,0,0.00E+00,0.00E+00,0,0,1,0.00E+00,1,1,1,1,1
3564,6.42E-02,4,3564,Not eroded,0,0,0,0,0,0,-1.06E-08,-2.05E-08,-1.18E-07,1.20E-07,3.00E-08,0,2.15E-04,1,1,0,0,0
3565,9.87E-02,5,3565,Not eroded,0,0,0,0,0,0,1.05E-07,-1.40E-07,2.30E-07,2.89E-07,5.77E-08,0,5.17E-04,0,1,0,0,0
3566,6.71E-02,4,3566,Not eroded,0,0,0,0,0,0,1.07E-07,-1.74E-07,1.94E-07,2.82E-07,7.05E-08,0,5.04E-04,1,1,0,0,0
3567,1.96E-01,4,3567,Not eroded,0,1,0,0,0,0,-2.47E-06,8.64E-07,1.58E-06,3.06E-06,7.64E-07,0,5.47E-03,1,1,0,0,0
3568,2.20E-01,3,3568,Not eroded,0,1,0,0,0,0,-2.20E-07,7.58E-07,7.53E-07,1.09E-06,3.64E-07,1,1.95E-03,1,1,0,0,0
3569,2.76E-01,0,3569,Not eroded,0,1,1,1,1,1,0,0.00E+00,0.00E+00,0,0,1,0.00E+00,1,1,1,1,1
3570,2.76E-01,0,3570,ERODED,1,1,1,1,1,1,0,0.00E+00,0.00E+00,0,0,1,0.00E+00,1,1,1,1,1
3571,1.49E-01,5,3571,Not eroded,0,0,0,0,0,0,1.45E-08,-4.81E-08,5.50E-07,5.53E-07,1.11E-07,0,9.89E-04,0,1,0,0,0
3572,5.66E-02,3,3572,Not eroded,0,0,0,0,0,0,-2.42E-07,-1.13E-07,-1.26E-06,1.29E-06,4.30E-07,1,2.31E-03,1,1,0,0,0
3573,2.97E-01,0,3573,ERODED,1,1,1,1,1,1,0,0.00E+00,0.00E+00,0,0,1,0.00E+00,1,1,1,1,1
3574,1.74E-01,0,3574,Not eroded,0,0,0,0,0,0,0,0.00E+00,0.00E+00,0,0,1,0.00E+00,1,1,1,1,1
3575,1.18E-01,0,3575,Not eroded,0,0,0,0,0,0,0,0.00E+00,0.00E+00,0,0,1,0.00E+00,1,1,1,1,1
3576,1.02E-01,5,3576,Not eroded,0,0,0,0,0,0,2.18E-07,-4.52E-07,8.02E-07,9.46E-07,1.89E-07,0,1.69E-03,0,1,0,0,0
3577,6.58E-02,3,3577,Not eroded,0,0,0,0,0,0,6.17E-07,-1.31E-07,-1.99E-07,6.61E-07,2.20E-07,1,1.18E-03,1,1,0,0,0
3578,3.21E-01,0,3578,ERODED,1,1,1,1,1,1,0,0.00E+00,0.00E+00,0,0,1,0.00E+00,1,1,1,1,1
3579,1.18E-01,5,3579,Not eroded,0,0,0,0,0,0,4.28E-07,4.15E-08,1.56E-07,4.58E-07,9.15E-08,0,8.19E-04,0,1,0,0,0
3580,1.33E-01,5,3580,Not eroded,0,0,0,0,0,0,1.17E-07,2.19E-07,1.51E-07,2.91E-07,5.82E-08,0,5.21E-04,0,1,0,0,0
3581,2.97E-01,5,3581,Not eroded,0,1,1,1,1,1,-1.02E-05,2.21E-06,3.66E-06,1.10E-05,2.20E-06,0,1.97E-02,0,1,0,0,0
3582,2.34E-01,4,3582,Not eroded,0,1,1,1,0,0,-6.59E-07,-3.23E-07,5.20E-07,9.00E-07,2.25E-07,0,1.61E-03,1,1,0,0,0
3583,1.65E-01,4,3583,Not eroded,0,0,0,0,0,0,1.10E-07,4.45E-07,2.37E-07,5.16E-07,1.29E-07,0,9.23E-04,1,1,0,0,0
3584,2.95E-01,3,3584,Not eroded,0,1,1,1,1,1,2.41E-07,3.42E-07,8.99E-08,4.28E-07,1.43E-07,1,7.66E-04,1,1,0,0,0
3585,3.27E-01,0,3585,ERODED,1,1,1,1,1,1,0,0.00E+00,0.00E+00,0,0,1,0.00E+00,1,1,1,1,1
3587,2.52E-01,5,3587,Not eroded,0,1,1,1,1,1,7.86E-07,9.59E-07,-3.99E-07,1.30E-06,2.60E-07,0,2.33E-03,0,1,0,0,0
3588,2.06E-01,0,3588,Not eroded,0,1,0,0,0,0,0,0.00E+00,0.00E+00,0,0,1,0.00E+00,1,1,1,1,1
3590,2.21E-01,3,3590,Not eroded,0,1,1,0,0,0,-9.48E-07,1.24E-06,8.70E-07,1.78E-06,5.95E-07,1,3.18E-03,1,1,0,0,0
3592,5.65E-02,3,3592,Not eroded,0,0,0,0,0,0,2.80E-07,3.64E-07,-8.43E-07,9.60E-07,3.20E-07,1,1.72E-03,1,1,0,0,0
3593,2.97E-01,0,3593,ERODED,1,1,1,1,1,1,0,0.00E+00,0.00E+00,0,0,1,0.00E+00,1,1,1,1,1
3594,2.45E-01,4,3594,Not eroded,0,1,1,1,1,0,-2.35E-07,-1.05E-07,-2.65E-08,2.58E-07,6.46E-08,0,4.61E-04,1,1,0,0,0
3595,3.19E-01,0,3595,ERODED,1,1,1,1,1,1,0,0.00E+00,0.00E+00,0,0,1,0.00E+00,1,1,1,1,1
3596,5.73E-02,0,3596,Not eroded,0,0,0,0,0,0,0,0.00E+00,0.00E+00,0,0,1,0.00E+00,1,1,1,1,1
3597,7.12E-02,4,3597,Not eroded,0,0,0,0,0,0,2.29E-07,-3.78E-08,-6.74E-08,2.42E-07,6.05E-08,0,4.33E-04,1,1,0,0,0
3598,9.52E-02,4,3598,Not eroded,0,0,0,0,0,0,-2.35E-08,-2.44E-08,3.66E-07,3.68E-07,9.19E-08,0,6.58E-04,1,1,0,0,0
3599,2.48E-01,4,3599,Not eroded,0,1,1,1,1,0,-7.65E-07,-6.06E-07,3.19E-08,9.76E-07,2.44E-07,0,1.75E-03,1,1,0,0,0
3600,1.99E-01,2,3600,Not eroded,0,1,0,0,0,0,4.33E-07,1.37E-07,5.40E-07,7.06E-07,3.53E-07,1,1.26E-03,1,1,1,0,0
3601,7.71E-02,0,3601,Not eroded,0,0,0,0,0,0,0,0.00E+00,0.00E+00,0,0,1,0.00E+00,1,1,1,1,1
3602,1.04E-01,3,3602,Not eroded,0,0,0,0,0,0,3.28E-07,9.72E-08,-7.14E-09,3.42E-07,1.14E-07,1,6.12E-04,1,1,0,0,0
3603,2.89E-01,4,3603,Not eroded,0,1,1,1,1,1,-4.43E-07,-1.77E-07,5.75E-07,7.47E-07,1.87E-07,0,1.34E-03,1,1,0,0,0
3604,2.96E-01,2,3604,Not eroded,0,1,1,1,1,1,4.43E-08,5.40E-08,1.01E-07,1.23E-07,6.14E-08,1,2.20E-04,1,1,1,0,0
3605,1.04E-01,4,3605,Not eroded,0,0,0,0,0,0,1.05E-07,-6.78E-08,-1.45E-07,1.92E-07,4.79E-08,0,3.43E-04,1,1,0,0,0
3607,2.27E-01,4,3607,Not eroded,0,1,1,0,0,0,-2.36E-06,5.16E-07,9.18E-06,9.50E-06,2.37E-06,0,1.70E-02,1,1,0,0,0
3608,2.28E-01,6,3608,Not eroded,0,1,1,0,0,0,-4.40E-08,3.18E-07,3.79E-07,4.96E-07,8.27E-08,0,8.87E-04,0,0,0,0,0
3610,2.41E-01,4,3610,Not eroded,0,1,1,1,1,0,-3.89E-07,9.94E-07,4.86E-07,1.17E-06,2.93E-07,0,2.09E-03,1,1,0,0,0
3611,1.14E-01,3,3611,Not eroded,0,0,0,0,0,0,3.97E-07,-2.10E-07,9.66E-09,4.49E-07,1.50E-07,1,8.03E-04,1,1,0,0,0
3612,2.80E-01,4,3612,Not eroded,0,1,1,1,1,1,4.84E-06,-1.76E-06,-1.56E-06,5.38E-06,1.34E-06,0,9.62E-03,1,1,0,0,0
3613,1.57E-01,4,3613,Not eroded,0,0,0,0,0,0,3.50E-07,1.54E-07,3.00E-07,4.85E-07,1.21E-07,0,8.68E-04,1,1,0,0,0
3615,1.21E-01,0,3615,Not eroded,0,0,0,0,0,0,0,0.00E+00,0.00E+00,0,0,1,0.00E+00,1,1,1,1,1
3616,2.83E-01,3,3616,Not eroded,0,1,1,1,1,1,-2.86E-07,-1.18E-07,-1.16E-08,3.10E-07,1.03E-07,1,5.54E-04,1,1,0,0,0
3617,2.10E-01,5,3617,Not eroded,0,1,0,0,0,0,2.32E-07,2.55E-07,1.40E-07,3.72E-07,7.45E-08,0,6.65E-04,0,1,0,0,0
3618,1.03E-01,8,3618,Not eroded,0,0,0,0,0,0,1.34E-06,1.64E-07,2.12E-07,1.37E-06,1.71E-07,0,2.45E-03,0,0,0,0,0
3619,2.66E-01,6,3619,Not eroded,0,1,1,1,1,1,-1.35E-06,2.94E-06,3.26E-06,4.60E-06,7.66E-07,0,8.23E-03,0,0,0,0,0
3620,2.25E-01,4,3620,Not eroded,0,1,1,0,0,0,7.20E-08,-4.30E-07,6.65E-08,4.41E-07,1.10E-07,0,7.89E-04,1,1,0,0,0
3621,2.48E-01,3,3621,Not eroded,0,1,1,1,1,0,7.93E-06,-1.34E-05,-1.97E-06,1.57E-05,5.23E-06,1,2.81E-02,1,1,0,0,0
3622,2.47E-01,4,3622,Not eroded,0,1,1,1,1,0,3.41E-07,-6.67E-07,-1.90E-07,7.74E-07,1.93E-07,0,1.38E-03,1,1,0,0,0
3623,1.58E-01,3,3623,Not eroded,0,0,0,0,0,0,-2.80E-07,1.10E-09,-2.01E-08,2.81E-07,9.36E-08,1,5.03E-04,1,1,0,0,0
3624,2.79E-01,3,3624,Not eroded,0,1,1,1,1,1,-1.81E-07,-8.88E-07,5.43E-08,9.08E-07,3.03E-07,1,1.62E-03,1,1,0,0,0
3625,2.13E-01,5,3625,Not eroded,0,1,0,0,0,0,1.04E-06,3.26E-07,3.88E-07,1.16E-06,2.32E-07,0,2.07E-03,0,1,0,0,0
3626,2.08E-01,0,3626,Not eroded,0,1,0,0,0,0,0,0.00E+00,0.00E+00,0,0,1,0.00E+00,1,1,1,1,1
3627,5.65E-02,2,3627,Not eroded,0,0,0,0,0,0,2.54E-07,-4.22E-07,-1.41E-06,1.50E-06,7.49E-07,1,2.68E-03,1,1,1,0,0
3628,5.64E-02,4,3628,Not eroded,0,0,0,0,0,0,1.79E-08,-9.41E-09,-1.22E-06,1.23E-06,3.06E-07,0,2.20E-03,1,1,0,0,0
3629,3.22E-01,0,3629,ERODED,1,1,1,1,1,1,0,0.00E+00,0.00E+00,0,0,1,0.00E+00,1,1,1,1,1
3630,6.25E-02,4,3630,Not eroded,0,0,0,0,0,0,6.91E-08,2.60E-07,2.39E-07,3.60E-07,9.00E-08,0,6.44E-04,1,1,0,0,0
3631,2.50E-01,3,3631,Not eroded,0,1,1,1,1,0,-2.61E-07,8.99E-07,1.21E-06,1.53E-06,5.09E-07,1,2.74E-03,1,1,0,0,0
3632,2.12E-01,3,3632,Not eroded,0,1,0,0,0,0,4.93E-07,1.91E-07,1.49E-07,5.49E-07,1.83E-07,1,9.82E-04,1,1,0,0,0
3633,2.36E-01,3,3633,Not eroded,0,1,1,1,0,0,-9.63E-08,8.37E-06,-1.23E-06,8.46E-06,2.82E-06,1,1.51E-02,1,1,0,0,0
3634,1.90E-01,0,3634,Not eroded,0,0,0,0,0,0,0,0.00E+00,0.00E+00,0,0,1,0.00E+00,1,1,1,1,1
3635,1.82E-01,5,3635,Not eroded,0,0,0,0,0,0,3.42E-07,-1.08E-07,1.36E-07,3.84E-07,7.68E-08,0,6.87E-04,0,1,0,0,0
3636,8.80E-02,5,3636,Not eroded,0,0,0,0,0,0,-1.41E-07,8.86E-08,-1.52E-07,2.25E-07,4.51E-08,0,4.02E-04,0,1,0,0,0
3637,5.66E-02,3,3637,Not eroded,0,0,0,0,0,0,1.36E-07,1.84E-07,-1.21E-06,1.24E-06,4.12E-07,1,2.22E-03,1,1,0,0,0
3638,2.66E-01,0,3638,Not eroded,0,1,1,1,1,1,0,0.00E+00,0.00E+00,0,0,1,0.00E+00,1,1,1,1,1
3639,1.23E-01,3,3639,Not eroded,0,0,0,0,0,0,3.72E-08,-4.02E-07,2.65E-07,4.83E-07,1.61E-07,1,8.64E-04,1,1,0,0,0
3640,1.79E-01,5,3640,Not eroded,0,0,0,0,0,0,3.24E-07,5.93E-07,2.90E-07,7.35E-07,1.47E-07,0,1.31E-03,0,1,0,0,0
3641,1.46E-01,4,3641,Not eroded,0,0,0,0,0,0,-1.09E-07,-8.44E-07,3.30E-07,9.13E-07,2.28E-07,0,1.63E-03,1,1,0,0,0
3642,1.54E-01,6,3642,Not eroded,0,0,0,0,0,0,4.74E-07,5.98E-08,-1.01E-07,4.88E-07,8.13E-08,0,8.73E-04,0,0,0,0,0
3643,3.06E-01,0,3643,ERODED,1,1,1,1,1,1,0,0.00E+00,0.00E+00,0,0,1,0.00E+00,1,1,1,1,1
3644,9.55E-02,0,3644,Not eroded,0,0,0,0,0,0,0,0.00E+00,0.00E+00,0,0,1,0.00E+00,1,1,1,1,1
3645,1.41E-01,3,3645,Not eroded,0,0,0,0,0,0,-5.68E-08,3.36E-07,6.97E-07,7.75E-07,2.58E-07,1,1.39E-03,1,1,0,0,0
3646,2.86E-01,0,3646,ERODED,1,1,1,1,1,1,0,0.00E+00,0.00E+00,0,0,1,0.00E+00,1,1,1,1,1
3647,1.12E-01,5,3647,Not eroded,0,0,0,0,0,0,-5.15E-08,-1.04E-07,7.58E-08,1.39E-07,2.77E-08,0,2.49E-04,0,1,0,0,0
3648,1.57E-01,5,3648,Not eroded,0,0,0,0,0,0,6.21E-08,-4.26E-08,-2.45E-08,7.92E-08,1.58E-08,0,1.42E-04,0,1,0,0,0
3649,1.52E-01,0,3649,Not eroded,0,0,0,0,0,0,0,0.00E+00,0.00E+00,0,0,1,0.00E+00,1,1,1,1,1
3650,1.17E-01,0,3650,Not eroded,0,0,0,0,0,0,0,0.00E+00,0.00E+00,0,0,1,0.00E+00,1,1,1,1,1
3651,2.20E-01,0,3651,Not eroded,0,1,0,0,0,0,0,0.00E+00,0.00E+00,0,0,1,0.00E+00,1,1,1,1,1
3652,2.25E-01,5,3652,Not eroded,0,1,1,0,0,0,-4.97E-06,1.01E-05,8.72E-06,1.42E-05,2.84E-06,0,2.54E-02,0,1,0,0,0
3653,6.40E-02,0,3653,Not eroded,0,0,0,0,0,0,0,0.00E+00,0.00E+00,0,0,1,0.00E+00,1,1,1,1,1
3654,1.45E-01,4,3654,Not eroded,0,0,0,0,0,0,2.83E-07,1.21E-07,-7.69E-09,3.08E-07,7.70E-08,0,5.51E-04,1,1,0,0,0
3655,5.88E-02,5,3655,Not eroded,0,0,0,0,0,0,-1.06E-07,1.83E-07,1.87E-08,2.12E-07,4.24E-08,0,3.79E-04,0,1,0,0,0
3657,5.67E-02,3,3657,Not eroded,0,0,0,0,0,0,5.45E-07,-6.32E-07,9.75E-08,8.41E-07,2.80E-07,1,1.50E-03,1,1,0,0,0
3658,3.25E-01,0,3658,ERODED,1,1,1,1,1,1,0,0.00E+00,0.00E+00,0,0,1,0.00E+00,1,1,1,1,1
3659,8.92E-02,5,3659,Not eroded,0,0,0,0,0,0,4.30E-09,-1.36E-07,-9.15E-08,1.64E-07,3.28E-08,0,2.93E-04,0,1,0,0,0
3660,2.06E-01,5,3660,Not eroded,0,1,0,0,0,0,4.79E-07,2.50E-07,2.97E-07,6.16E-07,1.23E-07,0,1.10E-03,0,1,0,0,0
3661,6.65E-02,3,3661,Not eroded,0,0,0,0,0,0,2.27E-07,-9.82E-08,-8.25E-08,2.61E-07,8.69E-08,1,4.67E-04,1,1,0,0,0
3663,1.53E-01,4,3663,Not eroded,0,0,0,0,0,0,-4.92E-07,4.15E-06,-7.32E-07,4.24E-06,1.06E-06,0,7.58E-03,1,1,0,0,0
3664,1.43E-01,4,3664,Not eroded,0,0,0,0,0,0,3.77E-07,-4.41E-07,1.44E-06,1.55E-06,3.88E-07,0,2.77E-03,1,1,0,0,0
3665,1.54E-01,4,3665,Not eroded,0,0,0,0,0,0,1.19E-07,4.60E-07,1.30E-08,4.75E-07,1.19E-07,0,8.50E-04,1,1,0,0,0
3667,3.00E-01,0,3667,Not eroded,0,1,1,1,1,1,0,0.00E+00,0.00E+00,0,0,1,0.00E+00,1,1,1,1,1
3668,2.20E-01,0,3668,Not eroded,0,1,0,0,0,0,0,0.00E+00,0.00E+00,0,0,1,0.00E+00,1,1,1,1,1
3669,2.33E-01,3,3669,Not eroded,0,1,1,1,0,0,4.91E-07,2.32E-06,1.77E-06,2.96E-06,9.85E-07,1,5.29E-03,1,1,0,0,0
3670,2.89E-01,0,3670,ERODED,1,1,1,1,1,1,0,0.00E+00,0.00E+00,0,0,1,0.00E+00,1,1,1,1,1
3671,2.95E-01,4,3671,Not eroded,0,1,1,1,1,1,-9.07E-08,-1.58E-07,6.23E-08,1.92E-07,4.81E-08,0,3.43E-04,1,1,0,0,0
3672,3.14E-01,0,3672,ERODED,1,1,1,1,1,1,0,0.00E+00,0.00E+00,0,0,1,0.00E+00,1,1,1,1,1
3673,1.64E-01,3,3673,Not eroded,0,0,0,0,0,0,2.53E-07,5.06E-08,5.68E-08,2.64E-07,8.80E-08,1,4.72E-04,1,1,0,0,0
3674,1.93E-01,0,3674,Not eroded,0,1,0,0,0,0,0,0.00E+00,0.00E+00,0,0,1,0.00E+00,1,1,1,1,1
3675,2.07E-01,0,3675,Not eroded,0,1,0,0,0,0,0,0.00E+00,0.00E+00,0,0,1,0.00E+00,1,1,1,1,1
3676,9.69E-02,0,3676,Not eroded,0,0,0,0,0,0,0,0.00E+00,0.00E+00,0,0,1,0.00E+00,1,1,1,1,1
3677,1.03E-01,4,3677,Not eroded,0,0,0,0,0,0,2.65E-07,1.28E-07,4.17E-07,5.11E-07,1.28E-07,0,9.14E-04,1,1,0,0,0
3679,3.04E-01,4,3679,Not eroded,0,1,1,1,1,1,-8.22E-06,-1.65E-06,2.38E-05,2.52E-05,6.31E-06,0,4.51E-02,1,1,0,0,0
3681,1.96E-01,4,3681,Not eroded,0,1,0,0,0,0,-2.29E-07,1.99E-07,8.00E-08,3.13E-07,7.84E-08,0,5.60E-04,1,1,0,0,0
3682,1.66E-01,2,3682,Not eroded,0,0,0,0,0,0,-3.15E-06,7.14E-07,3.98E-06,5.13E-06,2.56E-06,1,9.18E-03,1,1,1,0,0
3685,9.44E-02,0,3685,Not eroded,0,0,0,0,0,0,0,0.00E+00,0.00E+00,0,0,1,0.00E+00,1,1,1,1,1
3686,1.54E-01,0,3686,Not eroded,0,0,0,0,0,0,0,0.00E+00,0.00E+00,0,0,1,0.00E+00,1,1,1,1,1
3687,2.07E-01,5,3687,Not eroded,0,1,0,0,0,0,2.20E-07,-1.84E-07,-1.11E-07,3.08E-07,6.15E-08,0,5.51E-04,0,1,0,0,0
3688,1.61E-01,4,3688,Not eroded,0,0,0,0,0,0,6.62E-08,1.37E-07,1.16E-06,1.17E-06,2.92E-07,0,2.09E-03,1,1,0,0,0
3689,9.35E-02,3,3689,Not eroded,0,0,0,0,0,0,-1.12E-07,2.72E-08,1.94E-07,2.26E-07,7.53E-08,1,4.04E-04,1,1,0,0,0
3690,2.48E-01,4,3690,Not eroded,0,1,1,1,1,0,3.88E-07,-3.93E-07,-2.08E-07,5.90E-07,1.48E-07,0,1.06E-03,1,1,0,0,0
3691,2.81E-01,4,3691,Not eroded,0,1,1,1,1,1,3.00E-07,-8.84E-07,-8.62E-08,9.38E-07,2.34E-07,0,1.68E-03,1,1,0,0,0
3692,1.35E-01,5,3692,Not eroded,0,0,0,0,0,0,-1.73E-07,-8.48E-07,5.78E-08,8.68E-07,1.74E-07,0,1.55E-03,0,1,0,0,0
3693,2.44E-01,6,3693,Not eroded,0,1,1,1,1,0,-5.88E-08,4.33E-08,9.64E-08,1.21E-07,2.02E-08,0,2.16E-04,0,0,0,0,0
3694,6.86E-02,4,3694,Not eroded,0,0,0,0,0,0,1.57E-07,1.35E-08,-4.69E-08,1.65E-07,4.12E-08,0,2.95E-04,1,1,0,0,0
3695,2.10E-01,2,3695,Not eroded,0,1,0,0,0,0,3.80E-07,-3.52E-07,5.45E-07,7.52E-07,3.76E-07,1,1.35E-03,1,1,1,0,0
3696,1.04E-01,5,3696,Not eroded,0,0,0,0,0,0,-1.15E-07,7.29E-08,9.97E-08,1.69E-07,3.37E-08,0,3.02E-04,0,1,0,0,0
3697,1.97E-01,4,3697,Not eroded,0,1,0,0,0,0,2.68E-06,-3.04E-07,9.55E-07,2.86E-06,7.15E-07,0,5.12E-03,1,1,0,0,0
3698,2.10E-01,4,3698,Not eroded,0,1,0,0,0,0,-4.57E-07,-2.47E-08,2.59E-08,4.58E-07,1.15E-07,0,8.19E-04,1,1,0,0,0
3699,3.00E-01,4,3699,Not eroded,0,1,1,1,1,1,7.11E-07,9.83E-07,-3.96E-07,1.28E-06,3.19E-07,0,2.29E-03,1,1,0,0,0
3700,3.16E-01,0,3700,ERODED,1,1,1,1,1,1,0,0.00E+00,0.00E+00,0,0,1,0.00E+00,1,1,1,1,1
3701,1.30E-01,4,3701,Not eroded,0,0,0,0,0,0,4.65E-07,1.48E-07,4.98E-07,6.98E-07,1.74E-07,0,1.25E-03,1,1,0,0,0
3702,2.33E-01,0,3702,Not eroded,0,1,1,1,0,0,0,0.00E+00,0.00E+00,0,0,1,0.00E+00,1,1,1,1,1
3703,2.35E-01,0,3703,Not eroded,0,1,1,1,0,0,0,0.00E+00,0.00E+00,0,0,1,0.00E+00,1,1,1,1,1
3704,2.53E-01,3,3704,Not eroded,0,1,1,1,1,1,3.72E-06,8.77E-07,7.22E-07,3.89E-06,1.30E-06,1,6.96E-03,1,1,0,0,0
3705,7.63E-02,5,3705,Not eroded,0,0,0,0,0,0,-2.01E-07,9.04E-08,2.70E-07,3.48E-07,6.97E-08,0,6.22E-04,0,1,0,0,0
3706,2.68E-01,4,3706,Not eroded,0,1,1,1,1,1,5.52E-07,5.46E-07,8.18E-07,1.13E-06,2.82E-07,0,2.02E-03,1,1,0,0,0
3707,1.76E-01,4,3707,Not eroded,0,0,0,0,0,0,-1.20E-07,-6.29E-08,-6.02E-08,1.49E-07,3.72E-08,0,2.67E-04,1,1,0,0,0
3708,2.82E-01,4,3708,Not eroded,0,1,1,1,1,1,4.06E-07,6.03E-08,2.85E-07,5.00E-07,1.25E-07,0,8.94E-04,1,1,0,0,0
3709,1.26E-01,5,3709,Not eroded,0,0,0,0,0,0,3.46E-06,3.11E-06,9.62E-07,4.75E-06,9.49E-07,0,8.50E-03,0,1,0,0,0
3710,2.94E-01,0,3710,Not eroded,0,1,1,1,1,1,0,0.00E+00,0.00E+00,0,0,1,0.00E+00,1,1,1,1,1
3711,1.26E-01,5,3711,Not eroded,0,0,0,0,0,0,9.98E-09,-1.02E-06,1.38E-09,1.02E-06,2.04E-07,0,1.82E-03,0,1,0,0,0
3712,3.26E-01,0,3712,ERODED,1,1,1,1,1,1,0,0.00E+00,0.00E+00,0,0,1,0.00E+00,1,1,1,1,1
3713,6.30E-02,5,3713,Not eroded,0,0,0,0,0,0,1.88E-07,-3.05E-07,6.94E-08,3.65E-07,7.30E-08,0,6.53E-04,0,1,0,0,0
3714,1.65E-01,6,3714,Not eroded,0,0,0,0,0,0,4.93E-07,1.95E-07,8.59E-07,1.01E-06,1.68E-07,0,1.81E-03,0,0,0,0,0
3715,9.50E-02,0,3715,Not eroded,0,0,0,0,0,0,0,0.00E+00,0.00E+00,0,0,1,0.00E+00,1,1,1,1,1
3716,6.49E-02,6,3716,Not eroded,0,0,0,0,0,0,5.58E-07,-7.41E-07,2.22E-07,9.53E-07,1.59E-07,0,1.70E-03,0,0,0,0,0
3717,6.47E-02,4,3717,Not eroded,0,0,0,0,0,0,2.14E-07,-6.37E-08,-1.03E-07,2.46E-07,6.15E-08,0,4.40E-04,1,1,0,0,0
3718,5.66E-02,2,3718,Not eroded,0,0,0,0,0,0,7.82E-07,-3.73E-07,-1.71E-06,1.92E-06,9.60E-07,1,3.43E-03,1,1,1,0,0
3719,1.07E-01,0,3719,Not eroded,0,0,0,0,0,0,0,0.00E+00,0.00E+00,0,0,1,0.00E+00,1,1,1,1,1
3721,2.03E-01,0,3721,Not eroded,0,1,0,0,0,0,0,0.00E+00,0.00E+00,0,0,1,0.00E+00,1,1,1,1,1
3722,9.56E-02,4,3722,Not eroded,0,0,0,0,0,0,-1.94E-06,-9.32E-07,1.12E-06,2.43E-06,6.07E-07,0,4.35E-03,1,1,0,0,0
3723,1.65E-01,0,3723,Not eroded,0,0,0,0,0,0,0,0.00E+00,0.00E+00,0,0,1,0.00E+00,1,1,1,1,1
3724,7.28E-02,7,3724,Not eroded,0,0,0,0,0,0,2.51E-07,3.71E-08,1.40E-07,2.90E-07,4.14E-08,0,5.19E-04,0,0,0,0,0
3725,1.86E-01,0,3725,Not eroded,0,0,0,0,0,0,0,0.00E+00,0.00E+00,0,0,1,0.00E+00,1,1,1,1,1
3726,3.11E-01,0,3726,ERODED,1,1,1,1,1,1,0,0.00E+00,0.00E+00,0,0,1,0.00E+00,1,1,1,1,1
3727,1.01E-01,6,3727,Not eroded,0,0,0,0,0,0,-7.97E-09,-3.55E-08,6.90E-08,7.80E-08,1.30E-08,0,1.40E-04,0,0,0,0,0
3728,2.54E-01,4,3728,Not eroded,0,1,1,1,1,1,-1.58E-07,-5.28E-07,-1.27E-08,5.51E-07,1.38E-07,0,9.86E-04,1,1,0,0,0
3729,1.79E-01,3,3729,Not eroded,0,0,0,0,0,0,-1.41E-07,-2.93E-07,3.05E-07,4.46E-07,1.49E-07,1,7.98E-04,1,1,0,0,0
3730,1.70E-01,3,3730,Not eroded,0,0,0,0,0,0,1.41E-07,-1.16E-07,-6.75E-08,1.94E-07,6.48E-08,1,3.47E-04,1,1,0,0,0
3731,5.66E-02,4,3731,Not eroded,0,0,0,0,0,0,-7.70E-08,-3.86E-07,-7.94E-07,8.86E-07,2.22E-07,0,1.58E-03,1,1,0,0,0
3732,2.50E-01,0,3732,Not eroded,0,1,1,1,1,0,0,0.00E+00,0.00E+00,0,0,1,0.00E+00,1,1,1,1,1
3733,2.95E-01,0,3733,ERODED,1,1,1,1,1,1,0,0.00E+00,0.00E+00,0,0,1,0.00E+00,1,1,1,1,1
3734,1.65E-01,4,3734,Not eroded,0,0,0,0,0,0,-2.44E-07,4.29E-07,1.56E-06,1.64E-06,4.09E-07,0,2.93E-03,1,1,0,0,0
3735,7.31E-02,7,3735,Not eroded,0,0,0,0,0,0,-3.63E-08,8.09E-08,7.65E-08,1.17E-07,1.67E-08,0,2.09E-04,0,0,0,0,0
3736,6.78E-02,0,3736,Not eroded,0,0,0,0,0,0,0,0.00E+00,0.00E+00,0,0,1,0.00E+00,1,1,1,1,1
3737,2.22E-01,3,3737,Not eroded,0,1,1,0,0,0,-2.81E-07,-1.71E-06,-2.76E-07,1.75E-06,5.83E-07,1,3.13E-03,1,1,0,0,0
3738,2.80E-01,0,3738,Not eroded,0,1,1,1,1,1,0,0.00E+00,0.00E+00,0,0,1,0.00E+00,1,1,1,1,1
3739,1.88E-01,4,3739,Not eroded,0,0,0,0,0,0,1.88E-06,-4.29E-07,9.61E-07,2.16E-06,5.39E-07,0,3.86E-03,1,1,0,0,0
3740,1.27E-01,6,3740,Not eroded,0,0,0,0,0,0,9.54E-08,3.54E-07,6.63E-08,3.72E-07,6.21E-08,0,6.65E-04,0,0,0,0,0
3741,1.69E-01,4,3741,Not eroded,0,0,0,0,0,0,-2.12E-08,2.46E-07,-2.29E-07,3.37E-07,8.41E-08,0,6.03E-04,1,1,0,0,0
3742,2.96E-01,0,3742,Not eroded,0,1,1,1,1,1,0,0.00E+00,0.00E+00,0,0,1,0.00E+00,1,1,1,1,1
3743,1.72E-01,4,3743,Not eroded,0,0,0,0,0,0,-1.02E-07,-6.39E-08,2.59E-07,2.85E-07,7.14E-08,0,5.10E-04,1,1,0,0,0
3744,1.22E-01,3,3744,Not eroded,0,0,0,0,0,0,-1.69E-07,-7.49E-07,1.77E-07,7.88E-07,2.63E-07,1,1.41E-03,1,1,0,0,0
3746,2.47E-01,0,3746,Not eroded,0,1,1,1,1,0,0,0.00E+00,0.00E+00,0,0,1,0.00E+00,1,1,1,1,1
3747,1.09E-01,4,3747,Not eroded,0,0,0,0,0,0,5.01E-07,1.07E-06,2.38E-08,1.18E-06,2.95E-07,0,2.11E-03,1,1,0,0,0
3748,5.65E-02,4,3748,Not eroded,0,0,0,0,0,0,-3.21E-08,1.48E-07,-1.49E-06,1.49E-06,3.74E-07,0,2.67E-03,1,1,0,0,0
3749,2.07E-01,0,3749,Not eroded,0,1,0,0,0,0,0,0.00E+00,0.00E+00,0,0,1,0.00E+00,1,1,1,1,1
3750,2.21E-01,3,3750,Not eroded,0,1,1,0,0,0,1.22E-07,-8.43E-07,-1.55E-07,8.66E-07,2.89E-07,1,1.55E-03,1,1,0,0,0
3751,2.23E-01,5,3751,Not eroded,0,1,1,0,0,0,4.48E-07,1.37E-07,7.58E-08,4.75E-07,9.50E-08,0,8.50E-04,0,1,0,0,0
3752,2.96E-01,4,3752,Not eroded,0,1,1,1,1,1,-3.57E-07,1.16E-06,-2.09E-06,2.42E-06,6.04E-07,0,4.33E-03,1,1,0,0,0
3753,1.81E-01,0,3753,Not eroded,0,0,0,0,0,0,0,0.00E+00,0.00E+00,0,0,1,0.00E+00,1,1,1,1,1
3754,1.30E-01,0,3754,Not eroded,0,0,0,0,0,0,0,0.00E+00,0.00E+00,0,0,1,0.00E+00,1,1,1,1,1
3755,3.22E-01,0,3755,ERODED,1,1,1,1,1,1,0,0.00E+00,0.00E+00,0,0,1,0.00E+00,1,1,1,1,1
3756,9.98E-02,3,3756,Not eroded,0,0,0,0,0,0,9.66E-08,1.27E-07,4.70E-07,4.96E-07,1.65E-07,1,8.87E-04,1,1,0,0,0
3757,3.19E-01,0,3757,ERODED,1,1,1,1,1,1,0,0.00E+00,0.00E+00,0,0,1,0.00E+00,1,1,1,1,1
3758,2.15E-01,4,3758,Not eroded,0,1,0,0,0,0,7.22E-07,-3.90E-06,4.15E-06,5.74E-06,1.44E-06,0,1.03E-02,1,1,0,0,0
3759,2.93E-01,3,3759,Not eroded,0,1,1,1,1,1,5.78E-07,-1.67E-07,-1.52E-08,6.02E-07,2.01E-07,1,1.08E-03,1,1,0,0,0
3760,1.80E-01,4,3760,Not eroded,0,0,0,0,0,0,5.20E-07,1.58E-07,-2.83E-07,6.12E-07,1.53E-07,0,1.09E-03,1,1,0,0,0
3761,1.03E-01,0,3761,Not eroded,0,0,0,0,0,0,0,0.00E+00,0.00E+00,0,0,1,0.00E+00,1,1,1,1,1
3762,1.46E-01,5,3762,Not eroded,0,0,0,0,0,0,6.82E-07,3.91E-07,-1.20E-07,7.95E-07,1.59E-07,0,1.42E-03,0,1,0,0,0
3763,2.63E-01,4,3763,Not eroded,0,1,1,1,1,1,2.49E-07,1.17E-07,1.48E-07,3.12E-07,7.80E-08,0,5.58E-04,1,1,0,0,0
3764,2.14E-01,5,3764,Not eroded,0,1,0,0,0,0,-7.32E-07,-4.08E-06,1.82E-06,4.53E-06,9.05E-07,0,8.10E-03,0,1,0,0,0
3765,2.33E-01,4,3765,Not eroded,0,1,1,1,0,0,8.68E-09,-2.89E-08,4.95E-07,4.96E-07,1.24E-07,0,8.87E-04,1,1,0,0,0
3766,6.36E-02,3,3766,Not eroded,0,0,0,0,0,0,9.39E-08,8.30E-09,-7.55E-08,1.21E-07,4.03E-08,1,2.16E-04,1,1,0,0,0
3767,1.30E-01,4,3767,Not eroded,0,0,0,0,0,0,4.00E-07,3.13E-07,1.14E-07,5.21E-07,1.30E-07,0,9.32E-04,1,1,0,0,0
3768,1.53E-01,5,3768,Not eroded,0,0,0,0,0,0,2.05E-06,-1.89E-06,1.06E-06,2.98E-06,5.97E-07,0,5.33E-03,0,1,0,0,0
3769,1.73E-01,0,3769,Not eroded,0,0,0,0,0,0,0,0.00E+00,0.00E+00,0,0,1,0.00E+00,1,1,1,1,1
3770,2.83E-01,0,3770,ERODED,1,1,1,1,1,1,0,0.00E+00,0.00E+00,0,0,1,0.00E+00,1,1,1,1,1
3771,1.11E-01,6,3771,Not eroded,0,0,0,0,0,0,2.18E-08,-2.85E-08,3.83E-08,5.25E-08,8.75E-09,0,9.39E-05,0,0,0,0,0
3773,2.26E-01,0,3773,Not eroded,0,1,1,0,0,0,0,0.00E+00,0.00E+00,0,0,1,0.00E+00,1,1,1,1,1
3774,6.51E-02,4,3774,Not eroded,0,0,0,0,0,0,3.17E-07,4.99E-07,-8.53E-08,5.97E-07,1.49E-07,0,1.07E-03,1,1,0,0,0
3775,2.36E-01,4,3775,Not eroded,0,1,1,1,0,0,1.04E-06,-3.01E-06,4.07E-06,5.16E-06,1.29E-06,0,9.23E-03,1,1,0,0,0
3776,2.75E-01,5,3776,Not eroded,0,1,1,1,1,1,4.37E-07,-7.79E-07,8.42E-08,8.98E-07,1.80E-07,0,1.61E-03,0,1,0,0,0
3777,1.25E-01,3,3777,Not eroded,0,0,0,0,0,0,3.01E-06,-3.79E-08,-1.02E-06,3.18E-06,1.06E-06,1,5.69E-03,1,1,0,0,0
3778,1.89E-01,8,3778,Not eroded,0,0,0,0,0,0,7.51E-08,9.63E-09,1.68E-07,1.84E-07,2.30E-08,0,3.29E-04,0,0,0,0,0
3779,2.40E-01,3,3779,Not eroded,0,1,1,1,0,0,1.90E-06,-3.54E-06,5.92E-06,7.16E-06,2.39E-06,1,1.28E-02,1,1,0,0,0
3780,1.52E-01,6,3780,Not eroded,0,0,0,0,0,0,-1.20E-06,-4.06E-07,2.70E-07,1.29E-06,2.16E-07,0,2.31E-03,0,0,0,0,0
3782,2.05E-01,5,3782,Not eroded,0,1,0,0,0,0,6.45E-08,3.28E-07,-2.60E-08,3.35E-07,6.71E-08,0,5.99E-04,0,1,0,0,0
3783,1.18E-01,5,3783,Not eroded,0,0,0,0,0,0,6.99E-08,-1.30E-07,1.08E-08,1.48E-07,2.96E-08,0,2.65E-04,0,1,0,0,0
3784,1.18E-01,3,3784,Not eroded,0,0,0,0,0,0,5.22E-07,-6.74E-08,-1.11E-07,5.38E-07,1.79E-07,1,9.62E-04,1,1,0,0,0
3785,2.74E-01,0,3785,ERODED,1,1,1,1,1,1,0,0.00E+00,0.00E+00,0,0,1,0.00E+00,1,1,1,1,1
3787,1.27E-01,3,3787,Not eroded,0,0,0,0,0,0,3.30E-06,2.21E-06,2.45E-06,4.67E-06,1.56E-06,1,8.35E-03,1,1,0,0,0
3788,7.09E-02,5,3788,Not eroded,0,0,0,0,0,0,6.24E-08,-9.07E-08,2.23E-10,1.10E-07,2.20E-08,0,1.97E-04,0,1,0,0,0
3789,2.60E-01,4,3789,Not eroded,0,1,1,1,1,1,-4.47E-07,1.35E-06,1.58E-06,2.12E-06,5.31E-07,0,3.79E-03,1,1,0,0,0
3790,1.83E-01,4,3790,Not eroded,0,0,0,0,0,0,-1.30E-07,-8.32E-08,3.74E-07,4.05E-07,1.01E-07,0,7.24E-04,1,1,0,0,0
3791,2.76E-01,0,3791,ERODED,1,1,1,1,1,1,0,0.00E+00,0.00E+00,0,0,1,0.00E+00,1,1,1,1,1
3792,1.19E-01,3,3792,Not eroded,0,0,0,0,0,0,3.32E-06,-3.02E-06,-5.74E-06,7.28E-06,2.43E-06,1,1.30E-02,1,1,0,0,0
3794,2.58E-01,4,3794,Not eroded,0,1,1,1,1,1,-2.19E-08,-1.29E-08,1.21E-07,1.24E-07,3.10E-08,0,2.22E-04,1,1,0,0,0
3795,8.58E-02,5,3795,Not eroded,0,0,0,0,0,0,-8.15E-07,-7.81E-07,1.69E-06,2.03E-06,4.06E-07,0,3.63E-03,0,1,0,0,0
3796,2.53E-01,4,3796,Not eroded,0,1,1,1,1,1,3.41E-07,7.86E-07,-5.34E-07,1.01E-06,2.52E-07,0,1.81E-03,1,1,0,0,0
3797,1.91E-01,4,3797,Not eroded,0,0,0,0,0,0,1.55E-07,3.22E-09,5.07E-07,5.30E-07,1.32E-07,0,9.48E-04,1,1,0,0,0
3798,8.28E-02,5,3798,Not eroded,0,0,0,0,0,0,-1.02E-07,-7.51E-08,1.34E-07,1.85E-07,3.69E-08,0,3.31E-04,0,1,0,0,0
3799,2.23E-01,0,3799,Not eroded,0,1,1,0,0,0,0,0.00E+00,0.00E+00,0,0,1,0.00E+00,1,1,1,1,1
3800,1.48E-01,3,3800,Not eroded,0,0,0,0,0,0,-1.12E-06,-1.69E-05,-1.81E-06,1.70E-05,5.67E-06,1,3.04E-02,1,1,0,0,0
3801,5.65E-02,3,3801,Not eroded,0,0,0,0,0,0,-4.35E-07,2.53E-07,-1.03E-06,1.15E-06,3.83E-07,1,2.06E-03,1,1,0,0,0
3802,1.00E-01,0,3802,Not eroded,0,0,0,0,0,0,0,0.00E+00,0.00E+00,0,0,1,0.00E+00,1,1,1,1,1
3803,1.32E-01,0,3803,Not eroded,0,0,0,0,0,0,0,0.00E+00,0.00E+00,0,0,1,0.00E+00,1,1,1,1,1
3804,1.40E-01,0,3804,Not eroded,0,0,0,0,0,0,0,0.00E+00,0.00E+00,0,0,1,0.00E+00,1,1,1,1,1
3805,1.76E-01,0,3805,Not eroded,0,0,0,0,0,0,0,0.00E+00,0.00E+00,0,0,1,0.00E+00,1,1,1,1,1
3807,9.44E-02,2,3807,Not eroded,0,0,0,0,0,0,7.45E-08,-2.75E-07,-1.21E-07,3.10E-07,1.55E-07,1,5.54E-04,1,1,1,0,0
3808,9.71E-02,0,3808,Not eroded,0,0,0,0,0,0,0,0.00E+00,0.00E+00,0,0,1,0.00E+00,1,1,1,1,1
3809,1.97E-01,3,3809,Not eroded,0,1,0,0,0,0,-4.08E-07,9.36E-07,2.36E-06,2.57E-06,8.58E-07,1,4.60E-03,1,1,0,0,0
3810,1.82E-01,4,3810,Not eroded,0,0,0,0,0,0,-1.20E-07,-8.20E-07,-1.41E-08,8.29E-07,2.07E-07,0,1.48E-03,1,1,0,0,0
3811,2.52E-01,0,3811,Not eroded,0,1,1,1,1,1,0,0.00E+00,0.00E+00,0,0,1,0.00E+00,1,1,1,1,1
3812,1.29E-01,4,3812,Not eroded,0,0,0,0,0,0,-1.18E-07,2.92E-07,1.22E-07,3.38E-07,8.45E-08,0,6.05E-04,1,1,0,0,0
3813,1.20E-01,0,3813,Not eroded,0,0,0,0,0,0,0,0.00E+00,0.00E+00,0,0,1,0.00E+00,1,1,1,1,1
3814,1.34E-01,4,3814,Not eroded,0,0,0,0,0,0,2.45E-07,-2.03E-08,4.11E-07,4.78E-07,1.20E-07,0,8.55E-04,1,1,0,0,0
3815,2.87E-01,0,3815,Not eroded,0,1,1,1,1,1,0,0.00E+00,0.00E+00,0,0,1,0.00E+00,1,1,1,1,1
3816,2.73E-01,4,3816,Not eroded,0,1,1,1,1,1,4.53E-08,2.27E-07,-3.72E-08,2.34E-07,5.86E-08,0,4.19E-04,1,1,0,0,0
3817,1.08E-01,6,3817,Not eroded,0,0,0,0,0,0,3.56E-06,1.77E-06,1.53E-06,4.26E-06,7.10E-07,0,7.62E-03,0,0,0,0,0
3818,9.33E-02,4,3818,Not eroded,0,0,0,0,0,0,8.18E-08,-2.33E-07,5.44E-07,5.98E-07,1.49E-07,0,1.07E-03,1,1,0,0,0
3819,1.31E-01,5,3819,Not eroded,0,0,0,0,0,0,5.26E-07,4.12E-07,6.88E-07,9.59E-07,1.92E-07,0,1.72E-03,0,1,0,0,0
3821,2.89E-01,4,3821,Not eroded,0,1,1,1,1,1,-1.53E-07,-7.10E-07,-7.73E-07,1.06E-06,2.65E-07,0,1.90E-03,1,1,0,0,0
3822,6.42E-02,0,3822,Not eroded,0,0,0,0,0,0,0,0.00E+00,0.00E+00,0,0,1,0.00E+00,1,1,1,1,1
3823,1.48E-01,0,3823,Not eroded,0,0,0,0,0,0,0,0.00E+00,0.00E+00,0,0,1,0.00E+00,1,1,1,1,1
3824,1.19E-01,0,3824,Not eroded,0,0,0,0,0,0,0,0.00E+00,0.00E+00,0,0,1,0.00E+00,1,1,1,1,1
3825,1.22E-01,3,3825,Not eroded,0,0,0,0,0,0,1.72E-07,4.05E-08,2.82E-07,3.33E-07,1.11E-07,1,5.96E-04,1,1,0,0,0
3826,3.22E-01,0,3826,ERODED,1,1,1,1,1,1,0,0.00E+00,0.00E+00,0,0,1,0.00E+00,1,1,1,1,1
3827,1.06E-01,4,3827,Not eroded,0,0,0,0,0,0,1.48E-08,-1.29E-07,-4.10E-08,1.36E-07,3.41E-08,0,2.43E-04,1,1,0,0,0
3828,5.68E-02,4,3828,Not eroded,0,0,0,0,0,0,6.96E-08,-6.29E-08,1.01E-07,1.38E-07,3.45E-08,0,2.47E-04,1,1,0,0,0
3829,2.33E-01,5,3829,Not eroded,0,1,1,1,0,0,3.28E-07,7.73E-07,1.36E-06,1.60E-06,3.20E-07,0,2.86E-03,0,1,0,0,0
3830,1.82E-01,4,3830,Not eroded,0,0,0,0,0,0,1.52E-07,6.79E-07,-9.26E-08,7.02E-07,1.75E-07,0,1.26E-03,1,1,0,0,0
3831,2.74E-01,0,3831,Not eroded,0,1,1,1,1,1,0,0.00E+00,0.00E+00,0,0,1,0.00E+00,1,1,1,1,1
3832,1.34E-01,0,3832,Not eroded,0,0,0,0,0,0,0,0.00E+00,0.00E+00,0,0,1,0.00E+00,1,1,1,1,1
3833,8.96E-02,4,3833,Not eroded,0,0,0,0,0,0,-9.61E-08,-4.35E-07,3.15E-07,5.46E-07,1.36E-07,0,9.77E-04,1,1,0,0,0
3834,1.07E-01,6,3834,Not eroded,0,0,0,0,0,0,9.58E-07,2.30E-07,2.53E-07,1.02E-06,1.70E-07,0,1.82E-03,0,0,0,0,0
3835,2.66E-01,3,3835,Not eroded,0,1,1,1,1,1,2.36E-07,-7.78E-07,-1.55E-07,8.28E-07,2.76E-07,1,1.48E-03,1,1,0,0,0
3836,6.44E-02,5,3836,Not eroded,0,0,0,0,0,0,-1.37E-07,-7.00E-08,2.15E-08,1.55E-07,3.10E-08,0,2.77E-04,0,1,0,0,0
3837,2.08E-01,0,3837,Not eroded,0,1,0,0,0,0,0,0.00E+00,0.00E+00,0,0,1,0.00E+00,1,1,1,1,1
3838,2.12E-01,3,3838,Not eroded,0,1,0,0,0,0,7.29E-08,3.15E-07,2.11E-07,3.86E-07,1.29E-07,1,6.90E-04,1,1,0,0,0
3839,2.67E-01,5,3839,Not eroded,0,1,1,1,1,1,6.56E-08,1.18E-07,-5.14E-08,1.44E-07,2.89E-08,0,2.58E-04,0,1,0,0,0
3840,5.66E-02,3,3840,Not eroded,0,0,0,0,0,0,1.59E-07,2.95E-08,-1.59E-06,1.60E-06,5.33E-07,1,2.86E-03,1,1,0,0,0
3841,2.14E-01,4,3841,Not eroded,0,1,0,0,0,0,2.36E-06,1.23E-06,-6.80E-07,2.74E-06,6.86E-07,0,4.90E-03,1,1,0,0,0
3842,2.89E-01,4,3842,Not eroded,0,1,1,1,1,1,1.71E-06,-2.00E-06,-7.48E-07,2.73E-06,6.83E-07,0,4.88E-03,1,1,0,0,0
3843,1.05E-01,4,3843,Not eroded,0,0,0,0,0,0,2.23E-07,-1.38E-06,-2.33E-06,2.72E-06,6.80E-07,0,4.87E-03,1,1,0,0,0
3844,2.50E-01,4,3844,Not eroded,0,1,1,1,1,0,7.38E-06,2.27E-06,-8.30E-07,7.77E-06,1.94E-06,0,1.39E-02,1,1,0,0,0
3845,1.11E-01,6,3845,Not eroded,0,0,0,0,0,0,1.32E-06,-2.11E-07,1.52E-06,2.03E-06,3.38E-07,0,3.63E-03,0,0,0,0,0
3846,1.92E-01,0,3846,Not eroded,0,1,0,0,0,0,0,0.00E+00,0.00E+00,0,0,1,0.00E+00,1,1,1,1,1
3847,2.90E-01,0,3847,Not eroded,0,1,1,1,1,1,0,0.00E+00,0.00E+00,0,0,1,0.00E+00,1,1,1,1,1
3848,1.78E-01,0,3848,Not eroded,0,0,0,0,0,0,0,0.00E+00,0.00E+00,0,0,1,0.00E+00,1,1,1,1,1
3849,1.97E-01,5,3849,Not eroded,0,1,0,0,0,0,1.59E-07,-3.46E-08,-8.90E-08,1.85E-07,3.70E-08,0,3.31E-04,0,1,0,0,0
3850,1.35E-01,0,3850,Not eroded,0,0,0,0,0,0,0,0.00E+00,0.00E+00,0,0,1,0.00E+00,1,1,1,1,1
3852,2.66E-01,4,3852,Not eroded,0,1,1,1,1,1,-8.66E-08,-1.40E-07,4.42E-07,4.71E-07,1.18E-07,0,8.42E-04,1,1,0,0,0
3853,7.10E-02,0,3853,Not eroded,0,0,0,0,0,0,0,0.00E+00,0.00E+00,0,0,1,0.00E+00,1,1,1,1,1
3854,3.25E-01,0,3854,ERODED,1,1,1,1,1,1,0,0.00E+00,0.00E+00,0,0,1,0.00E+00,1,1,1,1,1
3855,2.98E-01,2,3855,Not eroded,0,1,1,1,1,1,-1.55E-07,1.70E-08,2.57E-08,1.58E-07,7.91E-08,1,2.83E-04,1,1,1,0,0
3856,8.03E-02,5,3856,Not eroded,0,0,0,0,0,0,-8.91E-08,-1.21E-07,6.46E-08,1.64E-07,3.28E-08,0,2.93E-04,0,1,0,0,0
3857,1.69E-01,5,3857,Not eroded,0,0,0,0,0,0,3.20E-07,1.18E-06,5.93E-07,1.36E-06,2.72E-07,0,2.43E-03,0,1,0,0,0
3858,2.78E-01,2,3858,Not eroded,0,1,1,1,1,1,3.59E-07,7.40E-07,6.70E-07,1.06E-06,5.31E-07,1,1.90E-03,1,1,1,0,0
3859,1.42E-01,6,3859,Not eroded,0,0,0,0,0,0,9.59E-08,-5.14E-08,1.35E-07,1.74E-07,2.90E-08,0,3.11E-04,0,0,0,0,0
3860,1.28E-01,0,3860,Not eroded,0,0,0,0,0,0,0,0.00E+00,0.00E+00,0,0,1,0.00E+00,1,1,1,1,1
3861,1.40E-01,3,3861,Not eroded,0,0,0,0,0,0,3.33E-08,-2.91E-08,-2.98E-08,5.33E-08,1.78E-08,1,9.53E-05,1,1,0,0,0
3862,2.87E-01,3,3862,Not eroded,0,1,1,1,1,1,-5.40E-08,1.76E-06,1.10E-07,1.77E-06,5.89E-07,1,3.17E-03,1,1,0,0,0
3864,3.14E-01,0,3864,ERODED,1,1,1,1,1,1,0,0.00E+00,0.00E+00,0,0,1,0.00E+00,1,1,1,1,1
3865,5.65E-02,6,3865,Not eroded,0,0,0,0,0,0,-6.22E-07,7.59E-07,-1.52E-06,1.81E-06,3.02E-07,0,3.24E-03,0,0,0,0,0
3866,1.09E-01,4,3866,Not eroded,0,0,0,0,0,0,1.52E-07,-4.56E-08,3.25E-07,3.61E-07,9.03E-08,0,6.46E-04,1,1,0,0,0
3867,2.93E-01,3,3867,Not eroded,0,1,1,1,1,1,-1.93E-07,-6.28E-08,1.90E-09,2.03E-07,6.76E-08,1,3.63E-04,1,1,0,0,0
3869,5.98E-02,6,3869,Not eroded,0,0,0,0,0,0,-4.80E-08,4.22E-08,-5.36E-08,8.34E-08,1.39E-08,0,1.49E-04,0,0,0,0,0
3870,2.28E-01,0,3870,Not eroded,0,1,1,0,0,0,0,0.00E+00,0.00E+00,0,0,1,0.00E+00,1,1,1,1,1
3871,6.49E-02,6,3871,Not eroded,0,0,0,0,0,0,-2.83E-08,-5.16E-08,-1.03E-07,1.19E-07,1.98E-08,0,2.13E-04,0,0,0,0,0
3872,2.61E-01,2,3872,Not eroded,0,1,1,1,1,1,1.42E-07,-5.25E-07,4.00E-07,6.76E-07,3.38E-07,1,1.21E-03,1,1,1,0,0
3873,8.29E-02,5,3873,Not eroded,0,0,0,0,0,0,2.22E-07,-8.19E-07,-2.51E-08,8.49E-07,1.70E-07,0,1.52E-03,0,1,0,0,0
3874,7.51E-02,4,3874,Not eroded,0,0,0,0,0,0,-2.42E-06,-1.48E-06,-5.66E-07,2.89E-06,7.22E-07,0,5.17E-03,1,1,0,0,0
3875,1.09E-01,3,3875,Not eroded,0,0,0,0,0,0,1.49E-06,-1.43E-06,4.49E-07,2.12E-06,7.05E-07,1,3.79E-03,1,1,0,0,0
3876,2.97E-01,4,3876,Not eroded,0,1,1,1,1,1,2.00E-06,-2.48E-06,-4.32E-06,5.37E-06,1.34E-06,0,9.61E-03,1,1,0,0,0
3877,1.78E-01,3,3877,Not eroded,0,0,0,0,0,0,2.00E-07,-8.78E-07,1.05E-07,9.06E-07,3.02E-07,1,1.62E-03,1,1,0,0,0
3878,1.63E-01,3,3878,Not eroded,0,0,0,0,0,0,-1.87E-06,5.85E-07,-1.42E-06,2.42E-06,8.08E-07,1,4.33E-03,1,1,0,0,0
3879,1.99E-01,4,3879,Not eroded,0,1,0,0,0,0,1.52E-07,-1.61E-09,6.01E-07,6.20E-07,1.55E-07,0,1.11E-03,1,1,0,0,0
3880,6.32E-02,6,3880,Not eroded,0,0,0,0,0,0,-5.47E-08,-8.66E-08,-1.15E-08,1.03E-07,1.72E-08,0,1.84E-04,0,0,0,0,0
3881,2.83E-01,3,3881,Not eroded,0,1,1,1,1,1,2.03E-06,6.25E-06,5.80E-06,8.76E-06,2.92E-06,1,1.57E-02,1,1,0,0,0
3882,2.36E-01,3,3882,Not eroded,0,1,1,1,0,0,1.35E-05,-5.82E-06,1.72E-05,2.26E-05,7.55E-06,1,4.04E-02,1,1,0,0,0
3883,8.37E-02,0,3883,Not eroded,0,0,0,0,0,0,0,0.00E+00,0.00E+00,0,0,1,0.00E+00,1,1,1,1,1
3884,1.80E-01,2,3884,Not eroded,0,0,0,0,0,0,1.70E-07,-8.35E-08,6.41E-08,2.00E-07,1.00E-07,1,3.58E-04,1,1,1,0,0
3885,3.30E-01,0,3885,ERODED,1,1,1,1,1,1,0,0.00E+00,0.00E+00,0,0,1,0.00E+00,1,1,1,1,1
3886,2.60E-01,5,3886,Not eroded,0,1,1,1,1,1,1.53E-09,1.49E-06,1.24E-06,1.94E-06,3.87E-07,0,3.47E-03,0,1,0,0,0
3887,2.42E-01,2,3887,Not eroded,0,1,1,1,1,0,-3.42E-07,1.61E-08,1.69E-07,3.82E-07,1.91E-07,1,6.83E-04,1,1,1,0,0
3888,7.64E-02,5,3888,Not eroded,0,0,0,0,0,0,1.47E-07,2.05E-09,1.82E-07,2.34E-07,4.68E-08,0,4.19E-04,0,1,0,0,0
3890,3.29E-01,0,3890,ERODED,1,1,1,1,1,1,0,0.00E+00,0.00E+00,0,0,1,0.00E+00,1,1,1,1,1
3892,1.05E-01,4,3892,Not eroded,0,0,0,0,0,0,1.06E-06,-1.91E-06,-1.68E-06,2.75E-06,6.89E-07,0,4.92E-03,1,1,0,0,0
3893,2.57E-01,2,3893,Not eroded,0,1,1,1,1,1,-2.95E-08,-2.68E-07,3.80E-07,4.66E-07,2.33E-07,1,8.34E-04,1,1,1,0,0
3894,1.97E-01,3,3894,Not eroded,0,1,0,0,0,0,8.55E-07,4.70E-07,6.50E-07,1.17E-06,3.91E-07,1,2.09E-03,1,1,0,0,0
3895,1.05E-01,5,3895,Not eroded,0,0,0,0,0,0,-1.02E-06,1.20E-07,1.18E-06,1.56E-06,3.13E-07,0,2.79E-03,0,1,0,0,0
3896,1.74E-01,0,3896,Not eroded,0,0,0,0,0,0,0,0.00E+00,0.00E+00,0,0,1,0.00E+00,1,1,1,1,1
3897,1.27E-01,0,3897,Not eroded,0,0,0,0,0,0,0,0.00E+00,0.00E+00,0,0,1,0.00E+00,1,1,1,1,1
3899,1.55E-01,5,3899,Not eroded,0,0,0,0,0,0,-2.46E-08,1.02E-07,2.50E-07,2.71E-07,5.43E-08,0,4.85E-04,0,1,0,0,0
3900,5.65E-02,4,3900,Not eroded,0,0,0,0,0,0,-3.99E-07,8.76E-08,-1.46E-06,1.51E-06,3.78E-07,0,2.70E-03,1,1,0,0,0
3901,1.97E-01,2,3901,Not eroded,0,1,0,0,0,0,1.13E-06,1.40E-06,8.56E-08,1.80E-06,9.02E-07,1,3.22E-03,1,1,1,0,0
3902,2.24E-01,0,3902,Not eroded,0,1,1,0,0,0,0,0.00E+00,0.00E+00,0,0,1,0.00E+00,1,1,1,1,1
3903,3.25E-01,0,3903,ERODED,1,1,1,1,1,1,0,0.00E+00,0.00E+00,0,0,1,0.00E+00,1,1,1,1,1
3904,1.77E-01,4,3904,Not eroded,0,0,0,0,0,0,1.38E-07,-7.18E-08,2.34E-07,2.81E-07,7.02E-08,0,5.03E-04,1,1,0,0,0
3906,1.34E-01,4,3906,Not eroded,0,0,0,0,0,0,-1.20E-06,5.82E-06,5.66E-08,5.95E-06,1.49E-06,0,1.06E-02,1,1,0,0,0
3907,1.64E-01,3,3907,Not eroded,0,0,0,0,0,0,2.69E-06,1.86E-06,-8.49E-07,3.38E-06,1.13E-06,1,6.05E-03,1,1,0,0,0
3908,9.32E-02,3,3908,Not eroded,0,0,0,0,0,0,-2.88E-08,1.45E-07,1.50E-07,2.10E-07,7.00E-08,1,3.76E-04,1,1,0,0,0
3909,9.51E-02,5,3909,Not eroded,0,0,0,0,0,0,5.21E-07,-6.35E-07,5.72E-07,1.00E-06,2.00E-07,0,1.79E-03,0,1,0,0,0
3910,1.21E-01,0,3910,Not eroded,0,0,0,0,0,0,0,0.00E+00,0.00E+00,0,0,1,0.00E+00,1,1,1,1,1
3911,1.35E-01,0,3911,Not eroded,0,0,0,0,0,0,0,0.00E+00,0.00E+00,0,0,1,0.00E+00,1,1,1,1,1
3912,1.59E-01,3,3912,Not eroded,0,0,0,0,0,0,-5.06E-09,-6.32E-07,1.50E-07,6.49E-07,2.16E-07,1,1.16E-03,1,1,0,0,0
3913,5.88E-02,0,3913,Not eroded,0,0,0,0,0,0,0,0.00E+00,0.00E+00,0,0,1,0.00E+00,1,1,1,1,1
3914,1.48E-01,3,3914,Not eroded,0,0,0,0,0,0,-3.95E-07,-6.15E-07,1.49E-07,7.46E-07,2.49E-07,1,1.33E-03,1,1,0,0,0
3915,1.76E-01,0,3915,Not eroded,0,0,0,0,0,0,0,0.00E+00,0.00E+00,0,0,1,0.00E+00,1,1,1,1,1
3916,2.83E-01,0,3916,Not eroded,0,1,1,1,1,1,0,0.00E+00,0.00E+00,0,0,1,0.00E+00,1,1,1,1,1
3917,1.50E-01,4,3917,Not eroded,0,0,0,0,0,0,8.60E-07,7.95E-08,1.98E-07,8.86E-07,2.22E-07,0,1.58E-03,1,1,0,0,0
3918,2.80E-01,0,3918,ERODED,1,1,1,1,1,1,0,0.00E+00,0.00E+00,0,0,1,0.00E+00,1,1,1,1,1
3919,2.63E-01,2,3919,Not eroded,0,1,1,1,1,1,-8.02E-06,-6.41E-06,3.29E-06,1.08E-05,5.39E-06,1,1.93E-02,1,1,1,0,0
3920,3.30E-01,0,3920,ERODED,1,1,1,1,1,1,0,0.00E+00,0.00E+00,0,0,1,0.00E+00,1,1,1,1,1
3921,2.74E-01,5,3921,Not eroded,0,1,1,1,1,1,-1.79E-06,5.93E-06,1.47E-07,6.19E-06,1.24E-06,0,1.11E-02,0,1,0,0,0
3922,2.68E-01,3,3922,Not eroded,0,1,1,1,1,1,2.46E-07,4.14E-07,2.79E-08,4.82E-07,1.61E-07,1,8.62E-04,1,1,0,0,0
3923,3.24E-01,0,3923,ERODED,1,1,1,1,1,1,0,0.00E+00,0.00E+00,0,0,1,0.00E+00,1,1,1,1,1
3924,9.84E-02,3,3924,Not eroded,0,0,0,0,0,0,3.71E-07,-4.60E-07,3.54E-08,5.92E-07,1.97E-07,1,1.06E-03,1,1,0,0,0
3925,6.39E-02,5,3925,Not eroded,0,0,0,0,0,0,-4.48E-08,5.80E-07,7.34E-08,5.86E-07,1.17E-07,0,1.05E-03,0,1,0,0,0
3926,8.84E-02,4,3926,Not eroded,0,0,0,0,0,0,1.07E-07,8.58E-08,1.85E-07,2.31E-07,5.76E-08,0,4.13E-04,1,1,0,0,0
3927,3.25E-01,0,3927,ERODED,1,1,1,1,1,1,0,0.00E+00,0.00E+00,0,0,1,0.00E+00,1,1,1,1,1
3928,1.75E-01,4,3928,Not eroded,0,0,0,0,0,0,3.40E-07,-1.21E-07,7.46E-07,8.29E-07,2.07E-07,0,1.48E-03,1,1,0,0,0
3929,3.18E-01,0,3929,ERODED,1,1,1,1,1,1,0,0.00E+00,0.00E+00,0,0,1,0.00E+00,1,1,1,1,1
3930,1.90E-01,4,3930,Not eroded,0,0,0,0,0,0,-4.29E-07,2.67E-07,5.56E-08,5.08E-07,1.27E-07,0,9.09E-04,1,1,0,0,0
3931,5.66E-02,3,3931,Not eroded,0,0,0,0,0,0,-2.49E-08,2.14E-07,-1.32E-06,1.34E-06,4.47E-07,1,2.40E-03,1,1,0,0,0
3932,2.80E-01,0,3932,Not eroded,0,1,1,1,1,1,0,0.00E+00,0.00E+00,0,0,1,0.00E+00,1,1,1,1,1
3933,2.56E-01,0,3933,Not eroded,0,1,1,1,1,1,0,0.00E+00,0.00E+00,0,0,1,0.00E+00,1,1,1,1,1
3934,1.12E-01,4,3934,Not eroded,0,0,0,0,0,0,4.38E-07,-7.78E-08,5.39E-07,6.99E-07,1.75E-07,0,1.25E-03,1,1,0,0,0
3935,2.88E-01,4,3935,Not eroded,0,1,1,1,1,1,-6.07E-07,1.40E-06,1.09E-06,1.87E-06,4.69E-07,0,3.34E-03,1,1,0,0,0
3936,7.12E-02,4,3936,Not eroded,0,0,0,0,0,0,-8.38E-08,-4.73E-07,7.00E-08,4.85E-07,1.21E-07,0,8.68E-04,1,1,0,0,0
3937,2.00E-01,0,3937,Not eroded,0,1,0,0,0,0,0,0.00E+00,0.00E+00,0,0,1,0.00E+00,1,1,1,1,1
3940,1.76E-01,3,3940,Not eroded,0,0,0,0,0,0,-1.66E-06,1.65E-06,-1.57E-06,2.82E-06,9.40E-07,1,5.04E-03,1,1,0,0,0
3943,1.70E-01,7,3943,Not eroded,0,0,0,0,0,0,-5.16E-08,1.38E-07,6.67E-09,1.47E-07,2.10E-08,0,2.63E-04,0,0,0,0,0
3944,2.73E-01,5,3944,Not eroded,0,1,1,1,1,1,-1.66E-07,6.20E-08,1.33E-07,2.21E-07,4.43E-08,0,3.95E-04,0,1,0,0,0
3945,1.48E-01,0,3945,Not eroded,0,0,0,0,0,0,0,0.00E+00,0.00E+00,0,0,1,0.00E+00,1,1,1,1,1
3946,1.41E-01,3,3946,Not eroded,0,0,0,0,0,0,-4.83E-08,-5.25E-08,8.66E-07,8.69E-07,2.90E-07,1,1.55E-03,1,1,0,0,0
3947,5.65E-02,2,3947,Not eroded,0,0,0,0,0,0,-5.40E-07,-5.48E-07,-1.62E-06,1.79E-06,8.97E-07,1,3.20E-03,1,1,1,0,0
3948,2.20E-01,5,3948,Not eroded,0,1,0,0,0,0,-2.96E-08,6.00E-07,4.49E-07,7.50E-07,1.50E-07,0,1.34E-03,0,1,0,0,0
3950,2.97E-01,3,3950,Not eroded,0,1,1,1,1,1,4.74E-07,1.23E-07,3.32E-07,5.92E-07,1.97E-07,1,1.06E-03,1,1,0,0,0
3951,2.22E-01,4,3951,Not eroded,0,1,1,0,0,0,3.90E-07,2.06E-08,1.08E-07,4.05E-07,1.01E-07,0,7.24E-04,1,1,0,0,0
3953,2.36E-01,5,3953,Not eroded,0,1,1,1,0,0,-2.58E-06,-2.80E-06,-8.58E-07,3.91E-06,7.82E-07,0,6.99E-03,0,1,0,0,0
3954,1.96E-01,5,3954,Not eroded,0,1,0,0,0,0,8.71E-08,3.06E-07,1.70E-07,3.61E-07,7.21E-08,0,6.46E-04,0,1,0,0,0
3955,9.68E-02,6,3955,Not eroded,0,0,0,0,0,0,-3.08E-07,1.19E-07,-1.11E-07,3.48E-07,5.81E-08,0,6.22E-04,0,0,0,0,0
3956,9.27E-02,5,3956,Not eroded,0,0,0,0,0,0,-8.57E-07,-8.21E-07,2.59E-07,1.21E-06,2.43E-07,0,2.16E-03,0,1,0,0,0
3957,9.06E-02,0,3957,Not eroded,0,0,0,0,0,0,0,0.00E+00,0.00E+00,0,0,1,0.00E+00,1,1,1,1,1
3959,2.22E-01,0,3959,Not eroded,0,1,1,0,0,0,0,0.00E+00,0.00E+00,0,0,1,0.00E+00,1,1,1,1,1
3960,6.12E-02,4,3960,Not eroded,0,0,0,0,0,0,-7.88E-07,-2.58E-07,-8.15E-08,8.33E-07,2.08E-07,0,1.49E-03,1,1,0,0,0
3961,1.76E-01,3,3961,Not eroded,0,0,0,0,0,0,3.88E-07,8.31E-09,-1.09E-07,4.03E-07,1.34E-07,1,7.21E-04,1,1,0,0,0
3962,9.00E-02,5,3962,Not eroded,0,0,0,0,0,0,9.96E-08,3.80E-07,-2.05E-08,3.94E-07,7.88E-08,0,7.05E-04,0,1,0,0,0
3963,1.13E-01,6,3963,Not eroded,0,0,0,0,0,0,1.63E-07,-3.56E-08,2.62E-07,3.11E-07,5.18E-08,0,5.56E-04,0,0,0,0,0
3964,3.31E-01,0,3964,ERODED,1,1,1,1,1,1,0,0.00E+00,0.00E+00,0,0,1,0.00E+00,1,1,1,1,1
3965,2.51E-01,5,3965,Not eroded,0,1,1,1,1,1,-1.85E-07,1.03E-07,2.83E-07,3.53E-07,7.07E-08,0,6.31E-04,0,1,0,0,0
3967,3.05E-01,3,3967,Not eroded,0,1,1,1,1,1,5.34E-07,7.16E-07,4.40E-07,9.95E-07,3.32E-07,1,1.78E-03,1,1,0,0,0
3968,2.58E-01,4,3968,Not eroded,0,1,1,1,1,1,4.96E-08,1.33E-07,8.54E-08,1.66E-07,4.15E-08,0,2.97E-04,1,1,0,0,0
3969,1.24E-01,5,3969,Not eroded,0,0,0,0,0,0,1.79E-07,-2.57E-07,6.66E-07,7.35E-07,1.47E-07,0,1.31E-03,0,1,0,0,0
3970,2.22E-01,6,3970,Not eroded,0,1,1,0,0,0,1.19E-08,1.73E-08,3.80E-07,3.81E-07,6.35E-08,0,6.81E-04,0,0,0,0,0
3971,2.74E-01,0,3971,Not eroded,0,1,1,1,1,1,0,0.00E+00,0.00E+00,0,0,1,0.00E+00,1,1,1,1,1
3972,3.03E-01,0,3972,ERODED,1,1,1,1,1,1,0,0.00E+00,0.00E+00,0,0,1,0.00E+00,1,1,1,1,1
3973,2.54E-01,6,3973,Not eroded,0,1,1,1,1,1,1.88E-07,3.54E-07,4.40E-08,4.03E-07,6.72E-08,0,7.21E-04,0,0,0,0,0
3974,1.50E-01,4,3974,Not eroded,0,0,0,0,0,0,3.63E-07,-4.93E-07,4.72E-07,7.72E-07,1.93E-07,0,1.38E-03,1,1,0,0,0
3975,1.05E-01,6,3975,Not eroded,0,0,0,0,0,0,3.57E-06,-3.34E-07,2.63E-06,4.44E-06,7.41E-07,0,7.94E-03,0,0,0,0,0
3976,1.66E-01,3,3976,Not eroded,0,0,0,0,0,0,1.08E-08,1.01E-07,2.40E-07,2.61E-07,8.70E-08,1,4.67E-04,1,1,0,0,0
3977,2.61E-01,4,3977,Not eroded,0,1,1,1,1,1,5.31E-07,-8.01E-07,1.26E-07,9.69E-07,2.42E-07,0,1.73E-03,1,1,0,0,0
3978,1.48E-01,4,3978,Not eroded,0,0,0,0,0,0,4.55E-07,-1.01E-06,-4.83E-08,1.11E-06,2.78E-07,0,1.99E-03,1,1,0,0,0
3979,5.65E-02,3,3979,Not eroded,0,0,0,0,0,0,1.92E-07,4.03E-07,-1.33E-06,1.40E-06,4.67E-07,1,2.50E-03,1,1,0,0,0
3980,9.50E-02,3,3980,Not eroded,0,0,0,0,0,0,2.08E-07,-3.14E-07,-2.49E-08,3.78E-07,1.26E-07,1,6.76E-04,1,1,0,0,0
3981,3.27E-01,0,3981,ERODED,1,1,1,1,1,1,0,0.00E+00,0.00E+00,0,0,1,0.00E+00,1,1,1,1,1
3982,2.55E-01,4,3982,Not eroded,0,1,1,1,1,1,-3.89E-07,-6.86E-07,-1.37E-06,1.58E-06,3.95E-07,0,2.83E-03,1,1,0,0,0
3983,2.40E-01,3,3983,Not eroded,0,1,1,1,0,0,-4.22E-07,1.50E-06,-1.21E-06,1.97E-06,6.57E-07,1,3.52E-03,1,1,0,0,0
3984,1.03E-01,0,3984,Not eroded,0,0,0,0,0,0,0,0.00E+00,0.00E+00,0,0,1,0.00E+00,1,1,1,1,1
3985,1.12E-01,0,3985,Not eroded,0,0,0,0,0,0,0,0.00E+00,0.00E+00,0,0,1,0.00E+00,1,1,1,1,1
3986,8.60E-02,0,3986,Not eroded,0,0,0,0,0,0,0,0.00E+00,0.00E+00,0,0,1,0.00E+00,1,1,1,1,1
3987,2.73E-01,7,3987,Not eroded,0,1,1,1,1,1,4.07E-08,2.39E-07,7.36E-08,2.53E-07,3.62E-08,0,4.53E-04,0,0,0,0,0
3988,1.68E-01,3,3988,Not eroded,0,0,0,0,0,0,9.55E-08,-3.20E-08,-1.72E-08,1.02E-07,3.40E-08,1,1.82E-04,1,1,0,0,0
3989,2.74E-01,0,3989,Not eroded,0,1,1,1,1,1,0,0.00E+00,0.00E+00,0,0,1,0.00E+00,1,1,1,1,1
3990,2.01E-01,4,3990,Not eroded,0,1,0,0,0,0,-4.06E-08,1.08E-07,4.65E-07,4.79E-07,1.20E-07,0,8.57E-04,1,1,0,0,0
3991,2.73E-01,4,3991,Not eroded,0,1,1,1,1,1,-3.83E-07,1.44E-07,1.35E-07,4.31E-07,1.08E-07,0,7.71E-04,1,1,0,0,0
3992,1.83E-01,0,3992,Not eroded,0,0,0,0,0,0,0,0.00E+00,0.00E+00,0,0,1,0.00E+00,1,1,1,1,1
3993,2.40E-01,0,3993,Not eroded,0,1,1,1,0,0,0,0.00E+00,0.00E+00,0,0,1,0.00E+00,1,1,1,1,1
3994,2.79E-01,3,3994,Not eroded,0,1,1,1,1,1,3.29E-07,5.19E-07,1.50E-06,1.62E-06,5.40E-07,1,2.90E-03,1,1,0,0,0
3995,9.71E-02,6,3995,Not eroded,0,0,0,0,0,0,2.29E-06,8.26E-07,1.58E-06,2.90E-06,4.83E-07,0,5.19E-03,0,0,0,0,0
3997,2.39E-01,3,3997,Not eroded,0,1,1,1,0,0,-7.87E-09,-1.22E-07,2.00E-07,2.34E-07,7.80E-08,1,4.19E-04,1,1,0,0,0
3998,1.70E-01,5,3998,Not eroded,0,0,0,0,0,0,6.04E-07,4.52E-07,-9.80E-07,1.24E-06,2.47E-07,0,2.22E-03,0,1,0,0,0
3999,1.86E-01,4,3999,Not eroded,0,0,0,0,0,0,3.80E-07,3.16E-07,3.12E-07,5.84E-07,1.46E-07,0,1.04E-03,1,1,0,0,0
4000,1.21E-01,0,4000,Not eroded,0,0,0,0,0,0,0,0.00E+00,0.00E+00,0,0,1,0.00E+00,1,1,1,1,1
4001,2.38E-01,0,4001,Not eroded,0,1,1,1,0,0,0,0.00E+00,0.00E+00,0,0,1,0.00E+00,1,1,1,1,1
4003,1.43E-01,4,4003,Not eroded,0,0,0,0,0,0,3.05E-07,-5.51E-07,-8.87E-07,1.09E-06,2.72E-07,0,1.95E-03,1,1,0,0,0
4004,5.87E-02,4,4004,Not eroded,0,0,0,0,0,0,-1.63E-08,6.87E-08,-1.41E-07,1.58E-07,3.94E-08,0,2.83E-04,1,1,0,0,0
4005,2.44E-01,0,4005,Not eroded,0,1,1,1,1,0,0,0.00E+00,0.00E+00,0,0,1,0.00E+00,1,1,1,1,1
4006,2.93E-01,0,4006,ERODED,1,1,1,1,1,1,0,0.00E+00,0.00E+00,0,0,1,0.00E+00,1,1,1,1,1
4007,1.97E-01,1,4007,Not eroded,0,1,0,0,0,0,2.43E-07,-1.02E-07,4.36E-08,2.67E-07,2.67E-07,1,4.78E-04,1,1,1,1,0
4009,8.93E-02,0,4009,Not eroded,0,0,0,0,0,0,0,0.00E+00,0.00E+00,0,0,1,0.00E+00,1,1,1,1,1
4010,2.84E-01,0,4010,ERODED,1,1,1,1,1,1,0,0.00E+00,0.00E+00,0,0,1,0.00E+00,1,1,1,1,1
4011,3.13E-01,2,4011,Not eroded,0,1,1,1,1,1,-1.73E-07,9.27E-07,-2.47E-07,9.75E-07,4.88E-07,1,1.74E-03,1,1,1,0,0
4012,1.61E-01,4,4012,Not eroded,0,0,0,0,0,0,1.57E-07,6.01E-07,-3.68E-09,6.21E-07,1.55E-07,0,1.11E-03,1,1,0,0,0
4013,1.90E-01,0,4013,Not eroded,0,0,0,0,0,0,0,0.00E+00,0.00E+00,0,0,1,0.00E+00,1,1,1,1,1
4014,6.76E-02,4,4014,Not eroded,0,0,0,0,0,0,4.27E-07,8.94E-07,1.51E-06,1.80E-06,4.51E-07,0,3.22E-03,1,1,0,0,0
4016,2.49E-01,5,4016,Not eroded,0,1,1,1,1,0,2.71E-07,-8.67E-07,1.61E-07,9.22E-07,1.84E-07,0,1.65E-03,0,1,0,0,0
4017,5.94E-02,4,4017,Not eroded,0,0,0,0,0,0,9.78E-09,-1.04E-07,4.05E-09,1.04E-07,2.61E-08,0,1.86E-04,1,1,0,0,0
4018,2.99E-01,0,4018,ERODED,1,1,1,1,1,1,0,0.00E+00,0.00E+00,0,0,1,0.00E+00,1,1,1,1,1
4019,1.35E-01,5,4019,Not eroded,0,0,0,0,0,0,2.97E-08,2.76E-07,1.33E-07,3.08E-07,6.15E-08,0,5.51E-04,0,1,0,0,0
4020,3.24E-01,0,4020,ERODED,1,1,1,1,1,1,0,0.00E+00,0.00E+00,0,0,1,0.00E+00,1,1,1,1,1
4021,1.15E-01,5,4021,Not eroded,0,0,0,0,0,0,-1.53E-07,-9.60E-08,2.44E-07,3.04E-07,6.08E-08,0,5.44E-04,0,1,0,0,0
4022,2.32E-01,4,4022,Not eroded,0,1,1,1,0,0,8.28E-07,-2.36E-07,-3.83E-08,8.62E-07,2.15E-07,0,1.54E-03,1,1,0,0,0
4023,1.64E-01,4,4023,Not eroded,0,0,0,0,0,0,7.01E-08,3.29E-07,8.99E-07,9.60E-07,2.40E-07,0,1.72E-03,1,1,0,0,0
4024,1.77E-01,4,4024,Not eroded,0,0,0,0,0,0,1.29E-07,1.23E-07,2.68E-07,3.22E-07,8.05E-08,0,5.76E-04,1,1,0,0,0
4025,1.18E-01,3,4025,Not eroded,0,0,0,0,0,0,1.65E-06,3.34E-06,-6.69E-08,3.73E-06,1.24E-06,1,6.67E-03,1,1,0,0,0
4026,2.78E-01,0,4026,ERODED,1,1,1,1,1,1,0,0.00E+00,0.00E+00,0,0,1,0.00E+00,1,1,1,1,1
4027,3.18E-01,0,4027,ERODED,1,1,1,1,1,1,0,0.00E+00,0.00E+00,0,0,1,0.00E+00,1,1,1,1,1
4028,2.07E-01,4,4028,Not eroded,0,1,0,0,0,0,8.89E-07,-2.33E-08,1.25E-07,8.98E-07,2.25E-07,0,1.61E-03,1,1,0,0,0
4029,2.85E-01,5,4029,Not eroded,0,1,1,1,1,1,2.89E-07,2.44E-07,1.06E-07,3.93E-07,7.86E-08,0,7.03E-04,0,1,0,0,0
4030,2.51E-01,4,4030,Not eroded,0,1,1,1,1,1,2.31E-07,-3.79E-07,1.76E-07,4.77E-07,1.19E-07,0,8.53E-04,1,1,0,0,0
4031,1.16E-01,3,4031,Not eroded,0,0,0,0,0,0,-1.05E-06,1.15E-06,8.05E-07,1.76E-06,5.85E-07,1,3.15E-03,1,1,0,0,0
4033,7.67E-02,7,4033,Not eroded,0,0,0,0,0,0,8.26E-08,5.21E-08,-4.38E-08,1.07E-07,1.53E-08,0,1.91E-04,0,0,0,0,0
4034,1.75E-01,4,4034,Not eroded,0,0,0,0,0,0,3.15E-07,-7.85E-08,-3.55E-09,3.24E-07,8.10E-08,0,5.80E-04,1,1,0,0,0
4035,1.32E-01,5,4035,Not eroded,0,0,0,0,0,0,2.62E-07,1.66E-07,4.61E-07,5.56E-07,1.11E-07,0,9.95E-04,0,1,0,0,0
4036,2.45E-01,4,4036,Not eroded,0,1,1,1,1,0,8.30E-08,-4.91E-07,-3.42E-08,4.99E-07,1.25E-07,0,8.93E-04,1,1,0,0,0
4037,1.54E-01,3,4037,Not eroded,0,0,0,0,0,0,-2.12E-07,1.68E-07,-1.86E-07,3.28E-07,1.09E-07,1,5.87E-04,1,1,0,0,0
4038,2.49E-01,4,4038,Not eroded,0,1,1,1,1,0,-2.97E-07,7.79E-07,2.67E-07,8.75E-07,2.19E-07,0,1.57E-03,1,1,0,0,0
4039,7.26E-02,0,4039,Not eroded,0,0,0,0,0,0,0,0.00E+00,0.00E+00,0,0,1,0.00E+00,1,1,1,1,1
4040,5.66E-02,4,4040,Not eroded,0,0,0,0,0,0,-2.66E-07,5.20E-07,-1.53E-07,6.04E-07,1.51E-07,0,1.08E-03,1,1,0,0,0
4041,2.21E-01,5,4041,Not eroded,0,1,1,0,0,0,-1.26E-08,-7.28E-07,1.61E-07,7.46E-07,1.49E-07,0,1.33E-03,0,1,0,0,0
4042,2.74E-01,0,4042,Not eroded,0,1,1,1,1,1,0,0.00E+00,0.00E+00,0,0,1,0.00E+00,1,1,1,1,1
4044,1.90E-01,5,4044,Not eroded,0,0,0,0,0,0,-3.66E-08,1.24E-07,1.15E-07,1.73E-07,3.46E-08,0,3.09E-04,0,1,0,0,0
4045,9.10E-02,4,4045,Not eroded,0,0,0,0,0,0,2.29E-07,1.75E-07,4.65E-08,2.92E-07,7.31E-08,0,5.22E-04,1,1,0,0,0
4046,1.83E-01,3,4046,Not eroded,0,0,0,0,0,0,-5.35E-08,1.97E-08,-8.32E-08,1.01E-07,3.36E-08,1,1.81E-04,1,1,0,0,0
4047,1.60E-01,0,4047,Not eroded,0,0,0,0,0,0,0,0.00E+00,0.00E+00,0,0,1,0.00E+00,1,1,1,1,1
4048,2.89E-01,3,4048,Not eroded,0,1,1,1,1,1,-6.62E-07,4.59E-06,7.15E-07,4.69E-06,1.56E-06,1,8.39E-03,1,1,0,0,0
4050,5.80E-02,5,4050,Not eroded,0,0,0,0,0,0,2.84E-09,8.79E-08,1.81E-07,2.02E-07,4.03E-08,0,3.61E-04,0,1,0,0,0
4051,2.44E-01,3,4051,Not eroded,0,1,1,1,1,0,-1.20E-06,-1.98E-06,4.48E-06,5.05E-06,1.68E-06,1,9.03E-03,1,1,0,0,0
4052,2.80E-01,6,4052,Not eroded,0,1,1,1,1,1,-3.68E-08,-7.76E-08,5.02E-07,5.09E-07,8.49E-08,0,9.10E-04,0,0,0,0,0
4053,8.96E-02,0,4053,Not eroded,0,0,0,0,0,0,0,0.00E+00,0.00E+00,0,0,1,0.00E+00,1,1,1,1,1
4054,3.28E-01,0,4054,ERODED,1,1,1,1,1,1,0,0.00E+00,0.00E+00,0,0,1,0.00E+00,1,1,1,1,1
4055,2.64E-01,0,4055,Not eroded,0,1,1,1,1,1,0,0.00E+00,0.00E+00,0,0,1,0.00E+00,1,1,1,1,1
4057,2.83E-01,0,4057,ERODED,1,1,1,1,1,1,0,0.00E+00,0.00E+00,0,0,1,0.00E+00,1,1,1,1,1
4058,2.93E-01,0,4058,Not eroded,0,1,1,1,1,1,0,0.00E+00,0.00E+00,0,0,1,0.00E+00,1,1,1,1,1
4059,8.38E-02,4,4059,Not eroded,0,0,0,0,0,0,-1.68E-07,-1.04E-07,-1.08E-07,2.25E-07,5.63E-08,0,4.02E-04,1,1,0,0,0
4060,1.99E-01,4,4060,Not eroded,0,1,0,0,0,0,1.83E-07,1.64E-07,-3.61E-08,2.49E-07,6.22E-08,0,4.45E-04,1,1,0,0,0
4061,6.43E-02,4,4061,Not eroded,0,0,0,0,0,0,-3.17E-07,-6.65E-07,3.46E-08,7.38E-07,1.84E-07,0,1.32E-03,1,1,0,0,0
4062,2.22E-01,2,4062,Not eroded,0,1,1,0,0,0,2.45E-07,2.33E-07,8.35E-07,9.01E-07,4.50E-07,1,1.61E-03,1,1,1,0,0
4063,1.46E-01,3,4063,Not eroded,0,0,0,0,0,0,2.80E-06,7.06E-08,3.47E-06,4.46E-06,1.49E-06,1,7.98E-03,1,1,0,0,0
4064,1.62E-01,0,4064,Not eroded,0,0,0,0,0,0,0,0.00E+00,0.00E+00,0,0,1,0.00E+00,1,1,1,1,1
4065,1.45E-01,4,4065,Not eroded,0,0,0,0,0,0,1.33E-05,-1.15E-06,-8.06E-06,1.56E-05,3.91E-06,0,2.79E-02,1,1,0,0,0
4066,1.33E-01,4,4066,Not eroded,0,0,0,0,0,0,6.65E-08,-1.81E-07,7.02E-07,7.28E-07,1.82E-07,0,1.30E-03,1,1,0,0,0
4067,5.66E-02,3,4067,Not eroded,0,0,0,0,0,0,-9.21E-07,2.78E-07,-1.30E-06,1.62E-06,5.40E-07,1,2.90E-03,1,1,0,0,0
4068,1.51E-01,4,4068,Not eroded,0,0,0,0,0,0,1.69E-06,9.81E-07,-4.07E-07,2.00E-06,4.99E-07,0,3.58E-03,1,1,0,0,0
4069,1.43E-01,4,4069,Not eroded,0,0,0,0,0,0,2.68E-07,-4.49E-08,4.86E-07,5.57E-07,1.39E-07,0,9.96E-04,1,1,0,0,0
4070,2.28E-01,4,4070,Not eroded,0,1,1,0,0,0,1.20E-06,1.49E-07,1.59E-06,2.00E-06,5.00E-07,0,3.58E-03,1,1,0,0,0
4071,1.08E-01,3,4071,Not eroded,0,0,0,0,0,0,1.77E-06,6.34E-07,5.60E-06,5.91E-06,1.97E-06,1,1.06E-02,1,1,0,0,0
4072,5.66E-02,2,4072,Not eroded,0,0,0,0,0,0,5.63E-08,4.77E-09,-1.26E-06,1.26E-06,6.31E-07,1,2.25E-03,1,1,1,0,0
4073,6.75E-02,5,4073,Not eroded,0,0,0,0,0,0,6.77E-07,-3.95E-07,-1.05E-08,7.84E-07,1.57E-07,0,1.40E-03,0,1,0,0,0
4074,2.96E-01,0,4074,Not eroded,0,1,1,1,1,1,0,0.00E+00,0.00E+00,0,0,1,0.00E+00,1,1,1,1,1
4075,6.56E-02,0,4075,Not eroded,0,0,0,0,0,0,0,0.00E+00,0.00E+00,0,0,1,0.00E+00,1,1,1,1,1
4076,2.29E-01,4,4076,Not eroded,0,1,1,0,0,0,-4.07E-08,1.20E-07,-2.15E-08,1.29E-07,3.22E-08,0,2.31E-04,1,1,0,0,0
4077,3.05E-01,3,4077,Not eroded,0,1,1,1,1,1,2.85E-07,-2.10E-07,9.88E-07,1.05E-06,3.50E-07,1,1.88E-03,1,1,0,0,0
4078,1.32E-01,3,4078,Not eroded,0,0,0,0,0,0,5.02E-07,2.51E-07,6.58E-07,8.65E-07,2.88E-07,1,1.55E-03,1,1,0,0,0
4079,2.91E-01,0,4079,ERODED,1,1,1,1,1,1,0,0.00E+00,0.00E+00,0,0,1,0.00E+00,1,1,1,1,1
4080,2.84E-01,0,4080,Not eroded,0,1,1,1,1,1,0,0.00E+00,0.00E+00,0,0,1,0.00E+00,1,1,1,1,1
4081,1.22E-01,6,4081,Not eroded,0,0,0,0,0,0,2.23E-07,-1.24E-07,2.80E-07,3.79E-07,6.32E-08,0,6.78E-04,0,0,0,0,0
4082,1.65E-01,5,4082,Not eroded,0,0,0,0,0,0,3.28E-07,-8.23E-07,-1.63E-07,9.01E-07,1.80E-07,0,1.61E-03,0,1,0,0,0
4083,2.73E-01,0,4083,ERODED,1,1,1,1,1,1,0,0.00E+00,0.00E+00,0,0,1,0.00E+00,1,1,1,1,1
4085,9.84E-02,3,4085,Not eroded,0,0,0,0,0,0,8.91E-07,-6.83E-08,4.15E-07,9.85E-07,3.28E-07,1,1.76E-03,1,1,0,0,0
4086,1.03E-01,4,4086,Not eroded,0,0,0,0,0,0,-3.74E-07,9.36E-07,3.78E-07,1.08E-06,2.69E-07,0,1.93E-03,1,1,0,0,0
4087,5.66E-02,4,4087,Not eroded,0,0,0,0,0,0,1.61E-07,2.14E-07,-1.32E-06,1.35E-06,3.38E-07,0,2.41E-03,1,1,0,0,0
4088,1.95E-01,0,4088,Not eroded,0,1,0,0,0,0,0,0.00E+00,0.00E+00,0,0,1,0.00E+00,1,1,1,1,1
4089,1.05E-01,4,4089,Not eroded,0,0,0,0,0,0,-1.29E-07,-5.63E-07,4.14E-08,5.79E-07,1.45E-07,0,1.04E-03,1,1,0,0,0
4090,2.35E-01,4,4090,Not eroded,0,1,1,1,0,0,1.90E-08,-7.24E-07,2.12E-07,7.55E-07,1.89E-07,0,1.35E-03,1,1,0,0,0
4091,1.90E-01,0,4091,Not eroded,0,0,0,0,0,0,0,0.00E+00,0.00E+00,0,0,1,0.00E+00,1,1,1,1,1
4092,3.07E-01,0,4092,ERODED,1,1,1,1,1,1,0,0.00E+00,0.00E+00,0,0,1,0.00E+00,1,1,1,1,1
4093,6.44E-02,4,4093,Not eroded,0,0,0,0,0,0,1.13E-07,-1.13E-07,-3.24E-08,1.63E-07,4.09E-08,0,2.92E-04,1,1,0,0,0
4094,5.66E-02,4,4094,Not eroded,0,0,0,0,0,0,3.72E-08,-1.55E-07,-1.38E-06,1.39E-06,3.48E-07,0,2.49E-03,1,1,0,0,0
4095,3.15E-01,0,4095,ERODED,1,1,1,1,1,1,0,0.00E+00,0.00E+00,0,0,1,0.00E+00,1,1,1,1,1
4096,1.77E-01,4,4096,Not eroded,0,0,0,0,0,0,1.88E-08,1.27E-07,-4.58E-08,1.36E-07,3.40E-08,0,2.43E-04,1,1,0,0,0
4097,1.90E-01,0,4097,Not eroded,0,0,0,0,0,0,0,0.00E+00,0.00E+00,0,0,1,0.00E+00,1,1,1,1,1
4098,1.15E-01,5,4098,Not eroded,0,0,0,0,0,0,1.76E-07,4.72E-07,-1.92E-08,5.04E-07,1.01E-07,0,9.02E-04,0,1,0,0,0
4099,2.69E-01,2,4099,Not eroded,0,1,1,1,1,1,-3.28E-07,5.57E-07,5.35E-07,8.39E-07,4.19E-07,1,1.50E-03,1,1,1,0,0
4100,1.92E-01,4,4100,Not eroded,0,1,0,0,0,0,1.06E-06,-7.48E-07,-9.61E-07,1.62E-06,4.04E-07,0,2.90E-03,1,1,0,0,0
4102,9.54E-02,0,4102,Not eroded,0,0,0,0,0,0,0,0.00E+00,0.00E+00,0,0,1,0.00E+00,1,1,1,1,1
4104,1.10E-01,4,4104,Not eroded,0,0,0,0,0,0,-1.43E-06,1.74E-07,4.25E-08,1.45E-06,3.62E-07,0,2.59E-03,1,1,0,0,0
4105,2.40E-01,0,4105,Not eroded,0,1,1,1,0,0,0,0.00E+00,0.00E+00,0,0,1,0.00E+00,1,1,1,1,1
4106,8.67E-02,2,4106,Not eroded,0,0,0,0,0,0,-5.11E-07,-4.16E-07,-3.13E-07,7.29E-07,3.65E-07,1,1.30E-03,1,1,1,0,0
4107,2.99E-01,3,4107,Not eroded,0,1,1,1,1,1,3.41E-07,2.40E-06,6.78E-07,2.52E-06,8.40E-07,1,4.51E-03,1,1,0,0,0
4108,1.85E-01,0,4108,Not eroded,0,0,0,0,0,0,0,0.00E+00,0.00E+00,0,0,1,0.00E+00,1,1,1,1,1
4109,2.11E-01,2,4109,Not eroded,0,1,0,0,0,0,1.90E-07,5.94E-08,3.43E-07,3.97E-07,1.99E-07,1,7.10E-04,1,1,1,0,0
4110,1.72E-01,0,4110,Not eroded,0,0,0,0,0,0,0,0.00E+00,0.00E+00,0,0,1,0.00E+00,1,1,1,1,1
4111,1.69E-01,0,4111,Not eroded,0,0,0,0,0,0,0,0.00E+00,0.00E+00,0,0,1,0.00E+00,1,1,1,1,1
4112,5.66E-02,4,4112,Not eroded,0,0,0,0,0,0,3.17E-07,-8.06E-08,-1.35E-06,1.39E-06,3.48E-07,0,2.49E-03,1,1,0,0,0
4113,1.38E-01,3,4113,Not eroded,0,0,0,0,0,0,1.97E-07,-6.27E-07,-6.22E-08,6.60E-07,2.20E-07,1,1.18E-03,1,1,0,0,0
4114,1.89E-01,0,4114,Not eroded,0,0,0,0,0,0,0,0.00E+00,0.00E+00,0,0,1,0.00E+00,1,1,1,1,1
4115,1.92E-01,3,4115,Not eroded,0,1,0,0,0,0,-2.05E-07,2.29E-07,4.50E-09,3.08E-07,1.03E-07,1,5.51E-04,1,1,0,0,0
4116,2.07E-01,0,4116,Not eroded,0,1,0,0,0,0,0,0.00E+00,0.00E+00,0,0,1,0.00E+00,1,1,1,1,1
4117,7.71E-02,0,4117,Not eroded,0,0,0,0,0,0,0,0.00E+00,0.00E+00,0,0,1,0.00E+00,1,1,1,1,1
4118,2.05E-01,0,4118,Not eroded,0,1,0,0,0,0,0,0.00E+00,0.00E+00,0,0,1,0.00E+00,1,1,1,1,1
4119,1.60E-01,0,4119,Not eroded,0,0,0,0,0,0,0,0.00E+00,0.00E+00,0,0,1,0.00E+00,1,1,1,1,1
4120,2.44E-01,4,4120,Not eroded,0,1,1,1,1,0,-1.64E-07,2.96E-08,4.77E-07,5.05E-07,1.26E-07,0,9.03E-04,1,1,0,0,0
4121,2.58E-01,2,4121,Not eroded,0,1,1,1,1,1,-1.42E-06,-8.31E-05,-5.16E-05,9.78E-05,4.89E-05,1,1.75E-01,1,1,1,0,0
4122,2.48E-01,0,4122,Not eroded,0,1,1,1,1,0,0,0.00E+00,0.00E+00,0,0,1,0.00E+00,1,1,1,1,1
4123,5.66E-02,2,4123,Not eroded,0,0,0,0,0,0,1.68E-07,2.52E-07,-1.12E-06,1.16E-06,5.80E-07,1,2.07E-03,1,1,1,0,0
4124,2.03E-01,0,4124,Not eroded,0,1,0,0,0,0,0,0.00E+00,0.00E+00,0,0,1,0.00E+00,1,1,1,1,1
4125,1.04E-01,3,4125,Not eroded,0,0,0,0,0,0,-1.12E-07,1.20E-07,2.68E-07,3.14E-07,1.05E-07,1,5.62E-04,1,1,0,0,0
4126,2.06E-01,4,4126,Not eroded,0,1,0,0,0,0,6.83E-07,1.18E-08,1.27E-08,6.83E-07,1.71E-07,0,1.22E-03,1,1,0,0,0
4127,1.69E-01,4,4127,Not eroded,0,0,0,0,0,0,-8.62E-07,6.88E-07,7.37E-07,1.33E-06,3.32E-07,0,2.38E-03,1,1,0,0,0
4128,1.39E-01,5,4128,Not eroded,0,0,0,0,0,0,3.98E-08,2.88E-09,8.12E-07,8.13E-07,1.63E-07,0,1.45E-03,0,1,0,0,0
4129,1.19E-01,3,4129,Not eroded,0,0,0,0,0,0,4.22E-08,-8.85E-07,3.37E-09,8.86E-07,2.95E-07,1,1.58E-03,1,1,0,0,0
4131,1.03E-01,5,4131,Not eroded,0,0,0,0,0,0,4.00E-07,1.39E-07,1.20E-06,1.27E-06,2.55E-07,0,2.27E-03,0,1,0,0,0
4132,1.38E-01,3,4132,Not eroded,0,0,0,0,0,0,1.25E-07,-7.25E-07,1.60E-07,7.53E-07,2.51E-07,1,1.35E-03,1,1,0,0,0
4133,3.11E-01,0,4133,ERODED,1,1,1,1,1,1,0,0.00E+00,0.00E+00,0,0,1,0.00E+00,1,1,1,1,1
4134,2.62E-01,5,4134,Not eroded,0,1,1,1,1,1,-4.18E-08,1.38E-06,3.82E-07,1.43E-06,2.86E-07,0,2.56E-03,0,1,0,0,0
4135,1.71E-01,6,4135,Not eroded,0,0,0,0,0,0,2.40E-07,7.74E-07,1.11E-06,1.38E-06,2.29E-07,0,2.47E-03,0,0,0,0,0
4136,8.78E-02,5,4136,Not eroded,0,0,0,0,0,0,-1.24E-07,-5.79E-07,8.38E-07,1.03E-06,2.05E-07,0,1.84E-03,0,1,0,0,0
4137,2.55E-01,0,4137,Not eroded,0,1,1,1,1,1,0,0.00E+00,0.00E+00,0,0,1,0.00E+00,1,1,1,1,1
4140,8.46E-02,4,4140,Not eroded,0,0,0,0,0,0,8.53E-08,-3.55E-07,4.60E-07,5.88E-07,1.47E-07,0,1.05E-03,1,1,0,0,0
4141,2.98E-01,2,4141,Not eroded,0,1,1,1,1,1,2.67E-07,8.61E-07,1.74E-07,9.18E-07,4.59E-07,1,1.64E-03,1,1,1,0,0
4142,1.37E-01,4,4142,Not eroded,0,0,0,0,0,0,-1.73E-07,1.12E-07,4.48E-07,4.93E-07,1.23E-07,0,8.82E-04,1,1,0,0,0
4143,2.04E-01,4,4143,Not eroded,0,1,0,0,0,0,3.58E-08,3.19E-07,1.28E-07,3.45E-07,8.63E-08,0,6.17E-04,1,1,0,0,0
4144,1.27E-01,0,4144,Not eroded,0,0,0,0,0,0,0,0.00E+00,0.00E+00,0,0,1,0.00E+00,1,1,1,1,1
4145,9.40E-02,6,4145,Not eroded,0,0,0,0,0,0,1.01E-06,8.30E-07,4.16E-07,1.37E-06,2.29E-07,0,2.45E-03,0,0,0,0,0
4146,1.24E-01,3,4146,Not eroded,0,0,0,0,0,0,4.79E-07,-6.59E-07,4.77E-08,8.16E-07,2.72E-07,1,1.46E-03,1,1,0,0,0
4147,2.10E-01,0,4147,Not eroded,0,1,0,0,0,0,0,0.00E+00,0.00E+00,0,0,1,0.00E+00,1,1,1,1,1
4148,1.01E-01,3,4148,Not eroded,0,0,0,0,0,0,-5.42E-09,1.30E-07,4.08E-07,4.28E-07,1.43E-07,1,7.66E-04,1,1,0,0,0
4149,1.49E-01,4,4149,Not eroded,0,0,0,0,0,0,2.80E-08,-2.29E-09,1.64E-07,1.66E-07,4.15E-08,0,2.97E-04,1,1,0,0,0
4150,2.42E-01,0,4150,Not eroded,0,1,1,1,1,0,0,0.00E+00,0.00E+00,0,0,1,0.00E+00,1,1,1,1,1
4151,9.19E-02,0,4151,Not eroded,0,0,0,0,0,0,0,0.00E+00,0.00E+00,0,0,1,0.00E+00,1,1,1,1,1
4152,2.06E-01,3,4152,Not eroded,0,1,0,0,0,0,3.89E-08,2.51E-07,2.89E-08,2.56E-07,8.52E-08,1,4.58E-04,1,1,0,0,0
4153,2.56E-01,5,4153,Not eroded,0,1,1,1,1,1,5.30E-08,1.17E-07,-8.46E-11,1.29E-07,2.58E-08,0,2.31E-04,0,1,0,0,0
4154,1.40E-01,3,4154,Not eroded,0,0,0,0,0,0,7.51E-06,8.67E-06,7.56E-06,1.37E-05,4.58E-06,1,2.45E-02,1,1,0,0,0
4155,2.76E-01,2,4155,Not eroded,0,1,1,1,1,1,3.16E-06,-9.40E-06,-8.76E-06,1.32E-05,6.62E-06,1,2.36E-02,1,1,1,0,0
4156,2.03E-01,0,4156,Not eroded,0,1,0,0,0,0,0,0.00E+00,0.00E+00,0,0,1,0.00E+00,1,1,1,1,1
4157,2.72E-01,3,4157,Not eroded,0,1,1,1,1,1,-5.81E-07,-3.13E-06,2.29E-06,3.92E-06,1.31E-06,1,7.01E-03,1,1,0,0,0
4158,9.05E-02,3,4158,Not eroded,0,0,0,0,0,0,-1.32E-07,-6.59E-08,-7.02E-08,1.63E-07,5.44E-08,1,2.92E-04,1,1,0,0,0
4159,2.77E-01,0,4159,Not eroded,0,1,1,1,1,1,0,0.00E+00,0.00E+00,0,0,1,0.00E+00,1,1,1,1,1
4160,2.14E-01,3,4160,Not eroded,0,1,0,0,0,0,-6.49E-07,4.28E-07,2.00E-06,2.15E-06,7.16E-07,1,3.85E-03,1,1,0,0,0
4161,6.56E-02,5,4161,Not eroded,0,0,0,0,0,0,4.11E-07,-8.94E-08,-2.80E-07,5.05E-07,1.01E-07,0,9.03E-04,0,1,0,0,0
4162,5.66E-02,1,4162,Not eroded,0,0,0,0,0,0,6.32E-08,-7.34E-07,-1.37E-06,1.55E-06,1.55E-06,1,2.77E-03,1,1,1,1,0
4163,2.18E-01,5,4163,Not eroded,0,1,0,0,0,0,8.49E-07,7.88E-07,3.96E-06,4.13E-06,8.26E-07,0,7.39E-03,0,1,0,0,0
4164,2.40E-01,3,4164,Not eroded,0,1,1,1,0,0,2.31E-07,6.27E-07,5.57E-08,6.71E-07,2.24E-07,1,1.20E-03,1,1,0,0,0
4165,3.07E-01,0,4165,ERODED,1,1,1,1,1,1,0,0.00E+00,0.00E+00,0,0,1,0.00E+00,1,1,1,1,1
4166,7.31E-02,3,4166,Not eroded,0,0,0,0,0,0,8.02E-08,9.53E-09,7.38E-07,7.43E-07,2.48E-07,1,1.33E-03,1,1,0,0,0
4167,9.16E-02,6,4167,Not eroded,0,0,0,0,0,0,2.93E-07,-1.33E-07,-1.43E-07,3.52E-07,5.86E-08,0,6.30E-04,0,0,0,0,0
4168,1.09E-01,3,4168,Not eroded,0,0,0,0,0,0,4.25E-07,3.64E-07,4.46E-07,7.15E-07,2.38E-07,1,1.28E-03,1,1,0,0,0
4169,2.13E-01,3,4169,Not eroded,0,1,0,0,0,0,3.26E-07,1.94E-07,2.17E-07,4.37E-07,1.46E-07,1,7.82E-04,1,1,0,0,0
4171,2.14E-01,4,4171,Not eroded,0,1,0,0,0,0,-7.81E-08,5.53E-07,-1.31E-07,5.74E-07,1.43E-07,0,1.03E-03,1,1,0,0,0
4172,3.05E-01,0,4172,Not eroded,0,1,1,1,1,1,0,0.00E+00,0.00E+00,0,0,1,0.00E+00,1,1,1,1,1
4173,3.05E-01,2,4173,Not eroded,0,1,1,1,1,1,4.32E-07,7.67E-07,-2.02E-07,9.03E-07,4.52E-07,1,1.62E-03,1,1,1,0,0
4174,2.97E-01,4,4174,Not eroded,0,1,1,1,1,1,-1.27E-06,-1.90E-06,3.20E-06,3.93E-06,9.83E-07,0,7.03E-03,1,1,0,0,0
4176,8.64E-02,0,4176,Not eroded,0,0,0,0,0,0,0,0.00E+00,0.00E+00,0,0,1,0.00E+00,1,1,1,1,1
4178,2.63E-01,5,4178,Not eroded,0,1,1,1,1,1,2.11E-07,1.81E-07,-2.17E-07,3.52E-07,7.05E-08,0,6.30E-04,0,1,0,0,0
4179,3.14E-01,0,4179,ERODED,1,1,1,1,1,1,0,0.00E+00,0.00E+00,0,0,1,0.00E+00,1,1,1,1,1
4180,1.08E-01,5,4180,Not eroded,0,0,0,0,0,0,-1.14E-06,8.07E-07,6.55E-07,1.54E-06,3.08E-07,0,2.75E-03,0,1,0,0,0
4181,2.78E-01,0,4181,Not eroded,0,1,1,1,1,1,0,0.00E+00,0.00E+00,0,0,1,0.00E+00,1,1,1,1,1
4182,1.28E-01,0,4182,Not eroded,0,0,0,0,0,0,0,0.00E+00,0.00E+00,0,0,1,0.00E+00,1,1,1,1,1
4183,1.39E-01,5,4183,Not eroded,0,0,0,0,0,0,2.19E-07,3.62E-07,2.95E-07,5.16E-07,1.03E-07,0,9.23E-04,0,1,0,0,0
4184,2.67E-01,4,4184,Not eroded,0,1,1,1,1,1,1.04E-07,-1.09E-07,-1.93E-07,2.45E-07,6.12E-08,0,4.38E-04,1,1,0,0,0
4185,8.81E-02,5,4185,Not eroded,0,0,0,0,0,0,-5.73E-08,-9.02E-07,3.13E-08,9.04E-07,1.81E-07,0,1.62E-03,0,1,0,0,0
4186,2.81E-01,3,4186,Not eroded,0,1,1,1,1,1,-2.82E-06,3.33E-06,1.16E-06,4.51E-06,1.50E-06,1,8.07E-03,1,1,0,0,0
4187,2.08E-01,4,4187,Not eroded,0,1,0,0,0,0,1.91E-07,-7.95E-08,-1.24E-07,2.41E-07,6.02E-08,0,4.31E-04,1,1,0,0,0
4188,1.23E-01,5,4188,Not eroded,0,0,0,0,0,0,2.12E-07,2.28E-07,-4.96E-08,3.15E-07,6.30E-08,0,5.63E-04,0,1,0,0,0
4189,2.88E-01,0,4189,ERODED,1,1,1,1,1,1,0,0.00E+00,0.00E+00,0,0,1,0.00E+00,1,1,1,1,1
4190,1.66E-01,0,4190,Not eroded,0,0,0,0,0,0,0,0.00E+00,0.00E+00,0,0,1,0.00E+00,1,1,1,1,1
4191,1.11E-01,3,4191,Not eroded,0,0,0,0,0,0,-4.73E-07,-6.07E-07,1.47E-06,1.66E-06,5.52E-07,1,2.97E-03,1,1,0,0,0
4192,1.55E-01,4,4192,Not eroded,0,0,0,0,0,0,2.18E-08,1.94E-07,3.57E-08,1.98E-07,4.96E-08,0,3.54E-04,1,1,0,0,0
4193,6.19E-02,6,4193,Not eroded,0,0,0,0,0,0,-5.49E-08,5.49E-08,-1.42E-07,1.61E-07,2.69E-08,0,2.88E-04,0,0,0,0,0
4194,1.05E-01,3,4194,Not eroded,0,0,0,0,0,0,-2.01E-07,1.56E-08,1.34E-07,2.42E-07,8.07E-08,1,4.33E-04,1,1,0,0,0
4195,1.33E-01,0,4195,Not eroded,0,0,0,0,0,0,0,0.00E+00,0.00E+00,0,0,1,0.00E+00,1,1,1,1,1
4196,1.22E-01,5,4196,Not eroded,0,0,0,0,0,0,-1.03E-07,9.68E-07,-1.93E-07,9.93E-07,1.99E-07,0,1.78E-03,0,1,0,0,0
4197,3.27E-01,0,4197,ERODED,1,1,1,1,1,1,0,0.00E+00,0.00E+00,0,0,1,0.00E+00,1,1,1,1,1
4198,1.12E-01,5,4198,Not eroded,0,0,0,0,0,0,-2.87E-07,-4.83E-07,2.85E-07,6.30E-07,1.26E-07,0,1.13E-03,0,1,0,0,0
4199,2.24E-01,4,4199,Not eroded,0,1,1,0,0,0,1.45E-07,-8.35E-07,1.92E-06,2.10E-06,5.25E-07,0,3.76E-03,1,1,0,0,0
4200,1.77E-01,3,4200,Not eroded,0,0,0,0,0,0,3.37E-07,-1.07E-07,2.29E-07,4.21E-07,1.40E-07,1,7.53E-04,1,1,0,0,0
4201,2.13E-01,0,4201,Not eroded,0,1,0,0,0,0,0,0.00E+00,0.00E+00,0,0,1,0.00E+00,1,1,1,1,1
4203,2.33E-01,4,4203,Not eroded,0,1,1,1,0,0,2.14E-08,5.06E-07,6.28E-07,8.07E-07,2.02E-07,0,1.44E-03,1,1,0,0,0
4204,1.14E-01,0,4204,Not eroded,0,0,0,0,0,0,0,0.00E+00,0.00E+00,0,0,1,0.00E+00,1,1,1,1,1
4205,3.04E-01,0,4205,ERODED,1,1,1,1,1,1,0,0.00E+00,0.00E+00,0,0,1,0.00E+00,1,1,1,1,1
4206,6.44E-02,3,4206,Not eroded,0,0,0,0,0,0,1.85E-08,8.62E-08,-9.77E-08,1.32E-07,4.38E-08,1,2.36E-04,1,1,0,0,0
4207,2.36E-01,0,4207,Not eroded,0,1,1,1,0,0,0,0.00E+00,0.00E+00,0,0,1,0.00E+00,1,1,1,1,1
4208,1.49E-01,5,4208,Not eroded,0,0,0,0,0,0,5.65E-07,-1.52E-06,2.47E-08,1.62E-06,3.23E-07,0,2.90E-03,0,1,0,0,0
4210,2.48E-01,3,4210,Not eroded,0,1,1,1,1,0,4.28E-08,9.38E-08,-7.38E-08,1.27E-07,4.23E-08,1,2.27E-04,1,1,0,0,0
4211,2.71E-01,3,4211,Not eroded,0,1,1,1,1,1,8.52E-07,-5.18E-07,2.98E-07,1.04E-06,3.47E-07,1,1.86E-03,1,1,0,0,0
4212,2.05E-01,4,4212,Not eroded,0,1,0,0,0,0,4.58E-07,-3.79E-08,8.49E-08,4.68E-07,1.17E-07,0,8.37E-04,1,1,0,0,0
4213,1.44E-01,0,4213,Not eroded,0,0,0,0,0,0,0,0.00E+00,0.00E+00,0,0,1,0.00E+00,1,1,1,1,1
4214,9.36E-02,3,4214,Not eroded,0,0,0,0,0,0,4.95E-07,-7.30E-07,9.86E-07,1.32E-06,4.41E-07,1,2.36E-03,1,1,0,0,0
4216,1.80E-01,0,4216,Not eroded,0,0,0,0,0,0,0,0.00E+00,0.00E+00,0,0,1,0.00E+00,1,1,1,1,1
4217,9.49E-02,5,4217,Not eroded,0,0,0,0,0,0,-1.52E-07,2.26E-07,5.74E-08,2.78E-07,5.55E-08,0,4.97E-04,0,1,0,0,0
4218,1.31E-01,4,4218,Not eroded,0,0,0,0,0,0,-1.27E-07,-1.22E-07,-4.56E-08,1.82E-07,4.54E-08,0,3.26E-04,1,1,0,0,0
4220,1.18E-01,5,4220,Not eroded,0,0,0,0,0,0,-7.21E-07,1.16E-06,5.43E-06,5.59E-06,1.12E-06,0,1.00E-02,0,1,0,0,0
4222,6.50E-02,5,4222,Not eroded,0,0,0,0,0,0,1.10E-07,1.48E-06,-1.73E-07,1.49E-06,2.98E-07,0,2.67E-03,0,1,0,0,0
4223,2.04E-01,7,4223,Not eroded,0,1,0,0,0,0,-1.43E-07,-1.97E-08,-6.12E-08,1.57E-07,2.24E-08,0,2.81E-04,0,0,0,0,0
4224,2.37E-01,5,4224,Not eroded,0,1,1,1,0,0,9.68E-07,7.31E-07,5.84E-07,1.35E-06,2.69E-07,0,2.41E-03,0,1,0,0,0
4225,2.36E-01,0,4225,Not eroded,0,1,1,1,0,0,0,0.00E+00,0.00E+00,0,0,1,0.00E+00,1,1,1,1,1
4227,5.65E-02,4,4227,Not eroded,0,0,0,0,0,0,2.98E-07,-9.30E-08,-1.44E-06,1.47E-06,3.68E-07,0,2.63E-03,1,1,0,0,0
4228,3.20E-01,0,4228,ERODED,1,1,1,1,1,1,0,0.00E+00,0.00E+00,0,0,1,0.00E+00,1,1,1,1,1
4229,1.29E-01,6,4229,Not eroded,0,0,0,0,0,0,7.92E-08,-1.07E-07,8.72E-08,1.59E-07,2.65E-08,0,2.84E-04,0,0,0,0,0
4231,2.48E-01,0,4231,Not eroded,0,1,1,1,1,0,0,0.00E+00,0.00E+00,0,0,1,0.00E+00,1,1,1,1,1
4232,2.81E-01,3,4232,Not eroded,0,1,1,1,1,1,5.94E-06,1.32E-05,1.37E-06,1.45E-05,4.83E-06,1,2.59E-02,1,1,0,0,0
4233,2.10E-01,4,4233,Not eroded,0,1,0,0,0,0,-7.51E-08,2.58E-07,8.49E-08,2.82E-07,7.04E-08,0,5.04E-04,1,1,0,0,0
4234,2.41E-01,0,4234,Not eroded,0,1,1,1,1,0,0,0.00E+00,0.00E+00,0,0,1,0.00E+00,1,1,1,1,1
4235,2.90E-01,0,4235,ERODED,1,1,1,1,1,1,0,0.00E+00,0.00E+00,0,0,1,0.00E+00,1,1,1,1,1
4236,8.80E-02,5,4236,Not eroded,0,0,0,0,0,0,-1.02E-07,-5.77E-07,2.40E-07,6.33E-07,1.27E-07,0,1.13E-03,0,1,0,0,0
4237,5.66E-02,5,4237,Not eroded,0,0,0,0,0,0,-9.50E-08,4.16E-07,-1.51E-06,1.57E-06,3.13E-07,0,2.81E-03,0,1,0,0,0
4238,2.80E-01,0,4238,Not eroded,0,1,1,1,1,1,0,0.00E+00,0.00E+00,0,0,1,0.00E+00,1,1,1,1,1
4239,1.29E-01,0,4239,Not eroded,0,0,0,0,0,0,0,0.00E+00,0.00E+00,0,0,1,0.00E+00,1,1,1,1,1
4240,1.69E-01,3,4240,Not eroded,0,0,0,0,0,0,1.33E-06,8.71E-08,5.23E-07,1.44E-06,4.78E-07,1,2.58E-03,1,1,0,0,0
4241,1.71E-01,4,4241,Not eroded,0,0,0,0,0,0,1.58E-07,-3.19E-08,4.62E-07,4.89E-07,1.22E-07,0,8.75E-04,1,1,0,0,0
4243,3.15E-01,0,4243,ERODED,1,1,1,1,1,1,0,0.00E+00,0.00E+00,0,0,1,0.00E+00,1,1,1,1,1
4244,2.72E-01,6,4244,Not eroded,0,1,1,1,1,1,1.92E-07,1.23E-07,2.07E-07,3.08E-07,5.13E-08,0,5.51E-04,0,0,0,0,0
4245,3.22E-01,0,4245,ERODED,1,1,1,1,1,1,0,0.00E+00,0.00E+00,0,0,1,0.00E+00,1,1,1,1,1
4246,2.03E-01,5,4246,Not eroded,0,1,0,0,0,0,3.81E-07,-1.27E-07,1.02E-07,4.15E-07,8.29E-08,0,7.42E-04,0,1,0,0,0
4247,2.29E-01,6,4247,Not eroded,0,1,1,0,0,0,-1.34E-07,-1.75E-07,1.31E-07,2.56E-07,4.27E-08,0,4.58E-04,0,0,0,0,0
4248,1.48E-01,0,4248,Not eroded,0,0,0,0,0,0,0,0.00E+00,0.00E+00,0,0,1,0.00E+00,1,1,1,1,1
4250,1.16E-01,4,4250,Not eroded,0,0,0,0,0,0,6.32E-08,2.68E-07,2.32E-07,3.60E-07,9.00E-08,0,6.44E-04,1,1,0,0,0
4251,1.16E-01,4,4251,Not eroded,0,0,0,0,0,0,-7.63E-07,1.80E-07,4.81E-07,9.20E-07,2.30E-07,0,1.65E-03,1,1,0,0,0
4252,1.20E-01,5,4252,Not eroded,0,0,0,0,0,0,-1.85E-06,-7.58E-07,-1.64E-07,2.01E-06,4.02E-07,0,3.60E-03,0,1,0,0,0
4253,1.53E-01,0,4253,Not eroded,0,0,0,0,0,0,0,0.00E+00,0.00E+00,0,0,1,0.00E+00,1,1,1,1,1
4254,2.89E-01,6,4254,Not eroded,0,1,1,1,1,1,-4.97E-07,7.24E-07,-7.39E-08,8.81E-07,1.47E-07,0,1.58E-03,0,0,0,0,0
4255,1.29E-01,3,4255,Not eroded,0,0,0,0,0,0,3.34E-07,1.90E-07,3.31E-07,5.07E-07,1.69E-07,1,9.07E-04,1,1,0,0,0
4256,1.31E-01,4,4256,Not eroded,0,0,0,0,0,0,8.78E-08,2.07E-07,3.51E-08,2.28E-07,5.70E-08,0,4.08E-04,1,1,0,0,0
4257,1.44E-01,5,4257,Not eroded,0,0,0,0,0,0,4.80E-08,1.02E-08,2.95E-07,2.99E-07,5.97E-08,0,5.35E-04,0,1,0,0,0
4259,1.60E-01,0,4259,Not eroded,0,0,0,0,0,0,0,0.00E+00,0.00E+00,0,0,1,0.00E+00,1,1,1,1,1
4260,3.03E-01,0,4260,ERODED,1,1,1,1,1,1,0,0.00E+00,0.00E+00,0,0,1,0.00E+00,1,1,1,1,1
4261,1.42E-01,4,4261,Not eroded,0,0,0,0,0,0,2.96E-07,2.47E-07,2.09E-07,4.38E-07,1.10E-07,0,7.83E-04,1,1,0,0,0
4262,2.43E-01,0,4262,Not eroded,0,1,1,1,1,0,0,0.00E+00,0.00E+00,0,0,1,0.00E+00,1,1,1,1,1
4263,3.22E-01,0,4263,ERODED,1,1,1,1,1,1,0,0.00E+00,0.00E+00,0,0,1,0.00E+00,1,1,1,1,1
4264,2.76E-01,0,4264,ERODED,1,1,1,1,1,1,0,0.00E+00,0.00E+00,0,0,1,0.00E+00,1,1,1,1,1
4265,1.89E-01,5,4265,Not eroded,0,0,0,0,0,0,7.31E-07,6.42E-07,9.95E-07,1.39E-06,2.78E-07,0,2.49E-03,0,1,0,0,0
4266,9.25E-02,4,4266,Not eroded,0,0,0,0,0,0,-1.83E-07,-4.15E-07,4.60E-07,6.45E-07,1.61E-07,0,1.15E-03,1,1,0,0,0
4267,1.61E-01,0,4267,Not eroded,0,0,0,0,0,0,0,0.00E+00,0.00E+00,0,0,1,0.00E+00,1,1,1,1,1
4268,2.01E-01,0,4268,Not eroded,0,1,0,0,0,0,0,0.00E+00,0.00E+00,0,0,1,0.00E+00,1,1,1,1,1
4269,1.11E-01,5,4269,Not eroded,0,0,0,0,0,0,-3.92E-08,1.69E-07,1.61E-07,2.37E-07,4.74E-08,0,4.24E-04,0,1,0,0,0
4270,1.30E-01,0,4270,Not eroded,0,0,0,0,0,0,0,0.00E+00,0.00E+00,0,0,1,0.00E+00,1,1,1,1,1
4271,1.40E-01,0,4271,Not eroded,0,0,0,0,0,0,0,0.00E+00,0.00E+00,0,0,1,0.00E+00,1,1,1,1,1
4272,1.42E-01,4,4272,Not eroded,0,0,0,0,0,0,6.11E-07,5.54E-08,1.04E-07,6.23E-07,1.56E-07,0,1.11E-03,1,1,0,0,0
4273,3.06E-01,0,4273,ERODED,1,1,1,1,1,1,0,0.00E+00,0.00E+00,0,0,1,0.00E+00,1,1,1,1,1
4275,8.77E-02,3,4275,Not eroded,0,0,0,0,0,0,1.27E-07,3.21E-08,-9.64E-08,1.63E-07,5.42E-08,1,2.92E-04,1,1,0,0,0
4276,1.81E-01,5,4276,Not eroded,0,0,0,0,0,0,1.49E-07,2.36E-07,2.72E-07,3.90E-07,7.79E-08,0,6.98E-04,0,1,0,0,0
4277,5.66E-02,3,4277,Not eroded,0,0,0,0,0,0,-6.23E-08,8.56E-08,-1.55E-06,1.55E-06,5.17E-07,1,2.77E-03,1,1,0,0,0
4278,3.01E-01,3,4278,Not eroded,0,1,1,1,1,1,8.87E-08,2.25E-07,1.29E-07,2.74E-07,9.12E-08,1,4.90E-04,1,1,0,0,0
4279,1.91E-01,4,4279,Not eroded,0,1,0,0,0,0,-3.94E-07,-6.42E-08,4.76E-08,4.02E-07,1.00E-07,0,7.19E-04,1,1,0,0,0
4280,3.17E-01,0,4280,ERODED,1,1,1,1,1,1,0,0.00E+00,0.00E+00,0,0,1,0.00E+00,1,1,1,1,1
4281,1.24E-01,2,4281,Not eroded,0,0,0,0,0,0,3.51E-07,1.28E-07,2.13E-07,4.30E-07,2.15E-07,1,7.69E-04,1,1,1,0,0
4282,2.93E-01,0,4282,ERODED,1,1,1,1,1,1,0,0.00E+00,0.00E+00,0,0,1,0.00E+00,1,1,1,1,1
4283,1.43E-01,3,4283,Not eroded,0,0,0,0,0,0,4.56E-07,1.27E-07,-3.97E-08,4.75E-07,1.58E-07,1,8.50E-04,1,1,0,0,0
4284,6.38E-02,4,4284,Not eroded,0,0,0,0,0,0,2.55E-07,1.82E-07,-1.78E-07,3.60E-07,9.01E-08,0,6.44E-04,1,1,0,0,0
4285,2.64E-01,3,4285,Not eroded,0,1,1,1,1,1,-2.23E-07,3.81E-06,2.61E-06,4.62E-06,1.54E-06,1,8.26E-03,1,1,0,0,0
4287,1.14E-01,5,4287,Not eroded,0,0,0,0,0,0,-2.10E-08,-1.49E-07,6.09E-07,6.27E-07,1.25E-07,0,1.12E-03,0,1,0,0,0
4288,2.35E-01,3,4288,Not eroded,0,1,1,1,0,0,2.79E-07,5.60E-07,7.96E-08,6.30E-07,2.10E-07,1,1.13E-03,1,1,0,0,0
4289,1.86E-01,0,4289,Not eroded,0,0,0,0,0,0,0,0.00E+00,0.00E+00,0,0,1,0.00E+00,1,1,1,1,1
4290,5.66E-02,4,4290,Not eroded,0,0,0,0,0,0,-7.38E-08,2.05E-08,-1.25E-06,1.25E-06,3.12E-07,0,2.24E-03,1,1,0,0,0
4291,2.91E-01,2,4291,Not eroded,0,1,1,1,1,1,2.59E-07,-2.65E-07,1.71E-07,4.09E-07,2.04E-07,1,7.32E-04,1,1,1,0,0
4292,1.10E-01,2,4292,Not eroded,0,0,0,0,0,0,-5.63E-07,-3.39E-08,3.04E-07,6.41E-07,3.20E-07,1,1.15E-03,1,1,1,0,0
4293,1.40E-01,3,4293,Not eroded,0,0,0,0,0,0,-3.73E-08,-7.99E-08,4.80E-07,4.89E-07,1.63E-07,1,8.75E-04,1,1,0,0,0
4295,2.93E-01,4,4295,Not eroded,0,1,1,1,1,1,-4.16E-07,3.59E-07,-1.72E-07,5.76E-07,1.44E-07,0,1.03E-03,1,1,0,0,0
4296,8.83E-02,5,4296,Not eroded,0,0,0,0,0,0,4.83E-07,6.67E-09,4.95E-08,4.86E-07,9.71E-08,0,8.69E-04,0,1,0,0,0
4297,1.44E-01,0,4297,Not eroded,0,0,0,0,0,0,0,0.00E+00,0.00E+00,0,0,1,0.00E+00,1,1,1,1,1
4298,1.60E-01,3,4298,Not eroded,0,0,0,0,0,0,4.04E-07,2.00E-07,-8.43E-08,4.58E-07,1.53E-07,1,8.19E-04,1,1,0,0,0
4299,1.78E-01,0,4299,Not eroded,0,0,0,0,0,0,0,0.00E+00,0.00E+00,0,0,1,0.00E+00,1,1,1,1,1
4300,3.01E-01,4,4300,Not eroded,0,1,1,1,1,1,3.50E-06,-2.28E-06,-2.10E-06,4.68E-06,1.17E-06,0,8.37E-03,1,1,0,0,0
4301,2.22E-01,3,4301,Not eroded,0,1,1,0,0,0,4.97E-08,2.96E-07,-7.39E-08,3.09E-07,1.03E-07,1,5.53E-04,1,1,0,0,0
4302,2.89E-01,2,4302,Not eroded,0,1,1,1,1,1,4.31E-07,2.71E-07,-5.49E-08,5.12E-07,2.56E-07,1,9.16E-04,1,1,1,0,0
4303,6.99E-02,3,4303,Not eroded,0,0,0,0,0,0,-3.24E-07,7.92E-08,1.76E-07,3.77E-07,1.26E-07,1,6.74E-04,1,1,0,0,0
4304,9.41E-02,0,4304,Not eroded,0,0,0,0,0,0,0,0.00E+00,0.00E+00,0,0,1,0.00E+00,1,1,1,1,1
4305,8.43E-02,3,4305,Not eroded,0,0,0,0,0,0,8.54E-07,-1.68E-07,5.16E-07,1.01E-06,3.37E-07,1,1.81E-03,1,1,0,0,0
4306,2.99E-01,0,4306,ERODED,1,1,1,1,1,1,0,0.00E+00,0.00E+00,0,0,1,0.00E+00,1,1,1,1,1
4307,1.19E-01,5,4307,Not eroded,0,0,0,0,0,0,4.36E-07,4.07E-07,3.25E-08,5.97E-07,1.19E-07,0,1.07E-03,0,1,0,0,0
4308,2.44E-01,3,4308,Not eroded,0,1,1,1,1,0,4.27E-07,-9.92E-07,1.35E-07,1.09E-06,3.63E-07,1,1.95E-03,1,1,0,0,0
4309,9.41E-02,3,4309,Not eroded,0,0,0,0,0,0,-1.25E-06,4.38E-07,-4.29E-06,4.49E-06,1.50E-06,1,8.03E-03,1,1,0,0,0
4310,2.76E-01,3,4310,Not eroded,0,1,1,1,1,1,3.43E-06,9.31E-06,-1.73E-06,1.01E-05,3.36E-06,1,1.81E-02,1,1,0,0,0
4311,7.90E-02,5,4311,Not eroded,0,0,0,0,0,0,3.53E-07,3.20E-07,-9.89E-08,4.87E-07,9.74E-08,0,8.71E-04,0,1,0,0,0
4312,2.26E-01,0,4312,Not eroded,0,1,1,0,0,0,0,0.00E+00,0.00E+00,0,0,1,0.00E+00,1,1,1,1,1
4313,1.82E-01,6,4313,Not eroded,0,0,0,0,0,0,1.89E-07,3.03E-07,-3.13E-08,3.58E-07,5.97E-08,0,6.40E-04,0,0,0,0,0
4314,1.92E-01,4,4314,Not eroded,0,1,0,0,0,0,-7.72E-07,3.10E-07,1.41E-06,1.64E-06,4.10E-07,0,2.93E-03,1,1,0,0,0
4315,1.83E-01,0,4315,Not eroded,0,0,0,0,0,0,0,0.00E+00,0.00E+00,0,0,1,0.00E+00,1,1,1,1,1
4316,1.78E-01,5,4316,Not eroded,0,0,0,0,0,0,3.09E-07,1.40E-07,1.10E-07,3.57E-07,7.13E-08,0,6.39E-04,0,1,0,0,0
4318,2.91E-01,2,4318,Not eroded,0,1,1,1,1,1,-8.28E-07,-1.74E-06,3.48E-06,3.98E-06,1.99E-06,1,7.12E-03,1,1,1,0,0
4319,1.39E-01,4,4319,Not eroded,0,0,0,0,0,0,1.94E-07,-1.99E-07,4.20E-07,5.04E-07,1.26E-07,0,9.02E-04,1,1,0,0,0
4320,3.19E-01,0,4320,ERODED,1,1,1,1,1,1,0,0.00E+00,0.00E+00,0,0,1,0.00E+00,1,1,1,1,1
4321,1.94E-01,4,4321,Not eroded,0,1,0,0,0,0,-4.80E-06,6.77E-06,8.70E-07,8.34E-06,2.09E-06,0,1.49E-02,1,1,0,0,0
4322,1.39E-01,0,4322,Not eroded,0,0,0,0,0,0,0,0.00E+00,0.00E+00,0,0,1,0.00E+00,1,1,1,1,1
4323,2.90E-01,6,4323,Not eroded,0,1,1,1,1,1,3.42E-05,-1.11E-05,-4.98E-05,6.14E-05,1.02E-05,0,1.10E-01,0,0,0,0,0
4324,1.85E-01,1,4324,Not eroded,0,0,0,0,0,0,-8.16E-07,-2.04E-06,3.72E-06,4.32E-06,4.32E-06,1,7.73E-03,1,1,1,1,0
4325,1.42E-01,4,4325,Not eroded,0,0,0,0,0,0,-3.51E-07,1.69E-07,9.00E-07,9.81E-07,2.45E-07,0,1.75E-03,1,1,0,0,0
4326,7.68E-02,3,4326,Not eroded,0,0,0,0,0,0,1.84E-07,-6.22E-07,3.62E-08,6.49E-07,2.16E-07,1,1.16E-03,1,1,0,0,0
4327,1.94E-01,4,4327,Not eroded,0,1,0,0,0,0,-1.88E-08,-2.05E-07,-2.97E-07,3.61E-07,9.03E-08,0,6.46E-04,1,1,0,0,0
4328,1.97E-01,5,4328,Not eroded,0,1,0,0,0,0,3.92E-07,3.80E-07,5.60E-07,7.82E-07,1.56E-07,0,1.40E-03,0,1,0,0,0
4329,5.65E-02,3,4329,Not eroded,0,0,0,0,0,0,2.18E-07,2.33E-07,-1.28E-06,1.32E-06,4.39E-07,1,2.36E-03,1,1,0,0,0
4330,1.18E-01,5,4330,Not eroded,0,0,0,0,0,0,1.14E-07,-5.20E-08,4.52E-09,1.26E-07,2.51E-08,0,2.25E-04,0,1,0,0,0
4331,2.05E-01,5,4331,Not eroded,0,1,0,0,0,0,-2.39E-07,2.80E-07,5.75E-08,3.73E-07,7.45E-08,0,6.67E-04,0,1,0,0,0
4332,2.64E-01,4,4332,Not eroded,0,1,1,1,1,1,-1.55E-07,7.05E-08,2.24E-07,2.82E-07,7.04E-08,0,5.04E-04,1,1,0,0,0
4333,2.72E-01,0,4333,Not eroded,0,1,1,1,1,1,0,0.00E+00,0.00E+00,0,0,1,0.00E+00,1,1,1,1,1
4334,2.73E-01,4,4334,Not eroded,0,1,1,1,1,1,-2.18E-07,1.28E-07,3.75E-07,4.52E-07,1.13E-07,0,8.08E-04,1,1,0,0,0
4335,2.56E-01,4,4335,Not eroded,0,1,1,1,1,1,1.66E-05,2.78E-06,2.19E-06,1.70E-05,4.25E-06,0,3.04E-02,1,1,0,0,0
4336,1.41E-01,7,4336,Not eroded,0,0,0,0,0,0,6.22E-08,1.69E-07,3.18E-07,3.66E-07,5.23E-08,0,6.55E-04,0,0,0,0,0
4338,2.47E-01,5,4338,Not eroded,0,1,1,1,1,0,9.66E-08,2.39E-07,2.52E-07,3.61E-07,7.21E-08,0,6.46E-04,0,1,0,0,0
4339,8.94E-02,0,4339,Not eroded,0,0,0,0,0,0,0,0.00E+00,0.00E+00,0,0,1,0.00E+00,1,1,1,1,1
4341,2.37E-01,4,4341,Not eroded,0,1,1,1,0,0,2.01E-06,-1.54E-06,-1.89E-06,3.16E-06,7.89E-07,0,5.65E-03,1,1,0,0,0
4342,2.41E-01,0,4342,Not eroded,0,1,1,1,1,0,0,0.00E+00,0.00E+00,0,0,1,0.00E+00,1,1,1,1,1
4343,1.74E-01,0,4343,Not eroded,0,0,0,0,0,0,0,0.00E+00,0.00E+00,0,0,1,0.00E+00,1,1,1,1,1
4344,2.29E-01,3,4344,Not eroded,0,1,1,0,0,0,5.00E-07,3.79E-07,9.69E-07,1.15E-06,3.85E-07,1,2.06E-03,1,1,0,0,0
4345,3.14E-01,0,4345,ERODED,1,1,1,1,1,1,0,0.00E+00,0.00E+00,0,0,1,0.00E+00,1,1,1,1,1
4346,1.85E-01,0,4346,Not eroded,0,0,0,0,0,0,0,0.00E+00,0.00E+00,0,0,1,0.00E+00,1,1,1,1,1
4347,1.50E-01,4,4347,Not eroded,0,0,0,0,0,0,-6.18E-08,2.55E-07,7.29E-08,2.72E-07,6.80E-08,0,4.87E-04,1,1,0,0,0
4348,5.66E-02,4,4348,Not eroded,0,0,0,0,0,0,6.08E-07,-1.19E-07,-1.24E-06,1.39E-06,3.47E-07,0,2.49E-03,1,1,0,0,0
4349,1.34E-01,4,4349,Not eroded,0,0,0,0,0,0,-3.79E-07,5.21E-07,1.59E-07,6.63E-07,1.66E-07,0,1.19E-03,1,1,0,0,0
4350,9.74E-02,5,4350,Not eroded,0,0,0,0,0,0,1.17E-07,1.12E-07,8.55E-08,1.84E-07,3.67E-08,0,3.29E-04,0,1,0,0,0
4351,2.23E-01,0,4351,Not eroded,0,1,1,0,0,0,0,0.00E+00,0.00E+00,0,0,1,0.00E+00,1,1,1,1,1
4352,1.76E-01,4,4352,Not eroded,0,0,0,0,0,0,-3.16E-08,4.79E-08,-1.35E-07,1.46E-07,3.66E-08,0,2.61E-04,1,1,0,0,0
4353,1.42E-01,4,4353,Not eroded,0,0,0,0,0,0,-4.51E-07,-1.91E-05,7.78E-06,2.06E-05,5.15E-06,0,3.68E-02,1,1,0,0,0
4354,1.81E-01,0,4354,Not eroded,0,0,0,0,0,0,0,0.00E+00,0.00E+00,0,0,1,0.00E+00,1,1,1,1,1
4355,2.22E-01,6,4355,Not eroded,0,1,1,0,0,0,5.99E-08,-4.33E-09,1.77E-07,1.87E-07,3.12E-08,0,3.34E-04,0,0,0,0,0
4357,2.91E-01,0,4357,ERODED,1,1,1,1,1,1,0,0.00E+00,0.00E+00,0,0,1,0.00E+00,1,1,1,1,1
4358,2.57E-01,0,4358,Not eroded,0,1,1,1,1,1,0,0.00E+00,0.00E+00,0,0,1,0.00E+00,1,1,1,1,1
4359,1.07E-01,0,4359,Not eroded,0,0,0,0,0,0,0,0.00E+00,0.00E+00,0,0,1,0.00E+00,1,1,1,1,1
4360,2.43E-01,4,4360,Not eroded,0,1,1,1,1,0,2.87E-07,-7.76E-08,3.27E-07,4.42E-07,1.10E-07,0,7.91E-04,1,1,0,0,0
4361,2.40E-01,0,4361,Not eroded,0,1,1,1,0,0,0,0.00E+00,0.00E+00,0,0,1,0.00E+00,1,1,1,1,1
4362,1.30E-01,4,4362,Not eroded,0,0,0,0,0,0,5.59E-07,-7.34E-07,7.12E-07,1.16E-06,2.91E-07,0,2.07E-03,1,1,0,0,0
4363,5.66E-02,4,4363,Not eroded,0,0,0,0,0,0,-7.93E-08,-5.57E-07,-5.54E-07,7.90E-07,1.97E-07,0,1.41E-03,1,1,0,0,0
4365,1.13E-01,4,4365,Not eroded,0,0,0,0,0,0,6.46E-06,1.92E-06,-2.17E-07,6.74E-06,1.69E-06,0,1.21E-02,1,1,0,0,0
4366,2.89E-01,4,4366,Not eroded,0,1,1,1,1,1,1.98E-07,8.30E-08,-6.03E-07,6.40E-07,1.60E-07,0,1.14E-03,1,1,0,0,0
4367,5.66E-02,3,4367,Not eroded,0,0,0,0,0,0,-5.56E-08,2.68E-07,-1.57E-06,1.59E-06,5.31E-07,1,2.84E-03,1,1,0,0,0
4368,1.95E-01,4,4368,Not eroded,0,1,0,0,0,0,-5.82E-08,-1.14E-07,9.66E-08,1.60E-07,4.01E-08,0,2.86E-04,1,1,0,0,0
4369,7.38E-02,4,4369,Not eroded,0,0,0,0,0,0,7.61E-07,5.49E-07,4.04E-07,1.02E-06,2.56E-07,0,1.82E-03,1,1,0,0,0
4370,1.11E-01,5,4370,Not eroded,0,0,0,0,0,0,-1.53E-07,3.99E-08,1.94E-07,2.50E-07,5.00E-08,0,4.47E-04,0,1,0,0,0
4371,7.39E-02,5,4371,Not eroded,0,0,0,0,0,0,1.33E-07,-1.45E-07,9.67E-07,9.87E-07,1.97E-07,0,1.77E-03,0,1,0,0,0
4372,2.72E-01,0,4372,Not eroded,0,1,1,1,1,1,0,0.00E+00,0.00E+00,0,0,1,0.00E+00,1,1,1,1,1
4373,1.67E-01,4,4373,Not eroded,0,0,0,0,0,0,-2.54E-08,-5.70E-07,-1.53E-07,5.91E-07,1.48E-07,0,1.06E-03,1,1,0,0,0
4374,2.48E-01,0,4374,Not eroded,0,1,1,1,1,0,0,0.00E+00,0.00E+00,0,0,1,0.00E+00,1,1,1,1,1
4376,7.23E-02,6,4376,Not eroded,0,0,0,0,0,0,4.49E-07,5.38E-07,1.42E-08,7.01E-07,1.17E-07,0,1.25E-03,0,0,0,0,0
4377,5.78E-02,4,4377,Not eroded,0,0,0,0,0,0,-6.88E-08,2.10E-07,1.18E-07,2.50E-07,6.25E-08,0,4.47E-04,1,1,0,0,0
4378,1.63E-01,6,4378,Not eroded,0,0,0,0,0,0,-1.29E-06,3.58E-07,3.73E-07,1.39E-06,2.32E-07,0,2.49E-03,0,0,0,0,0
4379,1.03E-01,5,4379,Not eroded,0,0,0,0,0,0,3.04E-07,1.21E-07,2.61E-07,4.19E-07,8.37E-08,0,7.49E-04,0,1,0,0,0
4380,2.57E-01,0,4380,Not eroded,0,1,1,1,1,1,0,0.00E+00,0.00E+00,0,0,1,0.00E+00,1,1,1,1,1
4381,1.37E-01,5,4381,Not eroded,0,0,0,0,0,0,1.80E-07,-4.28E-08,8.84E-09,1.85E-07,3.71E-08,0,3.31E-04,0,1,0,0,0
4382,5.66E-02,0,4382,Not eroded,0,0,0,0,0,0,0,0.00E+00,0.00E+00,0,0,1,0.00E+00,1,1,1,1,1
4383,2.10E-01,5,4383,Not eroded,0,1,0,0,0,0,-2.88E-08,-1.31E-07,4.39E-07,4.59E-07,9.19E-08,0,8.21E-04,0,1,0,0,0
4384,5.66E-02,4,4384,Not eroded,0,0,0,0,0,0,-1.54E-07,-1.90E-07,-1.29E-06,1.32E-06,3.29E-07,0,2.36E-03,1,1,0,0,0
4385,2.77E-01,5,4385,Not eroded,0,1,1,1,1,1,-4.33E-07,2.14E-07,5.28E-08,4.86E-07,9.73E-08,0,8.69E-04,0,1,0,0,0
4386,3.15E-01,0,4386,ERODED,1,1,1,1,1,1,0,0.00E+00,0.00E+00,0,0,1,0.00E+00,1,1,1,1,1
4387,2.50E-01,3,4387,Not eroded,0,1,1,1,1,0,-4.02E-06,2.32E-06,-1.59E-07,4.64E-06,1.55E-06,1,8.30E-03,1,1,0,0,0
4388,7.24E-02,5,4388,Not eroded,0,0,0,0,0,0,6.33E-07,-8.24E-07,1.70E-07,1.05E-06,2.11E-07,0,1.88E-03,0,1,0,0,0
4389,2.89E-01,4,4389,Not eroded,0,1,1,1,1,1,-1.14E-06,-1.09E-09,-8.97E-07,1.45E-06,3.62E-07,0,2.59E-03,1,1,0,0,0
4391,1.12E-01,4,4391,Not eroded,0,0,0,0,0,0,-7.74E-08,-4.06E-07,4.11E-08,4.15E-07,1.04E-07,0,7.42E-04,1,1,0,0,0
4392,6.47E-02,4,4392,Not eroded,0,0,0,0,0,0,6.08E-07,2.59E-07,8.92E-10,6.61E-07,1.65E-07,0,1.18E-03,1,1,0,0,0
4393,1.15E-01,4,4393,Not eroded,0,0,0,0,0,0,-2.00E-07,3.41E-07,5.09E-09,3.95E-07,9.88E-08,0,7.07E-04,1,1,0,0,0
4394,5.66E-02,3,4394,Not eroded,0,0,0,0,0,0,6.30E-07,-1.44E-07,-1.50E-06,1.63E-06,5.43E-07,1,2.92E-03,1,1,0,0,0
4395,2.14E-01,5,4395,Not eroded,0,1,0,0,0,0,2.69E-06,1.38E-06,4.32E-07,3.05E-06,6.11E-07,0,5.46E-03,0,1,0,0,0
4396,2.77E-01,2,4396,Not eroded,0,1,1,1,1,1,-3.23E-08,8.92E-07,4.90E-07,1.02E-06,5.09E-07,1,1.82E-03,1,1,1,0,0
4397,1.85E-01,3,4397,Not eroded,0,0,0,0,0,0,-2.25E-08,-3.27E-08,2.85E-07,2.88E-07,9.61E-08,1,5.15E-04,1,1,0,0,0
4398,2.65E-01,3,4398,Not eroded,0,1,1,1,1,1,1.23E-07,8.43E-07,2.51E-07,8.88E-07,2.96E-07,1,1.59E-03,1,1,0,0,0
4399,2.37E-01,0,4399,Not eroded,0,1,1,1,0,0,0,0.00E+00,0.00E+00,0,0,1,0.00E+00,1,1,1,1,1
4401,1.18E-01,3,4401,Not eroded,0,0,0,0,0,0,7.49E-08,-9.13E-07,7.45E-07,1.18E-06,3.93E-07,1,2.11E-03,1,1,0,0,0
4402,2.27E-01,3,4402,Not eroded,0,1,1,0,0,0,2.99E-07,-8.77E-07,-1.68E-07,9.42E-07,3.14E-07,1,1.68E-03,1,1,0,0,0
4403,2.64E-01,0,4403,ERODED,1,1,1,1,1,1,0,0.00E+00,0.00E+00,0,0,1,0.00E+00,1,1,1,1,1
4404,2.64E-01,0,4404,ERODED,1,1,1,1,1,1,0,0.00E+00,0.00E+00,0,0,1,0.00E+00,1,1,1,1,1
4405,1.76E-01,4,4405,Not eroded,0,0,0,0,0,0,1.42E-06,-1.57E-07,9.69E-07,1.73E-06,4.32E-07,0,3.09E-03,1,1,0,0,0
4406,2.29E-01,0,4406,Not eroded,0,1,1,0,0,0,0,0.00E+00,0.00E+00,0,0,1,0.00E+00,1,1,1,1,1
4407,2.14E-01,3,4407,Not eroded,0,1,0,0,0,0,4.29E-07,-7.50E-07,-5.73E-08,8.66E-07,2.89E-07,1,1.55E-03,1,1,0,0,0
4408,2.05E-01,4,4408,Not eroded,0,1,0,0,0,0,5.70E-08,-1.46E-07,2.32E-07,2.80E-07,7.01E-08,0,5.01E-04,1,1,0,0,0
4409,2.95E-01,0,4409,Not eroded,0,1,1,1,1,1,0,0.00E+00,0.00E+00,0,0,1,0.00E+00,1,1,1,1,1
4410,3.34E-01,0,4410,ERODED,1,1,1,1,1,1,0,0.00E+00,0.00E+00,0,0,1,0.00E+00,1,1,1,1,1
4411,1.47E-01,0,4411,Not eroded,0,0,0,0,0,0,0,0.00E+00,0.00E+00,0,0,1,0.00E+00,1,1,1,1,1
4412,2.46E-01,0,4412,Not eroded,0,1,1,1,1,0,0,0.00E+00,0.00E+00,0,0,1,0.00E+00,1,1,1,1,1
4413,5.66E-02,3,4413,Not eroded,0,0,0,0,0,0,2.15E-07,1.02E-07,-1.64E-06,1.66E-06,5.53E-07,1,2.97E-03,1,1,0,0,0
4414,1.45E-01,4,4414,Not eroded,0,0,0,0,0,0,-5.39E-07,5.96E-07,-5.22E-09,8.04E-07,2.01E-07,0,1.44E-03,1,1,0,0,0
4415,6.76E-02,3,4415,Not eroded,0,0,0,0,0,0,-5.69E-08,6.90E-08,1.64E-08,9.10E-08,3.03E-08,1,1.63E-04,1,1,0,0,0
4416,2.56E-01,4,4416,Not eroded,0,1,1,1,1,1,1.35E-06,-8.70E-07,6.25E-07,1.72E-06,4.30E-07,0,3.08E-03,1,1,0,0,0
4418,1.98E-01,5,4418,Not eroded,0,1,0,0,0,0,8.66E-07,8.55E-08,3.29E-07,9.30E-07,1.86E-07,0,1.66E-03,0,1,0,0,0
4419,7.22E-02,4,4419,Not eroded,0,0,0,0,0,0,4.58E-07,1.87E-07,-3.03E-07,5.80E-07,1.45E-07,0,1.04E-03,1,1,0,0,0
4420,9.20E-02,3,4420,Not eroded,0,0,0,0,0,0,5.92E-07,1.98E-07,-1.59E-07,6.44E-07,2.15E-07,1,1.15E-03,1,1,0,0,0
4421,3.21E-01,4,4421,Not eroded,0,1,1,1,1,1,5.96E-07,2.83E-08,-3.64E-07,6.99E-07,1.75E-07,0,1.25E-03,1,1,0,0,0
4422,5.65E-02,6,4422,Not eroded,0,0,0,0,0,0,1.16E-07,-2.79E-08,-1.35E-06,1.35E-06,2.25E-07,0,2.41E-03,0,0,0,0,0
4424,1.17E-01,4,4424,Not eroded,0,0,0,0,0,0,3.32E-07,1.20E-07,1.52E-07,3.84E-07,9.61E-08,0,6.87E-04,1,1,0,0,0
4425,1.98E-01,4,4425,Not eroded,0,1,0,0,0,0,-1.72E-06,2.99E-07,-9.77E-07,2.00E-06,5.01E-07,0,3.58E-03,1,1,0,0,0
4426,5.66E-02,4,4426,Not eroded,0,0,0,0,0,0,-1.15E-07,-4.43E-08,-1.31E-06,1.32E-06,3.30E-07,0,2.36E-03,1,1,0,0,0
4427,2.79E-01,0,4427,ERODED,1,1,1,1,1,1,0,0.00E+00,0.00E+00,0,0,1,0.00E+00,1,1,1,1,1
4428,1.40E-01,5,4428,Not eroded,0,0,0,0,0,0,4.91E-08,1.76E-07,3.00E-07,3.51E-07,7.03E-08,0,6.28E-04,0,1,0,0,0
4429,1.76E-01,0,4429,Not eroded,0,0,0,0,0,0,0,0.00E+00,0.00E+00,0,0,1,0.00E+00,1,1,1,1,1
4431,5.64E-02,5,4431,Not eroded,0,0,0,0,0,0,-5.34E-08,-4.41E-09,-1.26E-06,1.26E-06,2.51E-07,0,2.25E-03,0,1,0,0,0
4432,1.52E-01,5,4432,Not eroded,0,0,0,0,0,0,4.17E-07,1.89E-07,-8.06E-08,4.64E-07,9.29E-08,0,8.30E-04,0,1,0,0,0
4433,2.25E-01,4,4433,Not eroded,0,1,1,0,0,0,-4.18E-07,1.86E-06,-2.89E-07,1.93E-06,4.82E-07,0,3.45E-03,1,1,0,0,0
4434,1.10E-01,3,4434,Not eroded,0,0,0,0,0,0,2.71E-08,1.51E-08,-6.05E-08,6.80E-08,2.27E-08,1,1.22E-04,1,1,0,0,0
4435,5.83E-02,4,4435,Not eroded,0,0,0,0,0,0,-4.13E-08,-9.94E-08,1.60E-07,1.93E-07,4.82E-08,0,3.45E-04,1,1,0,0,0
4436,1.61E-01,4,4436,Not eroded,0,0,0,0,0,0,-1.62E-07,7.86E-07,2.00E-06,2.15E-06,5.38E-07,0,3.85E-03,1,1,0,0,0
4437,2.80E-01,5,4437,Not eroded,0,1,1,1,1,1,-3.05E-07,2.66E-06,1.82E-06,3.24E-06,6.48E-07,0,5.80E-03,0,1,0,0,0
4438,8.51E-02,4,4438,Not eroded,0,0,0,0,0,0,-1.25E-07,8.43E-08,4.07E-07,4.34E-07,1.09E-07,0,7.76E-04,1,1,0,0,0
4439,2.59E-01,4,4439,Not eroded,0,1,1,1,1,1,3.23E-06,3.41E-06,-6.97E-07,4.75E-06,1.19E-06,0,8.50E-03,1,1,0,0,0
4440,1.03E-01,4,4440,Not eroded,0,0,0,0,0,0,2.64E-08,-8.49E-07,1.02E-07,8.55E-07,2.14E-07,0,1.53E-03,1,1,0,0,0
4441,2.95E-01,0,4441,ERODED,1,1,1,1,1,1,0,0.00E+00,0.00E+00,0,0,1,0.00E+00,1,1,1,1,1
4442,2.71E-01,6,4442,Not eroded,0,1,1,1,1,1,1.54E-07,1.24E-07,2.90E-07,3.51E-07,5.85E-08,0,6.28E-04,0,0,0,0,0
4443,1.35E-01,4,4443,Not eroded,0,0,0,0,0,0,3.05E-08,-8.28E-08,2.18E-07,2.35E-07,5.89E-08,0,4.20E-04,1,1,0,0,0
4444,1.32E-01,0,4444,Not eroded,0,0,0,0,0,0,0,0.00E+00,0.00E+00,0,0,1,0.00E+00,1,1,1,1,1
4445,1.10E-01,2,4445,Not eroded,0,0,0,0,0,0,6.54E-07,4.11E-07,3.00E-07,8.29E-07,4.14E-07,1,1.48E-03,1,1,1,0,0
4446,2.58E-01,3,4446,Not eroded,0,1,1,1,1,1,2.66E-07,-7.18E-07,-7.18E-08,7.69E-07,2.56E-07,1,1.38E-03,1,1,0,0,0
4447,9.86E-02,5,4447,Not eroded,0,0,0,0,0,0,-2.49E-08,-1.22E-07,1.76E-07,2.15E-07,4.30E-08,0,3.85E-04,0,1,0,0,0
4448,2.89E-01,6,4448,Not eroded,0,1,1,1,1,1,-6.85E-06,-7.73E-06,2.97E-05,3.15E-05,5.25E-06,0,5.63E-02,0,0,0,0,0
4449,1.36E-01,4,4449,Not eroded,0,0,0,0,0,0,3.27E-07,-1.14E-07,9.77E-07,1.04E-06,2.59E-07,0,1.86E-03,1,1,0,0,0
4451,1.26E-01,0,4451,Not eroded,0,0,0,0,0,0,0,0.00E+00,0.00E+00,0,0,1,0.00E+00,1,1,1,1,1
4452,2.59E-01,0,4452,ERODED,1,1,1,1,1,1,0,0.00E+00,0.00E+00,0,0,1,0.00E+00,1,1,1,1,1
4453,1.22E-01,3,4453,Not eroded,0,0,0,0,0,0,1.73E-07,3.81E-07,2.58E-07,4.92E-07,1.64E-07,1,8.80E-04,1,1,0,0,0
4454,2.42E-01,5,4454,Not eroded,0,1,1,1,1,0,4.04E-07,6.58E-08,2.51E-08,4.10E-07,8.20E-08,0,7.33E-04,0,1,0,0,0
4455,1.02E-01,0,4455,Not eroded,0,0,0,0,0,0,0,0.00E+00,0.00E+00,0,0,1,0.00E+00,1,1,1,1,1
4456,5.66E-02,0,4456,Not eroded,0,0,0,0,0,0,0,0.00E+00,0.00E+00,0,0,1,0.00E+00,1,1,1,1,1
4457,2.66E-01,0,4457,ERODED,1,1,1,1,1,1,0,0.00E+00,0.00E+00,0,0,1,0.00E+00,1,1,1,1,1
4458,1.47E-01,4,4458,Not eroded,0,0,0,0,0,0,-5.96E-06,9.59E-06,1.06E-05,1.55E-05,3.86E-06,0,2.77E-02,1,1,0,0,0
4459,5.65E-02,4,4459,Not eroded,0,0,0,0,0,0,-7.22E-08,-1.92E-07,6.20E-07,6.53E-07,1.63E-07,0,1.17E-03,1,1,0,0,0
4460,2.71E-01,5,4460,Not eroded,0,1,1,1,1,1,1.08E-06,-2.36E-07,7.26E-07,1.32E-06,2.64E-07,0,2.36E-03,0,1,0,0,0
4461,1.08E-01,3,4461,Not eroded,0,0,0,0,0,0,7.47E-07,2.64E-07,2.46E-07,8.30E-07,2.77E-07,1,1.48E-03,1,1,0,0,0
4462,3.25E-01,0,4462,ERODED,1,1,1,1,1,1,0,0.00E+00,0.00E+00,0,0,1,0.00E+00,1,1,1,1,1
4463,1.76E-01,0,4463,Not eroded,0,0,0,0,0,0,0,0.00E+00,0.00E+00,0,0,1,0.00E+00,1,1,1,1,1
4464,5.65E-02,3,4464,Not eroded,0,0,0,0,0,0,-9.90E-08,-1.37E-06,-1.34E-06,1.92E-06,6.39E-07,1,3.43E-03,1,1,0,0,0
4465,2.10E-01,3,4465,Not eroded,0,1,0,0,0,0,-3.19E-07,4.74E-08,1.54E-07,3.57E-07,1.19E-07,1,6.39E-04,1,1,0,0,0
4466,2.16E-01,0,4466,Not eroded,0,1,0,0,0,0,0,0.00E+00,0.00E+00,0,0,1,0.00E+00,1,1,1,1,1
4467,2.82E-01,0,4467,ERODED,1,1,1,1,1,1,0,0.00E+00,0.00E+00,0,0,1,0.00E+00,1,1,1,1,1
4468,2.71E-01,3,4468,Not eroded,0,1,1,1,1,1,1.94E-06,9.95E-07,-2.18E-06,3.08E-06,1.03E-06,1,5.51E-03,1,1,0,0,0
4469,9.12E-02,3,4469,Not eroded,0,0,0,0,0,0,5.07E-07,4.07E-07,3.27E-07,7.28E-07,2.43E-07,1,1.30E-03,1,1,0,0,0
4470,1.83E-01,0,4470,Not eroded,0,0,0,0,0,0,0,0.00E+00,0.00E+00,0,0,1,0.00E+00,1,1,1,1,1
4471,2.31E-01,4,4471,Not eroded,0,1,1,1,0,0,9.96E-08,2.98E-07,4.63E-07,5.60E-07,1.40E-07,0,1.00E-03,1,1,0,0,0
4472,1.64E-01,5,4472,Not eroded,0,0,0,0,0,0,-2.80E-07,-1.22E-08,3.27E-07,4.31E-07,8.61E-08,0,7.71E-04,0,1,0,0,0
4473,1.75E-01,0,4473,Not eroded,0,0,0,0,0,0,0,0.00E+00,0.00E+00,0,0,1,0.00E+00,1,1,1,1,1
4474,1.15E-01,3,4474,Not eroded,0,0,0,0,0,0,-3.42E-07,-6.06E-08,-8.71E-08,3.58E-07,1.19E-07,1,6.40E-04,1,1,0,0,0
4475,1.91E-01,4,4475,Not eroded,0,1,0,0,0,0,-4.20E-08,2.05E-07,7.07E-09,2.09E-07,5.23E-08,0,3.74E-04,1,1,0,0,0
4476,1.78E-01,0,4476,Not eroded,0,0,0,0,0,0,0,0.00E+00,0.00E+00,0,0,1,0.00E+00,1,1,1,1,1
4477,1.76E-01,5,4477,Not eroded,0,0,0,0,0,0,3.00E-07,-3.32E-08,5.82E-08,3.07E-07,6.15E-08,0,5.49E-04,0,1,0,0,0
4478,2.65E-01,4,4478,Not eroded,0,1,1,1,1,1,-2.72E-08,4.07E-08,-1.08E-07,1.19E-07,2.97E-08,0,2.13E-04,1,1,0,0,0
4479,3.27E-01,0,4479,ERODED,1,1,1,1,1,1,0,0.00E+00,0.00E+00,0,0,1,0.00E+00,1,1,1,1,1
4481,8.74E-02,3,4481,Not eroded,0,0,0,0,0,0,-1.10E-06,-2.87E-07,5.11E-07,1.24E-06,4.14E-07,1,2.22E-03,1,1,0,0,0
4482,3.20E-01,0,4482,ERODED,1,1,1,1,1,1,0,0.00E+00,0.00E+00,0,0,1,0.00E+00,1,1,1,1,1
4483,2.44E-01,4,4483,Not eroded,0,1,1,1,1,0,-1.92E-06,-1.06E-06,4.93E-07,2.25E-06,5.62E-07,0,4.02E-03,1,1,0,0,0
4484,2.98E-01,4,4484,Not eroded,0,1,1,1,1,1,8.61E-07,1.67E-06,-2.04E-07,1.89E-06,4.72E-07,0,3.38E-03,1,1,0,0,0
4485,9.30E-02,3,4485,Not eroded,0,0,0,0,0,0,-2.19E-07,-9.48E-08,-2.82E-08,2.40E-07,8.01E-08,1,4.29E-04,1,1,0,0,0
4486,2.02E-01,4,4486,Not eroded,0,1,0,0,0,0,2.91E-07,1.04E-07,1.21E-07,3.32E-07,8.29E-08,0,5.94E-04,1,1,0,0,0
4487,3.29E-01,0,4487,ERODED,1,1,1,1,1,1,0,0.00E+00,0.00E+00,0,0,1,0.00E+00,1,1,1,1,1
4488,7.09E-02,3,4488,Not eroded,0,0,0,0,0,0,3.05E-07,-5.20E-07,2.12E-07,6.39E-07,2.13E-07,1,1.14E-03,1,1,0,0,0
4489,1.09E-01,4,4489,Not eroded,0,0,0,0,0,0,1.76E-07,-3.45E-08,-7.13E-08,1.93E-07,4.82E-08,0,3.45E-04,1,1,0,0,0
4490,2.86E-01,6,4490,Not eroded,0,1,1,1,1,1,4.28E-07,8.77E-07,2.58E-07,1.01E-06,1.68E-07,0,1.81E-03,0,0,0,0,0
4491,8.56E-02,6,4491,Not eroded,0,0,0,0,0,0,2.77E-07,-1.75E-07,3.74E-07,4.97E-07,8.28E-08,0,8.89E-04,0,0,0,0,0
4492,3.12E-01,0,4492,ERODED,1,1,1,1,1,1,0,0.00E+00,0.00E+00,0,0,1,0.00E+00,1,1,1,1,1
4493,2.46E-01,3,4493,Not eroded,0,1,1,1,1,0,1.69E-07,-5.75E-08,-1.25E-07,2.18E-07,7.27E-08,1,3.90E-04,1,1,0,0,0
4494,1.65E-01,0,4494,Not eroded,0,0,0,0,0,0,0,0.00E+00,0.00E+00,0,0,1,0.00E+00,1,1,1,1,1
4495,1.28E-01,5,4495,Not eroded,0,0,0,0,0,0,1.79E-08,-3.01E-08,1.64E-07,1.67E-07,3.35E-08,0,2.99E-04,0,1,0,0,0
4498,8.32E-02,4,4498,Not eroded,0,0,0,0,0,0,4.07E-07,2.09E-08,3.72E-07,5.51E-07,1.38E-07,0,9.86E-04,1,1,0,0,0
4499,1.82E-01,3,4499,Not eroded,0,0,0,0,0,0,2.18E-07,2.18E-07,1.63E-07,3.48E-07,1.16E-07,1,6.22E-04,1,1,0,0,0
4500,2.35E-01,3,4500,Not eroded,0,1,1,1,0,0,-1.24E-08,9.66E-08,7.82E-08,1.25E-07,4.16E-08,1,2.24E-04,1,1,0,0,0
4501,1.13E-01,0,4501,Not eroded,0,0,0,0,0,0,0,0.00E+00,0.00E+00,0,0,1,0.00E+00,1,1,1,1,1
4502,1.46E-01,1,4502,Not eroded,0,0,0,0,0,0,-1.60E-05,1.97E-04,-3.46E-04,0.000398268,0.000398268,1,7.12E-01,1,1,1,1,0
4503,8.16E-02,6,4503,Not eroded,0,0,0,0,0,0,1.01E-06,8.84E-07,1.23E-06,1.82E-06,3.04E-07,0,3.26E-03,0,0,0,0,0
4504,1.43E-01,5,4504,Not eroded,0,0,0,0,0,0,4.57E-07,-4.93E-08,1.70E-07,4.90E-07,9.80E-08,0,8.76E-04,0,1,0,0,0
4505,1.14E-01,4,4505,Not eroded,0,0,0,0,0,0,-8.30E-09,2.39E-07,3.84E-08,2.42E-07,6.05E-08,0,4.33E-04,1,1,0,0,0
4506,2.20E-01,0,4506,Not eroded,0,1,0,0,0,0,0,0.00E+00,0.00E+00,0,0,1,0.00E+00,1,1,1,1,1
4507,2.92E-01,0,4507,Not eroded,0,1,1,1,1,1,0,0.00E+00,0.00E+00,0,0,1,0.00E+00,1,1,1,1,1
4508,1.58E-01,4,4508,Not eroded,0,0,0,0,0,0,1.84E-07,7.11E-08,-6.71E-08,2.08E-07,5.20E-08,0,3.72E-04,1,1,0,0,0
4509,2.50E-01,0,4509,Not eroded,0,1,1,1,1,0,0,0.00E+00,0.00E+00,0,0,1,0.00E+00,1,1,1,1,1
4510,9.00E-02,3,4510,Not eroded,0,0,0,0,0,0,9.25E-08,1.36E-06,-4.74E-07,1.44E-06,4.80E-07,1,2.58E-03,1,1,0,0,0
4511,1.64E-01,4,4511,Not eroded,0,0,0,0,0,0,4.40E-07,1.25E-07,9.33E-08,4.67E-07,1.17E-07,0,8.35E-04,1,1,0,0,0
4512,6.38E-02,3,4512,Not eroded,0,0,0,0,0,0,-5.06E-08,-6.60E-08,2.97E-08,8.83E-08,2.94E-08,1,1.58E-04,1,1,0,0,0
4513,2.96E-01,3,4513,Not eroded,0,1,1,1,1,1,-2.65E-06,4.13E-06,-2.14E-06,5.35E-06,1.78E-06,1,9.57E-03,1,1,0,0,0
4514,6.35E-02,7,4514,Not eroded,0,0,0,0,0,0,-1.55E-10,1.55E-07,-4.60E-08,1.62E-07,2.31E-08,0,2.90E-04,0,0,0,0,0
4515,6.21E-02,7,4515,Not eroded,0,0,0,0,0,0,5.81E-08,9.51E-08,-7.86E-08,1.36E-07,1.95E-08,0,2.43E-04,0,0,0,0,0
4516,2.78E-01,4,4516,Not eroded,0,1,1,1,1,1,-3.29E-07,-1.80E-08,-6.41E-10,3.30E-07,8.24E-08,0,5.90E-04,1,1,0,0,0
4517,1.70E-01,0,4517,Not eroded,0,0,0,0,0,0,0,0.00E+00,0.00E+00,0,0,1,0.00E+00,1,1,1,1,1
4519,2.48E-01,5,4519,Not eroded,0,1,1,1,1,0,-1.32E-05,2.46E-07,-4.70E-05,4.88E-05,9.76E-06,0,8.73E-02,0,1,0,0,0
4520,3.34E-01,0,4520,ERODED,1,1,1,1,1,1,0,0.00E+00,0.00E+00,0,0,1,0.00E+00,1,1,1,1,1
4521,3.25E-01,2,4521,Not eroded,0,1,1,1,1,1,1.28E-06,3.67E-06,-5.55E-06,6.77E-06,3.39E-06,1,1.21E-02,1,1,1,0,0
4522,1.90E-01,4,4522,Not eroded,0,0,0,0,0,0,5.18E-08,3.30E-07,4.33E-07,5.47E-07,1.37E-07,0,9.78E-04,1,1,0,0,0
4523,2.56E-01,3,4523,Not eroded,0,1,1,1,1,1,5.39E-07,-1.91E-07,8.47E-07,1.02E-06,3.41E-07,1,1.82E-03,1,1,0,0,0
4524,8.91E-02,0,4524,Not eroded,0,0,0,0,0,0,0,0.00E+00,0.00E+00,0,0,1,0.00E+00,1,1,1,1,1
4525,2.99E-01,0,4525,ERODED,1,1,1,1,1,1,0,0.00E+00,0.00E+00,0,0,1,0.00E+00,1,1,1,1,1
4526,1.22E-01,4,4526,Not eroded,0,0,0,0,0,0,1.64E-07,-7.51E-06,-6.60E-07,7.54E-06,1.89E-06,0,1.35E-02,1,1,0,0,0
4527,3.25E-01,0,4527,ERODED,1,1,1,1,1,1,0,0.00E+00,0.00E+00,0,0,1,0.00E+00,1,1,1,1,1
4529,1.30E-01,4,4529,Not eroded,0,0,0,0,0,0,3.92E-07,1.67E-07,4.13E-07,5.94E-07,1.48E-07,0,1.06E-03,1,1,0,0,0
4530,1.34E-01,4,4530,Not eroded,0,0,0,0,0,0,2.72E-06,-2.35E-07,2.20E-06,3.51E-06,8.76E-07,0,6.28E-03,1,1,0,0,0
4531,5.90E-02,5,4531,Not eroded,0,0,0,0,0,0,5.97E-07,1.30E-07,2.27E-07,6.51E-07,1.30E-07,0,1.16E-03,0,1,0,0,0
4532,1.65E-01,6,4532,Not eroded,0,0,0,0,0,0,1.85E-07,-2.50E-09,-1.31E-08,1.86E-07,3.09E-08,0,3.33E-04,0,0,0,0,0
4533,2.05E-01,0,4533,Not eroded,0,1,0,0,0,0,0,0.00E+00,0.00E+00,0,0,1,0.00E+00,1,1,1,1,1
4535,2.77E-01,0,4535,ERODED,1,1,1,1,1,1,0,0.00E+00,0.00E+00,0,0,1,0.00E+00,1,1,1,1,1
4536,2.85E-01,0,4536,ERODED,1,1,1,1,1,1,0,0.00E+00,0.00E+00,0,0,1,0.00E+00,1,1,1,1,1
4537,2.06E-01,0,4537,Not eroded,0,1,0,0,0,0,0,0.00E+00,0.00E+00,0,0,1,0.00E+00,1,1,1,1,1
4538,9.27E-02,3,4538,Not eroded,0,0,0,0,0,0,1.16E-06,-1.19E-06,-2.75E-07,1.68E-06,5.61E-07,1,3.01E-03,1,1,0,0,0
4541,1.47E-01,5,4541,Not eroded,0,0,0,0,0,0,-4.86E-07,-8.04E-08,-2.09E-07,5.35E-07,1.07E-07,0,9.57E-04,0,1,0,0,0
4542,9.75E-02,4,4542,Not eroded,0,0,0,0,0,0,-2.70E-07,-5.67E-07,5.48E-07,8.33E-07,2.08E-07,0,1.49E-03,1,1,0,0,0
4543,9.19E-02,5,4543,Not eroded,0,0,0,0,0,0,-1.31E-07,-1.92E-07,5.41E-08,2.39E-07,4.77E-08,0,4.28E-04,0,1,0,0,0
4544,1.96E-01,0,4544,Not eroded,0,1,0,0,0,0,0,0.00E+00,0.00E+00,0,0,1,0.00E+00,1,1,1,1,1
4545,5.66E-02,4,4545,Not eroded,0,0,0,0,0,0,7.75E-08,3.78E-08,-1.46E-06,1.47E-06,3.66E-07,0,2.63E-03,1,1,0,0,0
4546,2.52E-01,4,4546,Not eroded,0,1,1,1,1,1,5.10E-08,4.03E-07,7.10E-07,8.18E-07,2.05E-07,0,1.46E-03,1,1,0,0,0
4547,1.06E-01,3,4547,Not eroded,0,0,0,0,0,0,-8.36E-07,1.48E-06,3.21E-07,1.73E-06,5.77E-07,1,3.09E-03,1,1,0,0,0
4548,2.60E-01,4,4548,Not eroded,0,1,1,1,1,1,1.87E-07,-1.08E-07,1.59E-07,2.69E-07,6.72E-08,0,4.81E-04,1,1,0,0,0
4550,6.54E-02,4,4550,Not eroded,0,0,0,0,0,0,-2.31E-08,-7.11E-07,-2.26E-08,7.12E-07,1.78E-07,0,1.27E-03,1,1,0,0,0
4551,2.04E-01,0,4551,Not eroded,0,1,0,0,0,0,0,0.00E+00,0.00E+00,0,0,1,0.00E+00,1,1,1,1,1
4552,1.91E-01,0,4552,Not eroded,0,1,0,0,0,0,0,0.00E+00,0.00E+00,0,0,1,0.00E+00,1,1,1,1,1
4553,6.65E-02,0,4553,Not eroded,0,0,0,0,0,0,0,0.00E+00,0.00E+00,0,0,1,0.00E+00,1,1,1,1,1
4554,2.26E-01,4,4554,Not eroded,0,1,1,0,0,0,1.14E-07,-8.77E-08,2.63E-07,2.99E-07,7.48E-08,0,5.35E-04,1,1,0,0,0
4555,2.90E-01,3,4555,Not eroded,0,1,1,1,1,1,7.91E-07,1.58E-06,-2.49E-07,1.79E-06,5.96E-07,1,3.20E-03,1,1,0,0,0
4556,5.68E-02,0,4556,Not eroded,0,0,0,0,0,0,0,0.00E+00,0.00E+00,0,0,1,0.00E+00,1,1,1,1,1
4557,7.92E-02,3,4557,Not eroded,0,0,0,0,0,0,1.95E-07,2.43E-07,1.14E-08,3.11E-07,1.04E-07,1,5.56E-04,1,1,0,0,0
4558,1.98E-01,4,4558,Not eroded,0,1,0,0,0,0,-1.49E-06,3.55E-06,-5.09E-06,6.38E-06,1.60E-06,0,1.14E-02,1,1,0,0,0
4559,2.24E-01,0,4559,Not eroded,0,1,1,0,0,0,0,0.00E+00,0.00E+00,0,0,1,0.00E+00,1,1,1,1,1
4560,2.29E-01,0,4560,Not eroded,0,1,1,0,0,0,0,0.00E+00,0.00E+00,0,0,1,0.00E+00,1,1,1,1,1
4561,1.12E-01,0,4561,Not eroded,0,0,0,0,0,0,0,0.00E+00,0.00E+00,0,0,1,0.00E+00,1,1,1,1,1
4562,5.64E-02,4,4562,Not eroded,0,0,0,0,0,0,1.34E-07,-1.19E-07,-1.31E-06,1.32E-06,3.29E-07,0,2.36E-03,1,1,0,0,0
4563,2.63E-01,5,4563,Not eroded,0,1,1,1,1,1,-8.93E-07,-1.83E-06,-2.34E-06,3.10E-06,6.20E-07,0,5.54E-03,0,1,0,0,0
4564,8.88E-02,4,4564,Not eroded,0,0,0,0,0,0,2.58E-08,-5.20E-08,-2.08E-08,6.16E-08,1.54E-08,0,1.10E-04,1,1,0,0,0
4565,6.25E-02,0,4565,Not eroded,0,0,0,0,0,0,0,0.00E+00,0.00E+00,0,0,1,0.00E+00,1,1,1,1,1
4566,1.77E-01,4,4566,Not eroded,0,0,0,0,0,0,1.61E-07,2.36E-07,8.56E-08,2.98E-07,7.45E-08,0,5.33E-04,1,1,0,0,0
4567,1.10E-01,3,4567,Not eroded,0,0,0,0,0,0,-2.94E-08,1.58E-07,2.74E-07,3.17E-07,1.06E-07,1,5.67E-04,1,1,0,0,0
4568,6.50E-02,5,4568,Not eroded,0,0,0,0,0,0,6.45E-08,-2.13E-09,-8.89E-08,1.10E-07,2.20E-08,0,1.97E-04,0,1,0,0,0
4569,1.06E-01,5,4569,Not eroded,0,0,0,0,0,0,-7.66E-08,-2.75E-08,2.24E-07,2.38E-07,4.76E-08,0,4.26E-04,0,1,0,0,0
4570,1.95E-01,4,4570,Not eroded,0,1,0,0,0,0,-1.08E-07,-8.02E-07,1.27E-07,8.19E-07,2.05E-07,0,1.46E-03,1,1,0,0,0
4571,7.52E-02,4,4571,Not eroded,0,0,0,0,0,0,4.86E-08,2.78E-07,6.28E-07,6.88E-07,1.72E-07,0,1.23E-03,1,1,0,0,0
4572,1.83E-01,4,4572,Not eroded,0,0,0,0,0,0,-1.51E-06,8.27E-07,-6.91E-07,1.86E-06,4.64E-07,0,3.33E-03,1,1,0,0,0
4573,2.69E-01,4,4573,Not eroded,0,1,1,1,1,1,4.02E-08,-8.02E-08,-5.11E-08,1.03E-07,2.58E-08,0,1.84E-04,1,1,0,0,0
4575,2.89E-01,0,4575,Not eroded,0,1,1,1,1,1,0,0.00E+00,0.00E+00,0,0,1,0.00E+00,1,1,1,1,1
4576,2.22E-01,4,4576,Not eroded,0,1,1,0,0,0,2.35E-07,1.42E-07,3.74E-07,4.64E-07,1.16E-07,0,8.30E-04,1,1,0,0,0
4577,2.35E-01,5,4577,Not eroded,0,1,1,1,0,0,2.02E-07,-1.67E-07,3.77E-07,4.59E-07,9.18E-08,0,8.21E-04,0,1,0,0,0
4578,1.65E-01,4,4578,Not eroded,0,0,0,0,0,0,-7.31E-07,-1.28E-06,1.83E-06,2.35E-06,5.88E-07,0,4.20E-03,1,1,0,0,0
4579,1.10E-01,3,4579,Not eroded,0,0,0,0,0,0,-1.02E-07,-3.78E-08,1.94E-08,1.10E-07,3.67E-08,1,1.97E-04,1,1,0,0,0
4580,2.91E-01,4,4580,Not eroded,0,1,1,1,1,1,1.04E-06,1.76E-06,1.47E-06,2.52E-06,6.29E-07,0,4.51E-03,1,1,0,0,0
4581,1.44E-01,6,4581,Not eroded,0,0,0,0,0,0,-9.60E-07,1.47E-06,-5.37E-07,1.84E-06,3.06E-07,0,3.29E-03,0,0,0,0,0
4582,1.82E-01,0,4582,Not eroded,0,0,0,0,0,0,0,0.00E+00,0.00E+00,0,0,1,0.00E+00,1,1,1,1,1
4583,2.68E-01,0,4583,Not eroded,0,1,1,1,1,1,0,0.00E+00,0.00E+00,0,0,1,0.00E+00,1,1,1,1,1
4584,2.31E-01,0,4584,Not eroded,0,1,1,1,0,0,0,0.00E+00,0.00E+00,0,0,1,0.00E+00,1,1,1,1,1
4585,2.60E-01,4,4585,Not eroded,0,1,1,1,1,1,1.58E-06,5.07E-06,2.94E-06,6.07E-06,1.52E-06,0,1.09E-02,1,1,0,0,0
4586,1.88E-01,3,4586,Not eroded,0,0,0,0,0,0,5.82E-07,3.33E-06,-4.14E-07,3.40E-06,1.13E-06,1,6.08E-03,1,1,0,0,0
4587,2.91E-01,0,4587,Not eroded,0,1,1,1,1,1,0,0.00E+00,0.00E+00,0,0,1,0.00E+00,1,1,1,1,1
4589,1.96E-01,0,4589,Not eroded,0,1,0,0,0,0,0,0.00E+00,0.00E+00,0,0,1,0.00E+00,1,1,1,1,1
4590,6.55E-02,3,4590,Not eroded,0,0,0,0,0,0,-2.42E-09,2.01E-07,-2.43E-08,2.03E-07,6.76E-08,1,3.63E-04,1,1,0,0,0
4591,1.53E-01,0,4591,Not eroded,0,0,0,0,0,0,0,0.00E+00,0.00E+00,0,0,1,0.00E+00,1,1,1,1,1
4592,7.23E-02,5,4592,Not eroded,0,0,0,0,0,0,-8.76E-09,6.28E-07,6.62E-07,9.12E-07,1.82E-07,0,1.63E-03,0,1,0,0,0
4593,2.78E-01,0,4593,ERODED,1,1,1,1,1,1,0,0.00E+00,0.00E+00,0,0,1,0.00E+00,1,1,1,1,1
4594,1.34E-01,4,4594,Not eroded,0,0,0,0,0,0,1.71E-07,-6.55E-07,2.98E-08,6.78E-07,1.69E-07,0,1.21E-03,1,1,0,0,0
4595,2.68E-01,0,4595,Not eroded,0,1,1,1,1,1,0,0.00E+00,0.00E+00,0,0,1,0.00E+00,1,1,1,1,1
4596,1.89E-01,4,4596,Not eroded,0,0,0,0,0,0,5.15E-07,2.32E-07,9.04E-07,1.07E-06,2.67E-07,0,1.91E-03,1,1,0,0,0
4597,2.91E-01,4,4597,Not eroded,0,1,1,1,1,1,6.74E-08,2.32E-07,1.65E-07,2.93E-07,7.32E-08,0,5.24E-04,1,1,0,0,0
4599,2.21E-01,0,4599,Not eroded,0,1,1,0,0,0,0,0.00E+00,0.00E+00,0,0,1,0.00E+00,1,1,1,1,1
4600,1.27E-01,4,4600,Not eroded,0,0,0,0,0,0,3.03E-07,8.67E-07,7.72E-08,9.22E-07,2.30E-07,0,1.65E-03,1,1,0,0,0
4601,1.31E-01,4,4601,Not eroded,0,0,0,0,0,0,-9.85E-08,2.18E-07,-6.00E-08,2.46E-07,6.16E-08,0,4.40E-04,1,1,0,0,0
4602,8.07E-02,5,4602,Not eroded,0,0,0,0,0,0,1.65E-07,-3.12E-09,-3.58E-08,1.68E-07,3.37E-08,0,3.01E-04,0,1,0,0,0
4603,1.18E-01,5,4603,Not eroded,0,0,0,0,0,0,-1.33E-07,-1.13E-07,-9.84E-09,1.75E-07,3.50E-08,0,3.13E-04,0,1,0,0,0
4604,2.40E-01,0,4604,Not eroded,0,1,1,1,0,0,0,0.00E+00,0.00E+00,0,0,1,0.00E+00,1,1,1,1,1
4605,1.13E-01,4,4605,Not eroded,0,0,0,0,0,0,1.44E-06,-6.76E-08,1.05E-06,1.78E-06,4.46E-07,0,3.18E-03,1,1,0,0,0
4606,2.38E-01,5,4606,Not eroded,0,1,1,1,0,0,6.89E-08,3.32E-07,-3.89E-09,3.39E-07,6.79E-08,0,6.06E-04,0,1,0,0,0
4607,5.66E-02,3,4607,Not eroded,0,0,0,0,0,0,-6.37E-07,-6.29E-07,-1.61E-06,1.84E-06,6.13E-07,1,3.29E-03,1,1,0,0,0
4608,1.14E-01,0,4608,Not eroded,0,0,0,0,0,0,0,0.00E+00,0.00E+00,0,0,1,0.00E+00,1,1,1,1,1
4609,2.63E-01,6,4609,Not eroded,0,1,1,1,1,1,-5.87E-07,6.72E-07,-7.20E-07,1.15E-06,1.91E-07,0,2.06E-03,0,0,0,0,0
4610,1.52E-01,6,4610,Not eroded,0,0,0,0,0,0,-3.49E-07,-1.64E-07,4.34E-07,5.81E-07,9.68E-08,0,1.04E-03,0,0,0,0,0
4611,2.04E-01,3,4611,Not eroded,0,1,0,0,0,0,8.29E-08,1.66E-07,-9.22E-08,2.07E-07,6.91E-08,1,3.70E-04,1,1,0,0,0
4612,2.12E-01,6,4612,Not eroded,0,1,0,0,0,0,3.30E-07,-3.11E-08,3.21E-07,4.61E-07,7.69E-08,0,8.25E-04,0,0,0,0,0
4613,2.45E-01,0,4613,Not eroded,0,1,1,1,1,0,0,0.00E+00,0.00E+00,0,0,1,0.00E+00,1,1,1,1,1
4614,3.25E-01,0,4614,ERODED,1,1,1,1,1,1,0,0.00E+00,0.00E+00,0,0,1,0.00E+00,1,1,1,1,1
4615,8.17E-02,4,4615,Not eroded,0,0,0,0,0,0,-1.37E-07,-2.90E-09,-4.57E-08,1.44E-07,3.61E-08,0,2.58E-04,1,1,0,0,0
4616,2.81E-01,4,4616,Not eroded,0,1,1,1,1,1,2.44E-07,-2.36E-06,-1.39E-06,2.75E-06,6.87E-07,0,4.92E-03,1,1,0,0,0
4617,1.63E-01,5,4617,Not eroded,0,0,0,0,0,0,3.03E-08,-5.90E-08,9.11E-07,9.13E-07,1.83E-07,0,1.63E-03,0,1,0,0,0
4618,2.28E-01,2,4618,Not eroded,0,1,1,0,0,0,-1.53E-08,2.38E-09,2.66E-07,2.66E-07,1.33E-07,1,4.76E-04,1,1,1,0,0
4619,1.43E-01,4,4619,Not eroded,0,0,0,0,0,0,2.15E-07,-1.29E-07,6.64E-07,7.10E-07,1.77E-07,0,1.27E-03,1,1,0,0,0
4620,3.31E-01,0,4620,ERODED,1,1,1,1,1,1,0,0.00E+00,0.00E+00,0,0,1,0.00E+00,1,1,1,1,1
4621,1.03E-01,5,4621,Not eroded,0,0,0,0,0,0,3.31E-07,-1.02E-07,4.32E-07,5.53E-07,1.11E-07,0,9.89E-04,0,1,0,0,0
4622,3.08E-01,0,4622,ERODED,1,1,1,1,1,1,0,0.00E+00,0.00E+00,0,0,1,0.00E+00,1,1,1,1,1
4623,5.66E-02,3,4623,Not eroded,0,0,0,0,0,0,1.46E-07,1.47E-07,-1.48E-06,1.50E-06,5.00E-07,1,2.68E-03,1,1,0,0,0
4624,2.40E-01,5,4624,Not eroded,0,1,1,1,0,0,2.35E-07,-4.83E-08,6.70E-08,2.49E-07,4.98E-08,0,4.45E-04,0,1,0,0,0
4625,2.94E-01,3,4625,Not eroded,0,1,1,1,1,1,-2.08E-07,1.54E-08,-2.87E-07,3.55E-07,1.18E-07,1,6.35E-04,1,1,0,0,0
4626,3.15E-01,0,4626,ERODED,1,1,1,1,1,1,0,0.00E+00,0.00E+00,0,0,1,0.00E+00,1,1,1,1,1
4627,2.58E-01,0,4627,Not eroded,0,1,1,1,1,1,0,0.00E+00,0.00E+00,0,0,1,0.00E+00,1,1,1,1,1
4628,2.55E-01,0,4628,Not eroded,0,1,1,1,1,1,0,0.00E+00,0.00E+00,0,0,1,0.00E+00,1,1,1,1,1
4629,1.83E-01,3,4629,Not eroded,0,0,0,0,0,0,1.29E-06,4.97E-07,8.53E-07,1.63E-06,5.43E-07,1,2.92E-03,1,1,0,0,0
4630,2.97E-01,0,4630,ERODED,1,1,1,1,1,1,0,0.00E+00,0.00E+00,0,0,1,0.00E+00,1,1,1,1,1
4631,2.11E-01,4,4631,Not eroded,0,1,0,0,0,0,1.76E-07,-5.57E-07,6.11E-07,8.45E-07,2.11E-07,0,1.51E-03,1,1,0,0,0
4632,6.11E-02,5,4632,Not eroded,0,0,0,0,0,0,7.37E-08,1.62E-08,3.50E-07,3.58E-07,7.16E-08,0,6.40E-04,0,1,0,0,0
4633,1.71E-01,4,4633,Not eroded,0,0,0,0,0,0,2.41E-07,9.59E-08,2.75E-07,3.78E-07,9.44E-08,0,6.76E-04,1,1,0,0,0
4634,1.03E-01,0,4634,Not eroded,0,0,0,0,0,0,0,0.00E+00,0.00E+00,0,0,1,0.00E+00,1,1,1,1,1
4635,2.13E-01,0,4635,Not eroded,0,1,0,0,0,0,0,0.00E+00,0.00E+00,0,0,1,0.00E+00,1,1,1,1,1
4636,2.35E-01,7,4636,Not eroded,0,1,1,1,0,0,1.36E-06,5.89E-08,-9.97E-07,1.69E-06,2.41E-07,0,3.02E-03,0,0,0,0,0
4637,6.67E-02,5,4637,Not eroded,0,0,0,0,0,0,3.15E-07,2.03E-07,1.23E-07,3.95E-07,7.89E-08,0,7.07E-04,0,1,0,0,0
4638,2.69E-01,0,4638,Not eroded,0,1,1,1,1,1,0,0.00E+00,0.00E+00,0,0,1,0.00E+00,1,1,1,1,1
4639,1.65E-01,4,4639,Not eroded,0,0,0,0,0,0,5.22E-07,5.66E-07,1.21E-06,1.43E-06,3.58E-07,0,2.56E-03,1,1,0,0,0
4640,1.80E-01,5,4640,Not eroded,0,0,0,0,0,0,1.39E-07,2.77E-07,1.32E-07,3.37E-07,6.74E-08,0,6.03E-04,0,1,0,0,0
4641,7.50E-02,5,4641,Not eroded,0,0,0,0,0,0,3.65E-08,1.00E-07,-8.56E-08,1.37E-07,2.73E-08,0,2.45E-04,0,1,0,0,0
4644,1.06E-01,4,4644,Not eroded,0,0,0,0,0,0,2.47E-07,2.04E-07,-1.13E-07,3.39E-07,8.48E-08,0,6.06E-04,1,1,0,0,0
4645,3.12E-01,0,4645,ERODED,1,1,1,1,1,1,0,0.00E+00,0.00E+00,0,0,1,0.00E+00,1,1,1,1,1
4647,2.24E-01,0,4647,Not eroded,0,1,1,0,0,0,0,0.00E+00,0.00E+00,0,0,1,0.00E+00,1,1,1,1,1
4648,2.69E-01,0,4648,Not eroded,0,1,1,1,1,1,0,0.00E+00,0.00E+00,0,0,1,0.00E+00,1,1,1,1,1
4649,1.42E-01,0,4649,Not eroded,0,0,0,0,0,0,0,0.00E+00,0.00E+00,0,0,1,0.00E+00,1,1,1,1,1
4651,1.73E-01,0,4651,Not eroded,0,0,0,0,0,0,0,0.00E+00,0.00E+00,0,0,1,0.00E+00,1,1,1,1,1
4652,7.00E-02,3,4652,Not eroded,0,0,0,0,0,0,-2.72E-07,4.57E-08,1.59E-07,3.18E-07,1.06E-07,1,5.69E-04,1,1,0,0,0
4653,2.45E-01,4,4653,Not eroded,0,1,1,1,1,0,-4.22E-07,3.04E-07,9.48E-08,5.29E-07,1.32E-07,0,9.46E-04,1,1,0,0,0
4654,1.16E-01,4,4654,Not eroded,0,0,0,0,0,0,1.33E-07,1.63E-08,-5.56E-08,1.45E-07,3.63E-08,0,2.59E-04,1,1,0,0,0
4655,1.19E-01,5,4655,Not eroded,0,0,0,0,0,0,-9.33E-07,-1.24E-06,-9.24E-08,1.55E-06,3.10E-07,0,2.77E-03,0,1,0,0,0
4656,5.66E-02,3,4656,Not eroded,0,0,0,0,0,0,-1.53E-07,-3.13E-08,-1.30E-06,1.31E-06,4.36E-07,1,2.34E-03,1,1,0,0,0
4657,2.68E-01,3,4657,Not eroded,0,1,1,1,1,1,8.49E-07,-3.34E-07,1.79E-06,2.01E-06,6.69E-07,1,3.60E-03,1,1,0,0,0
4658,1.49E-01,6,4658,Not eroded,0,0,0,0,0,0,-7.03E-08,-6.75E-08,-1.19E-07,1.54E-07,2.56E-08,0,2.75E-04,0,0,0,0,0
4659,9.84E-02,4,4659,Not eroded,0,0,0,0,0,0,-1.97E-07,1.98E-07,-2.02E-07,3.45E-07,8.63E-08,0,6.17E-04,1,1,0,0,0
4660,1.17E-01,0,4660,Not eroded,0,0,0,0,0,0,0,0.00E+00,0.00E+00,0,0,1,0.00E+00,1,1,1,1,1
4661,3.17E-01,0,4661,ERODED,1,1,1,1,1,1,0,0.00E+00,0.00E+00,0,0,1,0.00E+00,1,1,1,1,1
4662,3.26E-01,0,4662,ERODED,1,1,1,1,1,1,0,0.00E+00,0.00E+00,0,0,1,0.00E+00,1,1,1,1,1
4663,6.10E-02,4,4663,Not eroded,0,0,0,0,0,0,1.29E-07,5.45E-08,1.77E-07,2.26E-07,5.65E-08,0,4.04E-04,1,1,0,0,0
4664,2.39E-01,5,4664,Not eroded,0,1,1,1,0,0,1.10E-07,-8.17E-07,8.45E-08,8.28E-07,1.66E-07,0,1.48E-03,0,1,0,0,0
4665,1.89E-01,0,4665,Not eroded,0,0,0,0,0,0,0,0.00E+00,0.00E+00,0,0,1,0.00E+00,1,1,1,1,1
4666,2.76E-01,4,4666,Not eroded,0,1,1,1,1,1,5.58E-07,7.89E-08,-8.37E-08,5.69E-07,1.42E-07,0,1.02E-03,1,1,0,0,0
4667,2.19E-01,4,4667,Not eroded,0,1,0,0,0,0,3.05E-07,4.20E-07,1.82E-07,5.50E-07,1.37E-07,0,9.84E-04,1,1,0,0,0
4668,8.26E-02,6,4668,Not eroded,0,0,0,0,0,0,1.61E-07,-7.78E-09,4.49E-08,1.67E-07,2.78E-08,0,2.99E-04,0,0,0,0,0
4669,1.91E-01,5,4669,Not eroded,0,0,0,0,0,0,-1.39E-08,2.09E-07,1.43E-07,2.54E-07,5.07E-08,0,4.54E-04,0,1,0,0,0
4670,2.74E-01,3,4670,Not eroded,0,1,1,1,1,1,4.93E-06,-1.01E-05,7.24E-06,1.34E-05,4.45E-06,1,2.40E-02,1,1,0,0,0
4671,1.33E-01,6,4671,Not eroded,0,0,0,0,0,0,1.64E-07,1.81E-07,-8.58E-08,2.59E-07,4.31E-08,0,4.63E-04,0,0,0,0,0
4672,5.65E-02,3,4672,Not eroded,0,0,0,0,0,0,3.19E-07,5.21E-07,-1.39E-06,1.52E-06,5.05E-07,1,2.72E-03,1,1,0,0,0
4673,2.41E-01,0,4673,Not eroded,0,1,1,1,1,0,0,0.00E+00,0.00E+00,0,0,1,0.00E+00,1,1,1,1,1
4674,1.70E-01,0,4674,Not eroded,0,0,0,0,0,0,0,0.00E+00,0.00E+00,0,0,1,0.00E+00,1,1,1,1,1
4676,6.19E-02,4,4676,Not eroded,0,0,0,0,0,0,1.44E-07,-2.16E-08,-9.67E-08,1.75E-07,4.37E-08,0,3.13E-04,1,1,0,0,0
4677,2.23E-01,6,4677,Not eroded,0,1,1,0,0,0,2.00E-08,-2.49E-08,1.61E-08,3.58E-08,5.96E-09,0,6.40E-05,0,0,0,0,0
4678,1.46E-01,0,4678,Not eroded,0,0,0,0,0,0,0,0.00E+00,0.00E+00,0,0,1,0.00E+00,1,1,1,1,1
4679,2.81E-01,4,4679,Not eroded,0,1,1,1,1,1,8.39E-07,-9.43E-07,2.15E-06,2.49E-06,6.23E-07,0,4.45E-03,1,1,0,0,0
4680,2.96E-01,0,4680,Not eroded,0,1,1,1,1,1,0,0.00E+00,0.00E+00,0,0,1,0.00E+00,1,1,1,1,1
4681,1.98E-01,3,4681,Not eroded,0,1,0,0,0,0,3.46E-07,6.27E-07,1.32E-06,1.50E-06,5.01E-07,1,2.68E-03,1,1,0,0,0
4682,3.05E-01,0,4682,ERODED,1,1,1,1,1,1,0,0.00E+00,0.00E+00,0,0,1,0.00E+00,1,1,1,1,1
4683,2.17E-01,4,4683,Not eroded,0,1,0,0,0,0,2.05E-06,-1.16E-07,-9.37E-07,2.25E-06,5.63E-07,0,4.02E-03,1,1,0,0,0
4684,1.73E-01,0,4684,Not eroded,0,0,0,0,0,0,0,0.00E+00,0.00E+00,0,0,1,0.00E+00,1,1,1,1,1
4685,1.55E-01,3,4685,Not eroded,0,0,0,0,0,0,2.53E-07,-8.36E-08,2.47E-07,3.63E-07,1.21E-07,1,6.49E-04,1,1,0,0,0
4686,1.51E-01,3,4686,Not eroded,0,0,0,0,0,0,-6.65E-06,-4.57E-06,1.28E-06,8.17E-06,2.72E-06,1,1.46E-02,1,1,0,0,0
4687,1.56E-01,3,4687,Not eroded,0,0,0,0,0,0,5.80E-07,-1.18E-07,4.90E-07,7.68E-07,2.56E-07,1,1.37E-03,1,1,0,0,0
4688,2.92E-01,3,4688,Not eroded,0,1,1,1,1,1,-9.31E-08,-3.29E-07,-5.60E-07,6.56E-07,2.19E-07,1,1.17E-03,1,1,0,0,0
4689,3.26E-01,0,4689,ERODED,1,1,1,1,1,1,0,0.00E+00,0.00E+00,0,0,1,0.00E+00,1,1,1,1,1
4690,2.59E-01,0,4690,ERODED,1,1,1,1,1,1,0,0.00E+00,0.00E+00,0,0,1,0.00E+00,1,1,1,1,1
4691,1.81E-01,4,4691,Not eroded,0,0,0,0,0,0,-1.24E-08,-5.68E-07,-9.42E-08,5.76E-07,1.44E-07,0,1.03E-03,1,1,0,0,0
4693,2.06E-01,4,4693,Not eroded,0,1,0,0,0,0,4.45E-07,-6.16E-07,-2.90E-07,8.13E-07,2.03E-07,0,1.45E-03,1,1,0,0,0
4694,2.78E-01,0,4694,ERODED,1,1,1,1,1,1,0,0.00E+00,0.00E+00,0,0,1,0.00E+00,1,1,1,1,1
4695,1.03E-01,3,4695,Not eroded,0,0,0,0,0,0,-3.71E-09,1.42E-07,2.60E-07,2.97E-07,9.89E-08,1,5.31E-04,1,1,0,0,0
4697,2.05E-01,0,4697,Not eroded,0,1,0,0,0,0,0,0.00E+00,0.00E+00,0,0,1,0.00E+00,1,1,1,1,1
4698,9.98E-02,2,4698,Not eroded,0,0,0,0,0,0,3.85E-07,3.88E-06,1.14E-06,4.07E-06,2.03E-06,1,7.28E-03,1,1,1,0,0
4699,1.28E-01,2,4699,Not eroded,0,0,0,0,0,0,4.39E-07,2.34E-07,7.34E-08,5.03E-07,2.52E-07,1,9.00E-04,1,1,1,0,0
4700,2.81E-01,0,4700,ERODED,1,1,1,1,1,1,0,0.00E+00,0.00E+00,0,0,1,0.00E+00,1,1,1,1,1
4701,2.98E-01,6,4701,Not eroded,0,1,1,1,1,1,4.76E-06,6.51E-06,7.44E-06,1.10E-05,1.83E-06,0,1.97E-02,0,0,0,0,0
4702,1.56E-01,3,4702,Not eroded,0,0,0,0,0,0,-8.30E-08,-3.25E-07,-3.91E-08,3.38E-07,1.13E-07,1,6.05E-04,1,1,0,0,0
4703,2.26E-01,4,4703,Not eroded,0,1,1,0,0,0,7.28E-07,1.07E-08,5.39E-07,9.05E-07,2.26E-07,0,1.62E-03,1,1,0,0,0
4704,1.77E-01,3,4704,Not eroded,0,0,0,0,0,0,-7.33E-08,8.17E-08,6.19E-07,6.28E-07,2.09E-07,1,1.12E-03,1,1,0,0,0
4706,2.52E-01,0,4706,Not eroded,0,1,1,1,1,1,0,0.00E+00,0.00E+00,0,0,1,0.00E+00,1,1,1,1,1
4707,7.25E-02,5,4707,Not eroded,0,0,0,0,0,0,4.93E-07,4.79E-09,1.04E-08,4.93E-07,9.86E-08,0,8.82E-04,0,1,0,0,0
4708,3.06E-01,0,4708,ERODED,1,1,1,1,1,1,0,0.00E+00,0.00E+00,0,0,1,0.00E+00,1,1,1,1,1
4709,1.76E-01,5,4709,Not eroded,0,0,0,0,0,0,1.78E-07,-1.54E-07,1.22E-07,2.65E-07,5.30E-08,0,4.74E-04,0,1,0,0,0
4710,2.54E-01,0,4710,Not eroded,0,1,1,1,1,1,0,0.00E+00,0.00E+00,0,0,1,0.00E+00,1,1,1,1,1
4711,1.29E-01,3,4711,Not eroded,0,0,0,0,0,0,2.70E-07,1.56E-08,3.13E-07,4.14E-07,1.38E-07,1,7.41E-04,1,1,0,0,0
4712,9.93E-02,4,4712,Not eroded,0,0,0,0,0,0,-9.39E-08,-4.60E-08,6.94E-08,1.26E-07,3.14E-08,0,2.25E-04,1,1,0,0,0
4714,2.20E-01,0,4714,Not eroded,0,1,0,0,0,0,0,0.00E+00,0.00E+00,0,0,1,0.00E+00,1,1,1,1,1
4715,6.59E-02,5,4715,Not eroded,0,0,0,0,0,0,-2.67E-07,5.87E-07,-4.11E-08,6.46E-07,1.29E-07,0,1.16E-03,0,1,0,0,0
4716,1.34E-01,4,4716,Not eroded,0,0,0,0,0,0,8.88E-07,1.52E-06,1.28E-06,2.17E-06,5.43E-07,0,3.88E-03,1,1,0,0,0
4717,7.91E-02,4,4717,Not eroded,0,0,0,0,0,0,-5.17E-07,1.66E-07,-1.24E-07,5.57E-07,1.39E-07,0,9.96E-04,1,1,0,0,0
4718,2.29E-01,0,4718,Not eroded,0,1,1,0,0,0,0,0.00E+00,0.00E+00,0,0,1,0.00E+00,1,1,1,1,1
4719,2.21E-01,0,4719,Not eroded,0,1,1,0,0,0,0,0.00E+00,0.00E+00,0,0,1,0.00E+00,1,1,1,1,1
4720,2.43E-01,4,4720,Not eroded,0,1,1,1,1,0,5.46E-08,-7.29E-08,1.07E-07,1.40E-07,3.50E-08,0,2.50E-04,1,1,0,0,0
4721,2.67E-01,5,4721,Not eroded,0,1,1,1,1,1,3.05E-07,4.04E-07,-6.89E-08,5.11E-07,1.02E-07,0,9.14E-04,0,1,0,0,0
4722,2.85E-01,0,4722,Not eroded,0,1,1,1,1,1,0,0.00E+00,0.00E+00,0,0,1,0.00E+00,1,1,1,1,1
4723,1.89E-01,0,4723,Not eroded,0,0,0,0,0,0,0,0.00E+00,0.00E+00,0,0,1,0.00E+00,1,1,1,1,1
4724,1.97E-01,3,4724,Not eroded,0,1,0,0,0,0,3.26E-07,-5.03E-10,2.25E-07,3.96E-07,1.32E-07,1,7.08E-04,1,1,0,0,0
4725,6.51E-02,5,4725,Not eroded,0,0,0,0,0,0,-1.98E-08,-7.78E-08,2.18E-07,2.32E-07,4.64E-08,0,4.15E-04,0,1,0,0,0
4726,1.94E-01,0,4726,Not eroded,0,1,0,0,0,0,0,0.00E+00,0.00E+00,0,0,1,0.00E+00,1,1,1,1,1
4727,9.37E-02,4,4727,Not eroded,0,0,0,0,0,0,-1.18E-06,1.26E-07,5.76E-07,1.32E-06,3.29E-07,0,2.36E-03,1,1,0,0,0
4728,2.80E-01,4,4728,Not eroded,0,1,1,1,1,1,-1.72E-06,9.62E-06,-6.49E-06,1.17E-05,2.93E-06,0,2.09E-02,1,1,0,0,0
4729,2.06E-01,5,4729,Not eroded,0,1,0,0,0,0,3.84E-07,1.68E-08,7.15E-07,8.12E-07,1.62E-07,0,1.45E-03,0,1,0,0,0
4730,1.85E-01,4,4730,Not eroded,0,0,0,0,0,0,-1.69E-07,-7.50E-08,2.47E-07,3.09E-07,7.72E-08,0,5.53E-04,1,1,0,0,0
4731,6.09E-02,4,4731,Not eroded,0,0,0,0,0,0,-2.36E-07,-1.80E-07,-1.46E-07,3.31E-07,8.28E-08,0,5.92E-04,1,1,0,0,0
4732,8.30E-02,4,4732,Not eroded,0,0,0,0,0,0,-5.25E-08,-4.54E-07,9.18E-07,1.03E-06,2.56E-07,0,1.84E-03,1,1,0,0,0
4733,7.49E-02,4,4733,Not eroded,0,0,0,0,0,0,2.51E-09,1.54E-06,2.67E-06,3.08E-06,7.70E-07,0,5.51E-03,1,1,0,0,0
4734,2.83E-01,4,4734,Not eroded,0,1,1,1,1,1,-9.82E-07,3.20E-06,-1.02E-06,3.50E-06,8.74E-07,0,6.26E-03,1,1,0,0,0
4735,2.09E-01,7,4735,Not eroded,0,1,0,0,0,0,4.16E-08,2.34E-08,-2.73E-08,5.50E-08,7.86E-09,0,9.84E-05,0,0,0,0,0
4736,9.53E-02,4,4736,Not eroded,0,0,0,0,0,0,4.19E-07,3.18E-06,-1.52E-06,3.55E-06,8.88E-07,0,6.35E-03,1,1,0,0,0
4737,6.12E-02,5,4737,Not eroded,0,0,0,0,0,0,2.57E-08,8.89E-08,2.06E-08,9.48E-08,1.90E-08,0,1.70E-04,0,1,0,0,0
4738,2.34E-01,0,4738,Not eroded,0,1,1,1,0,0,0,0.00E+00,0.00E+00,0,0,1,0.00E+00,1,1,1,1,1
4739,2.23E-01,5,4739,Not eroded,0,1,1,0,0,0,3.41E-07,-9.48E-07,3.08E-06,3.24E-06,6.48E-07,0,5.80E-03,0,1,0,0,0
4741,1.83E-01,3,4741,Not eroded,0,0,0,0,0,0,6.59E-07,-3.13E-08,2.41E-06,2.50E-06,8.33E-07,1,4.47E-03,1,1,0,0,0
4742,2.95E-01,0,4742,ERODED,1,1,1,1,1,1,0,0.00E+00,0.00E+00,0,0,1,0.00E+00,1,1,1,1,1
4743,1.05E-01,4,4743,Not eroded,0,0,0,0,0,0,2.12E-07,6.00E-07,2.49E-08,6.37E-07,1.59E-07,0,1.14E-03,1,1,0,0,0
4744,2.72E-01,3,4744,Not eroded,0,1,1,1,1,1,-1.27E-06,-1.48E-06,1.41E-06,2.41E-06,8.03E-07,1,4.31E-03,1,1,0,0,0
4746,2.91E-01,0,4746,ERODED,1,1,1,1,1,1,0,0.00E+00,0.00E+00,0,0,1,0.00E+00,1,1,1,1,1
4748,2.64E-01,0,4748,Not eroded,0,1,1,1,1,1,0,0.00E+00,0.00E+00,0,0,1,0.00E+00,1,1,1,1,1
4749,2.08E-01,3,4749,Not eroded,0,1,0,0,0,0,-5.20E-07,4.38E-07,1.58E-06,1.72E-06,5.72E-07,1,3.08E-03,1,1,0,0,0
4750,1.59E-01,3,4750,Not eroded,0,0,0,0,0,0,9.60E-08,-7.47E-07,-1.25E-07,7.63E-07,2.54E-07,1,1.36E-03,1,1,0,0,0
4751,9.97E-02,5,4751,Not eroded,0,0,0,0,0,0,3.50E-07,2.01E-07,9.45E-07,1.03E-06,2.06E-07,0,1.84E-03,0,1,0,0,0
4752,2.74E-01,0,4752,ERODED,1,1,1,1,1,1,0,0.00E+00,0.00E+00,0,0,1,0.00E+00,1,1,1,1,1
4753,2.39E-01,5,4753,Not eroded,0,1,1,1,0,0,-1.15E-08,-2.06E-07,1.26E-07,2.42E-07,4.84E-08,0,4.33E-04,0,1,0,0,0
4754,1.62E-01,5,4754,Not eroded,0,0,0,0,0,0,1.63E-06,1.03E-06,5.42E-07,2.01E-06,4.01E-07,0,3.60E-03,0,1,0,0,0
4755,2.91E-01,0,4755,Not eroded,0,1,1,1,1,1,0,0.00E+00,0.00E+00,0,0,1,0.00E+00,1,1,1,1,1
4756,3.11E-01,0,4756,ERODED,1,1,1,1,1,1,0,0.00E+00,0.00E+00,0,0,1,0.00E+00,1,1,1,1,1
4757,2.89E-01,4,4757,Not eroded,0,1,1,1,1,1,-2.42E-06,1.21E-06,-2.41E-06,3.62E-06,9.06E-07,0,6.48E-03,1,1,0,0,0
4758,3.14E-01,0,4758,ERODED,1,1,1,1,1,1,0,0.00E+00,0.00E+00,0,0,1,0.00E+00,1,1,1,1,1
4759,2.79E-01,0,4759,Not eroded,0,1,1,1,1,1,0,0.00E+00,0.00E+00,0,0,1,0.00E+00,1,1,1,1,1
4760,1.85E-01,3,4760,Not eroded,0,0,0,0,0,0,3.16E-07,-2.38E-07,3.08E-07,5.01E-07,1.67E-07,1,8.96E-04,1,1,0,0,0
4761,2.68E-01,3,4761,Not eroded,0,1,1,1,1,1,-6.19E-07,2.96E-08,1.11E-06,1.27E-06,4.25E-07,1,2.27E-03,1,1,0,0,0
4762,2.44E-01,5,4762,Not eroded,0,1,1,1,1,0,4.64E-06,1.86E-06,-1.11E-05,1.22E-05,2.44E-06,0,2.18E-02,0,1,0,0,0
4763,6.09E-02,3,4763,Not eroded,0,0,0,0,0,0,1.51E-07,-9.71E-08,5.55E-07,5.84E-07,1.95E-07,1,1.04E-03,1,1,0,0,0
4765,2.84E-01,0,4765,Not eroded,0,1,1,1,1,1,0,0.00E+00,0.00E+00,0,0,1,0.00E+00,1,1,1,1,1
4766,1.38E-01,4,4766,Not eroded,0,0,0,0,0,0,-8.10E-09,-1.31E-07,-3.49E-08,1.36E-07,3.39E-08,0,2.43E-04,1,1,0,0,0
4768,2.34E-01,5,4768,Not eroded,0,1,1,1,0,0,2.55E-07,2.27E-07,-3.13E-08,3.43E-07,6.86E-08,0,6.14E-04,0,1,0,0,0
4769,1.39E-01,6,4769,Not eroded,0,0,0,0,0,0,1.71E-07,2.38E-07,-2.36E-10,2.93E-07,4.89E-08,0,5.24E-04,0,0,0,0,0
4770,1.01E-01,0,4770,Not eroded,0,0,0,0,0,0,0,0.00E+00,0.00E+00,0,0,1,0.00E+00,1,1,1,1,1
4771,2.89E-01,0,4771,Not eroded,0,1,1,1,1,1,0,0.00E+00,0.00E+00,0,0,1,0.00E+00,1,1,1,1,1
4772,1.98E-01,4,4772,Not eroded,0,1,0,0,0,0,1.85E-07,-5.34E-08,4.42E-07,4.82E-07,1.20E-07,0,8.62E-04,1,1,0,0,0
4773,2.82E-01,0,4773,Not eroded,0,1,1,1,1,1,0,0.00E+00,0.00E+00,0,0,1,0.00E+00,1,1,1,1,1
4774,8.70E-02,5,4774,Not eroded,0,0,0,0,0,0,1.04E-06,1.03E-07,-5.79E-07,1.20E-06,2.39E-07,0,2.15E-03,0,1,0,0,0
4775,1.49E-01,0,4775,Not eroded,0,0,0,0,0,0,0,0.00E+00,0.00E+00,0,0,1,0.00E+00,1,1,1,1,1
4776,1.60E-01,4,4776,Not eroded,0,0,0,0,0,0,3.04E-07,4.77E-07,2.03E-07,6.01E-07,1.50E-07,0,1.08E-03,1,1,0,0,0
4777,2.05E-01,0,4777,Not eroded,0,1,0,0,0,0,0,0.00E+00,0.00E+00,0,0,1,0.00E+00,1,1,1,1,1
4779,1.33E-01,4,4779,Not eroded,0,0,0,0,0,0,-1.07E-07,-4.18E-08,9.06E-07,9.13E-07,2.28E-07,0,1.63E-03,1,1,0,0,0
4780,5.66E-02,0,4780,Not eroded,0,0,0,0,0,0,0,0.00E+00,0.00E+00,0,0,1,0.00E+00,1,1,1,1,1
4781,1.10E-01,4,4781,Not eroded,0,0,0,0,0,0,3.03E-07,3.49E-07,1.07E-07,4.74E-07,1.19E-07,0,8.48E-04,1,1,0,0,0
4782,6.37E-02,5,4782,Not eroded,0,0,0,0,0,0,-1.17E-07,1.82E-07,2.41E-07,3.24E-07,6.48E-08,0,5.80E-04,0,1,0,0,0
4783,7.87E-02,3,4783,Not eroded,0,0,0,0,0,0,1.44E-07,-6.43E-07,-8.78E-09,6.59E-07,2.20E-07,1,1.18E-03,1,1,0,0,0
4784,2.47E-01,4,4784,Not eroded,0,1,1,1,1,0,1.12E-07,5.80E-07,3.07E-07,6.66E-07,1.66E-07,0,1.19E-03,1,1,0,0,0
4785,2.98E-01,3,4785,Not eroded,0,1,1,1,1,1,4.88E-07,-3.74E-07,-3.67E-07,7.16E-07,2.39E-07,1,1.28E-03,1,1,0,0,0
4786,8.76E-02,3,4786,Not eroded,0,0,0,0,0,0,-6.40E-08,3.42E-07,-1.50E-07,3.79E-07,1.26E-07,1,6.78E-04,1,1,0,0,0
4787,3.19E-01,0,4787,ERODED,1,1,1,1,1,1,0,0.00E+00,0.00E+00,0,0,1,0.00E+00,1,1,1,1,1
4788,1.59E-01,0,4788,Not eroded,0,0,0,0,0,0,0,0.00E+00,0.00E+00,0,0,1,0.00E+00,1,1,1,1,1
4789,2.91E-01,0,4789,Not eroded,0,1,1,1,1,1,0,0.00E+00,0.00E+00,0,0,1,0.00E+00,1,1,1,1,1
4790,2.50E-01,5,4790,Not eroded,0,1,1,1,1,0,6.21E-07,1.03E-06,2.49E-06,2.77E-06,5.54E-07,0,4.95E-03,0,1,0,0,0
4791,3.28E-01,0,4791,ERODED,1,1,1,1,1,1,0,0.00E+00,0.00E+00,0,0,1,0.00E+00,1,1,1,1,1
4792,2.30E-01,2,4792,Not eroded,0,1,1,0,0,0,-6.77E-07,1.15E-08,3.25E-06,3.32E-06,1.66E-06,1,5.94E-03,1,1,1,0,0
4793,1.02E-01,4,4793,Not eroded,0,0,0,0,0,0,-2.33E-07,-2.30E-07,4.81E-07,5.82E-07,1.45E-07,0,1.04E-03,1,1,0,0,0
4794,2.17E-01,3,4794,Not eroded,0,1,0,0,0,0,-2.61E-07,-5.57E-08,9.79E-08,2.85E-07,9.49E-08,1,5.10E-04,1,1,0,0,0
4795,1.40E-01,5,4795,Not eroded,0,0,0,0,0,0,8.60E-08,-2.47E-07,4.11E-07,4.87E-07,9.74E-08,0,8.71E-04,0,1,0,0,0
4796,1.05E-01,6,4796,Not eroded,0,0,0,0,0,0,3.37E-07,1.01E-07,4.07E-08,3.54E-07,5.91E-08,0,6.33E-04,0,0,0,0,0
4797,3.06E-01,0,4797,ERODED,1,1,1,1,1,1,0,0.00E+00,0.00E+00,0,0,1,0.00E+00,1,1,1,1,1
4798,3.25E-01,2,4798,Not eroded,0,1,1,1,1,1,-9.33E-08,-8.14E-07,-5.49E-08,8.21E-07,4.11E-07,1,1.47E-03,1,1,1,0,0
4799,6.25E-02,4,4799,Not eroded,0,0,0,0,0,0,-4.60E-08,6.05E-07,1.82E-07,6.34E-07,1.58E-07,0,1.13E-03,1,1,0,0,0
4800,2.46E-01,0,4800,Not eroded,0,1,1,1,1,0,0,0.00E+00,0.00E+00,0,0,1,0.00E+00,1,1,1,1,1
4801,1.48E-01,5,4801,Not eroded,0,0,0,0,0,0,4.02E-08,-1.65E-07,-5.36E-08,1.78E-07,3.56E-08,0,3.18E-04,0,1,0,0,0
4802,5.68E-02,0,4802,Not eroded,0,0,0,0,0,0,0,0.00E+00,0.00E+00,0,0,1,0.00E+00,1,1,1,1,1
4803,1.12E-01,4,4803,Not eroded,0,0,0,0,0,0,-4.31E-07,3.81E-07,-1.43E-06,1.54E-06,3.86E-07,0,2.75E-03,1,1,0,0,0
4804,2.92E-01,4,4804,Not eroded,0,1,1,1,1,1,-1.30E-06,2.60E-06,-1.69E-07,2.91E-06,7.29E-07,0,5.21E-03,1,1,0,0,0
4805,2.95E-01,4,4805,Not eroded,0,1,1,1,1,1,9.65E-07,1.93E-08,-4.01E-07,1.04E-06,2.61E-07,0,1.86E-03,1,1,0,0,0
4806,2.61E-01,0,4806,ERODED,1,1,1,1,1,1,0,0.00E+00,0.00E+00,0,0,1,0.00E+00,1,1,1,1,1
4807,9.21E-02,4,4807,Not eroded,0,0,0,0,0,0,-2.61E-07,-1.13E-07,4.49E-07,5.31E-07,1.33E-07,0,9.50E-04,1,1,0,0,0
4808,2.08E-01,0,4808,Not eroded,0,1,0,0,0,0,0,0.00E+00,0.00E+00,0,0,1,0.00E+00,1,1,1,1,1
4809,1.84E-01,4,4809,Not eroded,0,0,0,0,0,0,-1.66E-07,2.58E-07,-1.12E-07,3.27E-07,8.17E-08,0,5.85E-04,1,1,0,0,0
4810,1.98E-01,1,4810,Not eroded,0,1,0,0,0,0,-2.12E-07,3.97E-07,-2.35E-07,5.08E-07,5.08E-07,1,9.09E-04,1,1,1,1,0
4811,1.73E-01,0,4811,Not eroded,0,0,0,0,0,0,0,0.00E+00,0.00E+00,0,0,1,0.00E+00,1,1,1,1,1
4812,1.30E-01,5,4812,Not eroded,0,0,0,0,0,0,-3.18E-08,-1.45E-07,3.31E-07,3.63E-07,7.26E-08,0,6.49E-04,0,1,0,0,0
4813,1.96E-01,4,4813,Not eroded,0,1,0,0,0,0,1.85E-07,1.62E-07,-4.32E-08,2.50E-07,6.24E-08,0,4.47E-04,1,1,0,0,0
4814,2.13E-01,4,4814,Not eroded,0,1,0,0,0,0,-6.01E-08,-7.30E-08,2.52E-07,2.70E-07,6.74E-08,0,4.83E-04,1,1,0,0,0
4815,2.59E-01,0,4815,Not eroded,0,1,1,1,1,1,0,0.00E+00,0.00E+00,0,0,1,0.00E+00,1,1,1,1,1
4816,3.31E-01,0,4816,ERODED,1,1,1,1,1,1,0,0.00E+00,0.00E+00,0,0,1,0.00E+00,1,1,1,1,1
4817,2.94E-01,5,4817,Not eroded,0,1,1,1,1,1,-1.04E-07,5.83E-07,5.71E-08,5.95E-07,1.19E-07,0,1.06E-03,0,1,0,0,0
4818,2.39E-01,3,4818,Not eroded,0,1,1,1,0,0,3.18E-07,1.09E-07,6.70E-08,3.43E-07,1.14E-07,1,6.14E-04,1,1,0,0,0
4819,2.72E-01,0,4819,ERODED,1,1,1,1,1,1,0,0.00E+00,0.00E+00,0,0,1,0.00E+00,1,1,1,1,1
4820,2.01E-01,3,4820,Not eroded,0,1,0,0,0,0,1.63E-07,4.13E-07,9.04E-07,1.01E-06,3.36E-07,1,1.81E-03,1,1,0,0,0
4821,9.14E-02,6,4821,Not eroded,0,0,0,0,0,0,-3.88E-07,-1.20E-06,-1.34E-06,1.84E-06,3.07E-07,0,3.29E-03,0,0,0,0,0
4822,1.20E-01,3,4822,Not eroded,0,0,0,0,0,0,2.40E-08,2.07E-08,1.53E-07,1.56E-07,5.19E-08,1,2.79E-04,1,1,0,0,0
4823,1.31E-01,5,4823,Not eroded,0,0,0,0,0,0,-5.76E-08,1.18E-07,1.61E-07,2.07E-07,4.15E-08,0,3.70E-04,0,1,0,0,0
4824,1.62E-01,0,4824,Not eroded,0,0,0,0,0,0,0,0.00E+00,0.00E+00,0,0,1,0.00E+00,1,1,1,1,1
4825,9.69E-02,4,4825,Not eroded,0,0,0,0,0,0,-8.65E-07,9.94E-07,1.00E-06,1.65E-06,4.14E-07,0,2.95E-03,1,1,0,0,0
4826,7.45E-02,3,4826,Not eroded,0,0,0,0,0,0,-0.000000125,-1.02E-07,-6.05E-07,6.26E-07,2.09E-07,1,1.12E-03,1,1,0,0,0
4828,1.87E-01,0,4828,Not eroded,0,0,0,0,0,0,0,0.00E+00,0.00E+00,0,0,1,0.00E+00,1,1,1,1,1
4829,2.88E-01,5,4829,Not eroded,0,1,1,1,1,1,1.43E-08,4.66E-07,4.87E-07,6.74E-07,1.35E-07,0,1.21E-03,0,1,0,0,0
4831,1.15E-01,5,4831,Not eroded,0,0,0,0,0,0,5.38E-08,1.15E-07,3.49E-07,3.71E-07,7.42E-08,0,6.64E-04,0,1,0,0,0
4832,9.89E-02,0,4832,Not eroded,0,0,0,0,0,0,0,0.00E+00,0.00E+00,0,0,1,0.00E+00,1,1,1,1,1
4833,1.85E-01,0,4833,Not eroded,0,0,0,0,0,0,0,0.00E+00,0.00E+00,0,0,1,0.00E+00,1,1,1,1,1
4834,2.84E-01,5,4834,Not eroded,0,1,1,1,1,1,-1.21E-06,-1.43E-07,-8.51E-07,1.48E-06,2.97E-07,0,2.65E-03,0,1,0,0,0
4835,8.82E-02,2,4835,Not eroded,0,0,0,0,0,0,-6.91E-08,-6.55E-07,-1.34E-07,6.72E-07,3.36E-07,1,1.20E-03,1,1,1,0,0
4836,2.67E-01,0,4836,Not eroded,0,1,1,1,1,1,0,0.00E+00,0.00E+00,0,0,1,0.00E+00,1,1,1,1,1
4837,5.69E-02,4,4837,Not eroded,0,0,0,0,0,0,7.56E-07,-5.71E-07,-3.07E-07,9.96E-07,2.49E-07,0,1.78E-03,1,1,0,0,0
4838,1.72E-01,6,4838,Not eroded,0,0,0,0,0,0,4.20E-07,-1.99E-07,3.61E-07,5.88E-07,9.80E-08,0,1.05E-03,0,0,0,0,0
4840,1.16E-01,7,4840,Not eroded,0,0,0,0,0,0,-3.23E-06,-6.27E-07,1.91E-06,3.81E-06,5.44E-07,0,6.81E-03,0,0,0,0,0
4841,1.92E-01,2,4841,Not eroded,0,1,0,0,0,0,4.48E-08,-1.03E-07,2.68E-06,2.69E-06,1.34E-06,1,4.81E-03,1,1,1,0,0
4842,1.38E-01,5,4842,Not eroded,0,0,0,0,0,0,-3.18E-07,2.59E-07,9.61E-07,1.04E-06,2.09E-07,0,1.86E-03,0,1,0,0,0
4843,2.41E-01,0,4843,Not eroded,0,1,1,1,1,0,0,0.00E+00,0.00E+00,0,0,1,0.00E+00,1,1,1,1,1
4844,1.64E-01,0,4844,Not eroded,0,0,0,0,0,0,0,0.00E+00,0.00E+00,0,0,1,0.00E+00,1,1,1,1,1
4845,6.42E-02,5,4845,Not eroded,0,0,0,0,0,0,-7.79E-08,1.42E-07,1.13E-07,1.97E-07,3.95E-08,0,3.52E-04,0,1,0,0,0
4846,1.11E-01,4,4846,Not eroded,0,0,0,0,0,0,4.96E-08,-2.06E-08,2.13E-07,2.20E-07,5.50E-08,0,3.94E-04,1,1,0,0,0
4847,2.95E-01,0,4847,ERODED,1,1,1,1,1,1,0,0.00E+00,0.00E+00,0,0,1,0.00E+00,1,1,1,1,1
4848,1.92E-01,0,4848,Not eroded,0,1,0,0,0,0,0,0.00E+00,0.00E+00,0,0,1,0.00E+00,1,1,1,1,1
4849,5.66E-02,4,4849,Not eroded,0,0,0,0,0,0,5.32E-07,-1.44E-07,-1.34E-06,1.45E-06,3.62E-07,0,2.59E-03,1,1,0,0,0
4850,2.04E-01,0,4850,Not eroded,0,1,0,0,0,0,0,0.00E+00,0.00E+00,0,0,1,0.00E+00,1,1,1,1,1
4851,9.51E-02,4,4851,Not eroded,0,0,0,0,0,0,-1.02E-07,1.47E-07,-2.55E-08,1.80E-07,4.51E-08,0,3.22E-04,1,1,0,0,0
4852,3.24E-01,0,4852,ERODED,1,1,1,1,1,1,0,0.00E+00,0.00E+00,0,0,1,0.00E+00,1,1,1,1,1
4853,1.10E-01,6,4853,Not eroded,0,0,0,0,0,0,7.59E-07,2.20E-06,-3.04E-07,2.35E-06,3.91E-07,0,4.20E-03,0,0,0,0,0
4854,2.42E-01,4,4854,Not eroded,0,1,1,1,1,0,1.08E-06,2.17E-07,1.25E-06,1.67E-06,4.16E-07,0,2.99E-03,1,1,0,0,0
4855,2.50E-01,0,4855,Not eroded,0,1,1,1,1,0,0,0.00E+00,0.00E+00,0,0,1,0.00E+00,1,1,1,1,1
4856,1.39E-01,4,4856,Not eroded,0,0,0,0,0,0,5.70E-08,1.62E-07,-1.31E-07,2.16E-07,5.41E-08,0,3.86E-04,1,1,0,0,0
4857,8.14E-02,4,4857,Not eroded,0,0,0,0,0,0,4.62E-08,-1.19E-07,9.98E-08,1.62E-07,4.05E-08,0,2.90E-04,1,1,0,0,0
4858,1.20E-01,3,4858,Not eroded,0,0,0,0,0,0,5.11E-08,2.56E-07,2.39E-07,3.54E-07,1.18E-07,1,6.33E-04,1,1,0,0,0
4859,1.16E-01,6,4859,Not eroded,0,0,0,0,0,0,1.64E-06,-5.74E-07,-9.23E-07,1.96E-06,3.27E-07,0,3.51E-03,0,0,0,0,0
4860,2.31E-01,4,4860,Not eroded,0,1,1,1,0,0,-7.26E-07,-1.67E-07,-1.32E-07,7.57E-07,1.89E-07,0,1.35E-03,1,1,0,0,0
4861,7.16E-02,0,4861,Not eroded,0,0,0,0,0,0,0,0.00E+00,0.00E+00,0,0,1,0.00E+00,1,1,1,1,1
4863,2.80E-01,0,4863,ERODED,1,1,1,1,1,1,0,0.00E+00,0.00E+00,0,0,1,0.00E+00,1,1,1,1,1
4864,2.36E-01,2,4864,Not eroded,0,1,1,1,0,0,-2.57E-07,8.71E-07,2.36E-07,9.38E-07,4.69E-07,1,1.68E-03,1,1,1,0,0
4865,1.96E-01,3,4865,Not eroded,0,1,0,0,0,0,1.79E-07,5.07E-07,9.44E-08,5.46E-07,1.82E-07,1,9.77E-04,1,1,0,0,0
4867,1.59E-01,3,4867,Not eroded,0,0,0,0,0,0,1.37E-06,1.94E-05,-4.15E-07,1.94E-05,6.48E-06,1,3.47E-02,1,1,0,0,0
4868,8.49E-02,3,4868,Not eroded,0,0,0,0,0,0,4.53E-08,7.41E-07,8.82E-08,7.47E-07,2.49E-07,1,1.34E-03,1,1,0,0,0
4869,1.25E-01,5,4869,Not eroded,0,0,0,0,0,0,-2.32E-08,2.12E-07,1.19E-07,2.44E-07,4.89E-08,0,4.36E-04,0,1,0,0,0
4870,2.75E-01,5,4870,Not eroded,0,1,1,1,1,1,9.09E-07,5.47E-07,7.99E-07,1.33E-06,2.66E-07,0,2.38E-03,0,1,0,0,0
4871,3.08E-01,0,4871,ERODED,1,1,1,1,1,1,0,0.00E+00,0.00E+00,0,0,1,0.00E+00,1,1,1,1,1
4872,1.42E-01,2,4872,Not eroded,0,0,0,0,0,0,-2.80E-07,1.92E-07,-5.56E-09,3.40E-07,1.70E-07,1,6.08E-04,1,1,1,0,0
4873,1.04E-01,5,4873,Not eroded,0,0,0,0,0,0,-1.58E-07,1.42E-07,1.49E-07,2.60E-07,5.20E-08,0,4.65E-04,0,1,0,0,0
4874,2.88E-01,5,4874,Not eroded,0,1,1,1,1,1,-6.35E-07,9.13E-07,1.46E-07,1.12E-06,2.24E-07,0,2.00E-03,0,1,0,0,0
4875,1.90E-01,0,4875,Not eroded,0,0,0,0,0,0,0,0.00E+00,0.00E+00,0,0,1,0.00E+00,1,1,1,1,1
4876,1.54E-01,2,4876,Not eroded,0,0,0,0,0,0,1.61E-07,-1.57E-07,-4.58E-08,2.29E-07,1.15E-07,1,4.10E-04,1,1,1,0,0
4877,2.64E-01,3,4877,Not eroded,0,1,1,1,1,1,-1.84E-07,1.42E-07,-4.79E-08,2.38E-07,7.92E-08,1,4.26E-04,1,1,0,0,0
4879,2.80E-01,4,4879,Not eroded,0,1,1,1,1,1,-6.78E-06,4.51E-06,-8.30E-06,1.16E-05,2.91E-06,0,2.07E-02,1,1,0,0,0
4881,1.23E-01,4,4881,Not eroded,0,0,0,0,0,0,3.25E-07,-7.27E-08,3.49E-08,3.35E-07,8.36E-08,0,5.99E-04,1,1,0,0,0
4882,1.12E-01,3,4882,Not eroded,0,0,0,0,0,0,-1.14E-06,3.41E-07,8.40E-07,1.46E-06,4.86E-07,1,2.61E-03,1,1,0,0,0
4883,1.28E-01,0,4883,Not eroded,0,0,0,0,0,0,0,0.00E+00,0.00E+00,0,0,1,0.00E+00,1,1,1,1,1
4884,1.02E-01,6,4884,Not eroded,0,0,0,0,0,0,1.31E-07,3.41E-07,4.05E-08,3.67E-07,6.12E-08,0,6.56E-04,0,0,0,0,0
4885,2.34E-01,0,4885,Not eroded,0,1,1,1,0,0,0,0.00E+00,0.00E+00,0,0,1,0.00E+00,1,1,1,1,1
4886,5.66E-02,5,4886,Not eroded,0,0,0,0,0,0,9.76E-07,-1.21E-06,-2.93E-07,1.58E-06,3.16E-07,0,2.83E-03,0,1,0,0,0
4887,1.36E-01,4,4887,Not eroded,0,0,0,0,0,0,5.22E-07,-3.27E-07,4.93E-07,7.89E-07,1.97E-07,0,1.41E-03,1,1,0,0,0
4888,6.72E-02,5,4888,Not eroded,0,0,0,0,0,0,5.17E-09,-2.98E-08,1.08E-07,1.12E-07,2.25E-08,0,2.00E-04,0,1,0,0,0
4889,9.41E-02,3,4889,Not eroded,0,0,0,0,0,0,1.92E-06,1.23E-06,-1.25E-07,2.29E-06,7.63E-07,1,4.10E-03,1,1,0,0,0
4890,1.87E-01,3,4890,Not eroded,0,0,0,0,0,0,2.40E-07,-8.73E-07,1.16E-06,1.47E-06,4.90E-07,1,2.63E-03,1,1,0,0,0
4892,1.99E-01,3,4892,Not eroded,0,1,0,0,0,0,3.30E-07,-2.10E-08,3.70E-08,3.33E-07,1.11E-07,1,5.96E-04,1,1,0,0,0
4893,1.28E-01,4,4893,Not eroded,0,0,0,0,0,0,2.80E-07,4.45E-07,4.45E-08,5.27E-07,1.32E-07,0,9.43E-04,1,1,0,0,0
4894,2.28E-01,4,4894,Not eroded,0,1,1,0,0,0,-2.07E-06,1.34E-06,1.29E-06,2.78E-06,6.95E-07,0,4.97E-03,1,1,0,0,0
4895,6.18E-02,5,4895,Not eroded,0,0,0,0,0,0,5.85E-07,-1.42E-07,3.33E-07,6.88E-07,1.38E-07,0,1.23E-03,0,1,0,0,0
4897,8.21E-02,0,4897,Not eroded,0,0,0,0,0,0,0,0.00E+00,0.00E+00,0,0,1,0.00E+00,1,1,1,1,1
4898,2.33E-01,7,4898,Not eroded,0,1,1,1,0,0,1.75E-07,5.16E-07,-1.15E-07,5.57E-07,7.96E-08,0,9.96E-04,0,0,0,0,0
4899,2.51E-01,0,4899,Not eroded,0,1,1,1,1,1,0,0.00E+00,0.00E+00,0,0,1,0.00E+00,1,1,1,1,1
4900,2.47E-01,3,4900,Not eroded,0,1,1,1,1,0,4.20E-06,-1.29E-06,7.85E-07,4.46E-06,1.49E-06,1,7.98E-03,1,1,0,0,0
4902,2.50E-01,4,4902,Not eroded,0,1,1,1,1,0,1.68E-07,-1.59E-07,-5.14E-08,2.37E-07,5.93E-08,0,4.24E-04,1,1,0,0,0
4903,9.71E-02,0,4903,Not eroded,0,0,0,0,0,0,0,0.00E+00,0.00E+00,0,0,1,0.00E+00,1,1,1,1,1
4904,1.74E-01,5,4904,Not eroded,0,0,0,0,0,0,2.48E-07,-7.28E-07,9.71E-09,7.69E-07,1.54E-07,0,1.38E-03,0,1,0,0,0
4905,1.15E-01,4,4905,Not eroded,0,0,0,0,0,0,-9.13E-08,5.30E-09,-1.45E-07,1.71E-07,4.28E-08,0,3.06E-04,1,1,0,0,0
4906,9.60E-02,6,4906,Not eroded,0,0,0,0,0,0,3.59E-07,6.87E-07,-4.25E-08,7.76E-07,1.29E-07,0,1.39E-03,0,0,0,0,0
4907,2.64E-01,0,4907,Not eroded,0,1,1,1,1,1,0,0.00E+00,0.00E+00,0,0,1,0.00E+00,1,1,1,1,1
4908,1.09E-01,5,4908,Not eroded,0,0,0,0,0,0,1.12E-07,-3.98E-09,-2.61E-08,1.15E-07,2.29E-08,0,2.06E-04,0,1,0,0,0
4909,2.98E-01,0,4909,ERODED,1,1,1,1,1,1,0,0.00E+00,0.00E+00,0,0,1,0.00E+00,1,1,1,1,1
4910,1.85E-01,3,4910,Not eroded,0,0,0,0,0,0,3.08E-08,-4.10E-07,2.43E-07,4.77E-07,1.59E-07,1,8.53E-04,1,1,0,0,0
4911,1.03E-01,3,4911,Not eroded,0,0,0,0,0,0,-5.32E-07,-2.65E-07,5.66E-07,8.21E-07,2.74E-07,1,1.47E-03,1,1,0,0,0
4913,2.43E-01,5,4913,Not eroded,0,1,1,1,1,0,5.90E-08,2.54E-07,1.11E-06,1.14E-06,2.29E-07,0,2.04E-03,0,1,0,0,0
4914,2.76E-01,1,4914,Not eroded,0,1,1,1,1,1,-6.36E-08,-4.63E-07,-1.03E-07,4.79E-07,4.79E-07,1,8.57E-04,1,1,1,1,0
4915,3.18E-01,0,4915,ERODED,1,1,1,1,1,1,0,0.00E+00,0.00E+00,0,0,1,0.00E+00,1,1,1,1,1
4916,1.24E-01,4,4916,Not eroded,0,0,0,0,0,0,-5.41E-08,-1.43E-07,6.36E-08,1.65E-07,4.14E-08,0,2.95E-04,1,1,0,0,0
4917,1.92E-01,3,4917,Not eroded,0,1,0,0,0,0,-1.00E-07,2.32E-07,1.01E-07,2.72E-07,9.06E-08,1,4.87E-04,1,1,0,0,0
4918,1.11E-01,4,4918,Not eroded,0,0,0,0,0,0,-5.87E-08,-4.87E-08,4.60E-08,8.91E-08,2.23E-08,0,1.59E-04,1,1,0,0,0
4919,2.17E-01,6,4919,Not eroded,0,1,0,0,0,0,2.87E-07,-1.40E-07,-9.39E-08,3.33E-07,5.55E-08,0,5.96E-04,0,0,0,0,0
4920,2.14E-01,3,4920,Not eroded,0,1,0,0,0,0,1.42E-06,-5.17E-06,5.07E-06,7.38E-06,2.46E-06,1,1.32E-02,1,1,0,0,0
4922,1.48E-01,4,4922,Not eroded,0,0,0,0,0,0,8.11E-08,-6.87E-07,-8.51E-08,6.97E-07,1.74E-07,0,1.25E-03,1,1,0,0,0
4923,2.47E-01,2,4923,Not eroded,0,1,1,1,1,0,1.69E-07,-9.31E-07,3.41E-08,9.46E-07,4.73E-07,1,1.69E-03,1,1,1,0,0
4924,2.10E-01,6,4924,Not eroded,0,1,0,0,0,0,1.86E-07,-8.29E-08,3.95E-07,4.44E-07,7.40E-08,0,7.94E-04,0,0,0,0,0
4925,2.99E-01,0,4925,ERODED,1,1,1,1,1,1,0,0.00E+00,0.00E+00,0,0,1,0.00E+00,1,1,1,1,1
4926,1.91E-01,5,4926,Not eroded,0,1,0,0,0,0,7.09E-07,4.44E-07,3.14E-07,8.94E-07,1.79E-07,0,1.60E-03,0,1,0,0,0
4927,2.87E-01,0,4927,Not eroded,0,1,1,1,1,1,0,0.00E+00,0.00E+00,0,0,1,0.00E+00,1,1,1,1,1
4928,3.25E-01,0,4928,ERODED,1,1,1,1,1,1,0,0.00E+00,0.00E+00,0,0,1,0.00E+00,1,1,1,1,1
4929,1.46E-01,2,4929,Not eroded,0,0,0,0,0,0,9.77E-07,1.30E-07,-1.58E-07,9.98E-07,4.99E-07,1,1.79E-03,1,1,1,0,0
4930,2.43E-01,5,4930,Not eroded,0,1,1,1,1,0,1.45E-06,9.05E-07,1.83E-06,2.51E-06,5.02E-07,0,4.49E-03,0,1,0,0,0
4931,2.43E-01,3,4931,Not eroded,0,1,1,1,1,0,-8.65E-08,1.49E-06,-1.83E-08,1.49E-06,4.98E-07,1,2.67E-03,1,1,0,0,0
4932,1.33E-01,0,4932,Not eroded,0,0,0,0,0,0,0,0.00E+00,0.00E+00,0,0,1,0.00E+00,1,1,1,1,1
4933,2.91E-01,0,4933,Not eroded,0,1,1,1,1,1,0,0.00E+00,0.00E+00,0,0,1,0.00E+00,1,1,1,1,1
4934,2.38E-01,4,4934,Not eroded,0,1,1,1,0,0,-3.76E-08,1.25E-07,3.21E-07,3.47E-07,8.66E-08,0,6.21E-04,1,1,0,0,0
4935,2.95E-01,0,4935,Not eroded,0,1,1,1,1,1,0,0.00E+00,0.00E+00,0,0,1,0.00E+00,1,1,1,1,1
4936,2.93E-01,0,4936,ERODED,1,1,1,1,1,1,0,0.00E+00,0.00E+00,0,0,1,0.00E+00,1,1,1,1,1
4937,2.91E-01,3,4937,Not eroded,0,1,1,1,1,1,1.40E-06,-9.76E-07,3.14E-06,3.58E-06,1.19E-06,1,6.40E-03,1,1,0,0,0
4938,5.88E-02,4,4938,Not eroded,0,0,0,0,0,0,-1.12E-07,4.38E-07,7.71E-07,8.94E-07,2.23E-07,0,1.60E-03,1,1,0,0,0
4939,1.82E-01,3,4939,Not eroded,0,0,0,0,0,0,-3.75E-06,1.72E-06,2.85E-06,5.01E-06,1.67E-06,1,8.96E-03,1,1,0,0,0
4940,2.47E-01,0,4940,Not eroded,0,1,1,1,1,0,0,0.00E+00,0.00E+00,0,0,1,0.00E+00,1,1,1,1,1
4941,3.19E-01,0,4941,ERODED,1,1,1,1,1,1,0,0.00E+00,0.00E+00,0,0,1,0.00E+00,1,1,1,1,1
4942,2.84E-01,3,4942,Not eroded,0,1,1,1,1,1,-8.64E-07,-2.99E-06,2.00E-06,3.70E-06,1.23E-06,1,6.62E-03,1,1,0,0,0
4943,1.60E-01,4,4943,Not eroded,0,0,0,0,0,0,-7.27E-08,4.84E-08,9.27E-09,8.78E-08,2.20E-08,0,1.57E-04,1,1,0,0,0
4944,1.47E-01,3,4944,Not eroded,0,0,0,0,0,0,8.85E-09,-6.91E-08,1.78E-07,1.91E-07,6.38E-08,1,3.42E-04,1,1,0,0,0
4945,1.84E-01,4,4945,Not eroded,0,0,0,0,0,0,8.66E-07,1.56E-07,1.07E-06,1.39E-06,3.47E-07,0,2.49E-03,1,1,0,0,0
4946,1.33E-01,0,4946,Not eroded,0,0,0,0,0,0,0,0.00E+00,0.00E+00,0,0,1,0.00E+00,1,1,1,1,1
4947,1.58E-01,0,4947,Not eroded,0,0,0,0,0,0,0,0.00E+00,0.00E+00,0,0,1,0.00E+00,1,1,1,1,1
4948,1.29E-01,5,4948,Not eroded,0,0,0,0,0,0,-4.72E-08,5.91E-07,3.97E-07,7.14E-07,1.43E-07,0,1.28E-03,0,1,0,0,0
4949,2.95E-01,3,4949,Not eroded,0,1,1,1,1,1,-1.76E-07,1.93E-07,2.53E-07,3.64E-07,1.21E-07,1,6.51E-04,1,1,0,0,0
4950,2.19E-01,7,4950,Not eroded,0,1,0,0,0,0,2.57E-07,3.06E-07,1.25E-07,4.19E-07,5.98E-08,0,7.49E-04,0,0,0,0,0
4952,2.64E-01,3,4952,Not eroded,0,1,1,1,1,1,2.97E-07,-8.07E-07,2.42E-07,8.94E-07,2.98E-07,1,1.60E-03,1,1,0,0,0
4953,2.02E-01,5,4953,Not eroded,0,1,0,0,0,0,-2.72E-08,2.19E-08,4.53E-08,5.72E-08,1.14E-08,0,1.02E-04,0,1,0,0,0
4954,9.31E-02,0,4954,Not eroded,0,0,0,0,0,0,0,0.00E+00,0.00E+00,0,0,1,0.00E+00,1,1,1,1,1
4955,7.77E-02,5,4955,Not eroded,0,0,0,0,0,0,5.75E-10,-9.63E-07,-1.06E-06,1.43E-06,2.87E-07,0,2.56E-03,0,1,0,0,0
4956,1.62E-01,5,4956,Not eroded,0,0,0,0,0,0,2.78E-07,3.30E-08,3.17E-07,4.23E-07,8.46E-08,0,7.57E-04,0,1,0,0,0
4957,3.10E-01,3,4957,Not eroded,0,1,1,1,1,1,4.49E-07,1.36E-06,-2.59E-06,2.96E-06,9.86E-07,1,5.29E-03,1,1,0,0,0
4958,1.71E-01,0,4958,Not eroded,0,0,0,0,0,0,0,0.00E+00,0.00E+00,0,0,1,0.00E+00,1,1,1,1,1
4959,2.04E-01,0,4959,Not eroded,0,1,0,0,0,0,0,0.00E+00,0.00E+00,0,0,1,0.00E+00,1,1,1,1,1
4960,6.45E-02,4,4960,Not eroded,0,0,0,0,0,0,-2.13E-08,1.44E-06,4.58E-07,1.51E-06,3.78E-07,0,2.70E-03,1,1,0,0,0
4961,2.37E-01,3,4961,Not eroded,0,1,1,1,0,0,7.59E-07,1.13E-07,2.12E-08,7.68E-07,2.56E-07,1,1.37E-03,1,1,0,0,0
4962,5.66E-02,4,4962,Not eroded,0,0,0,0,0,0,-9.84E-08,-1.77E-07,-1.12E-06,1.14E-06,2.84E-07,0,2.04E-03,1,1,0,0,0
4963,2.39E-01,0,4963,Not eroded,0,1,1,1,0,0,0,0.00E+00,0.00E+00,0,0,1,0.00E+00,1,1,1,1,1
4964,7.29E-02,5,4964,Not eroded,0,0,0,0,0,0,-1.14E-07,-2.84E-08,-1.83E-07,2.18E-07,4.35E-08,0,3.90E-04,0,1,0,0,0
4965,1.90E-01,0,4965,Not eroded,0,0,0,0,0,0,0,0.00E+00,0.00E+00,0,0,1,0.00E+00,1,1,1,1,1
4966,1.23E-01,0,4966,Not eroded,0,0,0,0,0,0,0,0.00E+00,0.00E+00,0,0,1,0.00E+00,1,1,1,1,1
4967,1.70E-01,4,4967,Not eroded,0,0,0,0,0,0,-9.17E-08,7.76E-07,7.30E-07,1.07E-06,2.67E-07,0,1.91E-03,1,1,0,0,0
4968,1.72E-01,5,4968,Not eroded,0,0,0,0,0,0,-1.02E-06,1.53E-06,-3.83E-07,1.88E-06,3.76E-07,0,3.36E-03,0,1,0,0,0
4969,8.41E-02,6,4969,Not eroded,0,0,0,0,0,0,-1.87E-07,-1.05E-07,-3.00E-07,3.69E-07,6.15E-08,0,6.60E-04,0,0,0,0,0
4970,8.90E-02,5,4970,Not eroded,0,0,0,0,0,0,5.55E-08,-1.51E-08,3.60E-07,3.65E-07,7.29E-08,0,6.53E-04,0,1,0,0,0
4971,3.27E-01,0,4971,ERODED,1,1,1,1,1,1,0,0.00E+00,0.00E+00,0,0,1,0.00E+00,1,1,1,1,1
4972,1.33E-01,7,4972,Not eroded,0,0,0,0,0,0,-1.38E-07,-1.42E-07,9.00E-08,2.17E-07,3.10E-08,0,3.88E-04,0,0,0,0,0
4973,9.45E-02,4,4973,Not eroded,0,0,0,0,0,0,-1.04E-08,-1.06E-07,-2.42E-08,1.09E-07,2.72E-08,0,1.95E-04,1,1,0,0,0
4974,5.66E-02,0,4974,Not eroded,0,0,0,0,0,0,0,0.00E+00,0.00E+00,0,0,1,0.00E+00,1,1,1,1,1
4975,2.14E-01,5,4975,Not eroded,0,1,0,0,0,0,-2.56E-07,-1.11E-06,2.60E-07,1.17E-06,2.34E-07,0,2.09E-03,0,1,0,0,0
4976,1.98E-01,5,4976,Not eroded,0,1,0,0,0,0,7.21E-07,9.49E-08,3.37E-07,8.02E-07,1.60E-07,0,1.43E-03,0,1,0,0,0
4977,1.37E-01,4,4977,Not eroded,0,0,0,0,0,0,-8.19E-08,-9.73E-07,-9.94E-07,1.39E-06,3.48E-07,0,2.49E-03,1,1,0,0,0
4978,7.18E-02,4,4978,Not eroded,0,0,0,0,0,0,3.98E-07,-5.95E-08,-2.86E-07,4.94E-07,1.23E-07,0,8.84E-04,1,1,0,0,0
4980,9.76E-02,0,4980,Not eroded,0,0,0,0,0,0,0,0.00E+00,0.00E+00,0,0,1,0.00E+00,1,1,1,1,1
4981,1.73E-01,5,4981,Not eroded,0,0,0,0,0,0,-3.59E-08,8.87E-08,1.03E-07,1.40E-07,2.81E-08,0,2.50E-04,0,1,0,0,0
4983,1.88E-01,5,4983,Not eroded,0,0,0,0,0,0,1.17E-07,-4.37E-08,1.45E-07,1.91E-07,3.82E-08,0,3.42E-04,0,1,0,0,0
4985,1.16E-01,4,4985,Not eroded,0,0,0,0,0,0,-2.18E-07,-5.85E-07,1.48E-07,6.41E-07,1.60E-07,0,1.15E-03,1,1,0,0,0
4986,5.67E-02,0,4986,Not eroded,0,0,0,0,0,0,0,0.00E+00,0.00E+00,0,0,1,0.00E+00,1,1,1,1,1
4988,2.39E-01,7,4988,Not eroded,0,1,1,1,0,0,7.52E-09,2.49E-09,-1.14E-08,1.39E-08,1.98E-09,0,2.49E-05,0,0,0,0,0
4989,1.57E-01,0,4989,Not eroded,0,0,0,0,0,0,0,0.00E+00,0.00E+00,0,0,1,0.00E+00,1,1,1,1,1
4990,3.11E-01,0,4990,ERODED,1,1,1,1,1,1,0,0.00E+00,0.00E+00,0,0,1,0.00E+00,1,1,1,1,1
4992,2.09E-01,0,4992,Not eroded,0,1,0,0,0,0,0,0.00E+00,0.00E+00,0,0,1,0.00E+00,1,1,1,1,1
4993,2.39E-01,4,4993,Not eroded,0,1,1,1,0,0,-1.43E-07,2.52E-08,1.10E-06,1.11E-06,2.77E-07,0,1.99E-03,1,1,0,0,0
4994,8.76E-02,5,4994,Not eroded,0,0,0,0,0,0,1.66E-06,-6.47E-07,-1.42E-07,1.79E-06,3.58E-07,0,3.20E-03,0,1,0,0,0
4995,2.66E-01,0,4995,Not eroded,0,1,1,1,1,1,0,0.00E+00,0.00E+00,0,0,1,0.00E+00,1,1,1,1,1
4996,1.62E-01,0,4996,Not eroded,0,0,0,0,0,0,0,0.00E+00,0.00E+00,0,0,1,0.00E+00,1,1,1,1,1
4997,1.38E-01,0,4997,Not eroded,0,0,0,0,0,0,0,0.00E+00,0.00E+00,0,0,1,0.00E+00,1,1,1,1,1
4998,1.86E-01,0,4998,Not eroded,0,0,0,0,0,0,0,0.00E+00,0.00E+00,0,0,1,0.00E+00,1,1,1,1,1
4999,1.74E-01,5,4999,Not eroded,0,0,0,0,0,0,-9.30E-08,1.06E-07,-1.10E-07,1.79E-07,3.58E-08,0,3.20E-04,0,1,0,0,0
5000,1.32E-01,0,5000,Not eroded,0,0,0,0,0,0,0,0.00E+00,0.00E+00,0,0,1,0.00E+00,1,1,1,1,1
5001,2.02E-01,5,5001,Not eroded,0,1,0,0,0,0,2.20E-07,4.84E-07,1.55E-07,5.54E-07,1.11E-07,0,9.91E-04,0,1,0,0,0
5002,1.63E-01,0,5002,Not eroded,0,0,0,0,0,0,0,0.00E+00,0.00E+00,0,0,1,0.00E+00,1,1,1,1,1
5003,1.52E-01,6,5003,Not eroded,0,0,0,0,0,0,4.50E-07,8.27E-07,8.14E-08,9.45E-07,1.57E-07,0,1.69E-03,0,0,0,0,0
5004,6.36E-02,3,5004,Not eroded,0,0,0,0,0,0,3.31E-07,-6.37E-07,1.87E-07,7.42E-07,2.47E-07,1,1.33E-03,1,1,0,0,0
5005,1.49E-01,0,5005,Not eroded,0,0,0,0,0,0,0,0.00E+00,0.00E+00,0,0,1,0.00E+00,1,1,1,1,1
5006,2.70E-01,3,5006,Not eroded,0,1,1,1,1,1,-2.01E-07,7.05E-07,2.97E-07,7.91E-07,2.64E-07,1,1.41E-03,1,1,0,0,0
5007,5.66E-02,2,5007,Not eroded,0,0,0,0,0,0,3.75E-07,2.32E-09,-1.43E-06,1.48E-06,7.41E-07,1,2.65E-03,1,1,1,0,0
5008,3.26E-01,0,5008,ERODED,1,1,1,1,1,1,0,0.00E+00,0.00E+00,0,0,1,0.00E+00,1,1,1,1,1
5010,1.05E-01,4,5010,Not eroded,0,0,0,0,0,0,-2.60E-07,3.43E-07,3.73E-07,5.70E-07,1.42E-07,0,1.02E-03,1,1,0,0,0
5011,1.73E-01,0,5011,Not eroded,0,0,0,0,0,0,0,0.00E+00,0.00E+00,0,0,1,0.00E+00,1,1,1,1,1
5012,6.12E-02,4,5012,Not eroded,0,0,0,0,0,0,-6.63E-07,8.64E-07,1.36E-06,1.74E-06,4.35E-07,0,3.11E-03,1,1,0,0,0
5013,2.99E-01,5,5013,Not eroded,0,1,1,1,1,1,1.14E-06,4.56E-07,-2.38E-07,1.25E-06,2.50E-07,0,2.24E-03,0,1,0,0,0
5014,1.44E-01,3,5014,Not eroded,0,0,0,0,0,0,-6.97E-08,3.88E-07,3.70E-08,3.96E-07,1.32E-07,1,7.08E-04,1,1,0,0,0
5015,1.95E-01,0,5015,Not eroded,0,1,0,0,0,0,0,0.00E+00,0.00E+00,0,0,1,0.00E+00,1,1,1,1,1
5016,2.69E-01,4,5016,Not eroded,0,1,1,1,1,1,5.04E-07,-5.83E-07,3.09E-07,8.30E-07,2.08E-07,0,1.48E-03,1,1,0,0,0
5017,7.04E-02,4,5017,Not eroded,0,0,0,0,0,0,-2.38E-07,2.14E-08,2.23E-07,3.27E-07,8.16E-08,0,5.85E-04,1,1,0,0,0
5018,1.34E-01,5,5018,Not eroded,0,0,0,0,0,0,6.31E-07,2.78E-06,-6.54E-07,2.92E-06,5.85E-07,0,5.22E-03,0,1,0,0,0
5020,1.04E-01,4,5020,Not eroded,0,0,0,0,0,0,2.43E-07,1.51E-06,-1.82E-07,1.54E-06,3.86E-07,0,2.75E-03,1,1,0,0,0
5023,6.22E-02,5,5023,Not eroded,0,0,0,0,0,0,1.89E-07,4.46E-08,6.58E-07,6.86E-07,1.37E-07,0,1.23E-03,0,1,0,0,0
5024,2.45E-01,5,5024,Not eroded,0,1,1,1,1,0,-1.86E-05,3.57E-05,5.96E-07,4.03E-05,8.05E-06,0,7.21E-02,0,1,0,0,0
5026,1.81E-01,0,5026,Not eroded,0,0,0,0,0,0,0,0.00E+00,0.00E+00,0,0,1,0.00E+00,1,1,1,1,1
5027,1.62E-01,5,5027,Not eroded,0,0,0,0,0,0,5.47E-09,-1.31E-07,3.42E-07,3.66E-07,7.32E-08,0,6.55E-04,0,1,0,0,0
5028,1.33E-01,0,5028,Not eroded,0,0,0,0,0,0,0,0.00E+00,0.00E+00,0,0,1,0.00E+00,1,1,1,1,1
5029,6.85E-02,5,5029,Not eroded,0,0,0,0,0,0,-3.34E-08,-4.91E-08,-6.30E-08,8.66E-08,1.73E-08,0,1.55E-04,0,1,0,0,0
5030,6.76E-02,5,5030,Not eroded,0,0,0,0,0,0,1.99E-07,8.97E-09,-3.38E-08,2.02E-07,4.05E-08,0,3.61E-04,0,1,0,0,0
5031,5.66E-02,3,5031,Not eroded,0,0,0,0,0,0,5.98E-07,7.75E-08,-1.29E-06,1.42E-06,4.74E-07,1,2.54E-03,1,1,0,0,0
5032,3.08E-01,0,5032,ERODED,1,1,1,1,1,1,0,0.00E+00,0.00E+00,0,0,1,0.00E+00,1,1,1,1,1
5033,1.28E-01,0,5033,Not eroded,0,0,0,0,0,0,0,0.00E+00,0.00E+00,0,0,1,0.00E+00,1,1,1,1,1
5034,3.00E-01,0,5034,ERODED,1,1,1,1,1,1,0,0.00E+00,0.00E+00,0,0,1,0.00E+00,1,1,1,1,1
5035,1.77E-01,4,5035,Not eroded,0,0,0,0,0,0,-3.43E-08,-2.86E-08,1.03E-06,1.03E-06,2.57E-07,0,1.84E-03,1,1,0,0,0
5036,2.55E-01,4,5036,Not eroded,0,1,1,1,1,1,1.12E-07,-7.98E-07,1.06E-07,8.13E-07,2.03E-07,0,1.45E-03,1,1,0,0,0
5037,3.10E-01,0,5037,ERODED,1,1,1,1,1,1,0,0.00E+00,0.00E+00,0,0,1,0.00E+00,1,1,1,1,1
5038,1.32E-01,3,5038,Not eroded,0,0,0,0,0,0,2.48E-07,2.99E-07,1.52E-08,3.89E-07,1.30E-07,1,6.96E-04,1,1,0,0,0
5039,1.99E-01,5,5039,Not eroded,0,1,0,0,0,0,2.48E-07,3.41E-07,5.15E-08,4.25E-07,8.50E-08,0,7.60E-04,0,1,0,0,0
5040,2.22E-01,3,5040,Not eroded,0,1,1,0,0,0,-1.47E-07,2.85E-07,2.49E-07,4.06E-07,1.35E-07,1,7.26E-04,1,1,0,0,0
5041,5.66E-02,3,5041,Not eroded,0,0,0,0,0,0,1.73E-07,-4.25E-07,-1.44E-06,1.51E-06,5.04E-07,1,2.70E-03,1,1,0,0,0
5042,2.53E-01,0,5042,Not eroded,0,1,1,1,1,1,0,0.00E+00,0.00E+00,0,0,1,0.00E+00,1,1,1,1,1
5043,6.50E-02,5,5043,Not eroded,0,0,0,0,0,0,-2.44E-07,1.15E-06,-4.41E-08,1.17E-06,2.34E-07,0,2.09E-03,0,1,0,0,0
5044,6.21E-02,3,5044,Not eroded,0,0,0,0,0,0,4.78E-07,-6.82E-07,-4.66E-08,8.34E-07,2.78E-07,1,1.49E-03,1,1,0,0,0
5045,3.10E-01,4,5045,Not eroded,0,1,1,1,1,1,-1.43E-05,-1.11E-05,1.87E-05,2.60E-05,6.51E-06,0,4.65E-02,1,1,0,0,0
5047,1.32E-01,4,5047,Not eroded,0,0,0,0,0,0,-4.57E-07,8.70E-08,4.68E-08,4.68E-07,1.17E-07,0,8.37E-04,1,1,0,0,0
5048,1.57E-01,0,5048,Not eroded,0,0,0,0,0,0,0,0.00E+00,0.00E+00,0,0,1,0.00E+00,1,1,1,1,1
5049,2.91E-01,5,5049,Not eroded,0,1,1,1,1,1,7.12E-09,-5.25E-08,-9.74E-08,1.11E-07,2.22E-08,0,1.99E-04,0,1,0,0,0
5051,1.40E-01,6,5051,Not eroded,0,0,0,0,0,0,4.59E-07,2.02E-06,1.49E-06,2.55E-06,4.26E-07,0,4.56E-03,0,0,0,0,0
5052,1.96E-01,4,5052,Not eroded,0,1,0,0,0,0,3.86E-08,9.77E-08,-5.16E-08,1.17E-07,2.93E-08,0,2.09E-04,1,1,0,0,0
5053,2.27E-01,0,5053,Not eroded,0,1,1,0,0,0,0,0.00E+00,0.00E+00,0,0,1,0.00E+00,1,1,1,1,1
5054,2.15E-01,5,5054,Not eroded,0,1,0,0,0,0,5.05E-06,-2.67E-06,6.28E-07,5.74E-06,1.15E-06,0,1.03E-02,0,1,0,0,0
5055,2.12E-01,0,5055,Not eroded,0,1,0,0,0,0,0,0.00E+00,0.00E+00,0,0,1,0.00E+00,1,1,1,1,1
5056,1.26E-01,5,5056,Not eroded,0,0,0,0,0,0,5.27E-07,3.79E-08,1.26E-05,1.26E-05,2.53E-06,0,2.25E-02,0,1,0,0,0
5057,2.34E-01,0,5057,Not eroded,0,1,1,1,0,0,0,0.00E+00,0.00E+00,0,0,1,0.00E+00,1,1,1,1,1
5058,6.44E-02,4,5058,Not eroded,0,0,0,0,0,0,-1.25E-07,-1.98E-07,-1.13E-07,2.60E-07,6.49E-08,0,4.65E-04,1,1,0,0,0
5059,1.67E-01,5,5059,Not eroded,0,0,0,0,0,0,-1.03E-07,4.95E-07,4.75E-07,6.94E-07,1.39E-07,0,1.24E-03,0,1,0,0,0
5060,2.34E-01,0,5060,Not eroded,0,1,1,1,0,0,0,0.00E+00,0.00E+00,0,0,1,0.00E+00,1,1,1,1,1
5061,8.48E-02,4,5061,Not eroded,0,0,0,0,0,0,-4.59E-08,-1.06E-07,-6.19E-08,1.31E-07,3.27E-08,0,2.34E-04,1,1,0,0,0
5063,2.80E-01,3,5063,Not eroded,0,1,1,1,1,1,-1.60E-07,-4.73E-07,-3.36E-07,6.02E-07,2.01E-07,1,1.08E-03,1,1,0,0,0
5064,1.05E-01,3,5064,Not eroded,0,0,0,0,0,0,-5.05E-08,-8.08E-07,-3.45E-07,8.80E-07,2.93E-07,1,1.57E-03,1,1,0,0,0
5065,1.18E-01,3,5065,Not eroded,0,0,0,0,0,0,2.37E-07,-1.10E-07,-1.36E-07,2.94E-07,9.80E-08,1,5.26E-04,1,1,0,0,0
5066,1.47E-01,5,5066,Not eroded,0,0,0,0,0,0,1.84E-07,5.44E-07,2.51E-08,5.75E-07,1.15E-07,0,1.03E-03,0,1,0,0,0
5067,2.33E-01,5,5067,Not eroded,0,1,1,1,0,0,1.65E-06,-3.10E-07,1.38E-06,2.17E-06,4.34E-07,0,3.88E-03,0,1,0,0,0
5068,1.89E-01,0,5068,Not eroded,0,0,0,0,0,0,0,0.00E+00,0.00E+00,0,0,1,0.00E+00,1,1,1,1,1
5069,1.06E-01,5,5069,Not eroded,0,0,0,0,0,0,-1.42E-07,3.00E-07,2.41E-07,4.10E-07,8.20E-08,0,7.33E-04,0,1,0,0,0
5070,2.03E-01,0,5070,Not eroded,0,1,0,0,0,0,0,0.00E+00,0.00E+00,0,0,1,0.00E+00,1,1,1,1,1
5071,1.08E-01,4,5071,Not eroded,0,0,0,0,0,0,-8.83E-08,-1.18E-07,-1.03E-07,1.80E-07,4.49E-08,0,3.22E-04,1,1,0,0,0
5072,1.98E-01,3,5072,Not eroded,0,1,0,0,0,0,-4.07E-07,3.51E-07,3.76E-07,6.56E-07,2.19E-07,1,1.17E-03,1,1,0,0,0
5073,2.76E-01,0,5073,Not eroded,0,1,1,1,1,1,0,0.00E+00,0.00E+00,0,0,1,0.00E+00,1,1,1,1,1
5074,1.29E-01,0,5074,Not eroded,0,0,0,0,0,0,0,0.00E+00,0.00E+00,0,0,1,0.00E+00,1,1,1,1,1
5075,2.28E-01,4,5075,Not eroded,0,1,1,0,0,0,4.00E-08,2.94E-07,7.14E-08,3.06E-07,7.64E-08,0,5.47E-04,1,1,0,0,0
5077,1.94E-01,4,5077,Not eroded,0,1,0,0,0,0,2.12E-07,3.87E-08,1.10E-07,2.41E-07,6.04E-08,0,4.31E-04,1,1,0,0,0
5078,3.33E-01,0,5078,ERODED,1,1,1,1,1,1,0,0.00E+00,0.00E+00,0,0,1,0.00E+00,1,1,1,1,1
5079,6.80E-02,4,5079,Not eroded,0,0,0,0,0,0,2.66E-07,-2.51E-07,3.59E-07,5.12E-07,1.28E-07,0,9.16E-04,1,1,0,0,0
5080,2.63E-01,0,5080,Not eroded,0,1,1,1,1,1,0,0.00E+00,0.00E+00,0,0,1,0.00E+00,1,1,1,1,1
5081,2.54E-01,3,5081,Not eroded,0,1,1,1,1,1,8.47E-07,-3.49E-07,8.18E-07,1.23E-06,4.09E-07,1,2.20E-03,1,1,0,0,0
5082,2.32E-01,5,5082,Not eroded,0,1,1,1,0,0,1.90E-06,9.20E-07,-6.70E-07,2.21E-06,4.42E-07,0,3.95E-03,0,1,0,0,0
5083,9.61E-02,5,5083,Not eroded,0,0,0,0,0,0,-2.56E-07,-1.04E-07,-2.80E-08,2.78E-07,5.56E-08,0,4.97E-04,0,1,0,0,0
5084,2.70E-01,0,5084,Not eroded,0,1,1,1,1,1,0,0.00E+00,0.00E+00,0,0,1,0.00E+00,1,1,1,1,1
5085,1.19E-01,4,5085,Not eroded,0,0,0,0,0,0,-1.19E-06,-5.63E-07,1.15E-06,1.75E-06,4.38E-07,0,3.13E-03,1,1,0,0,0
5086,1.24E-01,0,5086,Not eroded,0,0,0,0,0,0,0,0.00E+00,0.00E+00,0,0,1,0.00E+00,1,1,1,1,1
5087,1.90E-01,4,5087,Not eroded,0,0,0,0,0,0,1.80E-07,2.17E-07,2.11E-08,2.83E-07,7.06E-08,0,5.06E-04,1,1,0,0,0
5088,1.78E-01,4,5088,Not eroded,0,0,0,0,0,0,3.93E-07,-4.49E-07,1.92E-07,6.27E-07,1.57E-07,0,1.12E-03,1,1,0,0,0
5090,9.08E-02,3,5090,Not eroded,0,0,0,0,0,0,-3.90E-08,-1.38E-06,1.64E-06,2.14E-06,7.14E-07,1,3.83E-03,1,1,0,0,0
5091,1.34E-01,4,5091,Not eroded,0,0,0,0,0,0,3.75E-07,2.37E-07,4.16E-07,6.08E-07,1.52E-07,0,1.09E-03,1,1,0,0,0
5092,2.16E-01,0,5092,Not eroded,0,1,0,0,0,0,0,0.00E+00,0.00E+00,0,0,1,0.00E+00,1,1,1,1,1
5093,1.83E-01,5,5093,Not eroded,0,0,0,0,0,0,-1.28E-07,1.98E-07,2.41E-07,3.37E-07,6.74E-08,0,6.03E-04,0,1,0,0,0
5094,2.56E-01,3,5094,Not eroded,0,1,1,1,1,1,2.99E-07,3.25E-07,-1.22E-07,4.58E-07,1.53E-07,1,8.19E-04,1,1,0,0,0
5095,3.24E-01,0,5095,ERODED,1,1,1,1,1,1,0,0.00E+00,0.00E+00,0,0,1,0.00E+00,1,1,1,1,1
5096,2.08E-01,4,5096,Not eroded,0,1,0,0,0,0,1.20E-07,-8.90E-07,2.45E-07,9.31E-07,2.33E-07,0,1.67E-03,1,1,0,0,0
5097,1.50E-01,2,5097,Not eroded,0,0,0,0,0,0,3.10E-07,1.58E-07,3.42E-07,4.88E-07,2.44E-07,1,8.73E-04,1,1,1,0,0
5098,1.65E-01,0,5098,Not eroded,0,0,0,0,0,0,0,0.00E+00,0.00E+00,0,0,1,0.00E+00,1,1,1,1,1
5099,2.54E-01,0,5099,Not eroded,0,1,1,1,1,1,0,0.00E+00,0.00E+00,0,0,1,0.00E+00,1,1,1,1,1
5100,1.89E-01,3,5100,Not eroded,0,0,0,0,0,0,2.61E-07,-1.77E-07,-9.35E-08,3.29E-07,1.10E-07,1,5.88E-04,1,1,0,0,0
5102,2.75E-01,4,5102,Not eroded,0,1,1,1,1,1,-2.86E-07,-1.37E-08,-6.11E-08,2.93E-07,7.33E-08,0,5.24E-04,1,1,0,0,0
5103,2.30E-01,4,5103,Not eroded,0,1,1,0,0,0,2.19E-07,2.80E-07,-1.41E-08,3.56E-07,8.89E-08,0,6.37E-04,1,1,0,0,0
5104,5.65E-02,5,5104,Not eroded,0,0,0,0,0,0,2.01E-07,-3.82E-07,-1.41E-06,1.47E-06,2.94E-07,0,2.63E-03,0,1,0,0,0
5105,1.13E-01,5,5105,Not eroded,0,0,0,0,0,0,-3.41E-07,7.45E-08,7.15E-07,7.96E-07,1.59E-07,0,1.42E-03,0,1,0,0,0
5107,1.53E-01,0,5107,Not eroded,0,0,0,0,0,0,0,0.00E+00,0.00E+00,0,0,1,0.00E+00,1,1,1,1,1
5108,1.92E-01,4,5108,Not eroded,0,1,0,0,0,0,-7.88E-08,5.85E-07,2.62E-07,6.46E-07,1.62E-07,0,1.16E-03,1,1,0,0,0
5109,1.19E-01,4,5109,Not eroded,0,0,0,0,0,0,-4.61E-07,-7.45E-08,6.43E-08,4.72E-07,1.18E-07,0,8.44E-04,1,1,0,0,0
5110,2.00E-01,0,5110,Not eroded,0,1,0,0,0,0,0,0.00E+00,0.00E+00,0,0,1,0.00E+00,1,1,1,1,1
5112,7.41E-02,4,5112,Not eroded,0,0,0,0,0,0,1.01E-07,-9.35E-07,-2.82E-09,9.41E-07,2.35E-07,0,1.68E-03,1,1,0,0,0
5113,1.95E-01,3,5113,Not eroded,0,1,0,0,0,0,6.43E-08,-7.05E-07,1.20E-07,7.18E-07,2.39E-07,1,1.28E-03,1,1,0,0,0
5114,1.64E-01,4,5114,Not eroded,0,0,0,0,0,0,3.14E-07,2.12E-07,6.59E-07,7.60E-07,1.90E-07,0,1.36E-03,1,1,0,0,0
5115,6.54E-02,3,5115,Not eroded,0,0,0,0,0,0,6.63E-08,-2.84E-09,-3.54E-08,7.52E-08,2.51E-08,1,1.35E-04,1,1,0,0,0
5116,1.06E-01,3,5116,Not eroded,0,0,0,0,0,0,1.46E-07,8.31E-07,-8.68E-08,8.48E-07,2.83E-07,1,1.52E-03,1,1,0,0,0
5117,7.71E-02,5,5117,Not eroded,0,0,0,0,0,0,-8.83E-09,-9.55E-08,1.86E-07,2.09E-07,4.19E-08,0,3.74E-04,0,1,0,0,0
5118,1.21E-01,4,5118,Not eroded,0,0,0,0,0,0,-5.27E-07,1.51E-07,1.10E-06,1.23E-06,3.08E-07,0,2.20E-03,1,1,0,0,0
5120,1.40E-01,6,5120,Not eroded,0,0,0,0,0,0,1.89E-07,4.81E-08,4.45E-08,2.00E-07,3.33E-08,0,3.58E-04,0,0,0,0,0
5121,1.38E-01,3,5121,Not eroded,0,0,0,0,0,0,-6.00E-08,-4.64E-08,1.63E-07,1.80E-07,6.00E-08,1,3.22E-04,1,1,0,0,0
5122,8.33E-02,5,5122,Not eroded,0,0,0,0,0,0,-6.83E-09,-2.93E-07,1.77E-07,3.42E-07,6.84E-08,0,6.12E-04,0,1,0,0,0
5124,1.40E-01,6,5124,Not eroded,0,0,0,0,0,0,-4.72E-07,1.22E-05,-6.95E-06,1.41E-05,2.35E-06,0,2.52E-02,0,0,0,0,0
5125,2.79E-01,0,5125,ERODED,1,1,1,1,1,1,0,0.00E+00,0.00E+00,0,0,1,0.00E+00,1,1,1,1,1
5126,1.29E-01,0,5126,Not eroded,0,0,0,0,0,0,0,0.00E+00,0.00E+00,0,0,1,0.00E+00,1,1,1,1,1
5127,2.48E-01,5,5127,Not eroded,0,1,1,1,1,0,2.39E-07,-1.35E-07,8.68E-07,9.10E-07,1.82E-07,0,1.63E-03,0,1,0,0,0
5128,9.14E-02,3,5128,Not eroded,0,0,0,0,0,0,1.95E-08,-7.54E-08,-5.01E-08,9.26E-08,3.09E-08,1,1.66E-04,1,1,0,0,0
5129,7.58E-02,3,5129,Not eroded,0,0,0,0,0,0,2.20E-07,-2.75E-07,2.17E-07,4.14E-07,1.38E-07,1,7.41E-04,1,1,0,0,0
5130,5.66E-02,4,5130,Not eroded,0,0,0,0,0,0,-2.16E-08,-1.04E-07,-1.18E-06,1.19E-06,2.97E-07,0,2.13E-03,1,1,0,0,0
5131,1.95E-01,4,5131,Not eroded,0,1,0,0,0,0,7.65E-08,1.24E-07,7.65E-08,1.65E-07,4.12E-08,0,2.95E-04,1,1,0,0,0
5132,2.83E-01,2,5132,ERODED,1,1,1,1,1,1,-2.45E-07,4.33E-08,-4.89E-08,2.54E-07,1.27E-07,1,4.54E-04,1,1,1,0,0
5133,2.90E-01,0,5133,ERODED,1,1,1,1,1,1,0,0.00E+00,0.00E+00,0,0,1,0.00E+00,1,1,1,1,1
5134,1.58E-01,7,5134,Not eroded,0,0,0,0,0,0,-2.05E-06,3.25E-06,8.11E-07,3.93E-06,5.62E-07,0,7.03E-03,0,0,0,0,0
5135,1.65E-01,0,5135,Not eroded,0,0,0,0,0,0,0,0.00E+00,0.00E+00,0,0,1,0.00E+00,1,1,1,1,1
5136,2.30E-01,0,5136,Not eroded,0,1,1,0,0,0,0,0.00E+00,0.00E+00,0,0,1,0.00E+00,1,1,1,1,1
5137,3.02E-01,0,5137,ERODED,1,1,1,1,1,1,0,0.00E+00,0.00E+00,0,0,1,0.00E+00,1,1,1,1,1
5138,2.24E-01,3,5138,Not eroded,0,1,1,0,0,0,2.79E-07,3.83E-07,6.02E-07,7.66E-07,2.55E-07,1,1.37E-03,1,1,0,0,0
5139,2.56E-01,2,5139,Not eroded,0,1,1,1,1,1,2.31E-06,2.22E-06,-8.37E-07,3.31E-06,1.66E-06,1,5.92E-03,1,1,1,0,0
5140,2.97E-01,0,5140,Not eroded,0,1,1,1,1,1,0,0.00E+00,0.00E+00,0,0,1,0.00E+00,1,1,1,1,1
5142,1.52E-01,0,5142,Not eroded,0,0,0,0,0,0,0,0.00E+00,0.00E+00,0,0,1,0.00E+00,1,1,1,1,1
5143,3.12E-01,0,5143,ERODED,1,1,1,1,1,1,0,0.00E+00,0.00E+00,0,0,1,0.00E+00,1,1,1,1,1
5144,5.68E-02,0,5144,Not eroded,0,0,0,0,0,0,0,0.00E+00,0.00E+00,0,0,1,0.00E+00,1,1,1,1,1
5146,1.48E-01,3,5146,Not eroded,0,0,0,0,0,0,1.64E-07,2.08E-07,2.82E-07,3.87E-07,1.29E-07,1,6.92E-04,1,1,0,0,0
5147,7.41E-02,0,5147,Not eroded,0,0,0,0,0,0,0,0.00E+00,0.00E+00,0,0,1,0.00E+00,1,1,1,1,1
5148,2.12E-01,4,5148,Not eroded,0,1,0,0,0,0,-3.90E-07,-4.01E-07,5.99E-07,8.20E-07,2.05E-07,0,1.47E-03,1,1,0,0,0
5149,1.21E-01,4,5149,Not eroded,0,0,0,0,0,0,4.01E-07,5.54E-08,6.38E-08,4.10E-07,1.02E-07,0,7.33E-04,1,1,0,0,0
5150,1.01E-01,4,5150,Not eroded,0,0,0,0,0,0,-4.08E-09,-9.00E-07,-4.94E-08,9.02E-07,2.25E-07,0,1.61E-03,1,1,0,0,0
5151,3.16E-01,0,5151,ERODED,1,1,1,1,1,1,0,0.00E+00,0.00E+00,0,0,1,0.00E+00,1,1,1,1,1
5152,2.48E-01,5,5152,Not eroded,0,1,1,1,1,0,9.62E-08,9.08E-08,1.83E-07,2.26E-07,4.52E-08,0,4.04E-04,0,1,0,0,0
5153,2.37E-01,0,5153,Not eroded,0,1,1,1,0,0,0,0.00E+00,0.00E+00,0,0,1,0.00E+00,1,1,1,1,1
5155,7.98E-02,3,5155,Not eroded,0,0,0,0,0,0,-6.39E-07,-7.60E-07,-3.03E-07,1.04E-06,3.46E-07,1,1.86E-03,1,1,0,0,0
5157,1.62E-01,3,5157,Not eroded,0,0,0,0,0,0,2.64E-06,-4.51E-06,-3.38E-07,5.24E-06,1.75E-06,1,9.37E-03,1,1,0,0,0
5158,6.49E-02,5,5158,Not eroded,0,0,0,0,0,0,-2.90E-07,-1.76E-07,-2.16E-07,4.02E-07,8.04E-08,0,7.19E-04,0,1,0,0,0
5159,6.99E-02,5,5159,Not eroded,0,0,0,0,0,0,2.01E-07,7.34E-08,2.83E-07,3.55E-07,7.09E-08,0,6.35E-04,0,1,0,0,0
5160,2.97E-01,4,5160,Not eroded,0,1,1,1,1,1,9.68E-09,7.56E-08,1.40E-07,1.59E-07,3.98E-08,0,2.84E-04,1,1,0,0,0
5161,2.82E-01,5,5161,Not eroded,0,1,1,1,1,1,-1.37E-06,7.24E-06,8.92E-06,1.16E-05,2.31E-06,0,2.07E-02,0,1,0,0,0
5162,1.55E-01,2,5162,Not eroded,0,0,0,0,0,0,8.83E-08,3.67E-07,1.12E-07,3.94E-07,1.97E-07,1,7.05E-04,1,1,1,0,0
5163,1.50E-01,2,5163,Not eroded,0,0,0,0,0,0,-5.20E-07,2.21E-07,1.12E-07,5.76E-07,2.88E-07,1,1.03E-03,1,1,1,0,0
5164,1.45E-01,5,5164,Not eroded,0,0,0,0,0,0,1.34E-06,2.01E-06,1.60E-06,2.89E-06,5.79E-07,0,5.17E-03,0,1,0,0,0
5165,1.53E-01,4,5165,Not eroded,0,0,0,0,0,0,7.35E-08,1.17E-07,2.08E-07,2.50E-07,6.25E-08,0,4.47E-04,1,1,0,0,0
5166,1.32E-01,4,5166,Not eroded,0,0,0,0,0,0,3.61E-07,4.72E-07,1.98E-07,6.26E-07,1.57E-07,0,1.12E-03,1,1,0,0,0
5167,1.35E-01,5,5167,Not eroded,0,0,0,0,0,0,4.01E-07,-9.97E-08,2.03E-07,4.60E-07,9.21E-08,0,8.23E-04,0,1,0,0,0
5168,1.16E-01,0,5168,Not eroded,0,0,0,0,0,0,0,0.00E+00,0.00E+00,0,0,1,0.00E+00,1,1,1,1,1
5169,1.77E-01,3,5169,Not eroded,0,0,0,0,0,0,1.22E-07,2.09E-07,4.54E-07,5.15E-07,1.72E-07,1,9.21E-04,1,1,0,0,0
5171,2.71E-01,5,5171,Not eroded,0,1,1,1,1,1,-5.80E-07,3.66E-06,3.10E-06,4.83E-06,9.65E-07,0,8.64E-03,0,1,0,0,0
5172,1.84E-01,4,5172,Not eroded,0,0,0,0,0,0,3.13E-07,2.80E-07,9.03E-07,9.95E-07,2.49E-07,0,1.78E-03,1,1,0,0,0
5173,3.02E-01,0,5173,ERODED,1,1,1,1,1,1,0,0.00E+00,0.00E+00,0,0,1,0.00E+00,1,1,1,1,1
5174,2.80E-01,3,5174,Not eroded,0,1,1,1,1,1,4.81E-07,-1.04E-06,4.40E-07,1.23E-06,4.09E-07,1,2.20E-03,1,1,0,0,0
5175,2.38E-01,6,5175,Not eroded,0,1,1,1,0,0,6.77E-07,-2.40E-08,1.08E-06,1.27E-06,2.12E-07,0,2.27E-03,0,0,0,0,0
5176,6.55E-02,4,5176,Not eroded,0,0,0,0,0,0,-9.35E-08,1.03E-07,3.52E-07,3.78E-07,9.45E-08,0,6.76E-04,1,1,0,0,0
5177,2.50E-01,5,5177,Not eroded,0,1,1,1,1,0,4.26E-07,3.80E-07,1.37E-08,5.71E-07,1.14E-07,0,1.02E-03,0,1,0,0,0
5178,3.10E-01,0,5178,ERODED,1,1,1,1,1,1,0,0.00E+00,0.00E+00,0,0,1,0.00E+00,1,1,1,1,1
5179,2.63E-01,4,5179,Not eroded,0,1,1,1,1,1,4.53E-07,1.00E-07,4.49E-08,4.66E-07,1.16E-07,0,8.34E-04,1,1,0,0,0
5180,9.79E-02,4,5180,Not eroded,0,0,0,0,0,0,2.04E-07,3.97E-07,1.16E-06,1.24E-06,3.10E-07,0,2.22E-03,1,1,0,0,0
5181,1.03E-01,4,5181,Not eroded,0,0,0,0,0,0,3.53E-08,-5.98E-08,1.61E-07,1.76E-07,4.39E-08,0,3.15E-04,1,1,0,0,0
5182,1.92E-01,3,5182,Not eroded,0,1,0,0,0,0,6.45E-08,-6.62E-08,3.31E-07,3.44E-07,1.15E-07,1,6.15E-04,1,1,0,0,0
5183,2.80E-01,4,5183,Not eroded,0,1,1,1,1,1,1.38E-05,2.16E-06,1.60E-06,1.40E-05,3.51E-06,0,2.50E-02,1,1,0,0,0
5184,1.97E-01,4,5184,Not eroded,0,1,0,0,0,0,3.84E-08,4.57E-08,1.12E-07,1.27E-07,3.17E-08,0,2.27E-04,1,1,0,0,0
5185,1.97E-01,0,5185,Not eroded,0,1,0,0,0,0,0,0.00E+00,0.00E+00,0,0,1,0.00E+00,1,1,1,1,1
5186,1.91E-01,3,5186,Not eroded,0,0,0,0,0,0,4.19E-07,-4.24E-07,2.02E-06,2.11E-06,7.03E-07,1,3.77E-03,1,1,0,0,0
5187,2.21E-01,0,5187,Not eroded,0,1,1,0,0,0,0,0.00E+00,0.00E+00,0,0,1,0.00E+00,1,1,1,1,1
5188,1.12E-01,4,5188,Not eroded,0,0,0,0,0,0,1.97E-06,1.68E-06,2.46E-07,2.60E-06,6.50E-07,0,4.65E-03,1,1,0,0,0
5189,1.76E-01,0,5189,Not eroded,0,0,0,0,0,0,0,0.00E+00,0.00E+00,0,0,1,0.00E+00,1,1,1,1,1
5190,2.59E-01,0,5190,Not eroded,0,1,1,1,1,1,0,0.00E+00,0.00E+00,0,0,1,0.00E+00,1,1,1,1,1
5191,1.06E-01,5,5191,Not eroded,0,0,0,0,0,0,-4.96E-06,-1.38E-06,2.41E-06,5.69E-06,1.14E-06,0,1.02E-02,0,1,0,0,0
5192,2.44E-01,3,5192,Not eroded,0,1,1,1,1,0,-7.10E-07,5.03E-08,-7.16E-08,7.16E-07,2.39E-07,1,1.28E-03,1,1,0,0,0
5193,1.77E-01,0,5193,Not eroded,0,0,0,0,0,0,0,0.00E+00,0.00E+00,0,0,1,0.00E+00,1,1,1,1,1
5194,1.45E-01,3,5194,Not eroded,0,0,0,0,0,0,-1.71E-07,-5.03E-07,-1.71E-07,5.58E-07,1.86E-07,1,9.98E-04,1,1,0,0,0
5195,2.80E-01,0,5195,ERODED,1,1,1,1,1,1,0,0.00E+00,0.00E+00,0,0,1,0.00E+00,1,1,1,1,1
5196,2.68E-01,4,5196,Not eroded,0,1,1,1,1,1,-2.42E-07,7.17E-07,-4.52E-07,8.81E-07,2.20E-07,0,1.58E-03,1,1,0,0,0
5197,6.31E-02,5,5197,Not eroded,0,0,0,0,0,0,1.11E-07,-4.51E-07,1.63E-07,4.93E-07,9.85E-08,0,8.82E-04,0,1,0,0,0
5198,5.64E-02,3,5198,Not eroded,0,0,0,0,0,0,1.94E-07,-2.49E-07,-1.34E-06,1.38E-06,4.60E-07,1,2.47E-03,1,1,0,0,0
5199,1.90E-01,4,5199,Not eroded,0,0,0,0,0,0,1.29E-08,3.43E-07,1.62E-07,3.79E-07,9.48E-08,0,6.78E-04,1,1,0,0,0
5201,7.67E-02,5,5201,Not eroded,0,0,0,0,0,0,9.72E-08,7.27E-08,9.51E-08,1.54E-07,3.08E-08,0,2.75E-04,0,1,0,0,0
5202,2.19E-01,4,5202,Not eroded,0,1,0,0,0,0,5.94E-07,1.54E-06,-2.78E-07,1.67E-06,4.19E-07,0,2.99E-03,1,1,0,0,0
5203,1.25E-01,0,5203,Not eroded,0,0,0,0,0,0,0,0.00E+00,0.00E+00,0,0,1,0.00E+00,1,1,1,1,1
5204,8.25E-02,4,5204,Not eroded,0,0,0,0,0,0,1.09E-07,4.92E-07,4.82E-07,6.97E-07,1.74E-07,0,1.25E-03,1,1,0,0,0
5205,2.85E-01,4,5205,Not eroded,0,1,1,1,1,1,1.02E-06,2.31E-06,1.48E-06,2.93E-06,7.32E-07,0,5.24E-03,1,1,0,0,0
5206,6.52E-02,3,5206,Not eroded,0,0,0,0,0,0,1.61E-07,-6.28E-08,3.87E-08,1.77E-07,5.91E-08,1,3.17E-04,1,1,0,0,0
5207,6.30E-02,6,5207,Not eroded,0,0,0,0,0,0,-5.28E-08,5.74E-08,-9.93E-08,1.26E-07,2.10E-08,0,2.25E-04,0,0,0,0,0
5208,5.68E-02,4,5208,Not eroded,0,0,0,0,0,0,-1.63E-07,-2.74E-07,4.22E-07,5.29E-07,1.32E-07,0,9.46E-04,1,1,0,0,0
5209,2.42E-01,0,5209,Not eroded,0,1,1,1,1,0,0,0.00E+00,0.00E+00,0,0,1,0.00E+00,1,1,1,1,1
5210,2.91E-01,0,5210,Not eroded,0,1,1,1,1,1,0,0.00E+00,0.00E+00,0,0,1,0.00E+00,1,1,1,1,1
5211,6.82E-02,2,5211,Not eroded,0,0,0,0,0,0,-5.05E-07,-9.51E-07,-2.32E-07,1.10E-06,5.51E-07,1,1.97E-03,1,1,1,0,0
5212,2.52E-01,0,5212,Not eroded,0,1,1,1,1,1,0,0.00E+00,0.00E+00,0,0,1,0.00E+00,1,1,1,1,1
5213,1.08E-01,5,5213,Not eroded,0,0,0,0,0,0,-1.88E-07,-1.18E-07,5.15E-07,5.61E-07,1.12E-07,0,1.00E-03,0,1,0,0,0
5214,2.46E-01,4,5214,Not eroded,0,1,1,1,1,0,1.26E-06,-1.50E-07,-6.76E-07,1.44E-06,3.59E-07,0,2.58E-03,1,1,0,0,0
5215,1.76E-01,4,5215,Not eroded,0,0,0,0,0,0,9.43E-07,-1.67E-08,6.50E-07,1.15E-06,2.86E-07,0,2.06E-03,1,1,0,0,0
5216,1.81E-01,0,5216,Not eroded,0,0,0,0,0,0,0,0.00E+00,0.00E+00,0,0,1,0.00E+00,1,1,1,1,1
5217,2.74E-01,5,5217,Not eroded,0,1,1,1,1,1,1.88E-07,4.95E-08,1.18E-07,2.27E-07,4.55E-08,0,4.06E-04,0,1,0,0,0
5218,1.44E-01,4,5218,Not eroded,0,0,0,0,0,0,-1.12E-07,1.30E-07,6.76E-07,6.97E-07,1.74E-07,0,1.25E-03,1,1,0,0,0
5219,2.45E-01,0,5219,Not eroded,0,1,1,1,1,0,0,0.00E+00,0.00E+00,0,0,1,0.00E+00,1,1,1,1,1
5220,2.83E-01,0,5220,ERODED,1,1,1,1,1,1,0,0.00E+00,0.00E+00,0,0,1,0.00E+00,1,1,1,1,1
5222,1.23E-01,3,5222,Not eroded,0,0,0,0,0,0,1.77E-07,-9.52E-08,-7.25E-10,2.01E-07,6.70E-08,1,3.60E-04,1,1,0,0,0
5223,2.16E-01,3,5223,Not eroded,0,1,0,0,0,0,7.34E-08,-6.19E-07,4.79E-07,7.86E-07,2.62E-07,1,1.41E-03,1,1,0,0,0
5224,3.30E-01,0,5224,ERODED,1,1,1,1,1,1,0,0.00E+00,0.00E+00,0,0,1,0.00E+00,1,1,1,1,1
5225,2.96E-01,0,5225,ERODED,1,1,1,1,1,1,0,0.00E+00,0.00E+00,0,0,1,0.00E+00,1,1,1,1,1
5226,1.32E-01,0,5226,Not eroded,0,0,0,0,0,0,0,0.00E+00,0.00E+00,0,0,1,0.00E+00,1,1,1,1,1
5227,1.20E-01,4,5227,Not eroded,0,0,0,0,0,0,4.90E-08,1.08E-07,1.56E-08,1.19E-07,2.99E-08,0,2.13E-04,1,1,0,0,0
5228,3.27E-01,0,5228,ERODED,1,1,1,1,1,1,0,0.00E+00,0.00E+00,0,0,1,0.00E+00,1,1,1,1,1
5229,1.81E-01,3,5229,Not eroded,0,0,0,0,0,0,8.72E-07,6.60E-07,2.77E-07,1.13E-06,3.76E-07,1,2.02E-03,1,1,0,0,0
5230,1.81E-01,3,5230,Not eroded,0,0,0,0,0,0,4.44E-07,-5.26E-08,3.41E-07,5.62E-07,1.87E-07,1,1.01E-03,1,1,0,0,0
5232,2.35E-01,0,5232,Not eroded,0,1,1,1,0,0,0,0.00E+00,0.00E+00,0,0,1,0.00E+00,1,1,1,1,1
5233,1.94E-01,3,5233,Not eroded,0,1,0,0,0,0,1.42E-07,3.88E-07,1.23E-07,4.31E-07,1.44E-07,1,7.71E-04,1,1,0,0,0
5235,1.23E-01,4,5235,Not eroded,0,0,0,0,0,0,5.67E-07,2.81E-07,2.17E-07,6.69E-07,1.67E-07,0,1.20E-03,1,1,0,0,0
5236,1.41E-01,5,5236,Not eroded,0,0,0,0,0,0,-1.33E-06,5.27E-06,7.03E-06,8.88E-06,1.78E-06,0,1.59E-02,0,1,0,0,0
5237,5.70E-02,0,5237,Not eroded,0,0,0,0,0,0,0,0.00E+00,0.00E+00,0,0,1,0.00E+00,1,1,1,1,1
5238,9.49E-02,6,5238,Not eroded,0,0,0,0,0,0,1.40E-07,-9.39E-08,1.82E-08,1.69E-07,2.82E-08,0,3.02E-04,0,0,0,0,0
5239,3.17E-01,0,5239,ERODED,1,1,1,1,1,1,0,0.00E+00,0.00E+00,0,0,1,0.00E+00,1,1,1,1,1
5240,1.77E-01,4,5240,Not eroded,0,0,0,0,0,0,-2.84E-08,-4.87E-07,1.74E-06,1.81E-06,4.51E-07,0,3.24E-03,1,1,0,0,0
5241,1.17E-01,7,5241,Not eroded,0,0,0,0,0,0,-1.51E-07,1.05E-06,2.46E-08,1.06E-06,1.52E-07,0,1.90E-03,0,0,0,0,0
5242,1.01E-01,3,5242,Not eroded,0,0,0,0,0,0,3.30E-07,6.42E-07,1.81E-07,7.44E-07,2.48E-07,1,1.33E-03,1,1,0,0,0
5243,2.94E-01,0,5243,ERODED,1,1,1,1,1,1,0,0.00E+00,0.00E+00,0,0,1,0.00E+00,1,1,1,1,1
5245,1.96E-01,0,5245,Not eroded,0,1,0,0,0,0,0,0.00E+00,0.00E+00,0,0,1,0.00E+00,1,1,1,1,1
5246,5.66E-02,2,5246,Not eroded,0,0,0,0,0,0,-4.40E-07,-2.17E-07,-1.41E-06,1.49E-06,7.46E-07,1,2.67E-03,1,1,1,0,0
5247,5.66E-02,4,5247,Not eroded,0,0,0,0,0,0,-3.87E-07,-3.93E-07,-9.04E-07,1.06E-06,2.65E-07,0,1.90E-03,1,1,0,0,0
5248,6.33E-02,7,5248,Not eroded,0,0,0,0,0,0,-6.57E-08,7.11E-08,9.60E-08,1.36E-07,1.95E-08,0,2.43E-04,0,0,0,0,0
5249,8.80E-02,6,5249,Not eroded,0,0,0,0,0,0,3.24E-07,2.74E-06,1.85E-06,3.33E-06,5.54E-07,0,5.96E-03,0,0,0,0,0
5251,9.05E-02,3,5251,Not eroded,0,0,0,0,0,0,-1.92E-07,-1.60E-07,2.68E-07,3.66E-07,1.22E-07,1,6.55E-04,1,1,0,0,0
5252,3.22E-01,0,5252,ERODED,1,1,1,1,1,1,0,0.00E+00,0.00E+00,0,0,1,0.00E+00,1,1,1,1,1
5253,1.20E-01,4,5253,Not eroded,0,0,0,0,0,0,-5.27E-07,9.91E-07,-6.87E-07,1.32E-06,3.29E-07,0,2.36E-03,1,1,0,0,0
5254,3.01E-01,4,5254,Not eroded,0,1,1,1,1,1,-7.25E-07,6.59E-06,-5.31E-07,6.65E-06,1.66E-06,0,1.19E-02,1,1,0,0,0
5255,2.90E-01,0,5255,ERODED,1,1,1,1,1,1,0,0.00E+00,0.00E+00,0,0,1,0.00E+00,1,1,1,1,1
5256,1.67E-01,4,5256,Not eroded,0,0,0,0,0,0,2.20E-07,-5.10E-08,6.58E-07,6.96E-07,1.74E-07,0,1.24E-03,1,1,0,0,0
5257,1.11E-01,6,5257,Not eroded,0,0,0,0,0,0,-8.84E-08,8.50E-08,1.68E-08,1.24E-07,2.06E-08,0,2.22E-04,0,0,0,0,0
5258,2.33E-01,0,5258,Not eroded,0,1,1,1,0,0,0,0.00E+00,0.00E+00,0,0,1,0.00E+00,1,1,1,1,1
5259,3.13E-01,0,5259,ERODED,1,1,1,1,1,1,0,0.00E+00,0.00E+00,0,0,1,0.00E+00,1,1,1,1,1
5260,7.87E-02,4,5260,Not eroded,0,0,0,0,0,0,-1.33E-08,5.70E-07,-7.55E-07,9.46E-07,2.37E-07,0,1.69E-03,1,1,0,0,0
5262,2.30E-01,0,5262,Not eroded,0,1,1,0,0,0,0,0.00E+00,0.00E+00,0,0,1,0.00E+00,1,1,1,1,1
5263,1.00E-01,4,5263,Not eroded,0,0,0,0,0,0,2.39E-06,5.75E-07,-6.64E-08,2.46E-06,6.15E-07,0,4.40E-03,1,1,0,0,0
5264,2.66E-01,0,5264,ERODED,1,1,1,1,1,1,0,0.00E+00,0.00E+00,0,0,1,0.00E+00,1,1,1,1,1
5265,2.26E-01,4,5265,Not eroded,0,1,1,0,0,0,5.20E-07,-8.17E-08,1.17E-07,5.39E-07,1.35E-07,0,9.64E-04,1,1,0,0,0
5266,1.49E-01,5,5266,Not eroded,0,0,0,0,0,0,1.24E-08,-3.45E-08,2.97E-07,2.99E-07,5.98E-08,0,5.35E-04,0,1,0,0,0
5267,2.21E-01,3,5267,Not eroded,0,1,1,0,0,0,5.17E-07,5.84E-07,7.07E-08,7.84E-07,2.61E-07,1,1.40E-03,1,1,0,0,0
5268,5.66E-02,4,5268,Not eroded,0,0,0,0,0,0,3.10E-07,1.44E-07,-1.31E-06,1.35E-06,3.39E-07,0,2.41E-03,1,1,0,0,0
5269,1.59E-01,5,5269,Not eroded,0,0,0,0,0,0,-8.75E-08,1.09E-07,-9.75E-08,1.70E-07,3.41E-08,0,3.04E-04,0,1,0,0,0
5270,2.23E-01,3,5270,Not eroded,0,1,1,0,0,0,-3.63E-08,9.80E-08,2.12E-07,2.36E-07,7.87E-08,1,4.22E-04,1,1,0,0,0
5271,8.68E-02,4,5271,Not eroded,0,0,0,0,0,0,1.49E-07,1.12E-07,2.23E-07,2.91E-07,7.27E-08,0,5.21E-04,1,1,0,0,0
5272,1.50E-01,4,5272,Not eroded,0,0,0,0,0,0,-6.39E-07,4.29E-07,7.41E-07,1.07E-06,2.67E-07,0,1.91E-03,1,1,0,0,0
5273,2.52E-01,6,5273,Not eroded,0,1,1,1,1,1,3.41E-07,1.97E-07,2.86E-07,4.86E-07,8.11E-08,0,8.69E-04,0,0,0,0,0
5275,1.73E-01,0,5275,Not eroded,0,0,0,0,0,0,0,0.00E+00,0.00E+00,0,0,1,0.00E+00,1,1,1,1,1
5276,2.06E-01,5,5276,Not eroded,0,1,0,0,0,0,1.18E-07,-4.14E-08,-3.10E-08,1.29E-07,2.57E-08,0,2.31E-04,0,1,0,0,0
5277,1.35E-01,4,5277,Not eroded,0,0,0,0,0,0,1.06E-07,1.34E-07,1.01E-06,1.02E-06,2.56E-07,0,1.82E-03,1,1,0,0,0
5278,9.24E-02,4,5278,Not eroded,0,0,0,0,0,0,5.48E-08,1.41E-07,-9.72E-08,1.80E-07,4.50E-08,0,3.22E-04,1,1,0,0,0
5279,1.02E-01,3,5279,Not eroded,0,0,0,0,0,0,9.32E-08,-8.95E-08,1.50E-07,1.98E-07,6.60E-08,1,3.54E-04,1,1,0,0,0
5281,2.11E-01,0,5281,Not eroded,0,1,0,0,0,0,0,0.00E+00,0.00E+00,0,0,1,0.00E+00,1,1,1,1,1
5282,3.25E-01,0,5282,ERODED,1,1,1,1,1,1,0,0.00E+00,0.00E+00,0,0,1,0.00E+00,1,1,1,1,1
5283,7.65E-02,4,5283,Not eroded,0,0,0,0,0,0,5.07E-08,1.65E-08,4.06E-08,6.70E-08,1.68E-08,0,1.20E-04,1,1,0,0,0
5284,2.07E-01,0,5284,Not eroded,0,1,0,0,0,0,0,0.00E+00,0.00E+00,0,0,1,0.00E+00,1,1,1,1,1
5285,1.73E-01,0,5285,Not eroded,0,0,0,0,0,0,0,0.00E+00,0.00E+00,0,0,1,0.00E+00,1,1,1,1,1
5286,1.91E-01,0,5286,Not eroded,0,1,0,0,0,0,0,0.00E+00,0.00E+00,0,0,1,0.00E+00,1,1,1,1,1
5287,1.40E-01,6,5287,Not eroded,0,0,0,0,0,0,3.37E-07,-1.43E-08,-4.08E-08,3.40E-07,5.66E-08,0,6.08E-04,0,0,0,0,0
5289,1.66E-01,0,5289,Not eroded,0,0,0,0,0,0,0,0.00E+00,0.00E+00,0,0,1,0.00E+00,1,1,1,1,1
5290,2.84E-01,0,5290,Not eroded,0,1,1,1,1,1,0,0.00E+00,0.00E+00,0,0,1,0.00E+00,1,1,1,1,1
5291,2.69E-01,4,5291,Not eroded,0,1,1,1,1,1,-3.11E-07,-7.85E-07,2.37E-07,8.77E-07,2.19E-07,0,1.57E-03,1,1,0,0,0
5292,1.66E-01,0,5292,Not eroded,0,0,0,0,0,0,0,0.00E+00,0.00E+00,0,0,1,0.00E+00,1,1,1,1,1
5293,2.56E-01,3,5293,Not eroded,0,1,1,1,1,1,-6.17E-08,4.34E-08,-5.66E-08,9.43E-08,3.14E-08,1,1.69E-04,1,1,0,0,0
5294,2.44E-01,0,5294,Not eroded,0,1,1,1,1,0,0,0.00E+00,0.00E+00,0,0,1,0.00E+00,1,1,1,1,1
5295,2.11E-01,0,5295,Not eroded,0,1,0,0,0,0,0,0.00E+00,0.00E+00,0,0,1,0.00E+00,1,1,1,1,1
5296,2.66E-01,2,5296,Not eroded,0,1,1,1,1,1,-1.92E-07,-1.09E-06,1.37E-07,1.12E-06,5.58E-07,1,2.00E-03,1,1,1,0,0
5297,1.87E-01,4,5297,Not eroded,0,0,0,0,0,0,2.65E-07,-4.58E-07,1.61E-09,5.29E-07,1.32E-07,0,9.46E-04,1,1,0,0,0
5298,2.80E-01,4,5298,Not eroded,0,1,1,1,1,1,-5.65E-08,-6.17E-07,1.19E-07,6.31E-07,1.58E-07,0,1.13E-03,1,1,0,0,0
5299,1.08E-01,4,5299,Not eroded,0,0,0,0,0,0,6.26E-08,1.18E-07,-2.11E-07,2.49E-07,6.24E-08,0,4.45E-04,1,1,0,0,0
5300,2.94E-01,0,5300,Not eroded,0,1,1,1,1,1,0,0.00E+00,0.00E+00,0,0,1,0.00E+00,1,1,1,1,1
5301,2.04E-01,0,5301,Not eroded,0,1,0,0,0,0,0,0.00E+00,0.00E+00,0,0,1,0.00E+00,1,1,1,1,1
5302,1.84E-01,4,5302,Not eroded,0,0,0,0,0,0,5.43E-09,-7.03E-08,2.38E-07,2.48E-07,6.20E-08,0,4.44E-04,1,1,0,0,0
5303,9.19E-02,0,5303,Not eroded,0,0,0,0,0,0,0,0.00E+00,0.00E+00,0,0,1,0.00E+00,1,1,1,1,1
5304,5.66E-02,5,5304,Not eroded,0,0,0,0,0,0,2.81E-07,-1.20E-07,-1.46E-06,1.50E-06,2.99E-07,0,2.68E-03,0,1,0,0,0
5306,1.10E-01,5,5306,Not eroded,0,0,0,0,0,0,8.40E-09,-1.49E-07,1.17E-06,1.18E-06,2.36E-07,0,2.11E-03,0,1,0,0,0
5308,2.79E-01,0,5308,ERODED,1,1,1,1,1,1,0,0.00E+00,0.00E+00,0,0,1,0.00E+00,1,1,1,1,1
5309,2.56E-01,4,5309,Not eroded,0,1,1,1,1,1,2.20E-07,4.32E-08,3.38E-07,4.06E-07,1.01E-07,0,7.26E-04,1,1,0,0,0
5310,7.46E-02,5,5310,Not eroded,0,0,0,0,0,0,1.06E-07,-5.64E-08,2.57E-07,2.84E-07,5.68E-08,0,5.08E-04,0,1,0,0,0
5311,6.64E-02,0,5311,Not eroded,0,0,0,0,0,0,0,0.00E+00,0.00E+00,0,0,1,0.00E+00,1,1,1,1,1
5312,5.66E-02,1,5312,Not eroded,0,0,0,0,0,0,-3.34E-07,9.75E-08,-1.36E-06,1.40E-06,1.40E-06,1,2.50E-03,1,1,1,1,0
5313,1.18E-01,2,5313,Not eroded,0,0,0,0,0,0,-1.22E-07,3.00E-07,-2.80E-07,4.28E-07,2.14E-07,1,7.66E-04,1,1,1,0,0
5314,1.82E-01,0,5314,Not eroded,0,0,0,0,0,0,0,0.00E+00,0.00E+00,0,0,1,0.00E+00,1,1,1,1,1
5315,1.02E-01,3,5315,Not eroded,0,0,0,0,0,0,2.01E-07,-3.45E-09,3.68E-08,2.04E-07,6.81E-08,1,3.65E-04,1,1,0,0,0
5316,3.03E-01,0,5316,ERODED,1,1,1,1,1,1,0,0.00E+00,0.00E+00,0,0,1,0.00E+00,1,1,1,1,1
5317,6.54E-02,4,5317,Not eroded,0,0,0,0,0,0,-7.46E-08,-7.15E-08,2.13E-07,2.36E-07,5.91E-08,0,4.22E-04,1,1,0,0,0
5318,9.29E-02,5,5318,Not eroded,0,0,0,0,0,0,1.08E-07,2.50E-08,2.05E-07,2.33E-07,4.66E-08,0,4.17E-04,0,1,0,0,0
5319,1.40E-01,4,5319,Not eroded,0,0,0,0,0,0,8.22E-08,-1.53E-07,5.09E-07,5.37E-07,1.34E-07,0,9.61E-04,1,1,0,0,0
5320,2.46E-01,0,5320,Not eroded,0,1,1,1,1,0,0,0.00E+00,0.00E+00,0,0,1,0.00E+00,1,1,1,1,1
5321,1.40E-01,0,5321,Not eroded,0,0,0,0,0,0,0,0.00E+00,0.00E+00,0,0,1,0.00E+00,1,1,1,1,1
5322,2.49E-01,0,5322,Not eroded,0,1,1,1,1,0,0,0.00E+00,0.00E+00,0,0,1,0.00E+00,1,1,1,1,1
5323,1.24E-01,5,5323,Not eroded,0,0,0,0,0,0,7.14E-08,6.07E-07,-1.34E-07,6.26E-07,1.25E-07,0,1.12E-03,0,1,0,0,0
5324,2.99E-01,7,5324,Not eroded,0,1,1,1,1,1,4.86E-07,-5.70E-06,3.90E-06,6.92E-06,9.89E-07,0,1.24E-02,0,0,0,0,0
5325,6.58E-02,6,5325,Not eroded,0,0,0,0,0,0,5.54E-07,-3.04E-07,1.45E-07,6.48E-07,1.08E-07,0,1.16E-03,0,0,0,0,0
5326,9.44E-02,5,5326,Not eroded,0,0,0,0,0,0,6.68E-07,2.01E-07,-1.17E-07,7.07E-07,1.41E-07,0,1.26E-03,0,1,0,0,0
5327,5.66E-02,0,5327,Not eroded,0,0,0,0,0,0,0,0.00E+00,0.00E+00,0,0,1,0.00E+00,1,1,1,1,1
5328,2.32E-01,0,5328,Not eroded,0,1,1,1,0,0,0,0.00E+00,0.00E+00,0,0,1,0.00E+00,1,1,1,1,1
5329,3.24E-01,0,5329,ERODED,1,1,1,1,1,1,0,0.00E+00,0.00E+00,0,0,1,0.00E+00,1,1,1,1,1
5330,1.17E-01,4,5330,Not eroded,0,0,0,0,0,0,-2.64E-07,2.39E-06,-1.55E-06,2.86E-06,7.15E-07,0,5.12E-03,1,1,0,0,0
5331,2.86E-01,0,5331,ERODED,1,1,1,1,1,1,0,0.00E+00,0.00E+00,0,0,1,0.00E+00,1,1,1,1,1
5332,2.81E-01,3,5332,Not eroded,0,1,1,1,1,1,1.73E-06,5.57E-07,1.80E-06,2.56E-06,8.52E-07,1,4.58E-03,1,1,0,0,0
5333,1.91E-01,0,5333,Not eroded,0,1,0,0,0,0,0,0.00E+00,0.00E+00,0,0,1,0.00E+00,1,1,1,1,1
5334,2.36E-01,3,5334,Not eroded,0,1,1,1,0,0,3.24E-06,2.20E-06,-9.96E-07,4.04E-06,1.35E-06,1,7.23E-03,1,1,0,0,0
5335,3.07E-01,0,5335,ERODED,1,1,1,1,1,1,0,0.00E+00,0.00E+00,0,0,1,0.00E+00,1,1,1,1,1
5336,1.13E-01,3,5336,Not eroded,0,0,0,0,0,0,7.47E-08,2.58E-07,3.60E-07,4.49E-07,1.50E-07,1,8.03E-04,1,1,0,0,0
5337,3.25E-01,0,5337,ERODED,1,1,1,1,1,1,0,0.00E+00,0.00E+00,0,0,1,0.00E+00,1,1,1,1,1
5338,2.14E-01,4,5338,Not eroded,0,1,0,0,0,0,1.23E-09,1.72E-07,-5.45E-08,1.80E-07,4.51E-08,0,3.22E-04,1,1,0,0,0
5339,1.98E-01,6,5339,Not eroded,0,1,0,0,0,0,1.93E-07,1.34E-07,3.01E-07,3.82E-07,6.37E-08,0,6.83E-04,0,0,0,0,0
5340,2.61E-01,3,5340,Not eroded,0,1,1,1,1,1,-2.90E-07,-1.48E-08,1.22E-07,3.15E-07,1.05E-07,1,5.63E-04,1,1,0,0,0
5341,6.11E-02,3,5341,Not eroded,0,0,0,0,0,0,-7.98E-07,2.45E-06,1.22E-06,2.85E-06,9.50E-07,1,5.10E-03,1,1,0,0,0
5342,8.23E-02,3,5342,Not eroded,0,0,0,0,0,0,-1.81E-07,-1.09E-07,3.32E-08,2.14E-07,7.12E-08,1,3.83E-04,1,1,0,0,0
5343,9.90E-02,0,5343,Not eroded,0,0,0,0,0,0,0,0.00E+00,0.00E+00,0,0,1,0.00E+00,1,1,1,1,1
5344,1.13E-01,4,5344,Not eroded,0,0,0,0,0,0,-4.38E-08,2.09E-07,-5.35E-08,2.20E-07,5.50E-08,0,3.94E-04,1,1,0,0,0
5345,7.19E-02,2,5345,Not eroded,0,0,0,0,0,0,-2.22E-07,1.30E-08,8.32E-08,2.37E-07,1.19E-07,1,4.24E-04,1,1,1,0,0
5346,1.53E-01,0,5346,Not eroded,0,0,0,0,0,0,0,0.00E+00,0.00E+00,0,0,1,0.00E+00,1,1,1,1,1
5347,1.81E-01,4,5347,Not eroded,0,0,0,0,0,0,3.25E-07,-1.35E-07,1.79E-07,3.95E-07,9.87E-08,0,7.07E-04,1,1,0,0,0
5348,1.93E-01,2,5348,Not eroded,0,1,0,0,0,0,3.73E-07,1.31E-07,1.67E-08,3.96E-07,1.98E-07,1,7.08E-04,1,1,1,0,0
5350,3.09E-01,0,5350,Not eroded,0,1,1,1,1,1,0,0.00E+00,0.00E+00,0,0,1,0.00E+00,1,1,1,1,1
5351,5.67E-02,0,5351,Not eroded,0,0,0,0,0,0,0,0.00E+00,0.00E+00,0,0,1,0.00E+00,1,1,1,1,1
5352,2.66E-01,4,5352,Not eroded,0,1,1,1,1,1,-4.94E-06,3.20E-06,1.94E-06,6.19E-06,1.55E-06,0,1.11E-02,1,1,0,0,0
5353,2.98E-01,0,5353,ERODED,1,1,1,1,1,1,0,0.00E+00,0.00E+00,0,0,1,0.00E+00,1,1,1,1,1
5354,9.02E-02,4,5354,Not eroded,0,0,0,0,0,0,2.44E-07,-7.76E-07,2.39E-07,8.48E-07,2.12E-07,0,1.52E-03,1,1,0,0,0
5355,2.89E-01,3,5355,Not eroded,0,1,1,1,1,1,6.90E-07,9.01E-08,2.42E-07,7.37E-07,2.46E-07,1,1.32E-03,1,1,0,0,0
5356,1.12E-01,3,5356,Not eroded,0,0,0,0,0,0,-2.83E-07,3.86E-08,1.76E-07,3.35E-07,1.12E-07,1,5.99E-04,1,1,0,0,0
5357,1.56E-01,6,5357,Not eroded,0,0,0,0,0,0,8.18E-08,-9.10E-08,-1.41E-07,1.87E-07,3.11E-08,0,3.34E-04,0,0,0,0,0
5358,5.66E-02,4,5358,Not eroded,0,0,0,0,0,0,1.12E-07,-5.29E-08,-1.38E-06,1.39E-06,3.47E-07,0,2.49E-03,1,1,0,0,0
5360,1.83E-01,3,5360,Not eroded,0,0,0,0,0,0,1.89E-08,2.57E-07,-5.80E-08,2.64E-07,8.81E-08,1,4.72E-04,1,1,0,0,0
5361,2.19E-01,4,5361,Not eroded,0,1,0,0,0,0,-1.25E-07,3.04E-08,1.57E-07,2.04E-07,5.09E-08,0,3.65E-04,1,1,0,0,0
5362,2.63E-01,4,5362,Not eroded,0,1,1,1,1,1,5.67E-07,3.39E-07,1.17E-07,6.71E-07,1.68E-07,0,1.20E-03,1,1,0,0,0
5363,2.74E-01,3,5363,Not eroded,0,1,1,1,1,1,9.33E-07,-7.29E-07,3.02E-07,1.22E-06,4.07E-07,1,2.18E-03,1,1,0,0,0
5364,1.54E-01,0,5364,Not eroded,0,0,0,0,0,0,0,0.00E+00,0.00E+00,0,0,1,0.00E+00,1,1,1,1,1
5365,2.73E-01,4,5365,Not eroded,0,1,1,1,1,1,-1.09E-07,1.31E-07,5.59E-08,1.79E-07,4.48E-08,0,3.20E-04,1,1,0,0,0
5366,1.35E-01,5,5366,Not eroded,0,0,0,0,0,0,9.06E-08,5.25E-07,2.27E-07,5.80E-07,1.16E-07,0,1.04E-03,0,1,0,0,0
5367,1.49E-01,4,5367,Not eroded,0,0,0,0,0,0,-9.37E-08,5.63E-08,1.46E-07,1.82E-07,4.55E-08,0,3.26E-04,1,1,0,0,0
5368,1.35E-01,3,5368,Not eroded,0,0,0,0,0,0,7.02E-08,-3.27E-08,1.38E-08,7.87E-08,2.62E-08,1,1.41E-04,1,1,0,0,0
5369,1.68E-01,4,5369,Not eroded,0,0,0,0,0,0,-3.43E-07,4.29E-07,1.22E-08,5.49E-07,1.37E-07,0,9.82E-04,1,1,0,0,0
5370,2.91E-01,3,5370,Not eroded,0,1,1,1,1,1,-2.75E-07,6.45E-09,1.71E-07,3.23E-07,1.08E-07,1,5.78E-04,1,1,0,0,0
5371,1.06E-01,0,5371,Not eroded,0,0,0,0,0,0,0,0.00E+00,0.00E+00,0,0,1,0.00E+00,1,1,1,1,1
5372,6.97E-02,3,5372,Not eroded,0,0,0,0,0,0,2.59E-07,-2.50E-07,-1.82E-07,4.03E-07,1.34E-07,1,7.21E-04,1,1,0,0,0
5373,2.00E-01,6,5373,Not eroded,0,1,0,0,0,0,1.25E-07,9.31E-08,1.74E-07,2.34E-07,3.90E-08,0,4.19E-04,0,0,0,0,0
5374,3.13E-01,0,5374,ERODED,1,1,1,1,1,1,0,0.00E+00,0.00E+00,0,0,1,0.00E+00,1,1,1,1,1
5375,1.47E-01,4,5375,Not eroded,0,0,0,0,0,0,3.29E-07,3.20E-07,-7.62E-09,4.59E-07,1.15E-07,0,8.21E-04,1,1,0,0,0
5376,2.95E-01,0,5376,ERODED,1,1,1,1,1,1,0,0.00E+00,0.00E+00,0,0,1,0.00E+00,1,1,1,1,1
5377,2.02E-01,3,5377,Not eroded,0,1,0,0,0,0,7.71E-06,2.89E-06,-3.86E-07,8.24E-06,2.75E-06,1,1.47E-02,1,1,0,0,0
5378,5.71E-02,0,5378,Not eroded,0,0,0,0,0,0,0,0.00E+00,0.00E+00,0,0,1,0.00E+00,1,1,1,1,1
5379,1.61E-01,4,5379,Not eroded,0,0,0,0,0,0,1.23E-06,-6.08E-07,4.51E-07,1.45E-06,3.61E-07,0,2.59E-03,1,1,0,0,0
5380,1.03E-01,3,5380,Not eroded,0,0,0,0,0,0,8.40E-08,-3.72E-07,1.82E-06,1.86E-06,6.19E-07,1,3.33E-03,1,1,0,0,0
5382,3.08E-01,0,5382,ERODED,1,1,1,1,1,1,0,0.00E+00,0.00E+00,0,0,1,0.00E+00,1,1,1,1,1
5383,2.70E-01,6,5383,Not eroded,0,1,1,1,1,1,7.72E-08,3.41E-07,9.70E-08,3.63E-07,6.05E-08,0,6.49E-04,0,0,0,0,0
5384,1.89E-01,0,5384,Not eroded,0,0,0,0,0,0,0,0.00E+00,0.00E+00,0,0,1,0.00E+00,1,1,1,1,1
5385,1.49E-01,4,5385,Not eroded,0,0,0,0,0,0,3.71E-07,1.24E-07,-1.30E-08,3.91E-07,9.78E-08,0,6.99E-04,1,1,0,0,0
5386,2.47E-01,0,5386,Not eroded,0,1,1,1,1,0,0,0.00E+00,0.00E+00,0,0,1,0.00E+00,1,1,1,1,1
5387,1.44E-01,4,5387,Not eroded,0,0,0,0,0,0,4.92E-08,-6.96E-07,-5.20E-07,8.70E-07,2.18E-07,0,1.56E-03,1,1,0,0,0
5388,7.44E-02,0,5388,Not eroded,0,0,0,0,0,0,0,0.00E+00,0.00E+00,0,0,1,0.00E+00,1,1,1,1,1
5389,1.34E-01,2,5389,Not eroded,0,0,0,0,0,0,-7.42E-07,-2.73E-06,7.34E-07,2.92E-06,1.46E-06,1,5.22E-03,1,1,1,0,0
5390,5.67E-02,5,5390,Not eroded,0,0,0,0,0,0,-2.23E-07,-5.42E-07,-1.33E-07,6.01E-07,1.20E-07,0,1.08E-03,0,1,0,0,0
5391,1.94E-01,4,5391,Not eroded,0,1,0,0,0,0,3.55E-07,1.58E-07,2.73E-07,4.75E-07,1.19E-07,0,8.50E-04,1,1,0,0,0
5392,8.89E-02,5,5392,Not eroded,0,0,0,0,0,0,-2.85E-07,2.55E-07,-7.75E-07,8.64E-07,1.73E-07,0,1.55E-03,0,1,0,0,0
5393,3.35E-01,0,5393,ERODED,1,1,1,1,1,1,0,0.00E+00,0.00E+00,0,0,1,0.00E+00,1,1,1,1,1
5394,2.39E-01,4,5394,Not eroded,0,1,1,1,0,0,5.29E-07,-3.11E-07,5.51E-07,8.25E-07,2.06E-07,0,1.48E-03,1,1,0,0,0
5395,2.76E-01,3,5395,Not eroded,0,1,1,1,1,1,-1.35E-07,1.13E-06,2.00E-07,1.15E-06,3.84E-07,1,2.06E-03,1,1,0,0,0
5396,2.20E-01,3,5396,Not eroded,0,1,0,0,0,0,2.20E-08,-7.35E-09,9.22E-08,9.51E-08,3.17E-08,1,1.70E-04,1,1,0,0,0
5397,5.66E-02,4,5397,Not eroded,0,0,0,0,0,0,1.45E-07,7.55E-07,-1.32E-06,1.53E-06,3.81E-07,0,2.74E-03,1,1,0,0,0
5398,2.97E-01,0,5398,ERODED,1,1,1,1,1,1,0,0.00E+00,0.00E+00,0,0,1,0.00E+00,1,1,1,1,1
5399,2.94E-01,0,5399,Not eroded,0,1,1,1,1,1,0,0.00E+00,0.00E+00,0,0,1,0.00E+00,1,1,1,1,1
5400,2.20E-01,3,5400,Not eroded,0,1,0,0,0,0,4.82E-07,-4.51E-08,9.03E-07,1.03E-06,3.42E-07,1,1.84E-03,1,1,0,0,0
5401,6.49E-02,4,5401,Not eroded,0,0,0,0,0,0,8.27E-07,8.78E-07,1.06E-06,1.60E-06,4.01E-07,0,2.86E-03,1,1,0,0,0
5402,1.45E-01,5,5402,Not eroded,0,0,0,0,0,0,4.67E-07,6.11E-08,2.91E-07,5.54E-07,1.11E-07,0,9.91E-04,0,1,0,0,0
5403,6.48E-02,0,5403,Not eroded,0,0,0,0,0,0,0,0.00E+00,0.00E+00,0,0,1,0.00E+00,1,1,1,1,1
5404,2.25E-01,0,5404,Not eroded,0,1,1,0,0,0,0,0.00E+00,0.00E+00,0,0,1,0.00E+00,1,1,1,1,1
5405,2.19E-01,5,5405,Not eroded,0,1,0,0,0,0,6.00E-07,3.51E-08,1.25E-06,1.38E-06,2.77E-07,0,2.47E-03,0,1,0,0,0
5406,2.80E-01,3,5406,Not eroded,0,1,1,1,1,1,-8.72E-09,-1.08E-07,-3.39E-07,3.56E-07,1.19E-07,1,6.37E-04,1,1,0,0,0
5407,1.75E-01,0,5407,Not eroded,0,0,0,0,0,0,0,0.00E+00,0.00E+00,0,0,1,0.00E+00,1,1,1,1,1
5408,9.20E-02,6,5408,Not eroded,0,0,0,0,0,0,3.64E-07,1.14E-06,-1.20E-07,1.20E-06,2.00E-07,0,2.15E-03,0,0,0,0,0
5409,2.86E-01,0,5409,ERODED,1,1,1,1,1,1,0,0.00E+00,0.00E+00,0,0,1,0.00E+00,1,1,1,1,1
5410,1.60E-01,0,5410,Not eroded,0,0,0,0,0,0,0,0.00E+00,0.00E+00,0,0,1,0.00E+00,1,1,1,1,1
5411,3.27E-01,0,5411,ERODED,1,1,1,1,1,1,0,0.00E+00,0.00E+00,0,0,1,0.00E+00,1,1,1,1,1
5412,3.05E-01,0,5412,ERODED,1,1,1,1,1,1,0,0.00E+00,0.00E+00,0,0,1,0.00E+00,1,1,1,1,1
5413,1.56E-01,0,5413,Not eroded,0,0,0,0,0,0,0,0.00E+00,0.00E+00,0,0,1,0.00E+00,1,1,1,1,1
5414,9.46E-02,0,5414,Not eroded,0,0,0,0,0,0,0,0.00E+00,0.00E+00,0,0,1,0.00E+00,1,1,1,1,1
5415,1.11E-01,5,5415,Not eroded,0,0,0,0,0,0,-2.65E-07,1.33E-07,3.42E-07,4.52E-07,9.05E-08,0,8.08E-04,0,1,0,0,0
5416,2.49E-01,4,5416,Not eroded,0,1,1,1,1,0,-2.07E-07,-3.24E-08,1.28E-07,2.46E-07,6.14E-08,0,4.40E-04,1,1,0,0,0
5417,2.50E-01,0,5417,Not eroded,0,1,1,1,1,0,0,0.00E+00,0.00E+00,0,0,1,0.00E+00,1,1,1,1,1
5418,2.03E-01,4,5418,Not eroded,0,1,0,0,0,0,-2.38E-07,6.67E-07,2.84E-09,7.08E-07,1.77E-07,0,1.27E-03,1,1,0,0,0
5419,2.56E-01,2,5419,Not eroded,0,1,1,1,1,1,1.63E-07,-3.53E-07,4.38E-08,3.91E-07,1.96E-07,1,6.99E-04,1,1,1,0,0
5420,7.18E-02,6,5420,Not eroded,0,0,0,0,0,0,-2.73E-08,-8.83E-08,-2.50E-08,9.57E-08,1.60E-08,0,1.71E-04,0,0,0,0,0
5421,1.08E-01,4,5421,Not eroded,0,0,0,0,0,0,-1.43E-07,1.00E-07,1.78E-07,2.50E-07,6.24E-08,0,4.47E-04,1,1,0,0,0
5422,1.29E-01,4,5422,Not eroded,0,0,0,0,0,0,-6.16E-08,1.35E-07,4.39E-08,1.55E-07,3.88E-08,0,2.77E-04,1,1,0,0,0
5423,3.01E-01,3,5423,Not eroded,0,1,1,1,1,1,-8.09E-08,-5.22E-07,3.05E-07,6.10E-07,2.03E-07,1,1.09E-03,1,1,0,0,0
5424,1.57E-01,0,5424,Not eroded,0,0,0,0,0,0,0,0.00E+00,0.00E+00,0,0,1,0.00E+00,1,1,1,1,1
5425,2.59E-01,3,5425,Not eroded,0,1,1,1,1,1,3.97E-07,-1.50E-08,-3.87E-08,3.99E-07,1.33E-07,1,7.14E-04,1,1,0,0,0
5426,3.14E-01,0,5426,ERODED,1,1,1,1,1,1,0,0.00E+00,0.00E+00,0,0,1,0.00E+00,1,1,1,1,1
5427,6.40E-02,5,5427,Not eroded,0,0,0,0,0,0,-3.22E-07,-4.07E-07,-5.59E-08,5.22E-07,1.04E-07,0,9.34E-04,0,1,0,0,0
5428,1.75E-01,0,5428,Not eroded,0,0,0,0,0,0,0,0.00E+00,0.00E+00,0,0,1,0.00E+00,1,1,1,1,1
5429,1.26E-01,5,5429,Not eroded,0,0,0,0,0,0,1.26E-08,-1.39E-07,-4.01E-08,1.45E-07,2.90E-08,0,2.59E-04,0,1,0,0,0
5430,5.67E-02,0,5430,Not eroded,0,0,0,0,0,0,0,0.00E+00,0.00E+00,0,0,1,0.00E+00,1,1,1,1,1
5431,1.88E-01,3,5431,Not eroded,0,0,0,0,0,0,1.09E-06,1.36E-07,4.64E-08,1.10E-06,3.66E-07,1,1.97E-03,1,1,0,0,0
5432,1.11E-01,5,5432,Not eroded,0,0,0,0,0,0,9.50E-08,-2.71E-08,2.05E-07,2.27E-07,4.54E-08,0,4.06E-04,0,1,0,0,0
5433,8.21E-02,4,5433,Not eroded,0,0,0,0,0,0,1.55E-08,-1.03E-07,1.28E-07,1.65E-07,4.12E-08,0,2.95E-04,1,1,0,0,0
5434,1.53E-01,0,5434,Not eroded,0,0,0,0,0,0,0,0.00E+00,0.00E+00,0,0,1,0.00E+00,1,1,1,1,1
5435,1.75E-01,0,5435,Not eroded,0,0,0,0,0,0,0,0.00E+00,0.00E+00,0,0,1,0.00E+00,1,1,1,1,1
5436,2.07E-01,4,5436,Not eroded,0,1,0,0,0,0,-1.68E-08,-9.72E-08,4.15E-08,1.07E-07,2.68E-08,0,1.91E-04,1,1,0,0,0
5437,2.02E-01,0,5437,Not eroded,0,1,0,0,0,0,0,0.00E+00,0.00E+00,0,0,1,0.00E+00,1,1,1,1,1
5438,5.92E-02,3,5438,Not eroded,0,0,0,0,0,0,8.03E-07,3.10E-07,-2.35E-08,8.61E-07,2.87E-07,1,1.54E-03,1,1,0,0,0
5439,2.16E-01,0,5439,Not eroded,0,1,0,0,0,0,0,0.00E+00,0.00E+00,0,0,1,0.00E+00,1,1,1,1,1
5440,1.94E-01,0,5440,Not eroded,0,1,0,0,0,0,0,0.00E+00,0.00E+00,0,0,1,0.00E+00,1,1,1,1,1
5441,2.16E-01,7,5441,Not eroded,0,1,0,0,0,0,-2.19E-07,4.30E-08,-3.03E-08,2.25E-07,3.22E-08,0,4.02E-04,0,0,0,0,0
5443,2.23E-01,4,5443,Not eroded,0,1,1,0,0,0,-7.23E-07,2.14E-06,3.26E-07,2.28E-06,5.71E-07,0,4.08E-03,1,1,0,0,0
5444,1.73E-01,5,5444,Not eroded,0,0,0,0,0,0,1.61E-07,1.70E-07,2.47E-07,3.40E-07,6.80E-08,0,6.08E-04,0,1,0,0,0
5445,8.61E-02,4,5445,Not eroded,0,0,0,0,0,0,1.40E-07,1.92E-07,-1.84E-09,2.38E-07,5.94E-08,0,4.26E-04,1,1,0,0,0
5446,2.53E-01,3,5446,Not eroded,0,1,1,1,1,1,3.38E-07,2.81E-07,-6.41E-08,4.44E-07,1.48E-07,1,7.94E-04,1,1,0,0,0
5447,1.58E-01,4,5447,Not eroded,0,0,0,0,0,0,3.56E-08,-1.99E-08,2.96E-07,2.99E-07,7.47E-08,0,5.35E-04,1,1,0,0,0
5448,2.78E-01,4,5448,Not eroded,0,1,1,1,1,1,7.08E-07,-3.16E-08,7.71E-07,1.05E-06,2.62E-07,0,1.88E-03,1,1,0,0,0
5449,1.67E-01,4,5449,Not eroded,0,0,0,0,0,0,-7.76E-09,-7.21E-07,-4.76E-08,7.22E-07,1.81E-07,0,1.29E-03,1,1,0,0,0
5450,2.71E-01,5,5450,Not eroded,0,1,1,1,1,1,4.10E-06,-7.13E-06,-1.56E-06,8.37E-06,1.67E-06,0,1.50E-02,0,1,0,0,0
5451,2.95E-01,0,5451,ERODED,1,1,1,1,1,1,0,0.00E+00,0.00E+00,0,0,1,0.00E+00,1,1,1,1,1
5452,2.35E-01,4,5452,Not eroded,0,1,1,1,0,0,7.71E-07,2.03E-07,2.73E-07,8.42E-07,2.11E-07,0,1.51E-03,1,1,0,0,0
5453,5.66E-02,4,5453,Not eroded,0,0,0,0,0,0,-1.00E-07,9.63E-08,-9.83E-07,9.93E-07,2.48E-07,0,1.78E-03,1,1,0,0,0
5454,2.45E-01,3,5454,Not eroded,0,1,1,1,1,0,1.25E-07,3.85E-07,1.24E-08,4.05E-07,1.35E-07,1,7.24E-04,1,1,0,0,0
5455,2.97E-01,0,5455,Not eroded,0,1,1,1,1,1,0,0.00E+00,0.00E+00,0,0,1,0.00E+00,1,1,1,1,1
5456,1.64E-01,4,5456,Not eroded,0,0,0,0,0,0,-4.60E-07,-3.72E-07,-1.44E-07,6.09E-07,1.52E-07,0,1.09E-03,1,1,0,0,0
5457,2.42E-01,4,5457,Not eroded,0,1,1,1,1,0,6.07E-06,-1.22E-06,2.07E-05,2.16E-05,5.40E-06,0,3.86E-02,1,1,0,0,0
5458,1.82E-01,2,5458,Not eroded,0,0,0,0,0,0,2.00E-06,6.92E-07,1.88E-06,2.83E-06,1.42E-06,1,5.06E-03,1,1,1,0,0
5459,3.25E-01,0,5459,ERODED,1,1,1,1,1,1,0,0.00E+00,0.00E+00,0,0,1,0.00E+00,1,1,1,1,1
5460,1.39E-01,0,5460,Not eroded,0,0,0,0,0,0,0,0.00E+00,0.00E+00,0,0,1,0.00E+00,1,1,1,1,1
5461,1.45E-01,3,5461,Not eroded,0,0,0,0,0,0,2.32E-07,-1.96E-07,2.49E-08,3.05E-07,1.02E-07,1,5.46E-04,1,1,0,0,0
5462,2.22E-01,4,5462,Not eroded,0,1,1,0,0,0,1.84E-08,-7.44E-07,3.71E-08,7.45E-07,1.86E-07,0,1.33E-03,1,1,0,0,0
5463,2.32E-01,3,5463,Not eroded,0,1,1,1,0,0,9.39E-07,-2.48E-07,9.17E-07,1.34E-06,4.45E-07,1,2.40E-03,1,1,0,0,0
5464,2.76E-01,2,5464,ERODED,1,1,1,1,1,1,0.00008312,-1.34E-04,1.32E-04,0.000205429,0.000102714,1,3.67E-01,1,1,1,0,0
5465,1.10E-01,3,5465,Not eroded,0,0,0,0,0,0,1.95E-07,1.57E-06,-1.57E-06,2.23E-06,7.43E-07,1,3.99E-03,1,1,0,0,0
5466,1.80E-01,0,5466,Not eroded,0,0,0,0,0,0,0,0.00E+00,0.00E+00,0,0,1,0.00E+00,1,1,1,1,1
5467,2.31E-01,5,5467,Not eroded,0,1,1,1,0,0,4.04E-08,1.17E-07,1.40E-07,1.87E-07,3.74E-08,0,3.34E-04,0,1,0,0,0
5468,1.48E-01,0,5468,Not eroded,0,0,0,0,0,0,0,0.00E+00,0.00E+00,0,0,1,0.00E+00,1,1,1,1,1
5469,1.97E-01,0,5469,Not eroded,0,1,0,0,0,0,0,0.00E+00,0.00E+00,0,0,1,0.00E+00,1,1,1,1,1
5470,1.13E-01,0,5470,Not eroded,0,0,0,0,0,0,0,0.00E+00,0.00E+00,0,0,1,0.00E+00,1,1,1,1,1
5471,1.79E-01,0,5471,Not eroded,0,0,0,0,0,0,0,0.00E+00,0.00E+00,0,0,1,0.00E+00,1,1,1,1,1
5472,2.44E-01,6,5472,Not eroded,0,1,1,1,1,0,1.41E-07,1.78E-07,1.41E-07,2.68E-07,4.46E-08,0,4.79E-04,0,0,0,0,0
5473,2.40E-01,0,5473,Not eroded,0,1,1,1,0,0,0,0.00E+00,0.00E+00,0,0,1,0.00E+00,1,1,1,1,1
5474,2.30E-01,5,5474,Not eroded,0,1,1,0,0,0,-4.47E-07,-6.14E-07,-9.23E-07,1.20E-06,2.39E-07,0,2.15E-03,0,1,0,0,0
5475,5.77E-02,1,5475,Not eroded,0,0,0,0,0,0,7.89E-08,-1.09E-06,-5.71E-08,1.09E-06,1.09E-06,1,1.95E-03,1,1,1,1,0
5477,1.52E-01,0,5477,Not eroded,0,0,0,0,0,0,0,0.00E+00,0.00E+00,0,0,1,0.00E+00,1,1,1,1,1
5478,2.02E-01,5,5478,Not eroded,0,1,0,0,0,0,3.05E-08,1.47E-07,5.16E-07,5.38E-07,1.08E-07,0,9.62E-04,0,1,0,0,0
5479,9.43E-02,6,5479,Not eroded,0,0,0,0,0,0,1.51E-08,-2.34E-08,1.86E-07,1.89E-07,3.14E-08,0,3.38E-04,0,0,0,0,0
5480,1.13E-01,4,5480,Not eroded,0,0,0,0,0,0,-1.18E-07,-1.01E-07,3.29E-07,3.63E-07,9.09E-08,0,6.49E-04,1,1,0,0,0
5481,2.34E-01,0,5481,Not eroded,0,1,1,1,0,0,0,0.00E+00,0.00E+00,0,0,1,0.00E+00,1,1,1,1,1
5482,8.97E-02,0,5482,Not eroded,0,0,0,0,0,0,0,0.00E+00,0.00E+00,0,0,1,0.00E+00,1,1,1,1,1
5483,1.06E-01,5,5483,Not eroded,0,0,0,0,0,0,-1.00E-06,-3.25E-07,5.41E-08,1.05E-06,2.11E-07,0,1.88E-03,0,1,0,0,0
5485,7.31E-02,4,5485,Not eroded,0,0,0,0,0,0,1.97E-07,4.57E-08,2.78E-07,3.43E-07,8.59E-08,0,6.14E-04,1,1,0,0,0
5486,3.25E-01,0,5486,ERODED,1,1,1,1,1,1,0,0.00E+00,0.00E+00,0,0,1,0.00E+00,1,1,1,1,1
5487,1.96E-01,0,5487,Not eroded,0,1,0,0,0,0,0,0.00E+00,0.00E+00,0,0,1,0.00E+00,1,1,1,1,1
5488,2.28E-01,0,5488,Not eroded,0,1,1,0,0,0,0,0.00E+00,0.00E+00,0,0,1,0.00E+00,1,1,1,1,1
5490,2.45E-01,0,5490,Not eroded,0,1,1,1,1,0,0,0.00E+00,0.00E+00,0,0,1,0.00E+00,1,1,1,1,1
5491,2.12E-01,0,5491,Not eroded,0,1,0,0,0,0,0,0.00E+00,0.00E+00,0,0,1,0.00E+00,1,1,1,1,1
5492,9.82E-02,4,5492,Not eroded,0,0,0,0,0,0,8.14E-08,-3.92E-07,2.43E-07,4.68E-07,1.17E-07,0,8.37E-04,1,1,0,0,0
5493,1.56E-01,4,5493,Not eroded,0,0,0,0,0,0,3.24E-06,1.43E-07,2.07E-06,3.84E-06,9.61E-07,0,6.87E-03,1,1,0,0,0
5494,2.18E-01,0,5494,Not eroded,0,1,0,0,0,0,0,0.00E+00,0.00E+00,0,0,1,0.00E+00,1,1,1,1,1
5495,1.41E-01,5,5495,Not eroded,0,0,0,0,0,0,-5.65E-07,-6.68E-08,8.35E-07,1.01E-06,2.02E-07,0,1.81E-03,0,1,0,0,0
5496,2.88E-01,3,5496,Not eroded,0,1,1,1,1,1,2.41E-07,2.15E-08,1.67E-07,2.94E-07,9.80E-08,1,5.26E-04,1,1,0,0,0
5497,1.72E-01,4,5497,Not eroded,0,0,0,0,0,0,-2.09E-08,3.17E-08,1.40E-07,1.45E-07,3.63E-08,0,2.59E-04,1,1,0,0,0
5498,1.87E-01,0,5498,Not eroded,0,0,0,0,0,0,0,0.00E+00,0.00E+00,0,0,1,0.00E+00,1,1,1,1,1
5499,1.84E-01,2,5499,Not eroded,0,0,0,0,0,0,1.67E-07,-8.97E-08,9.66E-08,2.13E-07,1.07E-07,1,3.81E-04,1,1,1,0,0
5500,7.16E-02,4,5500,Not eroded,0,0,0,0,0,0,2.22E-07,-3.04E-07,6.44E-07,7.46E-07,1.87E-07,0,1.33E-03,1,1,0,0,0
5501,1.04E-01,5,5501,Not eroded,0,0,0,0,0,0,-2.07E-07,1.01E-06,-2.60E-07,1.06E-06,2.13E-07,0,1.90E-03,0,1,0,0,0
5502,1.50E-01,0,5502,Not eroded,0,0,0,0,0,0,0,0.00E+00,0.00E+00,0,0,1,0.00E+00,1,1,1,1,1
5503,2.89E-01,0,5503,Not eroded,0,1,1,1,1,1,0,0.00E+00,0.00E+00,0,0,1,0.00E+00,1,1,1,1,1
5504,1.59E-01,5,5504,Not eroded,0,0,0,0,0,0,-1.98E-06,5.31E-06,7.82E-07,5.72E-06,1.14E-06,0,1.02E-02,0,1,0,0,0
5507,2.48E-01,0,5507,Not eroded,0,1,1,1,1,0,0,0.00E+00,0.00E+00,0,0,1,0.00E+00,1,1,1,1,1
5508,3.01E-01,0,5508,ERODED,1,1,1,1,1,1,0,0.00E+00,0.00E+00,0,0,1,0.00E+00,1,1,1,1,1
5509,2.49E-01,0,5509,Not eroded,0,1,1,1,1,0,0,0.00E+00,0.00E+00,0,0,1,0.00E+00,1,1,1,1,1
5510,9.81E-02,3,5510,Not eroded,0,0,0,0,0,0,4.47E-07,8.48E-07,1.26E-06,1.58E-06,5.27E-07,1,2.83E-03,1,1,0,0,0
5512,5.65E-02,3,5512,Not eroded,0,0,0,0,0,0,1.29E-07,-6.30E-08,-1.24E-06,1.25E-06,4.15E-07,1,2.24E-03,1,1,0,0,0
5513,1.88E-01,0,5513,Not eroded,0,0,0,0,0,0,0,0.00E+00,0.00E+00,0,0,1,0.00E+00,1,1,1,1,1
5514,1.41E-01,6,5514,Not eroded,0,0,0,0,0,0,1.36E-05,9.77E-07,-6.67E-07,1.37E-05,2.28E-06,0,2.45E-02,0,0,0,0,0
5515,8.08E-02,6,5515,Not eroded,0,0,0,0,0,0,2.52E-08,-4.18E-08,1.17E-07,1.27E-07,2.12E-08,0,2.27E-04,0,0,0,0,0
5516,2.12E-01,0,5516,Not eroded,0,1,0,0,0,0,0,0.00E+00,0.00E+00,0,0,1,0.00E+00,1,1,1,1,1
5517,3.31E-01,0,5517,ERODED,1,1,1,1,1,1,0,0.00E+00,0.00E+00,0,0,1,0.00E+00,1,1,1,1,1
5518,1.18E-01,4,5518,Not eroded,0,0,0,0,0,0,-2.34E-07,1.49E-07,1.38E-06,1.41E-06,3.52E-07,0,2.52E-03,1,1,0,0,0
5519,2.78E-01,0,5519,Not eroded,0,1,1,1,1,1,0,0.00E+00,0.00E+00,0,0,1,0.00E+00,1,1,1,1,1
5520,1.52E-01,0,5520,Not eroded,0,0,0,0,0,0,0,0.00E+00,0.00E+00,0,0,1,0.00E+00,1,1,1,1,1
5521,2.99E-01,4,5521,Not eroded,0,1,1,1,1,1,1.56E-07,-8.27E-07,3.83E-08,8.42E-07,2.11E-07,0,1.51E-03,1,1,0,0,0
5522,2.66E-01,6,5522,Not eroded,0,1,1,1,1,1,-7.87E-08,6.56E-07,-8.73E-08,6.67E-07,1.11E-07,0,1.19E-03,0,0,0,0,0
5523,3.03E-01,0,5523,ERODED,1,1,1,1,1,1,0,0.00E+00,0.00E+00,0,0,1,0.00E+00,1,1,1,1,1
5524,2.39E-01,0,5524,Not eroded,0,1,1,1,0,0,0,0.00E+00,0.00E+00,0,0,1,0.00E+00,1,1,1,1,1
5525,2.48E-01,0,5525,Not eroded,0,1,1,1,1,0,0,0.00E+00,0.00E+00,0,0,1,0.00E+00,1,1,1,1,1
5527,1.49E-01,0,5527,Not eroded,0,0,0,0,0,0,0,0.00E+00,0.00E+00,0,0,1,0.00E+00,1,1,1,1,1
5528,3.23E-01,0,5528,ERODED,1,1,1,1,1,1,0,0.00E+00,0.00E+00,0,0,1,0.00E+00,1,1,1,1,1
5529,2.96E-01,3,5529,Not eroded,0,1,1,1,1,1,5.81E-07,5.97E-07,9.85E-07,1.29E-06,4.30E-07,1,2.31E-03,1,1,0,0,0
5530,1.36E-01,4,5530,Not eroded,0,0,0,0,0,0,1.34E-08,2.26E-07,3.23E-07,3.94E-07,9.85E-08,0,7.05E-04,1,1,0,0,0
5531,2.57E-01,3,5531,Not eroded,0,1,1,1,1,1,4.42E-08,-1.52E-07,3.23E-08,1.62E-07,5.39E-08,1,2.90E-04,1,1,0,0,0
5532,1.84E-01,6,5532,Not eroded,0,0,0,0,0,0,-7.58E-07,-5.74E-07,-8.73E-07,1.29E-06,2.15E-07,0,2.31E-03,0,0,0,0,0
5533,1.09E-01,5,5533,Not eroded,0,0,0,0,0,0,7.77E-07,-9.03E-07,-2.72E-07,1.22E-06,2.44E-07,0,2.18E-03,0,1,0,0,0
5534,1.11E-01,5,5534,Not eroded,0,0,0,0,0,0,-1.08E-06,-3.52E-07,1.51E-06,1.89E-06,3.78E-07,0,3.38E-03,0,1,0,0,0
5535,1.66E-01,3,5535,Not eroded,0,0,0,0,0,0,2.30E-07,8.36E-07,3.95E-07,9.53E-07,3.18E-07,1,1.70E-03,1,1,0,0,0
5536,1.11E-01,3,5536,Not eroded,0,0,0,0,0,0,2.57E-07,9.62E-08,-6.79E-08,2.83E-07,9.43E-08,1,5.06E-04,1,1,0,0,0
5537,1.42E-01,4,5537,Not eroded,0,0,0,0,0,0,-9.48E-09,-1.07E-07,3.97E-07,4.12E-07,1.03E-07,0,7.37E-04,1,1,0,0,0
5538,1.27E-01,4,5538,Not eroded,0,0,0,0,0,0,-1.15E-08,-1.52E-07,2.29E-07,2.75E-07,6.87E-08,0,4.92E-04,1,1,0,0,0
5539,1.60E-01,5,5539,Not eroded,0,0,0,0,0,0,-2.52E-06,-1.09E-06,1.07E-06,2.95E-06,5.89E-07,0,5.28E-03,0,1,0,0,0
5540,1.64E-01,5,5540,Not eroded,0,0,0,0,0,0,1.08E-07,-3.78E-08,-3.68E-08,1.20E-07,2.40E-08,0,2.15E-04,0,1,0,0,0
5541,1.27E-01,5,5541,Not eroded,0,0,0,0,0,0,-1.53E-07,-7.73E-08,1.72E-09,1.71E-07,3.43E-08,0,3.06E-04,0,1,0,0,0
5542,6.97E-02,5,5542,Not eroded,0,0,0,0,0,0,1.33E-08,-2.84E-07,-6.12E-07,6.75E-07,1.35E-07,0,1.21E-03,0,1,0,0,0
5543,2.01E-01,0,5543,Not eroded,0,1,0,0,0,0,0,0.00E+00,0.00E+00,0,0,1,0.00E+00,1,1,1,1,1
5544,9.66E-02,0,5544,Not eroded,0,0,0,0,0,0,0,0.00E+00,0.00E+00,0,0,1,0.00E+00,1,1,1,1,1
5545,2.11E-01,4,5545,Not eroded,0,1,0,0,0,0,7.37E-08,-1.26E-06,6.81E-07,1.43E-06,3.58E-07,0,2.56E-03,1,1,0,0,0
5547,1.36E-01,3,5547,Not eroded,0,0,0,0,0,0,2.62E-07,4.73E-08,2.03E-07,3.35E-07,1.12E-07,1,5.99E-04,1,1,0,0,0
5548,1.82E-01,5,5548,Not eroded,0,0,0,0,0,0,-1.89E-07,-1.57E-08,1.97E-07,2.74E-07,5.48E-08,0,4.90E-04,0,1,0,0,0
5549,1.75E-01,4,5549,Not eroded,0,0,0,0,0,0,-2.40E-07,1.31E-07,-1.31E-07,3.03E-07,7.58E-08,0,5.42E-04,1,1,0,0,0
5550,1.30E-01,3,5550,Not eroded,0,0,0,0,0,0,-6.10E-07,2.32E-07,-5.07E-08,6.54E-07,2.18E-07,1,1.17E-03,1,1,0,0,0
5551,5.66E-02,4,5551,Not eroded,0,0,0,0,0,0,2.35E-07,4.54E-07,-1.41E-06,1.50E-06,3.74E-07,0,2.68E-03,1,1,0,0,0
5552,2.09E-01,4,5552,Not eroded,0,1,0,0,0,0,2.26E-07,-1.59E-07,3.74E-07,4.65E-07,1.16E-07,0,8.32E-04,1,1,0,0,0
5553,8.47E-02,3,5553,Not eroded,0,0,0,0,0,0,-1.92E-07,-3.49E-07,-2.53E-06,2.56E-06,8.54E-07,1,4.58E-03,1,1,0,0,0
5554,2.23E-01,0,5554,Not eroded,0,1,1,0,0,0,0,0.00E+00,0.00E+00,0,0,1,0.00E+00,1,1,1,1,1
5556,8.85E-02,4,5556,Not eroded,0,0,0,0,0,0,3.16E-07,-9.34E-07,8.44E-08,9.90E-07,2.47E-07,0,1.77E-03,1,1,0,0,0
5557,9.77E-02,0,5557,Not eroded,0,0,0,0,0,0,0,0.00E+00,0.00E+00,0,0,1,0.00E+00,1,1,1,1,1
5558,2.26E-01,3,5558,Not eroded,0,1,1,0,0,0,-6.57E-08,4.29E-07,1.18E-06,1.26E-06,4.19E-07,1,2.25E-03,1,1,0,0,0
5560,1.38E-01,5,5560,Not eroded,0,0,0,0,0,0,3.29E-07,7.71E-08,7.61E-08,3.46E-07,6.93E-08,0,6.19E-04,0,1,0,0,0
5562,1.17E-01,0,5562,Not eroded,0,0,0,0,0,0,0,0.00E+00,0.00E+00,0,0,1,0.00E+00,1,1,1,1,1
5563,1.30E-01,6,5563,Not eroded,0,0,0,0,0,0,-1.81E-07,5.12E-07,3.97E-08,5.44E-07,9.07E-08,0,9.73E-04,0,0,0,0,0
5564,2.90E-01,3,5564,Not eroded,0,1,1,1,1,1,-1.74E-06,-2.63E-08,3.79E-07,1.78E-06,5.93E-07,1,3.18E-03,1,1,0,0,0
5566,2.60E-01,0,5566,Not eroded,0,1,1,1,1,1,0,0.00E+00,0.00E+00,0,0,1,0.00E+00,1,1,1,1,1
5567,9.98E-02,4,5567,Not eroded,0,0,0,0,0,0,2.49E-07,2.91E-10,4.11E-08,2.53E-07,6.32E-08,0,4.53E-04,1,1,0,0,0
5568,8.95E-02,0,5568,Not eroded,0,0,0,0,0,0,0,0.00E+00,0.00E+00,0,0,1,0.00E+00,1,1,1,1,1
5569,2.64E-01,0,5569,Not eroded,0,1,1,1,1,1,0,0.00E+00,0.00E+00,0,0,1,0.00E+00,1,1,1,1,1
5570,2.03E-01,4,5570,Not eroded,0,1,0,0,0,0,3.92E-07,-2.25E-07,1.16E-07,4.67E-07,1.17E-07,0,8.35E-04,1,1,0,0,0
5571,2.59E-01,3,5571,Not eroded,0,1,1,1,1,1,-1.05E-07,-7.21E-07,1.37E-07,7.41E-07,2.47E-07,1,1.33E-03,1,1,0,0,0
5572,7.91E-02,0,5572,Not eroded,0,0,0,0,0,0,0,0.00E+00,0.00E+00,0,0,1,0.00E+00,1,1,1,1,1
5573,3.27E-01,0,5573,ERODED,1,1,1,1,1,1,0,0.00E+00,0.00E+00,0,0,1,0.00E+00,1,1,1,1,1
5575,7.73E-02,5,5575,Not eroded,0,0,0,0,0,0,-9.86E-08,6.31E-08,1.88E-07,2.22E-07,4.43E-08,0,3.97E-04,0,1,0,0,0
5576,2.80E-01,3,5576,Not eroded,0,1,1,1,1,1,5.81E-08,-7.26E-07,-8.25E-08,7.33E-07,2.44E-07,1,1.31E-03,1,1,0,0,0
5577,1.54E-01,4,5577,Not eroded,0,0,0,0,0,0,3.52E-07,9.51E-07,6.02E-07,1.18E-06,2.95E-07,0,2.11E-03,1,1,0,0,0
5579,2.25E-01,4,5579,Not eroded,0,1,1,0,0,0,4.42E-07,6.12E-07,-3.18E-08,7.55E-07,1.89E-07,0,1.35E-03,1,1,0,0,0
5580,1.60E-01,3,5580,Not eroded,0,0,0,0,0,0,1.09E-06,3.77E-07,1.10E-06,1.60E-06,5.32E-07,1,2.86E-03,1,1,0,0,0
5581,5.78E-02,0,5581,Not eroded,0,0,0,0,0,0,0,0.00E+00,0.00E+00,0,0,1,0.00E+00,1,1,1,1,1
5582,5.66E-02,4,5582,Not eroded,0,0,0,0,0,0,-3.43E-07,-1.81E-07,-8.40E-08,3.97E-07,9.93E-08,0,7.10E-04,1,1,0,0,0
5583,2.90E-01,0,5583,Not eroded,0,1,1,1,1,1,0,0.00E+00,0.00E+00,0,0,1,0.00E+00,1,1,1,1,1
5584,1.50E-01,5,5584,Not eroded,0,0,0,0,0,0,2.48E-07,4.00E-07,3.48E-07,5.86E-07,1.17E-07,0,1.05E-03,0,1,0,0,0
5585,1.98E-01,5,5585,Not eroded,0,1,0,0,0,0,4.41E-07,2.82E-07,1.22E-06,1.33E-06,2.65E-07,0,2.38E-03,0,1,0,0,0
5587,2.44E-01,3,5587,Not eroded,0,1,1,1,1,0,3.05E-07,-1.34E-07,1.95E-07,3.86E-07,1.29E-07,1,6.90E-04,1,1,0,0,0
5588,1.54E-01,4,5588,Not eroded,0,0,0,0,0,0,3.06E-07,-3.49E-08,1.55E-07,3.45E-07,8.61E-08,0,6.17E-04,1,1,0,0,0
5589,6.75E-02,0,5589,Not eroded,0,0,0,0,0,0,0,0.00E+00,0.00E+00,0,0,1,0.00E+00,1,1,1,1,1
5591,1.48E-01,5,5591,Not eroded,0,0,0,0,0,0,5.39E-09,8.45E-08,-8.46E-08,1.20E-07,2.39E-08,0,2.15E-04,0,1,0,0,0
5592,2.44E-01,8,5592,Not eroded,0,1,1,1,1,0,-3.36E-08,2.13E-07,-3.24E-08,2.18E-07,2.73E-08,0,3.90E-04,0,0,0,0,0
5593,5.65E-02,5,5593,Not eroded,0,0,0,0,0,0,1.64E-07,8.26E-09,-1.35E-06,1.36E-06,2.72E-07,0,2.43E-03,0,1,0,0,0
5594,1.91E-01,0,5594,Not eroded,0,0,0,0,0,0,0,0.00E+00,0.00E+00,0,0,1,0.00E+00,1,1,1,1,1
5596,1.12E-01,5,5596,Not eroded,0,0,0,0,0,0,-8.65E-07,2.37E-07,-1.33E-07,9.07E-07,1.81E-07,0,1.62E-03,0,1,0,0,0
5598,2.02E-01,5,5598,Not eroded,0,1,0,0,0,0,-2.77E-09,2.99E-07,4.30E-08,3.02E-07,6.04E-08,0,5.40E-04,0,1,0,0,0
5600,7.44E-02,7,5600,Not eroded,0,0,0,0,0,0,-9.86E-08,-1.54E-07,7.03E-08,1.96E-07,2.80E-08,0,3.51E-04,0,0,0,0,0
5602,2.28E-01,3,5602,Not eroded,0,1,1,0,0,0,-3.78E-07,3.59E-08,-1.31E-09,3.80E-07,1.27E-07,1,6.80E-04,1,1,0,0,0
5603,2.07E-01,0,5603,Not eroded,0,1,0,0,0,0,0,0.00E+00,0.00E+00,0,0,1,0.00E+00,1,1,1,1,1
5604,3.02E-01,0,5604,Not eroded,0,1,1,1,1,1,0,0.00E+00,0.00E+00,0,0,1,0.00E+00,1,1,1,1,1
5605,9.37E-02,6,5605,Not eroded,0,0,0,0,0,0,4.17E-07,3.64E-07,6.57E-07,8.60E-07,1.43E-07,0,1.54E-03,0,0,0,0,0
5606,7.37E-02,4,5606,Not eroded,0,0,0,0,0,0,-9.55E-08,-1.01E-07,6.32E-08,1.53E-07,3.82E-08,0,2.74E-04,1,1,0,0,0
5607,3.24E-01,0,5607,ERODED,1,1,1,1,1,1,0,0.00E+00,0.00E+00,0,0,1,0.00E+00,1,1,1,1,1
5608,2.05E-01,5,5608,Not eroded,0,1,0,0,0,0,1.52E-07,5.05E-08,-7.60E-08,1.77E-07,3.55E-08,0,3.17E-04,0,1,0,0,0
5610,1.55E-01,3,5610,Not eroded,0,0,0,0,0,0,1.62E-07,9.90E-08,5.27E-08,1.97E-07,6.57E-08,1,3.52E-04,1,1,0,0,0
5611,2.27E-01,3,5611,Not eroded,0,1,1,0,0,0,1.49E-07,3.60E-07,2.74E-08,3.90E-07,1.30E-07,1,6.98E-04,1,1,0,0,0
5612,2.45E-01,4,5612,Not eroded,0,1,1,1,1,0,6.20E-07,7.66E-07,-2.19E-08,9.86E-07,2.46E-07,0,1.76E-03,1,1,0,0,0
5613,2.26E-01,4,5613,Not eroded,0,1,1,0,0,0,-3.33E-07,6.66E-07,1.34E-07,7.57E-07,1.89E-07,0,1.35E-03,1,1,0,0,0
5614,1.45E-01,3,5614,Not eroded,0,0,0,0,0,0,1.82E-07,-1.03E-06,1.07E-06,1.50E-06,5.00E-07,1,2.68E-03,1,1,0,0,0
5615,2.76E-01,4,5615,Not eroded,0,1,1,1,1,1,3.16E-08,-8.14E-07,-2.10E-07,8.41E-07,2.10E-07,0,1.50E-03,1,1,0,0,0
5616,1.40E-01,5,5616,Not eroded,0,0,0,0,0,0,-2.77E-07,-1.02E-07,-1.22E-07,3.19E-07,6.39E-08,0,5.71E-04,0,1,0,0,0
5617,1.46E-01,0,5617,Not eroded,0,0,0,0,0,0,0,0.00E+00,0.00E+00,0,0,1,0.00E+00,1,1,1,1,1
5618,1.75E-01,4,5618,Not eroded,0,0,0,0,0,0,-2.80E-08,-1.02E-07,9.30E-08,1.41E-07,3.52E-08,0,2.52E-04,1,1,0,0,0
5619,3.26E-01,0,5619,ERODED,1,1,1,1,1,1,0,0.00E+00,0.00E+00,0,0,1,0.00E+00,1,1,1,1,1
5620,1.29E-01,5,5620,Not eroded,0,0,0,0,0,0,2.67E-07,3.50E-07,2.07E-07,4.87E-07,9.73E-08,0,8.71E-04,0,1,0,0,0
5621,6.37E-02,5,5621,Not eroded,0,0,0,0,0,0,-2.65E-07,-2.50E-08,9.56E-07,9.93E-07,1.99E-07,0,1.78E-03,0,1,0,0,0
5622,2.41E-01,2,5622,Not eroded,0,1,1,1,1,0,-7.71E-07,2.49E-06,-3.52E-07,2.63E-06,1.31E-06,1,4.70E-03,1,1,1,0,0
5623,3.05E-01,0,5623,ERODED,1,1,1,1,1,1,0,0.00E+00,0.00E+00,0,0,1,0.00E+00,1,1,1,1,1
5624,2.77E-01,4,5624,Not eroded,0,1,1,1,1,1,-8.19E-06,5.03E-07,-9.68E-07,8.26E-06,2.07E-06,0,1.48E-02,1,1,0,0,0
5625,2.49E-01,5,5625,Not eroded,0,1,1,1,1,0,2.22E-07,9.14E-08,2.71E-07,3.62E-07,7.24E-08,0,6.48E-04,0,1,0,0,0
5626,1.43E-01,6,5626,Not eroded,0,0,0,0,0,0,-3.08E-08,7.44E-08,5.36E-07,5.42E-07,9.03E-08,0,9.69E-04,0,0,0,0,0
5627,2.90E-01,3,5627,Not eroded,0,1,1,1,1,1,-3.92E-07,1.96E-07,2.40E-07,5.00E-07,1.67E-07,1,8.94E-04,1,1,0,0,0
5628,2.00E-01,0,5628,Not eroded,0,1,0,0,0,0,0,0.00E+00,0.00E+00,0,0,1,0.00E+00,1,1,1,1,1
5629,1.09E-01,0,5629,Not eroded,0,0,0,0,0,0,0,0.00E+00,0.00E+00,0,0,1,0.00E+00,1,1,1,1,1
5630,5.66E-02,0,5630,Not eroded,0,0,0,0,0,0,0,0.00E+00,0.00E+00,0,0,1,0.00E+00,1,1,1,1,1
5631,1.13E-01,5,5631,Not eroded,0,0,0,0,0,0,-1.49E-06,-6.16E-07,3.28E-07,1.64E-06,3.28E-07,0,2.93E-03,0,1,0,0,0
5632,5.66E-02,2,5632,Not eroded,0,0,0,0,0,0,-2.63E-07,1.49E-07,-1.31E-06,1.34E-06,6.70E-07,1,2.40E-03,1,1,1,0,0
5633,1.30E-01,0,5633,Not eroded,0,0,0,0,0,0,0,0.00E+00,0.00E+00,0,0,1,0.00E+00,1,1,1,1,1
5634,1.20E-01,0,5634,Not eroded,0,0,0,0,0,0,0,0.00E+00,0.00E+00,0,0,1,0.00E+00,1,1,1,1,1
5635,1.95E-01,0,5635,Not eroded,0,1,0,0,0,0,0,0.00E+00,0.00E+00,0,0,1,0.00E+00,1,1,1,1,1
5636,2.31E-01,4,5636,Not eroded,0,1,1,1,0,0,-1.93E-07,8.74E-08,-1.43E-08,2.13E-07,5.32E-08,0,3.81E-04,1,1,0,0,0
5638,1.16E-01,6,5638,Not eroded,0,0,0,0,0,0,2.41E-06,8.40E-07,-7.86E-07,2.67E-06,4.45E-07,0,4.78E-03,0,0,0,0,0
5639,1.91E-01,2,5639,Not eroded,0,1,0,0,0,0,-1.71E-06,4.46E-07,8.78E-07,1.97E-06,9.84E-07,1,3.52E-03,1,1,1,0,0
5640,2.32E-01,5,5640,Not eroded,0,1,1,1,0,0,8.42E-06,-2.39E-06,9.40E-07,8.81E-06,1.76E-06,0,1.58E-02,0,1,0,0,0
5641,2.75E-01,4,5641,Not eroded,0,1,1,1,1,1,1.16E-07,3.60E-07,-7.85E-08,3.86E-07,9.65E-08,0,6.90E-04,1,1,0,0,0
5642,2.04E-01,0,5642,Not eroded,0,1,0,0,0,0,0,0.00E+00,0.00E+00,0,0,1,0.00E+00,1,1,1,1,1
5643,1.18E-01,5,5643,Not eroded,0,0,0,0,0,0,-2.16E-08,-5.90E-07,2.76E-07,6.52E-07,1.30E-07,0,1.17E-03,0,1,0,0,0
5644,2.81E-01,0,5644,ERODED,1,1,1,1,1,1,0,0.00E+00,0.00E+00,0,0,1,0.00E+00,1,1,1,1,1
5645,2.59E-01,0,5645,Not eroded,0,1,1,1,1,1,0,0.00E+00,0.00E+00,0,0,1,0.00E+00,1,1,1,1,1
5646,1.65E-01,0,5646,Not eroded,0,0,0,0,0,0,0,0.00E+00,0.00E+00,0,0,1,0.00E+00,1,1,1,1,1
5647,2.66E-01,0,5647,Not eroded,0,1,1,1,1,1,0,0.00E+00,0.00E+00,0,0,1,0.00E+00,1,1,1,1,1
5648,6.86E-02,4,5648,Not eroded,0,0,0,0,0,0,1.16E-07,-6.53E-08,5.22E-08,1.43E-07,3.57E-08,0,2.56E-04,1,1,0,0,0
5649,2.73E-01,0,5649,ERODED,1,1,1,1,1,1,0,0.00E+00,0.00E+00,0,0,1,0.00E+00,1,1,1,1,1
5650,8.44E-02,3,5650,Not eroded,0,0,0,0,0,0,6.31E-07,4.52E-08,-8.19E-07,1.04E-06,3.45E-07,1,1.86E-03,1,1,0,0,0
5651,2.15E-01,0,5651,Not eroded,0,1,0,0,0,0,0,0.00E+00,0.00E+00,0,0,1,0.00E+00,1,1,1,1,1
5652,3.27E-01,0,5652,ERODED,1,1,1,1,1,1,0,0.00E+00,0.00E+00,0,0,1,0.00E+00,1,1,1,1,1
5653,1.60E-01,3,5653,Not eroded,0,0,0,0,0,0,4.78E-07,6.72E-07,6.42E-07,1.05E-06,3.48E-07,1,1.88E-03,1,1,0,0,0
5654,3.09E-01,0,5654,Not eroded,0,1,1,1,1,1,0,0.00E+00,0.00E+00,0,0,1,0.00E+00,1,1,1,1,1
5656,2.45E-01,3,5656,Not eroded,0,1,1,1,1,0,8.81E-07,5.72E-07,8.59E-07,1.36E-06,4.52E-07,1,2.43E-03,1,1,0,0,0
5657,1.79E-01,0,5657,Not eroded,0,0,0,0,0,0,0,0.00E+00,0.00E+00,0,0,1,0.00E+00,1,1,1,1,1
5658,2.87E-01,2,5658,Not eroded,0,1,1,1,1,1,7.35E-07,2.96E-07,-6.27E-09,7.93E-07,3.96E-07,1,1.42E-03,1,1,1,0,0
5660,1.88E-01,0,5660,Not eroded,0,0,0,0,0,0,0,0.00E+00,0.00E+00,0,0,1,0.00E+00,1,1,1,1,1
5661,3.35E-01,0,5661,ERODED,1,1,1,1,1,1,0,0.00E+00,0.00E+00,0,0,1,0.00E+00,1,1,1,1,1
5663,2.79E-01,0,5663,ERODED,1,1,1,1,1,1,0,0.00E+00,0.00E+00,0,0,1,0.00E+00,1,1,1,1,1
5664,1.34E-01,5,5664,Not eroded,0,0,0,0,0,0,2.90E-07,-1.22E-08,-2.53E-07,3.85E-07,7.70E-08,0,6.89E-04,0,1,0,0,0
5665,2.77E-01,0,5665,Not eroded,0,1,1,1,1,1,0,0.00E+00,0.00E+00,0,0,1,0.00E+00,1,1,1,1,1
5666,5.66E-02,4,5666,Not eroded,0,0,0,0,0,0,6.47E-08,4.77E-07,-1.54E-06,1.61E-06,4.03E-07,0,2.88E-03,1,1,0,0,0
5667,2.45E-01,5,5667,Not eroded,0,1,1,1,1,0,6.22E-07,-2.00E-08,3.21E-07,7.00E-07,1.40E-07,0,1.25E-03,0,1,0,0,0
5668,1.63E-01,5,5668,Not eroded,0,0,0,0,0,0,3.55E-07,5.91E-09,7.63E-07,8.41E-07,1.68E-07,0,1.50E-03,0,1,0,0,0
5669,2.06E-01,0,5669,Not eroded,0,1,0,0,0,0,0,0.00E+00,0.00E+00,0,0,1,0.00E+00,1,1,1,1,1
5671,2.92E-01,6,5671,Not eroded,0,1,1,1,1,1,1.61E-05,4.99E-06,3.12E-06,1.71E-05,2.85E-06,0,3.06E-02,0,0,0,0,0
5672,1.08E-01,4,5672,Not eroded,0,0,0,0,0,0,2.41E-07,1.12E-07,1.31E-07,2.97E-07,7.42E-08,0,5.31E-04,1,1,0,0,0
5673,8.68E-02,3,5673,Not eroded,0,0,0,0,0,0,-6.88E-08,8.96E-08,9.13E-08,1.45E-07,4.84E-08,1,2.59E-04,1,1,0,0,0
5674,2.84E-01,3,5674,Not eroded,0,1,1,1,1,1,4.60E-08,4.82E-07,5.11E-08,4.87E-07,1.62E-07,1,8.71E-04,1,1,0,0,0
5675,5.64E-02,3,5675,Not eroded,0,0,0,0,0,0,-4.02E-07,-1.25E-06,-1.43E-06,1.94E-06,6.46E-07,1,3.47E-03,1,1,0,0,0
5676,8.98E-02,4,5676,Not eroded,0,0,0,0,0,0,-1.56E-07,8.31E-07,5.03E-07,9.84E-07,2.46E-07,0,1.76E-03,1,1,0,0,0
5677,9.07E-02,5,5677,Not eroded,0,0,0,0,0,0,1.81E-07,1.36E-07,2.20E-07,3.16E-07,6.32E-08,0,5.65E-04,0,1,0,0,0
5678,2.58E-01,0,5678,Not eroded,0,1,1,1,1,1,0,0.00E+00,0.00E+00,0,0,1,0.00E+00,1,1,1,1,1
5679,1.11E-01,3,5679,Not eroded,0,0,0,0,0,0,7.01E-07,-1.57E-07,1.20E-06,1.40E-06,4.65E-07,1,2.50E-03,1,1,0,0,0
5680,1.01E-01,4,5680,Not eroded,0,0,0,0,0,0,-8.60E-08,1.50E-07,-1.56E-07,2.33E-07,5.84E-08,0,4.17E-04,1,1,0,0,0
5681,2.62E-01,4,5681,Not eroded,0,1,1,1,1,1,2.86E-08,8.97E-08,1.03E-07,1.40E-07,3.49E-08,0,2.50E-04,1,1,0,0,0
5682,1.18E-01,5,5682,Not eroded,0,0,0,0,0,0,-1.95E-07,1.22E-07,-9.05E-08,2.47E-07,4.95E-08,0,4.42E-04,0,1,0,0,0
5683,2.79E-01,5,5683,Not eroded,0,1,1,1,1,1,8.53E-08,-4.47E-08,6.18E-08,1.14E-07,2.29E-08,0,2.04E-04,0,1,0,0,0
5684,2.51E-01,3,5684,Not eroded,0,1,1,1,1,1,-5.03E-07,-1.18E-07,-9.60E-08,5.26E-07,1.75E-07,1,9.41E-04,1,1,0,0,0
5685,1.04E-01,4,5685,Not eroded,0,0,0,0,0,0,8.20E-07,5.79E-07,-8.32E-07,1.30E-06,3.26E-07,0,2.33E-03,1,1,0,0,0
5687,1.25E-01,4,5687,Not eroded,0,0,0,0,0,0,2.55E-07,-5.30E-07,1.87E-06,1.96E-06,4.90E-07,0,3.51E-03,1,1,0,0,0
5688,2.68E-01,4,5688,Not eroded,0,1,1,1,1,1,2.27E-06,6.32E-06,1.08E-06,6.80E-06,1.70E-06,0,1.22E-02,1,1,0,0,0
5689,6.79E-02,4,5689,Not eroded,0,0,0,0,0,0,6.99E-07,-2.04E-07,1.82E-07,7.51E-07,1.88E-07,0,1.34E-03,1,1,0,0,0
5690,2.67E-01,3,5690,Not eroded,0,1,1,1,1,1,-1.15E-08,1.74E-07,2.88E-07,3.37E-07,1.12E-07,1,6.03E-04,1,1,0,0,0
5691,1.13E-01,0,5691,Not eroded,0,0,0,0,0,0,0,0.00E+00,0.00E+00,0,0,1,0.00E+00,1,1,1,1,1
5692,1.51E-01,5,5692,Not eroded,0,0,0,0,0,0,2.76E-08,-2.46E-08,-1.10E-07,1.16E-07,2.33E-08,0,2.07E-04,0,1,0,0,0
5693,2.18E-01,4,5693,Not eroded,0,1,0,0,0,0,3.41E-07,-1.34E-07,-3.80E-07,5.28E-07,1.32E-07,0,9.44E-04,1,1,0,0,0
5694,1.43E-01,0,5694,Not eroded,0,0,0,0,0,0,0,0.00E+00,0.00E+00,0,0,1,0.00E+00,1,1,1,1,1
5695,1.52E-01,3,5695,Not eroded,0,0,0,0,0,0,7.12E-07,-3.79E-07,6.93E-07,1.06E-06,3.55E-07,1,1.90E-03,1,1,0,0,0
5696,1.26E-01,4,5696,Not eroded,0,0,0,0,0,0,4.19E-08,1.27E-07,2.88E-07,3.17E-07,7.93E-08,0,5.67E-04,1,1,0,0,0
5697,2.35E-01,5,5697,Not eroded,0,1,1,1,0,0,8.42E-08,-6.21E-07,9.93E-08,6.35E-07,1.27E-07,0,1.14E-03,0,1,0,0,0
5698,2.68E-01,0,5698,Not eroded,0,1,1,1,1,1,0,0.00E+00,0.00E+00,0,0,1,0.00E+00,1,1,1,1,1
5699,6.43E-02,6,5699,Not eroded,0,0,0,0,0,0,-1.23E-07,-1.22E-07,-9.36E-08,1.97E-07,3.28E-08,0,3.52E-04,0,0,0,0,0
5700,2.71E-01,4,5700,Not eroded,0,1,1,1,1,1,2.16E-07,6.49E-07,-8.56E-08,6.89E-07,1.72E-07,0,1.23E-03,1,1,0,0,0
5701,5.66E-02,4,5701,Not eroded,0,0,0,0,0,0,-3.75E-07,4.34E-07,-7.95E-07,9.80E-07,2.45E-07,0,1.75E-03,1,1,0,0,0
5702,1.50E-01,0,5702,Not eroded,0,0,0,0,0,0,0,0.00E+00,0.00E+00,0,0,1,0.00E+00,1,1,1,1,1
5703,2.06E-01,6,5703,Not eroded,0,1,0,0,0,0,-7.54E-08,2.95E-06,4.53E-06,5.41E-06,9.01E-07,0,9.68E-03,0,0,0,0,0
5704,5.66E-02,4,5704,Not eroded,0,0,0,0,0,0,1.59E-07,2.50E-08,-1.35E-06,1.36E-06,3.40E-07,0,2.43E-03,1,1,0,0,0
5705,1.28E-01,4,5705,Not eroded,0,0,0,0,0,0,5.10E-07,3.66E-07,2.49E-07,6.76E-07,1.69E-07,0,1.21E-03,1,1,0,0,0
5706,2.58E-01,4,5706,Not eroded,0,1,1,1,1,1,6.15E-07,2.09E-07,-1.94E-07,6.78E-07,1.69E-07,0,1.21E-03,1,1,0,0,0
5707,1.84E-01,0,5707,Not eroded,0,0,0,0,0,0,0,0.00E+00,0.00E+00,0,0,1,0.00E+00,1,1,1,1,1
5708,5.65E-02,4,5708,Not eroded,0,0,0,0,0,0,2.54E-07,8.02E-09,-1.36E-06,1.38E-06,3.46E-07,0,2.47E-03,1,1,0,0,0
5709,1.95E-01,4,5709,Not eroded,0,1,0,0,0,0,-7.11E-08,-4.74E-07,4.80E-07,6.78E-07,1.70E-07,0,1.21E-03,1,1,0,0,0
5710,9.51E-02,0,5710,Not eroded,0,0,0,0,0,0,0,0.00E+00,0.00E+00,0,0,1,0.00E+00,1,1,1,1,1
5711,2.14E-01,0,5711,Not eroded,0,1,0,0,0,0,0,0.00E+00,0.00E+00,0,0,1,0.00E+00,1,1,1,1,1
5712,1.37E-01,3,5712,Not eroded,0,0,0,0,0,0,-7.56E-07,1.37E-06,3.73E-06,4.04E-06,1.35E-06,1,7.23E-03,1,1,0,0,0
5713,1.87E-01,2,5713,Not eroded,0,0,0,0,0,0,7.85E-07,2.18E-07,1.76E-06,1.94E-06,9.70E-07,1,3.47E-03,1,1,1,0,0
5714,1.28E-01,5,5714,Not eroded,0,0,0,0,0,0,7.03E-07,4.02E-07,4.25E-08,8.11E-07,1.62E-07,0,1.45E-03,0,1,0,0,0
5715,3.00E-01,0,5715,ERODED,1,1,1,1,1,1,0,0.00E+00,0.00E+00,0,0,1,0.00E+00,1,1,1,1,1
5716,1.74E-01,4,5716,Not eroded,0,0,0,0,0,0,-7.22E-07,-1.96E-07,-5.63E-07,9.36E-07,2.34E-07,0,1.67E-03,1,1,0,0,0
5717,1.92E-01,7,5717,Not eroded,0,1,0,0,0,0,-6.00E-07,-1.13E-08,-2.69E-09,6.00E-07,8.57E-08,0,1.07E-03,0,0,0,0,0
5718,2.60E-01,3,5718,Not eroded,0,1,1,1,1,1,1.62E-06,3.41E-06,-1.82E-06,4.19E-06,1.40E-06,1,7.49E-03,1,1,0,0,0
5719,2.37E-01,0,5719,Not eroded,0,1,1,1,0,0,0,0.00E+00,0.00E+00,0,0,1,0.00E+00,1,1,1,1,1
5720,2.53E-01,4,5720,Not eroded,0,1,1,1,1,1,3.47E-06,-3.12E-06,5.84E-06,7.47E-06,1.87E-06,0,1.34E-02,1,1,0,0,0
5721,1.87E-01,0,5721,Not eroded,0,0,0,0,0,0,0,0.00E+00,0.00E+00,0,0,1,0.00E+00,1,1,1,1,1
5722,6.28E-02,7,5722,Not eroded,0,0,0,0,0,0,-1.52E-07,9.87E-08,-1.49E-07,2.35E-07,3.36E-08,0,4.20E-04,0,0,0,0,0
5723,1.41E-01,4,5723,Not eroded,0,0,0,0,0,0,-2.32E-07,-3.70E-07,4.32E-08,4.39E-07,1.10E-07,0,7.85E-04,1,1,0,0,0
5724,9.87E-02,5,5724,Not eroded,0,0,0,0,0,0,-2.66E-08,2.75E-07,2.12E-07,3.48E-07,6.97E-08,0,6.22E-04,0,1,0,0,0
5725,1.82E-01,0,5725,Not eroded,0,0,0,0,0,0,0,0.00E+00,0.00E+00,0,0,1,0.00E+00,1,1,1,1,1
5726,2.17E-01,4,5726,Not eroded,0,1,0,0,0,0,1.93E-07,4.05E-07,2.11E-07,4.96E-07,1.24E-07,0,8.87E-04,1,1,0,0,0
5727,7.19E-02,5,5727,Not eroded,0,0,0,0,0,0,-2.72E-07,1.70E-06,3.90E-07,1.77E-06,3.53E-07,0,3.17E-03,0,1,0,0,0
5728,1.69E-01,3,5728,Not eroded,0,0,0,0,0,0,6.72E-08,6.52E-08,7.05E-07,7.11E-07,2.37E-07,1,1.27E-03,1,1,0,0,0
5729,6.47E-02,6,5729,Not eroded,0,0,0,0,0,0,-1.00E-08,-1.28E-07,3.77E-07,3.98E-07,6.63E-08,0,7.12E-04,0,0,0,0,0
5730,5.65E-02,3,5730,Not eroded,0,0,0,0,0,0,8.87E-08,-2.56E-08,-1.21E-06,1.21E-06,4.04E-07,1,2.16E-03,1,1,0,0,0
5731,2.39E-01,0,5731,Not eroded,0,1,1,1,0,0,0,0.00E+00,0.00E+00,0,0,1,0.00E+00,1,1,1,1,1
5732,7.24E-02,3,5732,Not eroded,0,0,0,0,0,0,-4.25E-07,6.07E-07,5.20E-07,9.05E-07,3.02E-07,1,1.62E-03,1,1,0,0,0
5733,2.32E-01,5,5733,Not eroded,0,1,1,1,0,0,-3.10E-07,3.47E-07,3.69E-07,5.94E-07,1.19E-07,0,1.06E-03,0,1,0,0,0
5734,5.66E-02,2,5734,Not eroded,0,0,0,0,0,0,3.12E-07,4.88E-08,2.19E-07,3.84E-07,1.92E-07,1,6.87E-04,1,1,1,0,0
5735,8.85E-02,3,5735,Not eroded,0,0,0,0,0,0,2.06E-07,3.06E-09,2.89E-07,3.55E-07,1.18E-07,1,6.35E-04,1,1,0,0,0
5736,1.16E-01,4,5736,Not eroded,0,0,0,0,0,0,2.50E-07,-6.55E-07,-1.53E-06,1.69E-06,4.22E-07,0,3.02E-03,1,1,0,0,0
5737,1.44E-01,0,5737,Not eroded,0,0,0,0,0,0,0,0.00E+00,0.00E+00,0,0,1,0.00E+00,1,1,1,1,1
5738,1.52E-01,2,5738,Not eroded,0,0,0,0,0,0,1.62E-07,5.30E-08,4.30E-07,4.63E-07,2.31E-07,1,8.28E-04,1,1,1,0,0
5739,2.05E-01,4,5739,Not eroded,0,1,0,0,0,0,6.21E-07,-1.43E-06,1.97E-06,2.52E-06,6.29E-07,0,4.51E-03,1,1,0,0,0
5740,2.51E-01,3,5740,Not eroded,0,1,1,1,1,1,5.68E-06,-1.85E-06,2.65E-06,6.53E-06,2.18E-06,1,1.17E-02,1,1,0,0,0
5741,1.35E-01,4,5741,Not eroded,0,0,0,0,0,0,2.56E-07,6.58E-08,3.71E-07,4.56E-07,1.14E-07,0,8.16E-04,1,1,0,0,0
5742,1.62E-01,3,5742,Not eroded,0,0,0,0,0,0,-6.22E-09,4.44E-07,5.07E-08,4.47E-07,1.49E-07,1,8.00E-04,1,1,0,0,0
5745,1.79E-01,0,5745,Not eroded,0,0,0,0,0,0,0,0.00E+00,0.00E+00,0,0,1,0.00E+00,1,1,1,1,1
5746,1.55E-01,3,5746,Not eroded,0,0,0,0,0,0,-1.37E-07,-3.50E-08,-1.62E-07,2.15E-07,7.16E-08,1,3.85E-04,1,1,0,0,0
5747,2.50E-01,4,5747,Not eroded,0,1,1,1,1,0,3.83E-07,7.77E-08,1.15E-07,4.07E-07,1.02E-07,0,7.28E-04,1,1,0,0,0
5748,3.26E-01,0,5748,ERODED,1,1,1,1,1,1,0,0.00E+00,0.00E+00,0,0,1,0.00E+00,1,1,1,1,1
5749,1.08E-01,3,5749,Not eroded,0,0,0,0,0,0,-4.40E-08,-5.82E-07,-1.28E-07,5.97E-07,1.99E-07,1,1.07E-03,1,1,0,0,0
5750,8.11E-02,3,5750,Not eroded,0,0,0,0,0,0,3.79E-07,1.80E-07,-1.91E-07,4.61E-07,1.54E-07,1,8.25E-04,1,1,0,0,0
5751,3.18E-01,0,5751,ERODED,1,1,1,1,1,1,0,0.00E+00,0.00E+00,0,0,1,0.00E+00,1,1,1,1,1
5753,1.26E-01,2,5753,Not eroded,0,0,0,0,0,0,-1.11E-07,6.10E-11,-1.28E-07,1.69E-07,8.45E-08,1,3.02E-04,1,1,1,0,0
5754,1.80E-01,0,5754,Not eroded,0,0,0,0,0,0,0,0.00E+00,0.00E+00,0,0,1,0.00E+00,1,1,1,1,1
5755,1.24E-01,4,5755,Not eroded,0,0,0,0,0,0,-5.43E-08,-3.25E-08,-2.91E-08,6.96E-08,1.74E-08,0,1.24E-04,1,1,0,0,0
5756,1.59E-01,6,5756,Not eroded,0,0,0,0,0,0,7.18E-07,1.23E-06,-5.53E-07,1.53E-06,2.54E-07,0,2.74E-03,0,0,0,0,0
5757,9.44E-02,2,5757,Not eroded,0,0,0,0,0,0,1.17E-07,3.64E-07,1.33E-07,4.05E-07,2.03E-07,1,7.24E-04,1,1,1,0,0
5758,2.62E-01,0,5758,Not eroded,0,1,1,1,1,1,0,0.00E+00,0.00E+00,0,0,1,0.00E+00,1,1,1,1,1
5760,8.30E-02,5,5760,Not eroded,0,0,0,0,0,0,5.23E-08,-2.92E-08,8.38E-08,1.03E-07,2.06E-08,0,1.84E-04,0,1,0,0,0
5761,2.52E-01,4,5761,Not eroded,0,1,1,1,1,1,8.22E-07,1.19E-07,-1.65E-08,8.30E-07,2.08E-07,0,1.48E-03,1,1,0,0,0
5762,1.73E-01,3,5762,Not eroded,0,0,0,0,0,0,-2.33E-08,-3.86E-07,8.71E-08,3.96E-07,1.32E-07,1,7.08E-04,1,1,0,0,0
5763,9.18E-02,4,5763,Not eroded,0,0,0,0,0,0,-2.48E-07,4.95E-08,3.05E-07,3.96E-07,9.90E-08,0,7.08E-04,1,1,0,0,0
5764,2.31E-01,3,5764,Not eroded,0,1,1,1,0,0,8.72E-07,-6.40E-07,4.59E-07,1.18E-06,3.92E-07,1,2.11E-03,1,1,0,0,0
5765,2.82E-01,0,5765,Not eroded,0,1,1,1,1,1,0,0.00E+00,0.00E+00,0,0,1,0.00E+00,1,1,1,1,1
5766,2.50E-01,0,5766,Not eroded,0,1,1,1,1,0,0,0.00E+00,0.00E+00,0,0,1,0.00E+00,1,1,1,1,1
5767,2.06E-01,3,5767,Not eroded,0,1,0,0,0,0,4.82E-08,1.09E-07,5.37E-08,1.30E-07,4.34E-08,1,2.33E-04,1,1,0,0,0
5768,1.72E-01,4,5768,Not eroded,0,0,0,0,0,0,-1.68E-08,-3.68E-08,1.88E-08,4.46E-08,1.12E-08,0,7.98E-05,1,1,0,0,0
5769,5.66E-02,0,5769,Not eroded,0,0,0,0,0,0,0,0.00E+00,0.00E+00,0,0,1,0.00E+00,1,1,1,1,1
5770,5.66E-02,3,5770,Not eroded,0,0,0,0,0,0,-4.68E-08,2.93E-09,-1.38E-06,1.39E-06,4.62E-07,1,2.49E-03,1,1,0,0,0
5771,1.20E-01,4,5771,Not eroded,0,0,0,0,0,0,-1.12E-06,-9.06E-07,-1.37E-06,1.98E-06,4.96E-07,0,3.54E-03,1,1,0,0,0
5772,3.26E-01,0,5772,ERODED,1,1,1,1,1,1,0,0.00E+00,0.00E+00,0,0,1,0.00E+00,1,1,1,1,1
5773,1.78E-01,5,5773,Not eroded,0,0,0,0,0,0,1.77E-07,-4.03E-08,1.61E-07,2.43E-07,4.86E-08,0,4.35E-04,0,1,0,0,0
5774,1.86E-01,3,5774,Not eroded,0,0,0,0,0,0,-1.64E-07,2.69E-07,-4.23E-07,5.27E-07,1.76E-07,1,9.43E-04,1,1,0,0,0
5775,1.24E-01,5,5775,Not eroded,0,0,0,0,0,0,-1.46E-06,-2.86E-08,6.34E-07,1.59E-06,3.18E-07,0,2.84E-03,0,1,0,0,0
5776,5.65E-02,3,5776,Not eroded,0,0,0,0,0,0,5.42E-08,-1.13E-07,-1.10E-06,1.11E-06,3.69E-07,1,1.99E-03,1,1,0,0,0
5777,2.58E-01,4,5777,Not eroded,0,1,1,1,1,1,5.53E-07,-8.02E-07,-1.75E-08,9.75E-07,2.44E-07,0,1.74E-03,1,1,0,0,0
5778,1.89E-01,0,5778,Not eroded,0,0,0,0,0,0,0,0.00E+00,0.00E+00,0,0,1,0.00E+00,1,1,1,1,1
5779,1.63E-01,4,5779,Not eroded,0,0,0,0,0,0,2.16E-07,6.98E-07,6.33E-07,9.67E-07,2.42E-07,0,1.73E-03,1,1,0,0,0
5780,5.65E-02,4,5780,Not eroded,0,0,0,0,0,0,2.22E-07,9.99E-08,-1.26E-06,1.29E-06,3.22E-07,0,2.31E-03,1,1,0,0,0
5781,6.52E-02,4,5781,Not eroded,0,0,0,0,0,0,2.07E-08,-4.03E-07,1.10E-07,4.18E-07,1.05E-07,0,7.48E-04,1,1,0,0,0
5782,1.47E-01,4,5782,Not eroded,0,0,0,0,0,0,7.12E-08,2.35E-08,1.21E-07,1.42E-07,3.55E-08,0,2.54E-04,1,1,0,0,0
5783,1.34E-01,0,5783,Not eroded,0,0,0,0,0,0,0,0.00E+00,0.00E+00,0,0,1,0.00E+00,1,1,1,1,1
5785,2.22E-01,4,5785,Not eroded,0,1,1,0,0,0,-4.56E-08,2.60E-07,3.69E-07,4.54E-07,1.13E-07,0,8.12E-04,1,1,0,0,0
5786,2.67E-01,0,5786,ERODED,1,1,1,1,1,1,0,0.00E+00,0.00E+00,0,0,1,0.00E+00,1,1,1,1,1
5787,2.65E-01,0,5787,Not eroded,0,1,1,1,1,1,0,0.00E+00,0.00E+00,0,0,1,0.00E+00,1,1,1,1,1
5788,1.10E-01,3,5788,Not eroded,0,0,0,0,0,0,-7.46E-08,-1.62E-07,4.23E-07,4.59E-07,1.53E-07,1,8.21E-04,1,1,0,0,0
5789,2.75E-01,0,5789,ERODED,1,1,1,1,1,1,0,0.00E+00,0.00E+00,0,0,1,0.00E+00,1,1,1,1,1
5790,1.33E-01,0,5790,Not eroded,0,0,0,0,0,0,0,0.00E+00,0.00E+00,0,0,1,0.00E+00,1,1,1,1,1
5791,1.52E-01,4,5791,Not eroded,0,0,0,0,0,0,9.13E-08,4.93E-07,1.60E-07,5.26E-07,1.31E-07,0,9.41E-04,1,1,0,0,0
5794,2.83E-01,6,5794,Not eroded,0,1,1,1,1,1,-7.13E-08,7.70E-07,-1.11E-07,7.82E-07,1.30E-07,0,1.40E-03,0,0,0,0,0
5795,6.51E-02,4,5795,Not eroded,0,0,0,0,0,0,4.17E-08,5.92E-07,4.01E-07,7.16E-07,1.79E-07,0,1.28E-03,1,1,0,0,0
5796,2.92E-01,5,5796,Not eroded,0,1,1,1,1,1,-2.08E-06,1.18E-05,9.13E-07,1.20E-05,2.41E-06,0,2.15E-02,0,1,0,0,0
5797,3.03E-01,0,5797,Not eroded,0,1,1,1,1,1,0,0.00E+00,0.00E+00,0,0,1,0.00E+00,1,1,1,1,1
5798,2.25E-01,0,5798,Not eroded,0,1,1,0,0,0,0,0.00E+00,0.00E+00,0,0,1,0.00E+00,1,1,1,1,1
5799,1.94E-01,0,5799,Not eroded,0,1,0,0,0,0,0,0.00E+00,0.00E+00,0,0,1,0.00E+00,1,1,1,1,1
5800,1.36E-01,6,5800,Not eroded,0,0,0,0,0,0,1.54E-07,2.53E-08,3.79E-08,1.60E-07,2.67E-08,0,2.86E-04,0,0,0,0,0
5801,8.60E-02,0,5801,Not eroded,0,0,0,0,0,0,0,0.00E+00,0.00E+00,0,0,1,0.00E+00,1,1,1,1,1
5802,2.73E-01,0,5802,ERODED,1,1,1,1,1,1,0,0.00E+00,0.00E+00,0,0,1,0.00E+00,1,1,1,1,1
5803,2.15E-01,4,5803,Not eroded,0,1,0,0,0,0,2.54E-07,1.65E-07,-7.17E-08,3.11E-07,7.76E-08,0,5.56E-04,1,1,0,0,0
5804,1.74E-01,4,5804,Not eroded,0,0,0,0,0,0,1.97E-07,2.31E-07,3.02E-08,3.05E-07,7.62E-08,0,5.46E-04,1,1,0,0,0
5805,1.06E-01,5,5805,Not eroded,0,0,0,0,0,0,-1.31E-06,-5.70E-07,-1.17E-07,1.43E-06,2.87E-07,0,2.56E-03,0,1,0,0,0
5806,1.37E-01,2,5806,Not eroded,0,0,0,0,0,0,1.07E-06,-3.71E-07,2.38E-06,2.64E-06,1.32E-06,1,4.72E-03,1,1,1,0,0
5807,5.66E-02,4,5807,Not eroded,0,0,0,0,0,0,1.62E-07,-1.77E-07,-1.16E-06,1.18E-06,2.95E-07,0,2.11E-03,1,1,0,0,0
5809,1.15E-01,4,5809,Not eroded,0,0,0,0,0,0,7.33E-08,3.81E-08,2.26E-08,8.56E-08,2.14E-08,0,1.53E-04,1,1,0,0,0
5810,1.40E-01,6,5810,Not eroded,0,0,0,0,0,0,-3.60E-08,7.91E-09,-5.85E-08,6.91E-08,1.15E-08,0,1.24E-04,0,0,0,0,0
5811,3.24E-01,0,5811,ERODED,1,1,1,1,1,1,0,0.00E+00,0.00E+00,0,0,1,0.00E+00,1,1,1,1,1
5812,9.26E-02,5,5812,Not eroded,0,0,0,0,0,0,2.73E-06,2.87E-07,1.54E-06,3.14E-06,6.29E-07,0,5.62E-03,0,1,0,0,0
5813,1.54E-01,4,5813,Not eroded,0,0,0,0,0,0,1.59E-06,4.66E-07,1.76E-06,2.41E-06,6.03E-07,0,4.31E-03,1,1,0,0,0
5815,1.45E-01,4,5815,Not eroded,0,0,0,0,0,0,1.79E-07,-7.97E-07,-1.17E-07,8.25E-07,2.06E-07,0,1.48E-03,1,1,0,0,0
5818,5.68E-02,0,5818,Not eroded,0,0,0,0,0,0,0,0.00E+00,0.00E+00,0,0,1,0.00E+00,1,1,1,1,1
5819,9.65E-02,6,5819,Not eroded,0,0,0,0,0,0,1.06E-06,8.56E-08,-2.62E-07,1.09E-06,1.82E-07,0,1.95E-03,0,0,0,0,0
5820,1.25E-01,4,5820,Not eroded,0,0,0,0,0,0,-6.81E-07,-1.58E-06,-2.19E-07,1.74E-06,4.34E-07,0,3.11E-03,1,1,0,0,0
5821,2.35E-01,4,5821,Not eroded,0,1,1,1,0,0,3.21E-07,3.67E-07,9.34E-08,4.96E-07,1.24E-07,0,8.87E-04,1,1,0,0,0
5822,1.12E-01,5,5822,Not eroded,0,0,0,0,0,0,4.79E-09,4.75E-08,4.63E-09,4.79E-08,9.58E-09,0,8.57E-05,0,1,0,0,0
5823,3.00E-01,0,5823,ERODED,1,1,1,1,1,1,0,0.00E+00,0.00E+00,0,0,1,0.00E+00,1,1,1,1,1
5824,2.04E-01,4,5824,Not eroded,0,1,0,0,0,0,-2.49E-08,-7.71E-09,5.62E-07,5.63E-07,1.41E-07,0,1.01E-03,1,1,0,0,0
5825,1.98E-01,5,5825,Not eroded,0,1,0,0,0,0,2.58E-07,9.04E-08,2.37E-07,3.62E-07,7.23E-08,0,6.48E-04,0,1,0,0,0
5826,2.27E-01,0,5826,Not eroded,0,1,1,0,0,0,0,0.00E+00,0.00E+00,0,0,1,0.00E+00,1,1,1,1,1
5827,1.98E-01,6,5827,Not eroded,0,1,0,0,0,0,-5.29E-07,-2.31E-07,1.21E-06,1.34E-06,2.24E-07,0,2.40E-03,0,0,0,0,0
5829,8.82E-02,4,5829,Not eroded,0,0,0,0,0,0,-1.07E-07,7.49E-08,1.80E-07,2.22E-07,5.56E-08,0,3.97E-04,1,1,0,0,0
5830,1.84E-01,0,5830,Not eroded,0,0,0,0,0,0,0,0.00E+00,0.00E+00,0,0,1,0.00E+00,1,1,1,1,1
5831,2.75E-01,0,5831,ERODED,1,1,1,1,1,1,0,0.00E+00,0.00E+00,0,0,1,0.00E+00,1,1,1,1,1
5832,6.47E-02,4,5832,Not eroded,0,0,0,0,0,0,-5.10E-08,1.32E-08,3.17E-07,3.21E-07,8.03E-08,0,5.74E-04,1,1,0,0,0
5833,1.62E-01,0,5833,Not eroded,0,0,0,0,0,0,0,0.00E+00,0.00E+00,0,0,1,0.00E+00,1,1,1,1,1
5834,6.55E-02,4,5834,Not eroded,0,0,0,0,0,0,1.17E-06,-4.57E-08,-5.02E-07,1.28E-06,3.19E-07,0,2.29E-03,1,1,0,0,0
5835,2.78E-01,5,5835,Not eroded,0,1,1,1,1,1,2.97E-07,1.42E-07,9.34E-07,9.90E-07,1.98E-07,0,1.77E-03,0,1,0,0,0
5836,2.13E-01,0,5836,Not eroded,0,1,0,0,0,0,0,0.00E+00,0.00E+00,0,0,1,0.00E+00,1,1,1,1,1
5838,2.93E-01,3,5838,Not eroded,0,1,1,1,1,1,3.48E-07,7.99E-07,2.27E-07,9.00E-07,3.00E-07,1,1.61E-03,1,1,0,0,0
5839,8.23E-02,3,5839,Not eroded,0,0,0,0,0,0,3.78E-07,7.36E-07,-1.73E-07,8.45E-07,2.82E-07,1,1.51E-03,1,1,0,0,0
5840,1.79E-01,3,5840,Not eroded,0,0,0,0,0,0,-8.66E-07,1.75E-06,-6.02E-08,1.96E-06,6.52E-07,1,3.51E-03,1,1,0,0,0
5841,3.23E-01,2,5841,Not eroded,0,1,1,1,1,1,-2.17E-06,3.87E-06,-1.44E-05,1.51E-05,7.53E-06,1,2.70E-02,1,1,1,0,0
5842,2.56E-01,4,5842,Not eroded,0,1,1,1,1,1,-1.59E-06,6.80E-06,8.20E-08,6.98E-06,1.75E-06,0,1.25E-02,1,1,0,0,0
5843,1.97E-01,4,5843,Not eroded,0,1,0,0,0,0,2.07E-07,-1.19E-08,1.01E-07,2.31E-07,5.77E-08,0,4.13E-04,1,1,0,0,0
5844,3.25E-01,3,5844,Not eroded,0,1,1,1,1,1,3.09E-07,8.47E-06,1.67E-05,1.87E-05,6.24E-06,1,3.34E-02,1,1,0,0,0
5845,6.77E-02,5,5845,Not eroded,0,0,0,0,0,0,2.97E-07,5.49E-07,6.21E-07,8.80E-07,1.76E-07,0,1.57E-03,0,1,0,0,0
5846,2.44E-01,3,5846,Not eroded,0,1,1,1,1,0,-2.00E-07,6.62E-08,9.64E-08,2.32E-07,7.72E-08,1,4.15E-04,1,1,0,0,0
5847,2.64E-01,6,5847,Not eroded,0,1,1,1,1,1,1.27E-07,3.91E-08,1.89E-08,1.34E-07,2.23E-08,0,2.40E-04,0,0,0,0,0
5848,2.02E-01,5,5848,Not eroded,0,1,0,0,0,0,-8.13E-08,-4.00E-08,8.15E-08,1.22E-07,2.44E-08,0,2.18E-04,0,1,0,0,0
5849,1.50E-01,4,5849,Not eroded,0,0,0,0,0,0,-7.32E-06,-2.49E-06,-5.26E-06,9.36E-06,2.34E-06,0,1.67E-02,1,1,0,0,0
5850,1.05E-01,0,5850,Not eroded,0,0,0,0,0,0,0,0.00E+00,0.00E+00,0,0,1,0.00E+00,1,1,1,1,1
5851,1.47E-01,4,5851,Not eroded,0,0,0,0,0,0,2.68E-08,2.42E-07,-1.63E-07,2.93E-07,7.33E-08,0,5.24E-04,1,1,0,0,0
5852,1.11E-01,4,5852,Not eroded,0,0,0,0,0,0,1.78E-07,-7.92E-07,2.43E-07,8.48E-07,2.12E-07,0,1.52E-03,1,1,0,0,0
5853,5.65E-02,5,5853,Not eroded,0,0,0,0,0,0,6.74E-08,5.91E-08,-1.26E-06,1.26E-06,2.52E-07,0,2.25E-03,0,1,0,0,0
5854,1.84E-01,4,5854,Not eroded,0,0,0,0,0,0,3.06E-07,3.64E-07,3.94E-07,6.18E-07,1.55E-07,0,1.11E-03,1,1,0,0,0
5855,2.59E-01,4,5855,Not eroded,0,1,1,1,1,1,-3.03E-07,3.36E-06,1.80E-06,3.83E-06,9.56E-07,0,6.85E-03,1,1,0,0,0
5857,1.77E-01,4,5857,Not eroded,0,0,0,0,0,0,-1.79E-09,4.72E-07,2.32E-07,5.26E-07,1.32E-07,0,9.41E-04,1,1,0,0,0
5858,1.82E-01,0,5858,Not eroded,0,0,0,0,0,0,0,0.00E+00,0.00E+00,0,0,1,0.00E+00,1,1,1,1,1
5859,2.66E-01,5,5859,Not eroded,0,1,1,1,1,1,-3.96E-07,6.44E-09,-1.56E-06,1.61E-06,3.21E-07,0,2.88E-03,0,1,0,0,0
5860,1.34E-01,4,5860,Not eroded,0,0,0,0,0,0,-5.92E-08,2.51E-07,5.80E-07,6.35E-07,1.59E-07,0,1.14E-03,1,1,0,0,0
5861,1.68E-01,3,5861,Not eroded,0,0,0,0,0,0,2.41E-07,5.44E-08,2.54E-07,3.54E-07,1.18E-07,1,6.33E-04,1,1,0,0,0
5862,2.62E-01,0,5862,Not eroded,0,1,1,1,1,1,0,0.00E+00,0.00E+00,0,0,1,0.00E+00,1,1,1,1,1
5864,2.03E-01,4,5864,Not eroded,0,1,0,0,0,0,1.64E-07,-6.33E-08,1.68E-07,2.44E-07,6.09E-08,0,4.36E-04,1,1,0,0,0
5865,3.14E-01,0,5865,ERODED,1,1,1,1,1,1,0,0.00E+00,0.00E+00,0,0,1,0.00E+00,1,1,1,1,1
5867,1.53E-01,0,5867,Not eroded,0,0,0,0,0,0,0,0.00E+00,0.00E+00,0,0,1,0.00E+00,1,1,1,1,1
5868,2.15E-01,2,5868,Not eroded,0,1,0,0,0,0,-1.66E-07,-7.91E-08,3.75E-07,4.18E-07,2.09E-07,1,7.48E-04,1,1,1,0,0
5869,1.99E-01,0,5869,Not eroded,0,1,0,0,0,0,0,0.00E+00,0.00E+00,0,0,1,0.00E+00,1,1,1,1,1
5870,9.44E-02,5,5870,Not eroded,0,0,0,0,0,0,4.75E-07,7.42E-07,8.99E-08,8.86E-07,1.77E-07,0,1.58E-03,0,1,0,0,0
5871,2.21E-01,6,5871,Not eroded,0,1,1,0,0,0,3.89E-07,1.73E-08,2.21E-07,4.48E-07,7.47E-08,0,8.01E-04,0,0,0,0,0
5873,1.28E-01,3,5873,Not eroded,0,0,0,0,0,0,2.25E-05,5.54E-06,3.87E-06,2.35E-05,7.83E-06,1,4.20E-02,1,1,0,0,0
5874,9.61E-02,3,5874,Not eroded,0,0,0,0,0,0,5.31E-07,-1.18E-06,8.91E-07,1.57E-06,5.23E-07,1,2.81E-03,1,1,0,0,0
5875,1.03E-01,5,5875,Not eroded,0,0,0,0,0,0,-1.27E-07,-1.17E-07,7.75E-07,7.94E-07,1.59E-07,0,1.42E-03,0,1,0,0,0
5876,6.28E-02,7,5876,Not eroded,0,0,0,0,0,0,5.17E-07,-1.09E-07,-7.59E-08,5.34E-07,7.63E-08,0,9.55E-04,0,0,0,0,0
5877,6.68E-02,5,5877,Not eroded,0,0,0,0,0,0,-2.21E-07,-1.16E-08,2.60E-08,2.23E-07,4.45E-08,0,3.99E-04,0,1,0,0,0
5878,2.48E-01,4,5878,Not eroded,0,1,1,1,1,0,-1.54E-06,-1.95E-06,3.44E-06,4.25E-06,1.06E-06,0,7.60E-03,1,1,0,0,0
5879,2.93E-01,0,5879,Not eroded,0,1,1,1,1,1,0,0.00E+00,0.00E+00,0,0,1,0.00E+00,1,1,1,1,1
5880,2.32E-01,0,5880,Not eroded,0,1,1,1,0,0,0,0.00E+00,0.00E+00,0,0,1,0.00E+00,1,1,1,1,1
5881,2.03E-01,4,5881,Not eroded,0,1,0,0,0,0,3.12E-07,3.64E-08,1.35E-08,3.14E-07,7.85E-08,0,5.62E-04,1,1,0,0,0
5882,9.52E-02,0,5882,Not eroded,0,0,0,0,0,0,0,0.00E+00,0.00E+00,0,0,1,0.00E+00,1,1,1,1,1
5883,1.82E-01,0,5883,Not eroded,0,0,0,0,0,0,0,0.00E+00,0.00E+00,0,0,1,0.00E+00,1,1,1,1,1
5884,2.83E-01,6,5884,Not eroded,0,1,1,1,1,1,1.35E-05,2.49E-05,5.68E-05,6.35E-05,1.06E-05,0,1.14E-01,0,0,0,0,0
5885,3.09E-01,0,5885,ERODED,1,1,1,1,1,1,0,0.00E+00,0.00E+00,0,0,1,0.00E+00,1,1,1,1,1
5886,2.81E-01,0,5886,Not eroded,0,1,1,1,1,1,0,0.00E+00,0.00E+00,0,0,1,0.00E+00,1,1,1,1,1
5887,2.29E-01,6,5887,Not eroded,0,1,1,0,0,0,2.73E-07,-1.59E-07,1.30E-08,3.16E-07,5.27E-08,0,5.65E-04,0,0,0,0,0
5888,1.69E-01,4,5888,Not eroded,0,0,0,0,0,0,7.86E-07,-2.26E-07,4.27E-08,8.19E-07,2.05E-07,0,1.46E-03,1,1,0,0,0
5889,8.37E-02,4,5889,Not eroded,0,0,0,0,0,0,3.67E-08,4.14E-07,3.93E-08,4.18E-07,1.04E-07,0,7.48E-04,1,1,0,0,0
5890,1.09E-01,5,5890,Not eroded,0,0,0,0,0,0,-1.66E-07,-3.55E-07,1.86E-06,1.90E-06,3.80E-07,0,3.40E-03,0,1,0,0,0
5891,5.66E-02,3,5891,Not eroded,0,0,0,0,0,0,3.00E-07,2.38E-07,-1.39E-06,1.44E-06,4.81E-07,1,2.58E-03,1,1,0,0,0
5892,2.51E-01,0,5892,Not eroded,0,1,1,1,1,1,0,0.00E+00,0.00E+00,0,0,1,0.00E+00,1,1,1,1,1
5893,2.68E-01,2,5893,Not eroded,0,1,1,1,1,1,5.83E-07,4.24E-07,5.02E-07,8.79E-07,4.39E-07,1,1.57E-03,1,1,1,0,0
5894,1.50E-01,4,5894,Not eroded,0,0,0,0,0,0,2.39E-08,-6.70E-07,1.72E-07,6.92E-07,1.73E-07,0,1.24E-03,1,1,0,0,0
5895,1.05E-01,5,5895,Not eroded,0,0,0,0,0,0,9.81E-07,-6.41E-07,-1.22E-07,1.18E-06,2.36E-07,0,2.11E-03,0,1,0,0,0
5896,2.98E-01,0,5896,ERODED,1,1,1,1,1,1,0,0.00E+00,0.00E+00,0,0,1,0.00E+00,1,1,1,1,1
5897,3.26E-01,0,5897,ERODED,1,1,1,1,1,1,0,0.00E+00,0.00E+00,0,0,1,0.00E+00,1,1,1,1,1
5898,2.93E-01,3,5898,Not eroded,0,1,1,1,1,1,3.00E-07,-2.35E-08,9.11E-08,3.15E-07,1.05E-07,1,5.63E-04,1,1,0,0,0
5900,6.48E-02,2,5900,Not eroded,0,0,0,0,0,0,5.04E-07,1.42E-07,3.37E-07,6.22E-07,3.11E-07,1,1.11E-03,1,1,1,0,0
5901,5.65E-02,4,5901,Not eroded,0,0,0,0,0,0,7.99E-08,-4.04E-07,-1.14E-06,1.21E-06,3.03E-07,0,2.16E-03,1,1,0,0,0
5902,2.74E-01,3,5902,Not eroded,0,1,1,1,1,1,1.24E-07,5.56E-07,-2.84E-07,6.37E-07,2.12E-07,1,1.14E-03,1,1,0,0,0
5903,7.06E-02,5,5903,Not eroded,0,0,0,0,0,0,-1.23E-07,-3.17E-07,7.03E-08,3.47E-07,6.95E-08,0,6.21E-04,0,1,0,0,0
5904,2.17E-01,0,5904,Not eroded,0,1,0,0,0,0,0,0.00E+00,0.00E+00,0,0,1,0.00E+00,1,1,1,1,1
5905,2.08E-01,4,5905,Not eroded,0,1,0,0,0,0,1.46E-07,-1.14E-07,-3.91E-08,1.89E-07,4.73E-08,0,3.38E-04,1,1,0,0,0
5906,1.89E-01,0,5906,Not eroded,0,0,0,0,0,0,0,0.00E+00,0.00E+00,0,0,1,0.00E+00,1,1,1,1,1
5907,2.85E-01,3,5907,Not eroded,0,1,1,1,1,1,8.50E-08,1.06E-06,7.62E-08,1.06E-06,3.54E-07,1,1.90E-03,1,1,0,0,0
5908,1.20E-01,4,5908,Not eroded,0,0,0,0,0,0,-1.32E-07,5.70E-08,6.01E-08,1.56E-07,3.89E-08,0,2.79E-04,1,1,0,0,0
5909,1.35E-01,5,5909,Not eroded,0,0,0,0,0,0,-3.90E-07,5.33E-08,2.42E-07,4.62E-07,9.24E-08,0,8.26E-04,0,1,0,0,0
5910,2.89E-01,0,5910,ERODED,1,1,1,1,1,1,0,0.00E+00,0.00E+00,0,0,1,0.00E+00,1,1,1,1,1
5911,1.98E-01,0,5911,Not eroded,0,1,0,0,0,0,0,0.00E+00,0.00E+00,0,0,1,0.00E+00,1,1,1,1,1
5912,6.53E-02,6,5912,Not eroded,0,0,0,0,0,0,2.15E-07,-3.36E-08,1.03E-06,1.05E-06,1.75E-07,0,1.88E-03,0,0,0,0,0
5913,1.11E-01,0,5913,Not eroded,0,0,0,0,0,0,0,0.00E+00,0.00E+00,0,0,1,0.00E+00,1,1,1,1,1
5914,2.53E-01,9,5914,Not eroded,0,1,1,1,1,1,7.08E-08,1.89E-07,9.05E-08,2.21E-07,2.46E-08,0,3.95E-04,0,0,0,0,0
5915,2.73E-01,3,5915,Not eroded,0,1,1,1,1,1,-5.90E-07,-5.25E-07,3.49E-07,8.63E-07,2.88E-07,1,1.54E-03,1,1,0,0,0
5916,1.39E-01,4,5916,Not eroded,0,0,0,0,0,0,-6.78E-08,1.36E-07,4.62E-07,4.86E-07,1.22E-07,0,8.69E-04,1,1,0,0,0
5917,2.36E-01,4,5917,Not eroded,0,1,1,1,0,0,1.40E-07,3.09E-07,-3.66E-08,3.41E-07,8.53E-08,0,6.10E-04,1,1,0,0,0
5918,6.17E-02,4,5918,Not eroded,0,0,0,0,0,0,3.50E-09,-2.01E-07,-1.51E-07,2.51E-07,6.28E-08,0,4.49E-04,1,1,0,0,0
5919,6.52E-02,4,5919,Not eroded,0,0,0,0,0,0,1.24E-06,2.52E-07,1.05E-06,1.64E-06,4.10E-07,0,2.93E-03,1,1,0,0,0
5920,2.37E-01,0,5920,Not eroded,0,1,1,1,0,0,0,0.00E+00,0.00E+00,0,0,1,0.00E+00,1,1,1,1,1
5921,1.80E-01,0,5921,Not eroded,0,0,0,0,0,0,0,0.00E+00,0.00E+00,0,0,1,0.00E+00,1,1,1,1,1
5922,2.73E-01,0,5922,ERODED,1,1,1,1,1,1,0,0.00E+00,0.00E+00,0,0,1,0.00E+00,1,1,1,1,1
5923,9.92E-02,4,5923,Not eroded,0,0,0,0,0,0,-3.60E-07,-1.23E-07,1.09E-07,3.95E-07,9.88E-08,0,7.07E-04,1,1,0,0,0
5925,1.00E-01,3,5925,Not eroded,0,0,0,0,0,0,-1.14E-07,-1.73E-08,1.49E-07,1.89E-07,6.28E-08,1,3.38E-04,1,1,0,0,0
5926,6.34E-02,7,5926,Not eroded,0,0,0,0,0,0,3.73E-08,-3.92E-07,-6.83E-09,3.94E-07,5.62E-08,0,7.05E-04,0,0,0,0,0
5927,5.96E-02,3,5927,Not eroded,0,0,0,0,0,0,-4.98E-07,-4.42E-07,-4.85E-07,8.24E-07,2.75E-07,1,1.47E-03,1,1,0,0,0
5928,1.21E-01,6,5928,Not eroded,0,0,0,0,0,0,2.57E-06,4.68E-09,-1.95E-07,2.57E-06,4.29E-07,0,4.60E-03,0,0,0,0,0
5929,2.20E-01,0,5929,Not eroded,0,1,0,0,0,0,0,0.00E+00,0.00E+00,0,0,1,0.00E+00,1,1,1,1,1
5930,2.47E-01,0,5930,Not eroded,0,1,1,1,1,0,0,0.00E+00,0.00E+00,0,0,1,0.00E+00,1,1,1,1,1
5931,6.93E-02,3,5931,Not eroded,0,0,0,0,0,0,3.35E-07,-7.32E-07,2.75E-07,8.51E-07,2.84E-07,1,1.52E-03,1,1,0,0,0
5932,2.64E-01,3,5932,Not eroded,0,1,1,1,1,1,6.80E-07,-6.45E-07,7.63E-08,9.41E-07,3.14E-07,1,1.68E-03,1,1,0,0,0
5934,2.85E-01,2,5934,Not eroded,0,1,1,1,1,1,4.98E-07,1.87E-06,-1.05E-08,1.93E-06,9.65E-07,1,3.45E-03,1,1,1,0,0
5935,2.62E-01,0,5935,Not eroded,0,1,1,1,1,1,0,0.00E+00,0.00E+00,0,0,1,0.00E+00,1,1,1,1,1
5936,6.27E-02,6,5936,Not eroded,0,0,0,0,0,0,5.61E-08,-2.48E-08,-2.47E-07,2.55E-07,4.25E-08,0,4.56E-04,0,0,0,0,0
5937,5.66E-02,1,5937,Not eroded,0,0,0,0,0,0,-1.42E-07,-5.06E-07,-1.53E-06,1.61E-06,1.61E-06,1,2.88E-03,1,1,1,1,0
5938,1.90E-01,0,5938,Not eroded,0,0,0,0,0,0,0,0.00E+00,0.00E+00,0,0,1,0.00E+00,1,1,1,1,1
5939,8.37E-02,0,5939,Not eroded,0,0,0,0,0,0,0,0.00E+00,0.00E+00,0,0,1,0.00E+00,1,1,1,1,1
5940,2.57E-01,5,5940,Not eroded,0,1,1,1,1,1,-9.85E-08,2.34E-07,-1.83E-07,3.13E-07,6.25E-08,0,5.60E-04,0,1,0,0,0
5941,9.79E-02,4,5941,Not eroded,0,0,0,0,0,0,-1.86E-07,5.96E-07,5.44E-07,8.28E-07,2.07E-07,0,1.48E-03,1,1,0,0,0
5942,1.27E-01,3,5942,Not eroded,0,0,0,0,0,0,-1.17E-09,2.29E-07,-3.14E-08,2.31E-07,7.69E-08,1,4.13E-04,1,1,0,0,0
5943,2.30E-01,3,5943,Not eroded,0,1,1,0,0,0,-1.59E-10,3.97E-07,8.48E-08,4.06E-07,1.35E-07,1,7.26E-04,1,1,0,0,0
5944,2.40E-01,0,5944,Not eroded,0,1,1,1,0,0,0,0.00E+00,0.00E+00,0,0,1,0.00E+00,1,1,1,1,1
5945,1.44E-01,4,5945,Not eroded,0,0,0,0,0,0,-3.22E-07,1.58E-06,2.44E-06,2.92E-06,7.31E-07,0,5.22E-03,1,1,0,0,0
5946,2.80E-01,0,5946,ERODED,1,1,1,1,1,1,0,0.00E+00,0.00E+00,0,0,1,0.00E+00,1,1,1,1,1
5947,1.98E-01,4,5947,Not eroded,0,1,0,0,0,0,2.98E-09,3.44E-07,-4.84E-08,3.48E-07,8.70E-08,0,6.22E-04,1,1,0,0,0
5948,1.55E-01,4,5948,Not eroded,0,0,0,0,0,0,-1.44E-07,6.51E-09,4.58E-07,4.80E-07,1.20E-07,0,8.59E-04,1,1,0,0,0
5949,9.45E-02,4,5949,Not eroded,0,0,0,0,0,0,4.67E-08,-1.30E-07,-2.55E-07,2.90E-07,7.25E-08,0,5.19E-04,1,1,0,0,0
5950,1.61E-01,3,5950,Not eroded,0,0,0,0,0,0,2.50E-07,2.90E-08,-5.13E-08,2.57E-07,8.56E-08,1,4.60E-04,1,1,0,0,0
5951,1.96E-01,4,5951,Not eroded,0,1,0,0,0,0,-5.32E-08,-5.18E-08,1.49E-08,7.57E-08,1.89E-08,0,1.35E-04,1,1,0,0,0
5952,2.32E-01,4,5952,Not eroded,0,1,1,1,0,0,6.13E-07,1.29E-06,6.77E-07,1.58E-06,3.96E-07,0,2.83E-03,1,1,0,0,0
5953,2.65E-01,2,5953,Not eroded,0,1,1,1,1,1,-5.83E-08,7.14E-09,5.01E-08,7.72E-08,3.86E-08,1,1.38E-04,1,1,1,0,0
5955,6.13E-02,0,5955,Not eroded,0,0,0,0,0,0,0,0.00E+00,0.00E+00,0,0,1,0.00E+00,1,1,1,1,1
5956,1.56E-01,6,5956,Not eroded,0,0,0,0,0,0,5.63E-07,2.84E-07,-7.96E-07,1.01E-06,1.69E-07,0,1.81E-03,0,0,0,0,0
5957,2.07E-01,0,5957,Not eroded,0,1,0,0,0,0,0,0.00E+00,0.00E+00,0,0,1,0.00E+00,1,1,1,1,1
5958,1.89E-01,0,5958,Not eroded,0,0,0,0,0,0,0,0.00E+00,0.00E+00,0,0,1,0.00E+00,1,1,1,1,1
5959,8.96E-02,5,5959,Not eroded,0,0,0,0,0,0,-2.24E-07,-2.33E-07,-6.60E-08,3.30E-07,6.60E-08,0,5.90E-04,0,1,0,0,0
5960,2.76E-01,0,5960,Not eroded,0,1,1,1,1,1,0,0.00E+00,0.00E+00,0,0,1,0.00E+00,1,1,1,1,1
5961,2.28E-01,4,5961,Not eroded,0,1,1,0,0,0,-4.28E-07,-5.98E-07,-9.55E-08,7.42E-07,1.85E-07,0,1.33E-03,1,1,0,0,0
5962,1.45E-01,4,5962,Not eroded,0,0,0,0,0,0,4.43E-08,-1.63E-07,1.03E-06,1.04E-06,2.60E-07,0,1.86E-03,1,1,0,0,0
5963,1.96E-01,0,5963,Not eroded,0,1,0,0,0,0,0,0.00E+00,0.00E+00,0,0,1,0.00E+00,1,1,1,1,1
5964,1.60E-01,4,5964,Not eroded,0,0,0,0,0,0,5.37E-07,-7.46E-07,1.61E-06,1.86E-06,4.64E-07,0,3.33E-03,1,1,0,0,0
5965,8.72E-02,3,5965,Not eroded,0,0,0,0,0,0,1.12E-06,1.23E-08,7.20E-07,1.34E-06,4.45E-07,1,2.40E-03,1,1,0,0,0
5966,2.27E-01,4,5966,Not eroded,0,1,1,0,0,0,-1.61E-07,-1.01E-07,-2.10E-08,1.91E-07,4.78E-08,0,3.42E-04,1,1,0,0,0
5967,2.89E-01,3,5967,Not eroded,0,1,1,1,1,1,6.54E-07,4.75E-07,2.75E-08,8.08E-07,2.69E-07,1,1.45E-03,1,1,0,0,0
5969,1.29E-01,4,5969,Not eroded,0,0,0,0,0,0,6.56E-08,8.68E-08,-8.65E-08,1.39E-07,3.48E-08,0,2.49E-04,1,1,0,0,0
5970,8.34E-02,6,5970,Not eroded,0,0,0,0,0,0,-5.26E-07,-3.41E-07,-4.04E-07,7.46E-07,1.24E-07,0,1.33E-03,0,0,0,0,0
5971,1.36E-01,4,5971,Not eroded,0,0,0,0,0,0,-1.29E-07,-7.09E-09,-1.74E-07,2.17E-07,5.43E-08,0,3.88E-04,1,1,0,0,0
5972,1.80E-01,6,5972,Not eroded,0,0,0,0,0,0,5.87E-08,4.53E-08,3.40E-08,8.16E-08,1.36E-08,0,1.46E-04,0,0,0,0,0
5973,2.45E-01,5,5973,Not eroded,0,1,1,1,1,0,3.02E-06,8.43E-07,1.97E-06,3.70E-06,7.40E-07,0,6.62E-03,0,1,0,0,0
5974,7.00E-02,6,5974,Not eroded,0,0,0,0,0,0,-4.23E-07,-3.00E-07,2.12E-07,5.60E-07,9.33E-08,0,1.00E-03,0,0,0,0,0
5975,1.97E-01,3,5975,Not eroded,0,1,0,0,0,0,2.45E-07,8.70E-07,1.18E-07,9.11E-07,3.04E-07,1,1.63E-03,1,1,0,0,0
5976,1.50E-01,3,5976,Not eroded,0,0,0,0,0,0,2.14E-05,5.33E-05,4.78E-05,7.47E-05,2.49E-05,1,1.34E-01,1,1,0,0,0
5977,2.42E-01,3,5977,Not eroded,0,1,1,1,1,0,3.47E-07,-1.66E-07,1.55E-06,1.59E-06,5.31E-07,1,2.84E-03,1,1,0,0,0
5978,7.74E-02,5,5978,Not eroded,0,0,0,0,0,0,6.81E-07,1.06E-07,3.47E-07,7.72E-07,1.54E-07,0,1.38E-03,0,1,0,0,0
5979,2.49E-01,0,5979,Not eroded,0,1,1,1,1,0,0,0.00E+00,0.00E+00,0,0,1,0.00E+00,1,1,1,1,1
5980,1.23E-01,0,5980,Not eroded,0,0,0,0,0,0,0,0.00E+00,0.00E+00,0,0,1,0.00E+00,1,1,1,1,1
5981,6.94E-02,3,5981,Not eroded,0,0,0,0,0,0,2.05E-07,4.66E-08,4.51E-07,4.98E-07,1.66E-07,1,8.91E-04,1,1,0,0,0
5982,2.55E-01,3,5982,Not eroded,0,1,1,1,1,1,8.08E-07,7.12E-07,7.16E-07,1.29E-06,4.31E-07,1,2.31E-03,1,1,0,0,0
5983,1.40E-01,0,5983,Not eroded,0,0,0,0,0,0,0,0.00E+00,0.00E+00,0,0,1,0.00E+00,1,1,1,1,1
5984,2.53E-01,3,5984,Not eroded,0,1,1,1,1,1,8.43E-07,-5.49E-07,3.82E-08,1.01E-06,3.36E-07,1,1.81E-03,1,1,0,0,0
5985,1.53E-01,4,5985,Not eroded,0,0,0,0,0,0,5.16E-07,-7.79E-07,6.68E-07,1.15E-06,2.87E-07,0,2.06E-03,1,1,0,0,0
5986,2.19E-01,3,5986,Not eroded,0,1,0,0,0,0,1.86E-07,-3.15E-07,3.61E-07,5.14E-07,1.71E-07,1,9.19E-04,1,1,0,0,0
5987,6.97E-02,4,5987,Not eroded,0,0,0,0,0,0,-4.35E-07,-3.92E-07,3.03E-08,5.86E-07,1.47E-07,0,1.05E-03,1,1,0,0,0
5988,6.50E-02,5,5988,Not eroded,0,0,0,0,0,0,1.18E-07,8.05E-08,3.57E-08,1.47E-07,2.95E-08,0,2.63E-04,0,1,0,0,0
5989,2.09E-01,0,5989,Not eroded,0,1,0,0,0,0,0,0.00E+00,0.00E+00,0,0,1,0.00E+00,1,1,1,1,1
5990,3.21E-01,0,5990,ERODED,1,1,1,1,1,1,0,0.00E+00,0.00E+00,0,0,1,0.00E+00,1,1,1,1,1
5991,2.31E-01,5,5991,Not eroded,0,1,1,1,0,0,1.78E-06,1.39E-06,2.75E-07,2.27E-06,4.54E-07,0,4.06E-03,0,1,0,0,0
5992,3.07E-01,0,5992,ERODED,1,1,1,1,1,1,0,0.00E+00,0.00E+00,0,0,1,0.00E+00,1,1,1,1,1
5993,2.12E-01,5,5993,Not eroded,0,1,0,0,0,0,4.01E-07,4.10E-07,3.83E-07,6.90E-07,1.38E-07,0,1.23E-03,0,1,0,0,0
5994,2.83E-01,0,5994,Not eroded,0,1,1,1,1,1,0,0.00E+00,0.00E+00,0,0,1,0.00E+00,1,1,1,1,1
5996,1.46E-01,4,5996,Not eroded,0,0,0,0,0,0,8.74E-07,1.72E-07,1.49E-07,9.03E-07,2.26E-07,0,1.62E-03,1,1,0,0,0
5997,2.75E-01,3,5997,Not eroded,0,1,1,1,1,1,2.64E-07,-2.11E-06,-6.25E-07,2.21E-06,7.38E-07,1,3.95E-03,1,1,0,0,0
5998,7.98E-02,3,5998,Not eroded,0,0,0,0,0,0,2.06E-07,-1.02E-06,8.57E-07,1.35E-06,4.50E-07,1,2.41E-03,1,1,0,0,0
5999,2.66E-01,0,5999,Not eroded,0,1,1,1,1,1,0,0.00E+00,0.00E+00,0,0,1,0.00E+00,1,1,1,1,1
6000,1.61E-01,5,6000,Not eroded,0,0,0,0,0,0,2.27E-07,4.69E-08,-5.60E-08,2.39E-07,4.78E-08,0,4.28E-04,0,1,0,0,0
6001,8.58E-02,3,6001,Not eroded,0,0,0,0,0,0,1.12E-06,6.28E-07,-9.55E-07,1.60E-06,5.33E-07,1,2.86E-03,1,1,0,0,0
6002,2.59E-01,5,6002,Not eroded,0,1,1,1,1,1,2.15E-08,-1.27E-07,-2.10E-07,2.47E-07,4.93E-08,0,4.42E-04,0,1,0,0,0
6003,1.16E-01,4,6003,Not eroded,0,0,0,0,0,0,-3.50E-06,-1.97E-06,1.25E-07,4.02E-06,1.00E-06,0,7.19E-03,1,1,0,0,0
6005,1.51E-01,6,6005,Not eroded,0,0,0,0,0,0,2.81E-07,8.08E-08,5.45E-08,2.97E-07,4.96E-08,0,5.31E-04,0,0,0,0,0
6006,1.25E-01,4,6006,Not eroded,0,0,0,0,0,0,4.12E-07,-7.97E-08,6.56E-07,7.78E-07,1.95E-07,0,1.39E-03,1,1,0,0,0
6007,1.72E-01,2,6007,Not eroded,0,0,0,0,0,0,-1.26E-06,-3.73E-07,2.28E-06,2.63E-06,1.32E-06,1,4.70E-03,1,1,1,0,0
6008,6.03E-02,0,6008,Not eroded,0,0,0,0,0,0,0,0.00E+00,0.00E+00,0,0,1,0.00E+00,1,1,1,1,1
6009,2.38E-01,4,6009,Not eroded,0,1,1,1,0,0,-3.50E-07,-7.10E-08,4.98E-09,3.58E-07,8.94E-08,0,6.40E-04,1,1,0,0,0
6010,2.51E-01,5,6010,Not eroded,0,1,1,1,1,1,3.50E-07,2.42E-07,1.33E-07,4.46E-07,8.91E-08,0,7.98E-04,0,1,0,0,0
6011,3.02E-01,0,6011,ERODED,1,1,1,1,1,1,0,0.00E+00,0.00E+00,0,0,1,0.00E+00,1,1,1,1,1
6012,2.10E-01,5,6012,Not eroded,0,1,0,0,0,0,3.82E-07,8.45E-08,9.10E-08,4.02E-07,8.03E-08,0,7.19E-04,0,1,0,0,0
6013,2.47E-01,3,6013,Not eroded,0,1,1,1,1,0,5.35E-06,1.94E-06,3.42E-08,5.69E-06,1.90E-06,1,1.02E-02,1,1,0,0,0
6014,3.12E-01,0,6014,ERODED,1,1,1,1,1,1,0,0.00E+00,0.00E+00,0,0,1,0.00E+00,1,1,1,1,1
6015,2.05E-01,0,6015,Not eroded,0,1,0,0,0,0,0,0.00E+00,0.00E+00,0,0,1,0.00E+00,1,1,1,1,1
6016,9.40E-02,5,6016,Not eroded,0,0,0,0,0,0,2.53E-06,-1.53E-06,9.66E-07,3.11E-06,6.23E-07,0,5.56E-03,0,1,0,0,0
6017,1.06E-01,6,6017,Not eroded,0,0,0,0,0,0,-2.41E-07,3.21E-07,3.71E-07,5.47E-07,9.11E-08,0,9.78E-04,0,0,0,0,0
6018,1.69E-01,2,6018,Not eroded,0,0,0,0,0,0,-4.67E-06,-1.87E-07,2.27E-06,5.20E-06,2.60E-06,1,9.30E-03,1,1,1,0,0
6019,3.25E-01,0,6019,ERODED,1,1,1,1,1,1,0,0.00E+00,0.00E+00,0,0,1,0.00E+00,1,1,1,1,1
6020,1.03E-01,0,6020,Not eroded,0,0,0,0,0,0,0,0.00E+00,0.00E+00,0,0,1,0.00E+00,1,1,1,1,1
6021,2.83E-01,5,6021,Not eroded,0,1,1,1,1,1,1.02E-06,1.80E-06,1.72E-06,2.69E-06,5.39E-07,0,4.81E-03,0,1,0,0,0
6022,2.76E-01,0,6022,ERODED,1,1,1,1,1,1,0,0.00E+00,0.00E+00,0,0,1,0.00E+00,1,1,1,1,1
6023,1.40E-01,3,6023,Not eroded,0,0,0,0,0,0,-2.02E-05,1.92E-05,-8.28E-07,2.79E-05,9.30E-06,1,4.99E-02,1,1,0,0,0
6024,1.33E-01,4,6024,Not eroded,0,0,0,0,0,0,-8.69E-08,1.10E-07,1.65E-07,2.16E-07,5.41E-08,0,3.86E-04,1,1,0,0,0
6025,1.04E-01,3,6025,Not eroded,0,0,0,0,0,0,2.10E-06,2.34E-07,2.54E-08,2.11E-06,7.03E-07,1,3.77E-03,1,1,0,0,0
6026,1.86E-01,3,6026,Not eroded,0,0,0,0,0,0,2.66E-07,-5.13E-08,4.80E-07,5.51E-07,1.84E-07,1,9.86E-04,1,1,0,0,0
6028,2.41E-01,0,6028,Not eroded,0,1,1,1,1,0,0,0.00E+00,0.00E+00,0,0,1,0.00E+00,1,1,1,1,1
6029,1.43E-01,4,6029,Not eroded,0,0,0,0,0,0,-1.72E-06,-6.14E-07,1.15E-06,2.16E-06,5.39E-07,0,3.86E-03,1,1,0,0,0
6030,1.76E-01,0,6030,Not eroded,0,0,0,0,0,0,0,0.00E+00,0.00E+00,0,0,1,0.00E+00,1,1,1,1,1
6031,1.11E-01,3,6031,Not eroded,0,0,0,0,0,0,1.53E-06,2.93E-07,-3.85E-07,1.60E-06,5.34E-07,1,2.86E-03,1,1,0,0,0
6032,1.39E-01,4,6032,Not eroded,0,0,0,0,0,0,-1.57E-07,3.46E-07,2.67E-07,4.65E-07,1.16E-07,0,8.32E-04,1,1,0,0,0
6033,1.33E-01,6,6033,Not eroded,0,0,0,0,0,0,2.24E-08,-7.36E-08,2.07E-07,2.21E-07,3.68E-08,0,3.95E-04,0,0,0,0,0
6034,1.72E-01,0,6034,Not eroded,0,0,0,0,0,0,0,0.00E+00,0.00E+00,0,0,1,0.00E+00,1,1,1,1,1
6035,2.54E-01,0,6035,Not eroded,0,1,1,1,1,1,0,0.00E+00,0.00E+00,0,0,1,0.00E+00,1,1,1,1,1
6036,1.58E-01,3,6036,Not eroded,0,0,0,0,0,0,-2.56E-07,1.93E-06,2.12E-06,2.88E-06,9.59E-07,1,5.15E-03,1,1,0,0,0
6037,9.06E-02,3,6037,Not eroded,0,0,0,0,0,0,-5.04E-09,9.57E-08,5.77E-08,1.12E-07,3.73E-08,1,2.00E-04,1,1,0,0,0
6038,1.61E-01,3,6038,Not eroded,0,0,0,0,0,0,-3.56E-06,-3.54E-08,8.04E-06,8.79E-06,2.93E-06,1,1.57E-02,1,1,0,0,0
6040,2.17E-01,5,6040,Not eroded,0,1,0,0,0,0,7.59E-07,-9.50E-07,3.45E-06,3.66E-06,7.31E-07,0,6.55E-03,0,1,0,0,0
6041,2.65E-01,0,6041,Not eroded,0,1,1,1,1,1,0,0.00E+00,0.00E+00,0,0,1,0.00E+00,1,1,1,1,1
6042,6.62E-02,5,6042,Not eroded,0,0,0,0,0,0,3.47E-07,6.89E-07,-2.02E-07,7.97E-07,1.59E-07,0,1.43E-03,0,1,0,0,0
6043,2.46E-01,4,6043,Not eroded,0,1,1,1,1,0,8.18E-08,2.65E-07,9.29E-09,2.78E-07,6.95E-08,0,4.97E-04,1,1,0,0,0
6044,2.40E-01,3,6044,Not eroded,0,1,1,1,0,0,2.79E-07,3.41E-07,5.40E-08,4.44E-07,1.48E-07,1,7.94E-04,1,1,0,0,0
6045,2.94E-01,3,6045,Not eroded,0,1,1,1,1,1,8.34E-08,-7.64E-07,3.67E-08,7.70E-07,2.57E-07,1,1.38E-03,1,1,0,0,0
6046,5.66E-02,5,6046,Not eroded,0,0,0,0,0,0,7.91E-10,3.92E-08,-1.37E-06,1.37E-06,2.75E-07,0,2.45E-03,0,1,0,0,0
6047,1.98E-01,0,6047,Not eroded,0,1,0,0,0,0,0,0.00E+00,0.00E+00,0,0,1,0.00E+00,1,1,1,1,1
6048,6.47E-02,4,6048,Not eroded,0,0,0,0,0,0,2.50E-07,3.10E-07,8.50E-08,4.07E-07,1.02E-07,0,7.28E-04,1,1,0,0,0
6049,6.35E-02,6,6049,Not eroded,0,0,0,0,0,0,1.46E-07,-2.81E-08,6.90E-08,1.64E-07,2.73E-08,0,2.93E-04,0,0,0,0,0
6050,5.65E-02,5,6050,Not eroded,0,0,0,0,0,0,-1.81E-07,3.47E-08,-1.38E-06,1.39E-06,2.78E-07,0,2.49E-03,0,1,0,0,0
6051,1.69E-01,4,6051,Not eroded,0,0,0,0,0,0,7.11E-08,6.72E-07,3.20E-07,7.48E-07,1.87E-07,0,1.34E-03,1,1,0,0,0
6052,1.25E-01,5,6052,Not eroded,0,0,0,0,0,0,4.00E-07,1.42E-07,3.65E-07,5.60E-07,1.12E-07,0,1.00E-03,0,1,0,0,0
6053,1.88E-01,6,6053,Not eroded,0,0,0,0,0,0,9.43E-08,8.22E-08,8.58E-07,8.67E-07,1.45E-07,0,1.55E-03,0,0,0,0,0
6054,1.58E-01,3,6054,Not eroded,0,0,0,0,0,0,-1.71E-07,1.08E-08,4.06E-07,4.41E-07,1.47E-07,1,7.89E-04,1,1,0,0,0
6055,9.13E-02,3,6055,Not eroded,0,0,0,0,0,0,6.82E-07,-1.10E-06,8.86E-07,1.57E-06,5.22E-07,1,2.81E-03,1,1,0,0,0
6056,2.56E-01,0,6056,Not eroded,0,1,1,1,1,1,0,0.00E+00,0.00E+00,0,0,1,0.00E+00,1,1,1,1,1
6057,2.53E-01,4,6057,Not eroded,0,1,1,1,1,1,1.68E-07,2.73E-07,7.21E-09,3.21E-07,8.02E-08,0,5.74E-04,1,1,0,0,0
6058,1.19E-01,3,6058,Not eroded,0,0,0,0,0,0,-1.31E-07,6.62E-08,2.09E-07,2.55E-07,8.50E-08,1,4.56E-04,1,1,0,0,0
6059,3.05E-01,0,6059,Not eroded,0,1,1,1,1,1,0,0.00E+00,0.00E+00,0,0,1,0.00E+00,1,1,1,1,1
6060,1.70E-01,4,6060,Not eroded,0,0,0,0,0,0,1.19E-07,-6.22E-08,-5.43E-08,1.45E-07,3.62E-08,0,2.59E-04,1,1,0,0,0
6061,2.92E-01,7,6061,Not eroded,0,1,1,1,1,1,-2.99E-06,-4.74E-06,-6.00E-07,5.64E-06,8.06E-07,0,1.01E-02,0,0,0,0,0
6062,2.46E-01,5,6062,Not eroded,0,1,1,1,1,0,4.29E-08,2.00E-07,-7.22E-08,2.17E-07,4.33E-08,0,3.88E-04,0,1,0,0,0
6063,1.11E-01,4,6063,Not eroded,0,0,0,0,0,0,1.47E-07,2.26E-07,1.37E-07,3.02E-07,7.55E-08,0,5.40E-04,1,1,0,0,0
6064,2.95E-01,3,6064,Not eroded,0,1,1,1,1,1,-5.57E-07,7.00E-07,2.22E-06,2.39E-06,7.98E-07,1,4.28E-03,1,1,0,0,0
6065,6.59E-02,0,6065,Not eroded,0,0,0,0,0,0,0,0.00E+00,0.00E+00,0,0,1,0.00E+00,1,1,1,1,1
6066,1.38E-01,3,6066,Not eroded,0,0,0,0,0,0,1.53E-07,5.02E-07,4.37E-07,6.83E-07,2.28E-07,1,1.22E-03,1,1,0,0,0
6067,1.95E-01,4,6067,Not eroded,0,1,0,0,0,0,-1.30E-07,6.67E-07,1.19E-06,1.37E-06,3.42E-07,0,2.45E-03,1,1,0,0,0
6068,1.27E-01,4,6068,Not eroded,0,0,0,0,0,0,-1.41E-08,4.23E-07,2.67E-07,5.00E-07,1.25E-07,0,8.94E-04,1,1,0,0,0
6069,2.31E-01,0,6069,Not eroded,0,1,1,1,0,0,0,0.00E+00,0.00E+00,0,0,1,0.00E+00,1,1,1,1,1
6071,2.46E-01,4,6071,Not eroded,0,1,1,1,1,0,-1.91E-06,2.30E-06,-2.65E-06,3.99E-06,9.98E-07,0,7.14E-03,1,1,0,0,0
6072,1.20E-01,4,6072,Not eroded,0,0,0,0,0,0,1.62E-07,-8.88E-09,8.00E-07,8.16E-07,2.04E-07,0,1.46E-03,1,1,0,0,0
6074,1.63E-01,4,6074,Not eroded,0,0,0,0,0,0,5.42E-07,3.16E-07,4.29E-07,7.59E-07,1.90E-07,0,1.36E-03,1,1,0,0,0
6075,2.15E-01,0,6075,Not eroded,0,1,0,0,0,0,0,0.00E+00,0.00E+00,0,0,1,0.00E+00,1,1,1,1,1
6076,2.85E-01,4,6076,Not eroded,0,1,1,1,1,1,1.53E-07,1.32E-07,-2.76E-08,2.04E-07,5.10E-08,0,3.65E-04,1,1,0,0,0
6077,8.49E-02,3,6077,Not eroded,0,0,0,0,0,0,1.14E-06,-1.27E-07,9.90E-07,1.51E-06,5.04E-07,1,2.70E-03,1,1,0,0,0
6078,3.07E-01,0,6078,ERODED,1,1,1,1,1,1,0,0.00E+00,0.00E+00,0,0,1,0.00E+00,1,1,1,1,1
6080,1.09E-01,3,6080,Not eroded,0,0,0,0,0,0,-1.67E-07,-1.30E-07,7.42E-08,2.24E-07,7.48E-08,1,4.01E-04,1,1,0,0,0
6081,3.10E-01,0,6081,ERODED,1,1,1,1,1,1,0,0.00E+00,0.00E+00,0,0,1,0.00E+00,1,1,1,1,1
6082,3.20E-01,0,6082,ERODED,1,1,1,1,1,1,0,0.00E+00,0.00E+00,0,0,1,0.00E+00,1,1,1,1,1
6084,7.19E-02,3,6084,Not eroded,0,0,0,0,0,0,1.04E-07,-4.09E-07,4.68E-07,6.30E-07,2.10E-07,1,1.13E-03,1,1,0,0,0
6086,2.76E-01,0,6086,ERODED,1,1,1,1,1,1,0,0.00E+00,0.00E+00,0,0,1,0.00E+00,1,1,1,1,1
6087,1.43E-01,5,6087,Not eroded,0,0,0,0,0,0,-4.61E-07,-6.34E-07,3.25E-07,8.49E-07,1.70E-07,0,1.52E-03,0,1,0,0,0
6088,1.09E-01,2,6088,Not eroded,0,0,0,0,0,0,6.95E-07,4.67E-07,-1.86E-08,8.38E-07,4.19E-07,1,1.50E-03,1,1,1,0,0
6089,2.07E-01,4,6089,Not eroded,0,1,0,0,0,0,1.92E-07,4.93E-07,8.42E-07,9.94E-07,2.49E-07,0,1.78E-03,1,1,0,0,0
6090,1.26E-01,3,6090,Not eroded,0,0,0,0,0,0,3.16E-06,2.01E-07,4.72E-06,5.68E-06,1.89E-06,1,1.02E-02,1,1,0,0,0
6091,1.59E-01,4,6091,Not eroded,0,0,0,0,0,0,1.32E-07,4.05E-08,3.85E-07,4.09E-07,1.02E-07,0,7.32E-04,1,1,0,0,0
6092,5.66E-02,3,6092,Not eroded,0,0,0,0,0,0,-1.42E-07,-3.98E-08,-1.65E-06,1.65E-06,5.52E-07,1,2.95E-03,1,1,0,0,0
6093,6.42E-02,3,6093,Not eroded,0,0,0,0,0,0,-1.02E-07,-1.29E-07,-6.75E-08,1.78E-07,5.94E-08,1,3.18E-04,1,1,0,0,0
6095,2.81E-01,5,6095,Not eroded,0,1,1,1,1,1,8.07E-07,3.18E-06,-1.57E-06,3.64E-06,7.27E-07,0,6.51E-03,0,1,0,0,0
6096,2.06E-01,0,6096,Not eroded,0,1,0,0,0,0,0,0.00E+00,0.00E+00,0,0,1,0.00E+00,1,1,1,1,1
6097,2.42E-01,5,6097,Not eroded,0,1,1,1,1,0,5.72E-06,1.20E-06,5.06E-06,7.73E-06,1.55E-06,0,1.38E-02,0,1,0,0,0
6098,2.94E-01,5,6098,Not eroded,0,1,1,1,1,1,1.02E-07,-5.39E-07,-6.55E-07,8.54E-07,1.71E-07,0,1.53E-03,0,1,0,0,0
6099,1.84E-01,0,6099,Not eroded,0,0,0,0,0,0,0,0.00E+00,0.00E+00,0,0,1,0.00E+00,1,1,1,1,1
6100,1.35E-01,3,6100,Not eroded,0,0,0,0,0,0,4.54E-08,-6.15E-07,1.20E-07,6.28E-07,2.09E-07,1,1.12E-03,1,1,0,0,0
6101,1.46E-01,4,6101,Not eroded,0,0,0,0,0,0,2.46E-07,-6.08E-08,4.65E-07,5.30E-07,1.32E-07,0,9.48E-04,1,1,0,0,0
6102,2.22E-01,0,6102,Not eroded,0,1,1,0,0,0,0,0.00E+00,0.00E+00,0,0,1,0.00E+00,1,1,1,1,1
6104,1.96E-01,3,6104,Not eroded,0,1,0,0,0,0,3.83E-07,-1.27E-07,8.38E-08,4.12E-07,1.37E-07,1,7.37E-04,1,1,0,0,0
6105,3.28E-01,0,6105,ERODED,1,1,1,1,1,1,0,0.00E+00,0.00E+00,0,0,1,0.00E+00,1,1,1,1,1
6106,8.41E-02,4,6106,Not eroded,0,0,0,0,0,0,-2.43E-08,3.02E-07,-7.48E-08,3.12E-07,7.80E-08,0,5.58E-04,1,1,0,0,0
6107,7.92E-02,0,6107,Not eroded,0,0,0,0,0,0,0,0.00E+00,0.00E+00,0,0,1,0.00E+00,1,1,1,1,1
6108,3.06E-01,6,6108,Not eroded,0,1,1,1,1,1,3.27E-07,2.65E-05,1.45E-05,3.02E-05,5.03E-06,0,5.40E-02,0,0,0,0,0
6109,1.86E-01,0,6109,Not eroded,0,0,0,0,0,0,0,0.00E+00,0.00E+00,0,0,1,0.00E+00,1,1,1,1,1
6110,2.02E-01,4,6110,Not eroded,0,1,0,0,0,0,-3.57E-07,-2.42E-07,3.71E-07,5.68E-07,1.42E-07,0,1.02E-03,1,1,0,0,0
6111,1.25E-01,3,6111,Not eroded,0,0,0,0,0,0,2.45E-07,3.69E-08,3.74E-08,2.51E-07,8.35E-08,1,4.49E-04,1,1,0,0,0
6112,2.51E-01,0,6112,Not eroded,0,1,1,1,1,1,0,0.00E+00,0.00E+00,0,0,1,0.00E+00,1,1,1,1,1
6113,2.18E-01,2,6113,Not eroded,0,1,0,0,0,0,-7.34E-07,-4.70E-07,-4.05E-07,9.60E-07,4.80E-07,1,1.72E-03,1,1,1,0,0
6114,1.46E-01,4,6114,Not eroded,0,0,0,0,0,0,2.02E-07,1.26E-07,-9.11E-09,2.39E-07,5.96E-08,0,4.28E-04,1,1,0,0,0
6116,8.69E-02,4,6116,Not eroded,0,0,0,0,0,0,7.82E-09,-6.62E-08,6.15E-09,6.69E-08,1.67E-08,0,1.20E-04,1,1,0,0,0
6117,3.04E-01,3,6117,Not eroded,0,1,1,1,1,1,2.88E-08,4.43E-07,6.62E-07,7.97E-07,2.66E-07,1,1.43E-03,1,1,0,0,0
6118,2.68E-01,6,6118,Not eroded,0,1,1,1,1,1,1.41E-06,1.65E-06,1.25E-06,2.50E-06,4.17E-07,0,4.47E-03,0,0,0,0,0
6119,5.66E-02,3,6119,Not eroded,0,0,0,0,0,0,-2.99E-07,5.10E-07,-1.50E-06,1.61E-06,5.37E-07,1,2.88E-03,1,1,0,0,0
6120,2.01E-01,0,6120,Not eroded,0,1,0,0,0,0,0,0.00E+00,0.00E+00,0,0,1,0.00E+00,1,1,1,1,1
6121,9.12E-02,5,6121,Not eroded,0,0,0,0,0,0,1.43E-07,7.26E-08,7.33E-08,1.76E-07,3.53E-08,0,3.15E-04,0,1,0,0,0
6123,5.66E-02,2,6123,Not eroded,0,0,0,0,0,0,-5.57E-08,-2.35E-08,-1.47E-06,1.48E-06,7.38E-07,1,2.65E-03,1,1,1,0,0
6124,2.94E-01,4,6124,Not eroded,0,1,1,1,1,1,-2.75E-06,3.70E-06,1.13E-06,4.75E-06,1.19E-06,0,8.50E-03,1,1,0,0,0
6125,2.88E-01,0,6125,ERODED,1,1,1,1,1,1,0,0.00E+00,0.00E+00,0,0,1,0.00E+00,1,1,1,1,1
6126,2.37E-01,3,6126,Not eroded,0,1,1,1,0,0,-1.07E-07,-8.45E-07,-6.32E-08,8.54E-07,2.85E-07,1,1.53E-03,1,1,0,0,0
6127,1.34E-01,6,6127,Not eroded,0,0,0,0,0,0,3.40E-07,4.89E-08,5.76E-08,3.48E-07,5.80E-08,0,6.22E-04,0,0,0,0,0
6128,1.68E-01,2,6128,Not eroded,0,0,0,0,0,0,3.21E-07,-6.56E-07,1.81E-07,7.53E-07,3.76E-07,1,1.35E-03,1,1,1,0,0
6129,2.87E-01,0,6129,Not eroded,0,1,1,1,1,1,0,0.00E+00,0.00E+00,0,0,1,0.00E+00,1,1,1,1,1
6130,3.25E-01,0,6130,ERODED,1,1,1,1,1,1,0,0.00E+00,0.00E+00,0,0,1,0.00E+00,1,1,1,1,1
6131,2.73E-01,5,6131,Not eroded,0,1,1,1,1,1,3.07E-06,2.76E-06,-1.31E-06,4.33E-06,8.67E-07,0,7.75E-03,0,1,0,0,0
6132,1.98E-01,0,6132,Not eroded,0,1,0,0,0,0,0,0.00E+00,0.00E+00,0,0,1,0.00E+00,1,1,1,1,1
6133,1.32E-01,2,6133,Not eroded,0,0,0,0,0,0,-2.09E-06,2.55E-06,1.06E-05,1.11E-05,5.56E-06,1,1.99E-02,1,1,1,0,0
6135,2.01E-01,4,6135,Not eroded,0,1,0,0,0,0,1.34E-06,9.42E-07,8.58E-07,1.85E-06,4.62E-07,0,3.31E-03,1,1,0,0,0
6136,2.86E-01,0,6136,Not eroded,0,1,1,1,1,1,0,0.00E+00,0.00E+00,0,0,1,0.00E+00,1,1,1,1,1
6137,2.40E-01,0,6137,Not eroded,0,1,1,1,0,0,0,0.00E+00,0.00E+00,0,0,1,0.00E+00,1,1,1,1,1
6138,2.87E-01,0,6138,ERODED,1,1,1,1,1,1,0,0.00E+00,0.00E+00,0,0,1,0.00E+00,1,1,1,1,1
6139,1.95E-01,3,6139,Not eroded,0,1,0,0,0,0,-1.31E-07,2.46E-07,2.28E-07,3.60E-07,1.20E-07,1,6.44E-04,1,1,0,0,0
6140,1.23E-01,6,6140,Not eroded,0,0,0,0,0,0,5.85E-08,5.30E-08,7.21E-08,1.07E-07,1.78E-08,0,1.91E-04,0,0,0,0,0
6141,6.40E-02,4,6141,Not eroded,0,0,0,0,0,0,-3.43E-07,2.47E-08,-1.92E-08,3.44E-07,8.60E-08,0,6.15E-04,1,1,0,0,0
6142,1.87E-01,2,6142,Not eroded,0,0,0,0,0,0,5.54E-07,-1.06E-07,5.88E-07,8.15E-07,4.08E-07,1,1.46E-03,1,1,1,0,0
6143,2.87E-01,4,6143,Not eroded,0,1,1,1,1,1,-2.06E-07,1.28E-06,4.92E-08,1.29E-06,3.24E-07,0,2.31E-03,1,1,0,0,0
6144,1.93E-01,3,6144,Not eroded,0,1,0,0,0,0,3.94E-07,1.20E-08,4.47E-07,5.96E-07,1.99E-07,1,1.07E-03,1,1,0,0,0
6145,1.63E-01,4,6145,Not eroded,0,0,0,0,0,0,1.85E-06,-4.13E-07,6.66E-07,2.01E-06,5.02E-07,0,3.60E-03,1,1,0,0,0
6146,3.25E-01,0,6146,ERODED,1,1,1,1,1,1,0,0.00E+00,0.00E+00,0,0,1,0.00E+00,1,1,1,1,1
6147,1.81E-01,4,6147,Not eroded,0,0,0,0,0,0,2.31E-06,1.46E-06,5.79E-07,2.79E-06,6.98E-07,0,4.99E-03,1,1,0,0,0
6148,6.51E-02,4,6148,Not eroded,0,0,0,0,0,0,-1.64E-07,-9.25E-08,1.77E-07,2.59E-07,6.47E-08,0,4.63E-04,1,1,0,0,0
6149,2.96E-01,0,6149,ERODED,1,1,1,1,1,1,0,0.00E+00,0.00E+00,0,0,1,0.00E+00,1,1,1,1,1
6150,2.24E-01,0,6150,Not eroded,0,1,1,0,0,0,0,0.00E+00,0.00E+00,0,0,1,0.00E+00,1,1,1,1,1
6151,2.25E-01,0,6151,Not eroded,0,1,1,0,0,0,0,0.00E+00,0.00E+00,0,0,1,0.00E+00,1,1,1,1,1
6152,6.56E-02,6,6152,Not eroded,0,0,0,0,0,0,-1.19E-07,-2.59E-08,-8.84E-08,1.51E-07,2.51E-08,0,2.70E-04,0,0,0,0,0
6153,1.16E-01,3,6153,Not eroded,0,0,0,0,0,0,-2.23E-06,5.80E-06,2.68E-06,6.77E-06,2.26E-06,1,1.21E-02,1,1,0,0,0
6154,3.34E-01,0,6154,ERODED,1,1,1,1,1,1,0,0.00E+00,0.00E+00,0,0,1,0.00E+00,1,1,1,1,1
6155,1.50E-01,3,6155,Not eroded,0,0,0,0,0,0,5.05E-07,-9.83E-07,2.31E-07,1.13E-06,3.76E-07,1,2.02E-03,1,1,0,0,0
6156,1.40E-01,3,6156,Not eroded,0,0,0,0,0,0,5.25E-07,6.36E-07,-7.87E-08,8.29E-07,2.76E-07,1,1.48E-03,1,1,0,0,0
6157,2.94E-01,4,6157,Not eroded,0,1,1,1,1,1,-1.29E-06,8.58E-07,2.14E-07,1.57E-06,3.92E-07,0,2.81E-03,1,1,0,0,0
6158,1.89E-01,0,6158,Not eroded,0,0,0,0,0,0,0,0.00E+00,0.00E+00,0,0,1,0.00E+00,1,1,1,1,1
6159,3.07E-01,0,6159,ERODED,1,1,1,1,1,1,0,0.00E+00,0.00E+00,0,0,1,0.00E+00,1,1,1,1,1
6160,2.56E-01,0,6160,Not eroded,0,1,1,1,1,1,0,0.00E+00,0.00E+00,0,0,1,0.00E+00,1,1,1,1,1
6161,2.57E-01,4,6161,Not eroded,0,1,1,1,1,1,-1.09E-07,-1.98E-07,1.25E-07,2.58E-07,6.46E-08,0,4.61E-04,1,1,0,0,0
6162,2.00E-01,3,6162,Not eroded,0,1,0,0,0,0,-6.36E-07,1.75E-06,-2.95E-06,3.49E-06,1.16E-06,1,6.24E-03,1,1,0,0,0
6163,2.40E-01,3,6163,Not eroded,0,1,1,1,0,0,-1.21E-05,5.42E-06,9.39E-06,1.63E-05,5.42E-06,1,2.92E-02,1,1,0,0,0
6164,1.81E-01,0,6164,Not eroded,0,0,0,0,0,0,0,0.00E+00,0.00E+00,0,0,1,0.00E+00,1,1,1,1,1
6165,5.66E-02,3,6165,Not eroded,0,0,0,0,0,0,-1.78E-06,-1.32E-06,-1.51E-06,2.68E-06,8.95E-07,1,4.79E-03,1,1,0,0,0
6166,1.12E-01,5,6166,Not eroded,0,0,0,0,0,0,1.59E-07,1.97E-07,-7.57E-08,2.64E-07,5.28E-08,0,4.72E-04,0,1,0,0,0
6167,2.00E-01,6,6167,Not eroded,0,1,0,0,0,0,-4.04E-07,2.92E-08,5.66E-07,6.96E-07,1.16E-07,0,1.24E-03,0,0,0,0,0
6168,7.64E-02,4,6168,Not eroded,0,0,0,0,0,0,-3.21E-08,8.94E-09,-1.82E-08,3.80E-08,9.49E-09,0,6.80E-05,1,1,0,0,0
6169,3.33E-01,0,6169,ERODED,1,1,1,1,1,1,0,0.00E+00,0.00E+00,0,0,1,0.00E+00,1,1,1,1,1
6170,2.89E-01,2,6170,Not eroded,0,1,1,1,1,1,4.22E-08,5.27E-07,1.25E-07,5.44E-07,2.72E-07,1,9.73E-04,1,1,1,0,0
6171,2.69E-01,0,6171,ERODED,1,1,1,1,1,1,0,0.00E+00,0.00E+00,0,0,1,0.00E+00,1,1,1,1,1
6172,1.94E-01,0,6172,Not eroded,0,1,0,0,0,0,0,0.00E+00,0.00E+00,0,0,1,0.00E+00,1,1,1,1,1
6173,2.81E-01,4,6173,Not eroded,0,1,1,1,1,1,-1.35E-06,-4.39E-07,-8.39E-07,1.65E-06,4.13E-07,0,2.95E-03,1,1,0,0,0
6174,3.18E-01,0,6174,ERODED,1,1,1,1,1,1,0,0.00E+00,0.00E+00,0,0,1,0.00E+00,1,1,1,1,1
6175,2.32E-01,0,6175,Not eroded,0,1,1,1,0,0,0,0.00E+00,0.00E+00,0,0,1,0.00E+00,1,1,1,1,1
6176,1.59E-01,4,6176,Not eroded,0,0,0,0,0,0,3.58E-07,6.89E-07,-2.32E-07,8.10E-07,2.03E-07,0,1.45E-03,1,1,0,0,0
6177,2.82E-01,3,6177,Not eroded,0,1,1,1,1,1,1.15E-06,1.11E-06,-5.39E-07,1.69E-06,5.63E-07,1,3.02E-03,1,1,0,0,0
6178,1.75E-01,2,6178,Not eroded,0,0,0,0,0,0,-6.99E-08,5.21E-08,-2.54E-08,9.08E-08,4.54E-08,1,1.62E-04,1,1,1,0,0
6179,5.78E-02,0,6179,Not eroded,0,0,0,0,0,0,0,0.00E+00,0.00E+00,0,0,1,0.00E+00,1,1,1,1,1
6180,1.10E-01,0,6180,Not eroded,0,0,0,0,0,0,0,0.00E+00,0.00E+00,0,0,1,0.00E+00,1,1,1,1,1
6183,7.62E-02,3,6183,Not eroded,0,0,0,0,0,0,1.50E-07,1.21E-07,7.04E-07,7.30E-07,2.43E-07,1,1.31E-03,1,1,0,0,0
6184,6.17E-02,6,6184,Not eroded,0,0,0,0,0,0,1.75E-07,-2.52E-07,-3.37E-07,4.56E-07,7.60E-08,0,8.16E-04,0,0,0,0,0
6185,2.06E-01,0,6185,Not eroded,0,1,0,0,0,0,0,0.00E+00,0.00E+00,0,0,1,0.00E+00,1,1,1,1,1
6186,7.58E-02,3,6186,Not eroded,0,0,0,0,0,0,-1.32E-07,2.54E-07,2.81E-07,4.01E-07,1.34E-07,1,7.17E-04,1,1,0,0,0
6187,2.65E-01,0,6187,Not eroded,0,1,1,1,1,1,0,0.00E+00,0.00E+00,0,0,1,0.00E+00,1,1,1,1,1
6188,1.01E-01,5,6188,Not eroded,0,0,0,0,0,0,-1.98E-07,2.98E-07,-9.06E-08,3.69E-07,7.38E-08,0,6.60E-04,0,1,0,0,0
6189,1.72E-01,8,6189,Not eroded,0,0,0,0,0,0,6.99E-07,7.83E-07,3.25E-07,1.10E-06,1.37E-07,0,1.97E-03,0,0,0,0,0
6190,5.67E-02,2,6190,Not eroded,0,0,0,0,0,0,9.83E-09,-8.82E-08,4.17E-07,4.27E-07,2.13E-07,1,7.64E-04,1,1,1,0,0
6191,3.28E-01,0,6191,ERODED,1,1,1,1,1,1,0,0.00E+00,0.00E+00,0,0,1,0.00E+00,1,1,1,1,1
6192,3.01E-01,3,6192,Not eroded,0,1,1,1,1,1,-1.68E-07,5.96E-07,3.12E-07,6.93E-07,2.31E-07,1,1.24E-03,1,1,0,0,0
6193,2.89E-01,0,6193,Not eroded,0,1,1,1,1,1,0,0.00E+00,0.00E+00,0,0,1,0.00E+00,1,1,1,1,1
6194,2.32E-01,4,6194,Not eroded,0,1,1,1,0,0,-1.62E-07,-1.98E-07,1.74E-06,1.76E-06,4.40E-07,0,3.15E-03,1,1,0,0,0
6195,2.01E-01,4,6195,Not eroded,0,1,0,0,0,0,1.56E-07,3.25E-07,-6.97E-08,3.67E-07,9.18E-08,0,6.56E-04,1,1,0,0,0
6196,2.32E-01,5,6196,Not eroded,0,1,1,1,0,0,-1.41E-06,-4.11E-06,2.07E-05,2.12E-05,4.24E-06,0,3.79E-02,0,1,0,0,0
6197,1.41E-01,4,6197,Not eroded,0,0,0,0,0,0,-4.03E-06,-1.74E-07,6.42E-06,7.58E-06,1.90E-06,0,1.36E-02,1,1,0,0,0
6198,9.07E-02,4,6198,Not eroded,0,0,0,0,0,0,7.05E-08,-5.16E-07,-6.67E-08,5.25E-07,1.31E-07,0,9.39E-04,1,1,0,0,0
6199,1.87E-01,0,6199,Not eroded,0,0,0,0,0,0,0,0.00E+00,0.00E+00,0,0,1,0.00E+00,1,1,1,1,1
6200,2.73E-01,0,6200,ERODED,1,1,1,1,1,1,0,0.00E+00,0.00E+00,0,0,1,0.00E+00,1,1,1,1,1
6201,3.10E-01,4,6201,Not eroded,0,1,1,1,1,1,2.62E-08,8.72E-07,4.25E-07,9.71E-07,2.43E-07,0,1.74E-03,1,1,0,0,0
6202,2.42E-01,5,6202,Not eroded,0,1,1,1,1,0,1.20E-06,2.48E-07,-2.52E-07,1.25E-06,2.49E-07,0,2.24E-03,0,1,0,0,0
6203,1.13E-01,3,6203,Not eroded,0,0,0,0,0,0,-3.26E-07,-3.52E-08,1.26E-07,3.51E-07,1.17E-07,1,6.28E-04,1,1,0,0,0
6204,2.23E-01,6,6204,Not eroded,0,1,1,0,0,0,-4.25E-07,7.69E-07,1.00E-06,1.33E-06,2.22E-07,0,2.38E-03,0,0,0,0,0
6205,1.78E-01,0,6205,Not eroded,0,0,0,0,0,0,0,0.00E+00,0.00E+00,0,0,1,0.00E+00,1,1,1,1,1
6206,1.46E-01,0,6206,Not eroded,0,0,0,0,0,0,0,0.00E+00,0.00E+00,0,0,1,0.00E+00,1,1,1,1,1
6207,1.58E-01,5,6207,Not eroded,0,0,0,0,0,0,1.92E-07,1.48E-08,4.03E-07,4.47E-07,8.93E-08,0,8.00E-04,0,1,0,0,0
6208,1.21E-01,4,6208,Not eroded,0,0,0,0,0,0,-5.65E-07,3.64E-07,-2.13E-08,6.72E-07,1.68E-07,0,1.20E-03,1,1,0,0,0
6209,5.81E-02,5,6209,Not eroded,0,0,0,0,0,0,3.63E-07,-1.72E-07,1.67E-07,4.35E-07,8.70E-08,0,7.78E-04,0,1,0,0,0
6211,1.20E-01,3,6211,Not eroded,0,0,0,0,0,0,-7.16E-07,-1.10E-07,5.16E-07,8.90E-07,2.97E-07,1,1.59E-03,1,1,0,0,0
6212,2.33E-01,0,6212,Not eroded,0,1,1,1,0,0,0,0.00E+00,0.00E+00,0,0,1,0.00E+00,1,1,1,1,1
6214,2.97E-01,3,6214,Not eroded,0,1,1,1,1,1,1.12E-06,-2.46E-06,4.51E-08,2.70E-06,9.00E-07,1,4.83E-03,1,1,0,0,0
6217,1.51E-01,4,6217,Not eroded,0,0,0,0,0,0,-5.59E-08,1.91E-07,2.97E-07,3.57E-07,8.93E-08,0,6.39E-04,1,1,0,0,0
6218,3.14E-01,0,6218,ERODED,1,1,1,1,1,1,0,0.00E+00,0.00E+00,0,0,1,0.00E+00,1,1,1,1,1
6219,2.40E-01,3,6219,Not eroded,0,1,1,1,0,0,-7.32E-06,8.95E-06,4.77E-06,1.25E-05,4.17E-06,1,2.24E-02,1,1,0,0,0
6220,1.45E-01,2,6220,Not eroded,0,0,0,0,0,0,2.63E-08,1.15E-07,-1.48E-08,1.19E-07,5.93E-08,1,2.13E-04,1,1,1,0,0
6221,2.32E-01,3,6221,Not eroded,0,1,1,1,0,0,4.09E-08,1.99E-07,8.86E-08,2.22E-07,7.40E-08,1,3.97E-04,1,1,0,0,0
6223,9.42E-02,0,6223,Not eroded,0,0,0,0,0,0,0,0.00E+00,0.00E+00,0,0,1,0.00E+00,1,1,1,1,1
6225,6.18E-02,3,6225,Not eroded,0,0,0,0,0,0,1.63E-07,-1.37E-07,-4.33E-07,4.82E-07,1.61E-07,1,8.62E-04,1,1,0,0,0
6226,8.98E-02,4,6226,Not eroded,0,0,0,0,0,0,1.91E-06,6.77E-07,-4.86E-07,2.08E-06,5.20E-07,0,3.72E-03,1,1,0,0,0
6227,2.48E-01,0,6227,Not eroded,0,1,1,1,1,0,0,0.00E+00,0.00E+00,0,0,1,0.00E+00,1,1,1,1,1
6228,6.53E-02,5,6228,Not eroded,0,0,0,0,0,0,2.22E-07,8.88E-08,-1.14E-07,2.65E-07,5.30E-08,0,4.74E-04,0,1,0,0,0
6229,1.37E-01,3,6229,Not eroded,0,0,0,0,0,0,2.00E-07,-1.62E-07,9.06E-07,9.42E-07,3.14E-07,1,1.68E-03,1,1,0,0,0
6231,2.94E-01,5,6231,Not eroded,0,1,1,1,1,1,9.11E-09,-2.77E-07,-2.15E-07,3.51E-07,7.01E-08,0,6.28E-04,0,1,0,0,0
6232,1.01E-01,6,6232,Not eroded,0,0,0,0,0,0,2.91E-07,2.26E-07,-3.25E-08,3.70E-07,6.16E-08,0,6.62E-04,0,0,0,0,0
6233,2.69E-01,7,6233,Not eroded,0,1,1,1,1,1,1.81E-07,6.63E-08,3.51E-08,1.96E-07,2.80E-08,0,3.51E-04,0,0,0,0,0
6234,1.18E-01,0,6234,Not eroded,0,0,0,0,0,0,0,0.00E+00,0.00E+00,0,0,1,0.00E+00,1,1,1,1,1
6235,1.05E-01,0,6235,Not eroded,0,0,0,0,0,0,0,0.00E+00,0.00E+00,0,0,1,0.00E+00,1,1,1,1,1
6236,1.52E-01,0,6236,Not eroded,0,0,0,0,0,0,0,0.00E+00,0.00E+00,0,0,1,0.00E+00,1,1,1,1,1
6237,1.77E-01,3,6237,Not eroded,0,0,0,0,0,0,-1.23E-07,1.86E-07,1.66E-07,2.78E-07,9.28E-08,1,4.97E-04,1,1,0,0,0
6239,1.43E-01,0,6239,Not eroded,0,0,0,0,0,0,0,0.00E+00,0.00E+00,0,0,1,0.00E+00,1,1,1,1,1
6240,5.65E-02,5,6240,Not eroded,0,0,0,0,0,0,1.79E-07,2.71E-07,-1.36E-06,1.40E-06,2.80E-07,0,2.50E-03,0,1,0,0,0
6241,2.20E-01,6,6241,Not eroded,0,1,0,0,0,0,2.30E-06,1.03E-06,-1.31E-06,2.84E-06,4.74E-07,0,5.08E-03,0,0,0,0,0
6242,2.19E-01,0,6242,Not eroded,0,1,0,0,0,0,0,0.00E+00,0.00E+00,0,0,1,0.00E+00,1,1,1,1,1
6243,6.67E-02,5,6243,Not eroded,0,0,0,0,0,0,-1.25E-06,1.79E-06,1.20E-06,2.49E-06,4.97E-07,0,4.45E-03,0,1,0,0,0
6244,1.45E-01,0,6244,Not eroded,0,0,0,0,0,0,0,0.00E+00,0.00E+00,0,0,1,0.00E+00,1,1,1,1,1
6246,2.98E-01,4,6246,Not eroded,0,1,1,1,1,1,8.66E-06,-2.12E-06,3.36E-06,9.53E-06,2.38E-06,0,1.70E-02,1,1,0,0,0
6247,1.58E-01,3,6247,Not eroded,0,0,0,0,0,0,2.83E-07,-6.02E-07,3.02E-07,7.30E-07,2.43E-07,1,1.31E-03,1,1,0,0,0
6248,5.66E-02,3,6248,Not eroded,0,0,0,0,0,0,4.19E-07,-4.05E-07,-1.24E-06,1.37E-06,4.58E-07,1,2.45E-03,1,1,0,0,0
6249,5.73E-02,0,6249,Not eroded,0,0,0,0,0,0,0,0.00E+00,0.00E+00,0,0,1,0.00E+00,1,1,1,1,1
6250,2.41E-01,5,6250,Not eroded,0,1,1,1,1,0,3.58E-06,5.27E-07,-5.79E-07,3.67E-06,7.33E-07,0,6.56E-03,0,1,0,0,0
6252,1.26E-01,4,6252,Not eroded,0,0,0,0,0,0,3.01E-07,-8.19E-07,8.98E-08,8.77E-07,2.19E-07,0,1.57E-03,1,1,0,0,0
6253,6.17E-02,3,6253,Not eroded,0,0,0,0,0,0,-2.09E-07,3.06E-08,2.35E-08,2.12E-07,7.07E-08,1,3.79E-04,1,1,0,0,0
6254,1.92E-01,0,6254,Not eroded,0,1,0,0,0,0,0,0.00E+00,0.00E+00,0,0,1,0.00E+00,1,1,1,1,1
6255,2.64E-01,0,6255,Not eroded,0,1,1,1,1,1,0,0.00E+00,0.00E+00,0,0,1,0.00E+00,1,1,1,1,1
6256,1.49E-01,4,6256,Not eroded,0,0,0,0,0,0,1.74E-06,-6.08E-06,7.98E-07,6.38E-06,1.59E-06,0,1.14E-02,1,1,0,0,0
6257,9.68E-02,3,6257,Not eroded,0,0,0,0,0,0,-1.14E-07,-1.16E-07,8.01E-08,1.81E-07,6.02E-08,1,3.24E-04,1,1,0,0,0
6258,1.76E-01,4,6258,Not eroded,0,0,0,0,0,0,-5.77E-07,3.64E-07,1.39E-07,6.96E-07,1.74E-07,0,1.24E-03,1,1,0,0,0
6259,1.22E-01,7,6259,Not eroded,0,0,0,0,0,0,8.20E-07,-2.15E-07,5.31E-07,1.00E-06,1.43E-07,0,1.79E-03,0,0,0,0,0
6260,1.97E-01,0,6260,Not eroded,0,1,0,0,0,0,0,0.00E+00,0.00E+00,0,0,1,0.00E+00,1,1,1,1,1
6261,1.99E-01,4,6261,Not eroded,0,1,0,0,0,0,-1.70E-06,5.99E-07,1.70E-06,2.48E-06,6.20E-07,0,4.44E-03,1,1,0,0,0
6262,2.16E-01,0,6262,Not eroded,0,1,0,0,0,0,0,0.00E+00,0.00E+00,0,0,1,0.00E+00,1,1,1,1,1
6263,2.82E-01,4,6263,Not eroded,0,1,1,1,1,1,2.41E-06,1.32E-06,5.78E-06,6.40E-06,1.60E-06,0,1.14E-02,1,1,0,0,0
6264,2.56E-01,4,6264,Not eroded,0,1,1,1,1,1,-3.04E-07,8.20E-08,7.89E-07,8.49E-07,2.12E-07,0,1.52E-03,1,1,0,0,0
6265,2.81E-01,0,6265,ERODED,1,1,1,1,1,1,0,0.00E+00,0.00E+00,0,0,1,0.00E+00,1,1,1,1,1
6266,1.87E-01,0,6266,Not eroded,0,0,0,0,0,0,0,0.00E+00,0.00E+00,0,0,1,0.00E+00,1,1,1,1,1
6268,2.94E-01,3,6268,Not eroded,0,1,1,1,1,1,3.09E-07,1.42E-06,-2.44E-07,1.47E-06,4.91E-07,1,2.63E-03,1,1,0,0,0
6269,1.18E-01,0,6269,Not eroded,0,0,0,0,0,0,0,0.00E+00,0.00E+00,0,0,1,0.00E+00,1,1,1,1,1
6270,2.23E-01,4,6270,Not eroded,0,1,1,0,0,0,3.49E-07,-6.79E-07,8.73E-06,8.76E-06,2.19E-06,0,1.57E-02,1,1,0,0,0
6271,9.10E-02,4,6271,Not eroded,0,0,0,0,0,0,9.25E-07,1.28E-06,-7.91E-08,1.58E-06,3.96E-07,0,2.83E-03,1,1,0,0,0
6272,1.14E-01,0,6272,Not eroded,0,0,0,0,0,0,0,0.00E+00,0.00E+00,0,0,1,0.00E+00,1,1,1,1,1
6273,5.68E-02,3,6273,Not eroded,0,0,0,0,0,0,-2.33E-07,2.33E-07,-1.49E-07,3.62E-07,1.21E-07,1,6.48E-04,1,1,0,0,0
6274,1.89E-01,0,6274,Not eroded,0,0,0,0,0,0,0,0.00E+00,0.00E+00,0,0,1,0.00E+00,1,1,1,1,1
6275,6.39E-02,6,6275,Not eroded,0,0,0,0,0,0,8.54E-08,9.98E-08,-8.92E-08,1.59E-07,2.65E-08,0,2.84E-04,0,0,0,0,0
6276,1.97E-01,2,6276,Not eroded,0,1,0,0,0,0,-1.23E-07,-6.30E-07,5.83E-07,8.67E-07,4.33E-07,1,1.55E-03,1,1,1,0,0
6281,1.21E-01,3,6281,Not eroded,0,0,0,0,0,0,4.30E-08,5.05E-07,-2.79E-07,5.79E-07,1.93E-07,1,1.04E-03,1,1,0,0,0
6282,3.32E-01,0,6282,ERODED,1,1,1,1,1,1,0,0.00E+00,0.00E+00,0,0,1,0.00E+00,1,1,1,1,1
6284,1.18E-01,5,6284,Not eroded,0,0,0,0,0,0,1.70E-07,-1.10E-08,3.79E-07,4.15E-07,8.30E-08,0,7.42E-04,0,1,0,0,0
6285,1.69E-01,5,6285,Not eroded,0,0,0,0,0,0,-1.18E-07,-1.03E-07,1.58E-07,2.22E-07,4.45E-08,0,3.97E-04,0,1,0,0,0
6286,1.50E-01,4,6286,Not eroded,0,0,0,0,0,0,-3.31E-07,4.00E-07,3.29E-07,6.15E-07,1.54E-07,0,1.10E-03,1,1,0,0,0
6287,2.55E-01,5,6287,Not eroded,0,1,1,1,1,1,-8.65E-07,3.17E-06,6.28E-06,7.08E-06,1.42E-06,0,1.27E-02,0,1,0,0,0
6289,5.66E-02,3,6289,Not eroded,0,0,0,0,0,0,1.35E-07,-8.70E-09,-1.28E-06,1.29E-06,4.28E-07,1,2.31E-03,1,1,0,0,0
6290,2.49E-01,4,6290,Not eroded,0,1,1,1,1,0,1.97E-07,2.01E-07,1.81E-07,3.34E-07,8.36E-08,0,5.97E-04,1,1,0,0,0
6291,2.69E-01,4,6291,Not eroded,0,1,1,1,1,1,0.000227033,-2.20E-04,-4.61E-04,0.000559064,0.000139766,0,1.00E+00,1,1,0,0,0
6292,2.22E-01,4,6292,Not eroded,0,1,1,0,0,0,4.81E-07,-5.59E-08,9.59E-06,9.60E-06,2.40E-06,0,1.72E-02,1,1,0,0,0
6293,2.56E-01,0,6293,Not eroded,0,1,1,1,1,1,0,0.00E+00,0.00E+00,0,0,1,0.00E+00,1,1,1,1,1
6294,1.47E-01,5,6294,Not eroded,0,0,0,0,0,0,1.54E-07,-5.72E-08,7.97E-08,1.83E-07,3.65E-08,0,3.27E-04,0,1,0,0,0
6295,1.41E-01,0,6295,Not eroded,0,0,0,0,0,0,0,0.00E+00,0.00E+00,0,0,1,0.00E+00,1,1,1,1,1
6296,5.66E-02,0,6296,Not eroded,0,0,0,0,0,0,0,0.00E+00,0.00E+00,0,0,1,0.00E+00,1,1,1,1,1
6297,3.17E-01,0,6297,ERODED,1,1,1,1,1,1,0,0.00E+00,0.00E+00,0,0,1,0.00E+00,1,1,1,1,1
6298,5.65E-02,5,6298,Not eroded,0,0,0,0,0,0,3.24E-07,2.20E-07,-1.46E-06,1.51E-06,3.02E-07,0,2.70E-03,0,1,0,0,0
6299,1.77E-01,6,6299,Not eroded,0,0,0,0,0,0,-1.33E-07,-5.83E-09,9.44E-07,9.53E-07,1.59E-07,0,1.70E-03,0,0,0,0,0
6300,1.19E-01,5,6300,Not eroded,0,0,0,0,0,0,2.23E-07,2.35E-07,1.04E-07,3.40E-07,6.81E-08,0,6.08E-04,0,1,0,0,0
6301,1.51E-01,0,6301,Not eroded,0,0,0,0,0,0,0,0.00E+00,0.00E+00,0,0,1,0.00E+00,1,1,1,1,1
6302,1.26E-01,4,6302,Not eroded,0,0,0,0,0,0,4.75E-06,-4.86E-06,-1.87E-07,6.80E-06,1.70E-06,0,1.22E-02,1,1,0,0,0
6303,1.57E-01,6,6303,Not eroded,0,0,0,0,0,0,1.89E-07,8.72E-09,3.32E-09,1.89E-07,3.15E-08,0,3.38E-04,0,0,0,0,0
6305,1.47E-01,4,6305,Not eroded,0,0,0,0,0,0,2.52E-07,1.21E-07,2.02E-07,3.45E-07,8.62E-08,0,6.17E-04,1,1,0,0,0
6306,1.17E-01,3,6306,Not eroded,0,0,0,0,0,0,1.74E-07,-8.33E-07,1.30E-07,8.61E-07,2.87E-07,1,1.54E-03,1,1,0,0,0
6308,1.37E-01,0,6308,Not eroded,0,0,0,0,0,0,0,0.00E+00,0.00E+00,0,0,1,0.00E+00,1,1,1,1,1
6309,2.89E-01,5,6309,Not eroded,0,1,1,1,1,1,6.07E-08,3.76E-07,1.49E-07,4.09E-07,8.17E-08,0,7.32E-04,0,1,0,0,0
6311,1.77E-01,6,6311,Not eroded,0,0,0,0,0,0,2.58E-07,1.53E-08,6.83E-07,7.30E-07,1.22E-07,0,1.31E-03,0,0,0,0,0
6312,6.69E-02,5,6312,Not eroded,0,0,0,0,0,0,-4.11E-07,1.35E-07,1.71E-07,4.66E-07,9.31E-08,0,8.34E-04,0,1,0,0,0
6313,6.53E-02,6,6313,Not eroded,0,0,0,0,0,0,2.95E-07,4.94E-07,1.24E-07,5.88E-07,9.80E-08,0,1.05E-03,0,0,0,0,0
6314,1.23E-01,3,6314,Not eroded,0,0,0,0,0,0,2.01E-07,-9.06E-08,2.57E-07,3.39E-07,1.13E-07,1,6.06E-04,1,1,0,0,0
6315,6.66E-02,4,6315,Not eroded,0,0,0,0,0,0,8.18E-08,-2.19E-07,-3.87E-08,2.37E-07,5.93E-08,0,4.24E-04,1,1,0,0,0
6316,2.24E-01,5,6316,Not eroded,0,1,1,0,0,0,6.75E-07,4.20E-08,3.56E-07,7.64E-07,1.53E-07,0,1.37E-03,0,1,0,0,0
6317,1.73E-01,7,6317,Not eroded,0,0,0,0,0,0,-1.77E-07,-2.05E-07,1.08E-07,2.92E-07,4.17E-08,0,5.22E-04,0,0,0,0,0
6318,2.28E-01,0,6318,Not eroded,0,1,1,0,0,0,0,0.00E+00,0.00E+00,0,0,1,0.00E+00,1,1,1,1,1
6319,9.61E-02,0,6319,Not eroded,0,0,0,0,0,0,0,0.00E+00,0.00E+00,0,0,1,0.00E+00,1,1,1,1,1
6320,8.12E-02,7,6320,Not eroded,0,0,0,0,0,0,1.50E-07,-9.75E-08,-2.90E-08,1.81E-07,2.59E-08,0,3.24E-04,0,0,0,0,0
6321,1.85E-01,0,6321,Not eroded,0,0,0,0,0,0,0,0.00E+00,0.00E+00,0,0,1,0.00E+00,1,1,1,1,1
6323,2.37E-01,0,6323,Not eroded,0,1,1,1,0,0,0,0.00E+00,0.00E+00,0,0,1,0.00E+00,1,1,1,1,1
6324,2.48E-01,5,6324,Not eroded,0,1,1,1,1,0,-2.32E-07,5.80E-07,-6.15E-08,6.27E-07,1.25E-07,0,1.12E-03,0,1,0,0,0
6325,1.77E-01,4,6325,Not eroded,0,0,0,0,0,0,-1.77E-07,-2.20E-07,-7.06E-08,2.91E-07,7.27E-08,0,5.21E-04,1,1,0,0,0
6326,2.78E-01,5,6326,Not eroded,0,1,1,1,1,1,7.20E-08,1.32E-06,1.28E-06,1.84E-06,3.68E-07,0,3.29E-03,0,1,0,0,0
6327,2.20E-01,0,6327,Not eroded,0,1,0,0,0,0,0,0.00E+00,0.00E+00,0,0,1,0.00E+00,1,1,1,1,1
6328,2.66E-01,5,6328,Not eroded,0,1,1,1,1,1,3.40E-07,1.36E-07,2.60E-07,4.49E-07,8.98E-08,0,8.03E-04,0,1,0,0,0
6329,3.16E-01,0,6329,ERODED,1,1,1,1,1,1,0,0.00E+00,0.00E+00,0,0,1,0.00E+00,1,1,1,1,1
6330,1.49E-01,4,6330,Not eroded,0,0,0,0,0,0,7.31E-07,-2.67E-07,8.84E-07,1.18E-06,2.94E-07,0,2.11E-03,1,1,0,0,0
6331,8.83E-02,2,6331,Not eroded,0,0,0,0,0,0,-2.43E-07,8.60E-08,5.06E-07,5.68E-07,2.84E-07,1,1.02E-03,1,1,1,0,0
6332,1.54E-01,3,6332,Not eroded,0,0,0,0,0,0,-1.85E-06,5.05E-07,-1.32E-07,1.92E-06,6.39E-07,1,3.43E-03,1,1,0,0,0
6333,8.17E-02,5,6333,Not eroded,0,0,0,0,0,0,6.52E-07,-2.47E-07,6.56E-07,9.57E-07,1.91E-07,0,1.71E-03,0,1,0,0,0
6334,2.65E-01,0,6334,ERODED,1,1,1,1,1,1,0,0.00E+00,0.00E+00,0,0,1,0.00E+00,1,1,1,1,1
6335,1.50E-01,3,6335,Not eroded,0,0,0,0,0,0,-1.06E-07,1.04E-08,-9.40E-08,1.42E-07,4.74E-08,1,2.54E-04,1,1,0,0,0
6336,1.61E-01,0,6336,Not eroded,0,0,0,0,0,0,0,0.00E+00,0.00E+00,0,0,1,0.00E+00,1,1,1,1,1
6338,2.37E-01,4,6338,Not eroded,0,1,1,1,0,0,1.39E-07,1.36E-07,3.91E-07,4.37E-07,1.09E-07,0,7.82E-04,1,1,0,0,0
6339,8.99E-02,3,6339,Not eroded,0,0,0,0,0,0,-1.81E-08,3.00E-07,2.97E-07,4.22E-07,1.41E-07,1,7.55E-04,1,1,0,0,0
6341,7.20E-02,5,6341,Not eroded,0,0,0,0,0,0,8.20E-07,8.18E-08,-1.22E-07,8.33E-07,1.67E-07,0,1.49E-03,0,1,0,0,0
6342,2.67E-01,3,6342,Not eroded,0,1,1,1,1,1,0.000160875,3.31E-06,6.80E-05,0.000174675,5.82E-05,1,3.12E-01,1,1,0,0,0
6343,3.16E-01,2,6343,Not eroded,0,1,1,1,1,1,-1.76E-06,2.26E-06,-8.85E-06,9.30E-06,4.65E-06,1,1.66E-02,1,1,1,0,0
6344,6.12E-02,5,6344,Not eroded,0,0,0,0,0,0,-2.89E-07,8.74E-07,-3.77E-07,9.95E-07,1.99E-07,0,1.78E-03,0,1,0,0,0
6345,2.22E-01,3,6345,Not eroded,0,1,1,0,0,0,-1.24E-06,1.65E-06,2.65E-07,2.08E-06,6.94E-07,1,3.72E-03,1,1,0,0,0
6346,2.12E-01,0,6346,Not eroded,0,1,0,0,0,0,0,0.00E+00,0.00E+00,0,0,1,0.00E+00,1,1,1,1,1
6348,9.43E-02,0,6348,Not eroded,0,0,0,0,0,0,0,0.00E+00,0.00E+00,0,0,1,0.00E+00,1,1,1,1,1
6349,1.63E-01,5,6349,Not eroded,0,0,0,0,0,0,4.45E-07,2.20E-07,9.37E-08,5.05E-07,1.01E-07,0,9.03E-04,0,1,0,0,0
6351,1.28E-01,3,6351,Not eroded,0,0,0,0,0,0,-1.34E-07,3.08E-07,1.97E-06,2.00E-06,6.68E-07,1,3.58E-03,1,1,0,0,0
6352,1.06E-01,2,6352,Not eroded,0,0,0,0,0,0,-1.19E-06,-3.59E-06,2.60E-06,4.58E-06,2.29E-06,1,8.19E-03,1,1,1,0,0
6353,1.11E-01,0,6353,Not eroded,0,0,0,0,0,0,0,0.00E+00,0.00E+00,0,0,1,0.00E+00,1,1,1,1,1
6354,1.51E-01,4,6354,Not eroded,0,0,0,0,0,0,-1.32E-06,-3.90E-06,2.19E-06,4.67E-06,1.17E-06,0,8.35E-03,1,1,0,0,0
6355,7.82E-02,3,6355,Not eroded,0,0,0,0,0,0,1.84E-07,-6.79E-07,3.65E-07,7.92E-07,2.64E-07,1,1.42E-03,1,1,0,0,0
6356,6.31E-02,6,6356,Not eroded,0,0,0,0,0,0,1.98E-08,-3.18E-07,1.11E-07,3.37E-07,5.62E-08,0,6.03E-04,0,0,0,0,0
6357,2.78E-01,0,6357,Not eroded,0,1,1,1,1,1,0,0.00E+00,0.00E+00,0,0,1,0.00E+00,1,1,1,1,1
6358,1.49E-01,0,6358,Not eroded,0,0,0,0,0,0,0,0.00E+00,0.00E+00,0,0,1,0.00E+00,1,1,1,1,1
6359,6.47E-02,5,6359,Not eroded,0,0,0,0,0,0,1.70E-07,-1.10E-08,-8.39E-08,1.90E-07,3.79E-08,0,3.40E-04,0,1,0,0,0
6360,1.44E-01,0,6360,Not eroded,0,0,0,0,0,0,0,0.00E+00,0.00E+00,0,0,1,0.00E+00,1,1,1,1,1
6361,1.47E-01,3,6361,Not eroded,0,0,0,0,0,0,9.02E-08,-6.83E-07,-8.89E-08,6.94E-07,2.31E-07,1,1.24E-03,1,1,0,0,0
6362,1.83E-01,0,6362,Not eroded,0,0,0,0,0,0,0,0.00E+00,0.00E+00,0,0,1,0.00E+00,1,1,1,1,1
6363,1.73E-01,0,6363,Not eroded,0,0,0,0,0,0,0,0.00E+00,0.00E+00,0,0,1,0.00E+00,1,1,1,1,1
6364,9.84E-02,3,6364,Not eroded,0,0,0,0,0,0,-1.55E-06,-4.95E-06,2.77E-06,5.88E-06,1.96E-06,1,1.05E-02,1,1,0,0,0
6365,1.99E-01,0,6365,Not eroded,0,1,0,0,0,0,0,0.00E+00,0.00E+00,0,0,1,0.00E+00,1,1,1,1,1
6366,3.18E-01,0,6366,ERODED,1,1,1,1,1,1,0,0.00E+00,0.00E+00,0,0,1,0.00E+00,1,1,1,1,1
6367,3.08E-01,2,6367,ERODED,1,1,1,1,1,1,2.30E-07,5.81E-07,2.81E-07,6.85E-07,3.42E-07,1,1.23E-03,1,1,1,0,0
6369,2.67E-01,0,6369,Not eroded,0,1,1,1,1,1,0,0.00E+00,0.00E+00,0,0,1,0.00E+00,1,1,1,1,1
6370,2.58E-01,0,6370,Not eroded,0,1,1,1,1,1,0,0.00E+00,0.00E+00,0,0,1,0.00E+00,1,1,1,1,1
6371,6.86E-02,4,6371,Not eroded,0,0,0,0,0,0,6.62E-09,-5.00E-07,7.44E-07,8.96E-07,2.24E-07,0,1.60E-03,1,1,0,0,0
6372,5.67E-02,0,6372,Not eroded,0,0,0,0,0,0,0,0.00E+00,0.00E+00,0,0,1,0.00E+00,1,1,1,1,1
6373,1.08E-01,0,6373,Not eroded,0,0,0,0,0,0,0,0.00E+00,0.00E+00,0,0,1,0.00E+00,1,1,1,1,1
6374,5.75E-02,3,6374,Not eroded,0,0,0,0,0,0,-3.43E-07,-5.99E-08,-1.01E-07,3.62E-07,1.21E-07,1,6.48E-04,1,1,0,0,0
6375,1.29E-01,3,6375,Not eroded,0,0,0,0,0,0,3.92E-07,-2.41E-07,4.44E-07,6.40E-07,2.13E-07,1,1.14E-03,1,1,0,0,0
6376,2.78E-01,0,6376,Not eroded,0,1,1,1,1,1,0,0.00E+00,0.00E+00,0,0,1,0.00E+00,1,1,1,1,1
6377,5.66E-02,3,6377,Not eroded,0,0,0,0,0,0,1.09E-07,9.45E-08,-1.48E-06,1.48E-06,4.94E-07,1,2.65E-03,1,1,0,0,0
6378,3.10E-01,0,6378,ERODED,1,1,1,1,1,1,0,0.00E+00,0.00E+00,0,0,1,0.00E+00,1,1,1,1,1
6379,1.45E-01,0,6379,Not eroded,0,0,0,0,0,0,0,0.00E+00,0.00E+00,0,0,1,0.00E+00,1,1,1,1,1
6380,1.25E-01,5,6380,Not eroded,0,0,0,0,0,0,1.72E-07,1.38E-07,-1.27E-07,2.55E-07,5.09E-08,0,4.56E-04,0,1,0,0,0
6381,1.84E-01,5,6381,Not eroded,0,0,0,0,0,0,-5.52E-07,4.27E-07,1.65E-08,6.98E-07,1.40E-07,0,1.25E-03,0,1,0,0,0
6382,1.66E-01,5,6382,Not eroded,0,0,0,0,0,0,3.01E-07,2.80E-07,7.93E-10,4.11E-07,8.22E-08,0,7.35E-04,0,1,0,0,0
6383,2.71E-01,0,6383,ERODED,1,1,1,1,1,1,0,0.00E+00,0.00E+00,0,0,1,0.00E+00,1,1,1,1,1
6385,1.28E-01,0,6385,Not eroded,0,0,0,0,0,0,0,0.00E+00,0.00E+00,0,0,1,0.00E+00,1,1,1,1,1
6387,1.36E-01,3,6387,Not eroded,0,0,0,0,0,0,2.95E-06,1.45E-06,3.48E-08,3.29E-06,1.10E-06,1,5.88E-03,1,1,0,0,0
6388,1.38E-01,4,6388,Not eroded,0,0,0,0,0,0,-2.30E-07,-4.27E-07,-3.69E-09,4.85E-07,1.21E-07,0,8.68E-04,1,1,0,0,0
6389,8.90E-02,2,6389,Not eroded,0,0,0,0,0,0,-1.11E-07,-7.80E-07,-6.25E-08,7.90E-07,3.95E-07,1,1.41E-03,1,1,1,0,0
6391,1.10E-01,3,6391,Not eroded,0,0,0,0,0,0,3.92E-07,-6.22E-07,2.72E-07,7.84E-07,2.61E-07,1,1.40E-03,1,1,0,0,0
6392,1.99E-01,4,6392,Not eroded,0,1,0,0,0,0,9.20E-08,3.65E-07,4.29E-08,3.79E-07,9.48E-08,0,6.78E-04,1,1,0,0,0
6393,1.46E-01,0,6393,Not eroded,0,0,0,0,0,0,0,0.00E+00,0.00E+00,0,0,1,0.00E+00,1,1,1,1,1
6395,2.45E-01,3,6395,Not eroded,0,1,1,1,1,0,-3.90E-07,-3.71E-07,5.83E-07,7.94E-07,2.65E-07,1,1.42E-03,1,1,0,0,0
6396,2.54E-01,8,6396,Not eroded,0,1,1,1,1,1,1.46E-07,1.53E-07,-4.09E-08,2.16E-07,2.70E-08,0,3.86E-04,0,0,0,0,0
6397,3.27E-01,0,6397,ERODED,1,1,1,1,1,1,0,0.00E+00,0.00E+00,0,0,1,0.00E+00,1,1,1,1,1
6398,1.69E-01,4,6398,Not eroded,0,0,0,0,0,0,-4.67E-08,2.50E-07,2.57E-07,3.61E-07,9.03E-08,0,6.46E-04,1,1,0,0,0
6399,2.08E-01,0,6399,Not eroded,0,1,0,0,0,0,0,0.00E+00,0.00E+00,0,0,1,0.00E+00,1,1,1,1,1
6400,6.50E-02,4,6400,Not eroded,0,0,0,0,0,0,-4.53E-07,3.51E-07,-3.87E-07,6.91E-07,1.73E-07,0,1.24E-03,1,1,0,0,0
6401,2.52E-01,4,6401,Not eroded,0,1,1,1,1,1,-2.50E-06,-1.41E-05,-9.53E-06,1.72E-05,4.31E-06,0,3.08E-02,1,1,0,0,0
6402,1.82E-01,0,6402,Not eroded,0,0,0,0,0,0,0,0.00E+00,0.00E+00,0,0,1,0.00E+00,1,1,1,1,1
6403,1.39E-01,0,6403,Not eroded,0,0,0,0,0,0,0,0.00E+00,0.00E+00,0,0,1,0.00E+00,1,1,1,1,1
6404,2.09E-01,4,6404,Not eroded,0,1,0,0,0,0,-3.52E-08,8.06E-07,1.89E-06,2.06E-06,5.15E-07,0,3.68E-03,1,1,0,0,0
6405,1.62E-01,0,6405,Not eroded,0,0,0,0,0,0,0,0.00E+00,0.00E+00,0,0,1,0.00E+00,1,1,1,1,1
6406,2.12E-01,0,6406,Not eroded,0,1,0,0,0,0,0,0.00E+00,0.00E+00,0,0,1,0.00E+00,1,1,1,1,1
6407,2.61E-01,0,6407,Not eroded,0,1,1,1,1,1,0,0.00E+00,0.00E+00,0,0,1,0.00E+00,1,1,1,1,1
6408,2.40E-01,4,6408,Not eroded,0,1,1,1,0,0,6.55E-06,-1.88E-07,3.34E-06,7.35E-06,1.84E-06,0,1.31E-02,1,1,0,0,0
6409,2.95E-01,0,6409,Not eroded,0,1,1,1,1,1,0,0.00E+00,0.00E+00,0,0,1,0.00E+00,1,1,1,1,1
6410,9.62E-02,8,6410,Not eroded,0,0,0,0,0,0,6.98E-08,3.02E-08,-8.91E-09,7.66E-08,9.58E-09,0,1.37E-04,0,0,0,0,0
6411,1.80E-01,0,6411,Not eroded,0,0,0,0,0,0,0,0.00E+00,0.00E+00,0,0,1,0.00E+00,1,1,1,1,1
6412,7.22E-02,0,6412,Not eroded,0,0,0,0,0,0,0,0.00E+00,0.00E+00,0,0,1,0.00E+00,1,1,1,1,1
6413,2.93E-01,0,6413,Not eroded,0,1,1,1,1,1,0,0.00E+00,0.00E+00,0,0,1,0.00E+00,1,1,1,1,1
6414,3.22E-01,0,6414,ERODED,1,1,1,1,1,1,0,0.00E+00,0.00E+00,0,0,1,0.00E+00,1,1,1,1,1
6415,1.80E-01,4,6415,Not eroded,0,0,0,0,0,0,1.39E-08,7.57E-07,1.67E-06,1.84E-06,4.59E-07,0,3.29E-03,1,1,0,0,0
6416,2.02E-01,1,6416,Not eroded,0,1,0,0,0,0,2.12E-07,-3.97E-07,2.35E-07,5.08E-07,5.08E-07,1,9.09E-04,1,1,1,1,0
6417,1.95E-01,0,6417,Not eroded,0,1,0,0,0,0,0,0.00E+00,0.00E+00,0,0,1,0.00E+00,1,1,1,1,1
6418,1.28E-01,0,6418,Not eroded,0,0,0,0,0,0,0,0.00E+00,0.00E+00,0,0,1,0.00E+00,1,1,1,1,1
6419,2.01E-01,5,6419,Not eroded,0,1,0,0,0,0,-1.64E-06,-9.22E-07,2.58E-06,3.19E-06,6.38E-07,0,5.71E-03,0,1,0,0,0
6420,1.76E-01,4,6420,Not eroded,0,0,0,0,0,0,1.02E-06,-2.71E-08,3.09E-07,1.06E-06,2.66E-07,0,1.90E-03,1,1,0,0,0
6421,1.47E-01,5,6421,Not eroded,0,0,0,0,0,0,1.49E-07,-5.91E-08,-1.70E-08,1.62E-07,3.23E-08,0,2.90E-04,0,1,0,0,0
6422,2.86E-01,0,6422,ERODED,1,1,1,1,1,1,0,0.00E+00,0.00E+00,0,0,1,0.00E+00,1,1,1,1,1
6423,2.10E-01,0,6423,Not eroded,0,1,0,0,0,0,0,0.00E+00,0.00E+00,0,0,1,0.00E+00,1,1,1,1,1
6424,1.59E-01,3,6424,Not eroded,0,0,0,0,0,0,-2.73E-06,6.51E-07,2.50E-06,3.76E-06,1.25E-06,1,6.73E-03,1,1,0,0,0
6425,1.03E-01,4,6425,Not eroded,0,0,0,0,0,0,-4.74E-08,1.04E-06,-6.36E-08,1.04E-06,2.60E-07,0,1.86E-03,1,1,0,0,0
6426,3.11E-01,0,6426,ERODED,1,1,1,1,1,1,0,0.00E+00,0.00E+00,0,0,1,0.00E+00,1,1,1,1,1
6427,2.55E-01,0,6427,Not eroded,0,1,1,1,1,1,0,0.00E+00,0.00E+00,0,0,1,0.00E+00,1,1,1,1,1
6429,1.91E-01,0,6429,Not eroded,0,1,0,0,0,0,0,0.00E+00,0.00E+00,0,0,1,0.00E+00,1,1,1,1,1
6430,2.87E-01,4,6430,Not eroded,0,1,1,1,1,1,8.32E-08,3.76E-07,4.44E-09,3.85E-07,9.63E-08,0,6.89E-04,1,1,0,0,0
6431,1.89E-01,2,6431,Not eroded,0,0,0,0,0,0,-1.32E-08,1.35E-07,1.09E-07,1.74E-07,8.71E-08,1,3.11E-04,1,1,1,0,0
6432,2.17E-01,5,6432,Not eroded,0,1,0,0,0,0,-1.30E-07,1.83E-07,-8.03E-08,2.38E-07,4.77E-08,0,4.26E-04,0,1,0,0,0
6433,1.06E-01,4,6433,Not eroded,0,0,0,0,0,0,1.51E-07,-2.04E-08,4.39E-09,1.53E-07,3.81E-08,0,2.74E-04,1,1,0,0,0
6434,2.41E-01,0,6434,Not eroded,0,1,1,1,1,0,0,0.00E+00,0.00E+00,0,0,1,0.00E+00,1,1,1,1,1
6435,1.38E-01,4,6435,Not eroded,0,0,0,0,0,0,3.05E-07,-2.11E-08,-1.12E-07,3.26E-07,8.14E-08,0,5.83E-04,1,1,0,0,0
6437,1.53E-01,0,6437,Not eroded,0,0,0,0,0,0,0,0.00E+00,0.00E+00,0,0,1,0.00E+00,1,1,1,1,1
6438,1.72E-01,0,6438,Not eroded,0,0,0,0,0,0,0,0.00E+00,0.00E+00,0,0,1,0.00E+00,1,1,1,1,1
6439,1.99E-01,0,6439,Not eroded,0,1,0,0,0,0,0,0.00E+00,0.00E+00,0,0,1,0.00E+00,1,1,1,1,1
6440,2.15E-01,0,6440,Not eroded,0,1,0,0,0,0,0,0.00E+00,0.00E+00,0,0,1,0.00E+00,1,1,1,1,1
6442,1.49E-01,3,6442,Not eroded,0,0,0,0,0,0,-1.12E-07,-6.53E-08,8.96E-07,9.06E-07,3.02E-07,1,1.62E-03,1,1,0,0,0
6443,2.68E-01,3,6443,Not eroded,0,1,1,1,1,1,2.47E-07,-1.15E-06,1.68E-07,1.19E-06,3.95E-07,1,2.13E-03,1,1,0,0,0
6445,2.58E-01,0,6445,Not eroded,0,1,1,1,1,1,0,0.00E+00,0.00E+00,0,0,1,0.00E+00,1,1,1,1,1
6446,2.12E-01,4,6446,Not eroded,0,1,0,0,0,0,-7.31E-08,4.56E-07,1.85E-07,4.98E-07,1.24E-07,0,8.91E-04,1,1,0,0,0
6447,1.28E-01,6,6447,Not eroded,0,0,0,0,0,0,-1.55E-07,-2.21E-07,-3.10E-08,2.72E-07,4.53E-08,0,4.87E-04,0,0,0,0,0
6448,1.75E-01,0,6448,Not eroded,0,0,0,0,0,0,0,0.00E+00,0.00E+00,0,0,1,0.00E+00,1,1,1,1,1
6449,2.80E-01,0,6449,Not eroded,0,1,1,1,1,1,0,0.00E+00,0.00E+00,0,0,1,0.00E+00,1,1,1,1,1
6450,2.29E-01,5,6450,Not eroded,0,1,1,0,0,0,4.28E-07,-6.01E-07,1.50E-07,7.54E-07,1.51E-07,0,1.35E-03,0,1,0,0,0
6451,2.78E-01,0,6451,Not eroded,0,1,1,1,1,1,0,0.00E+00,0.00E+00,0,0,1,0.00E+00,1,1,1,1,1
6453,2.02E-01,0,6453,Not eroded,0,1,0,0,0,0,0,0.00E+00,0.00E+00,0,0,1,0.00E+00,1,1,1,1,1
6455,1.42E-01,0,6455,Not eroded,0,0,0,0,0,0,0,0.00E+00,0.00E+00,0,0,1,0.00E+00,1,1,1,1,1
6456,3.25E-01,3,6456,Not eroded,0,1,1,1,1,1,7.21E-07,3.26E-07,9.53E-07,1.24E-06,4.13E-07,1,2.22E-03,1,1,0,0,0
6457,6.39E-02,3,6457,Not eroded,0,0,0,0,0,0,1.60E-07,-2.43E-07,1.78E-07,3.41E-07,1.14E-07,1,6.10E-04,1,1,0,0,0
6458,7.56E-02,6,6458,Not eroded,0,0,0,0,0,0,-1.42E-08,7.41E-08,8.42E-08,1.13E-07,1.88E-08,0,2.02E-04,0,0,0,0,0
6459,1.90E-01,3,6459,Not eroded,0,0,0,0,0,0,1.45E-07,6.81E-07,2.07E-07,7.26E-07,2.42E-07,1,1.30E-03,1,1,0,0,0
6460,6.79E-02,4,6460,Not eroded,0,0,0,0,0,0,-1.19E-07,1.09E-08,-1.51E-08,1.20E-07,3.00E-08,0,2.15E-04,1,1,0,0,0
6461,1.92E-01,0,6461,Not eroded,0,1,0,0,0,0,0,0.00E+00,0.00E+00,0,0,1,0.00E+00,1,1,1,1,1
6462,7.14E-02,6,6462,Not eroded,0,0,0,0,0,0,4.31E-08,3.32E-08,1.17E-07,1.29E-07,2.15E-08,0,2.31E-04,0,0,0,0,0
6463,1.13E-01,3,6463,Not eroded,0,0,0,0,0,0,-2.31E-07,-3.63E-07,-3.90E-07,5.81E-07,1.94E-07,1,1.04E-03,1,1,0,0,0
6464,1.05E-01,4,6464,Not eroded,0,0,0,0,0,0,2.23E-06,-1.99E-06,-7.30E-07,3.07E-06,7.68E-07,0,5.49E-03,1,1,0,0,0
6465,2.88E-01,0,6465,Not eroded,0,1,1,1,1,1,0,0.00E+00,0.00E+00,0,0,1,0.00E+00,1,1,1,1,1
6466,2.91E-01,0,6466,Not eroded,0,1,1,1,1,1,0,0.00E+00,0.00E+00,0,0,1,0.00E+00,1,1,1,1,1
6467,3.10E-01,0,6467,ERODED,1,1,1,1,1,1,0,0.00E+00,0.00E+00,0,0,1,0.00E+00,1,1,1,1,1
6468,1.14E-01,0,6468,Not eroded,0,0,0,0,0,0,0,0.00E+00,0.00E+00,0,0,1,0.00E+00,1,1,1,1,1
6469,5.66E-02,2,6469,Not eroded,0,0,0,0,0,0,9.05E-07,3.74E-07,-1.56E-06,1.84E-06,9.20E-07,1,3.29E-03,1,1,1,0,0
6470,8.83E-02,0,6470,Not eroded,0,0,0,0,0,0,0,0.00E+00,0.00E+00,0,0,1,0.00E+00,1,1,1,1,1
6471,6.40E-02,5,6471,Not eroded,0,0,0,0,0,0,-3.71E-07,-1.83E-07,-3.32E-07,5.30E-07,1.06E-07,0,9.48E-04,0,1,0,0,0
6472,1.86E-01,0,6472,Not eroded,0,0,0,0,0,0,0,0.00E+00,0.00E+00,0,0,1,0.00E+00,1,1,1,1,1
6473,3.26E-01,0,6473,ERODED,1,1,1,1,1,1,0,0.00E+00,0.00E+00,0,0,1,0.00E+00,1,1,1,1,1
6474,2.71E-01,3,6474,Not eroded,0,1,1,1,1,1,7.11E-07,8.41E-07,-9.13E-07,1.43E-06,4.77E-07,1,2.56E-03,1,1,0,0,0
6475,6.65E-02,6,6475,Not eroded,0,0,0,0,0,0,-2.47E-07,1.28E-08,-1.32E-07,2.80E-07,4.67E-08,0,5.01E-04,0,0,0,0,0
6476,9.78E-02,0,6476,Not eroded,0,0,0,0,0,0,0,0.00E+00,0.00E+00,0,0,1,0.00E+00,1,1,1,1,1
6478,2.41E-01,0,6478,Not eroded,0,1,1,1,1,0,0,0.00E+00,0.00E+00,0,0,1,0.00E+00,1,1,1,1,1
6479,6.59E-02,3,6479,Not eroded,0,0,0,0,0,0,-5.28E-08,-6.39E-08,-9.39E-08,1.25E-07,4.18E-08,1,2.24E-04,1,1,0,0,0
6480,1.70E-01,0,6480,Not eroded,0,0,0,0,0,0,0,0.00E+00,0.00E+00,0,0,1,0.00E+00,1,1,1,1,1
6481,8.23E-02,3,6481,Not eroded,0,0,0,0,0,0,8.24E-07,2.99E-07,-3.24E-11,8.77E-07,2.92E-07,1,1.57E-03,1,1,0,0,0
6482,7.53E-02,4,6482,Not eroded,0,0,0,0,0,0,-5.83E-09,1.92E-08,-1.21E-07,1.22E-07,3.06E-08,0,2.18E-04,1,1,0,0,0
6483,1.65E-01,4,6483,Not eroded,0,0,0,0,0,0,-2.21E-08,1.61E-08,5.03E-07,5.04E-07,1.26E-07,0,9.02E-04,1,1,0,0,0
6484,1.31E-01,4,6484,Not eroded,0,0,0,0,0,0,6.82E-07,7.13E-08,7.56E-07,1.02E-06,2.55E-07,0,1.82E-03,1,1,0,0,0
6485,3.18E-01,0,6485,ERODED,1,1,1,1,1,1,0,0.00E+00,0.00E+00,0,0,1,0.00E+00,1,1,1,1,1
6487,2.20E-01,5,6487,Not eroded,0,1,0,0,0,0,-1.40E-07,8.57E-08,3.60E-08,1.68E-07,3.36E-08,0,3.01E-04,0,1,0,0,0
6488,7.60E-02,3,6488,Not eroded,0,0,0,0,0,0,3.41E-07,-6.48E-07,3.00E-07,7.91E-07,2.64E-07,1,1.41E-03,1,1,0,0,0
6489,2.54E-01,3,6489,Not eroded,0,1,1,1,1,1,-2.16E-07,4.17E-07,5.92E-08,4.74E-07,1.58E-07,1,8.48E-04,1,1,0,0,0
6490,1.08E-01,3,6490,Not eroded,0,0,0,0,0,0,-2.07E-07,-7.27E-07,1.24E-07,7.66E-07,2.55E-07,1,1.37E-03,1,1,0,0,0
6491,6.39E-02,4,6491,Not eroded,0,0,0,0,0,0,-6.37E-08,6.55E-08,-1.84E-07,2.05E-07,5.14E-08,0,3.67E-04,1,1,0,0,0
6492,1.46E-01,5,6492,Not eroded,0,0,0,0,0,0,-1.30E-07,-2.14E-07,3.54E-07,4.34E-07,8.68E-08,0,7.76E-04,0,1,0,0,0
6493,6.64E-02,4,6493,Not eroded,0,0,0,0,0,0,1.76E-07,-1.37E-08,2.47E-07,3.04E-07,7.59E-08,0,5.44E-04,1,1,0,0,0
6494,7.81E-02,3,6494,Not eroded,0,0,0,0,0,0,-2.44E-07,-4.11E-07,1.26E-07,4.94E-07,1.65E-07,1,8.84E-04,1,1,0,0,0
6495,1.94E-01,4,6495,Not eroded,0,1,0,0,0,0,-1.95E-07,4.00E-08,1.87E-07,2.73E-07,6.83E-08,0,4.88E-04,1,1,0,0,0
6496,1.29E-01,4,6496,Not eroded,0,0,0,0,0,0,2.26E-07,1.85E-07,1.74E-06,1.77E-06,4.42E-07,0,3.17E-03,1,1,0,0,0
6497,5.66E-02,3,6497,Not eroded,0,0,0,0,0,0,3.61E-07,8.05E-09,-1.43E-06,1.48E-06,4.93E-07,1,2.65E-03,1,1,0,0,0
6498,1.56E-01,7,6498,Not eroded,0,0,0,0,0,0,4.33E-07,3.12E-07,3.61E-07,6.44E-07,9.21E-08,0,1.15E-03,0,0,0,0,0
6499,5.69E-02,4,6499,Not eroded,0,0,0,0,0,0,1.88E-07,-2.47E-07,-7.99E-08,3.21E-07,8.02E-08,0,5.74E-04,1,1,0,0,0
6500,2.51E-01,0,6500,Not eroded,0,1,1,1,1,1,0,0.00E+00,0.00E+00,0,0,1,0.00E+00,1,1,1,1,1
6501,3.08E-01,0,6501,ERODED,1,1,1,1,1,1,0,0.00E+00,0.00E+00,0,0,1,0.00E+00,1,1,1,1,1
6502,2.23E-01,4,6502,Not eroded,0,1,1,0,0,0,-1.91E-07,-5.20E-07,2.71E-08,5.55E-07,1.39E-07,0,9.93E-04,1,1,0,0,0
6503,5.66E-02,0,6503,Not eroded,0,0,0,0,0,0,0,0.00E+00,0.00E+00,0,0,1,0.00E+00,1,1,1,1,1
6504,1.32E-01,0,6504,Not eroded,0,0,0,0,0,0,0,0.00E+00,0.00E+00,0,0,1,0.00E+00,1,1,1,1,1
6505,8.63E-02,5,6505,Not eroded,0,0,0,0,0,0,-6.32E-07,-1.15E-06,-4.33E-07,1.38E-06,2.77E-07,0,2.47E-03,0,1,0,0,0
6506,2.03E-01,3,6506,Not eroded,0,1,0,0,0,0,-6.54E-08,-1.17E-07,2.88E-07,3.18E-07,1.06E-07,1,5.69E-04,1,1,0,0,0
6507,1.45E-01,5,6507,Not eroded,0,0,0,0,0,0,1.81E-07,-3.30E-07,-2.02E-06,2.05E-06,4.10E-07,0,3.67E-03,0,1,0,0,0
6508,2.23E-01,3,6508,Not eroded,0,1,1,0,0,0,-4.24E-08,1.46E-07,6.47E-09,1.52E-07,5.08E-08,1,2.72E-04,1,1,0,0,0
6509,7.07E-02,6,6509,Not eroded,0,0,0,0,0,0,1.12E-07,3.98E-09,6.37E-08,1.29E-07,2.15E-08,0,2.31E-04,0,0,0,0,0
6510,5.68E-02,0,6510,Not eroded,0,0,0,0,0,0,0,0.00E+00,0.00E+00,0,0,1,0.00E+00,1,1,1,1,1
6511,1.32E-01,4,6511,Not eroded,0,0,0,0,0,0,1.27E-07,-2.23E-07,1.16E-07,2.82E-07,7.05E-08,0,5.04E-04,1,1,0,0,0
6512,2.92E-01,4,6512,Not eroded,0,1,1,1,1,1,-4.40E-07,4.98E-07,1.02E-06,1.22E-06,3.04E-07,0,2.18E-03,1,1,0,0,0
6513,1.62E-01,5,6513,Not eroded,0,0,0,0,0,0,2.08E-07,5.84E-08,9.23E-09,2.16E-07,4.32E-08,0,3.86E-04,0,1,0,0,0
6514,8.07E-02,5,6514,Not eroded,0,0,0,0,0,0,-1.53E-07,-4.01E-07,-2.60E-08,4.30E-07,8.59E-08,0,7.69E-04,0,1,0,0,0
6515,2.73E-01,3,6515,Not eroded,0,1,1,1,1,1,2.61E-07,-6.30E-08,1.22E-06,1.25E-06,4.18E-07,1,2.24E-03,1,1,0,0,0
6516,3.00E-01,0,6516,ERODED,1,1,1,1,1,1,0,0.00E+00,0.00E+00,0,0,1,0.00E+00,1,1,1,1,1
6517,9.35E-02,6,6517,Not eroded,0,0,0,0,0,0,-3.22E-07,9.00E-07,1.68E-06,1.94E-06,3.23E-07,0,3.47E-03,0,0,0,0,0
6518,8.12E-02,5,6518,Not eroded,0,0,0,0,0,0,2.55E-07,1.56E-07,3.03E-08,3.01E-07,6.02E-08,0,5.38E-04,0,1,0,0,0
6519,1.90E-01,5,6519,Not eroded,0,0,0,0,0,0,3.66E-07,1.78E-07,3.02E-07,5.07E-07,1.01E-07,0,9.07E-04,0,1,0,0,0
6521,7.98E-02,4,6521,Not eroded,0,0,0,0,0,0,-9.32E-08,1.09E-07,-6.58E-08,1.58E-07,3.94E-08,0,2.83E-04,1,1,0,0,0
6522,1.48E-01,5,6522,Not eroded,0,0,0,0,0,0,4.28E-08,1.01E-06,1.60E-06,1.89E-06,3.79E-07,0,3.38E-03,0,1,0,0,0
6523,2.22E-01,4,6523,Not eroded,0,1,1,0,0,0,9.05E-08,2.71E-07,-1.15E-07,3.08E-07,7.70E-08,0,5.51E-04,1,1,0,0,0
6525,3.08E-01,4,6525,Not eroded,0,1,1,1,1,1,7.00E-07,3.39E-06,2.26E-06,4.14E-06,1.03E-06,0,7.41E-03,1,1,0,0,0
6527,1.61E-01,4,6527,Not eroded,0,0,0,0,0,0,4.09E-07,1.76E-07,3.61E-08,4.47E-07,1.12E-07,0,8.00E-04,1,1,0,0,0
6528,1.47E-01,5,6528,Not eroded,0,0,0,0,0,0,-3.47E-08,5.73E-07,1.68E-07,5.98E-07,1.20E-07,0,1.07E-03,0,1,0,0,0
6530,1.25E-01,5,6530,Not eroded,0,0,0,0,0,0,-3.97E-08,4.08E-07,2.81E-07,4.97E-07,9.94E-08,0,8.89E-04,0,1,0,0,0
6531,1.72E-01,0,6531,Not eroded,0,0,0,0,0,0,0,0.00E+00,0.00E+00,0,0,1,0.00E+00,1,1,1,1,1
6532,2.94E-01,4,6532,Not eroded,0,1,1,1,1,1,5.91E-06,6.83E-06,-5.95E-05,6.01E-05,1.50E-05,0,1.08E-01,1,1,0,0,0
6533,8.43E-02,0,6533,Not eroded,0,0,0,0,0,0,0,0.00E+00,0.00E+00,0,0,1,0.00E+00,1,1,1,1,1
6534,1.91E-01,3,6534,Not eroded,0,1,0,0,0,0,1.95E-06,1.48E-06,1.45E-06,2.85E-06,9.50E-07,1,5.10E-03,1,1,0,0,0
6535,1.36E-01,4,6535,Not eroded,0,0,0,0,0,0,8.14E-08,-7.71E-08,8.55E-08,1.41E-07,3.52E-08,0,2.52E-04,1,1,0,0,0
6537,2.61E-01,4,6537,Not eroded,0,1,1,1,1,1,5.31E-07,2.08E-07,-2.55E-09,5.70E-07,1.43E-07,0,1.02E-03,1,1,0,0,0
6538,2.25E-01,0,6538,Not eroded,0,1,1,0,0,0,0,0.00E+00,0.00E+00,0,0,1,0.00E+00,1,1,1,1,1
6539,6.43E-02,5,6539,Not eroded,0,0,0,0,0,0,1.39E-07,1.73E-08,2.44E-08,1.42E-07,2.84E-08,0,2.54E-04,0,1,0,0,0
6540,2.61E-01,0,6540,Not eroded,0,1,1,1,1,1,0,0.00E+00,0.00E+00,0,0,1,0.00E+00,1,1,1,1,1
6541,2.56E-01,3,6541,Not eroded,0,1,1,1,1,1,3.85E-07,7.76E-07,5.71E-07,1.04E-06,3.46E-07,1,1.86E-03,1,1,0,0,0
6543,1.91E-01,0,6543,Not eroded,0,1,0,0,0,0,0,0.00E+00,0.00E+00,0,0,1,0.00E+00,1,1,1,1,1
6544,2.56E-01,4,6544,Not eroded,0,1,1,1,1,1,1.51E-07,3.09E-07,-2.21E-07,4.09E-07,1.02E-07,0,7.32E-04,1,1,0,0,0
6546,1.18E-01,4,6546,Not eroded,0,0,0,0,0,0,2.41E-06,-2.90E-08,1.79E-07,2.41E-06,6.03E-07,0,4.31E-03,1,1,0,0,0
6547,2.22E-01,0,6547,Not eroded,0,1,1,0,0,0,0,0.00E+00,0.00E+00,0,0,1,0.00E+00,1,1,1,1,1
6548,2.32E-01,4,6548,Not eroded,0,1,1,1,0,0,4.16E-07,-9.49E-07,-4.48E-08,1.04E-06,2.59E-07,0,1.86E-03,1,1,0,0,0
6549,7.31E-02,4,6549,Not eroded,0,0,0,0,0,0,2.22E-07,1.88E-07,-6.23E-10,2.91E-07,7.28E-08,0,5.21E-04,1,1,0,0,0
6550,1.78E-01,0,6550,Not eroded,0,0,0,0,0,0,0,0.00E+00,0.00E+00,0,0,1,0.00E+00,1,1,1,1,1
6551,5.66E-02,3,6551,Not eroded,0,0,0,0,0,0,5.10E-07,2.73E-07,-1.12E-06,1.26E-06,4.19E-07,1,2.25E-03,1,1,0,0,0
6552,1.29E-01,4,6552,Not eroded,0,0,0,0,0,0,-8.15E-07,3.35E-07,6.45E-07,1.09E-06,2.73E-07,0,1.95E-03,1,1,0,0,0
6553,2.50E-01,4,6553,Not eroded,0,1,1,1,1,0,-9.71E-07,-5.18E-06,-2.45E-07,5.28E-06,1.32E-06,0,9.44E-03,1,1,0,0,0
6554,2.23E-01,0,6554,Not eroded,0,1,1,0,0,0,0,0.00E+00,0.00E+00,0,0,1,0.00E+00,1,1,1,1,1
6555,9.12E-02,4,6555,Not eroded,0,0,0,0,0,0,8.41E-08,-1.24E-07,-2.22E-08,1.51E-07,3.78E-08,0,2.70E-04,1,1,0,0,0
6556,3.20E-01,0,6556,ERODED,1,1,1,1,1,1,0,0.00E+00,0.00E+00,0,0,1,0.00E+00,1,1,1,1,1
6557,1.53E-01,5,6557,Not eroded,0,0,0,0,0,0,3.34E-06,-7.65E-07,5.70E-06,6.65E-06,1.33E-06,0,1.19E-02,0,1,0,0,0
6558,2.72E-01,0,6558,ERODED,1,1,1,1,1,1,0,0.00E+00,0.00E+00,0,0,1,0.00E+00,1,1,1,1,1
6559,1.24E-01,5,6559,Not eroded,0,0,0,0,0,0,2.84E-06,1.18E-06,3.60E-06,4.73E-06,9.46E-07,0,8.46E-03,0,1,0,0,0
6560,2.20E-01,5,6560,Not eroded,0,1,0,0,0,0,-7.25E-08,2.59E-07,4.64E-07,5.36E-07,1.07E-07,0,9.59E-04,0,1,0,0,0
6561,1.36E-01,6,6561,Not eroded,0,0,0,0,0,0,-8.85E-08,-2.51E-07,-7.31E-08,2.76E-07,4.60E-08,0,4.94E-04,0,0,0,0,0
6562,7.18E-02,0,6562,Not eroded,0,0,0,0,0,0,0,0.00E+00,0.00E+00,0,0,1,0.00E+00,1,1,1,1,1
6563,1.04E-01,4,6563,Not eroded,0,0,0,0,0,0,-5.72E-08,8.08E-08,6.19E-07,6.27E-07,1.57E-07,0,1.12E-03,1,1,0,0,0
6564,1.25E-01,4,6564,Not eroded,0,0,0,0,0,0,-3.41E-07,2.35E-07,-1.50E-07,4.41E-07,1.10E-07,0,7.89E-04,1,1,0,0,0
6565,2.75E-01,4,6565,Not eroded,0,1,1,1,1,1,3.87E-07,9.52E-07,-4.63E-07,1.13E-06,2.82E-07,0,2.02E-03,1,1,0,0,0
6566,2.87E-01,4,6566,Not eroded,0,1,1,1,1,1,4.30E-08,-3.29E-08,2.15E-07,2.22E-07,5.54E-08,0,3.97E-04,1,1,0,0,0
6567,1.29E-01,4,6567,Not eroded,0,0,0,0,0,0,-6.20E-07,1.68E-07,8.43E-07,1.06E-06,2.65E-07,0,1.90E-03,1,1,0,0,0
6568,6.61E-02,7,6568,Not eroded,0,0,0,0,0,0,-2.66E-07,8.29E-07,-4.95E-08,8.72E-07,1.25E-07,0,1.56E-03,0,0,0,0,0
6569,2.42E-01,3,6569,Not eroded,0,1,1,1,1,0,-3.00E-07,-8.79E-07,2.45E-07,9.60E-07,3.20E-07,1,1.72E-03,1,1,0,0,0
6570,1.94E-01,3,6570,Not eroded,0,1,0,0,0,0,4.63E-07,7.83E-08,3.32E-07,5.75E-07,1.92E-07,1,1.03E-03,1,1,0,0,0
6571,1.17E-01,5,6571,Not eroded,0,0,0,0,0,0,-3.54E-07,-2.38E-07,6.05E-07,7.40E-07,1.48E-07,0,1.32E-03,0,1,0,0,0
6572,3.12E-01,0,6572,ERODED,1,1,1,1,1,1,0,0.00E+00,0.00E+00,0,0,1,0.00E+00,1,1,1,1,1
6573,2.07E-01,4,6573,Not eroded,0,1,0,0,0,0,-5.69E-08,1.29E-07,-4.31E-08,1.48E-07,3.69E-08,0,2.65E-04,1,1,0,0,0
6574,2.78E-01,5,6574,Not eroded,0,1,1,1,1,1,2.38E-06,5.75E-06,2.88E-06,6.85E-06,1.37E-06,0,1.23E-02,0,1,0,0,0
6575,1.97E-01,3,6575,Not eroded,0,1,0,0,0,0,-2.80E-06,-1.96E-07,2.16E-06,3.54E-06,1.18E-06,1,6.33E-03,1,1,0,0,0
6576,2.70E-01,0,6576,ERODED,1,1,1,1,1,1,0,0.00E+00,0.00E+00,0,0,1,0.00E+00,1,1,1,1,1
6577,1.77E-01,4,6577,Not eroded,0,0,0,0,0,0,-1.05E-07,4.95E-07,2.70E-07,5.74E-07,1.43E-07,0,1.03E-03,1,1,0,0,0
6578,2.58E-01,6,6578,Not eroded,0,1,1,1,1,1,1.03E-07,2.85E-08,-2.50E-07,2.72E-07,4.53E-08,0,4.87E-04,0,0,0,0,0
6579,1.63E-01,4,6579,Not eroded,0,0,0,0,0,0,5.66E-09,-9.93E-08,9.63E-08,1.38E-07,3.46E-08,0,2.47E-04,1,1,0,0,0
6580,5.66E-02,0,6580,Not eroded,0,0,0,0,0,0,0,0.00E+00,0.00E+00,0,0,1,0.00E+00,1,1,1,1,1
6581,2.07E-01,4,6581,Not eroded,0,1,0,0,0,0,-1.95E-06,-1.61E-06,3.58E-06,4.39E-06,1.10E-06,0,7.85E-03,1,1,0,0,0
6582,8.07E-02,5,6582,Not eroded,0,0,0,0,0,0,-4.79E-08,4.87E-07,-8.39E-08,4.97E-07,9.94E-08,0,8.89E-04,0,1,0,0,0
6583,2.09E-01,0,6583,Not eroded,0,1,0,0,0,0,0,0.00E+00,0.00E+00,0,0,1,0.00E+00,1,1,1,1,1
6584,2.84E-01,0,6584,ERODED,1,1,1,1,1,1,0,0.00E+00,0.00E+00,0,0,1,0.00E+00,1,1,1,1,1
6585,1.37E-01,0,6585,Not eroded,0,0,0,0,0,0,0,0.00E+00,0.00E+00,0,0,1,0.00E+00,1,1,1,1,1
6586,2.84E-01,0,6586,ERODED,1,1,1,1,1,1,0,0.00E+00,0.00E+00,0,0,1,0.00E+00,1,1,1,1,1
6587,3.24E-01,0,6587,ERODED,1,1,1,1,1,1,0,0.00E+00,0.00E+00,0,0,1,0.00E+00,1,1,1,1,1
6588,1.15E-01,4,6588,Not eroded,0,0,0,0,0,0,1.29E-07,6.04E-08,4.53E-09,1.42E-07,3.55E-08,0,2.54E-04,1,1,0,0,0
6589,2.94E-01,4,6589,Not eroded,0,1,1,1,1,1,1.01E-06,3.95E-06,-2.10E-06,4.59E-06,1.15E-06,0,8.21E-03,1,1,0,0,0
6590,2.86E-01,0,6590,Not eroded,0,1,1,1,1,1,0,0.00E+00,0.00E+00,0,0,1,0.00E+00,1,1,1,1,1
6591,2.29E-01,3,6591,Not eroded,0,1,1,0,0,0,2.08E-07,3.55E-08,8.88E-08,2.29E-07,7.64E-08,1,4.10E-04,1,1,0,0,0
6592,2.05E-01,5,6592,Not eroded,0,1,0,0,0,0,2.16E-07,5.72E-07,4.15E-07,7.38E-07,1.48E-07,0,1.32E-03,0,1,0,0,0
6593,1.67E-01,5,6593,Not eroded,0,0,0,0,0,0,9.75E-07,5.30E-07,5.69E-07,1.25E-06,2.49E-07,0,2.24E-03,0,1,0,0,0
6594,1.20E-01,6,6594,Not eroded,0,0,0,0,0,0,-5.07E-08,3.13E-07,2.77E-07,4.21E-07,7.02E-08,0,7.53E-04,0,0,0,0,0
6595,3.25E-01,0,6595,ERODED,1,1,1,1,1,1,0,0.00E+00,0.00E+00,0,0,1,0.00E+00,1,1,1,1,1
6596,6.52E-02,5,6596,Not eroded,0,0,0,0,0,0,-3.10E-07,3.40E-07,3.53E-07,5.80E-07,1.16E-07,0,1.04E-03,0,1,0,0,0
6597,5.65E-02,5,6597,Not eroded,0,0,0,0,0,0,2.87E-07,1.62E-07,-9.21E-07,9.79E-07,1.96E-07,0,1.75E-03,0,1,0,0,0
6598,1.78E-01,4,6598,Not eroded,0,0,0,0,0,0,-1.48E-06,1.33E-06,1.14E-06,2.29E-06,5.72E-07,0,4.10E-03,1,1,0,0,0
6599,1.07E-01,3,6599,Not eroded,0,0,0,0,0,0,4.90E-07,-1.49E-07,4.90E-07,7.09E-07,2.36E-07,1,1.27E-03,1,1,0,0,0
6600,2.95E-01,4,6600,Not eroded,0,1,1,1,1,1,1.42E-07,-5.39E-07,-1.26E-06,1.38E-06,3.44E-07,0,2.47E-03,1,1,0,0,0
6601,1.59E-01,4,6601,Not eroded,0,0,0,0,0,0,7.90E-08,-2.36E-08,5.92E-08,1.01E-07,2.54E-08,0,1.81E-04,1,1,0,0,0
6602,1.69E-01,5,6602,Not eroded,0,0,0,0,0,0,4.37E-07,-1.03E-07,6.91E-07,8.24E-07,1.65E-07,0,1.47E-03,0,1,0,0,0
6603,2.32E-01,3,6603,Not eroded,0,1,1,1,0,0,2.18E-06,1.25E-05,9.23E-06,1.57E-05,5.24E-06,1,2.81E-02,1,1,0,0,0
6605,1.02E-01,4,6605,Not eroded,0,0,0,0,0,0,2.25E-07,1.37E-07,2.03E-07,3.33E-07,8.32E-08,0,5.96E-04,1,1,0,0,0
6606,2.42E-01,0,6606,Not eroded,0,1,1,1,1,0,0,0.00E+00,0.00E+00,0,0,1,0.00E+00,1,1,1,1,1
6607,2.34E-01,2,6607,Not eroded,0,1,1,1,0,0,-1.71E-08,-7.47E-07,2.05E-07,7.75E-07,3.87E-07,1,1.39E-03,1,1,1,0,0
6608,9.40E-02,4,6608,Not eroded,0,0,0,0,0,0,1.91E-07,-7.08E-08,2.93E-07,3.56E-07,8.91E-08,0,6.37E-04,1,1,0,0,0
6609,1.79E-01,0,6609,Not eroded,0,0,0,0,0,0,0,0.00E+00,0.00E+00,0,0,1,0.00E+00,1,1,1,1,1
6610,2.13E-01,5,6610,Not eroded,0,1,0,0,0,0,-3.30E-07,-2.55E-08,2.01E-07,3.87E-07,7.74E-08,0,6.92E-04,0,1,0,0,0
6611,1.85E-01,3,6611,Not eroded,0,0,0,0,0,0,1.74E-07,8.24E-08,4.81E-09,1.93E-07,6.42E-08,1,3.45E-04,1,1,0,0,0
6612,7.29E-02,5,6612,Not eroded,0,0,0,0,0,0,1.56E-08,5.51E-08,1.10E-07,1.24E-07,2.49E-08,0,2.22E-04,0,1,0,0,0
6613,2.66E-01,0,6613,Not eroded,0,1,1,1,1,1,0,0.00E+00,0.00E+00,0,0,1,0.00E+00,1,1,1,1,1
6614,1.79E-01,4,6614,Not eroded,0,0,0,0,0,0,5.38E-07,-7.12E-07,4.34E-07,9.92E-07,2.48E-07,0,1.77E-03,1,1,0,0,0
6615,1.28E-01,6,6615,Not eroded,0,0,0,0,0,0,-1.62E-06,-9.23E-07,2.95E-06,3.49E-06,5.81E-07,0,6.24E-03,0,0,0,0,0
6616,2.91E-01,0,6616,ERODED,1,1,1,1,1,1,0,0.00E+00,0.00E+00,0,0,1,0.00E+00,1,1,1,1,1
6617,1.93E-01,4,6617,Not eroded,0,1,0,0,0,0,2.89E-07,1.30E-08,6.45E-07,7.06E-07,1.77E-07,0,1.26E-03,1,1,0,0,0
6618,2.05E-01,2,6618,Not eroded,0,1,0,0,0,0,-5.36E-08,1.50E-07,7.67E-08,1.77E-07,8.83E-08,1,3.17E-04,1,1,1,0,0
6619,1.98E-01,5,6619,Not eroded,0,1,0,0,0,0,3.70E-07,7.88E-08,3.71E-08,3.80E-07,7.60E-08,0,6.80E-04,0,1,0,0,0
6621,3.03E-01,0,6621,Not eroded,0,1,1,1,1,1,0,0.00E+00,0.00E+00,0,0,1,0.00E+00,1,1,1,1,1
6622,2.78E-01,4,6622,Not eroded,0,1,1,1,1,1,2.66E-07,-8.90E-07,-3.39E-08,9.30E-07,2.32E-07,0,1.66E-03,1,1,0,0,0
6623,2.58E-01,4,6623,Not eroded,0,1,1,1,1,1,-7.05E-08,-4.97E-08,3.86E-07,3.95E-07,9.88E-08,0,7.07E-04,1,1,0,0,0
6624,2.60E-01,3,6624,Not eroded,0,1,1,1,1,1,1.76E-07,1.80E-07,-1.03E-07,2.72E-07,9.06E-08,1,4.87E-04,1,1,0,0,0
6625,7.97E-02,5,6625,Not eroded,0,0,0,0,0,0,1.34E-07,-1.73E-07,2.45E-07,3.28E-07,6.57E-08,0,5.87E-04,0,1,0,0,0
6626,1.26E-01,3,6626,Not eroded,0,0,0,0,0,0,3.19E-07,-1.05E-07,2.76E-07,4.35E-07,1.45E-07,1,7.78E-04,1,1,0,0,0
6627,2.12E-01,3,6627,Not eroded,0,1,0,0,0,0,-1.10E-07,4.33E-08,8.37E-07,8.46E-07,2.82E-07,1,1.51E-03,1,1,0,0,0
6628,5.66E-02,3,6628,Not eroded,0,0,0,0,0,0,2.49E-07,4.44E-07,-1.51E-06,1.59E-06,5.30E-07,1,2.84E-03,1,1,0,0,0
6629,2.72E-01,2,6629,Not eroded,0,1,1,1,1,1,-6.55E-08,3.64E-07,-4.33E-08,3.72E-07,1.86E-07,1,6.65E-04,1,1,1,0,0
6630,2.18E-01,0,6630,Not eroded,0,1,0,0,0,0,0,0.00E+00,0.00E+00,0,0,1,0.00E+00,1,1,1,1,1
6631,2.52E-01,4,6631,Not eroded,0,1,1,1,1,1,-1.73E-07,-7.22E-07,6.36E-09,7.43E-07,1.86E-07,0,1.33E-03,1,1,0,0,0
6632,1.23E-01,4,6632,Not eroded,0,0,0,0,0,0,6.68E-07,2.83E-07,3.06E-07,7.87E-07,1.97E-07,0,1.41E-03,1,1,0,0,0
6633,1.85E-01,0,6633,Not eroded,0,0,0,0,0,0,0,0.00E+00,0.00E+00,0,0,1,0.00E+00,1,1,1,1,1
6634,1.21E-01,3,6634,Not eroded,0,0,0,0,0,0,-1.83E-07,-1.04E-06,2.74E-07,1.09E-06,3.63E-07,1,1.95E-03,1,1,0,0,0
6635,9.30E-02,0,6635,Not eroded,0,0,0,0,0,0,0,0.00E+00,0.00E+00,0,0,1,0.00E+00,1,1,1,1,1
6636,1.54E-01,6,6636,Not eroded,0,0,0,0,0,0,-1.54E-06,9.96E-07,1.83E-07,1.85E-06,3.08E-07,0,3.31E-03,0,0,0,0,0
6637,1.24E-01,0,6637,Not eroded,0,0,0,0,0,0,0,0.00E+00,0.00E+00,0,0,1,0.00E+00,1,1,1,1,1
6638,1.08E-01,6,6638,Not eroded,0,0,0,0,0,0,-2.85E-08,-1.45E-08,-2.79E-08,4.24E-08,7.07E-09,0,7.58E-05,0,0,0,0,0
6639,1.29E-01,5,6639,Not eroded,0,0,0,0,0,0,-2.18E-08,-4.65E-08,3.32E-07,3.36E-07,6.71E-08,0,6.01E-04,0,1,0,0,0
6640,1.87E-01,0,6640,Not eroded,0,0,0,0,0,0,0,0.00E+00,0.00E+00,0,0,1,0.00E+00,1,1,1,1,1
6641,2.53E-01,0,6641,Not eroded,0,1,1,1,1,1,0,0.00E+00,0.00E+00,0,0,1,0.00E+00,1,1,1,1,1
6642,2.29E-01,5,6642,Not eroded,0,1,1,0,0,0,4.69E-08,-1.29E-07,7.01E-08,1.54E-07,3.08E-08,0,2.75E-04,0,1,0,0,0
6644,2.29E-01,4,6644,Not eroded,0,1,1,0,0,0,1.57E-06,1.16E-06,-1.46E-07,1.95E-06,4.88E-07,0,3.49E-03,1,1,0,0,0
6645,1.99E-01,4,6645,Not eroded,0,1,0,0,0,0,-1.78E-06,1.81E-06,4.59E-06,5.25E-06,1.31E-06,0,9.39E-03,1,1,0,0,0
6646,5.65E-02,5,6646,Not eroded,0,0,0,0,0,0,-1.29E-07,-1.00E-07,-7.91E-07,8.07E-07,1.61E-07,0,1.44E-03,0,1,0,0,0
6647,2.67E-01,0,6647,Not eroded,0,1,1,1,1,1,0,0.00E+00,0.00E+00,0,0,1,0.00E+00,1,1,1,1,1
6648,2.00E-01,3,6648,Not eroded,0,1,0,0,0,0,2.99E-07,3.09E-07,-8.24E-08,4.38E-07,1.46E-07,1,7.83E-04,1,1,0,0,0
6649,1.33E-01,5,6649,Not eroded,0,0,0,0,0,0,1.04E-06,-5.30E-06,3.84E-07,5.42E-06,1.08E-06,0,9.69E-03,0,1,0,0,0
6650,2.92E-01,4,6650,Not eroded,0,1,1,1,1,1,-4.73E-06,2.07E-06,4.75E-06,7.01E-06,1.75E-06,0,1.25E-02,1,1,0,0,0
6651,1.52E-01,5,6651,Not eroded,0,0,0,0,0,0,3.08E-07,-1.39E-07,6.00E-07,6.88E-07,1.38E-07,0,1.23E-03,0,1,0,0,0
6652,1.31E-01,0,6652,Not eroded,0,0,0,0,0,0,0,0.00E+00,0.00E+00,0,0,1,0.00E+00,1,1,1,1,1
6653,2.87E-01,4,6653,Not eroded,0,1,1,1,1,1,1.79E-07,4.15E-06,-6.16E-07,4.20E-06,1.05E-06,0,7.51E-03,1,1,0,0,0
6654,1.56E-01,0,6654,Not eroded,0,0,0,0,0,0,0,0.00E+00,0.00E+00,0,0,1,0.00E+00,1,1,1,1,1
6655,1.06E-01,5,6655,Not eroded,0,0,0,0,0,0,1.44E-07,6.44E-08,2.91E-08,1.60E-07,3.21E-08,0,2.86E-04,0,1,0,0,0
6658,1.55E-01,4,6658,Not eroded,0,0,0,0,0,0,6.63E-08,2.63E-07,1.47E-07,3.08E-07,7.70E-08,0,5.51E-04,1,1,0,0,0
6660,2.81E-01,0,6660,ERODED,1,1,1,1,1,1,0,0.00E+00,0.00E+00,0,0,1,0.00E+00,1,1,1,1,1
6661,9.71E-02,4,6661,Not eroded,0,0,0,0,0,0,-1.56E-07,-6.71E-07,3.27E-08,6.90E-07,1.73E-07,0,1.23E-03,1,1,0,0,0
6662,2.51E-01,5,6662,Not eroded,0,1,1,1,1,1,2.21E-06,4.27E-06,-1.57E-06,5.06E-06,1.01E-06,0,9.05E-03,0,1,0,0,0
6663,9.03E-02,4,6663,Not eroded,0,0,0,0,0,0,3.58E-07,5.16E-07,2.13E-07,6.63E-07,1.66E-07,0,1.19E-03,1,1,0,0,0
6664,2.58E-01,6,6664,Not eroded,0,1,1,1,1,1,1.79E-08,1.40E-06,1.84E-06,2.31E-06,3.86E-07,0,4.13E-03,0,0,0,0,0
6665,1.65E-01,5,6665,Not eroded,0,0,0,0,0,0,8.29E-08,9.03E-08,6.08E-08,1.37E-07,2.74E-08,0,2.45E-04,0,1,0,0,0
6667,2.33E-01,5,6667,Not eroded,0,1,1,1,0,0,1.57E-07,3.95E-07,1.04E-07,4.38E-07,8.75E-08,0,7.83E-04,0,1,0,0,0
6668,2.68E-01,0,6668,Not eroded,0,1,1,1,1,1,0,0.00E+00,0.00E+00,0,0,1,0.00E+00,1,1,1,1,1
6669,8.75E-02,3,6669,Not eroded,0,0,0,0,0,0,-2.09E-07,-1.18E-07,4.44E-08,2.44E-07,8.12E-08,1,4.36E-04,1,1,0,0,0
6670,1.48E-01,5,6670,Not eroded,0,0,0,0,0,0,4.43E-07,-1.58E-06,-5.25E-07,1.72E-06,3.44E-07,0,3.08E-03,0,1,0,0,0
6671,2.01E-01,5,6671,Not eroded,0,1,0,0,0,0,4.08E-07,-4.01E-07,-1.84E-07,6.01E-07,1.20E-07,0,1.08E-03,0,1,0,0,0
6672,1.54E-01,0,6672,Not eroded,0,0,0,0,0,0,0,0.00E+00,0.00E+00,0,0,1,0.00E+00,1,1,1,1,1
6673,2.26E-01,0,6673,Not eroded,0,1,1,0,0,0,0,0.00E+00,0.00E+00,0,0,1,0.00E+00,1,1,1,1,1
6674,1.66E-01,4,6674,Not eroded,0,0,0,0,0,0,3.03E-07,2.07E-07,8.37E-07,9.14E-07,2.29E-07,0,1.63E-03,1,1,0,0,0
6675,9.94E-02,0,6675,Not eroded,0,0,0,0,0,0,0,0.00E+00,0.00E+00,0,0,1,0.00E+00,1,1,1,1,1
6676,2.60E-01,2,6676,Not eroded,0,1,1,1,1,1,-9.75E-08,2.79E-07,2.49E-07,3.87E-07,1.93E-07,1,6.92E-04,1,1,1,0,0
6677,1.26E-01,5,6677,Not eroded,0,0,0,0,0,0,-6.62E-08,-5.95E-08,-1.09E-07,1.41E-07,2.82E-08,0,2.52E-04,0,1,0,0,0
6678,1.77E-01,4,6678,Not eroded,0,0,0,0,0,0,2.20E-07,-7.91E-07,1.10E-06,1.37E-06,3.42E-07,0,2.45E-03,1,1,0,0,0
6679,1.05E-01,0,6679,Not eroded,0,0,0,0,0,0,0,0.00E+00,0.00E+00,0,0,1,0.00E+00,1,1,1,1,1
6680,2.73E-01,2,6680,Not eroded,0,1,1,1,1,1,-5.61E-07,5.84E-07,-8.85E-08,8.14E-07,4.07E-07,1,1.46E-03,1,1,1,0,0
6681,6.99E-02,5,6681,Not eroded,0,0,0,0,0,0,5.59E-07,2.64E-08,-7.17E-08,5.64E-07,1.13E-07,0,1.01E-03,0,1,0,0,0
6682,1.09E-01,4,6682,Not eroded,0,0,0,0,0,0,1.29E-06,4.90E-07,1.80E-07,1.39E-06,3.47E-07,0,2.49E-03,1,1,0,0,0
6683,2.90E-01,0,6683,ERODED,1,1,1,1,1,1,0,0.00E+00,0.00E+00,0,0,1,0.00E+00,1,1,1,1,1
6684,2.05E-01,4,6684,Not eroded,0,1,0,0,0,0,7.46E-07,2.82E-08,-3.20E-07,8.13E-07,2.03E-07,0,1.45E-03,1,1,0,0,0
6685,2.83E-01,0,6685,Not eroded,0,1,1,1,1,1,0,0.00E+00,0.00E+00,0,0,1,0.00E+00,1,1,1,1,1
6686,1.28E-01,3,6686,Not eroded,0,0,0,0,0,0,-1.47E-07,-4.90E-08,2.11E-07,2.62E-07,8.73E-08,1,4.69E-04,1,1,0,0,0
6687,2.95E-01,4,6687,Not eroded,0,1,1,1,1,1,1.29E-07,-9.06E-07,-5.92E-07,1.09E-06,2.72E-07,0,1.95E-03,1,1,0,0,0
6688,1.10E-01,4,6688,Not eroded,0,0,0,0,0,0,1.44E-06,-8.52E-07,-3.50E-07,1.71E-06,4.27E-07,0,3.06E-03,1,1,0,0,0
6690,2.79E-01,0,6690,ERODED,1,1,1,1,1,1,0,0.00E+00,0.00E+00,0,0,1,0.00E+00,1,1,1,1,1
6691,2.47E-01,2,6691,Not eroded,0,1,1,1,1,0,-6.74E-06,-6.36E-06,2.06E-06,9.49E-06,4.75E-06,1,1.70E-02,1,1,1,0,0
6692,2.82E-01,0,6692,ERODED,1,1,1,1,1,1,0,0.00E+00,0.00E+00,0,0,1,0.00E+00,1,1,1,1,1
6693,1.93E-01,0,6693,Not eroded,0,1,0,0,0,0,0,0.00E+00,0.00E+00,0,0,1,0.00E+00,1,1,1,1,1
6695,1.03E-01,5,6695,Not eroded,0,0,0,0,0,0,-2.43E-07,-9.56E-08,4.36E-07,5.09E-07,1.02E-07,0,9.10E-04,0,1,0,0,0
6696,2.83E-01,0,6696,ERODED,1,1,1,1,1,1,0,0.00E+00,0.00E+00,0,0,1,0.00E+00,1,1,1,1,1
6697,5.69E-02,2,6697,Not eroded,0,0,0,0,0,0,-2.32E-07,-9.57E-08,-1.36E-07,2.85E-07,1.43E-07,1,5.10E-04,1,1,1,0,0
6698,1.29E-01,3,6698,Not eroded,0,0,0,0,0,0,-2.05E-07,-1.12E-06,9.60E-07,1.49E-06,4.97E-07,1,2.67E-03,1,1,0,0,0
6699,2.45E-01,4,6699,Not eroded,0,1,1,1,1,0,-1.34E-07,7.47E-08,8.85E-08,1.77E-07,4.43E-08,0,3.17E-04,1,1,0,0,0
6701,1.97E-01,4,6701,Not eroded,0,1,0,0,0,0,1.18E-06,2.29E-06,1.04E-06,2.78E-06,6.96E-07,0,4.97E-03,1,1,0,0,0
6702,2.34E-01,0,6702,Not eroded,0,1,1,1,0,0,0,0.00E+00,0.00E+00,0,0,1,0.00E+00,1,1,1,1,1
6703,1.40E-01,5,6703,Not eroded,0,0,0,0,0,0,2.48E-07,2.21E-10,4.61E-07,5.23E-07,1.05E-07,0,9.35E-04,0,1,0,0,0
6704,1.21E-01,0,6704,Not eroded,0,0,0,0,0,0,0,0.00E+00,0.00E+00,0,0,1,0.00E+00,1,1,1,1,1
6705,2.93E-01,4,6705,Not eroded,0,1,1,1,1,1,1.98E-06,3.54E-06,4.54E-07,4.08E-06,1.02E-06,0,7.30E-03,1,1,0,0,0
6706,2.25E-01,0,6706,Not eroded,0,1,1,0,0,0,0,0.00E+00,0.00E+00,0,0,1,0.00E+00,1,1,1,1,1
6707,6.59E-02,3,6707,Not eroded,0,0,0,0,0,0,8.20E-07,2.57E-07,1.31E-07,8.69E-07,2.90E-07,1,1.55E-03,1,1,0,0,0
6708,2.38E-01,0,6708,Not eroded,0,1,1,1,0,0,0,0.00E+00,0.00E+00,0,0,1,0.00E+00,1,1,1,1,1
6709,2.30E-01,7,6709,Not eroded,0,1,1,0,0,0,1.09E-07,8.17E-08,8.32E-08,1.60E-07,2.28E-08,0,2.86E-04,0,0,0,0,0
6710,1.90E-01,3,6710,Not eroded,0,0,0,0,0,0,3.93E-07,5.22E-08,2.93E-07,4.93E-07,1.64E-07,1,8.82E-04,1,1,0,0,0
6712,2.82E-01,5,6712,Not eroded,0,1,1,1,1,1,-8.62E-07,-1.51E-07,-1.79E-07,8.93E-07,1.79E-07,0,1.60E-03,0,1,0,0,0
6713,8.95E-02,0,6713,Not eroded,0,0,0,0,0,0,0,0.00E+00,0.00E+00,0,0,1,0.00E+00,1,1,1,1,1
6714,2.92E-01,4,6714,Not eroded,0,1,1,1,1,1,-4.94E-07,-5.34E-07,1.64E-07,7.46E-07,1.86E-07,0,1.33E-03,1,1,0,0,0
6715,1.95E-01,0,6715,Not eroded,0,1,0,0,0,0,0,0.00E+00,0.00E+00,0,0,1,0.00E+00,1,1,1,1,1
6716,1.81E-01,3,6716,Not eroded,0,0,0,0,0,0,3.82E-07,-3.84E-07,-3.16E-09,5.41E-07,1.80E-07,1,9.68E-04,1,1,0,0,0
6717,6.81E-02,6,6717,Not eroded,0,0,0,0,0,0,9.50E-08,1.99E-07,3.17E-07,3.86E-07,6.43E-08,0,6.90E-04,0,0,0,0,0
6718,2.02E-01,5,6718,Not eroded,0,1,0,0,0,0,4.21E-07,-2.56E-08,1.02E-06,1.10E-06,2.20E-07,0,1.97E-03,0,1,0,0,0
6719,2.59E-01,0,6719,Not eroded,0,1,1,1,1,1,0,0.00E+00,0.00E+00,0,0,1,0.00E+00,1,1,1,1,1
6720,2.51E-01,4,6720,Not eroded,0,1,1,1,1,1,3.75E-08,6.50E-08,2.42E-07,2.54E-07,6.34E-08,0,4.54E-04,1,1,0,0,0
6721,3.24E-01,0,6721,ERODED,1,1,1,1,1,1,0,0.00E+00,0.00E+00,0,0,1,0.00E+00,1,1,1,1,1
6722,2.88E-01,0,6722,Not eroded,0,1,1,1,1,1,0,0.00E+00,0.00E+00,0,0,1,0.00E+00,1,1,1,1,1
6723,2.83E-01,4,6723,Not eroded,0,1,1,1,1,1,-1.60E-07,1.50E-07,1.12E-07,2.46E-07,6.16E-08,0,4.40E-04,1,1,0,0,0
6724,1.83E-01,2,6724,Not eroded,0,0,0,0,0,0,7.31E-07,1.75E-08,1.82E-07,7.54E-07,3.77E-07,1,1.35E-03,1,1,1,0,0
6725,2.08E-01,4,6725,Not eroded,0,1,0,0,0,0,-1.56E-06,-2.52E-08,-4.55E-07,1.62E-06,4.05E-07,0,2.90E-03,1,1,0,0,0
6726,2.95E-01,4,6726,Not eroded,0,1,1,1,1,1,-7.29E-07,5.18E-07,2.29E-07,9.23E-07,2.31E-07,0,1.65E-03,1,1,0,0,0
6727,2.09E-01,4,6727,Not eroded,0,1,0,0,0,0,9.72E-07,-4.96E-07,2.36E-06,2.60E-06,6.51E-07,0,4.65E-03,1,1,0,0,0
6728,1.12E-01,3,6728,Not eroded,0,0,0,0,0,0,-3.44E-06,5.79E-07,4.52E-06,5.71E-06,1.90E-06,1,1.02E-02,1,1,0,0,0
6729,1.96E-01,2,6729,Not eroded,0,1,0,0,0,0,1.19E-07,-8.53E-07,2.43E-07,8.95E-07,4.48E-07,1,1.60E-03,1,1,1,0,0
6730,2.68E-01,5,6730,Not eroded,0,1,1,1,1,1,1.56E-06,7.05E-07,1.89E-06,2.55E-06,5.10E-07,0,4.56E-03,0,1,0,0,0
6732,1.40E-01,5,6732,Not eroded,0,0,0,0,0,0,1.64E-07,5.77E-09,2.41E-07,2.91E-07,5.82E-08,0,5.21E-04,0,1,0,0,0
6733,1.59E-01,0,6733,Not eroded,0,0,0,0,0,0,0,0.00E+00,0.00E+00,0,0,1,0.00E+00,1,1,1,1,1
6734,5.65E-02,6,6734,Not eroded,0,0,0,0,0,0,2.53E-08,3.49E-07,-1.35E-06,1.39E-06,2.32E-07,0,2.49E-03,0,0,0,0,0
6735,2.24E-01,2,6735,Not eroded,0,1,1,0,0,0,-1.96E-07,-5.01E-07,4.40E-07,6.95E-07,3.47E-07,1,1.24E-03,1,1,1,0,0
6736,1.65E-01,0,6736,Not eroded,0,0,0,0,0,0,0,0.00E+00,0.00E+00,0,0,1,0.00E+00,1,1,1,1,1
6737,2.57E-01,3,6737,Not eroded,0,1,1,1,1,1,1.42E-07,-1.98E-08,1.99E-07,2.45E-07,8.17E-08,1,4.38E-04,1,1,0,0,0
6738,3.09E-01,0,6738,ERODED,1,1,1,1,1,1,0,0.00E+00,0.00E+00,0,0,1,0.00E+00,1,1,1,1,1
6739,2.33E-01,4,6739,Not eroded,0,1,1,1,0,0,6.94E-06,-4.45E-06,-9.15E-07,8.30E-06,2.07E-06,0,1.48E-02,1,1,0,0,0
6740,1.77E-01,0,6740,Not eroded,0,0,0,0,0,0,0,0.00E+00,0.00E+00,0,0,1,0.00E+00,1,1,1,1,1
6741,6.54E-02,5,6741,Not eroded,0,0,0,0,0,0,-5.61E-08,-7.74E-08,-7.36E-08,1.21E-07,2.41E-08,0,2.16E-04,0,1,0,0,0
6742,2.39E-01,0,6742,Not eroded,0,1,1,1,0,0,0,0.00E+00,0.00E+00,0,0,1,0.00E+00,1,1,1,1,1
6743,5.66E-02,3,6743,Not eroded,0,0,0,0,0,0,5.27E-08,-3.79E-08,-1.29E-06,1.29E-06,4.30E-07,1,2.31E-03,1,1,0,0,0
6744,2.27E-01,3,6744,Not eroded,0,1,1,0,0,0,2.07E-07,-5.12E-07,2.92E-07,6.25E-07,2.08E-07,1,1.12E-03,1,1,0,0,0
6745,2.04E-01,4,6745,Not eroded,0,1,0,0,0,0,1.45E-07,-6.32E-07,3.92E-07,7.58E-07,1.89E-07,0,1.36E-03,1,1,0,0,0
6746,1.79E-01,0,6746,Not eroded,0,0,0,0,0,0,0,0.00E+00,0.00E+00,0,0,1,0.00E+00,1,1,1,1,1
6747,2.02E-01,4,6747,Not eroded,0,1,0,0,0,0,4.22E-07,5.17E-07,1.68E-07,6.88E-07,1.72E-07,0,1.23E-03,1,1,0,0,0
6748,2.77E-01,0,6748,ERODED,1,1,1,1,1,1,0,0.00E+00,0.00E+00,0,0,1,0.00E+00,1,1,1,1,1
6749,3.05E-01,3,6749,Not eroded,0,1,1,1,1,1,3.21E-09,-1.17E-06,-2.04E-07,1.19E-06,3.95E-07,1,2.13E-03,1,1,0,0,0
6750,5.66E-02,4,6750,Not eroded,0,0,0,0,0,0,2.14E-07,1.04E-07,-1.31E-06,1.33E-06,3.33E-07,0,2.38E-03,1,1,0,0,0
6752,1.05E-01,4,6752,Not eroded,0,0,0,0,0,0,1.57E-06,2.94E-07,4.47E-06,4.75E-06,1.19E-06,0,8.50E-03,1,1,0,0,0
6753,7.98E-02,6,6753,Not eroded,0,0,0,0,0,0,2.50E-07,1.29E-07,2.53E-10,2.82E-07,4.69E-08,0,5.04E-04,0,0,0,0,0
6754,8.79E-02,4,6754,Not eroded,0,0,0,0,0,0,-2.90E-07,-1.19E-08,3.64E-08,2.93E-07,7.32E-08,0,5.24E-04,1,1,0,0,0
6757,8.08E-02,4,6757,Not eroded,0,0,0,0,0,0,-9.51E-07,-2.22E-07,1.52E-06,1.81E-06,4.52E-07,0,3.24E-03,1,1,0,0,0
6758,2.98E-01,0,6758,ERODED,1,1,1,1,1,1,0,0.00E+00,0.00E+00,0,0,1,0.00E+00,1,1,1,1,1
6759,2.06E-01,4,6759,Not eroded,0,1,0,0,0,0,2.28E-08,-4.72E-08,8.56E-07,8.58E-07,2.14E-07,0,1.53E-03,1,1,0,0,0
6760,3.01E-01,5,6760,Not eroded,0,1,1,1,1,1,-5.17E-07,9.18E-07,6.72E-06,6.80E-06,1.36E-06,0,1.22E-02,0,1,0,0,0
6761,1.86E-01,6,6761,Not eroded,0,0,0,0,0,0,9.19E-07,3.77E-07,1.64E-07,1.01E-06,1.68E-07,0,1.81E-03,0,0,0,0,0
6762,1.54E-01,4,6762,Not eroded,0,0,0,0,0,0,1.29E-07,2.25E-08,4.06E-08,1.37E-07,3.43E-08,0,2.45E-04,1,1,0,0,0
6764,1.77E-01,5,6764,Not eroded,0,0,0,0,0,0,-2.88E-07,-4.67E-08,-1.06E-07,3.10E-07,6.21E-08,0,5.54E-04,0,1,0,0,0
6765,1.08E-01,3,6765,Not eroded,0,0,0,0,0,0,1.15E-06,-1.18E-06,5.57E-07,1.74E-06,5.80E-07,1,3.11E-03,1,1,0,0,0
6767,1.50E-01,5,6767,Not eroded,0,0,0,0,0,0,5.08E-08,1.54E-07,7.16E-07,7.34E-07,1.47E-07,0,1.31E-03,0,1,0,0,0
6768,2.82E-01,4,6768,Not eroded,0,1,1,1,1,1,7.49E-07,8.04E-08,7.86E-07,1.09E-06,2.72E-07,0,1.95E-03,1,1,0,0,0
6769,1.37E-01,0,6769,Not eroded,0,0,0,0,0,0,0,0.00E+00,0.00E+00,0,0,1,0.00E+00,1,1,1,1,1
6770,1.50E-01,0,6770,Not eroded,0,0,0,0,0,0,0,0.00E+00,0.00E+00,0,0,1,0.00E+00,1,1,1,1,1
6771,8.03E-02,3,6771,Not eroded,0,0,0,0,0,0,5.07E-07,-4.54E-07,8.46E-08,6.85E-07,2.28E-07,1,1.23E-03,1,1,0,0,0
6772,2.89E-01,2,6772,Not eroded,0,1,1,1,1,1,-1.60E-05,-9.46E-06,-1.57E-06,1.87E-05,9.34E-06,1,3.34E-02,1,1,1,0,0
6773,2.87E-01,3,6773,Not eroded,0,1,1,1,1,1,-1.88E-06,1.65E-06,3.10E-07,2.52E-06,8.41E-07,1,4.51E-03,1,1,0,0,0
6775,1.38E-01,0,6775,Not eroded,0,0,0,0,0,0,0,0.00E+00,0.00E+00,0,0,1,0.00E+00,1,1,1,1,1
6776,2.43E-01,5,6776,Not eroded,0,1,1,1,1,0,1.35E-07,2.13E-07,3.70E-08,2.55E-07,5.09E-08,0,4.56E-04,0,1,0,0,0
6777,1.73E-01,4,6777,Not eroded,0,0,0,0,0,0,-8.53E-07,1.57E-06,3.72E-08,1.79E-06,4.48E-07,0,3.20E-03,1,1,0,0,0
6778,2.92E-01,5,6778,Not eroded,0,1,1,1,1,1,8.76E-07,3.64E-06,-2.04E-06,4.26E-06,8.53E-07,0,7.62E-03,0,1,0,0,0
6779,3.31E-01,0,6779,ERODED,1,1,1,1,1,1,0,0.00E+00,0.00E+00,0,0,1,0.00E+00,1,1,1,1,1
6780,2.81E-01,0,6780,Not eroded,0,1,1,1,1,1,0,0.00E+00,0.00E+00,0,0,1,0.00E+00,1,1,1,1,1
6781,1.86E-01,4,6781,Not eroded,0,0,0,0,0,0,1.34E-06,1.01E-07,1.76E-07,1.36E-06,3.39E-07,0,2.43E-03,1,1,0,0,0
6782,1.99E-01,4,6782,Not eroded,0,1,0,0,0,0,8.10E-07,-6.76E-08,1.05E-06,1.33E-06,3.32E-07,0,2.38E-03,1,1,0,0,0
6783,2.01E-01,4,6783,Not eroded,0,1,0,0,0,0,1.17E-07,1.86E-07,-5.90E-08,2.27E-07,5.68E-08,0,4.06E-04,1,1,0,0,0
6784,1.05E-01,5,6784,Not eroded,0,0,0,0,0,0,3.06E-07,9.51E-07,8.00E-07,1.28E-06,2.56E-07,0,2.29E-03,0,1,0,0,0
6785,1.03E-01,5,6785,Not eroded,0,0,0,0,0,0,1.21E-06,-2.68E-07,-3.01E-06,3.25E-06,6.50E-07,0,5.81E-03,0,1,0,0,0
6786,8.81E-02,0,6786,Not eroded,0,0,0,0,0,0,0,0.00E+00,0.00E+00,0,0,1,0.00E+00,1,1,1,1,1
6788,2.08E-01,0,6788,Not eroded,0,1,0,0,0,0,0,0.00E+00,0.00E+00,0,0,1,0.00E+00,1,1,1,1,1
6789,8.79E-02,4,6789,Not eroded,0,0,0,0,0,0,-2.49E-07,4.14E-07,6.68E-07,8.24E-07,2.06E-07,0,1.47E-03,1,1,0,0,0
6790,2.66E-01,3,6790,Not eroded,0,1,1,1,1,1,1.65E-05,3.11E-05,1.53E-05,3.83E-05,1.28E-05,1,6.85E-02,1,1,0,0,0
6791,1.67E-01,5,6791,Not eroded,0,0,0,0,0,0,-2.74E-06,2.49E-07,2.30E-07,2.77E-06,5.53E-07,0,4.95E-03,0,1,0,0,0
6792,8.26E-02,6,6792,Not eroded,0,0,0,0,0,0,-6.37E-09,-2.56E-08,1.23E-07,1.26E-07,2.10E-08,0,2.25E-04,0,0,0,0,0
6793,1.72E-01,4,6793,Not eroded,0,0,0,0,0,0,3.09E-07,-3.23E-08,1.30E-06,1.33E-06,3.33E-07,0,2.38E-03,1,1,0,0,0
6794,1.55E-01,5,6794,Not eroded,0,0,0,0,0,0,2.25E-07,7.67E-07,-9.69E-07,1.26E-06,2.51E-07,0,2.25E-03,0,1,0,0,0
6795,3.36E-01,0,6795,ERODED,1,1,1,1,1,1,0,0.00E+00,0.00E+00,0,0,1,0.00E+00,1,1,1,1,1
6796,2.75E-01,5,6796,Not eroded,0,1,1,1,1,1,1.56E-06,-3.14E-07,2.26E-06,2.77E-06,5.53E-07,0,4.95E-03,0,1,0,0,0
6797,5.66E-02,3,6797,Not eroded,0,0,0,0,0,0,5.23E-07,-1.04E-07,-1.49E-06,1.58E-06,5.28E-07,1,2.83E-03,1,1,0,0,0
6798,1.35E-01,6,6798,Not eroded,0,0,0,0,0,0,1.01E-06,-1.12E-06,-6.20E-07,1.63E-06,2.72E-07,0,2.92E-03,0,0,0,0,0
6799,2.42E-01,3,6799,Not eroded,0,1,1,1,1,0,-1.45E-07,4.65E-07,-3.58E-07,6.05E-07,2.02E-07,1,1.08E-03,1,1,0,0,0
6800,7.52E-02,0,6800,Not eroded,0,0,0,0,0,0,0,0.00E+00,0.00E+00,0,0,1,0.00E+00,1,1,1,1,1
6801,2.10E-01,0,6801,Not eroded,0,1,0,0,0,0,0,0.00E+00,0.00E+00,0,0,1,0.00E+00,1,1,1,1,1
6802,2.19E-01,5,6802,Not eroded,0,1,0,0,0,0,1.12E-07,-6.28E-07,4.11E-07,7.59E-07,1.52E-07,0,1.36E-03,0,1,0,0,0
6803,1.49E-01,0,6803,Not eroded,0,0,0,0,0,0,0,0.00E+00,0.00E+00,0,0,1,0.00E+00,1,1,1,1,1
6804,2.56E-01,3,6804,Not eroded,0,1,1,1,1,1,1.15E-06,-2.60E-06,5.83E-07,2.90E-06,9.66E-07,1,5.19E-03,1,1,0,0,0
6805,1.99E-01,3,6805,Not eroded,0,1,0,0,0,0,2.73E-07,3.76E-08,1.54E-07,3.15E-07,1.05E-07,1,5.63E-04,1,1,0,0,0
6806,1.77E-01,4,6806,Not eroded,0,0,0,0,0,0,-1.63E-07,-9.80E-08,-1.27E-07,2.28E-07,5.71E-08,0,4.08E-04,1,1,0,0,0
6807,2.77E-01,5,6807,Not eroded,0,1,1,1,1,1,1.63E-06,5.05E-06,5.74E-07,5.34E-06,1.07E-06,0,9.55E-03,0,1,0,0,0
6808,2.36E-01,3,6808,Not eroded,0,1,1,1,0,0,1.47E-07,1.37E-08,1.74E-09,1.48E-07,4.92E-08,1,2.65E-04,1,1,0,0,0
6809,1.76E-01,0,6809,Not eroded,0,0,0,0,0,0,0,0.00E+00,0.00E+00,0,0,1,0.00E+00,1,1,1,1,1
6810,7.88E-02,4,6810,Not eroded,0,0,0,0,0,0,2.95E-07,-2.49E-08,-9.56E-08,3.11E-07,7.77E-08,0,5.56E-04,1,1,0,0,0
6811,6.80E-02,0,6811,Not eroded,0,0,0,0,0,0,0,0.00E+00,0.00E+00,0,0,1,0.00E+00,1,1,1,1,1
6812,7.97E-02,3,6812,Not eroded,0,0,0,0,0,0,-2.20E-08,-6.43E-08,2.30E-07,2.40E-07,8.00E-08,1,4.29E-04,1,1,0,0,0
6813,2.74E-01,0,6813,ERODED,1,1,1,1,1,1,0,0.00E+00,0.00E+00,0,0,1,0.00E+00,1,1,1,1,1
6814,2.95E-01,3,6814,Not eroded,0,1,1,1,1,1,0.000165557,-2.41E-05,-1.62E-04,0.000232591,7.75E-05,1,4.16E-01,1,1,0,0,0
6815,2.76E-01,0,6815,Not eroded,0,1,1,1,1,1,0,0.00E+00,0.00E+00,0,0,1,0.00E+00,1,1,1,1,1
6816,2.38E-01,0,6816,Not eroded,0,1,1,1,0,0,0,0.00E+00,0.00E+00,0,0,1,0.00E+00,1,1,1,1,1
6817,2.69E-01,0,6817,Not eroded,0,1,1,1,1,1,0,0.00E+00,0.00E+00,0,0,1,0.00E+00,1,1,1,1,1
6818,2.38E-01,2,6818,Not eroded,0,1,1,1,0,0,2.13E-07,1.82E-06,-1.34E-06,2.27E-06,1.14E-06,1,4.06E-03,1,1,1,0,0
6819,1.10E-01,4,6819,Not eroded,0,0,0,0,0,0,-9.38E-07,1.45E-06,2.15E-06,2.76E-06,6.89E-07,0,4.94E-03,1,1,0,0,0
6820,3.05E-01,0,6820,ERODED,1,1,1,1,1,1,0,0.00E+00,0.00E+00,0,0,1,0.00E+00,1,1,1,1,1
6821,5.66E-02,3,6821,Not eroded,0,0,0,0,0,0,7.03E-08,2.41E-07,-1.40E-06,1.42E-06,4.74E-07,1,2.54E-03,1,1,0,0,0
6822,1.45E-01,5,6822,Not eroded,0,0,0,0,0,0,-2.22E-07,2.91E-07,3.24E-07,4.89E-07,9.77E-08,0,8.75E-04,0,1,0,0,0
6823,1.27E-01,3,6823,Not eroded,0,0,0,0,0,0,-2.81E-06,-9.86E-08,1.43E-06,3.15E-06,1.05E-06,1,5.63E-03,1,1,0,0,0
6824,2.59E-01,5,6824,Not eroded,0,1,1,1,1,1,2.02E-07,8.55E-08,1.98E-07,2.96E-07,5.92E-08,0,5.29E-04,0,1,0,0,0
6825,9.86E-02,6,6825,Not eroded,0,0,0,0,0,0,9.15E-07,1.07E-06,9.34E-07,1.69E-06,2.82E-07,0,3.02E-03,0,0,0,0,0
6827,6.16E-02,4,6827,Not eroded,0,0,0,0,0,0,3.10E-08,-1.84E-07,-4.86E-08,1.92E-07,4.81E-08,0,3.43E-04,1,1,0,0,0
6828,2.82E-01,3,6828,ERODED,1,1,1,1,1,1,0.000262074,2.44E-04,3.10E-04,0.000473611,0.00015787,1,8.47E-01,1,1,0,0,0
6829,8.03E-02,4,6829,Not eroded,0,0,0,0,0,0,-9.09E-09,2.58E-08,8.14E-08,8.59E-08,2.15E-08,0,1.54E-04,1,1,0,0,0
6831,2.85E-01,5,6831,Not eroded,0,1,1,1,1,1,1.97E-07,3.03E-07,2.14E-08,3.62E-07,7.24E-08,0,6.48E-04,0,1,0,0,0
6832,1.75E-01,0,6832,Not eroded,0,0,0,0,0,0,0,0.00E+00,0.00E+00,0,0,1,0.00E+00,1,1,1,1,1
6833,1.27E-01,6,6833,Not eroded,0,0,0,0,0,0,1.85E-07,1.06E-07,4.87E-08,2.18E-07,3.64E-08,0,3.90E-04,0,0,0,0,0
6834,1.94E-01,0,6834,Not eroded,0,1,0,0,0,0,0,0.00E+00,0.00E+00,0,0,1,0.00E+00,1,1,1,1,1
6835,1.96E-01,4,6835,Not eroded,0,1,0,0,0,0,2.20E-07,6.40E-07,-1.19E-06,1.37E-06,3.43E-07,0,2.45E-03,1,1,0,0,0
6836,6.90E-02,0,6836,Not eroded,0,0,0,0,0,0,0,0.00E+00,0.00E+00,0,0,1,0.00E+00,1,1,1,1,1
6837,2.61E-01,2,6837,Not eroded,0,1,1,1,1,1,2.29E-07,2.49E-06,7.53E-07,2.61E-06,1.31E-06,1,4.67E-03,1,1,1,0,0
6838,2.27E-01,0,6838,Not eroded,0,1,1,0,0,0,0,0.00E+00,0.00E+00,0,0,1,0.00E+00,1,1,1,1,1
6839,2.09E-01,2,6839,Not eroded,0,1,0,0,0,0,1.66E-07,3.61E-08,3.26E-08,1.73E-07,8.67E-08,1,3.09E-04,1,1,1,0,0
6840,1.06E-01,3,6840,Not eroded,0,0,0,0,0,0,-5.42E-07,4.11E-06,-6.75E-08,4.14E-06,1.38E-06,1,7.41E-03,1,1,0,0,0
6841,1.95E-01,5,6841,Not eroded,0,1,0,0,0,0,-7.42E-07,-2.35E-07,4.98E-07,9.24E-07,1.85E-07,0,1.65E-03,0,1,0,0,0
6842,2.71E-01,2,6842,Not eroded,0,1,1,1,1,1,-2.41E-08,-5.59E-07,4.38E-07,7.11E-07,3.55E-07,1,1.27E-03,1,1,1,0,0
6843,1.80E-01,4,6843,Not eroded,0,0,0,0,0,0,3.69E-07,1.49E-07,3.82E-07,5.51E-07,1.38E-07,0,9.86E-04,1,1,0,0,0
6844,1.87E-01,0,6844,Not eroded,0,0,0,0,0,0,0,0.00E+00,0.00E+00,0,0,1,0.00E+00,1,1,1,1,1
6845,2.14E-01,0,6845,Not eroded,0,1,0,0,0,0,0,0.00E+00,0.00E+00,0,0,1,0.00E+00,1,1,1,1,1
6846,2.68E-01,0,6846,ERODED,1,1,1,1,1,1,0,0.00E+00,0.00E+00,0,0,1,0.00E+00,1,1,1,1,1
6847,2.86E-01,5,6847,Not eroded,0,1,1,1,1,1,3.42E-07,2.55E-07,9.29E-08,4.37E-07,8.74E-08,0,7.82E-04,0,1,0,0,0
6849,1.57E-01,3,6849,Not eroded,0,0,0,0,0,0,4.37E-07,-2.36E-07,-4.27E-07,6.55E-07,2.18E-07,1,1.17E-03,1,1,0,0,0
6850,2.48E-01,3,6850,Not eroded,0,1,1,1,1,0,8.66E-06,-5.80E-06,-6.52E-06,1.23E-05,4.10E-06,1,2.20E-02,1,1,0,0,0
6851,2.45E-01,0,6851,Not eroded,0,1,1,1,1,0,0,0.00E+00,0.00E+00,0,0,1,0.00E+00,1,1,1,1,1
6852,2.22E-01,3,6852,Not eroded,0,1,1,0,0,0,-1.12E-06,-1.15E-06,-1.43E-06,2.15E-06,7.16E-07,1,3.85E-03,1,1,0,0,0
6853,1.64E-01,5,6853,Not eroded,0,0,0,0,0,0,4.94E-07,-6.72E-08,1.41E-06,1.50E-06,3.00E-07,0,2.68E-03,0,1,0,0,0
6854,2.02E-01,0,6854,Not eroded,0,1,0,0,0,0,0,0.00E+00,0.00E+00,0,0,1,0.00E+00,1,1,1,1,1
6855,1.85E-01,0,6855,Not eroded,0,0,0,0,0,0,0,0.00E+00,0.00E+00,0,0,1,0.00E+00,1,1,1,1,1
6857,8.04E-02,4,6857,Not eroded,0,0,0,0,0,0,-1.16E-07,8.28E-08,2.20E-07,2.62E-07,6.55E-08,0,4.69E-04,1,1,0,0,0
6858,1.23E-01,0,6858,Not eroded,0,0,0,0,0,0,0,0.00E+00,0.00E+00,0,0,1,0.00E+00,1,1,1,1,1
6859,1.05E-01,3,6859,Not eroded,0,0,0,0,0,0,7.28E-09,-6.11E-07,2.56E-07,6.62E-07,2.21E-07,1,1.18E-03,1,1,0,0,0
6860,2.51E-01,3,6860,Not eroded,0,1,1,1,1,1,-1.11E-06,5.90E-07,-7.67E-07,1.48E-06,4.92E-07,1,2.65E-03,1,1,0,0,0
6861,5.66E-02,4,6861,Not eroded,0,0,0,0,0,0,-2.03E-07,7.35E-07,-1.46E-06,1.65E-06,4.12E-07,0,2.95E-03,1,1,0,0,0
6862,1.48E-01,6,6862,Not eroded,0,0,0,0,0,0,-1.60E-07,-4.48E-08,-1.56E-07,2.27E-07,3.79E-08,0,4.06E-04,0,0,0,0,0
6863,1.48E-01,0,6863,Not eroded,0,0,0,0,0,0,0,0.00E+00,0.00E+00,0,0,1,0.00E+00,1,1,1,1,1
6864,2.26E-01,4,6864,Not eroded,0,1,1,0,0,0,7.61E-07,5.98E-07,6.46E-07,1.16E-06,2.91E-07,0,2.07E-03,1,1,0,0,0
6865,2.89E-01,0,6865,ERODED,1,1,1,1,1,1,0,0.00E+00,0.00E+00,0,0,1,0.00E+00,1,1,1,1,1
6866,1.94E-01,3,6866,Not eroded,0,1,0,0,0,0,-9.64E-08,-7.92E-07,-1.06E-08,7.98E-07,2.66E-07,1,1.43E-03,1,1,0,0,0
6867,2.32E-01,0,6867,Not eroded,0,1,1,1,0,0,0,0.00E+00,0.00E+00,0,0,1,0.00E+00,1,1,1,1,1
6868,1.09E-01,5,6868,Not eroded,0,0,0,0,0,0,-8.78E-08,2.37E-07,-7.05E-08,2.62E-07,5.25E-08,0,4.69E-04,0,1,0,0,0
6869,9.73E-02,0,6869,Not eroded,0,0,0,0,0,0,0,0.00E+00,0.00E+00,0,0,1,0.00E+00,1,1,1,1,1
6870,3.05E-01,0,6870,ERODED,1,1,1,1,1,1,0,0.00E+00,0.00E+00,0,0,1,0.00E+00,1,1,1,1,1
6871,2.14E-01,4,6871,Not eroded,0,1,0,0,0,0,5.78E-07,1.41E-07,1.80E-07,6.21E-07,1.55E-07,0,1.11E-03,1,1,0,0,0
6873,2.83E-01,0,6873,ERODED,1,1,1,1,1,1,0,0.00E+00,0.00E+00,0,0,1,0.00E+00,1,1,1,1,1
6874,2.74E-01,4,6874,ERODED,1,1,1,1,1,1,-2.22E-07,3.67E-06,1.35E-06,3.91E-06,9.78E-07,0,6.99E-03,1,1,0,0,0
6875,1.80E-01,3,6875,Not eroded,0,0,0,0,0,0,-7.86E-07,3.21E-07,1.48E-06,1.70E-06,5.68E-07,1,3.04E-03,1,1,0,0,0
6876,1.46E-01,0,6876,Not eroded,0,0,0,0,0,0,0,0.00E+00,0.00E+00,0,0,1,0.00E+00,1,1,1,1,1
6877,1.82E-01,6,6877,Not eroded,0,0,0,0,0,0,1.60E-07,3.30E-07,-9.33E-08,3.78E-07,6.30E-08,0,6.76E-04,0,0,0,0,0
6878,1.15E-01,0,6878,Not eroded,0,0,0,0,0,0,0,0.00E+00,0.00E+00,0,0,1,0.00E+00,1,1,1,1,1
6879,2.37E-01,0,6879,Not eroded,0,1,1,1,0,0,0,0.00E+00,0.00E+00,0,0,1,0.00E+00,1,1,1,1,1
6880,1.33E-01,6,6880,Not eroded,0,0,0,0,0,0,1.09E-07,3.03E-07,1.86E-07,3.72E-07,6.20E-08,0,6.65E-04,0,0,0,0,0
6881,2.06E-01,5,6881,Not eroded,0,1,0,0,0,0,5.22E-07,1.24E-06,6.65E-07,1.50E-06,3.00E-07,0,2.68E-03,0,1,0,0,0
6882,2.30E-01,3,6882,Not eroded,0,1,1,0,0,0,3.78E-08,-6.08E-08,9.00E-08,1.15E-07,3.83E-08,1,2.06E-04,1,1,0,0,0
6883,1.34E-01,6,6883,Not eroded,0,0,0,0,0,0,3.04E-07,1.97E-07,4.93E-07,6.12E-07,1.02E-07,0,1.09E-03,0,0,0,0,0
6884,2.52E-01,0,6884,Not eroded,0,1,1,1,1,1,0,0.00E+00,0.00E+00,0,0,1,0.00E+00,1,1,1,1,1
6885,5.65E-02,5,6885,Not eroded,0,0,0,0,0,0,-2.41E-07,-5.22E-07,-1.29E-06,1.41E-06,2.83E-07,0,2.52E-03,0,1,0,0,0
6887,5.65E-02,3,6887,Not eroded,0,0,0,0,0,0,2.18E-08,-3.41E-07,-1.11E-06,1.16E-06,3.87E-07,1,2.07E-03,1,1,0,0,0
6888,1.33E-01,5,6888,Not eroded,0,0,0,0,0,0,3.42E-07,2.04E-07,3.91E-07,5.58E-07,1.12E-07,0,9.98E-04,0,1,0,0,0
6889,2.11E-01,5,6889,Not eroded,0,1,0,0,0,0,3.89E-08,-6.55E-07,8.28E-08,6.61E-07,1.32E-07,0,1.18E-03,0,1,0,0,0
6890,2.07E-01,3,6890,Not eroded,0,1,0,0,0,0,1.63E-06,1.86E-06,-6.40E-07,2.55E-06,8.52E-07,1,4.56E-03,1,1,0,0,0
6891,1.58E-01,0,6891,Not eroded,0,0,0,0,0,0,0,0.00E+00,0.00E+00,0,0,1,0.00E+00,1,1,1,1,1
6892,6.51E-02,4,6892,Not eroded,0,0,0,0,0,0,-7.11E-07,-6.04E-08,1.20E-07,7.24E-07,1.81E-07,0,1.30E-03,1,1,0,0,0
6893,1.69E-01,0,6893,Not eroded,0,0,0,0,0,0,0,0.00E+00,0.00E+00,0,0,1,0.00E+00,1,1,1,1,1
6894,2.80E-01,0,6894,ERODED,1,1,1,1,1,1,0,0.00E+00,0.00E+00,0,0,1,0.00E+00,1,1,1,1,1
6895,5.66E-02,2,6895,Not eroded,0,0,0,0,0,0,-1.23E-07,1.51E-07,6.75E-08,2.06E-07,1.03E-07,1,3.68E-04,1,1,1,0,0
6897,1.11E-01,3,6897,Not eroded,0,0,0,0,0,0,7.18E-07,-2.54E-08,3.06E-07,7.81E-07,2.60E-07,1,1.40E-03,1,1,0,0,0
6898,1.21E-01,5,6898,Not eroded,0,0,0,0,0,0,3.23E-07,2.43E-07,-2.87E-08,4.05E-07,8.10E-08,0,7.24E-04,0,1,0,0,0
6899,2.32E-01,0,6899,Not eroded,0,1,1,1,0,0,0,0.00E+00,0.00E+00,0,0,1,0.00E+00,1,1,1,1,1
6900,2.29E-01,6,6900,Not eroded,0,1,1,0,0,0,-5.13E-07,-1.01E-06,5.53E-07,1.26E-06,2.11E-07,0,2.25E-03,0,0,0,0,0
6901,3.27E-01,0,6901,ERODED,1,1,1,1,1,1,0,0.00E+00,0.00E+00,0,0,1,0.00E+00,1,1,1,1,1
6902,1.94E-01,1,6902,Not eroded,0,1,0,0,0,0,-2.43E-07,1.02E-07,-4.36E-08,2.67E-07,2.67E-07,1,4.78E-04,1,1,1,1,0
6903,2.07E-01,5,6903,Not eroded,0,1,0,0,0,0,-6.85E-07,1.43E-07,4.00E-07,8.06E-07,1.61E-07,0,1.44E-03,0,1,0,0,0
6904,2.34E-01,4,6904,Not eroded,0,1,1,1,0,0,3.05E-07,3.79E-07,9.41E-08,4.95E-07,1.24E-07,0,8.85E-04,1,1,0,0,0
6906,2.28E-01,4,6906,Not eroded,0,1,1,0,0,0,2.42E-07,9.12E-08,1.46E-07,2.97E-07,7.43E-08,0,5.31E-04,1,1,0,0,0
6907,2.66E-01,2,6907,Not eroded,0,1,1,1,1,1,7.93E-06,-7.94E-06,-9.40E-06,1.46E-05,7.32E-06,1,2.61E-02,1,1,1,0,0
6908,2.03E-01,6,6908,Not eroded,0,1,0,0,0,0,2.79E-07,-4.93E-08,3.15E-07,4.23E-07,7.06E-08,0,7.57E-04,0,0,0,0,0
6909,5.66E-02,4,6909,Not eroded,0,0,0,0,0,0,8.52E-08,-1.76E-08,-1.41E-06,1.41E-06,3.53E-07,0,2.52E-03,1,1,0,0,0
6910,2.43E-01,0,6910,Not eroded,0,1,1,1,1,0,0,0.00E+00,0.00E+00,0,0,1,0.00E+00,1,1,1,1,1
6911,7.17E-02,5,6911,Not eroded,0,0,0,0,0,0,1.81E-07,6.96E-08,1.02E-07,2.19E-07,4.39E-08,0,3.92E-04,0,1,0,0,0
6912,1.24E-01,6,6912,Not eroded,0,0,0,0,0,0,-6.12E-07,3.71E-08,-5.46E-08,6.15E-07,1.03E-07,0,1.10E-03,0,0,0,0,0
6913,6.58E-02,5,6913,Not eroded,0,0,0,0,0,0,3.54E-07,4.44E-08,-3.82E-08,3.59E-07,7.17E-08,0,6.42E-04,0,1,0,0,0
6914,2.86E-01,0,6914,Not eroded,0,1,1,1,1,1,0,0.00E+00,0.00E+00,0,0,1,0.00E+00,1,1,1,1,1
6915,2.83E-01,4,6915,Not eroded,0,1,1,1,1,1,1.03E-06,1.98E-06,-1.51E-07,2.24E-06,5.59E-07,0,4.01E-03,1,1,0,0,0
6916,9.73E-02,6,6916,Not eroded,0,0,0,0,0,0,-7.82E-07,8.14E-08,6.94E-07,1.05E-06,1.75E-07,0,1.88E-03,0,0,0,0,0
6917,2.76E-01,5,6917,Not eroded,0,1,1,1,1,1,-2.83E-06,-3.32E-06,-3.51E-07,4.38E-06,8.75E-07,0,7.83E-03,0,1,0,0,0
6918,1.03E-01,4,6918,Not eroded,0,0,0,0,0,0,-6.72E-07,4.19E-06,2.95E-06,5.16E-06,1.29E-06,0,9.23E-03,1,1,0,0,0
6919,1.95E-01,4,6919,Not eroded,0,1,0,0,0,0,-5.20E-07,2.69E-07,-1.17E-07,5.97E-07,1.49E-07,0,1.07E-03,1,1,0,0,0
6921,2.19E-01,0,6921,Not eroded,0,1,0,0,0,0,0,0.00E+00,0.00E+00,0,0,1,0.00E+00,1,1,1,1,1
6922,1.26E-01,2,6922,Not eroded,0,0,0,0,0,0,-2.71E-07,-5.33E-07,1.88E-07,6.27E-07,3.13E-07,1,1.12E-03,1,1,1,0,0
6924,9.71E-02,5,6924,Not eroded,0,0,0,0,0,0,-3.72E-08,-1.19E-07,-5.35E-08,1.36E-07,2.72E-08,0,2.43E-04,0,1,0,0,0
6925,2.02E-01,3,6925,Not eroded,0,1,0,0,0,0,-1.89E-07,-8.12E-08,-1.02E-07,2.30E-07,7.66E-08,1,4.11E-04,1,1,0,0,0
6927,2.82E-01,3,6927,Not eroded,0,1,1,1,1,1,-1.67E-07,-3.64E-07,1.75E-07,4.37E-07,1.46E-07,1,7.82E-04,1,1,0,0,0
6928,7.95E-02,4,6928,Not eroded,0,0,0,0,0,0,-2.57E-07,-1.03E-07,1.48E-07,3.14E-07,7.86E-08,0,5.62E-04,1,1,0,0,0
6930,1.54E-01,5,6930,Not eroded,0,0,0,0,0,0,2.49E-07,1.67E-08,3.77E-07,4.52E-07,9.05E-08,0,8.08E-04,0,1,0,0,0
6931,2.31E-01,3,6931,Not eroded,0,1,1,1,0,0,5.86E-08,1.85E-07,3.42E-07,3.93E-07,1.31E-07,1,7.03E-04,1,1,0,0,0
6932,7.82E-02,4,6932,Not eroded,0,0,0,0,0,0,5.06E-09,1.81E-07,-7.32E-08,1.96E-07,4.89E-08,0,3.51E-04,1,1,0,0,0
6933,2.01E-01,4,6933,Not eroded,0,1,0,0,0,0,6.77E-07,3.66E-06,1.54E-06,4.03E-06,1.01E-06,0,7.21E-03,1,1,0,0,0
6934,3.19E-01,0,6934,ERODED,1,1,1,1,1,1,0,0.00E+00,0.00E+00,0,0,1,0.00E+00,1,1,1,1,1
6935,1.87E-01,4,6935,Not eroded,0,0,0,0,0,0,1.22E-06,3.39E-07,5.03E-08,1.27E-06,3.17E-07,0,2.27E-03,1,1,0,0,0
6936,1.99E-01,4,6936,Not eroded,0,1,0,0,0,0,4.32E-09,4.09E-07,2.18E-07,4.63E-07,1.16E-07,0,8.28E-04,1,1,0,0,0
6937,5.62E-02,5,6937,Not eroded,0,0,0,0,0,0,1.36E-07,5.80E-07,-1.37E-06,1.50E-06,2.99E-07,0,2.68E-03,0,1,0,0,0
6938,1.56E-01,7,6938,Not eroded,0,0,0,0,0,0,-1.64E-08,-6.93E-08,6.25E-09,7.15E-08,1.02E-08,0,1.28E-04,0,0,0,0,0
6939,2.16E-01,3,6939,Not eroded,0,1,0,0,0,0,-0.000000218,3.30E-07,3.49E-07,5.27E-07,1.76E-07,1,9.43E-04,1,1,0,0,0
6940,1.48E-01,2,6940,Not eroded,0,0,0,0,0,0,1.91E-07,7.92E-08,1.63E-06,1.65E-06,8.24E-07,1,2.95E-03,1,1,1,0,0
6941,2.85E-01,0,6941,Not eroded,0,1,1,1,1,1,0,0.00E+00,0.00E+00,0,0,1,0.00E+00,1,1,1,1,1
6942,5.66E-02,3,6942,Not eroded,0,0,0,0,0,0,1.63E-07,-6.91E-07,-1.30E-06,1.48E-06,4.94E-07,1,2.65E-03,1,1,0,0,0
6943,2.18E-01,3,6943,Not eroded,0,1,0,0,0,0,-1.97E-07,-5.14E-08,3.34E-07,3.92E-07,1.31E-07,1,7.01E-04,1,1,0,0,0
6944,2.52E-01,0,6944,Not eroded,0,1,1,1,1,1,0,0.00E+00,0.00E+00,0,0,1,0.00E+00,1,1,1,1,1
6945,1.58E-01,5,6945,Not eroded,0,0,0,0,0,0,8.62E-08,6.15E-08,3.58E-09,1.06E-07,2.12E-08,0,1.90E-04,0,1,0,0,0
6946,3.28E-01,0,6946,ERODED,1,1,1,1,1,1,0,0.00E+00,0.00E+00,0,0,1,0.00E+00,1,1,1,1,1
6947,1.78E-01,3,6947,Not eroded,0,0,0,0,0,0,1.04E-07,-2.09E-07,-9.35E-08,2.51E-07,8.37E-08,1,4.49E-04,1,1,0,0,0
6948,7.56E-02,5,6948,Not eroded,0,0,0,0,0,0,2.83E-07,3.78E-08,-5.80E-08,2.91E-07,5.83E-08,0,5.21E-04,0,1,0,0,0
6949,2.68E-01,0,6949,Not eroded,0,1,1,1,1,1,0,0.00E+00,0.00E+00,0,0,1,0.00E+00,1,1,1,1,1
6950,1.80E-01,5,6950,Not eroded,0,0,0,0,0,0,7.76E-07,-6.72E-09,1.28E-06,1.50E-06,2.99E-07,0,2.68E-03,0,1,0,0,0
6951,3.11E-01,3,6951,Not eroded,0,1,1,1,1,1,2.28E-08,-7.73E-07,3.99E-07,8.71E-07,2.90E-07,1,1.56E-03,1,1,0,0,0
6952,2.79E-01,0,6952,ERODED,1,1,1,1,1,1,0,0.00E+00,0.00E+00,0,0,1,0.00E+00,1,1,1,1,1
6953,1.45E-01,4,6953,Not eroded,0,0,0,0,0,0,3.80E-07,1.00E-06,1.51E-06,1.85E-06,4.64E-07,0,3.31E-03,1,1,0,0,0
6954,8.54E-02,0,6954,Not eroded,0,0,0,0,0,0,0,0.00E+00,0.00E+00,0,0,1,0.00E+00,1,1,1,1,1
6955,2.18E-01,0,6955,Not eroded,0,1,0,0,0,0,0,0.00E+00,0.00E+00,0,0,1,0.00E+00,1,1,1,1,1
6956,8.03E-02,5,6956,Not eroded,0,0,0,0,0,0,-1.70E-07,-1.30E-07,9.46E-08,2.34E-07,4.68E-08,0,4.19E-04,0,1,0,0,0
6957,8.04E-02,4,6957,Not eroded,0,0,0,0,0,0,2.93E-08,-9.98E-08,-8.80E-08,1.36E-07,3.41E-08,0,2.43E-04,1,1,0,0,0
6958,1.48E-01,0,6958,Not eroded,0,0,0,0,0,0,0,0.00E+00,0.00E+00,0,0,1,0.00E+00,1,1,1,1,1
6959,3.15E-01,0,6959,ERODED,1,1,1,1,1,1,0,0.00E+00,0.00E+00,0,0,1,0.00E+00,1,1,1,1,1
6960,1.44E-01,0,6960,Not eroded,0,0,0,0,0,0,0,0.00E+00,0.00E+00,0,0,1,0.00E+00,1,1,1,1,1
6961,1.28E-01,7,6961,Not eroded,0,0,0,0,0,0,1.57E-07,3.33E-07,-4.17E-08,3.71E-07,5.29E-08,0,6.64E-04,0,0,0,0,0
6962,5.65E-02,3,6962,Not eroded,0,0,0,0,0,0,-4.15E-07,7.17E-07,-1.00E-06,1.30E-06,4.33E-07,1,2.33E-03,1,1,0,0,0
6964,1.68E-01,4,6964,Not eroded,0,0,0,0,0,0,4.02E-07,-2.42E-07,3.72E-07,5.99E-07,1.50E-07,0,1.07E-03,1,1,0,0,0
6965,1.66E-01,3,6965,Not eroded,0,0,0,0,0,0,-2.53E-08,-4.08E-08,4.65E-07,4.67E-07,1.56E-07,1,8.35E-04,1,1,0,0,0
6968,2.16E-01,4,6968,Not eroded,0,1,0,0,0,0,2.03E-07,5.10E-07,2.34E-07,5.97E-07,1.49E-07,0,1.07E-03,1,1,0,0,0
6969,5.66E-02,3,6969,Not eroded,0,0,0,0,0,0,-1.35E-07,6.73E-08,-1.28E-06,1.29E-06,4.29E-07,1,2.31E-03,1,1,0,0,0
6970,3.16E-01,0,6970,ERODED,1,1,1,1,1,1,0,0.00E+00,0.00E+00,0,0,1,0.00E+00,1,1,1,1,1
6971,5.99E-02,4,6971,Not eroded,0,0,0,0,0,0,-4.44E-08,-1.46E-07,-9.88E-08,1.82E-07,4.54E-08,0,3.26E-04,1,1,0,0,0
6972,1.04E-01,5,6972,Not eroded,0,0,0,0,0,0,5.08E-07,2.37E-08,2.01E-07,5.47E-07,1.09E-07,0,9.78E-04,0,1,0,0,0
6973,2.27E-01,3,6973,Not eroded,0,1,1,0,0,0,5.42E-07,1.61E-06,1.60E-06,2.33E-06,7.78E-07,1,4.17E-03,1,1,0,0,0
6974,2.30E-01,0,6974,Not eroded,0,1,1,0,0,0,0,0.00E+00,0.00E+00,0,0,1,0.00E+00,1,1,1,1,1
6976,1.41E-01,0,6976,Not eroded,0,0,0,0,0,0,0,0.00E+00,0.00E+00,0,0,1,0.00E+00,1,1,1,1,1
6977,2.78E-01,3,6977,Not eroded,0,1,1,1,1,1,-6.99E-07,9.56E-07,-4.65E-07,1.27E-06,4.24E-07,1,2.27E-03,1,1,0,0,0
6978,1.40E-01,3,6978,Not eroded,0,0,0,0,0,0,3.14E-06,2.95E-06,3.45E-06,5.52E-06,1.84E-06,1,9.87E-03,1,1,0,0,0
6979,3.24E-01,0,6979,ERODED,1,1,1,1,1,1,0,0.00E+00,0.00E+00,0,0,1,0.00E+00,1,1,1,1,1
6980,2.66E-01,0,6980,Not eroded,0,1,1,1,1,1,0,0.00E+00,0.00E+00,0,0,1,0.00E+00,1,1,1,1,1
6982,2.73E-01,5,6982,Not eroded,0,1,1,1,1,1,-1.38E-08,-6.69E-08,7.48E-08,1.01E-07,2.03E-08,0,1.81E-04,0,1,0,0,0
6983,1.83E-01,7,6983,Not eroded,0,0,0,0,0,0,-2.72E-08,2.67E-07,9.40E-08,2.85E-07,4.06E-08,0,5.10E-04,0,0,0,0,0
6984,6.23E-02,4,6984,Not eroded,0,0,0,0,0,0,1.57E-07,-1.38E-07,-9.48E-08,2.29E-07,5.73E-08,0,4.10E-04,1,1,0,0,0
6985,1.85E-01,0,6985,Not eroded,0,0,0,0,0,0,0,0.00E+00,0.00E+00,0,0,1,0.00E+00,1,1,1,1,1
6986,9.45E-02,0,6986,Not eroded,0,0,0,0,0,0,0,0.00E+00,0.00E+00,0,0,1,0.00E+00,1,1,1,1,1
6987,2.82E-01,4,6987,Not eroded,0,1,1,1,1,1,-4.95E-06,5.28E-07,6.95E-06,8.55E-06,2.14E-06,0,1.53E-02,1,1,0,0,0
6988,2.53E-01,0,6988,Not eroded,0,1,1,1,1,1,0,0.00E+00,0.00E+00,0,0,1,0.00E+00,1,1,1,1,1
6989,1.75E-01,3,6989,Not eroded,0,0,0,0,0,0,1.63E-07,-1.25E-07,2.04E-07,2.90E-07,9.66E-08,1,5.19E-04,1,1,0,0,0
6990,1.01E-01,4,6990,Not eroded,0,0,0,0,0,0,7.47E-08,9.40E-09,7.01E-07,7.05E-07,1.76E-07,0,1.26E-03,1,1,0,0,0
6991,2.21E-01,3,6991,Not eroded,0,1,1,0,0,0,5.57E-07,3.41E-07,-8.46E-07,1.07E-06,3.56E-07,1,1.91E-03,1,1,0,0,0
6992,1.55E-01,3,6992,Not eroded,0,0,0,0,0,0,-9.43E-06,1.08E-05,-7.19E-06,1.60E-05,5.34E-06,1,2.86E-02,1,1,0,0,0
6993,2.66E-01,5,6993,Not eroded,0,1,1,1,1,1,-3.04E-09,1.15E-07,2.63E-07,2.87E-07,5.74E-08,0,5.13E-04,0,1,0,0,0
6994,5.92E-02,5,6994,Not eroded,0,0,0,0,0,0,4.63E-08,2.22E-07,-4.53E-08,2.32E-07,4.63E-08,0,4.15E-04,0,1,0,0,0
6995,2.02E-01,6,6995,Not eroded,0,1,0,0,0,0,2.96E-07,-1.72E-08,-4.81E-08,3.00E-07,5.00E-08,0,5.37E-04,0,0,0,0,0
6996,2.05E-01,6,6996,Not eroded,0,1,0,0,0,0,5.37E-08,4.01E-08,-8.31E-08,1.07E-07,1.78E-08,0,1.91E-04,0,0,0,0,0
6997,2.76E-01,3,6997,Not eroded,0,1,1,1,1,1,-1.40E-07,-8.59E-08,2.90E-07,3.33E-07,1.11E-07,1,5.96E-04,1,1,0,0,0
6998,1.69E-01,0,6998,Not eroded,0,0,0,0,0,0,0,0.00E+00,0.00E+00,0,0,1,0.00E+00,1,1,1,1,1
6999,2.48E-01,5,6999,Not eroded,0,1,1,1,1,0,1.55E-07,-1.16E-09,1.78E-07,2.36E-07,4.72E-08,0,4.22E-04,0,1,0,0,0
7001,1.96E-01,4,7001,Not eroded,0,1,0,0,0,0,-2.07E-07,5.78E-07,1.93E-07,6.43E-07,1.61E-07,0,1.15E-03,1,1,0,0,0
7002,1.03E-01,6,7002,Not eroded,0,0,0,0,0,0,-2.16E-07,4.44E-08,3.96E-07,4.54E-07,7.56E-08,0,8.12E-04,0,0,0,0,0
7003,5.66E-02,0,7003,Not eroded,0,0,0,0,0,0,0,0.00E+00,0.00E+00,0,0,1,0.00E+00,1,1,1,1,1
7004,1.38E-01,3,7004,Not eroded,0,0,0,0,0,0,5.70E-08,-8.69E-07,9.90E-08,8.76E-07,2.92E-07,1,1.57E-03,1,1,0,0,0
7005,1.63E-01,5,7005,Not eroded,0,0,0,0,0,0,1.55E-07,-4.00E-08,-1.17E-07,1.98E-07,3.97E-08,0,3.54E-04,0,1,0,0,0
7007,3.09E-01,0,7007,ERODED,1,1,1,1,1,1,0,0.00E+00,0.00E+00,0,0,1,0.00E+00,1,1,1,1,1
7008,2.25E-01,0,7008,Not eroded,0,1,1,0,0,0,0,0.00E+00,0.00E+00,0,0,1,0.00E+00,1,1,1,1,1
7009,1.37E-01,0,7009,Not eroded,0,0,0,0,0,0,0,0.00E+00,0.00E+00,0,0,1,0.00E+00,1,1,1,1,1
7010,3.18E-01,0,7010,ERODED,1,1,1,1,1,1,0,0.00E+00,0.00E+00,0,0,1,0.00E+00,1,1,1,1,1
7011,2.56E-01,4,7011,Not eroded,0,1,1,1,1,1,-2.66E-08,1.68E-07,1.19E-08,1.71E-07,4.27E-08,0,3.06E-04,1,1,0,0,0
7012,1.71E-01,0,7012,Not eroded,0,0,0,0,0,0,0,0.00E+00,0.00E+00,0,0,1,0.00E+00,1,1,1,1,1
7013,5.66E-02,4,7013,Not eroded,0,0,0,0,0,0,1.77E-07,2.29E-07,-1.43E-06,1.46E-06,3.65E-07,0,2.61E-03,1,1,0,0,0
7014,1.62E-01,3,7014,Not eroded,0,0,0,0,0,0,3.30E-07,6.83E-08,-1.28E-07,3.60E-07,1.20E-07,1,6.44E-04,1,1,0,0,0
7015,1.06E-01,3,7015,Not eroded,0,0,0,0,0,0,-5.39E-08,1.93E-07,2.20E-07,2.98E-07,9.93E-08,1,5.33E-04,1,1,0,0,0
7016,1.75E-01,4,7016,Not eroded,0,0,0,0,0,0,1.99E-07,4.03E-07,-1.21E-10,4.49E-07,1.12E-07,0,8.03E-04,1,1,0,0,0
7017,2.36E-01,0,7017,Not eroded,0,1,1,1,0,0,0,0.00E+00,0.00E+00,0,0,1,0.00E+00,1,1,1,1,1
7018,2.65E-01,4,7018,Not eroded,0,1,1,1,1,1,2.29E-07,-6.93E-07,1.81E-07,7.52E-07,1.88E-07,0,1.35E-03,1,1,0,0,0
7019,2.76E-01,2,7019,Not eroded,0,1,1,1,1,1,-1.79E-06,-1.15E-05,-2.99E-06,1.20E-05,6.00E-06,1,2.15E-02,1,1,1,0,0
7020,2.19E-01,0,7020,Not eroded,0,1,0,0,0,0,0,0.00E+00,0.00E+00,0,0,1,0.00E+00,1,1,1,1,1
7021,1.97E-01,0,7021,Not eroded,0,1,0,0,0,0,0,0.00E+00,0.00E+00,0,0,1,0.00E+00,1,1,1,1,1
7022,9.19E-02,4,7022,Not eroded,0,0,0,0,0,0,2.97E-07,-4.00E-08,2.20E-07,3.71E-07,9.29E-08,0,6.64E-04,1,1,0,0,0
7023,1.14E-01,0,7023,Not eroded,0,0,0,0,0,0,0,0.00E+00,0.00E+00,0,0,1,0.00E+00,1,1,1,1,1
7024,1.60E-01,5,7024,Not eroded,0,0,0,0,0,0,9.22E-08,-4.70E-07,-2.50E-08,4.80E-07,9.59E-08,0,8.59E-04,0,1,0,0,0
7025,2.39E-01,0,7025,Not eroded,0,1,1,1,0,0,0,0.00E+00,0.00E+00,0,0,1,0.00E+00,1,1,1,1,1
7026,5.66E-02,0,7026,Not eroded,0,0,0,0,0,0,0,0.00E+00,0.00E+00,0,0,1,0.00E+00,1,1,1,1,1
7027,5.66E-02,4,7027,Not eroded,0,0,0,0,0,0,4.89E-07,-5.28E-07,-1.33E-06,1.51E-06,3.77E-07,0,2.70E-03,1,1,0,0,0
7028,1.33E-01,4,7028,Not eroded,0,0,0,0,0,0,-1.08E-07,4.72E-08,5.28E-07,5.41E-07,1.35E-07,0,9.68E-04,1,1,0,0,0
7029,3.23E-01,0,7029,Not eroded,0,1,1,1,1,1,0,0.00E+00,0.00E+00,0,0,1,0.00E+00,1,1,1,1,1
7030,2.76E-01,4,7030,Not eroded,0,1,1,1,1,1,2.39E-07,5.90E-07,-3.24E-07,7.15E-07,1.79E-07,0,1.28E-03,1,1,0,0,0
7031,2.89E-01,0,7031,ERODED,1,1,1,1,1,1,0,0.00E+00,0.00E+00,0,0,1,0.00E+00,1,1,1,1,1
7032,1.96E-01,3,7032,Not eroded,0,1,0,0,0,0,1.34E-07,1.81E-07,1.50E-07,2.70E-07,9.01E-08,1,4.83E-04,1,1,0,0,0
7033,2.42E-01,0,7033,Not eroded,0,1,1,1,1,0,0,0.00E+00,0.00E+00,0,0,1,0.00E+00,1,1,1,1,1
7034,8.88E-02,4,7034,Not eroded,0,0,0,0,0,0,-1.70E-07,-2.76E-07,-1.88E-07,3.75E-07,9.37E-08,0,6.71E-04,1,1,0,0,0
7035,2.67E-01,6,7035,Not eroded,0,1,1,1,1,1,2.71E-07,-9.32E-07,1.99E-07,9.90E-07,1.65E-07,0,1.77E-03,0,0,0,0,0
7036,2.13E-01,0,7036,Not eroded,0,1,0,0,0,0,0,0.00E+00,0.00E+00,0,0,1,0.00E+00,1,1,1,1,1
7037,2.26E-01,0,7037,Not eroded,0,1,1,0,0,0,0,0.00E+00,0.00E+00,0,0,1,0.00E+00,1,1,1,1,1
7038,1.26E-01,3,7038,Not eroded,0,0,0,0,0,0,-8.35E-08,-1.91E-07,8.31E-07,8.57E-07,2.86E-07,1,1.53E-03,1,1,0,0,0
7039,1.80E-01,0,7039,Not eroded,0,0,0,0,0,0,0,0.00E+00,0.00E+00,0,0,1,0.00E+00,1,1,1,1,1
7040,1.30E-01,4,7040,Not eroded,0,0,0,0,0,0,3.16E-06,-6.58E-07,2.70E-06,4.20E-06,1.05E-06,0,7.51E-03,1,1,0,0,0
7041,5.66E-02,3,7041,Not eroded,0,0,0,0,0,0,-3.73E-07,-1.66E-08,-9.98E-07,1.07E-06,3.55E-07,1,1.91E-03,1,1,0,0,0
7042,1.91E-01,5,7042,Not eroded,0,0,0,0,0,0,1.24E-06,1.10E-06,-1.31E-07,1.66E-06,3.32E-07,0,2.97E-03,0,1,0,0,0
7043,3.06E-01,0,7043,ERODED,1,1,1,1,1,1,0,0.00E+00,0.00E+00,0,0,1,0.00E+00,1,1,1,1,1
7044,1.25E-01,3,7044,Not eroded,0,0,0,0,0,0,4.15E-08,-6.99E-07,-1.44E-08,7.00E-07,2.33E-07,1,1.25E-03,1,1,0,0,0
7045,2.61E-01,4,7045,Not eroded,0,1,1,1,1,1,-1.23E-06,1.81E-06,-1.06E-06,2.43E-06,6.08E-07,0,4.35E-03,1,1,0,0,0
7046,2.22E-01,0,7046,Not eroded,0,1,1,0,0,0,0,0.00E+00,0.00E+00,0,0,1,0.00E+00,1,1,1,1,1
7047,6.37E-02,4,7047,Not eroded,0,0,0,0,0,0,-8.39E-08,-1.64E-07,5.46E-08,1.92E-07,4.80E-08,0,3.43E-04,1,1,0,0,0
7048,9.51E-02,3,7048,Not eroded,0,0,0,0,0,0,-2.12E-07,-7.05E-08,4.22E-07,4.77E-07,1.59E-07,1,8.53E-04,1,1,0,0,0
7049,1.85E-01,3,7049,Not eroded,0,0,0,0,0,0,-9.12E-08,-6.04E-08,1.19E-07,1.62E-07,5.39E-08,1,2.90E-04,1,1,0,0,0
7050,1.48E-01,3,7050,Not eroded,0,0,0,0,0,0,4.68E-06,-1.13E-06,8.53E-06,9.80E-06,3.27E-06,1,1.75E-02,1,1,0,0,0
7051,2.72E-01,4,7051,Not eroded,0,1,1,1,1,1,1.94E-07,-7.15E-07,2.32E-07,7.76E-07,1.94E-07,0,1.39E-03,1,1,0,0,0
7052,7.79E-02,5,7052,Not eroded,0,0,0,0,0,0,-1.04E-07,-9.94E-08,1.32E-07,1.95E-07,3.90E-08,0,3.49E-04,0,1,0,0,0
7053,1.94E-01,0,7053,Not eroded,0,1,0,0,0,0,0,0.00E+00,0.00E+00,0,0,1,0.00E+00,1,1,1,1,1
7054,2.89E-01,5,7054,Not eroded,0,1,1,1,1,1,5.92E-07,-4.99E-07,-6.13E-08,7.77E-07,1.55E-07,0,1.39E-03,0,1,0,0,0
7055,1.85E-01,3,7055,Not eroded,0,0,0,0,0,0,4.95E-08,-5.90E-07,4.63E-07,7.51E-07,2.50E-07,1,1.34E-03,1,1,0,0,0
7056,1.32E-01,5,7056,Not eroded,0,0,0,0,0,0,3.32E-08,-9.42E-08,1.05E-07,1.45E-07,2.90E-08,0,2.59E-04,0,1,0,0,0
7057,2.75E-01,4,7057,Not eroded,0,1,1,1,1,1,-6.55E-07,2.68E-06,5.58E-07,2.81E-06,7.04E-07,0,5.03E-03,1,1,0,0,0
7058,2.83E-01,3,7058,Not eroded,0,1,1,1,1,1,4.87E-07,1.57E-07,5.75E-08,5.15E-07,1.72E-07,1,9.21E-04,1,1,0,0,0
7059,1.26E-01,4,7059,Not eroded,0,0,0,0,0,0,2.59E-07,3.78E-07,-9.26E-08,4.67E-07,1.17E-07,0,8.35E-04,1,1,0,0,0
7060,1.42E-01,4,7060,Not eroded,0,0,0,0,0,0,5.42E-08,3.24E-08,-8.27E-08,1.04E-07,2.60E-08,0,1.86E-04,1,1,0,0,0
7061,1.42E-01,4,7061,Not eroded,0,0,0,0,0,0,-3.10E-07,8.48E-08,2.35E-07,3.98E-07,9.95E-08,0,7.12E-04,1,1,0,0,0
7062,1.29E-01,0,7062,Not eroded,0,0,0,0,0,0,0,0.00E+00,0.00E+00,0,0,1,0.00E+00,1,1,1,1,1
7063,1.76E-01,5,7063,Not eroded,0,0,0,0,0,0,9.73E-08,-3.42E-09,5.93E-07,6.01E-07,1.20E-07,0,1.08E-03,0,1,0,0,0
7064,1.73E-01,6,7064,Not eroded,0,0,0,0,0,0,1.97E-07,1.04E-07,2.76E-07,3.55E-07,5.91E-08,0,6.35E-04,0,0,0,0,0
7066,2.25E-01,0,7066,Not eroded,0,1,1,0,0,0,0,0.00E+00,0.00E+00,0,0,1,0.00E+00,1,1,1,1,1
7067,1.27E-01,5,7067,Not eroded,0,0,0,0,0,0,-3.71E-08,2.11E-07,-8.96E-08,2.32E-07,4.64E-08,0,4.15E-04,0,1,0,0,0
7068,8.75E-02,5,7068,Not eroded,0,0,0,0,0,0,1.57E-07,1.35E-08,1.42E-08,1.58E-07,3.16E-08,0,2.83E-04,0,1,0,0,0
7069,1.30E-01,0,7069,Not eroded,0,0,0,0,0,0,0,0.00E+00,0.00E+00,0,0,1,0.00E+00,1,1,1,1,1
7070,2.82E-01,0,7070,ERODED,1,1,1,1,1,1,0,0.00E+00,0.00E+00,0,0,1,0.00E+00,1,1,1,1,1
7071,1.57E-01,0,7071,Not eroded,0,0,0,0,0,0,0,0.00E+00,0.00E+00,0,0,1,0.00E+00,1,1,1,1,1
7072,1.40E-01,4,7072,Not eroded,0,0,0,0,0,0,-5.61E-06,3.52E-06,-5.60E-07,6.64E-06,1.66E-06,0,1.19E-02,1,1,0,0,0
7073,1.01E-01,5,7073,Not eroded,0,0,0,0,0,0,-9.85E-10,-5.85E-08,1.78E-07,1.87E-07,3.75E-08,0,3.34E-04,0,1,0,0,0
7075,2.04E-01,6,7075,Not eroded,0,1,0,0,0,0,1.80E-07,4.85E-07,-1.66E-08,5.18E-07,8.63E-08,0,9.27E-04,0,0,0,0,0
7076,3.00E-01,0,7076,ERODED,1,1,1,1,1,1,0,0.00E+00,0.00E+00,0,0,1,0.00E+00,1,1,1,1,1
7077,1.27E-01,5,7077,Not eroded,0,0,0,0,0,0,6.76E-09,8.62E-08,-6.58E-08,1.09E-07,2.17E-08,0,1.95E-04,0,1,0,0,0
7078,1.53E-01,5,7078,Not eroded,0,0,0,0,0,0,-9.77E-08,1.76E-07,6.69E-08,2.12E-07,4.25E-08,0,3.79E-04,0,1,0,0,0
7079,1.47E-01,6,7079,Not eroded,0,0,0,0,0,0,1.05E-07,-1.47E-07,1.48E-07,2.33E-07,3.89E-08,0,4.17E-04,0,0,0,0,0
7080,2.86E-01,0,7080,Not eroded,0,1,1,1,1,1,0,0.00E+00,0.00E+00,0,0,1,0.00E+00,1,1,1,1,1
7081,6.53E-02,0,7081,Not eroded,0,0,0,0,0,0,0,0.00E+00,0.00E+00,0,0,1,0.00E+00,1,1,1,1,1
7082,3.05E-01,0,7082,Not eroded,0,1,1,1,1,1,0,0.00E+00,0.00E+00,0,0,1,0.00E+00,1,1,1,1,1
7084,2.37E-01,4,7084,Not eroded,0,1,1,1,0,0,3.76E-08,6.65E-07,-1.80E-08,6.67E-07,1.67E-07,0,1.19E-03,1,1,0,0,0
7085,5.67E-02,2,7085,Not eroded,0,0,0,0,0,0,3.85E-07,1.17E-07,3.81E-08,4.04E-07,2.02E-07,1,7.23E-04,1,1,1,0,0
7087,1.78E-01,3,7087,Not eroded,0,0,0,0,0,0,1.93E-07,-7.90E-07,3.01E-07,8.67E-07,2.89E-07,1,1.55E-03,1,1,0,0,0
7088,1.35E-01,2,7088,Not eroded,0,0,0,0,0,0,-8.83E-06,-5.34E-07,1.72E-06,9.01E-06,4.50E-06,1,1.61E-02,1,1,1,0,0
7089,1.69E-01,6,7089,Not eroded,0,0,0,0,0,0,2.19E-07,3.87E-07,1.42E-07,4.67E-07,7.78E-08,0,8.35E-04,0,0,0,0,0
7090,1.97E-01,0,7090,Not eroded,0,1,0,0,0,0,0,0.00E+00,0.00E+00,0,0,1,0.00E+00,1,1,1,1,1
7091,5.66E-02,2,7091,Not eroded,0,0,0,0,0,0,2.31E-07,-7.65E-07,-9.54E-07,1.24E-06,6.22E-07,1,2.22E-03,1,1,1,0,0
7092,2.14E-01,0,7092,Not eroded,0,1,0,0,0,0,0,0.00E+00,0.00E+00,0,0,1,0.00E+00,1,1,1,1,1
7093,3.18E-01,0,7093,ERODED,1,1,1,1,1,1,0,0.00E+00,0.00E+00,0,0,1,0.00E+00,1,1,1,1,1
7094,5.66E-02,3,7094,Not eroded,0,0,0,0,0,0,-1.95E-07,8.71E-08,-1.31E-06,1.33E-06,4.42E-07,1,2.38E-03,1,1,0,0,0
7095,6.67E-02,2,7095,Not eroded,0,0,0,0,0,0,2.33E-07,1.89E-07,-9.99E-08,3.16E-07,1.58E-07,1,5.65E-04,1,1,1,0,0
7096,1.97E-01,4,7096,Not eroded,0,1,0,0,0,0,-6.37E-08,4.11E-07,2.55E-07,4.88E-07,1.22E-07,0,8.73E-04,1,1,0,0,0
7097,2.50E-01,0,7097,Not eroded,0,1,1,1,1,0,0,0.00E+00,0.00E+00,0,0,1,0.00E+00,1,1,1,1,1
7098,1.69E-01,5,7098,Not eroded,0,0,0,0,0,0,-1.61E-06,2.50E-07,-4.56E-07,1.69E-06,3.39E-07,0,3.02E-03,0,1,0,0,0
7099,1.90E-01,5,7099,Not eroded,0,0,0,0,0,0,5.80E-07,1.27E-06,2.58E-06,2.93E-06,5.87E-07,0,5.24E-03,0,1,0,0,0
7100,5.66E-02,4,7100,Not eroded,0,0,0,0,0,0,7.35E-08,5.40E-08,-1.35E-06,1.35E-06,3.38E-07,0,2.41E-03,1,1,0,0,0
7102,1.88E-01,4,7102,Not eroded,0,0,0,0,0,0,-1.47E-07,-1.43E-07,2.73E-07,3.41E-07,8.53E-08,0,6.10E-04,1,1,0,0,0
7103,1.60E-01,5,7103,Not eroded,0,0,0,0,0,0,6.21E-08,7.03E-07,-7.51E-08,7.09E-07,1.42E-07,0,1.27E-03,0,1,0,0,0
7104,1.41E-01,0,7104,Not eroded,0,0,0,0,0,0,0,0.00E+00,0.00E+00,0,0,1,0.00E+00,1,1,1,1,1
7105,1.74E-01,6,7105,Not eroded,0,0,0,0,0,0,3.21E-08,1.51E-08,8.80E-08,9.49E-08,1.58E-08,0,1.70E-04,0,0,0,0,0
7107,1.50E-01,0,7107,Not eroded,0,0,0,0,0,0,0,0.00E+00,0.00E+00,0,0,1,0.00E+00,1,1,1,1,1
7108,2.00E-01,0,7108,Not eroded,0,1,0,0,0,0,0,0.00E+00,0.00E+00,0,0,1,0.00E+00,1,1,1,1,1
7109,2.21E-01,4,7109,Not eroded,0,1,1,0,0,0,2.68E-07,8.84E-08,-1.30E-08,2.83E-07,7.07E-08,0,5.06E-04,1,1,0,0,0
7111,5.66E-02,3,7111,Not eroded,0,0,0,0,0,0,5.74E-08,5.94E-08,-1.00E-06,1.01E-06,3.35E-07,1,1.81E-03,1,1,0,0,0
7112,1.86E-01,4,7112,Not eroded,0,0,0,0,0,0,3.63E-07,-1.43E-07,5.01E-07,6.35E-07,1.59E-07,0,1.14E-03,1,1,0,0,0
7113,1.40E-01,0,7113,Not eroded,0,0,0,0,0,0,0,0.00E+00,0.00E+00,0,0,1,0.00E+00,1,1,1,1,1
7115,2.27E-01,4,7115,Not eroded,0,1,1,0,0,0,-5.09E-07,7.38E-07,5.72E-07,1.06E-06,2.66E-07,0,1.90E-03,1,1,0,0,0
7116,1.16E-01,4,7116,Not eroded,0,0,0,0,0,0,-1.17E-07,2.45E-06,3.96E-06,4.66E-06,1.17E-06,0,8.34E-03,1,1,0,0,0
7117,3.04E-01,0,7117,Not eroded,0,1,1,1,1,1,0,0.00E+00,0.00E+00,0,0,1,0.00E+00,1,1,1,1,1
7118,5.66E-02,3,7118,Not eroded,0,0,0,0,0,0,-1.90E-07,2.68E-08,-9.47E-07,9.66E-07,3.22E-07,1,1.73E-03,1,1,0,0,0
7119,1.01E-01,6,7119,Not eroded,0,0,0,0,0,0,-3.23E-08,-4.87E-08,2.63E-07,2.70E-07,4.49E-08,0,4.83E-04,0,0,0,0,0
7121,1.34E-01,0,7121,Not eroded,0,0,0,0,0,0,0,0.00E+00,0.00E+00,0,0,1,0.00E+00,1,1,1,1,1
7122,3.17E-01,0,7122,ERODED,1,1,1,1,1,1,0,0.00E+00,0.00E+00,0,0,1,0.00E+00,1,1,1,1,1
7123,5.66E-02,3,7123,Not eroded,0,0,0,0,0,0,9.43E-08,-5.58E-08,-1.30E-06,1.31E-06,4.36E-07,1,2.34E-03,1,1,0,0,0
7124,6.67E-02,0,7124,Not eroded,0,0,0,0,0,0,0,0.00E+00,0.00E+00,0,0,1,0.00E+00,1,1,1,1,1
7125,2.86E-01,4,7125,Not eroded,0,1,1,1,1,1,0.000166863,-2.96E-05,-4.48E-06,0.000169531,4.24E-05,0,3.03E-01,1,1,0,0,0
7126,3.10E-01,0,7126,ERODED,1,1,1,1,1,1,0,0.00E+00,0.00E+00,0,0,1,0.00E+00,1,1,1,1,1
7127,2.15E-01,4,7127,Not eroded,0,1,0,0,0,0,1.48E-06,9.62E-07,2.24E-06,2.85E-06,7.14E-07,0,5.10E-03,1,1,0,0,0
7128,2.16E-01,0,7128,Not eroded,0,1,0,0,0,0,0,0.00E+00,0.00E+00,0,0,1,0.00E+00,1,1,1,1,1
7129,5.63E-02,5,7129,Not eroded,0,0,0,0,0,0,-2.38E-07,-4.12E-07,-1.18E-06,1.27E-06,2.54E-07,0,2.27E-03,0,1,0,0,0
7130,1.24E-01,3,7130,Not eroded,0,0,0,0,0,0,4.52E-07,4.96E-08,-1.40E-09,4.55E-07,1.52E-07,1,8.14E-04,1,1,0,0,0
7131,8.25E-02,2,7131,Not eroded,0,0,0,0,0,0,-9.90E-07,3.17E-07,8.81E-07,1.36E-06,6.81E-07,1,2.43E-03,1,1,1,0,0
7132,2.10E-01,5,7132,Not eroded,0,1,0,0,0,0,-4.77E-08,-1.66E-08,1.10E-07,1.21E-07,2.42E-08,0,2.16E-04,0,1,0,0,0
7133,2.62E-01,4,7133,Not eroded,0,1,1,1,1,1,3.90E-07,6.56E-07,-3.75E-08,7.64E-07,1.91E-07,0,1.37E-03,1,1,0,0,0
7134,2.13E-01,4,7134,Not eroded,0,1,0,0,0,0,-4.82E-07,1.87E-07,2.08E-07,5.57E-07,1.39E-07,0,9.96E-04,1,1,0,0,0
7135,1.96E-01,4,7135,Not eroded,0,1,0,0,0,0,1.44E-07,9.37E-09,3.87E-07,4.13E-07,1.03E-07,0,7.39E-04,1,1,0,0,0
7136,2.96E-01,0,7136,ERODED,1,1,1,1,1,1,0,0.00E+00,0.00E+00,0,0,1,0.00E+00,1,1,1,1,1
7137,2.15E-01,0,7137,Not eroded,0,1,0,0,0,0,0,0.00E+00,0.00E+00,0,0,1,0.00E+00,1,1,1,1,1
7138,1.71E-01,6,7138,Not eroded,0,0,0,0,0,0,4.49E-07,1.51E-07,4.61E-07,6.61E-07,1.10E-07,0,1.18E-03,0,0,0,0,0
7139,1.12E-01,0,7139,Not eroded,0,0,0,0,0,0,0,0.00E+00,0.00E+00,0,0,1,0.00E+00,1,1,1,1,1
7140,2.39E-01,0,7140,Not eroded,0,1,1,1,0,0,0,0.00E+00,0.00E+00,0,0,1,0.00E+00,1,1,1,1,1
7141,7.87E-02,4,7141,Not eroded,0,0,0,0,0,0,-1.11E-07,-9.84E-08,6.11E-07,6.28E-07,1.57E-07,0,1.12E-03,1,1,0,0,0
7142,2.77E-01,3,7142,Not eroded,0,1,1,1,1,1,-4.85E-07,7.48E-07,1.02E-06,1.35E-06,4.51E-07,1,2.41E-03,1,1,0,0,0
7143,2.03E-01,0,7143,Not eroded,0,1,0,0,0,0,0,0.00E+00,0.00E+00,0,0,1,0.00E+00,1,1,1,1,1
7144,1.63E-01,2,7144,Not eroded,0,0,0,0,0,0,-5.55E-08,3.71E-07,3.90E-07,5.41E-07,2.71E-07,1,9.68E-04,1,1,1,0,0
7145,8.44E-02,5,7145,Not eroded,0,0,0,0,0,0,8.05E-08,1.81E-07,-2.45E-07,3.15E-07,6.30E-08,0,5.63E-04,0,1,0,0,0
7146,1.41E-01,0,7146,Not eroded,0,0,0,0,0,0,0,0.00E+00,0.00E+00,0,0,1,0.00E+00,1,1,1,1,1
7147,2.78E-01,0,7147,Not eroded,0,1,1,1,1,1,0,0.00E+00,0.00E+00,0,0,1,0.00E+00,1,1,1,1,1
7150,2.54E-01,3,7150,Not eroded,0,1,1,1,1,1,-2.68E-06,-1.04E-06,-3.82E-07,2.90E-06,9.67E-07,1,5.19E-03,1,1,0,0,0
7151,6.54E-02,0,7151,Not eroded,0,0,0,0,0,0,0,0.00E+00,0.00E+00,0,0,1,0.00E+00,1,1,1,1,1
7152,1.28E-01,3,7152,Not eroded,0,0,0,0,0,0,-1.65E-07,4.05E-09,3.82E-07,4.16E-07,1.39E-07,1,7.44E-04,1,1,0,0,0
7153,1.99E-01,0,7153,Not eroded,0,1,0,0,0,0,0,0.00E+00,0.00E+00,0,0,1,0.00E+00,1,1,1,1,1
7154,7.79E-02,4,7154,Not eroded,0,0,0,0,0,0,2.04E-06,1.09E-06,1.08E-07,2.31E-06,5.78E-07,0,4.13E-03,1,1,0,0,0
7155,1.46E-01,0,7155,Not eroded,0,0,0,0,0,0,0,0.00E+00,0.00E+00,0,0,1,0.00E+00,1,1,1,1,1
7156,1.83E-01,0,7156,Not eroded,0,0,0,0,0,0,0,0.00E+00,0.00E+00,0,0,1,0.00E+00,1,1,1,1,1
7157,3.18E-01,0,7157,ERODED,1,1,1,1,1,1,0,0.00E+00,0.00E+00,0,0,1,0.00E+00,1,1,1,1,1
7158,2.97E-01,0,7158,Not eroded,0,1,1,1,1,1,0,0.00E+00,0.00E+00,0,0,1,0.00E+00,1,1,1,1,1
7159,1.56E-01,3,7159,Not eroded,0,0,0,0,0,0,3.01E-07,2.25E-07,-1.73E-07,4.14E-07,1.38E-07,1,7.41E-04,1,1,0,0,0
7160,8.18E-02,3,7160,Not eroded,0,0,0,0,0,0,2.87E-08,1.97E-09,2.48E-07,2.50E-07,8.32E-08,1,4.47E-04,1,1,0,0,0
7161,3.28E-01,0,7161,ERODED,1,1,1,1,1,1,0,0.00E+00,0.00E+00,0,0,1,0.00E+00,1,1,1,1,1
7162,6.68E-02,3,7162,Not eroded,0,0,0,0,0,0,3.34E-08,1.51E-07,3.28E-07,3.63E-07,1.21E-07,1,6.49E-04,1,1,0,0,0
7163,2.89E-01,4,7163,Not eroded,0,1,1,1,1,1,-1.30E-06,-5.71E-06,7.00E-06,9.13E-06,2.28E-06,0,1.63E-02,1,1,0,0,0
7164,2.86E-01,0,7164,ERODED,1,1,1,1,1,1,0,0.00E+00,0.00E+00,0,0,1,0.00E+00,1,1,1,1,1
7165,1.55E-01,0,7165,Not eroded,0,0,0,0,0,0,0,0.00E+00,0.00E+00,0,0,1,0.00E+00,1,1,1,1,1
7166,2.82E-01,7,7166,Not eroded,0,1,1,1,1,1,2.55E-07,-1.84E-09,7.90E-08,2.67E-07,3.81E-08,0,4.78E-04,0,0,0,0,0
7167,2.82E-01,4,7167,Not eroded,0,1,1,1,1,1,-6.30E-06,-3.42E-06,-1.66E-07,7.17E-06,1.79E-06,0,1.28E-02,1,1,0,0,0
7168,2.39E-01,6,7168,Not eroded,0,1,1,1,0,0,-7.93E-08,2.14E-07,-1.35E-07,2.65E-07,4.41E-08,0,4.74E-04,0,0,0,0,0
7170,3.04E-01,3,7170,Not eroded,0,1,1,1,1,1,1.71E-06,3.13E-06,-7.95E-06,8.71E-06,2.90E-06,1,1.56E-02,1,1,0,0,0
7171,2.84E-01,5,7171,Not eroded,0,1,1,1,1,1,-3.44E-07,1.43E-06,-2.42E-07,1.49E-06,2.98E-07,0,2.67E-03,0,1,0,0,0
7172,2.46E-01,3,7172,Not eroded,0,1,1,1,1,0,-1.65E-08,-4.84E-07,1.44E-07,5.05E-07,1.68E-07,1,9.03E-04,1,1,0,0,0
7173,1.94E-01,3,7173,Not eroded,0,1,0,0,0,0,4.60E-08,-6.55E-08,2.11E-07,2.26E-07,7.53E-08,1,4.04E-04,1,1,0,0,0
7174,2.89E-01,3,7174,Not eroded,0,1,1,1,1,1,1.13E-06,7.20E-07,7.82E-07,1.55E-06,5.16E-07,1,2.77E-03,1,1,0,0,0
7175,5.66E-02,3,7175,Not eroded,0,0,0,0,0,0,7.06E-09,-8.28E-08,-1.38E-06,1.38E-06,4.60E-07,1,2.47E-03,1,1,0,0,0
7176,2.98E-01,3,7176,Not eroded,0,1,1,1,1,1,1.79E-06,-4.10E-07,-2.89E-07,1.86E-06,6.20E-07,1,3.33E-03,1,1,0,0,0
7177,1.37E-01,4,7177,Not eroded,0,0,0,0,0,0,3.18E-08,-7.09E-08,1.55E-07,1.74E-07,4.34E-08,0,3.11E-04,1,1,0,0,0
7179,6.95E-02,4,7179,Not eroded,0,0,0,0,0,0,-1.75E-07,5.04E-08,1.31E-08,1.83E-07,4.57E-08,0,3.27E-04,1,1,0,0,0
7180,3.15E-01,0,7180,ERODED,1,1,1,1,1,1,0,0.00E+00,0.00E+00,0,0,1,0.00E+00,1,1,1,1,1
7183,5.66E-02,4,7183,Not eroded,0,0,0,0,0,0,3.11E-07,-2.30E-08,-1.41E-06,1.44E-06,3.61E-07,0,2.58E-03,1,1,0,0,0
7184,1.92E-01,4,7184,Not eroded,0,1,0,0,0,0,2.06E-07,-2.45E-08,-1.07E-07,2.34E-07,5.84E-08,0,4.19E-04,1,1,0,0,0
7185,5.66E-02,4,7185,Not eroded,0,0,0,0,0,0,1.77E-07,-6.25E-07,-1.19E-06,1.35E-06,3.38E-07,0,2.41E-03,1,1,0,0,0
7186,1.05E-01,5,7186,Not eroded,0,0,0,0,0,0,-6.19E-06,-3.51E-06,9.30E-06,1.17E-05,2.34E-06,0,2.09E-02,0,1,0,0,0
7187,1.75E-01,4,7187,Not eroded,0,0,0,0,0,0,5.81E-07,-1.08E-07,3.00E-07,6.63E-07,1.66E-07,0,1.19E-03,1,1,0,0,0
7188,8.49E-02,4,7188,Not eroded,0,0,0,0,0,0,1.34E-07,1.25E-07,-1.80E-07,2.57E-07,6.43E-08,0,4.60E-04,1,1,0,0,0
7189,1.14E-01,4,7189,Not eroded,0,0,0,0,0,0,2.90E-06,5.37E-06,6.83E-07,6.14E-06,1.53E-06,0,1.10E-02,1,1,0,0,0
7190,1.16E-01,3,7190,Not eroded,0,0,0,0,0,0,-9.43E-08,5.62E-07,-2.52E-07,6.23E-07,2.08E-07,1,1.11E-03,1,1,0,0,0
7191,3.04E-01,0,7191,ERODED,1,1,1,1,1,1,0,0.00E+00,0.00E+00,0,0,1,0.00E+00,1,1,1,1,1
7193,2.40E-01,0,7193,Not eroded,0,1,1,1,0,0,0,0.00E+00,0.00E+00,0,0,1,0.00E+00,1,1,1,1,1
7194,2.28E-01,5,7194,Not eroded,0,1,1,0,0,0,-1.36E-07,4.71E-07,2.80E-07,5.64E-07,1.13E-07,0,1.01E-03,0,1,0,0,0
7195,1.76E-01,4,7195,Not eroded,0,0,0,0,0,0,4.26E-07,5.36E-07,8.07E-07,1.06E-06,2.65E-07,0,1.90E-03,1,1,0,0,0
7196,1.40E-01,4,7196,Not eroded,0,0,0,0,0,0,-3.26E-07,9.58E-08,9.57E-08,3.53E-07,8.82E-08,0,6.31E-04,1,1,0,0,0
7197,5.66E-02,4,7197,Not eroded,0,0,0,0,0,0,-2.24E-07,-4.06E-08,-1.37E-06,1.39E-06,3.47E-07,0,2.49E-03,1,1,0,0,0
7198,2.56E-01,4,7198,Not eroded,0,1,1,1,1,1,-9.50E-08,1.42E-07,3.34E-08,1.74E-07,4.36E-08,0,3.11E-04,1,1,0,0,0
7199,2.11E-01,3,7199,Not eroded,0,1,0,0,0,0,-1.06E-07,-9.72E-07,-8.71E-09,9.77E-07,3.26E-07,1,1.75E-03,1,1,0,0,0
7200,3.05E-01,0,7200,ERODED,1,1,1,1,1,1,0,0.00E+00,0.00E+00,0,0,1,0.00E+00,1,1,1,1,1
7201,8.73E-02,3,7201,Not eroded,0,0,0,0,0,0,-2.83E-07,-1.73E-07,3.43E-07,4.78E-07,1.59E-07,1,8.55E-04,1,1,0,0,0
7202,2.61E-01,3,7202,Not eroded,0,1,1,1,1,1,1.00E-07,5.76E-08,8.16E-08,1.41E-07,4.71E-08,1,2.52E-04,1,1,0,0,0
7203,5.64E-02,4,7203,Not eroded,0,0,0,0,0,0,9.24E-08,8.15E-08,-1.26E-06,1.27E-06,3.17E-07,0,2.27E-03,1,1,0,0,0
7204,2.46E-01,4,7204,Not eroded,0,1,1,1,1,0,8.71E-09,-2.18E-08,2.07E-07,2.08E-07,5.20E-08,0,3.72E-04,1,1,0,0,0
7205,5.69E-02,0,7205,Not eroded,0,0,0,0,0,0,0,0.00E+00,0.00E+00,0,0,1,0.00E+00,1,1,1,1,1
7206,2.29E-01,0,7206,Not eroded,0,1,1,0,0,0,0,0.00E+00,0.00E+00,0,0,1,0.00E+00,1,1,1,1,1
7207,1.92E-01,4,7207,Not eroded,0,1,0,0,0,0,1.01E-06,7.40E-07,5.14E-07,1.35E-06,3.38E-07,0,2.41E-03,1,1,0,0,0
7208,3.07E-01,5,7208,Not eroded,0,1,1,1,1,1,2.86E-05,1.01E-05,-5.29E-05,6.10E-05,1.22E-05,0,1.09E-01,0,1,0,0,0
7209,6.11E-02,4,7209,Not eroded,0,0,0,0,0,0,-3.58E-08,2.12E-07,-5.28E-08,2.21E-07,5.54E-08,0,3.95E-04,1,1,0,0,0
7210,9.76E-02,0,7210,Not eroded,0,0,0,0,0,0,0,0.00E+00,0.00E+00,0,0,1,0.00E+00,1,1,1,1,1
7211,1.17E-01,5,7211,Not eroded,0,0,0,0,0,0,1.77E-07,1.27E-06,-2.07E-06,2.44E-06,4.88E-07,0,4.36E-03,0,1,0,0,0
7212,2.56E-01,0,7212,Not eroded,0,1,1,1,1,1,0,0.00E+00,0.00E+00,0,0,1,0.00E+00,1,1,1,1,1
7213,2.98E-01,0,7213,ERODED,1,1,1,1,1,1,0,0.00E+00,0.00E+00,0,0,1,0.00E+00,1,1,1,1,1
7214,2.80E-01,3,7214,Not eroded,0,1,1,1,1,1,1.95E-07,1.99E-08,3.10E-07,3.67E-07,1.22E-07,1,6.56E-04,1,1,0,0,0
7215,1.53E-01,4,7215,Not eroded,0,0,0,0,0,0,1.60E-07,-5.90E-07,-1.16E-08,6.12E-07,1.53E-07,0,1.09E-03,1,1,0,0,0
7216,1.05E-01,0,7216,Not eroded,0,0,0,0,0,0,0,0.00E+00,0.00E+00,0,0,1,0.00E+00,1,1,1,1,1
7217,5.65E-02,5,7217,Not eroded,0,0,0,0,0,0,-1.04E-06,3.67E-07,-1.31E-06,1.71E-06,3.43E-07,0,3.06E-03,0,1,0,0,0
7218,2.00E-01,3,7218,Not eroded,0,1,0,0,0,0,3.35E-07,-3.90E-07,2.16E-06,2.22E-06,7.39E-07,1,3.97E-03,1,1,0,0,0
7219,5.66E-02,4,7219,Not eroded,0,0,0,0,0,0,2.00E-07,2.15E-07,-1.30E-06,1.33E-06,3.32E-07,0,2.38E-03,1,1,0,0,0
7220,1.32E-01,0,7220,Not eroded,0,0,0,0,0,0,0,0.00E+00,0.00E+00,0,0,1,0.00E+00,1,1,1,1,1
7221,1.76E-01,4,7221,Not eroded,0,0,0,0,0,0,-2.99E-07,-3.66E-07,2.73E-07,5.45E-07,1.36E-07,0,9.75E-04,1,1,0,0,0
7222,2.01E-01,6,7222,Not eroded,0,1,0,0,0,0,1.57E-07,2.89E-07,7.78E-08,3.37E-07,5.62E-08,0,6.03E-04,0,0,0,0,0
7223,2.80E-01,6,7223,Not eroded,0,1,1,1,1,1,-2.01E-06,1.08E-06,-9.94E-07,2.49E-06,4.15E-07,0,4.45E-03,0,0,0,0,0
7224,7.23E-02,5,7224,Not eroded,0,0,0,0,0,0,-1.81E-07,5.04E-08,-1.30E-07,2.29E-07,4.57E-08,0,4.10E-04,0,1,0,0,0
7225,1.08E-01,3,7225,Not eroded,0,0,0,0,0,0,1.54E-08,6.53E-08,1.57E-07,1.71E-07,5.70E-08,1,3.06E-04,1,1,0,0,0
7226,9.81E-02,5,7226,Not eroded,0,0,0,0,0,0,1.62E-07,-1.04E-06,1.91E-06,2.18E-06,4.36E-07,0,3.90E-03,0,1,0,0,0
7227,7.11E-02,2,7227,Not eroded,0,0,0,0,0,0,3.61E-07,-1.43E-07,5.88E-07,7.05E-07,3.53E-07,1,1.26E-03,1,1,1,0,0
7228,2.33E-01,4,7228,Not eroded,0,1,1,1,0,0,1.29E-07,9.08E-07,-5.54E-07,1.07E-06,2.68E-07,0,1.91E-03,1,1,0,0,0
7229,1.09E-01,4,7229,Not eroded,0,0,0,0,0,0,4.44E-07,7.19E-07,1.30E-06,1.55E-06,3.87E-07,0,2.77E-03,1,1,0,0,0
7230,1.79E-01,4,7230,Not eroded,0,0,0,0,0,0,1.27E-07,1.64E-07,2.51E-07,3.26E-07,8.14E-08,0,5.83E-04,1,1,0,0,0
7231,1.53E-01,4,7231,Not eroded,0,0,0,0,0,0,-7.65E-08,-1.01E-07,8.57E-08,1.53E-07,3.82E-08,0,2.74E-04,1,1,0,0,0
7232,1.23E-01,3,7232,Not eroded,0,0,0,0,0,0,-6.51E-09,4.11E-07,3.27E-07,5.25E-07,1.75E-07,1,9.39E-04,1,1,0,0,0
7233,1.10E-01,7,7233,Not eroded,0,0,0,0,0,0,1.19E-07,2.96E-07,1.96E-08,3.20E-07,4.57E-08,0,5.72E-04,0,0,0,0,0
7234,6.19E-02,6,7234,Not eroded,0,0,0,0,0,0,-1.65E-07,4.77E-07,1.30E-07,5.21E-07,8.68E-08,0,9.32E-04,0,0,0,0,0
7235,1.03E-01,5,7235,Not eroded,0,0,0,0,0,0,-3.53E-08,-1.74E-08,1.43E-06,1.44E-06,2.87E-07,0,2.58E-03,0,1,0,0,0
7236,5.66E-02,4,7236,Not eroded,0,0,0,0,0,0,5.63E-07,1.13E-06,-8.54E-07,1.52E-06,3.80E-07,0,2.72E-03,1,1,0,0,0
7237,3.16E-01,0,7237,ERODED,1,1,1,1,1,1,0,0.00E+00,0.00E+00,0,0,1,0.00E+00,1,1,1,1,1
7238,7.66E-02,4,7238,Not eroded,0,0,0,0,0,0,-2.60E-08,1.65E-07,2.79E-07,3.25E-07,8.12E-08,0,5.81E-04,1,1,0,0,0
7239,2.83E-01,0,7239,ERODED,1,1,1,1,1,1,0,0.00E+00,0.00E+00,0,0,1,0.00E+00,1,1,1,1,1
7240,1.37E-01,3,7240,Not eroded,0,0,0,0,0,0,-1.70E-06,1.19E-06,-4.00E-07,2.11E-06,7.04E-07,1,3.77E-03,1,1,0,0,0
7241,2.27E-01,4,7241,Not eroded,0,1,1,0,0,0,-1.47E-07,-1.20E-07,-6.82E-08,2.02E-07,5.05E-08,0,3.61E-04,1,1,0,0,0
7242,2.19E-01,3,7242,Not eroded,0,1,0,0,0,0,1.13E-07,-4.97E-07,7.98E-08,5.15E-07,1.72E-07,1,9.21E-04,1,1,0,0,0
7243,2.64E-01,2,7243,Not eroded,0,1,1,1,1,1,2.18E-08,-9.87E-07,-2.35E-07,1.01E-06,5.07E-07,1,1.81E-03,1,1,1,0,0
7244,1.75E-01,4,7244,Not eroded,0,0,0,0,0,0,7.13E-07,1.03E-08,9.31E-07,1.17E-06,2.93E-07,0,2.09E-03,1,1,0,0,0
7245,2.06E-01,3,7245,Not eroded,0,1,0,0,0,0,4.12E-07,1.53E-07,1.76E-07,4.73E-07,1.58E-07,1,8.46E-04,1,1,0,0,0
7246,1.06E-01,3,7246,Not eroded,0,0,0,0,0,0,1.17E-06,-1.05E-06,4.24E-07,1.63E-06,5.44E-07,1,2.92E-03,1,1,0,0,0
7247,2.87E-01,4,7247,Not eroded,0,1,1,1,1,1,6.81E-06,1.13E-06,1.01E-07,6.91E-06,1.73E-06,0,1.24E-02,1,1,0,0,0
7248,2.82E-01,4,7248,Not eroded,0,1,1,1,1,1,-4.55E-07,4.90E-06,3.08E-07,4.93E-06,1.23E-06,0,8.82E-03,1,1,0,0,0
7249,2.91E-01,5,7249,Not eroded,0,1,1,1,1,1,-1.23E-07,1.76E-06,9.27E-07,1.99E-06,3.99E-07,0,3.56E-03,0,1,0,0,0
7250,2.45E-01,4,7250,Not eroded,0,1,1,1,1,0,1.97E-07,3.66E-07,3.00E-07,5.12E-07,1.28E-07,0,9.16E-04,1,1,0,0,0
7251,3.00E-01,3,7251,Not eroded,0,1,1,1,1,1,-5.33E-08,2.29E-07,-1.20E-07,2.64E-07,8.81E-08,1,4.72E-04,1,1,0,0,0
7253,5.66E-02,0,7253,Not eroded,0,0,0,0,0,0,0,0.00E+00,0.00E+00,0,0,1,0.00E+00,1,1,1,1,1
7254,1.55E-01,0,7254,Not eroded,0,0,0,0,0,0,0,0.00E+00,0.00E+00,0,0,1,0.00E+00,1,1,1,1,1
7255,3.08E-01,0,7255,Not eroded,0,1,1,1,1,1,0,0.00E+00,0.00E+00,0,0,1,0.00E+00,1,1,1,1,1
7256,2.04E-01,0,7256,Not eroded,0,1,0,0,0,0,0,0.00E+00,0.00E+00,0,0,1,0.00E+00,1,1,1,1,1
7257,1.99E-01,0,7257,Not eroded,0,1,0,0,0,0,0,0.00E+00,0.00E+00,0,0,1,0.00E+00,1,1,1,1,1
7258,2.76E-01,3,7258,Not eroded,0,1,1,1,1,1,2.26E-07,-9.79E-07,2.81E-07,1.04E-06,3.48E-07,1,1.86E-03,1,1,0,0,0
7259,2.65E-01,0,7259,Not eroded,0,1,1,1,1,1,0,0.00E+00,0.00E+00,0,0,1,0.00E+00,1,1,1,1,1
7260,1.46E-01,6,7260,Not eroded,0,0,0,0,0,0,8.20E-07,-1.72E-06,-2.92E-06,3.49E-06,5.81E-07,0,6.24E-03,0,0,0,0,0
7261,1.33E-01,5,7261,Not eroded,0,0,0,0,0,0,3.93E-07,1.47E-07,3.07E-07,5.20E-07,1.04E-07,0,9.30E-04,0,1,0,0,0
7262,2.01E-01,3,7262,Not eroded,0,1,0,0,0,0,-6.16E-08,2.13E-07,5.05E-07,5.51E-07,1.84E-07,1,9.86E-04,1,1,0,0,0
7263,9.33E-02,4,7263,Not eroded,0,0,0,0,0,0,3.54E-08,4.54E-07,-6.18E-08,4.60E-07,1.15E-07,0,8.23E-04,1,1,0,0,0
7264,5.67E-02,2,7264,Not eroded,0,0,0,0,0,0,-2.12E-08,-9.61E-07,-8.99E-08,9.66E-07,4.83E-07,1,1.73E-03,1,1,1,0,0
7265,2.85E-01,6,7265,Not eroded,0,1,1,1,1,1,2.02E-06,-2.67E-07,-1.25E-06,2.39E-06,3.99E-07,0,4.28E-03,0,0,0,0,0
7266,1.39E-01,0,7266,Not eroded,0,0,0,0,0,0,0,0.00E+00,0.00E+00,0,0,1,0.00E+00,1,1,1,1,1
7267,2.44E-01,0,7267,Not eroded,0,1,1,1,1,0,0,0.00E+00,0.00E+00,0,0,1,0.00E+00,1,1,1,1,1
7269,3.03E-01,0,7269,ERODED,1,1,1,1,1,1,0,0.00E+00,0.00E+00,0,0,1,0.00E+00,1,1,1,1,1
7270,1.43E-01,0,7270,Not eroded,0,0,0,0,0,0,0,0.00E+00,0.00E+00,0,0,1,0.00E+00,1,1,1,1,1
7272,6.16E-02,6,7272,Not eroded,0,0,0,0,0,0,1.14E-07,2.05E-08,-1.86E-07,2.19E-07,3.65E-08,0,3.92E-04,0,0,0,0,0
7273,1.40E-01,0,7273,Not eroded,0,0,0,0,0,0,0,0.00E+00,0.00E+00,0,0,1,0.00E+00,1,1,1,1,1
7274,2.42E-01,3,7274,Not eroded,0,1,1,1,1,0,-4.09E-07,-4.39E-07,2.13E-07,6.37E-07,2.12E-07,1,1.14E-03,1,1,0,0,0
7275,2.23E-01,4,7275,Not eroded,0,1,1,0,0,0,6.60E-07,-8.59E-07,4.63E-06,4.76E-06,1.19E-06,0,8.51E-03,1,1,0,0,0
7276,1.97E-01,5,7276,Not eroded,0,1,0,0,0,0,1.28E-06,-8.19E-07,7.69E-08,1.53E-06,3.05E-07,0,2.74E-03,0,1,0,0,0
7277,1.84E-01,0,7277,Not eroded,0,0,0,0,0,0,0,0.00E+00,0.00E+00,0,0,1,0.00E+00,1,1,1,1,1
7278,1.75E-01,4,7278,Not eroded,0,0,0,0,0,0,-1.34E-07,-1.11E-06,9.05E-07,1.44E-06,3.60E-07,0,2.58E-03,1,1,0,0,0
7279,2.35E-01,4,7279,Not eroded,0,1,1,1,0,0,6.04E-08,8.25E-08,4.22E-07,4.34E-07,1.09E-07,0,7.76E-04,1,1,0,0,0
7280,1.25E-01,2,7280,Not eroded,0,0,0,0,0,0,8.73E-09,3.52E-07,8.12E-08,3.61E-07,1.81E-07,1,6.46E-04,1,1,1,0,0
7281,1.87E-01,0,7281,Not eroded,0,0,0,0,0,0,0,0.00E+00,0.00E+00,0,0,1,0.00E+00,1,1,1,1,1
7282,1.02E-01,0,7282,Not eroded,0,0,0,0,0,0,0,0.00E+00,0.00E+00,0,0,1,0.00E+00,1,1,1,1,1
7283,9.16E-02,4,7283,Not eroded,0,0,0,0,0,0,-8.26E-08,6.19E-08,2.21E-07,2.44E-07,6.10E-08,0,4.36E-04,1,1,0,0,0
7284,1.25E-01,7,7284,Not eroded,0,0,0,0,0,0,-2.27E-07,9.57E-07,4.93E-07,1.10E-06,1.57E-07,0,1.97E-03,0,0,0,0,0
7287,1.40E-01,4,7287,Not eroded,0,0,0,0,0,0,5.38E-07,-1.52E-07,1.57E-06,1.67E-06,4.16E-07,0,2.99E-03,1,1,0,0,0
7288,2.30E-01,3,7288,Not eroded,0,1,1,0,0,0,2.82E-07,4.05E-07,8.85E-07,1.01E-06,3.38E-07,1,1.81E-03,1,1,0,0,0
7289,1.41E-01,0,7289,Not eroded,0,0,0,0,0,0,0,0.00E+00,0.00E+00,0,0,1,0.00E+00,1,1,1,1,1
7290,1.39E-01,0,7290,Not eroded,0,0,0,0,0,0,0,0.00E+00,0.00E+00,0,0,1,0.00E+00,1,1,1,1,1
7291,6.30E-02,6,7291,Not eroded,0,0,0,0,0,0,4.08E-07,2.81E-07,3.14E-08,4.96E-07,8.27E-08,0,8.87E-04,0,0,0,0,0
7292,1.82E-01,3,7292,Not eroded,0,0,0,0,0,0,1.91E-07,6.40E-07,4.08E-07,7.83E-07,2.61E-07,1,1.40E-03,1,1,0,0,0
7293,1.30E-01,3,7293,Not eroded,0,0,0,0,0,0,8.20E-08,-4.43E-07,2.00E-08,4.51E-07,1.50E-07,1,8.07E-04,1,1,0,0,0
7294,1.91E-01,6,7294,Not eroded,0,0,0,0,0,0,4.95E-07,-3.00E-08,-4.46E-09,4.95E-07,8.26E-08,0,8.85E-04,0,0,0,0,0
7295,2.42E-01,7,7295,Not eroded,0,1,1,1,1,0,1.21E-07,1.61E-07,5.65E-08,2.09E-07,2.99E-08,0,3.74E-04,0,0,0,0,0
7296,1.20E-01,3,7296,Not eroded,0,0,0,0,0,0,-3.40E-07,-1.35E-07,4.68E-07,5.94E-07,1.98E-07,1,1.06E-03,1,1,0,0,0
7298,1.87E-01,5,7298,Not eroded,0,0,0,0,0,0,2.00E-07,-7.40E-08,7.68E-07,7.97E-07,1.59E-07,0,1.43E-03,0,1,0,0,0
7299,1.56E-01,5,7299,Not eroded,0,0,0,0,0,0,3.70E-07,1.08E-07,3.49E-07,5.20E-07,1.04E-07,0,9.30E-04,0,1,0,0,0
7300,2.74E-01,0,7300,Not eroded,0,1,1,1,1,1,0,0.00E+00,0.00E+00,0,0,1,0.00E+00,1,1,1,1,1
7301,3.22E-01,0,7301,ERODED,1,1,1,1,1,1,0,0.00E+00,0.00E+00,0,0,1,0.00E+00,1,1,1,1,1
7302,8.47E-02,4,7302,Not eroded,0,0,0,0,0,0,-8.86E-08,-2.21E-07,-1.60E-07,2.87E-07,7.17E-08,0,5.13E-04,1,1,0,0,0
7303,1.02E-01,4,7303,Not eroded,0,0,0,0,0,0,1.53E-07,-4.25E-07,6.76E-08,4.57E-07,1.14E-07,0,8.17E-04,1,1,0,0,0
7306,8.09E-02,0,7306,Not eroded,0,0,0,0,0,0,0,0.00E+00,0.00E+00,0,0,1,0.00E+00,1,1,1,1,1
7307,1.79E-01,0,7307,Not eroded,0,0,0,0,0,0,0,0.00E+00,0.00E+00,0,0,1,0.00E+00,1,1,1,1,1
7308,1.35E-01,0,7308,Not eroded,0,0,0,0,0,0,0,0.00E+00,0.00E+00,0,0,1,0.00E+00,1,1,1,1,1
7309,2.13E-01,0,7309,Not eroded,0,1,0,0,0,0,0,0.00E+00,0.00E+00,0,0,1,0.00E+00,1,1,1,1,1
7310,2.90E-01,4,7310,Not eroded,0,1,1,1,1,1,1.44E-06,3.16E-06,5.14E-06,6.20E-06,1.55E-06,0,1.11E-02,1,1,0,0,0
7311,1.35E-01,4,7311,Not eroded,0,0,0,0,0,0,7.66E-07,5.06E-07,-3.94E-08,9.19E-07,2.30E-07,0,1.64E-03,1,1,0,0,0
7312,5.77E-02,4,7312,Not eroded,0,0,0,0,0,0,3.26E-07,-3.71E-07,-2.38E-08,4.94E-07,1.24E-07,0,8.84E-04,1,1,0,0,0
7314,1.74E-01,0,7314,Not eroded,0,0,0,0,0,0,0,0.00E+00,0.00E+00,0,0,1,0.00E+00,1,1,1,1,1
7315,2.81E-01,0,7315,ERODED,1,1,1,1,1,1,0,0.00E+00,0.00E+00,0,0,1,0.00E+00,1,1,1,1,1
7316,9.11E-02,0,7316,Not eroded,0,0,0,0,0,0,0,0.00E+00,0.00E+00,0,0,1,0.00E+00,1,1,1,1,1
7317,1.64E-01,4,7317,Not eroded,0,0,0,0,0,0,4.14E-07,4.61E-07,-1.14E-07,6.30E-07,1.58E-07,0,1.13E-03,1,1,0,0,0
7318,1.51E-01,0,7318,Not eroded,0,0,0,0,0,0,0,0.00E+00,0.00E+00,0,0,1,0.00E+00,1,1,1,1,1
7319,1.10E-01,0,7319,Not eroded,0,0,0,0,0,0,0,0.00E+00,0.00E+00,0,0,1,0.00E+00,1,1,1,1,1
7320,3.05E-01,4,7320,Not eroded,0,1,1,1,1,1,6.78E-07,6.42E-06,4.84E-07,6.48E-06,1.62E-06,0,1.16E-02,1,1,0,0,0
7321,1.20E-01,5,7321,Not eroded,0,0,0,0,0,0,6.44E-07,4.85E-06,5.71E-06,7.52E-06,1.50E-06,0,1.35E-02,0,1,0,0,0
7322,2.73E-01,4,7322,Not eroded,0,1,1,1,1,1,-2.66E-07,8.42E-08,-4.32E-08,2.83E-07,7.06E-08,0,5.06E-04,1,1,0,0,0
7323,1.86E-01,5,7323,Not eroded,0,0,0,0,0,0,2.12E-06,3.26E-07,1.28E-06,2.50E-06,5.01E-07,0,4.47E-03,0,1,0,0,0
7325,2.61E-01,4,7325,Not eroded,0,1,1,1,1,1,-1.68E-07,2.32E-08,-3.53E-08,1.73E-07,4.33E-08,0,3.09E-04,1,1,0,0,0
7326,2.37E-01,3,7326,Not eroded,0,1,1,1,0,0,-7.40E-08,1.02E-07,-2.77E-08,1.29E-07,4.31E-08,1,2.31E-04,1,1,0,0,0
7327,2.15E-01,5,7327,Not eroded,0,1,0,0,0,0,3.11E-07,-5.25E-09,-2.62E-09,3.11E-07,6.22E-08,0,5.56E-04,0,1,0,0,0
7328,1.36E-01,4,7328,Not eroded,0,0,0,0,0,0,2.85E-07,1.47E-07,1.10E-08,3.21E-07,8.02E-08,0,5.74E-04,1,1,0,0,0
7329,2.86E-01,0,7329,ERODED,1,1,1,1,1,1,0,0.00E+00,0.00E+00,0,0,1,0.00E+00,1,1,1,1,1
7331,3.04E-01,0,7331,Not eroded,0,1,1,1,1,1,0,0.00E+00,0.00E+00,0,0,1,0.00E+00,1,1,1,1,1
7333,1.83E-01,6,7333,Not eroded,0,0,0,0,0,0,2.23E-07,3.30E-07,2.73E-07,4.82E-07,8.04E-08,0,8.62E-04,0,0,0,0,0
7334,2.87E-01,3,7334,Not eroded,0,1,1,1,1,1,1.16E-06,8.77E-07,-4.51E-08,1.45E-06,4.84E-07,1,2.59E-03,1,1,0,0,0
7335,1.01E-01,3,7335,Not eroded,0,0,0,0,0,0,-6.89E-08,-1.99E-09,9.48E-08,1.17E-07,3.91E-08,1,2.09E-04,1,1,0,0,0
7337,7.11E-02,5,7337,Not eroded,0,0,0,0,0,0,2.36E-07,1.04E-07,3.96E-07,4.73E-07,9.46E-08,0,8.46E-04,0,1,0,0,0
7338,9.80E-02,4,7338,Not eroded,0,0,0,0,0,0,5.38E-08,-1.69E-08,7.27E-08,9.20E-08,2.30E-08,0,1.65E-04,1,1,0,0,0
7339,2.40E-01,3,7339,Not eroded,0,1,1,1,0,0,-7.56E-07,1.86E-06,-1.70E-06,2.63E-06,8.78E-07,1,4.70E-03,1,1,0,0,0
7340,7.23E-02,4,7340,Not eroded,0,0,0,0,0,0,-6.34E-08,4.75E-08,5.19E-08,9.47E-08,2.37E-08,0,1.69E-04,1,1,0,0,0
7341,1.40E-01,5,7341,Not eroded,0,0,0,0,0,0,-6.84E-08,1.22E-09,2.72E-07,2.80E-07,5.61E-08,0,5.01E-04,0,1,0,0,0
7342,1.15E-01,5,7342,Not eroded,0,0,0,0,0,0,1.81E-07,1.19E-07,4.67E-07,5.15E-07,1.03E-07,0,9.21E-04,0,1,0,0,0
7343,3.18E-01,3,7343,Not eroded,0,1,1,1,1,1,-3.31E-07,-1.16E-06,3.03E-07,1.25E-06,4.16E-07,1,2.24E-03,1,1,0,0,0
7344,1.37E-01,5,7344,Not eroded,0,0,0,0,0,0,2.62E-06,-5.56E-07,-1.38E-07,2.68E-06,5.36E-07,0,4.79E-03,0,1,0,0,0
7345,1.72E-01,0,7345,Not eroded,0,0,0,0,0,0,0,0.00E+00,0.00E+00,0,0,1,0.00E+00,1,1,1,1,1
7346,1.80E-01,0,7346,Not eroded,0,0,0,0,0,0,0,0.00E+00,0.00E+00,0,0,1,0.00E+00,1,1,1,1,1
7347,2.49E-01,5,7347,Not eroded,0,1,1,1,1,0,7.00E-06,1.21E-06,1.81E-05,1.94E-05,3.88E-06,0,3.47E-02,0,1,0,0,0
7348,2.15E-01,0,7348,Not eroded,0,1,0,0,0,0,0,0.00E+00,0.00E+00,0,0,1,0.00E+00,1,1,1,1,1
7349,1.49E-01,3,7349,Not eroded,0,0,0,0,0,0,3.49E-08,1.47E-07,-4.86E-08,1.59E-07,5.29E-08,1,2.84E-04,1,1,0,0,0
7351,8.13E-02,0,7351,Not eroded,0,0,0,0,0,0,0,0.00E+00,0.00E+00,0,0,1,0.00E+00,1,1,1,1,1
7352,9.02E-02,5,7352,Not eroded,0,0,0,0,0,0,-4.02E-07,3.63E-08,-8.25E-08,4.12E-07,8.24E-08,0,7.37E-04,0,1,0,0,0
7353,1.56E-01,5,7353,Not eroded,0,0,0,0,0,0,-9.15E-07,-3.07E-07,-1.60E-09,9.65E-07,1.93E-07,0,1.73E-03,0,1,0,0,0
7354,2.70E-01,0,7354,ERODED,1,1,1,1,1,1,0,0.00E+00,0.00E+00,0,0,1,0.00E+00,1,1,1,1,1
7355,2.04E-01,3,7355,Not eroded,0,1,0,0,0,0,4.69E-07,-8.62E-07,-1.56E-06,1.84E-06,6.13E-07,1,3.29E-03,1,1,0,0,0
7356,2.62E-01,5,7356,Not eroded,0,1,1,1,1,1,1.20E-06,1.98E-06,1.87E-06,2.98E-06,5.96E-07,0,5.33E-03,0,1,0,0,0
7357,1.84E-01,0,7357,Not eroded,0,0,0,0,0,0,0,0.00E+00,0.00E+00,0,0,1,0.00E+00,1,1,1,1,1
7358,1.05E-01,6,7358,Not eroded,0,0,0,0,0,0,-7.64E-07,1.33E-06,4.87E-06,5.11E-06,8.51E-07,0,9.14E-03,0,0,0,0,0
7359,1.81E-01,3,7359,Not eroded,0,0,0,0,0,0,7.18E-11,-5.98E-08,6.84E-07,6.87E-07,2.29E-07,1,1.23E-03,1,1,0,0,0
7360,1.55E-01,0,7360,Not eroded,0,0,0,0,0,0,0,0.00E+00,0.00E+00,0,0,1,0.00E+00,1,1,1,1,1
7361,6.93E-02,4,7361,Not eroded,0,0,0,0,0,0,-1.02E-07,-1.36E-07,3.30E-07,3.71E-07,9.27E-08,0,6.64E-04,1,1,0,0,0
7362,2.88E-01,0,7362,ERODED,1,1,1,1,1,1,0,0.00E+00,0.00E+00,0,0,1,0.00E+00,1,1,1,1,1
7363,1.89E-01,5,7363,Not eroded,0,0,0,0,0,0,7.89E-07,3.78E-07,4.61E-07,9.89E-07,1.98E-07,0,1.77E-03,0,1,0,0,0
7364,1.48E-01,0,7364,Not eroded,0,0,0,0,0,0,0,0.00E+00,0.00E+00,0,0,1,0.00E+00,1,1,1,1,1
7365,2.45E-01,5,7365,Not eroded,0,1,1,1,1,0,5.00E-07,-1.56E-07,1.85E-07,5.55E-07,1.11E-07,0,9.93E-04,0,1,0,0,0
7366,2.35E-01,4,7366,Not eroded,0,1,1,1,0,0,2.83E-07,3.53E-07,3.84E-08,4.54E-07,1.13E-07,0,8.12E-04,1,1,0,0,0
7367,2.65E-01,5,7367,Not eroded,0,1,1,1,1,1,4.60E-06,-5.09E-07,3.28E-06,5.67E-06,1.13E-06,0,1.01E-02,0,1,0,0,0
7368,2.82E-01,3,7368,Not eroded,0,1,1,1,1,1,-3.67E-05,-1.01E-04,3.61E-06,0.000107071,3.57E-05,1,1.92E-01,1,1,0,0,0
7369,3.23E-01,0,7369,ERODED,1,1,1,1,1,1,0,0.00E+00,0.00E+00,0,0,1,0.00E+00,1,1,1,1,1
7371,1.44E-01,4,7371,Not eroded,0,0,0,0,0,0,-1.19E-07,1.42E-07,1.23E-08,1.85E-07,4.64E-08,0,3.31E-04,1,1,0,0,0
7372,2.88E-01,0,7372,ERODED,1,1,1,1,1,1,0,0.00E+00,0.00E+00,0,0,1,0.00E+00,1,1,1,1,1
7373,9.46E-02,4,7373,Not eroded,0,0,0,0,0,0,6.75E-07,-4.82E-07,8.99E-08,8.35E-07,2.09E-07,0,1.49E-03,1,1,0,0,0
7375,2.29E-01,4,7375,Not eroded,0,1,1,0,0,0,-1.28E-07,4.90E-08,2.17E-07,2.57E-07,6.41E-08,0,4.60E-04,1,1,0,0,0
7376,1.92E-01,0,7376,Not eroded,0,1,0,0,0,0,0,0.00E+00,0.00E+00,0,0,1,0.00E+00,1,1,1,1,1
7377,6.28E-02,7,7377,Not eroded,0,0,0,0,0,0,1.17E-07,3.99E-07,1.94E-07,4.59E-07,6.56E-08,0,8.21E-04,0,0,0,0,0
7378,2.94E-01,0,7378,Not eroded,0,1,1,1,1,1,0,0.00E+00,0.00E+00,0,0,1,0.00E+00,1,1,1,1,1
7379,2.20E-01,4,7379,Not eroded,0,1,0,0,0,0,-8.34E-08,-1.30E-07,1.81E-07,2.38E-07,5.95E-08,0,4.26E-04,1,1,0,0,0
7380,1.90E-01,0,7380,Not eroded,0,0,0,0,0,0,0,0.00E+00,0.00E+00,0,0,1,0.00E+00,1,1,1,1,1
7381,2.90E-01,0,7381,ERODED,1,1,1,1,1,1,0,0.00E+00,0.00E+00,0,0,1,0.00E+00,1,1,1,1,1
7382,2.23E-01,4,7382,Not eroded,0,1,1,0,0,0,1.18E-07,2.26E-07,1.37E-07,2.89E-07,7.24E-08,0,5.17E-04,1,1,0,0,0
7383,3.06E-01,0,7383,ERODED,1,1,1,1,1,1,0,0.00E+00,0.00E+00,0,0,1,0.00E+00,1,1,1,1,1
7384,1.10E-01,3,7384,Not eroded,0,0,0,0,0,0,2.62E-10,1.44E-07,5.19E-08,1.53E-07,5.11E-08,1,2.74E-04,1,1,0,0,0
7385,1.52E-01,0,7385,Not eroded,0,0,0,0,0,0,0,0.00E+00,0.00E+00,0,0,1,0.00E+00,1,1,1,1,1
7386,9.75E-02,4,7386,Not eroded,0,0,0,0,0,0,2.37E-07,-1.35E-08,6.73E-07,7.13E-07,1.78E-07,0,1.28E-03,1,1,0,0,0
7387,2.21E-01,0,7387,Not eroded,0,1,1,0,0,0,0,0.00E+00,0.00E+00,0,0,1,0.00E+00,1,1,1,1,1
7388,1.59E-01,4,7388,Not eroded,0,0,0,0,0,0,5.43E-07,-3.58E-07,4.96E-07,8.18E-07,2.05E-07,0,1.46E-03,1,1,0,0,0
7389,1.19E-01,2,7389,Not eroded,0,0,0,0,0,0,-1.90E-08,9.40E-08,3.19E-08,1.01E-07,5.06E-08,1,1.81E-04,1,1,1,0,0
7390,2.29E-01,3,7390,Not eroded,0,1,1,0,0,0,-2.76E-07,4.55E-07,1.56E-06,1.65E-06,5.50E-07,1,2.95E-03,1,1,0,0,0
7392,5.66E-02,0,7392,Not eroded,0,0,0,0,0,0,0,0.00E+00,0.00E+00,0,0,1,0.00E+00,1,1,1,1,1
7393,5.66E-02,3,7393,Not eroded,0,0,0,0,0,0,1.72E-07,5.16E-08,-1.49E-06,1.50E-06,5.00E-07,1,2.68E-03,1,1,0,0,0
7394,2.30E-01,0,7394,Not eroded,0,1,1,0,0,0,0,0.00E+00,0.00E+00,0,0,1,0.00E+00,1,1,1,1,1
7395,1.17E-01,6,7395,Not eroded,0,0,0,0,0,0,3.33E-08,2.29E-07,-9.36E-08,2.50E-07,4.16E-08,0,4.47E-04,0,0,0,0,0
7396,2.56E-01,4,7396,Not eroded,0,1,1,1,1,1,-5.76E-07,-2.62E-07,-1.76E-06,1.87E-06,4.68E-07,0,3.34E-03,1,1,0,0,0
7397,1.26E-01,0,7397,Not eroded,0,0,0,0,0,0,0,0.00E+00,0.00E+00,0,0,1,0.00E+00,1,1,1,1,1
7398,7.44E-02,3,7398,Not eroded,0,0,0,0,0,0,-1.34E-07,-6.30E-08,-6.50E-08,1.62E-07,5.39E-08,1,2.90E-04,1,1,0,0,0
7399,3.32E-01,0,7399,ERODED,1,1,1,1,1,1,0,0.00E+00,0.00E+00,0,0,1,0.00E+00,1,1,1,1,1
7400,1.72E-01,0,7400,Not eroded,0,0,0,0,0,0,0,0.00E+00,0.00E+00,0,0,1,0.00E+00,1,1,1,1,1
7401,1.07E-01,6,7401,Not eroded,0,0,0,0,0,0,3.67E-07,1.66E-08,-1.66E-09,3.68E-07,6.13E-08,0,6.58E-04,0,0,0,0,0
7402,2.10E-01,0,7402,Not eroded,0,1,0,0,0,0,0,0.00E+00,0.00E+00,0,0,1,0.00E+00,1,1,1,1,1
7403,2.64E-01,4,7403,Not eroded,0,1,1,1,1,1,-1.46E-07,-4.67E-07,-2.78E-07,5.63E-07,1.41E-07,0,1.01E-03,1,1,0,0,0
7404,1.78E-01,0,7404,Not eroded,0,0,0,0,0,0,0,0.00E+00,0.00E+00,0,0,1,0.00E+00,1,1,1,1,1
7405,2.21E-01,0,7405,Not eroded,0,1,1,0,0,0,0,0.00E+00,0.00E+00,0,0,1,0.00E+00,1,1,1,1,1
7406,6.42E-02,4,7406,Not eroded,0,0,0,0,0,0,-1.20E-07,5.05E-07,8.53E-07,9.98E-07,2.50E-07,0,1.79E-03,1,1,0,0,0
7407,2.58E-01,0,7407,Not eroded,0,1,1,1,1,1,0,0.00E+00,0.00E+00,0,0,1,0.00E+00,1,1,1,1,1
7409,3.25E-01,0,7409,ERODED,1,1,1,1,1,1,0,0.00E+00,0.00E+00,0,0,1,0.00E+00,1,1,1,1,1
7410,6.52E-02,3,7410,Not eroded,0,0,0,0,0,0,-1.23E-07,5.85E-08,-1.01E-07,1.70E-07,5.66E-08,1,3.04E-04,1,1,0,0,0
7412,1.08E-01,3,7412,Not eroded,0,0,0,0,0,0,-5.88E-08,1.72E-07,-1.35E-08,1.82E-07,6.08E-08,1,3.26E-04,1,1,0,0,0
7413,8.03E-02,4,7413,Not eroded,0,0,0,0,0,0,-4.05E-08,-1.32E-08,-2.11E-07,2.16E-07,5.39E-08,0,3.86E-04,1,1,0,0,0
7414,7.60E-02,5,7414,Not eroded,0,0,0,0,0,0,-2.46E-07,-1.61E-07,-9.14E-08,3.08E-07,6.16E-08,0,5.51E-04,0,1,0,0,0
7415,3.21E-01,0,7415,ERODED,1,1,1,1,1,1,0,0.00E+00,0.00E+00,0,0,1,0.00E+00,1,1,1,1,1
7417,1.00E-01,4,7417,Not eroded,0,0,0,0,0,0,1.16E-06,-3.41E-07,4.44E-06,4.60E-06,1.15E-06,0,8.23E-03,1,1,0,0,0
7418,2.34E-01,0,7418,Not eroded,0,1,1,1,0,0,0,0.00E+00,0.00E+00,0,0,1,0.00E+00,1,1,1,1,1
7420,1.19E-01,0,7420,Not eroded,0,0,0,0,0,0,0,0.00E+00,0.00E+00,0,0,1,0.00E+00,1,1,1,1,1
7421,6.17E-02,4,7421,Not eroded,0,0,0,0,0,0,5.36E-07,-1.22E-07,-9.66E-08,5.58E-07,1.39E-07,0,9.98E-04,1,1,0,0,0
7422,1.87E-01,5,7422,Not eroded,0,0,0,0,0,0,9.30E-08,1.59E-07,-2.86E-08,1.86E-07,3.73E-08,0,3.33E-04,0,1,0,0,0
7423,1.08E-01,0,7423,Not eroded,0,0,0,0,0,0,0,0.00E+00,0.00E+00,0,0,1,0.00E+00,1,1,1,1,1
7424,2.29E-01,5,7424,Not eroded,0,1,1,0,0,0,8.25E-08,-1.06E-07,3.35E-07,3.61E-07,7.22E-08,0,6.46E-04,0,1,0,0,0
7425,3.23E-01,3,7425,ERODED,1,1,1,1,1,1,2.34E-05,9.93E-06,-2.31E-05,3.44E-05,1.15E-05,1,6.15E-02,1,1,0,0,0
7426,1.71E-01,5,7426,Not eroded,0,0,0,0,0,0,-5.77E-07,-2.20E-06,6.84E-06,7.21E-06,1.44E-06,0,1.29E-02,0,1,0,0,0
7427,1.86E-01,2,7427,Not eroded,0,0,0,0,0,0,1.52E-07,-7.52E-07,2.88E-07,8.19E-07,4.10E-07,1,1.46E-03,1,1,1,0,0
7428,1.08E-01,4,7428,Not eroded,0,0,0,0,0,0,3.75E-07,1.71E-07,5.76E-07,7.08E-07,1.77E-07,0,1.27E-03,1,1,0,0,0
7429,2.19E-01,4,7429,Not eroded,0,1,0,0,0,0,3.91E-07,1.35E-08,3.56E-07,5.29E-07,1.32E-07,0,9.46E-04,1,1,0,0,0
7430,3.10E-01,4,7430,Not eroded,0,1,1,1,1,1,-2.17E-07,1.61E-07,7.74E-08,2.81E-07,7.03E-08,0,5.03E-04,1,1,0,0,0
7431,1.78E-01,0,7431,Not eroded,0,0,0,0,0,0,0,0.00E+00,0.00E+00,0,0,1,0.00E+00,1,1,1,1,1
7432,2.33E-01,0,7432,Not eroded,0,1,1,1,0,0,0,0.00E+00,0.00E+00,0,0,1,0.00E+00,1,1,1,1,1
7433,5.66E-02,0,7433,Not eroded,0,0,0,0,0,0,0,0.00E+00,0.00E+00,0,0,1,0.00E+00,1,1,1,1,1
7434,5.65E-02,6,7434,Not eroded,0,0,0,0,0,0,2.99E-07,-5.96E-08,-1.28E-06,1.31E-06,2.19E-07,0,2.34E-03,0,0,0,0,0
7435,1.62E-01,0,7435,Not eroded,0,0,0,0,0,0,0,0.00E+00,0.00E+00,0,0,1,0.00E+00,1,1,1,1,1
7436,2.16E-01,4,7436,Not eroded,0,1,0,0,0,0,-1.05E-06,1.90E-06,-9.28E-07,2.36E-06,5.90E-07,0,4.22E-03,1,1,0,0,0
7437,3.27E-01,0,7437,ERODED,1,1,1,1,1,1,0,0.00E+00,0.00E+00,0,0,1,0.00E+00,1,1,1,1,1
7438,1.68E-01,0,7438,Not eroded,0,0,0,0,0,0,0,0.00E+00,0.00E+00,0,0,1,0.00E+00,1,1,1,1,1
7439,3.25E-01,0,7439,ERODED,1,1,1,1,1,1,0,0.00E+00,0.00E+00,0,0,1,0.00E+00,1,1,1,1,1
7440,2.50E-01,5,7440,Not eroded,0,1,1,1,1,0,-5.65E-06,-1.14E-05,-1.12E-05,1.70E-05,3.40E-06,0,3.04E-02,0,1,0,0,0
7441,2.69E-01,0,7441,ERODED,1,1,1,1,1,1,0,0.00E+00,0.00E+00,0,0,1,0.00E+00,1,1,1,1,1
7442,2.85E-01,5,7442,Not eroded,0,1,1,1,1,1,-1.96E-07,1.22E-07,9.57E-08,2.50E-07,5.00E-08,0,4.47E-04,0,1,0,0,0
7443,3.17E-01,0,7443,ERODED,1,1,1,1,1,1,0,0.00E+00,0.00E+00,0,0,1,0.00E+00,1,1,1,1,1
7445,1.40E-01,3,7445,Not eroded,0,0,0,0,0,0,-3.56E-06,-5.97E-06,4.86E-06,8.48E-06,2.83E-06,1,1.52E-02,1,1,0,0,0
7446,2.23E-01,5,7446,Not eroded,0,1,1,0,0,0,9.68E-07,1.86E-07,-3.41E-07,1.04E-06,2.09E-07,0,1.86E-03,0,1,0,0,0
7447,2.30E-01,5,7447,Not eroded,0,1,1,0,0,0,-7.58E-06,1.42E-06,7.83E-06,1.10E-05,2.20E-06,0,1.97E-02,0,1,0,0,0
7448,7.34E-02,5,7448,Not eroded,0,0,0,0,0,0,-1.47E-08,-2.78E-08,-2.18E-08,3.83E-08,7.65E-09,0,6.85E-05,0,1,0,0,0
7449,1.01E-01,0,7449,Not eroded,0,0,0,0,0,0,0,0.00E+00,0.00E+00,0,0,1,0.00E+00,1,1,1,1,1
7450,2.20E-01,6,7450,Not eroded,0,1,0,0,0,0,-1.27E-08,-3.54E-08,-3.32E-08,5.01E-08,8.36E-09,0,8.96E-05,0,0,0,0,0
7451,1.80E-01,0,7451,Not eroded,0,0,0,0,0,0,0,0.00E+00,0.00E+00,0,0,1,0.00E+00,1,1,1,1,1
7452,2.88E-01,0,7452,ERODED,1,1,1,1,1,1,0,0.00E+00,0.00E+00,0,0,1,0.00E+00,1,1,1,1,1
7453,2.57E-01,3,7453,Not eroded,0,1,1,1,1,1,5.63E-07,-7.75E-07,1.12E-07,9.64E-07,3.21E-07,1,1.72E-03,1,1,0,0,0
7454,1.42E-01,4,7454,Not eroded,0,0,0,0,0,0,-8.24E-08,-2.16E-07,2.76E-07,3.60E-07,9.00E-08,0,6.44E-04,1,1,0,0,0
7455,1.03E-01,5,7455,Not eroded,0,0,0,0,0,0,8.04E-07,2.60E-07,4.06E-06,4.15E-06,8.29E-07,0,7.42E-03,0,1,0,0,0
7456,1.38E-01,4,7456,Not eroded,0,0,0,0,0,0,-7.42E-08,9.15E-08,4.57E-08,1.26E-07,3.16E-08,0,2.25E-04,1,1,0,0,0
7457,2.27E-01,0,7457,Not eroded,0,1,1,0,0,0,0,0.00E+00,0.00E+00,0,0,1,0.00E+00,1,1,1,1,1
7458,7.29E-02,5,7458,Not eroded,0,0,0,0,0,0,7.80E-08,-5.35E-07,1.86E-07,5.72E-07,1.14E-07,0,1.02E-03,0,1,0,0,0
7459,5.66E-02,3,7459,Not eroded,0,0,0,0,0,0,4.89E-07,-1.40E-07,-1.16E-06,1.27E-06,4.22E-07,1,2.27E-03,1,1,0,0,0
7460,6.56E-02,4,7460,Not eroded,0,0,0,0,0,0,3.39E-07,-4.48E-07,9.46E-07,1.10E-06,2.75E-07,0,1.97E-03,1,1,0,0,0
7461,1.14E-01,5,7461,Not eroded,0,0,0,0,0,0,-7.33E-08,7.36E-08,1.89E-08,1.06E-07,2.11E-08,0,1.90E-04,0,1,0,0,0
7462,1.71E-01,2,7462,Not eroded,0,0,0,0,0,0,-1.69E-08,3.13E-07,3.59E-08,3.16E-07,1.58E-07,1,5.65E-04,1,1,1,0,0
7463,5.66E-02,2,7463,Not eroded,0,0,0,0,0,0,-2.78E-07,-7.66E-07,-8.94E-07,1.21E-06,6.05E-07,1,2.16E-03,1,1,1,0,0
7464,2.06E-01,3,7464,Not eroded,0,1,0,0,0,0,1.54E-06,-8.60E-07,-2.93E-07,1.79E-06,5.96E-07,1,3.20E-03,1,1,0,0,0
7465,1.71E-01,4,7465,Not eroded,0,0,0,0,0,0,-1.37E-07,-1.06E-07,3.72E-07,4.10E-07,1.03E-07,0,7.33E-04,1,1,0,0,0
7466,1.09E-01,4,7466,Not eroded,0,0,0,0,0,0,6.52E-07,-7.50E-07,1.04E-06,1.44E-06,3.60E-07,0,2.58E-03,1,1,0,0,0
7467,1.23E-01,3,7467,Not eroded,0,0,0,0,0,0,-2.91E-07,-2.32E-08,-8.37E-08,3.04E-07,1.01E-07,1,5.44E-04,1,1,0,0,0
7468,1.35E-01,4,7468,Not eroded,0,0,0,0,0,0,-7.51E-08,-1.11E-07,-1.23E-09,1.34E-07,3.34E-08,0,2.40E-04,1,1,0,0,0
7469,2.29E-01,3,7469,Not eroded,0,1,1,0,0,0,9.08E-08,-8.32E-08,2.48E-08,1.26E-07,4.19E-08,1,2.25E-04,1,1,0,0,0
7470,2.71E-01,3,7470,Not eroded,0,1,1,1,1,1,2.35E-07,4.88E-06,1.84E-06,5.22E-06,1.74E-06,1,9.34E-03,1,1,0,0,0
7471,1.36E-01,5,7471,Not eroded,0,0,0,0,0,0,-7.33E-07,-3.49E-07,9.85E-06,9.89E-06,1.98E-06,0,1.77E-02,0,1,0,0,0
7472,1.68E-01,5,7472,Not eroded,0,0,0,0,0,0,5.16E-08,-5.87E-08,2.20E-07,2.33E-07,4.66E-08,0,4.17E-04,0,1,0,0,0
7473,2.56E-01,0,7473,Not eroded,0,1,1,1,1,1,0,0.00E+00,0.00E+00,0,0,1,0.00E+00,1,1,1,1,1
7475,7.14E-02,5,7475,Not eroded,0,0,0,0,0,0,7.74E-08,3.06E-07,1.10E-07,3.34E-07,6.68E-08,0,5.97E-04,0,1,0,0,0
7476,1.36E-01,3,7476,Not eroded,0,0,0,0,0,0,5.56E-05,8.52E-06,4.62E-05,7.28E-05,2.43E-05,1,1.30E-01,1,1,0,0,0
7477,1.76E-01,0,7477,Not eroded,0,0,0,0,0,0,0,0.00E+00,0.00E+00,0,0,1,0.00E+00,1,1,1,1,1
7478,1.06E-01,4,7478,Not eroded,0,0,0,0,0,0,-9.71E-08,-5.44E-08,8.85E-08,1.42E-07,3.56E-08,0,2.54E-04,1,1,0,0,0
7479,3.30E-01,0,7479,ERODED,1,1,1,1,1,1,0,0.00E+00,0.00E+00,0,0,1,0.00E+00,1,1,1,1,1
7480,1.10E-01,7,7480,Not eroded,0,0,0,0,0,0,1.68E-07,1.85E-06,1.09E-06,2.16E-06,3.08E-07,0,3.86E-03,0,0,0,0,0
7481,5.66E-02,3,7481,Not eroded,0,0,0,0,0,0,-2.04E-07,-1.99E-07,-1.23E-06,1.26E-06,4.20E-07,1,2.25E-03,1,1,0,0,0
7482,8.46E-02,4,7482,Not eroded,0,0,0,0,0,0,-5.00E-08,-1.02E-06,2.00E-07,1.04E-06,2.61E-07,0,1.86E-03,1,1,0,0,0
7483,2.82E-01,0,7483,Not eroded,0,1,1,1,1,1,0,0.00E+00,0.00E+00,0,0,1,0.00E+00,1,1,1,1,1
7484,1.89E-01,5,7484,Not eroded,0,0,0,0,0,0,1.66E-07,-3.14E-08,-1.70E-08,1.70E-07,3.40E-08,0,3.04E-04,0,1,0,0,0
7485,1.86E-01,4,7485,Not eroded,0,0,0,0,0,0,-9.00E-08,3.66E-07,-9.07E-08,3.87E-07,9.68E-08,0,6.92E-04,1,1,0,0,0
7486,6.67E-02,6,7486,Not eroded,0,0,0,0,0,0,6.54E-07,1.25E-07,-3.29E-07,7.42E-07,1.24E-07,0,1.33E-03,0,0,0,0,0
7487,2.85E-01,0,7487,ERODED,1,1,1,1,1,1,0,0.00E+00,0.00E+00,0,0,1,0.00E+00,1,1,1,1,1
7488,2.37E-01,0,7488,Not eroded,0,1,1,1,0,0,0,0.00E+00,0.00E+00,0,0,1,0.00E+00,1,1,1,1,1
7489,1.17E-01,4,7489,Not eroded,0,0,0,0,0,0,2.19E-06,1.09E-06,6.55E-06,6.99E-06,1.75E-06,0,1.25E-02,1,1,0,0,0
7490,2.01E-01,7,7490,Not eroded,0,1,0,0,0,0,4.86E-07,-1.72E-08,2.99E-07,5.71E-07,8.15E-08,0,1.02E-03,0,0,0,0,0
7491,2.43E-01,3,7491,Not eroded,0,1,1,1,1,0,-2.49E-06,1.77E-06,-8.70E-07,3.18E-06,1.06E-06,1,5.69E-03,1,1,0,0,0
7492,6.40E-02,5,7492,Not eroded,0,0,0,0,0,0,-2.87E-08,9.19E-08,2.07E-07,2.28E-07,4.57E-08,0,4.08E-04,0,1,0,0,0
7493,1.19E-01,6,7493,Not eroded,0,0,0,0,0,0,2.66E-07,5.94E-07,-9.11E-08,6.57E-07,1.09E-07,0,1.18E-03,0,0,0,0,0
7494,5.66E-02,0,7494,Not eroded,0,0,0,0,0,0,0,0.00E+00,0.00E+00,0,0,1,0.00E+00,1,1,1,1,1
7495,6.37E-02,4,7495,Not eroded,0,0,0,0,0,0,4.13E-08,-1.22E-07,-6.35E-08,1.44E-07,3.59E-08,0,2.58E-04,1,1,0,0,0
7496,2.98E-01,0,7496,Not eroded,0,1,1,1,1,1,0,0.00E+00,0.00E+00,0,0,1,0.00E+00,1,1,1,1,1
7497,1.49E-01,0,7497,Not eroded,0,0,0,0,0,0,0,0.00E+00,0.00E+00,0,0,1,0.00E+00,1,1,1,1,1
7498,2.42E-01,0,7498,Not eroded,0,1,1,1,1,0,0,0.00E+00,0.00E+00,0,0,1,0.00E+00,1,1,1,1,1
7499,1.93E-01,5,7499,Not eroded,0,1,0,0,0,0,1.03E-06,2.02E-07,2.43E-06,2.65E-06,5.30E-07,0,4.74E-03,0,1,0,0,0
7500,2.16E-01,4,7500,Not eroded,0,1,0,0,0,0,2.91E-08,-1.06E-07,2.42E-07,2.66E-07,6.64E-08,0,4.76E-04,1,1,0,0,0
7501,3.17E-01,0,7501,ERODED,1,1,1,1,1,1,0,0.00E+00,0.00E+00,0,0,1,0.00E+00,1,1,1,1,1
7502,1.66E-01,5,7502,Not eroded,0,0,0,0,0,0,-7.32E-08,1.36E-07,3.08E-07,3.45E-07,6.89E-08,0,6.17E-04,0,1,0,0,0
7504,1.06E-01,4,7504,Not eroded,0,0,0,0,0,0,-1.68E-08,-1.96E-08,3.22E-08,4.13E-08,1.03E-08,0,7.39E-05,1,1,0,0,0
7505,3.06E-01,0,7505,ERODED,1,1,1,1,1,1,0,0.00E+00,0.00E+00,0,0,1,0.00E+00,1,1,1,1,1
7506,2.27E-01,6,7506,Not eroded,0,1,1,0,0,0,2.03E-07,4.98E-07,1.61E-07,5.62E-07,9.36E-08,0,1.01E-03,0,0,0,0,0
7507,3.06E-01,0,7507,ERODED,1,1,1,1,1,1,0,0.00E+00,0.00E+00,0,0,1,0.00E+00,1,1,1,1,1
7508,6.51E-02,0,7508,Not eroded,0,0,0,0,0,0,0,0.00E+00,0.00E+00,0,0,1,0.00E+00,1,1,1,1,1
7509,1.60E-01,3,7509,Not eroded,0,0,0,0,0,0,-1.69E-06,1.07E-06,-8.55E-07,2.17E-06,7.24E-07,1,3.88E-03,1,1,0,0,0
7511,1.49E-01,4,7511,Not eroded,0,0,0,0,0,0,3.86E-07,2.77E-09,6.15E-07,7.26E-07,1.81E-07,0,1.30E-03,1,1,0,0,0
7512,9.33E-02,0,7512,Not eroded,0,0,0,0,0,0,0,0.00E+00,0.00E+00,0,0,1,0.00E+00,1,1,1,1,1
7513,1.06E-01,0,7513,Not eroded,0,0,0,0,0,0,0,0.00E+00,0.00E+00,0,0,1,0.00E+00,1,1,1,1,1
7514,2.16E-01,4,7514,Not eroded,0,1,0,0,0,0,2.56E-07,2.91E-07,5.91E-07,7.06E-07,1.77E-07,0,1.26E-03,1,1,0,0,0
7515,1.32E-01,3,7515,Not eroded,0,0,0,0,0,0,1.21E-07,2.29E-07,1.85E-07,3.18E-07,1.06E-07,1,5.69E-04,1,1,0,0,0
7516,2.89E-01,0,7516,Not eroded,0,1,1,1,1,1,0,0.00E+00,0.00E+00,0,0,1,0.00E+00,1,1,1,1,1
7518,1.45E-01,3,7518,Not eroded,0,0,0,0,0,0,7.24E-07,4.09E-07,-1.15E-07,8.40E-07,2.80E-07,1,1.50E-03,1,1,0,0,0
7520,1.91E-01,4,7520,Not eroded,0,1,0,0,0,0,9.64E-09,2.24E-07,2.23E-07,3.17E-07,7.91E-08,0,5.67E-04,1,1,0,0,0
7521,1.59E-01,4,7521,Not eroded,0,0,0,0,0,0,3.53E-07,2.15E-07,-6.03E-08,4.17E-07,1.04E-07,0,7.46E-04,1,1,0,0,0
7522,9.12E-02,5,7522,Not eroded,0,0,0,0,0,0,2.30E-07,8.06E-09,6.02E-08,2.38E-07,4.75E-08,0,4.26E-04,0,1,0,0,0
7524,1.04E-01,0,7524,Not eroded,0,0,0,0,0,0,0,0.00E+00,0.00E+00,0,0,1,0.00E+00,1,1,1,1,1
7525,2.22E-01,5,7525,Not eroded,0,1,1,0,0,0,2.07E-07,-8.73E-09,-5.20E-08,2.13E-07,4.27E-08,0,3.81E-04,0,1,0,0,0
7526,1.59E-01,0,7526,Not eroded,0,0,0,0,0,0,0,0.00E+00,0.00E+00,0,0,1,0.00E+00,1,1,1,1,1
7527,1.56E-01,4,7527,Not eroded,0,0,0,0,0,0,-2.29E-07,7.56E-09,1.66E-07,2.84E-07,7.09E-08,0,5.08E-04,1,1,0,0,0
7528,2.91E-01,6,7528,Not eroded,0,1,1,1,1,1,7.82E-08,6.36E-07,4.81E-08,6.43E-07,1.07E-07,0,1.15E-03,0,0,0,0,0
7529,2.93E-01,4,7529,Not eroded,0,1,1,1,1,1,2.33E-06,6.47E-06,2.34E-06,7.27E-06,1.82E-06,0,1.30E-02,1,1,0,0,0
7530,2.75E-01,2,7530,Not eroded,0,1,1,1,1,1,1.68E-07,9.34E-08,-1.11E-07,2.22E-07,1.11E-07,1,3.97E-04,1,1,1,0,0
7532,6.51E-02,6,7532,Not eroded,0,0,0,0,0,0,3.73E-08,-2.43E-08,-4.58E-08,6.39E-08,1.06E-08,0,1.14E-04,0,0,0,0,0
7533,1.12E-01,4,7533,Not eroded,0,0,0,0,0,0,3.37E-08,1.76E-07,-1.24E-08,1.80E-07,4.49E-08,0,3.22E-04,1,1,0,0,0
7534,3.22E-01,0,7534,ERODED,1,1,1,1,1,1,0,0.00E+00,0.00E+00,0,0,1,0.00E+00,1,1,1,1,1
7535,1.12E-01,4,7535,Not eroded,0,0,0,0,0,0,2.36E-07,2.46E-08,7.80E-08,2.49E-07,6.23E-08,0,4.45E-04,1,1,0,0,0
7536,6.20E-02,5,7536,Not eroded,0,0,0,0,0,0,1.98E-07,8.07E-07,4.32E-07,9.36E-07,1.87E-07,0,1.67E-03,0,1,0,0,0
7537,1.41E-01,0,7537,Not eroded,0,0,0,0,0,0,0,0.00E+00,0.00E+00,0,0,1,0.00E+00,1,1,1,1,1
7538,2.11E-01,5,7538,Not eroded,0,1,0,0,0,0,3.69E-07,3.66E-07,1.58E-07,5.43E-07,1.09E-07,0,9.71E-04,0,1,0,0,0
7539,2.80E-01,0,7539,Not eroded,0,1,1,1,1,1,0,0.00E+00,0.00E+00,0,0,1,0.00E+00,1,1,1,1,1
7540,2.16E-01,4,7540,Not eroded,0,1,0,0,0,0,-1.83E-07,1.52E-08,6.63E-08,1.95E-07,4.88E-08,0,3.49E-04,1,1,0,0,0
7541,1.32E-01,0,7541,Not eroded,0,0,0,0,0,0,0,0.00E+00,0.00E+00,0,0,1,0.00E+00,1,1,1,1,1
7542,9.39E-02,0,7542,Not eroded,0,0,0,0,0,0,0,0.00E+00,0.00E+00,0,0,1,0.00E+00,1,1,1,1,1
7543,2.43E-01,0,7543,Not eroded,0,1,1,1,1,0,0,0.00E+00,0.00E+00,0,0,1,0.00E+00,1,1,1,1,1
7544,1.10E-01,5,7544,Not eroded,0,0,0,0,0,0,3.82E-08,6.73E-09,1.40E-08,4.13E-08,8.25E-09,0,7.39E-05,0,1,0,0,0
7545,1.63E-01,0,7545,Not eroded,0,0,0,0,0,0,0,0.00E+00,0.00E+00,0,0,1,0.00E+00,1,1,1,1,1
7546,3.21E-01,0,7546,ERODED,1,1,1,1,1,1,0,0.00E+00,0.00E+00,0,0,1,0.00E+00,1,1,1,1,1
7547,1.05E-01,4,7547,Not eroded,0,0,0,0,0,0,5.82E-08,1.49E-07,-3.54E-08,1.64E-07,4.09E-08,0,2.93E-04,1,1,0,0,0
7548,2.51E-01,4,7548,Not eroded,0,1,1,1,1,1,3.51E-08,2.18E-07,2.88E-06,2.89E-06,7.22E-07,0,5.17E-03,1,1,0,0,0
7549,1.25E-01,3,7549,Not eroded,0,0,0,0,0,0,6.05E-08,8.73E-08,-1.34E-07,1.71E-07,5.71E-08,1,3.06E-04,1,1,0,0,0
7550,6.35E-02,5,7550,Not eroded,0,0,0,0,0,0,1.08E-07,-6.23E-08,-1.01E-07,1.60E-07,3.21E-08,0,2.86E-04,0,1,0,0,0
7551,9.61E-02,2,7551,Not eroded,0,0,0,0,0,0,1.34E-07,-2.22E-08,1.21E-07,1.81E-07,9.07E-08,1,3.24E-04,1,1,1,0,0
7552,2.70E-01,5,7552,Not eroded,0,1,1,1,1,1,2.94E-07,1.44E-07,-2.97E-07,4.42E-07,8.84E-08,0,7.91E-04,0,1,0,0,0
7553,5.96E-02,3,7553,Not eroded,0,0,0,0,0,0,4.34E-07,-1.19E-07,2.35E-07,5.08E-07,1.69E-07,1,9.09E-04,1,1,0,0,0
7554,2.04E-01,3,7554,Not eroded,0,1,0,0,0,0,8.54E-07,2.60E-07,1.21E-06,1.50E-06,5.00E-07,1,2.68E-03,1,1,0,0,0
7555,1.25E-01,5,7555,Not eroded,0,0,0,0,0,0,1.71E-08,-7.47E-07,-7.85E-08,7.51E-07,1.50E-07,0,1.34E-03,0,1,0,0,0
7556,1.94E-01,5,7556,Not eroded,0,1,0,0,0,0,1.62E-06,7.34E-07,1.49E-06,2.32E-06,4.63E-07,0,4.15E-03,0,1,0,0,0
7557,2.61E-01,4,7557,Not eroded,0,1,1,1,1,1,1.18E-07,-2.29E-07,8.69E-07,9.06E-07,2.27E-07,0,1.62E-03,1,1,0,0,0
7558,1.43E-01,7,7558,Not eroded,0,0,0,0,0,0,4.29E-08,-1.25E-08,5.46E-07,5.47E-07,7.82E-08,0,9.78E-04,0,0,0,0,0
7559,6.53E-02,3,7559,Not eroded,0,0,0,0,0,0,1.62E-07,-1.04E-06,1.20E-07,1.06E-06,3.53E-07,1,1.90E-03,1,1,0,0,0
7560,2.75E-01,0,7560,Not eroded,0,1,1,1,1,1,0,0.00E+00,0.00E+00,0,0,1,0.00E+00,1,1,1,1,1
7562,1.43E-01,3,7562,Not eroded,0,0,0,0,0,0,1.03E-06,-1.37E-06,-4.25E-07,1.77E-06,5.90E-07,1,3.17E-03,1,1,0,0,0
7564,1.35E-01,5,7564,Not eroded,0,0,0,0,0,0,5.34E-07,4.01E-09,1.74E-07,5.61E-07,1.12E-07,0,1.00E-03,0,1,0,0,0
7565,2.13E-01,3,7565,Not eroded,0,1,0,0,0,0,-1.51E-07,-9.99E-08,2.56E-07,3.14E-07,1.05E-07,1,5.62E-04,1,1,0,0,0
7567,1.75E-01,3,7567,Not eroded,0,0,0,0,0,0,-1.68E-07,9.04E-09,1.29E-07,2.12E-07,7.06E-08,1,3.79E-04,1,1,0,0,0
7568,5.73E-02,3,7568,Not eroded,0,0,0,0,0,0,-4.27E-08,-1.42E-07,-3.46E-08,1.52E-07,5.07E-08,1,2.72E-04,1,1,0,0,0
7569,3.15E-01,0,7569,ERODED,1,1,1,1,1,1,0,0.00E+00,0.00E+00,0,0,1,0.00E+00,1,1,1,1,1
7570,1.90E-01,0,7570,Not eroded,0,0,0,0,0,0,0,0.00E+00,0.00E+00,0,0,1,0.00E+00,1,1,1,1,1
7571,3.05E-01,0,7571,Not eroded,0,1,1,1,1,1,0,0.00E+00,0.00E+00,0,0,1,0.00E+00,1,1,1,1,1
7572,2.80E-01,0,7572,ERODED,1,1,1,1,1,1,0,0.00E+00,0.00E+00,0,0,1,0.00E+00,1,1,1,1,1
7573,2.04E-01,0,7573,Not eroded,0,1,0,0,0,0,0,0.00E+00,0.00E+00,0,0,1,0.00E+00,1,1,1,1,1
7574,3.20E-01,0,7574,ERODED,1,1,1,1,1,1,0,0.00E+00,0.00E+00,0,0,1,0.00E+00,1,1,1,1,1
7575,2.28E-01,0,7575,Not eroded,0,1,1,0,0,0,0,0.00E+00,0.00E+00,0,0,1,0.00E+00,1,1,1,1,1
7576,2.45E-01,0,7576,Not eroded,0,1,1,1,1,0,0,0.00E+00,0.00E+00,0,0,1,0.00E+00,1,1,1,1,1
7577,2.72E-01,5,7577,Not eroded,0,1,1,1,1,1,5.36E-09,1.12E-07,1.76E-08,1.14E-07,2.27E-08,0,2.04E-04,0,1,0,0,0
7578,1.49E-01,0,7578,Not eroded,0,0,0,0,0,0,0,0.00E+00,0.00E+00,0,0,1,0.00E+00,1,1,1,1,1
7580,1.78E-01,5,7580,Not eroded,0,0,0,0,0,0,2.23E-07,4.42E-07,4.28E-07,6.54E-07,1.31E-07,0,1.17E-03,0,1,0,0,0
7581,1.99E-01,5,7581,Not eroded,0,1,0,0,0,0,1.52E-07,2.74E-08,1.67E-07,2.27E-07,4.54E-08,0,4.06E-04,0,1,0,0,0
7582,1.69E-01,0,7582,Not eroded,0,0,0,0,0,0,0,0.00E+00,0.00E+00,0,0,1,0.00E+00,1,1,1,1,1
7585,5.80E-02,5,7585,Not eroded,0,0,0,0,0,0,2.97E-08,-1.16E-07,9.35E-08,1.52E-07,3.04E-08,0,2.72E-04,0,1,0,0,0
7587,1.71E-01,5,7587,Not eroded,0,0,0,0,0,0,5.89E-07,2.51E-07,2.00E-07,6.71E-07,1.34E-07,0,1.20E-03,0,1,0,0,0
7588,5.65E-02,5,7588,Not eroded,0,0,0,0,0,0,6.19E-08,1.05E-07,-1.35E-06,1.36E-06,2.72E-07,0,2.43E-03,0,1,0,0,0
7589,2.64E-01,3,7589,Not eroded,0,1,1,1,1,1,1.61E-06,8.37E-07,-7.40E-07,1.96E-06,6.53E-07,1,3.51E-03,1,1,0,0,0
7590,1.73E-01,2,7590,Not eroded,0,0,0,0,0,0,-7.84E-07,7.29E-07,1.79E-06,2.09E-06,1.04E-06,1,3.74E-03,1,1,1,0,0
7591,1.88E-01,0,7591,Not eroded,0,0,0,0,0,0,0,0.00E+00,0.00E+00,0,0,1,0.00E+00,1,1,1,1,1
7592,9.78E-02,3,7592,Not eroded,0,0,0,0,0,0,-1.56E-07,-4.24E-07,-3.95E-08,4.53E-07,1.51E-07,1,8.10E-04,1,1,0,0,0
7593,1.75E-01,3,7593,Not eroded,0,0,0,0,0,0,1.68E-08,-5.62E-08,6.55E-09,5.91E-08,1.97E-08,1,1.06E-04,1,1,0,0,0
7594,6.55E-02,5,7594,Not eroded,0,0,0,0,0,0,2.50E-07,-3.54E-07,-1.36E-07,4.54E-07,9.09E-08,0,8.12E-04,0,1,0,0,0
7595,2.50E-01,0,7595,Not eroded,0,1,1,1,1,0,0,0.00E+00,0.00E+00,0,0,1,0.00E+00,1,1,1,1,1
7596,7.38E-02,2,7596,Not eroded,0,0,0,0,0,0,-2.68E-07,-4.92E-08,1.85E-07,3.29E-07,1.65E-07,1,5.88E-04,1,1,1,0,0
7597,1.49E-01,5,7597,Not eroded,0,0,0,0,0,0,2.67E-07,1.45E-07,1.15E-06,1.19E-06,2.37E-07,0,2.13E-03,0,1,0,0,0
7598,1.93E-01,0,7598,Not eroded,0,1,0,0,0,0,0,0.00E+00,0.00E+00,0,0,1,0.00E+00,1,1,1,1,1
7599,1.52E-01,0,7599,Not eroded,0,0,0,0,0,0,0,0.00E+00,0.00E+00,0,0,1,0.00E+00,1,1,1,1,1
7600,8.57E-02,4,7600,Not eroded,0,0,0,0,0,0,-5.26E-07,1.82E-07,2.94E-07,6.29E-07,1.57E-07,0,1.13E-03,1,1,0,0,0
7601,2.33E-01,3,7601,Not eroded,0,1,1,1,0,0,4.14E-08,-7.32E-07,1.39E-07,7.46E-07,2.49E-07,1,1.33E-03,1,1,0,0,0
7602,2.65E-01,0,7602,ERODED,1,1,1,1,1,1,0,0.00E+00,0.00E+00,0,0,1,0.00E+00,1,1,1,1,1
7603,1.08E-01,5,7603,Not eroded,0,0,0,0,0,0,1.26E-06,7.81E-07,1.70E-06,2.26E-06,4.52E-07,0,4.04E-03,0,1,0,0,0
7604,1.18E-01,4,7604,Not eroded,0,0,0,0,0,0,2.94E-07,5.00E-07,-9.21E-08,5.87E-07,1.47E-07,0,1.05E-03,1,1,0,0,0
7606,2.41E-01,3,7606,Not eroded,0,1,1,1,1,0,2.61E-07,1.92E-06,-3.39E-09,1.94E-06,6.45E-07,1,3.47E-03,1,1,0,0,0
7607,2.57E-01,4,7607,Not eroded,0,1,1,1,1,1,2.93E-07,3.25E-07,-1.05E-07,4.50E-07,1.12E-07,0,8.05E-04,1,1,0,0,0
7608,1.43E-01,4,7608,Not eroded,0,0,0,0,0,0,5.15E-08,-1.32E-07,-1.77E-07,2.27E-07,5.67E-08,0,4.06E-04,1,1,0,0,0
7609,3.08E-01,0,7609,ERODED,1,1,1,1,1,1,0,0.00E+00,0.00E+00,0,0,1,0.00E+00,1,1,1,1,1
7610,2.08E-01,0,7610,Not eroded,0,1,0,0,0,0,0,0.00E+00,0.00E+00,0,0,1,0.00E+00,1,1,1,1,1
7611,2.94E-01,0,7611,ERODED,1,1,1,1,1,1,0,0.00E+00,0.00E+00,0,0,1,0.00E+00,1,1,1,1,1
7612,9.14E-02,0,7612,Not eroded,0,0,0,0,0,0,0,0.00E+00,0.00E+00,0,0,1,0.00E+00,1,1,1,1,1
7613,2.45E-01,3,7613,Not eroded,0,1,1,1,1,0,-2.60E-07,1.48E-08,3.22E-07,4.14E-07,1.38E-07,1,7.41E-04,1,1,0,0,0
7614,2.51E-01,4,7614,Not eroded,0,1,1,1,1,1,1.01E-06,1.14E-07,3.64E-07,1.08E-06,2.70E-07,0,1.93E-03,1,1,0,0,0
7615,9.06E-02,0,7615,Not eroded,0,0,0,0,0,0,0,0.00E+00,0.00E+00,0,0,1,0.00E+00,1,1,1,1,1
7616,1.57E-01,0,7616,Not eroded,0,0,0,0,0,0,0,0.00E+00,0.00E+00,0,0,1,0.00E+00,1,1,1,1,1
7617,2.15E-01,5,7617,Not eroded,0,1,0,0,0,0,1.86E-07,7.71E-08,9.02E-08,2.21E-07,4.41E-08,0,3.95E-04,0,1,0,0,0
7618,1.44E-01,3,7618,Not eroded,0,0,0,0,0,0,2.72E-06,9.12E-08,2.83E-06,3.93E-06,1.31E-06,1,7.03E-03,1,1,0,0,0
7619,1.29E-01,6,7619,Not eroded,0,0,0,0,0,0,-5.18E-08,1.22E-07,1.71E-07,2.16E-07,3.61E-08,0,3.86E-04,0,0,0,0,0
7620,6.74E-02,6,7620,Not eroded,0,0,0,0,0,0,-2.88E-07,2.73E-07,1.65E-06,1.70E-06,2.83E-07,0,3.04E-03,0,0,0,0,0
7621,1.41E-01,4,7621,Not eroded,0,0,0,0,0,0,2.52E-08,7.65E-08,1.82E-07,1.99E-07,4.98E-08,0,3.56E-04,1,1,0,0,0
7622,1.17E-01,5,7622,Not eroded,0,0,0,0,0,0,4.44E-10,1.18E-08,6.11E-08,6.22E-08,1.24E-08,0,1.11E-04,0,1,0,0,0
7623,1.71E-01,3,7623,Not eroded,0,0,0,0,0,0,1.40E-08,1.28E-07,2.01E-07,2.39E-07,7.96E-08,1,4.28E-04,1,1,0,0,0
7624,2.61E-01,0,7624,Not eroded,0,1,1,1,1,1,0,0.00E+00,0.00E+00,0,0,1,0.00E+00,1,1,1,1,1
7625,1.82E-01,5,7625,Not eroded,0,0,0,0,0,0,7.17E-08,3.18E-07,-2.13E-08,3.26E-07,6.53E-08,0,5.83E-04,0,1,0,0,0
7626,1.32E-01,3,7626,Not eroded,0,0,0,0,0,0,1.20E-06,2.04E-07,-9.23E-07,1.52E-06,5.08E-07,1,2.72E-03,1,1,0,0,0
7627,1.49E-01,6,7627,Not eroded,0,0,0,0,0,0,-3.44E-08,1.52E-07,1.47E-07,2.14E-07,3.57E-08,0,3.83E-04,0,0,0,0,0
7628,2.42E-01,3,7628,Not eroded,0,1,1,1,1,0,-1.26E-07,-5.69E-07,8.59E-08,5.89E-07,1.96E-07,1,1.05E-03,1,1,0,0,0
7630,2.81E-01,2,7630,Not eroded,0,1,1,1,1,1,2.18E-07,2.24E-07,1.00E-07,3.28E-07,1.64E-07,1,5.87E-04,1,1,1,0,0
7631,1.50E-01,4,7631,Not eroded,0,0,0,0,0,0,-4.49E-08,-4.19E-08,3.62E-07,3.67E-07,9.19E-08,0,6.56E-04,1,1,0,0,0
7632,5.66E-02,4,7632,Not eroded,0,0,0,0,0,0,2.04E-07,6.42E-07,-1.28E-06,1.44E-06,3.61E-07,0,2.58E-03,1,1,0,0,0
7633,1.32E-01,6,7633,Not eroded,0,0,0,0,0,0,4.67E-07,3.40E-07,7.46E-07,9.44E-07,1.57E-07,0,1.69E-03,0,0,0,0,0
7634,3.26E-01,3,7634,Not eroded,0,1,1,1,1,1,-6.95E-07,-1.82E-06,2.75E-07,1.97E-06,6.56E-07,1,3.52E-03,1,1,0,0,0
7635,2.02E-01,4,7635,Not eroded,0,1,0,0,0,0,-1.69E-06,-5.49E-06,-2.81E-06,6.40E-06,1.60E-06,0,1.14E-02,1,1,0,0,0
7636,3.25E-01,0,7636,ERODED,1,1,1,1,1,1,0,0.00E+00,0.00E+00,0,0,1,0.00E+00,1,1,1,1,1
7637,2.33E-01,0,7637,Not eroded,0,1,1,1,0,0,0,0.00E+00,0.00E+00,0,0,1,0.00E+00,1,1,1,1,1
7638,1.25E-01,7,7638,Not eroded,0,0,0,0,0,0,-1.88E-08,-7.27E-08,-5.45E-08,9.28E-08,1.33E-08,0,1.66E-04,0,0,0,0,0
7639,2.84E-01,0,7639,Not eroded,0,1,1,1,1,1,0,0.00E+00,0.00E+00,0,0,1,0.00E+00,1,1,1,1,1
7640,1.24E-01,4,7640,Not eroded,0,0,0,0,0,0,1.76E-07,-1.20E-07,1.82E-07,2.79E-07,6.99E-08,0,4.99E-04,1,1,0,0,0
7641,1.51E-01,4,7641,Not eroded,0,0,0,0,0,0,-3.70E-07,8.61E-08,4.81E-08,3.83E-07,9.57E-08,0,6.85E-04,1,1,0,0,0
7642,5.66E-02,3,7642,Not eroded,0,0,0,0,0,0,1.15E-06,-4.45E-07,-1.09E-06,1.64E-06,5.47E-07,1,2.93E-03,1,1,0,0,0
7643,3.15E-01,0,7643,ERODED,1,1,1,1,1,1,0,0.00E+00,0.00E+00,0,0,1,0.00E+00,1,1,1,1,1
7644,1.72E-01,0,7644,Not eroded,0,0,0,0,0,0,0,0.00E+00,0.00E+00,0,0,1,0.00E+00,1,1,1,1,1
7646,2.50E-01,4,7646,Not eroded,0,1,1,1,1,0,2.29E-09,1.85E-07,7.96E-08,2.01E-07,5.03E-08,0,3.60E-04,1,1,0,0,0
7647,1.91E-01,0,7647,Not eroded,0,1,0,0,0,0,0,0.00E+00,0.00E+00,0,0,1,0.00E+00,1,1,1,1,1
7648,1.68E-01,5,7648,Not eroded,0,0,0,0,0,0,-5.10E-09,2.17E-07,6.82E-08,2.27E-07,4.55E-08,0,4.06E-04,0,1,0,0,0
7649,2.10E-01,0,7649,Not eroded,0,1,0,0,0,0,0,0.00E+00,0.00E+00,0,0,1,0.00E+00,1,1,1,1,1
7650,1.47E-01,0,7650,Not eroded,0,0,0,0,0,0,0,0.00E+00,0.00E+00,0,0,1,0.00E+00,1,1,1,1,1
7651,1.70E-01,3,7651,Not eroded,0,0,0,0,0,0,1.34E-07,1.06E-07,7.94E-09,1.71E-07,5.69E-08,1,3.06E-04,1,1,0,0,0
7652,1.08E-01,5,7652,Not eroded,0,0,0,0,0,0,1.53E-07,4.51E-08,3.26E-08,1.63E-07,3.25E-08,0,2.92E-04,0,1,0,0,0
7653,9.57E-02,0,7653,Not eroded,0,0,0,0,0,0,0,0.00E+00,0.00E+00,0,0,1,0.00E+00,1,1,1,1,1
7655,2.75E-01,2,7655,Not eroded,0,1,1,1,1,1,1.06E-06,7.54E-07,7.14E-06,7.26E-06,3.63E-06,1,1.30E-02,1,1,1,0,0
7656,1.33E-01,5,7656,Not eroded,0,0,0,0,0,0,3.50E-07,6.43E-07,-3.86E-08,7.33E-07,1.47E-07,0,1.31E-03,0,1,0,0,0
7657,2.82E-01,0,7657,ERODED,1,1,1,1,1,1,0,0.00E+00,0.00E+00,0,0,1,0.00E+00,1,1,1,1,1
7659,1.59E-01,0,7659,Not eroded,0,0,0,0,0,0,0,0.00E+00,0.00E+00,0,0,1,0.00E+00,1,1,1,1,1
7661,1.28E-01,5,7661,Not eroded,0,0,0,0,0,0,5.83E-07,-3.99E-08,5.17E-07,7.80E-07,1.56E-07,0,1.40E-03,0,1,0,0,0
7662,1.49E-01,0,7662,Not eroded,0,0,0,0,0,0,0,0.00E+00,0.00E+00,0,0,1,0.00E+00,1,1,1,1,1
7663,1.17E-01,5,7663,Not eroded,0,0,0,0,0,0,8.93E-08,7.39E-08,2.49E-07,2.74E-07,5.49E-08,0,4.90E-04,0,1,0,0,0
7664,1.40E-01,3,7664,Not eroded,0,0,0,0,0,0,3.95E-07,1.06E-07,5.79E-08,4.13E-07,1.38E-07,1,7.39E-04,1,1,0,0,0
7665,1.12E-01,4,7665,Not eroded,0,0,0,0,0,0,2.59E-07,1.39E-06,5.02E-08,1.42E-06,3.55E-07,0,2.54E-03,1,1,0,0,0
7666,1.36E-01,5,7666,Not eroded,0,0,0,0,0,0,2.15E-07,-7.84E-08,-2.05E-08,2.30E-07,4.59E-08,0,4.11E-04,0,1,0,0,0
7667,2.00E-01,4,7667,Not eroded,0,1,0,0,0,0,8.85E-08,4.65E-08,1.64E-07,1.92E-07,4.81E-08,0,3.43E-04,1,1,0,0,0
7668,1.97E-01,4,7668,Not eroded,0,1,0,0,0,0,4.34E-07,5.94E-08,2.51E-07,5.05E-07,1.26E-07,0,9.03E-04,1,1,0,0,0
7669,1.03E-01,0,7669,Not eroded,0,0,0,0,0,0,0,0.00E+00,0.00E+00,0,0,1,0.00E+00,1,1,1,1,1
7670,2.63E-01,0,7670,Not eroded,0,1,1,1,1,1,0,0.00E+00,0.00E+00,0,0,1,0.00E+00,1,1,1,1,1
7671,2.99E-01,0,7671,ERODED,1,1,1,1,1,1,0,0.00E+00,0.00E+00,0,0,1,0.00E+00,1,1,1,1,1
7672,2.65E-01,4,7672,Not eroded,0,1,1,1,1,1,-6.85E-08,4.56E-07,1.62E-07,4.88E-07,1.22E-07,0,8.73E-04,1,1,0,0,0
7674,3.25E-01,0,7674,ERODED,1,1,1,1,1,1,0,0.00E+00,0.00E+00,0,0,1,0.00E+00,1,1,1,1,1
7675,2.99E-01,3,7675,Not eroded,0,1,1,1,1,1,1.41E-06,-1.92E-07,-2.46E-06,2.85E-06,9.49E-07,1,5.10E-03,1,1,0,0,0
7676,3.25E-01,0,7676,ERODED,1,1,1,1,1,1,0,0.00E+00,0.00E+00,0,0,1,0.00E+00,1,1,1,1,1
7677,8.80E-02,2,7677,Not eroded,0,0,0,0,0,0,8.23E-08,3.33E-07,8.09E-07,8.78E-07,4.39E-07,1,1.57E-03,1,1,1,0,0
7678,1.03E-01,0,7678,Not eroded,0,0,0,0,0,0,0,0.00E+00,0.00E+00,0,0,1,0.00E+00,1,1,1,1,1
7679,1.83E-01,5,7679,Not eroded,0,0,0,0,0,0,1.14E-07,5.23E-08,9.74E-08,1.59E-07,3.17E-08,0,2.84E-04,0,1,0,0,0
7680,7.83E-02,3,7680,Not eroded,0,0,0,0,0,0,3.98E-08,9.63E-08,2.49E-09,1.04E-07,3.47E-08,1,1.86E-04,1,1,0,0,0
7682,1.91E-01,3,7682,Not eroded,0,1,0,0,0,0,-1.55E-07,-2.79E-07,7.20E-08,3.27E-07,1.09E-07,1,5.85E-04,1,1,0,0,0
7683,6.27E-02,4,7683,Not eroded,0,0,0,0,0,0,-1.55E-07,4.87E-08,-3.77E-08,1.67E-07,4.17E-08,0,2.99E-04,1,1,0,0,0
7684,5.66E-02,3,7684,Not eroded,0,0,0,0,0,0,1.26E-07,6.48E-09,-1.30E-06,1.31E-06,4.36E-07,1,2.34E-03,1,1,0,0,0
7685,1.51E-01,0,7685,Not eroded,0,0,0,0,0,0,0,0.00E+00,0.00E+00,0,0,1,0.00E+00,1,1,1,1,1
7686,1.53E-01,4,7686,Not eroded,0,0,0,0,0,0,-1.45E-06,1.24E-06,1.18E-06,2.24E-06,5.59E-07,0,4.01E-03,1,1,0,0,0
7687,2.98E-01,0,7687,ERODED,1,1,1,1,1,1,0,0.00E+00,0.00E+00,0,0,1,0.00E+00,1,1,1,1,1
7688,2.22E-01,3,7688,Not eroded,0,1,1,0,0,0,3.46E-07,4.16E-07,-1.99E-07,5.76E-07,1.92E-07,1,1.03E-03,1,1,0,0,0
7689,2.20E-01,5,7689,Not eroded,0,1,0,0,0,0,2.61E-07,1.08E-07,3.07E-08,2.84E-07,5.68E-08,0,5.08E-04,0,1,0,0,0
7690,2.87E-01,0,7690,Not eroded,0,1,1,1,1,1,0,0.00E+00,0.00E+00,0,0,1,0.00E+00,1,1,1,1,1
7691,1.76E-01,0,7691,Not eroded,0,0,0,0,0,0,0,0.00E+00,0.00E+00,0,0,1,0.00E+00,1,1,1,1,1
7692,1.57E-01,4,7692,Not eroded,0,0,0,0,0,0,3.34E-07,2.06E-07,3.82E-07,5.48E-07,1.37E-07,0,9.80E-04,1,1,0,0,0
7693,1.71E-01,5,7693,Not eroded,0,0,0,0,0,0,-6.34E-09,3.13E-07,3.74E-07,4.88E-07,9.76E-08,0,8.73E-04,0,1,0,0,0
7694,1.01E-01,5,7694,Not eroded,0,0,0,0,0,0,1.25E-08,-1.49E-08,1.84E-07,1.85E-07,3.71E-08,0,3.31E-04,0,1,0,0,0
7695,1.49E-01,0,7695,Not eroded,0,0,0,0,0,0,0,0.00E+00,0.00E+00,0,0,1,0.00E+00,1,1,1,1,1
7696,1.55E-01,5,7696,Not eroded,0,0,0,0,0,0,1.08E-07,-4.98E-07,-1.43E-07,5.29E-07,1.06E-07,0,9.46E-04,0,1,0,0,0
7697,2.92E-01,0,7697,ERODED,1,1,1,1,1,1,0,0.00E+00,0.00E+00,0,0,1,0.00E+00,1,1,1,1,1
7698,7.81E-02,4,7698,Not eroded,0,0,0,0,0,0,-9.70E-08,8.19E-07,-3.41E-08,8.26E-07,2.06E-07,0,1.48E-03,1,1,0,0,0
7699,2.71E-01,0,7699,Not eroded,0,1,1,1,1,1,0,0.00E+00,0.00E+00,0,0,1,0.00E+00,1,1,1,1,1
7700,1.52E-01,2,7700,Not eroded,0,0,0,0,0,0,1.64E-07,-2.80E-07,-3.38E-07,4.69E-07,2.34E-07,1,8.39E-04,1,1,1,0,0
7701,3.01E-01,4,7701,Not eroded,0,1,1,1,1,1,3.41E-07,-1.61E-07,6.28E-09,3.77E-07,9.42E-08,0,6.74E-04,1,1,0,0,0
7702,2.79E-01,0,7702,Not eroded,0,1,1,1,1,1,0,0.00E+00,0.00E+00,0,0,1,0.00E+00,1,1,1,1,1
7703,2.08E-01,0,7703,Not eroded,0,1,0,0,0,0,0,0.00E+00,0.00E+00,0,0,1,0.00E+00,1,1,1,1,1
7704,1.45E-01,4,7704,Not eroded,0,0,0,0,0,0,-2.25E-07,3.41E-07,9.58E-08,4.20E-07,1.05E-07,0,7.51E-04,1,1,0,0,0
7705,2.21E-01,5,7705,Not eroded,0,1,1,0,0,0,1.73E-07,1.92E-07,-2.42E-08,2.59E-07,5.19E-08,0,4.63E-04,0,1,0,0,0
7706,2.17E-01,4,7706,Not eroded,0,1,0,0,0,0,-8.39E-07,2.44E-06,1.04E-06,2.79E-06,6.97E-07,0,4.99E-03,1,1,0,0,0
7707,2.99E-01,0,7707,ERODED,1,1,1,1,1,1,0,0.00E+00,0.00E+00,0,0,1,0.00E+00,1,1,1,1,1
7708,2.27E-01,5,7708,Not eroded,0,1,1,0,0,0,7.20E-07,-4.16E-07,-3.81E-08,8.32E-07,1.66E-07,0,1.49E-03,0,1,0,0,0
7709,2.39E-01,4,7709,Not eroded,0,1,1,1,0,0,-1.11E-08,1.34E-07,1.39E-07,1.93E-07,4.84E-08,0,3.45E-04,1,1,0,0,0
7710,2.26E-01,2,7710,Not eroded,0,1,1,0,0,0,2.50E-07,6.82E-07,1.05E-06,1.27E-06,6.36E-07,1,2.27E-03,1,1,1,0,0
7711,6.88E-02,3,7711,Not eroded,0,0,0,0,0,0,-1.07E-07,-9.44E-08,6.37E-09,1.42E-07,4.75E-08,1,2.54E-04,1,1,0,0,0
7712,2.42E-01,0,7712,Not eroded,0,1,1,1,1,0,0,0.00E+00,0.00E+00,0,0,1,0.00E+00,1,1,1,1,1
7713,1.31E-01,3,7713,Not eroded,0,0,0,0,0,0,-1.40E-07,9.89E-08,-4.26E-08,1.77E-07,5.89E-08,1,3.17E-04,1,1,0,0,0
7714,1.03E-01,0,7714,Not eroded,0,0,0,0,0,0,0,0.00E+00,0.00E+00,0,0,1,0.00E+00,1,1,1,1,1
7716,5.66E-02,4,7716,Not eroded,0,0,0,0,0,0,6.27E-08,6.94E-08,-1.22E-06,1.22E-06,3.06E-07,0,2.18E-03,1,1,0,0,0
7717,1.00E-01,4,7717,Not eroded,0,0,0,0,0,0,2.62E-07,1.58E-08,-5.52E-08,2.68E-07,6.70E-08,0,4.79E-04,1,1,0,0,0
7718,1.20E-01,4,7718,Not eroded,0,0,0,0,0,0,1.44E-07,1.85E-07,-1.21E-07,2.64E-07,6.60E-08,0,4.72E-04,1,1,0,0,0
7719,2.93E-01,3,7719,Not eroded,0,1,1,1,1,1,1.06E-05,1.44E-05,3.11E-05,3.59E-05,1.20E-05,1,6.42E-02,1,1,0,0,0
7720,9.76E-02,3,7720,Not eroded,0,0,0,0,0,0,1.57E-07,1.95E-07,2.48E-07,3.52E-07,1.17E-07,1,6.30E-04,1,1,0,0,0
7721,6.38E-02,6,7721,Not eroded,0,0,0,0,0,0,7.15E-08,1.19E-07,-1.27E-07,1.88E-07,3.13E-08,0,3.36E-04,0,0,0,0,0
7722,1.34E-01,5,7722,Not eroded,0,0,0,0,0,0,1.26E-07,-1.11E-07,2.43E-08,1.70E-07,3.40E-08,0,3.04E-04,0,1,0,0,0
7723,6.65E-02,0,7723,Not eroded,0,0,0,0,0,0,0,0.00E+00,0.00E+00,0,0,1,0.00E+00,1,1,1,1,1
7724,1.44E-01,0,7724,Not eroded,0,0,0,0,0,0,0,0.00E+00,0.00E+00,0,0,1,0.00E+00,1,1,1,1,1
7725,1.12E-01,4,7725,Not eroded,0,0,0,0,0,0,2.69E-06,-8.64E-06,4.75E-06,1.02E-05,2.56E-06,0,1.82E-02,1,1,0,0,0
7726,8.36E-02,5,7726,Not eroded,0,0,0,0,0,0,1.03E-07,2.02E-07,7.11E-08,2.38E-07,4.75E-08,0,4.26E-04,0,1,0,0,0
7727,1.89E-01,5,7727,Not eroded,0,0,0,0,0,0,1.52E-07,3.30E-07,2.27E-08,3.64E-07,7.28E-08,0,6.51E-04,0,1,0,0,0
7731,8.43E-02,0,7731,Not eroded,0,0,0,0,0,0,0,0.00E+00,0.00E+00,0,0,1,0.00E+00,1,1,1,1,1
7732,2.30E-01,4,7732,Not eroded,0,1,1,0,0,0,1.02E-05,-5.21E-06,-7.89E-07,1.14E-05,2.86E-06,0,2.04E-02,1,1,0,0,0
7734,1.35E-01,2,7734,Not eroded,0,0,0,0,0,0,5.49E-07,1.70E-07,2.67E-07,6.33E-07,3.17E-07,1,1.13E-03,1,1,1,0,0
7735,1.83E-01,0,7735,Not eroded,0,0,0,0,0,0,0,0.00E+00,0.00E+00,0,0,1,0.00E+00,1,1,1,1,1
7736,5.66E-02,3,7736,Not eroded,0,0,0,0,0,0,3.29E-07,-9.88E-09,-1.44E-06,1.48E-06,4.93E-07,1,2.65E-03,1,1,0,0,0
7737,2.60E-01,4,7737,Not eroded,0,1,1,1,1,1,-4.73E-07,4.37E-06,4.55E-06,6.33E-06,1.58E-06,0,1.13E-02,1,1,0,0,0
7738,2.90E-01,0,7738,ERODED,1,1,1,1,1,1,0,0.00E+00,0.00E+00,0,0,1,0.00E+00,1,1,1,1,1
7739,6.53E-02,4,7739,Not eroded,0,0,0,0,0,0,-9.01E-08,-5.21E-07,1.86E-07,5.61E-07,1.40E-07,0,1.00E-03,1,1,0,0,0
7740,3.00E-01,4,7740,Not eroded,0,1,1,1,1,1,-2.23E-06,5.63E-07,1.77E-06,2.90E-06,7.25E-07,0,5.19E-03,1,1,0,0,0
7741,5.66E-02,4,7741,Not eroded,0,0,0,0,0,0,-4.09E-08,1.63E-08,-1.41E-06,1.41E-06,3.54E-07,0,2.52E-03,1,1,0,0,0
7742,2.67E-01,0,7742,ERODED,1,1,1,1,1,1,0,0.00E+00,0.00E+00,0,0,1,0.00E+00,1,1,1,1,1
7743,2.04E-01,6,7743,Not eroded,0,1,0,0,0,0,6.48E-07,1.71E-07,3.15E-07,7.41E-07,1.23E-07,0,1.33E-03,0,0,0,0,0
7745,3.01E-01,0,7745,ERODED,1,1,1,1,1,1,0,0.00E+00,0.00E+00,0,0,1,0.00E+00,1,1,1,1,1
7746,7.09E-02,5,7746,Not eroded,0,0,0,0,0,0,3.15E-07,2.02E-07,9.42E-08,3.86E-07,7.72E-08,0,6.90E-04,0,1,0,0,0
7747,1.57E-01,4,7747,Not eroded,0,0,0,0,0,0,-8.79E-07,-2.86E-07,-4.87E-07,1.04E-06,2.61E-07,0,1.86E-03,1,1,0,0,0
7748,1.87E-01,0,7748,Not eroded,0,0,0,0,0,0,0,0.00E+00,0.00E+00,0,0,1,0.00E+00,1,1,1,1,1
7749,1.33E-01,4,7749,Not eroded,0,0,0,0,0,0,2.07E-07,-5.19E-07,5.31E-07,7.71E-07,1.93E-07,0,1.38E-03,1,1,0,0,0
7750,1.11E-01,5,7750,Not eroded,0,0,0,0,0,0,-8.76E-08,-4.26E-07,2.14E-07,4.84E-07,9.69E-08,0,8.66E-04,0,1,0,0,0
7751,3.17E-01,0,7751,ERODED,1,1,1,1,1,1,0,0.00E+00,0.00E+00,0,0,1,0.00E+00,1,1,1,1,1
7752,5.96E-02,5,7752,Not eroded,0,0,0,0,0,0,-5.80E-08,1.02E-07,-2.17E-07,2.47E-07,4.93E-08,0,4.42E-04,0,1,0,0,0
7753,2.66E-01,3,7753,Not eroded,0,1,1,1,1,1,-1.53E-07,1.34E-07,1.80E-07,2.72E-07,9.05E-08,1,4.87E-04,1,1,0,0,0
7754,2.18E-01,0,7754,Not eroded,0,1,0,0,0,0,0,0.00E+00,0.00E+00,0,0,1,0.00E+00,1,1,1,1,1
7755,2.99E-01,3,7755,Not eroded,0,1,1,1,1,1,3.06E-06,3.61E-08,6.68E-06,7.34E-06,2.45E-06,1,1.31E-02,1,1,0,0,0
7756,1.77E-01,0,7756,Not eroded,0,0,0,0,0,0,0,0.00E+00,0.00E+00,0,0,1,0.00E+00,1,1,1,1,1
7757,1.14E-01,0,7757,Not eroded,0,0,0,0,0,0,0,0.00E+00,0.00E+00,0,0,1,0.00E+00,1,1,1,1,1
7758,6.52E-02,3,7758,Not eroded,0,0,0,0,0,0,5.98E-07,1.29E-07,-5.49E-07,8.22E-07,2.74E-07,1,1.47E-03,1,1,0,0,0
7759,1.52E-01,2,7759,Not eroded,0,0,0,0,0,0,1.39E-07,3.14E-07,2.03E-07,3.99E-07,2.00E-07,1,7.14E-04,1,1,1,0,0
7760,8.23E-02,0,7760,Not eroded,0,0,0,0,0,0,0,0.00E+00,0.00E+00,0,0,1,0.00E+00,1,1,1,1,1
7761,1.61E-01,5,7761,Not eroded,0,0,0,0,0,0,3.46E-07,2.58E-07,3.88E-07,5.81E-07,1.16E-07,0,1.04E-03,0,1,0,0,0
7762,1.79E-01,4,7762,Not eroded,0,0,0,0,0,0,-1.25E-08,2.52E-07,1.13E-06,1.16E-06,2.90E-07,0,2.07E-03,1,1,0,0,0
7764,1.92E-01,5,7764,Not eroded,0,1,0,0,0,0,4.16E-08,-2.44E-07,-2.19E-07,3.31E-07,6.62E-08,0,5.92E-04,0,1,0,0,0
7765,2.81E-01,3,7765,Not eroded,0,1,1,1,1,1,-1.73E-06,2.49E-07,1.35E-06,2.21E-06,7.38E-07,1,3.95E-03,1,1,0,0,0
7766,8.29E-02,4,7766,Not eroded,0,0,0,0,0,0,8.80E-07,1.79E-07,1.52E-07,9.11E-07,2.28E-07,0,1.63E-03,1,1,0,0,0
7767,1.64E-01,4,7767,Not eroded,0,0,0,0,0,0,3.80E-08,3.97E-07,3.30E-07,5.18E-07,1.30E-07,0,9.27E-04,1,1,0,0,0
7768,1.37E-01,4,7768,Not eroded,0,0,0,0,0,0,9.73E-08,3.13E-08,3.84E-07,3.98E-07,9.94E-08,0,7.12E-04,1,1,0,0,0
7769,2.02E-01,5,7769,Not eroded,0,1,0,0,0,0,-1.50E-08,-5.79E-08,8.19E-08,1.01E-07,2.03E-08,0,1.81E-04,0,1,0,0,0
7770,2.40E-01,3,7770,Not eroded,0,1,1,1,0,0,1.24E-06,-2.98E-07,1.01E-06,1.63E-06,5.42E-07,1,2.92E-03,1,1,0,0,0
7771,2.90E-01,0,7771,Not eroded,0,1,1,1,1,1,0,0.00E+00,0.00E+00,0,0,1,0.00E+00,1,1,1,1,1
7772,1.72E-01,0,7772,Not eroded,0,0,0,0,0,0,0,0.00E+00,0.00E+00,0,0,1,0.00E+00,1,1,1,1,1
7773,2.57E-01,0,7773,ERODED,1,1,1,1,1,1,0,0.00E+00,0.00E+00,0,0,1,0.00E+00,1,1,1,1,1
7774,2.54E-01,0,7774,Not eroded,0,1,1,1,1,1,0,0.00E+00,0.00E+00,0,0,1,0.00E+00,1,1,1,1,1
7775,1.73E-01,3,7775,Not eroded,0,0,0,0,0,0,3.04E-07,-5.46E-07,2.20E-07,6.63E-07,2.21E-07,1,1.19E-03,1,1,0,0,0
7776,1.25E-01,4,7776,Not eroded,0,0,0,0,0,0,6.14E-07,2.46E-07,3.24E-07,7.36E-07,1.84E-07,0,1.32E-03,1,1,0,0,0
7777,7.27E-02,5,7777,Not eroded,0,0,0,0,0,0,-6.00E-08,-1.39E-07,2.70E-07,3.10E-07,6.19E-08,0,5.54E-04,0,1,0,0,0
7778,1.94E-01,0,7778,Not eroded,0,1,0,0,0,0,0,0.00E+00,0.00E+00,0,0,1,0.00E+00,1,1,1,1,1
7779,2.89E-01,0,7779,ERODED,1,1,1,1,1,1,0,0.00E+00,0.00E+00,0,0,1,0.00E+00,1,1,1,1,1
7781,2.28E-01,3,7781,Not eroded,0,1,1,0,0,0,2.77E-06,1.36E-06,2.91E-06,4.24E-06,1.41E-06,1,7.58E-03,1,1,0,0,0
7783,9.88E-02,3,7783,Not eroded,0,0,0,0,0,0,-2.81E-07,1.97E-08,1.97E-07,3.43E-07,1.14E-07,1,6.14E-04,1,1,0,0,0
7784,2.55E-01,0,7784,Not eroded,0,1,1,1,1,1,0,0.00E+00,0.00E+00,0,0,1,0.00E+00,1,1,1,1,1
7785,5.65E-02,2,7785,Not eroded,0,0,0,0,0,0,2.51E-07,1.29E-08,-1.47E-06,1.49E-06,7.45E-07,1,2.67E-03,1,1,1,0,0
7786,1.03E-01,2,7786,Not eroded,0,0,0,0,0,0,2.85E-07,-4.72E-07,3.05E-07,6.30E-07,3.15E-07,1,1.13E-03,1,1,1,0,0
7787,8.51E-02,3,7787,Not eroded,0,0,0,0,0,0,6.59E-07,-4.31E-07,-1.73E-08,7.88E-07,2.63E-07,1,1.41E-03,1,1,0,0,0
7788,3.00E-01,0,7788,ERODED,1,1,1,1,1,1,0,0.00E+00,0.00E+00,0,0,1,0.00E+00,1,1,1,1,1
7789,1.23E-01,3,7789,Not eroded,0,0,0,0,0,0,2.51E-07,-7.41E-08,3.31E-07,4.22E-07,1.41E-07,1,7.55E-04,1,1,0,0,0
7790,1.17E-01,3,7790,Not eroded,0,0,0,0,0,0,2.41E-07,3.69E-07,2.22E-07,4.93E-07,1.64E-07,1,8.82E-04,1,1,0,0,0
7791,1.27E-01,0,7791,Not eroded,0,0,0,0,0,0,0,0.00E+00,0.00E+00,0,0,1,0.00E+00,1,1,1,1,1
7792,2.29E-01,4,7792,Not eroded,0,1,1,0,0,0,1.17E-07,-6.62E-08,2.58E-07,2.91E-07,7.28E-08,0,5.21E-04,1,1,0,0,0
7793,5.66E-02,3,7793,Not eroded,0,0,0,0,0,0,2.22E-07,5.38E-08,-1.45E-06,1.46E-06,4.88E-07,1,2.61E-03,1,1,0,0,0
7794,1.96E-01,5,7794,Not eroded,0,1,0,0,0,0,1.31E-07,1.51E-08,1.57E-07,2.04E-07,4.09E-08,0,3.65E-04,0,1,0,0,0
7795,1.38E-01,3,7795,Not eroded,0,0,0,0,0,0,8.00E-07,1.08E-06,1.07E-06,1.72E-06,5.72E-07,1,3.08E-03,1,1,0,0,0
7796,1.87E-01,3,7796,Not eroded,0,0,0,0,0,0,1.05E-06,2.62E-07,-2.01E-07,1.10E-06,3.66E-07,1,1.97E-03,1,1,0,0,0
7797,1.57E-01,4,7797,Not eroded,0,0,0,0,0,0,-3.37E-08,8.95E-08,-7.92E-09,9.60E-08,2.40E-08,0,1.72E-04,1,1,0,0,0
7798,2.31E-01,5,7798,Not eroded,0,1,1,1,0,0,-1.72E-09,1.42E-07,3.39E-08,1.46E-07,2.93E-08,0,2.61E-04,0,1,0,0,0
7799,1.28E-01,6,7799,Not eroded,0,0,0,0,0,0,1.65E-07,9.33E-08,3.46E-07,3.94E-07,6.57E-08,0,7.05E-04,0,0,0,0,0
7800,1.22E-01,4,7800,Not eroded,0,0,0,0,0,0,9.52E-08,-1.41E-07,-1.54E-08,1.71E-07,4.27E-08,0,3.06E-04,1,1,0,0,0
7804,2.04E-01,6,7804,Not eroded,0,1,0,0,0,0,2.90E-07,-1.53E-07,1.49E-07,3.60E-07,6.00E-08,0,6.44E-04,0,0,0,0,0
7805,1.83E-01,3,7805,Not eroded,0,0,0,0,0,0,1.20E-07,4.36E-07,3.55E-07,5.75E-07,1.92E-07,1,1.03E-03,1,1,0,0,0
7806,6.35E-02,0,7806,Not eroded,0,0,0,0,0,0,0,0.00E+00,0.00E+00,0,0,1,0.00E+00,1,1,1,1,1
7807,5.66E-02,3,7807,Not eroded,0,0,0,0,0,0,-1.43E-08,-3.97E-08,-1.32E-06,1.32E-06,4.41E-07,1,2.36E-03,1,1,0,0,0
7808,2.75E-01,5,7808,Not eroded,0,1,1,1,1,1,7.77E-08,3.41E-07,2.17E-07,4.12E-07,8.24E-08,0,7.37E-04,0,1,0,0,0
7809,9.58E-02,5,7809,Not eroded,0,0,0,0,0,0,3.65E-07,2.67E-07,-5.12E-07,6.83E-07,1.37E-07,0,1.22E-03,0,1,0,0,0
7810,1.88E-01,5,7810,Not eroded,0,0,0,0,0,0,-6.55E-08,-5.79E-08,2.07E-07,2.25E-07,4.50E-08,0,4.02E-04,0,1,0,0,0
7811,1.11E-01,4,7811,Not eroded,0,0,0,0,0,0,2.45E-07,1.47E-07,3.12E-08,2.87E-07,7.18E-08,0,5.13E-04,1,1,0,0,0
7812,2.02E-01,3,7812,Not eroded,0,1,0,0,0,0,-3.88E-07,3.37E-06,-5.33E-07,3.44E-06,1.15E-06,1,6.15E-03,1,1,0,0,0
7813,5.76E-02,0,7813,Not eroded,0,0,0,0,0,0,0,0.00E+00,0.00E+00,0,0,1,0.00E+00,1,1,1,1,1
7815,2.83E-01,0,7815,Not eroded,0,1,1,1,1,1,0,0.00E+00,0.00E+00,0,0,1,0.00E+00,1,1,1,1,1
7816,1.37E-01,4,7816,Not eroded,0,0,0,0,0,0,4.24E-08,-2.81E-08,-9.40E-08,1.07E-07,2.67E-08,0,1.91E-04,1,1,0,0,0
7817,8.59E-02,4,7817,Not eroded,0,0,0,0,0,0,-7.93E-09,4.27E-08,-9.07E-09,4.44E-08,1.11E-08,0,7.94E-05,1,1,0,0,0
7818,2.25E-01,4,7818,Not eroded,0,1,1,0,0,0,1.52E-08,1.41E-07,4.83E-08,1.50E-07,3.75E-08,0,2.68E-04,1,1,0,0,0
7819,8.99E-02,4,7819,Not eroded,0,0,0,0,0,0,-8.13E-08,1.66E-07,-4.71E-07,5.06E-07,1.26E-07,0,9.05E-04,1,1,0,0,0
7821,2.10E-01,4,7821,Not eroded,0,1,0,0,0,0,7.67E-07,-2.79E-07,1.30E-06,1.54E-06,3.85E-07,0,2.75E-03,1,1,0,0,0
7822,2.78E-01,3,7822,Not eroded,0,1,1,1,1,1,1.19E-07,2.22E-06,1.21E-07,2.23E-06,7.43E-07,1,3.99E-03,1,1,0,0,0
7823,5.66E-02,5,7823,Not eroded,0,0,0,0,0,0,2.18E-07,1.66E-07,-1.10E-06,1.13E-06,2.26E-07,0,2.02E-03,0,1,0,0,0
7824,1.00E-01,0,7824,Not eroded,0,0,0,0,0,0,0,0.00E+00,0.00E+00,0,0,1,0.00E+00,1,1,1,1,1
7825,9.57E-02,4,7825,Not eroded,0,0,0,0,0,0,-2.37E-07,3.72E-07,5.09E-07,6.74E-07,1.68E-07,0,1.21E-03,1,1,0,0,0
7826,8.12E-02,5,7826,Not eroded,0,0,0,0,0,0,-2.76E-07,-1.54E-07,-1.81E-07,3.65E-07,7.29E-08,0,6.53E-04,0,1,0,0,0
7827,1.63E-01,0,7827,Not eroded,0,0,0,0,0,0,0,0.00E+00,0.00E+00,0,0,1,0.00E+00,1,1,1,1,1
7828,2.42E-01,3,7828,Not eroded,0,1,1,1,1,0,2.79E-06,3.59E-06,-6.97E-06,8.32E-06,2.77E-06,1,1.49E-02,1,1,0,0,0
7829,2.86E-01,6,7829,Not eroded,0,1,1,1,1,1,-1.51E-06,4.39E-06,1.21E-06,4.80E-06,8.00E-07,0,8.59E-03,0,0,0,0,0
7830,1.66E-01,7,7830,Not eroded,0,0,0,0,0,0,3.96E-07,7.63E-07,2.33E-07,8.91E-07,1.27E-07,0,1.59E-03,0,0,0,0,0
7831,2.80E-01,4,7831,Not eroded,0,1,1,1,1,1,1.28E-07,1.62E-06,4.42E-07,1.69E-06,4.22E-07,0,3.02E-03,1,1,0,0,0
7832,1.06E-01,3,7832,Not eroded,0,0,0,0,0,0,-8.88E-08,4.62E-08,6.34E-08,1.18E-07,3.95E-08,1,2.11E-04,1,1,0,0,0
7833,2.98E-01,2,7833,Not eroded,0,1,1,1,1,1,-1.42E-06,-2.10E-06,1.07E-06,2.75E-06,1.37E-06,1,4.92E-03,1,1,1,0,0
7834,2.86E-01,0,7834,Not eroded,0,1,1,1,1,1,0,0.00E+00,0.00E+00,0,0,1,0.00E+00,1,1,1,1,1
7835,1.99E-01,0,7835,Not eroded,0,1,0,0,0,0,0,0.00E+00,0.00E+00,0,0,1,0.00E+00,1,1,1,1,1
7836,7.10E-02,3,7836,Not eroded,0,0,0,0,0,0,-3.84E-08,3.18E-09,1.01E-07,1.08E-07,3.59E-08,1,1.93E-04,1,1,0,0,0
7837,6.37E-02,5,7837,Not eroded,0,0,0,0,0,0,-4.80E-07,2.27E-07,-3.66E-07,6.44E-07,1.29E-07,0,1.15E-03,0,1,0,0,0
7838,1.56E-01,5,7838,Not eroded,0,0,0,0,0,0,6.73E-08,1.76E-07,3.46E-08,1.92E-07,3.83E-08,0,3.43E-04,0,1,0,0,0
7839,1.36E-01,2,7839,Not eroded,0,0,0,0,0,0,1.65E-06,2.33E-07,4.53E-07,1.73E-06,8.64E-07,1,3.09E-03,1,1,1,0,0
7840,1.94E-01,0,7840,Not eroded,0,1,0,0,0,0,0,0.00E+00,0.00E+00,0,0,1,0.00E+00,1,1,1,1,1
7841,2.95E-01,3,7841,Not eroded,0,1,1,1,1,1,-1.22E-07,-8.36E-07,-4.44E-08,8.46E-07,2.82E-07,1,1.51E-03,1,1,0,0,0
7843,2.81E-01,2,7843,Not eroded,0,1,1,1,1,1,1.37E-08,4.94E-07,7.93E-08,5.01E-07,2.50E-07,1,8.96E-04,1,1,1,0,0
7844,3.19E-01,0,7844,ERODED,1,1,1,1,1,1,0,0.00E+00,0.00E+00,0,0,1,0.00E+00,1,1,1,1,1
7845,2.79E-01,4,7845,Not eroded,0,1,1,1,1,1,-3.92E-08,4.97E-07,-8.21E-07,9.61E-07,2.40E-07,0,1.72E-03,1,1,0,0,0
7846,2.31E-01,3,7846,Not eroded,0,1,1,1,0,0,5.56E-07,4.43E-07,2.48E-06,2.58E-06,8.60E-07,1,4.61E-03,1,1,0,0,0
7847,1.96E-01,4,7847,Not eroded,0,1,0,0,0,0,2.98E-07,4.72E-08,2.17E-09,3.02E-07,7.55E-08,0,5.40E-04,1,1,0,0,0
7848,2.89E-01,4,7848,Not eroded,0,1,1,1,1,1,2.92E-08,1.09E-07,-8.37E-09,1.13E-07,2.82E-08,0,2.02E-04,1,1,0,0,0
7849,1.31E-01,2,7849,Not eroded,0,0,0,0,0,0,6.27E-07,-1.81E-07,4.10E-08,6.54E-07,3.27E-07,1,1.17E-03,1,1,1,0,0
7850,2.49E-01,0,7850,Not eroded,0,1,1,1,1,0,0,0.00E+00,0.00E+00,0,0,1,0.00E+00,1,1,1,1,1
7851,2.05E-01,5,7851,Not eroded,0,1,0,0,0,0,-2.84E-07,4.58E-07,4.43E-06,4.46E-06,8.92E-07,0,7.98E-03,0,1,0,0,0
7852,9.41E-02,4,7852,Not eroded,0,0,0,0,0,0,7.86E-09,-5.94E-07,1.13E-06,1.28E-06,3.19E-07,0,2.29E-03,1,1,0,0,0
7853,1.19E-01,6,7853,Not eroded,0,0,0,0,0,0,-8.00E-08,2.66E-08,-6.63E-08,1.07E-07,1.79E-08,0,1.91E-04,0,0,0,0,0
7855,2.51E-01,6,7855,Not eroded,0,1,1,1,1,1,-5.35E-07,2.02E-07,2.46E-07,6.23E-07,1.04E-07,0,1.11E-03,0,0,0,0,0
7856,2.10E-01,2,7856,Not eroded,0,1,0,0,0,0,-1.61E-07,-7.45E-07,1.10E-07,7.70E-07,3.85E-07,1,1.38E-03,1,1,1,0,0
7857,1.93E-01,4,7857,Not eroded,0,1,0,0,0,0,1.40E-07,1.88E-07,3.42E-07,4.14E-07,1.04E-07,0,7.41E-04,1,1,0,0,0
7858,1.29E-01,2,7858,Not eroded,0,0,0,0,0,0,1.69E-07,-3.73E-07,-1.33E-07,4.30E-07,2.15E-07,1,7.69E-04,1,1,1,0,0
7859,2.19E-01,8,7859,Not eroded,0,1,0,0,0,0,-1.31E-06,5.76E-07,9.62E-07,1.73E-06,2.16E-07,0,3.09E-03,0,0,0,0,0
7861,6.59E-02,0,7861,Not eroded,0,0,0,0,0,0,0,0.00E+00,0.00E+00,0,0,1,0.00E+00,1,1,1,1,1
7863,1.69E-01,4,7863,Not eroded,0,0,0,0,0,0,5.40E-07,-7.07E-07,8.89E-07,1.26E-06,3.14E-07,0,2.25E-03,1,1,0,0,0
7864,3.00E-01,0,7864,Not eroded,0,1,1,1,1,1,0,0.00E+00,0.00E+00,0,0,1,0.00E+00,1,1,1,1,1
7865,7.78E-02,5,7865,Not eroded,0,0,0,0,0,0,6.31E-08,-1.05E-07,7.90E-08,1.46E-07,2.92E-08,0,2.61E-04,0,1,0,0,0
7866,2.75E-01,0,7866,Not eroded,0,1,1,1,1,1,0,0.00E+00,0.00E+00,0,0,1,0.00E+00,1,1,1,1,1
7869,1.18E-01,3,7869,Not eroded,0,0,0,0,0,0,-6.71E-07,3.63E-06,1.16E-06,3.87E-06,1.29E-06,1,6.92E-03,1,1,0,0,0
7870,2.22E-01,2,7870,Not eroded,0,1,1,0,0,0,-1.41E-07,-2.30E-07,9.13E-07,9.52E-07,4.76E-07,1,1.70E-03,1,1,1,0,0
7871,2.72E-01,0,7871,ERODED,1,1,1,1,1,1,0,0.00E+00,0.00E+00,0,0,1,0.00E+00,1,1,1,1,1
7872,2.62E-01,4,7872,Not eroded,0,1,1,1,1,1,1.76E-06,2.78E-06,1.07E-05,1.12E-05,2.81E-06,0,2.00E-02,1,1,0,0,0
7873,1.33E-01,4,7873,Not eroded,0,0,0,0,0,0,6.57E-07,-2.12E-07,3.57E-07,7.78E-07,1.94E-07,0,1.39E-03,1,1,0,0,0
7874,6.52E-02,4,7874,Not eroded,0,0,0,0,0,0,1.26E-06,-2.06E-07,9.93E-07,1.62E-06,4.04E-07,0,2.90E-03,1,1,0,0,0
7876,3.04E-01,0,7876,ERODED,1,1,1,1,1,1,0,0.00E+00,0.00E+00,0,0,1,0.00E+00,1,1,1,1,1
7878,2.70E-01,0,7878,Not eroded,0,1,1,1,1,1,0,0.00E+00,0.00E+00,0,0,1,0.00E+00,1,1,1,1,1
7879,1.83E-01,5,7879,Not eroded,0,0,0,0,0,0,4.23E-07,-1.19E-07,3.53E-07,5.64E-07,1.13E-07,0,1.01E-03,0,1,0,0,0
7880,1.68E-01,0,7880,Not eroded,0,0,0,0,0,0,0,0.00E+00,0.00E+00,0,0,1,0.00E+00,1,1,1,1,1
7881,1.99E-01,7,7881,Not eroded,0,1,0,0,0,0,-3.51E-07,-2.63E-07,3.94E-07,5.89E-07,8.42E-08,0,1.05E-03,0,0,0,0,0
7882,5.76E-02,0,7882,Not eroded,0,0,0,0,0,0,0,0.00E+00,0.00E+00,0,0,1,0.00E+00,1,1,1,1,1
7883,6.55E-02,5,7883,Not eroded,0,0,0,0,0,0,6.42E-07,-4.07E-07,-2.41E-07,7.97E-07,1.59E-07,0,1.43E-03,0,1,0,0,0
7884,8.12E-02,7,7884,Not eroded,0,0,0,0,0,0,9.63E-08,-1.71E-08,1.42E-07,1.72E-07,2.46E-08,0,3.08E-04,0,0,0,0,0
7885,1.81E-01,0,7885,Not eroded,0,0,0,0,0,0,0,0.00E+00,0.00E+00,0,0,1,0.00E+00,1,1,1,1,1
7886,1.07E-01,3,7886,Not eroded,0,0,0,0,0,0,5.41E-08,5.56E-08,-2.37E-07,2.49E-07,8.30E-08,1,4.45E-04,1,1,0,0,0
7887,2.98E-01,0,7887,ERODED,1,1,1,1,1,1,0,0.00E+00,0.00E+00,0,0,1,0.00E+00,1,1,1,1,1
7888,2.58E-01,0,7888,Not eroded,0,1,1,1,1,1,0,0.00E+00,0.00E+00,0,0,1,0.00E+00,1,1,1,1,1
7889,1.04E-01,6,7889,Not eroded,0,0,0,0,0,0,-3.64E-07,-9.20E-07,8.16E-07,1.28E-06,2.14E-07,0,2.29E-03,0,0,0,0,0
7890,2.47E-01,5,7890,Not eroded,0,1,1,1,1,0,-3.49E-08,1.71E-07,-4.01E-08,1.79E-07,3.58E-08,0,3.20E-04,0,1,0,0,0
7891,1.62E-01,4,7891,Not eroded,0,0,0,0,0,0,3.60E-07,-1.09E-06,1.36E-07,1.15E-06,2.88E-07,0,2.06E-03,1,1,0,0,0
7892,2.21E-01,0,7892,Not eroded,0,1,1,0,0,0,0,0.00E+00,0.00E+00,0,0,1,0.00E+00,1,1,1,1,1
7893,2.05E-01,0,7893,Not eroded,0,1,0,0,0,0,0,0.00E+00,0.00E+00,0,0,1,0.00E+00,1,1,1,1,1
7894,9.33E-02,0,7894,Not eroded,0,0,0,0,0,0,0,0.00E+00,0.00E+00,0,0,1,0.00E+00,1,1,1,1,1
7895,1.02E-01,4,7895,Not eroded,0,0,0,0,0,0,-6.05E-08,2.84E-08,-1.16E-07,1.34E-07,3.35E-08,0,2.40E-04,1,1,0,0,0
7896,2.41E-01,5,7896,Not eroded,0,1,1,1,1,0,4.98E-08,2.83E-07,3.33E-07,4.40E-07,8.80E-08,0,7.87E-04,0,1,0,0,0
7897,2.15E-01,4,7897,Not eroded,0,1,0,0,0,0,4.79E-07,2.19E-06,-3.84E-07,2.27E-06,5.68E-07,0,4.06E-03,1,1,0,0,0
7898,1.63E-01,5,7898,Not eroded,0,0,0,0,0,0,6.70E-08,2.17E-07,-3.26E-08,2.29E-07,4.58E-08,0,4.10E-04,0,1,0,0,0
7899,1.33E-01,4,7899,Not eroded,0,0,0,0,0,0,1.74E-07,6.99E-08,1.24E-08,1.88E-07,4.71E-08,0,3.36E-04,1,1,0,0,0
7901,1.65E-01,6,7901,Not eroded,0,0,0,0,0,0,1.21E-08,-2.19E-07,2.38E-07,3.23E-07,5.39E-08,0,5.78E-04,0,0,0,0,0
7902,2.48E-01,0,7902,Not eroded,0,1,1,1,1,0,0,0.00E+00,0.00E+00,0,0,1,0.00E+00,1,1,1,1,1
7903,2.28E-01,6,7903,Not eroded,0,1,1,0,0,0,-2.54E-06,1.36E-06,3.90E-06,4.85E-06,8.08E-07,0,8.68E-03,0,0,0,0,0
7904,1.56E-01,0,7904,Not eroded,0,0,0,0,0,0,0,0.00E+00,0.00E+00,0,0,1,0.00E+00,1,1,1,1,1
7905,1.55E-01,4,7905,Not eroded,0,0,0,0,0,0,7.73E-08,4.48E-07,1.64E-07,4.84E-07,1.21E-07,0,8.66E-04,1,1,0,0,0
7906,2.82E-01,0,7906,Not eroded,0,1,1,1,1,1,0,0.00E+00,0.00E+00,0,0,1,0.00E+00,1,1,1,1,1
7907,2.24E-01,0,7907,Not eroded,0,1,1,0,0,0,0,0.00E+00,0.00E+00,0,0,1,0.00E+00,1,1,1,1,1
7908,1.70E-01,4,7908,Not eroded,0,0,0,0,0,0,1.02E-06,2.35E-07,5.38E-07,1.17E-06,2.93E-07,0,2.09E-03,1,1,0,0,0
7909,3.08E-01,4,7909,Not eroded,0,1,1,1,1,1,2.90E-05,4.18E-05,2.75E-05,5.79E-05,1.45E-05,0,1.04E-01,1,1,0,0,0
7911,2.03E-01,5,7911,Not eroded,0,1,0,0,0,0,-2.93E-07,2.81E-07,-5.90E-08,4.10E-07,8.20E-08,0,7.33E-04,0,1,0,0,0
7912,1.27E-01,4,7912,Not eroded,0,0,0,0,0,0,-6.78E-08,-4.86E-07,2.98E-07,5.74E-07,1.44E-07,0,1.03E-03,1,1,0,0,0
7913,8.27E-02,6,7913,Not eroded,0,0,0,0,0,0,2.07E-07,3.84E-07,1.36E-07,4.57E-07,7.62E-08,0,8.17E-04,0,0,0,0,0
7914,2.24E-01,4,7914,Not eroded,0,1,1,0,0,0,4.48E-07,-4.05E-07,7.97E-08,6.09E-07,1.52E-07,0,1.09E-03,1,1,0,0,0
7915,1.65E-01,0,7915,Not eroded,0,0,0,0,0,0,0,0.00E+00,0.00E+00,0,0,1,0.00E+00,1,1,1,1,1
7916,3.09E-01,0,7916,ERODED,1,1,1,1,1,1,0,0.00E+00,0.00E+00,0,0,1,0.00E+00,1,1,1,1,1
7917,9.53E-02,0,7917,Not eroded,0,0,0,0,0,0,0,0.00E+00,0.00E+00,0,0,1,0.00E+00,1,1,1,1,1
7918,2.68E-01,0,7918,ERODED,1,1,1,1,1,1,0,0.00E+00,0.00E+00,0,0,1,0.00E+00,1,1,1,1,1
7919,6.06E-02,4,7919,Not eroded,0,0,0,0,0,0,-1.87E-07,-3.16E-07,1.75E-07,4.06E-07,1.02E-07,0,7.26E-04,1,1,0,0,0
7920,2.10E-01,4,7920,Not eroded,0,1,0,0,0,0,1.24E-06,5.05E-07,1.61E-06,2.09E-06,5.24E-07,0,3.74E-03,1,1,0,0,0
7922,1.04E-01,6,7922,Not eroded,0,0,0,0,0,0,3.58E-07,2.14E-07,-4.18E-07,5.91E-07,9.85E-08,0,1.06E-03,0,0,0,0,0
7923,8.02E-02,4,7923,Not eroded,0,0,0,0,0,0,4.52E-07,-7.82E-07,6.60E-07,1.12E-06,2.80E-07,0,2.00E-03,1,1,0,0,0
7924,1.11E-01,4,7924,Not eroded,0,0,0,0,0,0,-4.56E-07,4.38E-07,-6.51E-07,9.08E-07,2.27E-07,0,1.62E-03,1,1,0,0,0
7925,5.66E-02,5,7925,Not eroded,0,0,0,0,0,0,5.95E-07,-2.18E-08,-1.62E-06,1.73E-06,3.45E-07,0,3.09E-03,0,1,0,0,0
7926,1.17E-01,4,7926,Not eroded,0,0,0,0,0,0,-3.02E-08,-5.40E-07,-1.74E-07,5.69E-07,1.42E-07,0,1.02E-03,1,1,0,0,0
7927,5.65E-02,5,7927,Not eroded,0,0,0,0,0,0,1.71E-07,7.09E-08,-1.33E-06,1.34E-06,2.68E-07,0,2.40E-03,0,1,0,0,0
7928,2.29E-01,0,7928,Not eroded,0,1,1,0,0,0,0,0.00E+00,0.00E+00,0,0,1,0.00E+00,1,1,1,1,1
7929,2.45E-01,6,7929,Not eroded,0,1,1,1,1,0,-5.46E-08,3.74E-07,4.51E-07,5.88E-07,9.81E-08,0,1.05E-03,0,0,0,0,0
7930,6.41E-02,4,7930,Not eroded,0,0,0,0,0,0,-6.90E-08,2.37E-07,-7.79E-08,2.59E-07,6.48E-08,0,4.63E-04,1,1,0,0,0
7931,5.65E-02,4,7931,Not eroded,0,0,0,0,0,0,3.32E-07,-2.55E-10,-1.41E-06,1.45E-06,3.63E-07,0,2.59E-03,1,1,0,0,0
7932,7.50E-02,3,7932,Not eroded,0,0,0,0,0,0,-2.20E-07,2.12E-07,-1.25E-07,3.30E-07,1.10E-07,1,5.90E-04,1,1,0,0,0
7933,8.19E-02,4,7933,Not eroded,0,0,0,0,0,0,-1.63E-07,-3.28E-07,5.53E-08,3.70E-07,9.26E-08,0,6.62E-04,1,1,0,0,0
7934,1.21E-01,3,7934,Not eroded,0,0,0,0,0,0,2.24E-07,-1.56E-07,8.12E-07,8.56E-07,2.85E-07,1,1.53E-03,1,1,0,0,0
7935,1.48E-01,4,7935,Not eroded,0,0,0,0,0,0,-2.01E-07,3.65E-07,3.33E-07,5.33E-07,1.33E-07,0,9.53E-04,1,1,0,0,0
7936,2.11E-01,3,7936,Not eroded,0,1,0,0,0,0,1.59E-06,-5.44E-06,-6.30E-07,5.70E-06,1.90E-06,1,1.02E-02,1,1,0,0,0
7937,1.33E-01,5,7937,Not eroded,0,0,0,0,0,0,6.74E-08,-2.43E-08,-5.63E-09,7.19E-08,1.44E-08,0,1.29E-04,0,1,0,0,0
7939,2.31E-01,4,7939,Not eroded,0,1,1,1,0,0,4.22E-08,6.09E-07,2.36E-07,6.55E-07,1.64E-07,0,1.17E-03,1,1,0,0,0
7940,2.28E-01,6,7940,Not eroded,0,1,1,0,0,0,8.98E-08,2.48E-07,3.70E-07,4.54E-07,7.57E-08,0,8.12E-04,0,0,0,0,0
7941,2.96E-01,5,7941,Not eroded,0,1,1,1,1,1,2.70E-06,1.15E-06,-7.33E-07,3.03E-06,6.05E-07,0,5.42E-03,0,1,0,0,0
7942,1.99E-01,3,7942,Not eroded,0,1,0,0,0,0,4.03E-07,2.63E-07,2.51E-07,5.43E-07,1.81E-07,1,9.71E-04,1,1,0,0,0
7943,2.13E-01,0,7943,Not eroded,0,1,0,0,0,0,0,0.00E+00,0.00E+00,0,0,1,0.00E+00,1,1,1,1,1
7944,2.40E-01,4,7944,Not eroded,0,1,1,1,0,0,2.97E-07,1.27E-07,7.10E-07,7.80E-07,1.95E-07,0,1.40E-03,1,1,0,0,0
7945,1.78E-01,0,7945,Not eroded,0,0,0,0,0,0,0,0.00E+00,0.00E+00,0,0,1,0.00E+00,1,1,1,1,1
7946,1.51E-01,0,7946,Not eroded,0,0,0,0,0,0,0,0.00E+00,0.00E+00,0,0,1,0.00E+00,1,1,1,1,1
7947,1.28E-01,5,7947,Not eroded,0,0,0,0,0,0,3.63E-07,3.52E-07,-8.20E-07,9.63E-07,1.93E-07,0,1.72E-03,0,1,0,0,0
7948,2.50E-01,0,7948,Not eroded,0,1,1,1,1,0,0,0.00E+00,0.00E+00,0,0,1,0.00E+00,1,1,1,1,1
7949,1.12E-01,6,7949,Not eroded,0,0,0,0,0,0,2.58E-07,3.63E-07,-1.63E-09,4.45E-07,7.42E-08,0,7.96E-04,0,0,0,0,0
7951,1.90E-01,4,7951,Not eroded,0,0,0,0,0,0,3.62E-07,3.91E-08,-5.15E-07,6.31E-07,1.58E-07,0,1.13E-03,1,1,0,0,0
7952,5.65E-02,4,7952,Not eroded,0,0,0,0,0,0,-1.94E-08,-5.33E-08,-1.03E-06,1.03E-06,2.57E-07,0,1.84E-03,1,1,0,0,0
7953,2.97E-01,0,7953,Not eroded,0,1,1,1,1,1,0,0.00E+00,0.00E+00,0,0,1,0.00E+00,1,1,1,1,1
7954,8.00E-02,5,7954,Not eroded,0,0,0,0,0,0,-3.52E-08,1.59E-07,3.96E-07,4.29E-07,8.57E-08,0,7.67E-04,0,1,0,0,0
7955,2.21E-01,5,7955,Not eroded,0,1,1,0,0,0,-1.01E-07,-6.12E-09,8.82E-08,1.34E-07,2.68E-08,0,2.40E-04,0,1,0,0,0
7956,1.11E-01,0,7956,Not eroded,0,0,0,0,0,0,0,0.00E+00,0.00E+00,0,0,1,0.00E+00,1,1,1,1,1
7957,7.46E-02,0,7957,Not eroded,0,0,0,0,0,0,0,0.00E+00,0.00E+00,0,0,1,0.00E+00,1,1,1,1,1
7958,2.93E-01,0,7958,Not eroded,0,1,1,1,1,1,0,0.00E+00,0.00E+00,0,0,1,0.00E+00,1,1,1,1,1
7959,1.87E-01,0,7959,Not eroded,0,0,0,0,0,0,0,0.00E+00,0.00E+00,0,0,1,0.00E+00,1,1,1,1,1
7960,8.89E-02,3,7960,Not eroded,0,0,0,0,0,0,-8.92E-08,-7.51E-08,1.18E-07,1.66E-07,5.53E-08,1,2.97E-04,1,1,0,0,0
7961,2.51E-01,0,7961,Not eroded,0,1,1,1,1,1,0,0.00E+00,0.00E+00,0,0,1,0.00E+00,1,1,1,1,1
7963,2.07E-01,3,7963,Not eroded,0,1,0,0,0,0,7.89E-08,2.50E-07,4.49E-07,5.20E-07,1.73E-07,1,9.30E-04,1,1,0,0,0
7964,2.39E-01,4,7964,Not eroded,0,1,1,1,0,0,2.89E-06,-1.22E-06,-3.87E-06,4.98E-06,1.24E-06,0,8.91E-03,1,1,0,0,0
7965,2.59E-01,0,7965,ERODED,1,1,1,1,1,1,0,0.00E+00,0.00E+00,0,0,1,0.00E+00,1,1,1,1,1
7966,1.19E-01,6,7966,Not eroded,0,0,0,0,0,0,1.60E-07,-1.02E-08,1.09E-07,1.94E-07,3.23E-08,0,3.47E-04,0,0,0,0,0
7969,9.07E-02,4,7969,Not eroded,0,0,0,0,0,0,1.10E-07,2.74E-07,4.99E-07,5.80E-07,1.45E-07,0,1.04E-03,1,1,0,0,0
7970,2.72E-01,0,7970,Not eroded,0,1,1,1,1,1,0,0.00E+00,0.00E+00,0,0,1,0.00E+00,1,1,1,1,1
7971,2.63E-01,0,7971,Not eroded,0,1,1,1,1,1,0,0.00E+00,0.00E+00,0,0,1,0.00E+00,1,1,1,1,1
7972,1.34E-01,6,7972,Not eroded,0,0,0,0,0,0,9.20E-08,2.23E-06,2.08E-06,3.05E-06,5.09E-07,0,5.46E-03,0,0,0,0,0
7973,2.57E-01,3,7973,Not eroded,0,1,1,1,1,1,-4.15E-07,-9.15E-07,4.56E-07,1.10E-06,3.68E-07,1,1.97E-03,1,1,0,0,0
7974,2.75E-01,5,7974,Not eroded,0,1,1,1,1,1,1.24E-07,3.77E-07,-1.69E-08,3.97E-07,7.94E-08,0,7.10E-04,0,1,0,0,0
7978,5.90E-02,2,7978,Not eroded,0,0,0,0,0,0,-2.70E-07,1.02E-07,2.89E-07,4.09E-07,2.04E-07,1,7.32E-04,1,1,1,0,0
7979,2.96E-01,0,7979,Not eroded,0,1,1,1,1,1,0,0.00E+00,0.00E+00,0,0,1,0.00E+00,1,1,1,1,1
7980,6.42E-02,6,7980,Not eroded,0,0,0,0,0,0,-9.70E-08,4.14E-08,-2.42E-07,2.64E-07,4.40E-08,0,4.72E-04,0,0,0,0,0
7981,1.52E-01,5,7981,Not eroded,0,0,0,0,0,0,2.27E-07,-8.25E-07,1.30E-08,8.55E-07,1.71E-07,0,1.53E-03,0,1,0,0,0
7982,1.45E-01,0,7982,Not eroded,0,0,0,0,0,0,0,0.00E+00,0.00E+00,0,0,1,0.00E+00,1,1,1,1,1
7983,2.20E-01,4,7983,Not eroded,0,1,0,0,0,0,1.68E-06,-6.66E-07,2.35E-06,2.96E-06,7.41E-07,0,5.29E-03,1,1,0,0,0
7984,1.82E-01,0,7984,Not eroded,0,0,0,0,0,0,0,0.00E+00,0.00E+00,0,0,1,0.00E+00,1,1,1,1,1
7985,2.32E-01,0,7985,Not eroded,0,1,1,1,0,0,0,0.00E+00,0.00E+00,0,0,1,0.00E+00,1,1,1,1,1
7986,2.72E-01,6,7986,Not eroded,0,1,1,1,1,1,1.70E-07,4.51E-07,-3.85E-07,6.17E-07,1.03E-07,0,1.10E-03,0,0,0,0,0
7988,3.30E-01,0,7988,ERODED,1,1,1,1,1,1,0,0.00E+00,0.00E+00,0,0,1,0.00E+00,1,1,1,1,1
7989,1.45E-01,3,7989,Not eroded,0,0,0,0,0,0,6.62E-06,-4.99E-06,-3.03E-06,8.82E-06,2.94E-06,1,1.58E-02,1,1,0,0,0
7990,1.25E-01,5,7990,Not eroded,0,0,0,0,0,0,2.04E-08,2.32E-07,1.75E-07,2.91E-07,5.82E-08,0,5.21E-04,0,1,0,0,0
7991,2.35E-01,2,7991,Not eroded,0,1,1,1,0,0,4.24E-08,2.88E-07,2.07E-06,2.09E-06,1.05E-06,1,3.74E-03,1,1,1,0,0
7993,1.55E-01,5,7993,Not eroded,0,0,0,0,0,0,5.38E-07,-1.01E-07,5.38E-08,5.50E-07,1.10E-07,0,9.84E-04,0,1,0,0,0
7994,1.18E-01,4,7994,Not eroded,0,0,0,0,0,0,-1.31E-06,8.27E-07,2.22E-07,1.56E-06,3.91E-07,0,2.79E-03,1,1,0,0,0
7995,1.54E-01,6,7995,Not eroded,0,0,0,0,0,0,6.47E-07,-8.94E-08,-2.04E-07,6.85E-07,1.14E-07,0,1.23E-03,0,0,0,0,0
7996,1.78E-01,0,7996,Not eroded,0,0,0,0,0,0,0,0.00E+00,0.00E+00,0,0,1,0.00E+00,1,1,1,1,1
7997,2.57E-01,4,7997,Not eroded,0,1,1,1,1,1,-4.39E-08,2.71E-07,1.60E-08,2.75E-07,6.87E-08,0,4.92E-04,1,1,0,0,0
7998,2.44E-01,4,7998,Not eroded,0,1,1,1,1,0,3.19E-07,4.43E-07,-2.81E-07,6.14E-07,1.54E-07,0,1.10E-03,1,1,0,0,0
7999,2.01E-01,4,7999,Not eroded,0,1,0,0,0,0,-3.15E-07,-3.09E-07,-7.67E-08,4.48E-07,1.12E-07,0,8.01E-04,1,1,0,0,0
8000,2.84E-01,5,8000,Not eroded,0,1,1,1,1,1,2.26E-07,-8.84E-07,1.57E-08,9.12E-07,1.82E-07,0,1.63E-03,0,1,0,0,0
8001,1.44E-01,0,8001,Not eroded,0,0,0,0,0,0,0,0.00E+00,0.00E+00,0,0,1,0.00E+00,1,1,1,1,1
8002,6.49E-02,5,8002,Not eroded,0,0,0,0,0,0,6.75E-08,-6.24E-09,-3.58E-08,7.66E-08,1.53E-08,0,1.37E-04,0,1,0,0,0
8003,2.09E-01,3,8003,Not eroded,0,1,0,0,0,0,1.68E-06,-2.12E-06,-1.91E-06,3.31E-06,1.10E-06,1,5.92E-03,1,1,0,0,0
8004,9.78E-02,0,8004,Not eroded,0,0,0,0,0,0,0,0.00E+00,0.00E+00,0,0,1,0.00E+00,1,1,1,1,1
8005,1.37E-01,5,8005,Not eroded,0,0,0,0,0,0,3.86E-07,8.98E-08,6.47E-08,4.02E-07,8.03E-08,0,7.19E-04,0,1,0,0,0
8006,1.79E-01,7,8006,Not eroded,0,0,0,0,0,0,-5.66E-07,2.40E-07,-6.46E-08,6.18E-07,8.83E-08,0,1.11E-03,0,0,0,0,0
8007,6.81E-02,0,8007,Not eroded,0,0,0,0,0,0,0,0.00E+00,0.00E+00,0,0,1,0.00E+00,1,1,1,1,1
8008,1.55E-01,4,8008,Not eroded,0,0,0,0,0,0,1.48E-07,2.51E-07,-5.78E-09,2.91E-07,7.27E-08,0,5.21E-04,1,1,0,0,0
8009,3.24E-01,0,8009,ERODED,1,1,1,1,1,1,0,0.00E+00,0.00E+00,0,0,1,0.00E+00,1,1,1,1,1
8010,1.32E-01,3,8010,Not eroded,0,0,0,0,0,0,1.74E-07,4.08E-07,-2.96E-08,4.45E-07,1.48E-07,1,7.96E-04,1,1,0,0,0
8011,2.07E-01,4,8011,Not eroded,0,1,0,0,0,0,-8.96E-08,-6.59E-07,6.16E-08,6.68E-07,1.67E-07,0,1.19E-03,1,1,0,0,0
8012,9.45E-02,0,8012,Not eroded,0,0,0,0,0,0,0,0.00E+00,0.00E+00,0,0,1,0.00E+00,1,1,1,1,1
8013,1.24E-01,5,8013,Not eroded,0,0,0,0,0,0,2.97E-08,6.97E-08,7.04E-08,1.03E-07,2.07E-08,0,1.84E-04,0,1,0,0,0
8014,2.82E-01,0,8014,ERODED,1,1,1,1,1,1,0,0.00E+00,0.00E+00,0,0,1,0.00E+00,1,1,1,1,1
8016,2.30E-01,4,8016,Not eroded,0,1,1,0,0,0,5.52E-06,2.75E-06,2.50E-06,6.65E-06,1.66E-06,0,1.19E-02,1,1,0,0,0
8017,2.78E-01,0,8017,ERODED,1,1,1,1,1,1,0,0.00E+00,0.00E+00,0,0,1,0.00E+00,1,1,1,1,1
8018,2.58E-01,0,8018,Not eroded,0,1,1,1,1,1,0,0.00E+00,0.00E+00,0,0,1,0.00E+00,1,1,1,1,1
8021,2.07E-01,5,8021,Not eroded,0,1,0,0,0,0,-2.17E-08,1.44E-06,3.89E-07,1.49E-06,2.98E-07,0,2.67E-03,0,1,0,0,0
8023,1.52E-01,4,8023,Not eroded,0,0,0,0,0,0,3.68E-07,-3.64E-06,2.94E-06,4.70E-06,1.17E-06,0,8.41E-03,1,1,0,0,0
8024,3.17E-01,3,8024,ERODED,1,1,1,1,1,1,3.34E-05,4.09E-05,4.07E-06,5.30E-05,1.77E-05,1,9.48E-02,1,1,0,0,0
8025,1.94E-01,4,8025,Not eroded,0,1,0,0,0,0,-9.72E-07,3.44E-06,7.84E-07,3.66E-06,9.14E-07,0,6.55E-03,1,1,0,0,0
8026,1.93E-01,3,8026,Not eroded,0,1,0,0,0,0,3.25E-07,2.33E-07,-8.34E-08,4.09E-07,1.36E-07,1,7.32E-04,1,1,0,0,0
8028,1.41E-01,7,8028,Not eroded,0,0,0,0,0,0,5.39E-07,4.90E-07,4.31E-07,8.47E-07,1.21E-07,0,1.52E-03,0,0,0,0,0
8029,1.48E-01,0,8029,Not eroded,0,0,0,0,0,0,0,0.00E+00,0.00E+00,0,0,1,0.00E+00,1,1,1,1,1
8030,3.17E-01,3,8030,Not eroded,0,1,1,1,1,1,1.95E-06,1.72E-06,-2.23E-06,3.42E-06,1.14E-06,1,6.12E-03,1,1,0,0,0
8031,1.03E-01,0,8031,Not eroded,0,0,0,0,0,0,0,0.00E+00,0.00E+00,0,0,1,0.00E+00,1,1,1,1,1
8032,1.46E-01,0,8032,Not eroded,0,0,0,0,0,0,0,0.00E+00,0.00E+00,0,0,1,0.00E+00,1,1,1,1,1
8033,2.91E-01,2,8033,Not eroded,0,1,1,1,1,1,1.95E-06,2.13E-05,3.67E-06,2.17E-05,1.09E-05,1,3.88E-02,1,1,1,0,0
8034,1.62E-01,0,8034,Not eroded,0,0,0,0,0,0,0,0.00E+00,0.00E+00,0,0,1,0.00E+00,1,1,1,1,1
8035,6.60E-02,5,8035,Not eroded,0,0,0,0,0,0,-1.12E-07,8.72E-08,7.41E-07,7.54E-07,1.51E-07,0,1.35E-03,0,1,0,0,0
8036,8.54E-02,2,8036,Not eroded,0,0,0,0,0,0,1.30E-07,1.10E-07,1.26E-07,2.12E-07,1.06E-07,1,3.79E-04,1,1,1,0,0
8038,8.90E-02,7,8038,Not eroded,0,0,0,0,0,0,3.66E-07,-6.52E-08,1.43E-07,3.98E-07,5.69E-08,0,7.12E-04,0,0,0,0,0
8039,7.31E-02,4,8039,Not eroded,0,0,0,0,0,0,6.60E-07,2.60E-07,3.61E-07,7.97E-07,1.99E-07,0,1.43E-03,1,1,0,0,0
8040,2.47E-01,3,8040,Not eroded,0,1,1,1,1,0,-5.73E-07,-1.69E-06,-2.90E-06,3.40E-06,1.13E-06,1,6.08E-03,1,1,0,0,0
8041,5.64E-02,2,8041,Not eroded,0,0,0,0,0,0,-1.25E-07,-1.18E-07,-1.36E-06,1.37E-06,6.84E-07,1,2.45E-03,1,1,1,0,0
8042,6.95E-02,4,8042,Not eroded,0,0,0,0,0,0,-1.40E-08,1.43E-07,-1.85E-08,1.45E-07,3.62E-08,0,2.59E-04,1,1,0,0,0
8043,1.10E-01,0,8043,Not eroded,0,0,0,0,0,0,0,0.00E+00,0.00E+00,0,0,1,0.00E+00,1,1,1,1,1
8044,2.63E-01,0,8044,ERODED,1,1,1,1,1,1,0,0.00E+00,0.00E+00,0,0,1,0.00E+00,1,1,1,1,1
8045,1.57E-01,4,8045,Not eroded,0,0,0,0,0,0,2.12E-06,2.86E-06,5.54E-06,6.59E-06,1.65E-06,0,1.18E-02,1,1,0,0,0
8046,1.18E-01,5,8046,Not eroded,0,0,0,0,0,0,-1.19E-10,-9.11E-08,-2.58E-08,9.47E-08,1.89E-08,0,1.69E-04,0,1,0,0,0
8047,8.55E-02,3,8047,Not eroded,0,0,0,0,0,0,6.12E-08,2.72E-07,2.52E-07,3.76E-07,1.25E-07,1,6.73E-04,1,1,0,0,0
8048,1.31E-01,5,8048,Not eroded,0,0,0,0,0,0,2.46E-07,7.85E-08,5.36E-07,5.95E-07,1.19E-07,0,1.06E-03,0,1,0,0,0
8049,1.83E-01,0,8049,Not eroded,0,0,0,0,0,0,0,0.00E+00,0.00E+00,0,0,1,0.00E+00,1,1,1,1,1
8050,1.60E-01,4,8050,Not eroded,0,0,0,0,0,0,4.08E-07,1.26E-07,2.09E-07,4.76E-07,1.19E-07,0,8.51E-04,1,1,0,0,0
8051,1.35E-01,3,8051,Not eroded,0,0,0,0,0,0,1.61E-07,-1.54E-06,3.37E-07,1.59E-06,5.29E-07,1,2.84E-03,1,1,0,0,0
8052,2.93E-01,3,8052,Not eroded,0,1,1,1,1,1,4.05E-07,5.90E-07,-4.66E-08,7.17E-07,2.39E-07,1,1.28E-03,1,1,0,0,0
8053,2.62E-01,4,8053,Not eroded,0,1,1,1,1,1,-1.68E-07,4.74E-07,1.13E-06,1.23E-06,3.08E-07,0,2.20E-03,1,1,0,0,0
8054,1.05E-01,3,8054,Not eroded,0,0,0,0,0,0,1.05E-06,6.11E-07,1.96E-07,1.23E-06,4.10E-07,1,2.20E-03,1,1,0,0,0
8055,1.08E-01,5,8055,Not eroded,0,0,0,0,0,0,2.77E-07,-6.66E-07,-3.89E-07,8.20E-07,1.64E-07,0,1.47E-03,0,1,0,0,0
8056,5.72E-02,0,8056,Not eroded,0,0,0,0,0,0,0,0.00E+00,0.00E+00,0,0,1,0.00E+00,1,1,1,1,1
8057,1.49E-01,6,8057,Not eroded,0,0,0,0,0,0,6.66E-07,4.80E-07,1.52E-07,8.35E-07,1.39E-07,0,1.49E-03,0,0,0,0,0
8058,1.69E-01,0,8058,Not eroded,0,0,0,0,0,0,0,0.00E+00,0.00E+00,0,0,1,0.00E+00,1,1,1,1,1
8059,2.41E-01,3,8059,Not eroded,0,1,1,1,1,0,2.36E-07,-8.39E-07,1.43E-07,8.83E-07,2.94E-07,1,1.58E-03,1,1,0,0,0
8060,8.99E-02,4,8060,Not eroded,0,0,0,0,0,0,-1.40E-08,2.89E-07,-9.79E-08,3.05E-07,7.64E-08,0,5.46E-04,1,1,0,0,0
8061,1.44E-01,4,8061,Not eroded,0,0,0,0,0,0,-4.48E-08,-3.56E-08,7.81E-07,7.83E-07,1.96E-07,0,1.40E-03,1,1,0,0,0
8062,2.37E-01,3,8062,Not eroded,0,1,1,1,0,0,1.86E-07,-9.22E-07,1.24E-07,9.49E-07,3.16E-07,1,1.70E-03,1,1,0,0,0
8063,1.40E-01,3,8063,Not eroded,0,0,0,0,0,0,9.04E-07,2.05E-07,1.33E-07,9.36E-07,3.12E-07,1,1.67E-03,1,1,0,0,0
8064,1.35E-01,5,8064,Not eroded,0,0,0,0,0,0,1.08E-06,2.63E-06,4.66E-07,2.88E-06,5.77E-07,0,5.15E-03,0,1,0,0,0
8065,2.58E-01,0,8065,Not eroded,0,1,1,1,1,1,0,0.00E+00,0.00E+00,0,0,1,0.00E+00,1,1,1,1,1
8066,2.07E-01,5,8066,Not eroded,0,1,0,0,0,0,6.23E-08,3.49E-07,1.39E-07,3.81E-07,7.61E-08,0,6.81E-04,0,1,0,0,0
8067,5.65E-02,3,8067,Not eroded,0,0,0,0,0,0,8.30E-08,-4.22E-07,-1.23E-06,1.30E-06,4.33E-07,1,2.33E-03,1,1,0,0,0
8068,1.68E-01,4,8068,Not eroded,0,0,0,0,0,0,2.29E-07,8.96E-07,-1.55E-06,1.80E-06,4.51E-07,0,3.22E-03,1,1,0,0,0
8069,1.20E-01,3,8069,Not eroded,0,0,0,0,0,0,4.42E-07,2.47E-07,4.58E-08,5.08E-07,1.69E-07,1,9.09E-04,1,1,0,0,0
8070,2.22E-01,4,8070,Not eroded,0,1,1,0,0,0,-1.63E-07,-5.61E-07,1.29E-07,5.98E-07,1.50E-07,0,1.07E-03,1,1,0,0,0
8072,1.22E-01,6,8072,Not eroded,0,0,0,0,0,0,-1.04E-06,-1.14E-06,3.45E-06,3.78E-06,6.30E-07,0,6.76E-03,0,0,0,0,0
8074,6.90E-02,0,8074,Not eroded,0,0,0,0,0,0,0,0.00E+00,0.00E+00,0,0,1,0.00E+00,1,1,1,1,1
8075,1.31E-01,3,8075,Not eroded,0,0,0,0,0,0,2.03E-06,-2.45E-06,5.55E-07,3.23E-06,1.08E-06,1,5.78E-03,1,1,0,0,0
8076,1.44E-01,5,8076,Not eroded,0,0,0,0,0,0,-3.31E-08,1.10E-07,-1.12E-07,1.61E-07,3.21E-08,0,2.88E-04,0,1,0,0,0
8077,2.72E-01,5,8077,Not eroded,0,1,1,1,1,1,-3.10E-06,-2.58E-06,-7.24E-07,4.10E-06,8.20E-07,0,7.33E-03,0,1,0,0,0
8078,2.62E-01,4,8078,Not eroded,0,1,1,1,1,1,4.03E-07,1.80E-06,-3.66E-07,1.88E-06,4.69E-07,0,3.36E-03,1,1,0,0,0
8079,1.81E-01,0,8079,Not eroded,0,0,0,0,0,0,0,0.00E+00,0.00E+00,0,0,1,0.00E+00,1,1,1,1,1
8080,3.13E-01,0,8080,ERODED,1,1,1,1,1,1,0,0.00E+00,0.00E+00,0,0,1,0.00E+00,1,1,1,1,1
8081,1.64E-01,4,8081,Not eroded,0,0,0,0,0,0,-5.67E-08,-7.72E-08,5.07E-07,5.16E-07,1.29E-07,0,9.23E-04,1,1,0,0,0
8084,1.03E-01,3,8084,Not eroded,0,0,0,0,0,0,5.99E-08,6.73E-08,-1.51E-08,9.14E-08,3.05E-08,1,1.63E-04,1,1,0,0,0
8085,5.67E-02,4,8085,Not eroded,0,0,0,0,0,0,4.64E-08,6.13E-08,-2.34E-07,2.46E-07,6.16E-08,0,4.40E-04,1,1,0,0,0
8086,8.67E-02,5,8086,Not eroded,0,0,0,0,0,0,-2.38E-07,-3.53E-07,3.19E-07,5.32E-07,1.06E-07,0,9.52E-04,0,1,0,0,0
8087,1.12E-01,0,8087,Not eroded,0,0,0,0,0,0,0,0.00E+00,0.00E+00,0,0,1,0.00E+00,1,1,1,1,1
8088,1.65E-01,0,8088,Not eroded,0,0,0,0,0,0,0,0.00E+00,0.00E+00,0,0,1,0.00E+00,1,1,1,1,1
8089,1.48E-01,2,8089,Not eroded,0,0,0,0,0,0,3.71E-07,-2.70E-07,-9.51E-08,4.69E-07,2.35E-07,1,8.39E-04,1,1,1,0,0
8090,1.71E-01,3,8090,Not eroded,0,0,0,0,0,0,-2.90E-07,-9.99E-09,-6.57E-08,2.98E-07,9.93E-08,1,5.33E-04,1,1,0,0,0
8091,3.25E-01,0,8091,ERODED,1,1,1,1,1,1,0,0.00E+00,0.00E+00,0,0,1,0.00E+00,1,1,1,1,1
8092,2.97E-01,4,8092,Not eroded,0,1,1,1,1,1,-7.14E-08,3.42E-07,-3.10E-07,4.67E-07,1.17E-07,0,8.35E-04,1,1,0,0,0
8093,9.49E-02,4,8093,Not eroded,0,0,0,0,0,0,-4.65E-08,-1.56E-07,7.22E-07,7.40E-07,1.85E-07,0,1.32E-03,1,1,0,0,0
8094,1.65E-01,3,8094,Not eroded,0,0,0,0,0,0,2.45E-07,1.54E-07,3.44E-08,2.91E-07,9.71E-08,1,5.21E-04,1,1,0,0,0
8095,1.92E-01,3,8095,Not eroded,0,1,0,0,0,0,-6.67E-08,-8.32E-08,-1.34E-07,1.71E-07,5.71E-08,1,3.06E-04,1,1,0,0,0
8096,1.31E-01,0,8096,Not eroded,0,0,0,0,0,0,0,0.00E+00,0.00E+00,0,0,1,0.00E+00,1,1,1,1,1
8097,2.31E-01,3,8097,Not eroded,0,1,1,1,0,0,-1.36E-07,-1.17E-07,2.44E-07,3.03E-07,1.01E-07,1,5.42E-04,1,1,0,0,0
8098,1.29E-01,2,8098,Not eroded,0,0,0,0,0,0,-4.70E-07,-6.53E-07,9.60E-07,1.25E-06,6.26E-07,1,2.24E-03,1,1,1,0,0
8099,1.08E-01,3,8099,Not eroded,0,0,0,0,0,0,-1.96E-07,-7.91E-08,5.22E-08,2.18E-07,7.27E-08,1,3.90E-04,1,1,0,0,0
8100,2.91E-01,4,8100,Not eroded,0,1,1,1,1,1,7.53E-08,-9.00E-08,-5.45E-08,1.29E-07,3.23E-08,0,2.31E-04,1,1,0,0,0
8101,7.50E-02,4,8101,Not eroded,0,0,0,0,0,0,-1.03E-07,1.72E-08,2.88E-08,1.08E-07,2.71E-08,0,1.93E-04,1,1,0,0,0
8102,2.65E-01,5,8102,Not eroded,0,1,1,1,1,1,-1.26E-07,2.76E-07,4.65E-08,3.07E-07,6.13E-08,0,5.49E-04,0,1,0,0,0
8103,5.66E-02,4,8103,Not eroded,0,0,0,0,0,0,-1.39E-07,7.44E-08,-1.20E-06,1.21E-06,3.03E-07,0,2.16E-03,1,1,0,0,0
8104,9.24E-02,4,8104,Not eroded,0,0,0,0,0,0,5.48E-07,1.28E-06,-2.84E-08,1.39E-06,3.48E-07,0,2.49E-03,1,1,0,0,0
8105,1.45E-01,4,8105,Not eroded,0,0,0,0,0,0,2.82E-07,-6.32E-07,3.98E-07,7.98E-07,2.00E-07,0,1.43E-03,1,1,0,0,0
8106,1.00E-01,4,8106,Not eroded,0,0,0,0,0,0,-1.83E-08,-1.29E-07,2.99E-08,1.34E-07,3.35E-08,0,2.40E-04,1,1,0,0,0
8107,2.05E-01,6,8107,Not eroded,0,1,0,0,0,0,3.59E-07,2.67E-07,-9.08E-09,4.47E-07,7.45E-08,0,8.00E-04,0,0,0,0,0
8109,8.95E-02,3,8109,Not eroded,0,0,0,0,0,0,-1.53E-07,2.43E-07,2.33E-07,3.69E-07,1.23E-07,1,6.60E-04,1,1,0,0,0
8110,2.87E-01,5,8110,Not eroded,0,1,1,1,1,1,7.27E-06,6.13E-07,-2.06E-06,7.58E-06,1.52E-06,0,1.36E-02,0,1,0,0,0
8111,5.66E-02,3,8111,Not eroded,0,0,0,0,0,0,5.20E-08,-3.90E-07,-1.19E-06,1.25E-06,4.17E-07,1,2.24E-03,1,1,0,0,0
8112,2.78E-01,0,8112,Not eroded,0,1,1,1,1,1,0,0.00E+00,0.00E+00,0,0,1,0.00E+00,1,1,1,1,1
8113,1.15E-01,6,8113,Not eroded,0,0,0,0,0,0,3.10E-07,3.08E-07,1.22E-07,4.54E-07,7.56E-08,0,8.12E-04,0,0,0,0,0
8114,9.64E-02,5,8114,Not eroded,0,0,0,0,0,0,-6.62E-08,5.36E-08,-3.07E-08,9.06E-08,1.81E-08,0,1.62E-04,0,1,0,0,0
8115,2.53E-01,4,8115,Not eroded,0,1,1,1,1,1,3.32E-07,2.37E-07,-7.90E-08,4.16E-07,1.04E-07,0,7.44E-04,1,1,0,0,0
8116,1.84E-01,0,8116,Not eroded,0,0,0,0,0,0,0,0.00E+00,0.00E+00,0,0,1,0.00E+00,1,1,1,1,1
8117,3.22E-01,0,8117,ERODED,1,1,1,1,1,1,0,0.00E+00,0.00E+00,0,0,1,0.00E+00,1,1,1,1,1
8118,1.46E-01,3,8118,Not eroded,0,0,0,0,0,0,-4.01E-08,3.89E-08,1.95E-07,2.03E-07,6.77E-08,1,3.63E-04,1,1,0,0,0
8119,2.76E-01,0,8119,ERODED,1,1,1,1,1,1,0,0.00E+00,0.00E+00,0,0,1,0.00E+00,1,1,1,1,1
8120,2.82E-01,4,8120,Not eroded,0,1,1,1,1,1,7.32E-07,1.19E-06,2.81E-07,1.43E-06,3.57E-07,0,2.56E-03,1,1,0,0,0
8121,2.71E-01,4,8121,Not eroded,0,1,1,1,1,1,6.17E-07,1.12E-07,1.68E-07,6.49E-07,1.62E-07,0,1.16E-03,1,1,0,0,0
8122,2.05E-01,3,8122,Not eroded,0,1,0,0,0,0,1.07E-06,-2.19E-06,2.46E-06,3.46E-06,1.15E-06,1,6.19E-03,1,1,0,0,0
8123,2.32E-01,5,8123,Not eroded,0,1,1,1,0,0,-4.21E-06,2.40E-06,6.65E-07,4.89E-06,9.78E-07,0,8.75E-03,0,1,0,0,0
8124,1.45E-01,4,8124,Not eroded,0,0,0,0,0,0,1.73E-07,1.68E-07,1.28E-07,2.73E-07,6.82E-08,0,4.88E-04,1,1,0,0,0
8125,2.23E-01,0,8125,Not eroded,0,1,1,0,0,0,0,0.00E+00,0.00E+00,0,0,1,0.00E+00,1,1,1,1,1
8126,2.52E-01,0,8126,Not eroded,0,1,1,1,1,1,0,0.00E+00,0.00E+00,0,0,1,0.00E+00,1,1,1,1,1
8127,2.57E-01,5,8127,Not eroded,0,1,1,1,1,1,-7.80E-08,9.71E-08,1.19E-07,1.72E-07,3.44E-08,0,3.08E-04,0,1,0,0,0
8128,7.95E-02,5,8128,Not eroded,0,0,0,0,0,0,-7.00E-07,-1.47E-06,-6.47E-08,1.63E-06,3.25E-07,0,2.92E-03,0,1,0,0,0
8129,1.93E-01,5,8129,Not eroded,0,1,0,0,0,0,-7.49E-07,1.72E-07,3.83E-07,8.59E-07,1.72E-07,0,1.54E-03,0,1,0,0,0
8130,1.92E-01,0,8130,Not eroded,0,1,0,0,0,0,0,0.00E+00,0.00E+00,0,0,1,0.00E+00,1,1,1,1,1
8131,9.09E-02,4,8131,Not eroded,0,0,0,0,0,0,1.74E-07,-9.48E-08,1.48E-07,2.47E-07,6.18E-08,0,4.42E-04,1,1,0,0,0
8132,8.06E-02,5,8132,Not eroded,0,0,0,0,0,0,-1.91E-07,-4.09E-07,-7.70E-08,4.58E-07,9.16E-08,0,8.19E-04,0,1,0,0,0
8133,2.40E-01,6,8133,Not eroded,0,1,1,1,0,0,1.47E-07,3.86E-08,2.11E-07,2.60E-07,4.34E-08,0,4.65E-04,0,0,0,0,0
8134,2.34E-01,4,8134,Not eroded,0,1,1,1,0,0,1.33E-07,3.08E-07,-4.35E-08,3.38E-07,8.46E-08,0,6.05E-04,1,1,0,0,0
8135,1.25E-01,0,8135,Not eroded,0,0,0,0,0,0,0,0.00E+00,0.00E+00,0,0,1,0.00E+00,1,1,1,1,1
8137,7.98E-02,4,8137,Not eroded,0,0,0,0,0,0,2.01E-07,-7.11E-07,2.06E-07,7.67E-07,1.92E-07,0,1.37E-03,1,1,0,0,0
8138,1.27E-01,3,8138,Not eroded,0,0,0,0,0,0,-2.51E-07,1.46E-07,-3.56E-09,2.90E-07,9.67E-08,1,5.19E-04,1,1,0,0,0
8139,1.77E-01,0,8139,Not eroded,0,0,0,0,0,0,0,0.00E+00,0.00E+00,0,0,1,0.00E+00,1,1,1,1,1
8140,2.27E-01,4,8140,Not eroded,0,1,1,0,0,0,-8.25E-08,1.39E-07,4.54E-08,1.68E-07,4.20E-08,0,3.01E-04,1,1,0,0,0
8141,2.46E-01,4,8141,Not eroded,0,1,1,1,1,0,-1.67E-07,-4.88E-08,5.78E-10,1.74E-07,4.36E-08,0,3.11E-04,1,1,0,0,0
8142,2.23E-01,0,8142,Not eroded,0,1,1,0,0,0,0,0.00E+00,0.00E+00,0,0,1,0.00E+00,1,1,1,1,1
8143,2.63E-01,3,8143,Not eroded,0,1,1,1,1,1,-6.77E-08,-2.89E-07,-1.27E-07,3.23E-07,1.08E-07,1,5.78E-04,1,1,0,0,0
8144,1.05E-01,4,8144,Not eroded,0,0,0,0,0,0,-1.84E-07,-1.05E-07,-6.86E-08,2.22E-07,5.56E-08,0,3.97E-04,1,1,0,0,0
8145,2.92E-01,5,8145,Not eroded,0,1,1,1,1,1,3.43E-06,-7.69E-07,-2.10E-06,4.09E-06,8.19E-07,0,7.32E-03,0,1,0,0,0
8146,2.57E-01,3,8146,Not eroded,0,1,1,1,1,1,8.72E-07,-1.54E-06,-3.90E-06,4.29E-06,1.43E-06,1,7.67E-03,1,1,0,0,0
8147,5.67E-02,0,8147,Not eroded,0,0,0,0,0,0,0,0.00E+00,0.00E+00,0,0,1,0.00E+00,1,1,1,1,1
8148,1.30E-01,4,8148,Not eroded,0,0,0,0,0,0,1.60E-07,-4.79E-08,2.89E-07,3.34E-07,8.35E-08,0,5.97E-04,1,1,0,0,0
8150,2.86E-01,0,8150,ERODED,1,1,1,1,1,1,0,0.00E+00,0.00E+00,0,0,1,0.00E+00,1,1,1,1,1
8151,2.24E-01,5,8151,Not eroded,0,1,1,0,0,0,9.61E-07,-8.26E-08,-6.15E-07,1.14E-06,2.29E-07,0,2.04E-03,0,1,0,0,0
8152,5.66E-02,4,8152,Not eroded,0,0,0,0,0,0,-3.62E-07,-9.18E-08,-1.13E-06,1.19E-06,2.96E-07,0,2.13E-03,1,1,0,0,0
8153,1.75E-01,5,8153,Not eroded,0,0,0,0,0,0,-7.15E-08,-6.58E-08,4.75E-08,1.08E-07,2.16E-08,0,1.93E-04,0,1,0,0,0
8154,1.68E-01,0,8154,Not eroded,0,0,0,0,0,0,0,0.00E+00,0.00E+00,0,0,1,0.00E+00,1,1,1,1,1
8155,3.25E-01,0,8155,ERODED,1,1,1,1,1,1,0,0.00E+00,0.00E+00,0,0,1,0.00E+00,1,1,1,1,1
8156,2.86E-01,0,8156,Not eroded,0,1,1,1,1,1,0,0.00E+00,0.00E+00,0,0,1,0.00E+00,1,1,1,1,1
8157,2.74E-01,2,8157,Not eroded,0,1,1,1,1,1,4.69E-06,-1.18E-05,-3.56E-06,1.32E-05,6.60E-06,1,2.36E-02,1,1,1,0,0
8158,3.04E-01,4,8158,Not eroded,0,1,1,1,1,1,-1.66E-07,-7.62E-07,2.65E-07,8.24E-07,2.06E-07,0,1.47E-03,1,1,0,0,0
8159,1.45E-01,7,8159,Not eroded,0,0,0,0,0,0,2.83E-08,1.83E-06,-9.92E-08,1.83E-06,2.62E-07,0,3.27E-03,0,0,0,0,0
8160,1.20E-01,5,8160,Not eroded,0,0,0,0,0,0,-2.59E-06,-4.84E-07,6.04E-06,6.59E-06,1.32E-06,0,1.18E-02,0,1,0,0,0
8162,9.26E-02,3,8162,Not eroded,0,0,0,0,0,0,-2.57E-07,-3.03E-07,2.34E-07,4.62E-07,1.54E-07,1,8.26E-04,1,1,0,0,0
8163,1.71E-01,6,8163,Not eroded,0,0,0,0,0,0,-1.42E-07,1.73E-07,4.09E-07,4.66E-07,7.77E-08,0,8.34E-04,0,0,0,0,0
8164,3.08E-01,0,8164,ERODED,1,1,1,1,1,1,0,0.00E+00,0.00E+00,0,0,1,0.00E+00,1,1,1,1,1
8165,1.93E-01,0,8165,Not eroded,0,1,0,0,0,0,0,0.00E+00,0.00E+00,0,0,1,0.00E+00,1,1,1,1,1
8166,2.39E-01,7,8166,Not eroded,0,1,1,1,0,0,-2.88E-07,5.67E-07,-5.50E-07,8.41E-07,1.20E-07,0,1.50E-03,0,0,0,0,0
8167,3.14E-01,0,8167,ERODED,1,1,1,1,1,1,0,0.00E+00,0.00E+00,0,0,1,0.00E+00,1,1,1,1,1
8168,2.64E-01,0,8168,ERODED,1,1,1,1,1,1,0,0.00E+00,0.00E+00,0,0,1,0.00E+00,1,1,1,1,1
8169,2.36E-01,0,8169,Not eroded,0,1,1,1,0,0,0,0.00E+00,0.00E+00,0,0,1,0.00E+00,1,1,1,1,1
8171,5.66E-02,0,8171,Not eroded,0,0,0,0,0,0,0,0.00E+00,0.00E+00,0,0,1,0.00E+00,1,1,1,1,1
8172,2.05E-01,4,8172,Not eroded,0,1,0,0,0,0,1.12E-07,5.14E-09,1.02E-07,1.51E-07,3.78E-08,0,2.70E-04,1,1,0,0,0
8173,1.33E-01,4,8173,Not eroded,0,0,0,0,0,0,2.53E-07,3.25E-07,4.68E-07,6.24E-07,1.56E-07,0,1.12E-03,1,1,0,0,0
8175,2.36E-01,0,8175,Not eroded,0,1,1,1,0,0,0,0.00E+00,0.00E+00,0,0,1,0.00E+00,1,1,1,1,1
8176,2.32E-01,6,8176,Not eroded,0,1,1,1,0,0,2.11E-07,5.38E-07,9.66E-08,5.86E-07,9.77E-08,0,1.05E-03,0,0,0,0,0
8177,2.28E-01,4,8177,Not eroded,0,1,1,0,0,0,-1.86E-07,2.05E-07,7.86E-07,8.34E-07,2.08E-07,0,1.49E-03,1,1,0,0,0
8178,1.54E-01,0,8178,Not eroded,0,0,0,0,0,0,0,0.00E+00,0.00E+00,0,0,1,0.00E+00,1,1,1,1,1
8179,2.87E-01,0,8179,ERODED,1,1,1,1,1,1,0,0.00E+00,0.00E+00,0,0,1,0.00E+00,1,1,1,1,1
8180,2.82E-01,5,8180,Not eroded,0,1,1,1,1,1,4.79E-06,3.79E-06,-6.42E-07,6.14E-06,1.23E-06,0,1.10E-02,0,1,0,0,0
8181,1.03E-01,4,8181,Not eroded,0,0,0,0,0,0,3.63E-07,1.85E-07,1.97E-08,4.07E-07,1.02E-07,0,7.28E-04,1,1,0,0,0
8182,8.91E-02,0,8182,Not eroded,0,0,0,0,0,0,0,0.00E+00,0.00E+00,0,0,1,0.00E+00,1,1,1,1,1
8183,2.22E-01,0,8183,Not eroded,0,1,1,0,0,0,0,0.00E+00,0.00E+00,0,0,1,0.00E+00,1,1,1,1,1
8184,2.80E-01,4,8184,Not eroded,0,1,1,1,1,1,-1.30E-06,4.14E-07,-1.14E-06,1.78E-06,4.46E-07,0,3.18E-03,1,1,0,0,0
8185,1.16E-01,2,8185,Not eroded,0,0,0,0,0,0,1.29E-07,7.81E-07,3.48E-06,3.57E-06,1.79E-06,1,6.39E-03,1,1,1,0,0
8186,1.41E-01,0,8186,Not eroded,0,0,0,0,0,0,0,0.00E+00,0.00E+00,0,0,1,0.00E+00,1,1,1,1,1
8187,1.52E-01,3,8187,Not eroded,0,0,0,0,0,0,1.06E-07,2.46E-07,1.16E-07,2.92E-07,9.73E-08,1,5.22E-04,1,1,0,0,0
8189,2.17E-01,3,8189,Not eroded,0,1,0,0,0,0,-1.11E-06,1.76E-06,1.50E-08,2.08E-06,6.93E-07,1,3.72E-03,1,1,0,0,0
8190,7.81E-02,2,8190,Not eroded,0,0,0,0,0,0,-4.44E-07,-7.85E-07,1.74E-07,9.18E-07,4.59E-07,1,1.64E-03,1,1,1,0,0
8191,2.55E-01,2,8191,Not eroded,0,1,1,1,1,1,1.48E-07,-1.81E-07,9.72E-07,1.00E-06,5.00E-07,1,1.79E-03,1,1,1,0,0
8192,2.84E-01,5,8192,Not eroded,0,1,1,1,1,1,-1.41E-06,-3.48E-06,-6.01E-06,7.08E-06,1.42E-06,0,1.27E-02,0,1,0,0,0
8193,1.77E-01,2,8193,Not eroded,0,0,0,0,0,0,-1.20E-07,7.31E-08,-1.14E-07,1.81E-07,9.07E-08,1,3.24E-04,1,1,1,0,0
8195,2.01E-01,0,8195,Not eroded,0,1,0,0,0,0,0,0.00E+00,0.00E+00,0,0,1,0.00E+00,1,1,1,1,1
8196,3.20E-01,0,8196,ERODED,1,1,1,1,1,1,0,0.00E+00,0.00E+00,0,0,1,0.00E+00,1,1,1,1,1
8197,9.08E-02,3,8197,Not eroded,0,0,0,0,0,0,6.70E-07,-2.71E-08,4.94E-07,8.33E-07,2.78E-07,1,1.49E-03,1,1,0,0,0
8198,5.66E-02,3,8198,Not eroded,0,0,0,0,0,0,-1.49E-09,5.06E-07,-1.49E-06,1.57E-06,5.24E-07,1,2.81E-03,1,1,0,0,0
8199,2.67E-01,5,8199,Not eroded,0,1,1,1,1,1,1.41E-07,3.35E-07,6.65E-09,3.63E-07,7.26E-08,0,6.49E-04,0,1,0,0,0
8200,2.17E-01,4,8200,Not eroded,0,1,0,0,0,0,-7.72E-08,6.17E-07,2.06E-07,6.55E-07,1.64E-07,0,1.17E-03,1,1,0,0,0
8201,9.92E-02,6,8201,Not eroded,0,0,0,0,0,0,1.28E-07,3.68E-08,7.32E-08,1.52E-07,2.53E-08,0,2.72E-04,0,0,0,0,0
8202,2.90E-01,3,8202,Not eroded,0,1,1,1,1,1,-1.82E-05,4.52E-06,1.23E-05,2.24E-05,7.47E-06,1,4.01E-02,1,1,0,0,0
8203,1.88E-01,3,8203,Not eroded,0,0,0,0,0,0,3.90E-06,8.96E-07,3.44E-06,5.28E-06,1.76E-06,1,9.44E-03,1,1,0,0,0
8204,1.09E-01,5,8204,Not eroded,0,0,0,0,0,0,-8.56E-09,-4.15E-07,-1.02E-07,4.27E-07,8.55E-08,0,7.64E-04,0,1,0,0,0
8205,1.01E-01,0,8205,Not eroded,0,0,0,0,0,0,0,0.00E+00,0.00E+00,0,0,1,0.00E+00,1,1,1,1,1
8206,1.46E-01,6,8206,Not eroded,0,0,0,0,0,0,-2.51E-06,1.37E-05,1.60E-06,1.40E-05,2.33E-06,0,2.50E-02,0,0,0,0,0
8207,1.10E-01,3,8207,Not eroded,0,0,0,0,0,0,1.66E-06,8.77E-07,9.59E-08,1.88E-06,6.28E-07,1,3.36E-03,1,1,0,0,0
8208,9.89E-02,4,8208,Not eroded,0,0,0,0,0,0,6.21E-08,2.29E-07,-1.27E-07,2.69E-07,6.73E-08,0,4.81E-04,1,1,0,0,0
8209,2.66E-01,2,8209,Not eroded,0,1,1,1,1,1,1.18E-07,3.90E-07,-2.19E-07,4.63E-07,2.31E-07,1,8.28E-04,1,1,1,0,0
8210,2.92E-01,4,8210,Not eroded,0,1,1,1,1,1,-3.15E-06,-2.37E-06,1.88E-06,4.37E-06,1.09E-06,0,7.82E-03,1,1,0,0,0
8211,1.21E-01,0,8211,Not eroded,0,0,0,0,0,0,0,0.00E+00,0.00E+00,0,0,1,0.00E+00,1,1,1,1,1
8212,1.79E-01,5,8212,Not eroded,0,0,0,0,0,0,6.21E-07,-3.94E-07,-1.13E-07,7.44E-07,1.49E-07,0,1.33E-03,0,1,0,0,0
8213,1.57E-01,4,8213,Not eroded,0,0,0,0,0,0,1.82E-07,2.24E-08,1.29E-07,2.24E-07,5.60E-08,0,4.01E-04,1,1,0,0,0
8215,1.81E-01,3,8215,Not eroded,0,0,0,0,0,0,1.84E-06,-4.81E-07,1.39E-06,2.36E-06,7.85E-07,1,4.22E-03,1,1,0,0,0
8216,1.31E-01,3,8216,Not eroded,0,0,0,0,0,0,2.40E-07,1.46E-07,3.01E-07,4.11E-07,1.37E-07,1,7.35E-04,1,1,0,0,0
8217,2.76E-01,0,8217,Not eroded,0,1,1,1,1,1,0,0.00E+00,0.00E+00,0,0,1,0.00E+00,1,1,1,1,1
8218,2.88E-01,0,8218,Not eroded,0,1,1,1,1,1,0,0.00E+00,0.00E+00,0,0,1,0.00E+00,1,1,1,1,1
8219,2.92E-01,3,8219,Not eroded,0,1,1,1,1,1,3.66E-07,-9.02E-07,-1.31E-06,1.63E-06,5.43E-07,1,2.92E-03,1,1,0,0,0
8220,2.09E-01,0,8220,Not eroded,0,1,0,0,0,0,0,0.00E+00,0.00E+00,0,0,1,0.00E+00,1,1,1,1,1
8221,1.46E-01,4,8221,Not eroded,0,0,0,0,0,0,-3.16E-07,2.42E-07,8.78E-08,4.08E-07,1.02E-07,0,7.30E-04,1,1,0,0,0
8222,1.84E-01,4,8222,Not eroded,0,0,0,0,0,0,-1.97E-07,-1.08E-06,5.36E-06,5.47E-06,1.37E-06,0,9.78E-03,1,1,0,0,0
8223,1.87E-01,0,8223,Not eroded,0,0,0,0,0,0,0,0.00E+00,0.00E+00,0,0,1,0.00E+00,1,1,1,1,1
8224,2.21E-01,3,8224,Not eroded,0,1,1,0,0,0,6.75E-08,2.10E-07,1.58E-07,2.71E-07,9.03E-08,1,4.85E-04,1,1,0,0,0
8225,1.20E-01,5,8225,Not eroded,0,0,0,0,0,0,-7.14E-08,-1.68E-08,4.69E-08,8.70E-08,1.74E-08,0,1.56E-04,0,1,0,0,0
8226,2.77E-01,0,8226,Not eroded,0,1,1,1,1,1,0,0.00E+00,0.00E+00,0,0,1,0.00E+00,1,1,1,1,1
8227,8.61E-02,0,8227,Not eroded,0,0,0,0,0,0,0,0.00E+00,0.00E+00,0,0,1,0.00E+00,1,1,1,1,1
8229,3.30E-01,0,8229,ERODED,1,1,1,1,1,1,0,0.00E+00,0.00E+00,0,0,1,0.00E+00,1,1,1,1,1
8230,5.71E-02,0,8230,Not eroded,0,0,0,0,0,0,0,0.00E+00,0.00E+00,0,0,1,0.00E+00,1,1,1,1,1
8231,2.89E-01,0,8231,ERODED,1,1,1,1,1,1,0,0.00E+00,0.00E+00,0,0,1,0.00E+00,1,1,1,1,1
8232,1.04E-01,4,8232,Not eroded,0,0,0,0,0,0,1.19E-07,5.01E-08,-1.28E-07,1.82E-07,4.54E-08,0,3.26E-04,1,1,0,0,0
8233,5.66E-02,5,8233,Not eroded,0,0,0,0,0,0,2.34E-07,-2.84E-07,-1.21E-06,1.27E-06,2.53E-07,0,2.27E-03,0,1,0,0,0
8234,1.43E-01,4,8234,Not eroded,0,0,0,0,0,0,-1.30E-07,-1.00E-08,6.00E-08,1.44E-07,3.59E-08,0,2.58E-04,1,1,0,0,0
8235,2.92E-01,0,8235,ERODED,1,1,1,1,1,1,0,0.00E+00,0.00E+00,0,0,1,0.00E+00,1,1,1,1,1
8237,2.22E-01,4,8237,Not eroded,0,1,1,0,0,0,6.86E-07,2.69E-07,6.66E-07,9.93E-07,2.48E-07,0,1.78E-03,1,1,0,0,0
8238,1.75E-01,6,8238,Not eroded,0,0,0,0,0,0,2.08E-07,3.33E-08,2.27E-07,3.10E-07,5.16E-08,0,5.54E-04,0,0,0,0,0
8239,1.03E-01,4,8239,Not eroded,0,0,0,0,0,0,-4.31E-07,1.22E-07,1.74E-06,1.80E-06,4.49E-07,0,3.22E-03,1,1,0,0,0
8241,6.22E-02,3,8241,Not eroded,0,0,0,0,0,0,-9.74E-07,-7.08E-07,4.46E-07,1.28E-06,4.28E-07,1,2.29E-03,1,1,0,0,0
8242,3.07E-01,6,8242,Not eroded,0,1,1,1,1,1,-9.67E-06,5.60E-05,7.21E-06,5.73E-05,9.54E-06,0,1.02E-01,0,0,0,0,0
8243,1.03E-01,5,8243,Not eroded,0,0,0,0,0,0,-2.09E-08,3.23E-07,2.20E-07,3.91E-07,7.82E-08,0,6.99E-04,0,1,0,0,0
8244,1.46E-01,0,8244,Not eroded,0,0,0,0,0,0,0,0.00E+00,0.00E+00,0,0,1,0.00E+00,1,1,1,1,1
8246,1.56E-01,4,8246,Not eroded,0,0,0,0,0,0,2.30E-07,2.62E-07,1.96E-08,3.49E-07,8.73E-08,0,6.24E-04,1,1,0,0,0
8247,5.72E-02,0,8247,Not eroded,0,0,0,0,0,0,0,0.00E+00,0.00E+00,0,0,1,0.00E+00,1,1,1,1,1
8248,5.65E-02,4,8248,Not eroded,0,0,0,0,0,0,1.25E-07,6.94E-08,-1.42E-06,1.43E-06,3.58E-07,0,2.56E-03,1,1,0,0,0
8250,1.09E-01,6,8250,Not eroded,0,0,0,0,0,0,-5.16E-08,-8.48E-09,7.25E-08,8.94E-08,1.49E-08,0,1.60E-04,0,0,0,0,0
8251,6.77E-02,4,8251,Not eroded,0,0,0,0,0,0,-3.08E-08,-6.72E-08,3.78E-07,3.85E-07,9.62E-08,0,6.89E-04,1,1,0,0,0
8252,1.67E-01,4,8252,Not eroded,0,0,0,0,0,0,1.11E-06,-8.48E-07,4.10E-06,4.34E-06,1.08E-06,0,7.76E-03,1,1,0,0,0
8253,1.54E-01,5,8253,Not eroded,0,0,0,0,0,0,-6.16E-07,1.40E-07,-6.87E-07,9.33E-07,1.87E-07,0,1.67E-03,0,1,0,0,0
8254,2.85E-01,0,8254,Not eroded,0,1,1,1,1,1,0,0.00E+00,0.00E+00,0,0,1,0.00E+00,1,1,1,1,1
8255,1.69E-01,0,8255,Not eroded,0,0,0,0,0,0,0,0.00E+00,0.00E+00,0,0,1,0.00E+00,1,1,1,1,1
8256,8.64E-02,0,8256,Not eroded,0,0,0,0,0,0,0,0.00E+00,0.00E+00,0,0,1,0.00E+00,1,1,1,1,1
8257,2.30E-01,0,8257,Not eroded,0,1,1,0,0,0,0,0.00E+00,0.00E+00,0,0,1,0.00E+00,1,1,1,1,1
8258,1.71E-01,3,8258,Not eroded,0,0,0,0,0,0,1.89E-07,-1.43E-07,6.66E-08,2.46E-07,8.21E-08,1,4.40E-04,1,1,0,0,0
8260,8.83E-02,5,8260,Not eroded,0,0,0,0,0,0,7.37E-07,-6.53E-07,2.00E-06,2.23E-06,4.46E-07,0,3.99E-03,0,1,0,0,0
8261,8.49E-02,4,8261,Not eroded,0,0,0,0,0,0,-7.52E-07,1.74E-07,1.21E-06,1.44E-06,3.59E-07,0,2.58E-03,1,1,0,0,0
8262,8.50E-02,2,8262,Not eroded,0,0,0,0,0,0,-6.13E-08,6.53E-07,-1.39E-07,6.71E-07,3.35E-07,1,1.20E-03,1,1,1,0,0
8263,1.99E-01,4,8263,Not eroded,0,1,0,0,0,0,-1.19E-06,6.65E-07,2.95E-06,3.24E-06,8.11E-07,0,5.80E-03,1,1,0,0,0
8264,3.12E-01,0,8264,ERODED,1,1,1,1,1,1,0,0.00E+00,0.00E+00,0,0,1,0.00E+00,1,1,1,1,1
8265,6.35E-02,3,8265,Not eroded,0,0,0,0,0,0,1.51E-07,-7.01E-07,1.16E-07,7.27E-07,2.42E-07,1,1.30E-03,1,1,0,0,0
8266,2.54E-01,0,8266,Not eroded,0,1,1,1,1,1,0,0.00E+00,0.00E+00,0,0,1,0.00E+00,1,1,1,1,1
8269,2.59E-01,0,8269,Not eroded,0,1,1,1,1,1,0,0.00E+00,0.00E+00,0,0,1,0.00E+00,1,1,1,1,1
8270,7.21E-02,4,8270,Not eroded,0,0,0,0,0,0,6.18E-07,1.04E-06,1.30E-06,1.78E-06,4.44E-07,0,3.18E-03,1,1,0,0,0
8271,6.08E-02,5,8271,Not eroded,0,0,0,0,0,0,2.18E-08,5.23E-08,-4.58E-08,7.29E-08,1.46E-08,0,1.30E-04,0,1,0,0,0
8272,2.92E-01,3,8272,Not eroded,0,1,1,1,1,1,1.85E-07,-1.05E-06,5.08E-08,1.07E-06,3.57E-07,1,1.91E-03,1,1,0,0,0
8273,1.33E-01,0,8273,Not eroded,0,0,0,0,0,0,0,0.00E+00,0.00E+00,0,0,1,0.00E+00,1,1,1,1,1
8274,1.79E-01,4,8274,Not eroded,0,0,0,0,0,0,-1.01E-06,4.10E-07,-1.52E-06,1.87E-06,4.68E-07,0,3.34E-03,1,1,0,0,0
8275,1.01E-01,4,8275,Not eroded,0,0,0,0,0,0,1.45E-07,9.31E-08,-1.13E-07,2.06E-07,5.16E-08,0,3.68E-04,1,1,0,0,0
8277,3.25E-01,0,8277,ERODED,1,1,1,1,1,1,0,0.00E+00,0.00E+00,0,0,1,0.00E+00,1,1,1,1,1
8279,2.26E-01,0,8279,Not eroded,0,1,1,0,0,0,0,0.00E+00,0.00E+00,0,0,1,0.00E+00,1,1,1,1,1
8280,6.18E-02,4,8280,Not eroded,0,0,0,0,0,0,-7.44E-08,-4.65E-07,-4.18E-08,4.73E-07,1.18E-07,0,8.46E-04,1,1,0,0,0
8281,2.53E-01,3,8281,Not eroded,0,1,1,1,1,1,-1.94E-07,3.43E-07,1.14E-06,1.21E-06,4.03E-07,1,2.16E-03,1,1,0,0,0
8282,3.19E-01,2,8282,ERODED,1,1,1,1,1,1,-1.91E-05,-2.68E-06,8.10E-07,1.93E-05,9.66E-06,1,3.45E-02,1,1,1,0,0
8283,2.99E-01,0,8283,ERODED,1,1,1,1,1,1,0,0.00E+00,0.00E+00,0,0,1,0.00E+00,1,1,1,1,1
8284,2.75E-01,5,8284,Not eroded,0,1,1,1,1,1,-3.56E-06,-2.33E-07,5.40E-06,6.47E-06,1.29E-06,0,1.16E-02,0,1,0,0,0
8285,3.01E-01,0,8285,ERODED,1,1,1,1,1,1,0,0.00E+00,0.00E+00,0,0,1,0.00E+00,1,1,1,1,1
8286,1.38E-01,0,8286,Not eroded,0,0,0,0,0,0,0,0.00E+00,0.00E+00,0,0,1,0.00E+00,1,1,1,1,1
8287,2.83E-01,4,8287,Not eroded,0,1,1,1,1,1,1.01E-06,-9.62E-08,9.51E-06,9.57E-06,2.39E-06,0,1.71E-02,1,1,0,0,0
8288,1.57E-01,4,8288,Not eroded,0,0,0,0,0,0,4.69E-07,7.67E-07,9.99E-07,1.34E-06,3.36E-07,0,2.40E-03,1,1,0,0,0
8289,1.94E-01,0,8289,Not eroded,0,1,0,0,0,0,0,0.00E+00,0.00E+00,0,0,1,0.00E+00,1,1,1,1,1
8290,5.66E-02,4,8290,Not eroded,0,0,0,0,0,0,2.11E-07,-1.02E-07,-1.08E-06,1.10E-06,2.75E-07,0,1.97E-03,1,1,0,0,0
8291,2.70E-01,0,8291,Not eroded,0,1,1,1,1,1,0,0.00E+00,0.00E+00,0,0,1,0.00E+00,1,1,1,1,1
8292,1.28E-01,4,8292,Not eroded,0,0,0,0,0,0,7.69E-08,-3.00E-07,2.14E-07,3.76E-07,9.40E-08,0,6.73E-04,1,1,0,0,0
8293,2.61E-01,0,8293,Not eroded,0,1,1,1,1,1,0,0.00E+00,0.00E+00,0,0,1,0.00E+00,1,1,1,1,1
8294,1.02E-01,0,8294,Not eroded,0,0,0,0,0,0,0,0.00E+00,0.00E+00,0,0,1,0.00E+00,1,1,1,1,1
8295,1.28E-01,4,8295,Not eroded,0,0,0,0,0,0,3.87E-07,1.02E-07,-4.33E-09,4.00E-07,1.00E-07,0,7.15E-04,1,1,0,0,0
8296,1.52E-01,4,8296,Not eroded,0,0,0,0,0,0,-8.36E-08,-1.63E-07,3.95E-07,4.36E-07,1.09E-07,0,7.80E-04,1,1,0,0,0
8297,2.43E-01,2,8297,Not eroded,0,1,1,1,1,0,-2.52E-07,-9.43E-07,-5.34E-08,9.77E-07,4.89E-07,1,1.75E-03,1,1,1,0,0
8298,1.26E-01,3,8298,Not eroded,0,0,0,0,0,0,-1.24E-06,5.38E-06,-1.04E-06,5.61E-06,1.87E-06,1,1.00E-02,1,1,0,0,0
8299,2.79E-01,2,8299,Not eroded,0,1,1,1,1,1,7.14E-09,6.54E-07,7.83E-07,1.02E-06,5.10E-07,1,1.82E-03,1,1,1,0,0
8300,1.34E-01,0,8300,Not eroded,0,0,0,0,0,0,0,0.00E+00,0.00E+00,0,0,1,0.00E+00,1,1,1,1,1
8301,1.31E-01,4,8301,Not eroded,0,0,0,0,0,0,1.51E-08,-1.32E-07,3.60E-07,3.84E-07,9.60E-08,0,6.87E-04,1,1,0,0,0
8302,2.08E-01,3,8302,Not eroded,0,1,0,0,0,0,2.10E-07,1.63E-07,2.45E-07,3.61E-07,1.20E-07,1,6.46E-04,1,1,0,0,0
8304,2.75E-01,4,8304,Not eroded,0,1,1,1,1,1,2.84E-07,-9.66E-07,6.17E-08,1.01E-06,2.52E-07,0,1.81E-03,1,1,0,0,0
8305,6.12E-02,4,8305,Not eroded,0,0,0,0,0,0,1.64E-07,-4.79E-07,-2.01E-07,5.45E-07,1.36E-07,0,9.75E-04,1,1,0,0,0
8306,5.66E-02,3,8306,Not eroded,0,0,0,0,0,0,-1.12E-07,-9.30E-08,-1.08E-06,1.09E-06,3.62E-07,1,1.95E-03,1,1,0,0,0
8307,9.80E-02,6,8307,Not eroded,0,0,0,0,0,0,2.11E-07,1.38E-06,-4.56E-07,1.47E-06,2.45E-07,0,2.63E-03,0,0,0,0,0
8308,1.67E-01,4,8308,Not eroded,0,0,0,0,0,0,-3.13E-07,-1.15E-07,1.12E-06,1.17E-06,2.93E-07,0,2.09E-03,1,1,0,0,0
8310,2.83E-01,0,8310,ERODED,1,1,1,1,1,1,0,0.00E+00,0.00E+00,0,0,1,0.00E+00,1,1,1,1,1
8311,6.71E-02,3,8311,Not eroded,0,0,0,0,0,0,9.13E-08,4.67E-07,-2.17E-07,5.23E-07,1.74E-07,1,9.35E-04,1,1,0,0,0
8312,6.43E-02,4,8312,Not eroded,0,0,0,0,0,0,4.60E-08,-6.16E-08,1.05E-07,1.30E-07,3.25E-08,0,2.33E-04,1,1,0,0,0
8313,1.34E-01,2,8313,Not eroded,0,0,0,0,0,0,-2.86E-08,2.86E-08,1.88E-07,1.93E-07,9.64E-08,1,3.45E-04,1,1,1,0,0
8314,1.62E-01,4,8314,Not eroded,0,0,0,0,0,0,8.44E-08,2.02E-07,1.32E-07,2.56E-07,6.39E-08,0,4.58E-04,1,1,0,0,0
8315,1.82E-01,0,8315,Not eroded,0,0,0,0,0,0,0,0.00E+00,0.00E+00,0,0,1,0.00E+00,1,1,1,1,1
8317,1.37E-01,0,8317,Not eroded,0,0,0,0,0,0,0,0.00E+00,0.00E+00,0,0,1,0.00E+00,1,1,1,1,1
8318,5.65E-02,3,8318,Not eroded,0,0,0,0,0,0,5.42E-08,8.94E-08,-1.44E-06,1.44E-06,4.81E-07,1,2.58E-03,1,1,0,0,0
8319,2.81E-01,0,8319,ERODED,1,1,1,1,1,1,0,0.00E+00,0.00E+00,0,0,1,0.00E+00,1,1,1,1,1
8320,2.48E-01,0,8320,Not eroded,0,1,1,1,1,0,0,0.00E+00,0.00E+00,0,0,1,0.00E+00,1,1,1,1,1
8321,1.27E-01,0,8321,Not eroded,0,0,0,0,0,0,0,0.00E+00,0.00E+00,0,0,1,0.00E+00,1,1,1,1,1
8322,2.02E-01,5,8322,Not eroded,0,1,0,0,0,0,4.80E-08,5.04E-07,2.86E-08,5.07E-07,1.01E-07,0,9.07E-04,0,1,0,0,0
8323,2.77E-01,5,8323,Not eroded,0,1,1,1,1,1,3.67E-07,2.40E-07,1.12E-06,1.20E-06,2.41E-07,0,2.15E-03,0,1,0,0,0
8325,1.66E-01,5,8325,Not eroded,0,0,0,0,0,0,-8.10E-08,-3.50E-08,1.19E-07,1.48E-07,2.96E-08,0,2.65E-04,0,1,0,0,0
8327,2.17E-01,1,8327,Not eroded,0,1,0,0,0,0,1.19E-06,1.19E-07,6.70E-08,1.20E-06,1.20E-06,1,2.15E-03,1,1,1,1,0
8328,2.01E-01,4,8328,Not eroded,0,1,0,0,0,0,1.39E-07,2.81E-07,2.80E-08,3.15E-07,7.88E-08,0,5.63E-04,1,1,0,0,0
8329,1.05E-01,5,8329,Not eroded,0,0,0,0,0,0,-4.73E-07,-2.41E-06,4.09E-07,2.49E-06,4.97E-07,0,4.45E-03,0,1,0,0,0
8330,1.07E-01,6,8330,Not eroded,0,0,0,0,0,0,-1.11E-07,1.08E-08,8.62E-08,1.41E-07,2.34E-08,0,2.52E-04,0,0,0,0,0
8331,1.54E-01,4,8331,Not eroded,0,0,0,0,0,0,1.67E-07,6.82E-08,1.53E-08,1.81E-07,4.52E-08,0,3.24E-04,1,1,0,0,0
8332,5.66E-02,0,8332,Not eroded,0,0,0,0,0,0,0,0.00E+00,0.00E+00,0,0,1,0.00E+00,1,1,1,1,1
8333,1.13E-01,4,8333,Not eroded,0,0,0,0,0,0,1.87E-07,-1.36E-07,-6.37E-08,2.40E-07,6.00E-08,0,4.29E-04,1,1,0,0,0
8334,6.57E-02,3,8334,Not eroded,0,0,0,0,0,0,2.23E-08,-6.07E-08,1.38E-07,1.53E-07,5.09E-08,1,2.74E-04,1,1,0,0,0
8335,2.51E-01,0,8335,Not eroded,0,1,1,1,1,1,0,0.00E+00,0.00E+00,0,0,1,0.00E+00,1,1,1,1,1
8336,5.65E-02,3,8336,Not eroded,0,0,0,0,0,0,-1.66E-08,-2.36E-07,-1.08E-06,1.11E-06,3.69E-07,1,1.99E-03,1,1,0,0,0
8337,9.64E-02,3,8337,Not eroded,0,0,0,0,0,0,-5.01E-07,-2.30E-08,2.25E-07,5.49E-07,1.83E-07,1,9.82E-04,1,1,0,0,0
8338,6.91E-02,4,8338,Not eroded,0,0,0,0,0,0,7.50E-07,-8.76E-07,2.99E-07,1.19E-06,2.98E-07,0,2.13E-03,1,1,0,0,0
8339,3.13E-01,0,8339,ERODED,1,1,1,1,1,1,0,0.00E+00,0.00E+00,0,0,1,0.00E+00,1,1,1,1,1
8340,1.11E-01,0,8340,Not eroded,0,0,0,0,0,0,0,0.00E+00,0.00E+00,0,0,1,0.00E+00,1,1,1,1,1
8341,2.89E-01,4,8341,Not eroded,0,1,1,1,1,1,-8.29E-06,-2.55E-06,1.35E-06,8.78E-06,2.20E-06,0,1.57E-02,1,1,0,0,0
8342,7.14E-02,3,8342,Not eroded,0,0,0,0,0,0,-1.52E-06,-5.15E-08,-1.12E-07,1.52E-06,5.08E-07,1,2.72E-03,1,1,0,0,0
8343,1.32E-01,4,8343,Not eroded,0,0,0,0,0,0,-6.16E-08,-5.29E-08,2.70E-07,2.82E-07,7.06E-08,0,5.04E-04,1,1,0,0,0
8344,1.93E-01,3,8344,Not eroded,0,1,0,0,0,0,4.55E-07,1.56E-07,5.30E-07,7.16E-07,2.39E-07,1,1.28E-03,1,1,0,0,0
8345,2.88E-01,0,8345,ERODED,1,1,1,1,1,1,0,0.00E+00,0.00E+00,0,0,1,0.00E+00,1,1,1,1,1
8346,8.83E-02,5,8346,Not eroded,0,0,0,0,0,0,-1.01E-08,-5.64E-08,8.72E-08,1.04E-07,2.09E-08,0,1.86E-04,0,1,0,0,0
8347,1.94E-01,3,8347,Not eroded,0,1,0,0,0,0,-2.10E-06,-5.59E-08,2.12E-06,2.99E-06,9.95E-07,1,5.35E-03,1,1,0,0,0
8348,2.95E-01,0,8348,ERODED,1,1,1,1,1,1,0,0.00E+00,0.00E+00,0,0,1,0.00E+00,1,1,1,1,1
8349,3.21E-01,0,8349,ERODED,1,1,1,1,1,1,0,0.00E+00,0.00E+00,0,0,1,0.00E+00,1,1,1,1,1
8351,2.87E-01,4,8351,Not eroded,0,1,1,1,1,1,-3.16E-06,1.06E-05,1.01E-05,1.50E-05,3.75E-06,0,2.68E-02,1,1,0,0,0
8352,2.32E-01,5,8352,Not eroded,0,1,1,1,0,0,-3.02E-07,-4.35E-08,2.19E-07,3.76E-07,7.52E-08,0,6.73E-04,0,1,0,0,0
8353,2.37E-01,0,8353,Not eroded,0,1,1,1,0,0,0,0.00E+00,0.00E+00,0,0,1,0.00E+00,1,1,1,1,1
8354,5.67E-02,2,8354,Not eroded,0,0,0,0,0,0,6.05E-08,-1.53E-07,-7.97E-08,1.83E-07,9.15E-08,1,3.27E-04,1,1,1,0,0
8355,5.67E-02,3,8355,Not eroded,0,0,0,0,0,0,6.73E-07,1.43E-07,-4.60E-08,6.89E-07,2.30E-07,1,1.23E-03,1,1,0,0,0
8356,2.89E-01,6,8356,Not eroded,0,1,1,1,1,1,3.09E-08,1.33E-07,5.56E-09,1.37E-07,2.28E-08,0,2.45E-04,0,0,0,0,0
8357,2.02E-01,0,8357,Not eroded,0,1,0,0,0,0,0,0.00E+00,0.00E+00,0,0,1,0.00E+00,1,1,1,1,1
8358,9.13E-02,6,8358,Not eroded,0,0,0,0,0,0,4.18E-07,5.29E-07,-1.18E-07,6.84E-07,1.14E-07,0,1.22E-03,0,0,0,0,0
8359,2.47E-01,0,8359,Not eroded,0,1,1,1,1,0,0,0.00E+00,0.00E+00,0,0,1,0.00E+00,1,1,1,1,1
8361,2.56E-01,2,8361,Not eroded,0,1,1,1,1,1,-1.67E-06,-4.31E-07,2.30E-06,2.87E-06,1.44E-06,1,5.13E-03,1,1,1,0,0
8362,5.66E-02,2,8362,Not eroded,0,0,0,0,0,0,-2.46E-07,1.12E-07,-1.53E-06,1.56E-06,7.79E-07,1,2.79E-03,1,1,1,0,0
8363,2.68E-01,0,8363,Not eroded,0,1,1,1,1,1,0,0.00E+00,0.00E+00,0,0,1,0.00E+00,1,1,1,1,1
8364,2.09E-01,4,8364,Not eroded,0,1,0,0,0,0,6.64E-07,5.35E-07,2.25E-07,8.81E-07,2.20E-07,0,1.58E-03,1,1,0,0,0
8365,9.32E-02,7,8365,Not eroded,0,0,0,0,0,0,5.40E-07,1.85E-06,2.98E-06,3.55E-06,5.07E-07,0,6.35E-03,0,0,0,0,0
8366,1.75E-01,5,8366,Not eroded,0,0,0,0,0,0,4.30E-08,-6.65E-07,3.34E-07,7.45E-07,1.49E-07,0,1.33E-03,0,1,0,0,0
8367,6.36E-02,0,8367,Not eroded,0,0,0,0,0,0,0,0.00E+00,0.00E+00,0,0,1,0.00E+00,1,1,1,1,1
8368,1.15E-01,7,8368,Not eroded,0,0,0,0,0,0,3.65E-07,7.73E-08,8.34E-08,3.83E-07,5.47E-08,0,6.85E-04,0,0,0,0,0
8369,1.89E-01,0,8369,Not eroded,0,0,0,0,0,0,0,0.00E+00,0.00E+00,0,0,1,0.00E+00,1,1,1,1,1
8370,1.36E-01,6,8370,Not eroded,0,0,0,0,0,0,3.40E-07,5.04E-07,-2.54E-07,6.59E-07,1.10E-07,0,1.18E-03,0,0,0,0,0
8371,1.21E-01,3,8371,Not eroded,0,0,0,0,0,0,-7.32E-07,3.68E-07,2.40E-08,8.20E-07,2.73E-07,1,1.47E-03,1,1,0,0,0
8372,1.08E-01,4,8372,Not eroded,0,0,0,0,0,0,-2.80E-07,3.42E-06,-1.37E-06,3.70E-06,9.25E-07,0,6.62E-03,1,1,0,0,0
8373,2.30E-01,0,8373,Not eroded,0,1,1,0,0,0,0,0.00E+00,0.00E+00,0,0,1,0.00E+00,1,1,1,1,1
8374,5.72E-02,5,8374,Not eroded,0,0,0,0,0,0,2.42E-07,7.04E-08,6.96E-08,2.62E-07,5.24E-08,0,4.69E-04,0,1,0,0,0
8375,1.27E-01,4,8375,Not eroded,0,0,0,0,0,0,2.32E-07,9.10E-08,-5.38E-08,2.55E-07,6.36E-08,0,4.56E-04,1,1,0,0,0
8376,1.43E-01,4,8376,Not eroded,0,0,0,0,0,0,-4.27E-08,3.77E-08,1.55E-07,1.65E-07,4.13E-08,0,2.95E-04,1,1,0,0,0
8377,2.31E-01,0,8377,Not eroded,0,1,1,1,0,0,0,0.00E+00,0.00E+00,0,0,1,0.00E+00,1,1,1,1,1
8378,1.84E-01,0,8378,Not eroded,0,0,0,0,0,0,0,0.00E+00,0.00E+00,0,0,1,0.00E+00,1,1,1,1,1
8379,3.22E-01,0,8379,ERODED,1,1,1,1,1,1,0,0.00E+00,0.00E+00,0,0,1,0.00E+00,1,1,1,1,1
8380,3.05E-01,0,8380,ERODED,1,1,1,1,1,1,0,0.00E+00,0.00E+00,0,0,1,0.00E+00,1,1,1,1,1
8381,1.80E-01,0,8381,Not eroded,0,0,0,0,0,0,0,0.00E+00,0.00E+00,0,0,1,0.00E+00,1,1,1,1,1
8382,1.43E-01,0,8382,Not eroded,0,0,0,0,0,0,0,0.00E+00,0.00E+00,0,0,1,0.00E+00,1,1,1,1,1
8384,1.20E-01,0,8384,Not eroded,0,0,0,0,0,0,0,0.00E+00,0.00E+00,0,0,1,0.00E+00,1,1,1,1,1
8385,6.61E-02,3,8385,Not eroded,0,0,0,0,0,0,1.27E-07,-4.38E-07,7.47E-08,4.62E-07,1.54E-07,1,8.26E-04,1,1,0,0,0
8386,1.93E-01,0,8386,Not eroded,0,1,0,0,0,0,0,0.00E+00,0.00E+00,0,0,1,0.00E+00,1,1,1,1,1
8387,1.51E-01,3,8387,Not eroded,0,0,0,0,0,0,2.31E-08,2.78E-07,1.58E-07,3.20E-07,1.07E-07,1,5.72E-04,1,1,0,0,0
8388,1.38E-01,0,8388,Not eroded,0,0,0,0,0,0,0,0.00E+00,0.00E+00,0,0,1,0.00E+00,1,1,1,1,1
8389,2.49E-01,0,8389,Not eroded,0,1,1,1,1,0,0,0.00E+00,0.00E+00,0,0,1,0.00E+00,1,1,1,1,1
8390,3.05E-01,0,8390,ERODED,1,1,1,1,1,1,0,0.00E+00,0.00E+00,0,0,1,0.00E+00,1,1,1,1,1
8391,3.28E-01,0,8391,ERODED,1,1,1,1,1,1,0,0.00E+00,0.00E+00,0,0,1,0.00E+00,1,1,1,1,1
8392,1.25E-01,6,8392,Not eroded,0,0,0,0,0,0,7.56E-08,5.31E-08,2.85E-07,3.00E-07,4.99E-08,0,5.37E-04,0,0,0,0,0
8393,2.78E-01,4,8393,Not eroded,0,1,1,1,1,1,-1.60E-07,-1.05E-06,-1.58E-07,1.08E-06,2.69E-07,0,1.93E-03,1,1,0,0,0
8394,2.21E-01,0,8394,Not eroded,0,1,1,0,0,0,0,0.00E+00,0.00E+00,0,0,1,0.00E+00,1,1,1,1,1
8395,9.85E-02,4,8395,Not eroded,0,0,0,0,0,0,-7.11E-09,-6.83E-08,-1.28E-07,1.46E-07,3.64E-08,0,2.61E-04,1,1,0,0,0
8396,1.29E-01,5,8396,Not eroded,0,0,0,0,0,0,-2.09E-07,3.45E-07,2.99E-07,5.02E-07,1.00E-07,0,8.98E-04,0,1,0,0,0
8398,2.82E-01,5,8398,Not eroded,0,1,1,1,1,1,4.92E-07,7.91E-07,-7.32E-07,1.18E-06,2.37E-07,0,2.11E-03,0,1,0,0,0
8399,7.43E-02,5,8399,Not eroded,0,0,0,0,0,0,1.30E-07,-2.14E-08,-3.54E-07,3.78E-07,7.55E-08,0,6.76E-04,0,1,0,0,0
8401,1.31E-01,4,8401,Not eroded,0,0,0,0,0,0,1.66E-07,3.74E-08,-2.54E-08,1.72E-07,4.29E-08,0,3.08E-04,1,1,0,0,0
8402,1.64E-01,4,8402,Not eroded,0,0,0,0,0,0,4.35E-08,2.49E-08,6.14E-07,6.16E-07,1.54E-07,0,1.10E-03,1,1,0,0,0
8403,3.03E-01,0,8403,ERODED,1,1,1,1,1,1,0,0.00E+00,0.00E+00,0,0,1,0.00E+00,1,1,1,1,1
8404,2.23E-01,0,8404,Not eroded,0,1,1,0,0,0,0,0.00E+00,0.00E+00,0,0,1,0.00E+00,1,1,1,1,1
8405,1.32E-01,2,8405,Not eroded,0,0,0,0,0,0,6.36E-07,-2.61E-06,3.54E-08,2.69E-06,1.35E-06,1,4.81E-03,1,1,1,0,0
8406,2.13E-01,4,8406,Not eroded,0,1,0,0,0,0,2.79E-07,2.11E-07,1.09E-06,1.15E-06,2.87E-07,0,2.06E-03,1,1,0,0,0
8407,6.51E-02,5,8407,Not eroded,0,0,0,0,0,0,2.05E-07,2.73E-07,3.37E-08,3.43E-07,6.86E-08,0,6.14E-04,0,1,0,0,0
8408,1.42E-01,4,8408,Not eroded,0,0,0,0,0,0,-3.40E-07,1.91E-07,-2.62E-07,4.70E-07,1.18E-07,0,8.41E-04,1,1,0,0,0
8409,5.65E-02,3,8409,Not eroded,0,0,0,0,0,0,-4.55E-08,4.93E-07,-1.42E-06,1.51E-06,5.03E-07,1,2.70E-03,1,1,0,0,0
8410,1.85E-01,0,8410,Not eroded,0,0,0,0,0,0,0,0.00E+00,0.00E+00,0,0,1,0.00E+00,1,1,1,1,1
8411,5.66E-02,4,8411,Not eroded,0,0,0,0,0,0,-1.45E-07,3.37E-07,-1.45E-06,1.50E-06,3.74E-07,0,2.68E-03,1,1,0,0,0
8412,2.34E-01,0,8412,Not eroded,0,1,1,1,0,0,0,0.00E+00,0.00E+00,0,0,1,0.00E+00,1,1,1,1,1
8413,8.25E-02,0,8413,Not eroded,0,0,0,0,0,0,0,0.00E+00,0.00E+00,0,0,1,0.00E+00,1,1,1,1,1
8414,1.92E-01,0,8414,Not eroded,0,1,0,0,0,0,0,0.00E+00,0.00E+00,0,0,1,0.00E+00,1,1,1,1,1
8415,1.54E-01,5,8415,Not eroded,0,0,0,0,0,0,8.67E-07,4.00E-08,-5.65E-07,1.04E-06,2.07E-07,0,1.86E-03,0,1,0,0,0
8416,2.15E-01,3,8416,Not eroded,0,1,0,0,0,0,-2.44E-08,-5.67E-07,5.46E-07,7.87E-07,2.62E-07,1,1.41E-03,1,1,0,0,0
8417,2.28E-01,2,8417,Not eroded,0,1,1,0,0,0,1.08E-06,-4.90E-06,-8.75E-07,5.09E-06,2.55E-06,1,9.10E-03,1,1,1,0,0
8418,2.23E-01,0,8418,Not eroded,0,1,1,0,0,0,0,0.00E+00,0.00E+00,0,0,1,0.00E+00,1,1,1,1,1
8419,2.95E-01,4,8419,Not eroded,0,1,1,1,1,1,-1.13E-07,-1.15E-07,-8.00E-08,1.80E-07,4.50E-08,0,3.22E-04,1,1,0,0,0
8420,1.56E-01,5,8420,Not eroded,0,0,0,0,0,0,9.99E-08,5.93E-07,8.00E-07,1.00E-06,2.00E-07,0,1.79E-03,0,1,0,0,0
8421,2.48E-01,3,8421,Not eroded,0,1,1,1,1,0,1.39E-07,-6.70E-08,-2.60E-07,3.02E-07,1.01E-07,1,5.40E-04,1,1,0,0,0
8422,2.82E-01,0,8422,Not eroded,0,1,1,1,1,1,0,0.00E+00,0.00E+00,0,0,1,0.00E+00,1,1,1,1,1
8423,1.23E-01,3,8423,Not eroded,0,0,0,0,0,0,-1.12E-07,-5.33E-08,2.55E-07,2.84E-07,9.45E-08,1,5.08E-04,1,1,0,0,0
8424,6.49E-02,3,8424,Not eroded,0,0,0,0,0,0,-1.59E-08,1.98E-07,-4.14E-09,1.99E-07,6.63E-08,1,3.56E-04,1,1,0,0,0
8425,1.26E-01,4,8425,Not eroded,0,0,0,0,0,0,7.35E-07,2.17E-07,1.60E-07,7.83E-07,1.96E-07,0,1.40E-03,1,1,0,0,0
8427,9.79E-02,3,8427,Not eroded,0,0,0,0,0,0,5.56E-07,2.30E-06,-2.74E-07,2.39E-06,7.95E-07,1,4.28E-03,1,1,0,0,0
8428,1.65E-01,3,8428,Not eroded,0,0,0,0,0,0,-2.45E-07,-8.08E-08,5.53E-07,6.10E-07,2.03E-07,1,1.09E-03,1,1,0,0,0
8430,9.51E-02,5,8430,Not eroded,0,0,0,0,0,0,5.72E-07,-2.21E-07,-2.78E-07,6.74E-07,1.35E-07,0,1.21E-03,0,1,0,0,0
8431,3.25E-01,0,8431,ERODED,1,1,1,1,1,1,0,0.00E+00,0.00E+00,0,0,1,0.00E+00,1,1,1,1,1
8432,1.36E-01,2,8432,Not eroded,0,0,0,0,0,0,9.51E-06,6.00E-06,2.00E-06,1.14E-05,5.71E-06,1,2.04E-02,1,1,1,0,0
8433,1.89E-01,2,8433,Not eroded,0,0,0,0,0,0,-3.64E-07,-1.22E-07,-1.93E-07,4.30E-07,2.15E-07,1,7.69E-04,1,1,1,0,0
8434,9.78E-02,0,8434,Not eroded,0,0,0,0,0,0,0,0.00E+00,0.00E+00,0,0,1,0.00E+00,1,1,1,1,1
8436,2.47E-01,5,8436,Not eroded,0,1,1,1,1,0,9.74E-09,-1.37E-08,2.54E-08,3.05E-08,6.10E-09,0,5.46E-05,0,1,0,0,0
8437,2.87E-01,3,8437,Not eroded,0,1,1,1,1,1,1.53E-07,5.72E-07,1.11E-07,6.02E-07,2.01E-07,1,1.08E-03,1,1,0,0,0
8438,1.29E-01,5,8438,Not eroded,0,0,0,0,0,0,-3.65E-06,3.05E-07,1.99E-06,4.17E-06,8.34E-07,0,7.46E-03,0,1,0,0,0
8439,8.32E-02,4,8439,Not eroded,0,0,0,0,0,0,1.64E-07,-8.37E-07,-1.87E-08,8.53E-07,2.13E-07,0,1.53E-03,1,1,0,0,0
8440,6.76E-02,0,8440,Not eroded,0,0,0,0,0,0,0,0.00E+00,0.00E+00,0,0,1,0.00E+00,1,1,1,1,1
8441,2.60E-01,3,8441,Not eroded,0,1,1,1,1,1,-2.37E-06,-3.65E-06,1.90E-06,4.74E-06,1.58E-06,1,8.48E-03,1,1,0,0,0
8442,6.61E-02,0,8442,Not eroded,0,0,0,0,0,0,0,0.00E+00,0.00E+00,0,0,1,0.00E+00,1,1,1,1,1
8443,2.68E-01,0,8443,ERODED,1,1,1,1,1,1,0,0.00E+00,0.00E+00,0,0,1,0.00E+00,1,1,1,1,1
8444,1.31E-01,0,8444,Not eroded,0,0,0,0,0,0,0,0.00E+00,0.00E+00,0,0,1,0.00E+00,1,1,1,1,1
8445,1.21E-01,4,8445,Not eroded,0,0,0,0,0,0,2.55E-06,-1.98E-07,9.88E-07,2.74E-06,6.85E-07,0,4.90E-03,1,1,0,0,0
8447,1.39E-01,0,8447,Not eroded,0,0,0,0,0,0,0,0.00E+00,0.00E+00,0,0,1,0.00E+00,1,1,1,1,1
8448,2.79E-01,0,8448,Not eroded,0,1,1,1,1,1,0,0.00E+00,0.00E+00,0,0,1,0.00E+00,1,1,1,1,1
8449,5.65E-02,6,8449,Not eroded,0,0,0,0,0,0,2.94E-07,-8.60E-09,-1.19E-06,1.23E-06,2.04E-07,0,2.20E-03,0,0,0,0,0
8451,2.43E-01,4,8451,Not eroded,0,1,1,1,1,0,8.24E-07,3.22E-06,-8.84E-07,3.44E-06,8.59E-07,0,6.15E-03,1,1,0,0,0
8452,2.04E-01,4,8452,Not eroded,0,1,0,0,0,0,2.62E-07,3.16E-07,2.35E-09,4.11E-07,1.03E-07,0,7.35E-04,1,1,0,0,0
8453,6.14E-02,4,8453,Not eroded,0,0,0,0,0,0,-1.06E-07,-8.82E-09,1.44E-08,1.07E-07,2.68E-08,0,1.91E-04,1,1,0,0,0
8454,2.65E-01,3,8454,Not eroded,0,1,1,1,1,1,4.90E-07,9.66E-07,5.40E-07,1.21E-06,4.04E-07,1,2.16E-03,1,1,0,0,0
8455,1.38E-01,4,8455,Not eroded,0,0,0,0,0,0,1.67E-07,-2.18E-08,2.22E-07,2.79E-07,6.96E-08,0,4.99E-04,1,1,0,0,0
8456,2.19E-01,0,8456,Not eroded,0,1,0,0,0,0,0,0.00E+00,0.00E+00,0,0,1,0.00E+00,1,1,1,1,1
8457,2.06E-01,4,8457,Not eroded,0,1,0,0,0,0,5.12E-08,-3.83E-08,2.66E-07,2.74E-07,6.85E-08,0,4.90E-04,1,1,0,0,0
8458,1.01E-01,6,8458,Not eroded,0,0,0,0,0,0,-1.32E-07,-3.13E-08,5.31E-07,5.48E-07,9.14E-08,0,9.80E-04,0,0,0,0,0
8460,2.46E-01,0,8460,Not eroded,0,1,1,1,1,0,0,0.00E+00,0.00E+00,0,0,1,0.00E+00,1,1,1,1,1
8461,2.63E-01,3,8461,Not eroded,0,1,1,1,1,1,1.26E-06,3.84E-07,6.70E-07,1.48E-06,4.94E-07,1,2.65E-03,1,1,0,0,0
8462,1.05E-01,6,8462,Not eroded,0,0,0,0,0,0,2.07E-07,1.53E-07,9.12E-08,2.73E-07,4.55E-08,0,4.88E-04,0,0,0,0,0
8463,1.21E-01,0,8463,Not eroded,0,0,0,0,0,0,0,0.00E+00,0.00E+00,0,0,1,0.00E+00,1,1,1,1,1
8464,1.67E-01,4,8464,Not eroded,0,0,0,0,0,0,4.80E-08,-8.17E-07,-5.73E-08,8.20E-07,2.05E-07,0,1.47E-03,1,1,0,0,0
8465,2.32E-01,5,8465,Not eroded,0,1,1,1,0,0,5.33E-08,8.76E-08,-2.90E-08,1.07E-07,2.13E-08,0,1.91E-04,0,1,0,0,0
8466,3.01E-01,0,8466,Not eroded,0,1,1,1,1,1,0,0.00E+00,0.00E+00,0,0,1,0.00E+00,1,1,1,1,1
8467,1.33E-01,4,8467,Not eroded,0,0,0,0,0,0,-2.45E-07,-3.56E-08,4.72E-07,5.33E-07,1.33E-07,0,9.53E-04,1,1,0,0,0
8468,2.26E-01,3,8468,Not eroded,0,1,1,0,0,0,-1.34E-07,-6.08E-07,5.39E-10,6.23E-07,2.08E-07,1,1.11E-03,1,1,0,0,0
8469,2.95E-01,4,8469,Not eroded,0,1,1,1,1,1,1.84E-06,8.80E-07,-1.21E-06,2.37E-06,5.94E-07,0,4.24E-03,1,1,0,0,0
8470,3.26E-01,0,8470,ERODED,1,1,1,1,1,1,0,0.00E+00,0.00E+00,0,0,1,0.00E+00,1,1,1,1,1
8471,5.87E-02,4,8471,Not eroded,0,0,0,0,0,0,1.64E-07,5.44E-08,-5.57E-08,1.82E-07,4.54E-08,0,3.26E-04,1,1,0,0,0
8472,9.76E-02,3,8472,Not eroded,0,0,0,0,0,0,-7.47E-08,-6.26E-07,2.60E-07,6.82E-07,2.27E-07,1,1.22E-03,1,1,0,0,0
8474,1.95E-01,3,8474,Not eroded,0,1,0,0,0,0,1.66E-07,-7.08E-08,3.45E-07,3.90E-07,1.30E-07,1,6.98E-04,1,1,0,0,0
8475,1.84E-01,0,8475,Not eroded,0,0,0,0,0,0,0,0.00E+00,0.00E+00,0,0,1,0.00E+00,1,1,1,1,1
8476,2.77E-01,3,8476,Not eroded,0,1,1,1,1,1,1.72E-07,-9.60E-07,1.02E-07,9.81E-07,3.27E-07,1,1.75E-03,1,1,0,0,0
8477,7.00E-02,5,8477,Not eroded,0,0,0,0,0,0,-1.93E-07,3.90E-08,9.10E-08,2.17E-07,4.34E-08,0,3.88E-04,0,1,0,0,0
8479,2.41E-01,3,8479,Not eroded,0,1,1,1,1,0,2.19E-06,-3.71E-06,1.32E-05,1.39E-05,4.63E-06,1,2.49E-02,1,1,0,0,0
8480,1.98E-01,0,8480,Not eroded,0,1,0,0,0,0,0,0.00E+00,0.00E+00,0,0,1,0.00E+00,1,1,1,1,1
8481,1.51E-01,4,8481,Not eroded,0,0,0,0,0,0,-1.04E-06,1.78E-07,-1.43E-06,1.78E-06,4.45E-07,0,3.18E-03,1,1,0,0,0
8482,2.93E-01,0,8482,ERODED,1,1,1,1,1,1,0,0.00E+00,0.00E+00,0,0,1,0.00E+00,1,1,1,1,1
8483,8.90E-02,5,8483,Not eroded,0,0,0,0,0,0,-2.47E-07,1.93E-07,-2.52E-07,4.02E-07,8.05E-08,0,7.19E-04,0,1,0,0,0
8485,1.93E-01,3,8485,Not eroded,0,1,0,0,0,0,-3.28E-07,2.14E-07,1.30E-07,4.13E-07,1.38E-07,1,7.39E-04,1,1,0,0,0
8486,8.17E-02,5,8486,Not eroded,0,0,0,0,0,0,-4.25E-07,1.62E-06,8.06E-08,1.67E-06,3.34E-07,0,2.99E-03,0,1,0,0,0
8487,8.43E-02,4,8487,Not eroded,0,0,0,0,0,0,2.24E-07,-5.90E-07,-3.31E-08,6.32E-07,1.58E-07,0,1.13E-03,1,1,0,0,0
8488,1.59E-01,3,8488,Not eroded,0,0,0,0,0,0,6.94E-07,-4.64E-07,1.34E-06,1.58E-06,5.26E-07,1,2.83E-03,1,1,0,0,0
8489,1.66E-01,3,8489,Not eroded,0,0,0,0,0,0,-8.33E-08,9.59E-08,4.27E-07,4.46E-07,1.49E-07,1,7.98E-04,1,1,0,0,0
8491,3.00E-01,0,8491,ERODED,1,1,1,1,1,1,0,0.00E+00,0.00E+00,0,0,1,0.00E+00,1,1,1,1,1
8492,1.88E-01,0,8492,Not eroded,0,0,0,0,0,0,0,0.00E+00,0.00E+00,0,0,1,0.00E+00,1,1,1,1,1
8493,1.73E-01,6,8493,Not eroded,0,0,0,0,0,0,7.94E-08,2.69E-07,8.37E-08,2.93E-07,4.88E-08,0,5.24E-04,0,0,0,0,0
8496,1.51E-01,4,8496,Not eroded,0,0,0,0,0,0,-3.14E-06,-6.48E-06,1.65E-06,7.38E-06,1.85E-06,0,1.32E-02,1,1,0,0,0
8497,2.70E-01,0,8497,Not eroded,0,1,1,1,1,1,0,0.00E+00,0.00E+00,0,0,1,0.00E+00,1,1,1,1,1
8498,2.06E-01,3,8498,Not eroded,0,1,0,0,0,0,-3.15E-09,1.12E-07,-7.64E-08,1.35E-07,4.51E-08,1,2.41E-04,1,1,0,0,0
8499,2.36E-01,0,8499,Not eroded,0,1,1,1,0,0,0,0.00E+00,0.00E+00,0,0,1,0.00E+00,1,1,1,1,1
8500,2.86E-01,0,8500,ERODED,1,1,1,1,1,1,0,0.00E+00,0.00E+00,0,0,1,0.00E+00,1,1,1,1,1
8501,1.49E-01,5,8501,Not eroded,0,0,0,0,0,0,4.52E-07,8.74E-09,2.48E-08,4.53E-07,9.06E-08,0,8.10E-04,0,1,0,0,0
8503,1.65E-01,5,8503,Not eroded,0,0,0,0,0,0,2.52E-08,6.76E-07,-3.69E-07,7.70E-07,1.54E-07,0,1.38E-03,0,1,0,0,0
8504,1.45E-01,4,8504,Not eroded,0,0,0,0,0,0,-9.25E-08,5.06E-07,1.30E-07,5.30E-07,1.33E-07,0,9.48E-04,1,1,0,0,0
8507,1.50E-01,7,8507,Not eroded,0,0,0,0,0,0,2.83E-06,-1.14E-07,-1.58E-06,3.24E-06,4.63E-07,0,5.80E-03,0,0,0,0,0
8508,2.98E-01,0,8508,ERODED,1,1,1,1,1,1,0,0.00E+00,0.00E+00,0,0,1,0.00E+00,1,1,1,1,1
8509,5.65E-02,4,8509,Not eroded,0,0,0,0,0,0,1.39E-07,1.12E-07,-1.27E-06,1.28E-06,3.20E-07,0,2.29E-03,1,1,0,0,0
8511,1.41E-01,3,8511,Not eroded,0,0,0,0,0,0,-3.20E-09,-2.81E-07,6.54E-07,7.12E-07,2.37E-07,1,1.27E-03,1,1,0,0,0
8512,1.96E-01,4,8512,Not eroded,0,1,0,0,0,0,-6.09E-08,5.58E-07,-4.09E-08,5.63E-07,1.41E-07,0,1.01E-03,1,1,0,0,0
8513,1.97E-01,0,8513,Not eroded,0,1,0,0,0,0,0,0.00E+00,0.00E+00,0,0,1,0.00E+00,1,1,1,1,1
8514,2.12E-01,5,8514,Not eroded,0,1,0,0,0,0,3.55E-07,6.86E-09,3.89E-09,3.55E-07,7.10E-08,0,6.35E-04,0,1,0,0,0
8516,1.83E-01,5,8516,Not eroded,0,0,0,0,0,0,-1.10E-07,2.58E-07,2.07E-09,2.81E-07,5.61E-08,0,5.03E-04,0,1,0,0,0
8517,1.04E-01,3,8517,Not eroded,0,0,0,0,0,0,-3.78E-07,-2.83E-07,-4.47E-08,4.75E-07,1.58E-07,1,8.50E-04,1,1,0,0,0
8518,1.60E-01,4,8518,Not eroded,0,0,0,0,0,0,-3.73E-07,-4.27E-07,2.25E-06,2.32E-06,5.79E-07,0,4.15E-03,1,1,0,0,0
8520,2.56E-01,0,8520,Not eroded,0,1,1,1,1,1,0,0.00E+00,0.00E+00,0,0,1,0.00E+00,1,1,1,1,1
8521,1.86E-01,4,8521,Not eroded,0,0,0,0,0,0,-4.60E-07,-9.43E-09,8.81E-07,9.94E-07,2.48E-07,0,1.78E-03,1,1,0,0,0
8523,2.12E-01,3,8523,Not eroded,0,1,0,0,0,0,-9.37E-08,2.92E-07,5.48E-08,3.12E-07,1.04E-07,1,5.58E-04,1,1,0,0,0
8524,1.37E-01,6,8524,Not eroded,0,0,0,0,0,0,1.56E-07,7.14E-08,-3.42E-08,1.75E-07,2.92E-08,0,3.13E-04,0,0,0,0,0
8525,2.83E-01,5,8525,Not eroded,0,1,1,1,1,1,7.02E-08,-2.12E-08,-1.02E-07,1.26E-07,2.51E-08,0,2.25E-04,0,1,0,0,0
8527,9.20E-02,0,8527,Not eroded,0,0,0,0,0,0,0,0.00E+00,0.00E+00,0,0,1,0.00E+00,1,1,1,1,1
8528,1.03E-01,0,8528,Not eroded,0,0,0,0,0,0,0,0.00E+00,0.00E+00,0,0,1,0.00E+00,1,1,1,1,1
8529,1.23E-01,6,8529,Not eroded,0,0,0,0,0,0,5.91E-07,-2.01E-07,4.08E-07,7.46E-07,1.24E-07,0,1.33E-03,0,0,0,0,0
8530,8.96E-02,0,8530,Not eroded,0,0,0,0,0,0,0,0.00E+00,0.00E+00,0,0,1,0.00E+00,1,1,1,1,1
8531,2.09E-01,4,8531,Not eroded,0,1,0,0,0,0,1.86E-07,-1.15E-07,-1.60E-07,2.71E-07,6.77E-08,0,4.85E-04,1,1,0,0,0
8532,1.98E-01,3,8532,Not eroded,0,1,0,0,0,0,3.43E-07,-1.25E-07,2.86E-07,4.64E-07,1.55E-07,1,8.30E-04,1,1,0,0,0
8533,5.66E-02,5,8533,Not eroded,0,0,0,0,0,0,3.99E-07,-4.81E-07,-1.67E-06,1.79E-06,3.57E-07,0,3.20E-03,0,1,0,0,0
8534,3.10E-01,0,8534,ERODED,1,1,1,1,1,1,0,0.00E+00,0.00E+00,0,0,1,0.00E+00,1,1,1,1,1
8536,1.80E-01,4,8536,Not eroded,0,0,0,0,0,0,-1.00E-07,-8.60E-07,1.57E-07,8.80E-07,2.20E-07,0,1.57E-03,1,1,0,0,0
8537,2.30E-01,0,8537,Not eroded,0,1,1,0,0,0,0,0.00E+00,0.00E+00,0,0,1,0.00E+00,1,1,1,1,1
8538,1.41E-01,3,8538,Not eroded,0,0,0,0,0,0,-3.25E-07,5.99E-07,1.72E-07,7.03E-07,2.34E-07,1,1.26E-03,1,1,0,0,0
8539,2.14E-01,3,8539,Not eroded,0,1,0,0,0,0,2.05E-08,-2.32E-07,2.14E-07,3.16E-07,1.05E-07,1,5.65E-04,1,1,0,0,0
8540,8.94E-02,4,8540,Not eroded,0,0,0,0,0,0,-1.10E-07,-9.34E-08,7.66E-08,1.64E-07,4.09E-08,0,2.93E-04,1,1,0,0,0
8541,1.43E-01,6,8541,Not eroded,0,0,0,0,0,0,2.92E-07,1.23E-08,1.48E-07,3.28E-07,5.46E-08,0,5.87E-04,0,0,0,0,0
8542,2.45E-01,4,8542,Not eroded,0,1,1,1,1,0,-1.36E-07,-1.61E-07,8.69E-08,2.28E-07,5.70E-08,0,4.08E-04,1,1,0,0,0
8543,1.26E-01,0,8543,Not eroded,0,0,0,0,0,0,0,0.00E+00,0.00E+00,0,0,1,0.00E+00,1,1,1,1,1
8544,1.66E-01,0,8544,Not eroded,0,0,0,0,0,0,0,0.00E+00,0.00E+00,0,0,1,0.00E+00,1,1,1,1,1
8545,5.65E-02,3,8545,Not eroded,0,0,0,0,0,0,3.14E-08,3.62E-07,-1.07E-06,1.13E-06,3.76E-07,1,2.02E-03,1,1,0,0,0
8546,7.69E-02,4,8546,Not eroded,0,0,0,0,0,0,1.80E-07,-6.25E-08,-3.65E-08,1.94E-07,4.85E-08,0,3.47E-04,1,1,0,0,0
8547,1.17E-01,5,8547,Not eroded,0,0,0,0,0,0,-7.63E-08,-6.30E-07,-8.17E-08,6.40E-07,1.28E-07,0,1.14E-03,0,1,0,0,0
8548,1.15E-01,3,8548,Not eroded,0,0,0,0,0,0,-3.80E-07,-6.04E-08,-2.00E-07,4.33E-07,1.44E-07,1,7.75E-04,1,1,0,0,0
8549,2.41E-01,4,8549,Not eroded,0,1,1,1,1,0,-5.94E-06,-2.54E-06,1.82E-06,6.72E-06,1.68E-06,0,1.20E-02,1,1,0,0,0
8550,6.60E-02,5,8550,Not eroded,0,0,0,0,0,0,3.11E-07,-1.54E-07,1.23E-07,3.68E-07,7.37E-08,0,6.58E-04,0,1,0,0,0
8551,2.04E-01,3,8551,Not eroded,0,1,0,0,0,0,-1.15E-07,1.99E-07,3.21E-07,3.94E-07,1.31E-07,1,7.05E-04,1,1,0,0,0
8553,1.41E-01,0,8553,Not eroded,0,0,0,0,0,0,0,0.00E+00,0.00E+00,0,0,1,0.00E+00,1,1,1,1,1
8554,1.53E-01,5,8554,Not eroded,0,0,0,0,0,0,1.79E-07,-3.63E-08,5.75E-08,1.92E-07,3.84E-08,0,3.43E-04,0,1,0,0,0
8555,2.58E-01,3,8555,Not eroded,0,1,1,1,1,1,5.43E-07,5.53E-07,1.43E-06,1.62E-06,5.42E-07,1,2.90E-03,1,1,0,0,0
8556,3.00E-01,0,8556,ERODED,1,1,1,1,1,1,0,0.00E+00,0.00E+00,0,0,1,0.00E+00,1,1,1,1,1
8557,1.03E-01,4,8557,Not eroded,0,0,0,0,0,0,-3.75E-07,-1.92E-07,1.19E-07,4.38E-07,1.09E-07,0,7.83E-04,1,1,0,0,0
8558,1.33E-01,4,8558,Not eroded,0,0,0,0,0,0,-2.16E-07,-7.29E-06,6.17E-07,7.32E-06,1.83E-06,0,1.31E-02,1,1,0,0,0
8559,2.71E-01,2,8559,Not eroded,0,1,1,1,1,1,-3.00E-07,7.91E-07,6.29E-07,1.05E-06,5.27E-07,1,1.88E-03,1,1,1,0,0
8560,2.51E-01,4,8560,Not eroded,0,1,1,1,1,1,5.29E-07,-9.14E-07,1.54E-07,1.07E-06,2.67E-07,0,1.91E-03,1,1,0,0,0
8561,1.03E-01,4,8561,Not eroded,0,0,0,0,0,0,-1.54E-07,-2.71E-08,7.78E-08,1.74E-07,4.36E-08,0,3.11E-04,1,1,0,0,0
8562,2.62E-01,6,8562,Not eroded,0,1,1,1,1,1,5.02E-06,5.92E-06,-8.37E-07,7.81E-06,1.30E-06,0,1.40E-02,0,0,0,0,0
8563,7.06E-02,0,8563,Not eroded,0,0,0,0,0,0,0,0.00E+00,0.00E+00,0,0,1,0.00E+00,1,1,1,1,1
8564,1.36E-01,5,8564,Not eroded,0,0,0,0,0,0,2.13E-07,1.45E-07,1.36E-07,2.91E-07,5.82E-08,0,5.21E-04,0,1,0,0,0
8565,1.62E-01,3,8565,Not eroded,0,0,0,0,0,0,-1.24E-06,1.32E-06,-1.12E-06,2.13E-06,7.09E-07,1,3.81E-03,1,1,0,0,0
8566,2.04E-01,0,8566,Not eroded,0,1,0,0,0,0,0,0.00E+00,0.00E+00,0,0,1,0.00E+00,1,1,1,1,1
8568,9.42E-02,0,8568,Not eroded,0,0,0,0,0,0,0,0.00E+00,0.00E+00,0,0,1,0.00E+00,1,1,1,1,1
8569,2.71E-01,0,8569,ERODED,1,1,1,1,1,1,0,0.00E+00,0.00E+00,0,0,1,0.00E+00,1,1,1,1,1
8570,2.77E-01,5,8570,Not eroded,0,1,1,1,1,1,3.43E-08,-5.64E-07,-9.76E-08,5.74E-07,1.15E-07,0,1.03E-03,0,1,0,0,0
8571,7.03E-02,6,8571,Not eroded,0,0,0,0,0,0,2.25E-07,-9.21E-09,9.62E-08,2.45E-07,4.09E-08,0,4.38E-04,0,0,0,0,0
8572,2.58E-01,4,8572,Not eroded,0,1,1,1,1,1,-2.39E-08,5.05E-07,-5.16E-07,7.22E-07,1.81E-07,0,1.29E-03,1,1,0,0,0
8573,1.67E-01,0,8573,Not eroded,0,0,0,0,0,0,0,0.00E+00,0.00E+00,0,0,1,0.00E+00,1,1,1,1,1
8574,2.15E-01,0,8574,Not eroded,0,1,0,0,0,0,0,0.00E+00,0.00E+00,0,0,1,0.00E+00,1,1,1,1,1
8575,1.84E-01,0,8575,Not eroded,0,0,0,0,0,0,0,0.00E+00,0.00E+00,0,0,1,0.00E+00,1,1,1,1,1
8576,1.74E-01,4,8576,Not eroded,0,0,0,0,0,0,3.34E-07,-1.34E-06,7.57E-07,1.57E-06,3.94E-07,0,2.81E-03,1,1,0,0,0
8577,2.78E-01,4,8577,Not eroded,0,1,1,1,1,1,3.80E-07,-5.01E-07,-3.48E-07,7.19E-07,1.80E-07,0,1.29E-03,1,1,0,0,0
8578,1.46E-01,4,8578,Not eroded,0,0,0,0,0,0,1.34E-06,-8.80E-07,2.48E-06,2.96E-06,7.39E-07,0,5.29E-03,1,1,0,0,0
8579,1.98E-01,6,8579,Not eroded,0,1,0,0,0,0,2.04E-07,-7.67E-08,2.47E-07,3.29E-07,5.49E-08,0,5.88E-04,0,0,0,0,0
8580,1.55E-01,4,8580,Not eroded,0,0,0,0,0,0,1.77E-07,1.97E-07,1.49E-07,3.04E-07,7.61E-08,0,5.44E-04,1,1,0,0,0
8581,1.02E-01,4,8581,Not eroded,0,0,0,0,0,0,5.07E-08,4.03E-07,-5.51E-09,4.06E-07,1.01E-07,0,7.26E-04,1,1,0,0,0
8582,5.65E-02,3,8582,Not eroded,0,0,0,0,0,0,-1.50E-07,1.17E-07,-1.37E-06,1.38E-06,4.61E-07,1,2.47E-03,1,1,0,0,0
8583,1.62E-01,4,8583,Not eroded,0,0,0,0,0,0,-1.02E-07,2.59E-07,9.77E-09,2.79E-07,6.96E-08,0,4.99E-04,1,1,0,0,0
8584,6.36E-02,5,8584,Not eroded,0,0,0,0,0,0,-4.62E-08,-4.12E-07,-5.89E-08,4.19E-07,8.38E-08,0,7.49E-04,0,1,0,0,0
8585,2.62E-01,4,8585,Not eroded,0,1,1,1,1,1,3.60E-08,-3.27E-07,-1.52E-07,3.62E-07,9.05E-08,0,6.48E-04,1,1,0,0,0
8587,2.94E-01,4,8587,Not eroded,0,1,1,1,1,1,-1.74E-06,-7.55E-07,-1.57E-06,2.46E-06,6.16E-07,0,4.40E-03,1,1,0,0,0
8588,1.56E-01,5,8588,Not eroded,0,0,0,0,0,0,1.41E-07,-2.32E-08,5.65E-07,5.83E-07,1.17E-07,0,1.04E-03,0,1,0,0,0
8589,1.06E-01,3,8589,Not eroded,0,0,0,0,0,0,9.12E-08,2.23E-08,-9.76E-08,1.35E-07,4.51E-08,1,2.41E-04,1,1,0,0,0
8590,6.94E-02,4,8590,Not eroded,0,0,0,0,0,0,2.59E-08,9.68E-08,1.86E-07,2.11E-07,5.29E-08,0,3.77E-04,1,1,0,0,0
8591,2.97E-01,3,8591,Not eroded,0,1,1,1,1,1,1.37E-07,7.24E-07,1.17E-06,1.38E-06,4.61E-07,1,2.47E-03,1,1,0,0,0
8592,1.01E-01,4,8592,Not eroded,0,0,0,0,0,0,1.56E-08,-1.00E-07,1.92E-07,2.17E-07,5.43E-08,0,3.88E-04,1,1,0,0,0
8593,2.19E-01,0,8593,Not eroded,0,1,0,0,0,0,0,0.00E+00,0.00E+00,0,0,1,0.00E+00,1,1,1,1,1
8594,5.66E-02,3,8594,Not eroded,0,0,0,0,0,0,1.78E-07,2.41E-08,-1.49E-06,1.50E-06,4.99E-07,1,2.68E-03,1,1,0,0,0
8596,2.99E-01,3,8596,Not eroded,0,1,1,1,1,1,-3.37E-08,7.47E-07,-2.64E-07,7.93E-07,2.64E-07,1,1.42E-03,1,1,0,0,0
8597,1.28E-01,3,8597,Not eroded,0,0,0,0,0,0,-5.06E-08,-8.92E-09,1.22E-08,5.28E-08,1.76E-08,1,9.44E-05,1,1,0,0,0
8598,1.23E-01,4,8598,Not eroded,0,0,0,0,0,0,7.42E-06,-3.03E-06,2.65E-06,8.44E-06,2.11E-06,0,1.51E-02,1,1,0,0,0
8599,1.13E-01,5,8599,Not eroded,0,0,0,0,0,0,4.89E-07,-2.73E-07,2.91E-08,5.61E-07,1.12E-07,0,1.00E-03,0,1,0,0,0
8600,2.90E-01,2,8600,Not eroded,0,1,1,1,1,1,-1.16E-07,8.29E-07,1.43E-07,8.49E-07,4.25E-07,1,1.52E-03,1,1,1,0,0
8601,2.50E-01,3,8601,Not eroded,0,1,1,1,1,0,3.96E-07,-2.01E-08,4.07E-08,3.99E-07,1.33E-07,1,7.14E-04,1,1,0,0,0
8602,1.56E-01,4,8602,Not eroded,0,0,0,0,0,0,5.46E-10,3.07E-07,2.93E-07,4.24E-07,1.06E-07,0,7.58E-04,1,1,0,0,0
8603,8.46E-02,0,8603,Not eroded,0,0,0,0,0,0,0,0.00E+00,0.00E+00,0,0,1,0.00E+00,1,1,1,1,1
8604,1.29E-01,5,8604,Not eroded,0,0,0,0,0,0,-1.42E-07,4.32E-07,7.40E-07,8.69E-07,1.74E-07,0,1.55E-03,0,1,0,0,0
8605,1.18E-01,4,8605,Not eroded,0,0,0,0,0,0,5.13E-07,1.38E-07,6.08E-08,5.35E-07,1.34E-07,0,9.57E-04,1,1,0,0,0
8606,2.31E-01,0,8606,Not eroded,0,1,1,1,0,0,0,0.00E+00,0.00E+00,0,0,1,0.00E+00,1,1,1,1,1
8607,2.92E-01,3,8607,Not eroded,0,1,1,1,1,1,-1.57E-06,4.75E-06,-2.71E-06,5.69E-06,1.90E-06,1,1.02E-02,1,1,0,0,0
8608,1.58E-01,5,8608,Not eroded,0,0,0,0,0,0,4.06E-07,5.69E-07,-5.37E-08,7.01E-07,1.40E-07,0,1.25E-03,0,1,0,0,0
8609,2.10E-01,5,8609,Not eroded,0,1,0,0,0,0,1.49E-06,8.09E-07,8.35E-07,1.89E-06,3.78E-07,0,3.38E-03,0,1,0,0,0
8610,7.17E-02,3,8610,Not eroded,0,0,0,0,0,0,-7.32E-07,1.16E-06,2.74E-07,1.40E-06,4.66E-07,1,2.50E-03,1,1,0,0,0
8611,1.90E-01,3,8611,Not eroded,0,0,0,0,0,0,4.80E-07,1.17E-06,2.74E-06,3.01E-06,1.00E-06,1,5.38E-03,1,1,0,0,0
8612,1.02E-01,0,8612,Not eroded,0,0,0,0,0,0,0,0.00E+00,0.00E+00,0,0,1,0.00E+00,1,1,1,1,1
8613,2.98E-01,0,8613,ERODED,1,1,1,1,1,1,0,0.00E+00,0.00E+00,0,0,1,0.00E+00,1,1,1,1,1
8614,1.47E-01,4,8614,Not eroded,0,0,0,0,0,0,-1.33E-07,-1.44E-07,8.35E-08,2.13E-07,5.34E-08,0,3.81E-04,1,1,0,0,0
8615,2.67E-01,0,8615,Not eroded,0,1,1,1,1,1,0,0.00E+00,0.00E+00,0,0,1,0.00E+00,1,1,1,1,1
8616,3.17E-01,0,8616,ERODED,1,1,1,1,1,1,0,0.00E+00,0.00E+00,0,0,1,0.00E+00,1,1,1,1,1
8617,2.98E-01,4,8617,Not eroded,0,1,1,1,1,1,1.70E-06,-3.62E-07,-7.41E-07,1.89E-06,4.72E-07,0,3.38E-03,1,1,0,0,0
8618,2.53E-01,4,8618,Not eroded,0,1,1,1,1,1,1.90E-07,1.49E-07,-6.17E-08,2.49E-07,6.22E-08,0,4.45E-04,1,1,0,0,0
8619,2.13E-01,7,8619,Not eroded,0,1,0,0,0,0,-3.65E-08,2.88E-06,3.00E-06,4.16E-06,5.95E-07,0,7.44E-03,0,0,0,0,0
8620,1.60E-01,4,8620,Not eroded,0,0,0,0,0,0,-1.16E-06,-5.61E-07,1.19E-06,1.75E-06,4.38E-07,0,3.13E-03,1,1,0,0,0
8621,1.61E-01,3,8621,Not eroded,0,0,0,0,0,0,-3.50E-07,1.37E-07,5.53E-07,6.69E-07,2.23E-07,1,1.20E-03,1,1,0,0,0
8622,1.04E-01,4,8622,Not eroded,0,0,0,0,0,0,1.09E-06,-1.26E-07,-7.64E-08,1.10E-06,2.74E-07,0,1.97E-03,1,1,0,0,0
8623,1.96E-01,0,8623,Not eroded,0,1,0,0,0,0,0,0.00E+00,0.00E+00,0,0,1,0.00E+00,1,1,1,1,1
8624,1.25E-01,3,8624,Not eroded,0,0,0,0,0,0,-1.53E-07,-7.21E-07,-8.83E-08,7.42E-07,2.47E-07,1,1.33E-03,1,1,0,0,0
8625,1.68E-01,4,8625,Not eroded,0,0,0,0,0,0,1.42E-07,1.13E-07,1.45E-07,2.32E-07,5.81E-08,0,4.15E-04,1,1,0,0,0
8626,2.64E-01,0,8626,ERODED,1,1,1,1,1,1,0,0.00E+00,0.00E+00,0,0,1,0.00E+00,1,1,1,1,1
8627,1.17E-01,6,8627,Not eroded,0,0,0,0,0,0,8.92E-08,-1.37E-08,-1.51E-08,9.15E-08,1.53E-08,0,1.64E-04,0,0,0,0,0
8628,1.60E-01,4,8628,Not eroded,0,0,0,0,0,0,-3.36E-07,-1.18E-07,-7.04E-08,3.63E-07,9.07E-08,0,6.49E-04,1,1,0,0,0
8629,2.34E-01,4,8629,Not eroded,0,1,1,1,0,0,-4.76E-08,2.95E-07,2.54E-07,3.92E-07,9.80E-08,0,7.01E-04,1,1,0,0,0
8631,2.12E-01,4,8631,Not eroded,0,1,0,0,0,0,-2.57E-06,-2.17E-06,1.21E-06,3.57E-06,8.94E-07,0,6.39E-03,1,1,0,0,0
8632,2.48E-01,0,8632,Not eroded,0,1,1,1,1,0,0,0.00E+00,0.00E+00,0,0,1,0.00E+00,1,1,1,1,1
8633,2.93E-01,3,8633,Not eroded,0,1,1,1,1,1,1.12E-06,-2.83E-07,1.82E-06,2.15E-06,7.18E-07,1,3.85E-03,1,1,0,0,0
8634,2.28E-01,5,8634,Not eroded,0,1,1,0,0,0,2.21E-08,1.06E-08,2.37E-08,3.42E-08,6.83E-09,0,6.12E-05,0,1,0,0,0
8635,1.00E-01,6,8635,Not eroded,0,0,0,0,0,0,2.70E-07,-1.05E-07,1.76E-06,1.78E-06,2.97E-07,0,3.18E-03,0,0,0,0,0
8636,1.27E-01,5,8636,Not eroded,0,0,0,0,0,0,5.50E-07,1.35E-07,-1.84E-08,5.67E-07,1.13E-07,0,1.01E-03,0,1,0,0,0
8637,1.06E-01,0,8637,Not eroded,0,0,0,0,0,0,0,0.00E+00,0.00E+00,0,0,1,0.00E+00,1,1,1,1,1
8638,2.51E-01,5,8638,Not eroded,0,1,1,1,1,1,-3.49E-06,-2.86E-06,4.61E-06,6.45E-06,1.29E-06,0,1.15E-02,0,1,0,0,0
8639,2.25E-01,0,8639,Not eroded,0,1,1,0,0,0,0,0.00E+00,0.00E+00,0,0,1,0.00E+00,1,1,1,1,1
8641,1.37E-01,0,8641,Not eroded,0,0,0,0,0,0,0,0.00E+00,0.00E+00,0,0,1,0.00E+00,1,1,1,1,1
8642,2.33E-01,4,8642,Not eroded,0,1,1,1,0,0,-2.56E-08,-1.69E-07,2.22E-07,2.80E-07,7.00E-08,0,5.01E-04,1,1,0,0,0
8644,3.34E-01,0,8644,ERODED,1,1,1,1,1,1,0,0.00E+00,0.00E+00,0,0,1,0.00E+00,1,1,1,1,1
8645,8.18E-02,3,8645,Not eroded,0,0,0,0,0,0,3.26E-07,4.67E-07,3.56E-07,6.72E-07,2.24E-07,1,1.20E-03,1,1,0,0,0
8647,2.24E-01,4,8647,Not eroded,0,1,1,0,0,0,9.08E-10,1.93E-08,2.74E-08,3.36E-08,8.39E-09,0,6.01E-05,1,1,0,0,0
8648,9.87E-02,3,8648,Not eroded,0,0,0,0,0,0,-1.34E-07,1.25E-07,-5.66E-08,1.92E-07,6.40E-08,1,3.43E-04,1,1,0,0,0
8649,5.66E-02,3,8649,Not eroded,0,0,0,0,0,0,-9.57E-09,1.43E-07,-1.35E-06,1.35E-06,4.51E-07,1,2.41E-03,1,1,0,0,0
8650,1.45E-01,3,8650,Not eroded,0,0,0,0,0,0,2.27E-07,5.07E-07,2.55E-07,6.11E-07,2.04E-07,1,1.09E-03,1,1,0,0,0
8651,2.14E-01,3,8651,Not eroded,0,1,0,0,0,0,-4.80E-08,1.96E-08,2.40E-07,2.46E-07,8.19E-08,1,4.40E-04,1,1,0,0,0
8652,2.43E-01,4,8652,Not eroded,0,1,1,1,1,0,-2.91E-06,-3.39E-06,3.81E-06,5.87E-06,1.47E-06,0,1.05E-02,1,1,0,0,0
8653,1.46E-01,4,8653,Not eroded,0,0,0,0,0,0,-5.89E-07,8.28E-08,-1.00E-06,1.16E-06,2.91E-07,0,2.07E-03,1,1,0,0,0
8654,1.92E-01,0,8654,Not eroded,0,1,0,0,0,0,0,0.00E+00,0.00E+00,0,0,1,0.00E+00,1,1,1,1,1
8655,1.30E-01,3,8655,Not eroded,0,0,0,0,0,0,7.31E-08,-2.65E-08,4.77E-07,4.83E-07,1.61E-07,1,8.64E-04,1,1,0,0,0
8656,8.73E-02,3,8656,Not eroded,0,0,0,0,0,0,-1.15E-07,-2.48E-07,1.45E-07,3.09E-07,1.03E-07,1,5.53E-04,1,1,0,0,0
8657,1.05E-01,4,8657,Not eroded,0,0,0,0,0,0,8.82E-08,-1.13E-06,-3.76E-07,1.19E-06,2.97E-07,0,2.13E-03,1,1,0,0,0
8658,5.66E-02,3,8658,Not eroded,0,0,0,0,0,0,-1.11E-06,8.90E-07,-1.35E-06,1.96E-06,6.55E-07,1,3.51E-03,1,1,0,0,0
8659,2.35E-01,0,8659,Not eroded,0,1,1,1,0,0,0,0.00E+00,0.00E+00,0,0,1,0.00E+00,1,1,1,1,1
8660,1.91E-01,0,8660,Not eroded,0,1,0,0,0,0,0,0.00E+00,0.00E+00,0,0,1,0.00E+00,1,1,1,1,1
8661,1.18E-01,3,8661,Not eroded,0,0,0,0,0,0,1.57E-07,9.27E-08,2.11E-07,2.79E-07,9.30E-08,1,4.99E-04,1,1,0,0,0
8662,1.61E-01,5,8662,Not eroded,0,0,0,0,0,0,4.01E-07,-7.53E-07,1.98E-07,8.76E-07,1.75E-07,0,1.57E-03,0,1,0,0,0
8663,2.61E-01,0,8663,Not eroded,0,1,1,1,1,1,0,0.00E+00,0.00E+00,0,0,1,0.00E+00,1,1,1,1,1
8665,2.11E-01,5,8665,Not eroded,0,1,0,0,0,0,-2.13E-07,-2.46E-08,8.56E-07,8.82E-07,1.76E-07,0,1.58E-03,0,1,0,0,0
8666,9.74E-02,3,8666,Not eroded,0,0,0,0,0,0,2.56E-07,-1.71E-07,3.18E-07,4.42E-07,1.47E-07,1,7.91E-04,1,1,0,0,0
8667,5.66E-02,4,8667,Not eroded,0,0,0,0,0,0,5.94E-07,-1.73E-07,-1.16E-06,1.32E-06,3.29E-07,0,2.36E-03,1,1,0,0,0
8668,2.89E-01,4,8668,Not eroded,0,1,1,1,1,1,1.74E-06,1.49E-05,4.61E-06,1.57E-05,3.93E-06,0,2.81E-02,1,1,0,0,0
8669,7.96E-02,4,8669,Not eroded,0,0,0,0,0,0,-1.21E-07,-9.34E-08,9.13E-08,1.78E-07,4.45E-08,0,3.18E-04,1,1,0,0,0
8670,6.51E-02,6,8670,Not eroded,0,0,0,0,0,0,3.45E-07,1.19E-07,-1.26E-07,3.87E-07,6.44E-08,0,6.92E-04,0,0,0,0,0
8671,2.08E-01,3,8671,Not eroded,0,1,0,0,0,0,6.26E-07,1.97E-07,2.25E-07,6.94E-07,2.31E-07,1,1.24E-03,1,1,0,0,0
8672,3.16E-01,2,8672,Not eroded,0,1,1,1,1,1,7.37E-07,5.15E-07,7.58E-07,1.18E-06,5.88E-07,1,2.11E-03,1,1,1,0,0
8673,3.12E-01,0,8673,ERODED,1,1,1,1,1,1,0,0.00E+00,0.00E+00,0,0,1,0.00E+00,1,1,1,1,1
8674,1.41E-01,4,8674,Not eroded,0,0,0,0,0,0,-2.11E-08,-8.89E-08,3.32E-08,9.72E-08,2.43E-08,0,1.74E-04,1,1,0,0,0
8675,1.92E-01,2,8675,Not eroded,0,1,0,0,0,0,-3.26E-07,-3.98E-07,5.51E-08,5.18E-07,2.59E-07,1,9.27E-04,1,1,1,0,0
8676,1.83E-01,3,8676,Not eroded,0,0,0,0,0,0,2.42E-07,3.57E-07,9.17E-08,4.41E-07,1.47E-07,1,7.89E-04,1,1,0,0,0
8677,3.18E-01,0,8677,ERODED,1,1,1,1,1,1,0,0.00E+00,0.00E+00,0,0,1,0.00E+00,1,1,1,1,1
8678,2.15E-01,5,8678,Not eroded,0,1,0,0,0,0,1.20E-07,-7.60E-08,-1.46E-08,1.43E-07,2.85E-08,0,2.56E-04,0,1,0,0,0
8679,1.49E-01,4,8679,Not eroded,0,0,0,0,0,0,-9.80E-08,1.51E-07,5.79E-08,1.89E-07,4.73E-08,0,3.38E-04,1,1,0,0,0
8680,1.70E-01,0,8680,Not eroded,0,0,0,0,0,0,0,0.00E+00,0.00E+00,0,0,1,0.00E+00,1,1,1,1,1
8681,2.38E-01,4,8681,Not eroded,0,1,1,1,0,0,-1.11E-06,-1.42E-06,1.60E-06,2.41E-06,6.02E-07,0,4.31E-03,1,1,0,0,0
8682,3.06E-01,0,8682,ERODED,1,1,1,1,1,1,0,0.00E+00,0.00E+00,0,0,1,0.00E+00,1,1,1,1,1
8683,8.67E-02,4,8683,Not eroded,0,0,0,0,0,0,7.89E-07,-7.49E-07,-4.42E-08,1.09E-06,2.72E-07,0,1.95E-03,1,1,0,0,0
8684,5.66E-02,3,8684,Not eroded,0,0,0,0,0,0,3.27E-07,-2.34E-07,-1.52E-06,1.57E-06,5.23E-07,1,2.81E-03,1,1,0,0,0
8685,1.90E-01,5,8685,Not eroded,0,0,0,0,0,0,2.14E-06,6.87E-08,2.86E-06,3.57E-06,7.14E-07,0,6.39E-03,0,1,0,0,0
8686,1.34E-01,5,8686,Not eroded,0,0,0,0,0,0,1.37E-07,-7.47E-08,-4.04E-09,1.56E-07,3.12E-08,0,2.79E-04,0,1,0,0,0
8687,1.10E-01,3,8687,Not eroded,0,0,0,0,0,0,4.01E-07,7.09E-07,1.95E-07,8.37E-07,2.79E-07,1,1.50E-03,1,1,0,0,0
8688,1.72E-01,5,8688,Not eroded,0,0,0,0,0,0,2.61E-07,1.49E-07,1.84E-07,3.53E-07,7.05E-08,0,6.31E-04,0,1,0,0,0
8689,2.59E-01,0,8689,Not eroded,0,1,1,1,1,1,0,0.00E+00,0.00E+00,0,0,1,0.00E+00,1,1,1,1,1
8690,2.72E-01,3,8690,Not eroded,0,1,1,1,1,1,-5.39E-06,4.21E-06,-5.95E-06,9.07E-06,3.02E-06,1,1.62E-02,1,1,0,0,0
8691,2.39E-01,5,8691,Not eroded,0,1,1,1,0,0,1.93E-06,1.25E-06,1.92E-06,2.99E-06,5.98E-07,0,5.35E-03,0,1,0,0,0
8692,2.04E-01,0,8692,Not eroded,0,1,0,0,0,0,0,0.00E+00,0.00E+00,0,0,1,0.00E+00,1,1,1,1,1
8693,2.48E-01,4,8693,Not eroded,0,1,1,1,1,0,2.39E-07,1.36E-06,1.09E-06,1.76E-06,4.39E-07,0,3.15E-03,1,1,0,0,0
8694,2.40E-01,0,8694,Not eroded,0,1,1,1,0,0,0,0.00E+00,0.00E+00,0,0,1,0.00E+00,1,1,1,1,1
8695,5.98E-02,3,8695,Not eroded,0,0,0,0,0,0,4.71E-07,2.59E-07,2.44E-07,5.91E-07,1.97E-07,1,1.06E-03,1,1,0,0,0
8696,1.91E-01,0,8696,Not eroded,0,0,0,0,0,0,0,0.00E+00,0.00E+00,0,0,1,0.00E+00,1,1,1,1,1
8697,2.85E-01,0,8697,Not eroded,0,1,1,1,1,1,0,0.00E+00,0.00E+00,0,0,1,0.00E+00,1,1,1,1,1
8698,1.15E-01,0,8698,Not eroded,0,0,0,0,0,0,0,0.00E+00,0.00E+00,0,0,1,0.00E+00,1,1,1,1,1
8699,2.49E-01,0,8699,Not eroded,0,1,1,1,1,0,0,0.00E+00,0.00E+00,0,0,1,0.00E+00,1,1,1,1,1
8700,6.56E-02,4,8700,Not eroded,0,0,0,0,0,0,-2.74E-07,-1.13E-07,5.14E-07,5.93E-07,1.48E-07,0,1.06E-03,1,1,0,0,0
8701,3.03E-01,0,8701,ERODED,1,1,1,1,1,1,0,0.00E+00,0.00E+00,0,0,1,0.00E+00,1,1,1,1,1
8702,1.09E-01,4,8702,Not eroded,0,0,0,0,0,0,1.28E-06,1.31E-06,1.49E-06,2.36E-06,5.90E-07,0,4.22E-03,1,1,0,0,0
8703,3.12E-01,0,8703,ERODED,1,1,1,1,1,1,0,0.00E+00,0.00E+00,0,0,1,0.00E+00,1,1,1,1,1
8704,7.23E-02,0,8704,Not eroded,0,0,0,0,0,0,0,0.00E+00,0.00E+00,0,0,1,0.00E+00,1,1,1,1,1
8705,2.25E-01,4,8705,Not eroded,0,1,1,0,0,0,3.83E-07,-7.87E-07,1.11E-06,1.42E-06,3.54E-07,0,2.54E-03,1,1,0,0,0
8706,1.71E-01,4,8706,Not eroded,0,0,0,0,0,0,4.33E-07,3.27E-07,5.94E-07,8.04E-07,2.01E-07,0,1.44E-03,1,1,0,0,0
8707,1.89E-01,3,8707,Not eroded,0,0,0,0,0,0,-9.43E-07,-1.08E-06,-1.21E-06,1.88E-06,6.26E-07,1,3.36E-03,1,1,0,0,0
8708,2.88E-01,4,8708,Not eroded,0,1,1,1,1,1,1.02E-06,-9.06E-08,5.87E-07,1.18E-06,2.95E-07,0,2.11E-03,1,1,0,0,0
8709,2.63E-01,3,8709,Not eroded,0,1,1,1,1,1,-2.35E-06,-7.39E-08,3.19E-06,3.96E-06,1.32E-06,1,7.08E-03,1,1,0,0,0
8710,2.78E-01,0,8710,ERODED,1,1,1,1,1,1,0,0.00E+00,0.00E+00,0,0,1,0.00E+00,1,1,1,1,1
8711,1.63E-01,5,8711,Not eroded,0,0,0,0,0,0,1.25E-07,4.10E-08,3.03E-08,1.35E-07,2.71E-08,0,2.41E-04,0,1,0,0,0
8712,2.24E-01,4,8712,Not eroded,0,1,1,0,0,0,3.38E-07,6.52E-07,-1.14E-07,7.43E-07,1.86E-07,0,1.33E-03,1,1,0,0,0
8713,3.27E-01,0,8713,ERODED,1,1,1,1,1,1,0,0.00E+00,0.00E+00,0,0,1,0.00E+00,1,1,1,1,1
8714,1.11E-01,6,8714,Not eroded,0,0,0,0,0,0,1.67E-07,2.44E-07,1.29E-07,3.23E-07,5.38E-08,0,5.78E-04,0,0,0,0,0
8715,2.32E-01,5,8715,Not eroded,0,1,1,1,0,0,-1.25E-06,-2.05E-06,-3.14E-07,2.42E-06,4.84E-07,0,4.33E-03,0,1,0,0,0
8716,2.95E-01,0,8716,ERODED,1,1,1,1,1,1,0,0.00E+00,0.00E+00,0,0,1,0.00E+00,1,1,1,1,1
8717,5.66E-02,2,8717,Not eroded,0,0,0,0,0,0,1.17E-06,-2.45E-07,-1.17E-06,1.67E-06,8.36E-07,1,2.99E-03,1,1,1,0,0
8718,2.86E-01,4,8718,Not eroded,0,1,1,1,1,1,-5.02E-08,3.53E-08,2.11E-08,6.49E-08,1.62E-08,0,1.16E-04,1,1,0,0,0
8719,1.93E-01,0,8719,Not eroded,0,1,0,0,0,0,0,0.00E+00,0.00E+00,0,0,1,0.00E+00,1,1,1,1,1
8720,1.17E-01,6,8720,Not eroded,0,0,0,0,0,0,8.66E-08,1.27E-08,1.37E-07,1.63E-07,2.71E-08,0,2.92E-04,0,0,0,0,0
8722,1.47E-01,2,8722,Not eroded,0,0,0,0,0,0,-4.44E-07,-3.84E-07,1.17E-06,1.31E-06,6.57E-07,1,2.34E-03,1,1,1,0,0
8723,7.63E-02,3,8723,Not eroded,0,0,0,0,0,0,6.43E-08,-2.19E-08,1.43E-07,1.58E-07,5.27E-08,1,2.83E-04,1,1,0,0,0
8725,5.66E-02,5,8725,Not eroded,0,0,0,0,0,0,1.63E-07,-7.33E-08,-9.14E-07,9.31E-07,1.86E-07,0,1.67E-03,0,1,0,0,0
8726,1.13E-01,4,8726,Not eroded,0,0,0,0,0,0,1.12E-07,-1.51E-08,6.48E-08,1.30E-07,3.25E-08,0,2.33E-04,1,1,0,0,0
8727,1.86E-01,5,8727,Not eroded,0,0,0,0,0,0,4.47E-07,9.42E-08,6.08E-07,7.61E-07,1.52E-07,0,1.36E-03,0,1,0,0,0
8728,5.65E-02,4,8728,Not eroded,0,0,0,0,0,0,-5.27E-08,-1.40E-08,-1.32E-06,1.32E-06,3.29E-07,0,2.36E-03,1,1,0,0,0
8729,1.39E-01,3,8729,Not eroded,0,0,0,0,0,0,1.29E-06,-2.35E-07,6.32E-07,1.45E-06,4.84E-07,1,2.59E-03,1,1,0,0,0
8730,2.23E-01,3,8730,Not eroded,0,1,1,0,0,0,5.59E-07,-2.36E-07,5.03E-08,6.08E-07,2.03E-07,1,1.09E-03,1,1,0,0,0
8731,1.23E-01,5,8731,Not eroded,0,0,0,0,0,0,1.43E-06,2.25E-06,2.62E-06,3.74E-06,7.47E-07,0,6.69E-03,0,1,0,0,0
8733,6.83E-02,3,8733,Not eroded,0,0,0,0,0,0,3.49E-08,-5.12E-07,1.70E-07,5.41E-07,1.80E-07,1,9.68E-04,1,1,0,0,0
8735,8.60E-02,0,8735,Not eroded,0,0,0,0,0,0,0,0.00E+00,0.00E+00,0,0,1,0.00E+00,1,1,1,1,1
8737,2.92E-01,0,8737,Not eroded,0,1,1,1,1,1,0,0.00E+00,0.00E+00,0,0,1,0.00E+00,1,1,1,1,1
8738,6.32E-02,5,8738,Not eroded,0,0,0,0,0,0,1.79E-07,-5.66E-07,2.21E-07,6.34E-07,1.27E-07,0,1.13E-03,0,1,0,0,0
8739,2.20E-01,3,8739,Not eroded,0,1,0,0,0,0,3.09E-08,2.95E-07,-2.15E-08,2.97E-07,9.90E-08,1,5.31E-04,1,1,0,0,0
8740,3.17E-01,0,8740,ERODED,1,1,1,1,1,1,0,0.00E+00,0.00E+00,0,0,1,0.00E+00,1,1,1,1,1
8741,2.63E-01,2,8741,Not eroded,0,1,1,1,1,1,1.71E-07,8.75E-08,3.49E-07,3.98E-07,1.99E-07,1,7.12E-04,1,1,1,0,0
8742,2.38E-01,5,8742,Not eroded,0,1,1,1,0,0,8.59E-07,4.04E-07,6.99E-07,1.18E-06,2.36E-07,0,2.11E-03,0,1,0,0,0
8743,1.64E-01,0,8743,Not eroded,0,0,0,0,0,0,0,0.00E+00,0.00E+00,0,0,1,0.00E+00,1,1,1,1,1
8745,2.87E-01,0,8745,Not eroded,0,1,1,1,1,1,0,0.00E+00,0.00E+00,0,0,1,0.00E+00,1,1,1,1,1
8746,2.82E-01,6,8746,Not eroded,0,1,1,1,1,1,5.41E-07,4.36E-07,2.84E-07,7.50E-07,1.25E-07,0,1.34E-03,0,0,0,0,0
8747,1.52E-01,5,8747,Not eroded,0,0,0,0,0,0,8.57E-08,1.95E-07,1.73E-07,2.74E-07,5.49E-08,0,4.90E-04,0,1,0,0,0
8748,5.98E-02,4,8748,Not eroded,0,0,0,0,0,0,2.25E-07,-2.12E-07,8.18E-09,3.09E-07,7.74E-08,0,5.53E-04,1,1,0,0,0
8750,2.17E-01,0,8750,Not eroded,0,1,0,0,0,0,0,0.00E+00,0.00E+00,0,0,1,0.00E+00,1,1,1,1,1
8751,1.06E-01,0,8751,Not eroded,0,0,0,0,0,0,0,0.00E+00,0.00E+00,0,0,1,0.00E+00,1,1,1,1,1
8752,2.82E-01,4,8752,Not eroded,0,1,1,1,1,1,9.02E-06,-5.78E-07,-9.53E-06,1.31E-05,3.28E-06,0,2.34E-02,1,1,0,0,0
8753,6.35E-02,5,8753,Not eroded,0,0,0,0,0,0,4.05E-07,-3.24E-07,2.64E-08,5.19E-07,1.04E-07,0,9.28E-04,0,1,0,0,0
8754,2.76E-01,0,8754,ERODED,1,1,1,1,1,1,0,0.00E+00,0.00E+00,0,0,1,0.00E+00,1,1,1,1,1
8755,1.16E-01,4,8755,Not eroded,0,0,0,0,0,0,8.96E-08,1.37E-07,2.60E-07,3.07E-07,7.68E-08,0,5.49E-04,1,1,0,0,0
8756,2.59E-01,9,8756,Not eroded,0,1,1,1,1,1,-8.82E-08,3.01E-07,-1.52E-09,3.13E-07,3.48E-08,0,5.60E-04,0,0,0,0,0
8758,7.14E-02,5,8758,Not eroded,0,0,0,0,0,0,-1.55E-07,2.28E-07,2.85E-07,3.96E-07,7.93E-08,0,7.08E-04,0,1,0,0,0
8759,2.72E-01,3,8759,Not eroded,0,1,1,1,1,1,7.44E-07,-6.36E-07,2.70E-07,1.02E-06,3.38E-07,1,1.82E-03,1,1,0,0,0
8760,8.12E-02,5,8760,Not eroded,0,0,0,0,0,0,-4.52E-07,-8.29E-08,2.51E-08,4.60E-07,9.20E-08,0,8.23E-04,0,1,0,0,0
8761,5.65E-02,3,8761,Not eroded,0,0,0,0,0,0,1.32E-06,9.04E-07,-1.11E-06,1.95E-06,6.49E-07,1,3.49E-03,1,1,0,0,0
8762,6.13E-02,5,8762,Not eroded,0,0,0,0,0,0,-2.71E-07,1.35E-07,-1.36E-08,3.04E-07,6.07E-08,0,5.44E-04,0,1,0,0,0
8763,1.76E-01,0,8763,Not eroded,0,0,0,0,0,0,0,0.00E+00,0.00E+00,0,0,1,0.00E+00,1,1,1,1,1
8764,1.98E-01,5,8764,Not eroded,0,1,0,0,0,0,-5.28E-07,7.92E-08,1.65E-08,5.34E-07,1.07E-07,0,9.55E-04,0,1,0,0,0
8765,1.51E-01,4,8765,Not eroded,0,0,0,0,0,0,2.28E-07,2.30E-07,-3.85E-07,5.03E-07,1.26E-07,0,9.00E-04,1,1,0,0,0
8766,1.81E-01,4,8766,Not eroded,0,0,0,0,0,0,1.50E-07,2.82E-07,1.88E-07,3.71E-07,9.28E-08,0,6.64E-04,1,1,0,0,0
8767,1.29E-01,3,8767,Not eroded,0,0,0,0,0,0,2.25E-07,-7.67E-08,1.41E-07,2.77E-07,9.22E-08,1,4.95E-04,1,1,0,0,0
8768,3.07E-01,0,8768,ERODED,1,1,1,1,1,1,0,0.00E+00,0.00E+00,0,0,1,0.00E+00,1,1,1,1,1
8769,1.92E-01,5,8769,Not eroded,0,1,0,0,0,0,-1.69E-07,-1.46E-07,3.02E-08,2.26E-07,4.52E-08,0,4.04E-04,0,1,0,0,0
8770,2.86E-01,0,8770,ERODED,1,1,1,1,1,1,0,0.00E+00,0.00E+00,0,0,1,0.00E+00,1,1,1,1,1
8771,2.07E-01,5,8771,Not eroded,0,1,0,0,0,0,3.36E-07,-2.73E-10,1.37E-07,3.63E-07,7.25E-08,0,6.49E-04,0,1,0,0,0
8772,2.43E-01,0,8772,Not eroded,0,1,1,1,1,0,0,0.00E+00,0.00E+00,0,0,1,0.00E+00,1,1,1,1,1
8775,1.49E-01,3,8775,Not eroded,0,0,0,0,0,0,9.10E-08,-2.40E-07,1.62E-06,1.64E-06,5.48E-07,1,2.93E-03,1,1,0,0,0
8776,2.10E-01,0,8776,Not eroded,0,1,0,0,0,0,0,0.00E+00,0.00E+00,0,0,1,0.00E+00,1,1,1,1,1
8777,1.18E-01,4,8777,Not eroded,0,0,0,0,0,0,-5.76E-09,8.94E-08,-6.07E-08,1.08E-07,2.71E-08,0,1.93E-04,1,1,0,0,0
8778,7.41E-02,5,8778,Not eroded,0,0,0,0,0,0,-1.81E-07,-1.02E-07,1.07E-07,2.34E-07,4.68E-08,0,4.19E-04,0,1,0,0,0
8780,2.18E-01,4,8780,Not eroded,0,1,0,0,0,0,1.11E-07,-1.41E-07,3.34E-07,3.79E-07,9.47E-08,0,6.78E-04,1,1,0,0,0
8781,1.13E-01,6,8781,Not eroded,0,0,0,0,0,0,-4.49E-08,-4.91E-08,7.19E-09,6.69E-08,1.11E-08,0,1.20E-04,0,0,0,0,0
8782,7.33E-02,0,8782,Not eroded,0,0,0,0,0,0,0,0.00E+00,0.00E+00,0,0,1,0.00E+00,1,1,1,1,1
8783,1.33E-01,2,8783,Not eroded,0,0,0,0,0,0,1.64E-07,-4.40E-08,1.35E-08,1.70E-07,8.49E-08,1,3.04E-04,1,1,1,0,0
8784,2.33E-01,4,8784,Not eroded,0,1,1,1,0,0,4.86E-07,2.03E-07,4.95E-08,5.29E-07,1.32E-07,0,9.46E-04,1,1,0,0,0
8785,1.17E-01,0,8785,Not eroded,0,0,0,0,0,0,0,0.00E+00,0.00E+00,0,0,1,0.00E+00,1,1,1,1,1
8786,2.73E-01,5,8786,Not eroded,0,1,1,1,1,1,4.56E-07,3.15E-07,7.93E-08,5.60E-07,1.12E-07,0,1.00E-03,0,1,0,0,0
8787,1.40E-01,1,8787,Not eroded,0,0,0,0,0,0,-1.50E-05,-1.29E-05,-3.25E-06,2.00E-05,2.00E-05,1,3.58E-02,1,1,1,1,0
8788,5.66E-02,5,8788,Not eroded,0,0,0,0,0,0,-2.91E-08,-1.76E-09,-1.27E-06,1.27E-06,2.55E-07,0,2.27E-03,0,1,0,0,0
8789,1.89E-01,5,8789,Not eroded,0,0,0,0,0,0,-2.69E-08,1.23E-07,2.64E-07,2.92E-07,5.85E-08,0,5.22E-04,0,1,0,0,0
8791,2.99E-01,0,8791,ERODED,1,1,1,1,1,1,0,0.00E+00,0.00E+00,0,0,1,0.00E+00,1,1,1,1,1
8792,2.74E-01,4,8792,Not eroded,0,1,1,1,1,1,-2.48E-07,3.57E-07,-5.34E-08,4.38E-07,1.09E-07,0,7.83E-04,1,1,0,0,0
8793,5.66E-02,3,8793,Not eroded,0,0,0,0,0,0,-8.13E-09,-1.13E-06,-1.47E-06,1.85E-06,6.18E-07,1,3.31E-03,1,1,0,0,0
8794,5.66E-02,3,8794,Not eroded,0,0,0,0,0,0,3.79E-07,-6.62E-08,-8.53E-07,9.35E-07,3.12E-07,1,1.67E-03,1,1,0,0,0
8795,2.85E-01,0,8795,Not eroded,0,1,1,1,1,1,0,0.00E+00,0.00E+00,0,0,1,0.00E+00,1,1,1,1,1
8796,1.98E-01,5,8796,Not eroded,0,1,0,0,0,0,8.12E-07,-1.11E-07,8.50E-08,8.24E-07,1.65E-07,0,1.47E-03,0,1,0,0,0
8797,1.68E-01,0,8797,Not eroded,0,0,0,0,0,0,0,0.00E+00,0.00E+00,0,0,1,0.00E+00,1,1,1,1,1
8798,2.41E-01,4,8798,Not eroded,0,1,1,1,1,0,-3.40E-07,-2.73E-07,1.03E-06,1.12E-06,2.79E-07,0,2.00E-03,1,1,0,0,0
8799,2.60E-01,0,8799,ERODED,1,1,1,1,1,1,0,0.00E+00,0.00E+00,0,0,1,0.00E+00,1,1,1,1,1
8800,1.76E-01,5,8800,Not eroded,0,0,0,0,0,0,-1.19E-07,8.21E-07,7.44E-07,1.11E-06,2.23E-07,0,1.99E-03,0,1,0,0,0
8801,2.43E-01,0,8801,Not eroded,0,1,1,1,1,0,0,0.00E+00,0.00E+00,0,0,1,0.00E+00,1,1,1,1,1
8803,1.50E-01,0,8803,Not eroded,0,0,0,0,0,0,0,0.00E+00,0.00E+00,0,0,1,0.00E+00,1,1,1,1,1
8804,2.39E-01,5,8804,Not eroded,0,1,1,1,0,0,5.79E-06,5.63E-06,2.85E-05,2.96E-05,5.92E-06,0,5.29E-02,0,1,0,0,0
8805,1.90E-01,0,8805,Not eroded,0,0,0,0,0,0,0,0.00E+00,0.00E+00,0,0,1,0.00E+00,1,1,1,1,1
8806,1.30E-01,3,8806,Not eroded,0,0,0,0,0,0,8.54E-07,-6.03E-08,2.08E-07,8.81E-07,2.94E-07,1,1.58E-03,1,1,0,0,0
8807,2.27E-01,4,8807,Not eroded,0,1,1,0,0,0,-1.54E-07,-8.92E-07,1.75E-08,9.05E-07,2.26E-07,0,1.62E-03,1,1,0,0,0
8808,1.83E-01,4,8808,Not eroded,0,0,0,0,0,0,-1.45E-08,2.80E-07,4.59E-07,5.38E-07,1.34E-07,0,9.62E-04,1,1,0,0,0
8809,2.07E-01,3,8809,Not eroded,0,1,0,0,0,0,1.24E-07,-1.15E-07,3.43E-07,3.82E-07,1.27E-07,1,6.83E-04,1,1,0,0,0
8810,1.36E-01,6,8810,Not eroded,0,0,0,0,0,0,-1.39E-06,2.43E-07,-2.04E-07,1.43E-06,2.38E-07,0,2.56E-03,0,0,0,0,0
8811,2.57E-01,3,8811,Not eroded,0,1,1,1,1,1,4.06E-07,2.59E-08,1.31E-07,4.27E-07,1.42E-07,1,7.64E-04,1,1,0,0,0
8812,1.16E-01,4,8812,Not eroded,0,0,0,0,0,0,-1.64E-07,-1.30E-08,-1.53E-07,2.25E-07,5.62E-08,0,4.02E-04,1,1,0,0,0
8813,2.71E-01,3,8813,Not eroded,0,1,1,1,1,1,2.24E-07,-1.89E-08,-1.62E-07,2.77E-07,9.23E-08,1,4.95E-04,1,1,0,0,0
8814,1.38E-01,4,8814,Not eroded,0,0,0,0,0,0,9.42E-08,-4.40E-08,1.94E-07,2.20E-07,5.49E-08,0,3.94E-04,1,1,0,0,0
8815,2.94E-01,4,8815,Not eroded,0,1,1,1,1,1,-2.85E-07,-2.39E-08,-8.24E-08,2.98E-07,7.44E-08,0,5.33E-04,1,1,0,0,0
8817,5.66E-02,5,8817,Not eroded,0,0,0,0,0,0,1.60E-08,4.11E-08,-1.11E-06,1.11E-06,2.23E-07,0,1.99E-03,0,1,0,0,0
8818,1.74E-01,0,8818,Not eroded,0,0,0,0,0,0,0,0.00E+00,0.00E+00,0,0,1,0.00E+00,1,1,1,1,1
8819,2.88E-01,4,8819,Not eroded,0,1,1,1,1,1,3.16E-07,1.11E-07,6.18E-08,3.40E-07,8.51E-08,0,6.08E-04,1,1,0,0,0
8820,3.04E-01,0,8820,ERODED,1,1,1,1,1,1,0,0.00E+00,0.00E+00,0,0,1,0.00E+00,1,1,1,1,1
8821,1.26E-01,4,8821,Not eroded,0,0,0,0,0,0,1.52E-07,-4.22E-08,2.17E-07,2.68E-07,6.71E-08,0,4.79E-04,1,1,0,0,0
8822,5.66E-02,3,8822,Not eroded,0,0,0,0,0,0,2.04E-07,-4.18E-07,-1.45E-06,1.52E-06,5.08E-07,1,2.72E-03,1,1,0,0,0
8823,8.54E-02,4,8823,Not eroded,0,0,0,0,0,0,4.84E-08,-1.95E-09,3.23E-08,5.82E-08,1.46E-08,0,1.04E-04,1,1,0,0,0
8824,1.95E-01,4,8824,Not eroded,0,1,0,0,0,0,4.68E-07,-1.29E-07,6.54E-07,8.15E-07,2.04E-07,0,1.46E-03,1,1,0,0,0
8825,9.01E-02,5,8825,Not eroded,0,0,0,0,0,0,9.85E-08,1.02E-08,-9.48E-08,1.37E-07,2.74E-08,0,2.45E-04,0,1,0,0,0
8826,2.77E-01,0,8826,ERODED,1,1,1,1,1,1,0,0.00E+00,0.00E+00,0,0,1,0.00E+00,1,1,1,1,1
8827,1.10E-01,3,8827,Not eroded,0,0,0,0,0,0,5.75E-09,-4.16E-07,1.35E-09,4.16E-07,1.39E-07,1,7.44E-04,1,1,0,0,0
8828,1.93E-01,4,8828,Not eroded,0,1,0,0,0,0,3.42E-06,2.06E-07,-8.02E-07,3.52E-06,8.81E-07,0,6.30E-03,1,1,0,0,0
8829,2.91E-01,6,8829,Not eroded,0,1,1,1,1,1,3.94E-08,1.39E-07,3.55E-08,1.49E-07,2.48E-08,0,2.67E-04,0,0,0,0,0
8830,1.49E-01,0,8830,Not eroded,0,0,0,0,0,0,0,0.00E+00,0.00E+00,0,0,1,0.00E+00,1,1,1,1,1
8831,1.09E-01,0,8831,Not eroded,0,0,0,0,0,0,0,0.00E+00,0.00E+00,0,0,1,0.00E+00,1,1,1,1,1
8832,6.58E-02,0,8832,Not eroded,0,0,0,0,0,0,0,0.00E+00,0.00E+00,0,0,1,0.00E+00,1,1,1,1,1
8833,1.86E-01,0,8833,Not eroded,0,0,0,0,0,0,0,0.00E+00,0.00E+00,0,0,1,0.00E+00,1,1,1,1,1
8834,7.48E-02,5,8834,Not eroded,0,0,0,0,0,0,-1.01E-06,-4.48E-07,-2.17E-07,1.13E-06,2.25E-07,0,2.02E-03,0,1,0,0,0
8835,3.19E-01,0,8835,ERODED,1,1,1,1,1,1,0,0.00E+00,0.00E+00,0,0,1,0.00E+00,1,1,1,1,1
8836,2.05E-01,4,8836,Not eroded,0,1,0,0,0,0,7.23E-08,-5.19E-07,-1.28E-07,5.40E-07,1.35E-07,0,9.66E-04,1,1,0,0,0
8837,1.47E-01,4,8837,Not eroded,0,0,0,0,0,0,4.53E-07,3.68E-07,6.12E-07,8.45E-07,2.11E-07,0,1.51E-03,1,1,0,0,0
8838,3.16E-01,0,8838,ERODED,1,1,1,1,1,1,0,0.00E+00,0.00E+00,0,0,1,0.00E+00,1,1,1,1,1
8839,1.94E-01,0,8839,Not eroded,0,1,0,0,0,0,0,0.00E+00,0.00E+00,0,0,1,0.00E+00,1,1,1,1,1
8840,3.25E-01,0,8840,ERODED,1,1,1,1,1,1,0,0.00E+00,0.00E+00,0,0,1,0.00E+00,1,1,1,1,1
8841,5.66E-02,2,8841,Not eroded,0,0,0,0,0,0,3.17E-07,-6.26E-07,-1.59E-06,1.73E-06,8.67E-07,1,3.09E-03,1,1,1,0,0
8842,1.08E-01,0,8842,Not eroded,0,0,0,0,0,0,0,0.00E+00,0.00E+00,0,0,1,0.00E+00,1,1,1,1,1
8844,2.73E-01,3,8844,Not eroded,0,1,1,1,1,1,-8.85E-06,-8.86E-07,2.05E-06,9.13E-06,3.04E-06,1,1.63E-02,1,1,0,0,0
8845,7.84E-02,0,8845,Not eroded,0,0,0,0,0,0,0,0.00E+00,0.00E+00,0,0,1,0.00E+00,1,1,1,1,1
8846,5.66E-02,0,8846,Not eroded,0,0,0,0,0,0,0,0.00E+00,0.00E+00,0,0,1,0.00E+00,1,1,1,1,1
8847,1.12E-01,6,8847,Not eroded,0,0,0,0,0,0,8.56E-07,7.31E-07,-1.51E-07,1.14E-06,1.89E-07,0,2.04E-03,0,0,0,0,0
8848,9.32E-02,3,8848,Not eroded,0,0,0,0,0,0,-2.87E-08,5.66E-08,-7.58E-08,9.88E-08,3.29E-08,1,1.77E-04,1,1,0,0,0
8849,5.68E-02,0,8849,Not eroded,0,0,0,0,0,0,0,0.00E+00,0.00E+00,0,0,1,0.00E+00,1,1,1,1,1
8850,2.37E-01,4,8850,Not eroded,0,1,1,1,0,0,2.82E-07,-8.90E-07,3.39E-07,9.93E-07,2.48E-07,0,1.78E-03,1,1,0,0,0
8851,2.05E-01,4,8851,Not eroded,0,1,0,0,0,0,-6.53E-08,-5.76E-07,-5.92E-08,5.82E-07,1.46E-07,0,1.04E-03,1,1,0,0,0
8853,2.78E-01,0,8853,Not eroded,0,1,1,1,1,1,0,0.00E+00,0.00E+00,0,0,1,0.00E+00,1,1,1,1,1
8854,1.35E-01,2,8854,Not eroded,0,0,0,0,0,0,6.92E-07,3.12E-08,-1.18E-07,7.03E-07,3.52E-07,1,1.26E-03,1,1,1,0,0
8855,1.62E-01,2,8855,Not eroded,0,0,0,0,0,0,-1.47E-08,-9.77E-08,2.09E-07,2.31E-07,1.16E-07,1,4.13E-04,1,1,1,0,0
8856,2.24E-01,4,8856,Not eroded,0,1,1,0,0,0,1.35E-07,4.27E-07,-1.35E-07,4.67E-07,1.17E-07,0,8.35E-04,1,1,0,0,0
8857,1.91E-01,4,8857,Not eroded,0,1,0,0,0,0,-4.29E-08,-8.09E-08,2.24E-07,2.42E-07,6.06E-08,0,4.33E-04,1,1,0,0,0
8858,6.04E-02,4,8858,Not eroded,0,0,0,0,0,0,4.14E-08,2.72E-08,4.40E-07,4.43E-07,1.11E-07,0,7.92E-04,1,1,0,0,0
8859,2.05E-01,3,8859,Not eroded,0,1,0,0,0,0,5.95E-08,-6.14E-07,1.57E-07,6.37E-07,2.12E-07,1,1.14E-03,1,1,0,0,0
8860,2.35E-01,0,8860,Not eroded,0,1,1,1,0,0,0,0.00E+00,0.00E+00,0,0,1,0.00E+00,1,1,1,1,1
8861,3.10E-01,0,8861,ERODED,1,1,1,1,1,1,0,0.00E+00,0.00E+00,0,0,1,0.00E+00,1,1,1,1,1
8862,1.30E-01,3,8862,Not eroded,0,0,0,0,0,0,1.23E-07,-4.00E-07,8.58E-08,4.27E-07,1.42E-07,1,7.64E-04,1,1,0,0,0
8863,7.39E-02,6,8863,Not eroded,0,0,0,0,0,0,2.30E-07,3.53E-07,1.43E-08,4.21E-07,7.02E-08,0,7.53E-04,0,0,0,0,0
8864,1.63E-01,3,8864,Not eroded,0,0,0,0,0,0,-9.82E-08,-7.21E-07,9.02E-08,7.33E-07,2.44E-07,1,1.31E-03,1,1,0,0,0
8865,1.71E-01,4,8865,Not eroded,0,0,0,0,0,0,-8.74E-08,1.54E-07,3.41E-07,3.84E-07,9.60E-08,0,6.87E-04,1,1,0,0,0
8866,1.06E-01,4,8866,Not eroded,0,0,0,0,0,0,2.33E-07,5.96E-07,-1.25E-08,6.40E-07,1.60E-07,0,1.14E-03,1,1,0,0,0
8867,5.66E-02,2,8867,Not eroded,0,0,0,0,0,0,-2.14E-07,1.75E-07,-1.48E-06,1.51E-06,7.54E-07,1,2.70E-03,1,1,1,0,0
8868,1.81E-01,0,8868,Not eroded,0,0,0,0,0,0,0,0.00E+00,0.00E+00,0,0,1,0.00E+00,1,1,1,1,1
8869,1.44E-01,3,8869,Not eroded,0,0,0,0,0,0,-4.60E-07,1.67E-06,-1.43E-06,2.24E-06,7.48E-07,1,4.01E-03,1,1,0,0,0
8870,5.66E-02,4,8870,Not eroded,0,0,0,0,0,0,-1.48E-07,-1.36E-07,1.94E-07,2.80E-07,7.00E-08,0,5.01E-04,1,1,0,0,0
8871,2.16E-01,6,8871,Not eroded,0,1,0,0,0,0,3.43E-07,2.44E-07,3.73E-09,4.21E-07,7.02E-08,0,7.53E-04,0,0,0,0,0
8872,1.37E-01,0,8872,Not eroded,0,0,0,0,0,0,0,0.00E+00,0.00E+00,0,0,1,0.00E+00,1,1,1,1,1
8873,3.07E-01,0,8873,ERODED,1,1,1,1,1,1,0,0.00E+00,0.00E+00,0,0,1,0.00E+00,1,1,1,1,1
8874,1.99E-01,4,8874,Not eroded,0,1,0,0,0,0,1.12E-07,-1.11E-07,-1.19E-07,1.98E-07,4.95E-08,0,3.54E-04,1,1,0,0,0
8876,7.50E-02,3,8876,Not eroded,0,0,0,0,0,0,1.53E-07,-6.33E-07,3.43E-07,7.36E-07,2.45E-07,1,1.32E-03,1,1,0,0,0
8877,9.86E-02,5,8877,Not eroded,0,0,0,0,0,0,-5.79E-08,1.85E-08,2.25E-07,2.33E-07,4.67E-08,0,4.17E-04,0,1,0,0,0
8878,2.27E-01,3,8878,Not eroded,0,1,1,0,0,0,1.89E-06,3.80E-07,1.92E-06,2.72E-06,9.06E-07,1,4.87E-03,1,1,0,0,0
8879,2.32E-01,3,8879,Not eroded,0,1,1,1,0,0,-1.26E-07,1.05E-06,1.15E-07,1.06E-06,3.54E-07,1,1.90E-03,1,1,0,0,0
8880,2.07E-01,0,8880,Not eroded,0,1,0,0,0,0,0,0.00E+00,0.00E+00,0,0,1,0.00E+00,1,1,1,1,1
8881,2.81E-01,3,8881,Not eroded,0,1,1,1,1,1,1.03E-07,3.76E-07,1.99E-07,4.38E-07,1.46E-07,1,7.83E-04,1,1,0,0,0
8882,2.94E-01,0,8882,Not eroded,0,1,1,1,1,1,0,0.00E+00,0.00E+00,0,0,1,0.00E+00,1,1,1,1,1
8883,1.60E-01,3,8883,Not eroded,0,0,0,0,0,0,-2.83E-07,2.35E-07,5.09E-08,3.71E-07,1.24E-07,1,6.64E-04,1,1,0,0,0
8884,2.80E-01,0,8884,Not eroded,0,1,1,1,1,1,0,0.00E+00,0.00E+00,0,0,1,0.00E+00,1,1,1,1,1
8885,2.55E-01,2,8885,Not eroded,0,1,1,1,1,1,3.21E-08,2.57E-06,-7.47E-07,2.67E-06,1.34E-06,1,4.78E-03,1,1,1,0,0
8886,3.12E-01,0,8886,ERODED,1,1,1,1,1,1,0,0.00E+00,0.00E+00,0,0,1,0.00E+00,1,1,1,1,1
8887,2.87E-01,3,8887,Not eroded,0,1,1,1,1,1,1.88E-07,1.33E-07,4.94E-09,2.30E-07,7.67E-08,1,4.11E-04,1,1,0,0,0
8889,2.44E-01,3,8889,Not eroded,0,1,1,1,1,0,1.75E-07,-2.08E-07,4.18E-07,4.98E-07,1.66E-07,1,8.91E-04,1,1,0,0,0
8890,6.02E-02,4,8890,Not eroded,0,0,0,0,0,0,4.37E-07,-4.49E-07,1.12E-07,6.36E-07,1.59E-07,0,1.14E-03,1,1,0,0,0
8891,2.04E-01,4,8891,Not eroded,0,1,0,0,0,0,4.52E-07,-1.20E-08,3.79E-07,5.90E-07,1.48E-07,0,1.06E-03,1,1,0,0,0
8892,1.19E-01,6,8892,Not eroded,0,0,0,0,0,0,1.12E-07,1.61E-07,-1.30E-07,2.35E-07,3.91E-08,0,4.20E-04,0,0,0,0,0
8893,1.09E-01,4,8893,Not eroded,0,0,0,0,0,0,7.96E-08,4.29E-08,2.06E-07,2.25E-07,5.62E-08,0,4.02E-04,1,1,0,0,0
8894,2.71E-01,0,8894,Not eroded,0,1,1,1,1,1,0,0.00E+00,0.00E+00,0,0,1,0.00E+00,1,1,1,1,1
8896,1.81E-01,0,8896,Not eroded,0,0,0,0,0,0,0,0.00E+00,0.00E+00,0,0,1,0.00E+00,1,1,1,1,1
8897,2.77E-01,5,8897,Not eroded,0,1,1,1,1,1,3.78E-07,2.30E-07,-5.23E-08,4.46E-07,8.91E-08,0,7.98E-04,0,1,0,0,0
8898,1.32E-01,3,8898,Not eroded,0,0,0,0,0,0,-4.00E-07,-6.96E-07,1.79E-07,8.22E-07,2.74E-07,1,1.47E-03,1,1,0,0,0
8899,1.76E-01,4,8899,Not eroded,0,0,0,0,0,0,1.56E-08,1.17E-07,3.78E-08,1.24E-07,3.10E-08,0,2.22E-04,1,1,0,0,0
8900,1.29E-01,6,8900,Not eroded,0,0,0,0,0,0,1.13E-07,1.06E-07,-1.34E-07,2.05E-07,3.41E-08,0,3.67E-04,0,0,0,0,0
8901,8.69E-02,4,8901,Not eroded,0,0,0,0,0,0,4.74E-08,7.09E-08,2.76E-08,8.96E-08,2.24E-08,0,1.60E-04,1,1,0,0,0
8902,2.09E-01,4,8902,Not eroded,0,1,0,0,0,0,-3.66E-08,-4.12E-07,-1.04E-07,4.26E-07,1.07E-07,0,7.62E-04,1,1,0,0,0
8903,2.69E-01,6,8903,Not eroded,0,1,1,1,1,1,5.85E-07,-5.58E-07,-1.79E-07,8.28E-07,1.38E-07,0,1.48E-03,0,0,0,0,0
8904,2.03E-01,4,8904,Not eroded,0,1,0,0,0,0,-2.12E-07,6.72E-08,4.36E-07,4.90E-07,1.22E-07,0,8.76E-04,1,1,0,0,0
8905,1.65E-01,4,8905,Not eroded,0,0,0,0,0,0,1.43E-07,2.42E-07,-4.91E-08,2.85E-07,7.12E-08,0,5.10E-04,1,1,0,0,0
8907,5.69E-02,3,8907,Not eroded,0,0,0,0,0,0,-2.20E-07,-1.01E-07,2.17E-07,3.25E-07,1.08E-07,1,5.81E-04,1,1,0,0,0
8908,1.99E-01,0,8908,Not eroded,0,1,0,0,0,0,0,0.00E+00,0.00E+00,0,0,1,0.00E+00,1,1,1,1,1
8909,2.84E-01,6,8909,Not eroded,0,1,1,1,1,1,3.36E-06,6.23E-06,-3.46E-06,7.88E-06,1.31E-06,0,1.41E-02,0,0,0,0,0
8910,1.50E-01,6,8910,Not eroded,0,0,0,0,0,0,1.93E-06,-2.82E-06,-1.37E-06,3.68E-06,6.14E-07,0,6.58E-03,0,0,0,0,0
8911,2.51E-01,0,8911,Not eroded,0,1,1,1,1,1,0,0.00E+00,0.00E+00,0,0,1,0.00E+00,1,1,1,1,1
8912,2.06E-01,3,8912,Not eroded,0,1,0,0,0,0,4.72E-07,2.90E-07,-6.75E-08,5.58E-07,1.86E-07,1,9.98E-04,1,1,0,0,0
8913,1.58E-01,0,8913,Not eroded,0,0,0,0,0,0,0,0.00E+00,0.00E+00,0,0,1,0.00E+00,1,1,1,1,1
8914,2.06E-01,4,8914,Not eroded,0,1,0,0,0,0,-8.27E-07,2.91E-08,-6.56E-07,1.06E-06,2.64E-07,0,1.90E-03,1,1,0,0,0
8915,1.94E-01,3,8915,Not eroded,0,1,0,0,0,0,-1.54E-07,4.28E-07,1.60E-07,4.83E-07,1.61E-07,1,8.64E-04,1,1,0,0,0
8916,1.52E-01,4,8916,Not eroded,0,0,0,0,0,0,1.26E-06,2.22E-06,-1.45E-07,2.56E-06,6.40E-07,0,4.58E-03,1,1,0,0,0
8917,2.84E-01,4,8917,Not eroded,0,1,1,1,1,1,-3.48E-07,-1.20E-07,1.59E-07,4.01E-07,1.00E-07,0,7.17E-04,1,1,0,0,0
8918,3.00E-01,0,8918,ERODED,1,1,1,1,1,1,0,0.00E+00,0.00E+00,0,0,1,0.00E+00,1,1,1,1,1
8919,2.67E-01,0,8919,Not eroded,0,1,1,1,1,1,0,0.00E+00,0.00E+00,0,0,1,0.00E+00,1,1,1,1,1
8920,1.79E-01,3,8920,Not eroded,0,0,0,0,0,0,8.09E-07,9.60E-08,4.34E-07,9.24E-07,3.08E-07,1,1.65E-03,1,1,0,0,0
8921,1.08E-01,5,8921,Not eroded,0,0,0,0,0,0,1.02E-07,-6.32E-07,-6.73E-08,6.44E-07,1.29E-07,0,1.15E-03,0,1,0,0,0
8922,6.44E-02,3,8922,Not eroded,0,0,0,0,0,0,-1.84E-06,4.25E-08,3.69E-07,1.88E-06,6.27E-07,1,3.36E-03,1,1,0,0,0
8923,3.29E-01,0,8923,ERODED,1,1,1,1,1,1,0,0.00E+00,0.00E+00,0,0,1,0.00E+00,1,1,1,1,1
8924,2.85E-01,3,8924,Not eroded,0,1,1,1,1,1,2.98E-07,-3.34E-07,2.06E-07,4.92E-07,1.64E-07,1,8.80E-04,1,1,0,0,0
8925,2.40E-01,0,8925,Not eroded,0,1,1,1,0,0,0,0.00E+00,0.00E+00,0,0,1,0.00E+00,1,1,1,1,1
8926,1.01E-01,5,8926,Not eroded,0,0,0,0,0,0,-3.22E-09,4.08E-08,2.08E-07,2.12E-07,4.25E-08,0,3.79E-04,0,1,0,0,0
8928,1.92E-01,0,8928,Not eroded,0,1,0,0,0,0,0,0.00E+00,0.00E+00,0,0,1,0.00E+00,1,1,1,1,1
8929,1.13E-01,5,8929,Not eroded,0,0,0,0,0,0,2.36E-07,1.78E-07,4.88E-07,5.71E-07,1.14E-07,0,1.02E-03,0,1,0,0,0
8930,1.93E-01,0,8930,Not eroded,0,1,0,0,0,0,0,0.00E+00,0.00E+00,0,0,1,0.00E+00,1,1,1,1,1
8931,2.12E-01,3,8931,Not eroded,0,1,0,0,0,0,4.06E-07,-2.28E-07,1.45E-06,1.52E-06,5.06E-07,1,2.72E-03,1,1,0,0,0
8933,1.87E-01,0,8933,Not eroded,0,0,0,0,0,0,0,0.00E+00,0.00E+00,0,0,1,0.00E+00,1,1,1,1,1
8934,1.50E-01,4,8934,Not eroded,0,0,0,0,0,0,5.04E-07,2.77E-07,1.29E-07,5.89E-07,1.47E-07,0,1.05E-03,1,1,0,0,0
8935,2.31E-01,0,8935,Not eroded,0,1,1,1,0,0,0,0.00E+00,0.00E+00,0,0,1,0.00E+00,1,1,1,1,1
8936,1.90E-01,0,8936,Not eroded,0,0,0,0,0,0,0,0.00E+00,0.00E+00,0,0,1,0.00E+00,1,1,1,1,1
8937,1.57E-01,3,8937,Not eroded,0,0,0,0,0,0,1.21E-05,1.40E-05,-1.48E-06,1.86E-05,6.19E-06,1,3.33E-02,1,1,0,0,0
8938,1.52E-01,5,8938,Not eroded,0,0,0,0,0,0,6.02E-07,-6.66E-07,1.16E-06,1.46E-06,2.93E-07,0,2.61E-03,0,1,0,0,0
8939,2.72E-01,6,8939,Not eroded,0,1,1,1,1,1,-7.54E-06,9.86E-06,1.06E-06,1.25E-05,2.08E-06,0,2.24E-02,0,0,0,0,0
8940,1.81E-01,0,8940,Not eroded,0,0,0,0,0,0,0,0.00E+00,0.00E+00,0,0,1,0.00E+00,1,1,1,1,1
8941,7.48E-02,3,8941,Not eroded,0,0,0,0,0,0,1.30E-07,9.97E-08,3.00E-07,3.42E-07,1.14E-07,1,6.12E-04,1,1,0,0,0
8942,1.36E-01,4,8942,Not eroded,0,0,0,0,0,0,1.88E-07,-1.07E-06,1.69E-08,1.09E-06,2.72E-07,0,1.95E-03,1,1,0,0,0
8943,2.15E-01,0,8943,Not eroded,0,1,0,0,0,0,0,0.00E+00,0.00E+00,0,0,1,0.00E+00,1,1,1,1,1
8945,2.97E-01,0,8945,Not eroded,0,1,1,1,1,1,0,0.00E+00,0.00E+00,0,0,1,0.00E+00,1,1,1,1,1
8946,1.32E-01,0,8946,Not eroded,0,0,0,0,0,0,0,0.00E+00,0.00E+00,0,0,1,0.00E+00,1,1,1,1,1
8947,2.36E-01,3,8947,Not eroded,0,1,1,1,0,0,2.94E-07,-5.23E-08,9.96E-08,3.15E-07,1.05E-07,1,5.63E-04,1,1,0,0,0
8948,1.38E-01,3,8948,Not eroded,0,0,0,0,0,0,8.34E-08,1.49E-07,4.47E-08,1.76E-07,5.87E-08,1,3.15E-04,1,1,0,0,0
8951,1.28E-01,3,8951,Not eroded,0,0,0,0,0,0,-9.92E-07,2.89E-06,-1.03E-07,3.05E-06,1.02E-06,1,5.46E-03,1,1,0,0,0
8952,7.66E-02,4,8952,Not eroded,0,0,0,0,0,0,1.77E-07,1.18E-07,-4.49E-09,2.13E-07,5.32E-08,0,3.81E-04,1,1,0,0,0
8953,2.79E-01,0,8953,Not eroded,0,1,1,1,1,1,0,0.00E+00,0.00E+00,0,0,1,0.00E+00,1,1,1,1,1
8954,1.48E-01,2,8954,Not eroded,0,0,0,0,0,0,-5.52E-08,1.83E-07,1.13E-07,2.22E-07,1.11E-07,1,3.97E-04,1,1,1,0,0
8955,1.65E-01,0,8955,Not eroded,0,0,0,0,0,0,0,0.00E+00,0.00E+00,0,0,1,0.00E+00,1,1,1,1,1
8956,1.42E-01,3,8956,Not eroded,0,0,0,0,0,0,-3.43E-07,-5.10E-07,-1.89E-07,6.43E-07,2.14E-07,1,1.15E-03,1,1,0,0,0
8957,1.35E-01,0,8957,Not eroded,0,0,0,0,0,0,0,0.00E+00,0.00E+00,0,0,1,0.00E+00,1,1,1,1,1
8958,5.70E-02,6,8958,Not eroded,0,0,0,0,0,0,-6.16E-08,2.37E-07,-6.32E-08,2.53E-07,4.22E-08,0,4.53E-04,0,0,0,0,0
8960,2.83E-01,5,8960,Not eroded,0,1,1,1,1,1,1.21E-07,4.42E-07,-7.17E-08,4.64E-07,9.28E-08,0,8.30E-04,0,1,0,0,0
8961,1.24E-01,3,8961,Not eroded,0,0,0,0,0,0,-1.13E-07,-1.40E-07,-1.24E-07,2.19E-07,7.29E-08,1,3.92E-04,1,1,0,0,0
8962,1.87E-01,4,8962,Not eroded,0,0,0,0,0,0,3.21E-07,4.94E-07,2.71E-07,6.48E-07,1.62E-07,0,1.16E-03,1,1,0,0,0
8963,2.40E-01,4,8963,Not eroded,0,1,1,1,0,0,-1.95E-07,3.40E-07,1.35E-06,1.40E-06,3.51E-07,0,2.50E-03,1,1,0,0,0
8964,1.15E-01,4,8964,Not eroded,0,0,0,0,0,0,-1.14E-06,-9.16E-08,1.91E-07,1.16E-06,2.91E-07,0,2.07E-03,1,1,0,0,0
8965,2.95E-01,0,8965,ERODED,1,1,1,1,1,1,0,0.00E+00,0.00E+00,0,0,1,0.00E+00,1,1,1,1,1
8966,1.71E-01,0,8966,Not eroded,0,0,0,0,0,0,0,0.00E+00,0.00E+00,0,0,1,0.00E+00,1,1,1,1,1
8967,1.45E-01,5,8967,Not eroded,0,0,0,0,0,0,-8.37E-08,2.04E-07,3.15E-07,3.84E-07,7.68E-08,0,6.87E-04,0,1,0,0,0
8968,1.93E-01,0,8968,Not eroded,0,1,0,0,0,0,0,0.00E+00,0.00E+00,0,0,1,0.00E+00,1,1,1,1,1
8969,1.96E-01,4,8969,Not eroded,0,1,0,0,0,0,1.42E-07,-5.43E-07,1.15E-07,5.73E-07,1.43E-07,0,1.02E-03,1,1,0,0,0
8970,1.64E-01,5,8970,Not eroded,0,0,0,0,0,0,-1.05E-07,1.70E-07,1.42E-07,2.45E-07,4.90E-08,0,4.38E-04,0,1,0,0,0
8971,1.79E-01,3,8971,Not eroded,0,0,0,0,0,0,4.77E-07,-1.87E-07,1.89E-06,1.96E-06,6.52E-07,1,3.51E-03,1,1,0,0,0
8972,2.70E-01,4,8972,Not eroded,0,1,1,1,1,1,3.41E-07,3.72E-07,-1.11E-06,1.22E-06,3.04E-07,0,2.18E-03,1,1,0,0,0
8973,1.23E-01,4,8973,Not eroded,0,0,0,0,0,0,3.86E-07,-9.56E-08,1.51E-07,4.25E-07,1.06E-07,0,7.60E-04,1,1,0,0,0
8974,6.53E-02,5,8974,Not eroded,0,0,0,0,0,0,-7.09E-08,1.23E-07,-7.21E-08,1.59E-07,3.19E-08,0,2.84E-04,0,1,0,0,0
8975,1.66E-01,5,8975,Not eroded,0,0,0,0,0,0,3.32E-07,-2.56E-07,3.55E-07,5.49E-07,1.10E-07,0,9.82E-04,0,1,0,0,0
8976,3.01E-01,6,8976,Not eroded,0,1,1,1,1,1,9.88E-07,2.75E-06,1.56E-06,3.31E-06,5.52E-07,0,5.92E-03,0,0,0,0,0
8978,1.28E-01,5,8978,Not eroded,0,0,0,0,0,0,7.98E-07,1.16E-06,-2.67E-07,1.43E-06,2.86E-07,0,2.56E-03,0,1,0,0,0
8979,8.22E-02,0,8979,Not eroded,0,0,0,0,0,0,0,0.00E+00,0.00E+00,0,0,1,0.00E+00,1,1,1,1,1
8980,2.71E-01,0,8980,Not eroded,0,1,1,1,1,1,0,0.00E+00,0.00E+00,0,0,1,0.00E+00,1,1,1,1,1
8981,1.20E-01,4,8981,Not eroded,0,0,0,0,0,0,7.42E-08,-4.74E-08,8.07E-07,8.12E-07,2.03E-07,0,1.45E-03,1,1,0,0,0
8982,2.29E-01,0,8982,Not eroded,0,1,1,0,0,0,0,0.00E+00,0.00E+00,0,0,1,0.00E+00,1,1,1,1,1
8983,1.73E-01,0,8983,Not eroded,0,0,0,0,0,0,0,0.00E+00,0.00E+00,0,0,1,0.00E+00,1,1,1,1,1
8984,2.51E-01,5,8984,Not eroded,0,1,1,1,1,1,-1.12E-07,-1.80E-07,-4.83E-07,5.27E-07,1.05E-07,0,9.43E-04,0,1,0,0,0
8985,3.29E-01,0,8985,ERODED,1,1,1,1,1,1,0,0.00E+00,0.00E+00,0,0,1,0.00E+00,1,1,1,1,1
8986,2.85E-01,0,8986,ERODED,1,1,1,1,1,1,0,0.00E+00,0.00E+00,0,0,1,0.00E+00,1,1,1,1,1
8988,1.37E-01,4,8988,Not eroded,0,0,0,0,0,0,2.55E-07,-5.71E-08,7.28E-08,2.71E-07,6.79E-08,0,4.85E-04,1,1,0,0,0
8989,8.65E-02,3,8989,Not eroded,0,0,0,0,0,0,8.61E-08,-1.01E-07,9.42E-08,1.63E-07,5.43E-08,1,2.92E-04,1,1,0,0,0
8991,2.42E-01,4,8991,Not eroded,0,1,1,1,1,0,1.49E-06,6.01E-07,-5.86E-07,1.71E-06,4.27E-07,0,3.06E-03,1,1,0,0,0
8992,2.09E-01,4,8992,Not eroded,0,1,0,0,0,0,1.27E-07,-1.97E-09,5.93E-08,1.40E-07,3.50E-08,0,2.50E-04,1,1,0,0,0
8993,5.66E-02,3,8993,Not eroded,0,0,0,0,0,0,-1.38E-07,1.80E-07,-1.32E-06,1.34E-06,4.48E-07,1,2.40E-03,1,1,0,0,0
8994,2.38E-01,6,8994,Not eroded,0,1,1,1,0,0,1.17E-07,-4.04E-08,3.38E-07,3.60E-07,6.00E-08,0,6.44E-04,0,0,0,0,0
8995,1.50E-01,4,8995,Not eroded,0,0,0,0,0,0,-6.30E-07,9.43E-07,1.04E-06,1.54E-06,3.85E-07,0,2.75E-03,1,1,0,0,0
8996,1.11E-01,4,8996,Not eroded,0,0,0,0,0,0,9.71E-08,-8.36E-08,2.87E-07,3.14E-07,7.85E-08,0,5.62E-04,1,1,0,0,0
8997,8.11E-02,4,8997,Not eroded,0,0,0,0,0,0,1.30E-07,5.72E-07,8.12E-07,1.00E-06,2.51E-07,0,1.79E-03,1,1,0,0,0
8998,2.53E-01,3,8998,Not eroded,0,1,1,1,1,1,-3.31E-06,6.35E-06,1.38E-06,7.29E-06,2.43E-06,1,1.30E-02,1,1,0,0,0
8999,8.69E-02,0,8999,Not eroded,0,0,0,0,0,0,0,0.00E+00,0.00E+00,0,0,1,0.00E+00,1,1,1,1,1
9000,1.19E-01,0,9000,Not eroded,0,0,0,0,0,0,0,0.00E+00,0.00E+00,0,0,1,0.00E+00,1,1,1,1,1
9001,5.65E-02,3,9001,Not eroded,0,0,0,0,0,0,3.69E-07,5.41E-08,-1.47E-06,1.52E-06,5.07E-07,1,2.72E-03,1,1,0,0,0
9002,1.74E-01,5,9002,Not eroded,0,0,0,0,0,0,3.12E-07,7.23E-07,-2.25E-07,8.19E-07,1.64E-07,0,1.46E-03,0,1,0,0,0
9003,2.31E-01,5,9003,Not eroded,0,1,1,1,0,0,8.26E-08,9.37E-08,9.96E-08,1.60E-07,3.20E-08,0,2.86E-04,0,1,0,0,0
9004,1.37E-01,0,9004,Not eroded,0,0,0,0,0,0,0,0.00E+00,0.00E+00,0,0,1,0.00E+00,1,1,1,1,1
9005,2.30E-01,0,9005,Not eroded,0,1,1,0,0,0,0,0.00E+00,0.00E+00,0,0,1,0.00E+00,1,1,1,1,1
9007,6.56E-02,6,9007,Not eroded,0,0,0,0,0,0,1.18E-07,1.64E-07,-4.23E-07,4.69E-07,7.82E-08,0,8.39E-04,0,0,0,0,0
9008,2.79E-01,0,9008,Not eroded,0,1,1,1,1,1,0,0.00E+00,0.00E+00,0,0,1,0.00E+00,1,1,1,1,1
9009,1.97E-01,4,9009,Not eroded,0,1,0,0,0,0,3.26E-07,-9.71E-08,3.63E-08,3.42E-07,8.55E-08,0,6.12E-04,1,1,0,0,0
9010,1.05E-01,3,9010,Not eroded,0,0,0,0,0,0,-1.38E-07,-6.30E-07,1.49E-06,1.62E-06,5.40E-07,1,2.90E-03,1,1,0,0,0
9011,1.26E-01,5,9011,Not eroded,0,0,0,0,0,0,-1.52E-06,3.13E-07,1.76E-06,2.34E-06,4.69E-07,0,4.19E-03,0,1,0,0,0
9012,2.90E-01,3,9012,ERODED,1,1,1,1,1,1,1.32E-06,-1.02E-07,4.17E-06,4.38E-06,1.46E-06,1,7.83E-03,1,1,0,0,0
9013,1.59E-01,4,9013,Not eroded,0,0,0,0,0,0,4.00E-07,4.94E-07,-6.45E-08,6.39E-07,1.60E-07,0,1.14E-03,1,1,0,0,0
9014,5.98E-02,3,9014,Not eroded,0,0,0,0,0,0,-2.98E-07,1.91E-07,3.33E-07,4.86E-07,1.62E-07,1,8.69E-04,1,1,0,0,0
9015,2.35E-01,0,9015,Not eroded,0,1,1,1,0,0,0,0.00E+00,0.00E+00,0,0,1,0.00E+00,1,1,1,1,1
9016,2.99E-01,3,9016,Not eroded,0,1,1,1,1,1,2.59E-06,-1.46E-05,3.23E-06,1.52E-05,5.06E-06,1,2.72E-02,1,1,0,0,0
9018,5.66E-02,3,9018,Not eroded,0,0,0,0,0,0,6.53E-07,-1.13E-07,-1.58E-06,1.71E-06,5.71E-07,1,3.06E-03,1,1,0,0,0
9019,1.90E-01,0,9019,Not eroded,0,0,0,0,0,0,0,0.00E+00,0.00E+00,0,0,1,0.00E+00,1,1,1,1,1
9020,9.39E-02,4,9020,Not eroded,0,0,0,0,0,0,1.24E-07,-4.24E-07,1.37E-06,1.44E-06,3.60E-07,0,2.58E-03,1,1,0,0,0
9021,2.11E-01,4,9021,Not eroded,0,1,0,0,0,0,-5.93E-07,-6.28E-07,1.80E-07,8.82E-07,2.21E-07,0,1.58E-03,1,1,0,0,0
9022,7.62E-02,0,9022,Not eroded,0,0,0,0,0,0,0,0.00E+00,0.00E+00,0,0,1,0.00E+00,1,1,1,1,1
9023,1.20E-01,6,9023,Not eroded,0,0,0,0,0,0,2.49E-07,3.34E-07,2.11E-07,4.67E-07,7.78E-08,0,8.35E-04,0,0,0,0,0
9024,7.72E-02,5,9024,Not eroded,0,0,0,0,0,0,-4.07E-08,3.28E-07,1.92E-07,3.82E-07,7.64E-08,0,6.83E-04,0,1,0,0,0
9026,2.19E-01,5,9026,Not eroded,0,1,0,0,0,0,-1.39E-07,-5.70E-07,2.32E-07,6.31E-07,1.26E-07,0,1.13E-03,0,1,0,0,0
9027,1.32E-01,5,9027,Not eroded,0,0,0,0,0,0,5.08E-08,1.49E-07,1.12E-07,1.94E-07,3.87E-08,0,3.47E-04,0,1,0,0,0
9028,1.39E-01,5,9028,Not eroded,0,0,0,0,0,0,2.75E-07,-2.84E-07,-1.01E-08,3.95E-07,7.91E-08,0,7.07E-04,0,1,0,0,0
9029,8.20E-02,0,9029,Not eroded,0,0,0,0,0,0,0,0.00E+00,0.00E+00,0,0,1,0.00E+00,1,1,1,1,1
9030,6.01E-02,0,9030,Not eroded,0,0,0,0,0,0,0,0.00E+00,0.00E+00,0,0,1,0.00E+00,1,1,1,1,1
9031,1.00E-01,4,9031,Not eroded,0,0,0,0,0,0,1.55E-06,7.86E-08,1.76E-06,2.35E-06,5.87E-07,0,4.20E-03,1,1,0,0,0
9032,2.71E-01,4,9032,Not eroded,0,1,1,1,1,1,9.28E-07,1.77E-05,-1.93E-04,0.000193718,4.84E-05,0,3.47E-01,1,1,0,0,0
9033,5.65E-02,4,9033,Not eroded,0,0,0,0,0,0,1.02E-07,2.50E-07,-1.37E-06,1.40E-06,3.49E-07,0,2.50E-03,1,1,0,0,0
9034,2.44E-01,5,9034,Not eroded,0,1,1,1,1,0,-1.46E-06,-7.73E-07,3.20E-06,3.60E-06,7.19E-07,0,6.44E-03,0,1,0,0,0
9035,1.68E-01,0,9035,Not eroded,0,0,0,0,0,0,0,0.00E+00,0.00E+00,0,0,1,0.00E+00,1,1,1,1,1
9036,1.41E-01,4,9036,Not eroded,0,0,0,0,0,0,3.54E-07,3.13E-07,8.13E-07,9.41E-07,2.35E-07,0,1.68E-03,1,1,0,0,0
9037,1.69E-01,5,9037,Not eroded,0,0,0,0,0,0,2.51E-07,1.16E-07,6.24E-07,6.82E-07,1.36E-07,0,1.22E-03,0,1,0,0,0
9038,2.02E-01,4,9038,Not eroded,0,1,0,0,0,0,-1.11E-07,-5.54E-07,7.69E-08,5.70E-07,1.42E-07,0,1.02E-03,1,1,0,0,0
9040,2.44E-01,4,9040,Not eroded,0,1,1,1,1,0,4.95E-07,9.12E-07,-2.76E-07,1.07E-06,2.68E-07,0,1.91E-03,1,1,0,0,0
9041,2.19E-01,5,9041,Not eroded,0,1,0,0,0,0,4.06E-06,1.88E-06,7.72E-06,8.92E-06,1.78E-06,0,1.60E-02,0,1,0,0,0
9042,2.19E-01,4,9042,Not eroded,0,1,0,0,0,0,-1.52E-07,2.83E-07,-1.46E-08,3.21E-07,8.02E-08,0,5.74E-04,1,1,0,0,0
9043,2.70E-01,0,9043,Not eroded,0,1,1,1,1,1,0,0.00E+00,0.00E+00,0,0,1,0.00E+00,1,1,1,1,1
9044,6.49E-02,5,9044,Not eroded,0,0,0,0,0,0,1.95E-07,-8.96E-08,-1.24E-07,2.48E-07,4.96E-08,0,4.44E-04,0,1,0,0,0
9045,1.23E-01,3,9045,Not eroded,0,0,0,0,0,0,2.20E-07,9.92E-08,-1.42E-09,2.41E-07,8.03E-08,1,4.31E-04,1,1,0,0,0
9046,1.73E-01,0,9046,Not eroded,0,0,0,0,0,0,0,0.00E+00,0.00E+00,0,0,1,0.00E+00,1,1,1,1,1
9047,1.29E-01,4,9047,Not eroded,0,0,0,0,0,0,-2.87E-09,-5.89E-08,3.45E-07,3.50E-07,8.75E-08,0,6.26E-04,1,1,0,0,0
9048,3.16E-01,0,9048,ERODED,1,1,1,1,1,1,0,0.00E+00,0.00E+00,0,0,1,0.00E+00,1,1,1,1,1
9049,6.51E-02,3,9049,Not eroded,0,0,0,0,0,0,2.04E-07,-1.40E-07,2.19E-07,3.30E-07,1.10E-07,1,5.90E-04,1,1,0,0,0
9050,2.26E-01,0,9050,Not eroded,0,1,1,0,0,0,0,0.00E+00,0.00E+00,0,0,1,0.00E+00,1,1,1,1,1
9051,1.78E-01,5,9051,Not eroded,0,0,0,0,0,0,-1.31E-06,-1.48E-07,7.55E-07,1.51E-06,3.03E-07,0,2.70E-03,0,1,0,0,0
9052,1.79E-01,0,9052,Not eroded,0,0,0,0,0,0,0,0.00E+00,0.00E+00,0,0,1,0.00E+00,1,1,1,1,1
9053,8.38E-02,4,9053,Not eroded,0,0,0,0,0,0,-9.58E-08,3.40E-07,4.70E-07,5.88E-07,1.47E-07,0,1.05E-03,1,1,0,0,0
9054,2.14E-01,5,9054,Not eroded,0,1,0,0,0,0,2.36E-07,-1.20E-09,1.60E-07,2.85E-07,5.70E-08,0,5.10E-04,0,1,0,0,0
9055,1.37E-01,3,9055,Not eroded,0,0,0,0,0,0,-1.04E-06,1.32E-06,4.63E-06,4.93E-06,1.64E-06,1,8.82E-03,1,1,0,0,0
9056,1.52E-01,0,9056,Not eroded,0,0,0,0,0,0,0,0.00E+00,0.00E+00,0,0,1,0.00E+00,1,1,1,1,1
9057,2.97E-01,0,9057,ERODED,1,1,1,1,1,1,0,0.00E+00,0.00E+00,0,0,1,0.00E+00,1,1,1,1,1
9058,5.65E-02,5,9058,Not eroded,0,0,0,0,0,0,4.27E-07,9.45E-07,-1.67E-06,1.96E-06,3.93E-07,0,3.51E-03,0,1,0,0,0
9059,1.93E-01,3,9059,Not eroded,0,1,0,0,0,0,-9.02E-08,-5.80E-07,2.91E-07,6.55E-07,2.18E-07,1,1.17E-03,1,1,0,0,0
9061,5.66E-02,3,9061,Not eroded,0,0,0,0,0,0,-5.33E-07,4.48E-07,-8.77E-07,1.12E-06,3.73E-07,1,2.00E-03,1,1,0,0,0
9062,7.23E-02,0,9062,Not eroded,0,0,0,0,0,0,0,0.00E+00,0.00E+00,0,0,1,0.00E+00,1,1,1,1,1
9063,2.81E-01,0,9063,Not eroded,0,1,1,1,1,1,0,0.00E+00,0.00E+00,0,0,1,0.00E+00,1,1,1,1,1
9064,9.52E-02,6,9064,Not eroded,0,0,0,0,0,0,1.43E-07,1.76E-07,1.39E-10,2.27E-07,3.78E-08,0,4.06E-04,0,0,0,0,0
9065,1.33E-01,4,9065,Not eroded,0,0,0,0,0,0,1.84E-07,-5.56E-08,2.25E-07,2.96E-07,7.39E-08,0,5.29E-04,1,1,0,0,0
9066,2.75E-01,0,9066,Not eroded,0,1,1,1,1,1,0,0.00E+00,0.00E+00,0,0,1,0.00E+00,1,1,1,1,1
9067,1.24E-01,5,9067,Not eroded,0,0,0,0,0,0,1.63E-07,-9.72E-08,1.05E-07,2.16E-07,4.33E-08,0,3.86E-04,0,1,0,0,0
9068,1.56E-01,0,9068,Not eroded,0,0,0,0,0,0,0,0.00E+00,0.00E+00,0,0,1,0.00E+00,1,1,1,1,1
9069,8.69E-02,0,9069,Not eroded,0,0,0,0,0,0,0,0.00E+00,0.00E+00,0,0,1,0.00E+00,1,1,1,1,1
9070,2.14E-01,5,9070,Not eroded,0,1,0,0,0,0,-1.65E-06,1.19E-06,-2.81E-09,2.03E-06,4.06E-07,0,3.63E-03,0,1,0,0,0
9071,2.80E-01,3,9071,Not eroded,0,1,1,1,1,1,4.54E-07,-5.29E-08,8.56E-09,4.58E-07,1.53E-07,1,8.19E-04,1,1,0,0,0
9072,2.75E-01,0,9072,ERODED,1,1,1,1,1,1,0,0.00E+00,0.00E+00,0,0,1,0.00E+00,1,1,1,1,1
9073,1.88E-01,4,9073,Not eroded,0,0,0,0,0,0,-1.77E-08,2.19E-07,-3.66E-08,2.23E-07,5.58E-08,0,3.99E-04,1,1,0,0,0
9074,6.54E-02,3,9074,Not eroded,0,0,0,0,0,0,-1.57E-07,5.36E-08,1.18E-07,2.03E-07,6.77E-08,1,3.63E-04,1,1,0,0,0
9075,1.46E-01,4,9075,Not eroded,0,0,0,0,0,0,4.00E-07,-1.28E-07,-5.35E-07,6.80E-07,1.70E-07,0,1.22E-03,1,1,0,0,0
9077,6.57E-02,5,9077,Not eroded,0,0,0,0,0,0,4.87E-08,4.22E-07,1.67E-07,4.56E-07,9.13E-08,0,8.16E-04,0,1,0,0,0
9079,1.59E-01,5,9079,Not eroded,0,0,0,0,0,0,1.61E-07,1.21E-08,4.15E-07,4.45E-07,8.90E-08,0,7.96E-04,0,1,0,0,0
9080,1.35E-01,0,9080,Not eroded,0,0,0,0,0,0,0,0.00E+00,0.00E+00,0,0,1,0.00E+00,1,1,1,1,1
9081,2.18E-01,3,9081,Not eroded,0,1,0,0,0,0,-1.55E-06,7.72E-06,2.89E-06,8.38E-06,2.79E-06,1,1.50E-02,1,1,0,0,0
9082,1.26E-01,3,9082,Not eroded,0,0,0,0,0,0,2.76E-07,1.49E-07,1.88E-07,3.66E-07,1.22E-07,1,6.55E-04,1,1,0,0,0
9083,1.42E-01,4,9083,Not eroded,0,0,0,0,0,0,7.37E-07,-2.83E-07,2.54E-07,8.29E-07,2.07E-07,0,1.48E-03,1,1,0,0,0
9084,5.90E-02,5,9084,Not eroded,0,0,0,0,0,0,7.82E-08,5.11E-07,1.54E-07,5.39E-07,1.08E-07,0,9.64E-04,0,1,0,0,0
9085,2.53E-01,0,9085,Not eroded,0,1,1,1,1,1,0,0.00E+00,0.00E+00,0,0,1,0.00E+00,1,1,1,1,1
9086,1.22E-01,3,9086,Not eroded,0,0,0,0,0,0,5.86E-07,6.36E-07,2.05E-07,8.89E-07,2.96E-07,1,1.59E-03,1,1,0,0,0
9087,2.60E-01,6,9087,Not eroded,0,1,1,1,1,1,2.60E-08,-5.98E-09,-1.12E-07,1.15E-07,1.92E-08,0,2.06E-04,0,0,0,0,0
9088,1.06E-01,0,9088,Not eroded,0,0,0,0,0,0,0,0.00E+00,0.00E+00,0,0,1,0.00E+00,1,1,1,1,1
9089,2.88E-01,0,9089,ERODED,1,1,1,1,1,1,0,0.00E+00,0.00E+00,0,0,1,0.00E+00,1,1,1,1,1
9090,2.91E-01,4,9090,Not eroded,0,1,1,1,1,1,2.21E-07,9.37E-08,-4.88E-08,2.45E-07,6.12E-08,0,4.38E-04,1,1,0,0,0
9091,1.72E-01,5,9091,Not eroded,0,0,0,0,0,0,-3.09E-07,7.46E-07,-6.40E-07,1.03E-06,2.06E-07,0,1.84E-03,0,1,0,0,0
9092,5.66E-02,0,9092,Not eroded,0,0,0,0,0,0,0,0.00E+00,0.00E+00,0,0,1,0.00E+00,1,1,1,1,1
9093,2.61E-01,0,9093,Not eroded,0,1,1,1,1,1,0,0.00E+00,0.00E+00,0,0,1,0.00E+00,1,1,1,1,1
9094,1.98E-01,6,9094,Not eroded,0,1,0,0,0,0,1.07E-06,-4.22E-07,1.35E-06,1.77E-06,2.96E-07,0,3.17E-03,0,0,0,0,0
9095,2.58E-01,0,9095,ERODED,1,1,1,1,1,1,0,0.00E+00,0.00E+00,0,0,1,0.00E+00,1,1,1,1,1
9096,2.25E-01,4,9096,Not eroded,0,1,1,0,0,0,4.43E-08,5.03E-07,2.41E-07,5.60E-07,1.40E-07,0,1.00E-03,1,1,0,0,0
9097,2.87E-01,0,9097,ERODED,1,1,1,1,1,1,0,0.00E+00,0.00E+00,0,0,1,0.00E+00,1,1,1,1,1
9099,2.46E-01,4,9099,Not eroded,0,1,1,1,1,0,-2.69E-07,5.34E-08,1.21E-07,3.00E-07,7.49E-08,0,5.37E-04,1,1,0,0,0
9100,5.66E-02,3,9100,Not eroded,0,0,0,0,0,0,4.24E-08,-1.17E-06,-9.61E-07,1.52E-06,5.06E-07,1,2.72E-03,1,1,0,0,0
9101,6.32E-02,5,9101,Not eroded,0,0,0,0,0,0,4.11E-08,4.00E-07,-3.72E-08,4.04E-07,8.08E-08,0,7.23E-04,0,1,0,0,0
9102,2.81E-01,3,9102,Not eroded,0,1,1,1,1,1,-3.47E-08,6.55E-07,6.43E-08,6.60E-07,2.20E-07,1,1.18E-03,1,1,0,0,0
9103,3.18E-01,0,9103,ERODED,1,1,1,1,1,1,0,0.00E+00,0.00E+00,0,0,1,0.00E+00,1,1,1,1,1
9104,2.49E-01,2,9104,Not eroded,0,1,1,1,1,0,-1.31E-07,-1.11E-06,6.99E-08,1.11E-06,5.57E-07,1,1.99E-03,1,1,1,0,0
9105,5.66E-02,2,9105,Not eroded,0,0,0,0,0,0,2.46E-07,-6.45E-07,-1.65E-06,1.79E-06,8.93E-07,1,3.20E-03,1,1,1,0,0
9106,2.98E-01,2,9106,Not eroded,0,1,1,1,1,1,1.95E-07,-6.14E-07,2.83E-07,7.04E-07,3.52E-07,1,1.26E-03,1,1,1,0,0
9107,2.11E-01,0,9107,Not eroded,0,1,0,0,0,0,0,0.00E+00,0.00E+00,0,0,1,0.00E+00,1,1,1,1,1
9108,2.11E-01,3,9108,Not eroded,0,1,0,0,0,0,-8.48E-08,-7.27E-07,1.94E-07,7.57E-07,2.52E-07,1,1.35E-03,1,1,0,0,0
9109,1.22E-01,5,9109,Not eroded,0,0,0,0,0,0,1.18E-07,3.19E-08,-1.35E-07,1.82E-07,3.65E-08,0,3.26E-04,0,1,0,0,0
9110,6.44E-02,4,9110,Not eroded,0,0,0,0,0,0,2.20E-07,1.96E-07,-4.39E-09,2.95E-07,7.37E-08,0,5.28E-04,1,1,0,0,0
9111,6.58E-02,3,9111,Not eroded,0,0,0,0,0,0,1.28E-07,4.67E-08,9.00E-08,1.63E-07,5.43E-08,1,2.92E-04,1,1,0,0,0
9112,8.70E-02,4,9112,Not eroded,0,0,0,0,0,0,-1.63E-08,2.21E-07,-3.85E-08,2.25E-07,5.63E-08,0,4.02E-04,1,1,0,0,0
9113,5.65E-02,4,9113,Not eroded,0,0,0,0,0,0,1.68E-07,1.68E-07,-6.09E-07,6.53E-07,1.63E-07,0,1.17E-03,1,1,0,0,0
9114,1.69E-01,4,9114,Not eroded,0,0,0,0,0,0,4.15E-07,8.75E-07,2.07E-07,9.90E-07,2.48E-07,0,1.77E-03,1,1,0,0,0
9116,1.85E-01,4,9116,Not eroded,0,0,0,0,0,0,8.19E-07,-2.43E-07,9.96E-07,1.31E-06,3.28E-07,0,2.34E-03,1,1,0,0,0
9118,2.88E-01,0,9118,ERODED,1,1,1,1,1,1,0,0.00E+00,0.00E+00,0,0,1,0.00E+00,1,1,1,1,1
9119,1.52E-01,6,9119,Not eroded,0,0,0,0,0,0,2.02E-06,-1.39E-06,1.30E-06,2.78E-06,4.63E-07,0,4.97E-03,0,0,0,0,0
9120,5.66E-02,4,9120,Not eroded,0,0,0,0,0,0,-1.99E-07,2.31E-07,-1.11E-06,1.15E-06,2.89E-07,0,2.06E-03,1,1,0,0,0
9122,3.17E-01,0,9122,ERODED,1,1,1,1,1,1,0,0.00E+00,0.00E+00,0,0,1,0.00E+00,1,1,1,1,1
9124,1.43E-01,5,9124,Not eroded,0,0,0,0,0,0,-2.54E-08,-4.04E-07,2.56E-07,4.79E-07,9.58E-08,0,8.57E-04,0,1,0,0,0
9126,1.56E-01,6,9126,Not eroded,0,0,0,0,0,0,3.09E-07,1.77E-07,2.26E-07,4.22E-07,7.03E-08,0,7.55E-04,0,0,0,0,0
9128,1.06E-01,4,9128,Not eroded,0,0,0,0,0,0,-1.80E-07,1.50E-07,-8.00E-08,2.47E-07,6.19E-08,0,4.42E-04,1,1,0,0,0
9129,2.30E-01,3,9129,Not eroded,0,1,1,0,0,0,-2.91E-07,-1.74E-08,5.16E-07,5.93E-07,1.98E-07,1,1.06E-03,1,1,0,0,0
9130,1.21E-01,4,9130,Not eroded,0,0,0,0,0,0,5.61E-07,2.46E-07,-2.93E-07,6.79E-07,1.70E-07,0,1.21E-03,1,1,0,0,0
9131,3.03E-01,0,9131,ERODED,1,1,1,1,1,1,0,0.00E+00,0.00E+00,0,0,1,0.00E+00,1,1,1,1,1
9132,2.18E-01,0,9132,Not eroded,0,1,0,0,0,0,0,0.00E+00,0.00E+00,0,0,1,0.00E+00,1,1,1,1,1
9133,2.07E-01,4,9133,Not eroded,0,1,0,0,0,0,8.56E-07,8.09E-07,5.27E-07,1.29E-06,3.23E-07,0,2.31E-03,1,1,0,0,0
9134,2.32E-01,0,9134,Not eroded,0,1,1,1,0,0,0,0.00E+00,0.00E+00,0,0,1,0.00E+00,1,1,1,1,1
9135,1.02E-01,0,9135,Not eroded,0,0,0,0,0,0,0,0.00E+00,0.00E+00,0,0,1,0.00E+00,1,1,1,1,1
9136,2.80E-01,0,9136,ERODED,1,1,1,1,1,1,0,0.00E+00,0.00E+00,0,0,1,0.00E+00,1,1,1,1,1
9137,1.67E-01,3,9137,Not eroded,0,0,0,0,0,0,2.08E-07,-1.60E-07,8.27E-07,8.68E-07,2.89E-07,1,1.55E-03,1,1,0,0,0
9139,9.87E-02,3,9139,Not eroded,0,0,0,0,0,0,-4.15E-07,1.46E-07,-1.00E-08,4.40E-07,1.47E-07,1,7.87E-04,1,1,0,0,0
9142,2.59E-01,0,9142,Not eroded,0,1,1,1,1,1,0,0.00E+00,0.00E+00,0,0,1,0.00E+00,1,1,1,1,1
9143,6.72E-02,4,9143,Not eroded,0,0,0,0,0,0,-4.24E-09,-9.42E-08,7.17E-08,1.18E-07,2.96E-08,0,2.11E-04,1,1,0,0,0
9144,3.23E-01,0,9144,ERODED,1,1,1,1,1,1,0,0.00E+00,0.00E+00,0,0,1,0.00E+00,1,1,1,1,1
9145,7.79E-02,4,9145,Not eroded,0,0,0,0,0,0,2.18E-07,-5.77E-07,7.27E-08,6.21E-07,1.55E-07,0,1.11E-03,1,1,0,0,0
9147,1.46E-01,4,9147,Not eroded,0,0,0,0,0,0,-8.61E-07,-5.33E-08,1.02E-07,8.68E-07,2.17E-07,0,1.55E-03,1,1,0,0,0
9148,1.78E-01,0,9148,Not eroded,0,0,0,0,0,0,0,0.00E+00,0.00E+00,0,0,1,0.00E+00,1,1,1,1,1
9149,1.27E-01,0,9149,Not eroded,0,0,0,0,0,0,0,0.00E+00,0.00E+00,0,0,1,0.00E+00,1,1,1,1,1
9150,3.07E-01,0,9150,ERODED,1,1,1,1,1,1,0,0.00E+00,0.00E+00,0,0,1,0.00E+00,1,1,1,1,1
9151,2.12E-01,6,9151,Not eroded,0,1,0,0,0,0,1.16E-07,2.89E-07,9.64E-08,3.26E-07,5.43E-08,0,5.83E-04,0,0,0,0,0
9152,2.96E-01,2,9152,Not eroded,0,1,1,1,1,1,-7.28E-07,3.98E-08,3.05E-07,7.90E-07,3.95E-07,1,1.41E-03,1,1,1,0,0
9153,3.16E-01,0,9153,ERODED,1,1,1,1,1,1,0,0.00E+00,0.00E+00,0,0,1,0.00E+00,1,1,1,1,1
9154,2.91E-01,5,9154,Not eroded,0,1,1,1,1,1,-1.66E-07,8.03E-08,3.63E-08,1.88E-07,3.76E-08,0,3.36E-04,0,1,0,0,0
9155,2.85E-01,0,9155,Not eroded,0,1,1,1,1,1,0,0.00E+00,0.00E+00,0,0,1,0.00E+00,1,1,1,1,1
9157,3.25E-01,0,9157,ERODED,1,1,1,1,1,1,0,0.00E+00,0.00E+00,0,0,1,0.00E+00,1,1,1,1,1
9158,1.81E-01,0,9158,Not eroded,0,0,0,0,0,0,0,0.00E+00,0.00E+00,0,0,1,0.00E+00,1,1,1,1,1
9159,2.67E-01,4,9159,Not eroded,0,1,1,1,1,1,-1.20E-07,-1.22E-07,2.71E-07,3.20E-07,8.01E-08,0,5.72E-04,1,1,0,0,0
9160,1.29E-01,3,9160,Not eroded,0,0,0,0,0,0,-1.16E-06,1.62E-06,5.11E-07,2.06E-06,6.88E-07,1,3.68E-03,1,1,0,0,0
9161,1.88E-01,4,9161,Not eroded,0,0,0,0,0,0,6.37E-08,-1.53E-06,9.66E-07,1.81E-06,4.52E-07,0,3.24E-03,1,1,0,0,0
9162,2.09E-01,4,9162,Not eroded,0,1,0,0,0,0,7.44E-07,2.38E-07,-2.58E-07,8.23E-07,2.06E-07,0,1.47E-03,1,1,0,0,0
9163,3.19E-01,3,9163,ERODED,1,1,1,1,1,1,-4.47E-06,-2.16E-06,-1.50E-05,1.58E-05,5.27E-06,1,2.83E-02,1,1,0,0,0
9164,1.27E-01,4,9164,Not eroded,0,0,0,0,0,0,-5.06E-08,-1.70E-07,1.13E-07,2.10E-07,5.26E-08,0,3.76E-04,1,1,0,0,0
9165,2.14E-01,3,9165,Not eroded,0,1,0,0,0,0,-1.56E-06,3.84E-07,-1.06E-06,1.92E-06,6.42E-07,1,3.43E-03,1,1,0,0,0
9166,9.70E-02,0,9166,Not eroded,0,0,0,0,0,0,0,0.00E+00,0.00E+00,0,0,1,0.00E+00,1,1,1,1,1
9167,2.38E-01,7,9167,Not eroded,0,1,1,1,0,0,2.51E-06,-6.97E-08,-1.22E-06,2.79E-06,3.99E-07,0,4.99E-03,0,0,0,0,0
9168,1.05E-01,3,9168,Not eroded,0,0,0,0,0,0,-4.01E-08,-6.01E-07,2.63E-07,6.57E-07,2.19E-07,1,1.18E-03,1,1,0,0,0
9170,1.42E-01,5,9170,Not eroded,0,0,0,0,0,0,1.45E-07,3.64E-08,2.11E-07,2.58E-07,5.16E-08,0,4.61E-04,0,1,0,0,0
9171,5.96E-02,0,9171,Not eroded,0,0,0,0,0,0,0,0.00E+00,0.00E+00,0,0,1,0.00E+00,1,1,1,1,1
9172,2.36E-01,4,9172,Not eroded,0,1,1,1,0,0,5.27E-07,5.56E-07,1.00E-06,1.26E-06,3.16E-07,0,2.25E-03,1,1,0,0,0
9173,1.33E-01,4,9173,Not eroded,0,0,0,0,0,0,1.69E-07,4.19E-07,5.12E-07,6.83E-07,1.71E-07,0,1.22E-03,1,1,0,0,0
9174,7.32E-02,3,9174,Not eroded,0,0,0,0,0,0,1.38E-07,6.95E-07,4.48E-07,8.38E-07,2.79E-07,1,1.50E-03,1,1,0,0,0
9175,2.66E-01,5,9175,Not eroded,0,1,1,1,1,1,-1.21E-06,1.09E-07,-2.41E-07,1.24E-06,2.47E-07,0,2.22E-03,0,1,0,0,0
9176,5.66E-02,3,9176,Not eroded,0,0,0,0,0,0,-3.64E-08,1.32E-07,-1.51E-06,1.52E-06,5.05E-07,1,2.72E-03,1,1,0,0,0
9178,2.57E-01,4,9178,Not eroded,0,1,1,1,1,1,6.72E-06,4.48E-06,2.03E-06,8.33E-06,2.08E-06,0,1.49E-02,1,1,0,0,0
9179,5.66E-02,3,9179,Not eroded,0,0,0,0,0,0,2.25E-08,-1.53E-07,-1.36E-06,1.37E-06,4.56E-07,1,2.45E-03,1,1,0,0,0
9180,1.51E-01,5,9180,Not eroded,0,0,0,0,0,0,-8.38E-09,-1.68E-07,1.37E-07,2.17E-07,4.34E-08,0,3.88E-04,0,1,0,0,0
9181,2.94E-01,0,9181,ERODED,1,1,1,1,1,1,0,0.00E+00,0.00E+00,0,0,1,0.00E+00,1,1,1,1,1
9183,2.92E-01,2,9183,Not eroded,0,1,1,1,1,1,-2.56E-06,-2.73E-06,-1.23E-06,3.94E-06,1.97E-06,1,7.05E-03,1,1,1,0,0
9184,1.35E-01,0,9184,Not eroded,0,0,0,0,0,0,0,0.00E+00,0.00E+00,0,0,1,0.00E+00,1,1,1,1,1
9185,2.15E-01,6,9185,Not eroded,0,1,0,0,0,0,7.84E-08,2.94E-07,1.15E-07,3.25E-07,5.42E-08,0,5.81E-04,0,0,0,0,0
9186,7.04E-02,5,9186,Not eroded,0,0,0,0,0,0,-4.33E-07,1.49E-06,-1.19E-06,1.95E-06,3.90E-07,0,3.49E-03,0,1,0,0,0
9187,3.20E-01,0,9187,ERODED,1,1,1,1,1,1,0,0.00E+00,0.00E+00,0,0,1,0.00E+00,1,1,1,1,1
9188,1.68E-01,5,9188,Not eroded,0,0,0,0,0,0,2.39E-07,-1.14E-07,2.55E-07,3.67E-07,7.34E-08,0,6.56E-04,0,1,0,0,0
9189,1.92E-01,3,9189,Not eroded,0,1,0,0,0,0,-2.01E-08,1.01E-06,-1.60E-08,1.01E-06,3.36E-07,1,1.81E-03,1,1,0,0,0
9190,1.45E-01,0,9190,Not eroded,0,0,0,0,0,0,0,0.00E+00,0.00E+00,0,0,1,0.00E+00,1,1,1,1,1
9191,7.12E-02,2,9191,Not eroded,0,0,0,0,0,0,2.72E-07,2.78E-07,-4.84E-08,3.92E-07,1.96E-07,1,7.01E-04,1,1,1,0,0
9192,1.50E-01,5,9192,Not eroded,0,0,0,0,0,0,-6.00E-07,1.01E-06,3.33E-06,3.53E-06,7.06E-07,0,6.31E-03,0,1,0,0,0
9193,2.42E-01,4,9193,Not eroded,0,1,1,1,1,0,-1.76E-07,-3.77E-07,9.99E-08,4.27E-07,1.07E-07,0,7.64E-04,1,1,0,0,0
9194,1.15E-01,5,9194,Not eroded,0,0,0,0,0,0,3.68E-07,-4.10E-08,3.04E-07,4.79E-07,9.58E-08,0,8.57E-04,0,1,0,0,0
9195,5.65E-02,4,9195,Not eroded,0,0,0,0,0,0,-6.03E-09,1.24E-07,-1.46E-06,1.47E-06,3.67E-07,0,2.63E-03,1,1,0,0,0
9196,1.39E-01,0,9196,Not eroded,0,0,0,0,0,0,0,0.00E+00,0.00E+00,0,0,1,0.00E+00,1,1,1,1,1
9198,1.20E-01,4,9198,Not eroded,0,0,0,0,0,0,-2.44E-07,1.84E-07,2.35E-08,3.06E-07,7.66E-08,0,5.47E-04,1,1,0,0,0
9199,5.64E-02,4,9199,Not eroded,0,0,0,0,0,0,1.47E-07,1.48E-07,-1.33E-06,1.35E-06,3.36E-07,0,2.41E-03,1,1,0,0,0
9200,3.14E-01,0,9200,ERODED,1,1,1,1,1,1,0,0.00E+00,0.00E+00,0,0,1,0.00E+00,1,1,1,1,1
9202,2.33E-01,5,9202,Not eroded,0,1,1,1,0,0,1.81E-06,1.62E-06,1.87E-07,2.44E-06,4.87E-07,0,4.36E-03,0,1,0,0,0
9203,2.51E-01,4,9203,Not eroded,0,1,1,1,1,1,-7.46E-08,-5.56E-07,3.86E-07,6.82E-07,1.70E-07,0,1.22E-03,1,1,0,0,0
9204,1.72E-01,0,9204,Not eroded,0,0,0,0,0,0,0,0.00E+00,0.00E+00,0,0,1,0.00E+00,1,1,1,1,1
9205,7.88E-02,4,9205,Not eroded,0,0,0,0,0,0,-3.71E-08,-1.48E-07,-9.79E-08,1.81E-07,4.53E-08,0,3.24E-04,1,1,0,0,0
9206,1.61E-01,2,9206,Not eroded,0,0,0,0,0,0,2.24E-06,-3.87E-06,-2.63E-06,5.19E-06,2.59E-06,1,9.28E-03,1,1,1,0,0
9207,7.38E-02,0,9207,Not eroded,0,0,0,0,0,0,0,0.00E+00,0.00E+00,0,0,1,0.00E+00,1,1,1,1,1
9208,2.34E-01,3,9208,Not eroded,0,1,1,1,0,0,1.22E-07,7.50E-08,1.78E-07,2.28E-07,7.61E-08,1,4.08E-04,1,1,0,0,0
9209,1.37E-01,4,9209,Not eroded,0,0,0,0,0,0,7.97E-08,-1.41E-07,4.04E-07,4.35E-07,1.09E-07,0,7.78E-04,1,1,0,0,0
9210,1.58E-01,0,9210,Not eroded,0,0,0,0,0,0,0,0.00E+00,0.00E+00,0,0,1,0.00E+00,1,1,1,1,1
9211,1.81E-01,0,9211,Not eroded,0,0,0,0,0,0,0,0.00E+00,0.00E+00,0,0,1,0.00E+00,1,1,1,1,1
9213,1.16E-01,5,9213,Not eroded,0,0,0,0,0,0,1.72E-07,7.83E-08,4.98E-07,5.33E-07,1.07E-07,0,9.53E-04,0,1,0,0,0
9214,8.35E-02,3,9214,Not eroded,0,0,0,0,0,0,6.13E-08,2.39E-07,6.24E-07,6.71E-07,2.24E-07,1,1.20E-03,1,1,0,0,0
9216,3.09E-01,0,9216,ERODED,1,1,1,1,1,1,0,0.00E+00,0.00E+00,0,0,1,0.00E+00,1,1,1,1,1
9217,2.97E-01,4,9217,Not eroded,0,1,1,1,1,1,3.36E-07,1.76E-07,1.94E-07,4.26E-07,1.06E-07,0,7.62E-04,1,1,0,0,0
9218,9.77E-02,3,9218,Not eroded,0,0,0,0,0,0,-1.53E-07,3.38E-07,3.11E-06,3.14E-06,1.05E-06,1,5.62E-03,1,1,0,0,0
9219,1.79E-01,2,9219,Not eroded,0,0,0,0,0,0,1.67E-07,5.05E-07,-2.90E-07,6.06E-07,3.03E-07,1,1.08E-03,1,1,1,0,0
9220,1.22E-01,4,9220,Not eroded,0,0,0,0,0,0,1.27E-05,7.89E-06,1.89E-06,1.51E-05,3.77E-06,0,2.70E-02,1,1,0,0,0
9222,1.16E-01,4,9222,Not eroded,0,0,0,0,0,0,2.64E-07,-3.38E-08,-1.61E-08,2.67E-07,6.67E-08,0,4.78E-04,1,1,0,0,0
9223,9.21E-02,4,9223,Not eroded,0,0,0,0,0,0,1.38E-07,-4.19E-09,-4.39E-08,1.45E-07,3.62E-08,0,2.59E-04,1,1,0,0,0
9224,5.66E-02,2,9224,Not eroded,0,0,0,0,0,0,-3.60E-08,3.43E-07,-1.46E-06,1.50E-06,7.50E-07,1,2.68E-03,1,1,1,0,0
9225,2.96E-01,0,9225,ERODED,1,1,1,1,1,1,0,0.00E+00,0.00E+00,0,0,1,0.00E+00,1,1,1,1,1
9226,1.13E-01,6,9226,Not eroded,0,0,0,0,0,0,4.39E-07,5.70E-07,3.38E-07,7.95E-07,1.33E-07,0,1.42E-03,0,0,0,0,0
9227,2.97E-01,0,9227,Not eroded,0,1,1,1,1,1,0,0.00E+00,0.00E+00,0,0,1,0.00E+00,1,1,1,1,1
9228,1.54E-01,0,9228,Not eroded,0,0,0,0,0,0,0,0.00E+00,0.00E+00,0,0,1,0.00E+00,1,1,1,1,1
9229,1.96E-01,0,9229,Not eroded,0,1,0,0,0,0,0,0.00E+00,0.00E+00,0,0,1,0.00E+00,1,1,1,1,1
9230,2.16E-01,0,9230,Not eroded,0,1,0,0,0,0,0,0.00E+00,0.00E+00,0,0,1,0.00E+00,1,1,1,1,1
9231,2.47E-01,0,9231,Not eroded,0,1,1,1,1,0,0,0.00E+00,0.00E+00,0,0,1,0.00E+00,1,1,1,1,1
9232,2.25E-01,3,9232,Not eroded,0,1,1,0,0,0,4.99E-06,1.25E-05,-1.76E-06,1.36E-05,4.52E-06,1,2.43E-02,1,1,0,0,0
9233,1.89E-01,0,9233,Not eroded,0,0,0,0,0,0,0,0.00E+00,0.00E+00,0,0,1,0.00E+00,1,1,1,1,1
9234,2.57E-01,0,9234,Not eroded,0,1,1,1,1,1,0,0.00E+00,0.00E+00,0,0,1,0.00E+00,1,1,1,1,1
9235,6.89E-02,5,9235,Not eroded,0,0,0,0,0,0,3.28E-07,-1.48E-09,2.28E-08,3.29E-07,6.58E-08,0,5.88E-04,0,1,0,0,0
9236,1.80E-01,0,9236,Not eroded,0,0,0,0,0,0,0,0.00E+00,0.00E+00,0,0,1,0.00E+00,1,1,1,1,1
9237,8.60E-02,4,9237,Not eroded,0,0,0,0,0,0,1.35E-07,1.09E-07,1.26E-07,2.14E-07,5.36E-08,0,3.83E-04,1,1,0,0,0
9239,2.91E-01,0,9239,Not eroded,0,1,1,1,1,1,0,0.00E+00,0.00E+00,0,0,1,0.00E+00,1,1,1,1,1
9240,1.52E-01,3,9240,Not eroded,0,0,0,0,0,0,6.80E-08,3.24E-08,2.17E-07,2.30E-07,7.67E-08,1,4.11E-04,1,1,0,0,0
9241,3.26E-01,0,9241,ERODED,1,1,1,1,1,1,0,0.00E+00,0.00E+00,0,0,1,0.00E+00,1,1,1,1,1
9242,1.76E-01,5,9242,Not eroded,0,0,0,0,0,0,2.58E-07,-2.18E-08,5.97E-08,2.66E-07,5.32E-08,0,4.76E-04,0,1,0,0,0
9243,2.11E-01,0,9243,Not eroded,0,1,0,0,0,0,0,0.00E+00,0.00E+00,0,0,1,0.00E+00,1,1,1,1,1
9245,2.14E-01,4,9245,Not eroded,0,1,0,0,0,0,1.68E-07,1.81E-07,1.50E-07,2.89E-07,7.22E-08,0,5.17E-04,1,1,0,0,0
9246,1.16E-01,7,9246,Not eroded,0,0,0,0,0,0,-4.03E-09,-2.87E-08,-6.74E-08,7.33E-08,1.05E-08,0,1.31E-04,0,0,0,0,0
9247,2.30E-01,0,9247,Not eroded,0,1,1,0,0,0,0,0.00E+00,0.00E+00,0,0,1,0.00E+00,1,1,1,1,1
9248,6.47E-02,3,9248,Not eroded,0,0,0,0,0,0,2.82E-07,-7.22E-09,-7.13E-08,2.91E-07,9.70E-08,1,5.21E-04,1,1,0,0,0
9250,2.94E-01,3,9250,Not eroded,0,1,1,1,1,1,2.88E-06,-6.45E-07,6.02E-07,3.01E-06,1.00E-06,1,5.38E-03,1,1,0,0,0
9251,1.22E-01,3,9251,Not eroded,0,0,0,0,0,0,1.47E-07,-6.10E-08,1.45E-07,2.15E-07,7.18E-08,1,3.85E-04,1,1,0,0,0
9252,5.66E-02,3,9252,Not eroded,0,0,0,0,0,0,-4.43E-08,-1.24E-08,-1.28E-06,1.28E-06,4.27E-07,1,2.29E-03,1,1,0,0,0
9253,2.97E-01,4,9253,Not eroded,0,1,1,1,1,1,2.74E-07,-3.73E-07,1.13E-07,4.76E-07,1.19E-07,0,8.51E-04,1,1,0,0,0
9254,2.20E-01,3,9254,Not eroded,0,1,0,0,0,0,2.35E-07,-1.05E-07,2.08E-08,2.59E-07,8.62E-08,1,4.63E-04,1,1,0,0,0
9255,1.25E-01,4,9255,Not eroded,0,0,0,0,0,0,3.37E-08,-8.20E-07,7.65E-07,1.12E-06,2.81E-07,0,2.00E-03,1,1,0,0,0
9256,2.10E-01,3,9256,Not eroded,0,1,0,0,0,0,-1.75E-07,7.35E-07,5.44E-06,5.50E-06,1.83E-06,1,9.84E-03,1,1,0,0,0
9257,2.42E-01,4,9257,Not eroded,0,1,1,1,1,0,2.69E-07,3.06E-07,1.14E-07,4.23E-07,1.06E-07,0,7.57E-04,1,1,0,0,0
9258,1.43E-01,5,9258,Not eroded,0,0,0,0,0,0,-6.88E-08,2.92E-07,3.06E-07,4.29E-07,8.58E-08,0,7.67E-04,0,1,0,0,0
9259,1.31E-01,6,9259,Not eroded,0,0,0,0,0,0,1.18E-06,7.20E-07,5.12E-06,5.31E-06,8.85E-07,0,9.50E-03,0,0,0,0,0
9260,3.03E-01,0,9260,ERODED,1,1,1,1,1,1,0,0.00E+00,0.00E+00,0,0,1,0.00E+00,1,1,1,1,1
9261,5.65E-02,5,9261,Not eroded,0,0,0,0,0,0,9.54E-08,1.82E-07,-1.40E-06,1.42E-06,2.83E-07,0,2.54E-03,0,1,0,0,0
9264,2.90E-01,4,9264,Not eroded,0,1,1,1,1,1,-1.13E-06,3.65E-06,-3.54E-06,5.21E-06,1.30E-06,0,9.32E-03,1,1,0,0,0
9265,2.99E-01,0,9265,Not eroded,0,1,1,1,1,1,0,0.00E+00,0.00E+00,0,0,1,0.00E+00,1,1,1,1,1
9266,1.14E-01,0,9266,Not eroded,0,0,0,0,0,0,0,0.00E+00,0.00E+00,0,0,1,0.00E+00,1,1,1,1,1
9267,9.93E-02,2,9267,Not eroded,0,0,0,0,0,0,-2.22E-07,-6.00E-07,2.58E-07,6.90E-07,3.45E-07,1,1.23E-03,1,1,1,0,0
9268,2.04E-01,4,9268,Not eroded,0,1,0,0,0,0,3.28E-07,5.68E-08,-2.27E-09,3.33E-07,8.33E-08,0,5.96E-04,1,1,0,0,0
9270,2.06E-01,5,9270,Not eroded,0,1,0,0,0,0,2.86E-07,8.40E-07,3.08E-07,9.39E-07,1.88E-07,0,1.68E-03,0,1,0,0,0
9272,2.72E-01,4,9272,Not eroded,0,1,1,1,1,1,-1.85E-06,2.05E-06,1.53E-05,1.55E-05,3.88E-06,0,2.77E-02,1,1,0,0,0
9273,2.11E-01,4,9273,Not eroded,0,1,0,0,0,0,1.31E-07,2.68E-07,-7.87E-08,3.09E-07,7.72E-08,0,5.53E-04,1,1,0,0,0
9274,1.71E-01,3,9274,Not eroded,0,0,0,0,0,0,1.99E-07,1.41E-07,1.24E-07,2.73E-07,9.11E-08,1,4.88E-04,1,1,0,0,0
9276,1.20E-01,4,9276,Not eroded,0,0,0,0,0,0,2.45E-07,-1.39E-07,1.90E-07,3.40E-07,8.50E-08,0,6.08E-04,1,1,0,0,0
9277,1.09E-01,0,9277,Not eroded,0,0,0,0,0,0,0,0.00E+00,0.00E+00,0,0,1,0.00E+00,1,1,1,1,1
9278,8.16E-02,3,9278,Not eroded,0,0,0,0,0,0,-1.49E-07,1.65E-06,-5.46E-07,1.74E-06,5.80E-07,1,3.11E-03,1,1,0,0,0
9279,2.78E-01,0,9279,Not eroded,0,1,1,1,1,1,0,0.00E+00,0.00E+00,0,0,1,0.00E+00,1,1,1,1,1
9280,9.22E-02,0,9280,Not eroded,0,0,0,0,0,0,0,0.00E+00,0.00E+00,0,0,1,0.00E+00,1,1,1,1,1
9281,2.08E-01,4,9281,Not eroded,0,1,0,0,0,0,-3.04E-07,-2.79E-07,1.36E-06,1.42E-06,3.54E-07,0,2.54E-03,1,1,0,0,0
9282,1.27E-01,4,9282,Not eroded,0,0,0,0,0,0,-1.54E-07,1.41E-08,5.44E-07,5.65E-07,1.41E-07,0,1.01E-03,1,1,0,0,0
9283,7.33E-02,4,9283,Not eroded,0,0,0,0,0,0,1.63E-07,2.79E-07,1.98E-07,3.78E-07,9.46E-08,0,6.76E-04,1,1,0,0,0
9284,6.48E-02,4,9284,Not eroded,0,0,0,0,0,0,-7.95E-08,-9.24E-07,-4.37E-07,1.02E-06,2.56E-07,0,1.82E-03,1,1,0,0,0
9285,2.69E-01,3,9285,Not eroded,0,1,1,1,1,1,2.41E-07,1.83E-07,6.10E-07,6.81E-07,2.27E-07,1,1.22E-03,1,1,0,0,0
9286,2.73E-01,0,9286,Not eroded,0,1,1,1,1,1,0,0.00E+00,0.00E+00,0,0,1,0.00E+00,1,1,1,1,1
9287,8.37E-02,3,9287,Not eroded,0,0,0,0,0,0,-8.54E-08,-1.99E-07,1.42E-07,2.59E-07,8.63E-08,1,4.63E-04,1,1,0,0,0
9288,2.57E-01,4,9288,Not eroded,0,1,1,1,1,1,3.18E-06,-1.41E-06,-6.46E-06,7.34E-06,1.83E-06,0,1.31E-02,1,1,0,0,0
9289,3.05E-01,0,9289,ERODED,1,1,1,1,1,1,0,0.00E+00,0.00E+00,0,0,1,0.00E+00,1,1,1,1,1
9291,2.38E-01,4,9291,Not eroded,0,1,1,1,0,0,-3.56E-07,7.77E-08,3.36E-07,4.96E-07,1.24E-07,0,8.87E-04,1,1,0,0,0
9292,1.91E-01,0,9292,Not eroded,0,1,0,0,0,0,0,0.00E+00,0.00E+00,0,0,1,0.00E+00,1,1,1,1,1
9293,1.12E-01,5,9293,Not eroded,0,0,0,0,0,0,-1.56E-06,-1.42E-06,8.69E-06,8.94E-06,1.79E-06,0,1.60E-02,0,1,0,0,0
9294,3.34E-01,0,9294,ERODED,1,1,1,1,1,1,0,0.00E+00,0.00E+00,0,0,1,0.00E+00,1,1,1,1,1
9295,1.72E-01,0,9295,Not eroded,0,0,0,0,0,0,0,0.00E+00,0.00E+00,0,0,1,0.00E+00,1,1,1,1,1
9296,2.19E-01,3,9296,Not eroded,0,1,0,0,0,0,-1.53E-07,1.62E-06,-7.14E-07,1.78E-06,5.93E-07,1,3.18E-03,1,1,0,0,0
9300,5.66E-02,4,9300,Not eroded,0,0,0,0,0,0,2.03E-07,5.78E-07,-1.30E-06,1.44E-06,3.60E-07,0,2.58E-03,1,1,0,0,0
9301,2.41E-01,0,9301,Not eroded,0,1,1,1,1,0,0,0.00E+00,0.00E+00,0,0,1,0.00E+00,1,1,1,1,1
9302,2.51E-01,0,9302,Not eroded,0,1,1,1,1,1,0,0.00E+00,0.00E+00,0,0,1,0.00E+00,1,1,1,1,1
9303,2.28E-01,0,9303,Not eroded,0,1,1,0,0,0,0,0.00E+00,0.00E+00,0,0,1,0.00E+00,1,1,1,1,1
9304,1.52E-01,4,9304,Not eroded,0,0,0,0,0,0,-3.34E-07,1.47E-07,-7.45E-08,3.72E-07,9.30E-08,0,6.65E-04,1,1,0,0,0
9305,7.99E-02,4,9305,Not eroded,0,0,0,0,0,0,-6.77E-07,1.35E-06,-1.86E-07,1.52E-06,3.81E-07,0,2.72E-03,1,1,0,0,0
9306,8.15E-02,3,9306,Not eroded,0,0,0,0,0,0,1.51E-08,6.85E-08,-2.88E-08,7.58E-08,2.53E-08,1,1.36E-04,1,1,0,0,0
9307,8.95E-02,4,9307,Not eroded,0,0,0,0,0,0,6.22E-09,-7.00E-08,2.43E-07,2.53E-07,6.33E-08,0,4.53E-04,1,1,0,0,0
9308,2.16E-01,3,9308,Not eroded,0,1,0,0,0,0,3.59E-07,1.89E-06,6.22E-06,6.51E-06,2.17E-06,1,1.16E-02,1,1,0,0,0
9309,1.54E-01,5,9309,Not eroded,0,0,0,0,0,0,1.46E-07,2.05E-07,2.08E-07,3.26E-07,6.53E-08,0,5.83E-04,0,1,0,0,0
9310,2.47E-01,3,9310,Not eroded,0,1,1,1,1,0,-2.16E-06,3.41E-06,9.16E-06,1.00E-05,3.34E-06,1,1.79E-02,1,1,0,0,0
9311,1.85E-01,0,9311,Not eroded,0,0,0,0,0,0,0,0.00E+00,0.00E+00,0,0,1,0.00E+00,1,1,1,1,1
9312,1.49E-01,5,9312,Not eroded,0,0,0,0,0,0,9.84E-07,4.32E-07,-3.22E-08,1.08E-06,2.15E-07,0,1.93E-03,0,1,0,0,0
9313,9.66E-02,3,9313,Not eroded,0,0,0,0,0,0,8.56E-07,-1.74E-07,-3.84E-07,9.54E-07,3.18E-07,1,1.71E-03,1,1,0,0,0
9314,7.98E-02,6,9314,Not eroded,0,0,0,0,0,0,1.49E-07,7.30E-08,3.03E-07,3.45E-07,5.75E-08,0,6.17E-04,0,0,0,0,0
9315,1.06E-01,0,9315,Not eroded,0,0,0,0,0,0,0,0.00E+00,0.00E+00,0,0,1,0.00E+00,1,1,1,1,1
9316,6.87E-02,6,9316,Not eroded,0,0,0,0,0,0,4.56E-08,-1.54E-07,-6.69E-08,1.74E-07,2.90E-08,0,3.11E-04,0,0,0,0,0
9317,1.21E-01,4,9317,Not eroded,0,0,0,0,0,0,-2.20E-07,-1.00E-07,1.45E-07,2.82E-07,7.05E-08,0,5.04E-04,1,1,0,0,0
9318,1.84E-01,0,9318,Not eroded,0,0,0,0,0,0,0,0.00E+00,0.00E+00,0,0,1,0.00E+00,1,1,1,1,1
9319,6.58E-02,5,9319,Not eroded,0,0,0,0,0,0,1.61E-07,2.88E-07,3.75E-08,3.32E-07,6.64E-08,0,5.94E-04,0,1,0,0,0
9320,6.52E-02,5,9320,Not eroded,0,0,0,0,0,0,-4.03E-08,-1.64E-07,-1.51E-07,2.27E-07,4.53E-08,0,4.06E-04,0,1,0,0,0
9321,1.13E-01,0,9321,Not eroded,0,0,0,0,0,0,0,0.00E+00,0.00E+00,0,0,1,0.00E+00,1,1,1,1,1
9322,2.92E-01,0,9322,ERODED,1,1,1,1,1,1,0,0.00E+00,0.00E+00,0,0,1,0.00E+00,1,1,1,1,1
9323,1.15E-01,6,9323,Not eroded,0,0,0,0,0,0,1.95E-07,1.67E-07,-2.35E-07,3.48E-07,5.80E-08,0,6.22E-04,0,0,0,0,0
9324,9.57E-02,3,9324,Not eroded,0,0,0,0,0,0,-1.61E-07,9.09E-08,7.79E-07,8.01E-07,2.67E-07,1,1.43E-03,1,1,0,0,0
9325,7.58E-02,4,9325,Not eroded,0,0,0,0,0,0,1.12E-07,-2.20E-07,8.19E-08,2.60E-07,6.51E-08,0,4.65E-04,1,1,0,0,0
9326,1.90E-01,0,9326,Not eroded,0,0,0,0,0,0,0,0.00E+00,0.00E+00,0,0,1,0.00E+00,1,1,1,1,1
9327,1.28E-01,3,9327,Not eroded,0,0,0,0,0,0,5.91E-07,3.41E-07,-1.78E-07,7.05E-07,2.35E-07,1,1.26E-03,1,1,0,0,0
9328,2.36E-01,4,9328,Not eroded,0,1,1,1,0,0,1.07E-07,3.75E-08,-2.39E-08,1.16E-07,2.90E-08,0,2.07E-04,1,1,0,0,0
9329,1.91E-01,4,9329,Not eroded,0,1,0,0,0,0,-8.26E-08,-5.95E-07,2.47E-07,6.49E-07,1.62E-07,0,1.16E-03,1,1,0,0,0
9330,2.83E-01,3,9330,Not eroded,0,1,1,1,1,1,5.62E-06,2.44E-06,-2.06E-07,6.13E-06,2.04E-06,1,1.10E-02,1,1,0,0,0
9331,2.20E-01,0,9331,Not eroded,0,1,0,0,0,0,0,0.00E+00,0.00E+00,0,0,1,0.00E+00,1,1,1,1,1
9332,2.85E-01,0,9332,ERODED,1,1,1,1,1,1,0,0.00E+00,0.00E+00,0,0,1,0.00E+00,1,1,1,1,1
9333,2.38E-01,0,9333,Not eroded,0,1,1,1,0,0,0,0.00E+00,0.00E+00,0,0,1,0.00E+00,1,1,1,1,1
9335,5.63E-02,3,9335,Not eroded,0,0,0,0,0,0,-3.37E-09,-9.04E-08,-1.41E-06,1.41E-06,4.70E-07,1,2.52E-03,1,1,0,0,0
9336,2.57E-01,5,9336,Not eroded,0,1,1,1,1,1,7.68E-09,9.23E-07,-4.16E-07,1.01E-06,2.02E-07,0,1.81E-03,0,1,0,0,0
9337,1.73E-01,2,9337,Not eroded,0,0,0,0,0,0,1.45E-07,-1.10E-07,4.69E-08,1.88E-07,9.40E-08,1,3.36E-04,1,1,1,0,0
9338,3.18E-01,0,9338,ERODED,1,1,1,1,1,1,0,0.00E+00,0.00E+00,0,0,1,0.00E+00,1,1,1,1,1
9339,1.21E-01,3,9339,Not eroded,0,0,0,0,0,0,-7.25E-07,6.15E-07,6.51E-08,9.53E-07,3.18E-07,1,1.70E-03,1,1,0,0,0
9340,1.87E-01,4,9340,Not eroded,0,0,0,0,0,0,-1.40E-07,2.98E-07,-7.28E-08,3.37E-07,8.42E-08,0,6.03E-04,1,1,0,0,0
9341,1.15E-01,0,9341,Not eroded,0,0,0,0,0,0,0,0.00E+00,0.00E+00,0,0,1,0.00E+00,1,1,1,1,1
9343,1.78E-01,4,9343,Not eroded,0,0,0,0,0,0,-2.36E-08,-1.69E-07,1.30E-06,1.31E-06,3.29E-07,0,2.34E-03,1,1,0,0,0
9345,2.21E-01,3,9345,Not eroded,0,1,1,0,0,0,4.84E-07,-1.23E-08,2.77E-08,4.85E-07,1.62E-07,1,8.68E-04,1,1,0,0,0
9346,1.78E-01,6,9346,Not eroded,0,0,0,0,0,0,8.87E-08,2.38E-07,7.21E-07,7.64E-07,1.27E-07,0,1.37E-03,0,0,0,0,0
9347,2.35E-01,0,9347,Not eroded,0,1,1,1,0,0,0,0.00E+00,0.00E+00,0,0,1,0.00E+00,1,1,1,1,1
9348,2.55E-01,7,9348,Not eroded,0,1,1,1,1,1,2.34E-07,1.98E-07,1.11E-08,3.07E-07,4.38E-08,0,5.49E-04,0,0,0,0,0
9349,2.75E-01,0,9349,Not eroded,0,1,1,1,1,1,0,0.00E+00,0.00E+00,0,0,1,0.00E+00,1,1,1,1,1
9350,1.89E-01,3,9350,Not eroded,0,0,0,0,0,0,6.35E-07,5.44E-07,-1.90E-07,8.58E-07,2.86E-07,1,1.53E-03,1,1,0,0,0
9351,2.57E-01,4,9351,Not eroded,0,1,1,1,1,1,1.94E-08,-8.79E-08,2.34E-07,2.51E-07,6.26E-08,0,4.49E-04,1,1,0,0,0
9352,3.30E-01,0,9352,ERODED,1,1,1,1,1,1,0,0.00E+00,0.00E+00,0,0,1,0.00E+00,1,1,1,1,1
9353,1.37E-01,4,9353,Not eroded,0,0,0,0,0,0,7.29E-08,3.89E-07,4.55E-07,6.03E-07,1.51E-07,0,1.08E-03,1,1,0,0,0
9354,1.93E-01,4,9354,Not eroded,0,1,0,0,0,0,-1.59E-06,-9.86E-07,1.70E-06,2.53E-06,6.31E-07,0,4.53E-03,1,1,0,0,0
9356,2.21E-01,3,9356,Not eroded,0,1,1,0,0,0,-1.13E-07,4.67E-07,1.12E-06,1.22E-06,4.07E-07,1,2.18E-03,1,1,0,0,0
9357,1.44E-01,0,9357,Not eroded,0,0,0,0,0,0,0,0.00E+00,0.00E+00,0,0,1,0.00E+00,1,1,1,1,1
9358,1.52E-01,0,9358,Not eroded,0,0,0,0,0,0,0,0.00E+00,0.00E+00,0,0,1,0.00E+00,1,1,1,1,1
9359,6.40E-02,5,9359,Not eroded,0,0,0,0,0,0,-3.14E-07,-8.41E-08,-4.08E-07,5.21E-07,1.04E-07,0,9.32E-04,0,1,0,0,0
9360,6.02E-02,3,9360,Not eroded,0,0,0,0,0,0,1.37E-09,-8.95E-08,-3.32E-08,9.55E-08,3.18E-08,1,1.71E-04,1,1,0,0,0
9361,7.24E-02,2,9361,Not eroded,0,0,0,0,0,0,-9.48E-08,2.63E-07,2.08E-07,3.48E-07,1.74E-07,1,6.22E-04,1,1,1,0,0
9362,5.66E-02,3,9362,Not eroded,0,0,0,0,0,0,-8.56E-09,-4.02E-07,-1.50E-06,1.55E-06,5.18E-07,1,2.77E-03,1,1,0,0,0
9363,5.64E-02,2,9363,Not eroded,0,0,0,0,0,0,-2.90E-07,-1.18E-07,-1.55E-06,1.58E-06,7.92E-07,1,2.83E-03,1,1,1,0,0
9364,2.98E-01,5,9364,Not eroded,0,1,1,1,1,1,-4.90E-07,-2.96E-08,2.54E-07,5.53E-07,1.11E-07,0,9.89E-04,0,1,0,0,0
9365,2.90E-01,3,9365,Not eroded,0,1,1,1,1,1,1.17E-07,-8.39E-07,3.66E-07,9.23E-07,3.08E-07,1,1.65E-03,1,1,0,0,0
9366,2.14E-01,5,9366,Not eroded,0,1,0,0,0,0,3.19E-07,9.75E-08,6.55E-07,7.36E-07,1.47E-07,0,1.32E-03,0,1,0,0,0
9367,2.39E-01,6,9367,Not eroded,0,1,1,1,0,0,1.15E-07,2.17E-08,6.65E-08,1.35E-07,2.25E-08,0,2.41E-04,0,0,0,0,0
9368,1.15E-01,4,9368,Not eroded,0,0,0,0,0,0,-2.56E-06,-2.10E-07,7.45E-07,2.67E-06,6.68E-07,0,4.78E-03,1,1,0,0,0
9369,9.63E-02,6,9369,Not eroded,0,0,0,0,0,0,2.32E-07,-7.53E-07,1.60E-06,1.79E-06,2.98E-07,0,3.20E-03,0,0,0,0,0
9370,1.49E-01,3,9370,Not eroded,0,0,0,0,0,0,2.43E-07,-8.27E-07,3.56E-07,9.33E-07,3.11E-07,1,1.67E-03,1,1,0,0,0
9371,5.60E-02,1,9371,Not eroded,0,0,0,0,0,0,5.66E-08,-7.45E-07,-1.67E-06,1.83E-06,1.83E-06,1,3.27E-03,1,1,1,1,0
9372,7.99E-02,5,9372,Not eroded,0,0,0,0,0,0,1.68E-07,4.14E-09,1.23E-07,2.08E-07,4.16E-08,0,3.72E-04,0,1,0,0,0
9373,1.42E-01,5,9373,Not eroded,0,0,0,0,0,0,4.32E-08,1.16E-07,3.23E-07,3.46E-07,6.91E-08,0,6.19E-04,0,1,0,0,0
9374,1.59E-01,3,9374,Not eroded,0,0,0,0,0,0,-7.35E-08,5.21E-08,4.48E-07,4.57E-07,1.52E-07,1,8.17E-04,1,1,0,0,0
9377,5.64E-02,5,9377,Not eroded,0,0,0,0,0,0,1.21E-07,2.74E-07,-1.20E-06,1.24E-06,2.47E-07,0,2.22E-03,0,1,0,0,0
9378,1.19E-01,7,9378,Not eroded,0,0,0,0,0,0,1.45E-07,9.34E-08,-4.62E-09,1.73E-07,2.47E-08,0,3.09E-04,0,0,0,0,0
9379,1.05E-01,5,9379,Not eroded,0,0,0,0,0,0,6.55E-06,1.94E-06,6.09E-06,9.15E-06,1.83E-06,0,1.64E-02,0,1,0,0,0
9380,6.81E-02,5,9380,Not eroded,0,0,0,0,0,0,2.96E-09,-5.55E-08,2.57E-07,2.63E-07,5.26E-08,0,4.70E-04,0,1,0,0,0
9381,2.88E-01,2,9381,Not eroded,0,1,1,1,1,1,2.45E-07,2.89E-07,6.51E-07,7.53E-07,3.77E-07,1,1.35E-03,1,1,1,0,0
9382,2.97E-01,0,9382,Not eroded,0,1,1,1,1,1,0,0.00E+00,0.00E+00,0,0,1,0.00E+00,1,1,1,1,1
9383,7.65E-02,4,9383,Not eroded,0,0,0,0,0,0,2.45E-07,7.75E-08,1.17E-07,2.82E-07,7.05E-08,0,5.04E-04,1,1,0,0,0
9384,1.42E-01,4,9384,Not eroded,0,0,0,0,0,0,-1.13E-06,-1.76E-06,4.82E-07,2.15E-06,5.37E-07,0,3.85E-03,1,1,0,0,0
9385,5.97E-02,4,9385,Not eroded,0,0,0,0,0,0,-2.71E-08,-1.53E-07,2.08E-09,1.55E-07,3.88E-08,0,2.77E-04,1,1,0,0,0
9386,1.19E-01,4,9386,Not eroded,0,0,0,0,0,0,-3.49E-08,1.43E-07,3.92E-07,4.19E-07,1.05E-07,0,7.49E-04,1,1,0,0,0
9389,2.46E-01,0,9389,Not eroded,0,1,1,1,1,0,0,0.00E+00,0.00E+00,0,0,1,0.00E+00,1,1,1,1,1
9390,2.35E-01,5,9390,Not eroded,0,1,1,1,0,0,3.94E-07,-3.61E-08,2.75E-08,3.96E-07,7.93E-08,0,7.08E-04,0,1,0,0,0
9391,8.37E-02,4,9391,Not eroded,0,0,0,0,0,0,2.87E-07,-6.84E-07,2.57E-07,7.85E-07,1.96E-07,0,1.40E-03,1,1,0,0,0
9392,1.05E-01,5,9392,Not eroded,0,0,0,0,0,0,2.88E-07,2.91E-07,2.83E-07,4.98E-07,9.95E-08,0,8.91E-04,0,1,0,0,0
9393,8.45E-02,4,9393,Not eroded,0,0,0,0,0,0,-2.27E-07,6.57E-08,-2.81E-09,2.36E-07,5.90E-08,0,4.22E-04,1,1,0,0,0
9394,1.81E-01,0,9394,Not eroded,0,0,0,0,0,0,0,0.00E+00,0.00E+00,0,0,1,0.00E+00,1,1,1,1,1
9396,3.00E-01,0,9396,ERODED,1,1,1,1,1,1,0,0.00E+00,0.00E+00,0,0,1,0.00E+00,1,1,1,1,1
9397,2.95E-01,3,9397,Not eroded,0,1,1,1,1,1,1.37E-06,5.91E-06,-5.94E-06,8.49E-06,2.83E-06,1,1.52E-02,1,1,0,0,0
9398,2.85E-01,4,9398,Not eroded,0,1,1,1,1,1,-9.49E-07,-4.84E-07,-3.05E-07,1.11E-06,2.77E-07,0,1.99E-03,1,1,0,0,0
9399,1.99E-01,3,9399,Not eroded,0,1,0,0,0,0,-6.27E-08,1.42E-07,1.67E-08,1.56E-07,5.19E-08,1,2.79E-04,1,1,0,0,0
9400,2.59E-01,5,9400,Not eroded,0,1,1,1,1,1,4.05E-08,2.41E-07,6.56E-08,2.53E-07,5.07E-08,0,4.53E-04,0,1,0,0,0
9401,1.16E-01,0,9401,Not eroded,0,0,0,0,0,0,0,0.00E+00,0.00E+00,0,0,1,0.00E+00,1,1,1,1,1
9402,3.12E-01,4,9402,Not eroded,0,1,1,1,1,1,-1.43E-05,-9.22E-06,-1.29E-05,2.13E-05,5.33E-06,0,3.81E-02,1,1,0,0,0
9403,2.84E-01,2,9403,Not eroded,0,1,1,1,1,1,2.26E-06,2.58E-06,-7.49E-07,3.51E-06,1.75E-06,1,6.28E-03,1,1,1,0,0
9404,1.54E-01,3,9404,Not eroded,0,0,0,0,0,0,-1.09E-07,7.24E-08,1.83E-07,2.25E-07,7.50E-08,1,4.02E-04,1,1,0,0,0
9405,8.32E-02,3,9405,Not eroded,0,0,0,0,0,0,-4.48E-07,-5.26E-08,6.85E-07,8.20E-07,2.73E-07,1,1.47E-03,1,1,0,0,0
9406,1.51E-01,4,9406,Not eroded,0,0,0,0,0,0,-3.63E-07,2.21E-07,-4.79E-08,4.28E-07,1.07E-07,0,7.66E-04,1,1,0,0,0
9407,3.00E-01,0,9407,ERODED,1,1,1,1,1,1,0,0.00E+00,0.00E+00,0,0,1,0.00E+00,1,1,1,1,1
9408,1.04E-01,3,9408,Not eroded,0,0,0,0,0,0,-1.57E-07,-8.40E-08,-8.03E-08,1.96E-07,6.52E-08,1,3.51E-04,1,1,0,0,0
9409,1.23E-01,0,9409,Not eroded,0,0,0,0,0,0,0,0.00E+00,0.00E+00,0,0,1,0.00E+00,1,1,1,1,1
9410,2.51E-01,5,9410,Not eroded,0,1,1,1,1,1,-2.97E-08,-3.07E-07,1.92E-07,3.64E-07,7.27E-08,0,6.51E-04,0,1,0,0,0
9411,5.66E-02,3,9411,Not eroded,0,0,0,0,0,0,2.90E-07,1.24E-07,-1.44E-06,1.48E-06,4.92E-07,1,2.65E-03,1,1,0,0,0
9412,1.63E-01,4,9412,Not eroded,0,0,0,0,0,0,-6.06E-08,-7.96E-07,7.52E-08,8.02E-07,2.00E-07,0,1.43E-03,1,1,0,0,0
9413,6.93E-02,0,9413,Not eroded,0,0,0,0,0,0,0,0.00E+00,0.00E+00,0,0,1,0.00E+00,1,1,1,1,1
9414,1.85E-01,0,9414,Not eroded,0,0,0,0,0,0,0,0.00E+00,0.00E+00,0,0,1,0.00E+00,1,1,1,1,1
9415,2.69E-01,2,9415,Not eroded,0,1,1,1,1,1,1.34E-07,-3.60E-06,-3.92E-06,5.32E-06,2.66E-06,1,9.52E-03,1,1,1,0,0
9416,1.57E-01,6,9416,Not eroded,0,0,0,0,0,0,9.52E-08,4.38E-08,3.64E-08,1.11E-07,1.85E-08,0,1.99E-04,0,0,0,0,0
9417,1.61E-01,0,9417,Not eroded,0,0,0,0,0,0,0,0.00E+00,0.00E+00,0,0,1,0.00E+00,1,1,1,1,1
9418,1.88E-01,0,9418,Not eroded,0,0,0,0,0,0,0,0.00E+00,0.00E+00,0,0,1,0.00E+00,1,1,1,1,1
9419,2.46E-01,0,9419,Not eroded,0,1,1,1,1,0,0,0.00E+00,0.00E+00,0,0,1,0.00E+00,1,1,1,1,1
9420,1.61E-01,3,9420,Not eroded,0,0,0,0,0,0,-1.15E-07,5.04E-07,6.71E-07,8.47E-07,2.82E-07,1,1.52E-03,1,1,0,0,0
9421,3.11E-01,0,9421,ERODED,1,1,1,1,1,1,0,0.00E+00,0.00E+00,0,0,1,0.00E+00,1,1,1,1,1
9422,1.11E-01,4,9422,Not eroded,0,0,0,0,0,0,4.67E-08,-9.40E-08,1.55E-07,1.87E-07,4.68E-08,0,3.34E-04,1,1,0,0,0
9423,1.80E-01,0,9423,Not eroded,0,0,0,0,0,0,0,0.00E+00,0.00E+00,0,0,1,0.00E+00,1,1,1,1,1
9424,1.01E-01,3,9424,Not eroded,0,0,0,0,0,0,1.29E-06,-3.85E-07,-6.19E-07,1.48E-06,4.93E-07,1,2.65E-03,1,1,0,0,0
9425,2.52E-01,4,9425,Not eroded,0,1,1,1,1,1,2.12E-07,2.28E-07,4.47E-08,3.15E-07,7.87E-08,0,5.63E-04,1,1,0,0,0
9426,1.75E-01,0,9426,Not eroded,0,0,0,0,0,0,0,0.00E+00,0.00E+00,0,0,1,0.00E+00,1,1,1,1,1
9427,5.66E-02,0,9427,Not eroded,0,0,0,0,0,0,0,0.00E+00,0.00E+00,0,0,1,0.00E+00,1,1,1,1,1
9428,1.87E-01,0,9428,Not eroded,0,0,0,0,0,0,0,0.00E+00,0.00E+00,0,0,1,0.00E+00,1,1,1,1,1
9429,5.73E-02,0,9429,Not eroded,0,0,0,0,0,0,0,0.00E+00,0.00E+00,0,0,1,0.00E+00,1,1,1,1,1
9430,3.04E-01,3,9430,Not eroded,0,1,1,1,1,1,-5.06E-08,1.20E-07,3.91E-08,1.36E-07,4.54E-08,1,2.43E-04,1,1,0,0,0
9431,1.91E-01,4,9431,Not eroded,0,0,0,0,0,0,1.92E-07,-6.05E-08,1.22E-07,2.35E-07,5.88E-08,0,4.20E-04,1,1,0,0,0
9432,1.92E-01,0,9432,Not eroded,0,1,0,0,0,0,0,0.00E+00,0.00E+00,0,0,1,0.00E+00,1,1,1,1,1
9433,1.19E-01,4,9433,Not eroded,0,0,0,0,0,0,-7.51E-07,-9.04E-07,2.54E-07,1.20E-06,3.01E-07,0,2.15E-03,1,1,0,0,0
9434,5.62E-02,4,9434,Not eroded,0,0,0,0,0,0,2.43E-08,1.35E-07,-1.33E-06,1.33E-06,3.34E-07,0,2.38E-03,1,1,0,0,0
9435,1.02E-01,4,9435,Not eroded,0,0,0,0,0,0,1.06E-06,-2.05E-07,1.32E-06,1.71E-06,4.27E-07,0,3.06E-03,1,1,0,0,0
9436,2.20E-01,0,9436,Not eroded,0,1,0,0,0,0,0,0.00E+00,0.00E+00,0,0,1,0.00E+00,1,1,1,1,1
9437,1.12E-01,5,9437,Not eroded,0,0,0,0,0,0,8.32E-08,2.51E-06,7.50E-07,2.62E-06,5.24E-07,0,4.69E-03,0,1,0,0,0
9438,1.18E-01,5,9438,Not eroded,0,0,0,0,0,0,4.06E-07,1.87E-08,1.20E-07,4.24E-07,8.48E-08,0,7.58E-04,0,1,0,0,0
9439,1.42E-01,2,9439,Not eroded,0,0,0,0,0,0,1.61E-08,-4.37E-07,-5.42E-08,4.41E-07,2.20E-07,1,7.89E-04,1,1,1,0,0
9440,1.22E-01,5,9440,Not eroded,0,0,0,0,0,0,4.33E-07,3.25E-08,2.65E-07,5.09E-07,1.02E-07,0,9.10E-04,0,1,0,0,0
9441,2.10E-01,3,9441,Not eroded,0,1,0,0,0,0,1.66E-08,4.27E-07,3.21E-07,5.35E-07,1.78E-07,1,9.57E-04,1,1,0,0,0
9442,2.80E-01,0,9442,Not eroded,0,1,1,1,1,1,0,0.00E+00,0.00E+00,0,0,1,0.00E+00,1,1,1,1,1
9443,3.22E-01,0,9443,ERODED,1,1,1,1,1,1,0,0.00E+00,0.00E+00,0,0,1,0.00E+00,1,1,1,1,1
9444,2.92E-01,0,9444,ERODED,1,1,1,1,1,1,0,0.00E+00,0.00E+00,0,0,1,0.00E+00,1,1,1,1,1
9445,2.63E-01,4,9445,Not eroded,0,1,1,1,1,1,3.16E-07,8.43E-08,4.83E-08,3.31E-07,8.27E-08,0,5.92E-04,1,1,0,0,0
9446,9.03E-02,0,9446,Not eroded,0,0,0,0,0,0,0,0.00E+00,0.00E+00,0,0,1,0.00E+00,1,1,1,1,1
9448,2.72E-01,4,9448,Not eroded,0,1,1,1,1,1,1.05E-06,2.22E-06,-7.37E-08,2.45E-06,6.13E-07,0,4.38E-03,1,1,0,0,0
9449,1.84E-01,4,9449,Not eroded,0,0,0,0,0,0,5.82E-08,8.93E-07,8.00E-07,1.20E-06,3.00E-07,0,2.15E-03,1,1,0,0,0
9450,1.93E-01,4,9450,Not eroded,0,1,0,0,0,0,9.07E-07,1.07E-07,-1.23E-07,9.21E-07,2.30E-07,0,1.65E-03,1,1,0,0,0
9451,2.59E-01,4,9451,Not eroded,0,1,1,1,1,1,-2.68E-07,-1.97E-08,-1.10E-07,2.90E-07,7.26E-08,0,5.19E-04,1,1,0,0,0
9452,1.34E-01,4,9452,Not eroded,0,0,0,0,0,0,2.50E-07,1.58E-07,9.06E-08,3.09E-07,7.73E-08,0,5.53E-04,1,1,0,0,0
9453,6.60E-02,3,9453,Not eroded,0,0,0,0,0,0,1.55E-07,-1.65E-08,-4.53E-07,4.79E-07,1.60E-07,1,8.57E-04,1,1,0,0,0
9455,2.10E-01,4,9455,Not eroded,0,1,0,0,0,0,7.89E-07,6.58E-06,-1.15E-06,6.72E-06,1.68E-06,0,1.20E-02,1,1,0,0,0
9457,2.71E-01,3,9457,Not eroded,0,1,1,1,1,1,5.53E-07,3.48E-07,1.89E-07,6.80E-07,2.27E-07,1,1.22E-03,1,1,0,0,0
9458,2.88E-01,4,9458,Not eroded,0,1,1,1,1,1,-3.62E-06,-4.18E-07,2.94E-06,4.68E-06,1.17E-06,0,8.37E-03,1,1,0,0,0
9459,2.59E-01,4,9459,Not eroded,0,1,1,1,1,1,8.12E-08,1.24E-07,1.25E-07,1.94E-07,4.86E-08,0,3.47E-04,1,1,0,0,0
9462,6.90E-02,5,9462,Not eroded,0,0,0,0,0,0,6.32E-08,3.76E-07,2.11E-07,4.35E-07,8.70E-08,0,7.78E-04,0,1,0,0,0
9463,5.66E-02,5,9463,Not eroded,0,0,0,0,0,0,-1.23E-07,-2.10E-07,-1.26E-06,1.29E-06,2.57E-07,0,2.31E-03,0,1,0,0,0
9465,2.00E-01,4,9465,Not eroded,0,1,0,0,0,0,4.91E-07,6.40E-07,2.23E-06,2.37E-06,5.92E-07,0,4.24E-03,1,1,0,0,0
9466,2.17E-01,6,9466,Not eroded,0,1,0,0,0,0,1.40E-06,5.88E-07,4.04E-07,1.57E-06,2.62E-07,0,2.81E-03,0,0,0,0,0
9467,2.26E-01,4,9467,Not eroded,0,1,1,0,0,0,5.29E-07,6.09E-08,2.06E-07,5.71E-07,1.43E-07,0,1.02E-03,1,1,0,0,0
9468,8.84E-02,0,9468,Not eroded,0,0,0,0,0,0,0,0.00E+00,0.00E+00,0,0,1,0.00E+00,1,1,1,1,1
9469,2.73E-01,5,9469,Not eroded,0,1,1,1,1,1,-1.17E-08,3.55E-07,-6.58E-08,3.61E-07,7.22E-08,0,6.46E-04,0,1,0,0,0
9470,6.14E-02,6,9470,Not eroded,0,0,0,0,0,0,-8.59E-10,7.18E-08,-1.14E-07,1.35E-07,2.24E-08,0,2.41E-04,0,0,0,0,0
9471,2.41E-01,4,9471,Not eroded,0,1,1,1,1,0,4.73E-08,9.20E-08,1.98E-07,2.23E-07,5.58E-08,0,3.99E-04,1,1,0,0,0
9472,1.64E-01,0,9472,Not eroded,0,0,0,0,0,0,0,0.00E+00,0.00E+00,0,0,1,0.00E+00,1,1,1,1,1
9473,2.32E-01,3,9473,Not eroded,0,1,1,1,0,0,9.20E-07,1.31E-06,1.02E-06,1.90E-06,6.34E-07,1,3.40E-03,1,1,0,0,0
9474,5.66E-02,4,9474,Not eroded,0,0,0,0,0,0,-9.17E-11,7.94E-08,-1.46E-06,1.46E-06,3.66E-07,0,2.61E-03,1,1,0,0,0
9476,2.38E-01,0,9476,Not eroded,0,1,1,1,0,0,0,0.00E+00,0.00E+00,0,0,1,0.00E+00,1,1,1,1,1
9478,2.88E-01,5,9478,Not eroded,0,1,1,1,1,1,-4.62E-07,-4.45E-07,5.33E-08,6.43E-07,1.29E-07,0,1.15E-03,0,1,0,0,0
9480,2.12E-01,4,9480,Not eroded,0,1,0,0,0,0,-1.74E-10,-5.99E-07,1.36E-07,6.15E-07,1.54E-07,0,1.10E-03,1,1,0,0,0
9481,2.95E-01,6,9481,Not eroded,0,1,1,1,1,1,2.25E-07,2.10E-07,2.26E-08,3.08E-07,5.14E-08,0,5.51E-04,0,0,0,0,0
9482,1.28E-01,4,9482,Not eroded,0,0,0,0,0,0,5.15E-07,1.04E-07,1.46E-07,5.46E-07,1.36E-07,0,9.77E-04,1,1,0,0,0
9483,2.01E-01,4,9483,Not eroded,0,1,0,0,0,0,1.62E-06,8.47E-07,-1.22E-06,2.19E-06,5.49E-07,0,3.92E-03,1,1,0,0,0
9484,1.08E-01,4,9484,Not eroded,0,0,0,0,0,0,-5.72E-08,-6.58E-09,4.46E-07,4.49E-07,1.12E-07,0,8.03E-04,1,1,0,0,0
9485,2.73E-01,5,9485,Not eroded,0,1,1,1,1,1,9.19E-07,3.64E-06,1.35E-06,3.99E-06,7.97E-07,0,7.14E-03,0,1,0,0,0
9486,1.01E-01,5,9486,Not eroded,0,0,0,0,0,0,8.54E-08,3.27E-06,8.15E-07,3.37E-06,6.74E-07,0,6.03E-03,0,1,0,0,0
9487,9.99E-02,0,9487,Not eroded,0,0,0,0,0,0,0,0.00E+00,0.00E+00,0,0,1,0.00E+00,1,1,1,1,1
9488,2.91E-01,5,9488,Not eroded,0,1,1,1,1,1,7.83E-08,4.38E-07,1.26E-07,4.62E-07,9.24E-08,0,8.26E-04,0,1,0,0,0
9489,5.73E-02,3,9489,Not eroded,0,0,0,0,0,0,6.24E-08,-5.29E-08,-1.33E-07,1.56E-07,5.19E-08,1,2.79E-04,1,1,0,0,0
9490,6.95E-02,4,9490,Not eroded,0,0,0,0,0,0,4.52E-07,7.17E-08,8.26E-08,4.65E-07,1.16E-07,0,8.32E-04,1,1,0,0,0
9491,1.68E-01,0,9491,Not eroded,0,0,0,0,0,0,0,0.00E+00,0.00E+00,0,0,1,0.00E+00,1,1,1,1,1
9492,2.21E-01,0,9492,Not eroded,0,1,1,0,0,0,0,0.00E+00,0.00E+00,0,0,1,0.00E+00,1,1,1,1,1
9493,8.58E-02,3,9493,Not eroded,0,0,0,0,0,0,-1.11E-07,-4.24E-07,1.27E-07,4.56E-07,1.52E-07,1,8.16E-04,1,1,0,0,0
9494,2.02E-01,0,9494,Not eroded,0,1,0,0,0,0,0,0.00E+00,0.00E+00,0,0,1,0.00E+00,1,1,1,1,1
9495,2.18E-01,6,9495,Not eroded,0,1,0,0,0,0,1.64E-08,-8.64E-08,1.02E-08,8.86E-08,1.48E-08,0,1.58E-04,0,0,0,0,0
9496,2.13E-01,0,9496,Not eroded,0,1,0,0,0,0,0,0.00E+00,0.00E+00,0,0,1,0.00E+00,1,1,1,1,1
9497,2.65E-01,8,9497,Not eroded,0,1,1,1,1,1,6.58E-08,1.15E-08,1.77E-08,6.91E-08,8.64E-09,0,1.24E-04,0,0,0,0,0
9498,2.53E-01,3,9498,Not eroded,0,1,1,1,1,1,1.62E-07,-1.96E-06,-2.31E-06,3.04E-06,1.01E-06,1,5.44E-03,1,1,0,0,0
9499,2.27E-01,4,9499,Not eroded,0,1,1,0,0,0,2.29E-08,1.55E-07,2.71E-07,3.13E-07,7.83E-08,0,5.60E-04,1,1,0,0,0
9500,9.29E-02,2,9500,Not eroded,0,0,0,0,0,0,1.11E-07,3.78E-07,6.97E-07,8.01E-07,4.00E-07,1,1.43E-03,1,1,1,0,0
9501,8.86E-02,5,9501,Not eroded,0,0,0,0,0,0,-2.67E-08,-2.91E-07,2.02E-07,3.55E-07,7.11E-08,0,6.35E-04,0,1,0,0,0
9502,5.66E-02,3,9502,Not eroded,0,0,0,0,0,0,-3.18E-07,-2.15E-07,-1.53E-06,1.58E-06,5.26E-07,1,2.83E-03,1,1,0,0,0
9503,1.43E-01,5,9503,Not eroded,0,0,0,0,0,0,1.08E-07,-8.08E-08,2.17E-07,2.56E-07,5.12E-08,0,4.58E-04,0,1,0,0,0
9505,1.62E-01,3,9505,Not eroded,0,0,0,0,0,0,9.42E-09,-1.47E-07,3.39E-07,3.69E-07,1.23E-07,1,6.60E-04,1,1,0,0,0
9506,1.98E-01,2,9506,Not eroded,0,1,0,0,0,0,3.81E-07,-2.30E-07,-4.96E-08,4.48E-07,2.24E-07,1,8.01E-04,1,1,1,0,0
9507,2.34E-01,4,9507,Not eroded,0,1,1,1,0,0,-4.59E-08,-1.38E-08,5.33E-08,7.17E-08,1.79E-08,0,1.28E-04,1,1,0,0,0
9508,1.31E-01,6,9508,Not eroded,0,0,0,0,0,0,-2.09E-08,1.24E-07,6.86E-07,6.98E-07,1.16E-07,0,1.25E-03,0,0,0,0,0
9509,2.23E-01,0,9509,Not eroded,0,1,1,0,0,0,0,0.00E+00,0.00E+00,0,0,1,0.00E+00,1,1,1,1,1
9510,3.01E-01,5,9510,Not eroded,0,1,1,1,1,1,-6.12E-06,1.16E-05,4.74E-06,1.39E-05,2.79E-06,0,2.49E-02,0,1,0,0,0
9511,2.32E-01,5,9511,Not eroded,0,1,1,1,0,0,-2.01E-07,2.83E-07,-6.67E-09,3.47E-07,6.94E-08,0,6.21E-04,0,1,0,0,0
9512,1.70E-01,3,9512,Not eroded,0,0,0,0,0,0,-2.10E-07,5.74E-08,1.19E-06,1.21E-06,4.03E-07,1,2.16E-03,1,1,0,0,0
9513,2.27E-01,0,9513,Not eroded,0,1,1,0,0,0,0,0.00E+00,0.00E+00,0,0,1,0.00E+00,1,1,1,1,1
9514,1.01E-01,0,9514,Not eroded,0,0,0,0,0,0,0,0.00E+00,0.00E+00,0,0,1,0.00E+00,1,1,1,1,1
9515,2.54E-01,0,9515,Not eroded,0,1,1,1,1,1,0,0.00E+00,0.00E+00,0,0,1,0.00E+00,1,1,1,1,1
9516,2.87E-01,6,9516,Not eroded,0,1,1,1,1,1,2.99E-06,5.10E-06,3.56E-06,6.91E-06,1.15E-06,0,1.24E-02,0,0,0,0,0
9517,2.86E-01,0,9517,ERODED,1,1,1,1,1,1,0,0.00E+00,0.00E+00,0,0,1,0.00E+00,1,1,1,1,1
9518,1.34E-01,4,9518,Not eroded,0,0,0,0,0,0,1.88E-07,7.76E-07,1.02E-06,1.29E-06,3.23E-07,0,2.31E-03,1,1,0,0,0
9519,1.13E-01,3,9519,Not eroded,0,0,0,0,0,0,-4.54E-07,-1.05E-06,4.30E-08,1.15E-06,3.82E-07,1,2.06E-03,1,1,0,0,0
9520,2.38E-01,2,9520,Not eroded,0,1,1,1,0,0,6.40E-07,-1.14E-06,6.69E-07,1.47E-06,7.33E-07,1,2.63E-03,1,1,1,0,0
9521,1.52E-01,5,9521,Not eroded,0,0,0,0,0,0,8.57E-07,5.40E-07,9.14E-07,1.36E-06,2.73E-07,0,2.43E-03,0,1,0,0,0
9522,2.30E-01,0,9522,Not eroded,0,1,1,0,0,0,0,0.00E+00,0.00E+00,0,0,1,0.00E+00,1,1,1,1,1
9523,2.26E-01,3,9523,Not eroded,0,1,1,0,0,0,5.38E-07,3.86E-07,2.20E-07,6.98E-07,2.33E-07,1,1.25E-03,1,1,0,0,0
9524,2.75E-01,0,9524,ERODED,1,1,1,1,1,1,0,0.00E+00,0.00E+00,0,0,1,0.00E+00,1,1,1,1,1
9525,2.10E-01,4,9525,Not eroded,0,1,0,0,0,0,4.20E-07,-1.19E-06,4.16E-06,4.34E-06,1.09E-06,0,7.76E-03,1,1,0,0,0
9526,1.43E-01,5,9526,Not eroded,0,0,0,0,0,0,2.31E-07,-1.23E-07,1.32E-07,2.93E-07,5.85E-08,0,5.24E-04,0,1,0,0,0
9527,2.23E-01,5,9527,Not eroded,0,1,1,0,0,0,6.06E-08,7.89E-08,-6.28E-08,1.18E-07,2.35E-08,0,2.11E-04,0,1,0,0,0
9528,6.51E-02,4,9528,Not eroded,0,0,0,0,0,0,2.74E-07,-6.52E-07,4.77E-07,8.53E-07,2.13E-07,0,1.53E-03,1,1,0,0,0
9529,6.49E-02,7,9529,Not eroded,0,0,0,0,0,0,3.91E-08,-9.44E-08,-8.66E-08,1.34E-07,1.91E-08,0,2.40E-04,0,0,0,0,0
9530,3.35E-01,0,9530,ERODED,1,1,1,1,1,1,0,0.00E+00,0.00E+00,0,0,1,0.00E+00,1,1,1,1,1
9531,1.48E-01,5,9531,Not eroded,0,0,0,0,0,0,2.99E-07,-9.30E-08,-6.43E-08,3.19E-07,6.39E-08,0,5.71E-04,0,1,0,0,0
9532,3.26E-01,0,9532,ERODED,1,1,1,1,1,1,0,0.00E+00,0.00E+00,0,0,1,0.00E+00,1,1,1,1,1
9533,5.65E-02,3,9533,Not eroded,0,0,0,0,0,0,8.07E-08,-1.09E-07,-1.39E-06,1.40E-06,4.65E-07,1,2.50E-03,1,1,0,0,0
9534,2.43E-01,0,9534,Not eroded,0,1,1,1,1,0,0,0.00E+00,0.00E+00,0,0,1,0.00E+00,1,1,1,1,1
9535,2.16E-01,3,9535,Not eroded,0,1,0,0,0,0,-1.23E-06,9.96E-07,1.25E-06,2.02E-06,6.74E-07,1,3.61E-03,1,1,0,0,0
9536,2.78E-01,4,9536,Not eroded,0,1,1,1,1,1,1.76E-07,1.05E-07,-2.12E-07,2.95E-07,7.37E-08,0,5.28E-04,1,1,0,0,0
9537,1.42E-01,0,9537,Not eroded,0,0,0,0,0,0,0,0.00E+00,0.00E+00,0,0,1,0.00E+00,1,1,1,1,1
9538,7.39E-02,3,9538,Not eroded,0,0,0,0,0,0,1.08E-07,-1.14E-06,-1.74E-07,1.16E-06,3.86E-07,1,2.07E-03,1,1,0,0,0
9539,2.90E-01,0,9539,Not eroded,0,1,1,1,1,1,0,0.00E+00,0.00E+00,0,0,1,0.00E+00,1,1,1,1,1
9541,2.31E-01,0,9541,Not eroded,0,1,1,1,0,0,0,0.00E+00,0.00E+00,0,0,1,0.00E+00,1,1,1,1,1
9542,1.59E-01,4,9542,Not eroded,0,0,0,0,0,0,7.40E-08,2.91E-07,-4.84E-09,3.00E-07,7.51E-08,0,5.37E-04,1,1,0,0,0
9544,1.50E-01,5,9544,Not eroded,0,0,0,0,0,0,1.23E-07,-3.62E-08,2.16E-07,2.51E-07,5.03E-08,0,4.49E-04,0,1,0,0,0
9545,8.89E-02,0,9545,Not eroded,0,0,0,0,0,0,0,0.00E+00,0.00E+00,0,0,1,0.00E+00,1,1,1,1,1
9547,6.58E-02,5,9547,Not eroded,0,0,0,0,0,0,3.02E-07,2.33E-07,2.49E-08,3.82E-07,7.63E-08,0,6.83E-04,0,1,0,0,0
9548,1.07E-01,4,9548,Not eroded,0,0,0,0,0,0,-2.75E-07,4.40E-07,9.48E-08,5.28E-07,1.32E-07,0,9.44E-04,1,1,0,0,0
9549,9.63E-02,5,9549,Not eroded,0,0,0,0,0,0,-6.51E-10,3.24E-07,9.74E-08,3.38E-07,6.77E-08,0,6.05E-04,0,1,0,0,0
9550,2.41E-01,0,9550,Not eroded,0,1,1,1,1,0,0,0.00E+00,0.00E+00,0,0,1,0.00E+00,1,1,1,1,1
9551,3.05E-01,0,9551,Not eroded,0,1,1,1,1,1,0,0.00E+00,0.00E+00,0,0,1,0.00E+00,1,1,1,1,1
9552,2.30E-01,0,9552,Not eroded,0,1,1,0,0,0,0,0.00E+00,0.00E+00,0,0,1,0.00E+00,1,1,1,1,1
9553,1.50E-01,6,9553,Not eroded,0,0,0,0,0,0,1.38E-07,8.23E-09,7.66E-07,7.78E-07,1.30E-07,0,1.39E-03,0,0,0,0,0
9554,6.74E-02,3,9554,Not eroded,0,0,0,0,0,0,1.01E-07,1.74E-07,2.51E-09,2.01E-07,6.70E-08,1,3.60E-04,1,1,0,0,0
9555,1.15E-01,0,9555,Not eroded,0,0,0,0,0,0,0,0.00E+00,0.00E+00,0,0,1,0.00E+00,1,1,1,1,1
9556,2.34E-01,3,9556,Not eroded,0,1,1,1,0,0,-9.73E-07,-2.43E-06,9.04E-06,9.41E-06,3.14E-06,1,1.68E-02,1,1,0,0,0
9557,1.49E-01,3,9557,Not eroded,0,0,0,0,0,0,4.05E-07,-6.56E-07,-6.97E-08,7.74E-07,2.58E-07,1,1.38E-03,1,1,0,0,0
9558,1.26E-01,2,9558,Not eroded,0,0,0,0,0,0,1.54E-07,-8.18E-08,1.07E-07,2.04E-07,1.02E-07,1,3.65E-04,1,1,1,0,0
9559,2.34E-01,3,9559,Not eroded,0,1,1,1,0,0,1.04E-07,1.32E-07,-1.13E-07,2.02E-07,6.74E-08,1,3.61E-04,1,1,0,0,0
9560,2.26E-01,4,9560,Not eroded,0,1,1,0,0,0,-1.90E-07,-3.27E-10,1.40E-07,2.36E-07,5.89E-08,0,4.22E-04,1,1,0,0,0
9561,1.86E-01,4,9561,Not eroded,0,0,0,0,0,0,-1.58E-08,1.78E-06,1.96E-06,2.64E-06,6.61E-07,0,4.72E-03,1,1,0,0,0
9562,2.37E-01,4,9562,Not eroded,0,1,1,1,0,0,1.12E-06,-1.94E-08,-2.21E-07,1.14E-06,2.85E-07,0,2.04E-03,1,1,0,0,0
9564,1.34E-01,5,9564,Not eroded,0,0,0,0,0,0,7.89E-07,5.39E-07,6.82E-09,9.55E-07,1.91E-07,0,1.71E-03,0,1,0,0,0
9565,1.75E-01,2,9565,Not eroded,0,0,0,0,0,0,4.59E-07,2.18E-07,2.41E-07,5.62E-07,2.81E-07,1,1.01E-03,1,1,1,0,0
9566,1.49E-01,6,9566,Not eroded,0,0,0,0,0,0,2.29E-06,-2.84E-06,2.34E-06,4.33E-06,7.22E-07,0,7.75E-03,0,0,0,0,0
9567,2.90E-01,5,9567,Not eroded,0,1,1,1,1,1,7.75E-08,2.66E-08,8.42E-08,1.17E-07,2.35E-08,0,2.09E-04,0,1,0,0,0
9568,1.18E-01,1,9568,Not eroded,0,0,0,0,0,0,-3.16E-07,3.76E-06,-1.23E-05,1.29E-05,1.29E-05,1,2.31E-02,1,1,1,1,0
9569,1.47E-01,3,9569,Not eroded,0,0,0,0,0,0,-1.25E-07,2.41E-07,2.19E-07,3.49E-07,1.16E-07,1,6.24E-04,1,1,0,0,0
9570,1.89E-01,3,9570,Not eroded,0,0,0,0,0,0,-2.13E-07,8.17E-09,3.93E-07,4.47E-07,1.49E-07,1,8.00E-04,1,1,0,0,0
9572,1.42E-01,2,9572,Not eroded,0,0,0,0,0,0,-6.13E-08,9.74E-08,2.05E-07,2.35E-07,1.18E-07,1,4.20E-04,1,1,1,0,0
9573,6.22E-02,3,9573,Not eroded,0,0,0,0,0,0,9.45E-07,-7.23E-07,-1.15E-06,1.65E-06,5.52E-07,1,2.95E-03,1,1,0,0,0
9574,2.81E-01,4,9574,Not eroded,0,1,1,1,1,1,-2.01E-07,3.27E-07,1.82E-07,4.25E-07,1.06E-07,0,7.60E-04,1,1,0,0,0
9575,1.40E-01,3,9575,Not eroded,0,0,0,0,0,0,1.65E-09,-1.63E-07,2.40E-07,2.90E-07,9.68E-08,1,5.19E-04,1,1,0,0,0
9576,3.25E-01,0,9576,ERODED,1,1,1,1,1,1,0,0.00E+00,0.00E+00,0,0,1,0.00E+00,1,1,1,1,1
9577,1.48E-01,0,9577,Not eroded,0,0,0,0,0,0,0,0.00E+00,0.00E+00,0,0,1,0.00E+00,1,1,1,1,1
9578,2.58E-01,3,9578,Not eroded,0,1,1,1,1,1,8.09E-07,-2.38E-07,1.93E-07,8.65E-07,2.88E-07,1,1.55E-03,1,1,0,0,0
9579,5.71E-02,0,9579,Not eroded,0,0,0,0,0,0,0,0.00E+00,0.00E+00,0,0,1,0.00E+00,1,1,1,1,1
9580,1.56E-01,4,9580,Not eroded,0,0,0,0,0,0,1.28E-06,-5.44E-07,3.10E-08,1.39E-06,3.49E-07,0,2.49E-03,1,1,0,0,0
9582,1.27E-01,4,9582,Not eroded,0,0,0,0,0,0,6.37E-08,1.93E-07,1.10E-07,2.31E-07,5.78E-08,0,4.13E-04,1,1,0,0,0
9583,8.29E-02,4,9583,Not eroded,0,0,0,0,0,0,-1.01E-07,1.87E-07,6.01E-08,2.21E-07,5.52E-08,0,3.95E-04,1,1,0,0,0
9584,6.51E-02,4,9584,Not eroded,0,0,0,0,0,0,-1.77E-08,-1.25E-08,-1.62E-07,1.64E-07,4.09E-08,0,2.93E-04,1,1,0,0,0
9585,6.49E-02,5,9585,Not eroded,0,0,0,0,0,0,-2.89E-07,2.73E-07,-1.43E-07,4.23E-07,8.45E-08,0,7.57E-04,0,1,0,0,0
9586,1.41E-01,4,9586,Not eroded,0,0,0,0,0,0,1.02E-08,-3.23E-08,-1.01E-07,1.06E-07,2.66E-08,0,1.90E-04,1,1,0,0,0
9587,1.17E-01,6,9587,Not eroded,0,0,0,0,0,0,-7.85E-09,2.76E-07,1.21E-07,3.02E-07,5.03E-08,0,5.40E-04,0,0,0,0,0
9588,2.86E-01,0,9588,Not eroded,0,1,1,1,1,1,0,0.00E+00,0.00E+00,0,0,1,0.00E+00,1,1,1,1,1
9589,3.27E-01,0,9589,ERODED,1,1,1,1,1,1,0,0.00E+00,0.00E+00,0,0,1,0.00E+00,1,1,1,1,1
9590,6.74E-02,0,9590,Not eroded,0,0,0,0,0,0,0,0.00E+00,0.00E+00,0,0,1,0.00E+00,1,1,1,1,1
9592,1.49E-01,0,9592,Not eroded,0,0,0,0,0,0,0,0.00E+00,0.00E+00,0,0,1,0.00E+00,1,1,1,1,1
9593,1.61E-01,5,9593,Not eroded,0,0,0,0,0,0,-8.07E-08,7.07E-08,3.83E-07,3.97E-07,7.95E-08,0,7.10E-04,0,1,0,0,0
9594,2.80E-01,0,9594,Not eroded,0,1,1,1,1,1,0,0.00E+00,0.00E+00,0,0,1,0.00E+00,1,1,1,1,1
9595,3.15E-01,3,9595,Not eroded,0,1,1,1,1,1,-1.25E-05,2.22E-06,4.71E-06,1.35E-05,4.50E-06,1,2.41E-02,1,1,0,0,0
9596,2.07E-01,5,9596,Not eroded,0,1,0,0,0,0,-5.62E-07,-1.11E-06,3.01E-06,3.26E-06,6.52E-07,0,5.83E-03,0,1,0,0,0
9597,2.51E-01,4,9597,Not eroded,0,1,1,1,1,1,1.19E-06,9.53E-07,2.02E-06,2.53E-06,6.33E-07,0,4.53E-03,1,1,0,0,0
9598,1.99E-01,0,9598,Not eroded,0,1,0,0,0,0,0,0.00E+00,0.00E+00,0,0,1,0.00E+00,1,1,1,1,1
9599,2.66E-01,0,9599,ERODED,1,1,1,1,1,1,0,0.00E+00,0.00E+00,0,0,1,0.00E+00,1,1,1,1,1
9600,3.11E-01,0,9600,ERODED,1,1,1,1,1,1,0,0.00E+00,0.00E+00,0,0,1,0.00E+00,1,1,1,1,1
9601,1.80E-01,6,9601,Not eroded,0,0,0,0,0,0,-4.55E-08,1.52E-07,2.45E-07,2.92E-07,4.87E-08,0,5.22E-04,0,0,0,0,0
9602,2.84E-01,0,9602,ERODED,1,1,1,1,1,1,0,0.00E+00,0.00E+00,0,0,1,0.00E+00,1,1,1,1,1
9604,5.66E-02,3,9604,Not eroded,0,0,0,0,0,0,4.92E-07,4.55E-07,-1.45E-06,1.59E-06,5.31E-07,1,2.84E-03,1,1,0,0,0
9605,7.05E-02,5,9605,Not eroded,0,0,0,0,0,0,1.58E-08,2.70E-07,9.01E-08,2.85E-07,5.71E-08,0,5.10E-04,0,1,0,0,0
9606,2.99E-01,2,9606,Not eroded,0,1,1,1,1,1,-3.21E-06,-1.33E-06,-7.35E-07,3.55E-06,1.77E-06,1,6.35E-03,1,1,1,0,0
9607,3.15E-01,0,9607,ERODED,1,1,1,1,1,1,0,0.00E+00,0.00E+00,0,0,1,0.00E+00,1,1,1,1,1
9608,1.59E-01,3,9608,Not eroded,0,0,0,0,0,0,5.29E-07,-9.07E-07,5.91E-08,1.05E-06,3.50E-07,1,1.88E-03,1,1,0,0,0
9609,1.23E-01,0,9609,Not eroded,0,0,0,0,0,0,0,0.00E+00,0.00E+00,0,0,1,0.00E+00,1,1,1,1,1
9610,2.94E-01,5,9610,Not eroded,0,1,1,1,1,1,6.12E-07,5.52E-07,-1.39E-07,8.36E-07,1.67E-07,0,1.50E-03,0,1,0,0,0
9611,1.85E-01,5,9611,Not eroded,0,0,0,0,0,0,8.88E-07,-3.80E-07,-4.05E-07,1.05E-06,2.09E-07,0,1.88E-03,0,1,0,0,0
9612,2.14E-01,4,9612,Not eroded,0,1,0,0,0,0,2.06E-06,1.87E-06,1.21E-06,3.04E-06,7.60E-07,0,5.44E-03,1,1,0,0,0
9613,8.52E-02,4,9613,Not eroded,0,0,0,0,0,0,2.50E-07,4.51E-07,-9.53E-08,5.24E-07,1.31E-07,0,9.37E-04,1,1,0,0,0
9614,2.55E-01,4,9614,Not eroded,0,1,1,1,1,1,-9.73E-08,3.36E-08,-1.52E-07,1.83E-07,4.58E-08,0,3.27E-04,1,1,0,0,0
9615,2.12E-01,0,9615,Not eroded,0,1,0,0,0,0,0,0.00E+00,0.00E+00,0,0,1,0.00E+00,1,1,1,1,1
9616,1.96E-01,0,9616,Not eroded,0,1,0,0,0,0,0,0.00E+00,0.00E+00,0,0,1,0.00E+00,1,1,1,1,1
9617,1.03E-01,5,9617,Not eroded,0,0,0,0,0,0,6.79E-08,5.17E-07,1.68E-07,5.48E-07,1.10E-07,0,9.80E-04,0,1,0,0,0
9618,7.80E-02,4,9618,Not eroded,0,0,0,0,0,0,-5.89E-08,-1.61E-07,5.71E-07,5.96E-07,1.49E-07,0,1.07E-03,1,1,0,0,0
9619,2.27E-01,3,9619,Not eroded,0,1,1,0,0,0,6.14E-07,6.05E-07,1.52E-07,8.75E-07,2.92E-07,1,1.57E-03,1,1,0,0,0
9620,6.45E-02,4,9620,Not eroded,0,0,0,0,0,0,-4.10E-08,-3.29E-08,3.90E-07,3.94E-07,9.84E-08,0,7.05E-04,1,1,0,0,0
9621,3.04E-01,3,9621,Not eroded,0,1,1,1,1,1,1.47E-05,4.03E-06,-4.93E-06,1.60E-05,5.34E-06,1,2.86E-02,1,1,0,0,0
9622,2.77E-01,0,9622,ERODED,1,1,1,1,1,1,0,0.00E+00,0.00E+00,0,0,1,0.00E+00,1,1,1,1,1
9623,2.49E-01,5,9623,Not eroded,0,1,1,1,1,0,1.11E-07,-9.33E-07,2.58E-07,9.75E-07,1.95E-07,0,1.74E-03,0,1,0,0,0
9624,2.42E-01,3,9624,Not eroded,0,1,1,1,1,0,8.19E-07,1.17E-06,3.22E-06,3.53E-06,1.18E-06,1,6.31E-03,1,1,0,0,0
9625,1.05E-01,4,9625,Not eroded,0,0,0,0,0,0,4.21E-07,-9.92E-07,6.45E-07,1.26E-06,3.14E-07,0,2.25E-03,1,1,0,0,0
9626,2.18E-01,4,9626,Not eroded,0,1,0,0,0,0,3.14E-07,-9.55E-07,1.73E-07,1.02E-06,2.55E-07,0,1.82E-03,1,1,0,0,0
9627,3.17E-01,0,9627,ERODED,1,1,1,1,1,1,0,0.00E+00,0.00E+00,0,0,1,0.00E+00,1,1,1,1,1
9628,2.21E-01,6,9628,Not eroded,0,1,1,0,0,0,-2.26E-06,3.43E-06,2.21E-06,4.66E-06,7.77E-07,0,8.34E-03,0,0,0,0,0
9629,2.85E-01,4,9629,Not eroded,0,1,1,1,1,1,1.18E-06,1.43E-06,-1.99E-06,2.72E-06,6.80E-07,0,4.87E-03,1,1,0,0,0
9630,3.00E-01,0,9630,ERODED,1,1,1,1,1,1,0,0.00E+00,0.00E+00,0,0,1,0.00E+00,1,1,1,1,1
9631,1.70E-01,5,9631,Not eroded,0,0,0,0,0,0,2.59E-07,1.29E-07,-1.23E-08,2.89E-07,5.79E-08,0,5.17E-04,0,1,0,0,0
9632,9.12E-02,0,9632,Not eroded,0,0,0,0,0,0,0,0.00E+00,0.00E+00,0,0,1,0.00E+00,1,1,1,1,1
9633,1.64E-01,0,9633,Not eroded,0,0,0,0,0,0,0,0.00E+00,0.00E+00,0,0,1,0.00E+00,1,1,1,1,1
9634,1.69E-01,6,9634,Not eroded,0,0,0,0,0,0,7.31E-07,2.81E-07,6.69E-07,1.03E-06,1.72E-07,0,1.84E-03,0,0,0,0,0
9635,2.58E-01,0,9635,ERODED,1,1,1,1,1,1,0,0.00E+00,0.00E+00,0,0,1,0.00E+00,1,1,1,1,1
9637,1.60E-01,6,9637,Not eroded,0,0,0,0,0,0,1.69E-07,2.52E-07,-8.09E-09,3.04E-07,5.06E-08,0,5.44E-04,0,0,0,0,0
9638,2.25E-01,0,9638,Not eroded,0,1,1,0,0,0,0,0.00E+00,0.00E+00,0,0,1,0.00E+00,1,1,1,1,1
9639,2.14E-01,0,9639,Not eroded,0,1,0,0,0,0,0,0.00E+00,0.00E+00,0,0,1,0.00E+00,1,1,1,1,1
9640,2.07E-01,0,9640,Not eroded,0,1,0,0,0,0,0,0.00E+00,0.00E+00,0,0,1,0.00E+00,1,1,1,1,1
9641,2.80E-01,0,9641,ERODED,1,1,1,1,1,1,0,0.00E+00,0.00E+00,0,0,1,0.00E+00,1,1,1,1,1
9642,1.06E-01,0,9642,Not eroded,0,0,0,0,0,0,0,0.00E+00,0.00E+00,0,0,1,0.00E+00,1,1,1,1,1
9643,2.49E-01,4,9643,Not eroded,0,1,1,1,1,0,3.29E-07,4.50E-07,9.51E-08,5.66E-07,1.41E-07,0,1.01E-03,1,1,0,0,0
9644,2.73E-01,0,9644,Not eroded,0,1,1,1,1,1,0,0.00E+00,0.00E+00,0,0,1,0.00E+00,1,1,1,1,1
9645,2.86E-01,0,9645,Not eroded,0,1,1,1,1,1,0,0.00E+00,0.00E+00,0,0,1,0.00E+00,1,1,1,1,1
9647,9.81E-02,3,9647,Not eroded,0,0,0,0,0,0,4.67E-07,-7.80E-07,-2.00E-07,9.31E-07,3.10E-07,1,1.67E-03,1,1,0,0,0
9648,2.67E-01,5,9648,Not eroded,0,1,1,1,1,1,-6.09E-08,-1.15E-07,-1.42E-07,1.93E-07,3.86E-08,0,3.45E-04,0,1,0,0,0
9649,2.88E-01,5,9649,Not eroded,0,1,1,1,1,1,6.29E-06,8.69E-06,-2.67E-06,1.11E-05,2.21E-06,0,1.99E-02,0,1,0,0,0
9650,1.41E-01,5,9650,Not eroded,0,0,0,0,0,0,2.29E-07,2.25E-07,-7.23E-08,3.29E-07,6.58E-08,0,5.88E-04,0,1,0,0,0
9651,6.57E-02,4,9651,Not eroded,0,0,0,0,0,0,2.13E-07,2.16E-07,-1.38E-07,3.33E-07,8.32E-08,0,5.96E-04,1,1,0,0,0
9652,3.19E-01,0,9652,ERODED,1,1,1,1,1,1,0,0.00E+00,0.00E+00,0,0,1,0.00E+00,1,1,1,1,1
9653,6.58E-02,3,9653,Not eroded,0,0,0,0,0,0,-1.41E-07,2.03E-07,-5.54E-08,2.54E-07,8.45E-08,1,4.54E-04,1,1,0,0,0
9654,5.66E-02,4,9654,Not eroded,0,0,0,0,0,0,-1.84E-08,7.01E-08,-1.58E-06,1.58E-06,3.96E-07,0,2.83E-03,1,1,0,0,0
9655,3.16E-01,2,9655,Not eroded,0,1,1,1,1,1,1.09E-06,1.41E-06,-6.88E-07,1.91E-06,9.54E-07,1,3.42E-03,1,1,1,0,0
9656,1.64E-01,4,9656,Not eroded,0,0,0,0,0,0,-4.94E-08,-6.76E-08,-8.76E-08,1.21E-07,3.03E-08,0,2.16E-04,1,1,0,0,0
9657,5.66E-02,2,9657,Not eroded,0,0,0,0,0,0,3.92E-07,-5.88E-07,-1.38E-06,1.55E-06,7.75E-07,1,2.77E-03,1,1,1,0,0
9658,5.71E-02,2,9658,Not eroded,0,0,0,0,0,0,-3.29E-07,-7.81E-07,5.35E-07,1.00E-06,5.01E-07,1,1.79E-03,1,1,1,0,0
9659,1.62E-01,6,9659,Not eroded,0,0,0,0,0,0,-5.17E-08,6.02E-08,3.40E-07,3.49E-07,5.82E-08,0,6.24E-04,0,0,0,0,0
9660,2.03E-01,6,9660,Not eroded,0,1,0,0,0,0,3.16E-08,-8.71E-08,9.94E-08,1.36E-07,2.26E-08,0,2.43E-04,0,0,0,0,0
9661,1.47E-01,0,9661,Not eroded,0,0,0,0,0,0,0,0.00E+00,0.00E+00,0,0,1,0.00E+00,1,1,1,1,1
9662,8.93E-02,4,9662,Not eroded,0,0,0,0,0,0,6.36E-08,2.11E-07,-1.12E-07,2.47E-07,6.19E-08,0,4.42E-04,1,1,0,0,0
9663,2.91E-01,0,9663,Not eroded,0,1,1,1,1,1,0,0.00E+00,0.00E+00,0,0,1,0.00E+00,1,1,1,1,1
9664,2.84E-01,4,9664,Not eroded,0,1,1,1,1,1,2.78E-07,-3.32E-07,4.28E-08,4.35E-07,1.09E-07,0,7.78E-04,1,1,0,0,0
9665,5.66E-02,3,9665,Not eroded,0,0,0,0,0,0,7.57E-08,3.62E-07,-1.50E-06,1.54E-06,5.15E-07,1,2.75E-03,1,1,0,0,0
9666,1.26E-01,5,9666,Not eroded,0,0,0,0,0,0,2.13E-07,2.08E-07,4.66E-07,5.53E-07,1.11E-07,0,9.89E-04,0,1,0,0,0
9667,2.67E-01,4,9667,Not eroded,0,1,1,1,1,1,2.42E-06,-5.75E-07,-5.21E-07,2.54E-06,6.36E-07,0,4.54E-03,1,1,0,0,0
9668,1.62E-01,3,9668,Not eroded,0,0,0,0,0,0,-1.05E-07,5.08E-08,4.56E-07,4.71E-07,1.57E-07,1,8.42E-04,1,1,0,0,0
9669,3.26E-01,0,9669,ERODED,1,1,1,1,1,1,0,0.00E+00,0.00E+00,0,0,1,0.00E+00,1,1,1,1,1
9670,2.10E-01,5,9670,Not eroded,0,1,0,0,0,0,3.21E-07,4.09E-07,-6.90E-08,5.25E-07,1.05E-07,0,9.39E-04,0,1,0,0,0
9671,2.83E-01,0,9671,ERODED,1,1,1,1,1,1,0,0.00E+00,0.00E+00,0,0,1,0.00E+00,1,1,1,1,1
9672,1.38E-01,4,9672,Not eroded,0,0,0,0,0,0,-6.57E-07,-6.53E-06,2.16E-05,2.26E-05,5.64E-06,0,4.04E-02,1,1,0,0,0
9673,2.77E-01,0,9673,Not eroded,0,1,1,1,1,1,0,0.00E+00,0.00E+00,0,0,1,0.00E+00,1,1,1,1,1
9674,7.96E-02,6,9674,Not eroded,0,0,0,0,0,0,-1.94E-07,-1.79E-07,8.70E-08,2.78E-07,4.63E-08,0,4.97E-04,0,0,0,0,0
9676,2.39E-01,0,9676,Not eroded,0,1,1,1,0,0,0,0.00E+00,0.00E+00,0,0,1,0.00E+00,1,1,1,1,1
9677,1.66E-01,0,9677,Not eroded,0,0,0,0,0,0,0,0.00E+00,0.00E+00,0,0,1,0.00E+00,1,1,1,1,1
9678,1.86E-01,4,9678,Not eroded,0,0,0,0,0,0,9.12E-07,3.67E-07,-3.46E-08,9.83E-07,2.46E-07,0,1.76E-03,1,1,0,0,0
9679,5.65E-02,5,9679,Not eroded,0,0,0,0,0,0,-1.55E-06,2.55E-08,-1.43E-06,2.11E-06,4.23E-07,0,3.77E-03,0,1,0,0,0
9680,9.34E-02,0,9680,Not eroded,0,0,0,0,0,0,0,0.00E+00,0.00E+00,0,0,1,0.00E+00,1,1,1,1,1
9681,1.06E-01,0,9681,Not eroded,0,0,0,0,0,0,0,0.00E+00,0.00E+00,0,0,1,0.00E+00,1,1,1,1,1
9682,1.85E-01,3,9682,Not eroded,0,0,0,0,0,0,4.40E-07,1.76E-07,7.77E-07,9.10E-07,3.03E-07,1,1.63E-03,1,1,0,0,0
9683,2.30E-01,3,9683,Not eroded,0,1,1,0,0,0,7.45E-07,1.43E-07,1.62E-07,7.75E-07,2.58E-07,1,1.39E-03,1,1,0,0,0
9684,1.45E-01,4,9684,Not eroded,0,0,0,0,0,0,2.65E-07,1.36E-06,-3.16E-07,1.42E-06,3.56E-07,0,2.54E-03,1,1,0,0,0
9687,9.32E-02,5,9687,Not eroded,0,0,0,0,0,0,8.48E-08,-5.68E-07,-1.38E-07,5.91E-07,1.18E-07,0,1.06E-03,0,1,0,0,0
9688,2.31E-01,3,9688,Not eroded,0,1,1,1,0,0,-3.26E-06,-4.87E-06,6.28E-06,8.59E-06,2.86E-06,1,1.54E-02,1,1,0,0,0
9689,1.32E-01,4,9689,Not eroded,0,0,0,0,0,0,-2.55E-07,-2.23E-08,7.87E-08,2.67E-07,6.69E-08,0,4.78E-04,1,1,0,0,0
9690,2.08E-01,4,9690,Not eroded,0,1,0,0,0,0,1.52E-07,3.69E-07,2.06E-07,4.49E-07,1.12E-07,0,8.03E-04,1,1,0,0,0
9691,9.64E-02,4,9691,Not eroded,0,0,0,0,0,0,2.13E-06,-1.29E-06,3.78E-06,4.53E-06,1.13E-06,0,8.10E-03,1,1,0,0,0
9692,1.47E-01,2,9692,Not eroded,0,0,0,0,0,0,1.08E-07,-7.68E-07,2.78E-07,8.24E-07,4.12E-07,1,1.47E-03,1,1,1,0,0
9693,6.45E-02,6,9693,Not eroded,0,0,0,0,0,0,3.13E-08,-4.17E-07,1.25E-07,4.37E-07,7.28E-08,0,7.82E-04,0,0,0,0,0
9695,1.16E-01,4,9695,Not eroded,0,0,0,0,0,0,6.60E-07,1.05E-07,3.38E-07,7.49E-07,1.87E-07,0,1.34E-03,1,1,0,0,0
9696,2.78E-01,0,9696,Not eroded,0,1,1,1,1,1,0,0.00E+00,0.00E+00,0,0,1,0.00E+00,1,1,1,1,1
9697,2.45E-01,5,9697,Not eroded,0,1,1,1,1,0,2.41E-08,-1.07E-07,6.14E-08,1.25E-07,2.51E-08,0,2.24E-04,0,1,0,0,0
9698,2.28E-01,0,9698,Not eroded,0,1,1,0,0,0,0,0.00E+00,0.00E+00,0,0,1,0.00E+00,1,1,1,1,1
9699,2.11E-01,4,9699,Not eroded,0,1,0,0,0,0,2.61E-07,8.85E-08,2.64E-08,2.77E-07,6.92E-08,0,4.95E-04,1,1,0,0,0
9700,2.82E-01,4,9700,ERODED,1,1,1,1,1,1,-1.69E-07,2.39E-06,7.62E-07,2.51E-06,6.29E-07,0,4.49E-03,1,1,0,0,0
9701,8.50E-02,0,9701,Not eroded,0,0,0,0,0,0,0,0.00E+00,0.00E+00,0,0,1,0.00E+00,1,1,1,1,1
9702,1.40E-01,7,9702,Not eroded,0,0,0,0,0,0,3.42E-07,2.68E-07,4.01E-08,4.37E-07,6.24E-08,0,7.82E-04,0,0,0,0,0
9703,1.52E-01,6,9703,Not eroded,0,0,0,0,0,0,-9.65E-08,6.25E-07,4.74E-07,7.90E-07,1.32E-07,0,1.41E-03,0,0,0,0,0
9704,1.46E-01,0,9704,Not eroded,0,0,0,0,0,0,0,0.00E+00,0.00E+00,0,0,1,0.00E+00,1,1,1,1,1
9705,8.72E-02,3,9705,Not eroded,0,0,0,0,0,0,4.03E-07,2.36E-08,3.00E-07,5.02E-07,1.67E-07,1,8.98E-04,1,1,0,0,0
9706,1.30E-01,5,9706,Not eroded,0,0,0,0,0,0,-6.11E-08,-6.26E-07,-1.70E-08,6.29E-07,1.26E-07,0,1.13E-03,0,1,0,0,0
9707,1.16E-01,0,9707,Not eroded,0,0,0,0,0,0,0,0.00E+00,0.00E+00,0,0,1,0.00E+00,1,1,1,1,1
9708,2.22E-01,5,9708,Not eroded,0,1,1,0,0,0,1.77E-06,1.71E-06,-6.00E-07,2.53E-06,5.06E-07,0,4.53E-03,0,1,0,0,0
9709,2.38E-01,6,9709,Not eroded,0,1,1,1,0,0,-9.06E-08,7.95E-08,2.32E-07,2.61E-07,4.36E-08,0,4.67E-04,0,0,0,0,0
9710,9.07E-02,4,9710,Not eroded,0,0,0,0,0,0,-2.93E-07,-1.59E-07,1.29E-07,3.57E-07,8.93E-08,0,6.39E-04,1,1,0,0,0
9711,2.74E-01,4,9711,Not eroded,0,1,1,1,1,1,-5.16E-08,2.57E-07,1.01E-07,2.81E-07,7.02E-08,0,5.03E-04,1,1,0,0,0
9712,2.36E-01,0,9712,Not eroded,0,1,1,1,0,0,0,0.00E+00,0.00E+00,0,0,1,0.00E+00,1,1,1,1,1
9713,7.60E-02,5,9713,Not eroded,0,0,0,0,0,0,-3.39E-07,4.65E-07,4.46E-07,7.28E-07,1.46E-07,0,1.30E-03,0,1,0,0,0
9715,3.15E-01,0,9715,ERODED,1,1,1,1,1,1,0,0.00E+00,0.00E+00,0,0,1,0.00E+00,1,1,1,1,1
9716,2.20E-01,3,9716,Not eroded,0,1,0,0,0,0,6.51E-08,-6.51E-07,1.39E-07,6.69E-07,2.23E-07,1,1.20E-03,1,1,0,0,0
9717,1.59E-01,6,9717,Not eroded,0,0,0,0,0,0,1.63E-07,4.97E-08,6.41E-08,1.82E-07,3.04E-08,0,3.26E-04,0,0,0,0,0
9718,2.90E-01,4,9718,Not eroded,0,1,1,1,1,1,1.33E-07,1.28E-06,8.06E-07,1.52E-06,3.80E-07,0,2.72E-03,1,1,0,0,0
9719,1.48E-01,6,9719,Not eroded,0,0,0,0,0,0,-1.16E-06,7.76E-08,9.62E-06,9.69E-06,1.61E-06,0,1.73E-02,0,0,0,0,0
9720,5.89E-02,0,9720,Not eroded,0,0,0,0,0,0,0,0.00E+00,0.00E+00,0,0,1,0.00E+00,1,1,1,1,1
9721,2.41E-01,6,9721,Not eroded,0,1,1,1,1,0,1.29E-07,-2.39E-08,2.70E-07,3.00E-07,5.00E-08,0,5.37E-04,0,0,0,0,0
9722,5.65E-02,4,9722,Not eroded,0,0,0,0,0,0,2.09E-07,-6.54E-07,-1.42E-06,1.58E-06,3.95E-07,0,2.83E-03,1,1,0,0,0
9723,1.28E-01,5,9723,Not eroded,0,0,0,0,0,0,2.61E-07,3.06E-07,9.62E-08,4.13E-07,8.26E-08,0,7.39E-04,0,1,0,0,0
9725,2.87E-01,5,9725,Not eroded,0,1,1,1,1,1,-2.08E-05,-1.78E-05,-1.73E-05,3.24E-05,6.47E-06,0,5.80E-02,0,1,0,0,0
9726,1.18E-01,3,9726,Not eroded,0,0,0,0,0,0,-2.99E-08,2.00E-06,7.55E-06,7.81E-06,2.60E-06,1,1.40E-02,1,1,0,0,0
9728,2.87E-01,0,9728,Not eroded,0,1,1,1,1,1,0,0.00E+00,0.00E+00,0,0,1,0.00E+00,1,1,1,1,1
9729,1.29E-01,3,9729,Not eroded,0,0,0,0,0,0,6.13E-07,8.17E-08,5.70E-08,6.21E-07,2.07E-07,1,1.11E-03,1,1,0,0,0
9730,1.82E-01,5,9730,Not eroded,0,0,0,0,0,0,-2.10E-07,8.54E-08,1.53E-07,2.73E-07,5.47E-08,0,4.88E-04,0,1,0,0,0
9731,3.17E-01,0,9731,ERODED,1,1,1,1,1,1,0,0.00E+00,0.00E+00,0,0,1,0.00E+00,1,1,1,1,1
9732,1.53E-01,3,9732,Not eroded,0,0,0,0,0,0,8.70E-07,-7.07E-07,-3.01E-06,3.22E-06,1.07E-06,1,5.76E-03,1,1,0,0,0
9733,1.83E-01,4,9733,Not eroded,0,0,0,0,0,0,5.81E-07,-1.64E-07,3.56E-07,7.00E-07,1.75E-07,0,1.25E-03,1,1,0,0,0
9734,2.47E-01,3,9734,Not eroded,0,1,1,1,1,0,7.34E-07,2.18E-06,1.54E-06,2.76E-06,9.22E-07,1,4.94E-03,1,1,0,0,0
9735,5.66E-02,3,9735,Not eroded,0,0,0,0,0,0,2.08E-08,-4.68E-08,-1.31E-06,1.31E-06,4.38E-07,1,2.34E-03,1,1,0,0,0
9736,2.02E-01,6,9736,Not eroded,0,1,0,0,0,0,2.06E-07,5.04E-07,1.84E-08,5.45E-07,9.08E-08,0,9.75E-04,0,0,0,0,0
9737,2.04E-01,8,9737,Not eroded,0,1,0,0,0,0,2.22E-08,4.21E-07,1.08E-07,4.35E-07,5.44E-08,0,7.78E-04,0,0,0,0,0
9738,2.04E-01,5,9738,Not eroded,0,1,0,0,0,0,3.96E-07,4.31E-08,2.32E-09,3.98E-07,7.96E-08,0,7.12E-04,0,1,0,0,0
9739,5.99E-02,0,9739,Not eroded,0,0,0,0,0,0,0,0.00E+00,0.00E+00,0,0,1,0.00E+00,1,1,1,1,1
9740,3.17E-01,0,9740,ERODED,1,1,1,1,1,1,0,0.00E+00,0.00E+00,0,0,1,0.00E+00,1,1,1,1,1
9741,1.06E-01,0,9741,Not eroded,0,0,0,0,0,0,0,0.00E+00,0.00E+00,0,0,1,0.00E+00,1,1,1,1,1
9742,2.07E-01,0,9742,Not eroded,0,1,0,0,0,0,0,0.00E+00,0.00E+00,0,0,1,0.00E+00,1,1,1,1,1
9743,1.45E-01,0,9743,Not eroded,0,0,0,0,0,0,0,0.00E+00,0.00E+00,0,0,1,0.00E+00,1,1,1,1,1
9744,1.29E-01,3,9744,Not eroded,0,0,0,0,0,0,4.46E-08,-8.30E-08,2.92E-07,3.06E-07,1.02E-07,1,5.47E-04,1,1,0,0,0
9745,7.99E-02,0,9745,Not eroded,0,0,0,0,0,0,0,0.00E+00,0.00E+00,0,0,1,0.00E+00,1,1,1,1,1
9746,1.87E-01,4,9746,Not eroded,0,0,0,0,0,0,3.90E-07,1.19E-07,2.75E-07,4.92E-07,1.23E-07,0,8.80E-04,1,1,0,0,0
9747,1.91E-01,0,9747,Not eroded,0,1,0,0,0,0,0,0.00E+00,0.00E+00,0,0,1,0.00E+00,1,1,1,1,1
9748,1.18E-01,3,9748,Not eroded,0,0,0,0,0,0,1.19E-07,-3.57E-08,1.87E-08,1.26E-07,4.20E-08,1,2.25E-04,1,1,0,0,0
9749,2.16E-01,5,9749,Not eroded,0,1,0,0,0,0,3.69E-07,-6.11E-07,3.43E-06,3.50E-06,7.00E-07,0,6.26E-03,0,1,0,0,0
9750,2.29E-01,3,9750,Not eroded,0,1,1,0,0,0,-2.62E-08,-6.31E-07,3.32E-07,7.13E-07,2.38E-07,1,1.28E-03,1,1,0,0,0
9752,9.45E-02,3,9752,Not eroded,0,0,0,0,0,0,9.59E-08,4.20E-07,-8.78E-08,4.40E-07,1.47E-07,1,7.87E-04,1,1,0,0,0
9753,1.01E-01,5,9753,Not eroded,0,0,0,0,0,0,6.70E-07,2.97E-07,1.09E-06,1.32E-06,2.63E-07,0,2.36E-03,0,1,0,0,0
9754,1.37E-01,0,9754,Not eroded,0,0,0,0,0,0,0,0.00E+00,0.00E+00,0,0,1,0.00E+00,1,1,1,1,1
9755,1.72E-01,4,9755,Not eroded,0,0,0,0,0,0,-1.88E-07,-1.03E-07,2.99E-07,3.68E-07,9.21E-08,0,6.58E-04,1,1,0,0,0
9756,1.35E-01,2,9756,Not eroded,0,0,0,0,0,0,1.29E-06,-3.89E-07,3.13E-07,1.38E-06,6.91E-07,1,2.47E-03,1,1,1,0,0
9757,2.59E-01,3,9757,Not eroded,0,1,1,1,1,1,-5.20E-06,-6.37E-06,-6.75E-06,1.06E-05,3.55E-06,1,1.90E-02,1,1,0,0,0
9758,2.29E-01,6,9758,Not eroded,0,1,1,0,0,0,2.51E-07,2.77E-07,1.09E-07,3.89E-07,6.49E-08,0,6.96E-04,0,0,0,0,0
9759,9.42E-02,7,9759,Not eroded,0,0,0,0,0,0,-1.45E-07,-1.28E-06,1.43E-06,1.92E-06,2.74E-07,0,3.43E-03,0,0,0,0,0
9760,6.59E-02,4,9760,Not eroded,0,0,0,0,0,0,-6.90E-08,1.50E-07,-8.08E-08,1.84E-07,4.60E-08,0,3.29E-04,1,1,0,0,0
9761,9.43E-02,5,9761,Not eroded,0,0,0,0,0,0,1.31E-06,5.19E-08,-4.24E-07,1.38E-06,2.76E-07,0,2.47E-03,0,1,0,0,0
9762,1.07E-01,0,9762,Not eroded,0,0,0,0,0,0,0,0.00E+00,0.00E+00,0,0,1,0.00E+00,1,1,1,1,1
9763,2.46E-01,0,9763,Not eroded,0,1,1,1,1,0,0,0.00E+00,0.00E+00,0,0,1,0.00E+00,1,1,1,1,1
9764,1.38E-01,3,9764,Not eroded,0,0,0,0,0,0,1.22E-07,-1.75E-07,2.14E-07,3.02E-07,1.01E-07,1,5.40E-04,1,1,0,0,0
9765,1.71E-01,4,9765,Not eroded,0,0,0,0,0,0,1.82E-07,7.90E-07,5.68E-07,9.90E-07,2.47E-07,0,1.77E-03,1,1,0,0,0
9766,2.85E-01,0,9766,Not eroded,0,1,1,1,1,1,0,0.00E+00,0.00E+00,0,0,1,0.00E+00,1,1,1,1,1
9767,3.10E-01,0,9767,ERODED,1,1,1,1,1,1,0,0.00E+00,0.00E+00,0,0,1,0.00E+00,1,1,1,1,1
9768,1.31E-01,0,9768,Not eroded,0,0,0,0,0,0,0,0.00E+00,0.00E+00,0,0,1,0.00E+00,1,1,1,1,1
9769,1.92E-01,0,9769,Not eroded,0,1,0,0,0,0,0,0.00E+00,0.00E+00,0,0,1,0.00E+00,1,1,1,1,1
9770,2.89E-01,3,9770,Not eroded,0,1,1,1,1,1,6.18E-07,2.77E-07,6.34E-08,6.80E-07,2.27E-07,1,1.22E-03,1,1,0,0,0
9771,1.62E-01,4,9771,Not eroded,0,0,0,0,0,0,-4.33E-08,-8.92E-08,4.57E-07,4.67E-07,1.17E-07,0,8.35E-04,1,1,0,0,0
9772,1.68E-01,5,9772,Not eroded,0,0,0,0,0,0,-2.15E-06,-7.51E-07,6.27E-07,2.36E-06,4.72E-07,0,4.22E-03,0,1,0,0,0
9773,3.29E-01,0,9773,ERODED,1,1,1,1,1,1,0,0.00E+00,0.00E+00,0,0,1,0.00E+00,1,1,1,1,1
9774,5.78E-02,3,9774,Not eroded,0,0,0,0,0,0,1.54E-07,-7.57E-07,6.28E-08,7.75E-07,2.58E-07,1,1.39E-03,1,1,0,0,0
9775,1.94E-01,4,9775,Not eroded,0,1,0,0,0,0,1.49E-08,1.54E-07,1.22E-06,1.23E-06,3.08E-07,0,2.20E-03,1,1,0,0,0
9776,1.60E-01,4,9776,Not eroded,0,0,0,0,0,0,-5.46E-09,3.91E-09,1.27E-07,1.27E-07,3.17E-08,0,2.27E-04,1,1,0,0,0
9777,2.47E-01,0,9777,Not eroded,0,1,1,1,1,0,0,0.00E+00,0.00E+00,0,0,1,0.00E+00,1,1,1,1,1
9778,1.97E-01,3,9778,Not eroded,0,1,0,0,0,0,3.29E-07,2.56E-07,-1.93E-08,4.17E-07,1.39E-07,1,7.46E-04,1,1,0,0,0
9779,1.11E-01,7,9779,Not eroded,0,0,0,0,0,0,2.59E-07,-1.63E-07,2.32E-07,3.84E-07,5.48E-08,0,6.87E-04,0,0,0,0,0
9780,9.97E-02,3,9780,Not eroded,0,0,0,0,0,0,-3.01E-08,-5.68E-07,-4.68E-08,5.71E-07,1.90E-07,1,1.02E-03,1,1,0,0,0
9781,6.44E-02,5,9781,Not eroded,0,0,0,0,0,0,-1.22E-07,5.82E-08,4.50E-07,4.70E-07,9.39E-08,0,8.41E-04,0,1,0,0,0
9783,2.64E-01,0,9783,Not eroded,0,1,1,1,1,1,0,0.00E+00,0.00E+00,0,0,1,0.00E+00,1,1,1,1,1
9785,3.28E-01,0,9785,ERODED,1,1,1,1,1,1,0,0.00E+00,0.00E+00,0,0,1,0.00E+00,1,1,1,1,1
9787,1.18E-01,3,9787,Not eroded,0,0,0,0,0,0,6.19E-07,2.57E-07,1.21E-08,6.71E-07,2.24E-07,1,1.20E-03,1,1,0,0,0
9788,2.34E-01,0,9788,Not eroded,0,1,1,1,0,0,0,0.00E+00,0.00E+00,0,0,1,0.00E+00,1,1,1,1,1
9789,2.61E-01,0,9789,ERODED,1,1,1,1,1,1,0,0.00E+00,0.00E+00,0,0,1,0.00E+00,1,1,1,1,1
9790,2.26E-01,0,9790,Not eroded,0,1,1,0,0,0,0,0.00E+00,0.00E+00,0,0,1,0.00E+00,1,1,1,1,1
9791,2.56E-01,4,9791,Not eroded,0,1,1,1,1,1,1.97E-07,-6.42E-07,-1.43E-07,6.86E-07,1.72E-07,0,1.23E-03,1,1,0,0,0
9792,2.97E-01,0,9792,ERODED,1,1,1,1,1,1,0,0.00E+00,0.00E+00,0,0,1,0.00E+00,1,1,1,1,1
9793,9.81E-02,6,9793,Not eroded,0,0,0,0,0,0,-4.72E-08,1.07E-06,5.38E-07,1.20E-06,2.00E-07,0,2.15E-03,0,0,0,0,0
9794,2.21E-01,4,9794,Not eroded,0,1,1,0,0,0,1.25E-06,-1.11E-07,6.48E-07,1.42E-06,3.54E-07,0,2.54E-03,1,1,0,0,0
9795,1.15E-01,3,9795,Not eroded,0,0,0,0,0,0,2.65E-07,-6.37E-07,-4.11E-08,6.91E-07,2.30E-07,1,1.24E-03,1,1,0,0,0
9796,5.65E-02,4,9796,Not eroded,0,0,0,0,0,0,1.70E-07,4.20E-08,-1.38E-06,1.39E-06,3.48E-07,0,2.49E-03,1,1,0,0,0
9797,2.07E-01,4,9797,Not eroded,0,1,0,0,0,0,4.64E-07,-2.22E-07,1.51E-07,5.36E-07,1.34E-07,0,9.59E-04,1,1,0,0,0
9799,1.25E-01,5,9799,Not eroded,0,0,0,0,0,0,-5.86E-07,1.41E-06,7.05E-07,1.69E-06,3.37E-07,0,3.02E-03,0,1,0,0,0
9800,2.62E-01,0,9800,ERODED,1,1,1,1,1,1,0,0.00E+00,0.00E+00,0,0,1,0.00E+00,1,1,1,1,1
9801,2.72E-01,4,9801,Not eroded,0,1,1,1,1,1,-5.23E-08,9.40E-08,1.35E-07,1.73E-07,4.32E-08,0,3.09E-04,1,1,0,0,0
9802,1.47E-01,5,9802,Not eroded,0,0,0,0,0,0,9.28E-08,-1.22E-07,2.73E-07,3.13E-07,6.26E-08,0,5.60E-04,0,1,0,0,0
9803,1.73E-01,0,9803,Not eroded,0,0,0,0,0,0,0,0.00E+00,0.00E+00,0,0,1,0.00E+00,1,1,1,1,1
9804,1.44E-01,3,9804,Not eroded,0,0,0,0,0,0,5.47E-08,1.04E-06,4.11E-06,4.24E-06,1.41E-06,1,7.58E-03,1,1,0,0,0
9805,2.66E-01,3,9805,Not eroded,0,1,1,1,1,1,-3.13E-09,2.60E-06,-2.06E-06,3.32E-06,1.11E-06,1,5.94E-03,1,1,0,0,0
9806,1.24E-01,4,9806,Not eroded,0,0,0,0,0,0,7.83E-06,1.73E-06,4.53E-06,9.21E-06,2.30E-06,0,1.65E-02,1,1,0,0,0
9807,2.96E-01,0,9807,Not eroded,0,1,1,1,1,1,0,0.00E+00,0.00E+00,0,0,1,0.00E+00,1,1,1,1,1
9808,2.12E-01,3,9808,Not eroded,0,1,0,0,0,0,4.03E-07,1.54E-07,2.46E-07,4.97E-07,1.66E-07,1,8.89E-04,1,1,0,0,0
9809,2.31E-01,5,9809,Not eroded,0,1,1,1,0,0,-1.96E-06,-2.40E-06,7.47E-06,8.09E-06,1.62E-06,0,1.45E-02,0,1,0,0,0
9810,2.29E-01,3,9810,Not eroded,0,1,1,0,0,0,-9.96E-06,-2.58E-06,-3.04E-06,1.07E-05,3.58E-06,1,1.91E-02,1,1,0,0,0
9811,9.87E-02,0,9811,Not eroded,0,0,0,0,0,0,0,0.00E+00,0.00E+00,0,0,1,0.00E+00,1,1,1,1,1
9812,6.50E-02,4,9812,Not eroded,0,0,0,0,0,0,-1.09E-07,1.00E-07,2.51E-07,2.91E-07,7.27E-08,0,5.21E-04,1,1,0,0,0
9813,5.65E-02,3,9813,Not eroded,0,0,0,0,0,0,1.88E-07,-9.90E-08,-1.32E-06,1.34E-06,4.45E-07,1,2.40E-03,1,1,0,0,0
9814,5.72E-02,3,9814,Not eroded,0,0,0,0,0,0,-4.65E-08,2.46E-07,2.19E-07,3.32E-07,1.11E-07,1,5.94E-04,1,1,0,0,0
9815,2.25E-01,0,9815,Not eroded,0,1,1,0,0,0,0,0.00E+00,0.00E+00,0,0,1,0.00E+00,1,1,1,1,1
9816,2.92E-01,3,9816,Not eroded,0,1,1,1,1,1,4.00E-06,1.35E-06,2.70E-07,4.23E-06,1.41E-06,1,7.57E-03,1,1,0,0,0
9817,6.80E-02,0,9817,Not eroded,0,0,0,0,0,0,0,0.00E+00,0.00E+00,0,0,1,0.00E+00,1,1,1,1,1
9818,1.07E-01,3,9818,Not eroded,0,0,0,0,0,0,6.99E-07,1.27E-06,-1.47E-06,2.07E-06,6.88E-07,1,3.70E-03,1,1,0,0,0
9819,2.90E-01,0,9819,Not eroded,0,1,1,1,1,1,0,0.00E+00,0.00E+00,0,0,1,0.00E+00,1,1,1,1,1
9820,1.89E-01,3,9820,Not eroded,0,0,0,0,0,0,1.73E-07,-6.38E-07,2.29E-08,6.61E-07,2.20E-07,1,1.18E-03,1,1,0,0,0
9821,6.51E-02,4,9821,Not eroded,0,0,0,0,0,0,-2.19E-07,3.99E-07,1.65E-08,4.56E-07,1.14E-07,0,8.16E-04,1,1,0,0,0
9822,7.32E-02,0,9822,Not eroded,0,0,0,0,0,0,0,0.00E+00,0.00E+00,0,0,1,0.00E+00,1,1,1,1,1
9823,1.19E-01,3,9823,Not eroded,0,0,0,0,0,0,3.45E-07,-8.98E-09,2.00E-07,3.99E-07,1.33E-07,1,7.14E-04,1,1,0,0,0
9824,1.82E-01,3,9824,Not eroded,0,0,0,0,0,0,4.35E-07,1.53E-07,1.83E-07,4.96E-07,1.65E-07,1,8.87E-04,1,1,0,0,0
9825,7.03E-02,4,9825,Not eroded,0,0,0,0,0,0,8.85E-08,4.55E-07,-1.17E-07,4.78E-07,1.19E-07,0,8.55E-04,1,1,0,0,0
9826,1.08E-01,0,9826,Not eroded,0,0,0,0,0,0,0,0.00E+00,0.00E+00,0,0,1,0.00E+00,1,1,1,1,1
9827,2.96E-01,5,9827,Not eroded,0,1,1,1,1,1,-3.63E-07,1.20E-06,5.14E-07,1.36E-06,2.71E-07,0,2.43E-03,0,1,0,0,0
9828,9.49E-02,3,9828,Not eroded,0,0,0,0,0,0,1.59E-07,3.47E-07,1.63E-07,4.15E-07,1.38E-07,1,7.42E-04,1,1,0,0,0
9829,1.12E-01,0,9829,Not eroded,0,0,0,0,0,0,0,0.00E+00,0.00E+00,0,0,1,0.00E+00,1,1,1,1,1
9831,2.49E-01,4,9831,Not eroded,0,1,1,1,1,0,5.95E-07,1.37E-07,1.30E-07,6.24E-07,1.56E-07,0,1.12E-03,1,1,0,0,0
9832,1.86E-01,2,9832,Not eroded,0,0,0,0,0,0,2.27E-07,8.31E-07,1.70E-06,1.90E-06,9.52E-07,1,3.40E-03,1,1,1,0,0
9833,1.13E-01,5,9833,Not eroded,0,0,0,0,0,0,-1.69E-07,3.00E-08,2.88E-07,3.35E-07,6.69E-08,0,5.99E-04,0,1,0,0,0
9834,2.72E-01,0,9834,Not eroded,0,1,1,1,1,1,0,0.00E+00,0.00E+00,0,0,1,0.00E+00,1,1,1,1,1
9835,2.60E-01,0,9835,Not eroded,0,1,1,1,1,1,0,0.00E+00,0.00E+00,0,0,1,0.00E+00,1,1,1,1,1
9836,2.89E-01,4,9836,Not eroded,0,1,1,1,1,1,6.35E-06,3.01E-07,2.33E-06,6.77E-06,1.69E-06,0,1.21E-02,1,1,0,0,0
9837,2.56E-01,0,9837,Not eroded,0,1,1,1,1,1,0,0.00E+00,0.00E+00,0,0,1,0.00E+00,1,1,1,1,1
9838,1.79E-01,4,9838,Not eroded,0,0,0,0,0,0,-2.99E-07,-4.74E-08,-8.02E-09,3.03E-07,7.57E-08,0,5.42E-04,1,1,0,0,0
9839,7.84E-02,0,9839,Not eroded,0,0,0,0,0,0,0,0.00E+00,0.00E+00,0,0,1,0.00E+00,1,1,1,1,1
9840,1.53E-01,4,9840,Not eroded,0,0,0,0,0,0,-1.26E-07,2.22E-07,3.56E-07,4.38E-07,1.10E-07,0,7.83E-04,1,1,0,0,0
9841,8.58E-02,0,9841,Not eroded,0,0,0,0,0,0,0,0.00E+00,0.00E+00,0,0,1,0.00E+00,1,1,1,1,1
9842,2.12E-01,4,9842,Not eroded,0,1,0,0,0,0,4.37E-07,3.72E-08,1.84E-07,4.76E-07,1.19E-07,0,8.51E-04,1,1,0,0,0
9843,2.74E-01,5,9843,Not eroded,0,1,1,1,1,1,2.01E-06,-4.89E-07,6.25E-07,2.16E-06,4.32E-07,0,3.86E-03,0,1,0,0,0
9844,5.66E-02,4,9844,Not eroded,0,0,0,0,0,0,2.32E-07,3.49E-07,-1.40E-06,1.46E-06,3.65E-07,0,2.61E-03,1,1,0,0,0
9845,6.00E-02,0,9845,Not eroded,0,0,0,0,0,0,0,0.00E+00,0.00E+00,0,0,1,0.00E+00,1,1,1,1,1
9846,2.66E-01,4,9846,Not eroded,0,1,1,1,1,1,4.44E-05,5.64E-05,-4.92E-05,8.70E-05,2.17E-05,0,1.56E-01,1,1,0,0,0
9847,2.20E-01,5,9847,Not eroded,0,1,0,0,0,0,1.92E-08,8.19E-07,-2.23E-07,8.49E-07,1.70E-07,0,1.52E-03,0,1,0,0,0
9848,1.20E-01,4,9848,Not eroded,0,0,0,0,0,0,1.13E-07,4.24E-08,1.20E-07,1.70E-07,4.26E-08,0,3.04E-04,1,1,0,0,0
9849,1.04E-01,5,9849,Not eroded,0,0,0,0,0,0,2.02E-07,1.87E-07,-1.58E-07,3.17E-07,6.35E-08,0,5.67E-04,0,1,0,0,0
9850,5.65E-02,5,9850,Not eroded,0,0,0,0,0,0,-1.31E-07,6.42E-07,-1.46E-06,1.60E-06,3.20E-07,0,2.86E-03,0,1,0,0,0
9851,1.54E-01,0,9851,Not eroded,0,0,0,0,0,0,0,0.00E+00,0.00E+00,0,0,1,0.00E+00,1,1,1,1,1
9852,2.86E-01,0,9852,ERODED,1,1,1,1,1,1,0,0.00E+00,0.00E+00,0,0,1,0.00E+00,1,1,1,1,1
9853,2.63E-01,0,9853,ERODED,1,1,1,1,1,1,0,0.00E+00,0.00E+00,0,0,1,0.00E+00,1,1,1,1,1
9854,2.44E-01,3,9854,Not eroded,0,1,1,1,1,0,6.00E-08,2.82E-07,7.52E-08,2.98E-07,9.94E-08,1,5.33E-04,1,1,0,0,0
9855,2.53E-01,0,9855,Not eroded,0,1,1,1,1,1,0,0.00E+00,0.00E+00,0,0,1,0.00E+00,1,1,1,1,1
9856,2.44E-01,0,9856,Not eroded,0,1,1,1,1,0,0,0.00E+00,0.00E+00,0,0,1,0.00E+00,1,1,1,1,1
9857,1.57E-01,7,9857,Not eroded,0,0,0,0,0,0,-1.84E-08,-7.54E-09,-3.14E-08,3.72E-08,5.31E-09,0,6.65E-05,0,0,0,0,0
9858,6.45E-02,5,9858,Not eroded,0,0,0,0,0,0,-1.58E-07,1.09E-06,-1.01E-07,1.10E-06,2.21E-07,0,1.97E-03,0,1,0,0,0
9859,1.36E-01,4,9859,Not eroded,0,0,0,0,0,0,1.05E-08,-9.12E-07,3.56E-07,9.79E-07,2.45E-07,0,1.75E-03,1,1,0,0,0
9862,3.02E-01,3,9862,Not eroded,0,1,1,1,1,1,-2.43E-07,-3.59E-08,2.65E-07,3.61E-07,1.20E-07,1,6.46E-04,1,1,0,0,0
9863,1.25E-01,3,9863,Not eroded,0,0,0,0,0,0,-5.65E-08,4.01E-09,1.53E-07,1.63E-07,5.44E-08,1,2.92E-04,1,1,0,0,0
9864,2.79E-01,0,9864,Not eroded,0,1,1,1,1,1,0,0.00E+00,0.00E+00,0,0,1,0.00E+00,1,1,1,1,1
9865,2.98E-01,0,9865,ERODED,1,1,1,1,1,1,0,0.00E+00,0.00E+00,0,0,1,0.00E+00,1,1,1,1,1
9866,7.28E-02,4,9866,Not eroded,0,0,0,0,0,0,-9.09E-08,-9.73E-08,-1.05E-07,1.70E-07,4.25E-08,0,3.04E-04,1,1,0,0,0
9867,1.31E-01,4,9867,Not eroded,0,0,0,0,0,0,-1.05E-07,1.45E-07,-3.30E-08,1.82E-07,4.55E-08,0,3.26E-04,1,1,0,0,0
9869,1.79E-01,0,9869,Not eroded,0,0,0,0,0,0,0,0.00E+00,0.00E+00,0,0,1,0.00E+00,1,1,1,1,1
9870,1.82E-01,0,9870,Not eroded,0,0,0,0,0,0,0,0.00E+00,0.00E+00,0,0,1,0.00E+00,1,1,1,1,1
9871,1.25E-01,0,9871,Not eroded,0,0,0,0,0,0,0,0.00E+00,0.00E+00,0,0,1,0.00E+00,1,1,1,1,1
9872,2.78E-01,3,9872,Not eroded,0,1,1,1,1,1,1.43E-07,2.15E-07,1.12E-07,2.82E-07,9.39E-08,1,5.04E-04,1,1,0,0,0
9873,2.84E-01,4,9873,Not eroded,0,1,1,1,1,1,-5.22E-09,3.11E-07,1.12E-07,3.31E-07,8.27E-08,0,5.92E-04,1,1,0,0,0
9874,2.19E-01,0,9874,Not eroded,0,1,0,0,0,0,0,0.00E+00,0.00E+00,0,0,1,0.00E+00,1,1,1,1,1
9875,1.98E-01,3,9875,Not eroded,0,1,0,0,0,0,-1.47E-07,5.13E-08,2.45E-07,2.90E-07,9.66E-08,1,5.19E-04,1,1,0,0,0
9876,1.95E-01,4,9876,Not eroded,0,1,0,0,0,0,7.84E-08,1.97E-07,2.78E-07,3.49E-07,8.73E-08,0,6.24E-04,1,1,0,0,0
9878,1.32E-01,0,9878,Not eroded,0,0,0,0,0,0,0,0.00E+00,0.00E+00,0,0,1,0.00E+00,1,1,1,1,1
9879,1.86E-01,0,9879,Not eroded,0,0,0,0,0,0,0,0.00E+00,0.00E+00,0,0,1,0.00E+00,1,1,1,1,1
9880,7.96E-02,0,9880,Not eroded,0,0,0,0,0,0,0,0.00E+00,0.00E+00,0,0,1,0.00E+00,1,1,1,1,1
9881,1.31E-01,5,9881,Not eroded,0,0,0,0,0,0,-9.48E-08,8.27E-08,6.64E-09,1.26E-07,2.52E-08,0,2.25E-04,0,1,0,0,0
9882,2.69E-01,0,9882,Not eroded,0,1,1,1,1,1,0,0.00E+00,0.00E+00,0,0,1,0.00E+00,1,1,1,1,1
9883,2.72E-01,0,9883,ERODED,1,1,1,1,1,1,0,0.00E+00,0.00E+00,0,0,1,0.00E+00,1,1,1,1,1
9885,1.42E-01,4,9885,Not eroded,0,0,0,0,0,0,1.73E-07,-5.42E-09,1.04E-07,2.02E-07,5.06E-08,0,3.61E-04,1,1,0,0,0
9886,2.26E-01,6,9886,Not eroded,0,1,1,0,0,0,7.31E-08,1.49E-06,-3.17E-07,1.52E-06,2.54E-07,0,2.72E-03,0,0,0,0,0
9887,1.14E-01,6,9887,Not eroded,0,0,0,0,0,0,-3.35E-07,1.37E-07,1.07E-07,3.77E-07,6.29E-08,0,6.74E-04,0,0,0,0,0
9888,9.38E-02,6,9888,Not eroded,0,0,0,0,0,0,-5.96E-07,-5.00E-07,9.26E-07,1.21E-06,2.02E-07,0,2.16E-03,0,0,0,0,0
9889,2.86E-01,2,9889,Not eroded,0,1,1,1,1,1,4.97E-07,-3.13E-07,8.14E-07,1.00E-06,5.02E-07,1,1.79E-03,1,1,1,0,0
9890,1.65E-01,4,9890,Not eroded,0,0,0,0,0,0,1.23E-07,5.90E-08,2.51E-08,1.39E-07,3.47E-08,0,2.49E-04,1,1,0,0,0
9891,1.97E-01,0,9891,Not eroded,0,1,0,0,0,0,0,0.00E+00,0.00E+00,0,0,1,0.00E+00,1,1,1,1,1
9892,5.64E-02,5,9892,Not eroded,0,0,0,0,0,0,1.63E-07,6.81E-08,-1.31E-06,1.32E-06,2.63E-07,0,2.36E-03,0,1,0,0,0
9893,1.88E-01,4,9893,Not eroded,0,0,0,0,0,0,4.04E-07,1.33E-10,4.40E-07,5.97E-07,1.49E-07,0,1.07E-03,1,1,0,0,0
9894,1.71E-01,0,9894,Not eroded,0,0,0,0,0,0,0,0.00E+00,0.00E+00,0,0,1,0.00E+00,1,1,1,1,1
9895,2.65E-01,4,9895,Not eroded,0,1,1,1,1,1,-5.83E-07,-1.14E-07,2.90E-07,6.61E-07,1.65E-07,0,1.18E-03,1,1,0,0,0
9896,1.63E-01,4,9896,Not eroded,0,0,0,0,0,0,-3.04E-07,-3.00E-08,-1.48E-07,3.40E-07,8.49E-08,0,6.08E-04,1,1,0,0,0
9898,2.53E-01,6,9898,Not eroded,0,1,1,1,1,1,7.00E-08,5.71E-06,3.11E-06,6.50E-06,1.08E-06,0,1.16E-02,0,0,0,0,0
9899,1.38E-01,0,9899,Not eroded,0,0,0,0,0,0,0,0.00E+00,0.00E+00,0,0,1,0.00E+00,1,1,1,1,1
9900,6.49E-02,4,9900,Not eroded,0,0,0,0,0,0,6.01E-07,2.69E-07,2.62E-07,7.08E-07,1.77E-07,0,1.27E-03,1,1,0,0,0
9901,2.28E-01,3,9901,Not eroded,0,1,1,0,0,0,2.78E-08,2.44E-08,5.95E-07,5.96E-07,1.99E-07,1,1.07E-03,1,1,0,0,0
9902,2.03E-01,0,9902,Not eroded,0,1,0,0,0,0,0,0.00E+00,0.00E+00,0,0,1,0.00E+00,1,1,1,1,1
9903,1.51E-01,3,9903,Not eroded,0,0,0,0,0,0,2.81E-08,-3.37E-07,3.32E-07,4.74E-07,1.58E-07,1,8.48E-04,1,1,0,0,0
9904,1.67E-01,5,9904,Not eroded,0,0,0,0,0,0,1.43E-07,-1.01E-07,9.19E-08,1.97E-07,3.95E-08,0,3.52E-04,0,1,0,0,0
9905,1.55E-01,0,9905,Not eroded,0,0,0,0,0,0,0,0.00E+00,0.00E+00,0,0,1,0.00E+00,1,1,1,1,1
9906,2.76E-01,0,9906,Not eroded,0,1,1,1,1,1,0,0.00E+00,0.00E+00,0,0,1,0.00E+00,1,1,1,1,1
9907,1.27E-01,3,9907,Not eroded,0,0,0,0,0,0,4.54E-07,-3.20E-07,1.16E-07,5.68E-07,1.89E-07,1,1.02E-03,1,1,0,0,0
9908,6.30E-02,5,9908,Not eroded,0,0,0,0,0,0,6.38E-07,1.27E-07,2.87E-07,7.11E-07,1.42E-07,0,1.27E-03,0,1,0,0,0
9909,1.34E-01,3,9909,Not eroded,0,0,0,0,0,0,1.35E-07,4.26E-07,1.99E-07,4.89E-07,1.63E-07,1,8.75E-04,1,1,0,0,0
9910,2.00E-01,5,9910,Not eroded,0,1,0,0,0,0,9.45E-08,-6.14E-07,-9.36E-09,6.22E-07,1.24E-07,0,1.11E-03,0,1,0,0,0
9911,7.93E-02,4,9911,Not eroded,0,0,0,0,0,0,8.37E-07,1.88E-07,1.63E-06,1.85E-06,4.62E-07,0,3.31E-03,1,1,0,0,0
9912,2.38E-01,4,9912,Not eroded,0,1,1,1,0,0,2.61E-06,5.71E-06,1.82E-05,1.93E-05,4.82E-06,0,3.45E-02,1,1,0,0,0
9913,2.55E-01,3,9913,Not eroded,0,1,1,1,1,1,-3.43E-06,5.23E-06,1.56E-06,6.44E-06,2.15E-06,1,1.15E-02,1,1,0,0,0
9914,2.41E-01,3,9914,Not eroded,0,1,1,1,1,0,-2.92E-07,-1.24E-07,4.76E-07,5.72E-07,1.91E-07,1,1.02E-03,1,1,0,0,0
9915,1.63E-01,4,9915,Not eroded,0,0,0,0,0,0,5.23E-07,2.93E-07,3.31E-07,6.85E-07,1.71E-07,0,1.23E-03,1,1,0,0,0
9916,9.82E-02,5,9916,Not eroded,0,0,0,0,0,0,-3.27E-07,4.67E-08,7.23E-07,7.95E-07,1.59E-07,0,1.42E-03,0,1,0,0,0
9917,1.02E-01,0,9917,Not eroded,0,0,0,0,0,0,0,0.00E+00,0.00E+00,0,0,1,0.00E+00,1,1,1,1,1
9918,1.24E-01,3,9918,Not eroded,0,0,0,0,0,0,7.81E-08,-5.41E-07,1.72E-07,5.73E-07,1.91E-07,1,1.02E-03,1,1,0,0,0
9919,1.06E-01,3,9919,Not eroded,0,0,0,0,0,0,-7.24E-07,-7.91E-07,1.14E-06,1.57E-06,5.22E-07,1,2.81E-03,1,1,0,0,0
9920,1.35E-01,4,9920,Not eroded,0,0,0,0,0,0,1.14E-07,-5.70E-08,4.36E-07,4.54E-07,1.14E-07,0,8.12E-04,1,1,0,0,0
9921,9.11E-02,3,9921,Not eroded,0,0,0,0,0,0,-1.58E-07,-1.43E-07,1.60E-07,2.66E-07,8.88E-08,1,4.76E-04,1,1,0,0,0
9922,7.97E-02,5,9922,Not eroded,0,0,0,0,0,0,1.11E-08,-9.43E-08,1.45E-09,9.49E-08,1.90E-08,0,1.70E-04,0,1,0,0,0
9923,2.91E-01,4,9923,Not eroded,0,1,1,1,1,1,-1.53E-06,-1.24E-06,-2.39E-06,3.10E-06,7.75E-07,0,5.54E-03,1,1,0,0,0
9924,2.01E-01,4,9924,Not eroded,0,1,0,0,0,0,1.63E-07,-1.16E-07,9.37E-07,9.58E-07,2.40E-07,0,1.71E-03,1,1,0,0,0
9925,2.88E-01,3,9925,Not eroded,0,1,1,1,1,1,1.25E-07,7.42E-08,1.20E-08,1.45E-07,4.85E-08,1,2.59E-04,1,1,0,0,0
9926,2.18E-01,3,9926,Not eroded,0,1,0,0,0,0,4.15E-07,3.30E-07,8.10E-07,9.68E-07,3.23E-07,1,1.73E-03,1,1,0,0,0
9927,3.20E-01,3,9927,Not eroded,0,1,1,1,1,1,8.32E-07,1.93E-06,1.70E-06,2.70E-06,9.01E-07,1,4.83E-03,1,1,0,0,0
9928,2.94E-01,0,9928,ERODED,1,1,1,1,1,1,0,0.00E+00,0.00E+00,0,0,1,0.00E+00,1,1,1,1,1
9929,2.76E-01,5,9929,Not eroded,0,1,1,1,1,1,-2.65E-07,6.35E-07,-3.01E-07,7.51E-07,1.50E-07,0,1.34E-03,0,1,0,0,0
9930,1.18E-01,4,9930,Not eroded,0,0,0,0,0,0,1.60E-06,7.55E-07,3.52E-06,3.94E-06,9.85E-07,0,7.05E-03,1,1,0,0,0
9932,2.32E-01,3,9932,Not eroded,0,1,1,1,0,0,-7.66E-08,-6.37E-07,2.48E-07,6.88E-07,2.29E-07,1,1.23E-03,1,1,0,0,0
9934,9.88E-02,0,9934,Not eroded,0,0,0,0,0,0,0,0.00E+00,0.00E+00,0,0,1,0.00E+00,1,1,1,1,1
9935,1.07E-01,0,9935,Not eroded,0,0,0,0,0,0,0,0.00E+00,0.00E+00,0,0,1,0.00E+00,1,1,1,1,1
9936,2.12E-01,0,9936,Not eroded,0,1,0,0,0,0,0,0.00E+00,0.00E+00,0,0,1,0.00E+00,1,1,1,1,1
9937,1.01E-01,3,9937,Not eroded,0,0,0,0,0,0,1.98E-06,1.54E-06,2.62E-07,2.52E-06,8.41E-07,1,4.51E-03,1,1,0,0,0
9938,2.92E-01,0,9938,Not eroded,0,1,1,1,1,1,0,0.00E+00,0.00E+00,0,0,1,0.00E+00,1,1,1,1,1
9939,2.43E-01,0,9939,Not eroded,0,1,1,1,1,0,0,0.00E+00,0.00E+00,0,0,1,0.00E+00,1,1,1,1,1
9940,1.98E-01,0,9940,Not eroded,0,1,0,0,0,0,0,0.00E+00,0.00E+00,0,0,1,0.00E+00,1,1,1,1,1
9941,2.69E-01,0,9941,ERODED,1,1,1,1,1,1,0,0.00E+00,0.00E+00,0,0,1,0.00E+00,1,1,1,1,1
9942,1.25E-01,0,9942,Not eroded,0,0,0,0,0,0,0,0.00E+00,0.00E+00,0,0,1,0.00E+00,1,1,1,1,1
9943,2.40E-01,0,9943,Not eroded,0,1,1,1,0,0,0,0.00E+00,0.00E+00,0,0,1,0.00E+00,1,1,1,1,1
9944,1.01E-01,4,9944,Not eroded,0,0,0,0,0,0,1.58E-07,-1.05E-06,3.27E-06,3.44E-06,8.59E-07,0,6.15E-03,1,1,0,0,0
9945,2.02E-01,4,9945,Not eroded,0,1,0,0,0,0,3.16E-07,-7.71E-08,2.53E-08,3.27E-07,8.17E-08,0,5.85E-04,1,1,0,0,0
9947,2.06E-01,2,9947,Not eroded,0,1,0,0,0,0,-2.80E-07,-5.56E-07,2.33E-07,6.65E-07,3.33E-07,1,1.19E-03,1,1,1,0,0
9948,1.58E-01,6,9948,Not eroded,0,0,0,0,0,0,-6.20E-08,1.64E-07,2.90E-07,3.39E-07,5.65E-08,0,6.06E-04,0,0,0,0,0
9949,7.29E-02,6,9949,Not eroded,0,0,0,0,0,0,8.52E-08,8.63E-09,-8.30E-08,1.19E-07,1.99E-08,0,2.13E-04,0,0,0,0,0
9950,1.32E-01,3,9950,Not eroded,0,0,0,0,0,0,-1.94E-06,1.71E-06,1.27E-06,2.88E-06,9.60E-07,1,5.15E-03,1,1,0,0,0
9951,2.42E-01,5,9951,Not eroded,0,1,1,1,1,0,1.35E-07,4.60E-07,-7.85E-08,4.86E-07,9.71E-08,0,8.69E-04,0,1,0,0,0
9952,7.79E-02,0,9952,Not eroded,0,0,0,0,0,0,0,0.00E+00,0.00E+00,0,0,1,0.00E+00,1,1,1,1,1
9953,2.48E-01,0,9953,Not eroded,0,1,1,1,1,0,0,0.00E+00,0.00E+00,0,0,1,0.00E+00,1,1,1,1,1
9954,2.48E-01,3,9954,Not eroded,0,1,1,1,1,0,1.37E-06,-4.06E-08,1.45E-06,2.00E-06,6.66E-07,1,3.58E-03,1,1,0,0,0
9955,2.94E-01,0,9955,ERODED,1,1,1,1,1,1,0,0.00E+00,0.00E+00,0,0,1,0.00E+00,1,1,1,1,1
9956,2.33E-01,5,9956,Not eroded,0,1,1,1,0,0,-1.37E-07,5.58E-07,8.83E-08,5.81E-07,1.16E-07,0,1.04E-03,0,1,0,0,0
9957,3.02E-01,0,9957,ERODED,1,1,1,1,1,1,0,0.00E+00,0.00E+00,0,0,1,0.00E+00,1,1,1,1,1
9958,1.22E-01,5,9958,Not eroded,0,0,0,0,0,0,6.65E-08,-1.05E-07,-4.96E-09,1.24E-07,2.48E-08,0,2.22E-04,0,1,0,0,0
9960,5.66E-02,3,9960,Not eroded,0,0,0,0,0,0,7.08E-08,1.20E-07,-1.28E-06,1.28E-06,4.28E-07,1,2.29E-03,1,1,0,0,0
9961,3.06E-01,4,9961,Not eroded,0,1,1,1,1,1,1.45E-07,8.48E-07,4.19E-07,9.57E-07,2.39E-07,0,1.71E-03,1,1,0,0,0
9963,5.69E-02,0,9963,Not eroded,0,0,0,0,0,0,0,0.00E+00,0.00E+00,0,0,1,0.00E+00,1,1,1,1,1
9964,2.65E-01,5,9964,Not eroded,0,1,1,1,1,1,8.44E-07,7.69E-07,-4.25E-07,1.22E-06,2.44E-07,0,2.18E-03,0,1,0,0,0
9966,2.48E-01,5,9966,Not eroded,0,1,1,1,1,0,1.36E-06,9.91E-08,-2.94E-07,1.39E-06,2.79E-07,0,2.49E-03,0,1,0,0,0
9967,1.80E-01,3,9967,Not eroded,0,0,0,0,0,0,-4.56E-08,-8.10E-07,3.39E-07,8.79E-07,2.93E-07,1,1.57E-03,1,1,0,0,0
9968,9.83E-02,4,9968,Not eroded,0,0,0,0,0,0,6.82E-07,-1.05E-06,1.01E-06,1.61E-06,4.02E-07,0,2.88E-03,1,1,0,0,0
9969,2.96E-01,0,9969,ERODED,1,1,1,1,1,1,0,0.00E+00,0.00E+00,0,0,1,0.00E+00,1,1,1,1,1
9970,2.66E-01,0,9970,Not eroded,0,1,1,1,1,1,0,0.00E+00,0.00E+00,0,0,1,0.00E+00,1,1,1,1,1
9971,9.80E-02,6,9971,Not eroded,0,0,0,0,0,0,3.95E-07,-9.39E-07,2.77E-06,2.95E-06,4.92E-07,0,5.28E-03,0,0,0,0,0
9972,2.77E-01,0,9972,ERODED,1,1,1,1,1,1,0,0.00E+00,0.00E+00,0,0,1,0.00E+00,1,1,1,1,1
9973,1.06E-01,5,9973,Not eroded,0,0,0,0,0,0,6.22E-08,-2.11E-07,5.12E-07,5.58E-07,1.12E-07,0,9.98E-04,0,1,0,0,0
9974,2.19E-01,5,9974,Not eroded,0,1,0,0,0,0,8.02E-08,5.55E-08,5.37E-08,1.11E-07,2.23E-08,0,1.99E-04,0,1,0,0,0
9975,1.12E-01,0,9975,Not eroded,0,0,0,0,0,0,0,0.00E+00,0.00E+00,0,0,1,0.00E+00,1,1,1,1,1
9976,2.57E-01,4,9976,Not eroded,0,1,1,1,1,1,-3.47E-06,-9.15E-07,6.33E-06,7.28E-06,1.82E-06,0,1.30E-02,1,1,0,0,0
9978,1.39E-01,6,9978,Not eroded,0,0,0,0,0,0,4.08E-08,1.99E-07,1.62E-07,2.60E-07,4.33E-08,0,4.65E-04,0,0,0,0,0
9979,1.19E-01,6,9979,Not eroded,0,0,0,0,0,0,1.13E-07,4.15E-07,1.00E-07,4.41E-07,7.36E-08,0,7.89E-04,0,0,0,0,0
9980,2.99E-01,0,9980,ERODED,1,1,1,1,1,1,0,0.00E+00,0.00E+00,0,0,1,0.00E+00,1,1,1,1,1
9981,2.17E-01,4,9981,Not eroded,0,1,0,0,0,0,2.22E-08,3.33E-07,1.15E-06,1.20E-06,2.99E-07,0,2.15E-03,1,1,0,0,0
9982,2.80E-01,3,9982,Not eroded,0,1,1,1,1,1,1.30E-10,-1.42E-07,7.46E-08,1.60E-07,5.34E-08,1,2.86E-04,1,1,0,0,0
9983,2.41E-01,4,9983,Not eroded,0,1,1,1,1,0,-9.77E-07,-9.76E-07,1.57E-05,1.57E-05,3.94E-06,0,2.81E-02,1,1,0,0,0
9984,1.37E-01,5,9984,Not eroded,0,0,0,0,0,0,1.22E-08,-6.44E-07,-8.52E-08,6.50E-07,1.30E-07,0,1.16E-03,0,1,0,0,0
9985,2.87E-01,3,9985,Not eroded,0,1,1,1,1,1,1.06E-07,-9.38E-07,4.18E-07,1.03E-06,3.44E-07,1,1.84E-03,1,1,0,0,0
9986,1.84E-01,0,9986,Not eroded,0,0,0,0,0,0,0,0.00E+00,0.00E+00,0,0,1,0.00E+00,1,1,1,1,1
9987,1.13E-01,5,9987,Not eroded,0,0,0,0,0,0,-4.73E-07,-1.95E-07,4.87E-07,7.06E-07,1.41E-07,0,1.26E-03,0,1,0,0,0
9988,1.06E-01,4,9988,Not eroded,0,0,0,0,0,0,-6.76E-07,-4.60E-07,9.92E-07,1.29E-06,3.21E-07,0,2.31E-03,1,1,0,0,0
9989,1.72E-01,0,9989,Not eroded,0,0,0,0,0,0,0,0.00E+00,0.00E+00,0,0,1,0.00E+00,1,1,1,1,1
9990,1.53E-01,5,9990,Not eroded,0,0,0,0,0,0,7.84E-06,-8.10E-07,6.16E-07,7.90E-06,1.58E-06,0,1.41E-02,0,1,0,0,0
9991,1.50E-01,3,9991,Not eroded,0,0,0,0,0,0,2.27E-07,-5.73E-07,4.55E-07,7.66E-07,2.55E-07,1,1.37E-03,1,1,0,0,0
9992,7.12E-02,7,9992,Not eroded,0,0,0,0,0,0,-2.12E-07,-3.39E-08,2.52E-07,3.31E-07,4.73E-08,0,5.92E-04,0,0,0,0,0
9994,1.35E-01,5,9994,Not eroded,0,0,0,0,0,0,-1.57E-06,1.65E-06,1.23E-05,1.25E-05,2.50E-06,0,2.24E-02,0,1,0,0,0
9995,2.61E-01,0,9995,Not eroded,0,1,1,1,1,1,0,0.00E+00,0.00E+00,0,0,1,0.00E+00,1,1,1,1,1
9996,2.26E-01,7,9996,Not eroded,0,1,1,0,0,0,2.20E-08,9.15E-08,-1.29E-07,1.60E-07,2.28E-08,0,2.86E-04,0,0,0,0,0
9997,1.84E-01,0,9997,Not eroded,0,0,0,0,0,0,0,0.00E+00,0.00E+00,0,0,1,0.00E+00,1,1,1,1,1
9998,6.91E-02,5,9998,Not eroded,0,0,0,0,0,0,-4.51E-08,-1.07E-06,4.36E-07,1.16E-06,2.31E-07,0,2.07E-03,0,1,0,0,0
10000,5.65E-02,4,10000,Not eroded,0,0,0,0,0,0,1.51E-07,-1.06E-07,-1.36E-06,1.37E-06,3.43E-07,0,2.45E-03,1,1,0,0,0
10001,2.31E-01,3,10001,Not eroded,0,1,1,1,0,0,-3.99E-06,-3.02E-07,1.09E-06,4.14E-06,1.38E-06,1,7.41E-03,1,1,0,0,0
10002,1.75E-01,0,10002,Not eroded,0,0,0,0,0,0,0,0.00E+00,0.00E+00,0,0,1,0.00E+00,1,1,1,1,1
10003,3.17E-01,0,10003,ERODED,1,1,1,1,1,1,0,0.00E+00,0.00E+00,0,0,1,0.00E+00,1,1,1,1,1
10004,5.66E-02,4,10004,Not eroded,0,0,0,0,0,0,4.62E-07,7.31E-08,-1.44E-06,1.51E-06,3.78E-07,0,2.70E-03,1,1,0,0,0
10005,2.34E-01,5,10005,Not eroded,0,1,1,1,0,0,-2.00E-07,4.27E-07,3.25E-07,5.73E-07,1.15E-07,0,1.02E-03,0,1,0,0,0
10006,5.66E-02,3,10006,Not eroded,0,0,0,0,0,0,-2.31E-07,-1.13E-08,-1.17E-06,1.19E-06,3.98E-07,1,2.13E-03,1,1,0,0,0
10007,2.25E-01,3,10007,Not eroded,0,1,1,0,0,0,-1.25E-06,-4.37E-06,3.15E-06,5.53E-06,1.84E-06,1,9.89E-03,1,1,0,0,0
10008,1.40E-01,0,10008,Not eroded,0,0,0,0,0,0,0,0.00E+00,0.00E+00,0,0,1,0.00E+00,1,1,1,1,1
10009,5.66E-02,3,10009,Not eroded,0,0,0,0,0,0,-2.60E-07,1.30E-06,-1.58E-06,2.06E-06,6.88E-07,1,3.68E-03,1,1,0,0,0
10010,5.66E-02,2,10010,Not eroded,0,0,0,0,0,0,1.02E-07,-4.77E-07,-1.17E-06,1.26E-06,6.32E-07,1,2.25E-03,1,1,1,0,0
10011,1.88E-01,0,10011,Not eroded,0,0,0,0,0,0,0,0.00E+00,0.00E+00,0,0,1,0.00E+00,1,1,1,1,1
10012,5.67E-02,0,10012,Not eroded,0,0,0,0,0,0,0,0.00E+00,0.00E+00,0,0,1,0.00E+00,1,1,1,1,1
10013,7.03E-02,6,10013,Not eroded,0,0,0,0,0,0,8.93E-08,9.39E-08,-6.81E-08,1.46E-07,2.44E-08,0,2.61E-04,0,0,0,0,0
10014,2.99E-01,0,10014,ERODED,1,1,1,1,1,1,0,0.00E+00,0.00E+00,0,0,1,0.00E+00,1,1,1,1,1
10015,2.01E-01,4,10015,Not eroded,0,1,0,0,0,0,7.35E-08,4.41E-07,2.56E-08,4.48E-07,1.12E-07,0,8.01E-04,1,1,0,0,0
10016,1.86E-01,0,10016,Not eroded,0,0,0,0,0,0,0,0.00E+00,0.00E+00,0,0,1,0.00E+00,1,1,1,1,1
10017,2.73E-01,7,10017,Not eroded,0,1,1,1,1,1,2.31E-06,3.67E-06,-3.27E-06,5.43E-06,7.76E-07,0,9.71E-03,0,0,0,0,0
10019,2.30E-01,5,10019,Not eroded,0,1,1,0,0,0,-2.10E-06,-5.81E-07,-1.09E-06,2.44E-06,4.88E-07,0,4.36E-03,0,1,0,0,0
10020,2.03E-01,0,10020,Not eroded,0,1,0,0,0,0,0,0.00E+00,0.00E+00,0,0,1,0.00E+00,1,1,1,1,1
10021,1.25E-01,3,10021,Not eroded,0,0,0,0,0,0,1.41E-07,2.55E-07,-9.49E-08,3.07E-07,1.02E-07,1,5.49E-04,1,1,0,0,0
10022,7.96E-02,4,10022,Not eroded,0,0,0,0,0,0,-6.91E-08,-3.70E-07,-1.33E-07,3.99E-07,9.99E-08,0,7.14E-04,1,1,0,0,0
10024,1.74E-01,3,10024,Not eroded,0,0,0,0,0,0,2.09E-07,1.41E-06,6.53E-07,1.56E-06,5.21E-07,1,2.79E-03,1,1,0,0,0
10025,2.65E-01,0,10025,Not eroded,0,1,1,1,1,1,0,0.00E+00,0.00E+00,0,0,1,0.00E+00,1,1,1,1,1
10026,3.00E-01,2,10026,Not eroded,0,1,1,1,1,1,3.89E-07,-1.06E-07,3.00E-07,5.02E-07,2.51E-07,1,8.98E-04,1,1,1,0,0
10027,1.10E-01,3,10027,Not eroded,0,0,0,0,0,0,-2.03E-07,-1.64E-09,1.61E-07,2.59E-07,8.64E-08,1,4.63E-04,1,1,0,0,0
10028,5.66E-02,3,10028,Not eroded,0,0,0,0,0,0,-3.96E-08,3.40E-07,-1.10E-06,1.15E-06,3.84E-07,1,2.06E-03,1,1,0,0,0
10029,2.35E-01,0,10029,Not eroded,0,1,1,1,0,0,0,0.00E+00,0.00E+00,0,0,1,0.00E+00,1,1,1,1,1
10030,7.76E-02,5,10030,Not eroded,0,0,0,0,0,0,-1.05E-07,-9.76E-08,2.06E-07,2.51E-07,5.02E-08,0,4.49E-04,0,1,0,0,0
10031,9.12E-02,6,10031,Not eroded,0,0,0,0,0,0,1.43E-07,1.28E-07,2.19E-07,2.91E-07,4.86E-08,0,5.21E-04,0,0,0,0,0
10032,1.24E-01,6,10032,Not eroded,0,0,0,0,0,0,2.93E-06,9.23E-07,1.10E-06,3.26E-06,5.44E-07,0,5.83E-03,0,0,0,0,0
10033,8.76E-02,0,10033,Not eroded,0,0,0,0,0,0,0,0.00E+00,0.00E+00,0,0,1,0.00E+00,1,1,1,1,1
10034,1.42E-01,4,10034,Not eroded,0,0,0,0,0,0,2.31E-07,-1.16E-06,1.45E-07,1.19E-06,2.98E-07,0,2.13E-03,1,1,0,0,0
10035,2.90E-01,4,10035,Not eroded,0,1,1,1,1,1,-1.04E-06,7.45E-07,2.33E-06,2.66E-06,6.64E-07,0,4.76E-03,1,1,0,0,0
10036,6.22E-02,4,10036,Not eroded,0,0,0,0,0,0,5.59E-07,-5.08E-07,2.01E-07,7.81E-07,1.95E-07,0,1.40E-03,1,1,0,0,0
10037,2.89E-01,0,10037,ERODED,1,1,1,1,1,1,0,0.00E+00,0.00E+00,0,0,1,0.00E+00,1,1,1,1,1
10038,1.10E-01,5,10038,Not eroded,0,0,0,0,0,0,-1.59E-06,2.93E-06,4.66E-06,5.73E-06,1.15E-06,0,1.02E-02,0,1,0,0,0
10039,1.48E-01,4,10039,Not eroded,0,0,0,0,0,0,3.31E-06,2.03E-06,4.98E-06,6.32E-06,1.58E-06,0,1.13E-02,1,1,0,0,0
10040,2.18E-01,3,10040,Not eroded,0,1,0,0,0,0,1.92E-07,2.76E-07,-6.09E-09,3.36E-07,1.12E-07,1,6.01E-04,1,1,0,0,0
10041,1.24E-01,0,10041,Not eroded,0,0,0,0,0,0,0,0.00E+00,0.00E+00,0,0,1,0.00E+00,1,1,1,1,1
10042,1.84E-01,3,10042,Not eroded,0,0,0,0,0,0,2.66E-09,8.20E-08,1.77E-08,8.40E-08,2.80E-08,1,1.50E-04,1,1,0,0,0
10043,2.14E-01,0,10043,Not eroded,0,1,0,0,0,0,0,0.00E+00,0.00E+00,0,0,1,0.00E+00,1,1,1,1,1
10044,1.56E-01,4,10044,Not eroded,0,0,0,0,0,0,4.62E-07,3.02E-07,2.55E-07,6.08E-07,1.52E-07,0,1.09E-03,1,1,0,0,0
10045,1.34E-01,4,10045,Not eroded,0,0,0,0,0,0,-3.39E-08,1.51E-07,-9.72E-08,1.83E-07,4.58E-08,0,3.27E-04,1,1,0,0,0
10046,9.12E-02,5,10046,Not eroded,0,0,0,0,0,0,8.44E-08,6.51E-09,2.21E-07,2.37E-07,4.74E-08,0,4.24E-04,0,1,0,0,0
10047,5.66E-02,4,10047,Not eroded,0,0,0,0,0,0,3.98E-08,3.66E-08,-1.45E-06,1.45E-06,3.62E-07,0,2.59E-03,1,1,0,0,0
10048,2.93E-01,0,10048,Not eroded,0,1,1,1,1,1,0,0.00E+00,0.00E+00,0,0,1,0.00E+00,1,1,1,1,1
10049,5.66E-02,2,10049,Not eroded,0,0,0,0,0,0,3.43E-07,-6.42E-07,-8.99E-07,1.16E-06,5.78E-07,1,2.07E-03,1,1,1,0,0
10050,6.43E-02,4,10050,Not eroded,0,0,0,0,0,0,2.90E-07,4.29E-07,-1.85E-08,5.18E-07,1.30E-07,0,9.27E-04,1,1,0,0,0
10051,2.28E-01,6,10051,Not eroded,0,1,1,0,0,0,-1.91E-07,-4.47E-07,-1.57E-07,5.11E-07,8.51E-08,0,9.14E-04,0,0,0,0,0
10052,2.12E-01,3,10052,Not eroded,0,1,0,0,0,0,1.21E-06,3.04E-06,1.50E-06,3.60E-06,1.20E-06,1,6.44E-03,1,1,0,0,0
10053,2.82E-01,4,10053,Not eroded,0,1,1,1,1,1,-7.65E-07,3.55E-06,-1.43E-07,3.64E-06,9.09E-07,0,6.51E-03,1,1,0,0,0
10054,7.05E-02,5,10054,Not eroded,0,0,0,0,0,0,-1.90E-07,-3.79E-07,-1.39E-07,4.46E-07,8.93E-08,0,7.98E-04,0,1,0,0,0
10055,2.42E-01,4,10055,Not eroded,0,1,1,1,1,0,1.07E-05,-5.90E-07,-1.49E-06,1.08E-05,2.70E-06,0,1.93E-02,1,1,0,0,0
10056,6.92E-02,5,10056,Not eroded,0,0,0,0,0,0,-3.92E-08,3.52E-08,2.82E-07,2.87E-07,5.74E-08,0,5.13E-04,0,1,0,0,0
10059,1.20E-01,3,10059,Not eroded,0,0,0,0,0,0,4.61E-07,-8.11E-07,3.47E-07,9.95E-07,3.32E-07,1,1.78E-03,1,1,0,0,0
10060,2.59E-01,4,10060,Not eroded,0,1,1,1,1,1,1.61E-07,-8.85E-08,3.97E-07,4.37E-07,1.09E-07,0,7.82E-04,1,1,0,0,0
10062,1.86E-01,0,10062,Not eroded,0,0,0,0,0,0,0,0.00E+00,0.00E+00,0,0,1,0.00E+00,1,1,1,1,1
10063,2.33E-01,6,10063,Not eroded,0,1,1,1,0,0,-1.28E-07,-1.58E-07,2.25E-07,3.03E-07,5.05E-08,0,5.42E-04,0,0,0,0,0
10064,2.76E-01,4,10064,Not eroded,0,1,1,1,1,1,6.39E-08,1.06E-07,-3.31E-07,3.54E-07,8.84E-08,0,6.33E-04,1,1,0,0,0
10065,1.02E-01,4,10065,Not eroded,0,0,0,0,0,0,-5.19E-08,-1.46E-07,2.00E-07,2.53E-07,6.33E-08,0,4.53E-04,1,1,0,0,0
10066,2.34E-01,0,10066,Not eroded,0,1,1,1,0,0,0,0.00E+00,0.00E+00,0,0,1,0.00E+00,1,1,1,1,1
10067,1.53E-01,6,10067,Not eroded,0,0,0,0,0,0,2.76E-07,-1.05E-09,1.89E-07,3.34E-07,5.57E-08,0,5.97E-04,0,0,0,0,0
10068,1.00E-01,4,10068,Not eroded,0,0,0,0,0,0,7.32E-08,5.68E-08,1.02E-07,1.38E-07,3.45E-08,0,2.47E-04,1,1,0,0,0
10069,1.54E-01,3,10069,Not eroded,0,0,0,0,0,0,8.21E-07,-6.24E-09,1.39E-07,8.32E-07,2.77E-07,1,1.49E-03,1,1,0,0,0
10070,1.04E-01,3,10070,Not eroded,0,0,0,0,0,0,-6.12E-07,-3.50E-07,3.35E-06,3.43E-06,1.14E-06,1,6.14E-03,1,1,0,0,0
10071,1.50E-01,4,10071,Not eroded,0,0,0,0,0,0,-3.12E-08,-7.45E-07,-7.30E-08,7.49E-07,1.87E-07,0,1.34E-03,1,1,0,0,0
10073,2.05E-01,4,10073,Not eroded,0,1,0,0,0,0,6.99E-07,-6.87E-06,-2.48E-06,7.34E-06,1.83E-06,0,1.31E-02,1,1,0,0,0
10074,2.85E-01,0,10074,Not eroded,0,1,1,1,1,1,0,0.00E+00,0.00E+00,0,0,1,0.00E+00,1,1,1,1,1
10075,2.34E-01,0,10075,Not eroded,0,1,1,1,0,0,0,0.00E+00,0.00E+00,0,0,1,0.00E+00,1,1,1,1,1
10076,1.19E-01,4,10076,Not eroded,0,0,0,0,0,0,8.76E-07,5.72E-07,6.98E-07,1.26E-06,3.14E-07,0,2.25E-03,1,1,0,0,0
10077,1.72E-01,4,10077,Not eroded,0,0,0,0,0,0,2.98E-08,1.61E-07,1.31E-07,2.10E-07,5.24E-08,0,3.76E-04,1,1,0,0,0
10078,1.41E-01,0,10078,Not eroded,0,0,0,0,0,0,0,0.00E+00,0.00E+00,0,0,1,0.00E+00,1,1,1,1,1
10079,2.35E-01,5,10079,Not eroded,0,1,1,1,0,0,1.42E-06,-1.32E-06,2.16E-06,2.90E-06,5.81E-07,0,5.19E-03,0,1,0,0,0
10080,1.20E-01,4,10080,Not eroded,0,0,0,0,0,0,-4.77E-08,7.45E-08,9.00E-08,1.26E-07,3.15E-08,0,2.25E-04,1,1,0,0,0
10081,1.30E-01,4,10081,Not eroded,0,0,0,0,0,0,3.36E-06,-1.06E-06,3.76E-06,5.15E-06,1.29E-06,0,9.21E-03,1,1,0,0,0
10082,9.56E-02,3,10082,Not eroded,0,0,0,0,0,0,6.74E-07,5.14E-07,2.41E-06,2.55E-06,8.50E-07,1,4.56E-03,1,1,0,0,0
10083,3.05E-01,0,10083,ERODED,1,1,1,1,1,1,0,0.00E+00,0.00E+00,0,0,1,0.00E+00,1,1,1,1,1
10084,6.59E-02,5,10084,Not eroded,0,0,0,0,0,0,6.35E-10,1.09E-07,1.28E-07,1.68E-07,3.36E-08,0,3.01E-04,0,1,0,0,0
10085,1.21E-01,4,10085,Not eroded,0,0,0,0,0,0,-2.07E-06,1.78E-06,1.58E-06,3.15E-06,7.88E-07,0,5.63E-03,1,1,0,0,0
10086,2.51E-01,5,10086,Not eroded,0,1,1,1,1,1,-5.05E-07,-1.06E-06,2.74E-06,2.98E-06,5.96E-07,0,5.33E-03,0,1,0,0,0
10087,1.99E-01,5,10087,Not eroded,0,1,0,0,0,0,2.00E-08,9.29E-08,1.20E-07,1.53E-07,3.06E-08,0,2.74E-04,0,1,0,0,0
10088,2.14E-01,5,10088,Not eroded,0,1,0,0,0,0,4.56E-07,1.00E-06,2.22E-07,1.12E-06,2.25E-07,0,2.00E-03,0,1,0,0,0
10089,2.80E-01,5,10089,Not eroded,0,1,1,1,1,1,7.11E-08,1.30E-06,2.17E-07,1.32E-06,2.64E-07,0,2.36E-03,0,1,0,0,0
10090,2.36E-01,0,10090,Not eroded,0,1,1,1,0,0,0,0.00E+00,0.00E+00,0,0,1,0.00E+00,1,1,1,1,1
10092,1.00E-01,5,10092,Not eroded,0,0,0,0,0,0,1.79E-07,-1.49E-08,-5.39E-08,1.87E-07,3.74E-08,0,3.34E-04,0,1,0,0,0
10093,1.54E-01,0,10093,Not eroded,0,0,0,0,0,0,0,0.00E+00,0.00E+00,0,0,1,0.00E+00,1,1,1,1,1
10094,1.38E-01,0,10094,Not eroded,0,0,0,0,0,0,0,0.00E+00,0.00E+00,0,0,1,0.00E+00,1,1,1,1,1
10095,8.10E-02,5,10095,Not eroded,0,0,0,0,0,0,-1.77E-07,-5.34E-07,9.47E-07,1.10E-06,2.20E-07,0,1.97E-03,0,1,0,0,0
10096,1.74E-01,4,10096,Not eroded,0,0,0,0,0,0,5.20E-07,3.41E-07,6.60E-08,6.26E-07,1.56E-07,0,1.12E-03,1,1,0,0,0
10097,6.83E-02,4,10097,Not eroded,0,0,0,0,0,0,-4.07E-07,2.85E-07,-4.18E-07,6.50E-07,1.62E-07,0,1.16E-03,1,1,0,0,0
10098,5.66E-02,0,10098,Not eroded,0,0,0,0,0,0,0,0.00E+00,0.00E+00,0,0,1,0.00E+00,1,1,1,1,1
10099,3.28E-01,0,10099,ERODED,1,1,1,1,1,1,0,0.00E+00,0.00E+00,0,0,1,0.00E+00,1,1,1,1,1
10100,5.66E-02,4,10100,Not eroded,0,0,0,0,0,0,-2.92E-07,1.49E-07,-8.25E-07,8.88E-07,2.22E-07,0,1.59E-03,1,1,0,0,0
10101,3.06E-01,0,10101,ERODED,1,1,1,1,1,1,0,0.00E+00,0.00E+00,0,0,1,0.00E+00,1,1,1,1,1
10102,1.90E-01,3,10102,Not eroded,0,0,0,0,0,0,1.34E-08,1.73E-07,3.62E-07,4.01E-07,1.34E-07,1,7.17E-04,1,1,0,0,0
10103,1.32E-01,5,10103,Not eroded,0,0,0,0,0,0,1.66E-07,3.21E-07,8.57E-07,9.30E-07,1.86E-07,0,1.66E-03,0,1,0,0,0
10104,2.77E-01,4,10104,Not eroded,0,1,1,1,1,1,3.01E-07,1.93E-07,1.16E-07,3.76E-07,9.39E-08,0,6.73E-04,1,1,0,0,0
10105,7.45E-02,4,10105,Not eroded,0,0,0,0,0,0,1.47E-07,1.06E-06,1.44E-06,1.80E-06,4.49E-07,0,3.22E-03,1,1,0,0,0
10106,1.20E-01,3,10106,Not eroded,0,0,0,0,0,0,-2.95E-06,-4.67E-07,2.45E-06,3.86E-06,1.29E-06,1,6.90E-03,1,1,0,0,0
10107,3.24E-01,0,10107,ERODED,1,1,1,1,1,1,0,0.00E+00,0.00E+00,0,0,1,0.00E+00,1,1,1,1,1
10108,1.16E-01,6,10108,Not eroded,0,0,0,0,0,0,2.18E-07,2.60E-07,3.89E-08,3.41E-07,5.68E-08,0,6.10E-04,0,0,0,0,0
10109,1.66E-01,4,10109,Not eroded,0,0,0,0,0,0,-5.51E-07,2.43E-07,1.45E-07,6.20E-07,1.55E-07,0,1.11E-03,1,1,0,0,0
10110,2.71E-01,0,10110,Not eroded,0,1,1,1,1,1,0,0.00E+00,0.00E+00,0,0,1,0.00E+00,1,1,1,1,1
10111,1.50E-01,4,10111,Not eroded,0,0,0,0,0,0,9.61E-07,-5.82E-09,2.44E-07,9.91E-07,2.48E-07,0,1.77E-03,1,1,0,0,0
10114,1.07E-01,5,10114,Not eroded,0,0,0,0,0,0,-3.78E-08,6.61E-08,8.42E-08,1.14E-07,2.27E-08,0,2.04E-04,0,1,0,0,0
10115,1.69E-01,5,10115,Not eroded,0,0,0,0,0,0,7.61E-07,9.94E-07,1.48E-06,1.94E-06,3.88E-07,0,3.47E-03,0,1,0,0,0
10116,2.39E-01,0,10116,Not eroded,0,1,1,1,0,0,0,0.00E+00,0.00E+00,0,0,1,0.00E+00,1,1,1,1,1
10117,2.87E-01,0,10117,Not eroded,0,1,1,1,1,1,0,0.00E+00,0.00E+00,0,0,1,0.00E+00,1,1,1,1,1
10118,2.36E-01,4,10118,Not eroded,0,1,1,1,0,0,9.80E-08,-3.44E-08,1.38E-08,1.05E-07,2.62E-08,0,1.88E-04,1,1,0,0,0
10119,2.12E-01,4,10119,Not eroded,0,1,0,0,0,0,4.86E-07,3.05E-08,-5.17E-07,7.10E-07,1.78E-07,0,1.27E-03,1,1,0,0,0
10120,9.06E-02,4,10120,Not eroded,0,0,0,0,0,0,-2.26E-07,8.57E-07,3.73E-08,8.87E-07,2.22E-07,0,1.59E-03,1,1,0,0,0
10121,3.20E-01,0,10121,ERODED,1,1,1,1,1,1,0,0.00E+00,0.00E+00,0,0,1,0.00E+00,1,1,1,1,1
10122,2.31E-01,0,10122,Not eroded,0,1,1,1,0,0,0,0.00E+00,0.00E+00,0,0,1,0.00E+00,1,1,1,1,1
10124,2.50E-01,5,10124,Not eroded,0,1,1,1,1,0,2.03E-07,1.17E-06,-1.21E-06,1.69E-06,3.38E-07,0,3.02E-03,0,1,0,0,0
10125,6.63E-02,3,10125,Not eroded,0,0,0,0,0,0,-4.79E-08,3.22E-09,5.29E-08,7.14E-08,2.38E-08,1,1.28E-04,1,1,0,0,0
10126,1.66E-01,8,10126,Not eroded,0,0,0,0,0,0,-5.29E-09,2.42E-07,-5.82E-09,2.42E-07,3.02E-08,0,4.33E-04,0,0,0,0,0
10127,1.32E-01,5,10127,Not eroded,0,0,0,0,0,0,2.78E-07,5.53E-07,2.29E-07,6.60E-07,1.32E-07,0,1.18E-03,0,1,0,0,0
10128,2.41E-01,3,10128,Not eroded,0,1,1,1,1,0,2.79E-07,-3.35E-07,4.31E-07,6.13E-07,2.04E-07,1,1.10E-03,1,1,0,0,0
10129,2.32E-01,4,10129,Not eroded,0,1,1,1,0,0,1.64E-07,-2.97E-08,1.24E-07,2.08E-07,5.19E-08,0,3.72E-04,1,1,0,0,0
10130,1.18E-01,3,10130,Not eroded,0,0,0,0,0,0,-1.53E-07,-1.49E-06,1.61E-06,2.20E-06,7.33E-07,1,3.94E-03,1,1,0,0,0
10131,9.15E-02,4,10131,Not eroded,0,0,0,0,0,0,7.88E-08,1.40E-07,-2.67E-07,3.11E-07,7.79E-08,0,5.56E-04,1,1,0,0,0
10132,1.83E-01,0,10132,Not eroded,0,0,0,0,0,0,0,0.00E+00,0.00E+00,0,0,1,0.00E+00,1,1,1,1,1
10133,1.54E-01,5,10133,Not eroded,0,0,0,0,0,0,1.72E-07,4.25E-08,4.59E-07,4.92E-07,9.85E-08,0,8.80E-04,0,1,0,0,0
10135,1.63E-01,0,10135,Not eroded,0,0,0,0,0,0,0,0.00E+00,0.00E+00,0,0,1,0.00E+00,1,1,1,1,1
10136,8.20E-02,4,10136,Not eroded,0,0,0,0,0,0,-1.80E-08,-2.90E-08,-1.47E-08,3.72E-08,9.29E-09,0,6.65E-05,1,1,0,0,0
10137,2.54E-01,0,10137,Not eroded,0,1,1,1,1,1,0,0.00E+00,0.00E+00,0,0,1,0.00E+00,1,1,1,1,1
10139,3.00E-01,0,10139,Not eroded,0,1,1,1,1,1,0,0.00E+00,0.00E+00,0,0,1,0.00E+00,1,1,1,1,1
10140,5.66E-02,2,10140,Not eroded,0,0,0,0,0,0,-1.13E-07,-1.30E-07,-1.52E-06,1.53E-06,7.63E-07,1,2.74E-03,1,1,1,0,0
10141,2.15E-01,0,10141,Not eroded,0,1,0,0,0,0,0,0.00E+00,0.00E+00,0,0,1,0.00E+00,1,1,1,1,1
10142,2.79E-01,3,10142,Not eroded,0,1,1,1,1,1,-0.000296499,-1.99E-05,-4.05E-04,0.000502526,0.000167509,1,8.99E-01,1,1,0,0,0
10144,7.01E-02,0,10144,Not eroded,0,0,0,0,0,0,0,0.00E+00,0.00E+00,0,0,1,0.00E+00,1,1,1,1,1
10145,1.31E-01,5,10145,Not eroded,0,0,0,0,0,0,-3.04E-06,-3.53E-07,2.32E-07,3.07E-06,6.14E-07,0,5.49E-03,0,1,0,0,0
10146,3.11E-01,4,10146,Not eroded,0,1,1,1,1,1,1.41E-06,-6.97E-06,2.49E-06,7.54E-06,1.88E-06,0,1.35E-02,1,1,0,0,0
10147,7.36E-02,4,10147,Not eroded,0,0,0,0,0,0,-3.66E-08,2.24E-08,-3.67E-07,3.69E-07,9.23E-08,0,6.60E-04,1,1,0,0,0
10148,6.43E-02,5,10148,Not eroded,0,0,0,0,0,0,1.39E-07,1.32E-07,6.47E-08,2.02E-07,4.05E-08,0,3.61E-04,0,1,0,0,0
10149,7.15E-02,7,10149,Not eroded,0,0,0,0,0,0,-4.52E-08,7.87E-07,-4.39E-07,9.02E-07,1.29E-07,0,1.61E-03,0,0,0,0,0
10150,1.75E-01,4,10150,Not eroded,0,0,0,0,0,0,3.18E-07,-7.81E-07,2.64E-09,8.43E-07,2.11E-07,0,1.51E-03,1,1,0,0,0
10151,1.33E-01,3,10151,Not eroded,0,0,0,0,0,0,1.43E-06,-3.19E-06,4.67E-06,5.83E-06,1.94E-06,1,1.04E-02,1,1,0,0,0
10152,1.88E-01,0,10152,Not eroded,0,0,0,0,0,0,0,0.00E+00,0.00E+00,0,0,1,0.00E+00,1,1,1,1,1
10153,2.53E-01,4,10153,Not eroded,0,1,1,1,1,1,1.39E-06,1.49E-06,1.39E-07,2.04E-06,5.10E-07,0,3.65E-03,1,1,0,0,0
10154,1.30E-01,0,10154,Not eroded,0,0,0,0,0,0,0,0.00E+00,0.00E+00,0,0,1,0.00E+00,1,1,1,1,1
10155,7.46E-02,4,10155,Not eroded,0,0,0,0,0,0,8.84E-08,-2.44E-08,-2.92E-08,9.62E-08,2.41E-08,0,1.72E-04,1,1,0,0,0
10156,2.19E-01,4,10156,Not eroded,0,1,0,0,0,0,-2.16E-07,-1.32E-08,8.12E-08,2.31E-07,5.78E-08,0,4.13E-04,1,1,0,0,0
10157,2.24E-01,0,10157,Not eroded,0,1,1,0,0,0,0,0.00E+00,0.00E+00,0,0,1,0.00E+00,1,1,1,1,1
10158,1.95E-01,0,10158,Not eroded,0,1,0,0,0,0,0,0.00E+00,0.00E+00,0,0,1,0.00E+00,1,1,1,1,1
10159,1.46E-01,4,10159,Not eroded,0,0,0,0,0,0,-5.57E-07,1.44E-07,6.14E-07,8.42E-07,2.10E-07,0,1.51E-03,1,1,0,0,0
10160,1.42E-01,3,10160,Not eroded,0,0,0,0,0,0,6.97E-08,6.59E-08,-1.24E-08,9.67E-08,3.22E-08,1,1.73E-04,1,1,0,0,0
10161,1.56E-01,3,10161,Not eroded,0,0,0,0,0,0,2.62E-07,1.04E-07,-3.45E-08,2.84E-07,9.48E-08,1,5.08E-04,1,1,0,0,0
10162,1.04E-01,0,10162,Not eroded,0,0,0,0,0,0,0,0.00E+00,0.00E+00,0,0,1,0.00E+00,1,1,1,1,1
10163,1.22E-01,3,10163,Not eroded,0,0,0,0,0,0,4.48E-08,-2.12E-07,1.50E-07,2.64E-07,8.79E-08,1,4.72E-04,1,1,0,0,0
10164,2.03E-01,3,10164,Not eroded,0,1,0,0,0,0,1.34E-07,-5.99E-07,2.37E-07,6.58E-07,2.19E-07,1,1.18E-03,1,1,0,0,0
10165,2.86E-01,4,10165,Not eroded,0,1,1,1,1,1,-2.42E-06,-4.16E-07,4.98E-07,2.50E-06,6.26E-07,0,4.47E-03,1,1,0,0,0
10166,1.54E-01,2,10166,Not eroded,0,0,0,0,0,0,-4.88E-07,3.67E-07,-1.55E-07,6.30E-07,3.15E-07,1,1.13E-03,1,1,1,0,0
10167,2.03E-01,5,10167,Not eroded,0,1,0,0,0,0,-3.02E-07,1.06E-06,-4.73E-09,1.10E-06,2.20E-07,0,1.97E-03,0,1,0,0,0
10168,1.51E-01,3,10168,Not eroded,0,0,0,0,0,0,4.62E-07,-5.29E-07,1.78E-07,7.24E-07,2.41E-07,1,1.30E-03,1,1,0,0,0
10169,1.66E-01,3,10169,Not eroded,0,0,0,0,0,0,1.94E-07,6.88E-08,1.71E-07,2.68E-07,8.92E-08,1,4.79E-04,1,1,0,0,0
10170,3.11E-01,0,10170,ERODED,1,1,1,1,1,1,0,0.00E+00,0.00E+00,0,0,1,0.00E+00,1,1,1,1,1
10171,1.51E-01,0,10171,Not eroded,0,0,0,0,0,0,0,0.00E+00,0.00E+00,0,0,1,0.00E+00,1,1,1,1,1
10172,3.03E-01,4,10172,Not eroded,0,1,1,1,1,1,-1.67E-06,1.06E-06,6.51E-07,2.08E-06,5.20E-07,0,3.72E-03,1,1,0,0,0
10173,1.12E-01,4,10173,Not eroded,0,0,0,0,0,0,1.59E-07,1.00E-07,2.54E-07,3.16E-07,7.90E-08,0,5.65E-04,1,1,0,0,0
10174,2.85E-01,3,10174,Not eroded,0,1,1,1,1,1,2.15E-07,-1.08E-06,3.87E-07,1.16E-06,3.88E-07,1,2.07E-03,1,1,0,0,0
10176,2.28E-01,5,10176,Not eroded,0,1,1,0,0,0,-1.54E-06,1.91E-06,-1.19E-06,2.73E-06,5.46E-07,0,4.88E-03,0,1,0,0,0
10177,2.84E-01,5,10177,Not eroded,0,1,1,1,1,1,1.18E-05,4.30E-06,1.79E-05,2.18E-05,4.36E-06,0,3.90E-02,0,1,0,0,0
10178,2.68E-01,2,10178,Not eroded,0,1,1,1,1,1,9.94E-07,8.35E-07,-2.23E-06,2.58E-06,1.29E-06,1,4.61E-03,1,1,1,0,0
10179,2.01E-01,4,10179,Not eroded,0,1,0,0,0,0,-1.08E-07,-6.15E-07,-1.15E-09,6.24E-07,1.56E-07,0,1.12E-03,1,1,0,0,0
10180,1.43E-01,0,10180,Not eroded,0,0,0,0,0,0,0,0.00E+00,0.00E+00,0,0,1,0.00E+00,1,1,1,1,1
10181,2.82E-01,0,10181,ERODED,1,1,1,1,1,1,0,0.00E+00,0.00E+00,0,0,1,0.00E+00,1,1,1,1,1
10182,1.89E-01,0,10182,Not eroded,0,0,0,0,0,0,0,0.00E+00,0.00E+00,0,0,1,0.00E+00,1,1,1,1,1
10183,1.09E-01,3,10183,Not eroded,0,0,0,0,0,0,2.12E-07,1.26E-07,1.43E-07,2.84E-07,9.48E-08,1,5.08E-04,1,1,0,0,0
10184,2.66E-01,3,10184,Not eroded,0,1,1,1,1,1,3.21E-07,-6.18E-06,-5.65E-06,8.38E-06,2.79E-06,1,1.50E-02,1,1,0,0,0
10185,2.95E-01,3,10185,Not eroded,0,1,1,1,1,1,9.88E-07,-3.68E-07,9.11E-07,1.39E-06,4.64E-07,1,2.49E-03,1,1,0,0,0
10186,2.35E-01,0,10186,Not eroded,0,1,1,1,0,0,0,0.00E+00,0.00E+00,0,0,1,0.00E+00,1,1,1,1,1
10187,3.02E-01,4,10187,Not eroded,0,1,1,1,1,1,-5.65E-08,6.80E-08,-1.64E-07,1.87E-07,4.66E-08,0,3.34E-04,1,1,0,0,0
10188,2.23E-01,5,10188,Not eroded,0,1,1,0,0,0,1.42E-06,1.81E-06,6.10E-06,6.52E-06,1.30E-06,0,1.17E-02,0,1,0,0,0
10189,3.19E-01,0,10189,ERODED,1,1,1,1,1,1,0,0.00E+00,0.00E+00,0,0,1,0.00E+00,1,1,1,1,1
10190,2.26E-01,5,10190,Not eroded,0,1,1,0,0,0,2.75E-07,3.55E-07,-5.22E-08,4.52E-07,9.04E-08,0,8.08E-04,0,1,0,0,0
10191,1.35E-01,3,10191,Not eroded,0,0,0,0,0,0,6.66E-07,-4.16E-07,7.29E-07,1.07E-06,3.57E-07,1,1.91E-03,1,1,0,0,0
10192,1.16E-01,3,10192,Not eroded,0,0,0,0,0,0,4.87E-07,2.06E-07,1.93E-07,5.63E-07,1.88E-07,1,1.01E-03,1,1,0,0,0
10193,2.29E-01,0,10193,Not eroded,0,1,1,0,0,0,0,0.00E+00,0.00E+00,0,0,1,0.00E+00,1,1,1,1,1
10194,3.00E-01,0,10194,ERODED,1,1,1,1,1,1,0,0.00E+00,0.00E+00,0,0,1,0.00E+00,1,1,1,1,1
10195,1.82E-01,0,10195,Not eroded,0,0,0,0,0,0,0,0.00E+00,0.00E+00,0,0,1,0.00E+00,1,1,1,1,1
10196,1.47E-01,7,10196,Not eroded,0,0,0,0,0,0,1.87E-07,2.28E-07,1.44E-07,3.28E-07,4.69E-08,0,5.87E-04,0,0,0,0,0
10197,3.10E-01,0,10197,ERODED,1,1,1,1,1,1,0,0.00E+00,0.00E+00,0,0,1,0.00E+00,1,1,1,1,1
10198,2.74E-01,4,10198,Not eroded,0,1,1,1,1,1,-6.20E-07,1.43E-06,7.21E-07,1.72E-06,4.30E-07,0,3.08E-03,1,1,0,0,0
10199,3.12E-01,0,10199,ERODED,1,1,1,1,1,1,0,0.00E+00,0.00E+00,0,0,1,0.00E+00,1,1,1,1,1
10200,1.37E-01,5,10200,Not eroded,0,0,0,0,0,0,-4.66E-08,7.27E-08,8.38E-08,1.20E-07,2.41E-08,0,2.15E-04,0,1,0,0,0
10201,1.21E-01,2,10201,Not eroded,0,0,0,0,0,0,-4.32E-08,2.15E-07,1.32E-07,2.56E-07,1.28E-07,1,4.58E-04,1,1,1,0,0
10202,2.56E-01,4,10202,Not eroded,0,1,1,1,1,1,-3.00E-06,-1.04E-06,-2.08E-07,3.18E-06,7.95E-07,0,5.69E-03,1,1,0,0,0
10203,6.66E-02,0,10203,Not eroded,0,0,0,0,0,0,0,0.00E+00,0.00E+00,0,0,1,0.00E+00,1,1,1,1,1
10205,1.67E-01,4,10205,Not eroded,0,0,0,0,0,0,4.44E-07,1.97E-08,5.75E-07,7.27E-07,1.82E-07,0,1.30E-03,1,1,0,0,0
10206,2.97E-01,0,10206,ERODED,1,1,1,1,1,1,0,0.00E+00,0.00E+00,0,0,1,0.00E+00,1,1,1,1,1
10207,2.42E-01,0,10207,Not eroded,0,1,1,1,1,0,0,0.00E+00,0.00E+00,0,0,1,0.00E+00,1,1,1,1,1
10208,1.65E-01,0,10208,Not eroded,0,0,0,0,0,0,0,0.00E+00,0.00E+00,0,0,1,0.00E+00,1,1,1,1,1
10209,5.66E-02,3,10209,Not eroded,0,0,0,0,0,0,1.83E-07,9.60E-08,9.57E-08,2.28E-07,7.60E-08,1,4.08E-04,1,1,0,0,0
10210,2.38E-01,4,10210,Not eroded,0,1,1,1,0,0,-3.69E-08,-4.89E-07,-1.22E-08,4.91E-07,1.23E-07,0,8.78E-04,1,1,0,0,0
10212,2.01E-01,4,10212,Not eroded,0,1,0,0,0,0,-2.16E-07,2.24E-08,1.86E-08,2.18E-07,5.46E-08,0,3.90E-04,1,1,0,0,0
10214,6.86E-02,5,10214,Not eroded,0,0,0,0,0,0,-7.66E-07,1.31E-07,1.05E-06,1.30E-06,2.60E-07,0,2.33E-03,0,1,0,0,0
10215,1.85E-01,4,10215,Not eroded,0,0,0,0,0,0,3.58E-07,-8.48E-07,2.02E-07,9.42E-07,2.36E-07,0,1.68E-03,1,1,0,0,0
10216,2.45E-01,4,10216,Not eroded,0,1,1,1,1,0,-1.10E-06,6.06E-07,-6.51E-07,1.41E-06,3.53E-07,0,2.52E-03,1,1,0,0,0
10217,1.27E-01,7,10217,Not eroded,0,0,0,0,0,0,4.58E-07,-9.12E-09,4.79E-07,6.62E-07,9.46E-08,0,1.18E-03,0,0,0,0,0
10218,6.52E-02,5,10218,Not eroded,0,0,0,0,0,0,7.58E-08,-5.22E-08,2.08E-08,9.43E-08,1.89E-08,0,1.69E-04,0,1,0,0,0
10219,1.33E-01,5,10219,Not eroded,0,0,0,0,0,0,-1.29E-06,6.04E-07,1.10E-06,1.80E-06,3.60E-07,0,3.22E-03,0,1,0,0,0
10220,1.79E-01,0,10220,Not eroded,0,0,0,0,0,0,0,0.00E+00,0.00E+00,0,0,1,0.00E+00,1,1,1,1,1
10221,1.79E-01,0,10221,Not eroded,0,0,0,0,0,0,0,0.00E+00,0.00E+00,0,0,1,0.00E+00,1,1,1,1,1
10222,9.57E-02,6,10222,Not eroded,0,0,0,0,0,0,1.49E-08,-5.66E-08,4.96E-08,7.68E-08,1.28E-08,0,1.37E-04,0,0,0,0,0
10223,6.28E-02,5,10223,Not eroded,0,0,0,0,0,0,1.64E-07,1.36E-07,-3.14E-08,2.16E-07,4.31E-08,0,3.86E-04,0,1,0,0,0
10224,1.44E-01,0,10224,Not eroded,0,0,0,0,0,0,0,0.00E+00,0.00E+00,0,0,1,0.00E+00,1,1,1,1,1
10225,1.65E-01,0,10225,Not eroded,0,0,0,0,0,0,0,0.00E+00,0.00E+00,0,0,1,0.00E+00,1,1,1,1,1
10226,1.28E-01,6,10226,Not eroded,0,0,0,0,0,0,-6.62E-07,-1.06E-07,1.90E-07,6.97E-07,1.16E-07,0,1.25E-03,0,0,0,0,0
10227,6.34E-02,6,10227,Not eroded,0,0,0,0,0,0,4.49E-07,1.91E-08,4.08E-08,4.52E-07,7.53E-08,0,8.08E-04,0,0,0,0,0
10228,2.51E-01,6,10228,Not eroded,0,1,1,1,1,1,1.84E-07,1.47E-07,2.61E-07,3.52E-07,5.86E-08,0,6.30E-04,0,0,0,0,0
10229,7.75E-02,4,10229,Not eroded,0,0,0,0,0,0,9.56E-08,-1.09E-07,9.34E-07,9.45E-07,2.36E-07,0,1.69E-03,1,1,0,0,0
10230,2.19E-01,3,10230,Not eroded,0,1,0,0,0,0,9.88E-08,-8.28E-08,2.46E-08,1.31E-07,4.37E-08,1,2.34E-04,1,1,0,0,0
10231,1.22E-01,3,10231,Not eroded,0,0,0,0,0,0,-3.20E-08,-1.03E-06,1.42E-06,1.75E-06,5.84E-07,1,3.13E-03,1,1,0,0,0
10232,6.40E-02,3,10232,Not eroded,0,0,0,0,0,0,-3.58E-07,-4.78E-08,-8.05E-08,3.70E-07,1.23E-07,1,6.62E-04,1,1,0,0,0
10233,1.69E-01,4,10233,Not eroded,0,0,0,0,0,0,2.93E-08,-1.20E-07,6.06E-08,1.37E-07,3.43E-08,0,2.45E-04,1,1,0,0,0
10234,2.40E-01,3,10234,Not eroded,0,1,1,1,0,0,6.98E-06,5.46E-06,-6.04E-06,1.07E-05,3.57E-06,1,1.91E-02,1,1,0,0,0
10235,1.93E-01,4,10235,Not eroded,0,1,0,0,0,0,2.24E-08,-1.88E-07,4.20E-07,4.61E-07,1.15E-07,0,8.25E-04,1,1,0,0,0
10236,2.32E-01,5,10236,Not eroded,0,1,1,1,0,0,2.28E-07,3.00E-07,-9.46E-08,3.88E-07,7.77E-08,0,6.94E-04,0,1,0,0,0
10237,1.76E-01,3,10237,Not eroded,0,0,0,0,0,0,-2.17E-07,1.92E-06,2.53E-08,1.93E-06,6.43E-07,1,3.45E-03,1,1,0,0,0
10238,2.68E-01,0,10238,ERODED,1,1,1,1,1,1,0,0.00E+00,0.00E+00,0,0,1,0.00E+00,1,1,1,1,1
10239,2.02E-01,0,10239,Not eroded,0,1,0,0,0,0,0,0.00E+00,0.00E+00,0,0,1,0.00E+00,1,1,1,1,1
10241,2.78E-01,0,10241,Not eroded,0,1,1,1,1,1,0,0.00E+00,0.00E+00,0,0,1,0.00E+00,1,1,1,1,1
10242,2.31E-01,5,10242,Not eroded,0,1,1,1,0,0,4.20E-07,1.19E-07,4.24E-08,4.39E-07,8.78E-08,0,7.85E-04,0,1,0,0,0
10243,2.50E-01,0,10243,Not eroded,0,1,1,1,1,0,0,0.00E+00,0.00E+00,0,0,1,0.00E+00,1,1,1,1,1
10244,1.24E-01,5,10244,Not eroded,0,0,0,0,0,0,-1.06E-07,4.10E-07,1.29E-08,4.24E-07,8.47E-08,0,7.58E-04,0,1,0,0,0
10246,2.38E-01,4,10246,Not eroded,0,1,1,1,0,0,5.01E-07,7.68E-07,-3.82E-08,9.18E-07,2.29E-07,0,1.64E-03,1,1,0,0,0
10247,2.23E-01,0,10247,Not eroded,0,1,1,0,0,0,0,0.00E+00,0.00E+00,0,0,1,0.00E+00,1,1,1,1,1
10248,2.36E-01,3,10248,Not eroded,0,1,1,1,0,0,7.52E-08,6.82E-07,-5.82E-08,6.89E-07,2.30E-07,1,1.23E-03,1,1,0,0,0
10249,1.59E-01,5,10249,Not eroded,0,0,0,0,0,0,7.73E-07,-1.39E-07,8.93E-07,1.19E-06,2.38E-07,0,2.13E-03,0,1,0,0,0
10250,7.29E-02,4,10250,Not eroded,0,0,0,0,0,0,3.22E-07,1.37E-07,4.41E-08,3.52E-07,8.81E-08,0,6.30E-04,1,1,0,0,0
10251,2.12E-01,5,10251,Not eroded,0,1,0,0,0,0,3.79E-08,-7.29E-08,-4.99E-09,8.23E-08,1.65E-08,0,1.47E-04,0,1,0,0,0
10252,1.10E-01,4,10252,Not eroded,0,0,0,0,0,0,-3.35E-07,-1.13E-08,3.21E-07,4.64E-07,1.16E-07,0,8.30E-04,1,1,0,0,0
10253,1.84E-01,6,10253,Not eroded,0,0,0,0,0,0,6.35E-08,-7.32E-08,-1.42E-08,9.79E-08,1.63E-08,0,1.75E-04,0,0,0,0,0
10254,9.58E-02,0,10254,Not eroded,0,0,0,0,0,0,0,0.00E+00,0.00E+00,0,0,1,0.00E+00,1,1,1,1,1
10255,3.26E-01,0,10255,ERODED,1,1,1,1,1,1,0,0.00E+00,0.00E+00,0,0,1,0.00E+00,1,1,1,1,1
10256,1.11E-01,3,10256,Not eroded,0,0,0,0,0,0,-3.03E-06,-1.06E-06,-1.95E-06,3.75E-06,1.25E-06,1,6.71E-03,1,1,0,0,0
10257,2.39E-01,5,10257,Not eroded,0,1,1,1,0,0,9.86E-06,6.95E-06,-1.31E-05,1.78E-05,3.56E-06,0,3.18E-02,0,1,0,0,0
10258,8.21E-02,4,10258,Not eroded,0,0,0,0,0,0,-3.03E-07,1.44E-07,3.89E-07,5.13E-07,1.28E-07,0,9.18E-04,1,1,0,0,0
10259,1.88E-01,6,10259,Not eroded,0,0,0,0,0,0,2.29E-06,2.02E-06,3.16E-06,4.40E-06,7.33E-07,0,7.87E-03,0,0,0,0,0
10260,2.91E-01,4,10260,Not eroded,0,1,1,1,1,1,-2.10E-06,-7.18E-07,1.43E-06,2.64E-06,6.61E-07,0,4.72E-03,1,1,0,0,0
10261,1.47E-01,0,10261,Not eroded,0,0,0,0,0,0,0,0.00E+00,0.00E+00,0,0,1,0.00E+00,1,1,1,1,1
10262,2.34E-01,3,10262,Not eroded,0,1,1,1,0,0,5.93E-08,-6.19E-07,9.23E-08,6.29E-07,2.10E-07,1,1.13E-03,1,1,0,0,0
10263,2.45E-01,4,10263,Not eroded,0,1,1,1,1,0,-3.52E-08,5.44E-10,4.65E-07,4.66E-07,1.16E-07,0,8.34E-04,1,1,0,0,0
10264,3.08E-01,0,10264,ERODED,1,1,1,1,1,1,0,0.00E+00,0.00E+00,0,0,1,0.00E+00,1,1,1,1,1
10265,2.32E-01,4,10265,Not eroded,0,1,1,1,0,0,3.41E-07,-2.68E-07,-4.41E-08,4.36E-07,1.09E-07,0,7.80E-04,1,1,0,0,0
10266,8.43E-02,3,10266,Not eroded,0,0,0,0,0,0,-1.62E-07,2.14E-07,-2.18E-07,3.46E-07,1.15E-07,1,6.19E-04,1,1,0,0,0
10267,1.95E-01,4,10267,Not eroded,0,1,0,0,0,0,6.72E-07,1.44E-07,-3.49E-08,6.88E-07,1.72E-07,0,1.23E-03,1,1,0,0,0
10268,2.66E-01,5,10268,Not eroded,0,1,1,1,1,1,1.10E-07,2.35E-06,4.12E-07,2.39E-06,4.77E-07,0,4.28E-03,0,1,0,0,0
10269,5.66E-02,4,10269,Not eroded,0,0,0,0,0,0,1.05E-08,2.26E-07,-1.14E-06,1.16E-06,2.90E-07,0,2.07E-03,1,1,0,0,0
10270,2.36E-01,3,10270,Not eroded,0,1,1,1,0,0,-3.73E-07,-1.47E-08,1.71E-07,4.11E-07,1.37E-07,1,7.35E-04,1,1,0,0,0
10271,6.37E-02,5,10271,Not eroded,0,0,0,0,0,0,-2.33E-07,-5.21E-08,-4.01E-07,4.66E-07,9.33E-08,0,8.34E-04,0,1,0,0,0
